object_kind	run_key	object_id	object_start_time	object_end_time	intersection_status	authority_status	overlap_start	overlap_end	overlap_seconds	fraction_of_object_lifetime	fraction_of_episode_lifetime
COMPRESSION	RG3_DE40_PERIOD_M5_1768176000_1768780800_8137587626228657912	1	1767990300	1768186800	NOT_EVALUABLE	AUCTION_INTERVAL_AUTHORITY_NOT_CO_COLLECTED_IN_RG3	\N	\N	\N	\N	\N
COMPRESSION	RG3_DE40_PERIOD_M5_1768176000_1768780800_8137587626228657912	2	1768189200	1768216800	NOT_EVALUABLE	AUCTION_INTERVAL_AUTHORITY_NOT_CO_COLLECTED_IN_RG3	\N	\N	\N	\N	\N
COMPRESSION	RG3_DE40_PERIOD_M5_1768176000_1768780800_8137587626228657912	3	1768244100	1768267200	NOT_EVALUABLE	AUCTION_INTERVAL_AUTHORITY_NOT_CO_COLLECTED_IN_RG3	\N	\N	\N	\N	\N
COMPRESSION	RG3_DE40_PERIOD_M5_1768176000_1768780800_8137587626228657912	4	1768272600	1768302000	NOT_EVALUABLE	AUCTION_INTERVAL_AUTHORITY_NOT_CO_COLLECTED_IN_RG3	\N	\N	\N	\N	\N
COMPRESSION	RG3_DE40_PERIOD_M5_1768176000_1768780800_8137587626228657912	5	1768360800	1768368900	NOT_EVALUABLE	AUCTION_INTERVAL_AUTHORITY_NOT_CO_COLLECTED_IN_RG3	\N	\N	\N	\N	\N
COMPRESSION	RG3_DE40_PERIOD_M5_1768176000_1768780800_8137587626228657912	6	1768448100	1768456500	NOT_EVALUABLE	AUCTION_INTERVAL_AUTHORITY_NOT_CO_COLLECTED_IN_RG3	\N	\N	\N	\N	\N
COMPRESSION	RG3_DE40_PERIOD_M5_1768176000_1768780800_8137587626228657912	7	1768504200	1768514100	NOT_EVALUABLE	AUCTION_INTERVAL_AUTHORITY_NOT_CO_COLLECTED_IN_RG3	\N	\N	\N	\N	\N
COMPRESSION	RG3_DE40_PERIOD_M5_1768176000_1768780800_8137587626228657912	8	1768515900	1768535100	NOT_EVALUABLE	AUCTION_INTERVAL_AUTHORITY_NOT_CO_COLLECTED_IN_RG3	\N	\N	\N	\N	\N
EXPANSION	RG3_DE40_PERIOD_M5_1768176000_1768780800_8137587626228657912	1	1768186800	1768194900	NOT_EVALUABLE	AUCTION_INTERVAL_AUTHORITY_NOT_CO_COLLECTED_IN_RG3	\N	\N	\N	\N	\N
EXPANSION	RG3_DE40_PERIOD_M5_1768176000_1768780800_8137587626228657912	2	1768216800	1768249800	NOT_EVALUABLE	AUCTION_INTERVAL_AUTHORITY_NOT_CO_COLLECTED_IN_RG3	\N	\N	\N	\N	\N
EXPANSION	RG3_DE40_PERIOD_M5_1768176000_1768780800_8137587626228657912	3	1768267200	1768278300	NOT_EVALUABLE	AUCTION_INTERVAL_AUTHORITY_NOT_CO_COLLECTED_IN_RG3	\N	\N	\N	\N	\N
EXPANSION	RG3_DE40_PERIOD_M5_1768176000_1768780800_8137587626228657912	4	1768302000	1768366500	NOT_EVALUABLE	AUCTION_INTERVAL_AUTHORITY_NOT_CO_COLLECTED_IN_RG3	\N	\N	\N	\N	\N
EXPANSION	RG3_DE40_PERIOD_M5_1768176000_1768780800_8137587626228657912	5	1768368900	1768453800	NOT_EVALUABLE	AUCTION_INTERVAL_AUTHORITY_NOT_CO_COLLECTED_IN_RG3	\N	\N	\N	\N	\N
EXPANSION	RG3_DE40_PERIOD_M5_1768176000_1768780800_8137587626228657912	6	1768456500	1768509900	NOT_EVALUABLE	AUCTION_INTERVAL_AUTHORITY_NOT_CO_COLLECTED_IN_RG3	\N	\N	\N	\N	\N
EXPANSION	RG3_DE40_PERIOD_M5_1768176000_1768780800_8137587626228657912	7	1768514100	1768528800	NOT_EVALUABLE	AUCTION_INTERVAL_AUTHORITY_NOT_CO_COLLECTED_IN_RG3	\N	\N	\N	\N	\N
EXPANSION	RG3_DE40_PERIOD_M5_1768176000_1768780800_8137587626228657912	8	1768535100	1768780800	NOT_EVALUABLE	AUCTION_INTERVAL_AUTHORITY_NOT_CO_COLLECTED_IN_RG3	\N	\N	\N	\N	\N
COMPRESSION	RG3_DE40_PERIOD_M5_1771200000_1771804800_7817652877554072043	1	1771204500	1771224000	NOT_EVALUABLE	AUCTION_INTERVAL_AUTHORITY_NOT_CO_COLLECTED_IN_RG3	\N	\N	\N	\N	\N
COMPRESSION	RG3_DE40_PERIOD_M5_1771200000_1771804800_7817652877554072043	2	1771267200	1771292100	NOT_EVALUABLE	AUCTION_INTERVAL_AUTHORITY_NOT_CO_COLLECTED_IN_RG3	\N	\N	\N	\N	\N
COMPRESSION	RG3_DE40_PERIOD_M5_1771200000_1771804800_7817652877554072043	3	1771300200	1771308000	NOT_EVALUABLE	AUCTION_INTERVAL_AUTHORITY_NOT_CO_COLLECTED_IN_RG3	\N	\N	\N	\N	\N
COMPRESSION	RG3_DE40_PERIOD_M5_1771200000_1771804800_7817652877554072043	4	1771308600	1771323600	NOT_EVALUABLE	AUCTION_INTERVAL_AUTHORITY_NOT_CO_COLLECTED_IN_RG3	\N	\N	\N	\N	\N
COMPRESSION	RG3_DE40_PERIOD_M5_1771200000_1771804800_7817652877554072043	5	1771360500	1771380000	NOT_EVALUABLE	AUCTION_INTERVAL_AUTHORITY_NOT_CO_COLLECTED_IN_RG3	\N	\N	\N	\N	\N
COMPRESSION	RG3_DE40_PERIOD_M5_1771200000_1771804800_7817652877554072043	6	1771386000	1771396500	NOT_EVALUABLE	AUCTION_INTERVAL_AUTHORITY_NOT_CO_COLLECTED_IN_RG3	\N	\N	\N	\N	\N
COMPRESSION	RG3_DE40_PERIOD_M5_1771200000_1771804800_7817652877554072043	7	1771397100	1771410600	NOT_EVALUABLE	AUCTION_INTERVAL_AUTHORITY_NOT_CO_COLLECTED_IN_RG3	\N	\N	\N	\N	\N
COMPRESSION	RG3_DE40_PERIOD_M5_1771200000_1771804800_7817652877554072043	8	1771454700	1771471800	NOT_EVALUABLE	AUCTION_INTERVAL_AUTHORITY_NOT_CO_COLLECTED_IN_RG3	\N	\N	\N	\N	\N
COMPRESSION	RG3_DE40_PERIOD_M5_1771200000_1771804800_7817652877554072043	9	1771472400	1771485900	NOT_EVALUABLE	AUCTION_INTERVAL_AUTHORITY_NOT_CO_COLLECTED_IN_RG3	\N	\N	\N	\N	\N
COMPRESSION	RG3_DE40_PERIOD_M5_1771200000_1771804800_7817652877554072043	10	1771487400	1771498800	NOT_EVALUABLE	AUCTION_INTERVAL_AUTHORITY_NOT_CO_COLLECTED_IN_RG3	\N	\N	\N	\N	\N
COMPRESSION	RG3_DE40_PERIOD_M5_1771200000_1771804800_7817652877554072043	11	1771532400	1771549200	NOT_EVALUABLE	AUCTION_INTERVAL_AUTHORITY_NOT_CO_COLLECTED_IN_RG3	\N	\N	\N	\N	\N
COMPRESSION	RG3_DE40_PERIOD_M5_1771200000_1771804800_7817652877554072043	12	1771554300	1771575300	NOT_EVALUABLE	AUCTION_INTERVAL_AUTHORITY_NOT_CO_COLLECTED_IN_RG3	\N	\N	\N	\N	\N
EXPANSION	RG3_DE40_PERIOD_M5_1771200000_1771804800_7817652877554072043	1	1771224000	1771272900	NOT_EVALUABLE	AUCTION_INTERVAL_AUTHORITY_NOT_CO_COLLECTED_IN_RG3	\N	\N	\N	\N	\N
EXPANSION	RG3_DE40_PERIOD_M5_1771200000_1771804800_7817652877554072043	2	1771292100	1771305900	NOT_EVALUABLE	AUCTION_INTERVAL_AUTHORITY_NOT_CO_COLLECTED_IN_RG3	\N	\N	\N	\N	\N
EXPANSION	RG3_DE40_PERIOD_M5_1771200000_1771804800_7817652877554072043	3	1771308000	1771314300	NOT_EVALUABLE	AUCTION_INTERVAL_AUTHORITY_NOT_CO_COLLECTED_IN_RG3	\N	\N	\N	\N	\N
EXPANSION	RG3_DE40_PERIOD_M5_1771200000_1771804800_7817652877554072043	4	1771323600	1771366200	NOT_EVALUABLE	AUCTION_INTERVAL_AUTHORITY_NOT_CO_COLLECTED_IN_RG3	\N	\N	\N	\N	\N
EXPANSION	RG3_DE40_PERIOD_M5_1771200000_1771804800_7817652877554072043	5	1771380000	1771391700	NOT_EVALUABLE	AUCTION_INTERVAL_AUTHORITY_NOT_CO_COLLECTED_IN_RG3	\N	\N	\N	\N	\N
EXPANSION	RG3_DE40_PERIOD_M5_1771200000_1771804800_7817652877554072043	6	1771396500	1771402800	NOT_EVALUABLE	AUCTION_INTERVAL_AUTHORITY_NOT_CO_COLLECTED_IN_RG3	\N	\N	\N	\N	\N
EXPANSION	RG3_DE40_PERIOD_M5_1771200000_1771804800_7817652877554072043	7	1771410600	1771467600	NOT_EVALUABLE	AUCTION_INTERVAL_AUTHORITY_NOT_CO_COLLECTED_IN_RG3	\N	\N	\N	\N	\N
EXPANSION	RG3_DE40_PERIOD_M5_1771200000_1771804800_7817652877554072043	8	1771471800	1771478100	NOT_EVALUABLE	AUCTION_INTERVAL_AUTHORITY_NOT_CO_COLLECTED_IN_RG3	\N	\N	\N	\N	\N
EXPANSION	RG3_DE40_PERIOD_M5_1771200000_1771804800_7817652877554072043	9	1771485900	1771493100	NOT_EVALUABLE	AUCTION_INTERVAL_AUTHORITY_NOT_CO_COLLECTED_IN_RG3	\N	\N	\N	\N	\N
EXPANSION	RG3_DE40_PERIOD_M5_1771200000_1771804800_7817652877554072043	10	1771498800	1771538100	NOT_EVALUABLE	AUCTION_INTERVAL_AUTHORITY_NOT_CO_COLLECTED_IN_RG3	\N	\N	\N	\N	\N
EXPANSION	RG3_DE40_PERIOD_M5_1771200000_1771804800_7817652877554072043	11	1771549200	1771560000	NOT_EVALUABLE	AUCTION_INTERVAL_AUTHORITY_NOT_CO_COLLECTED_IN_RG3	\N	\N	\N	\N	\N
EXPANSION	RG3_DE40_PERIOD_M5_1771200000_1771804800_7817652877554072043	12	1771575300	1771804800	NOT_EVALUABLE	AUCTION_INTERVAL_AUTHORITY_NOT_CO_COLLECTED_IN_RG3	\N	\N	\N	\N	\N
COMPRESSION	RG3_DE40_PERIOD_M5_1774224000_1774828800_16769896615923389005	1	1774242600	1774256100	NOT_EVALUABLE	AUCTION_INTERVAL_AUTHORITY_NOT_CO_COLLECTED_IN_RG3	\N	\N	\N	\N	\N
COMPRESSION	RG3_DE40_PERIOD_M5_1774224000_1774828800_16769896615923389005	2	1774302000	1774314900	NOT_EVALUABLE	AUCTION_INTERVAL_AUTHORITY_NOT_CO_COLLECTED_IN_RG3	\N	\N	\N	\N	\N
COMPRESSION	RG3_DE40_PERIOD_M5_1774224000_1774828800_16769896615923389005	3	1774323600	1774341900	NOT_EVALUABLE	AUCTION_INTERVAL_AUTHORITY_NOT_CO_COLLECTED_IN_RG3	\N	\N	\N	\N	\N
COMPRESSION	RG3_DE40_PERIOD_M5_1774224000_1774828800_16769896615923389005	4	1774392000	1774407300	NOT_EVALUABLE	AUCTION_INTERVAL_AUTHORITY_NOT_CO_COLLECTED_IN_RG3	\N	\N	\N	\N	\N
COMPRESSION	RG3_DE40_PERIOD_M5_1774224000_1774828800_16769896615923389005	5	1774411500	1774421100	NOT_EVALUABLE	AUCTION_INTERVAL_AUTHORITY_NOT_CO_COLLECTED_IN_RG3	\N	\N	\N	\N	\N
COMPRESSION	RG3_DE40_PERIOD_M5_1774224000_1774828800_16769896615923389005	6	1774421700	1774434300	NOT_EVALUABLE	AUCTION_INTERVAL_AUTHORITY_NOT_CO_COLLECTED_IN_RG3	\N	\N	\N	\N	\N
COMPRESSION	RG3_DE40_PERIOD_M5_1774224000_1774828800_16769896615923389005	7	1774463100	1774477800	NOT_EVALUABLE	AUCTION_INTERVAL_AUTHORITY_NOT_CO_COLLECTED_IN_RG3	\N	\N	\N	\N	\N
COMPRESSION	RG3_DE40_PERIOD_M5_1774224000_1774828800_16769896615923389005	8	1774479300	1774500900	NOT_EVALUABLE	AUCTION_INTERVAL_AUTHORITY_NOT_CO_COLLECTED_IN_RG3	\N	\N	\N	\N	\N
COMPRESSION	RG3_DE40_PERIOD_M5_1774224000_1774828800_16769896615923389005	9	1774501800	1774511100	NOT_EVALUABLE	AUCTION_INTERVAL_AUTHORITY_NOT_CO_COLLECTED_IN_RG3	\N	\N	\N	\N	\N
COMPRESSION	RG3_DE40_PERIOD_M5_1774224000_1774828800_16769896615923389005	10	1774548900	1774561200	NOT_EVALUABLE	AUCTION_INTERVAL_AUTHORITY_NOT_CO_COLLECTED_IN_RG3	\N	\N	\N	\N	\N
COMPRESSION	RG3_DE40_PERIOD_M5_1774224000_1774828800_16769896615923389005	11	1774569600	1774579800	NOT_EVALUABLE	AUCTION_INTERVAL_AUTHORITY_NOT_CO_COLLECTED_IN_RG3	\N	\N	\N	\N	\N
COMPRESSION	RG3_DE40_PERIOD_M5_1774224000_1774828800_16769896615923389005	12	1774581000	1774591200	NOT_EVALUABLE	AUCTION_INTERVAL_AUTHORITY_NOT_CO_COLLECTED_IN_RG3	\N	\N	\N	\N	\N
COMPRESSION	RG3_DE40_PERIOD_M5_1774224000_1774828800_16769896615923389005	13	1774641300	1774828800	NOT_EVALUABLE	AUCTION_INTERVAL_AUTHORITY_NOT_CO_COLLECTED_IN_RG3	\N	\N	\N	\N	\N
EXPANSION	RG3_DE40_PERIOD_M5_1774224000_1774828800_16769896615923389005	1	1774256100	1774311300	NOT_EVALUABLE	AUCTION_INTERVAL_AUTHORITY_NOT_CO_COLLECTED_IN_RG3	\N	\N	\N	\N	\N
EXPANSION	RG3_DE40_PERIOD_M5_1774224000_1774828800_16769896615923389005	2	1774314900	1774329300	NOT_EVALUABLE	AUCTION_INTERVAL_AUTHORITY_NOT_CO_COLLECTED_IN_RG3	\N	\N	\N	\N	\N
EXPANSION	RG3_DE40_PERIOD_M5_1774224000_1774828800_16769896615923389005	3	1774341900	1774401300	NOT_EVALUABLE	AUCTION_INTERVAL_AUTHORITY_NOT_CO_COLLECTED_IN_RG3	\N	\N	\N	\N	\N
EXPANSION	RG3_DE40_PERIOD_M5_1774224000_1774828800_16769896615923389005	4	1774407300	1774417200	NOT_EVALUABLE	AUCTION_INTERVAL_AUTHORITY_NOT_CO_COLLECTED_IN_RG3	\N	\N	\N	\N	\N
EXPANSION	RG3_DE40_PERIOD_M5_1774224000_1774828800_16769896615923389005	5	1774421100	1774427400	NOT_EVALUABLE	AUCTION_INTERVAL_AUTHORITY_NOT_CO_COLLECTED_IN_RG3	\N	\N	\N	\N	\N
EXPANSION	RG3_DE40_PERIOD_M5_1774224000_1774828800_16769896615923389005	6	1774434300	1774468800	NOT_EVALUABLE	AUCTION_INTERVAL_AUTHORITY_NOT_CO_COLLECTED_IN_RG3	\N	\N	\N	\N	\N
EXPANSION	RG3_DE40_PERIOD_M5_1774224000_1774828800_16769896615923389005	7	1774477800	1774488600	NOT_EVALUABLE	AUCTION_INTERVAL_AUTHORITY_NOT_CO_COLLECTED_IN_RG3	\N	\N	\N	\N	\N
EXPANSION	RG3_DE40_PERIOD_M5_1774224000_1774828800_16769896615923389005	8	1774500900	1774507500	NOT_EVALUABLE	AUCTION_INTERVAL_AUTHORITY_NOT_CO_COLLECTED_IN_RG3	\N	\N	\N	\N	\N
EXPANSION	RG3_DE40_PERIOD_M5_1774224000_1774828800_16769896615923389005	9	1774511100	1774554600	NOT_EVALUABLE	AUCTION_INTERVAL_AUTHORITY_NOT_CO_COLLECTED_IN_RG3	\N	\N	\N	\N	\N
EXPANSION	RG3_DE40_PERIOD_M5_1774224000_1774828800_16769896615923389005	10	1774561200	1774575300	NOT_EVALUABLE	AUCTION_INTERVAL_AUTHORITY_NOT_CO_COLLECTED_IN_RG3	\N	\N	\N	\N	\N
EXPANSION	RG3_DE40_PERIOD_M5_1774224000_1774828800_16769896615923389005	11	1774579800	1774586700	NOT_EVALUABLE	AUCTION_INTERVAL_AUTHORITY_NOT_CO_COLLECTED_IN_RG3	\N	\N	\N	\N	\N
EXPANSION	RG3_DE40_PERIOD_M5_1774224000_1774828800_16769896615923389005	12	1774591200	1774647000	NOT_EVALUABLE	AUCTION_INTERVAL_AUTHORITY_NOT_CO_COLLECTED_IN_RG3	\N	\N	\N	\N	\N
COMPRESSION	RG3_DE40_PERIOD_M5_1777852800_1778457600_14397091333611658795	1	1777584300	1777874700	NOT_EVALUABLE	AUCTION_INTERVAL_AUTHORITY_NOT_CO_COLLECTED_IN_RG3	\N	\N	\N	\N	\N
COMPRESSION	RG3_DE40_PERIOD_M5_1777852800_1778457600_14397091333611658795	2	1777875300	1777886700	NOT_EVALUABLE	AUCTION_INTERVAL_AUTHORITY_NOT_CO_COLLECTED_IN_RG3	\N	\N	\N	\N	\N
COMPRESSION	RG3_DE40_PERIOD_M5_1777852800_1778457600_14397091333611658795	3	1777932300	1777972200	NOT_EVALUABLE	AUCTION_INTERVAL_AUTHORITY_NOT_CO_COLLECTED_IN_RG3	\N	\N	\N	\N	\N
COMPRESSION	RG3_DE40_PERIOD_M5_1777852800_1778457600_14397091333611658795	4	1777980600	1777990500	NOT_EVALUABLE	AUCTION_INTERVAL_AUTHORITY_NOT_CO_COLLECTED_IN_RG3	\N	\N	\N	\N	\N
COMPRESSION	RG3_DE40_PERIOD_M5_1777852800_1778457600_14397091333611658795	5	1778007300	1778030700	NOT_EVALUABLE	AUCTION_INTERVAL_AUTHORITY_NOT_CO_COLLECTED_IN_RG3	\N	\N	\N	\N	\N
COMPRESSION	RG3_DE40_PERIOD_M5_1777852800_1778457600_14397091333611658795	6	1778033700	1778047500	NOT_EVALUABLE	AUCTION_INTERVAL_AUTHORITY_NOT_CO_COLLECTED_IN_RG3	\N	\N	\N	\N	\N
COMPRESSION	RG3_DE40_PERIOD_M5_1777852800_1778457600_14397091333611658795	7	1778092200	1778106600	NOT_EVALUABLE	AUCTION_INTERVAL_AUTHORITY_NOT_CO_COLLECTED_IN_RG3	\N	\N	\N	\N	\N
COMPRESSION	RG3_DE40_PERIOD_M5_1777852800_1778457600_14397091333611658795	8	1778115600	1778128800	NOT_EVALUABLE	AUCTION_INTERVAL_AUTHORITY_NOT_CO_COLLECTED_IN_RG3	\N	\N	\N	\N	\N
COMPRESSION	RG3_DE40_PERIOD_M5_1777852800_1778457600_14397091333611658795	9	1778129400	1778143500	NOT_EVALUABLE	AUCTION_INTERVAL_AUTHORITY_NOT_CO_COLLECTED_IN_RG3	\N	\N	\N	\N	\N
COMPRESSION	RG3_DE40_PERIOD_M5_1777852800_1778457600_14397091333611658795	10	1778202000	1778210100	NOT_EVALUABLE	AUCTION_INTERVAL_AUTHORITY_NOT_CO_COLLECTED_IN_RG3	\N	\N	\N	\N	\N
COMPRESSION	RG3_DE40_PERIOD_M5_1777852800_1778457600_14397091333611658795	11	1778210700	1778240100	NOT_EVALUABLE	AUCTION_INTERVAL_AUTHORITY_NOT_CO_COLLECTED_IN_RG3	\N	\N	\N	\N	\N
COMPRESSION	RG3_DE40_PERIOD_M5_1777852800_1778457600_14397091333611658795	12	1778265900	1778457600	NOT_EVALUABLE	AUCTION_INTERVAL_AUTHORITY_NOT_CO_COLLECTED_IN_RG3	\N	\N	\N	\N	\N
EXPANSION	RG3_DE40_PERIOD_M5_1777852800_1778457600_14397091333611658795	1	1777874700	1777881000	NOT_EVALUABLE	AUCTION_INTERVAL_AUTHORITY_NOT_CO_COLLECTED_IN_RG3	\N	\N	\N	\N	\N
EXPANSION	RG3_DE40_PERIOD_M5_1777852800_1778457600_14397091333611658795	2	1777886700	1777945200	NOT_EVALUABLE	AUCTION_INTERVAL_AUTHORITY_NOT_CO_COLLECTED_IN_RG3	\N	\N	\N	\N	\N
EXPANSION	RG3_DE40_PERIOD_M5_1777852800_1778457600_14397091333611658795	3	1777972200	1777986300	NOT_EVALUABLE	AUCTION_INTERVAL_AUTHORITY_NOT_CO_COLLECTED_IN_RG3	\N	\N	\N	\N	\N
EXPANSION	RG3_DE40_PERIOD_M5_1777852800_1778457600_14397091333611658795	4	1777990500	1778013000	NOT_EVALUABLE	AUCTION_INTERVAL_AUTHORITY_NOT_CO_COLLECTED_IN_RG3	\N	\N	\N	\N	\N
EXPANSION	RG3_DE40_PERIOD_M5_1777852800_1778457600_14397091333611658795	5	1778030700	1778039400	NOT_EVALUABLE	AUCTION_INTERVAL_AUTHORITY_NOT_CO_COLLECTED_IN_RG3	\N	\N	\N	\N	\N
EXPANSION	RG3_DE40_PERIOD_M5_1777852800_1778457600_14397091333611658795	6	1778047500	1778097900	NOT_EVALUABLE	AUCTION_INTERVAL_AUTHORITY_NOT_CO_COLLECTED_IN_RG3	\N	\N	\N	\N	\N
EXPANSION	RG3_DE40_PERIOD_M5_1777852800_1778457600_14397091333611658795	7	1778106600	1778121300	NOT_EVALUABLE	AUCTION_INTERVAL_AUTHORITY_NOT_CO_COLLECTED_IN_RG3	\N	\N	\N	\N	\N
EXPANSION	RG3_DE40_PERIOD_M5_1777852800_1778457600_14397091333611658795	8	1778128800	1778135100	NOT_EVALUABLE	AUCTION_INTERVAL_AUTHORITY_NOT_CO_COLLECTED_IN_RG3	\N	\N	\N	\N	\N
EXPANSION	RG3_DE40_PERIOD_M5_1777852800_1778457600_14397091333611658795	9	1778143500	1778207700	NOT_EVALUABLE	AUCTION_INTERVAL_AUTHORITY_NOT_CO_COLLECTED_IN_RG3	\N	\N	\N	\N	\N
EXPANSION	RG3_DE40_PERIOD_M5_1777852800_1778457600_14397091333611658795	10	1778210100	1778216400	NOT_EVALUABLE	AUCTION_INTERVAL_AUTHORITY_NOT_CO_COLLECTED_IN_RG3	\N	\N	\N	\N	\N
EXPANSION	RG3_DE40_PERIOD_M5_1777852800_1778457600_14397091333611658795	11	1778240100	1778271600	NOT_EVALUABLE	AUCTION_INTERVAL_AUTHORITY_NOT_CO_COLLECTED_IN_RG3	\N	\N	\N	\N	\N
COMPRESSION	RG3_DE40_PERIOD_M5_1781481600_1782086400_6195331328867226598	1	1781485500	1781494800	NOT_EVALUABLE	AUCTION_INTERVAL_AUTHORITY_NOT_CO_COLLECTED_IN_RG3	\N	\N	\N	\N	\N
COMPRESSION	RG3_DE40_PERIOD_M5_1781481600_1782086400_6195331328867226598	2	1781495400	1781519400	NOT_EVALUABLE	AUCTION_INTERVAL_AUTHORITY_NOT_CO_COLLECTED_IN_RG3	\N	\N	\N	\N	\N
COMPRESSION	RG3_DE40_PERIOD_M5_1781481600_1782086400_6195331328867226598	3	1781528100	1781540100	NOT_EVALUABLE	AUCTION_INTERVAL_AUTHORITY_NOT_CO_COLLECTED_IN_RG3	\N	\N	\N	\N	\N
COMPRESSION	RG3_DE40_PERIOD_M5_1781481600_1782086400_6195331328867226598	4	1781549700	1781558400	NOT_EVALUABLE	AUCTION_INTERVAL_AUTHORITY_NOT_CO_COLLECTED_IN_RG3	\N	\N	\N	\N	\N
COMPRESSION	RG3_DE40_PERIOD_M5_1781481600_1782086400_6195331328867226598	5	1781559000	1781574300	NOT_EVALUABLE	AUCTION_INTERVAL_AUTHORITY_NOT_CO_COLLECTED_IN_RG3	\N	\N	\N	\N	\N
COMPRESSION	RG3_DE40_PERIOD_M5_1781481600_1782086400_6195331328867226598	6	1781579700	1781598600	NOT_EVALUABLE	AUCTION_INTERVAL_AUTHORITY_NOT_CO_COLLECTED_IN_RG3	\N	\N	\N	\N	\N
COMPRESSION	RG3_DE40_PERIOD_M5_1781481600_1782086400_6195331328867226598	7	1781611800	1781620200	NOT_EVALUABLE	AUCTION_INTERVAL_AUTHORITY_NOT_CO_COLLECTED_IN_RG3	\N	\N	\N	\N	\N
COMPRESSION	RG3_DE40_PERIOD_M5_1781481600_1782086400_6195331328867226598	8	1781639700	1781649300	NOT_EVALUABLE	AUCTION_INTERVAL_AUTHORITY_NOT_CO_COLLECTED_IN_RG3	\N	\N	\N	\N	\N
COMPRESSION	RG3_DE40_PERIOD_M5_1781481600_1782086400_6195331328867226598	9	1781649900	1781670900	NOT_EVALUABLE	AUCTION_INTERVAL_AUTHORITY_NOT_CO_COLLECTED_IN_RG3	\N	\N	\N	\N	\N
COMPRESSION	RG3_DE40_PERIOD_M5_1781481600_1782086400_6195331328867226598	10	1781673300	1781685900	NOT_EVALUABLE	AUCTION_INTERVAL_AUTHORITY_NOT_CO_COLLECTED_IN_RG3	\N	\N	\N	\N	\N
COMPRESSION	RG3_DE40_PERIOD_M5_1781481600_1782086400_6195331328867226598	11	1781707500	1781721600	NOT_EVALUABLE	AUCTION_INTERVAL_AUTHORITY_NOT_CO_COLLECTED_IN_RG3	\N	\N	\N	\N	\N
COMPRESSION	RG3_DE40_PERIOD_M5_1781481600_1782086400_6195331328867226598	12	1781722200	1781731800	NOT_EVALUABLE	AUCTION_INTERVAL_AUTHORITY_NOT_CO_COLLECTED_IN_RG3	\N	\N	\N	\N	\N
COMPRESSION	RG3_DE40_PERIOD_M5_1781481600_1782086400_6195331328867226598	13	1781756400	1781769900	NOT_EVALUABLE	AUCTION_INTERVAL_AUTHORITY_NOT_CO_COLLECTED_IN_RG3	\N	\N	\N	\N	\N
COMPRESSION	RG3_DE40_PERIOD_M5_1781481600_1782086400_6195331328867226598	14	1781812500	1781821800	NOT_EVALUABLE	AUCTION_INTERVAL_AUTHORITY_NOT_CO_COLLECTED_IN_RG3	\N	\N	\N	\N	\N
COMPRESSION	RG3_DE40_PERIOD_M5_1781481600_1782086400_6195331328867226598	15	1781832000	1781840400	NOT_EVALUABLE	AUCTION_INTERVAL_AUTHORITY_NOT_CO_COLLECTED_IN_RG3	\N	\N	\N	\N	\N
COMPRESSION	RG3_DE40_PERIOD_M5_1781481600_1782086400_6195331328867226598	16	1781842800	1781856000	NOT_EVALUABLE	AUCTION_INTERVAL_AUTHORITY_NOT_CO_COLLECTED_IN_RG3	\N	\N	\N	\N	\N
COMPRESSION	RG3_DE40_PERIOD_M5_1781481600_1782086400_6195331328867226598	17	1781898300	1782086400	NOT_EVALUABLE	AUCTION_INTERVAL_AUTHORITY_NOT_CO_COLLECTED_IN_RG3	\N	\N	\N	\N	\N
EXPANSION	RG3_DE40_PERIOD_M5_1781481600_1782086400_6195331328867226598	1	1781494800	1781501100	NOT_EVALUABLE	AUCTION_INTERVAL_AUTHORITY_NOT_CO_COLLECTED_IN_RG3	\N	\N	\N	\N	\N
EXPANSION	RG3_DE40_PERIOD_M5_1781481600_1782086400_6195331328867226598	2	1781519400	1781533800	NOT_EVALUABLE	AUCTION_INTERVAL_AUTHORITY_NOT_CO_COLLECTED_IN_RG3	\N	\N	\N	\N	\N
EXPANSION	RG3_DE40_PERIOD_M5_1781481600_1782086400_6195331328867226598	3	1781540100	1781555400	NOT_EVALUABLE	AUCTION_INTERVAL_AUTHORITY_NOT_CO_COLLECTED_IN_RG3	\N	\N	\N	\N	\N
EXPANSION	RG3_DE40_PERIOD_M5_1781481600_1782086400_6195331328867226598	4	1781558400	1781571900	NOT_EVALUABLE	AUCTION_INTERVAL_AUTHORITY_NOT_CO_COLLECTED_IN_RG3	\N	\N	\N	\N	\N
EXPANSION	RG3_DE40_PERIOD_M5_1781481600_1782086400_6195331328867226598	5	1781574300	1781585400	NOT_EVALUABLE	AUCTION_INTERVAL_AUTHORITY_NOT_CO_COLLECTED_IN_RG3	\N	\N	\N	\N	\N
EXPANSION	RG3_DE40_PERIOD_M5_1781481600_1782086400_6195331328867226598	6	1781598600	1781617500	NOT_EVALUABLE	AUCTION_INTERVAL_AUTHORITY_NOT_CO_COLLECTED_IN_RG3	\N	\N	\N	\N	\N
EXPANSION	RG3_DE40_PERIOD_M5_1781481600_1782086400_6195331328867226598	7	1781620200	1781645400	NOT_EVALUABLE	AUCTION_INTERVAL_AUTHORITY_NOT_CO_COLLECTED_IN_RG3	\N	\N	\N	\N	\N
EXPANSION	RG3_DE40_PERIOD_M5_1781481600_1782086400_6195331328867226598	8	1781649300	1781662800	NOT_EVALUABLE	AUCTION_INTERVAL_AUTHORITY_NOT_CO_COLLECTED_IN_RG3	\N	\N	\N	\N	\N
EXPANSION	RG3_DE40_PERIOD_M5_1781481600_1782086400_6195331328867226598	9	1781670900	1781679000	NOT_EVALUABLE	AUCTION_INTERVAL_AUTHORITY_NOT_CO_COLLECTED_IN_RG3	\N	\N	\N	\N	\N
EXPANSION	RG3_DE40_PERIOD_M5_1781481600_1782086400_6195331328867226598	10	1781685900	1781713200	NOT_EVALUABLE	AUCTION_INTERVAL_AUTHORITY_NOT_CO_COLLECTED_IN_RG3	\N	\N	\N	\N	\N
EXPANSION	RG3_DE40_PERIOD_M5_1781481600_1782086400_6195331328867226598	11	1781721600	1781727900	NOT_EVALUABLE	AUCTION_INTERVAL_AUTHORITY_NOT_CO_COLLECTED_IN_RG3	\N	\N	\N	\N	\N
EXPANSION	RG3_DE40_PERIOD_M5_1781481600_1782086400_6195331328867226598	12	1781731800	1781762100	NOT_EVALUABLE	AUCTION_INTERVAL_AUTHORITY_NOT_CO_COLLECTED_IN_RG3	\N	\N	\N	\N	\N
EXPANSION	RG3_DE40_PERIOD_M5_1781481600_1782086400_6195331328867226598	13	1781769900	1781818200	NOT_EVALUABLE	AUCTION_INTERVAL_AUTHORITY_NOT_CO_COLLECTED_IN_RG3	\N	\N	\N	\N	\N
EXPANSION	RG3_DE40_PERIOD_M5_1781481600_1782086400_6195331328867226598	14	1781821800	1781837700	NOT_EVALUABLE	AUCTION_INTERVAL_AUTHORITY_NOT_CO_COLLECTED_IN_RG3	\N	\N	\N	\N	\N
EXPANSION	RG3_DE40_PERIOD_M5_1781481600_1782086400_6195331328867226598	15	1781840400	1781848500	NOT_EVALUABLE	AUCTION_INTERVAL_AUTHORITY_NOT_CO_COLLECTED_IN_RG3	\N	\N	\N	\N	\N
EXPANSION	RG3_DE40_PERIOD_M5_1781481600_1782086400_6195331328867226598	16	1781856000	1781904000	NOT_EVALUABLE	AUCTION_INTERVAL_AUTHORITY_NOT_CO_COLLECTED_IN_RG3	\N	\N	\N	\N	\N
COMPRESSION	RG3_DE40_PERIOD_M5_1783900800_1784505600_9564959796063117251	1	1783905300	1783913400	NOT_EVALUABLE	AUCTION_INTERVAL_AUTHORITY_NOT_CO_COLLECTED_IN_RG3	\N	\N	\N	\N	\N
COMPRESSION	RG3_DE40_PERIOD_M5_1783900800_1784505600_9564959796063117251	2	1783980300	1783995900	NOT_EVALUABLE	AUCTION_INTERVAL_AUTHORITY_NOT_CO_COLLECTED_IN_RG3	\N	\N	\N	\N	\N
COMPRESSION	RG3_DE40_PERIOD_M5_1783900800_1784505600_9564959796063117251	3	1784055000	1784066400	NOT_EVALUABLE	AUCTION_INTERVAL_AUTHORITY_NOT_CO_COLLECTED_IN_RG3	\N	\N	\N	\N	\N
COMPRESSION	RG3_DE40_PERIOD_M5_1783900800_1784505600_9564959796063117251	4	1784067900	1784084100	NOT_EVALUABLE	AUCTION_INTERVAL_AUTHORITY_NOT_CO_COLLECTED_IN_RG3	\N	\N	\N	\N	\N
COMPRESSION	RG3_DE40_PERIOD_M5_1783900800_1784505600_9564959796063117251	5	1784091000	1784108100	NOT_EVALUABLE	AUCTION_INTERVAL_AUTHORITY_NOT_CO_COLLECTED_IN_RG3	\N	\N	\N	\N	\N
COMPRESSION	RG3_DE40_PERIOD_M5_1783900800_1784505600_9564959796063117251	6	1784147100	1784174700	NOT_EVALUABLE	AUCTION_INTERVAL_AUTHORITY_NOT_CO_COLLECTED_IN_RG3	\N	\N	\N	\N	\N
COMPRESSION	RG3_DE40_PERIOD_M5_1783900800_1784505600_9564959796063117251	7	1784233800	1784253300	NOT_EVALUABLE	AUCTION_INTERVAL_AUTHORITY_NOT_CO_COLLECTED_IN_RG3	\N	\N	\N	\N	\N
COMPRESSION	RG3_DE40_PERIOD_M5_1783900800_1784505600_9564959796063117251	8	1784306700	1784314500	NOT_EVALUABLE	AUCTION_INTERVAL_AUTHORITY_NOT_CO_COLLECTED_IN_RG3	\N	\N	\N	\N	\N
EXPANSION	RG3_DE40_PERIOD_M5_1783900800_1784505600_9564959796063117251	1	1783913400	1783993200	NOT_EVALUABLE	AUCTION_INTERVAL_AUTHORITY_NOT_CO_COLLECTED_IN_RG3	\N	\N	\N	\N	\N
EXPANSION	RG3_DE40_PERIOD_M5_1783900800_1784505600_9564959796063117251	2	1783995900	1784060700	NOT_EVALUABLE	AUCTION_INTERVAL_AUTHORITY_NOT_CO_COLLECTED_IN_RG3	\N	\N	\N	\N	\N
EXPANSION	RG3_DE40_PERIOD_M5_1783900800_1784505600_9564959796063117251	3	1784066400	1784080800	NOT_EVALUABLE	AUCTION_INTERVAL_AUTHORITY_NOT_CO_COLLECTED_IN_RG3	\N	\N	\N	\N	\N
EXPANSION	RG3_DE40_PERIOD_M5_1783900800_1784505600_9564959796063117251	4	1784084100	1784096700	NOT_EVALUABLE	AUCTION_INTERVAL_AUTHORITY_NOT_CO_COLLECTED_IN_RG3	\N	\N	\N	\N	\N
EXPANSION	RG3_DE40_PERIOD_M5_1783900800_1784505600_9564959796063117251	5	1784108100	1784152800	NOT_EVALUABLE	AUCTION_INTERVAL_AUTHORITY_NOT_CO_COLLECTED_IN_RG3	\N	\N	\N	\N	\N
EXPANSION	RG3_DE40_PERIOD_M5_1783900800_1784505600_9564959796063117251	6	1784174700	1784239500	NOT_EVALUABLE	AUCTION_INTERVAL_AUTHORITY_NOT_CO_COLLECTED_IN_RG3	\N	\N	\N	\N	\N
EXPANSION	RG3_DE40_PERIOD_M5_1783900800_1784505600_9564959796063117251	7	1784253300	1784312400	NOT_EVALUABLE	AUCTION_INTERVAL_AUTHORITY_NOT_CO_COLLECTED_IN_RG3	\N	\N	\N	\N	\N
EXPANSION	RG3_DE40_PERIOD_M5_1783900800_1784505600_9564959796063117251	8	1784314500	1784505600	NOT_EVALUABLE	AUCTION_INTERVAL_AUTHORITY_NOT_CO_COLLECTED_IN_RG3	\N	\N	\N	\N	\N
COMPRESSION	RG3_DE40_PERIOD_M5_1785715200_1786060800_2606365987753202252	1	1785719700	1785737400	NOT_EVALUABLE	AUCTION_INTERVAL_AUTHORITY_NOT_CO_COLLECTED_IN_RG3	\N	\N	\N	\N	\N
COMPRESSION	RG3_DE40_PERIOD_M5_1785715200_1786060800_2606365987753202252	2	1785739500	1785753600	NOT_EVALUABLE	AUCTION_INTERVAL_AUTHORITY_NOT_CO_COLLECTED_IN_RG3	\N	\N	\N	\N	\N
COMPRESSION	RG3_DE40_PERIOD_M5_1785715200_1786060800_2606365987753202252	3	1785763500	1785771300	NOT_EVALUABLE	AUCTION_INTERVAL_AUTHORITY_NOT_CO_COLLECTED_IN_RG3	\N	\N	\N	\N	\N
COMPRESSION	RG3_DE40_PERIOD_M5_1785715200_1786060800_2606365987753202252	4	1785780000	1785792600	NOT_EVALUABLE	AUCTION_INTERVAL_AUTHORITY_NOT_CO_COLLECTED_IN_RG3	\N	\N	\N	\N	\N
COMPRESSION	RG3_DE40_PERIOD_M5_1785715200_1786060800_2606365987753202252	5	1785805200	1785834600	NOT_EVALUABLE	AUCTION_INTERVAL_AUTHORITY_NOT_CO_COLLECTED_IN_RG3	\N	\N	\N	\N	\N
COMPRESSION	RG3_DE40_PERIOD_M5_1785715200_1786060800_2606365987753202252	6	1785874200	1785882600	NOT_EVALUABLE	AUCTION_INTERVAL_AUTHORITY_NOT_CO_COLLECTED_IN_RG3	\N	\N	\N	\N	\N
COMPRESSION	RG3_DE40_PERIOD_M5_1785715200_1786060800_2606365987753202252	7	1785891900	1785901500	NOT_EVALUABLE	AUCTION_INTERVAL_AUTHORITY_NOT_CO_COLLECTED_IN_RG3	\N	\N	\N	\N	\N
COMPRESSION	RG3_DE40_PERIOD_M5_1785715200_1786060800_2606365987753202252	8	1785906000	1785918600	NOT_EVALUABLE	AUCTION_INTERVAL_AUTHORITY_NOT_CO_COLLECTED_IN_RG3	\N	\N	\N	\N	\N
COMPRESSION	RG3_DE40_PERIOD_M5_1785715200_1786060800_2606365987753202252	9	1785957600	1785979800	NOT_EVALUABLE	AUCTION_INTERVAL_AUTHORITY_NOT_CO_COLLECTED_IN_RG3	\N	\N	\N	\N	\N
COMPRESSION	RG3_DE40_PERIOD_M5_1785715200_1786060800_2606365987753202252	10	1785994800	1786005000	NOT_EVALUABLE	AUCTION_INTERVAL_AUTHORITY_NOT_CO_COLLECTED_IN_RG3	\N	\N	\N	\N	\N
COMPRESSION	RG3_DE40_PERIOD_M5_1785715200_1786060800_2606365987753202252	11	1786018200	1786032000	NOT_EVALUABLE	AUCTION_INTERVAL_AUTHORITY_NOT_CO_COLLECTED_IN_RG3	\N	\N	\N	\N	\N
COMPRESSION	RG3_DE40_PERIOD_M5_1785715200_1786060800_2606365987753202252	12	1786043700	1786060800	NOT_EVALUABLE	AUCTION_INTERVAL_AUTHORITY_NOT_CO_COLLECTED_IN_RG3	\N	\N	\N	\N	\N
EXPANSION	RG3_DE40_PERIOD_M5_1785715200_1786060800_2606365987753202252	1	1785737400	1785745200	NOT_EVALUABLE	AUCTION_INTERVAL_AUTHORITY_NOT_CO_COLLECTED_IN_RG3	\N	\N	\N	\N	\N
EXPANSION	RG3_DE40_PERIOD_M5_1785715200_1786060800_2606365987753202252	2	1785753600	1785769200	NOT_EVALUABLE	AUCTION_INTERVAL_AUTHORITY_NOT_CO_COLLECTED_IN_RG3	\N	\N	\N	\N	\N
EXPANSION	RG3_DE40_PERIOD_M5_1785715200_1786060800_2606365987753202252	3	1785771300	1785785700	NOT_EVALUABLE	AUCTION_INTERVAL_AUTHORITY_NOT_CO_COLLECTED_IN_RG3	\N	\N	\N	\N	\N
EXPANSION	RG3_DE40_PERIOD_M5_1785715200_1786060800_2606365987753202252	4	1785792600	1785810900	NOT_EVALUABLE	AUCTION_INTERVAL_AUTHORITY_NOT_CO_COLLECTED_IN_RG3	\N	\N	\N	\N	\N
EXPANSION	RG3_DE40_PERIOD_M5_1785715200_1786060800_2606365987753202252	5	1785834600	1785879900	NOT_EVALUABLE	AUCTION_INTERVAL_AUTHORITY_NOT_CO_COLLECTED_IN_RG3	\N	\N	\N	\N	\N
EXPANSION	RG3_DE40_PERIOD_M5_1785715200_1786060800_2606365987753202252	6	1785882600	1785897600	NOT_EVALUABLE	AUCTION_INTERVAL_AUTHORITY_NOT_CO_COLLECTED_IN_RG3	\N	\N	\N	\N	\N
EXPANSION	RG3_DE40_PERIOD_M5_1785715200_1786060800_2606365987753202252	7	1785901500	1785911700	NOT_EVALUABLE	AUCTION_INTERVAL_AUTHORITY_NOT_CO_COLLECTED_IN_RG3	\N	\N	\N	\N	\N
EXPANSION	RG3_DE40_PERIOD_M5_1785715200_1786060800_2606365987753202252	8	1785918600	1785963300	NOT_EVALUABLE	AUCTION_INTERVAL_AUTHORITY_NOT_CO_COLLECTED_IN_RG3	\N	\N	\N	\N	\N
EXPANSION	RG3_DE40_PERIOD_M5_1785715200_1786060800_2606365987753202252	9	1785979800	1786000500	NOT_EVALUABLE	AUCTION_INTERVAL_AUTHORITY_NOT_CO_COLLECTED_IN_RG3	\N	\N	\N	\N	\N
EXPANSION	RG3_DE40_PERIOD_M5_1785715200_1786060800_2606365987753202252	10	1786005000	1786023900	NOT_EVALUABLE	AUCTION_INTERVAL_AUTHORITY_NOT_CO_COLLECTED_IN_RG3	\N	\N	\N	\N	\N
EXPANSION	RG3_DE40_PERIOD_M5_1785715200_1786060800_2606365987753202252	11	1786032000	1786049400	NOT_EVALUABLE	AUCTION_INTERVAL_AUTHORITY_NOT_CO_COLLECTED_IN_RG3	\N	\N	\N	\N	\N
COMPRESSION	RG3_FRA40_PERIOD_M5_1768176000_1768780800_7648442211186610174	1	1768189800	1768204200	NOT_EVALUABLE	AUCTION_INTERVAL_AUTHORITY_NOT_CO_COLLECTED_IN_RG3	\N	\N	\N	\N	\N
COMPRESSION	RG3_FRA40_PERIOD_M5_1768176000_1768780800_7648442211186610174	2	1768242900	1768254900	NOT_EVALUABLE	AUCTION_INTERVAL_AUTHORITY_NOT_CO_COLLECTED_IN_RG3	\N	\N	\N	\N	\N
COMPRESSION	RG3_FRA40_PERIOD_M5_1768176000_1768780800_7648442211186610174	3	1768278300	1768291800	NOT_EVALUABLE	AUCTION_INTERVAL_AUTHORITY_NOT_CO_COLLECTED_IN_RG3	\N	\N	\N	\N	\N
COMPRESSION	RG3_FRA40_PERIOD_M5_1768176000_1768780800_7648442211186610174	4	1768333200	1768344600	NOT_EVALUABLE	AUCTION_INTERVAL_AUTHORITY_NOT_CO_COLLECTED_IN_RG3	\N	\N	\N	\N	\N
COMPRESSION	RG3_FRA40_PERIOD_M5_1768176000_1768780800_7648442211186610174	5	1768345200	1768359000	NOT_EVALUABLE	AUCTION_INTERVAL_AUTHORITY_NOT_CO_COLLECTED_IN_RG3	\N	\N	\N	\N	\N
COMPRESSION	RG3_FRA40_PERIOD_M5_1768176000_1768780800_7648442211186610174	6	1768366800	1768375800	NOT_EVALUABLE	AUCTION_INTERVAL_AUTHORITY_NOT_CO_COLLECTED_IN_RG3	\N	\N	\N	\N	\N
COMPRESSION	RG3_FRA40_PERIOD_M5_1768176000_1768780800_7648442211186610174	7	1768418100	1768425900	NOT_EVALUABLE	AUCTION_INTERVAL_AUTHORITY_NOT_CO_COLLECTED_IN_RG3	\N	\N	\N	\N	\N
COMPRESSION	RG3_FRA40_PERIOD_M5_1768176000_1768780800_7648442211186610174	8	1768507200	1768515900	NOT_EVALUABLE	AUCTION_INTERVAL_AUTHORITY_NOT_CO_COLLECTED_IN_RG3	\N	\N	\N	\N	\N
COMPRESSION	RG3_FRA40_PERIOD_M5_1768176000_1768780800_7648442211186610174	9	1768525200	1768535700	NOT_EVALUABLE	AUCTION_INTERVAL_AUTHORITY_NOT_CO_COLLECTED_IN_RG3	\N	\N	\N	\N	\N
COMPRESSION	RG3_FRA40_PERIOD_M5_1768176000_1768780800_7648442211186610174	10	1768536300	1768561200	NOT_EVALUABLE	AUCTION_INTERVAL_AUTHORITY_NOT_CO_COLLECTED_IN_RG3	\N	\N	\N	\N	\N
COMPRESSION	RG3_FRA40_PERIOD_M5_1768176000_1768780800_7648442211186610174	11	1768588200	1768601100	NOT_EVALUABLE	AUCTION_INTERVAL_AUTHORITY_NOT_CO_COLLECTED_IN_RG3	\N	\N	\N	\N	\N
COMPRESSION	RG3_FRA40_PERIOD_M5_1768176000_1768780800_7648442211186610174	12	1768601700	1768780800	NOT_EVALUABLE	AUCTION_INTERVAL_AUTHORITY_NOT_CO_COLLECTED_IN_RG3	\N	\N	\N	\N	\N
EXPANSION	RG3_FRA40_PERIOD_M5_1768176000_1768780800_7648442211186610174	1	1768204200	1768248600	NOT_EVALUABLE	AUCTION_INTERVAL_AUTHORITY_NOT_CO_COLLECTED_IN_RG3	\N	\N	\N	\N	\N
EXPANSION	RG3_FRA40_PERIOD_M5_1768176000_1768780800_7648442211186610174	2	1768254900	1768284000	NOT_EVALUABLE	AUCTION_INTERVAL_AUTHORITY_NOT_CO_COLLECTED_IN_RG3	\N	\N	\N	\N	\N
EXPANSION	RG3_FRA40_PERIOD_M5_1768176000_1768780800_7648442211186610174	3	1768291800	1768338900	NOT_EVALUABLE	AUCTION_INTERVAL_AUTHORITY_NOT_CO_COLLECTED_IN_RG3	\N	\N	\N	\N	\N
EXPANSION	RG3_FRA40_PERIOD_M5_1768176000_1768780800_7648442211186610174	4	1768344600	1768354500	NOT_EVALUABLE	AUCTION_INTERVAL_AUTHORITY_NOT_CO_COLLECTED_IN_RG3	\N	\N	\N	\N	\N
EXPANSION	RG3_FRA40_PERIOD_M5_1768176000_1768780800_7648442211186610174	5	1768359000	1768372500	NOT_EVALUABLE	AUCTION_INTERVAL_AUTHORITY_NOT_CO_COLLECTED_IN_RG3	\N	\N	\N	\N	\N
EXPANSION	RG3_FRA40_PERIOD_M5_1768176000_1768780800_7648442211186610174	6	1768375800	1768423800	NOT_EVALUABLE	AUCTION_INTERVAL_AUTHORITY_NOT_CO_COLLECTED_IN_RG3	\N	\N	\N	\N	\N
EXPANSION	RG3_FRA40_PERIOD_M5_1768176000_1768780800_7648442211186610174	7	1768425900	1768512900	NOT_EVALUABLE	AUCTION_INTERVAL_AUTHORITY_NOT_CO_COLLECTED_IN_RG3	\N	\N	\N	\N	\N
EXPANSION	RG3_FRA40_PERIOD_M5_1768176000_1768780800_7648442211186610174	8	1768515900	1768530900	NOT_EVALUABLE	AUCTION_INTERVAL_AUTHORITY_NOT_CO_COLLECTED_IN_RG3	\N	\N	\N	\N	\N
EXPANSION	RG3_FRA40_PERIOD_M5_1768176000_1768780800_7648442211186610174	9	1768535700	1768542000	NOT_EVALUABLE	AUCTION_INTERVAL_AUTHORITY_NOT_CO_COLLECTED_IN_RG3	\N	\N	\N	\N	\N
EXPANSION	RG3_FRA40_PERIOD_M5_1768176000_1768780800_7648442211186610174	10	1768561200	1768593900	NOT_EVALUABLE	AUCTION_INTERVAL_AUTHORITY_NOT_CO_COLLECTED_IN_RG3	\N	\N	\N	\N	\N
EXPANSION	RG3_FRA40_PERIOD_M5_1768176000_1768780800_7648442211186610174	11	1768601100	1768607400	NOT_EVALUABLE	AUCTION_INTERVAL_AUTHORITY_NOT_CO_COLLECTED_IN_RG3	\N	\N	\N	\N	\N
COMPRESSION	RG3_FRA40_PERIOD_M5_1771200000_1771804800_1968818525264721670	1	1771023300	1771224000	NOT_EVALUABLE	AUCTION_INTERVAL_AUTHORITY_NOT_CO_COLLECTED_IN_RG3	\N	\N	\N	\N	\N
COMPRESSION	RG3_FRA40_PERIOD_M5_1771200000_1771804800_1968818525264721670	2	1771248000	1771257000	NOT_EVALUABLE	AUCTION_INTERVAL_AUTHORITY_NOT_CO_COLLECTED_IN_RG3	\N	\N	\N	\N	\N
COMPRESSION	RG3_FRA40_PERIOD_M5_1771200000_1771804800_1968818525264721670	3	1771267200	1771301400	NOT_EVALUABLE	AUCTION_INTERVAL_AUTHORITY_NOT_CO_COLLECTED_IN_RG3	\N	\N	\N	\N	\N
COMPRESSION	RG3_FRA40_PERIOD_M5_1771200000_1771804800_1968818525264721670	4	1771306200	1771323600	NOT_EVALUABLE	AUCTION_INTERVAL_AUTHORITY_NOT_CO_COLLECTED_IN_RG3	\N	\N	\N	\N	\N
COMPRESSION	RG3_FRA40_PERIOD_M5_1771200000_1771804800_1968818525264721670	5	1771361100	1771380900	NOT_EVALUABLE	AUCTION_INTERVAL_AUTHORITY_NOT_CO_COLLECTED_IN_RG3	\N	\N	\N	\N	\N
COMPRESSION	RG3_FRA40_PERIOD_M5_1771200000_1771804800_1968818525264721670	6	1771381500	1771398000	NOT_EVALUABLE	AUCTION_INTERVAL_AUTHORITY_NOT_CO_COLLECTED_IN_RG3	\N	\N	\N	\N	\N
COMPRESSION	RG3_FRA40_PERIOD_M5_1771200000_1771804800_1968818525264721670	7	1771398600	1771406700	NOT_EVALUABLE	AUCTION_INTERVAL_AUTHORITY_NOT_CO_COLLECTED_IN_RG3	\N	\N	\N	\N	\N
COMPRESSION	RG3_FRA40_PERIOD_M5_1771200000_1771804800_1968818525264721670	8	1771439700	1771449000	NOT_EVALUABLE	AUCTION_INTERVAL_AUTHORITY_NOT_CO_COLLECTED_IN_RG3	\N	\N	\N	\N	\N
COMPRESSION	RG3_FRA40_PERIOD_M5_1771200000_1771804800_1968818525264721670	9	1771463700	1771475700	NOT_EVALUABLE	AUCTION_INTERVAL_AUTHORITY_NOT_CO_COLLECTED_IN_RG3	\N	\N	\N	\N	\N
COMPRESSION	RG3_FRA40_PERIOD_M5_1771200000_1771804800_1968818525264721670	10	1771539000	1771556100	NOT_EVALUABLE	AUCTION_INTERVAL_AUTHORITY_NOT_CO_COLLECTED_IN_RG3	\N	\N	\N	\N	\N
COMPRESSION	RG3_FRA40_PERIOD_M5_1771200000_1771804800_1968818525264721670	11	1771560300	1771573800	NOT_EVALUABLE	AUCTION_INTERVAL_AUTHORITY_NOT_CO_COLLECTED_IN_RG3	\N	\N	\N	\N	\N
COMPRESSION	RG3_FRA40_PERIOD_M5_1771200000_1771804800_1968818525264721670	12	1771574400	1771584900	NOT_EVALUABLE	AUCTION_INTERVAL_AUTHORITY_NOT_CO_COLLECTED_IN_RG3	\N	\N	\N	\N	\N
COMPRESSION	RG3_FRA40_PERIOD_M5_1771200000_1771804800_1968818525264721670	13	1771624800	1771804800	NOT_EVALUABLE	AUCTION_INTERVAL_AUTHORITY_NOT_CO_COLLECTED_IN_RG3	\N	\N	\N	\N	\N
EXPANSION	RG3_FRA40_PERIOD_M5_1771200000_1771804800_1968818525264721670	1	1771224000	1771253700	NOT_EVALUABLE	AUCTION_INTERVAL_AUTHORITY_NOT_CO_COLLECTED_IN_RG3	\N	\N	\N	\N	\N
EXPANSION	RG3_FRA40_PERIOD_M5_1771200000_1771804800_1968818525264721670	2	1771257000	1771272900	NOT_EVALUABLE	AUCTION_INTERVAL_AUTHORITY_NOT_CO_COLLECTED_IN_RG3	\N	\N	\N	\N	\N
EXPANSION	RG3_FRA40_PERIOD_M5_1771200000_1771804800_1968818525264721670	3	1771301400	1771311900	NOT_EVALUABLE	AUCTION_INTERVAL_AUTHORITY_NOT_CO_COLLECTED_IN_RG3	\N	\N	\N	\N	\N
EXPANSION	RG3_FRA40_PERIOD_M5_1771200000_1771804800_1968818525264721670	4	1771323600	1771366800	NOT_EVALUABLE	AUCTION_INTERVAL_AUTHORITY_NOT_CO_COLLECTED_IN_RG3	\N	\N	\N	\N	\N
EXPANSION	RG3_FRA40_PERIOD_M5_1771200000_1771804800_1968818525264721670	5	1771380900	1771387200	NOT_EVALUABLE	AUCTION_INTERVAL_AUTHORITY_NOT_CO_COLLECTED_IN_RG3	\N	\N	\N	\N	\N
EXPANSION	RG3_FRA40_PERIOD_M5_1771200000_1771804800_1968818525264721670	6	1771398000	1771404300	NOT_EVALUABLE	AUCTION_INTERVAL_AUTHORITY_NOT_CO_COLLECTED_IN_RG3	\N	\N	\N	\N	\N
EXPANSION	RG3_FRA40_PERIOD_M5_1771200000_1771804800_1968818525264721670	7	1771406700	1771445400	NOT_EVALUABLE	AUCTION_INTERVAL_AUTHORITY_NOT_CO_COLLECTED_IN_RG3	\N	\N	\N	\N	\N
EXPANSION	RG3_FRA40_PERIOD_M5_1771200000_1771804800_1968818525264721670	8	1771449000	1771469400	NOT_EVALUABLE	AUCTION_INTERVAL_AUTHORITY_NOT_CO_COLLECTED_IN_RG3	\N	\N	\N	\N	\N
EXPANSION	RG3_FRA40_PERIOD_M5_1771200000_1771804800_1968818525264721670	9	1771475700	1771544700	NOT_EVALUABLE	AUCTION_INTERVAL_AUTHORITY_NOT_CO_COLLECTED_IN_RG3	\N	\N	\N	\N	\N
EXPANSION	RG3_FRA40_PERIOD_M5_1771200000_1771804800_1968818525264721670	10	1771556100	1771566000	NOT_EVALUABLE	AUCTION_INTERVAL_AUTHORITY_NOT_CO_COLLECTED_IN_RG3	\N	\N	\N	\N	\N
EXPANSION	RG3_FRA40_PERIOD_M5_1771200000_1771804800_1968818525264721670	11	1771573800	1771580100	NOT_EVALUABLE	AUCTION_INTERVAL_AUTHORITY_NOT_CO_COLLECTED_IN_RG3	\N	\N	\N	\N	\N
EXPANSION	RG3_FRA40_PERIOD_M5_1771200000_1771804800_1968818525264721670	12	1771584900	1771630500	NOT_EVALUABLE	AUCTION_INTERVAL_AUTHORITY_NOT_CO_COLLECTED_IN_RG3	\N	\N	\N	\N	\N
COMPRESSION	RG3_FRA40_PERIOD_M5_1774224000_1774828800_14575658576911331190	1	1774242900	1774256400	NOT_EVALUABLE	AUCTION_INTERVAL_AUTHORITY_NOT_CO_COLLECTED_IN_RG3	\N	\N	\N	\N	\N
COMPRESSION	RG3_FRA40_PERIOD_M5_1774224000_1774828800_14575658576911331190	2	1774311000	1774319400	NOT_EVALUABLE	AUCTION_INTERVAL_AUTHORITY_NOT_CO_COLLECTED_IN_RG3	\N	\N	\N	\N	\N
COMPRESSION	RG3_FRA40_PERIOD_M5_1774224000_1774828800_14575658576911331190	3	1774325700	1774341900	NOT_EVALUABLE	AUCTION_INTERVAL_AUTHORITY_NOT_CO_COLLECTED_IN_RG3	\N	\N	\N	\N	\N
COMPRESSION	RG3_FRA40_PERIOD_M5_1774224000_1774828800_14575658576911331190	4	1774392900	1774407600	NOT_EVALUABLE	AUCTION_INTERVAL_AUTHORITY_NOT_CO_COLLECTED_IN_RG3	\N	\N	\N	\N	\N
COMPRESSION	RG3_FRA40_PERIOD_M5_1774224000_1774828800_14575658576911331190	5	1774411500	1774421100	NOT_EVALUABLE	AUCTION_INTERVAL_AUTHORITY_NOT_CO_COLLECTED_IN_RG3	\N	\N	\N	\N	\N
COMPRESSION	RG3_FRA40_PERIOD_M5_1774224000_1774828800_14575658576911331190	6	1774425300	1774433700	NOT_EVALUABLE	AUCTION_INTERVAL_AUTHORITY_NOT_CO_COLLECTED_IN_RG3	\N	\N	\N	\N	\N
COMPRESSION	RG3_FRA40_PERIOD_M5_1774224000_1774828800_14575658576911331190	7	1774440000	1774449900	NOT_EVALUABLE	AUCTION_INTERVAL_AUTHORITY_NOT_CO_COLLECTED_IN_RG3	\N	\N	\N	\N	\N
COMPRESSION	RG3_FRA40_PERIOD_M5_1774224000_1774828800_14575658576911331190	8	1774463400	1774479000	NOT_EVALUABLE	AUCTION_INTERVAL_AUTHORITY_NOT_CO_COLLECTED_IN_RG3	\N	\N	\N	\N	\N
COMPRESSION	RG3_FRA40_PERIOD_M5_1774224000_1774828800_14575658576911331190	9	1774491000	1774500300	NOT_EVALUABLE	AUCTION_INTERVAL_AUTHORITY_NOT_CO_COLLECTED_IN_RG3	\N	\N	\N	\N	\N
COMPRESSION	RG3_FRA40_PERIOD_M5_1774224000_1774828800_14575658576911331190	10	1774552800	1774560900	NOT_EVALUABLE	AUCTION_INTERVAL_AUTHORITY_NOT_CO_COLLECTED_IN_RG3	\N	\N	\N	\N	\N
COMPRESSION	RG3_FRA40_PERIOD_M5_1774224000_1774828800_14575658576911331190	11	1774563000	1774577100	NOT_EVALUABLE	AUCTION_INTERVAL_AUTHORITY_NOT_CO_COLLECTED_IN_RG3	\N	\N	\N	\N	\N
COMPRESSION	RG3_FRA40_PERIOD_M5_1774224000_1774828800_14575658576911331190	12	1774581000	1774591200	NOT_EVALUABLE	AUCTION_INTERVAL_AUTHORITY_NOT_CO_COLLECTED_IN_RG3	\N	\N	\N	\N	\N
EXPANSION	RG3_FRA40_PERIOD_M5_1774224000_1774828800_14575658576911331190	1	1774256400	1774316700	NOT_EVALUABLE	AUCTION_INTERVAL_AUTHORITY_NOT_CO_COLLECTED_IN_RG3	\N	\N	\N	\N	\N
EXPANSION	RG3_FRA40_PERIOD_M5_1774224000_1774828800_14575658576911331190	2	1774319400	1774331400	NOT_EVALUABLE	AUCTION_INTERVAL_AUTHORITY_NOT_CO_COLLECTED_IN_RG3	\N	\N	\N	\N	\N
EXPANSION	RG3_FRA40_PERIOD_M5_1774224000_1774828800_14575658576911331190	3	1774341900	1774402200	NOT_EVALUABLE	AUCTION_INTERVAL_AUTHORITY_NOT_CO_COLLECTED_IN_RG3	\N	\N	\N	\N	\N
EXPANSION	RG3_FRA40_PERIOD_M5_1774224000_1774828800_14575658576911331190	4	1774407600	1774417200	NOT_EVALUABLE	AUCTION_INTERVAL_AUTHORITY_NOT_CO_COLLECTED_IN_RG3	\N	\N	\N	\N	\N
EXPANSION	RG3_FRA40_PERIOD_M5_1774224000_1774828800_14575658576911331190	5	1774421100	1774431000	NOT_EVALUABLE	AUCTION_INTERVAL_AUTHORITY_NOT_CO_COLLECTED_IN_RG3	\N	\N	\N	\N	\N
EXPANSION	RG3_FRA40_PERIOD_M5_1774224000_1774828800_14575658576911331190	6	1774433700	1774445700	NOT_EVALUABLE	AUCTION_INTERVAL_AUTHORITY_NOT_CO_COLLECTED_IN_RG3	\N	\N	\N	\N	\N
EXPANSION	RG3_FRA40_PERIOD_M5_1774224000_1774828800_14575658576911331190	7	1774449900	1774469100	NOT_EVALUABLE	AUCTION_INTERVAL_AUTHORITY_NOT_CO_COLLECTED_IN_RG3	\N	\N	\N	\N	\N
EXPANSION	RG3_FRA40_PERIOD_M5_1774224000_1774828800_14575658576911331190	8	1774479000	1774496700	NOT_EVALUABLE	AUCTION_INTERVAL_AUTHORITY_NOT_CO_COLLECTED_IN_RG3	\N	\N	\N	\N	\N
EXPANSION	RG3_FRA40_PERIOD_M5_1774224000_1774828800_14575658576911331190	9	1774500300	1774558500	NOT_EVALUABLE	AUCTION_INTERVAL_AUTHORITY_NOT_CO_COLLECTED_IN_RG3	\N	\N	\N	\N	\N
EXPANSION	RG3_FRA40_PERIOD_M5_1774224000_1774828800_14575658576911331190	10	1774560900	1774572300	NOT_EVALUABLE	AUCTION_INTERVAL_AUTHORITY_NOT_CO_COLLECTED_IN_RG3	\N	\N	\N	\N	\N
EXPANSION	RG3_FRA40_PERIOD_M5_1774224000_1774828800_14575658576911331190	11	1774577100	1774586700	NOT_EVALUABLE	AUCTION_INTERVAL_AUTHORITY_NOT_CO_COLLECTED_IN_RG3	\N	\N	\N	\N	\N
EXPANSION	RG3_FRA40_PERIOD_M5_1774224000_1774828800_14575658576911331190	12	1774591200	1774828800	NOT_EVALUABLE	AUCTION_INTERVAL_AUTHORITY_NOT_CO_COLLECTED_IN_RG3	\N	\N	\N	\N	\N
COMPRESSION	RG3_FRA40_PERIOD_M5_1777852800_1778457600_3950759615288727177	1	1777950900	1777971600	NOT_EVALUABLE	AUCTION_INTERVAL_AUTHORITY_NOT_CO_COLLECTED_IN_RG3	\N	\N	\N	\N	\N
COMPRESSION	RG3_FRA40_PERIOD_M5_1777852800_1778457600_3950759615288727177	2	1777980000	1778005800	NOT_EVALUABLE	AUCTION_INTERVAL_AUTHORITY_NOT_CO_COLLECTED_IN_RG3	\N	\N	\N	\N	\N
COMPRESSION	RG3_FRA40_PERIOD_M5_1777852800_1778457600_3950759615288727177	3	1778010600	1778023500	NOT_EVALUABLE	AUCTION_INTERVAL_AUTHORITY_NOT_CO_COLLECTED_IN_RG3	\N	\N	\N	\N	\N
COMPRESSION	RG3_FRA40_PERIOD_M5_1777852800_1778457600_3950759615288727177	4	1778032800	1778053200	NOT_EVALUABLE	AUCTION_INTERVAL_AUTHORITY_NOT_CO_COLLECTED_IN_RG3	\N	\N	\N	\N	\N
COMPRESSION	RG3_FRA40_PERIOD_M5_1777852800_1778457600_3950759615288727177	5	1778083200	1778095800	NOT_EVALUABLE	AUCTION_INTERVAL_AUTHORITY_NOT_CO_COLLECTED_IN_RG3	\N	\N	\N	\N	\N
COMPRESSION	RG3_FRA40_PERIOD_M5_1777852800_1778457600_3950759615288727177	6	1778096700	1778105700	NOT_EVALUABLE	AUCTION_INTERVAL_AUTHORITY_NOT_CO_COLLECTED_IN_RG3	\N	\N	\N	\N	\N
COMPRESSION	RG3_FRA40_PERIOD_M5_1777852800_1778457600_3950759615288727177	7	1778110200	1778128800	NOT_EVALUABLE	AUCTION_INTERVAL_AUTHORITY_NOT_CO_COLLECTED_IN_RG3	\N	\N	\N	\N	\N
COMPRESSION	RG3_FRA40_PERIOD_M5_1777852800_1778457600_3950759615288727177	8	1778129400	1778146200	NOT_EVALUABLE	AUCTION_INTERVAL_AUTHORITY_NOT_CO_COLLECTED_IN_RG3	\N	\N	\N	\N	\N
COMPRESSION	RG3_FRA40_PERIOD_M5_1777852800_1778457600_3950759615288727177	9	1778210100	1778232900	NOT_EVALUABLE	AUCTION_INTERVAL_AUTHORITY_NOT_CO_COLLECTED_IN_RG3	\N	\N	\N	\N	\N
COMPRESSION	RG3_FRA40_PERIOD_M5_1777852800_1778457600_3950759615288727177	10	1778265900	1778274900	NOT_EVALUABLE	AUCTION_INTERVAL_AUTHORITY_NOT_CO_COLLECTED_IN_RG3	\N	\N	\N	\N	\N
EXPANSION	RG3_FRA40_PERIOD_M5_1777852800_1778457600_3950759615288727177	1	1777971600	1777985700	NOT_EVALUABLE	AUCTION_INTERVAL_AUTHORITY_NOT_CO_COLLECTED_IN_RG3	\N	\N	\N	\N	\N
EXPANSION	RG3_FRA40_PERIOD_M5_1777852800_1778457600_3950759615288727177	2	1778005800	1778016300	NOT_EVALUABLE	AUCTION_INTERVAL_AUTHORITY_NOT_CO_COLLECTED_IN_RG3	\N	\N	\N	\N	\N
EXPANSION	RG3_FRA40_PERIOD_M5_1777852800_1778457600_3950759615288727177	3	1778023500	1778038500	NOT_EVALUABLE	AUCTION_INTERVAL_AUTHORITY_NOT_CO_COLLECTED_IN_RG3	\N	\N	\N	\N	\N
EXPANSION	RG3_FRA40_PERIOD_M5_1777852800_1778457600_3950759615288727177	4	1778053200	1778088900	NOT_EVALUABLE	AUCTION_INTERVAL_AUTHORITY_NOT_CO_COLLECTED_IN_RG3	\N	\N	\N	\N	\N
EXPANSION	RG3_FRA40_PERIOD_M5_1777852800_1778457600_3950759615288727177	5	1778095800	1778102400	NOT_EVALUABLE	AUCTION_INTERVAL_AUTHORITY_NOT_CO_COLLECTED_IN_RG3	\N	\N	\N	\N	\N
EXPANSION	RG3_FRA40_PERIOD_M5_1777852800_1778457600_3950759615288727177	6	1778105700	1778119500	NOT_EVALUABLE	AUCTION_INTERVAL_AUTHORITY_NOT_CO_COLLECTED_IN_RG3	\N	\N	\N	\N	\N
EXPANSION	RG3_FRA40_PERIOD_M5_1777852800_1778457600_3950759615288727177	7	1778128800	1778135100	NOT_EVALUABLE	AUCTION_INTERVAL_AUTHORITY_NOT_CO_COLLECTED_IN_RG3	\N	\N	\N	\N	\N
EXPANSION	RG3_FRA40_PERIOD_M5_1777852800_1778457600_3950759615288727177	8	1778146200	1778215800	NOT_EVALUABLE	AUCTION_INTERVAL_AUTHORITY_NOT_CO_COLLECTED_IN_RG3	\N	\N	\N	\N	\N
EXPANSION	RG3_FRA40_PERIOD_M5_1777852800_1778457600_3950759615288727177	9	1778232900	1778271600	NOT_EVALUABLE	AUCTION_INTERVAL_AUTHORITY_NOT_CO_COLLECTED_IN_RG3	\N	\N	\N	\N	\N
EXPANSION	RG3_FRA40_PERIOD_M5_1777852800_1778457600_3950759615288727177	10	1778274900	1778457600	NOT_EVALUABLE	AUCTION_INTERVAL_AUTHORITY_NOT_CO_COLLECTED_IN_RG3	\N	\N	\N	\N	\N
COMPRESSION	RG3_FRA40_PERIOD_M5_1781481600_1782086400_317235149503321393	1	1781493600	1781514000	NOT_EVALUABLE	AUCTION_INTERVAL_AUTHORITY_NOT_CO_COLLECTED_IN_RG3	\N	\N	\N	\N	\N
COMPRESSION	RG3_FRA40_PERIOD_M5_1781481600_1782086400_317235149503321393	2	1781528400	1781536800	NOT_EVALUABLE	AUCTION_INTERVAL_AUTHORITY_NOT_CO_COLLECTED_IN_RG3	\N	\N	\N	\N	\N
COMPRESSION	RG3_FRA40_PERIOD_M5_1781481600_1782086400_317235149503321393	3	1781550000	1781563500	NOT_EVALUABLE	AUCTION_INTERVAL_AUTHORITY_NOT_CO_COLLECTED_IN_RG3	\N	\N	\N	\N	\N
COMPRESSION	RG3_FRA40_PERIOD_M5_1781481600_1782086400_317235149503321393	4	1781565600	1781592600	NOT_EVALUABLE	AUCTION_INTERVAL_AUTHORITY_NOT_CO_COLLECTED_IN_RG3	\N	\N	\N	\N	\N
COMPRESSION	RG3_FRA40_PERIOD_M5_1781481600_1782086400_317235149503321393	5	1781610000	1781638500	NOT_EVALUABLE	AUCTION_INTERVAL_AUTHORITY_NOT_CO_COLLECTED_IN_RG3	\N	\N	\N	\N	\N
COMPRESSION	RG3_FRA40_PERIOD_M5_1781481600_1782086400_317235149503321393	6	1781639100	1781647800	NOT_EVALUABLE	AUCTION_INTERVAL_AUTHORITY_NOT_CO_COLLECTED_IN_RG3	\N	\N	\N	\N	\N
COMPRESSION	RG3_FRA40_PERIOD_M5_1781481600_1782086400_317235149503321393	7	1781658300	1781670000	NOT_EVALUABLE	AUCTION_INTERVAL_AUTHORITY_NOT_CO_COLLECTED_IN_RG3	\N	\N	\N	\N	\N
COMPRESSION	RG3_FRA40_PERIOD_M5_1781481600_1782086400_317235149503321393	8	1781670600	1781694300	NOT_EVALUABLE	AUCTION_INTERVAL_AUTHORITY_NOT_CO_COLLECTED_IN_RG3	\N	\N	\N	\N	\N
COMPRESSION	RG3_FRA40_PERIOD_M5_1781481600_1782086400_317235149503321393	9	1781724000	1781731800	NOT_EVALUABLE	AUCTION_INTERVAL_AUTHORITY_NOT_CO_COLLECTED_IN_RG3	\N	\N	\N	\N	\N
COMPRESSION	RG3_FRA40_PERIOD_M5_1781481600_1782086400_317235149503321393	10	1781759700	1781772300	NOT_EVALUABLE	AUCTION_INTERVAL_AUTHORITY_NOT_CO_COLLECTED_IN_RG3	\N	\N	\N	\N	\N
COMPRESSION	RG3_FRA40_PERIOD_M5_1781481600_1782086400_317235149503321393	11	1781796900	1781804700	NOT_EVALUABLE	AUCTION_INTERVAL_AUTHORITY_NOT_CO_COLLECTED_IN_RG3	\N	\N	\N	\N	\N
COMPRESSION	RG3_FRA40_PERIOD_M5_1781481600_1782086400_317235149503321393	12	1781808600	1781818800	NOT_EVALUABLE	AUCTION_INTERVAL_AUTHORITY_NOT_CO_COLLECTED_IN_RG3	\N	\N	\N	\N	\N
COMPRESSION	RG3_FRA40_PERIOD_M5_1781481600_1782086400_317235149503321393	13	1781831700	1781840400	NOT_EVALUABLE	AUCTION_INTERVAL_AUTHORITY_NOT_CO_COLLECTED_IN_RG3	\N	\N	\N	\N	\N
COMPRESSION	RG3_FRA40_PERIOD_M5_1781481600_1782086400_317235149503321393	14	1781842500	1781856000	NOT_EVALUABLE	AUCTION_INTERVAL_AUTHORITY_NOT_CO_COLLECTED_IN_RG3	\N	\N	\N	\N	\N
COMPRESSION	RG3_FRA40_PERIOD_M5_1781481600_1782086400_317235149503321393	15	1781898900	1782086400	NOT_EVALUABLE	AUCTION_INTERVAL_AUTHORITY_NOT_CO_COLLECTED_IN_RG3	\N	\N	\N	\N	\N
EXPANSION	RG3_FRA40_PERIOD_M5_1781481600_1782086400_317235149503321393	1	1781514000	1781534100	NOT_EVALUABLE	AUCTION_INTERVAL_AUTHORITY_NOT_CO_COLLECTED_IN_RG3	\N	\N	\N	\N	\N
EXPANSION	RG3_FRA40_PERIOD_M5_1781481600_1782086400_317235149503321393	2	1781536800	1781555700	NOT_EVALUABLE	AUCTION_INTERVAL_AUTHORITY_NOT_CO_COLLECTED_IN_RG3	\N	\N	\N	\N	\N
EXPANSION	RG3_FRA40_PERIOD_M5_1781481600_1782086400_317235149503321393	3	1781563500	1781574900	NOT_EVALUABLE	AUCTION_INTERVAL_AUTHORITY_NOT_CO_COLLECTED_IN_RG3	\N	\N	\N	\N	\N
EXPANSION	RG3_FRA40_PERIOD_M5_1781481600_1782086400_317235149503321393	4	1781592600	1781615700	NOT_EVALUABLE	AUCTION_INTERVAL_AUTHORITY_NOT_CO_COLLECTED_IN_RG3	\N	\N	\N	\N	\N
EXPANSION	RG3_FRA40_PERIOD_M5_1781481600_1782086400_317235149503321393	5	1781638500	1781644800	NOT_EVALUABLE	AUCTION_INTERVAL_AUTHORITY_NOT_CO_COLLECTED_IN_RG3	\N	\N	\N	\N	\N
EXPANSION	RG3_FRA40_PERIOD_M5_1781481600_1782086400_317235149503321393	6	1781647800	1781664000	NOT_EVALUABLE	AUCTION_INTERVAL_AUTHORITY_NOT_CO_COLLECTED_IN_RG3	\N	\N	\N	\N	\N
EXPANSION	RG3_FRA40_PERIOD_M5_1781481600_1782086400_317235149503321393	7	1781670000	1781676300	NOT_EVALUABLE	AUCTION_INTERVAL_AUTHORITY_NOT_CO_COLLECTED_IN_RG3	\N	\N	\N	\N	\N
EXPANSION	RG3_FRA40_PERIOD_M5_1781481600_1782086400_317235149503321393	8	1781694300	1781729700	NOT_EVALUABLE	AUCTION_INTERVAL_AUTHORITY_NOT_CO_COLLECTED_IN_RG3	\N	\N	\N	\N	\N
EXPANSION	RG3_FRA40_PERIOD_M5_1781481600_1782086400_317235149503321393	9	1781731800	1781765400	NOT_EVALUABLE	AUCTION_INTERVAL_AUTHORITY_NOT_CO_COLLECTED_IN_RG3	\N	\N	\N	\N	\N
EXPANSION	RG3_FRA40_PERIOD_M5_1781481600_1782086400_317235149503321393	10	1781772300	1781802600	NOT_EVALUABLE	AUCTION_INTERVAL_AUTHORITY_NOT_CO_COLLECTED_IN_RG3	\N	\N	\N	\N	\N
EXPANSION	RG3_FRA40_PERIOD_M5_1781481600_1782086400_317235149503321393	11	1781804700	1781814300	NOT_EVALUABLE	AUCTION_INTERVAL_AUTHORITY_NOT_CO_COLLECTED_IN_RG3	\N	\N	\N	\N	\N
EXPANSION	RG3_FRA40_PERIOD_M5_1781481600_1782086400_317235149503321393	12	1781818800	1781837400	NOT_EVALUABLE	AUCTION_INTERVAL_AUTHORITY_NOT_CO_COLLECTED_IN_RG3	\N	\N	\N	\N	\N
EXPANSION	RG3_FRA40_PERIOD_M5_1781481600_1782086400_317235149503321393	13	1781840400	1781848500	NOT_EVALUABLE	AUCTION_INTERVAL_AUTHORITY_NOT_CO_COLLECTED_IN_RG3	\N	\N	\N	\N	\N
EXPANSION	RG3_FRA40_PERIOD_M5_1781481600_1782086400_317235149503321393	14	1781856000	1781904600	NOT_EVALUABLE	AUCTION_INTERVAL_AUTHORITY_NOT_CO_COLLECTED_IN_RG3	\N	\N	\N	\N	\N
COMPRESSION	RG3_FRA40_PERIOD_M5_1783900800_1784505600_9090742951363683789	1	1783905600	1783915800	NOT_EVALUABLE	AUCTION_INTERVAL_AUTHORITY_NOT_CO_COLLECTED_IN_RG3	\N	\N	\N	\N	\N
COMPRESSION	RG3_FRA40_PERIOD_M5_1783900800_1784505600_9090742951363683789	2	1783984200	1784000700	NOT_EVALUABLE	AUCTION_INTERVAL_AUTHORITY_NOT_CO_COLLECTED_IN_RG3	\N	\N	\N	\N	\N
COMPRESSION	RG3_FRA40_PERIOD_M5_1783900800_1784505600_9090742951363683789	3	1784054400	1784066400	NOT_EVALUABLE	AUCTION_INTERVAL_AUTHORITY_NOT_CO_COLLECTED_IN_RG3	\N	\N	\N	\N	\N
COMPRESSION	RG3_FRA40_PERIOD_M5_1783900800_1784505600_9090742951363683789	4	1784068200	1784084100	NOT_EVALUABLE	AUCTION_INTERVAL_AUTHORITY_NOT_CO_COLLECTED_IN_RG3	\N	\N	\N	\N	\N
COMPRESSION	RG3_FRA40_PERIOD_M5_1783900800_1784505600_9090742951363683789	5	1784091000	1784107500	NOT_EVALUABLE	AUCTION_INTERVAL_AUTHORITY_NOT_CO_COLLECTED_IN_RG3	\N	\N	\N	\N	\N
COMPRESSION	RG3_FRA40_PERIOD_M5_1783900800_1784505600_9090742951363683789	6	1784148000	1784174700	NOT_EVALUABLE	AUCTION_INTERVAL_AUTHORITY_NOT_CO_COLLECTED_IN_RG3	\N	\N	\N	\N	\N
COMPRESSION	RG3_FRA40_PERIOD_M5_1783900800_1784505600_9090742951363683789	7	1784181300	1784194200	NOT_EVALUABLE	AUCTION_INTERVAL_AUTHORITY_NOT_CO_COLLECTED_IN_RG3	\N	\N	\N	\N	\N
COMPRESSION	RG3_FRA40_PERIOD_M5_1783900800_1784505600_9090742951363683789	8	1784229000	1784239200	NOT_EVALUABLE	AUCTION_INTERVAL_AUTHORITY_NOT_CO_COLLECTED_IN_RG3	\N	\N	\N	\N	\N
COMPRESSION	RG3_FRA40_PERIOD_M5_1783900800_1784505600_9090742951363683789	9	1784250900	1784259000	NOT_EVALUABLE	AUCTION_INTERVAL_AUTHORITY_NOT_CO_COLLECTED_IN_RG3	\N	\N	\N	\N	\N
EXPANSION	RG3_FRA40_PERIOD_M5_1783900800_1784505600_9090742951363683789	1	1783915800	1783993500	NOT_EVALUABLE	AUCTION_INTERVAL_AUTHORITY_NOT_CO_COLLECTED_IN_RG3	\N	\N	\N	\N	\N
EXPANSION	RG3_FRA40_PERIOD_M5_1783900800_1784505600_9090742951363683789	2	1784000700	1784060100	NOT_EVALUABLE	AUCTION_INTERVAL_AUTHORITY_NOT_CO_COLLECTED_IN_RG3	\N	\N	\N	\N	\N
EXPANSION	RG3_FRA40_PERIOD_M5_1783900800_1784505600_9090742951363683789	3	1784066400	1784077500	NOT_EVALUABLE	AUCTION_INTERVAL_AUTHORITY_NOT_CO_COLLECTED_IN_RG3	\N	\N	\N	\N	\N
EXPANSION	RG3_FRA40_PERIOD_M5_1783900800_1784505600_9090742951363683789	4	1784084100	1784096700	NOT_EVALUABLE	AUCTION_INTERVAL_AUTHORITY_NOT_CO_COLLECTED_IN_RG3	\N	\N	\N	\N	\N
EXPANSION	RG3_FRA40_PERIOD_M5_1783900800_1784505600_9090742951363683789	5	1784107500	1784153700	NOT_EVALUABLE	AUCTION_INTERVAL_AUTHORITY_NOT_CO_COLLECTED_IN_RG3	\N	\N	\N	\N	\N
EXPANSION	RG3_FRA40_PERIOD_M5_1783900800_1784505600_9090742951363683789	6	1784174700	1784187000	NOT_EVALUABLE	AUCTION_INTERVAL_AUTHORITY_NOT_CO_COLLECTED_IN_RG3	\N	\N	\N	\N	\N
EXPANSION	RG3_FRA40_PERIOD_M5_1783900800_1784505600_9090742951363683789	7	1784194200	1784234700	NOT_EVALUABLE	AUCTION_INTERVAL_AUTHORITY_NOT_CO_COLLECTED_IN_RG3	\N	\N	\N	\N	\N
EXPANSION	RG3_FRA40_PERIOD_M5_1783900800_1784505600_9090742951363683789	8	1784239200	1784256600	NOT_EVALUABLE	AUCTION_INTERVAL_AUTHORITY_NOT_CO_COLLECTED_IN_RG3	\N	\N	\N	\N	\N
EXPANSION	RG3_FRA40_PERIOD_M5_1783900800_1784505600_9090742951363683789	9	1784259000	1784505600	NOT_EVALUABLE	AUCTION_INTERVAL_AUTHORITY_NOT_CO_COLLECTED_IN_RG3	\N	\N	\N	\N	\N
COMPRESSION	RG3_FRA40_PERIOD_M5_1785715200_1786060800_6098486160590205421	1	1785718800	1785740400	NOT_EVALUABLE	AUCTION_INTERVAL_AUTHORITY_NOT_CO_COLLECTED_IN_RG3	\N	\N	\N	\N	\N
COMPRESSION	RG3_FRA40_PERIOD_M5_1785715200_1786060800_6098486160590205421	2	1785741000	1785749700	NOT_EVALUABLE	AUCTION_INTERVAL_AUTHORITY_NOT_CO_COLLECTED_IN_RG3	\N	\N	\N	\N	\N
COMPRESSION	RG3_FRA40_PERIOD_M5_1785715200_1786060800_6098486160590205421	3	1785784200	1785792600	NOT_EVALUABLE	AUCTION_INTERVAL_AUTHORITY_NOT_CO_COLLECTED_IN_RG3	\N	\N	\N	\N	\N
COMPRESSION	RG3_FRA40_PERIOD_M5_1785715200_1786060800_6098486160590205421	4	1785793200	1785820200	NOT_EVALUABLE	AUCTION_INTERVAL_AUTHORITY_NOT_CO_COLLECTED_IN_RG3	\N	\N	\N	\N	\N
COMPRESSION	RG3_FRA40_PERIOD_M5_1785715200_1786060800_6098486160590205421	5	1785820800	1785835800	NOT_EVALUABLE	AUCTION_INTERVAL_AUTHORITY_NOT_CO_COLLECTED_IN_RG3	\N	\N	\N	\N	\N
COMPRESSION	RG3_FRA40_PERIOD_M5_1785715200_1786060800_6098486160590205421	6	1785873600	1785892500	NOT_EVALUABLE	AUCTION_INTERVAL_AUTHORITY_NOT_CO_COLLECTED_IN_RG3	\N	\N	\N	\N	\N
COMPRESSION	RG3_FRA40_PERIOD_M5_1785715200_1786060800_6098486160590205421	7	1785893100	1785901500	NOT_EVALUABLE	AUCTION_INTERVAL_AUTHORITY_NOT_CO_COLLECTED_IN_RG3	\N	\N	\N	\N	\N
COMPRESSION	RG3_FRA40_PERIOD_M5_1785715200_1786060800_6098486160590205421	8	1785905400	1785923100	NOT_EVALUABLE	AUCTION_INTERVAL_AUTHORITY_NOT_CO_COLLECTED_IN_RG3	\N	\N	\N	\N	\N
COMPRESSION	RG3_FRA40_PERIOD_M5_1785715200_1786060800_6098486160590205421	9	1785926400	1785935400	NOT_EVALUABLE	AUCTION_INTERVAL_AUTHORITY_NOT_CO_COLLECTED_IN_RG3	\N	\N	\N	\N	\N
COMPRESSION	RG3_FRA40_PERIOD_M5_1785715200_1786060800_6098486160590205421	10	1785938700	1785960600	NOT_EVALUABLE	AUCTION_INTERVAL_AUTHORITY_NOT_CO_COLLECTED_IN_RG3	\N	\N	\N	\N	\N
COMPRESSION	RG3_FRA40_PERIOD_M5_1785715200_1786060800_6098486160590205421	11	1785961800	1785980700	NOT_EVALUABLE	AUCTION_INTERVAL_AUTHORITY_NOT_CO_COLLECTED_IN_RG3	\N	\N	\N	\N	\N
COMPRESSION	RG3_FRA40_PERIOD_M5_1785715200_1786060800_6098486160590205421	12	1785994800	1786008600	NOT_EVALUABLE	AUCTION_INTERVAL_AUTHORITY_NOT_CO_COLLECTED_IN_RG3	\N	\N	\N	\N	\N
COMPRESSION	RG3_FRA40_PERIOD_M5_1785715200_1786060800_6098486160590205421	13	1786043700	1786060200	NOT_EVALUABLE	AUCTION_INTERVAL_AUTHORITY_NOT_CO_COLLECTED_IN_RG3	\N	\N	\N	\N	\N
EXPANSION	RG3_FRA40_PERIOD_M5_1785715200_1786060800_6098486160590205421	1	1785740400	1785746700	NOT_EVALUABLE	AUCTION_INTERVAL_AUTHORITY_NOT_CO_COLLECTED_IN_RG3	\N	\N	\N	\N	\N
EXPANSION	RG3_FRA40_PERIOD_M5_1785715200_1786060800_6098486160590205421	2	1785749700	1785789900	NOT_EVALUABLE	AUCTION_INTERVAL_AUTHORITY_NOT_CO_COLLECTED_IN_RG3	\N	\N	\N	\N	\N
EXPANSION	RG3_FRA40_PERIOD_M5_1785715200_1786060800_6098486160590205421	3	1785792600	1785798900	NOT_EVALUABLE	AUCTION_INTERVAL_AUTHORITY_NOT_CO_COLLECTED_IN_RG3	\N	\N	\N	\N	\N
EXPANSION	RG3_FRA40_PERIOD_M5_1785715200_1786060800_6098486160590205421	4	1785820200	1785826500	NOT_EVALUABLE	AUCTION_INTERVAL_AUTHORITY_NOT_CO_COLLECTED_IN_RG3	\N	\N	\N	\N	\N
EXPANSION	RG3_FRA40_PERIOD_M5_1785715200_1786060800_6098486160590205421	5	1785835800	1785879300	NOT_EVALUABLE	AUCTION_INTERVAL_AUTHORITY_NOT_CO_COLLECTED_IN_RG3	\N	\N	\N	\N	\N
EXPANSION	RG3_FRA40_PERIOD_M5_1785715200_1786060800_6098486160590205421	6	1785892500	1785898800	NOT_EVALUABLE	AUCTION_INTERVAL_AUTHORITY_NOT_CO_COLLECTED_IN_RG3	\N	\N	\N	\N	\N
EXPANSION	RG3_FRA40_PERIOD_M5_1785715200_1786060800_6098486160590205421	7	1785901500	1785911100	NOT_EVALUABLE	AUCTION_INTERVAL_AUTHORITY_NOT_CO_COLLECTED_IN_RG3	\N	\N	\N	\N	\N
EXPANSION	RG3_FRA40_PERIOD_M5_1785715200_1786060800_6098486160590205421	8	1785923100	1785932100	NOT_EVALUABLE	AUCTION_INTERVAL_AUTHORITY_NOT_CO_COLLECTED_IN_RG3	\N	\N	\N	\N	\N
EXPANSION	RG3_FRA40_PERIOD_M5_1785715200_1786060800_6098486160590205421	9	1785935400	1785944400	NOT_EVALUABLE	AUCTION_INTERVAL_AUTHORITY_NOT_CO_COLLECTED_IN_RG3	\N	\N	\N	\N	\N
EXPANSION	RG3_FRA40_PERIOD_M5_1785715200_1786060800_6098486160590205421	10	1785960600	1785967500	NOT_EVALUABLE	AUCTION_INTERVAL_AUTHORITY_NOT_CO_COLLECTED_IN_RG3	\N	\N	\N	\N	\N
EXPANSION	RG3_FRA40_PERIOD_M5_1785715200_1786060800_6098486160590205421	11	1785980700	1786000500	NOT_EVALUABLE	AUCTION_INTERVAL_AUTHORITY_NOT_CO_COLLECTED_IN_RG3	\N	\N	\N	\N	\N
EXPANSION	RG3_FRA40_PERIOD_M5_1785715200_1786060800_6098486160590205421	12	1786008600	1786049400	NOT_EVALUABLE	AUCTION_INTERVAL_AUTHORITY_NOT_CO_COLLECTED_IN_RG3	\N	\N	\N	\N	\N
EXPANSION	RG3_FRA40_PERIOD_M5_1785715200_1786060800_6098486160590205421	13	1786060200	1786060800	NOT_EVALUABLE	AUCTION_INTERVAL_AUTHORITY_NOT_CO_COLLECTED_IN_RG3	\N	\N	\N	\N	\N
COMPRESSION	RG3_JPN225_PERIOD_M5_1768176000_1768780800_17871390277607299118	1	1768189800	1768202400	NOT_EVALUABLE	AUCTION_INTERVAL_AUTHORITY_NOT_CO_COLLECTED_IN_RG3	\N	\N	\N	\N	\N
COMPRESSION	RG3_JPN225_PERIOD_M5_1768176000_1768780800_17871390277607299118	2	1768219500	1768235400	NOT_EVALUABLE	AUCTION_INTERVAL_AUTHORITY_NOT_CO_COLLECTED_IN_RG3	\N	\N	\N	\N	\N
COMPRESSION	RG3_JPN225_PERIOD_M5_1768176000_1768780800_17871390277607299118	3	1768247100	1768270500	NOT_EVALUABLE	AUCTION_INTERVAL_AUTHORITY_NOT_CO_COLLECTED_IN_RG3	\N	\N	\N	\N	\N
COMPRESSION	RG3_JPN225_PERIOD_M5_1768176000_1768780800_17871390277607299118	4	1768300800	1768313700	NOT_EVALUABLE	AUCTION_INTERVAL_AUTHORITY_NOT_CO_COLLECTED_IN_RG3	\N	\N	\N	\N	\N
COMPRESSION	RG3_JPN225_PERIOD_M5_1768176000_1768780800_17871390277607299118	5	1768327800	1768335600	NOT_EVALUABLE	AUCTION_INTERVAL_AUTHORITY_NOT_CO_COLLECTED_IN_RG3	\N	\N	\N	\N	\N
COMPRESSION	RG3_JPN225_PERIOD_M5_1768176000_1768780800_17871390277607299118	6	1768344000	1768358400	NOT_EVALUABLE	AUCTION_INTERVAL_AUTHORITY_NOT_CO_COLLECTED_IN_RG3	\N	\N	\N	\N	\N
COMPRESSION	RG3_JPN225_PERIOD_M5_1768176000_1768780800_17871390277607299118	7	1768423800	1768432800	NOT_EVALUABLE	AUCTION_INTERVAL_AUTHORITY_NOT_CO_COLLECTED_IN_RG3	\N	\N	\N	\N	\N
COMPRESSION	RG3_JPN225_PERIOD_M5_1768176000_1768780800_17871390277607299118	8	1768479900	1768494000	NOT_EVALUABLE	AUCTION_INTERVAL_AUTHORITY_NOT_CO_COLLECTED_IN_RG3	\N	\N	\N	\N	\N
COMPRESSION	RG3_JPN225_PERIOD_M5_1768176000_1768780800_17871390277607299118	9	1768499700	1768511700	NOT_EVALUABLE	AUCTION_INTERVAL_AUTHORITY_NOT_CO_COLLECTED_IN_RG3	\N	\N	\N	\N	\N
COMPRESSION	RG3_JPN225_PERIOD_M5_1768176000_1768780800_17871390277607299118	10	1768514100	1768532100	NOT_EVALUABLE	AUCTION_INTERVAL_AUTHORITY_NOT_CO_COLLECTED_IN_RG3	\N	\N	\N	\N	\N
COMPRESSION	RG3_JPN225_PERIOD_M5_1768176000_1768780800_17871390277607299118	11	1768544100	1768552200	NOT_EVALUABLE	AUCTION_INTERVAL_AUTHORITY_NOT_CO_COLLECTED_IN_RG3	\N	\N	\N	\N	\N
COMPRESSION	RG3_JPN225_PERIOD_M5_1768176000_1768780800_17871390277607299118	12	1768552800	1768563300	NOT_EVALUABLE	AUCTION_INTERVAL_AUTHORITY_NOT_CO_COLLECTED_IN_RG3	\N	\N	\N	\N	\N
COMPRESSION	RG3_JPN225_PERIOD_M5_1768176000_1768780800_17871390277607299118	13	1768568400	1768577700	NOT_EVALUABLE	AUCTION_INTERVAL_AUTHORITY_NOT_CO_COLLECTED_IN_RG3	\N	\N	\N	\N	\N
COMPRESSION	RG3_JPN225_PERIOD_M5_1768176000_1768780800_17871390277607299118	14	1768587300	1768780800	NOT_EVALUABLE	AUCTION_INTERVAL_AUTHORITY_NOT_CO_COLLECTED_IN_RG3	\N	\N	\N	\N	\N
EXPANSION	RG3_JPN225_PERIOD_M5_1768176000_1768780800_17871390277607299118	1	1768202400	1768225200	NOT_EVALUABLE	AUCTION_INTERVAL_AUTHORITY_NOT_CO_COLLECTED_IN_RG3	\N	\N	\N	\N	\N
EXPANSION	RG3_JPN225_PERIOD_M5_1768176000_1768780800_17871390277607299118	2	1768235400	1768252800	NOT_EVALUABLE	AUCTION_INTERVAL_AUTHORITY_NOT_CO_COLLECTED_IN_RG3	\N	\N	\N	\N	\N
EXPANSION	RG3_JPN225_PERIOD_M5_1768176000_1768780800_17871390277607299118	3	1768270500	1768306500	NOT_EVALUABLE	AUCTION_INTERVAL_AUTHORITY_NOT_CO_COLLECTED_IN_RG3	\N	\N	\N	\N	\N
EXPANSION	RG3_JPN225_PERIOD_M5_1768176000_1768780800_17871390277607299118	4	1768313700	1768333500	NOT_EVALUABLE	AUCTION_INTERVAL_AUTHORITY_NOT_CO_COLLECTED_IN_RG3	\N	\N	\N	\N	\N
EXPANSION	RG3_JPN225_PERIOD_M5_1768176000_1768780800_17871390277607299118	5	1768335600	1768353300	NOT_EVALUABLE	AUCTION_INTERVAL_AUTHORITY_NOT_CO_COLLECTED_IN_RG3	\N	\N	\N	\N	\N
EXPANSION	RG3_JPN225_PERIOD_M5_1768176000_1768780800_17871390277607299118	6	1768358400	1768429500	NOT_EVALUABLE	AUCTION_INTERVAL_AUTHORITY_NOT_CO_COLLECTED_IN_RG3	\N	\N	\N	\N	\N
EXPANSION	RG3_JPN225_PERIOD_M5_1768176000_1768780800_17871390277607299118	7	1768432800	1768485600	NOT_EVALUABLE	AUCTION_INTERVAL_AUTHORITY_NOT_CO_COLLECTED_IN_RG3	\N	\N	\N	\N	\N
EXPANSION	RG3_JPN225_PERIOD_M5_1768176000_1768780800_17871390277607299118	8	1768494000	1768505400	NOT_EVALUABLE	AUCTION_INTERVAL_AUTHORITY_NOT_CO_COLLECTED_IN_RG3	\N	\N	\N	\N	\N
EXPANSION	RG3_JPN225_PERIOD_M5_1768176000_1768780800_17871390277607299118	9	1768511700	1768519800	NOT_EVALUABLE	AUCTION_INTERVAL_AUTHORITY_NOT_CO_COLLECTED_IN_RG3	\N	\N	\N	\N	\N
EXPANSION	RG3_JPN225_PERIOD_M5_1768176000_1768780800_17871390277607299118	10	1768532100	1768549800	NOT_EVALUABLE	AUCTION_INTERVAL_AUTHORITY_NOT_CO_COLLECTED_IN_RG3	\N	\N	\N	\N	\N
EXPANSION	RG3_JPN225_PERIOD_M5_1768176000_1768780800_17871390277607299118	11	1768552200	1768558500	NOT_EVALUABLE	AUCTION_INTERVAL_AUTHORITY_NOT_CO_COLLECTED_IN_RG3	\N	\N	\N	\N	\N
EXPANSION	RG3_JPN225_PERIOD_M5_1768176000_1768780800_17871390277607299118	12	1768563300	1768574100	NOT_EVALUABLE	AUCTION_INTERVAL_AUTHORITY_NOT_CO_COLLECTED_IN_RG3	\N	\N	\N	\N	\N
EXPANSION	RG3_JPN225_PERIOD_M5_1768176000_1768780800_17871390277607299118	13	1768577700	1768593000	NOT_EVALUABLE	AUCTION_INTERVAL_AUTHORITY_NOT_CO_COLLECTED_IN_RG3	\N	\N	\N	\N	\N
COMPRESSION	RG3_JPN225_PERIOD_M5_1771200000_1771804800_16175888908372551973	1	1771211400	1771224000	NOT_EVALUABLE	AUCTION_INTERVAL_AUTHORITY_NOT_CO_COLLECTED_IN_RG3	\N	\N	\N	\N	\N
COMPRESSION	RG3_JPN225_PERIOD_M5_1771200000_1771804800_16175888908372551973	2	1771232700	1771259400	NOT_EVALUABLE	AUCTION_INTERVAL_AUTHORITY_NOT_CO_COLLECTED_IN_RG3	\N	\N	\N	\N	\N
COMPRESSION	RG3_JPN225_PERIOD_M5_1771200000_1771804800_16175888908372551973	3	1771261800	1771297200	NOT_EVALUABLE	AUCTION_INTERVAL_AUTHORITY_NOT_CO_COLLECTED_IN_RG3	\N	\N	\N	\N	\N
COMPRESSION	RG3_JPN225_PERIOD_M5_1771200000_1771804800_16175888908372551973	4	1771360200	1771377600	NOT_EVALUABLE	AUCTION_INTERVAL_AUTHORITY_NOT_CO_COLLECTED_IN_RG3	\N	\N	\N	\N	\N
COMPRESSION	RG3_JPN225_PERIOD_M5_1771200000_1771804800_16175888908372551973	5	1771386900	1771397700	NOT_EVALUABLE	AUCTION_INTERVAL_AUTHORITY_NOT_CO_COLLECTED_IN_RG3	\N	\N	\N	\N	\N
COMPRESSION	RG3_JPN225_PERIOD_M5_1771200000_1771804800_16175888908372551973	6	1771401000	1771411500	NOT_EVALUABLE	AUCTION_INTERVAL_AUTHORITY_NOT_CO_COLLECTED_IN_RG3	\N	\N	\N	\N	\N
COMPRESSION	RG3_JPN225_PERIOD_M5_1771200000_1771804800_16175888908372551973	7	1771415100	1771423200	NOT_EVALUABLE	AUCTION_INTERVAL_AUTHORITY_NOT_CO_COLLECTED_IN_RG3	\N	\N	\N	\N	\N
COMPRESSION	RG3_JPN225_PERIOD_M5_1771200000_1771804800_16175888908372551973	8	1771434000	1771450500	NOT_EVALUABLE	AUCTION_INTERVAL_AUTHORITY_NOT_CO_COLLECTED_IN_RG3	\N	\N	\N	\N	\N
COMPRESSION	RG3_JPN225_PERIOD_M5_1771200000_1771804800_16175888908372551973	9	1771454100	1771477200	NOT_EVALUABLE	AUCTION_INTERVAL_AUTHORITY_NOT_CO_COLLECTED_IN_RG3	\N	\N	\N	\N	\N
COMPRESSION	RG3_JPN225_PERIOD_M5_1771200000_1771804800_16175888908372551973	10	1771482000	1771497000	NOT_EVALUABLE	AUCTION_INTERVAL_AUTHORITY_NOT_CO_COLLECTED_IN_RG3	\N	\N	\N	\N	\N
COMPRESSION	RG3_JPN225_PERIOD_M5_1771200000_1771804800_16175888908372551973	11	1771502400	1771514400	NOT_EVALUABLE	AUCTION_INTERVAL_AUTHORITY_NOT_CO_COLLECTED_IN_RG3	\N	\N	\N	\N	\N
COMPRESSION	RG3_JPN225_PERIOD_M5_1771200000_1771804800_16175888908372551973	12	1771533900	1771543500	NOT_EVALUABLE	AUCTION_INTERVAL_AUTHORITY_NOT_CO_COLLECTED_IN_RG3	\N	\N	\N	\N	\N
COMPRESSION	RG3_JPN225_PERIOD_M5_1771200000_1771804800_16175888908372551973	13	1771574100	1771585800	NOT_EVALUABLE	AUCTION_INTERVAL_AUTHORITY_NOT_CO_COLLECTED_IN_RG3	\N	\N	\N	\N	\N
COMPRESSION	RG3_JPN225_PERIOD_M5_1771200000_1771804800_16175888908372551973	14	1771595400	1771609500	NOT_EVALUABLE	AUCTION_INTERVAL_AUTHORITY_NOT_CO_COLLECTED_IN_RG3	\N	\N	\N	\N	\N
COMPRESSION	RG3_JPN225_PERIOD_M5_1771200000_1771804800_16175888908372551973	15	1771620900	1771804800	NOT_EVALUABLE	AUCTION_INTERVAL_AUTHORITY_NOT_CO_COLLECTED_IN_RG3	\N	\N	\N	\N	\N
EXPANSION	RG3_JPN225_PERIOD_M5_1771200000_1771804800_16175888908372551973	1	1771224000	1771238400	NOT_EVALUABLE	AUCTION_INTERVAL_AUTHORITY_NOT_CO_COLLECTED_IN_RG3	\N	\N	\N	\N	\N
EXPANSION	RG3_JPN225_PERIOD_M5_1771200000_1771804800_16175888908372551973	2	1771259400	1771267500	NOT_EVALUABLE	AUCTION_INTERVAL_AUTHORITY_NOT_CO_COLLECTED_IN_RG3	\N	\N	\N	\N	\N
EXPANSION	RG3_JPN225_PERIOD_M5_1771200000_1771804800_16175888908372551973	3	1771297200	1771365900	NOT_EVALUABLE	AUCTION_INTERVAL_AUTHORITY_NOT_CO_COLLECTED_IN_RG3	\N	\N	\N	\N	\N
EXPANSION	RG3_JPN225_PERIOD_M5_1771200000_1771804800_16175888908372551973	4	1771377600	1771392600	NOT_EVALUABLE	AUCTION_INTERVAL_AUTHORITY_NOT_CO_COLLECTED_IN_RG3	\N	\N	\N	\N	\N
EXPANSION	RG3_JPN225_PERIOD_M5_1771200000_1771804800_16175888908372551973	5	1771397700	1771406700	NOT_EVALUABLE	AUCTION_INTERVAL_AUTHORITY_NOT_CO_COLLECTED_IN_RG3	\N	\N	\N	\N	\N
EXPANSION	RG3_JPN225_PERIOD_M5_1771200000_1771804800_16175888908372551973	6	1771411500	1771420800	NOT_EVALUABLE	AUCTION_INTERVAL_AUTHORITY_NOT_CO_COLLECTED_IN_RG3	\N	\N	\N	\N	\N
EXPANSION	RG3_JPN225_PERIOD_M5_1771200000_1771804800_16175888908372551973	7	1771423200	1771439700	NOT_EVALUABLE	AUCTION_INTERVAL_AUTHORITY_NOT_CO_COLLECTED_IN_RG3	\N	\N	\N	\N	\N
EXPANSION	RG3_JPN225_PERIOD_M5_1771200000_1771804800_16175888908372551973	8	1771450500	1771463400	NOT_EVALUABLE	AUCTION_INTERVAL_AUTHORITY_NOT_CO_COLLECTED_IN_RG3	\N	\N	\N	\N	\N
EXPANSION	RG3_JPN225_PERIOD_M5_1771200000_1771804800_16175888908372551973	9	1771477200	1771487700	NOT_EVALUABLE	AUCTION_INTERVAL_AUTHORITY_NOT_CO_COLLECTED_IN_RG3	\N	\N	\N	\N	\N
EXPANSION	RG3_JPN225_PERIOD_M5_1771200000_1771804800_16175888908372551973	10	1771497000	1771508100	NOT_EVALUABLE	AUCTION_INTERVAL_AUTHORITY_NOT_CO_COLLECTED_IN_RG3	\N	\N	\N	\N	\N
EXPANSION	RG3_JPN225_PERIOD_M5_1771200000_1771804800_16175888908372551973	11	1771514400	1771539600	NOT_EVALUABLE	AUCTION_INTERVAL_AUTHORITY_NOT_CO_COLLECTED_IN_RG3	\N	\N	\N	\N	\N
EXPANSION	RG3_JPN225_PERIOD_M5_1771200000_1771804800_16175888908372551973	12	1771543500	1771579800	NOT_EVALUABLE	AUCTION_INTERVAL_AUTHORITY_NOT_CO_COLLECTED_IN_RG3	\N	\N	\N	\N	\N
EXPANSION	RG3_JPN225_PERIOD_M5_1771200000_1771804800_16175888908372551973	13	1771585800	1771601100	NOT_EVALUABLE	AUCTION_INTERVAL_AUTHORITY_NOT_CO_COLLECTED_IN_RG3	\N	\N	\N	\N	\N
EXPANSION	RG3_JPN225_PERIOD_M5_1771200000_1771804800_16175888908372551973	14	1771609500	1771626600	NOT_EVALUABLE	AUCTION_INTERVAL_AUTHORITY_NOT_CO_COLLECTED_IN_RG3	\N	\N	\N	\N	\N
COMPRESSION	RG3_JPN225_PERIOD_M5_1774224000_1774828800_828979282129269557	1	1774352400	1774364400	NOT_EVALUABLE	AUCTION_INTERVAL_AUTHORITY_NOT_CO_COLLECTED_IN_RG3	\N	\N	\N	\N	\N
COMPRESSION	RG3_JPN225_PERIOD_M5_1774224000_1774828800_828979282129269557	2	1774371600	1774380600	NOT_EVALUABLE	AUCTION_INTERVAL_AUTHORITY_NOT_CO_COLLECTED_IN_RG3	\N	\N	\N	\N	\N
COMPRESSION	RG3_JPN225_PERIOD_M5_1774224000_1774828800_828979282129269557	3	1774392000	1774405800	NOT_EVALUABLE	AUCTION_INTERVAL_AUTHORITY_NOT_CO_COLLECTED_IN_RG3	\N	\N	\N	\N	\N
COMPRESSION	RG3_JPN225_PERIOD_M5_1774224000_1774828800_828979282129269557	4	1774411500	1774419900	NOT_EVALUABLE	AUCTION_INTERVAL_AUTHORITY_NOT_CO_COLLECTED_IN_RG3	\N	\N	\N	\N	\N
COMPRESSION	RG3_JPN225_PERIOD_M5_1774224000_1774828800_828979282129269557	5	1774420500	1774434600	NOT_EVALUABLE	AUCTION_INTERVAL_AUTHORITY_NOT_CO_COLLECTED_IN_RG3	\N	\N	\N	\N	\N
COMPRESSION	RG3_JPN225_PERIOD_M5_1774224000_1774828800_828979282129269557	6	1774438200	1774461900	NOT_EVALUABLE	AUCTION_INTERVAL_AUTHORITY_NOT_CO_COLLECTED_IN_RG3	\N	\N	\N	\N	\N
COMPRESSION	RG3_JPN225_PERIOD_M5_1774224000_1774828800_828979282129269557	7	1774463100	1774485300	NOT_EVALUABLE	AUCTION_INTERVAL_AUTHORITY_NOT_CO_COLLECTED_IN_RG3	\N	\N	\N	\N	\N
COMPRESSION	RG3_JPN225_PERIOD_M5_1774224000_1774828800_828979282129269557	8	1774491000	1774499700	NOT_EVALUABLE	AUCTION_INTERVAL_AUTHORITY_NOT_CO_COLLECTED_IN_RG3	\N	\N	\N	\N	\N
COMPRESSION	RG3_JPN225_PERIOD_M5_1774224000_1774828800_828979282129269557	9	1774513500	1774524600	NOT_EVALUABLE	AUCTION_INTERVAL_AUTHORITY_NOT_CO_COLLECTED_IN_RG3	\N	\N	\N	\N	\N
COMPRESSION	RG3_JPN225_PERIOD_M5_1774224000_1774828800_828979282129269557	10	1774554300	1774562400	NOT_EVALUABLE	AUCTION_INTERVAL_AUTHORITY_NOT_CO_COLLECTED_IN_RG3	\N	\N	\N	\N	\N
COMPRESSION	RG3_JPN225_PERIOD_M5_1774224000_1774828800_828979282129269557	11	1774563900	1774577700	NOT_EVALUABLE	AUCTION_INTERVAL_AUTHORITY_NOT_CO_COLLECTED_IN_RG3	\N	\N	\N	\N	\N
COMPRESSION	RG3_JPN225_PERIOD_M5_1774224000_1774828800_828979282129269557	12	1774614900	1774628400	NOT_EVALUABLE	AUCTION_INTERVAL_AUTHORITY_NOT_CO_COLLECTED_IN_RG3	\N	\N	\N	\N	\N
COMPRESSION	RG3_JPN225_PERIOD_M5_1774224000_1774828800_828979282129269557	13	1774639500	1774650600	NOT_EVALUABLE	AUCTION_INTERVAL_AUTHORITY_NOT_CO_COLLECTED_IN_RG3	\N	\N	\N	\N	\N
EXPANSION	RG3_JPN225_PERIOD_M5_1774224000_1774828800_828979282129269557	1	1774364400	1774377300	NOT_EVALUABLE	AUCTION_INTERVAL_AUTHORITY_NOT_CO_COLLECTED_IN_RG3	\N	\N	\N	\N	\N
EXPANSION	RG3_JPN225_PERIOD_M5_1774224000_1774828800_828979282129269557	2	1774380600	1774401300	NOT_EVALUABLE	AUCTION_INTERVAL_AUTHORITY_NOT_CO_COLLECTED_IN_RG3	\N	\N	\N	\N	\N
EXPANSION	RG3_JPN225_PERIOD_M5_1774224000_1774828800_828979282129269557	3	1774405800	1774417200	NOT_EVALUABLE	AUCTION_INTERVAL_AUTHORITY_NOT_CO_COLLECTED_IN_RG3	\N	\N	\N	\N	\N
EXPANSION	RG3_JPN225_PERIOD_M5_1774224000_1774828800_828979282129269557	4	1774419900	1774426200	NOT_EVALUABLE	AUCTION_INTERVAL_AUTHORITY_NOT_CO_COLLECTED_IN_RG3	\N	\N	\N	\N	\N
EXPANSION	RG3_JPN225_PERIOD_M5_1774224000_1774828800_828979282129269557	5	1774434600	1774443900	NOT_EVALUABLE	AUCTION_INTERVAL_AUTHORITY_NOT_CO_COLLECTED_IN_RG3	\N	\N	\N	\N	\N
EXPANSION	RG3_JPN225_PERIOD_M5_1774224000_1774828800_828979282129269557	6	1774461900	1774468800	NOT_EVALUABLE	AUCTION_INTERVAL_AUTHORITY_NOT_CO_COLLECTED_IN_RG3	\N	\N	\N	\N	\N
EXPANSION	RG3_JPN225_PERIOD_M5_1774224000_1774828800_828979282129269557	7	1774485300	1774496700	NOT_EVALUABLE	AUCTION_INTERVAL_AUTHORITY_NOT_CO_COLLECTED_IN_RG3	\N	\N	\N	\N	\N
EXPANSION	RG3_JPN225_PERIOD_M5_1774224000_1774828800_828979282129269557	8	1774499700	1774519200	NOT_EVALUABLE	AUCTION_INTERVAL_AUTHORITY_NOT_CO_COLLECTED_IN_RG3	\N	\N	\N	\N	\N
EXPANSION	RG3_JPN225_PERIOD_M5_1774224000_1774828800_828979282129269557	9	1774524600	1774560000	NOT_EVALUABLE	AUCTION_INTERVAL_AUTHORITY_NOT_CO_COLLECTED_IN_RG3	\N	\N	\N	\N	\N
EXPANSION	RG3_JPN225_PERIOD_M5_1774224000_1774828800_828979282129269557	10	1774562400	1774573200	NOT_EVALUABLE	AUCTION_INTERVAL_AUTHORITY_NOT_CO_COLLECTED_IN_RG3	\N	\N	\N	\N	\N
EXPANSION	RG3_JPN225_PERIOD_M5_1774224000_1774828800_828979282129269557	11	1774577700	1774620600	NOT_EVALUABLE	AUCTION_INTERVAL_AUTHORITY_NOT_CO_COLLECTED_IN_RG3	\N	\N	\N	\N	\N
EXPANSION	RG3_JPN225_PERIOD_M5_1774224000_1774828800_828979282129269557	12	1774628400	1774645200	NOT_EVALUABLE	AUCTION_INTERVAL_AUTHORITY_NOT_CO_COLLECTED_IN_RG3	\N	\N	\N	\N	\N
EXPANSION	RG3_JPN225_PERIOD_M5_1774224000_1774828800_828979282129269557	13	1774650600	1774828800	NOT_EVALUABLE	AUCTION_INTERVAL_AUTHORITY_NOT_CO_COLLECTED_IN_RG3	\N	\N	\N	\N	\N
COMPRESSION	RG3_JPN225_PERIOD_M5_1777852800_1778457600_731365208587059786	1	1777867800	1777883700	NOT_EVALUABLE	AUCTION_INTERVAL_AUTHORITY_NOT_CO_COLLECTED_IN_RG3	\N	\N	\N	\N	\N
COMPRESSION	RG3_JPN225_PERIOD_M5_1777852800_1778457600_731365208587059786	2	1777892400	1777901400	NOT_EVALUABLE	AUCTION_INTERVAL_AUTHORITY_NOT_CO_COLLECTED_IN_RG3	\N	\N	\N	\N	\N
COMPRESSION	RG3_JPN225_PERIOD_M5_1777852800_1778457600_731365208587059786	3	1777932300	1777945200	NOT_EVALUABLE	AUCTION_INTERVAL_AUTHORITY_NOT_CO_COLLECTED_IN_RG3	\N	\N	\N	\N	\N
COMPRESSION	RG3_JPN225_PERIOD_M5_1777852800_1778457600_731365208587059786	4	1777949400	1777959000	NOT_EVALUABLE	AUCTION_INTERVAL_AUTHORITY_NOT_CO_COLLECTED_IN_RG3	\N	\N	\N	\N	\N
COMPRESSION	RG3_JPN225_PERIOD_M5_1777852800_1778457600_731365208587059786	5	1777961100	1777976700	NOT_EVALUABLE	AUCTION_INTERVAL_AUTHORITY_NOT_CO_COLLECTED_IN_RG3	\N	\N	\N	\N	\N
COMPRESSION	RG3_JPN225_PERIOD_M5_1777852800_1778457600_731365208587059786	6	1777978500	1777991400	NOT_EVALUABLE	AUCTION_INTERVAL_AUTHORITY_NOT_CO_COLLECTED_IN_RG3	\N	\N	\N	\N	\N
COMPRESSION	RG3_JPN225_PERIOD_M5_1777852800_1778457600_731365208587059786	7	1778006100	1778014500	NOT_EVALUABLE	AUCTION_INTERVAL_AUTHORITY_NOT_CO_COLLECTED_IN_RG3	\N	\N	\N	\N	\N
COMPRESSION	RG3_JPN225_PERIOD_M5_1777852800_1778457600_731365208587059786	8	1778015100	1778029800	NOT_EVALUABLE	AUCTION_INTERVAL_AUTHORITY_NOT_CO_COLLECTED_IN_RG3	\N	\N	\N	\N	\N
COMPRESSION	RG3_JPN225_PERIOD_M5_1777852800_1778457600_731365208587059786	9	1778058000	1778067000	NOT_EVALUABLE	AUCTION_INTERVAL_AUTHORITY_NOT_CO_COLLECTED_IN_RG3	\N	\N	\N	\N	\N
COMPRESSION	RG3_JPN225_PERIOD_M5_1777852800_1778457600_731365208587059786	10	1778245800	1778255700	NOT_EVALUABLE	AUCTION_INTERVAL_AUTHORITY_NOT_CO_COLLECTED_IN_RG3	\N	\N	\N	\N	\N
COMPRESSION	RG3_JPN225_PERIOD_M5_1777852800_1778457600_731365208587059786	11	1778259900	1778268600	NOT_EVALUABLE	AUCTION_INTERVAL_AUTHORITY_NOT_CO_COLLECTED_IN_RG3	\N	\N	\N	\N	\N
EXPANSION	RG3_JPN225_PERIOD_M5_1777852800_1778457600_731365208587059786	1	1777883700	1777898100	NOT_EVALUABLE	AUCTION_INTERVAL_AUTHORITY_NOT_CO_COLLECTED_IN_RG3	\N	\N	\N	\N	\N
EXPANSION	RG3_JPN225_PERIOD_M5_1777852800_1778457600_731365208587059786	2	1777901400	1777938000	NOT_EVALUABLE	AUCTION_INTERVAL_AUTHORITY_NOT_CO_COLLECTED_IN_RG3	\N	\N	\N	\N	\N
EXPANSION	RG3_JPN225_PERIOD_M5_1777852800_1778457600_731365208587059786	3	1777945200	1777955100	NOT_EVALUABLE	AUCTION_INTERVAL_AUTHORITY_NOT_CO_COLLECTED_IN_RG3	\N	\N	\N	\N	\N
EXPANSION	RG3_JPN225_PERIOD_M5_1777852800_1778457600_731365208587059786	4	1777959000	1777966800	NOT_EVALUABLE	AUCTION_INTERVAL_AUTHORITY_NOT_CO_COLLECTED_IN_RG3	\N	\N	\N	\N	\N
EXPANSION	RG3_JPN225_PERIOD_M5_1777852800_1778457600_731365208587059786	5	1777976700	1777984200	NOT_EVALUABLE	AUCTION_INTERVAL_AUTHORITY_NOT_CO_COLLECTED_IN_RG3	\N	\N	\N	\N	\N
EXPANSION	RG3_JPN225_PERIOD_M5_1777852800_1778457600_731365208587059786	6	1777991400	1778011800	NOT_EVALUABLE	AUCTION_INTERVAL_AUTHORITY_NOT_CO_COLLECTED_IN_RG3	\N	\N	\N	\N	\N
EXPANSION	RG3_JPN225_PERIOD_M5_1777852800_1778457600_731365208587059786	7	1778014500	1778020800	NOT_EVALUABLE	AUCTION_INTERVAL_AUTHORITY_NOT_CO_COLLECTED_IN_RG3	\N	\N	\N	\N	\N
EXPANSION	RG3_JPN225_PERIOD_M5_1777852800_1778457600_731365208587059786	8	1778029800	1778063700	NOT_EVALUABLE	AUCTION_INTERVAL_AUTHORITY_NOT_CO_COLLECTED_IN_RG3	\N	\N	\N	\N	\N
EXPANSION	RG3_JPN225_PERIOD_M5_1777852800_1778457600_731365208587059786	9	1778067000	1778224200	NOT_EVALUABLE	AUCTION_INTERVAL_AUTHORITY_NOT_CO_COLLECTED_IN_RG3	\N	\N	\N	\N	\N
EXPANSION	RG3_JPN225_PERIOD_M5_1777852800_1778457600_731365208587059786	10	1778255700	1778265600	NOT_EVALUABLE	AUCTION_INTERVAL_AUTHORITY_NOT_CO_COLLECTED_IN_RG3	\N	\N	\N	\N	\N
EXPANSION	RG3_JPN225_PERIOD_M5_1777852800_1778457600_731365208587059786	11	1778268600	1778457600	NOT_EVALUABLE	AUCTION_INTERVAL_AUTHORITY_NOT_CO_COLLECTED_IN_RG3	\N	\N	\N	\N	\N
COMPRESSION	RG3_JPN225_PERIOD_M5_1781481600_1782086400_9437459071525760070	1	1781498400	1781507100	NOT_EVALUABLE	AUCTION_INTERVAL_AUTHORITY_NOT_CO_COLLECTED_IN_RG3	\N	\N	\N	\N	\N
COMPRESSION	RG3_JPN225_PERIOD_M5_1781481600_1782086400_9437459071525760070	2	1781507700	1781523300	NOT_EVALUABLE	AUCTION_INTERVAL_AUTHORITY_NOT_CO_COLLECTED_IN_RG3	\N	\N	\N	\N	\N
COMPRESSION	RG3_JPN225_PERIOD_M5_1781481600_1782086400_9437459071525760070	3	1781525100	1781550300	NOT_EVALUABLE	AUCTION_INTERVAL_AUTHORITY_NOT_CO_COLLECTED_IN_RG3	\N	\N	\N	\N	\N
COMPRESSION	RG3_JPN225_PERIOD_M5_1781481600_1782086400_9437459071525760070	4	1781550900	1781574000	NOT_EVALUABLE	AUCTION_INTERVAL_AUTHORITY_NOT_CO_COLLECTED_IN_RG3	\N	\N	\N	\N	\N
COMPRESSION	RG3_JPN225_PERIOD_M5_1781481600_1782086400_9437459071525760070	5	1781581200	1781592600	NOT_EVALUABLE	AUCTION_INTERVAL_AUTHORITY_NOT_CO_COLLECTED_IN_RG3	\N	\N	\N	\N	\N
COMPRESSION	RG3_JPN225_PERIOD_M5_1781481600_1782086400_9437459071525760070	6	1781604300	1781622900	NOT_EVALUABLE	AUCTION_INTERVAL_AUTHORITY_NOT_CO_COLLECTED_IN_RG3	\N	\N	\N	\N	\N
COMPRESSION	RG3_JPN225_PERIOD_M5_1781481600_1782086400_9437459071525760070	7	1781638800	1781650800	NOT_EVALUABLE	AUCTION_INTERVAL_AUTHORITY_NOT_CO_COLLECTED_IN_RG3	\N	\N	\N	\N	\N
COMPRESSION	RG3_JPN225_PERIOD_M5_1781481600_1782086400_9437459071525760070	8	1781651400	1781667300	NOT_EVALUABLE	AUCTION_INTERVAL_AUTHORITY_NOT_CO_COLLECTED_IN_RG3	\N	\N	\N	\N	\N
COMPRESSION	RG3_JPN225_PERIOD_M5_1781481600_1782086400_9437459071525760070	9	1781670300	1781680200	NOT_EVALUABLE	AUCTION_INTERVAL_AUTHORITY_NOT_CO_COLLECTED_IN_RG3	\N	\N	\N	\N	\N
COMPRESSION	RG3_JPN225_PERIOD_M5_1781481600_1782086400_9437459071525760070	10	1781683200	1781696400	NOT_EVALUABLE	AUCTION_INTERVAL_AUTHORITY_NOT_CO_COLLECTED_IN_RG3	\N	\N	\N	\N	\N
COMPRESSION	RG3_JPN225_PERIOD_M5_1781481600_1782086400_9437459071525760070	11	1781701800	1781710500	NOT_EVALUABLE	AUCTION_INTERVAL_AUTHORITY_NOT_CO_COLLECTED_IN_RG3	\N	\N	\N	\N	\N
COMPRESSION	RG3_JPN225_PERIOD_M5_1781481600_1782086400_9437459071525760070	12	1781721300	1781732100	NOT_EVALUABLE	AUCTION_INTERVAL_AUTHORITY_NOT_CO_COLLECTED_IN_RG3	\N	\N	\N	\N	\N
COMPRESSION	RG3_JPN225_PERIOD_M5_1781481600_1782086400_9437459071525760070	13	1781766600	1781779500	NOT_EVALUABLE	AUCTION_INTERVAL_AUTHORITY_NOT_CO_COLLECTED_IN_RG3	\N	\N	\N	\N	\N
COMPRESSION	RG3_JPN225_PERIOD_M5_1781481600_1782086400_9437459071525760070	14	1781801700	1781811300	NOT_EVALUABLE	AUCTION_INTERVAL_AUTHORITY_NOT_CO_COLLECTED_IN_RG3	\N	\N	\N	\N	\N
COMPRESSION	RG3_JPN225_PERIOD_M5_1781481600_1782086400_9437459071525760070	15	1781811900	1781831400	NOT_EVALUABLE	AUCTION_INTERVAL_AUTHORITY_NOT_CO_COLLECTED_IN_RG3	\N	\N	\N	\N	\N
COMPRESSION	RG3_JPN225_PERIOD_M5_1781481600_1782086400_9437459071525760070	16	1781866500	1781877900	NOT_EVALUABLE	AUCTION_INTERVAL_AUTHORITY_NOT_CO_COLLECTED_IN_RG3	\N	\N	\N	\N	\N
COMPRESSION	RG3_JPN225_PERIOD_M5_1781481600_1782086400_9437459071525760070	17	1781884200	1782086400	NOT_EVALUABLE	AUCTION_INTERVAL_AUTHORITY_NOT_CO_COLLECTED_IN_RG3	\N	\N	\N	\N	\N
EXPANSION	RG3_JPN225_PERIOD_M5_1781481600_1782086400_9437459071525760070	1	1781507100	1781513400	NOT_EVALUABLE	AUCTION_INTERVAL_AUTHORITY_NOT_CO_COLLECTED_IN_RG3	\N	\N	\N	\N	\N
EXPANSION	RG3_JPN225_PERIOD_M5_1781481600_1782086400_9437459071525760070	2	1781523300	1781530800	NOT_EVALUABLE	AUCTION_INTERVAL_AUTHORITY_NOT_CO_COLLECTED_IN_RG3	\N	\N	\N	\N	\N
EXPANSION	RG3_JPN225_PERIOD_M5_1781481600_1782086400_9437459071525760070	3	1781550300	1781556600	NOT_EVALUABLE	AUCTION_INTERVAL_AUTHORITY_NOT_CO_COLLECTED_IN_RG3	\N	\N	\N	\N	\N
EXPANSION	RG3_JPN225_PERIOD_M5_1781481600_1782086400_9437459071525760070	4	1781574000	1781586900	NOT_EVALUABLE	AUCTION_INTERVAL_AUTHORITY_NOT_CO_COLLECTED_IN_RG3	\N	\N	\N	\N	\N
EXPANSION	RG3_JPN225_PERIOD_M5_1781481600_1782086400_9437459071525760070	5	1781592600	1781610000	NOT_EVALUABLE	AUCTION_INTERVAL_AUTHORITY_NOT_CO_COLLECTED_IN_RG3	\N	\N	\N	\N	\N
EXPANSION	RG3_JPN225_PERIOD_M5_1781481600_1782086400_9437459071525760070	6	1781622900	1781644500	NOT_EVALUABLE	AUCTION_INTERVAL_AUTHORITY_NOT_CO_COLLECTED_IN_RG3	\N	\N	\N	\N	\N
EXPANSION	RG3_JPN225_PERIOD_M5_1781481600_1782086400_9437459071525760070	7	1781650800	1781660700	NOT_EVALUABLE	AUCTION_INTERVAL_AUTHORITY_NOT_CO_COLLECTED_IN_RG3	\N	\N	\N	\N	\N
EXPANSION	RG3_JPN225_PERIOD_M5_1781481600_1782086400_9437459071525760070	8	1781667300	1781676000	NOT_EVALUABLE	AUCTION_INTERVAL_AUTHORITY_NOT_CO_COLLECTED_IN_RG3	\N	\N	\N	\N	\N
EXPANSION	RG3_JPN225_PERIOD_M5_1781481600_1782086400_9437459071525760070	9	1781680200	1781688900	NOT_EVALUABLE	AUCTION_INTERVAL_AUTHORITY_NOT_CO_COLLECTED_IN_RG3	\N	\N	\N	\N	\N
EXPANSION	RG3_JPN225_PERIOD_M5_1781481600_1782086400_9437459071525760070	10	1781696400	1781707500	NOT_EVALUABLE	AUCTION_INTERVAL_AUTHORITY_NOT_CO_COLLECTED_IN_RG3	\N	\N	\N	\N	\N
EXPANSION	RG3_JPN225_PERIOD_M5_1781481600_1782086400_9437459071525760070	11	1781710500	1781727000	NOT_EVALUABLE	AUCTION_INTERVAL_AUTHORITY_NOT_CO_COLLECTED_IN_RG3	\N	\N	\N	\N	\N
EXPANSION	RG3_JPN225_PERIOD_M5_1781481600_1782086400_9437459071525760070	12	1781732100	1781772300	NOT_EVALUABLE	AUCTION_INTERVAL_AUTHORITY_NOT_CO_COLLECTED_IN_RG3	\N	\N	\N	\N	\N
EXPANSION	RG3_JPN225_PERIOD_M5_1781481600_1782086400_9437459071525760070	13	1781779500	1781807400	NOT_EVALUABLE	AUCTION_INTERVAL_AUTHORITY_NOT_CO_COLLECTED_IN_RG3	\N	\N	\N	\N	\N
EXPANSION	RG3_JPN225_PERIOD_M5_1781481600_1782086400_9437459071525760070	14	1781811300	1781817600	NOT_EVALUABLE	AUCTION_INTERVAL_AUTHORITY_NOT_CO_COLLECTED_IN_RG3	\N	\N	\N	\N	\N
EXPANSION	RG3_JPN225_PERIOD_M5_1781481600_1782086400_9437459071525760070	15	1781831400	1781872200	NOT_EVALUABLE	AUCTION_INTERVAL_AUTHORITY_NOT_CO_COLLECTED_IN_RG3	\N	\N	\N	\N	\N
EXPANSION	RG3_JPN225_PERIOD_M5_1781481600_1782086400_9437459071525760070	16	1781877900	1781889900	NOT_EVALUABLE	AUCTION_INTERVAL_AUTHORITY_NOT_CO_COLLECTED_IN_RG3	\N	\N	\N	\N	\N
COMPRESSION	RG3_JPN225_PERIOD_M5_1783900800_1784505600_16697415774406944896	1	1783941600	1783967100	NOT_EVALUABLE	AUCTION_INTERVAL_AUTHORITY_NOT_CO_COLLECTED_IN_RG3	\N	\N	\N	\N	\N
COMPRESSION	RG3_JPN225_PERIOD_M5_1783900800_1784505600_16697415774406944896	2	1783980300	1783993500	NOT_EVALUABLE	AUCTION_INTERVAL_AUTHORITY_NOT_CO_COLLECTED_IN_RG3	\N	\N	\N	\N	\N
COMPRESSION	RG3_JPN225_PERIOD_M5_1783900800_1784505600_16697415774406944896	3	1784016600	1784040000	NOT_EVALUABLE	AUCTION_INTERVAL_AUTHORITY_NOT_CO_COLLECTED_IN_RG3	\N	\N	\N	\N	\N
COMPRESSION	RG3_JPN225_PERIOD_M5_1783900800_1784505600_16697415774406944896	4	1784054400	1784084100	NOT_EVALUABLE	AUCTION_INTERVAL_AUTHORITY_NOT_CO_COLLECTED_IN_RG3	\N	\N	\N	\N	\N
COMPRESSION	RG3_JPN225_PERIOD_M5_1783900800_1784505600_16697415774406944896	5	1784091300	1784100000	NOT_EVALUABLE	AUCTION_INTERVAL_AUTHORITY_NOT_CO_COLLECTED_IN_RG3	\N	\N	\N	\N	\N
COMPRESSION	RG3_JPN225_PERIOD_M5_1783900800_1784505600_16697415774406944896	6	1784105100	1784115000	NOT_EVALUABLE	AUCTION_INTERVAL_AUTHORITY_NOT_CO_COLLECTED_IN_RG3	\N	\N	\N	\N	\N
COMPRESSION	RG3_JPN225_PERIOD_M5_1783900800_1784505600_16697415774406944896	7	1784115600	1784125500	NOT_EVALUABLE	AUCTION_INTERVAL_AUTHORITY_NOT_CO_COLLECTED_IN_RG3	\N	\N	\N	\N	\N
COMPRESSION	RG3_JPN225_PERIOD_M5_1783900800_1784505600_16697415774406944896	8	1784151300	1784172900	NOT_EVALUABLE	AUCTION_INTERVAL_AUTHORITY_NOT_CO_COLLECTED_IN_RG3	\N	\N	\N	\N	\N
COMPRESSION	RG3_JPN225_PERIOD_M5_1783900800_1784505600_16697415774406944896	9	1784229000	1784239200	NOT_EVALUABLE	AUCTION_INTERVAL_AUTHORITY_NOT_CO_COLLECTED_IN_RG3	\N	\N	\N	\N	\N
COMPRESSION	RG3_JPN225_PERIOD_M5_1783900800_1784505600_16697415774406944896	10	1784242800	1784258700	NOT_EVALUABLE	AUCTION_INTERVAL_AUTHORITY_NOT_CO_COLLECTED_IN_RG3	\N	\N	\N	\N	\N
COMPRESSION	RG3_JPN225_PERIOD_M5_1783900800_1784505600_16697415774406944896	11	1784294700	1784304900	NOT_EVALUABLE	AUCTION_INTERVAL_AUTHORITY_NOT_CO_COLLECTED_IN_RG3	\N	\N	\N	\N	\N
COMPRESSION	RG3_JPN225_PERIOD_M5_1783900800_1784505600_16697415774406944896	12	1784317200	1784505600	NOT_EVALUABLE	AUCTION_INTERVAL_AUTHORITY_NOT_CO_COLLECTED_IN_RG3	\N	\N	\N	\N	\N
EXPANSION	RG3_JPN225_PERIOD_M5_1783900800_1784505600_16697415774406944896	1	1783967100	1783986000	NOT_EVALUABLE	AUCTION_INTERVAL_AUTHORITY_NOT_CO_COLLECTED_IN_RG3	\N	\N	\N	\N	\N
EXPANSION	RG3_JPN225_PERIOD_M5_1783900800_1784505600_16697415774406944896	2	1783993500	1784022300	NOT_EVALUABLE	AUCTION_INTERVAL_AUTHORITY_NOT_CO_COLLECTED_IN_RG3	\N	\N	\N	\N	\N
EXPANSION	RG3_JPN225_PERIOD_M5_1783900800_1784505600_16697415774406944896	3	1784040000	1784060100	NOT_EVALUABLE	AUCTION_INTERVAL_AUTHORITY_NOT_CO_COLLECTED_IN_RG3	\N	\N	\N	\N	\N
EXPANSION	RG3_JPN225_PERIOD_M5_1783900800_1784505600_16697415774406944896	4	1784084100	1784097000	NOT_EVALUABLE	AUCTION_INTERVAL_AUTHORITY_NOT_CO_COLLECTED_IN_RG3	\N	\N	\N	\N	\N
EXPANSION	RG3_JPN225_PERIOD_M5_1783900800_1784505600_16697415774406944896	5	1784100000	1784110800	NOT_EVALUABLE	AUCTION_INTERVAL_AUTHORITY_NOT_CO_COLLECTED_IN_RG3	\N	\N	\N	\N	\N
EXPANSION	RG3_JPN225_PERIOD_M5_1783900800_1784505600_16697415774406944896	6	1784115000	1784121300	NOT_EVALUABLE	AUCTION_INTERVAL_AUTHORITY_NOT_CO_COLLECTED_IN_RG3	\N	\N	\N	\N	\N
EXPANSION	RG3_JPN225_PERIOD_M5_1783900800_1784505600_16697415774406944896	7	1784125500	1784157000	NOT_EVALUABLE	AUCTION_INTERVAL_AUTHORITY_NOT_CO_COLLECTED_IN_RG3	\N	\N	\N	\N	\N
EXPANSION	RG3_JPN225_PERIOD_M5_1783900800_1784505600_16697415774406944896	8	1784172900	1784234700	NOT_EVALUABLE	AUCTION_INTERVAL_AUTHORITY_NOT_CO_COLLECTED_IN_RG3	\N	\N	\N	\N	\N
EXPANSION	RG3_JPN225_PERIOD_M5_1783900800_1784505600_16697415774406944896	9	1784239200	1784252100	NOT_EVALUABLE	AUCTION_INTERVAL_AUTHORITY_NOT_CO_COLLECTED_IN_RG3	\N	\N	\N	\N	\N
EXPANSION	RG3_JPN225_PERIOD_M5_1783900800_1784505600_16697415774406944896	10	1784258700	1784300400	NOT_EVALUABLE	AUCTION_INTERVAL_AUTHORITY_NOT_CO_COLLECTED_IN_RG3	\N	\N	\N	\N	\N
EXPANSION	RG3_JPN225_PERIOD_M5_1783900800_1784505600_16697415774406944896	11	1784304900	1784322900	NOT_EVALUABLE	AUCTION_INTERVAL_AUTHORITY_NOT_CO_COLLECTED_IN_RG3	\N	\N	\N	\N	\N
COMPRESSION	RG3_JPN225_PERIOD_M5_1785715200_1786060800_16673594142441126755	1	1785740100	1785756600	NOT_EVALUABLE	AUCTION_INTERVAL_AUTHORITY_NOT_CO_COLLECTED_IN_RG3	\N	\N	\N	\N	\N
COMPRESSION	RG3_JPN225_PERIOD_M5_1785715200_1786060800_16673594142441126755	2	1785768600	1785779400	NOT_EVALUABLE	AUCTION_INTERVAL_AUTHORITY_NOT_CO_COLLECTED_IN_RG3	\N	\N	\N	\N	\N
COMPRESSION	RG3_JPN225_PERIOD_M5_1785715200_1786060800_16673594142441126755	3	1785781800	1785792300	NOT_EVALUABLE	AUCTION_INTERVAL_AUTHORITY_NOT_CO_COLLECTED_IN_RG3	\N	\N	\N	\N	\N
COMPRESSION	RG3_JPN225_PERIOD_M5_1785715200_1786060800_16673594142441126755	4	1785796800	1785813000	NOT_EVALUABLE	AUCTION_INTERVAL_AUTHORITY_NOT_CO_COLLECTED_IN_RG3	\N	\N	\N	\N	\N
COMPRESSION	RG3_JPN225_PERIOD_M5_1785715200_1786060800_16673594142441126755	5	1785819600	1785833400	NOT_EVALUABLE	AUCTION_INTERVAL_AUTHORITY_NOT_CO_COLLECTED_IN_RG3	\N	\N	\N	\N	\N
COMPRESSION	RG3_JPN225_PERIOD_M5_1785715200_1786060800_16673594142441126755	6	1785837000	1785845100	NOT_EVALUABLE	AUCTION_INTERVAL_AUTHORITY_NOT_CO_COLLECTED_IN_RG3	\N	\N	\N	\N	\N
COMPRESSION	RG3_JPN225_PERIOD_M5_1785715200_1786060800_16673594142441126755	7	1785874200	1785895200	NOT_EVALUABLE	AUCTION_INTERVAL_AUTHORITY_NOT_CO_COLLECTED_IN_RG3	\N	\N	\N	\N	\N
COMPRESSION	RG3_JPN225_PERIOD_M5_1785715200_1786060800_16673594142441126755	8	1785915000	1785927300	NOT_EVALUABLE	AUCTION_INTERVAL_AUTHORITY_NOT_CO_COLLECTED_IN_RG3	\N	\N	\N	\N	\N
COMPRESSION	RG3_JPN225_PERIOD_M5_1785715200_1786060800_16673594142441126755	9	1785952200	1785972300	NOT_EVALUABLE	AUCTION_INTERVAL_AUTHORITY_NOT_CO_COLLECTED_IN_RG3	\N	\N	\N	\N	\N
COMPRESSION	RG3_JPN225_PERIOD_M5_1785715200_1786060800_16673594142441126755	10	1786015200	1786026600	NOT_EVALUABLE	AUCTION_INTERVAL_AUTHORITY_NOT_CO_COLLECTED_IN_RG3	\N	\N	\N	\N	\N
COMPRESSION	RG3_JPN225_PERIOD_M5_1785715200_1786060800_16673594142441126755	11	1786042200	1786056000	NOT_EVALUABLE	AUCTION_INTERVAL_AUTHORITY_NOT_CO_COLLECTED_IN_RG3	\N	\N	\N	\N	\N
EXPANSION	RG3_JPN225_PERIOD_M5_1785715200_1786060800_16673594142441126755	1	1785756600	1785774300	NOT_EVALUABLE	AUCTION_INTERVAL_AUTHORITY_NOT_CO_COLLECTED_IN_RG3	\N	\N	\N	\N	\N
EXPANSION	RG3_JPN225_PERIOD_M5_1785715200_1786060800_16673594142441126755	2	1785779400	1785787500	NOT_EVALUABLE	AUCTION_INTERVAL_AUTHORITY_NOT_CO_COLLECTED_IN_RG3	\N	\N	\N	\N	\N
EXPANSION	RG3_JPN225_PERIOD_M5_1785715200_1786060800_16673594142441126755	3	1785792300	1785806400	NOT_EVALUABLE	AUCTION_INTERVAL_AUTHORITY_NOT_CO_COLLECTED_IN_RG3	\N	\N	\N	\N	\N
EXPANSION	RG3_JPN225_PERIOD_M5_1785715200_1786060800_16673594142441126755	4	1785813000	1785825300	NOT_EVALUABLE	AUCTION_INTERVAL_AUTHORITY_NOT_CO_COLLECTED_IN_RG3	\N	\N	\N	\N	\N
EXPANSION	RG3_JPN225_PERIOD_M5_1785715200_1786060800_16673594142441126755	5	1785833400	1785842700	NOT_EVALUABLE	AUCTION_INTERVAL_AUTHORITY_NOT_CO_COLLECTED_IN_RG3	\N	\N	\N	\N	\N
EXPANSION	RG3_JPN225_PERIOD_M5_1785715200_1786060800_16673594142441126755	6	1785845100	1785879900	NOT_EVALUABLE	AUCTION_INTERVAL_AUTHORITY_NOT_CO_COLLECTED_IN_RG3	\N	\N	\N	\N	\N
EXPANSION	RG3_JPN225_PERIOD_M5_1785715200_1786060800_16673594142441126755	7	1785895200	1785920700	NOT_EVALUABLE	AUCTION_INTERVAL_AUTHORITY_NOT_CO_COLLECTED_IN_RG3	\N	\N	\N	\N	\N
EXPANSION	RG3_JPN225_PERIOD_M5_1785715200_1786060800_16673594142441126755	8	1785927300	1785957900	NOT_EVALUABLE	AUCTION_INTERVAL_AUTHORITY_NOT_CO_COLLECTED_IN_RG3	\N	\N	\N	\N	\N
EXPANSION	RG3_JPN225_PERIOD_M5_1785715200_1786060800_16673594142441126755	9	1785972300	1786020900	NOT_EVALUABLE	AUCTION_INTERVAL_AUTHORITY_NOT_CO_COLLECTED_IN_RG3	\N	\N	\N	\N	\N
EXPANSION	RG3_JPN225_PERIOD_M5_1785715200_1786060800_16673594142441126755	10	1786026600	1786047900	NOT_EVALUABLE	AUCTION_INTERVAL_AUTHORITY_NOT_CO_COLLECTED_IN_RG3	\N	\N	\N	\N	\N
EXPANSION	RG3_JPN225_PERIOD_M5_1785715200_1786060800_16673594142441126755	11	1786056000	1786060800	NOT_EVALUABLE	AUCTION_INTERVAL_AUTHORITY_NOT_CO_COLLECTED_IN_RG3	\N	\N	\N	\N	\N
COMPRESSION	RG3_US30_PERIOD_M5_1768176000_1768780800_14299449350608203917	1	1768193400	1768215000	NOT_EVALUABLE	AUCTION_INTERVAL_AUTHORITY_NOT_CO_COLLECTED_IN_RG3	\N	\N	\N	\N	\N
COMPRESSION	RG3_US30_PERIOD_M5_1768176000_1768780800_14299449350608203917	2	1768216500	1768232700	NOT_EVALUABLE	AUCTION_INTERVAL_AUTHORITY_NOT_CO_COLLECTED_IN_RG3	\N	\N	\N	\N	\N
COMPRESSION	RG3_US30_PERIOD_M5_1768176000_1768780800_14299449350608203917	3	1768248300	1768258800	NOT_EVALUABLE	AUCTION_INTERVAL_AUTHORITY_NOT_CO_COLLECTED_IN_RG3	\N	\N	\N	\N	\N
COMPRESSION	RG3_US30_PERIOD_M5_1768176000_1768780800_14299449350608203917	4	1768261500	1768280400	NOT_EVALUABLE	AUCTION_INTERVAL_AUTHORITY_NOT_CO_COLLECTED_IN_RG3	\N	\N	\N	\N	\N
COMPRESSION	RG3_US30_PERIOD_M5_1768176000_1768780800_14299449350608203917	5	1768281000	1768298400	NOT_EVALUABLE	AUCTION_INTERVAL_AUTHORITY_NOT_CO_COLLECTED_IN_RG3	\N	\N	\N	\N	\N
COMPRESSION	RG3_US30_PERIOD_M5_1768176000_1768780800_14299449350608203917	6	1768344600	1768361400	NOT_EVALUABLE	AUCTION_INTERVAL_AUTHORITY_NOT_CO_COLLECTED_IN_RG3	\N	\N	\N	\N	\N
COMPRESSION	RG3_US30_PERIOD_M5_1768176000_1768780800_14299449350608203917	7	1768362000	1768374900	NOT_EVALUABLE	AUCTION_INTERVAL_AUTHORITY_NOT_CO_COLLECTED_IN_RG3	\N	\N	\N	\N	\N
COMPRESSION	RG3_US30_PERIOD_M5_1768176000_1768780800_14299449350608203917	8	1768376700	1768386600	NOT_EVALUABLE	AUCTION_INTERVAL_AUTHORITY_NOT_CO_COLLECTED_IN_RG3	\N	\N	\N	\N	\N
COMPRESSION	RG3_US30_PERIOD_M5_1768176000_1768780800_14299449350608203917	9	1768434900	1768450200	NOT_EVALUABLE	AUCTION_INTERVAL_AUTHORITY_NOT_CO_COLLECTED_IN_RG3	\N	\N	\N	\N	\N
COMPRESSION	RG3_US30_PERIOD_M5_1768176000_1768780800_14299449350608203917	10	1768450800	1768467900	NOT_EVALUABLE	AUCTION_INTERVAL_AUTHORITY_NOT_CO_COLLECTED_IN_RG3	\N	\N	\N	\N	\N
COMPRESSION	RG3_US30_PERIOD_M5_1768176000_1768780800_14299449350608203917	11	1768475400	1768491300	NOT_EVALUABLE	AUCTION_INTERVAL_AUTHORITY_NOT_CO_COLLECTED_IN_RG3	\N	\N	\N	\N	\N
COMPRESSION	RG3_US30_PERIOD_M5_1768176000_1768780800_14299449350608203917	12	1768525200	1768539300	NOT_EVALUABLE	AUCTION_INTERVAL_AUTHORITY_NOT_CO_COLLECTED_IN_RG3	\N	\N	\N	\N	\N
COMPRESSION	RG3_US30_PERIOD_M5_1768176000_1768780800_14299449350608203917	13	1768540800	1768560600	NOT_EVALUABLE	AUCTION_INTERVAL_AUTHORITY_NOT_CO_COLLECTED_IN_RG3	\N	\N	\N	\N	\N
COMPRESSION	RG3_US30_PERIOD_M5_1768176000_1768780800_14299449350608203917	14	1768561800	1768572900	NOT_EVALUABLE	AUCTION_INTERVAL_AUTHORITY_NOT_CO_COLLECTED_IN_RG3	\N	\N	\N	\N	\N
EXPANSION	RG3_US30_PERIOD_M5_1768176000_1768780800_14299449350608203917	1	1768215000	1768222200	NOT_EVALUABLE	AUCTION_INTERVAL_AUTHORITY_NOT_CO_COLLECTED_IN_RG3	\N	\N	\N	\N	\N
EXPANSION	RG3_US30_PERIOD_M5_1768176000_1768780800_14299449350608203917	2	1768232700	1768254000	NOT_EVALUABLE	AUCTION_INTERVAL_AUTHORITY_NOT_CO_COLLECTED_IN_RG3	\N	\N	\N	\N	\N
EXPANSION	RG3_US30_PERIOD_M5_1768176000_1768780800_14299449350608203917	3	1768258800	1768270800	NOT_EVALUABLE	AUCTION_INTERVAL_AUTHORITY_NOT_CO_COLLECTED_IN_RG3	\N	\N	\N	\N	\N
EXPANSION	RG3_US30_PERIOD_M5_1768176000_1768780800_14299449350608203917	4	1768280400	1768286700	NOT_EVALUABLE	AUCTION_INTERVAL_AUTHORITY_NOT_CO_COLLECTED_IN_RG3	\N	\N	\N	\N	\N
EXPANSION	RG3_US30_PERIOD_M5_1768176000_1768780800_14299449350608203917	5	1768298400	1768353900	NOT_EVALUABLE	AUCTION_INTERVAL_AUTHORITY_NOT_CO_COLLECTED_IN_RG3	\N	\N	\N	\N	\N
EXPANSION	RG3_US30_PERIOD_M5_1768176000_1768780800_14299449350608203917	6	1768361400	1768367700	NOT_EVALUABLE	AUCTION_INTERVAL_AUTHORITY_NOT_CO_COLLECTED_IN_RG3	\N	\N	\N	\N	\N
EXPANSION	RG3_US30_PERIOD_M5_1768176000_1768780800_14299449350608203917	7	1768374900	1768382400	NOT_EVALUABLE	AUCTION_INTERVAL_AUTHORITY_NOT_CO_COLLECTED_IN_RG3	\N	\N	\N	\N	\N
EXPANSION	RG3_US30_PERIOD_M5_1768176000_1768780800_14299449350608203917	8	1768386600	1768444200	NOT_EVALUABLE	AUCTION_INTERVAL_AUTHORITY_NOT_CO_COLLECTED_IN_RG3	\N	\N	\N	\N	\N
EXPANSION	RG3_US30_PERIOD_M5_1768176000_1768780800_14299449350608203917	9	1768450200	1768456500	NOT_EVALUABLE	AUCTION_INTERVAL_AUTHORITY_NOT_CO_COLLECTED_IN_RG3	\N	\N	\N	\N	\N
EXPANSION	RG3_US30_PERIOD_M5_1768176000_1768780800_14299449350608203917	10	1768467900	1768481100	NOT_EVALUABLE	AUCTION_INTERVAL_AUTHORITY_NOT_CO_COLLECTED_IN_RG3	\N	\N	\N	\N	\N
EXPANSION	RG3_US30_PERIOD_M5_1768176000_1768780800_14299449350608203917	11	1768491300	1768530900	NOT_EVALUABLE	AUCTION_INTERVAL_AUTHORITY_NOT_CO_COLLECTED_IN_RG3	\N	\N	\N	\N	\N
EXPANSION	RG3_US30_PERIOD_M5_1768176000_1768780800_14299449350608203917	12	1768539300	1768546500	NOT_EVALUABLE	AUCTION_INTERVAL_AUTHORITY_NOT_CO_COLLECTED_IN_RG3	\N	\N	\N	\N	\N
EXPANSION	RG3_US30_PERIOD_M5_1768176000_1768780800_14299449350608203917	13	1768560600	1768567500	NOT_EVALUABLE	AUCTION_INTERVAL_AUTHORITY_NOT_CO_COLLECTED_IN_RG3	\N	\N	\N	\N	\N
EXPANSION	RG3_US30_PERIOD_M5_1768176000_1768780800_14299449350608203917	14	1768572900	1768780800	NOT_EVALUABLE	AUCTION_INTERVAL_AUTHORITY_NOT_CO_COLLECTED_IN_RG3	\N	\N	\N	\N	\N
COMPRESSION	RG3_US30_PERIOD_M5_1771200000_1771804800_15393471454727288637	1	1771204200	1771212600	NOT_EVALUABLE	AUCTION_INTERVAL_AUTHORITY_NOT_CO_COLLECTED_IN_RG3	\N	\N	\N	\N	\N
COMPRESSION	RG3_US30_PERIOD_M5_1771200000_1771804800_15393471454727288637	2	1771214400	1771236000	NOT_EVALUABLE	AUCTION_INTERVAL_AUTHORITY_NOT_CO_COLLECTED_IN_RG3	\N	\N	\N	\N	\N
COMPRESSION	RG3_US30_PERIOD_M5_1771200000_1771804800_15393471454727288637	3	1771239300	1771254600	NOT_EVALUABLE	AUCTION_INTERVAL_AUTHORITY_NOT_CO_COLLECTED_IN_RG3	\N	\N	\N	\N	\N
COMPRESSION	RG3_US30_PERIOD_M5_1771200000_1771804800_15393471454727288637	4	1771266300	1771292400	NOT_EVALUABLE	AUCTION_INTERVAL_AUTHORITY_NOT_CO_COLLECTED_IN_RG3	\N	\N	\N	\N	\N
COMPRESSION	RG3_US30_PERIOD_M5_1771200000_1771804800_15393471454727288637	5	1771300200	1771308000	NOT_EVALUABLE	AUCTION_INTERVAL_AUTHORITY_NOT_CO_COLLECTED_IN_RG3	\N	\N	\N	\N	\N
COMPRESSION	RG3_US30_PERIOD_M5_1771200000_1771804800_15393471454727288637	6	1771372200	1771395600	NOT_EVALUABLE	AUCTION_INTERVAL_AUTHORITY_NOT_CO_COLLECTED_IN_RG3	\N	\N	\N	\N	\N
COMPRESSION	RG3_US30_PERIOD_M5_1771200000_1771804800_15393471454727288637	7	1771396500	1771410600	NOT_EVALUABLE	AUCTION_INTERVAL_AUTHORITY_NOT_CO_COLLECTED_IN_RG3	\N	\N	\N	\N	\N
COMPRESSION	RG3_US30_PERIOD_M5_1771200000_1771804800_15393471454727288637	8	1771412400	1771423200	NOT_EVALUABLE	AUCTION_INTERVAL_AUTHORITY_NOT_CO_COLLECTED_IN_RG3	\N	\N	\N	\N	\N
COMPRESSION	RG3_US30_PERIOD_M5_1771200000_1771804800_15393471454727288637	9	1771455300	1771492800	NOT_EVALUABLE	AUCTION_INTERVAL_AUTHORITY_NOT_CO_COLLECTED_IN_RG3	\N	\N	\N	\N	\N
COMPRESSION	RG3_US30_PERIOD_M5_1771200000_1771804800_15393471454727288637	10	1771503300	1771512000	NOT_EVALUABLE	AUCTION_INTERVAL_AUTHORITY_NOT_CO_COLLECTED_IN_RG3	\N	\N	\N	\N	\N
COMPRESSION	RG3_US30_PERIOD_M5_1771200000_1771804800_15393471454727288637	11	1771540800	1771556400	NOT_EVALUABLE	AUCTION_INTERVAL_AUTHORITY_NOT_CO_COLLECTED_IN_RG3	\N	\N	\N	\N	\N
COMPRESSION	RG3_US30_PERIOD_M5_1771200000_1771804800_15393471454727288637	12	1771557300	1771573800	NOT_EVALUABLE	AUCTION_INTERVAL_AUTHORITY_NOT_CO_COLLECTED_IN_RG3	\N	\N	\N	\N	\N
EXPANSION	RG3_US30_PERIOD_M5_1771200000_1771804800_15393471454727288637	1	1771212600	1771220100	NOT_EVALUABLE	AUCTION_INTERVAL_AUTHORITY_NOT_CO_COLLECTED_IN_RG3	\N	\N	\N	\N	\N
EXPANSION	RG3_US30_PERIOD_M5_1771200000_1771804800_15393471454727288637	2	1771236000	1771245000	NOT_EVALUABLE	AUCTION_INTERVAL_AUTHORITY_NOT_CO_COLLECTED_IN_RG3	\N	\N	\N	\N	\N
EXPANSION	RG3_US30_PERIOD_M5_1771200000_1771804800_15393471454727288637	3	1771254600	1771290000	NOT_EVALUABLE	AUCTION_INTERVAL_AUTHORITY_NOT_CO_COLLECTED_IN_RG3	\N	\N	\N	\N	\N
EXPANSION	RG3_US30_PERIOD_M5_1771200000_1771804800_15393471454727288637	4	1771292400	1771305900	NOT_EVALUABLE	AUCTION_INTERVAL_AUTHORITY_NOT_CO_COLLECTED_IN_RG3	\N	\N	\N	\N	\N
EXPANSION	RG3_US30_PERIOD_M5_1771200000_1771804800_15393471454727288637	5	1771308000	1771381500	NOT_EVALUABLE	AUCTION_INTERVAL_AUTHORITY_NOT_CO_COLLECTED_IN_RG3	\N	\N	\N	\N	\N
EXPANSION	RG3_US30_PERIOD_M5_1771200000_1771804800_15393471454727288637	6	1771395600	1771402200	NOT_EVALUABLE	AUCTION_INTERVAL_AUTHORITY_NOT_CO_COLLECTED_IN_RG3	\N	\N	\N	\N	\N
EXPANSION	RG3_US30_PERIOD_M5_1771200000_1771804800_15393471454727288637	7	1771410600	1771418100	NOT_EVALUABLE	AUCTION_INTERVAL_AUTHORITY_NOT_CO_COLLECTED_IN_RG3	\N	\N	\N	\N	\N
EXPANSION	RG3_US30_PERIOD_M5_1771200000_1771804800_15393471454727288637	8	1771423200	1771464600	NOT_EVALUABLE	AUCTION_INTERVAL_AUTHORITY_NOT_CO_COLLECTED_IN_RG3	\N	\N	\N	\N	\N
EXPANSION	RG3_US30_PERIOD_M5_1771200000_1771804800_15393471454727288637	9	1771492800	1771509000	NOT_EVALUABLE	AUCTION_INTERVAL_AUTHORITY_NOT_CO_COLLECTED_IN_RG3	\N	\N	\N	\N	\N
EXPANSION	RG3_US30_PERIOD_M5_1771200000_1771804800_15393471454727288637	10	1771512000	1771550100	NOT_EVALUABLE	AUCTION_INTERVAL_AUTHORITY_NOT_CO_COLLECTED_IN_RG3	\N	\N	\N	\N	\N
EXPANSION	RG3_US30_PERIOD_M5_1771200000_1771804800_15393471454727288637	11	1771556400	1771563000	NOT_EVALUABLE	AUCTION_INTERVAL_AUTHORITY_NOT_CO_COLLECTED_IN_RG3	\N	\N	\N	\N	\N
EXPANSION	RG3_US30_PERIOD_M5_1771200000_1771804800_15393471454727288637	12	1771573800	1771804800	NOT_EVALUABLE	AUCTION_INTERVAL_AUTHORITY_NOT_CO_COLLECTED_IN_RG3	\N	\N	\N	\N	\N
COMPRESSION	RG3_US30_PERIOD_M5_1774224000_1774828800_14068181511802716677	1	1774242600	1774255200	NOT_EVALUABLE	AUCTION_INTERVAL_AUTHORITY_NOT_CO_COLLECTED_IN_RG3	\N	\N	\N	\N	\N
COMPRESSION	RG3_US30_PERIOD_M5_1774224000_1774828800_14068181511802716677	2	1774303500	1774315200	NOT_EVALUABLE	AUCTION_INTERVAL_AUTHORITY_NOT_CO_COLLECTED_IN_RG3	\N	\N	\N	\N	\N
COMPRESSION	RG3_US30_PERIOD_M5_1774224000_1774828800_14068181511802716677	3	1774321200	1774342200	NOT_EVALUABLE	AUCTION_INTERVAL_AUTHORITY_NOT_CO_COLLECTED_IN_RG3	\N	\N	\N	\N	\N
COMPRESSION	RG3_US30_PERIOD_M5_1774224000_1774828800_14068181511802716677	4	1774352400	1774364400	NOT_EVALUABLE	AUCTION_INTERVAL_AUTHORITY_NOT_CO_COLLECTED_IN_RG3	\N	\N	\N	\N	\N
COMPRESSION	RG3_US30_PERIOD_M5_1774224000_1774828800_14068181511802716677	5	1774392000	1774407600	NOT_EVALUABLE	AUCTION_INTERVAL_AUTHORITY_NOT_CO_COLLECTED_IN_RG3	\N	\N	\N	\N	\N
COMPRESSION	RG3_US30_PERIOD_M5_1774224000_1774828800_14068181511802716677	6	1774411500	1774421100	NOT_EVALUABLE	AUCTION_INTERVAL_AUTHORITY_NOT_CO_COLLECTED_IN_RG3	\N	\N	\N	\N	\N
COMPRESSION	RG3_US30_PERIOD_M5_1774224000_1774828800_14068181511802716677	7	1774425000	1774433700	NOT_EVALUABLE	AUCTION_INTERVAL_AUTHORITY_NOT_CO_COLLECTED_IN_RG3	\N	\N	\N	\N	\N
COMPRESSION	RG3_US30_PERIOD_M5_1774224000_1774828800_14068181511802716677	8	1774437600	1774445400	NOT_EVALUABLE	AUCTION_INTERVAL_AUTHORITY_NOT_CO_COLLECTED_IN_RG3	\N	\N	\N	\N	\N
COMPRESSION	RG3_US30_PERIOD_M5_1774224000_1774828800_14068181511802716677	9	1774468200	1774479300	NOT_EVALUABLE	AUCTION_INTERVAL_AUTHORITY_NOT_CO_COLLECTED_IN_RG3	\N	\N	\N	\N	\N
COMPRESSION	RG3_US30_PERIOD_M5_1774224000_1774828800_14068181511802716677	10	1774484400	1774493100	NOT_EVALUABLE	AUCTION_INTERVAL_AUTHORITY_NOT_CO_COLLECTED_IN_RG3	\N	\N	\N	\N	\N
COMPRESSION	RG3_US30_PERIOD_M5_1774224000_1774828800_14068181511802716677	11	1774508700	1774521600	NOT_EVALUABLE	AUCTION_INTERVAL_AUTHORITY_NOT_CO_COLLECTED_IN_RG3	\N	\N	\N	\N	\N
COMPRESSION	RG3_US30_PERIOD_M5_1774224000_1774828800_14068181511802716677	12	1774554300	1774565100	NOT_EVALUABLE	AUCTION_INTERVAL_AUTHORITY_NOT_CO_COLLECTED_IN_RG3	\N	\N	\N	\N	\N
COMPRESSION	RG3_US30_PERIOD_M5_1774224000_1774828800_14068181511802716677	13	1774569900	1774577700	NOT_EVALUABLE	AUCTION_INTERVAL_AUTHORITY_NOT_CO_COLLECTED_IN_RG3	\N	\N	\N	\N	\N
COMPRESSION	RG3_US30_PERIOD_M5_1774224000_1774828800_14068181511802716677	14	1774578300	1774596300	NOT_EVALUABLE	AUCTION_INTERVAL_AUTHORITY_NOT_CO_COLLECTED_IN_RG3	\N	\N	\N	\N	\N
EXPANSION	RG3_US30_PERIOD_M5_1774224000_1774828800_14068181511802716677	1	1774255200	1774312800	NOT_EVALUABLE	AUCTION_INTERVAL_AUTHORITY_NOT_CO_COLLECTED_IN_RG3	\N	\N	\N	\N	\N
EXPANSION	RG3_US30_PERIOD_M5_1774224000_1774828800_14068181511802716677	2	1774315200	1774326900	NOT_EVALUABLE	AUCTION_INTERVAL_AUTHORITY_NOT_CO_COLLECTED_IN_RG3	\N	\N	\N	\N	\N
EXPANSION	RG3_US30_PERIOD_M5_1774224000_1774828800_14068181511802716677	3	1774342200	1774358100	NOT_EVALUABLE	AUCTION_INTERVAL_AUTHORITY_NOT_CO_COLLECTED_IN_RG3	\N	\N	\N	\N	\N
EXPANSION	RG3_US30_PERIOD_M5_1774224000_1774828800_14068181511802716677	4	1774364400	1774401300	NOT_EVALUABLE	AUCTION_INTERVAL_AUTHORITY_NOT_CO_COLLECTED_IN_RG3	\N	\N	\N	\N	\N
EXPANSION	RG3_US30_PERIOD_M5_1774224000_1774828800_14068181511802716677	5	1774407600	1774417200	NOT_EVALUABLE	AUCTION_INTERVAL_AUTHORITY_NOT_CO_COLLECTED_IN_RG3	\N	\N	\N	\N	\N
EXPANSION	RG3_US30_PERIOD_M5_1774224000_1774828800_14068181511802716677	6	1774421100	1774430700	NOT_EVALUABLE	AUCTION_INTERVAL_AUTHORITY_NOT_CO_COLLECTED_IN_RG3	\N	\N	\N	\N	\N
EXPANSION	RG3_US30_PERIOD_M5_1774224000_1774828800_14068181511802716677	7	1774433700	1774443300	NOT_EVALUABLE	AUCTION_INTERVAL_AUTHORITY_NOT_CO_COLLECTED_IN_RG3	\N	\N	\N	\N	\N
EXPANSION	RG3_US30_PERIOD_M5_1774224000_1774828800_14068181511802716677	8	1774445400	1774473900	NOT_EVALUABLE	AUCTION_INTERVAL_AUTHORITY_NOT_CO_COLLECTED_IN_RG3	\N	\N	\N	\N	\N
EXPANSION	RG3_US30_PERIOD_M5_1774224000_1774828800_14068181511802716677	9	1774479300	1774490100	NOT_EVALUABLE	AUCTION_INTERVAL_AUTHORITY_NOT_CO_COLLECTED_IN_RG3	\N	\N	\N	\N	\N
EXPANSION	RG3_US30_PERIOD_M5_1774224000_1774828800_14068181511802716677	10	1774493100	1774514400	NOT_EVALUABLE	AUCTION_INTERVAL_AUTHORITY_NOT_CO_COLLECTED_IN_RG3	\N	\N	\N	\N	\N
EXPANSION	RG3_US30_PERIOD_M5_1774224000_1774828800_14068181511802716677	11	1774521600	1774560000	NOT_EVALUABLE	AUCTION_INTERVAL_AUTHORITY_NOT_CO_COLLECTED_IN_RG3	\N	\N	\N	\N	\N
EXPANSION	RG3_US30_PERIOD_M5_1774224000_1774828800_14068181511802716677	12	1774565100	1774575600	NOT_EVALUABLE	AUCTION_INTERVAL_AUTHORITY_NOT_CO_COLLECTED_IN_RG3	\N	\N	\N	\N	\N
EXPANSION	RG3_US30_PERIOD_M5_1774224000_1774828800_14068181511802716677	13	1774577700	1774584000	NOT_EVALUABLE	AUCTION_INTERVAL_AUTHORITY_NOT_CO_COLLECTED_IN_RG3	\N	\N	\N	\N	\N
EXPANSION	RG3_US30_PERIOD_M5_1774224000_1774828800_14068181511802716677	14	1774596300	1774828800	NOT_EVALUABLE	AUCTION_INTERVAL_AUTHORITY_NOT_CO_COLLECTED_IN_RG3	\N	\N	\N	\N	\N
COMPRESSION	RG3_US30_PERIOD_M5_1777852800_1778457600_6821376586980274840	1	1777868700	1777894200	NOT_EVALUABLE	AUCTION_INTERVAL_AUTHORITY_NOT_CO_COLLECTED_IN_RG3	\N	\N	\N	\N	\N
COMPRESSION	RG3_US30_PERIOD_M5_1777852800_1778457600_6821376586980274840	2	1777938900	1777970400	NOT_EVALUABLE	AUCTION_INTERVAL_AUTHORITY_NOT_CO_COLLECTED_IN_RG3	\N	\N	\N	\N	\N
COMPRESSION	RG3_US30_PERIOD_M5_1777852800_1778457600_6821376586980274840	3	1777977600	1777993800	NOT_EVALUABLE	AUCTION_INTERVAL_AUTHORITY_NOT_CO_COLLECTED_IN_RG3	\N	\N	\N	\N	\N
COMPRESSION	RG3_US30_PERIOD_M5_1777852800_1778457600_6821376586980274840	4	1778005800	1778014200	NOT_EVALUABLE	AUCTION_INTERVAL_AUTHORITY_NOT_CO_COLLECTED_IN_RG3	\N	\N	\N	\N	\N
COMPRESSION	RG3_US30_PERIOD_M5_1777852800_1778457600_6821376586980274840	5	1778034000	1778043900	NOT_EVALUABLE	AUCTION_INTERVAL_AUTHORITY_NOT_CO_COLLECTED_IN_RG3	\N	\N	\N	\N	\N
COMPRESSION	RG3_US30_PERIOD_M5_1777852800_1778457600_6821376586980274840	6	1778044800	1778057100	NOT_EVALUABLE	AUCTION_INTERVAL_AUTHORITY_NOT_CO_COLLECTED_IN_RG3	\N	\N	\N	\N	\N
COMPRESSION	RG3_US30_PERIOD_M5_1777852800_1778457600_6821376586980274840	7	1778057700	1778068200	NOT_EVALUABLE	AUCTION_INTERVAL_AUTHORITY_NOT_CO_COLLECTED_IN_RG3	\N	\N	\N	\N	\N
COMPRESSION	RG3_US30_PERIOD_M5_1777852800_1778457600_6821376586980274840	8	1778094000	1778102700	NOT_EVALUABLE	AUCTION_INTERVAL_AUTHORITY_NOT_CO_COLLECTED_IN_RG3	\N	\N	\N	\N	\N
COMPRESSION	RG3_US30_PERIOD_M5_1777852800_1778457600_6821376586980274840	9	1778108100	1778127000	NOT_EVALUABLE	AUCTION_INTERVAL_AUTHORITY_NOT_CO_COLLECTED_IN_RG3	\N	\N	\N	\N	\N
COMPRESSION	RG3_US30_PERIOD_M5_1777852800_1778457600_6821376586980274840	10	1778127600	1778148000	NOT_EVALUABLE	AUCTION_INTERVAL_AUTHORITY_NOT_CO_COLLECTED_IN_RG3	\N	\N	\N	\N	\N
COMPRESSION	RG3_US30_PERIOD_M5_1777852800_1778457600_6821376586980274840	11	1778208900	1778232600	NOT_EVALUABLE	AUCTION_INTERVAL_AUTHORITY_NOT_CO_COLLECTED_IN_RG3	\N	\N	\N	\N	\N
COMPRESSION	RG3_US30_PERIOD_M5_1777852800_1778457600_6821376586980274840	12	1778233200	1778241900	NOT_EVALUABLE	AUCTION_INTERVAL_AUTHORITY_NOT_CO_COLLECTED_IN_RG3	\N	\N	\N	\N	\N
COMPRESSION	RG3_US30_PERIOD_M5_1777852800_1778457600_6821376586980274840	13	1778244900	1778259900	NOT_EVALUABLE	AUCTION_INTERVAL_AUTHORITY_NOT_CO_COLLECTED_IN_RG3	\N	\N	\N	\N	\N
EXPANSION	RG3_US30_PERIOD_M5_1777852800_1778457600_6821376586980274840	1	1777894200	1777948200	NOT_EVALUABLE	AUCTION_INTERVAL_AUTHORITY_NOT_CO_COLLECTED_IN_RG3	\N	\N	\N	\N	\N
EXPANSION	RG3_US30_PERIOD_M5_1777852800_1778457600_6821376586980274840	2	1777970400	1777983300	NOT_EVALUABLE	AUCTION_INTERVAL_AUTHORITY_NOT_CO_COLLECTED_IN_RG3	\N	\N	\N	\N	\N
EXPANSION	RG3_US30_PERIOD_M5_1777852800_1778457600_6821376586980274840	3	1777993800	1778011500	NOT_EVALUABLE	AUCTION_INTERVAL_AUTHORITY_NOT_CO_COLLECTED_IN_RG3	\N	\N	\N	\N	\N
EXPANSION	RG3_US30_PERIOD_M5_1777852800_1778457600_6821376586980274840	4	1778014200	1778039700	NOT_EVALUABLE	AUCTION_INTERVAL_AUTHORITY_NOT_CO_COLLECTED_IN_RG3	\N	\N	\N	\N	\N
EXPANSION	RG3_US30_PERIOD_M5_1777852800_1778457600_6821376586980274840	5	1778043900	1778050500	NOT_EVALUABLE	AUCTION_INTERVAL_AUTHORITY_NOT_CO_COLLECTED_IN_RG3	\N	\N	\N	\N	\N
EXPANSION	RG3_US30_PERIOD_M5_1777852800_1778457600_6821376586980274840	6	1778057100	1778063400	NOT_EVALUABLE	AUCTION_INTERVAL_AUTHORITY_NOT_CO_COLLECTED_IN_RG3	\N	\N	\N	\N	\N
EXPANSION	RG3_US30_PERIOD_M5_1777852800_1778457600_6821376586980274840	7	1778068200	1778099700	NOT_EVALUABLE	AUCTION_INTERVAL_AUTHORITY_NOT_CO_COLLECTED_IN_RG3	\N	\N	\N	\N	\N
EXPANSION	RG3_US30_PERIOD_M5_1777852800_1778457600_6821376586980274840	8	1778102700	1778117400	NOT_EVALUABLE	AUCTION_INTERVAL_AUTHORITY_NOT_CO_COLLECTED_IN_RG3	\N	\N	\N	\N	\N
EXPANSION	RG3_US30_PERIOD_M5_1777852800_1778457600_6821376586980274840	9	1778127000	1778133300	NOT_EVALUABLE	AUCTION_INTERVAL_AUTHORITY_NOT_CO_COLLECTED_IN_RG3	\N	\N	\N	\N	\N
EXPANSION	RG3_US30_PERIOD_M5_1777852800_1778457600_6821376586980274840	10	1778148000	1778214600	NOT_EVALUABLE	AUCTION_INTERVAL_AUTHORITY_NOT_CO_COLLECTED_IN_RG3	\N	\N	\N	\N	\N
EXPANSION	RG3_US30_PERIOD_M5_1777852800_1778457600_6821376586980274840	11	1778232600	1778238900	NOT_EVALUABLE	AUCTION_INTERVAL_AUTHORITY_NOT_CO_COLLECTED_IN_RG3	\N	\N	\N	\N	\N
EXPANSION	RG3_US30_PERIOD_M5_1777852800_1778457600_6821376586980274840	12	1778241900	1778250600	NOT_EVALUABLE	AUCTION_INTERVAL_AUTHORITY_NOT_CO_COLLECTED_IN_RG3	\N	\N	\N	\N	\N
EXPANSION	RG3_US30_PERIOD_M5_1777852800_1778457600_6821376586980274840	13	1778259900	1778457600	NOT_EVALUABLE	AUCTION_INTERVAL_AUTHORITY_NOT_CO_COLLECTED_IN_RG3	\N	\N	\N	\N	\N
COMPRESSION	RG3_US30_PERIOD_M5_1781481600_1782086400_9939459563788191184	1	1781485200	1781494800	NOT_EVALUABLE	AUCTION_INTERVAL_AUTHORITY_NOT_CO_COLLECTED_IN_RG3	\N	\N	\N	\N	\N
COMPRESSION	RG3_US30_PERIOD_M5_1781481600_1782086400_9939459563788191184	2	1781495400	1781510400	NOT_EVALUABLE	AUCTION_INTERVAL_AUTHORITY_NOT_CO_COLLECTED_IN_RG3	\N	\N	\N	\N	\N
COMPRESSION	RG3_US30_PERIOD_M5_1781481600_1782086400_9939459563788191184	3	1781511000	1781523300	NOT_EVALUABLE	AUCTION_INTERVAL_AUTHORITY_NOT_CO_COLLECTED_IN_RG3	\N	\N	\N	\N	\N
COMPRESSION	RG3_US30_PERIOD_M5_1781481600_1782086400_9939459563788191184	4	1781548500	1781558400	NOT_EVALUABLE	AUCTION_INTERVAL_AUTHORITY_NOT_CO_COLLECTED_IN_RG3	\N	\N	\N	\N	\N
COMPRESSION	RG3_US30_PERIOD_M5_1781481600_1782086400_9939459563788191184	5	1781571900	1781592300	NOT_EVALUABLE	AUCTION_INTERVAL_AUTHORITY_NOT_CO_COLLECTED_IN_RG3	\N	\N	\N	\N	\N
COMPRESSION	RG3_US30_PERIOD_M5_1781481600_1782086400_9939459563788191184	6	1781599500	1781624700	NOT_EVALUABLE	AUCTION_INTERVAL_AUTHORITY_NOT_CO_COLLECTED_IN_RG3	\N	\N	\N	\N	\N
COMPRESSION	RG3_US30_PERIOD_M5_1781481600_1782086400_9939459563788191184	7	1781658900	1781670600	NOT_EVALUABLE	AUCTION_INTERVAL_AUTHORITY_NOT_CO_COLLECTED_IN_RG3	\N	\N	\N	\N	\N
COMPRESSION	RG3_US30_PERIOD_M5_1781481600_1782086400_9939459563788191184	8	1781702400	1781715600	NOT_EVALUABLE	AUCTION_INTERVAL_AUTHORITY_NOT_CO_COLLECTED_IN_RG3	\N	\N	\N	\N	\N
COMPRESSION	RG3_US30_PERIOD_M5_1781481600_1782086400_9939459563788191184	9	1781752500	1781774100	NOT_EVALUABLE	AUCTION_INTERVAL_AUTHORITY_NOT_CO_COLLECTED_IN_RG3	\N	\N	\N	\N	\N
COMPRESSION	RG3_US30_PERIOD_M5_1781481600_1782086400_9939459563788191184	10	1781806500	1781814900	NOT_EVALUABLE	AUCTION_INTERVAL_AUTHORITY_NOT_CO_COLLECTED_IN_RG3	\N	\N	\N	\N	\N
COMPRESSION	RG3_US30_PERIOD_M5_1781481600_1782086400_9939459563788191184	11	1781831700	1781843700	NOT_EVALUABLE	AUCTION_INTERVAL_AUTHORITY_NOT_CO_COLLECTED_IN_RG3	\N	\N	\N	\N	\N
COMPRESSION	RG3_US30_PERIOD_M5_1781481600_1782086400_9939459563788191184	12	1781845500	1781856000	NOT_EVALUABLE	AUCTION_INTERVAL_AUTHORITY_NOT_CO_COLLECTED_IN_RG3	\N	\N	\N	\N	\N
COMPRESSION	RG3_US30_PERIOD_M5_1781481600_1782086400_9939459563788191184	13	1781866500	1781876400	NOT_EVALUABLE	AUCTION_INTERVAL_AUTHORITY_NOT_CO_COLLECTED_IN_RG3	\N	\N	\N	\N	\N
COMPRESSION	RG3_US30_PERIOD_M5_1781481600_1782086400_9939459563788191184	14	1781877300	1781886300	NOT_EVALUABLE	AUCTION_INTERVAL_AUTHORITY_NOT_CO_COLLECTED_IN_RG3	\N	\N	\N	\N	\N
COMPRESSION	RG3_US30_PERIOD_M5_1781481600_1782086400_9939459563788191184	15	1781892000	1782086400	NOT_EVALUABLE	AUCTION_INTERVAL_AUTHORITY_NOT_CO_COLLECTED_IN_RG3	\N	\N	\N	\N	\N
EXPANSION	RG3_US30_PERIOD_M5_1781481600_1782086400_9939459563788191184	1	1781494800	1781501100	NOT_EVALUABLE	AUCTION_INTERVAL_AUTHORITY_NOT_CO_COLLECTED_IN_RG3	\N	\N	\N	\N	\N
EXPANSION	RG3_US30_PERIOD_M5_1781481600_1782086400_9939459563788191184	2	1781510400	1781516700	NOT_EVALUABLE	AUCTION_INTERVAL_AUTHORITY_NOT_CO_COLLECTED_IN_RG3	\N	\N	\N	\N	\N
EXPANSION	RG3_US30_PERIOD_M5_1781481600_1782086400_9939459563788191184	3	1781523300	1781554200	NOT_EVALUABLE	AUCTION_INTERVAL_AUTHORITY_NOT_CO_COLLECTED_IN_RG3	\N	\N	\N	\N	\N
EXPANSION	RG3_US30_PERIOD_M5_1781481600_1782086400_9939459563788191184	4	1781558400	1781577600	NOT_EVALUABLE	AUCTION_INTERVAL_AUTHORITY_NOT_CO_COLLECTED_IN_RG3	\N	\N	\N	\N	\N
EXPANSION	RG3_US30_PERIOD_M5_1781481600_1782086400_9939459563788191184	5	1781592300	1781605200	NOT_EVALUABLE	AUCTION_INTERVAL_AUTHORITY_NOT_CO_COLLECTED_IN_RG3	\N	\N	\N	\N	\N
EXPANSION	RG3_US30_PERIOD_M5_1781481600_1782086400_9939459563788191184	6	1781624700	1781664600	NOT_EVALUABLE	AUCTION_INTERVAL_AUTHORITY_NOT_CO_COLLECTED_IN_RG3	\N	\N	\N	\N	\N
EXPANSION	RG3_US30_PERIOD_M5_1781481600_1782086400_9939459563788191184	7	1781670600	1781708100	NOT_EVALUABLE	AUCTION_INTERVAL_AUTHORITY_NOT_CO_COLLECTED_IN_RG3	\N	\N	\N	\N	\N
EXPANSION	RG3_US30_PERIOD_M5_1781481600_1782086400_9939459563788191184	8	1781715600	1781758200	NOT_EVALUABLE	AUCTION_INTERVAL_AUTHORITY_NOT_CO_COLLECTED_IN_RG3	\N	\N	\N	\N	\N
EXPANSION	RG3_US30_PERIOD_M5_1781481600_1782086400_9939459563788191184	9	1781774100	1781812200	NOT_EVALUABLE	AUCTION_INTERVAL_AUTHORITY_NOT_CO_COLLECTED_IN_RG3	\N	\N	\N	\N	\N
EXPANSION	RG3_US30_PERIOD_M5_1781481600_1782086400_9939459563788191184	10	1781814900	1781837400	NOT_EVALUABLE	AUCTION_INTERVAL_AUTHORITY_NOT_CO_COLLECTED_IN_RG3	\N	\N	\N	\N	\N
EXPANSION	RG3_US30_PERIOD_M5_1781481600_1782086400_9939459563788191184	11	1781843700	1781851200	NOT_EVALUABLE	AUCTION_INTERVAL_AUTHORITY_NOT_CO_COLLECTED_IN_RG3	\N	\N	\N	\N	\N
EXPANSION	RG3_US30_PERIOD_M5_1781481600_1782086400_9939459563788191184	12	1781856000	1781872200	NOT_EVALUABLE	AUCTION_INTERVAL_AUTHORITY_NOT_CO_COLLECTED_IN_RG3	\N	\N	\N	\N	\N
EXPANSION	RG3_US30_PERIOD_M5_1781481600_1782086400_9939459563788191184	13	1781876400	1781883000	NOT_EVALUABLE	AUCTION_INTERVAL_AUTHORITY_NOT_CO_COLLECTED_IN_RG3	\N	\N	\N	\N	\N
EXPANSION	RG3_US30_PERIOD_M5_1781481600_1782086400_9939459563788191184	14	1781886300	1781897700	NOT_EVALUABLE	AUCTION_INTERVAL_AUTHORITY_NOT_CO_COLLECTED_IN_RG3	\N	\N	\N	\N	\N
COMPRESSION	RG3_US30_PERIOD_M5_1783900800_1784505600_318110170989838139	1	1783905900	1783917000	NOT_EVALUABLE	AUCTION_INTERVAL_AUTHORITY_NOT_CO_COLLECTED_IN_RG3	\N	\N	\N	\N	\N
COMPRESSION	RG3_US30_PERIOD_M5_1783900800_1784505600_318110170989838139	2	1783917600	1783929900	NOT_EVALUABLE	AUCTION_INTERVAL_AUTHORITY_NOT_CO_COLLECTED_IN_RG3	\N	\N	\N	\N	\N
COMPRESSION	RG3_US30_PERIOD_M5_1783900800_1784505600_318110170989838139	3	1783984200	1783996200	NOT_EVALUABLE	AUCTION_INTERVAL_AUTHORITY_NOT_CO_COLLECTED_IN_RG3	\N	\N	\N	\N	\N
COMPRESSION	RG3_US30_PERIOD_M5_1783900800_1784505600_318110170989838139	4	1784015700	1784023500	NOT_EVALUABLE	AUCTION_INTERVAL_AUTHORITY_NOT_CO_COLLECTED_IN_RG3	\N	\N	\N	\N	\N
COMPRESSION	RG3_US30_PERIOD_M5_1783900800_1784505600_318110170989838139	5	1784059500	1784067900	NOT_EVALUABLE	AUCTION_INTERVAL_AUTHORITY_NOT_CO_COLLECTED_IN_RG3	\N	\N	\N	\N	\N
COMPRESSION	RG3_US30_PERIOD_M5_1783900800_1784505600_318110170989838139	6	1784068500	1784083200	NOT_EVALUABLE	AUCTION_INTERVAL_AUTHORITY_NOT_CO_COLLECTED_IN_RG3	\N	\N	\N	\N	\N
COMPRESSION	RG3_US30_PERIOD_M5_1783900800_1784505600_318110170989838139	7	1784087100	1784101200	NOT_EVALUABLE	AUCTION_INTERVAL_AUTHORITY_NOT_CO_COLLECTED_IN_RG3	\N	\N	\N	\N	\N
COMPRESSION	RG3_US30_PERIOD_M5_1783900800_1784505600_318110170989838139	8	1784121600	1784131200	NOT_EVALUABLE	AUCTION_INTERVAL_AUTHORITY_NOT_CO_COLLECTED_IN_RG3	\N	\N	\N	\N	\N
COMPRESSION	RG3_US30_PERIOD_M5_1783900800_1784505600_318110170989838139	9	1784154900	1784172600	NOT_EVALUABLE	AUCTION_INTERVAL_AUTHORITY_NOT_CO_COLLECTED_IN_RG3	\N	\N	\N	\N	\N
COMPRESSION	RG3_US30_PERIOD_M5_1783900800_1784505600_318110170989838139	10	1784181300	1784198400	NOT_EVALUABLE	AUCTION_INTERVAL_AUTHORITY_NOT_CO_COLLECTED_IN_RG3	\N	\N	\N	\N	\N
COMPRESSION	RG3_US30_PERIOD_M5_1783900800_1784505600_318110170989838139	11	1784242800	1784256600	NOT_EVALUABLE	AUCTION_INTERVAL_AUTHORITY_NOT_CO_COLLECTED_IN_RG3	\N	\N	\N	\N	\N
COMPRESSION	RG3_US30_PERIOD_M5_1783900800_1784505600_318110170989838139	12	1784263200	1784272500	NOT_EVALUABLE	AUCTION_INTERVAL_AUTHORITY_NOT_CO_COLLECTED_IN_RG3	\N	\N	\N	\N	\N
EXPANSION	RG3_US30_PERIOD_M5_1783900800_1784505600_318110170989838139	1	1783917000	1783923300	NOT_EVALUABLE	AUCTION_INTERVAL_AUTHORITY_NOT_CO_COLLECTED_IN_RG3	\N	\N	\N	\N	\N
EXPANSION	RG3_US30_PERIOD_M5_1783900800_1784505600_318110170989838139	2	1783929900	1783993500	NOT_EVALUABLE	AUCTION_INTERVAL_AUTHORITY_NOT_CO_COLLECTED_IN_RG3	\N	\N	\N	\N	\N
EXPANSION	RG3_US30_PERIOD_M5_1783900800_1784505600_318110170989838139	3	1783996200	1784021400	NOT_EVALUABLE	AUCTION_INTERVAL_AUTHORITY_NOT_CO_COLLECTED_IN_RG3	\N	\N	\N	\N	\N
EXPANSION	RG3_US30_PERIOD_M5_1783900800_1784505600_318110170989838139	4	1784023500	1784065200	NOT_EVALUABLE	AUCTION_INTERVAL_AUTHORITY_NOT_CO_COLLECTED_IN_RG3	\N	\N	\N	\N	\N
EXPANSION	RG3_US30_PERIOD_M5_1783900800_1784505600_318110170989838139	5	1784067900	1784077800	NOT_EVALUABLE	AUCTION_INTERVAL_AUTHORITY_NOT_CO_COLLECTED_IN_RG3	\N	\N	\N	\N	\N
EXPANSION	RG3_US30_PERIOD_M5_1783900800_1784505600_318110170989838139	6	1784083200	1784092800	NOT_EVALUABLE	AUCTION_INTERVAL_AUTHORITY_NOT_CO_COLLECTED_IN_RG3	\N	\N	\N	\N	\N
EXPANSION	RG3_US30_PERIOD_M5_1783900800_1784505600_318110170989838139	7	1784101200	1784127300	NOT_EVALUABLE	AUCTION_INTERVAL_AUTHORITY_NOT_CO_COLLECTED_IN_RG3	\N	\N	\N	\N	\N
EXPANSION	RG3_US30_PERIOD_M5_1783900800_1784505600_318110170989838139	8	1784131200	1784164200	NOT_EVALUABLE	AUCTION_INTERVAL_AUTHORITY_NOT_CO_COLLECTED_IN_RG3	\N	\N	\N	\N	\N
EXPANSION	RG3_US30_PERIOD_M5_1783900800_1784505600_318110170989838139	9	1784172600	1784187000	NOT_EVALUABLE	AUCTION_INTERVAL_AUTHORITY_NOT_CO_COLLECTED_IN_RG3	\N	\N	\N	\N	\N
EXPANSION	RG3_US30_PERIOD_M5_1783900800_1784505600_318110170989838139	10	1784198400	1784252100	NOT_EVALUABLE	AUCTION_INTERVAL_AUTHORITY_NOT_CO_COLLECTED_IN_RG3	\N	\N	\N	\N	\N
EXPANSION	RG3_US30_PERIOD_M5_1783900800_1784505600_318110170989838139	11	1784256600	1784268900	NOT_EVALUABLE	AUCTION_INTERVAL_AUTHORITY_NOT_CO_COLLECTED_IN_RG3	\N	\N	\N	\N	\N
EXPANSION	RG3_US30_PERIOD_M5_1783900800_1784505600_318110170989838139	12	1784272500	1784505600	NOT_EVALUABLE	AUCTION_INTERVAL_AUTHORITY_NOT_CO_COLLECTED_IN_RG3	\N	\N	\N	\N	\N
COMPRESSION	RG3_US30_PERIOD_M5_1785715200_1786060800_11126998680303349651	1	1785718800	1785732900	NOT_EVALUABLE	AUCTION_INTERVAL_AUTHORITY_NOT_CO_COLLECTED_IN_RG3	\N	\N	\N	\N	\N
COMPRESSION	RG3_US30_PERIOD_M5_1785715200_1786060800_11126998680303349651	2	1785743400	1785758700	NOT_EVALUABLE	AUCTION_INTERVAL_AUTHORITY_NOT_CO_COLLECTED_IN_RG3	\N	\N	\N	\N	\N
COMPRESSION	RG3_US30_PERIOD_M5_1785715200_1786060800_11126998680303349651	3	1785779700	1785787800	NOT_EVALUABLE	AUCTION_INTERVAL_AUTHORITY_NOT_CO_COLLECTED_IN_RG3	\N	\N	\N	\N	\N
COMPRESSION	RG3_US30_PERIOD_M5_1785715200_1786060800_11126998680303349651	4	1785798000	1785816000	NOT_EVALUABLE	AUCTION_INTERVAL_AUTHORITY_NOT_CO_COLLECTED_IN_RG3	\N	\N	\N	\N	\N
COMPRESSION	RG3_US30_PERIOD_M5_1785715200_1786060800_11126998680303349651	5	1785816600	1785837600	NOT_EVALUABLE	AUCTION_INTERVAL_AUTHORITY_NOT_CO_COLLECTED_IN_RG3	\N	\N	\N	\N	\N
COMPRESSION	RG3_US30_PERIOD_M5_1785715200_1786060800_11126998680303349651	6	1785886200	1785908100	NOT_EVALUABLE	AUCTION_INTERVAL_AUTHORITY_NOT_CO_COLLECTED_IN_RG3	\N	\N	\N	\N	\N
COMPRESSION	RG3_US30_PERIOD_M5_1785715200_1786060800_11126998680303349651	7	1785908700	1785923400	NOT_EVALUABLE	AUCTION_INTERVAL_AUTHORITY_NOT_CO_COLLECTED_IN_RG3	\N	\N	\N	\N	\N
COMPRESSION	RG3_US30_PERIOD_M5_1785715200_1786060800_11126998680303349651	8	1785924000	1785938100	NOT_EVALUABLE	AUCTION_INTERVAL_AUTHORITY_NOT_CO_COLLECTED_IN_RG3	\N	\N	\N	\N	\N
COMPRESSION	RG3_US30_PERIOD_M5_1785715200_1786060800_11126998680303349651	9	1785954300	1785963600	NOT_EVALUABLE	AUCTION_INTERVAL_AUTHORITY_NOT_CO_COLLECTED_IN_RG3	\N	\N	\N	\N	\N
COMPRESSION	RG3_US30_PERIOD_M5_1785715200_1786060800_11126998680303349651	10	1785970800	1785996600	NOT_EVALUABLE	AUCTION_INTERVAL_AUTHORITY_NOT_CO_COLLECTED_IN_RG3	\N	\N	\N	\N	\N
COMPRESSION	RG3_US30_PERIOD_M5_1785715200_1786060800_11126998680303349651	11	1785997200	1786018200	NOT_EVALUABLE	AUCTION_INTERVAL_AUTHORITY_NOT_CO_COLLECTED_IN_RG3	\N	\N	\N	\N	\N
COMPRESSION	RG3_US30_PERIOD_M5_1785715200_1786060800_11126998680303349651	12	1786019400	1786028700	NOT_EVALUABLE	AUCTION_INTERVAL_AUTHORITY_NOT_CO_COLLECTED_IN_RG3	\N	\N	\N	\N	\N
EXPANSION	RG3_US30_PERIOD_M5_1785715200_1786060800_11126998680303349651	1	1785732900	1785749100	NOT_EVALUABLE	AUCTION_INTERVAL_AUTHORITY_NOT_CO_COLLECTED_IN_RG3	\N	\N	\N	\N	\N
EXPANSION	RG3_US30_PERIOD_M5_1785715200_1786060800_11126998680303349651	2	1785758700	1785785400	NOT_EVALUABLE	AUCTION_INTERVAL_AUTHORITY_NOT_CO_COLLECTED_IN_RG3	\N	\N	\N	\N	\N
EXPANSION	RG3_US30_PERIOD_M5_1785715200_1786060800_11126998680303349651	3	1785787800	1785807300	NOT_EVALUABLE	AUCTION_INTERVAL_AUTHORITY_NOT_CO_COLLECTED_IN_RG3	\N	\N	\N	\N	\N
EXPANSION	RG3_US30_PERIOD_M5_1785715200_1786060800_11126998680303349651	4	1785816000	1785822300	NOT_EVALUABLE	AUCTION_INTERVAL_AUTHORITY_NOT_CO_COLLECTED_IN_RG3	\N	\N	\N	\N	\N
EXPANSION	RG3_US30_PERIOD_M5_1785715200_1786060800_11126998680303349651	5	1785837600	1785895500	NOT_EVALUABLE	AUCTION_INTERVAL_AUTHORITY_NOT_CO_COLLECTED_IN_RG3	\N	\N	\N	\N	\N
EXPANSION	RG3_US30_PERIOD_M5_1785715200_1786060800_11126998680303349651	6	1785908100	1785914400	NOT_EVALUABLE	AUCTION_INTERVAL_AUTHORITY_NOT_CO_COLLECTED_IN_RG3	\N	\N	\N	\N	\N
EXPANSION	RG3_US30_PERIOD_M5_1785715200_1786060800_11126998680303349651	7	1785923400	1785929700	NOT_EVALUABLE	AUCTION_INTERVAL_AUTHORITY_NOT_CO_COLLECTED_IN_RG3	\N	\N	\N	\N	\N
EXPANSION	RG3_US30_PERIOD_M5_1785715200_1786060800_11126998680303349651	8	1785938100	1785960000	NOT_EVALUABLE	AUCTION_INTERVAL_AUTHORITY_NOT_CO_COLLECTED_IN_RG3	\N	\N	\N	\N	\N
EXPANSION	RG3_US30_PERIOD_M5_1785715200_1786060800_11126998680303349651	9	1785963600	1785980100	NOT_EVALUABLE	AUCTION_INTERVAL_AUTHORITY_NOT_CO_COLLECTED_IN_RG3	\N	\N	\N	\N	\N
EXPANSION	RG3_US30_PERIOD_M5_1785715200_1786060800_11126998680303349651	10	1785996600	1786002900	NOT_EVALUABLE	AUCTION_INTERVAL_AUTHORITY_NOT_CO_COLLECTED_IN_RG3	\N	\N	\N	\N	\N
EXPANSION	RG3_US30_PERIOD_M5_1785715200_1786060800_11126998680303349651	11	1786018200	1786025100	NOT_EVALUABLE	AUCTION_INTERVAL_AUTHORITY_NOT_CO_COLLECTED_IN_RG3	\N	\N	\N	\N	\N
EXPANSION	RG3_US30_PERIOD_M5_1785715200_1786060800_11126998680303349651	12	1786028700	1786060800	NOT_EVALUABLE	AUCTION_INTERVAL_AUTHORITY_NOT_CO_COLLECTED_IN_RG3	\N	\N	\N	\N	\N
COMPRESSION	RG3_US500_PERIOD_M5_1768176000_1768780800_17180753283749702142	1	1768190700	1768199400	NOT_EVALUABLE	AUCTION_INTERVAL_AUTHORITY_NOT_CO_COLLECTED_IN_RG3	\N	\N	\N	\N	\N
COMPRESSION	RG3_US500_PERIOD_M5_1768176000_1768780800_17180753283749702142	2	1768204500	1768214700	NOT_EVALUABLE	AUCTION_INTERVAL_AUTHORITY_NOT_CO_COLLECTED_IN_RG3	\N	\N	\N	\N	\N
COMPRESSION	RG3_US500_PERIOD_M5_1768176000_1768780800_17180753283749702142	3	1768220100	1768228200	NOT_EVALUABLE	AUCTION_INTERVAL_AUTHORITY_NOT_CO_COLLECTED_IN_RG3	\N	\N	\N	\N	\N
COMPRESSION	RG3_US500_PERIOD_M5_1768176000_1768780800_17180753283749702142	4	1768228800	1768237200	NOT_EVALUABLE	AUCTION_INTERVAL_AUTHORITY_NOT_CO_COLLECTED_IN_RG3	\N	\N	\N	\N	\N
COMPRESSION	RG3_US500_PERIOD_M5_1768176000_1768780800_17180753283749702142	5	1768269000	1768280700	NOT_EVALUABLE	AUCTION_INTERVAL_AUTHORITY_NOT_CO_COLLECTED_IN_RG3	\N	\N	\N	\N	\N
COMPRESSION	RG3_US500_PERIOD_M5_1768176000_1768780800_17180753283749702142	6	1768281300	1768293600	NOT_EVALUABLE	AUCTION_INTERVAL_AUTHORITY_NOT_CO_COLLECTED_IN_RG3	\N	\N	\N	\N	\N
COMPRESSION	RG3_US500_PERIOD_M5_1768176000_1768780800_17180753283749702142	7	1768305600	1768314000	NOT_EVALUABLE	AUCTION_INTERVAL_AUTHORITY_NOT_CO_COLLECTED_IN_RG3	\N	\N	\N	\N	\N
COMPRESSION	RG3_US500_PERIOD_M5_1768176000_1768780800_17180753283749702142	8	1768344600	1768363800	NOT_EVALUABLE	AUCTION_INTERVAL_AUTHORITY_NOT_CO_COLLECTED_IN_RG3	\N	\N	\N	\N	\N
COMPRESSION	RG3_US500_PERIOD_M5_1768176000_1768780800_17180753283749702142	9	1768366500	1768374300	NOT_EVALUABLE	AUCTION_INTERVAL_AUTHORITY_NOT_CO_COLLECTED_IN_RG3	\N	\N	\N	\N	\N
COMPRESSION	RG3_US500_PERIOD_M5_1768176000_1768780800_17180753283749702142	10	1768375200	1768389900	NOT_EVALUABLE	AUCTION_INTERVAL_AUTHORITY_NOT_CO_COLLECTED_IN_RG3	\N	\N	\N	\N	\N
COMPRESSION	RG3_US500_PERIOD_M5_1768176000_1768780800_17180753283749702142	11	1768448100	1768466400	NOT_EVALUABLE	AUCTION_INTERVAL_AUTHORITY_NOT_CO_COLLECTED_IN_RG3	\N	\N	\N	\N	\N
COMPRESSION	RG3_US500_PERIOD_M5_1768176000_1768780800_17180753283749702142	12	1768467000	1768476000	NOT_EVALUABLE	AUCTION_INTERVAL_AUTHORITY_NOT_CO_COLLECTED_IN_RG3	\N	\N	\N	\N	\N
COMPRESSION	RG3_US500_PERIOD_M5_1768176000_1768780800_17180753283749702142	13	1768476600	1768492200	NOT_EVALUABLE	AUCTION_INTERVAL_AUTHORITY_NOT_CO_COLLECTED_IN_RG3	\N	\N	\N	\N	\N
COMPRESSION	RG3_US500_PERIOD_M5_1768176000_1768780800_17180753283749702142	14	1768525800	1768536000	NOT_EVALUABLE	AUCTION_INTERVAL_AUTHORITY_NOT_CO_COLLECTED_IN_RG3	\N	\N	\N	\N	\N
COMPRESSION	RG3_US500_PERIOD_M5_1768176000_1768780800_17180753283749702142	15	1768538100	1768554600	NOT_EVALUABLE	AUCTION_INTERVAL_AUTHORITY_NOT_CO_COLLECTED_IN_RG3	\N	\N	\N	\N	\N
COMPRESSION	RG3_US500_PERIOD_M5_1768176000_1768780800_17180753283749702142	16	1768559700	1768572900	NOT_EVALUABLE	AUCTION_INTERVAL_AUTHORITY_NOT_CO_COLLECTED_IN_RG3	\N	\N	\N	\N	\N
EXPANSION	RG3_US500_PERIOD_M5_1768176000_1768780800_17180753283749702142	1	1768199400	1768210200	NOT_EVALUABLE	AUCTION_INTERVAL_AUTHORITY_NOT_CO_COLLECTED_IN_RG3	\N	\N	\N	\N	\N
EXPANSION	RG3_US500_PERIOD_M5_1768176000_1768780800_17180753283749702142	2	1768214700	1768225800	NOT_EVALUABLE	AUCTION_INTERVAL_AUTHORITY_NOT_CO_COLLECTED_IN_RG3	\N	\N	\N	\N	\N
EXPANSION	RG3_US500_PERIOD_M5_1768176000_1768780800_17180753283749702142	3	1768228200	1768234500	NOT_EVALUABLE	AUCTION_INTERVAL_AUTHORITY_NOT_CO_COLLECTED_IN_RG3	\N	\N	\N	\N	\N
EXPANSION	RG3_US500_PERIOD_M5_1768176000_1768780800_17180753283749702142	4	1768237200	1768274700	NOT_EVALUABLE	AUCTION_INTERVAL_AUTHORITY_NOT_CO_COLLECTED_IN_RG3	\N	\N	\N	\N	\N
EXPANSION	RG3_US500_PERIOD_M5_1768176000_1768780800_17180753283749702142	5	1768280700	1768287000	NOT_EVALUABLE	AUCTION_INTERVAL_AUTHORITY_NOT_CO_COLLECTED_IN_RG3	\N	\N	\N	\N	\N
EXPANSION	RG3_US500_PERIOD_M5_1768176000_1768780800_17180753283749702142	6	1768293600	1768311300	NOT_EVALUABLE	AUCTION_INTERVAL_AUTHORITY_NOT_CO_COLLECTED_IN_RG3	\N	\N	\N	\N	\N
EXPANSION	RG3_US500_PERIOD_M5_1768176000_1768780800_17180753283749702142	7	1768314000	1768353900	NOT_EVALUABLE	AUCTION_INTERVAL_AUTHORITY_NOT_CO_COLLECTED_IN_RG3	\N	\N	\N	\N	\N
EXPANSION	RG3_US500_PERIOD_M5_1768176000_1768780800_17180753283749702142	8	1768363800	1768372200	NOT_EVALUABLE	AUCTION_INTERVAL_AUTHORITY_NOT_CO_COLLECTED_IN_RG3	\N	\N	\N	\N	\N
EXPANSION	RG3_US500_PERIOD_M5_1768176000_1768780800_17180753283749702142	9	1768374300	1768380900	NOT_EVALUABLE	AUCTION_INTERVAL_AUTHORITY_NOT_CO_COLLECTED_IN_RG3	\N	\N	\N	\N	\N
EXPANSION	RG3_US500_PERIOD_M5_1768176000_1768780800_17180753283749702142	10	1768389900	1768453800	NOT_EVALUABLE	AUCTION_INTERVAL_AUTHORITY_NOT_CO_COLLECTED_IN_RG3	\N	\N	\N	\N	\N
EXPANSION	RG3_US500_PERIOD_M5_1768176000_1768780800_17180753283749702142	11	1768466400	1768472700	NOT_EVALUABLE	AUCTION_INTERVAL_AUTHORITY_NOT_CO_COLLECTED_IN_RG3	\N	\N	\N	\N	\N
EXPANSION	RG3_US500_PERIOD_M5_1768176000_1768780800_17180753283749702142	12	1768476000	1768482300	NOT_EVALUABLE	AUCTION_INTERVAL_AUTHORITY_NOT_CO_COLLECTED_IN_RG3	\N	\N	\N	\N	\N
EXPANSION	RG3_US500_PERIOD_M5_1768176000_1768780800_17180753283749702142	13	1768492200	1768531500	NOT_EVALUABLE	AUCTION_INTERVAL_AUTHORITY_NOT_CO_COLLECTED_IN_RG3	\N	\N	\N	\N	\N
EXPANSION	RG3_US500_PERIOD_M5_1768176000_1768780800_17180753283749702142	14	1768536000	1768543800	NOT_EVALUABLE	AUCTION_INTERVAL_AUTHORITY_NOT_CO_COLLECTED_IN_RG3	\N	\N	\N	\N	\N
EXPANSION	RG3_US500_PERIOD_M5_1768176000_1768780800_17180753283749702142	15	1768554600	1768565400	NOT_EVALUABLE	AUCTION_INTERVAL_AUTHORITY_NOT_CO_COLLECTED_IN_RG3	\N	\N	\N	\N	\N
EXPANSION	RG3_US500_PERIOD_M5_1768176000_1768780800_17180753283749702142	16	1768572900	1768780800	NOT_EVALUABLE	AUCTION_INTERVAL_AUTHORITY_NOT_CO_COLLECTED_IN_RG3	\N	\N	\N	\N	\N
COMPRESSION	RG3_US500_PERIOD_M5_1771200000_1771804800_16907777243792436315	1	1771204200	1771215300	NOT_EVALUABLE	AUCTION_INTERVAL_AUTHORITY_NOT_CO_COLLECTED_IN_RG3	\N	\N	\N	\N	\N
COMPRESSION	RG3_US500_PERIOD_M5_1771200000_1771804800_16907777243792436315	2	1771215900	1771235700	NOT_EVALUABLE	AUCTION_INTERVAL_AUTHORITY_NOT_CO_COLLECTED_IN_RG3	\N	\N	\N	\N	\N
COMPRESSION	RG3_US500_PERIOD_M5_1771200000_1771804800_16907777243792436315	3	1771238700	1771255800	NOT_EVALUABLE	AUCTION_INTERVAL_AUTHORITY_NOT_CO_COLLECTED_IN_RG3	\N	\N	\N	\N	\N
COMPRESSION	RG3_US500_PERIOD_M5_1771200000_1771804800_16907777243792436315	4	1771290300	1771300200	NOT_EVALUABLE	AUCTION_INTERVAL_AUTHORITY_NOT_CO_COLLECTED_IN_RG3	\N	\N	\N	\N	\N
COMPRESSION	RG3_US500_PERIOD_M5_1771200000_1771804800_16907777243792436315	5	1771305600	1771323600	NOT_EVALUABLE	AUCTION_INTERVAL_AUTHORITY_NOT_CO_COLLECTED_IN_RG3	\N	\N	\N	\N	\N
COMPRESSION	RG3_US500_PERIOD_M5_1771200000_1771804800_16907777243792436315	6	1771367100	1771380000	NOT_EVALUABLE	AUCTION_INTERVAL_AUTHORITY_NOT_CO_COLLECTED_IN_RG3	\N	\N	\N	\N	\N
COMPRESSION	RG3_US500_PERIOD_M5_1771200000_1771804800_16907777243792436315	7	1771380600	1771391100	NOT_EVALUABLE	AUCTION_INTERVAL_AUTHORITY_NOT_CO_COLLECTED_IN_RG3	\N	\N	\N	\N	\N
COMPRESSION	RG3_US500_PERIOD_M5_1771200000_1771804800_16907777243792436315	8	1771395900	1771410600	NOT_EVALUABLE	AUCTION_INTERVAL_AUTHORITY_NOT_CO_COLLECTED_IN_RG3	\N	\N	\N	\N	\N
COMPRESSION	RG3_US500_PERIOD_M5_1771200000_1771804800_16907777243792436315	9	1771412100	1771422900	NOT_EVALUABLE	AUCTION_INTERVAL_AUTHORITY_NOT_CO_COLLECTED_IN_RG3	\N	\N	\N	\N	\N
COMPRESSION	RG3_US500_PERIOD_M5_1771200000_1771804800_16907777243792436315	10	1771469700	1771490400	NOT_EVALUABLE	AUCTION_INTERVAL_AUTHORITY_NOT_CO_COLLECTED_IN_RG3	\N	\N	\N	\N	\N
COMPRESSION	RG3_US500_PERIOD_M5_1771200000_1771804800_16907777243792436315	11	1771491000	1771499400	NOT_EVALUABLE	AUCTION_INTERVAL_AUTHORITY_NOT_CO_COLLECTED_IN_RG3	\N	\N	\N	\N	\N
COMPRESSION	RG3_US500_PERIOD_M5_1771200000_1771804800_16907777243792436315	12	1771504200	1771512600	NOT_EVALUABLE	AUCTION_INTERVAL_AUTHORITY_NOT_CO_COLLECTED_IN_RG3	\N	\N	\N	\N	\N
COMPRESSION	RG3_US500_PERIOD_M5_1771200000_1771804800_16907777243792436315	13	1771541100	1771556100	NOT_EVALUABLE	AUCTION_INTERVAL_AUTHORITY_NOT_CO_COLLECTED_IN_RG3	\N	\N	\N	\N	\N
COMPRESSION	RG3_US500_PERIOD_M5_1771200000_1771804800_16907777243792436315	14	1771556700	1771573800	NOT_EVALUABLE	AUCTION_INTERVAL_AUTHORITY_NOT_CO_COLLECTED_IN_RG3	\N	\N	\N	\N	\N
COMPRESSION	RG3_US500_PERIOD_M5_1771200000_1771804800_16907777243792436315	15	1771574400	1771591800	NOT_EVALUABLE	AUCTION_INTERVAL_AUTHORITY_NOT_CO_COLLECTED_IN_RG3	\N	\N	\N	\N	\N
EXPANSION	RG3_US500_PERIOD_M5_1771200000_1771804800_16907777243792436315	1	1771215300	1771221600	NOT_EVALUABLE	AUCTION_INTERVAL_AUTHORITY_NOT_CO_COLLECTED_IN_RG3	\N	\N	\N	\N	\N
EXPANSION	RG3_US500_PERIOD_M5_1771200000_1771804800_16907777243792436315	2	1771235700	1771244400	NOT_EVALUABLE	AUCTION_INTERVAL_AUTHORITY_NOT_CO_COLLECTED_IN_RG3	\N	\N	\N	\N	\N
EXPANSION	RG3_US500_PERIOD_M5_1771200000_1771804800_16907777243792436315	3	1771255800	1771296000	NOT_EVALUABLE	AUCTION_INTERVAL_AUTHORITY_NOT_CO_COLLECTED_IN_RG3	\N	\N	\N	\N	\N
EXPANSION	RG3_US500_PERIOD_M5_1771200000_1771804800_16907777243792436315	4	1771300200	1771311300	NOT_EVALUABLE	AUCTION_INTERVAL_AUTHORITY_NOT_CO_COLLECTED_IN_RG3	\N	\N	\N	\N	\N
EXPANSION	RG3_US500_PERIOD_M5_1771200000_1771804800_16907777243792436315	5	1771323600	1771376400	NOT_EVALUABLE	AUCTION_INTERVAL_AUTHORITY_NOT_CO_COLLECTED_IN_RG3	\N	\N	\N	\N	\N
EXPANSION	RG3_US500_PERIOD_M5_1771200000_1771804800_16907777243792436315	6	1771380000	1771386300	NOT_EVALUABLE	AUCTION_INTERVAL_AUTHORITY_NOT_CO_COLLECTED_IN_RG3	\N	\N	\N	\N	\N
EXPANSION	RG3_US500_PERIOD_M5_1771200000_1771804800_16907777243792436315	7	1771391100	1771401600	NOT_EVALUABLE	AUCTION_INTERVAL_AUTHORITY_NOT_CO_COLLECTED_IN_RG3	\N	\N	\N	\N	\N
EXPANSION	RG3_US500_PERIOD_M5_1771200000_1771804800_16907777243792436315	8	1771410600	1771417800	NOT_EVALUABLE	AUCTION_INTERVAL_AUTHORITY_NOT_CO_COLLECTED_IN_RG3	\N	\N	\N	\N	\N
EXPANSION	RG3_US500_PERIOD_M5_1771200000_1771804800_16907777243792436315	9	1771422900	1771475400	NOT_EVALUABLE	AUCTION_INTERVAL_AUTHORITY_NOT_CO_COLLECTED_IN_RG3	\N	\N	\N	\N	\N
EXPANSION	RG3_US500_PERIOD_M5_1771200000_1771804800_16907777243792436315	10	1771490400	1771496700	NOT_EVALUABLE	AUCTION_INTERVAL_AUTHORITY_NOT_CO_COLLECTED_IN_RG3	\N	\N	\N	\N	\N
EXPANSION	RG3_US500_PERIOD_M5_1771200000_1771804800_16907777243792436315	11	1771499400	1771509900	NOT_EVALUABLE	AUCTION_INTERVAL_AUTHORITY_NOT_CO_COLLECTED_IN_RG3	\N	\N	\N	\N	\N
EXPANSION	RG3_US500_PERIOD_M5_1771200000_1771804800_16907777243792436315	12	1771512600	1771550400	NOT_EVALUABLE	AUCTION_INTERVAL_AUTHORITY_NOT_CO_COLLECTED_IN_RG3	\N	\N	\N	\N	\N
EXPANSION	RG3_US500_PERIOD_M5_1771200000_1771804800_16907777243792436315	13	1771556100	1771562400	NOT_EVALUABLE	AUCTION_INTERVAL_AUTHORITY_NOT_CO_COLLECTED_IN_RG3	\N	\N	\N	\N	\N
EXPANSION	RG3_US500_PERIOD_M5_1771200000_1771804800_16907777243792436315	14	1771573800	1771580100	NOT_EVALUABLE	AUCTION_INTERVAL_AUTHORITY_NOT_CO_COLLECTED_IN_RG3	\N	\N	\N	\N	\N
EXPANSION	RG3_US500_PERIOD_M5_1771200000_1771804800_16907777243792436315	15	1771591800	1771804800	NOT_EVALUABLE	AUCTION_INTERVAL_AUTHORITY_NOT_CO_COLLECTED_IN_RG3	\N	\N	\N	\N	\N
COMPRESSION	RG3_US500_PERIOD_M5_1774224000_1774828800_1890775757493427196	1	1774303500	1774314900	NOT_EVALUABLE	AUCTION_INTERVAL_AUTHORITY_NOT_CO_COLLECTED_IN_RG3	\N	\N	\N	\N	\N
COMPRESSION	RG3_US500_PERIOD_M5_1774224000_1774828800_1890775757493427196	2	1774321200	1774342200	NOT_EVALUABLE	AUCTION_INTERVAL_AUTHORITY_NOT_CO_COLLECTED_IN_RG3	\N	\N	\N	\N	\N
COMPRESSION	RG3_US500_PERIOD_M5_1774224000_1774828800_1890775757493427196	3	1774352400	1774362600	NOT_EVALUABLE	AUCTION_INTERVAL_AUTHORITY_NOT_CO_COLLECTED_IN_RG3	\N	\N	\N	\N	\N
COMPRESSION	RG3_US500_PERIOD_M5_1774224000_1774828800_1890775757493427196	4	1774392000	1774407600	NOT_EVALUABLE	AUCTION_INTERVAL_AUTHORITY_NOT_CO_COLLECTED_IN_RG3	\N	\N	\N	\N	\N
COMPRESSION	RG3_US500_PERIOD_M5_1774224000_1774828800_1890775757493427196	5	1774411500	1774420500	NOT_EVALUABLE	AUCTION_INTERVAL_AUTHORITY_NOT_CO_COLLECTED_IN_RG3	\N	\N	\N	\N	\N
COMPRESSION	RG3_US500_PERIOD_M5_1774224000_1774828800_1890775757493427196	6	1774425000	1774433700	NOT_EVALUABLE	AUCTION_INTERVAL_AUTHORITY_NOT_CO_COLLECTED_IN_RG3	\N	\N	\N	\N	\N
COMPRESSION	RG3_US500_PERIOD_M5_1774224000_1774828800_1890775757493427196	7	1774435800	1774461900	NOT_EVALUABLE	AUCTION_INTERVAL_AUTHORITY_NOT_CO_COLLECTED_IN_RG3	\N	\N	\N	\N	\N
COMPRESSION	RG3_US500_PERIOD_M5_1774224000_1774828800_1890775757493427196	8	1774471200	1774488000	NOT_EVALUABLE	AUCTION_INTERVAL_AUTHORITY_NOT_CO_COLLECTED_IN_RG3	\N	\N	\N	\N	\N
COMPRESSION	RG3_US500_PERIOD_M5_1774224000_1774828800_1890775757493427196	9	1774492500	1774501200	NOT_EVALUABLE	AUCTION_INTERVAL_AUTHORITY_NOT_CO_COLLECTED_IN_RG3	\N	\N	\N	\N	\N
COMPRESSION	RG3_US500_PERIOD_M5_1774224000_1774828800_1890775757493427196	10	1774508700	1774521600	NOT_EVALUABLE	AUCTION_INTERVAL_AUTHORITY_NOT_CO_COLLECTED_IN_RG3	\N	\N	\N	\N	\N
COMPRESSION	RG3_US500_PERIOD_M5_1774224000_1774828800_1890775757493427196	11	1774525800	1774534200	NOT_EVALUABLE	AUCTION_INTERVAL_AUTHORITY_NOT_CO_COLLECTED_IN_RG3	\N	\N	\N	\N	\N
COMPRESSION	RG3_US500_PERIOD_M5_1774224000_1774828800_1890775757493427196	12	1774569600	1774594800	NOT_EVALUABLE	AUCTION_INTERVAL_AUTHORITY_NOT_CO_COLLECTED_IN_RG3	\N	\N	\N	\N	\N
COMPRESSION	RG3_US500_PERIOD_M5_1774224000_1774828800_1890775757493427196	13	1774595700	1774603800	NOT_EVALUABLE	AUCTION_INTERVAL_AUTHORITY_NOT_CO_COLLECTED_IN_RG3	\N	\N	\N	\N	\N
EXPANSION	RG3_US500_PERIOD_M5_1774224000_1774828800_1890775757493427196	1	1774314900	1774326900	NOT_EVALUABLE	AUCTION_INTERVAL_AUTHORITY_NOT_CO_COLLECTED_IN_RG3	\N	\N	\N	\N	\N
EXPANSION	RG3_US500_PERIOD_M5_1774224000_1774828800_1890775757493427196	2	1774342200	1774358100	NOT_EVALUABLE	AUCTION_INTERVAL_AUTHORITY_NOT_CO_COLLECTED_IN_RG3	\N	\N	\N	\N	\N
EXPANSION	RG3_US500_PERIOD_M5_1774224000_1774828800_1890775757493427196	3	1774362600	1774401300	NOT_EVALUABLE	AUCTION_INTERVAL_AUTHORITY_NOT_CO_COLLECTED_IN_RG3	\N	\N	\N	\N	\N
EXPANSION	RG3_US500_PERIOD_M5_1774224000_1774828800_1890775757493427196	4	1774407600	1774417200	NOT_EVALUABLE	AUCTION_INTERVAL_AUTHORITY_NOT_CO_COLLECTED_IN_RG3	\N	\N	\N	\N	\N
EXPANSION	RG3_US500_PERIOD_M5_1774224000_1774828800_1890775757493427196	5	1774420500	1774430700	NOT_EVALUABLE	AUCTION_INTERVAL_AUTHORITY_NOT_CO_COLLECTED_IN_RG3	\N	\N	\N	\N	\N
EXPANSION	RG3_US500_PERIOD_M5_1774224000_1774828800_1890775757493427196	6	1774433700	1774441500	NOT_EVALUABLE	AUCTION_INTERVAL_AUTHORITY_NOT_CO_COLLECTED_IN_RG3	\N	\N	\N	\N	\N
EXPANSION	RG3_US500_PERIOD_M5_1774224000_1774828800_1890775757493427196	7	1774461900	1774476900	NOT_EVALUABLE	AUCTION_INTERVAL_AUTHORITY_NOT_CO_COLLECTED_IN_RG3	\N	\N	\N	\N	\N
EXPANSION	RG3_US500_PERIOD_M5_1774224000_1774828800_1890775757493427196	8	1774488000	1774498200	NOT_EVALUABLE	AUCTION_INTERVAL_AUTHORITY_NOT_CO_COLLECTED_IN_RG3	\N	\N	\N	\N	\N
EXPANSION	RG3_US500_PERIOD_M5_1774224000_1774828800_1890775757493427196	9	1774501200	1774514400	NOT_EVALUABLE	AUCTION_INTERVAL_AUTHORITY_NOT_CO_COLLECTED_IN_RG3	\N	\N	\N	\N	\N
EXPANSION	RG3_US500_PERIOD_M5_1774224000_1774828800_1890775757493427196	10	1774521600	1774531500	NOT_EVALUABLE	AUCTION_INTERVAL_AUTHORITY_NOT_CO_COLLECTED_IN_RG3	\N	\N	\N	\N	\N
EXPANSION	RG3_US500_PERIOD_M5_1774224000_1774828800_1890775757493427196	11	1774534200	1774575300	NOT_EVALUABLE	AUCTION_INTERVAL_AUTHORITY_NOT_CO_COLLECTED_IN_RG3	\N	\N	\N	\N	\N
EXPANSION	RG3_US500_PERIOD_M5_1774224000_1774828800_1890775757493427196	12	1774594800	1774601400	NOT_EVALUABLE	AUCTION_INTERVAL_AUTHORITY_NOT_CO_COLLECTED_IN_RG3	\N	\N	\N	\N	\N
EXPANSION	RG3_US500_PERIOD_M5_1774224000_1774828800_1890775757493427196	13	1774603800	1774828800	NOT_EVALUABLE	AUCTION_INTERVAL_AUTHORITY_NOT_CO_COLLECTED_IN_RG3	\N	\N	\N	\N	\N
COMPRESSION	RG3_US500_PERIOD_M5_1777852800_1778457600_15690359251172544486	1	1777857600	1777880700	NOT_EVALUABLE	AUCTION_INTERVAL_AUTHORITY_NOT_CO_COLLECTED_IN_RG3	\N	\N	\N	\N	\N
COMPRESSION	RG3_US500_PERIOD_M5_1777852800_1778457600_15690359251172544486	2	1777906800	1777916400	NOT_EVALUABLE	AUCTION_INTERVAL_AUTHORITY_NOT_CO_COLLECTED_IN_RG3	\N	\N	\N	\N	\N
COMPRESSION	RG3_US500_PERIOD_M5_1777852800_1778457600_15690359251172544486	3	1777931700	1777944900	NOT_EVALUABLE	AUCTION_INTERVAL_AUTHORITY_NOT_CO_COLLECTED_IN_RG3	\N	\N	\N	\N	\N
COMPRESSION	RG3_US500_PERIOD_M5_1777852800_1778457600_15690359251172544486	4	1777948500	1777957500	NOT_EVALUABLE	AUCTION_INTERVAL_AUTHORITY_NOT_CO_COLLECTED_IN_RG3	\N	\N	\N	\N	\N
COMPRESSION	RG3_US500_PERIOD_M5_1777852800_1778457600_15690359251172544486	5	1777958100	1777975500	NOT_EVALUABLE	AUCTION_INTERVAL_AUTHORITY_NOT_CO_COLLECTED_IN_RG3	\N	\N	\N	\N	\N
COMPRESSION	RG3_US500_PERIOD_M5_1777852800_1778457600_15690359251172544486	6	1777978800	1777995300	NOT_EVALUABLE	AUCTION_INTERVAL_AUTHORITY_NOT_CO_COLLECTED_IN_RG3	\N	\N	\N	\N	\N
COMPRESSION	RG3_US500_PERIOD_M5_1777852800_1778457600_15690359251172544486	7	1778003400	1778014500	NOT_EVALUABLE	AUCTION_INTERVAL_AUTHORITY_NOT_CO_COLLECTED_IN_RG3	\N	\N	\N	\N	\N
COMPRESSION	RG3_US500_PERIOD_M5_1777852800_1778457600_15690359251172544486	8	1778039400	1778069700	NOT_EVALUABLE	AUCTION_INTERVAL_AUTHORITY_NOT_CO_COLLECTED_IN_RG3	\N	\N	\N	\N	\N
COMPRESSION	RG3_US500_PERIOD_M5_1777852800_1778457600_15690359251172544486	9	1778111700	1778128800	NOT_EVALUABLE	AUCTION_INTERVAL_AUTHORITY_NOT_CO_COLLECTED_IN_RG3	\N	\N	\N	\N	\N
COMPRESSION	RG3_US500_PERIOD_M5_1777852800_1778457600_15690359251172544486	10	1778130900	1778143200	NOT_EVALUABLE	AUCTION_INTERVAL_AUTHORITY_NOT_CO_COLLECTED_IN_RG3	\N	\N	\N	\N	\N
COMPRESSION	RG3_US500_PERIOD_M5_1777852800_1778457600_15690359251172544486	11	1778154000	1778169300	NOT_EVALUABLE	AUCTION_INTERVAL_AUTHORITY_NOT_CO_COLLECTED_IN_RG3	\N	\N	\N	\N	\N
COMPRESSION	RG3_US500_PERIOD_M5_1777852800_1778457600_15690359251172544486	12	1778212500	1778229600	NOT_EVALUABLE	AUCTION_INTERVAL_AUTHORITY_NOT_CO_COLLECTED_IN_RG3	\N	\N	\N	\N	\N
COMPRESSION	RG3_US500_PERIOD_M5_1777852800_1778457600_15690359251172544486	13	1778230800	1778240100	NOT_EVALUABLE	AUCTION_INTERVAL_AUTHORITY_NOT_CO_COLLECTED_IN_RG3	\N	\N	\N	\N	\N
COMPRESSION	RG3_US500_PERIOD_M5_1777852800_1778457600_15690359251172544486	14	1778244900	1778260500	NOT_EVALUABLE	AUCTION_INTERVAL_AUTHORITY_NOT_CO_COLLECTED_IN_RG3	\N	\N	\N	\N	\N
COMPRESSION	RG3_US500_PERIOD_M5_1777852800_1778457600_15690359251172544486	15	1778270400	1778278500	NOT_EVALUABLE	AUCTION_INTERVAL_AUTHORITY_NOT_CO_COLLECTED_IN_RG3	\N	\N	\N	\N	\N
EXPANSION	RG3_US500_PERIOD_M5_1777852800_1778457600_15690359251172544486	1	1777880700	1777912500	NOT_EVALUABLE	AUCTION_INTERVAL_AUTHORITY_NOT_CO_COLLECTED_IN_RG3	\N	\N	\N	\N	\N
EXPANSION	RG3_US500_PERIOD_M5_1777852800_1778457600_15690359251172544486	2	1777916400	1777937400	NOT_EVALUABLE	AUCTION_INTERVAL_AUTHORITY_NOT_CO_COLLECTED_IN_RG3	\N	\N	\N	\N	\N
EXPANSION	RG3_US500_PERIOD_M5_1777852800_1778457600_15690359251172544486	3	1777944900	1777954200	NOT_EVALUABLE	AUCTION_INTERVAL_AUTHORITY_NOT_CO_COLLECTED_IN_RG3	\N	\N	\N	\N	\N
EXPANSION	RG3_US500_PERIOD_M5_1777852800_1778457600_15690359251172544486	4	1777957500	1777963800	NOT_EVALUABLE	AUCTION_INTERVAL_AUTHORITY_NOT_CO_COLLECTED_IN_RG3	\N	\N	\N	\N	\N
EXPANSION	RG3_US500_PERIOD_M5_1777852800_1778457600_15690359251172544486	5	1777975500	1777984500	NOT_EVALUABLE	AUCTION_INTERVAL_AUTHORITY_NOT_CO_COLLECTED_IN_RG3	\N	\N	\N	\N	\N
EXPANSION	RG3_US500_PERIOD_M5_1777852800_1778457600_15690359251172544486	6	1777995300	1778009100	NOT_EVALUABLE	AUCTION_INTERVAL_AUTHORITY_NOT_CO_COLLECTED_IN_RG3	\N	\N	\N	\N	\N
EXPANSION	RG3_US500_PERIOD_M5_1777852800_1778457600_15690359251172544486	7	1778014500	1778045100	NOT_EVALUABLE	AUCTION_INTERVAL_AUTHORITY_NOT_CO_COLLECTED_IN_RG3	\N	\N	\N	\N	\N
EXPANSION	RG3_US500_PERIOD_M5_1777852800_1778457600_15690359251172544486	8	1778069700	1778121000	NOT_EVALUABLE	AUCTION_INTERVAL_AUTHORITY_NOT_CO_COLLECTED_IN_RG3	\N	\N	\N	\N	\N
EXPANSION	RG3_US500_PERIOD_M5_1777852800_1778457600_15690359251172544486	9	1778128800	1778136600	NOT_EVALUABLE	AUCTION_INTERVAL_AUTHORITY_NOT_CO_COLLECTED_IN_RG3	\N	\N	\N	\N	\N
EXPANSION	RG3_US500_PERIOD_M5_1777852800_1778457600_15690359251172544486	10	1778143200	1778159700	NOT_EVALUABLE	AUCTION_INTERVAL_AUTHORITY_NOT_CO_COLLECTED_IN_RG3	\N	\N	\N	\N	\N
EXPANSION	RG3_US500_PERIOD_M5_1777852800_1778457600_15690359251172544486	11	1778169300	1778218200	NOT_EVALUABLE	AUCTION_INTERVAL_AUTHORITY_NOT_CO_COLLECTED_IN_RG3	\N	\N	\N	\N	\N
EXPANSION	RG3_US500_PERIOD_M5_1777852800_1778457600_15690359251172544486	12	1778229600	1778236500	NOT_EVALUABLE	AUCTION_INTERVAL_AUTHORITY_NOT_CO_COLLECTED_IN_RG3	\N	\N	\N	\N	\N
EXPANSION	RG3_US500_PERIOD_M5_1777852800_1778457600_15690359251172544486	13	1778240100	1778250600	NOT_EVALUABLE	AUCTION_INTERVAL_AUTHORITY_NOT_CO_COLLECTED_IN_RG3	\N	\N	\N	\N	\N
EXPANSION	RG3_US500_PERIOD_M5_1777852800_1778457600_15690359251172544486	14	1778260500	1778276100	NOT_EVALUABLE	AUCTION_INTERVAL_AUTHORITY_NOT_CO_COLLECTED_IN_RG3	\N	\N	\N	\N	\N
EXPANSION	RG3_US500_PERIOD_M5_1777852800_1778457600_15690359251172544486	15	1778278500	1778457600	NOT_EVALUABLE	AUCTION_INTERVAL_AUTHORITY_NOT_CO_COLLECTED_IN_RG3	\N	\N	\N	\N	\N
COMPRESSION	RG3_US500_PERIOD_M5_1781481600_1782086400_15824288097372850924	1	1781485200	1781494800	NOT_EVALUABLE	AUCTION_INTERVAL_AUTHORITY_NOT_CO_COLLECTED_IN_RG3	\N	\N	\N	\N	\N
COMPRESSION	RG3_US500_PERIOD_M5_1781481600_1782086400_15824288097372850924	2	1781495400	1781509500	NOT_EVALUABLE	AUCTION_INTERVAL_AUTHORITY_NOT_CO_COLLECTED_IN_RG3	\N	\N	\N	\N	\N
COMPRESSION	RG3_US500_PERIOD_M5_1781481600_1782086400_15824288097372850924	3	1781532900	1781542800	NOT_EVALUABLE	AUCTION_INTERVAL_AUTHORITY_NOT_CO_COLLECTED_IN_RG3	\N	\N	\N	\N	\N
COMPRESSION	RG3_US500_PERIOD_M5_1781481600_1782086400_15824288097372850924	4	1781548500	1781558700	NOT_EVALUABLE	AUCTION_INTERVAL_AUTHORITY_NOT_CO_COLLECTED_IN_RG3	\N	\N	\N	\N	\N
COMPRESSION	RG3_US500_PERIOD_M5_1781481600_1782086400_15824288097372850924	5	1781560500	1781574300	NOT_EVALUABLE	AUCTION_INTERVAL_AUTHORITY_NOT_CO_COLLECTED_IN_RG3	\N	\N	\N	\N	\N
COMPRESSION	RG3_US500_PERIOD_M5_1781481600_1782086400_15824288097372850924	6	1781575800	1781618100	NOT_EVALUABLE	AUCTION_INTERVAL_AUTHORITY_NOT_CO_COLLECTED_IN_RG3	\N	\N	\N	\N	\N
COMPRESSION	RG3_US500_PERIOD_M5_1781481600_1782086400_15824288097372850924	7	1781619900	1781631900	NOT_EVALUABLE	AUCTION_INTERVAL_AUTHORITY_NOT_CO_COLLECTED_IN_RG3	\N	\N	\N	\N	\N
COMPRESSION	RG3_US500_PERIOD_M5_1781481600_1782086400_15824288097372850924	8	1781639400	1781649300	NOT_EVALUABLE	AUCTION_INTERVAL_AUTHORITY_NOT_CO_COLLECTED_IN_RG3	\N	\N	\N	\N	\N
COMPRESSION	RG3_US500_PERIOD_M5_1781481600_1782086400_15824288097372850924	9	1781658300	1781670600	NOT_EVALUABLE	AUCTION_INTERVAL_AUTHORITY_NOT_CO_COLLECTED_IN_RG3	\N	\N	\N	\N	\N
COMPRESSION	RG3_US500_PERIOD_M5_1781481600_1782086400_15824288097372850924	10	1781673600	1781701500	NOT_EVALUABLE	AUCTION_INTERVAL_AUTHORITY_NOT_CO_COLLECTED_IN_RG3	\N	\N	\N	\N	\N
COMPRESSION	RG3_US500_PERIOD_M5_1781481600_1782086400_15824288097372850924	11	1781751900	1781768400	NOT_EVALUABLE	AUCTION_INTERVAL_AUTHORITY_NOT_CO_COLLECTED_IN_RG3	\N	\N	\N	\N	\N
COMPRESSION	RG3_US500_PERIOD_M5_1781481600_1782086400_15824288097372850924	12	1781769000	1781779500	NOT_EVALUABLE	AUCTION_INTERVAL_AUTHORITY_NOT_CO_COLLECTED_IN_RG3	\N	\N	\N	\N	\N
COMPRESSION	RG3_US500_PERIOD_M5_1781481600_1782086400_15824288097372850924	13	1781831700	1781843700	NOT_EVALUABLE	AUCTION_INTERVAL_AUTHORITY_NOT_CO_COLLECTED_IN_RG3	\N	\N	\N	\N	\N
COMPRESSION	RG3_US500_PERIOD_M5_1781481600_1782086400_15824288097372850924	14	1781866200	1781877000	NOT_EVALUABLE	AUCTION_INTERVAL_AUTHORITY_NOT_CO_COLLECTED_IN_RG3	\N	\N	\N	\N	\N
COMPRESSION	RG3_US500_PERIOD_M5_1781481600_1782086400_15824288097372850924	15	1781877600	1781886000	NOT_EVALUABLE	AUCTION_INTERVAL_AUTHORITY_NOT_CO_COLLECTED_IN_RG3	\N	\N	\N	\N	\N
COMPRESSION	RG3_US500_PERIOD_M5_1781481600_1782086400_15824288097372850924	16	1781889600	1782086400	NOT_EVALUABLE	AUCTION_INTERVAL_AUTHORITY_NOT_CO_COLLECTED_IN_RG3	\N	\N	\N	\N	\N
EXPANSION	RG3_US500_PERIOD_M5_1781481600_1782086400_15824288097372850924	1	1781494800	1781501100	NOT_EVALUABLE	AUCTION_INTERVAL_AUTHORITY_NOT_CO_COLLECTED_IN_RG3	\N	\N	\N	\N	\N
EXPANSION	RG3_US500_PERIOD_M5_1781481600_1782086400_15824288097372850924	2	1781509500	1781538600	NOT_EVALUABLE	AUCTION_INTERVAL_AUTHORITY_NOT_CO_COLLECTED_IN_RG3	\N	\N	\N	\N	\N
EXPANSION	RG3_US500_PERIOD_M5_1781481600_1782086400_15824288097372850924	3	1781542800	1781554200	NOT_EVALUABLE	AUCTION_INTERVAL_AUTHORITY_NOT_CO_COLLECTED_IN_RG3	\N	\N	\N	\N	\N
EXPANSION	RG3_US500_PERIOD_M5_1781481600_1782086400_15824288097372850924	4	1781558700	1781566200	NOT_EVALUABLE	AUCTION_INTERVAL_AUTHORITY_NOT_CO_COLLECTED_IN_RG3	\N	\N	\N	\N	\N
EXPANSION	RG3_US500_PERIOD_M5_1781481600_1782086400_15824288097372850924	5	1781574300	1781581500	NOT_EVALUABLE	AUCTION_INTERVAL_AUTHORITY_NOT_CO_COLLECTED_IN_RG3	\N	\N	\N	\N	\N
EXPANSION	RG3_US500_PERIOD_M5_1781481600_1782086400_15824288097372850924	6	1781618100	1781625600	NOT_EVALUABLE	AUCTION_INTERVAL_AUTHORITY_NOT_CO_COLLECTED_IN_RG3	\N	\N	\N	\N	\N
EXPANSION	RG3_US500_PERIOD_M5_1781481600_1782086400_15824288097372850924	7	1781631900	1781645100	NOT_EVALUABLE	AUCTION_INTERVAL_AUTHORITY_NOT_CO_COLLECTED_IN_RG3	\N	\N	\N	\N	\N
EXPANSION	RG3_US500_PERIOD_M5_1781481600_1782086400_15824288097372850924	8	1781649300	1781664000	NOT_EVALUABLE	AUCTION_INTERVAL_AUTHORITY_NOT_CO_COLLECTED_IN_RG3	\N	\N	\N	\N	\N
EXPANSION	RG3_US500_PERIOD_M5_1781481600_1782086400_15824288097372850924	9	1781670600	1781679300	NOT_EVALUABLE	AUCTION_INTERVAL_AUTHORITY_NOT_CO_COLLECTED_IN_RG3	\N	\N	\N	\N	\N
EXPANSION	RG3_US500_PERIOD_M5_1781481600_1782086400_15824288097372850924	10	1781701500	1781757600	NOT_EVALUABLE	AUCTION_INTERVAL_AUTHORITY_NOT_CO_COLLECTED_IN_RG3	\N	\N	\N	\N	\N
EXPANSION	RG3_US500_PERIOD_M5_1781481600_1782086400_15824288097372850924	11	1781768400	1781774700	NOT_EVALUABLE	AUCTION_INTERVAL_AUTHORITY_NOT_CO_COLLECTED_IN_RG3	\N	\N	\N	\N	\N
EXPANSION	RG3_US500_PERIOD_M5_1781481600_1782086400_15824288097372850924	12	1781779500	1781837400	NOT_EVALUABLE	AUCTION_INTERVAL_AUTHORITY_NOT_CO_COLLECTED_IN_RG3	\N	\N	\N	\N	\N
EXPANSION	RG3_US500_PERIOD_M5_1781481600_1782086400_15824288097372850924	13	1781843700	1781871900	NOT_EVALUABLE	AUCTION_INTERVAL_AUTHORITY_NOT_CO_COLLECTED_IN_RG3	\N	\N	\N	\N	\N
EXPANSION	RG3_US500_PERIOD_M5_1781481600_1782086400_15824288097372850924	14	1781877000	1781883300	NOT_EVALUABLE	AUCTION_INTERVAL_AUTHORITY_NOT_CO_COLLECTED_IN_RG3	\N	\N	\N	\N	\N
EXPANSION	RG3_US500_PERIOD_M5_1781481600_1782086400_15824288097372850924	15	1781886000	1781895300	NOT_EVALUABLE	AUCTION_INTERVAL_AUTHORITY_NOT_CO_COLLECTED_IN_RG3	\N	\N	\N	\N	\N
COMPRESSION	RG3_US500_PERIOD_M5_1783900800_1784505600_3208920806467451907	1	1783905600	1783913400	NOT_EVALUABLE	AUCTION_INTERVAL_AUTHORITY_NOT_CO_COLLECTED_IN_RG3	\N	\N	\N	\N	\N
COMPRESSION	RG3_US500_PERIOD_M5_1783900800_1784505600_3208920806467451907	2	1783922100	1783929900	NOT_EVALUABLE	AUCTION_INTERVAL_AUTHORITY_NOT_CO_COLLECTED_IN_RG3	\N	\N	\N	\N	\N
COMPRESSION	RG3_US500_PERIOD_M5_1783900800_1784505600_3208920806467451907	3	1783942800	1783956000	NOT_EVALUABLE	AUCTION_INTERVAL_AUTHORITY_NOT_CO_COLLECTED_IN_RG3	\N	\N	\N	\N	\N
COMPRESSION	RG3_US500_PERIOD_M5_1783900800_1784505600_3208920806467451907	4	1783974000	1783983000	NOT_EVALUABLE	AUCTION_INTERVAL_AUTHORITY_NOT_CO_COLLECTED_IN_RG3	\N	\N	\N	\N	\N
COMPRESSION	RG3_US500_PERIOD_M5_1783900800_1784505600_3208920806467451907	5	1783984200	1783996200	NOT_EVALUABLE	AUCTION_INTERVAL_AUTHORITY_NOT_CO_COLLECTED_IN_RG3	\N	\N	\N	\N	\N
COMPRESSION	RG3_US500_PERIOD_M5_1783900800_1784505600_3208920806467451907	6	1784028600	1784044800	NOT_EVALUABLE	AUCTION_INTERVAL_AUTHORITY_NOT_CO_COLLECTED_IN_RG3	\N	\N	\N	\N	\N
COMPRESSION	RG3_US500_PERIOD_M5_1783900800_1784505600_3208920806467451907	7	1784059500	1784084100	NOT_EVALUABLE	AUCTION_INTERVAL_AUTHORITY_NOT_CO_COLLECTED_IN_RG3	\N	\N	\N	\N	\N
COMPRESSION	RG3_US500_PERIOD_M5_1783900800_1784505600_3208920806467451907	8	1784090700	1784129400	NOT_EVALUABLE	AUCTION_INTERVAL_AUTHORITY_NOT_CO_COLLECTED_IN_RG3	\N	\N	\N	\N	\N
COMPRESSION	RG3_US500_PERIOD_M5_1783900800_1784505600_3208920806467451907	9	1784156100	1784182800	NOT_EVALUABLE	AUCTION_INTERVAL_AUTHORITY_NOT_CO_COLLECTED_IN_RG3	\N	\N	\N	\N	\N
COMPRESSION	RG3_US500_PERIOD_M5_1783900800_1784505600_3208920806467451907	10	1784183400	1784195400	NOT_EVALUABLE	AUCTION_INTERVAL_AUTHORITY_NOT_CO_COLLECTED_IN_RG3	\N	\N	\N	\N	\N
COMPRESSION	RG3_US500_PERIOD_M5_1783900800_1784505600_3208920806467451907	11	1784251500	1784259300	NOT_EVALUABLE	AUCTION_INTERVAL_AUTHORITY_NOT_CO_COLLECTED_IN_RG3	\N	\N	\N	\N	\N
COMPRESSION	RG3_US500_PERIOD_M5_1783900800_1784505600_3208920806467451907	12	1784293800	1784302500	NOT_EVALUABLE	AUCTION_INTERVAL_AUTHORITY_NOT_CO_COLLECTED_IN_RG3	\N	\N	\N	\N	\N
EXPANSION	RG3_US500_PERIOD_M5_1783900800_1784505600_3208920806467451907	1	1783913400	1783927800	NOT_EVALUABLE	AUCTION_INTERVAL_AUTHORITY_NOT_CO_COLLECTED_IN_RG3	\N	\N	\N	\N	\N
EXPANSION	RG3_US500_PERIOD_M5_1783900800_1784505600_3208920806467451907	2	1783929900	1783948500	NOT_EVALUABLE	AUCTION_INTERVAL_AUTHORITY_NOT_CO_COLLECTED_IN_RG3	\N	\N	\N	\N	\N
EXPANSION	RG3_US500_PERIOD_M5_1783900800_1784505600_3208920806467451907	3	1783956000	1783979700	NOT_EVALUABLE	AUCTION_INTERVAL_AUTHORITY_NOT_CO_COLLECTED_IN_RG3	\N	\N	\N	\N	\N
EXPANSION	RG3_US500_PERIOD_M5_1783900800_1784505600_3208920806467451907	4	1783983000	1783993500	NOT_EVALUABLE	AUCTION_INTERVAL_AUTHORITY_NOT_CO_COLLECTED_IN_RG3	\N	\N	\N	\N	\N
EXPANSION	RG3_US500_PERIOD_M5_1783900800_1784505600_3208920806467451907	5	1783996200	1784034300	NOT_EVALUABLE	AUCTION_INTERVAL_AUTHORITY_NOT_CO_COLLECTED_IN_RG3	\N	\N	\N	\N	\N
EXPANSION	RG3_US500_PERIOD_M5_1783900800_1784505600_3208920806467451907	6	1784044800	1784065200	NOT_EVALUABLE	AUCTION_INTERVAL_AUTHORITY_NOT_CO_COLLECTED_IN_RG3	\N	\N	\N	\N	\N
EXPANSION	RG3_US500_PERIOD_M5_1783900800_1784505600_3208920806467451907	7	1784084100	1784096400	NOT_EVALUABLE	AUCTION_INTERVAL_AUTHORITY_NOT_CO_COLLECTED_IN_RG3	\N	\N	\N	\N	\N
EXPANSION	RG3_US500_PERIOD_M5_1783900800_1784505600_3208920806467451907	8	1784129400	1784165400	NOT_EVALUABLE	AUCTION_INTERVAL_AUTHORITY_NOT_CO_COLLECTED_IN_RG3	\N	\N	\N	\N	\N
EXPANSION	RG3_US500_PERIOD_M5_1783900800_1784505600_3208920806467451907	9	1784182800	1784189100	NOT_EVALUABLE	AUCTION_INTERVAL_AUTHORITY_NOT_CO_COLLECTED_IN_RG3	\N	\N	\N	\N	\N
EXPANSION	RG3_US500_PERIOD_M5_1783900800_1784505600_3208920806467451907	10	1784195400	1784257200	NOT_EVALUABLE	AUCTION_INTERVAL_AUTHORITY_NOT_CO_COLLECTED_IN_RG3	\N	\N	\N	\N	\N
EXPANSION	RG3_US500_PERIOD_M5_1783900800_1784505600_3208920806467451907	11	1784259300	1784299500	NOT_EVALUABLE	AUCTION_INTERVAL_AUTHORITY_NOT_CO_COLLECTED_IN_RG3	\N	\N	\N	\N	\N
EXPANSION	RG3_US500_PERIOD_M5_1783900800_1784505600_3208920806467451907	12	1784302500	1784505600	NOT_EVALUABLE	AUCTION_INTERVAL_AUTHORITY_NOT_CO_COLLECTED_IN_RG3	\N	\N	\N	\N	\N
COMPRESSION	RG3_US500_PERIOD_M5_1785715200_1786060800_8620801695057607233	1	1785718800	1785734700	NOT_EVALUABLE	AUCTION_INTERVAL_AUTHORITY_NOT_CO_COLLECTED_IN_RG3	\N	\N	\N	\N	\N
COMPRESSION	RG3_US500_PERIOD_M5_1785715200_1786060800_8620801695057607233	2	1785735300	1785756600	NOT_EVALUABLE	AUCTION_INTERVAL_AUTHORITY_NOT_CO_COLLECTED_IN_RG3	\N	\N	\N	\N	\N
COMPRESSION	RG3_US500_PERIOD_M5_1785715200_1786060800_8620801695057607233	3	1785757200	1785773400	NOT_EVALUABLE	AUCTION_INTERVAL_AUTHORITY_NOT_CO_COLLECTED_IN_RG3	\N	\N	\N	\N	\N
COMPRESSION	RG3_US500_PERIOD_M5_1785715200_1786060800_8620801695057607233	4	1785792900	1785820200	NOT_EVALUABLE	AUCTION_INTERVAL_AUTHORITY_NOT_CO_COLLECTED_IN_RG3	\N	\N	\N	\N	\N
COMPRESSION	RG3_US500_PERIOD_M5_1785715200_1786060800_8620801695057607233	5	1785820800	1785835500	NOT_EVALUABLE	AUCTION_INTERVAL_AUTHORITY_NOT_CO_COLLECTED_IN_RG3	\N	\N	\N	\N	\N
COMPRESSION	RG3_US500_PERIOD_M5_1785715200_1786060800_8620801695057607233	6	1785843000	1785852600	NOT_EVALUABLE	AUCTION_INTERVAL_AUTHORITY_NOT_CO_COLLECTED_IN_RG3	\N	\N	\N	\N	\N
COMPRESSION	RG3_US500_PERIOD_M5_1785715200_1786060800_8620801695057607233	7	1785854400	1785862800	NOT_EVALUABLE	AUCTION_INTERVAL_AUTHORITY_NOT_CO_COLLECTED_IN_RG3	\N	\N	\N	\N	\N
COMPRESSION	RG3_US500_PERIOD_M5_1785715200_1786060800_8620801695057607233	8	1785891900	1785906900	NOT_EVALUABLE	AUCTION_INTERVAL_AUTHORITY_NOT_CO_COLLECTED_IN_RG3	\N	\N	\N	\N	\N
COMPRESSION	RG3_US500_PERIOD_M5_1785715200_1786060800_8620801695057607233	9	1785908700	1785919200	NOT_EVALUABLE	AUCTION_INTERVAL_AUTHORITY_NOT_CO_COLLECTED_IN_RG3	\N	\N	\N	\N	\N
COMPRESSION	RG3_US500_PERIOD_M5_1785715200_1786060800_8620801695057607233	10	1785936300	1785944400	NOT_EVALUABLE	AUCTION_INTERVAL_AUTHORITY_NOT_CO_COLLECTED_IN_RG3	\N	\N	\N	\N	\N
COMPRESSION	RG3_US500_PERIOD_M5_1785715200_1786060800_8620801695057607233	11	1785961500	1785972300	NOT_EVALUABLE	AUCTION_INTERVAL_AUTHORITY_NOT_CO_COLLECTED_IN_RG3	\N	\N	\N	\N	\N
COMPRESSION	RG3_US500_PERIOD_M5_1785715200_1786060800_8620801695057607233	12	1785981900	1785990000	NOT_EVALUABLE	AUCTION_INTERVAL_AUTHORITY_NOT_CO_COLLECTED_IN_RG3	\N	\N	\N	\N	\N
COMPRESSION	RG3_US500_PERIOD_M5_1785715200_1786060800_8620801695057607233	13	1785992700	1786014300	NOT_EVALUABLE	AUCTION_INTERVAL_AUTHORITY_NOT_CO_COLLECTED_IN_RG3	\N	\N	\N	\N	\N
EXPANSION	RG3_US500_PERIOD_M5_1785715200_1786060800_8620801695057607233	1	1785734700	1785741000	NOT_EVALUABLE	AUCTION_INTERVAL_AUTHORITY_NOT_CO_COLLECTED_IN_RG3	\N	\N	\N	\N	\N
EXPANSION	RG3_US500_PERIOD_M5_1785715200_1786060800_8620801695057607233	2	1785756600	1785762900	NOT_EVALUABLE	AUCTION_INTERVAL_AUTHORITY_NOT_CO_COLLECTED_IN_RG3	\N	\N	\N	\N	\N
EXPANSION	RG3_US500_PERIOD_M5_1785715200_1786060800_8620801695057607233	3	1785773400	1785798600	NOT_EVALUABLE	AUCTION_INTERVAL_AUTHORITY_NOT_CO_COLLECTED_IN_RG3	\N	\N	\N	\N	\N
EXPANSION	RG3_US500_PERIOD_M5_1785715200_1786060800_8620801695057607233	4	1785820200	1785826500	NOT_EVALUABLE	AUCTION_INTERVAL_AUTHORITY_NOT_CO_COLLECTED_IN_RG3	\N	\N	\N	\N	\N
EXPANSION	RG3_US500_PERIOD_M5_1785715200_1786060800_8620801695057607233	5	1785835500	1785848700	NOT_EVALUABLE	AUCTION_INTERVAL_AUTHORITY_NOT_CO_COLLECTED_IN_RG3	\N	\N	\N	\N	\N
EXPANSION	RG3_US500_PERIOD_M5_1785715200_1786060800_8620801695057607233	6	1785852600	1785860100	NOT_EVALUABLE	AUCTION_INTERVAL_AUTHORITY_NOT_CO_COLLECTED_IN_RG3	\N	\N	\N	\N	\N
EXPANSION	RG3_US500_PERIOD_M5_1785715200_1786060800_8620801695057607233	7	1785862800	1785897600	NOT_EVALUABLE	AUCTION_INTERVAL_AUTHORITY_NOT_CO_COLLECTED_IN_RG3	\N	\N	\N	\N	\N
EXPANSION	RG3_US500_PERIOD_M5_1785715200_1786060800_8620801695057607233	8	1785906900	1785914400	NOT_EVALUABLE	AUCTION_INTERVAL_AUTHORITY_NOT_CO_COLLECTED_IN_RG3	\N	\N	\N	\N	\N
EXPANSION	RG3_US500_PERIOD_M5_1785715200_1786060800_8620801695057607233	9	1785919200	1785942000	NOT_EVALUABLE	AUCTION_INTERVAL_AUTHORITY_NOT_CO_COLLECTED_IN_RG3	\N	\N	\N	\N	\N
EXPANSION	RG3_US500_PERIOD_M5_1785715200_1786060800_8620801695057607233	10	1785944400	1785967200	NOT_EVALUABLE	AUCTION_INTERVAL_AUTHORITY_NOT_CO_COLLECTED_IN_RG3	\N	\N	\N	\N	\N
EXPANSION	RG3_US500_PERIOD_M5_1785715200_1786060800_8620801695057607233	11	1785972300	1785987600	NOT_EVALUABLE	AUCTION_INTERVAL_AUTHORITY_NOT_CO_COLLECTED_IN_RG3	\N	\N	\N	\N	\N
EXPANSION	RG3_US500_PERIOD_M5_1785715200_1786060800_8620801695057607233	12	1785990000	1785998400	NOT_EVALUABLE	AUCTION_INTERVAL_AUTHORITY_NOT_CO_COLLECTED_IN_RG3	\N	\N	\N	\N	\N
EXPANSION	RG3_US500_PERIOD_M5_1785715200_1786060800_8620801695057607233	13	1786014300	1786060800	NOT_EVALUABLE	AUCTION_INTERVAL_AUTHORITY_NOT_CO_COLLECTED_IN_RG3	\N	\N	\N	\N	\N
COMPRESSION	RG3_USTEC_PERIOD_M5_1768176000_1768780800_7128405155079592654	1	1768190400	1768199400	NOT_EVALUABLE	AUCTION_INTERVAL_AUTHORITY_NOT_CO_COLLECTED_IN_RG3	\N	\N	\N	\N	\N
COMPRESSION	RG3_USTEC_PERIOD_M5_1768176000_1768780800_7128405155079592654	2	1768205100	1768214700	NOT_EVALUABLE	AUCTION_INTERVAL_AUTHORITY_NOT_CO_COLLECTED_IN_RG3	\N	\N	\N	\N	\N
COMPRESSION	RG3_USTEC_PERIOD_M5_1768176000_1768780800_7128405155079592654	3	1768220100	1768230000	NOT_EVALUABLE	AUCTION_INTERVAL_AUTHORITY_NOT_CO_COLLECTED_IN_RG3	\N	\N	\N	\N	\N
COMPRESSION	RG3_USTEC_PERIOD_M5_1768176000_1768780800_7128405155079592654	4	1768247100	1768255200	NOT_EVALUABLE	AUCTION_INTERVAL_AUTHORITY_NOT_CO_COLLECTED_IN_RG3	\N	\N	\N	\N	\N
COMPRESSION	RG3_USTEC_PERIOD_M5_1768176000_1768780800_7128405155079592654	5	1768269300	1768291800	NOT_EVALUABLE	AUCTION_INTERVAL_AUTHORITY_NOT_CO_COLLECTED_IN_RG3	\N	\N	\N	\N	\N
COMPRESSION	RG3_USTEC_PERIOD_M5_1768176000_1768780800_7128405155079592654	6	1768292400	1768307400	NOT_EVALUABLE	AUCTION_INTERVAL_AUTHORITY_NOT_CO_COLLECTED_IN_RG3	\N	\N	\N	\N	\N
COMPRESSION	RG3_USTEC_PERIOD_M5_1768176000_1768780800_7128405155079592654	7	1768344600	1768375200	NOT_EVALUABLE	AUCTION_INTERVAL_AUTHORITY_NOT_CO_COLLECTED_IN_RG3	\N	\N	\N	\N	\N
COMPRESSION	RG3_USTEC_PERIOD_M5_1768176000_1768780800_7128405155079592654	8	1768375800	1768394400	NOT_EVALUABLE	AUCTION_INTERVAL_AUTHORITY_NOT_CO_COLLECTED_IN_RG3	\N	\N	\N	\N	\N
COMPRESSION	RG3_USTEC_PERIOD_M5_1768176000_1768780800_7128405155079592654	9	1768448100	1768458000	NOT_EVALUABLE	AUCTION_INTERVAL_AUTHORITY_NOT_CO_COLLECTED_IN_RG3	\N	\N	\N	\N	\N
COMPRESSION	RG3_USTEC_PERIOD_M5_1768176000_1768780800_7128405155079592654	10	1768480800	1768491900	NOT_EVALUABLE	AUCTION_INTERVAL_AUTHORITY_NOT_CO_COLLECTED_IN_RG3	\N	\N	\N	\N	\N
COMPRESSION	RG3_USTEC_PERIOD_M5_1768176000_1768780800_7128405155079592654	11	1768515300	1768527600	NOT_EVALUABLE	AUCTION_INTERVAL_AUTHORITY_NOT_CO_COLLECTED_IN_RG3	\N	\N	\N	\N	\N
COMPRESSION	RG3_USTEC_PERIOD_M5_1768176000_1768780800_7128405155079592654	12	1768528200	1768537800	NOT_EVALUABLE	AUCTION_INTERVAL_AUTHORITY_NOT_CO_COLLECTED_IN_RG3	\N	\N	\N	\N	\N
COMPRESSION	RG3_USTEC_PERIOD_M5_1768176000_1768780800_7128405155079592654	13	1768538400	1768552500	NOT_EVALUABLE	AUCTION_INTERVAL_AUTHORITY_NOT_CO_COLLECTED_IN_RG3	\N	\N	\N	\N	\N
COMPRESSION	RG3_USTEC_PERIOD_M5_1768176000_1768780800_7128405155079592654	14	1768560000	1768568400	NOT_EVALUABLE	AUCTION_INTERVAL_AUTHORITY_NOT_CO_COLLECTED_IN_RG3	\N	\N	\N	\N	\N
EXPANSION	RG3_USTEC_PERIOD_M5_1768176000_1768780800_7128405155079592654	1	1768199400	1768210800	NOT_EVALUABLE	AUCTION_INTERVAL_AUTHORITY_NOT_CO_COLLECTED_IN_RG3	\N	\N	\N	\N	\N
EXPANSION	RG3_USTEC_PERIOD_M5_1768176000_1768780800_7128405155079592654	2	1768214700	1768225800	NOT_EVALUABLE	AUCTION_INTERVAL_AUTHORITY_NOT_CO_COLLECTED_IN_RG3	\N	\N	\N	\N	\N
EXPANSION	RG3_USTEC_PERIOD_M5_1768176000_1768780800_7128405155079592654	3	1768230000	1768252800	NOT_EVALUABLE	AUCTION_INTERVAL_AUTHORITY_NOT_CO_COLLECTED_IN_RG3	\N	\N	\N	\N	\N
EXPANSION	RG3_USTEC_PERIOD_M5_1768176000_1768780800_7128405155079592654	4	1768255200	1768275000	NOT_EVALUABLE	AUCTION_INTERVAL_AUTHORITY_NOT_CO_COLLECTED_IN_RG3	\N	\N	\N	\N	\N
EXPANSION	RG3_USTEC_PERIOD_M5_1768176000_1768780800_7128405155079592654	5	1768291800	1768298100	NOT_EVALUABLE	AUCTION_INTERVAL_AUTHORITY_NOT_CO_COLLECTED_IN_RG3	\N	\N	\N	\N	\N
EXPANSION	RG3_USTEC_PERIOD_M5_1768176000_1768780800_7128405155079592654	6	1768307400	1768353900	NOT_EVALUABLE	AUCTION_INTERVAL_AUTHORITY_NOT_CO_COLLECTED_IN_RG3	\N	\N	\N	\N	\N
EXPANSION	RG3_USTEC_PERIOD_M5_1768176000_1768780800_7128405155079592654	7	1768375200	1768381500	NOT_EVALUABLE	AUCTION_INTERVAL_AUTHORITY_NOT_CO_COLLECTED_IN_RG3	\N	\N	\N	\N	\N
EXPANSION	RG3_USTEC_PERIOD_M5_1768176000_1768780800_7128405155079592654	8	1768394400	1768453800	NOT_EVALUABLE	AUCTION_INTERVAL_AUTHORITY_NOT_CO_COLLECTED_IN_RG3	\N	\N	\N	\N	\N
EXPANSION	RG3_USTEC_PERIOD_M5_1768176000_1768780800_7128405155079592654	9	1768458000	1768486500	NOT_EVALUABLE	AUCTION_INTERVAL_AUTHORITY_NOT_CO_COLLECTED_IN_RG3	\N	\N	\N	\N	\N
EXPANSION	RG3_USTEC_PERIOD_M5_1768176000_1768780800_7128405155079592654	10	1768491900	1768521000	NOT_EVALUABLE	AUCTION_INTERVAL_AUTHORITY_NOT_CO_COLLECTED_IN_RG3	\N	\N	\N	\N	\N
EXPANSION	RG3_USTEC_PERIOD_M5_1768176000_1768780800_7128405155079592654	11	1768527600	1768533900	NOT_EVALUABLE	AUCTION_INTERVAL_AUTHORITY_NOT_CO_COLLECTED_IN_RG3	\N	\N	\N	\N	\N
EXPANSION	RG3_USTEC_PERIOD_M5_1768176000_1768780800_7128405155079592654	12	1768537800	1768544100	NOT_EVALUABLE	AUCTION_INTERVAL_AUTHORITY_NOT_CO_COLLECTED_IN_RG3	\N	\N	\N	\N	\N
EXPANSION	RG3_USTEC_PERIOD_M5_1768176000_1768780800_7128405155079592654	13	1768552500	1768565700	NOT_EVALUABLE	AUCTION_INTERVAL_AUTHORITY_NOT_CO_COLLECTED_IN_RG3	\N	\N	\N	\N	\N
EXPANSION	RG3_USTEC_PERIOD_M5_1768176000_1768780800_7128405155079592654	14	1768568400	1768780800	NOT_EVALUABLE	AUCTION_INTERVAL_AUTHORITY_NOT_CO_COLLECTED_IN_RG3	\N	\N	\N	\N	\N
COMPRESSION	RG3_USTEC_PERIOD_M5_1771200000_1771804800_8488883873716319363	1	1771204200	1771236000	NOT_EVALUABLE	AUCTION_INTERVAL_AUTHORITY_NOT_CO_COLLECTED_IN_RG3	\N	\N	\N	\N	\N
COMPRESSION	RG3_USTEC_PERIOD_M5_1771200000_1771804800_8488883873716319363	2	1771238400	1771248600	NOT_EVALUABLE	AUCTION_INTERVAL_AUTHORITY_NOT_CO_COLLECTED_IN_RG3	\N	\N	\N	\N	\N
COMPRESSION	RG3_USTEC_PERIOD_M5_1771200000_1771804800_8488883873716319363	3	1771249200	1771259400	NOT_EVALUABLE	AUCTION_INTERVAL_AUTHORITY_NOT_CO_COLLECTED_IN_RG3	\N	\N	\N	\N	\N
COMPRESSION	RG3_USTEC_PERIOD_M5_1771200000_1771804800_8488883873716319363	4	1771291800	1771300500	NOT_EVALUABLE	AUCTION_INTERVAL_AUTHORITY_NOT_CO_COLLECTED_IN_RG3	\N	\N	\N	\N	\N
COMPRESSION	RG3_USTEC_PERIOD_M5_1771200000_1771804800_8488883873716319363	5	1771305900	1771323600	NOT_EVALUABLE	AUCTION_INTERVAL_AUTHORITY_NOT_CO_COLLECTED_IN_RG3	\N	\N	\N	\N	\N
COMPRESSION	RG3_USTEC_PERIOD_M5_1771200000_1771804800_8488883873716319363	6	1771367100	1771380000	NOT_EVALUABLE	AUCTION_INTERVAL_AUTHORITY_NOT_CO_COLLECTED_IN_RG3	\N	\N	\N	\N	\N
COMPRESSION	RG3_USTEC_PERIOD_M5_1771200000_1771804800_8488883873716319363	7	1771380600	1771390800	NOT_EVALUABLE	AUCTION_INTERVAL_AUTHORITY_NOT_CO_COLLECTED_IN_RG3	\N	\N	\N	\N	\N
COMPRESSION	RG3_USTEC_PERIOD_M5_1771200000_1771804800_8488883873716319363	8	1771394700	1771410600	NOT_EVALUABLE	AUCTION_INTERVAL_AUTHORITY_NOT_CO_COLLECTED_IN_RG3	\N	\N	\N	\N	\N
COMPRESSION	RG3_USTEC_PERIOD_M5_1771200000_1771804800_8488883873716319363	9	1771411200	1771426800	NOT_EVALUABLE	AUCTION_INTERVAL_AUTHORITY_NOT_CO_COLLECTED_IN_RG3	\N	\N	\N	\N	\N
COMPRESSION	RG3_USTEC_PERIOD_M5_1771200000_1771804800_8488883873716319363	10	1771469700	1771488900	NOT_EVALUABLE	AUCTION_INTERVAL_AUTHORITY_NOT_CO_COLLECTED_IN_RG3	\N	\N	\N	\N	\N
COMPRESSION	RG3_USTEC_PERIOD_M5_1771200000_1771804800_8488883873716319363	11	1771489500	1771499700	NOT_EVALUABLE	AUCTION_INTERVAL_AUTHORITY_NOT_CO_COLLECTED_IN_RG3	\N	\N	\N	\N	\N
COMPRESSION	RG3_USTEC_PERIOD_M5_1771200000_1771804800_8488883873716319363	12	1771502400	1771525500	NOT_EVALUABLE	AUCTION_INTERVAL_AUTHORITY_NOT_CO_COLLECTED_IN_RG3	\N	\N	\N	\N	\N
COMPRESSION	RG3_USTEC_PERIOD_M5_1771200000_1771804800_8488883873716319363	13	1771541100	1771552800	NOT_EVALUABLE	AUCTION_INTERVAL_AUTHORITY_NOT_CO_COLLECTED_IN_RG3	\N	\N	\N	\N	\N
COMPRESSION	RG3_USTEC_PERIOD_M5_1771200000_1771804800_8488883873716319363	14	1771554600	1771574400	NOT_EVALUABLE	AUCTION_INTERVAL_AUTHORITY_NOT_CO_COLLECTED_IN_RG3	\N	\N	\N	\N	\N
COMPRESSION	RG3_USTEC_PERIOD_M5_1771200000_1771804800_8488883873716319363	15	1771575000	1771593900	NOT_EVALUABLE	AUCTION_INTERVAL_AUTHORITY_NOT_CO_COLLECTED_IN_RG3	\N	\N	\N	\N	\N
EXPANSION	RG3_USTEC_PERIOD_M5_1771200000_1771804800_8488883873716319363	1	1771236000	1771244100	NOT_EVALUABLE	AUCTION_INTERVAL_AUTHORITY_NOT_CO_COLLECTED_IN_RG3	\N	\N	\N	\N	\N
EXPANSION	RG3_USTEC_PERIOD_M5_1771200000_1771804800_8488883873716319363	2	1771248600	1771254900	NOT_EVALUABLE	AUCTION_INTERVAL_AUTHORITY_NOT_CO_COLLECTED_IN_RG3	\N	\N	\N	\N	\N
EXPANSION	RG3_USTEC_PERIOD_M5_1771200000_1771804800_8488883873716319363	3	1771259400	1771297500	NOT_EVALUABLE	AUCTION_INTERVAL_AUTHORITY_NOT_CO_COLLECTED_IN_RG3	\N	\N	\N	\N	\N
EXPANSION	RG3_USTEC_PERIOD_M5_1771200000_1771804800_8488883873716319363	4	1771300500	1771311600	NOT_EVALUABLE	AUCTION_INTERVAL_AUTHORITY_NOT_CO_COLLECTED_IN_RG3	\N	\N	\N	\N	\N
EXPANSION	RG3_USTEC_PERIOD_M5_1771200000_1771804800_8488883873716319363	5	1771323600	1771376400	NOT_EVALUABLE	AUCTION_INTERVAL_AUTHORITY_NOT_CO_COLLECTED_IN_RG3	\N	\N	\N	\N	\N
EXPANSION	RG3_USTEC_PERIOD_M5_1771200000_1771804800_8488883873716319363	6	1771380000	1771386300	NOT_EVALUABLE	AUCTION_INTERVAL_AUTHORITY_NOT_CO_COLLECTED_IN_RG3	\N	\N	\N	\N	\N
EXPANSION	RG3_USTEC_PERIOD_M5_1771200000_1771804800_8488883873716319363	7	1771390800	1771400400	NOT_EVALUABLE	AUCTION_INTERVAL_AUTHORITY_NOT_CO_COLLECTED_IN_RG3	\N	\N	\N	\N	\N
EXPANSION	RG3_USTEC_PERIOD_M5_1771200000_1771804800_8488883873716319363	8	1771410600	1771416900	NOT_EVALUABLE	AUCTION_INTERVAL_AUTHORITY_NOT_CO_COLLECTED_IN_RG3	\N	\N	\N	\N	\N
EXPANSION	RG3_USTEC_PERIOD_M5_1771200000_1771804800_8488883873716319363	9	1771426800	1771475400	NOT_EVALUABLE	AUCTION_INTERVAL_AUTHORITY_NOT_CO_COLLECTED_IN_RG3	\N	\N	\N	\N	\N
EXPANSION	RG3_USTEC_PERIOD_M5_1771200000_1771804800_8488883873716319363	10	1771488900	1771495200	NOT_EVALUABLE	AUCTION_INTERVAL_AUTHORITY_NOT_CO_COLLECTED_IN_RG3	\N	\N	\N	\N	\N
EXPANSION	RG3_USTEC_PERIOD_M5_1771200000_1771804800_8488883873716319363	11	1771499700	1771508100	NOT_EVALUABLE	AUCTION_INTERVAL_AUTHORITY_NOT_CO_COLLECTED_IN_RG3	\N	\N	\N	\N	\N
EXPANSION	RG3_USTEC_PERIOD_M5_1771200000_1771804800_8488883873716319363	12	1771525500	1771550400	NOT_EVALUABLE	AUCTION_INTERVAL_AUTHORITY_NOT_CO_COLLECTED_IN_RG3	\N	\N	\N	\N	\N
EXPANSION	RG3_USTEC_PERIOD_M5_1771200000_1771804800_8488883873716319363	13	1771552800	1771560300	NOT_EVALUABLE	AUCTION_INTERVAL_AUTHORITY_NOT_CO_COLLECTED_IN_RG3	\N	\N	\N	\N	\N
EXPANSION	RG3_USTEC_PERIOD_M5_1771200000_1771804800_8488883873716319363	14	1771574400	1771580700	NOT_EVALUABLE	AUCTION_INTERVAL_AUTHORITY_NOT_CO_COLLECTED_IN_RG3	\N	\N	\N	\N	\N
EXPANSION	RG3_USTEC_PERIOD_M5_1771200000_1771804800_8488883873716319363	15	1771593900	1771804800	NOT_EVALUABLE	AUCTION_INTERVAL_AUTHORITY_NOT_CO_COLLECTED_IN_RG3	\N	\N	\N	\N	\N
COMPRESSION	RG3_USTEC_PERIOD_M5_1774224000_1774828800_8427243982755741149	1	1774303500	1774315200	NOT_EVALUABLE	AUCTION_INTERVAL_AUTHORITY_NOT_CO_COLLECTED_IN_RG3	\N	\N	\N	\N	\N
COMPRESSION	RG3_USTEC_PERIOD_M5_1774224000_1774828800_8427243982755741149	2	1774323000	1774341900	NOT_EVALUABLE	AUCTION_INTERVAL_AUTHORITY_NOT_CO_COLLECTED_IN_RG3	\N	\N	\N	\N	\N
COMPRESSION	RG3_USTEC_PERIOD_M5_1774224000_1774828800_8427243982755741149	3	1774352400	1774362600	NOT_EVALUABLE	AUCTION_INTERVAL_AUTHORITY_NOT_CO_COLLECTED_IN_RG3	\N	\N	\N	\N	\N
COMPRESSION	RG3_USTEC_PERIOD_M5_1774224000_1774828800_8427243982755741149	4	1774392000	1774413300	NOT_EVALUABLE	AUCTION_INTERVAL_AUTHORITY_NOT_CO_COLLECTED_IN_RG3	\N	\N	\N	\N	\N
COMPRESSION	RG3_USTEC_PERIOD_M5_1774224000_1774828800_8427243982755741149	5	1774417800	1774427400	NOT_EVALUABLE	AUCTION_INTERVAL_AUTHORITY_NOT_CO_COLLECTED_IN_RG3	\N	\N	\N	\N	\N
COMPRESSION	RG3_USTEC_PERIOD_M5_1774224000_1774828800_8427243982755741149	6	1774435500	1774462200	NOT_EVALUABLE	AUCTION_INTERVAL_AUTHORITY_NOT_CO_COLLECTED_IN_RG3	\N	\N	\N	\N	\N
COMPRESSION	RG3_USTEC_PERIOD_M5_1774224000_1774828800_8427243982755741149	7	1774471500	1774488000	NOT_EVALUABLE	AUCTION_INTERVAL_AUTHORITY_NOT_CO_COLLECTED_IN_RG3	\N	\N	\N	\N	\N
COMPRESSION	RG3_USTEC_PERIOD_M5_1774224000_1774828800_8427243982755741149	8	1774492500	1774500900	NOT_EVALUABLE	AUCTION_INTERVAL_AUTHORITY_NOT_CO_COLLECTED_IN_RG3	\N	\N	\N	\N	\N
COMPRESSION	RG3_USTEC_PERIOD_M5_1774224000_1774828800_8427243982755741149	9	1774509000	1774521600	NOT_EVALUABLE	AUCTION_INTERVAL_AUTHORITY_NOT_CO_COLLECTED_IN_RG3	\N	\N	\N	\N	\N
COMPRESSION	RG3_USTEC_PERIOD_M5_1774224000_1774828800_8427243982755741149	10	1774525800	1774533900	NOT_EVALUABLE	AUCTION_INTERVAL_AUTHORITY_NOT_CO_COLLECTED_IN_RG3	\N	\N	\N	\N	\N
COMPRESSION	RG3_USTEC_PERIOD_M5_1774224000_1774828800_8427243982755741149	11	1774554600	1774562400	NOT_EVALUABLE	AUCTION_INTERVAL_AUTHORITY_NOT_CO_COLLECTED_IN_RG3	\N	\N	\N	\N	\N
COMPRESSION	RG3_USTEC_PERIOD_M5_1774224000_1774828800_8427243982755741149	12	1774569600	1774580700	NOT_EVALUABLE	AUCTION_INTERVAL_AUTHORITY_NOT_CO_COLLECTED_IN_RG3	\N	\N	\N	\N	\N
COMPRESSION	RG3_USTEC_PERIOD_M5_1774224000_1774828800_8427243982755741149	13	1774581300	1774594500	NOT_EVALUABLE	AUCTION_INTERVAL_AUTHORITY_NOT_CO_COLLECTED_IN_RG3	\N	\N	\N	\N	\N
COMPRESSION	RG3_USTEC_PERIOD_M5_1774224000_1774828800_8427243982755741149	14	1774596000	1774603800	NOT_EVALUABLE	AUCTION_INTERVAL_AUTHORITY_NOT_CO_COLLECTED_IN_RG3	\N	\N	\N	\N	\N
COMPRESSION	RG3_USTEC_PERIOD_M5_1774224000_1774828800_8427243982755741149	15	1774641600	1774649400	NOT_EVALUABLE	AUCTION_INTERVAL_AUTHORITY_NOT_CO_COLLECTED_IN_RG3	\N	\N	\N	\N	\N
EXPANSION	RG3_USTEC_PERIOD_M5_1774224000_1774828800_8427243982755741149	1	1774315200	1774328700	NOT_EVALUABLE	AUCTION_INTERVAL_AUTHORITY_NOT_CO_COLLECTED_IN_RG3	\N	\N	\N	\N	\N
EXPANSION	RG3_USTEC_PERIOD_M5_1774224000_1774828800_8427243982755741149	2	1774341900	1774358100	NOT_EVALUABLE	AUCTION_INTERVAL_AUTHORITY_NOT_CO_COLLECTED_IN_RG3	\N	\N	\N	\N	\N
EXPANSION	RG3_USTEC_PERIOD_M5_1774224000_1774828800_8427243982755741149	3	1774362600	1774401300	NOT_EVALUABLE	AUCTION_INTERVAL_AUTHORITY_NOT_CO_COLLECTED_IN_RG3	\N	\N	\N	\N	\N
EXPANSION	RG3_USTEC_PERIOD_M5_1774224000_1774828800_8427243982755741149	4	1774413300	1774423500	NOT_EVALUABLE	AUCTION_INTERVAL_AUTHORITY_NOT_CO_COLLECTED_IN_RG3	\N	\N	\N	\N	\N
EXPANSION	RG3_USTEC_PERIOD_M5_1774224000_1774828800_8427243982755741149	5	1774427400	1774441200	NOT_EVALUABLE	AUCTION_INTERVAL_AUTHORITY_NOT_CO_COLLECTED_IN_RG3	\N	\N	\N	\N	\N
EXPANSION	RG3_USTEC_PERIOD_M5_1774224000_1774828800_8427243982755741149	6	1774462200	1774477200	NOT_EVALUABLE	AUCTION_INTERVAL_AUTHORITY_NOT_CO_COLLECTED_IN_RG3	\N	\N	\N	\N	\N
EXPANSION	RG3_USTEC_PERIOD_M5_1774224000_1774828800_8427243982755741149	7	1774488000	1774498200	NOT_EVALUABLE	AUCTION_INTERVAL_AUTHORITY_NOT_CO_COLLECTED_IN_RG3	\N	\N	\N	\N	\N
EXPANSION	RG3_USTEC_PERIOD_M5_1774224000_1774828800_8427243982755741149	8	1774500900	1774514700	NOT_EVALUABLE	AUCTION_INTERVAL_AUTHORITY_NOT_CO_COLLECTED_IN_RG3	\N	\N	\N	\N	\N
EXPANSION	RG3_USTEC_PERIOD_M5_1774224000_1774828800_8427243982755741149	9	1774521600	1774531500	NOT_EVALUABLE	AUCTION_INTERVAL_AUTHORITY_NOT_CO_COLLECTED_IN_RG3	\N	\N	\N	\N	\N
EXPANSION	RG3_USTEC_PERIOD_M5_1774224000_1774828800_8427243982755741149	10	1774533900	1774560300	NOT_EVALUABLE	AUCTION_INTERVAL_AUTHORITY_NOT_CO_COLLECTED_IN_RG3	\N	\N	\N	\N	\N
EXPANSION	RG3_USTEC_PERIOD_M5_1774224000_1774828800_8427243982755741149	11	1774562400	1774575300	NOT_EVALUABLE	AUCTION_INTERVAL_AUTHORITY_NOT_CO_COLLECTED_IN_RG3	\N	\N	\N	\N	\N
EXPANSION	RG3_USTEC_PERIOD_M5_1774224000_1774828800_8427243982755741149	12	1774580700	1774587000	NOT_EVALUABLE	AUCTION_INTERVAL_AUTHORITY_NOT_CO_COLLECTED_IN_RG3	\N	\N	\N	\N	\N
EXPANSION	RG3_USTEC_PERIOD_M5_1774224000_1774828800_8427243982755741149	13	1774594500	1774601700	NOT_EVALUABLE	AUCTION_INTERVAL_AUTHORITY_NOT_CO_COLLECTED_IN_RG3	\N	\N	\N	\N	\N
EXPANSION	RG3_USTEC_PERIOD_M5_1774224000_1774828800_8427243982755741149	14	1774603800	1774647300	NOT_EVALUABLE	AUCTION_INTERVAL_AUTHORITY_NOT_CO_COLLECTED_IN_RG3	\N	\N	\N	\N	\N
EXPANSION	RG3_USTEC_PERIOD_M5_1774224000_1774828800_8427243982755741149	15	1774649400	1774828800	NOT_EVALUABLE	AUCTION_INTERVAL_AUTHORITY_NOT_CO_COLLECTED_IN_RG3	\N	\N	\N	\N	\N
COMPRESSION	RG3_USTEC_PERIOD_M5_1777852800_1778457600_2749301626223637730	1	1777857600	1777867800	NOT_EVALUABLE	AUCTION_INTERVAL_AUTHORITY_NOT_CO_COLLECTED_IN_RG3	\N	\N	\N	\N	\N
COMPRESSION	RG3_USTEC_PERIOD_M5_1777852800_1778457600_2749301626223637730	2	1777873200	1777888200	NOT_EVALUABLE	AUCTION_INTERVAL_AUTHORITY_NOT_CO_COLLECTED_IN_RG3	\N	\N	\N	\N	\N
COMPRESSION	RG3_USTEC_PERIOD_M5_1777852800_1778457600_2749301626223637730	3	1777893600	1777901400	NOT_EVALUABLE	AUCTION_INTERVAL_AUTHORITY_NOT_CO_COLLECTED_IN_RG3	\N	\N	\N	\N	\N
COMPRESSION	RG3_USTEC_PERIOD_M5_1777852800_1778457600_2749301626223637730	4	1777931700	1777956000	NOT_EVALUABLE	AUCTION_INTERVAL_AUTHORITY_NOT_CO_COLLECTED_IN_RG3	\N	\N	\N	\N	\N
COMPRESSION	RG3_USTEC_PERIOD_M5_1777852800_1778457600_2749301626223637730	5	1777956600	1777975200	NOT_EVALUABLE	AUCTION_INTERVAL_AUTHORITY_NOT_CO_COLLECTED_IN_RG3	\N	\N	\N	\N	\N
COMPRESSION	RG3_USTEC_PERIOD_M5_1777852800_1778457600_2749301626223637730	6	1777979400	1777995300	NOT_EVALUABLE	AUCTION_INTERVAL_AUTHORITY_NOT_CO_COLLECTED_IN_RG3	\N	\N	\N	\N	\N
COMPRESSION	RG3_USTEC_PERIOD_M5_1777852800_1778457600_2749301626223637730	7	1778013900	1778030400	NOT_EVALUABLE	AUCTION_INTERVAL_AUTHORITY_NOT_CO_COLLECTED_IN_RG3	\N	\N	\N	\N	\N
COMPRESSION	RG3_USTEC_PERIOD_M5_1777852800_1778457600_2749301626223637730	8	1778039400	1778050500	NOT_EVALUABLE	AUCTION_INTERVAL_AUTHORITY_NOT_CO_COLLECTED_IN_RG3	\N	\N	\N	\N	\N
COMPRESSION	RG3_USTEC_PERIOD_M5_1777852800_1778457600_2749301626223637730	9	1778051100	1778069100	NOT_EVALUABLE	AUCTION_INTERVAL_AUTHORITY_NOT_CO_COLLECTED_IN_RG3	\N	\N	\N	\N	\N
COMPRESSION	RG3_USTEC_PERIOD_M5_1777852800_1778457600_2749301626223637730	10	1778115600	1778139600	NOT_EVALUABLE	AUCTION_INTERVAL_AUTHORITY_NOT_CO_COLLECTED_IN_RG3	\N	\N	\N	\N	\N
COMPRESSION	RG3_USTEC_PERIOD_M5_1777852800_1778457600_2749301626223637730	11	1778152500	1778174400	NOT_EVALUABLE	AUCTION_INTERVAL_AUTHORITY_NOT_CO_COLLECTED_IN_RG3	\N	\N	\N	\N	\N
COMPRESSION	RG3_USTEC_PERIOD_M5_1777852800_1778457600_2749301626223637730	12	1778212500	1778229000	NOT_EVALUABLE	AUCTION_INTERVAL_AUTHORITY_NOT_CO_COLLECTED_IN_RG3	\N	\N	\N	\N	\N
COMPRESSION	RG3_USTEC_PERIOD_M5_1777852800_1778457600_2749301626223637730	13	1778229600	1778239800	NOT_EVALUABLE	AUCTION_INTERVAL_AUTHORITY_NOT_CO_COLLECTED_IN_RG3	\N	\N	\N	\N	\N
COMPRESSION	RG3_USTEC_PERIOD_M5_1777852800_1778457600_2749301626223637730	14	1778244900	1778255700	NOT_EVALUABLE	AUCTION_INTERVAL_AUTHORITY_NOT_CO_COLLECTED_IN_RG3	\N	\N	\N	\N	\N
COMPRESSION	RG3_USTEC_PERIOD_M5_1777852800_1778457600_2749301626223637730	15	1778270400	1778457600	NOT_EVALUABLE	AUCTION_INTERVAL_AUTHORITY_NOT_CO_COLLECTED_IN_RG3	\N	\N	\N	\N	\N
EXPANSION	RG3_USTEC_PERIOD_M5_1777852800_1778457600_2749301626223637730	1	1777867800	1777878900	NOT_EVALUABLE	AUCTION_INTERVAL_AUTHORITY_NOT_CO_COLLECTED_IN_RG3	\N	\N	\N	\N	\N
EXPANSION	RG3_USTEC_PERIOD_M5_1777852800_1778457600_2749301626223637730	2	1777888200	1777899300	NOT_EVALUABLE	AUCTION_INTERVAL_AUTHORITY_NOT_CO_COLLECTED_IN_RG3	\N	\N	\N	\N	\N
EXPANSION	RG3_USTEC_PERIOD_M5_1777852800_1778457600_2749301626223637730	3	1777901400	1777937400	NOT_EVALUABLE	AUCTION_INTERVAL_AUTHORITY_NOT_CO_COLLECTED_IN_RG3	\N	\N	\N	\N	\N
EXPANSION	RG3_USTEC_PERIOD_M5_1777852800_1778457600_2749301626223637730	4	1777956000	1777962300	NOT_EVALUABLE	AUCTION_INTERVAL_AUTHORITY_NOT_CO_COLLECTED_IN_RG3	\N	\N	\N	\N	\N
EXPANSION	RG3_USTEC_PERIOD_M5_1777852800_1778457600_2749301626223637730	5	1777975200	1777985100	NOT_EVALUABLE	AUCTION_INTERVAL_AUTHORITY_NOT_CO_COLLECTED_IN_RG3	\N	\N	\N	\N	\N
EXPANSION	RG3_USTEC_PERIOD_M5_1777852800_1778457600_2749301626223637730	6	1777995300	1778019600	NOT_EVALUABLE	AUCTION_INTERVAL_AUTHORITY_NOT_CO_COLLECTED_IN_RG3	\N	\N	\N	\N	\N
EXPANSION	RG3_USTEC_PERIOD_M5_1777852800_1778457600_2749301626223637730	7	1778030400	1778045100	NOT_EVALUABLE	AUCTION_INTERVAL_AUTHORITY_NOT_CO_COLLECTED_IN_RG3	\N	\N	\N	\N	\N
EXPANSION	RG3_USTEC_PERIOD_M5_1777852800_1778457600_2749301626223637730	8	1778050500	1778056800	NOT_EVALUABLE	AUCTION_INTERVAL_AUTHORITY_NOT_CO_COLLECTED_IN_RG3	\N	\N	\N	\N	\N
EXPANSION	RG3_USTEC_PERIOD_M5_1777852800_1778457600_2749301626223637730	9	1778069100	1778121300	NOT_EVALUABLE	AUCTION_INTERVAL_AUTHORITY_NOT_CO_COLLECTED_IN_RG3	\N	\N	\N	\N	\N
EXPANSION	RG3_USTEC_PERIOD_M5_1777852800_1778457600_2749301626223637730	10	1778139600	1778158200	NOT_EVALUABLE	AUCTION_INTERVAL_AUTHORITY_NOT_CO_COLLECTED_IN_RG3	\N	\N	\N	\N	\N
EXPANSION	RG3_USTEC_PERIOD_M5_1777852800_1778457600_2749301626223637730	11	1778174400	1778218200	NOT_EVALUABLE	AUCTION_INTERVAL_AUTHORITY_NOT_CO_COLLECTED_IN_RG3	\N	\N	\N	\N	\N
EXPANSION	RG3_USTEC_PERIOD_M5_1777852800_1778457600_2749301626223637730	12	1778229000	1778235300	NOT_EVALUABLE	AUCTION_INTERVAL_AUTHORITY_NOT_CO_COLLECTED_IN_RG3	\N	\N	\N	\N	\N
EXPANSION	RG3_USTEC_PERIOD_M5_1777852800_1778457600_2749301626223637730	13	1778239800	1778250600	NOT_EVALUABLE	AUCTION_INTERVAL_AUTHORITY_NOT_CO_COLLECTED_IN_RG3	\N	\N	\N	\N	\N
EXPANSION	RG3_USTEC_PERIOD_M5_1777852800_1778457600_2749301626223637730	14	1778255700	1778276100	NOT_EVALUABLE	AUCTION_INTERVAL_AUTHORITY_NOT_CO_COLLECTED_IN_RG3	\N	\N	\N	\N	\N
COMPRESSION	RG3_USTEC_PERIOD_M5_1781481600_1782086400_1420130309434895637	1	1781485200	1781494500	NOT_EVALUABLE	AUCTION_INTERVAL_AUTHORITY_NOT_CO_COLLECTED_IN_RG3	\N	\N	\N	\N	\N
COMPRESSION	RG3_USTEC_PERIOD_M5_1781481600_1782086400_1420130309434895637	2	1781495100	1781510400	NOT_EVALUABLE	AUCTION_INTERVAL_AUTHORITY_NOT_CO_COLLECTED_IN_RG3	\N	\N	\N	\N	\N
COMPRESSION	RG3_USTEC_PERIOD_M5_1781481600_1782086400_1420130309434895637	3	1781524200	1781541600	NOT_EVALUABLE	AUCTION_INTERVAL_AUTHORITY_NOT_CO_COLLECTED_IN_RG3	\N	\N	\N	\N	\N
COMPRESSION	RG3_USTEC_PERIOD_M5_1781481600_1782086400_1420130309434895637	4	1781548500	1781574000	NOT_EVALUABLE	AUCTION_INTERVAL_AUTHORITY_NOT_CO_COLLECTED_IN_RG3	\N	\N	\N	\N	\N
COMPRESSION	RG3_USTEC_PERIOD_M5_1781481600_1782086400_1420130309434895637	5	1781574600	1781609400	NOT_EVALUABLE	AUCTION_INTERVAL_AUTHORITY_NOT_CO_COLLECTED_IN_RG3	\N	\N	\N	\N	\N
COMPRESSION	RG3_USTEC_PERIOD_M5_1781481600_1782086400_1420130309434895637	6	1781610000	1781619900	NOT_EVALUABLE	AUCTION_INTERVAL_AUTHORITY_NOT_CO_COLLECTED_IN_RG3	\N	\N	\N	\N	\N
COMPRESSION	RG3_USTEC_PERIOD_M5_1781481600_1782086400_1420130309434895637	7	1781658000	1781670600	NOT_EVALUABLE	AUCTION_INTERVAL_AUTHORITY_NOT_CO_COLLECTED_IN_RG3	\N	\N	\N	\N	\N
COMPRESSION	RG3_USTEC_PERIOD_M5_1781481600_1782086400_1420130309434895637	8	1781671200	1781684400	NOT_EVALUABLE	AUCTION_INTERVAL_AUTHORITY_NOT_CO_COLLECTED_IN_RG3	\N	\N	\N	\N	\N
COMPRESSION	RG3_USTEC_PERIOD_M5_1781481600_1782086400_1420130309434895637	9	1781688600	1781697600	NOT_EVALUABLE	AUCTION_INTERVAL_AUTHORITY_NOT_CO_COLLECTED_IN_RG3	\N	\N	\N	\N	\N
COMPRESSION	RG3_USTEC_PERIOD_M5_1781481600_1782086400_1420130309434895637	10	1781699400	1781719500	NOT_EVALUABLE	AUCTION_INTERVAL_AUTHORITY_NOT_CO_COLLECTED_IN_RG3	\N	\N	\N	\N	\N
COMPRESSION	RG3_USTEC_PERIOD_M5_1781481600_1782086400_1420130309434895637	11	1781751900	1781768400	NOT_EVALUABLE	AUCTION_INTERVAL_AUTHORITY_NOT_CO_COLLECTED_IN_RG3	\N	\N	\N	\N	\N
COMPRESSION	RG3_USTEC_PERIOD_M5_1781481600_1782086400_1420130309434895637	12	1781769000	1781778300	NOT_EVALUABLE	AUCTION_INTERVAL_AUTHORITY_NOT_CO_COLLECTED_IN_RG3	\N	\N	\N	\N	\N
COMPRESSION	RG3_USTEC_PERIOD_M5_1781481600_1782086400_1420130309434895637	13	1781784600	1781793300	NOT_EVALUABLE	AUCTION_INTERVAL_AUTHORITY_NOT_CO_COLLECTED_IN_RG3	\N	\N	\N	\N	\N
COMPRESSION	RG3_USTEC_PERIOD_M5_1781481600_1782086400_1420130309434895637	14	1781812500	1781840100	NOT_EVALUABLE	AUCTION_INTERVAL_AUTHORITY_NOT_CO_COLLECTED_IN_RG3	\N	\N	\N	\N	\N
COMPRESSION	RG3_USTEC_PERIOD_M5_1781481600_1782086400_1420130309434895637	15	1781842200	1781851500	NOT_EVALUABLE	AUCTION_INTERVAL_AUTHORITY_NOT_CO_COLLECTED_IN_RG3	\N	\N	\N	\N	\N
COMPRESSION	RG3_USTEC_PERIOD_M5_1781481600_1782086400_1420130309434895637	16	1781864700	1781877000	NOT_EVALUABLE	AUCTION_INTERVAL_AUTHORITY_NOT_CO_COLLECTED_IN_RG3	\N	\N	\N	\N	\N
COMPRESSION	RG3_USTEC_PERIOD_M5_1781481600_1782086400_1420130309434895637	17	1781877600	1781886000	NOT_EVALUABLE	AUCTION_INTERVAL_AUTHORITY_NOT_CO_COLLECTED_IN_RG3	\N	\N	\N	\N	\N
COMPRESSION	RG3_USTEC_PERIOD_M5_1781481600_1782086400_1420130309434895637	18	1781886600	1782086400	NOT_EVALUABLE	AUCTION_INTERVAL_AUTHORITY_NOT_CO_COLLECTED_IN_RG3	\N	\N	\N	\N	\N
EXPANSION	RG3_USTEC_PERIOD_M5_1781481600_1782086400_1420130309434895637	1	1781494500	1781500800	NOT_EVALUABLE	AUCTION_INTERVAL_AUTHORITY_NOT_CO_COLLECTED_IN_RG3	\N	\N	\N	\N	\N
EXPANSION	RG3_USTEC_PERIOD_M5_1781481600_1782086400_1420130309434895637	2	1781510400	1781531100	NOT_EVALUABLE	AUCTION_INTERVAL_AUTHORITY_NOT_CO_COLLECTED_IN_RG3	\N	\N	\N	\N	\N
EXPANSION	RG3_USTEC_PERIOD_M5_1781481600_1782086400_1420130309434895637	3	1781541600	1781554200	NOT_EVALUABLE	AUCTION_INTERVAL_AUTHORITY_NOT_CO_COLLECTED_IN_RG3	\N	\N	\N	\N	\N
EXPANSION	RG3_USTEC_PERIOD_M5_1781481600_1782086400_1420130309434895637	4	1781574000	1781580300	NOT_EVALUABLE	AUCTION_INTERVAL_AUTHORITY_NOT_CO_COLLECTED_IN_RG3	\N	\N	\N	\N	\N
EXPANSION	RG3_USTEC_PERIOD_M5_1781481600_1782086400_1420130309434895637	5	1781609400	1781615700	NOT_EVALUABLE	AUCTION_INTERVAL_AUTHORITY_NOT_CO_COLLECTED_IN_RG3	\N	\N	\N	\N	\N
EXPANSION	RG3_USTEC_PERIOD_M5_1781481600_1782086400_1420130309434895637	6	1781619900	1781663700	NOT_EVALUABLE	AUCTION_INTERVAL_AUTHORITY_NOT_CO_COLLECTED_IN_RG3	\N	\N	\N	\N	\N
EXPANSION	RG3_USTEC_PERIOD_M5_1781481600_1782086400_1420130309434895637	7	1781670600	1781676900	NOT_EVALUABLE	AUCTION_INTERVAL_AUTHORITY_NOT_CO_COLLECTED_IN_RG3	\N	\N	\N	\N	\N
EXPANSION	RG3_USTEC_PERIOD_M5_1781481600_1782086400_1420130309434895637	8	1781684400	1781694300	NOT_EVALUABLE	AUCTION_INTERVAL_AUTHORITY_NOT_CO_COLLECTED_IN_RG3	\N	\N	\N	\N	\N
EXPANSION	RG3_USTEC_PERIOD_M5_1781481600_1782086400_1420130309434895637	9	1781697600	1781705100	NOT_EVALUABLE	AUCTION_INTERVAL_AUTHORITY_NOT_CO_COLLECTED_IN_RG3	\N	\N	\N	\N	\N
EXPANSION	RG3_USTEC_PERIOD_M5_1781481600_1782086400_1420130309434895637	10	1781719500	1781757600	NOT_EVALUABLE	AUCTION_INTERVAL_AUTHORITY_NOT_CO_COLLECTED_IN_RG3	\N	\N	\N	\N	\N
EXPANSION	RG3_USTEC_PERIOD_M5_1781481600_1782086400_1420130309434895637	11	1781768400	1781774700	NOT_EVALUABLE	AUCTION_INTERVAL_AUTHORITY_NOT_CO_COLLECTED_IN_RG3	\N	\N	\N	\N	\N
EXPANSION	RG3_USTEC_PERIOD_M5_1781481600_1782086400_1420130309434895637	12	1781778300	1781790300	NOT_EVALUABLE	AUCTION_INTERVAL_AUTHORITY_NOT_CO_COLLECTED_IN_RG3	\N	\N	\N	\N	\N
EXPANSION	RG3_USTEC_PERIOD_M5_1781481600_1782086400_1420130309434895637	13	1781793300	1781818200	NOT_EVALUABLE	AUCTION_INTERVAL_AUTHORITY_NOT_CO_COLLECTED_IN_RG3	\N	\N	\N	\N	\N
EXPANSION	RG3_USTEC_PERIOD_M5_1781481600_1782086400_1420130309434895637	14	1781840100	1781847900	NOT_EVALUABLE	AUCTION_INTERVAL_AUTHORITY_NOT_CO_COLLECTED_IN_RG3	\N	\N	\N	\N	\N
EXPANSION	RG3_USTEC_PERIOD_M5_1781481600_1782086400_1420130309434895637	15	1781851500	1781870400	NOT_EVALUABLE	AUCTION_INTERVAL_AUTHORITY_NOT_CO_COLLECTED_IN_RG3	\N	\N	\N	\N	\N
EXPANSION	RG3_USTEC_PERIOD_M5_1781481600_1782086400_1420130309434895637	16	1781877000	1781883300	NOT_EVALUABLE	AUCTION_INTERVAL_AUTHORITY_NOT_CO_COLLECTED_IN_RG3	\N	\N	\N	\N	\N
EXPANSION	RG3_USTEC_PERIOD_M5_1781481600_1782086400_1420130309434895637	17	1781886000	1781892300	NOT_EVALUABLE	AUCTION_INTERVAL_AUTHORITY_NOT_CO_COLLECTED_IN_RG3	\N	\N	\N	\N	\N
COMPRESSION	RG3_USTEC_PERIOD_M5_1783900800_1784505600_8244317532604104187	1	1783904400	1783913400	NOT_EVALUABLE	AUCTION_INTERVAL_AUTHORITY_NOT_CO_COLLECTED_IN_RG3	\N	\N	\N	\N	\N
COMPRESSION	RG3_USTEC_PERIOD_M5_1783900800_1784505600_8244317532604104187	2	1783941600	1783957800	NOT_EVALUABLE	AUCTION_INTERVAL_AUTHORITY_NOT_CO_COLLECTED_IN_RG3	\N	\N	\N	\N	\N
COMPRESSION	RG3_USTEC_PERIOD_M5_1783900800_1784505600_8244317532604104187	3	1783974000	1783982400	NOT_EVALUABLE	AUCTION_INTERVAL_AUTHORITY_NOT_CO_COLLECTED_IN_RG3	\N	\N	\N	\N	\N
COMPRESSION	RG3_USTEC_PERIOD_M5_1783900800_1784505600_8244317532604104187	4	1783983000	1783995900	NOT_EVALUABLE	AUCTION_INTERVAL_AUTHORITY_NOT_CO_COLLECTED_IN_RG3	\N	\N	\N	\N	\N
COMPRESSION	RG3_USTEC_PERIOD_M5_1783900800_1784505600_8244317532604104187	5	1784021700	1784040300	NOT_EVALUABLE	AUCTION_INTERVAL_AUTHORITY_NOT_CO_COLLECTED_IN_RG3	\N	\N	\N	\N	\N
COMPRESSION	RG3_USTEC_PERIOD_M5_1783900800_1784505600_8244317532604104187	6	1784058900	1784071200	NOT_EVALUABLE	AUCTION_INTERVAL_AUTHORITY_NOT_CO_COLLECTED_IN_RG3	\N	\N	\N	\N	\N
COMPRESSION	RG3_USTEC_PERIOD_M5_1783900800_1784505600_8244317532604104187	7	1784071800	1784084100	NOT_EVALUABLE	AUCTION_INTERVAL_AUTHORITY_NOT_CO_COLLECTED_IN_RG3	\N	\N	\N	\N	\N
COMPRESSION	RG3_USTEC_PERIOD_M5_1783900800_1784505600_8244317532604104187	8	1784091000	1784102700	NOT_EVALUABLE	AUCTION_INTERVAL_AUTHORITY_NOT_CO_COLLECTED_IN_RG3	\N	\N	\N	\N	\N
COMPRESSION	RG3_USTEC_PERIOD_M5_1783900800_1784505600_8244317532604104187	9	1784114700	1784129400	NOT_EVALUABLE	AUCTION_INTERVAL_AUTHORITY_NOT_CO_COLLECTED_IN_RG3	\N	\N	\N	\N	\N
COMPRESSION	RG3_USTEC_PERIOD_M5_1783900800_1784505600_8244317532604104187	10	1784156100	1784174700	NOT_EVALUABLE	AUCTION_INTERVAL_AUTHORITY_NOT_CO_COLLECTED_IN_RG3	\N	\N	\N	\N	\N
COMPRESSION	RG3_USTEC_PERIOD_M5_1783900800_1784505600_8244317532604104187	11	1784180700	1784195400	NOT_EVALUABLE	AUCTION_INTERVAL_AUTHORITY_NOT_CO_COLLECTED_IN_RG3	\N	\N	\N	\N	\N
EXPANSION	RG3_USTEC_PERIOD_M5_1783900800_1784505600_8244317532604104187	1	1783913400	1783947300	NOT_EVALUABLE	AUCTION_INTERVAL_AUTHORITY_NOT_CO_COLLECTED_IN_RG3	\N	\N	\N	\N	\N
EXPANSION	RG3_USTEC_PERIOD_M5_1783900800_1784505600_8244317532604104187	2	1783957800	1783979700	NOT_EVALUABLE	AUCTION_INTERVAL_AUTHORITY_NOT_CO_COLLECTED_IN_RG3	\N	\N	\N	\N	\N
EXPANSION	RG3_USTEC_PERIOD_M5_1783900800_1784505600_8244317532604104187	3	1783982400	1783992300	NOT_EVALUABLE	AUCTION_INTERVAL_AUTHORITY_NOT_CO_COLLECTED_IN_RG3	\N	\N	\N	\N	\N
EXPANSION	RG3_USTEC_PERIOD_M5_1783900800_1784505600_8244317532604104187	4	1783995900	1784027400	NOT_EVALUABLE	AUCTION_INTERVAL_AUTHORITY_NOT_CO_COLLECTED_IN_RG3	\N	\N	\N	\N	\N
EXPANSION	RG3_USTEC_PERIOD_M5_1783900800_1784505600_8244317532604104187	5	1784040300	1784064600	NOT_EVALUABLE	AUCTION_INTERVAL_AUTHORITY_NOT_CO_COLLECTED_IN_RG3	\N	\N	\N	\N	\N
EXPANSION	RG3_USTEC_PERIOD_M5_1783900800_1784505600_8244317532604104187	6	1784071200	1784081100	NOT_EVALUABLE	AUCTION_INTERVAL_AUTHORITY_NOT_CO_COLLECTED_IN_RG3	\N	\N	\N	\N	\N
EXPANSION	RG3_USTEC_PERIOD_M5_1783900800_1784505600_8244317532604104187	7	1784084100	1784096700	NOT_EVALUABLE	AUCTION_INTERVAL_AUTHORITY_NOT_CO_COLLECTED_IN_RG3	\N	\N	\N	\N	\N
EXPANSION	RG3_USTEC_PERIOD_M5_1783900800_1784505600_8244317532604104187	8	1784102700	1784120400	NOT_EVALUABLE	AUCTION_INTERVAL_AUTHORITY_NOT_CO_COLLECTED_IN_RG3	\N	\N	\N	\N	\N
EXPANSION	RG3_USTEC_PERIOD_M5_1783900800_1784505600_8244317532604104187	9	1784129400	1784165400	NOT_EVALUABLE	AUCTION_INTERVAL_AUTHORITY_NOT_CO_COLLECTED_IN_RG3	\N	\N	\N	\N	\N
EXPANSION	RG3_USTEC_PERIOD_M5_1783900800_1784505600_8244317532604104187	10	1784174700	1784186400	NOT_EVALUABLE	AUCTION_INTERVAL_AUTHORITY_NOT_CO_COLLECTED_IN_RG3	\N	\N	\N	\N	\N
EXPANSION	RG3_USTEC_PERIOD_M5_1783900800_1784505600_8244317532604104187	11	1784195400	1784505600	NOT_EVALUABLE	AUCTION_INTERVAL_AUTHORITY_NOT_CO_COLLECTED_IN_RG3	\N	\N	\N	\N	\N
COMPRESSION	RG3_USTEC_PERIOD_M5_1785715200_1786060800_7485449445728991300	1	1785718800	1785734700	NOT_EVALUABLE	AUCTION_INTERVAL_AUTHORITY_NOT_CO_COLLECTED_IN_RG3	\N	\N	\N	\N	\N
COMPRESSION	RG3_USTEC_PERIOD_M5_1785715200_1786060800_7485449445728991300	2	1785735300	1785751500	NOT_EVALUABLE	AUCTION_INTERVAL_AUTHORITY_NOT_CO_COLLECTED_IN_RG3	\N	\N	\N	\N	\N
COMPRESSION	RG3_USTEC_PERIOD_M5_1785715200_1786060800_7485449445728991300	3	1785791400	1785820500	NOT_EVALUABLE	AUCTION_INTERVAL_AUTHORITY_NOT_CO_COLLECTED_IN_RG3	\N	\N	\N	\N	\N
COMPRESSION	RG3_USTEC_PERIOD_M5_1785715200_1786060800_7485449445728991300	4	1785821100	1785833400	NOT_EVALUABLE	AUCTION_INTERVAL_AUTHORITY_NOT_CO_COLLECTED_IN_RG3	\N	\N	\N	\N	\N
COMPRESSION	RG3_USTEC_PERIOD_M5_1785715200_1786060800_7485449445728991300	5	1785834000	1785852600	NOT_EVALUABLE	AUCTION_INTERVAL_AUTHORITY_NOT_CO_COLLECTED_IN_RG3	\N	\N	\N	\N	\N
COMPRESSION	RG3_USTEC_PERIOD_M5_1785715200_1786060800_7485449445728991300	6	1785854400	1785862800	NOT_EVALUABLE	AUCTION_INTERVAL_AUTHORITY_NOT_CO_COLLECTED_IN_RG3	\N	\N	\N	\N	\N
COMPRESSION	RG3_USTEC_PERIOD_M5_1785715200_1786060800_7485449445728991300	7	1785886800	1785906900	NOT_EVALUABLE	AUCTION_INTERVAL_AUTHORITY_NOT_CO_COLLECTED_IN_RG3	\N	\N	\N	\N	\N
COMPRESSION	RG3_USTEC_PERIOD_M5_1785715200_1786060800_7485449445728991300	8	1785907500	1785918300	NOT_EVALUABLE	AUCTION_INTERVAL_AUTHORITY_NOT_CO_COLLECTED_IN_RG3	\N	\N	\N	\N	\N
COMPRESSION	RG3_USTEC_PERIOD_M5_1785715200_1786060800_7485449445728991300	9	1785918900	1785927300	NOT_EVALUABLE	AUCTION_INTERVAL_AUTHORITY_NOT_CO_COLLECTED_IN_RG3	\N	\N	\N	\N	\N
COMPRESSION	RG3_USTEC_PERIOD_M5_1785715200_1786060800_7485449445728991300	10	1785930900	1785940200	NOT_EVALUABLE	AUCTION_INTERVAL_AUTHORITY_NOT_CO_COLLECTED_IN_RG3	\N	\N	\N	\N	\N
COMPRESSION	RG3_USTEC_PERIOD_M5_1785715200_1786060800_7485449445728991300	11	1785940800	1785948900	NOT_EVALUABLE	AUCTION_INTERVAL_AUTHORITY_NOT_CO_COLLECTED_IN_RG3	\N	\N	\N	\N	\N
COMPRESSION	RG3_USTEC_PERIOD_M5_1785715200_1786060800_7485449445728991300	12	1785960000	1785970800	NOT_EVALUABLE	AUCTION_INTERVAL_AUTHORITY_NOT_CO_COLLECTED_IN_RG3	\N	\N	\N	\N	\N
COMPRESSION	RG3_USTEC_PERIOD_M5_1785715200_1786060800_7485449445728991300	13	1785996300	1786010400	NOT_EVALUABLE	AUCTION_INTERVAL_AUTHORITY_NOT_CO_COLLECTED_IN_RG3	\N	\N	\N	\N	\N
COMPRESSION	RG3_USTEC_PERIOD_M5_1785715200_1786060800_7485449445728991300	14	1786018500	1786029300	NOT_EVALUABLE	AUCTION_INTERVAL_AUTHORITY_NOT_CO_COLLECTED_IN_RG3	\N	\N	\N	\N	\N
EXPANSION	RG3_USTEC_PERIOD_M5_1785715200_1786060800_7485449445728991300	1	1785734700	1785741000	NOT_EVALUABLE	AUCTION_INTERVAL_AUTHORITY_NOT_CO_COLLECTED_IN_RG3	\N	\N	\N	\N	\N
EXPANSION	RG3_USTEC_PERIOD_M5_1785715200_1786060800_7485449445728991300	2	1785751500	1785797100	NOT_EVALUABLE	AUCTION_INTERVAL_AUTHORITY_NOT_CO_COLLECTED_IN_RG3	\N	\N	\N	\N	\N
EXPANSION	RG3_USTEC_PERIOD_M5_1785715200_1786060800_7485449445728991300	3	1785820500	1785826800	NOT_EVALUABLE	AUCTION_INTERVAL_AUTHORITY_NOT_CO_COLLECTED_IN_RG3	\N	\N	\N	\N	\N
EXPANSION	RG3_USTEC_PERIOD_M5_1785715200_1786060800_7485449445728991300	4	1785833400	1785839700	NOT_EVALUABLE	AUCTION_INTERVAL_AUTHORITY_NOT_CO_COLLECTED_IN_RG3	\N	\N	\N	\N	\N
EXPANSION	RG3_USTEC_PERIOD_M5_1785715200_1786060800_7485449445728991300	5	1785852600	1785860100	NOT_EVALUABLE	AUCTION_INTERVAL_AUTHORITY_NOT_CO_COLLECTED_IN_RG3	\N	\N	\N	\N	\N
EXPANSION	RG3_USTEC_PERIOD_M5_1785715200_1786060800_7485449445728991300	6	1785862800	1785896100	NOT_EVALUABLE	AUCTION_INTERVAL_AUTHORITY_NOT_CO_COLLECTED_IN_RG3	\N	\N	\N	\N	\N
EXPANSION	RG3_USTEC_PERIOD_M5_1785715200_1786060800_7485449445728991300	7	1785906900	1785913200	NOT_EVALUABLE	AUCTION_INTERVAL_AUTHORITY_NOT_CO_COLLECTED_IN_RG3	\N	\N	\N	\N	\N
EXPANSION	RG3_USTEC_PERIOD_M5_1785715200_1786060800_7485449445728991300	8	1785918300	1785924600	NOT_EVALUABLE	AUCTION_INTERVAL_AUTHORITY_NOT_CO_COLLECTED_IN_RG3	\N	\N	\N	\N	\N
EXPANSION	RG3_USTEC_PERIOD_M5_1785715200_1786060800_7485449445728991300	9	1785927300	1785936600	NOT_EVALUABLE	AUCTION_INTERVAL_AUTHORITY_NOT_CO_COLLECTED_IN_RG3	\N	\N	\N	\N	\N
EXPANSION	RG3_USTEC_PERIOD_M5_1785715200_1786060800_7485449445728991300	10	1785940200	1785946500	NOT_EVALUABLE	AUCTION_INTERVAL_AUTHORITY_NOT_CO_COLLECTED_IN_RG3	\N	\N	\N	\N	\N
EXPANSION	RG3_USTEC_PERIOD_M5_1785715200_1786060800_7485449445728991300	11	1785948900	1785965700	NOT_EVALUABLE	AUCTION_INTERVAL_AUTHORITY_NOT_CO_COLLECTED_IN_RG3	\N	\N	\N	\N	\N
EXPANSION	RG3_USTEC_PERIOD_M5_1785715200_1786060800_7485449445728991300	12	1785970800	1786002000	NOT_EVALUABLE	AUCTION_INTERVAL_AUTHORITY_NOT_CO_COLLECTED_IN_RG3	\N	\N	\N	\N	\N
EXPANSION	RG3_USTEC_PERIOD_M5_1785715200_1786060800_7485449445728991300	13	1786010400	1786024200	NOT_EVALUABLE	AUCTION_INTERVAL_AUTHORITY_NOT_CO_COLLECTED_IN_RG3	\N	\N	\N	\N	\N
EXPANSION	RG3_USTEC_PERIOD_M5_1785715200_1786060800_7485449445728991300	14	1786029300	1786060800	NOT_EVALUABLE	AUCTION_INTERVAL_AUTHORITY_NOT_CO_COLLECTED_IN_RG3	\N	\N	\N	\N	\N
