object_kind	run_key	canonical_instrument	object_id	terminal_reason_code	censored	compression_summary_family_id	compression_shape_family_id	compression_hybrid_family_id	expansion_summary_family_id	expansion_shape_family_id	expansion_hybrid_family_id	structural_stratum	terminal_bridge_receipt_id
COMPRESSION	RG3_DE40_PERIOD_M5_1768176000_1768780800_8137587626228657912	DE40	1	2	0	C1	C2	C1	NOT_APPLICABLE	NOT_APPLICABLE	NOT_APPLICABLE	REGION_1|NODE_CONTACT	bridge::RG3_DE40_PERIOD_M5_1768176000_1768780800_8137587626228657912::COMPRESSION::1::TERMINAL
COMPRESSION	RG3_DE40_PERIOD_M5_1768176000_1768780800_8137587626228657912	DE40	2	1	0	C2	C1	C1	NOT_APPLICABLE	NOT_APPLICABLE	NOT_APPLICABLE	REGION_1|NODE_CONTACT	bridge::RG3_DE40_PERIOD_M5_1768176000_1768780800_8137587626228657912::COMPRESSION::2::TERMINAL
COMPRESSION	RG3_DE40_PERIOD_M5_1768176000_1768780800_8137587626228657912	DE40	3	1	0	C1	C1	C1	NOT_APPLICABLE	NOT_APPLICABLE	NOT_APPLICABLE	REGION_1|OPEN_CORRIDOR	bridge::RG3_DE40_PERIOD_M5_1768176000_1768780800_8137587626228657912::COMPRESSION::3::TERMINAL
COMPRESSION	RG3_DE40_PERIOD_M5_1768176000_1768780800_8137587626228657912	DE40	4	2	0	C2	C1	C1	NOT_APPLICABLE	NOT_APPLICABLE	NOT_APPLICABLE	REGION_1|OPEN_CORRIDOR	bridge::RG3_DE40_PERIOD_M5_1768176000_1768780800_8137587626228657912::COMPRESSION::4::TERMINAL
COMPRESSION	RG3_DE40_PERIOD_M5_1768176000_1768780800_8137587626228657912	DE40	5	1	0	C1	C1	C1	NOT_APPLICABLE	NOT_APPLICABLE	NOT_APPLICABLE	REGION_1|NODE_CONTACT	bridge::RG3_DE40_PERIOD_M5_1768176000_1768780800_8137587626228657912::COMPRESSION::5::TERMINAL
COMPRESSION	RG3_DE40_PERIOD_M5_1768176000_1768780800_8137587626228657912	DE40	6	2	0	C1	C2	C1	NOT_APPLICABLE	NOT_APPLICABLE	NOT_APPLICABLE	REGION_1|NODE_CONTACT	bridge::RG3_DE40_PERIOD_M5_1768176000_1768780800_8137587626228657912::COMPRESSION::6::TERMINAL
COMPRESSION	RG3_DE40_PERIOD_M5_1768176000_1768780800_8137587626228657912	DE40	7	2	0	C1	C2	C1	NOT_APPLICABLE	NOT_APPLICABLE	NOT_APPLICABLE	REGION_1|NODE_CONTACT	bridge::RG3_DE40_PERIOD_M5_1768176000_1768780800_8137587626228657912::COMPRESSION::7::TERMINAL
COMPRESSION	RG3_DE40_PERIOD_M5_1768176000_1768780800_8137587626228657912	DE40	8	1	0	C1	C1	C1	NOT_APPLICABLE	NOT_APPLICABLE	NOT_APPLICABLE	REGION_0|OPEN_CORRIDOR	bridge::RG3_DE40_PERIOD_M5_1768176000_1768780800_8137587626228657912::COMPRESSION::8::TERMINAL
EXPANSION	RG3_DE40_PERIOD_M5_1768176000_1768780800_8137587626228657912	DE40	1	4	0	NOT_APPLICABLE	NOT_APPLICABLE	NOT_APPLICABLE	C1	C1	C2	REGION_1|NODE_CONTACT	bridge::RG3_DE40_PERIOD_M5_1768176000_1768780800_8137587626228657912::EXPANSION::1::TERMINAL
EXPANSION	RG3_DE40_PERIOD_M5_1768176000_1768780800_8137587626228657912	DE40	2	4	0	NOT_APPLICABLE	NOT_APPLICABLE	NOT_APPLICABLE	C3	C1	C3	REGION_1|OPEN_CORRIDOR	bridge::RG3_DE40_PERIOD_M5_1768176000_1768780800_8137587626228657912::EXPANSION::2::TERMINAL
EXPANSION	RG3_DE40_PERIOD_M5_1768176000_1768780800_8137587626228657912	DE40	3	4	0	NOT_APPLICABLE	NOT_APPLICABLE	NOT_APPLICABLE	C1	C1	C2	REGION_1|NODE_CONTACT	bridge::RG3_DE40_PERIOD_M5_1768176000_1768780800_8137587626228657912::EXPANSION::3::TERMINAL
EXPANSION	RG3_DE40_PERIOD_M5_1768176000_1768780800_8137587626228657912	DE40	4	4	0	NOT_APPLICABLE	NOT_APPLICABLE	NOT_APPLICABLE	C3	C1	C2	REGION_1|OPEN_CORRIDOR	bridge::RG3_DE40_PERIOD_M5_1768176000_1768780800_8137587626228657912::EXPANSION::4::TERMINAL
EXPANSION	RG3_DE40_PERIOD_M5_1768176000_1768780800_8137587626228657912	DE40	5	4	0	NOT_APPLICABLE	NOT_APPLICABLE	NOT_APPLICABLE	C3	C2	C1	REGION_1|OPEN_CORRIDOR	bridge::RG3_DE40_PERIOD_M5_1768176000_1768780800_8137587626228657912::EXPANSION::5::TERMINAL
EXPANSION	RG3_DE40_PERIOD_M5_1768176000_1768780800_8137587626228657912	DE40	6	4	0	NOT_APPLICABLE	NOT_APPLICABLE	NOT_APPLICABLE	C3	C1	C2	REGION_1|NODE_CONTACT	bridge::RG3_DE40_PERIOD_M5_1768176000_1768780800_8137587626228657912::EXPANSION::6::TERMINAL
EXPANSION	RG3_DE40_PERIOD_M5_1768176000_1768780800_8137587626228657912	DE40	7	4	0	NOT_APPLICABLE	NOT_APPLICABLE	NOT_APPLICABLE	C1	C1	C2	REGION_1|NODE_CONTACT	bridge::RG3_DE40_PERIOD_M5_1768176000_1768780800_8137587626228657912::EXPANSION::7::TERMINAL
EXPANSION	RG3_DE40_PERIOD_M5_1768176000_1768780800_8137587626228657912	DE40	8	6	1	NOT_APPLICABLE	NOT_APPLICABLE	NOT_APPLICABLE	NOT_APPLICABLE	NOT_APPLICABLE	NOT_APPLICABLE	NULL_STRUCTURAL_CONTEXT	bridge::RG3_DE40_PERIOD_M5_1768176000_1768780800_8137587626228657912::EXPANSION::8::TERMINAL
COMPRESSION	RG3_DE40_PERIOD_M5_1771200000_1771804800_7817652877554072043	DE40	1	1	0	C1	C1	C1	NOT_APPLICABLE	NOT_APPLICABLE	NOT_APPLICABLE	REGION_2|NODE_CONTACT	bridge::RG3_DE40_PERIOD_M5_1771200000_1771804800_7817652877554072043::COMPRESSION::1::TERMINAL
COMPRESSION	RG3_DE40_PERIOD_M5_1771200000_1771804800_7817652877554072043	DE40	2	1	0	C1	C1	C1	NOT_APPLICABLE	NOT_APPLICABLE	NOT_APPLICABLE	REGION_1|NODE_CONTACT	bridge::RG3_DE40_PERIOD_M5_1771200000_1771804800_7817652877554072043::COMPRESSION::2::TERMINAL
COMPRESSION	RG3_DE40_PERIOD_M5_1771200000_1771804800_7817652877554072043	DE40	3	2	0	C1	C2	C2	NOT_APPLICABLE	NOT_APPLICABLE	NOT_APPLICABLE	REGION_0|NODE_CONTACT	bridge::RG3_DE40_PERIOD_M5_1771200000_1771804800_7817652877554072043::COMPRESSION::3::TERMINAL
COMPRESSION	RG3_DE40_PERIOD_M5_1771200000_1771804800_7817652877554072043	DE40	4	1	0	C2	C1	C1	NOT_APPLICABLE	NOT_APPLICABLE	NOT_APPLICABLE	REGION_1|NODE_CONTACT	bridge::RG3_DE40_PERIOD_M5_1771200000_1771804800_7817652877554072043::COMPRESSION::4::TERMINAL
COMPRESSION	RG3_DE40_PERIOD_M5_1771200000_1771804800_7817652877554072043	DE40	5	2	0	C1	C2	C1	NOT_APPLICABLE	NOT_APPLICABLE	NOT_APPLICABLE	REGION_1|NODE_CONTACT	bridge::RG3_DE40_PERIOD_M5_1771200000_1771804800_7817652877554072043::COMPRESSION::5::TERMINAL
COMPRESSION	RG3_DE40_PERIOD_M5_1771200000_1771804800_7817652877554072043	DE40	6	1	0	C1	C1	C1	NOT_APPLICABLE	NOT_APPLICABLE	NOT_APPLICABLE	REGION_2|NODE_CONTACT	bridge::RG3_DE40_PERIOD_M5_1771200000_1771804800_7817652877554072043::COMPRESSION::6::TERMINAL
COMPRESSION	RG3_DE40_PERIOD_M5_1771200000_1771804800_7817652877554072043	DE40	7	1	0	C2	C1	C1	NOT_APPLICABLE	NOT_APPLICABLE	NOT_APPLICABLE	REGION_2|NODE_CONTACT	bridge::RG3_DE40_PERIOD_M5_1771200000_1771804800_7817652877554072043::COMPRESSION::7::TERMINAL
COMPRESSION	RG3_DE40_PERIOD_M5_1771200000_1771804800_7817652877554072043	DE40	8	1	0	C1	C1	C1	NOT_APPLICABLE	NOT_APPLICABLE	NOT_APPLICABLE	REGION_2|NODE_CONTACT	bridge::RG3_DE40_PERIOD_M5_1771200000_1771804800_7817652877554072043::COMPRESSION::8::TERMINAL
COMPRESSION	RG3_DE40_PERIOD_M5_1771200000_1771804800_7817652877554072043	DE40	9	2	0	C1	C2	C1	NOT_APPLICABLE	NOT_APPLICABLE	NOT_APPLICABLE	REGION_2|NODE_CONTACT	bridge::RG3_DE40_PERIOD_M5_1771200000_1771804800_7817652877554072043::COMPRESSION::9::TERMINAL
COMPRESSION	RG3_DE40_PERIOD_M5_1771200000_1771804800_7817652877554072043	DE40	10	2	0	C1	C2	C2	NOT_APPLICABLE	NOT_APPLICABLE	NOT_APPLICABLE	REGION_1|NODE_CONTACT	bridge::RG3_DE40_PERIOD_M5_1771200000_1771804800_7817652877554072043::COMPRESSION::10::TERMINAL
COMPRESSION	RG3_DE40_PERIOD_M5_1771200000_1771804800_7817652877554072043	DE40	11	1	0	C1	C1	C1	NOT_APPLICABLE	NOT_APPLICABLE	NOT_APPLICABLE	REGION_1|NODE_CONTACT	bridge::RG3_DE40_PERIOD_M5_1771200000_1771804800_7817652877554072043::COMPRESSION::11::TERMINAL
COMPRESSION	RG3_DE40_PERIOD_M5_1771200000_1771804800_7817652877554072043	DE40	12	1	0	C2	C2	C1	NOT_APPLICABLE	NOT_APPLICABLE	NOT_APPLICABLE	REGION_1|NODE_CONTACT	bridge::RG3_DE40_PERIOD_M5_1771200000_1771804800_7817652877554072043::COMPRESSION::12::TERMINAL
EXPANSION	RG3_DE40_PERIOD_M5_1771200000_1771804800_7817652877554072043	DE40	1	4	0	NOT_APPLICABLE	NOT_APPLICABLE	NOT_APPLICABLE	C3	C1	C2	REGION_1|NODE_CONTACT	bridge::RG3_DE40_PERIOD_M5_1771200000_1771804800_7817652877554072043::EXPANSION::1::TERMINAL
EXPANSION	RG3_DE40_PERIOD_M5_1771200000_1771804800_7817652877554072043	DE40	2	4	0	NOT_APPLICABLE	NOT_APPLICABLE	NOT_APPLICABLE	C1	C2	C1	REGION_1|NODE_CONTACT	bridge::RG3_DE40_PERIOD_M5_1771200000_1771804800_7817652877554072043::EXPANSION::2::TERMINAL
EXPANSION	RG3_DE40_PERIOD_M5_1771200000_1771804800_7817652877554072043	DE40	3	4	0	NOT_APPLICABLE	NOT_APPLICABLE	NOT_APPLICABLE	C1	C1	C2	REGION_0|NODE_CONTACT	bridge::RG3_DE40_PERIOD_M5_1771200000_1771804800_7817652877554072043::EXPANSION::3::TERMINAL
EXPANSION	RG3_DE40_PERIOD_M5_1771200000_1771804800_7817652877554072043	DE40	4	4	0	NOT_APPLICABLE	NOT_APPLICABLE	NOT_APPLICABLE	C3	C1	C3	REGION_2|NODE_CONTACT	bridge::RG3_DE40_PERIOD_M5_1771200000_1771804800_7817652877554072043::EXPANSION::4::TERMINAL
EXPANSION	RG3_DE40_PERIOD_M5_1771200000_1771804800_7817652877554072043	DE40	5	4	0	NOT_APPLICABLE	NOT_APPLICABLE	NOT_APPLICABLE	C1	C1	C2	REGION_2|NODE_CONTACT	bridge::RG3_DE40_PERIOD_M5_1771200000_1771804800_7817652877554072043::EXPANSION::5::TERMINAL
EXPANSION	RG3_DE40_PERIOD_M5_1771200000_1771804800_7817652877554072043	DE40	6	4	0	NOT_APPLICABLE	NOT_APPLICABLE	NOT_APPLICABLE	C1	C1	C2	REGION_2|NODE_CONTACT	bridge::RG3_DE40_PERIOD_M5_1771200000_1771804800_7817652877554072043::EXPANSION::6::TERMINAL
EXPANSION	RG3_DE40_PERIOD_M5_1771200000_1771804800_7817652877554072043	DE40	7	4	0	NOT_APPLICABLE	NOT_APPLICABLE	NOT_APPLICABLE	C3	C1	C3	REGION_2|NODE_CONTACT	bridge::RG3_DE40_PERIOD_M5_1771200000_1771804800_7817652877554072043::EXPANSION::7::TERMINAL
EXPANSION	RG3_DE40_PERIOD_M5_1771200000_1771804800_7817652877554072043	DE40	8	4	0	NOT_APPLICABLE	NOT_APPLICABLE	NOT_APPLICABLE	C1	C1	C2	REGION_2|NODE_CONTACT	bridge::RG3_DE40_PERIOD_M5_1771200000_1771804800_7817652877554072043::EXPANSION::8::TERMINAL
EXPANSION	RG3_DE40_PERIOD_M5_1771200000_1771804800_7817652877554072043	DE40	9	4	0	NOT_APPLICABLE	NOT_APPLICABLE	NOT_APPLICABLE	C1	C1	C2	REGION_1|NODE_CONTACT	bridge::RG3_DE40_PERIOD_M5_1771200000_1771804800_7817652877554072043::EXPANSION::9::TERMINAL
EXPANSION	RG3_DE40_PERIOD_M5_1771200000_1771804800_7817652877554072043	DE40	10	4	0	NOT_APPLICABLE	NOT_APPLICABLE	NOT_APPLICABLE	C3	C1	C1	REGION_1|NODE_CONTACT	bridge::RG3_DE40_PERIOD_M5_1771200000_1771804800_7817652877554072043::EXPANSION::10::TERMINAL
EXPANSION	RG3_DE40_PERIOD_M5_1771200000_1771804800_7817652877554072043	DE40	11	4	0	NOT_APPLICABLE	NOT_APPLICABLE	NOT_APPLICABLE	C1	C1	C2	REGION_1|NODE_CONTACT	bridge::RG3_DE40_PERIOD_M5_1771200000_1771804800_7817652877554072043::EXPANSION::11::TERMINAL
EXPANSION	RG3_DE40_PERIOD_M5_1771200000_1771804800_7817652877554072043	DE40	12	6	1	NOT_APPLICABLE	NOT_APPLICABLE	NOT_APPLICABLE	NOT_APPLICABLE	NOT_APPLICABLE	NOT_APPLICABLE	NULL_STRUCTURAL_CONTEXT	bridge::RG3_DE40_PERIOD_M5_1771200000_1771804800_7817652877554072043::EXPANSION::12::TERMINAL
COMPRESSION	RG3_DE40_PERIOD_M5_1774224000_1774828800_16769896615923389005	DE40	1	2	0	C1	C2	C1	NOT_APPLICABLE	NOT_APPLICABLE	NOT_APPLICABLE	REGION_-2|OPEN_CORRIDOR	bridge::RG3_DE40_PERIOD_M5_1774224000_1774828800_16769896615923389005::COMPRESSION::1::TERMINAL
COMPRESSION	RG3_DE40_PERIOD_M5_1774224000_1774828800_16769896615923389005	DE40	2	1	0	C1	C1	C1	NOT_APPLICABLE	NOT_APPLICABLE	NOT_APPLICABLE	REGION_-1|OPEN_CORRIDOR	bridge::RG3_DE40_PERIOD_M5_1774224000_1774828800_16769896615923389005::COMPRESSION::2::TERMINAL
COMPRESSION	RG3_DE40_PERIOD_M5_1774224000_1774828800_16769896615923389005	DE40	3	1	0	C2	C1	C1	NOT_APPLICABLE	NOT_APPLICABLE	NOT_APPLICABLE	REGION_-1|NODE_CONTACT	bridge::RG3_DE40_PERIOD_M5_1774224000_1774828800_16769896615923389005::COMPRESSION::3::TERMINAL
COMPRESSION	RG3_DE40_PERIOD_M5_1774224000_1774828800_16769896615923389005	DE40	4	1	0	C1	C1	C1	NOT_APPLICABLE	NOT_APPLICABLE	NOT_APPLICABLE	REGION_-1|OPEN_CORRIDOR	bridge::RG3_DE40_PERIOD_M5_1774224000_1774828800_16769896615923389005::COMPRESSION::4::TERMINAL
COMPRESSION	RG3_DE40_PERIOD_M5_1774224000_1774828800_16769896615923389005	DE40	5	1	0	C1	C1	C1	NOT_APPLICABLE	NOT_APPLICABLE	NOT_APPLICABLE	REGION_-1|OPEN_CORRIDOR	bridge::RG3_DE40_PERIOD_M5_1774224000_1774828800_16769896615923389005::COMPRESSION::5::TERMINAL
COMPRESSION	RG3_DE40_PERIOD_M5_1774224000_1774828800_16769896615923389005	DE40	6	1	0	C2	C1	C1	NOT_APPLICABLE	NOT_APPLICABLE	NOT_APPLICABLE	REGION_-1|NODE_CONTACT	bridge::RG3_DE40_PERIOD_M5_1774224000_1774828800_16769896615923389005::COMPRESSION::6::TERMINAL
COMPRESSION	RG3_DE40_PERIOD_M5_1774224000_1774828800_16769896615923389005	DE40	7	2	0	C1	C2	C1	NOT_APPLICABLE	NOT_APPLICABLE	NOT_APPLICABLE	REGION_-1|OPEN_CORRIDOR	bridge::RG3_DE40_PERIOD_M5_1774224000_1774828800_16769896615923389005::COMPRESSION::7::TERMINAL
COMPRESSION	RG3_DE40_PERIOD_M5_1774224000_1774828800_16769896615923389005	DE40	8	2	0	C1	C2	C1	NOT_APPLICABLE	NOT_APPLICABLE	NOT_APPLICABLE	REGION_-1|OPEN_CORRIDOR	bridge::RG3_DE40_PERIOD_M5_1774224000_1774828800_16769896615923389005::COMPRESSION::8::TERMINAL
COMPRESSION	RG3_DE40_PERIOD_M5_1774224000_1774828800_16769896615923389005	DE40	9	2	0	C1	C2	C1	NOT_APPLICABLE	NOT_APPLICABLE	NOT_APPLICABLE	REGION_-1|NODE_CONTACT	bridge::RG3_DE40_PERIOD_M5_1774224000_1774828800_16769896615923389005::COMPRESSION::9::TERMINAL
COMPRESSION	RG3_DE40_PERIOD_M5_1774224000_1774828800_16769896615923389005	DE40	10	2	0	C1	C2	C1	NOT_APPLICABLE	NOT_APPLICABLE	NOT_APPLICABLE	REGION_-1|NODE_CONTACT	bridge::RG3_DE40_PERIOD_M5_1774224000_1774828800_16769896615923389005::COMPRESSION::10::TERMINAL
COMPRESSION	RG3_DE40_PERIOD_M5_1774224000_1774828800_16769896615923389005	DE40	11	2	0	C1	C1	C1	NOT_APPLICABLE	NOT_APPLICABLE	NOT_APPLICABLE	REGION_-1|NODE_CONTACT	bridge::RG3_DE40_PERIOD_M5_1774224000_1774828800_16769896615923389005::COMPRESSION::11::TERMINAL
COMPRESSION	RG3_DE40_PERIOD_M5_1774224000_1774828800_16769896615923389005	DE40	12	1	0	C1	C1	C1	NOT_APPLICABLE	NOT_APPLICABLE	NOT_APPLICABLE	REGION_-1|NODE_CONTACT	bridge::RG3_DE40_PERIOD_M5_1774224000_1774828800_16769896615923389005::COMPRESSION::12::TERMINAL
COMPRESSION	RG3_DE40_PERIOD_M5_1774224000_1774828800_16769896615923389005	DE40	13	6	1	NOT_APPLICABLE	NOT_APPLICABLE	NOT_APPLICABLE	NOT_APPLICABLE	NOT_APPLICABLE	NOT_APPLICABLE	NULL_STRUCTURAL_CONTEXT	bridge::RG3_DE40_PERIOD_M5_1774224000_1774828800_16769896615923389005::COMPRESSION::13::TERMINAL
EXPANSION	RG3_DE40_PERIOD_M5_1774224000_1774828800_16769896615923389005	DE40	1	4	0	NOT_APPLICABLE	NOT_APPLICABLE	NOT_APPLICABLE	C3	C2	C3	REGION_-1|OPEN_CORRIDOR	bridge::RG3_DE40_PERIOD_M5_1774224000_1774828800_16769896615923389005::EXPANSION::1::TERMINAL
EXPANSION	RG3_DE40_PERIOD_M5_1774224000_1774828800_16769896615923389005	DE40	2	4	0	NOT_APPLICABLE	NOT_APPLICABLE	NOT_APPLICABLE	NULL_FAMILY	C2	C1	REGION_-2|NODE_CONTACT	bridge::RG3_DE40_PERIOD_M5_1774224000_1774828800_16769896615923389005::EXPANSION::2::TERMINAL
EXPANSION	RG3_DE40_PERIOD_M5_1774224000_1774828800_16769896615923389005	DE40	3	4	0	NOT_APPLICABLE	NOT_APPLICABLE	NOT_APPLICABLE	C3	C1	C2	REGION_-1|NODE_CONTACT	bridge::RG3_DE40_PERIOD_M5_1774224000_1774828800_16769896615923389005::EXPANSION::3::TERMINAL
EXPANSION	RG3_DE40_PERIOD_M5_1774224000_1774828800_16769896615923389005	DE40	4	4	0	NOT_APPLICABLE	NOT_APPLICABLE	NOT_APPLICABLE	C1	C1	C2	REGION_-1|NODE_CONTACT	bridge::RG3_DE40_PERIOD_M5_1774224000_1774828800_16769896615923389005::EXPANSION::4::TERMINAL
EXPANSION	RG3_DE40_PERIOD_M5_1774224000_1774828800_16769896615923389005	DE40	5	4	0	NOT_APPLICABLE	NOT_APPLICABLE	NOT_APPLICABLE	C1	C1	C2	REGION_-1|OPEN_CORRIDOR	bridge::RG3_DE40_PERIOD_M5_1774224000_1774828800_16769896615923389005::EXPANSION::5::TERMINAL
EXPANSION	RG3_DE40_PERIOD_M5_1774224000_1774828800_16769896615923389005	DE40	6	4	0	NOT_APPLICABLE	NOT_APPLICABLE	NOT_APPLICABLE	C3	C1	C2	REGION_-1|NODE_CONTACT	bridge::RG3_DE40_PERIOD_M5_1774224000_1774828800_16769896615923389005::EXPANSION::6::TERMINAL
EXPANSION	RG3_DE40_PERIOD_M5_1774224000_1774828800_16769896615923389005	DE40	7	4	0	NOT_APPLICABLE	NOT_APPLICABLE	NOT_APPLICABLE	C1	C1	C2	REGION_0|NODE_CONTACT	bridge::RG3_DE40_PERIOD_M5_1774224000_1774828800_16769896615923389005::EXPANSION::7::TERMINAL
EXPANSION	RG3_DE40_PERIOD_M5_1774224000_1774828800_16769896615923389005	DE40	8	4	0	NOT_APPLICABLE	NOT_APPLICABLE	NOT_APPLICABLE	C1	C1	C2	REGION_-1|OPEN_CORRIDOR	bridge::RG3_DE40_PERIOD_M5_1774224000_1774828800_16769896615923389005::EXPANSION::8::TERMINAL
EXPANSION	RG3_DE40_PERIOD_M5_1774224000_1774828800_16769896615923389005	DE40	9	4	0	NOT_APPLICABLE	NOT_APPLICABLE	NOT_APPLICABLE	C3	C1	C2	REGION_-1|NODE_CONTACT	bridge::RG3_DE40_PERIOD_M5_1774224000_1774828800_16769896615923389005::EXPANSION::9::TERMINAL
EXPANSION	RG3_DE40_PERIOD_M5_1774224000_1774828800_16769896615923389005	DE40	10	4	0	NOT_APPLICABLE	NOT_APPLICABLE	NOT_APPLICABLE	C1	C2	C2	REGION_-1|NODE_CONTACT	bridge::RG3_DE40_PERIOD_M5_1774224000_1774828800_16769896615923389005::EXPANSION::10::TERMINAL
EXPANSION	RG3_DE40_PERIOD_M5_1774224000_1774828800_16769896615923389005	DE40	11	4	0	NOT_APPLICABLE	NOT_APPLICABLE	NOT_APPLICABLE	C1	C2	C2	REGION_-1|NODE_CONTACT	bridge::RG3_DE40_PERIOD_M5_1774224000_1774828800_16769896615923389005::EXPANSION::11::TERMINAL
EXPANSION	RG3_DE40_PERIOD_M5_1774224000_1774828800_16769896615923389005	DE40	12	4	0	NOT_APPLICABLE	NOT_APPLICABLE	NOT_APPLICABLE	C3	C2	C1	REGION_-1|NODE_CONTACT	bridge::RG3_DE40_PERIOD_M5_1774224000_1774828800_16769896615923389005::EXPANSION::12::TERMINAL
COMPRESSION	RG3_DE40_PERIOD_M5_1777852800_1778457600_14397091333611658795	DE40	1	1	0	C2	C1	C1	NOT_APPLICABLE	NOT_APPLICABLE	NOT_APPLICABLE	REGION_1|NODE_CONTACT	bridge::RG3_DE40_PERIOD_M5_1777852800_1778457600_14397091333611658795::COMPRESSION::1::TERMINAL
COMPRESSION	RG3_DE40_PERIOD_M5_1777852800_1778457600_14397091333611658795	DE40	2	1	0	C1	C1	C1	NOT_APPLICABLE	NOT_APPLICABLE	NOT_APPLICABLE	REGION_1|NODE_CONTACT	bridge::RG3_DE40_PERIOD_M5_1777852800_1778457600_14397091333611658795::COMPRESSION::2::TERMINAL
COMPRESSION	RG3_DE40_PERIOD_M5_1777852800_1778457600_14397091333611658795	DE40	3	1	0	C2	C1	C1	NOT_APPLICABLE	NOT_APPLICABLE	NOT_APPLICABLE	REGION_0|NODE_CONTACT	bridge::RG3_DE40_PERIOD_M5_1777852800_1778457600_14397091333611658795::COMPRESSION::3::TERMINAL
COMPRESSION	RG3_DE40_PERIOD_M5_1777852800_1778457600_14397091333611658795	DE40	4	1	0	C1	C1	C2	NOT_APPLICABLE	NOT_APPLICABLE	NOT_APPLICABLE	REGION_0|NODE_CONTACT	bridge::RG3_DE40_PERIOD_M5_1777852800_1778457600_14397091333611658795::COMPRESSION::4::TERMINAL
COMPRESSION	RG3_DE40_PERIOD_M5_1777852800_1778457600_14397091333611658795	DE40	5	1	0	C2	C1	C1	NOT_APPLICABLE	NOT_APPLICABLE	NOT_APPLICABLE	REGION_1|NODE_CONTACT	bridge::RG3_DE40_PERIOD_M5_1777852800_1778457600_14397091333611658795::COMPRESSION::5::TERMINAL
COMPRESSION	RG3_DE40_PERIOD_M5_1777852800_1778457600_14397091333611658795	DE40	6	2	0	C1	C1	C1	NOT_APPLICABLE	NOT_APPLICABLE	NOT_APPLICABLE	REGION_1|NODE_CONTACT	bridge::RG3_DE40_PERIOD_M5_1777852800_1778457600_14397091333611658795::COMPRESSION::6::TERMINAL
COMPRESSION	RG3_DE40_PERIOD_M5_1777852800_1778457600_14397091333611658795	DE40	7	1	0	C1	C1	C1	NOT_APPLICABLE	NOT_APPLICABLE	NOT_APPLICABLE	REGION_1|NODE_CONTACT	bridge::RG3_DE40_PERIOD_M5_1777852800_1778457600_14397091333611658795::COMPRESSION::7::TERMINAL
COMPRESSION	RG3_DE40_PERIOD_M5_1777852800_1778457600_14397091333611658795	DE40	8	1	0	C1	C1	C1	NOT_APPLICABLE	NOT_APPLICABLE	NOT_APPLICABLE	REGION_1|OPEN_CORRIDOR	bridge::RG3_DE40_PERIOD_M5_1777852800_1778457600_14397091333611658795::COMPRESSION::8::TERMINAL
COMPRESSION	RG3_DE40_PERIOD_M5_1777852800_1778457600_14397091333611658795	DE40	9	2	0	C1	C2	C1	NOT_APPLICABLE	NOT_APPLICABLE	NOT_APPLICABLE	REGION_1|NODE_CONTACT	bridge::RG3_DE40_PERIOD_M5_1777852800_1778457600_14397091333611658795::COMPRESSION::9::TERMINAL
COMPRESSION	RG3_DE40_PERIOD_M5_1777852800_1778457600_14397091333611658795	DE40	10	1	0	C1	C1	C2	NOT_APPLICABLE	NOT_APPLICABLE	NOT_APPLICABLE	REGION_0|NODE_CONTACT	bridge::RG3_DE40_PERIOD_M5_1777852800_1778457600_14397091333611658795::COMPRESSION::10::TERMINAL
COMPRESSION	RG3_DE40_PERIOD_M5_1777852800_1778457600_14397091333611658795	DE40	11	2	0	C2	C2	C1	NOT_APPLICABLE	NOT_APPLICABLE	NOT_APPLICABLE	REGION_0|NODE_CONTACT	bridge::RG3_DE40_PERIOD_M5_1777852800_1778457600_14397091333611658795::COMPRESSION::11::TERMINAL
COMPRESSION	RG3_DE40_PERIOD_M5_1777852800_1778457600_14397091333611658795	DE40	12	6	1	NOT_APPLICABLE	NOT_APPLICABLE	NOT_APPLICABLE	NOT_APPLICABLE	NOT_APPLICABLE	NOT_APPLICABLE	NULL_STRUCTURAL_CONTEXT	bridge::RG3_DE40_PERIOD_M5_1777852800_1778457600_14397091333611658795::COMPRESSION::12::TERMINAL
EXPANSION	RG3_DE40_PERIOD_M5_1777852800_1778457600_14397091333611658795	DE40	1	4	0	NOT_APPLICABLE	NOT_APPLICABLE	NOT_APPLICABLE	C1	C1	C2	REGION_0|NODE_CONTACT	bridge::RG3_DE40_PERIOD_M5_1777852800_1778457600_14397091333611658795::EXPANSION::1::TERMINAL
EXPANSION	RG3_DE40_PERIOD_M5_1777852800_1778457600_14397091333611658795	DE40	2	4	0	NOT_APPLICABLE	NOT_APPLICABLE	NOT_APPLICABLE	C3	C2	C1	REGION_0|NODE_CONTACT	bridge::RG3_DE40_PERIOD_M5_1777852800_1778457600_14397091333611658795::EXPANSION::2::TERMINAL
EXPANSION	RG3_DE40_PERIOD_M5_1777852800_1778457600_14397091333611658795	DE40	3	4	0	NOT_APPLICABLE	NOT_APPLICABLE	NOT_APPLICABLE	C3	C1	C3	REGION_0|NODE_CONTACT	bridge::RG3_DE40_PERIOD_M5_1777852800_1778457600_14397091333611658795::EXPANSION::3::TERMINAL
EXPANSION	RG3_DE40_PERIOD_M5_1777852800_1778457600_14397091333611658795	DE40	4	4	0	NOT_APPLICABLE	NOT_APPLICABLE	NOT_APPLICABLE	C3	C1	C2	REGION_1|NODE_CONTACT	bridge::RG3_DE40_PERIOD_M5_1777852800_1778457600_14397091333611658795::EXPANSION::4::TERMINAL
EXPANSION	RG3_DE40_PERIOD_M5_1777852800_1778457600_14397091333611658795	DE40	5	4	0	NOT_APPLICABLE	NOT_APPLICABLE	NOT_APPLICABLE	C1	C1	C2	REGION_1|NODE_CONTACT	bridge::RG3_DE40_PERIOD_M5_1777852800_1778457600_14397091333611658795::EXPANSION::5::TERMINAL
EXPANSION	RG3_DE40_PERIOD_M5_1777852800_1778457600_14397091333611658795	DE40	6	4	0	NOT_APPLICABLE	NOT_APPLICABLE	NOT_APPLICABLE	C3	C2	C3	REGION_1|NODE_CONTACT	bridge::RG3_DE40_PERIOD_M5_1777852800_1778457600_14397091333611658795::EXPANSION::6::TERMINAL
EXPANSION	RG3_DE40_PERIOD_M5_1777852800_1778457600_14397091333611658795	DE40	7	4	0	NOT_APPLICABLE	NOT_APPLICABLE	NOT_APPLICABLE	C1	C1	C2	REGION_1|NODE_CONTACT	bridge::RG3_DE40_PERIOD_M5_1777852800_1778457600_14397091333611658795::EXPANSION::7::TERMINAL
EXPANSION	RG3_DE40_PERIOD_M5_1777852800_1778457600_14397091333611658795	DE40	8	4	0	NOT_APPLICABLE	NOT_APPLICABLE	NOT_APPLICABLE	C1	C1	C2	REGION_1|OPEN_CORRIDOR	bridge::RG3_DE40_PERIOD_M5_1777852800_1778457600_14397091333611658795::EXPANSION::8::TERMINAL
EXPANSION	RG3_DE40_PERIOD_M5_1777852800_1778457600_14397091333611658795	DE40	9	4	0	NOT_APPLICABLE	NOT_APPLICABLE	NOT_APPLICABLE	C3	C1	C1	REGION_0|NODE_CONTACT	bridge::RG3_DE40_PERIOD_M5_1777852800_1778457600_14397091333611658795::EXPANSION::9::TERMINAL
EXPANSION	RG3_DE40_PERIOD_M5_1777852800_1778457600_14397091333611658795	DE40	10	4	0	NOT_APPLICABLE	NOT_APPLICABLE	NOT_APPLICABLE	C1	C1	C2	REGION_0|NODE_CONTACT	bridge::RG3_DE40_PERIOD_M5_1777852800_1778457600_14397091333611658795::EXPANSION::10::TERMINAL
EXPANSION	RG3_DE40_PERIOD_M5_1777852800_1778457600_14397091333611658795	DE40	11	4	0	NOT_APPLICABLE	NOT_APPLICABLE	NOT_APPLICABLE	C3	C1	C2	REGION_-1|NODE_CONTACT	bridge::RG3_DE40_PERIOD_M5_1777852800_1778457600_14397091333611658795::EXPANSION::11::TERMINAL
COMPRESSION	RG3_DE40_PERIOD_M5_1781481600_1782086400_6195331328867226598	DE40	1	1	0	C1	C1	C2	NOT_APPLICABLE	NOT_APPLICABLE	NOT_APPLICABLE	REGION_1|NODE_CONTACT	bridge::RG3_DE40_PERIOD_M5_1781481600_1782086400_6195331328867226598::COMPRESSION::1::TERMINAL
COMPRESSION	RG3_DE40_PERIOD_M5_1781481600_1782086400_6195331328867226598	DE40	2	1	0	C2	C1	C1	NOT_APPLICABLE	NOT_APPLICABLE	NOT_APPLICABLE	REGION_0|NODE_CONTACT	bridge::RG3_DE40_PERIOD_M5_1781481600_1782086400_6195331328867226598::COMPRESSION::2::TERMINAL
COMPRESSION	RG3_DE40_PERIOD_M5_1781481600_1782086400_6195331328867226598	DE40	3	1	0	C1	C1	C1	NOT_APPLICABLE	NOT_APPLICABLE	NOT_APPLICABLE	REGION_0|NODE_CONTACT	bridge::RG3_DE40_PERIOD_M5_1781481600_1782086400_6195331328867226598::COMPRESSION::3::TERMINAL
COMPRESSION	RG3_DE40_PERIOD_M5_1781481600_1782086400_6195331328867226598	DE40	4	2	0	C1	C2	C1	NOT_APPLICABLE	NOT_APPLICABLE	NOT_APPLICABLE	REGION_0|NODE_CONTACT	bridge::RG3_DE40_PERIOD_M5_1781481600_1782086400_6195331328867226598::COMPRESSION::4::TERMINAL
COMPRESSION	RG3_DE40_PERIOD_M5_1781481600_1782086400_6195331328867226598	DE40	5	2	0	C1	C2	C1	NOT_APPLICABLE	NOT_APPLICABLE	NOT_APPLICABLE	REGION_0|NODE_CONTACT	bridge::RG3_DE40_PERIOD_M5_1781481600_1782086400_6195331328867226598::COMPRESSION::5::TERMINAL
COMPRESSION	RG3_DE40_PERIOD_M5_1781481600_1782086400_6195331328867226598	DE40	6	1	0	C1	C1	C1	NOT_APPLICABLE	NOT_APPLICABLE	NOT_APPLICABLE	REGION_0|NODE_CONTACT	bridge::RG3_DE40_PERIOD_M5_1781481600_1782086400_6195331328867226598::COMPRESSION::6::TERMINAL
COMPRESSION	RG3_DE40_PERIOD_M5_1781481600_1782086400_6195331328867226598	DE40	7	2	0	C1	C2	C2	NOT_APPLICABLE	NOT_APPLICABLE	NOT_APPLICABLE	REGION_0|NODE_CONTACT	bridge::RG3_DE40_PERIOD_M5_1781481600_1782086400_6195331328867226598::COMPRESSION::7::TERMINAL
COMPRESSION	RG3_DE40_PERIOD_M5_1781481600_1782086400_6195331328867226598	DE40	8	2	0	C1	C2	C1	NOT_APPLICABLE	NOT_APPLICABLE	NOT_APPLICABLE	REGION_0|NODE_CONTACT	bridge::RG3_DE40_PERIOD_M5_1781481600_1782086400_6195331328867226598::COMPRESSION::8::TERMINAL
COMPRESSION	RG3_DE40_PERIOD_M5_1781481600_1782086400_6195331328867226598	DE40	9	1	0	C1	C1	C1	NOT_APPLICABLE	NOT_APPLICABLE	NOT_APPLICABLE	REGION_0|NODE_CONTACT	bridge::RG3_DE40_PERIOD_M5_1781481600_1782086400_6195331328867226598::COMPRESSION::9::TERMINAL
COMPRESSION	RG3_DE40_PERIOD_M5_1781481600_1782086400_6195331328867226598	DE40	10	1	0	C1	C1	C1	NOT_APPLICABLE	NOT_APPLICABLE	NOT_APPLICABLE	REGION_0|NODE_CONTACT	bridge::RG3_DE40_PERIOD_M5_1781481600_1782086400_6195331328867226598::COMPRESSION::10::TERMINAL
COMPRESSION	RG3_DE40_PERIOD_M5_1781481600_1782086400_6195331328867226598	DE40	11	1	0	C2	C1	C2	NOT_APPLICABLE	NOT_APPLICABLE	NOT_APPLICABLE	REGION_0|NODE_CONTACT	bridge::RG3_DE40_PERIOD_M5_1781481600_1782086400_6195331328867226598::COMPRESSION::11::TERMINAL
COMPRESSION	RG3_DE40_PERIOD_M5_1781481600_1782086400_6195331328867226598	DE40	12	2	0	C1	C2	C2	NOT_APPLICABLE	NOT_APPLICABLE	NOT_APPLICABLE	REGION_0|NODE_CONTACT	bridge::RG3_DE40_PERIOD_M5_1781481600_1782086400_6195331328867226598::COMPRESSION::12::TERMINAL
COMPRESSION	RG3_DE40_PERIOD_M5_1781481600_1782086400_6195331328867226598	DE40	13	2	0	C1	C2	C1	NOT_APPLICABLE	NOT_APPLICABLE	NOT_APPLICABLE	REGION_0|NODE_CONTACT	bridge::RG3_DE40_PERIOD_M5_1781481600_1782086400_6195331328867226598::COMPRESSION::13::TERMINAL
COMPRESSION	RG3_DE40_PERIOD_M5_1781481600_1782086400_6195331328867226598	DE40	14	2	0	C1	C2	C1	NOT_APPLICABLE	NOT_APPLICABLE	NOT_APPLICABLE	REGION_0|NODE_CONTACT	bridge::RG3_DE40_PERIOD_M5_1781481600_1782086400_6195331328867226598::COMPRESSION::14::TERMINAL
COMPRESSION	RG3_DE40_PERIOD_M5_1781481600_1782086400_6195331328867226598	DE40	15	2	0	C1	C2	C2	NOT_APPLICABLE	NOT_APPLICABLE	NOT_APPLICABLE	REGION_0|NODE_CONTACT	bridge::RG3_DE40_PERIOD_M5_1781481600_1782086400_6195331328867226598::COMPRESSION::15::TERMINAL
COMPRESSION	RG3_DE40_PERIOD_M5_1781481600_1782086400_6195331328867226598	DE40	16	2	0	C1	C2	C1	NOT_APPLICABLE	NOT_APPLICABLE	NOT_APPLICABLE	REGION_0|NODE_CONTACT	bridge::RG3_DE40_PERIOD_M5_1781481600_1782086400_6195331328867226598::COMPRESSION::16::TERMINAL
COMPRESSION	RG3_DE40_PERIOD_M5_1781481600_1782086400_6195331328867226598	DE40	17	6	1	NOT_APPLICABLE	NOT_APPLICABLE	NOT_APPLICABLE	NOT_APPLICABLE	NOT_APPLICABLE	NOT_APPLICABLE	NULL_STRUCTURAL_CONTEXT	bridge::RG3_DE40_PERIOD_M5_1781481600_1782086400_6195331328867226598::COMPRESSION::17::TERMINAL
EXPANSION	RG3_DE40_PERIOD_M5_1781481600_1782086400_6195331328867226598	DE40	1	4	0	NOT_APPLICABLE	NOT_APPLICABLE	NOT_APPLICABLE	C1	C1	C2	REGION_0|NODE_CONTACT	bridge::RG3_DE40_PERIOD_M5_1781481600_1782086400_6195331328867226598::EXPANSION::1::TERMINAL
EXPANSION	RG3_DE40_PERIOD_M5_1781481600_1782086400_6195331328867226598	DE40	2	4	0	NOT_APPLICABLE	NOT_APPLICABLE	NOT_APPLICABLE	C1	C2	C1	REGION_0|NODE_CONTACT	bridge::RG3_DE40_PERIOD_M5_1781481600_1782086400_6195331328867226598::EXPANSION::2::TERMINAL
EXPANSION	RG3_DE40_PERIOD_M5_1781481600_1782086400_6195331328867226598	DE40	3	4	0	NOT_APPLICABLE	NOT_APPLICABLE	NOT_APPLICABLE	C1	C2	C2	REGION_0|NODE_CONTACT	bridge::RG3_DE40_PERIOD_M5_1781481600_1782086400_6195331328867226598::EXPANSION::3::TERMINAL
EXPANSION	RG3_DE40_PERIOD_M5_1781481600_1782086400_6195331328867226598	DE40	4	4	0	NOT_APPLICABLE	NOT_APPLICABLE	NOT_APPLICABLE	C1	C1	C2	REGION_0|NODE_CONTACT	bridge::RG3_DE40_PERIOD_M5_1781481600_1782086400_6195331328867226598::EXPANSION::4::TERMINAL
EXPANSION	RG3_DE40_PERIOD_M5_1781481600_1782086400_6195331328867226598	DE40	5	4	0	NOT_APPLICABLE	NOT_APPLICABLE	NOT_APPLICABLE	C1	C1	C2	REGION_0|NODE_CONTACT	bridge::RG3_DE40_PERIOD_M5_1781481600_1782086400_6195331328867226598::EXPANSION::5::TERMINAL
EXPANSION	RG3_DE40_PERIOD_M5_1781481600_1782086400_6195331328867226598	DE40	6	4	0	NOT_APPLICABLE	NOT_APPLICABLE	NOT_APPLICABLE	C3	C1	C3	REGION_0|NODE_CONTACT	bridge::RG3_DE40_PERIOD_M5_1781481600_1782086400_6195331328867226598::EXPANSION::6::TERMINAL
EXPANSION	RG3_DE40_PERIOD_M5_1781481600_1782086400_6195331328867226598	DE40	7	4	0	NOT_APPLICABLE	NOT_APPLICABLE	NOT_APPLICABLE	C3	C1	C1	REGION_0|NODE_CONTACT	bridge::RG3_DE40_PERIOD_M5_1781481600_1782086400_6195331328867226598::EXPANSION::7::TERMINAL
EXPANSION	RG3_DE40_PERIOD_M5_1781481600_1782086400_6195331328867226598	DE40	8	4	0	NOT_APPLICABLE	NOT_APPLICABLE	NOT_APPLICABLE	C1	C1	C2	REGION_0|NODE_CONTACT	bridge::RG3_DE40_PERIOD_M5_1781481600_1782086400_6195331328867226598::EXPANSION::8::TERMINAL
EXPANSION	RG3_DE40_PERIOD_M5_1781481600_1782086400_6195331328867226598	DE40	9	4	0	NOT_APPLICABLE	NOT_APPLICABLE	NOT_APPLICABLE	C1	C1	C2	REGION_0|NODE_CONTACT	bridge::RG3_DE40_PERIOD_M5_1781481600_1782086400_6195331328867226598::EXPANSION::9::TERMINAL
EXPANSION	RG3_DE40_PERIOD_M5_1781481600_1782086400_6195331328867226598	DE40	10	4	0	NOT_APPLICABLE	NOT_APPLICABLE	NOT_APPLICABLE	C3	C1	C2	REGION_0|NODE_CONTACT	bridge::RG3_DE40_PERIOD_M5_1781481600_1782086400_6195331328867226598::EXPANSION::10::TERMINAL
EXPANSION	RG3_DE40_PERIOD_M5_1781481600_1782086400_6195331328867226598	DE40	11	4	0	NOT_APPLICABLE	NOT_APPLICABLE	NOT_APPLICABLE	C1	C1	C2	REGION_0|NODE_CONTACT	bridge::RG3_DE40_PERIOD_M5_1781481600_1782086400_6195331328867226598::EXPANSION::11::TERMINAL
EXPANSION	RG3_DE40_PERIOD_M5_1781481600_1782086400_6195331328867226598	DE40	12	4	0	NOT_APPLICABLE	NOT_APPLICABLE	NOT_APPLICABLE	C3	C1	C2	REGION_0|NODE_CONTACT	bridge::RG3_DE40_PERIOD_M5_1781481600_1782086400_6195331328867226598::EXPANSION::12::TERMINAL
EXPANSION	RG3_DE40_PERIOD_M5_1781481600_1782086400_6195331328867226598	DE40	13	4	0	NOT_APPLICABLE	NOT_APPLICABLE	NOT_APPLICABLE	C3	C2	C3	REGION_0|NODE_CONTACT	bridge::RG3_DE40_PERIOD_M5_1781481600_1782086400_6195331328867226598::EXPANSION::13::TERMINAL
EXPANSION	RG3_DE40_PERIOD_M5_1781481600_1782086400_6195331328867226598	DE40	14	4	0	NOT_APPLICABLE	NOT_APPLICABLE	NOT_APPLICABLE	C1	C1	C2	REGION_0|NODE_CONTACT	bridge::RG3_DE40_PERIOD_M5_1781481600_1782086400_6195331328867226598::EXPANSION::14::TERMINAL
EXPANSION	RG3_DE40_PERIOD_M5_1781481600_1782086400_6195331328867226598	DE40	15	4	0	NOT_APPLICABLE	NOT_APPLICABLE	NOT_APPLICABLE	C1	C1	C2	REGION_0|NODE_CONTACT	bridge::RG3_DE40_PERIOD_M5_1781481600_1782086400_6195331328867226598::EXPANSION::15::TERMINAL
EXPANSION	RG3_DE40_PERIOD_M5_1781481600_1782086400_6195331328867226598	DE40	16	4	0	NOT_APPLICABLE	NOT_APPLICABLE	NOT_APPLICABLE	C3	C2	C3	REGION_0|NODE_CONTACT	bridge::RG3_DE40_PERIOD_M5_1781481600_1782086400_6195331328867226598::EXPANSION::16::TERMINAL
COMPRESSION	RG3_DE40_PERIOD_M5_1783900800_1784505600_9564959796063117251	DE40	1	1	0	C1	C1	C2	NOT_APPLICABLE	NOT_APPLICABLE	NOT_APPLICABLE	REGION_-1|NODE_CONTACT	bridge::RG3_DE40_PERIOD_M5_1783900800_1784505600_9564959796063117251::COMPRESSION::1::TERMINAL
COMPRESSION	RG3_DE40_PERIOD_M5_1783900800_1784505600_9564959796063117251	DE40	2	2	0	C1	C2	C1	NOT_APPLICABLE	NOT_APPLICABLE	NOT_APPLICABLE	REGION_-1|NODE_CONTACT	bridge::RG3_DE40_PERIOD_M5_1783900800_1784505600_9564959796063117251::COMPRESSION::2::TERMINAL
COMPRESSION	RG3_DE40_PERIOD_M5_1783900800_1784505600_9564959796063117251	DE40	3	2	0	C1	C2	C1	NOT_APPLICABLE	NOT_APPLICABLE	NOT_APPLICABLE	REGION_-1|NODE_CONTACT	bridge::RG3_DE40_PERIOD_M5_1783900800_1784505600_9564959796063117251::COMPRESSION::3::TERMINAL
COMPRESSION	RG3_DE40_PERIOD_M5_1783900800_1784505600_9564959796063117251	DE40	4	1	0	C1	C1	C1	NOT_APPLICABLE	NOT_APPLICABLE	NOT_APPLICABLE	REGION_0|NODE_CONTACT	bridge::RG3_DE40_PERIOD_M5_1783900800_1784505600_9564959796063117251::COMPRESSION::4::TERMINAL
COMPRESSION	RG3_DE40_PERIOD_M5_1783900800_1784505600_9564959796063117251	DE40	5	2	0	C1	C1	C1	NOT_APPLICABLE	NOT_APPLICABLE	NOT_APPLICABLE	REGION_0|NODE_CONTACT	bridge::RG3_DE40_PERIOD_M5_1783900800_1784505600_9564959796063117251::COMPRESSION::5::TERMINAL
COMPRESSION	RG3_DE40_PERIOD_M5_1783900800_1784505600_9564959796063117251	DE40	6	2	0	C1	C2	C1	NOT_APPLICABLE	NOT_APPLICABLE	NOT_APPLICABLE	REGION_-1|NODE_CONTACT	bridge::RG3_DE40_PERIOD_M5_1783900800_1784505600_9564959796063117251::COMPRESSION::6::TERMINAL
COMPRESSION	RG3_DE40_PERIOD_M5_1783900800_1784505600_9564959796063117251	DE40	7	2	0	C1	C2	C1	NOT_APPLICABLE	NOT_APPLICABLE	NOT_APPLICABLE	REGION_-1|NODE_CONTACT	bridge::RG3_DE40_PERIOD_M5_1783900800_1784505600_9564959796063117251::COMPRESSION::7::TERMINAL
COMPRESSION	RG3_DE40_PERIOD_M5_1783900800_1784505600_9564959796063117251	DE40	8	1	0	C1	C1	C2	NOT_APPLICABLE	NOT_APPLICABLE	NOT_APPLICABLE	REGION_-1|NODE_CONTACT	bridge::RG3_DE40_PERIOD_M5_1783900800_1784505600_9564959796063117251::COMPRESSION::8::TERMINAL
EXPANSION	RG3_DE40_PERIOD_M5_1783900800_1784505600_9564959796063117251	DE40	1	4	0	NOT_APPLICABLE	NOT_APPLICABLE	NOT_APPLICABLE	C3	C1	C2	REGION_-1|NODE_CONTACT	bridge::RG3_DE40_PERIOD_M5_1783900800_1784505600_9564959796063117251::EXPANSION::1::TERMINAL
EXPANSION	RG3_DE40_PERIOD_M5_1783900800_1784505600_9564959796063117251	DE40	2	4	0	NOT_APPLICABLE	NOT_APPLICABLE	NOT_APPLICABLE	C3	C1	C2	REGION_-1|NODE_CONTACT	bridge::RG3_DE40_PERIOD_M5_1783900800_1784505600_9564959796063117251::EXPANSION::2::TERMINAL
EXPANSION	RG3_DE40_PERIOD_M5_1783900800_1784505600_9564959796063117251	DE40	3	4	0	NOT_APPLICABLE	NOT_APPLICABLE	NOT_APPLICABLE	C1	C1	C2	REGION_0|NODE_CONTACT	bridge::RG3_DE40_PERIOD_M5_1783900800_1784505600_9564959796063117251::EXPANSION::3::TERMINAL
EXPANSION	RG3_DE40_PERIOD_M5_1783900800_1784505600_9564959796063117251	DE40	4	4	0	NOT_APPLICABLE	NOT_APPLICABLE	NOT_APPLICABLE	C1	C1	C2	REGION_0|NODE_CONTACT	bridge::RG3_DE40_PERIOD_M5_1783900800_1784505600_9564959796063117251::EXPANSION::4::TERMINAL
EXPANSION	RG3_DE40_PERIOD_M5_1783900800_1784505600_9564959796063117251	DE40	5	4	0	NOT_APPLICABLE	NOT_APPLICABLE	NOT_APPLICABLE	C3	C1	C2	REGION_0|NODE_CONTACT	bridge::RG3_DE40_PERIOD_M5_1783900800_1784505600_9564959796063117251::EXPANSION::5::TERMINAL
EXPANSION	RG3_DE40_PERIOD_M5_1783900800_1784505600_9564959796063117251	DE40	6	4	0	NOT_APPLICABLE	NOT_APPLICABLE	NOT_APPLICABLE	C3	C1	C1	REGION_-1|NODE_CONTACT	bridge::RG3_DE40_PERIOD_M5_1783900800_1784505600_9564959796063117251::EXPANSION::6::TERMINAL
EXPANSION	RG3_DE40_PERIOD_M5_1783900800_1784505600_9564959796063117251	DE40	7	4	0	NOT_APPLICABLE	NOT_APPLICABLE	NOT_APPLICABLE	C3	C1	C1	REGION_-1|NODE_CONTACT	bridge::RG3_DE40_PERIOD_M5_1783900800_1784505600_9564959796063117251::EXPANSION::7::TERMINAL
EXPANSION	RG3_DE40_PERIOD_M5_1783900800_1784505600_9564959796063117251	DE40	8	6	1	NOT_APPLICABLE	NOT_APPLICABLE	NOT_APPLICABLE	NOT_APPLICABLE	NOT_APPLICABLE	NOT_APPLICABLE	NULL_STRUCTURAL_CONTEXT	bridge::RG3_DE40_PERIOD_M5_1783900800_1784505600_9564959796063117251::EXPANSION::8::TERMINAL
COMPRESSION	RG3_DE40_PERIOD_M5_1785715200_1786060800_2606365987753202252	DE40	1	1	0	C2	C1	C1	NOT_APPLICABLE	NOT_APPLICABLE	NOT_APPLICABLE	REGION_1|NODE_CONTACT	bridge::RG3_DE40_PERIOD_M5_1785715200_1786060800_2606365987753202252::COMPRESSION::1::TERMINAL
COMPRESSION	RG3_DE40_PERIOD_M5_1785715200_1786060800_2606365987753202252	DE40	2	1	0	C2	C2	C1	NOT_APPLICABLE	NOT_APPLICABLE	NOT_APPLICABLE	REGION_1|NODE_CONTACT	bridge::RG3_DE40_PERIOD_M5_1785715200_1786060800_2606365987753202252::COMPRESSION::2::TERMINAL
COMPRESSION	RG3_DE40_PERIOD_M5_1785715200_1786060800_2606365987753202252	DE40	3	2	0	C1	C2	C2	NOT_APPLICABLE	NOT_APPLICABLE	NOT_APPLICABLE	REGION_1|NODE_CONTACT	bridge::RG3_DE40_PERIOD_M5_1785715200_1786060800_2606365987753202252::COMPRESSION::3::TERMINAL
COMPRESSION	RG3_DE40_PERIOD_M5_1785715200_1786060800_2606365987753202252	DE40	4	1	0	C1	C1	C1	NOT_APPLICABLE	NOT_APPLICABLE	NOT_APPLICABLE	REGION_1|OPEN_CORRIDOR	bridge::RG3_DE40_PERIOD_M5_1785715200_1786060800_2606365987753202252::COMPRESSION::4::TERMINAL
COMPRESSION	RG3_DE40_PERIOD_M5_1785715200_1786060800_2606365987753202252	DE40	5	1	0	C2	C1	C1	NOT_APPLICABLE	NOT_APPLICABLE	NOT_APPLICABLE	REGION_1|OPEN_CORRIDOR	bridge::RG3_DE40_PERIOD_M5_1785715200_1786060800_2606365987753202252::COMPRESSION::5::TERMINAL
COMPRESSION	RG3_DE40_PERIOD_M5_1785715200_1786060800_2606365987753202252	DE40	6	1	0	C1	C1	C1	NOT_APPLICABLE	NOT_APPLICABLE	NOT_APPLICABLE	REGION_2|OPEN_CORRIDOR	bridge::RG3_DE40_PERIOD_M5_1785715200_1786060800_2606365987753202252::COMPRESSION::6::TERMINAL
COMPRESSION	RG3_DE40_PERIOD_M5_1785715200_1786060800_2606365987753202252	DE40	7	2	0	C1	C2	C1	NOT_APPLICABLE	NOT_APPLICABLE	NOT_APPLICABLE	REGION_1|OPEN_CORRIDOR	bridge::RG3_DE40_PERIOD_M5_1785715200_1786060800_2606365987753202252::COMPRESSION::7::TERMINAL
COMPRESSION	RG3_DE40_PERIOD_M5_1785715200_1786060800_2606365987753202252	DE40	8	2	0	C1	C2	C1	NOT_APPLICABLE	NOT_APPLICABLE	NOT_APPLICABLE	REGION_2|OPEN_CORRIDOR	bridge::RG3_DE40_PERIOD_M5_1785715200_1786060800_2606365987753202252::COMPRESSION::8::TERMINAL
COMPRESSION	RG3_DE40_PERIOD_M5_1785715200_1786060800_2606365987753202252	DE40	9	1	0	C2	C1	C1	NOT_APPLICABLE	NOT_APPLICABLE	NOT_APPLICABLE	REGION_1|NODE_CONTACT	bridge::RG3_DE40_PERIOD_M5_1785715200_1786060800_2606365987753202252::COMPRESSION::9::TERMINAL
COMPRESSION	RG3_DE40_PERIOD_M5_1785715200_1786060800_2606365987753202252	DE40	10	2	0	C1	C2	C1	NOT_APPLICABLE	NOT_APPLICABLE	NOT_APPLICABLE	REGION_1|OPEN_CORRIDOR	bridge::RG3_DE40_PERIOD_M5_1785715200_1786060800_2606365987753202252::COMPRESSION::10::TERMINAL
COMPRESSION	RG3_DE40_PERIOD_M5_1785715200_1786060800_2606365987753202252	DE40	11	2	0	C1	C2	C1	NOT_APPLICABLE	NOT_APPLICABLE	NOT_APPLICABLE	REGION_1|OPEN_CORRIDOR	bridge::RG3_DE40_PERIOD_M5_1785715200_1786060800_2606365987753202252::COMPRESSION::11::TERMINAL
COMPRESSION	RG3_DE40_PERIOD_M5_1785715200_1786060800_2606365987753202252	DE40	12	6	1	NOT_APPLICABLE	NOT_APPLICABLE	NOT_APPLICABLE	NOT_APPLICABLE	NOT_APPLICABLE	NOT_APPLICABLE	NULL_STRUCTURAL_CONTEXT	bridge::RG3_DE40_PERIOD_M5_1785715200_1786060800_2606365987753202252::COMPRESSION::12::TERMINAL
EXPANSION	RG3_DE40_PERIOD_M5_1785715200_1786060800_2606365987753202252	DE40	1	4	0	NOT_APPLICABLE	NOT_APPLICABLE	NOT_APPLICABLE	C1	C1	C2	REGION_1|NODE_CONTACT	bridge::RG3_DE40_PERIOD_M5_1785715200_1786060800_2606365987753202252::EXPANSION::1::TERMINAL
EXPANSION	RG3_DE40_PERIOD_M5_1785715200_1786060800_2606365987753202252	DE40	2	4	0	NOT_APPLICABLE	NOT_APPLICABLE	NOT_APPLICABLE	C1	C1	C2	REGION_1|NODE_CONTACT	bridge::RG3_DE40_PERIOD_M5_1785715200_1786060800_2606365987753202252::EXPANSION::2::TERMINAL
EXPANSION	RG3_DE40_PERIOD_M5_1785715200_1786060800_2606365987753202252	DE40	3	4	0	NOT_APPLICABLE	NOT_APPLICABLE	NOT_APPLICABLE	C1	C2	C2	REGION_1|NODE_CONTACT	bridge::RG3_DE40_PERIOD_M5_1785715200_1786060800_2606365987753202252::EXPANSION::3::TERMINAL
EXPANSION	RG3_DE40_PERIOD_M5_1785715200_1786060800_2606365987753202252	DE40	4	4	0	NOT_APPLICABLE	NOT_APPLICABLE	NOT_APPLICABLE	C1	C1	C2	REGION_1|OPEN_CORRIDOR	bridge::RG3_DE40_PERIOD_M5_1785715200_1786060800_2606365987753202252::EXPANSION::4::TERMINAL
EXPANSION	RG3_DE40_PERIOD_M5_1785715200_1786060800_2606365987753202252	DE40	5	4	0	NOT_APPLICABLE	NOT_APPLICABLE	NOT_APPLICABLE	C3	C1	C2	REGION_2|NODE_CONTACT	bridge::RG3_DE40_PERIOD_M5_1785715200_1786060800_2606365987753202252::EXPANSION::5::TERMINAL
EXPANSION	RG3_DE40_PERIOD_M5_1785715200_1786060800_2606365987753202252	DE40	6	4	0	NOT_APPLICABLE	NOT_APPLICABLE	NOT_APPLICABLE	C1	C1	C2	REGION_2|OPEN_CORRIDOR	bridge::RG3_DE40_PERIOD_M5_1785715200_1786060800_2606365987753202252::EXPANSION::6::TERMINAL
EXPANSION	RG3_DE40_PERIOD_M5_1785715200_1786060800_2606365987753202252	DE40	7	4	0	NOT_APPLICABLE	NOT_APPLICABLE	NOT_APPLICABLE	C1	C2	C2	REGION_2|OPEN_CORRIDOR	bridge::RG3_DE40_PERIOD_M5_1785715200_1786060800_2606365987753202252::EXPANSION::7::TERMINAL
EXPANSION	RG3_DE40_PERIOD_M5_1785715200_1786060800_2606365987753202252	DE40	8	4	0	NOT_APPLICABLE	NOT_APPLICABLE	NOT_APPLICABLE	C3	C1	C1	REGION_1|OPEN_CORRIDOR	bridge::RG3_DE40_PERIOD_M5_1785715200_1786060800_2606365987753202252::EXPANSION::8::TERMINAL
EXPANSION	RG3_DE40_PERIOD_M5_1785715200_1786060800_2606365987753202252	DE40	9	4	0	NOT_APPLICABLE	NOT_APPLICABLE	NOT_APPLICABLE	NULL_FAMILY	C2	C1	REGION_1|OPEN_CORRIDOR	bridge::RG3_DE40_PERIOD_M5_1785715200_1786060800_2606365987753202252::EXPANSION::9::TERMINAL
EXPANSION	RG3_DE40_PERIOD_M5_1785715200_1786060800_2606365987753202252	DE40	10	4	0	NOT_APPLICABLE	NOT_APPLICABLE	NOT_APPLICABLE	C1	C1	C2	REGION_1|NODE_CONTACT	bridge::RG3_DE40_PERIOD_M5_1785715200_1786060800_2606365987753202252::EXPANSION::10::TERMINAL
EXPANSION	RG3_DE40_PERIOD_M5_1785715200_1786060800_2606365987753202252	DE40	11	4	0	NOT_APPLICABLE	NOT_APPLICABLE	NOT_APPLICABLE	C1	C1	C2	REGION_1|OPEN_CORRIDOR	bridge::RG3_DE40_PERIOD_M5_1785715200_1786060800_2606365987753202252::EXPANSION::11::TERMINAL
COMPRESSION	RG3_FRA40_PERIOD_M5_1768176000_1768780800_7648442211186610174	FRA40	1	2	0	C1	C2	C1	NOT_APPLICABLE	NOT_APPLICABLE	NOT_APPLICABLE	REGION_1|NODE_CONTACT	bridge::RG3_FRA40_PERIOD_M5_1768176000_1768780800_7648442211186610174::COMPRESSION::1::TERMINAL
COMPRESSION	RG3_FRA40_PERIOD_M5_1768176000_1768780800_7648442211186610174	FRA40	2	1	0	C1	C1	C1	NOT_APPLICABLE	NOT_APPLICABLE	NOT_APPLICABLE	REGION_1|OPEN_CORRIDOR	bridge::RG3_FRA40_PERIOD_M5_1768176000_1768780800_7648442211186610174::COMPRESSION::2::TERMINAL
COMPRESSION	RG3_FRA40_PERIOD_M5_1768176000_1768780800_7648442211186610174	FRA40	3	1	0	C1	C1	C1	NOT_APPLICABLE	NOT_APPLICABLE	NOT_APPLICABLE	REGION_1|OPEN_CORRIDOR	bridge::RG3_FRA40_PERIOD_M5_1768176000_1768780800_7648442211186610174::COMPRESSION::3::TERMINAL
COMPRESSION	RG3_FRA40_PERIOD_M5_1768176000_1768780800_7648442211186610174	FRA40	4	2	0	C1	C2	C1	NOT_APPLICABLE	NOT_APPLICABLE	NOT_APPLICABLE	REGION_0|NODE_CONTACT	bridge::RG3_FRA40_PERIOD_M5_1768176000_1768780800_7648442211186610174::COMPRESSION::4::TERMINAL
COMPRESSION	RG3_FRA40_PERIOD_M5_1768176000_1768780800_7648442211186610174	FRA40	5	1	0	C1	C1	C1	NOT_APPLICABLE	NOT_APPLICABLE	NOT_APPLICABLE	REGION_1|NODE_CONTACT	bridge::RG3_FRA40_PERIOD_M5_1768176000_1768780800_7648442211186610174::COMPRESSION::5::TERMINAL
COMPRESSION	RG3_FRA40_PERIOD_M5_1768176000_1768780800_7648442211186610174	FRA40	6	2	0	C1	C2	C1	NOT_APPLICABLE	NOT_APPLICABLE	NOT_APPLICABLE	REGION_1|NODE_CONTACT	bridge::RG3_FRA40_PERIOD_M5_1768176000_1768780800_7648442211186610174::COMPRESSION::6::TERMINAL
COMPRESSION	RG3_FRA40_PERIOD_M5_1768176000_1768780800_7648442211186610174	FRA40	7	1	0	C1	C1	C2	NOT_APPLICABLE	NOT_APPLICABLE	NOT_APPLICABLE	REGION_0|NODE_CONTACT	bridge::RG3_FRA40_PERIOD_M5_1768176000_1768780800_7648442211186610174::COMPRESSION::7::TERMINAL
COMPRESSION	RG3_FRA40_PERIOD_M5_1768176000_1768780800_7648442211186610174	FRA40	8	2	0	C1	C2	C2	NOT_APPLICABLE	NOT_APPLICABLE	NOT_APPLICABLE	REGION_0|NODE_CONTACT	bridge::RG3_FRA40_PERIOD_M5_1768176000_1768780800_7648442211186610174::COMPRESSION::8::TERMINAL
COMPRESSION	RG3_FRA40_PERIOD_M5_1768176000_1768780800_7648442211186610174	FRA40	9	1	0	C1	C1	C1	NOT_APPLICABLE	NOT_APPLICABLE	NOT_APPLICABLE	REGION_0|NODE_CONTACT	bridge::RG3_FRA40_PERIOD_M5_1768176000_1768780800_7648442211186610174::COMPRESSION::9::TERMINAL
COMPRESSION	RG3_FRA40_PERIOD_M5_1768176000_1768780800_7648442211186610174	FRA40	10	2	0	C2	C1	C1	NOT_APPLICABLE	NOT_APPLICABLE	NOT_APPLICABLE	REGION_0|NODE_CONTACT	bridge::RG3_FRA40_PERIOD_M5_1768176000_1768780800_7648442211186610174::COMPRESSION::10::TERMINAL
COMPRESSION	RG3_FRA40_PERIOD_M5_1768176000_1768780800_7648442211186610174	FRA40	11	1	0	C1	C1	C1	NOT_APPLICABLE	NOT_APPLICABLE	NOT_APPLICABLE	REGION_0|OPEN_CORRIDOR	bridge::RG3_FRA40_PERIOD_M5_1768176000_1768780800_7648442211186610174::COMPRESSION::11::TERMINAL
COMPRESSION	RG3_FRA40_PERIOD_M5_1768176000_1768780800_7648442211186610174	FRA40	12	6	1	NOT_APPLICABLE	NOT_APPLICABLE	NOT_APPLICABLE	NOT_APPLICABLE	NOT_APPLICABLE	NOT_APPLICABLE	NULL_STRUCTURAL_CONTEXT	bridge::RG3_FRA40_PERIOD_M5_1768176000_1768780800_7648442211186610174::COMPRESSION::12::TERMINAL
EXPANSION	RG3_FRA40_PERIOD_M5_1768176000_1768780800_7648442211186610174	FRA40	1	4	0	NOT_APPLICABLE	NOT_APPLICABLE	NOT_APPLICABLE	C3	C1	C2	REGION_1|NODE_CONTACT	bridge::RG3_FRA40_PERIOD_M5_1768176000_1768780800_7648442211186610174::EXPANSION::1::TERMINAL
EXPANSION	RG3_FRA40_PERIOD_M5_1768176000_1768780800_7648442211186610174	FRA40	2	4	0	NOT_APPLICABLE	NOT_APPLICABLE	NOT_APPLICABLE	C1	C1	C2	REGION_1|OPEN_CORRIDOR	bridge::RG3_FRA40_PERIOD_M5_1768176000_1768780800_7648442211186610174::EXPANSION::2::TERMINAL
EXPANSION	RG3_FRA40_PERIOD_M5_1768176000_1768780800_7648442211186610174	FRA40	3	4	0	NOT_APPLICABLE	NOT_APPLICABLE	NOT_APPLICABLE	C3	C2	C1	REGION_0|NODE_CONTACT	bridge::RG3_FRA40_PERIOD_M5_1768176000_1768780800_7648442211186610174::EXPANSION::3::TERMINAL
EXPANSION	RG3_FRA40_PERIOD_M5_1768176000_1768780800_7648442211186610174	FRA40	4	4	0	NOT_APPLICABLE	NOT_APPLICABLE	NOT_APPLICABLE	C1	C1	C2	REGION_1|NODE_CONTACT	bridge::RG3_FRA40_PERIOD_M5_1768176000_1768780800_7648442211186610174::EXPANSION::4::TERMINAL
EXPANSION	RG3_FRA40_PERIOD_M5_1768176000_1768780800_7648442211186610174	FRA40	5	4	0	NOT_APPLICABLE	NOT_APPLICABLE	NOT_APPLICABLE	C1	C1	C2	REGION_1|OPEN_CORRIDOR	bridge::RG3_FRA40_PERIOD_M5_1768176000_1768780800_7648442211186610174::EXPANSION::5::TERMINAL
EXPANSION	RG3_FRA40_PERIOD_M5_1768176000_1768780800_7648442211186610174	FRA40	6	4	0	NOT_APPLICABLE	NOT_APPLICABLE	NOT_APPLICABLE	C3	C1	C2	REGION_0|NODE_CONTACT	bridge::RG3_FRA40_PERIOD_M5_1768176000_1768780800_7648442211186610174::EXPANSION::6::TERMINAL
EXPANSION	RG3_FRA40_PERIOD_M5_1768176000_1768780800_7648442211186610174	FRA40	7	4	0	NOT_APPLICABLE	NOT_APPLICABLE	NOT_APPLICABLE	C3	C1	C2	REGION_0|NODE_CONTACT	bridge::RG3_FRA40_PERIOD_M5_1768176000_1768780800_7648442211186610174::EXPANSION::7::TERMINAL
EXPANSION	RG3_FRA40_PERIOD_M5_1768176000_1768780800_7648442211186610174	FRA40	8	4	0	NOT_APPLICABLE	NOT_APPLICABLE	NOT_APPLICABLE	C1	C1	C2	REGION_0|NODE_CONTACT	bridge::RG3_FRA40_PERIOD_M5_1768176000_1768780800_7648442211186610174::EXPANSION::8::TERMINAL
EXPANSION	RG3_FRA40_PERIOD_M5_1768176000_1768780800_7648442211186610174	FRA40	9	4	0	NOT_APPLICABLE	NOT_APPLICABLE	NOT_APPLICABLE	C1	C1	C2	REGION_0|NODE_CONTACT	bridge::RG3_FRA40_PERIOD_M5_1768176000_1768780800_7648442211186610174::EXPANSION::9::TERMINAL
EXPANSION	RG3_FRA40_PERIOD_M5_1768176000_1768780800_7648442211186610174	FRA40	10	4	0	NOT_APPLICABLE	NOT_APPLICABLE	NOT_APPLICABLE	C3	C1	C1	REGION_0|OPEN_CORRIDOR	bridge::RG3_FRA40_PERIOD_M5_1768176000_1768780800_7648442211186610174::EXPANSION::10::TERMINAL
EXPANSION	RG3_FRA40_PERIOD_M5_1768176000_1768780800_7648442211186610174	FRA40	11	4	0	NOT_APPLICABLE	NOT_APPLICABLE	NOT_APPLICABLE	C1	C1	C2	REGION_0|OPEN_CORRIDOR	bridge::RG3_FRA40_PERIOD_M5_1768176000_1768780800_7648442211186610174::EXPANSION::11::TERMINAL
COMPRESSION	RG3_FRA40_PERIOD_M5_1771200000_1771804800_1968818525264721670	FRA40	1	1	0	C2	C1	C1	NOT_APPLICABLE	NOT_APPLICABLE	NOT_APPLICABLE	REGION_1|NODE_CONTACT	bridge::RG3_FRA40_PERIOD_M5_1771200000_1771804800_1968818525264721670::COMPRESSION::1::TERMINAL
COMPRESSION	RG3_FRA40_PERIOD_M5_1771200000_1771804800_1968818525264721670	FRA40	2	1	0	C1	C1	C1	NOT_APPLICABLE	NOT_APPLICABLE	NOT_APPLICABLE	REGION_1|NODE_CONTACT	bridge::RG3_FRA40_PERIOD_M5_1771200000_1771804800_1968818525264721670::COMPRESSION::2::TERMINAL
COMPRESSION	RG3_FRA40_PERIOD_M5_1771200000_1771804800_1968818525264721670	FRA40	3	2	0	C2	C2	C1	NOT_APPLICABLE	NOT_APPLICABLE	NOT_APPLICABLE	REGION_1|NODE_CONTACT	bridge::RG3_FRA40_PERIOD_M5_1771200000_1771804800_1968818525264721670::COMPRESSION::3::TERMINAL
COMPRESSION	RG3_FRA40_PERIOD_M5_1771200000_1771804800_1968818525264721670	FRA40	4	1	0	C2	C2	C2	NOT_APPLICABLE	NOT_APPLICABLE	NOT_APPLICABLE	REGION_1|NODE_CONTACT	bridge::RG3_FRA40_PERIOD_M5_1771200000_1771804800_1968818525264721670::COMPRESSION::4::TERMINAL
COMPRESSION	RG3_FRA40_PERIOD_M5_1771200000_1771804800_1968818525264721670	FRA40	5	2	0	C1	C2	C1	NOT_APPLICABLE	NOT_APPLICABLE	NOT_APPLICABLE	REGION_2|NODE_CONTACT	bridge::RG3_FRA40_PERIOD_M5_1771200000_1771804800_1968818525264721670::COMPRESSION::5::TERMINAL
COMPRESSION	RG3_FRA40_PERIOD_M5_1771200000_1771804800_1968818525264721670	FRA40	6	1	0	C2	C1	C1	NOT_APPLICABLE	NOT_APPLICABLE	NOT_APPLICABLE	REGION_2|NODE_CONTACT	bridge::RG3_FRA40_PERIOD_M5_1771200000_1771804800_1968818525264721670::COMPRESSION::6::TERMINAL
COMPRESSION	RG3_FRA40_PERIOD_M5_1771200000_1771804800_1968818525264721670	FRA40	7	2	0	C1	C2	C1	NOT_APPLICABLE	NOT_APPLICABLE	NOT_APPLICABLE	REGION_2|NODE_CONTACT	bridge::RG3_FRA40_PERIOD_M5_1771200000_1771804800_1968818525264721670::COMPRESSION::7::TERMINAL
COMPRESSION	RG3_FRA40_PERIOD_M5_1771200000_1771804800_1968818525264721670	FRA40	8	2	0	C1	C2	C2	NOT_APPLICABLE	NOT_APPLICABLE	NOT_APPLICABLE	REGION_2|OPEN_CORRIDOR	bridge::RG3_FRA40_PERIOD_M5_1771200000_1771804800_1968818525264721670::COMPRESSION::8::TERMINAL
COMPRESSION	RG3_FRA40_PERIOD_M5_1771200000_1771804800_1968818525264721670	FRA40	9	1	0	C1	C1	C1	NOT_APPLICABLE	NOT_APPLICABLE	NOT_APPLICABLE	REGION_2|OPEN_CORRIDOR	bridge::RG3_FRA40_PERIOD_M5_1771200000_1771804800_1968818525264721670::COMPRESSION::9::TERMINAL
COMPRESSION	RG3_FRA40_PERIOD_M5_1771200000_1771804800_1968818525264721670	FRA40	10	1	0	C2	C1	C1	NOT_APPLICABLE	NOT_APPLICABLE	NOT_APPLICABLE	REGION_1|NODE_CONTACT	bridge::RG3_FRA40_PERIOD_M5_1771200000_1771804800_1968818525264721670::COMPRESSION::10::TERMINAL
COMPRESSION	RG3_FRA40_PERIOD_M5_1771200000_1771804800_1968818525264721670	FRA40	11	1	0	C1	C1	C1	NOT_APPLICABLE	NOT_APPLICABLE	NOT_APPLICABLE	REGION_1|OPEN_CORRIDOR	bridge::RG3_FRA40_PERIOD_M5_1771200000_1771804800_1968818525264721670::COMPRESSION::11::TERMINAL
COMPRESSION	RG3_FRA40_PERIOD_M5_1771200000_1771804800_1968818525264721670	FRA40	12	1	0	C2	C1	C2	NOT_APPLICABLE	NOT_APPLICABLE	NOT_APPLICABLE	REGION_2|NODE_CONTACT	bridge::RG3_FRA40_PERIOD_M5_1771200000_1771804800_1968818525264721670::COMPRESSION::12::TERMINAL
COMPRESSION	RG3_FRA40_PERIOD_M5_1771200000_1771804800_1968818525264721670	FRA40	13	6	1	NOT_APPLICABLE	NOT_APPLICABLE	NOT_APPLICABLE	NOT_APPLICABLE	NOT_APPLICABLE	NOT_APPLICABLE	NULL_STRUCTURAL_CONTEXT	bridge::RG3_FRA40_PERIOD_M5_1771200000_1771804800_1968818525264721670::COMPRESSION::13::TERMINAL
EXPANSION	RG3_FRA40_PERIOD_M5_1771200000_1771804800_1968818525264721670	FRA40	1	4	0	NOT_APPLICABLE	NOT_APPLICABLE	NOT_APPLICABLE	C3	C1	C2	REGION_1|NODE_CONTACT	bridge::RG3_FRA40_PERIOD_M5_1771200000_1771804800_1968818525264721670::EXPANSION::1::TERMINAL
EXPANSION	RG3_FRA40_PERIOD_M5_1771200000_1771804800_1968818525264721670	FRA40	2	4	0	NOT_APPLICABLE	NOT_APPLICABLE	NOT_APPLICABLE	C1	C2	C1	REGION_1|NODE_CONTACT	bridge::RG3_FRA40_PERIOD_M5_1771200000_1771804800_1968818525264721670::EXPANSION::2::TERMINAL
EXPANSION	RG3_FRA40_PERIOD_M5_1771200000_1771804800_1968818525264721670	FRA40	3	4	0	NOT_APPLICABLE	NOT_APPLICABLE	NOT_APPLICABLE	C1	C1	C2	REGION_1|NODE_CONTACT	bridge::RG3_FRA40_PERIOD_M5_1771200000_1771804800_1968818525264721670::EXPANSION::3::TERMINAL
EXPANSION	RG3_FRA40_PERIOD_M5_1771200000_1771804800_1968818525264721670	FRA40	4	4	0	NOT_APPLICABLE	NOT_APPLICABLE	NOT_APPLICABLE	C3	C1	C2	REGION_1|NODE_CONTACT	bridge::RG3_FRA40_PERIOD_M5_1771200000_1771804800_1968818525264721670::EXPANSION::4::TERMINAL
EXPANSION	RG3_FRA40_PERIOD_M5_1771200000_1771804800_1968818525264721670	FRA40	5	4	0	NOT_APPLICABLE	NOT_APPLICABLE	NOT_APPLICABLE	C1	C1	C2	REGION_1|NODE_CONTACT	bridge::RG3_FRA40_PERIOD_M5_1771200000_1771804800_1968818525264721670::EXPANSION::5::TERMINAL
EXPANSION	RG3_FRA40_PERIOD_M5_1771200000_1771804800_1968818525264721670	FRA40	6	4	0	NOT_APPLICABLE	NOT_APPLICABLE	NOT_APPLICABLE	C1	C1	C2	REGION_2|NODE_CONTACT	bridge::RG3_FRA40_PERIOD_M5_1771200000_1771804800_1968818525264721670::EXPANSION::6::TERMINAL
EXPANSION	RG3_FRA40_PERIOD_M5_1771200000_1771804800_1968818525264721670	FRA40	7	4	0	NOT_APPLICABLE	NOT_APPLICABLE	NOT_APPLICABLE	C3	C2	C3	REGION_2|OPEN_CORRIDOR	bridge::RG3_FRA40_PERIOD_M5_1771200000_1771804800_1968818525264721670::EXPANSION::7::TERMINAL
EXPANSION	RG3_FRA40_PERIOD_M5_1771200000_1771804800_1968818525264721670	FRA40	8	4	0	NOT_APPLICABLE	NOT_APPLICABLE	NOT_APPLICABLE	C1	C1	C2	REGION_1|OPEN_CORRIDOR	bridge::RG3_FRA40_PERIOD_M5_1771200000_1771804800_1968818525264721670::EXPANSION::8::TERMINAL
EXPANSION	RG3_FRA40_PERIOD_M5_1771200000_1771804800_1968818525264721670	FRA40	9	4	0	NOT_APPLICABLE	NOT_APPLICABLE	NOT_APPLICABLE	C3	C2	C1	REGION_1|OPEN_CORRIDOR	bridge::RG3_FRA40_PERIOD_M5_1771200000_1771804800_1968818525264721670::EXPANSION::9::TERMINAL
EXPANSION	RG3_FRA40_PERIOD_M5_1771200000_1771804800_1968818525264721670	FRA40	10	4	0	NOT_APPLICABLE	NOT_APPLICABLE	NOT_APPLICABLE	C1	C1	C2	REGION_1|OPEN_CORRIDOR	bridge::RG3_FRA40_PERIOD_M5_1771200000_1771804800_1968818525264721670::EXPANSION::10::TERMINAL
EXPANSION	RG3_FRA40_PERIOD_M5_1771200000_1771804800_1968818525264721670	FRA40	11	4	0	NOT_APPLICABLE	NOT_APPLICABLE	NOT_APPLICABLE	C1	C1	C2	REGION_1|NODE_CONTACT	bridge::RG3_FRA40_PERIOD_M5_1771200000_1771804800_1968818525264721670::EXPANSION::11::TERMINAL
EXPANSION	RG3_FRA40_PERIOD_M5_1771200000_1771804800_1968818525264721670	FRA40	12	4	0	NOT_APPLICABLE	NOT_APPLICABLE	NOT_APPLICABLE	C3	C1	C3	REGION_2|OPEN_CORRIDOR	bridge::RG3_FRA40_PERIOD_M5_1771200000_1771804800_1968818525264721670::EXPANSION::12::TERMINAL
COMPRESSION	RG3_FRA40_PERIOD_M5_1774224000_1774828800_14575658576911331190	FRA40	1	2	0	C1	C2	C1	NOT_APPLICABLE	NOT_APPLICABLE	NOT_APPLICABLE	REGION_-2|OPEN_CORRIDOR	bridge::RG3_FRA40_PERIOD_M5_1774224000_1774828800_14575658576911331190::COMPRESSION::1::TERMINAL
COMPRESSION	RG3_FRA40_PERIOD_M5_1774224000_1774828800_14575658576911331190	FRA40	2	2	0	C1	C2	C2	NOT_APPLICABLE	NOT_APPLICABLE	NOT_APPLICABLE	REGION_-1|NODE_CONTACT	bridge::RG3_FRA40_PERIOD_M5_1774224000_1774828800_14575658576911331190::COMPRESSION::2::TERMINAL
COMPRESSION	RG3_FRA40_PERIOD_M5_1774224000_1774828800_14575658576911331190	FRA40	3	1	0	C2	C1	C1	NOT_APPLICABLE	NOT_APPLICABLE	NOT_APPLICABLE	REGION_-1|NODE_CONTACT	bridge::RG3_FRA40_PERIOD_M5_1774224000_1774828800_14575658576911331190::COMPRESSION::3::TERMINAL
COMPRESSION	RG3_FRA40_PERIOD_M5_1774224000_1774828800_14575658576911331190	FRA40	4	1	0	C1	C1	C1	NOT_APPLICABLE	NOT_APPLICABLE	NOT_APPLICABLE	REGION_-1|NODE_CONTACT	bridge::RG3_FRA40_PERIOD_M5_1774224000_1774828800_14575658576911331190::COMPRESSION::4::TERMINAL
COMPRESSION	RG3_FRA40_PERIOD_M5_1774224000_1774828800_14575658576911331190	FRA40	5	1	0	C1	C1	C1	NOT_APPLICABLE	NOT_APPLICABLE	NOT_APPLICABLE	REGION_-1|NODE_CONTACT	bridge::RG3_FRA40_PERIOD_M5_1774224000_1774828800_14575658576911331190::COMPRESSION::5::TERMINAL
COMPRESSION	RG3_FRA40_PERIOD_M5_1774224000_1774828800_14575658576911331190	FRA40	6	1	0	C1	C1	C2	NOT_APPLICABLE	NOT_APPLICABLE	NOT_APPLICABLE	REGION_-1|NODE_CONTACT	bridge::RG3_FRA40_PERIOD_M5_1774224000_1774828800_14575658576911331190::COMPRESSION::6::TERMINAL
COMPRESSION	RG3_FRA40_PERIOD_M5_1774224000_1774828800_14575658576911331190	FRA40	7	2	0	C1	C2	C1	NOT_APPLICABLE	NOT_APPLICABLE	NOT_APPLICABLE	REGION_-1|NODE_CONTACT	bridge::RG3_FRA40_PERIOD_M5_1774224000_1774828800_14575658576911331190::COMPRESSION::7::TERMINAL
COMPRESSION	RG3_FRA40_PERIOD_M5_1774224000_1774828800_14575658576911331190	FRA40	8	2	0	C1	C2	C1	NOT_APPLICABLE	NOT_APPLICABLE	NOT_APPLICABLE	REGION_-1|NODE_CONTACT	bridge::RG3_FRA40_PERIOD_M5_1774224000_1774828800_14575658576911331190::COMPRESSION::8::TERMINAL
COMPRESSION	RG3_FRA40_PERIOD_M5_1774224000_1774828800_14575658576911331190	FRA40	9	2	0	C1	C2	C1	NOT_APPLICABLE	NOT_APPLICABLE	NOT_APPLICABLE	REGION_0|NODE_CONTACT	bridge::RG3_FRA40_PERIOD_M5_1774224000_1774828800_14575658576911331190::COMPRESSION::9::TERMINAL
COMPRESSION	RG3_FRA40_PERIOD_M5_1774224000_1774828800_14575658576911331190	FRA40	10	2	0	C1	C2	C1	NOT_APPLICABLE	NOT_APPLICABLE	NOT_APPLICABLE	REGION_-1|NODE_CONTACT	bridge::RG3_FRA40_PERIOD_M5_1774224000_1774828800_14575658576911331190::COMPRESSION::10::TERMINAL
COMPRESSION	RG3_FRA40_PERIOD_M5_1774224000_1774828800_14575658576911331190	FRA40	11	1	0	C1	C1	C1	NOT_APPLICABLE	NOT_APPLICABLE	NOT_APPLICABLE	REGION_-1|NODE_CONTACT	bridge::RG3_FRA40_PERIOD_M5_1774224000_1774828800_14575658576911331190::COMPRESSION::11::TERMINAL
COMPRESSION	RG3_FRA40_PERIOD_M5_1774224000_1774828800_14575658576911331190	FRA40	12	1	0	C1	C1	C1	NOT_APPLICABLE	NOT_APPLICABLE	NOT_APPLICABLE	REGION_-1|NODE_CONTACT	bridge::RG3_FRA40_PERIOD_M5_1774224000_1774828800_14575658576911331190::COMPRESSION::12::TERMINAL
EXPANSION	RG3_FRA40_PERIOD_M5_1774224000_1774828800_14575658576911331190	FRA40	1	4	0	NOT_APPLICABLE	NOT_APPLICABLE	NOT_APPLICABLE	C3	C2	C3	REGION_-1|NODE_CONTACT	bridge::RG3_FRA40_PERIOD_M5_1774224000_1774828800_14575658576911331190::EXPANSION::1::TERMINAL
EXPANSION	RG3_FRA40_PERIOD_M5_1774224000_1774828800_14575658576911331190	FRA40	2	4	0	NOT_APPLICABLE	NOT_APPLICABLE	NOT_APPLICABLE	C1	C1	C1	REGION_-1|NODE_CONTACT	bridge::RG3_FRA40_PERIOD_M5_1774224000_1774828800_14575658576911331190::EXPANSION::2::TERMINAL
EXPANSION	RG3_FRA40_PERIOD_M5_1774224000_1774828800_14575658576911331190	FRA40	3	4	0	NOT_APPLICABLE	NOT_APPLICABLE	NOT_APPLICABLE	C3	C1	C2	REGION_-1|NODE_CONTACT	bridge::RG3_FRA40_PERIOD_M5_1774224000_1774828800_14575658576911331190::EXPANSION::3::TERMINAL
EXPANSION	RG3_FRA40_PERIOD_M5_1774224000_1774828800_14575658576911331190	FRA40	4	4	0	NOT_APPLICABLE	NOT_APPLICABLE	NOT_APPLICABLE	C1	C1	C2	REGION_-1|NODE_CONTACT	bridge::RG3_FRA40_PERIOD_M5_1774224000_1774828800_14575658576911331190::EXPANSION::4::TERMINAL
EXPANSION	RG3_FRA40_PERIOD_M5_1774224000_1774828800_14575658576911331190	FRA40	5	4	0	NOT_APPLICABLE	NOT_APPLICABLE	NOT_APPLICABLE	C1	C1	C2	REGION_-1|NODE_CONTACT	bridge::RG3_FRA40_PERIOD_M5_1774224000_1774828800_14575658576911331190::EXPANSION::5::TERMINAL
EXPANSION	RG3_FRA40_PERIOD_M5_1774224000_1774828800_14575658576911331190	FRA40	6	4	0	NOT_APPLICABLE	NOT_APPLICABLE	NOT_APPLICABLE	C1	C1	C2	REGION_-1|NODE_CONTACT	bridge::RG3_FRA40_PERIOD_M5_1774224000_1774828800_14575658576911331190::EXPANSION::6::TERMINAL
EXPANSION	RG3_FRA40_PERIOD_M5_1774224000_1774828800_14575658576911331190	FRA40	7	4	0	NOT_APPLICABLE	NOT_APPLICABLE	NOT_APPLICABLE	C3	C1	C2	REGION_-1|NODE_CONTACT	bridge::RG3_FRA40_PERIOD_M5_1774224000_1774828800_14575658576911331190::EXPANSION::7::TERMINAL
EXPANSION	RG3_FRA40_PERIOD_M5_1774224000_1774828800_14575658576911331190	FRA40	8	4	0	NOT_APPLICABLE	NOT_APPLICABLE	NOT_APPLICABLE	C1	C1	C2	REGION_0|NODE_CONTACT	bridge::RG3_FRA40_PERIOD_M5_1774224000_1774828800_14575658576911331190::EXPANSION::8::TERMINAL
EXPANSION	RG3_FRA40_PERIOD_M5_1774224000_1774828800_14575658576911331190	FRA40	9	4	0	NOT_APPLICABLE	NOT_APPLICABLE	NOT_APPLICABLE	C3	C1	C2	REGION_-1|NODE_CONTACT	bridge::RG3_FRA40_PERIOD_M5_1774224000_1774828800_14575658576911331190::EXPANSION::9::TERMINAL
EXPANSION	RG3_FRA40_PERIOD_M5_1774224000_1774828800_14575658576911331190	FRA40	10	4	0	NOT_APPLICABLE	NOT_APPLICABLE	NOT_APPLICABLE	C1	C1	C2	REGION_-1|NODE_CONTACT	bridge::RG3_FRA40_PERIOD_M5_1774224000_1774828800_14575658576911331190::EXPANSION::10::TERMINAL
EXPANSION	RG3_FRA40_PERIOD_M5_1774224000_1774828800_14575658576911331190	FRA40	11	4	0	NOT_APPLICABLE	NOT_APPLICABLE	NOT_APPLICABLE	C1	C1	C2	REGION_-1|NODE_CONTACT	bridge::RG3_FRA40_PERIOD_M5_1774224000_1774828800_14575658576911331190::EXPANSION::11::TERMINAL
EXPANSION	RG3_FRA40_PERIOD_M5_1774224000_1774828800_14575658576911331190	FRA40	12	6	1	NOT_APPLICABLE	NOT_APPLICABLE	NOT_APPLICABLE	NOT_APPLICABLE	NOT_APPLICABLE	NOT_APPLICABLE	NULL_STRUCTURAL_CONTEXT	bridge::RG3_FRA40_PERIOD_M5_1774224000_1774828800_14575658576911331190::EXPANSION::12::TERMINAL
COMPRESSION	RG3_FRA40_PERIOD_M5_1777852800_1778457600_3950759615288727177	FRA40	1	1	0	C2	C1	C1	NOT_APPLICABLE	NOT_APPLICABLE	NOT_APPLICABLE	REGION_-1|NODE_CONTACT	bridge::RG3_FRA40_PERIOD_M5_1777852800_1778457600_3950759615288727177::COMPRESSION::1::TERMINAL
COMPRESSION	RG3_FRA40_PERIOD_M5_1777852800_1778457600_3950759615288727177	FRA40	2	1	0	C2	C2	C1	NOT_APPLICABLE	NOT_APPLICABLE	NOT_APPLICABLE	REGION_0|NODE_CONTACT	bridge::RG3_FRA40_PERIOD_M5_1777852800_1778457600_3950759615288727177::COMPRESSION::2::TERMINAL
COMPRESSION	RG3_FRA40_PERIOD_M5_1777852800_1778457600_3950759615288727177	FRA40	3	1	0	C2	C1	C2	NOT_APPLICABLE	NOT_APPLICABLE	NOT_APPLICABLE	REGION_0|NODE_CONTACT	bridge::RG3_FRA40_PERIOD_M5_1777852800_1778457600_3950759615288727177::COMPRESSION::3::TERMINAL
COMPRESSION	RG3_FRA40_PERIOD_M5_1777852800_1778457600_3950759615288727177	FRA40	4	1	0	C2	C1	C1	NOT_APPLICABLE	NOT_APPLICABLE	NOT_APPLICABLE	REGION_0|NODE_CONTACT	bridge::RG3_FRA40_PERIOD_M5_1777852800_1778457600_3950759615288727177::COMPRESSION::4::TERMINAL
COMPRESSION	RG3_FRA40_PERIOD_M5_1777852800_1778457600_3950759615288727177	FRA40	5	1	0	C2	C1	C2	NOT_APPLICABLE	NOT_APPLICABLE	NOT_APPLICABLE	REGION_1|NODE_CONTACT	bridge::RG3_FRA40_PERIOD_M5_1777852800_1778457600_3950759615288727177::COMPRESSION::5::TERMINAL
COMPRESSION	RG3_FRA40_PERIOD_M5_1777852800_1778457600_3950759615288727177	FRA40	6	1	0	C1	C1	C1	NOT_APPLICABLE	NOT_APPLICABLE	NOT_APPLICABLE	REGION_1|NODE_CONTACT	bridge::RG3_FRA40_PERIOD_M5_1777852800_1778457600_3950759615288727177::COMPRESSION::6::TERMINAL
COMPRESSION	RG3_FRA40_PERIOD_M5_1777852800_1778457600_3950759615288727177	FRA40	7	1	0	C1	C1	C1	NOT_APPLICABLE	NOT_APPLICABLE	NOT_APPLICABLE	REGION_1|NODE_CONTACT	bridge::RG3_FRA40_PERIOD_M5_1777852800_1778457600_3950759615288727177::COMPRESSION::7::TERMINAL
COMPRESSION	RG3_FRA40_PERIOD_M5_1777852800_1778457600_3950759615288727177	FRA40	8	2	0	C1	C2	C1	NOT_APPLICABLE	NOT_APPLICABLE	NOT_APPLICABLE	REGION_1|NODE_CONTACT	bridge::RG3_FRA40_PERIOD_M5_1777852800_1778457600_3950759615288727177::COMPRESSION::8::TERMINAL
COMPRESSION	RG3_FRA40_PERIOD_M5_1777852800_1778457600_3950759615288727177	FRA40	9	2	0	C1	C2	C1	NOT_APPLICABLE	NOT_APPLICABLE	NOT_APPLICABLE	REGION_0|NODE_CONTACT	bridge::RG3_FRA40_PERIOD_M5_1777852800_1778457600_3950759615288727177::COMPRESSION::9::TERMINAL
COMPRESSION	RG3_FRA40_PERIOD_M5_1777852800_1778457600_3950759615288727177	FRA40	10	1	0	C1	C1	C1	NOT_APPLICABLE	NOT_APPLICABLE	NOT_APPLICABLE	REGION_0|OPEN_CORRIDOR	bridge::RG3_FRA40_PERIOD_M5_1777852800_1778457600_3950759615288727177::COMPRESSION::10::TERMINAL
EXPANSION	RG3_FRA40_PERIOD_M5_1777852800_1778457600_3950759615288727177	FRA40	1	4	0	NOT_APPLICABLE	NOT_APPLICABLE	NOT_APPLICABLE	C3	C1	C3	REGION_0|NODE_CONTACT	bridge::RG3_FRA40_PERIOD_M5_1777852800_1778457600_3950759615288727177::EXPANSION::1::TERMINAL
EXPANSION	RG3_FRA40_PERIOD_M5_1777852800_1778457600_3950759615288727177	FRA40	2	4	0	NOT_APPLICABLE	NOT_APPLICABLE	NOT_APPLICABLE	C1	C1	C2	REGION_0|NODE_CONTACT	bridge::RG3_FRA40_PERIOD_M5_1777852800_1778457600_3950759615288727177::EXPANSION::2::TERMINAL
EXPANSION	RG3_FRA40_PERIOD_M5_1777852800_1778457600_3950759615288727177	FRA40	3	4	0	NOT_APPLICABLE	NOT_APPLICABLE	NOT_APPLICABLE	C1	C1	C2	REGION_0|OPEN_CORRIDOR	bridge::RG3_FRA40_PERIOD_M5_1777852800_1778457600_3950759615288727177::EXPANSION::3::TERMINAL
EXPANSION	RG3_FRA40_PERIOD_M5_1777852800_1778457600_3950759615288727177	FRA40	4	4	0	NOT_APPLICABLE	NOT_APPLICABLE	NOT_APPLICABLE	C3	C1	C3	REGION_1|NODE_CONTACT	bridge::RG3_FRA40_PERIOD_M5_1777852800_1778457600_3950759615288727177::EXPANSION::4::TERMINAL
EXPANSION	RG3_FRA40_PERIOD_M5_1777852800_1778457600_3950759615288727177	FRA40	5	4	0	NOT_APPLICABLE	NOT_APPLICABLE	NOT_APPLICABLE	C1	C1	C2	REGION_1|NODE_CONTACT	bridge::RG3_FRA40_PERIOD_M5_1777852800_1778457600_3950759615288727177::EXPANSION::5::TERMINAL
EXPANSION	RG3_FRA40_PERIOD_M5_1777852800_1778457600_3950759615288727177	FRA40	6	4	0	NOT_APPLICABLE	NOT_APPLICABLE	NOT_APPLICABLE	C1	C1	C2	REGION_1|NODE_CONTACT	bridge::RG3_FRA40_PERIOD_M5_1777852800_1778457600_3950759615288727177::EXPANSION::6::TERMINAL
EXPANSION	RG3_FRA40_PERIOD_M5_1777852800_1778457600_3950759615288727177	FRA40	7	4	0	NOT_APPLICABLE	NOT_APPLICABLE	NOT_APPLICABLE	C1	C1	C2	REGION_1|NODE_CONTACT	bridge::RG3_FRA40_PERIOD_M5_1777852800_1778457600_3950759615288727177::EXPANSION::7::TERMINAL
EXPANSION	RG3_FRA40_PERIOD_M5_1777852800_1778457600_3950759615288727177	FRA40	8	4	0	NOT_APPLICABLE	NOT_APPLICABLE	NOT_APPLICABLE	C3	C1	C1	REGION_0|NODE_CONTACT	bridge::RG3_FRA40_PERIOD_M5_1777852800_1778457600_3950759615288727177::EXPANSION::8::TERMINAL
EXPANSION	RG3_FRA40_PERIOD_M5_1777852800_1778457600_3950759615288727177	FRA40	9	4	0	NOT_APPLICABLE	NOT_APPLICABLE	NOT_APPLICABLE	C3	C1	C2	REGION_0|NODE_CONTACT	bridge::RG3_FRA40_PERIOD_M5_1777852800_1778457600_3950759615288727177::EXPANSION::9::TERMINAL
EXPANSION	RG3_FRA40_PERIOD_M5_1777852800_1778457600_3950759615288727177	FRA40	10	6	1	NOT_APPLICABLE	NOT_APPLICABLE	NOT_APPLICABLE	NOT_APPLICABLE	NOT_APPLICABLE	NOT_APPLICABLE	NULL_STRUCTURAL_CONTEXT	bridge::RG3_FRA40_PERIOD_M5_1777852800_1778457600_3950759615288727177::EXPANSION::10::TERMINAL
COMPRESSION	RG3_FRA40_PERIOD_M5_1781481600_1782086400_317235149503321393	FRA40	1	2	0	C1	C2	C1	NOT_APPLICABLE	NOT_APPLICABLE	NOT_APPLICABLE	REGION_1|NODE_CONTACT	bridge::RG3_FRA40_PERIOD_M5_1781481600_1782086400_317235149503321393::COMPRESSION::1::TERMINAL
COMPRESSION	RG3_FRA40_PERIOD_M5_1781481600_1782086400_317235149503321393	FRA40	2	1	0	C1	C1	C1	NOT_APPLICABLE	NOT_APPLICABLE	NOT_APPLICABLE	REGION_1|OPEN_CORRIDOR	bridge::RG3_FRA40_PERIOD_M5_1781481600_1782086400_317235149503321393::COMPRESSION::2::TERMINAL
COMPRESSION	RG3_FRA40_PERIOD_M5_1781481600_1782086400_317235149503321393	FRA40	3	2	0	C1	C2	C1	NOT_APPLICABLE	NOT_APPLICABLE	NOT_APPLICABLE	REGION_1|NODE_CONTACT	bridge::RG3_FRA40_PERIOD_M5_1781481600_1782086400_317235149503321393::COMPRESSION::3::TERMINAL
COMPRESSION	RG3_FRA40_PERIOD_M5_1781481600_1782086400_317235149503321393	FRA40	4	1	0	C2	C1	C1	NOT_APPLICABLE	NOT_APPLICABLE	NOT_APPLICABLE	REGION_1|OPEN_CORRIDOR	bridge::RG3_FRA40_PERIOD_M5_1781481600_1782086400_317235149503321393::COMPRESSION::4::TERMINAL
COMPRESSION	RG3_FRA40_PERIOD_M5_1781481600_1782086400_317235149503321393	FRA40	5	1	0	C2	C2	C1	NOT_APPLICABLE	NOT_APPLICABLE	NOT_APPLICABLE	REGION_1|OPEN_CORRIDOR	bridge::RG3_FRA40_PERIOD_M5_1781481600_1782086400_317235149503321393::COMPRESSION::5::TERMINAL
COMPRESSION	RG3_FRA40_PERIOD_M5_1781481600_1782086400_317235149503321393	FRA40	6	2	0	C1	C2	C1	NOT_APPLICABLE	NOT_APPLICABLE	NOT_APPLICABLE	REGION_1|NODE_CONTACT	bridge::RG3_FRA40_PERIOD_M5_1781481600_1782086400_317235149503321393::COMPRESSION::6::TERMINAL
COMPRESSION	RG3_FRA40_PERIOD_M5_1781481600_1782086400_317235149503321393	FRA40	7	1	0	C1	C1	C1	NOT_APPLICABLE	NOT_APPLICABLE	NOT_APPLICABLE	REGION_1|NODE_CONTACT	bridge::RG3_FRA40_PERIOD_M5_1781481600_1782086400_317235149503321393::COMPRESSION::7::TERMINAL
COMPRESSION	RG3_FRA40_PERIOD_M5_1781481600_1782086400_317235149503321393	FRA40	8	1	0	C2	C1	C1	NOT_APPLICABLE	NOT_APPLICABLE	NOT_APPLICABLE	REGION_1|NODE_CONTACT	bridge::RG3_FRA40_PERIOD_M5_1781481600_1782086400_317235149503321393::COMPRESSION::8::TERMINAL
COMPRESSION	RG3_FRA40_PERIOD_M5_1781481600_1782086400_317235149503321393	FRA40	9	2	0	C1	C2	C2	NOT_APPLICABLE	NOT_APPLICABLE	NOT_APPLICABLE	REGION_1|NODE_CONTACT	bridge::RG3_FRA40_PERIOD_M5_1781481600_1782086400_317235149503321393::COMPRESSION::9::TERMINAL
COMPRESSION	RG3_FRA40_PERIOD_M5_1781481600_1782086400_317235149503321393	FRA40	10	1	0	C1	C1	C1	NOT_APPLICABLE	NOT_APPLICABLE	NOT_APPLICABLE	REGION_1|OPEN_CORRIDOR	bridge::RG3_FRA40_PERIOD_M5_1781481600_1782086400_317235149503321393::COMPRESSION::10::TERMINAL
COMPRESSION	RG3_FRA40_PERIOD_M5_1781481600_1782086400_317235149503321393	FRA40	11	1	0	C1	C1	C2	NOT_APPLICABLE	NOT_APPLICABLE	NOT_APPLICABLE	REGION_2|NODE_CONTACT	bridge::RG3_FRA40_PERIOD_M5_1781481600_1782086400_317235149503321393::COMPRESSION::11::TERMINAL
COMPRESSION	RG3_FRA40_PERIOD_M5_1781481600_1782086400_317235149503321393	FRA40	12	2	0	C1	C2	C1	NOT_APPLICABLE	NOT_APPLICABLE	NOT_APPLICABLE	REGION_1|NODE_CONTACT	bridge::RG3_FRA40_PERIOD_M5_1781481600_1782086400_317235149503321393::COMPRESSION::12::TERMINAL
COMPRESSION	RG3_FRA40_PERIOD_M5_1781481600_1782086400_317235149503321393	FRA40	13	2	0	C1	C2	C2	NOT_APPLICABLE	NOT_APPLICABLE	NOT_APPLICABLE	REGION_1|NODE_CONTACT	bridge::RG3_FRA40_PERIOD_M5_1781481600_1782086400_317235149503321393::COMPRESSION::13::TERMINAL
COMPRESSION	RG3_FRA40_PERIOD_M5_1781481600_1782086400_317235149503321393	FRA40	14	2	0	C1	C2	C1	NOT_APPLICABLE	NOT_APPLICABLE	NOT_APPLICABLE	REGION_2|NODE_CONTACT	bridge::RG3_FRA40_PERIOD_M5_1781481600_1782086400_317235149503321393::COMPRESSION::14::TERMINAL
COMPRESSION	RG3_FRA40_PERIOD_M5_1781481600_1782086400_317235149503321393	FRA40	15	6	1	NOT_APPLICABLE	NOT_APPLICABLE	NOT_APPLICABLE	NOT_APPLICABLE	NOT_APPLICABLE	NOT_APPLICABLE	NULL_STRUCTURAL_CONTEXT	bridge::RG3_FRA40_PERIOD_M5_1781481600_1782086400_317235149503321393::COMPRESSION::15::TERMINAL
EXPANSION	RG3_FRA40_PERIOD_M5_1781481600_1782086400_317235149503321393	FRA40	1	4	0	NOT_APPLICABLE	NOT_APPLICABLE	NOT_APPLICABLE	C3	C1	C2	REGION_1|NODE_CONTACT	bridge::RG3_FRA40_PERIOD_M5_1781481600_1782086400_317235149503321393::EXPANSION::1::TERMINAL
EXPANSION	RG3_FRA40_PERIOD_M5_1781481600_1782086400_317235149503321393	FRA40	2	4	0	NOT_APPLICABLE	NOT_APPLICABLE	NOT_APPLICABLE	C1	C2	C1	REGION_1|OPEN_CORRIDOR	bridge::RG3_FRA40_PERIOD_M5_1781481600_1782086400_317235149503321393::EXPANSION::2::TERMINAL
EXPANSION	RG3_FRA40_PERIOD_M5_1781481600_1782086400_317235149503321393	FRA40	3	4	0	NOT_APPLICABLE	NOT_APPLICABLE	NOT_APPLICABLE	C1	C1	C2	REGION_1|NODE_CONTACT	bridge::RG3_FRA40_PERIOD_M5_1781481600_1782086400_317235149503321393::EXPANSION::3::TERMINAL
EXPANSION	RG3_FRA40_PERIOD_M5_1781481600_1782086400_317235149503321393	FRA40	4	4	0	NOT_APPLICABLE	NOT_APPLICABLE	NOT_APPLICABLE	C3	C1	C3	REGION_1|NODE_CONTACT	bridge::RG3_FRA40_PERIOD_M5_1781481600_1782086400_317235149503321393::EXPANSION::4::TERMINAL
EXPANSION	RG3_FRA40_PERIOD_M5_1781481600_1782086400_317235149503321393	FRA40	5	4	0	NOT_APPLICABLE	NOT_APPLICABLE	NOT_APPLICABLE	C1	C1	C2	REGION_1|NODE_CONTACT	bridge::RG3_FRA40_PERIOD_M5_1781481600_1782086400_317235149503321393::EXPANSION::5::TERMINAL
EXPANSION	RG3_FRA40_PERIOD_M5_1781481600_1782086400_317235149503321393	FRA40	6	4	0	NOT_APPLICABLE	NOT_APPLICABLE	NOT_APPLICABLE	C1	C1	C2	REGION_1|NODE_CONTACT	bridge::RG3_FRA40_PERIOD_M5_1781481600_1782086400_317235149503321393::EXPANSION::6::TERMINAL
EXPANSION	RG3_FRA40_PERIOD_M5_1781481600_1782086400_317235149503321393	FRA40	7	4	0	NOT_APPLICABLE	NOT_APPLICABLE	NOT_APPLICABLE	C1	C1	C2	REGION_1|NODE_CONTACT	bridge::RG3_FRA40_PERIOD_M5_1781481600_1782086400_317235149503321393::EXPANSION::7::TERMINAL
EXPANSION	RG3_FRA40_PERIOD_M5_1781481600_1782086400_317235149503321393	FRA40	8	4	0	NOT_APPLICABLE	NOT_APPLICABLE	NOT_APPLICABLE	C3	C1	C2	REGION_1|NODE_CONTACT	bridge::RG3_FRA40_PERIOD_M5_1781481600_1782086400_317235149503321393::EXPANSION::8::TERMINAL
EXPANSION	RG3_FRA40_PERIOD_M5_1781481600_1782086400_317235149503321393	FRA40	9	4	0	NOT_APPLICABLE	NOT_APPLICABLE	NOT_APPLICABLE	C3	C1	C1	REGION_1|OPEN_CORRIDOR	bridge::RG3_FRA40_PERIOD_M5_1781481600_1782086400_317235149503321393::EXPANSION::9::TERMINAL
EXPANSION	RG3_FRA40_PERIOD_M5_1781481600_1782086400_317235149503321393	FRA40	10	4	0	NOT_APPLICABLE	NOT_APPLICABLE	NOT_APPLICABLE	C3	C1	C3	REGION_2|NODE_CONTACT	bridge::RG3_FRA40_PERIOD_M5_1781481600_1782086400_317235149503321393::EXPANSION::10::TERMINAL
EXPANSION	RG3_FRA40_PERIOD_M5_1781481600_1782086400_317235149503321393	FRA40	11	4	0	NOT_APPLICABLE	NOT_APPLICABLE	NOT_APPLICABLE	C1	C1	C2	REGION_2|NODE_CONTACT	bridge::RG3_FRA40_PERIOD_M5_1781481600_1782086400_317235149503321393::EXPANSION::11::TERMINAL
EXPANSION	RG3_FRA40_PERIOD_M5_1781481600_1782086400_317235149503321393	FRA40	12	4	0	NOT_APPLICABLE	NOT_APPLICABLE	NOT_APPLICABLE	C1	C1	C2	REGION_2|NODE_CONTACT	bridge::RG3_FRA40_PERIOD_M5_1781481600_1782086400_317235149503321393::EXPANSION::12::TERMINAL
EXPANSION	RG3_FRA40_PERIOD_M5_1781481600_1782086400_317235149503321393	FRA40	13	4	0	NOT_APPLICABLE	NOT_APPLICABLE	NOT_APPLICABLE	C1	C1	C2	REGION_2|NODE_CONTACT	bridge::RG3_FRA40_PERIOD_M5_1781481600_1782086400_317235149503321393::EXPANSION::13::TERMINAL
EXPANSION	RG3_FRA40_PERIOD_M5_1781481600_1782086400_317235149503321393	FRA40	14	4	0	NOT_APPLICABLE	NOT_APPLICABLE	NOT_APPLICABLE	C3	C2	C3	REGION_1|NODE_CONTACT	bridge::RG3_FRA40_PERIOD_M5_1781481600_1782086400_317235149503321393::EXPANSION::14::TERMINAL
COMPRESSION	RG3_FRA40_PERIOD_M5_1783900800_1784505600_9090742951363683789	FRA40	1	2	0	C1	C2	C1	NOT_APPLICABLE	NOT_APPLICABLE	NOT_APPLICABLE	REGION_-1|NODE_CONTACT	bridge::RG3_FRA40_PERIOD_M5_1783900800_1784505600_9090742951363683789::COMPRESSION::1::TERMINAL
COMPRESSION	RG3_FRA40_PERIOD_M5_1783900800_1784505600_9090742951363683789	FRA40	2	2	0	C1	C2	C2	NOT_APPLICABLE	NOT_APPLICABLE	NOT_APPLICABLE	REGION_-1|NODE_CONTACT	bridge::RG3_FRA40_PERIOD_M5_1783900800_1784505600_9090742951363683789::COMPRESSION::2::TERMINAL
COMPRESSION	RG3_FRA40_PERIOD_M5_1783900800_1784505600_9090742951363683789	FRA40	3	2	0	C1	C2	C1	NOT_APPLICABLE	NOT_APPLICABLE	NOT_APPLICABLE	REGION_0|NODE_CONTACT	bridge::RG3_FRA40_PERIOD_M5_1783900800_1784505600_9090742951363683789::COMPRESSION::3::TERMINAL
COMPRESSION	RG3_FRA40_PERIOD_M5_1783900800_1784505600_9090742951363683789	FRA40	4	1	0	C2	C1	C1	NOT_APPLICABLE	NOT_APPLICABLE	NOT_APPLICABLE	REGION_0|NODE_CONTACT	bridge::RG3_FRA40_PERIOD_M5_1783900800_1784505600_9090742951363683789::COMPRESSION::4::TERMINAL
COMPRESSION	RG3_FRA40_PERIOD_M5_1783900800_1784505600_9090742951363683789	FRA40	5	1	0	C2	C1	C1	NOT_APPLICABLE	NOT_APPLICABLE	NOT_APPLICABLE	REGION_0|NODE_CONTACT	bridge::RG3_FRA40_PERIOD_M5_1783900800_1784505600_9090742951363683789::COMPRESSION::5::TERMINAL
COMPRESSION	RG3_FRA40_PERIOD_M5_1783900800_1784505600_9090742951363683789	FRA40	6	2	0	C2	C2	C1	NOT_APPLICABLE	NOT_APPLICABLE	NOT_APPLICABLE	REGION_0|NODE_CONTACT	bridge::RG3_FRA40_PERIOD_M5_1783900800_1784505600_9090742951363683789::COMPRESSION::6::TERMINAL
COMPRESSION	RG3_FRA40_PERIOD_M5_1783900800_1784505600_9090742951363683789	FRA40	7	1	0	C2	C1	C1	NOT_APPLICABLE	NOT_APPLICABLE	NOT_APPLICABLE	REGION_0|OPEN_CORRIDOR	bridge::RG3_FRA40_PERIOD_M5_1783900800_1784505600_9090742951363683789::COMPRESSION::7::TERMINAL
COMPRESSION	RG3_FRA40_PERIOD_M5_1783900800_1784505600_9090742951363683789	FRA40	8	2	0	C1	C2	C1	NOT_APPLICABLE	NOT_APPLICABLE	NOT_APPLICABLE	REGION_0|NODE_CONTACT	bridge::RG3_FRA40_PERIOD_M5_1783900800_1784505600_9090742951363683789::COMPRESSION::8::TERMINAL
COMPRESSION	RG3_FRA40_PERIOD_M5_1783900800_1784505600_9090742951363683789	FRA40	9	2	0	C1	C2	C1	NOT_APPLICABLE	NOT_APPLICABLE	NOT_APPLICABLE	REGION_-1|NODE_CONTACT	bridge::RG3_FRA40_PERIOD_M5_1783900800_1784505600_9090742951363683789::COMPRESSION::9::TERMINAL
EXPANSION	RG3_FRA40_PERIOD_M5_1783900800_1784505600_9090742951363683789	FRA40	1	4	0	NOT_APPLICABLE	NOT_APPLICABLE	NOT_APPLICABLE	C3	C2	C3	REGION_0|NODE_CONTACT	bridge::RG3_FRA40_PERIOD_M5_1783900800_1784505600_9090742951363683789::EXPANSION::1::TERMINAL
EXPANSION	RG3_FRA40_PERIOD_M5_1783900800_1784505600_9090742951363683789	FRA40	2	4	0	NOT_APPLICABLE	NOT_APPLICABLE	NOT_APPLICABLE	C3	C2	C3	REGION_0|NODE_CONTACT	bridge::RG3_FRA40_PERIOD_M5_1783900800_1784505600_9090742951363683789::EXPANSION::2::TERMINAL
EXPANSION	RG3_FRA40_PERIOD_M5_1783900800_1784505600_9090742951363683789	FRA40	3	4	0	NOT_APPLICABLE	NOT_APPLICABLE	NOT_APPLICABLE	C1	C1	C2	REGION_0|NODE_CONTACT	bridge::RG3_FRA40_PERIOD_M5_1783900800_1784505600_9090742951363683789::EXPANSION::3::TERMINAL
EXPANSION	RG3_FRA40_PERIOD_M5_1783900800_1784505600_9090742951363683789	FRA40	4	4	0	NOT_APPLICABLE	NOT_APPLICABLE	NOT_APPLICABLE	C1	C1	C2	REGION_0|NODE_CONTACT	bridge::RG3_FRA40_PERIOD_M5_1783900800_1784505600_9090742951363683789::EXPANSION::4::TERMINAL
EXPANSION	RG3_FRA40_PERIOD_M5_1783900800_1784505600_9090742951363683789	FRA40	5	4	0	NOT_APPLICABLE	NOT_APPLICABLE	NOT_APPLICABLE	C3	C1	C2	REGION_0|NODE_CONTACT	bridge::RG3_FRA40_PERIOD_M5_1783900800_1784505600_9090742951363683789::EXPANSION::5::TERMINAL
EXPANSION	RG3_FRA40_PERIOD_M5_1783900800_1784505600_9090742951363683789	FRA40	6	4	0	NOT_APPLICABLE	NOT_APPLICABLE	NOT_APPLICABLE	C1	C1	C2	REGION_0|NODE_CONTACT	bridge::RG3_FRA40_PERIOD_M5_1783900800_1784505600_9090742951363683789::EXPANSION::6::TERMINAL
EXPANSION	RG3_FRA40_PERIOD_M5_1783900800_1784505600_9090742951363683789	FRA40	7	4	0	NOT_APPLICABLE	NOT_APPLICABLE	NOT_APPLICABLE	C3	C2	C1	REGION_0|NODE_CONTACT	bridge::RG3_FRA40_PERIOD_M5_1783900800_1784505600_9090742951363683789::EXPANSION::7::TERMINAL
EXPANSION	RG3_FRA40_PERIOD_M5_1783900800_1784505600_9090742951363683789	FRA40	8	4	0	NOT_APPLICABLE	NOT_APPLICABLE	NOT_APPLICABLE	C1	C1	C2	REGION_0|NODE_CONTACT	bridge::RG3_FRA40_PERIOD_M5_1783900800_1784505600_9090742951363683789::EXPANSION::8::TERMINAL
EXPANSION	RG3_FRA40_PERIOD_M5_1783900800_1784505600_9090742951363683789	FRA40	9	6	1	NOT_APPLICABLE	NOT_APPLICABLE	NOT_APPLICABLE	NOT_APPLICABLE	NOT_APPLICABLE	NOT_APPLICABLE	NULL_STRUCTURAL_CONTEXT	bridge::RG3_FRA40_PERIOD_M5_1783900800_1784505600_9090742951363683789::EXPANSION::9::TERMINAL
COMPRESSION	RG3_FRA40_PERIOD_M5_1785715200_1786060800_6098486160590205421	FRA40	1	1	0	C2	C1	C1	NOT_APPLICABLE	NOT_APPLICABLE	NOT_APPLICABLE	REGION_2|NODE_CONTACT	bridge::RG3_FRA40_PERIOD_M5_1785715200_1786060800_6098486160590205421::COMPRESSION::1::TERMINAL
COMPRESSION	RG3_FRA40_PERIOD_M5_1785715200_1786060800_6098486160590205421	FRA40	2	2	0	C1	C2	C1	NOT_APPLICABLE	NOT_APPLICABLE	NOT_APPLICABLE	REGION_2|NODE_CONTACT	bridge::RG3_FRA40_PERIOD_M5_1785715200_1786060800_6098486160590205421::COMPRESSION::2::TERMINAL
COMPRESSION	RG3_FRA40_PERIOD_M5_1785715200_1786060800_6098486160590205421	FRA40	3	1	0	C1	C1	C2	NOT_APPLICABLE	NOT_APPLICABLE	NOT_APPLICABLE	REGION_2|OPEN_CORRIDOR	bridge::RG3_FRA40_PERIOD_M5_1785715200_1786060800_6098486160590205421::COMPRESSION::3::TERMINAL
COMPRESSION	RG3_FRA40_PERIOD_M5_1785715200_1786060800_6098486160590205421	FRA40	4	1	0	C2	C1	C1	NOT_APPLICABLE	NOT_APPLICABLE	NOT_APPLICABLE	REGION_1|NODE_CONTACT	bridge::RG3_FRA40_PERIOD_M5_1785715200_1786060800_6098486160590205421::COMPRESSION::4::TERMINAL
COMPRESSION	RG3_FRA40_PERIOD_M5_1785715200_1786060800_6098486160590205421	FRA40	5	1	0	C1	C1	C1	NOT_APPLICABLE	NOT_APPLICABLE	NOT_APPLICABLE	REGION_1|OPEN_CORRIDOR	bridge::RG3_FRA40_PERIOD_M5_1785715200_1786060800_6098486160590205421::COMPRESSION::5::TERMINAL
COMPRESSION	RG3_FRA40_PERIOD_M5_1785715200_1786060800_6098486160590205421	FRA40	6	1	0	C2	C1	C1	NOT_APPLICABLE	NOT_APPLICABLE	NOT_APPLICABLE	REGION_1|NODE_CONTACT	bridge::RG3_FRA40_PERIOD_M5_1785715200_1786060800_6098486160590205421::COMPRESSION::6::TERMINAL
COMPRESSION	RG3_FRA40_PERIOD_M5_1785715200_1786060800_6098486160590205421	FRA40	7	2	0	C1	C2	C1	NOT_APPLICABLE	NOT_APPLICABLE	NOT_APPLICABLE	REGION_1|NODE_CONTACT	bridge::RG3_FRA40_PERIOD_M5_1785715200_1786060800_6098486160590205421::COMPRESSION::7::TERMINAL
COMPRESSION	RG3_FRA40_PERIOD_M5_1785715200_1786060800_6098486160590205421	FRA40	8	2	0	C1	C2	C1	NOT_APPLICABLE	NOT_APPLICABLE	NOT_APPLICABLE	REGION_1|NODE_CONTACT	bridge::RG3_FRA40_PERIOD_M5_1785715200_1786060800_6098486160590205421::COMPRESSION::8::TERMINAL
COMPRESSION	RG3_FRA40_PERIOD_M5_1785715200_1786060800_6098486160590205421	FRA40	9	2	0	C1	C2	C1	NOT_APPLICABLE	NOT_APPLICABLE	NOT_APPLICABLE	REGION_1|NODE_CONTACT	bridge::RG3_FRA40_PERIOD_M5_1785715200_1786060800_6098486160590205421::COMPRESSION::9::TERMINAL
COMPRESSION	RG3_FRA40_PERIOD_M5_1785715200_1786060800_6098486160590205421	FRA40	10	1	0	C2	C1	C2	NOT_APPLICABLE	NOT_APPLICABLE	NOT_APPLICABLE	REGION_1|OPEN_CORRIDOR	bridge::RG3_FRA40_PERIOD_M5_1785715200_1786060800_6098486160590205421::COMPRESSION::10::TERMINAL
COMPRESSION	RG3_FRA40_PERIOD_M5_1785715200_1786060800_6098486160590205421	FRA40	11	1	0	C2	C1	C1	NOT_APPLICABLE	NOT_APPLICABLE	NOT_APPLICABLE	REGION_1|NODE_CONTACT	bridge::RG3_FRA40_PERIOD_M5_1785715200_1786060800_6098486160590205421::COMPRESSION::11::TERMINAL
COMPRESSION	RG3_FRA40_PERIOD_M5_1785715200_1786060800_6098486160590205421	FRA40	12	1	0	C2	C1	C1	NOT_APPLICABLE	NOT_APPLICABLE	NOT_APPLICABLE	REGION_1|NODE_CONTACT	bridge::RG3_FRA40_PERIOD_M5_1785715200_1786060800_6098486160590205421::COMPRESSION::12::TERMINAL
COMPRESSION	RG3_FRA40_PERIOD_M5_1785715200_1786060800_6098486160590205421	FRA40	13	2	0	C1	C2	C1	NOT_APPLICABLE	NOT_APPLICABLE	NOT_APPLICABLE	REGION_1|NODE_CONTACT	bridge::RG3_FRA40_PERIOD_M5_1785715200_1786060800_6098486160590205421::COMPRESSION::13::TERMINAL
EXPANSION	RG3_FRA40_PERIOD_M5_1785715200_1786060800_6098486160590205421	FRA40	1	4	0	NOT_APPLICABLE	NOT_APPLICABLE	NOT_APPLICABLE	C1	C1	C2	REGION_2|NODE_CONTACT	bridge::RG3_FRA40_PERIOD_M5_1785715200_1786060800_6098486160590205421::EXPANSION::1::TERMINAL
EXPANSION	RG3_FRA40_PERIOD_M5_1785715200_1786060800_6098486160590205421	FRA40	2	4	0	NOT_APPLICABLE	NOT_APPLICABLE	NOT_APPLICABLE	C3	C2	C3	REGION_2|NODE_CONTACT	bridge::RG3_FRA40_PERIOD_M5_1785715200_1786060800_6098486160590205421::EXPANSION::2::TERMINAL
EXPANSION	RG3_FRA40_PERIOD_M5_1785715200_1786060800_6098486160590205421	FRA40	3	4	0	NOT_APPLICABLE	NOT_APPLICABLE	NOT_APPLICABLE	C1	C1	C2	REGION_2|OPEN_CORRIDOR	bridge::RG3_FRA40_PERIOD_M5_1785715200_1786060800_6098486160590205421::EXPANSION::3::TERMINAL
EXPANSION	RG3_FRA40_PERIOD_M5_1785715200_1786060800_6098486160590205421	FRA40	4	4	0	NOT_APPLICABLE	NOT_APPLICABLE	NOT_APPLICABLE	C1	C1	C2	REGION_2|OPEN_CORRIDOR	bridge::RG3_FRA40_PERIOD_M5_1785715200_1786060800_6098486160590205421::EXPANSION::4::TERMINAL
EXPANSION	RG3_FRA40_PERIOD_M5_1785715200_1786060800_6098486160590205421	FRA40	5	4	0	NOT_APPLICABLE	NOT_APPLICABLE	NOT_APPLICABLE	C3	C1	C2	REGION_2|NODE_CONTACT	bridge::RG3_FRA40_PERIOD_M5_1785715200_1786060800_6098486160590205421::EXPANSION::5::TERMINAL
EXPANSION	RG3_FRA40_PERIOD_M5_1785715200_1786060800_6098486160590205421	FRA40	6	4	0	NOT_APPLICABLE	NOT_APPLICABLE	NOT_APPLICABLE	C1	C1	C2	REGION_1|NODE_CONTACT	bridge::RG3_FRA40_PERIOD_M5_1785715200_1786060800_6098486160590205421::EXPANSION::6::TERMINAL
EXPANSION	RG3_FRA40_PERIOD_M5_1785715200_1786060800_6098486160590205421	FRA40	7	4	0	NOT_APPLICABLE	NOT_APPLICABLE	NOT_APPLICABLE	C1	C1	C2	REGION_1|OPEN_CORRIDOR	bridge::RG3_FRA40_PERIOD_M5_1785715200_1786060800_6098486160590205421::EXPANSION::7::TERMINAL
EXPANSION	RG3_FRA40_PERIOD_M5_1785715200_1786060800_6098486160590205421	FRA40	8	4	0	NOT_APPLICABLE	NOT_APPLICABLE	NOT_APPLICABLE	C1	C1	C1	REGION_1|OPEN_CORRIDOR	bridge::RG3_FRA40_PERIOD_M5_1785715200_1786060800_6098486160590205421::EXPANSION::8::TERMINAL
EXPANSION	RG3_FRA40_PERIOD_M5_1785715200_1786060800_6098486160590205421	FRA40	9	4	0	NOT_APPLICABLE	NOT_APPLICABLE	NOT_APPLICABLE	C1	C1	C2	REGION_1|OPEN_CORRIDOR	bridge::RG3_FRA40_PERIOD_M5_1785715200_1786060800_6098486160590205421::EXPANSION::9::TERMINAL
EXPANSION	RG3_FRA40_PERIOD_M5_1785715200_1786060800_6098486160590205421	FRA40	10	4	0	NOT_APPLICABLE	NOT_APPLICABLE	NOT_APPLICABLE	C1	C1	C2	REGION_1|OPEN_CORRIDOR	bridge::RG3_FRA40_PERIOD_M5_1785715200_1786060800_6098486160590205421::EXPANSION::10::TERMINAL
EXPANSION	RG3_FRA40_PERIOD_M5_1785715200_1786060800_6098486160590205421	FRA40	11	4	0	NOT_APPLICABLE	NOT_APPLICABLE	NOT_APPLICABLE	C1	C2	C1	REGION_0|NODE_CONTACT	bridge::RG3_FRA40_PERIOD_M5_1785715200_1786060800_6098486160590205421::EXPANSION::11::TERMINAL
EXPANSION	RG3_FRA40_PERIOD_M5_1785715200_1786060800_6098486160590205421	FRA40	12	4	0	NOT_APPLICABLE	NOT_APPLICABLE	NOT_APPLICABLE	C3	C1	C3	REGION_1|OPEN_CORRIDOR	bridge::RG3_FRA40_PERIOD_M5_1785715200_1786060800_6098486160590205421::EXPANSION::12::TERMINAL
EXPANSION	RG3_FRA40_PERIOD_M5_1785715200_1786060800_6098486160590205421	FRA40	13	6	1	NOT_APPLICABLE	NOT_APPLICABLE	NOT_APPLICABLE	NOT_APPLICABLE	NOT_APPLICABLE	NOT_APPLICABLE	REGION_0|NODE_CONTACT	bridge::RG3_FRA40_PERIOD_M5_1785715200_1786060800_6098486160590205421::EXPANSION::13::TERMINAL
COMPRESSION	RG3_JPN225_PERIOD_M5_1768176000_1768780800_17871390277607299118	JPN225	1	2	0	C1	C2	C1	NOT_APPLICABLE	NOT_APPLICABLE	NOT_APPLICABLE	REGION_1|OPEN_CORRIDOR	bridge::RG3_JPN225_PERIOD_M5_1768176000_1768780800_17871390277607299118::COMPRESSION::1::TERMINAL
COMPRESSION	RG3_JPN225_PERIOD_M5_1768176000_1768780800_17871390277607299118	JPN225	2	2	0	C2	C2	C1	NOT_APPLICABLE	NOT_APPLICABLE	NOT_APPLICABLE	REGION_1|NODE_CONTACT	bridge::RG3_JPN225_PERIOD_M5_1768176000_1768780800_17871390277607299118::COMPRESSION::2::TERMINAL
COMPRESSION	RG3_JPN225_PERIOD_M5_1768176000_1768780800_17871390277607299118	JPN225	3	2	0	C1	C2	C1	NOT_APPLICABLE	NOT_APPLICABLE	NOT_APPLICABLE	REGION_1|OPEN_CORRIDOR	bridge::RG3_JPN225_PERIOD_M5_1768176000_1768780800_17871390277607299118::COMPRESSION::3::TERMINAL
COMPRESSION	RG3_JPN225_PERIOD_M5_1768176000_1768780800_17871390277607299118	JPN225	4	1	0	C1	C1	C1	NOT_APPLICABLE	NOT_APPLICABLE	NOT_APPLICABLE	REGION_1|OPEN_CORRIDOR	bridge::RG3_JPN225_PERIOD_M5_1768176000_1768780800_17871390277607299118::COMPRESSION::4::TERMINAL
COMPRESSION	RG3_JPN225_PERIOD_M5_1768176000_1768780800_17871390277607299118	JPN225	5	2	0	C1	C2	C2	NOT_APPLICABLE	NOT_APPLICABLE	NOT_APPLICABLE	REGION_1|OPEN_CORRIDOR	bridge::RG3_JPN225_PERIOD_M5_1768176000_1768780800_17871390277607299118::COMPRESSION::5::TERMINAL
COMPRESSION	RG3_JPN225_PERIOD_M5_1768176000_1768780800_17871390277607299118	JPN225	6	1	0	C2	C1	C2	NOT_APPLICABLE	NOT_APPLICABLE	NOT_APPLICABLE	REGION_1|NODE_CONTACT	bridge::RG3_JPN225_PERIOD_M5_1768176000_1768780800_17871390277607299118::COMPRESSION::6::TERMINAL
COMPRESSION	RG3_JPN225_PERIOD_M5_1768176000_1768780800_17871390277607299118	JPN225	7	1	0	C1	C1	C2	NOT_APPLICABLE	NOT_APPLICABLE	NOT_APPLICABLE	REGION_1|OPEN_CORRIDOR	bridge::RG3_JPN225_PERIOD_M5_1768176000_1768780800_17871390277607299118::COMPRESSION::7::TERMINAL
COMPRESSION	RG3_JPN225_PERIOD_M5_1768176000_1768780800_17871390277607299118	JPN225	8	2	0	C1	C2	C1	NOT_APPLICABLE	NOT_APPLICABLE	NOT_APPLICABLE	REGION_1|OPEN_CORRIDOR	bridge::RG3_JPN225_PERIOD_M5_1768176000_1768780800_17871390277607299118::COMPRESSION::8::TERMINAL
COMPRESSION	RG3_JPN225_PERIOD_M5_1768176000_1768780800_17871390277607299118	JPN225	9	2	0	C1	C2	C1	NOT_APPLICABLE	NOT_APPLICABLE	NOT_APPLICABLE	REGION_1|OPEN_CORRIDOR	bridge::RG3_JPN225_PERIOD_M5_1768176000_1768780800_17871390277607299118::COMPRESSION::9::TERMINAL
COMPRESSION	RG3_JPN225_PERIOD_M5_1768176000_1768780800_17871390277607299118	JPN225	10	2	0	C2	C2	C1	NOT_APPLICABLE	NOT_APPLICABLE	NOT_APPLICABLE	REGION_1|NODE_CONTACT	bridge::RG3_JPN225_PERIOD_M5_1768176000_1768780800_17871390277607299118::COMPRESSION::10::TERMINAL
COMPRESSION	RG3_JPN225_PERIOD_M5_1768176000_1768780800_17871390277607299118	JPN225	11	2	0	C1	C2	C1	NOT_APPLICABLE	NOT_APPLICABLE	NOT_APPLICABLE	REGION_1|OPEN_CORRIDOR	bridge::RG3_JPN225_PERIOD_M5_1768176000_1768780800_17871390277607299118::COMPRESSION::11::TERMINAL
COMPRESSION	RG3_JPN225_PERIOD_M5_1768176000_1768780800_17871390277607299118	JPN225	12	2	0	C1	C2	C1	NOT_APPLICABLE	NOT_APPLICABLE	NOT_APPLICABLE	REGION_1|NODE_CONTACT	bridge::RG3_JPN225_PERIOD_M5_1768176000_1768780800_17871390277607299118::COMPRESSION::12::TERMINAL
COMPRESSION	RG3_JPN225_PERIOD_M5_1768176000_1768780800_17871390277607299118	JPN225	13	2	0	C1	C2	C1	NOT_APPLICABLE	NOT_APPLICABLE	NOT_APPLICABLE	REGION_1|NODE_CONTACT	bridge::RG3_JPN225_PERIOD_M5_1768176000_1768780800_17871390277607299118::COMPRESSION::13::TERMINAL
COMPRESSION	RG3_JPN225_PERIOD_M5_1768176000_1768780800_17871390277607299118	JPN225	14	6	1	NOT_APPLICABLE	NOT_APPLICABLE	NOT_APPLICABLE	NOT_APPLICABLE	NOT_APPLICABLE	NOT_APPLICABLE	NULL_STRUCTURAL_CONTEXT	bridge::RG3_JPN225_PERIOD_M5_1768176000_1768780800_17871390277607299118::COMPRESSION::14::TERMINAL
EXPANSION	RG3_JPN225_PERIOD_M5_1768176000_1768780800_17871390277607299118	JPN225	1	4	0	NOT_APPLICABLE	NOT_APPLICABLE	NOT_APPLICABLE	C3	C2	C2	REGION_1|OPEN_CORRIDOR	bridge::RG3_JPN225_PERIOD_M5_1768176000_1768780800_17871390277607299118::EXPANSION::1::TERMINAL
EXPANSION	RG3_JPN225_PERIOD_M5_1768176000_1768780800_17871390277607299118	JPN225	2	4	0	NOT_APPLICABLE	NOT_APPLICABLE	NOT_APPLICABLE	C1	C1	C2	REGION_1|OPEN_CORRIDOR	bridge::RG3_JPN225_PERIOD_M5_1768176000_1768780800_17871390277607299118::EXPANSION::2::TERMINAL
EXPANSION	RG3_JPN225_PERIOD_M5_1768176000_1768780800_17871390277607299118	JPN225	3	4	0	NOT_APPLICABLE	NOT_APPLICABLE	NOT_APPLICABLE	C3	C1	C2	REGION_1|NODE_CONTACT	bridge::RG3_JPN225_PERIOD_M5_1768176000_1768780800_17871390277607299118::EXPANSION::3::TERMINAL
EXPANSION	RG3_JPN225_PERIOD_M5_1768176000_1768780800_17871390277607299118	JPN225	4	4	0	NOT_APPLICABLE	NOT_APPLICABLE	NOT_APPLICABLE	C1	C1	C2	REGION_1|OPEN_CORRIDOR	bridge::RG3_JPN225_PERIOD_M5_1768176000_1768780800_17871390277607299118::EXPANSION::4::TERMINAL
EXPANSION	RG3_JPN225_PERIOD_M5_1768176000_1768780800_17871390277607299118	JPN225	5	4	0	NOT_APPLICABLE	NOT_APPLICABLE	NOT_APPLICABLE	C1	C1	C2	REGION_1|NODE_CONTACT	bridge::RG3_JPN225_PERIOD_M5_1768176000_1768780800_17871390277607299118::EXPANSION::5::TERMINAL
EXPANSION	RG3_JPN225_PERIOD_M5_1768176000_1768780800_17871390277607299118	JPN225	6	4	0	NOT_APPLICABLE	NOT_APPLICABLE	NOT_APPLICABLE	C3	C1	C2	REGION_1|NODE_CONTACT	bridge::RG3_JPN225_PERIOD_M5_1768176000_1768780800_17871390277607299118::EXPANSION::6::TERMINAL
EXPANSION	RG3_JPN225_PERIOD_M5_1768176000_1768780800_17871390277607299118	JPN225	7	4	0	NOT_APPLICABLE	NOT_APPLICABLE	NOT_APPLICABLE	C3	C1	C2	REGION_1|NODE_CONTACT	bridge::RG3_JPN225_PERIOD_M5_1768176000_1768780800_17871390277607299118::EXPANSION::7::TERMINAL
EXPANSION	RG3_JPN225_PERIOD_M5_1768176000_1768780800_17871390277607299118	JPN225	8	4	0	NOT_APPLICABLE	NOT_APPLICABLE	NOT_APPLICABLE	C1	C1	C2	REGION_1|NODE_CONTACT	bridge::RG3_JPN225_PERIOD_M5_1768176000_1768780800_17871390277607299118::EXPANSION::8::TERMINAL
EXPANSION	RG3_JPN225_PERIOD_M5_1768176000_1768780800_17871390277607299118	JPN225	9	4	0	NOT_APPLICABLE	NOT_APPLICABLE	NOT_APPLICABLE	C1	C1	C2	REGION_1|OPEN_CORRIDOR	bridge::RG3_JPN225_PERIOD_M5_1768176000_1768780800_17871390277607299118::EXPANSION::9::TERMINAL
EXPANSION	RG3_JPN225_PERIOD_M5_1768176000_1768780800_17871390277607299118	JPN225	10	4	0	NOT_APPLICABLE	NOT_APPLICABLE	NOT_APPLICABLE	C1	C1	C2	REGION_1|NODE_CONTACT	bridge::RG3_JPN225_PERIOD_M5_1768176000_1768780800_17871390277607299118::EXPANSION::10::TERMINAL
EXPANSION	RG3_JPN225_PERIOD_M5_1768176000_1768780800_17871390277607299118	JPN225	11	4	0	NOT_APPLICABLE	NOT_APPLICABLE	NOT_APPLICABLE	C1	C1	C2	REGION_1|OPEN_CORRIDOR	bridge::RG3_JPN225_PERIOD_M5_1768176000_1768780800_17871390277607299118::EXPANSION::11::TERMINAL
EXPANSION	RG3_JPN225_PERIOD_M5_1768176000_1768780800_17871390277607299118	JPN225	12	4	0	NOT_APPLICABLE	NOT_APPLICABLE	NOT_APPLICABLE	C1	C1	C2	REGION_1|NODE_CONTACT	bridge::RG3_JPN225_PERIOD_M5_1768176000_1768780800_17871390277607299118::EXPANSION::12::TERMINAL
EXPANSION	RG3_JPN225_PERIOD_M5_1768176000_1768780800_17871390277607299118	JPN225	13	4	0	NOT_APPLICABLE	NOT_APPLICABLE	NOT_APPLICABLE	C1	C1	C2	REGION_1|NODE_CONTACT	bridge::RG3_JPN225_PERIOD_M5_1768176000_1768780800_17871390277607299118::EXPANSION::13::TERMINAL
COMPRESSION	RG3_JPN225_PERIOD_M5_1771200000_1771804800_16175888908372551973	JPN225	1	1	0	C1	C1	C1	NOT_APPLICABLE	NOT_APPLICABLE	NOT_APPLICABLE	REGION_0|OPEN_CORRIDOR	bridge::RG3_JPN225_PERIOD_M5_1771200000_1771804800_16175888908372551973::COMPRESSION::1::TERMINAL
COMPRESSION	RG3_JPN225_PERIOD_M5_1771200000_1771804800_16175888908372551973	JPN225	2	2	0	C2	C2	C1	NOT_APPLICABLE	NOT_APPLICABLE	NOT_APPLICABLE	REGION_0|NODE_CONTACT	bridge::RG3_JPN225_PERIOD_M5_1771200000_1771804800_16175888908372551973::COMPRESSION::2::TERMINAL
COMPRESSION	RG3_JPN225_PERIOD_M5_1771200000_1771804800_16175888908372551973	JPN225	3	2	0	C1	C2	C1	NOT_APPLICABLE	NOT_APPLICABLE	NOT_APPLICABLE	REGION_0|NODE_CONTACT	bridge::RG3_JPN225_PERIOD_M5_1771200000_1771804800_16175888908372551973::COMPRESSION::3::TERMINAL
COMPRESSION	RG3_JPN225_PERIOD_M5_1771200000_1771804800_16175888908372551973	JPN225	4	2	0	C1	C2	C1	NOT_APPLICABLE	NOT_APPLICABLE	NOT_APPLICABLE	REGION_0|NODE_CONTACT	bridge::RG3_JPN225_PERIOD_M5_1771200000_1771804800_16175888908372551973::COMPRESSION::4::TERMINAL
COMPRESSION	RG3_JPN225_PERIOD_M5_1771200000_1771804800_16175888908372551973	JPN225	5	1	0	C1	C1	C1	NOT_APPLICABLE	NOT_APPLICABLE	NOT_APPLICABLE	REGION_0|NODE_CONTACT	bridge::RG3_JPN225_PERIOD_M5_1771200000_1771804800_16175888908372551973::COMPRESSION::5::TERMINAL
COMPRESSION	RG3_JPN225_PERIOD_M5_1771200000_1771804800_16175888908372551973	JPN225	6	1	0	C1	C1	C1	NOT_APPLICABLE	NOT_APPLICABLE	NOT_APPLICABLE	REGION_0|OPEN_CORRIDOR	bridge::RG3_JPN225_PERIOD_M5_1771200000_1771804800_16175888908372551973::COMPRESSION::6::TERMINAL
COMPRESSION	RG3_JPN225_PERIOD_M5_1771200000_1771804800_16175888908372551973	JPN225	7	2	0	C1	C2	C1	NOT_APPLICABLE	NOT_APPLICABLE	NOT_APPLICABLE	REGION_0|NODE_CONTACT	bridge::RG3_JPN225_PERIOD_M5_1771200000_1771804800_16175888908372551973::COMPRESSION::7::TERMINAL
COMPRESSION	RG3_JPN225_PERIOD_M5_1771200000_1771804800_16175888908372551973	JPN225	8	2	0	C2	C1	C1	NOT_APPLICABLE	NOT_APPLICABLE	NOT_APPLICABLE	REGION_0|NODE_CONTACT	bridge::RG3_JPN225_PERIOD_M5_1771200000_1771804800_16175888908372551973::COMPRESSION::8::TERMINAL
COMPRESSION	RG3_JPN225_PERIOD_M5_1771200000_1771804800_16175888908372551973	JPN225	9	1	0	C2	C1	C1	NOT_APPLICABLE	NOT_APPLICABLE	NOT_APPLICABLE	REGION_0|NODE_CONTACT	bridge::RG3_JPN225_PERIOD_M5_1771200000_1771804800_16175888908372551973::COMPRESSION::9::TERMINAL
COMPRESSION	RG3_JPN225_PERIOD_M5_1771200000_1771804800_16175888908372551973	JPN225	10	2	0	C1	C2	C1	NOT_APPLICABLE	NOT_APPLICABLE	NOT_APPLICABLE	REGION_0|NODE_CONTACT	bridge::RG3_JPN225_PERIOD_M5_1771200000_1771804800_16175888908372551973::COMPRESSION::10::TERMINAL
COMPRESSION	RG3_JPN225_PERIOD_M5_1771200000_1771804800_16175888908372551973	JPN225	11	2	0	C1	C2	C1	NOT_APPLICABLE	NOT_APPLICABLE	NOT_APPLICABLE	REGION_0|OPEN_CORRIDOR	bridge::RG3_JPN225_PERIOD_M5_1771200000_1771804800_16175888908372551973::COMPRESSION::11::TERMINAL
COMPRESSION	RG3_JPN225_PERIOD_M5_1771200000_1771804800_16175888908372551973	JPN225	12	1	0	C1	C1	C1	NOT_APPLICABLE	NOT_APPLICABLE	NOT_APPLICABLE	REGION_0|OPEN_CORRIDOR	bridge::RG3_JPN225_PERIOD_M5_1771200000_1771804800_16175888908372551973::COMPRESSION::12::TERMINAL
COMPRESSION	RG3_JPN225_PERIOD_M5_1771200000_1771804800_16175888908372551973	JPN225	13	1	0	C1	C1	C1	NOT_APPLICABLE	NOT_APPLICABLE	NOT_APPLICABLE	REGION_0|OPEN_CORRIDOR	bridge::RG3_JPN225_PERIOD_M5_1771200000_1771804800_16175888908372551973::COMPRESSION::13::TERMINAL
COMPRESSION	RG3_JPN225_PERIOD_M5_1771200000_1771804800_16175888908372551973	JPN225	14	1	0	C2	C2	C2	NOT_APPLICABLE	NOT_APPLICABLE	NOT_APPLICABLE	REGION_0|NODE_CONTACT	bridge::RG3_JPN225_PERIOD_M5_1771200000_1771804800_16175888908372551973::COMPRESSION::14::TERMINAL
COMPRESSION	RG3_JPN225_PERIOD_M5_1771200000_1771804800_16175888908372551973	JPN225	15	6	1	NOT_APPLICABLE	NOT_APPLICABLE	NOT_APPLICABLE	NOT_APPLICABLE	NOT_APPLICABLE	NOT_APPLICABLE	NULL_STRUCTURAL_CONTEXT	bridge::RG3_JPN225_PERIOD_M5_1771200000_1771804800_16175888908372551973::COMPRESSION::15::TERMINAL
EXPANSION	RG3_JPN225_PERIOD_M5_1771200000_1771804800_16175888908372551973	JPN225	1	4	0	NOT_APPLICABLE	NOT_APPLICABLE	NOT_APPLICABLE	C1	C1	C2	REGION_0|OPEN_CORRIDOR	bridge::RG3_JPN225_PERIOD_M5_1771200000_1771804800_16175888908372551973::EXPANSION::1::TERMINAL
EXPANSION	RG3_JPN225_PERIOD_M5_1771200000_1771804800_16175888908372551973	JPN225	2	4	0	NOT_APPLICABLE	NOT_APPLICABLE	NOT_APPLICABLE	C1	C1	C2	REGION_0|OPEN_CORRIDOR	bridge::RG3_JPN225_PERIOD_M5_1771200000_1771804800_16175888908372551973::EXPANSION::2::TERMINAL
EXPANSION	RG3_JPN225_PERIOD_M5_1771200000_1771804800_16175888908372551973	JPN225	3	4	0	NOT_APPLICABLE	NOT_APPLICABLE	NOT_APPLICABLE	C3	C2	C2	REGION_0|OPEN_CORRIDOR	bridge::RG3_JPN225_PERIOD_M5_1771200000_1771804800_16175888908372551973::EXPANSION::3::TERMINAL
EXPANSION	RG3_JPN225_PERIOD_M5_1771200000_1771804800_16175888908372551973	JPN225	4	4	0	NOT_APPLICABLE	NOT_APPLICABLE	NOT_APPLICABLE	C1	C1	C2	REGION_0|NODE_CONTACT	bridge::RG3_JPN225_PERIOD_M5_1771200000_1771804800_16175888908372551973::EXPANSION::4::TERMINAL
EXPANSION	RG3_JPN225_PERIOD_M5_1771200000_1771804800_16175888908372551973	JPN225	5	4	0	NOT_APPLICABLE	NOT_APPLICABLE	NOT_APPLICABLE	C1	C1	C2	REGION_0|OPEN_CORRIDOR	bridge::RG3_JPN225_PERIOD_M5_1771200000_1771804800_16175888908372551973::EXPANSION::5::TERMINAL
EXPANSION	RG3_JPN225_PERIOD_M5_1771200000_1771804800_16175888908372551973	JPN225	6	4	0	NOT_APPLICABLE	NOT_APPLICABLE	NOT_APPLICABLE	C1	C1	C2	REGION_0|NODE_CONTACT	bridge::RG3_JPN225_PERIOD_M5_1771200000_1771804800_16175888908372551973::EXPANSION::6::TERMINAL
EXPANSION	RG3_JPN225_PERIOD_M5_1771200000_1771804800_16175888908372551973	JPN225	7	4	0	NOT_APPLICABLE	NOT_APPLICABLE	NOT_APPLICABLE	C1	C1	C2	REGION_0|NODE_CONTACT	bridge::RG3_JPN225_PERIOD_M5_1771200000_1771804800_16175888908372551973::EXPANSION::7::TERMINAL
EXPANSION	RG3_JPN225_PERIOD_M5_1771200000_1771804800_16175888908372551973	JPN225	8	4	0	NOT_APPLICABLE	NOT_APPLICABLE	NOT_APPLICABLE	C1	C1	C2	REGION_0|OPEN_CORRIDOR	bridge::RG3_JPN225_PERIOD_M5_1771200000_1771804800_16175888908372551973::EXPANSION::8::TERMINAL
EXPANSION	RG3_JPN225_PERIOD_M5_1771200000_1771804800_16175888908372551973	JPN225	9	4	0	NOT_APPLICABLE	NOT_APPLICABLE	NOT_APPLICABLE	C1	C1	C2	REGION_0|OPEN_CORRIDOR	bridge::RG3_JPN225_PERIOD_M5_1771200000_1771804800_16175888908372551973::EXPANSION::9::TERMINAL
EXPANSION	RG3_JPN225_PERIOD_M5_1771200000_1771804800_16175888908372551973	JPN225	10	4	0	NOT_APPLICABLE	NOT_APPLICABLE	NOT_APPLICABLE	C1	C1	C1	REGION_0|NODE_CONTACT	bridge::RG3_JPN225_PERIOD_M5_1771200000_1771804800_16175888908372551973::EXPANSION::10::TERMINAL
EXPANSION	RG3_JPN225_PERIOD_M5_1771200000_1771804800_16175888908372551973	JPN225	11	4	0	NOT_APPLICABLE	NOT_APPLICABLE	NOT_APPLICABLE	C1	C1	C2	REGION_0|NODE_CONTACT	bridge::RG3_JPN225_PERIOD_M5_1771200000_1771804800_16175888908372551973::EXPANSION::11::TERMINAL
EXPANSION	RG3_JPN225_PERIOD_M5_1771200000_1771804800_16175888908372551973	JPN225	12	4	0	NOT_APPLICABLE	NOT_APPLICABLE	NOT_APPLICABLE	C3	C2	C1	REGION_0|OPEN_CORRIDOR	bridge::RG3_JPN225_PERIOD_M5_1771200000_1771804800_16175888908372551973::EXPANSION::12::TERMINAL
EXPANSION	RG3_JPN225_PERIOD_M5_1771200000_1771804800_16175888908372551973	JPN225	13	4	0	NOT_APPLICABLE	NOT_APPLICABLE	NOT_APPLICABLE	C1	C2	C1	REGION_0|OPEN_CORRIDOR	bridge::RG3_JPN225_PERIOD_M5_1771200000_1771804800_16175888908372551973::EXPANSION::13::TERMINAL
EXPANSION	RG3_JPN225_PERIOD_M5_1771200000_1771804800_16175888908372551973	JPN225	14	4	0	NOT_APPLICABLE	NOT_APPLICABLE	NOT_APPLICABLE	C3	C1	C2	REGION_0|NODE_CONTACT	bridge::RG3_JPN225_PERIOD_M5_1771200000_1771804800_16175888908372551973::EXPANSION::14::TERMINAL
COMPRESSION	RG3_JPN225_PERIOD_M5_1774224000_1774828800_828979282129269557	JPN225	1	2	0	C1	C2	C1	NOT_APPLICABLE	NOT_APPLICABLE	NOT_APPLICABLE	REGION_-2|NODE_CONTACT	bridge::RG3_JPN225_PERIOD_M5_1774224000_1774828800_828979282129269557::COMPRESSION::1::TERMINAL
COMPRESSION	RG3_JPN225_PERIOD_M5_1774224000_1774828800_828979282129269557	JPN225	2	2	0	C1	C2	C1	NOT_APPLICABLE	NOT_APPLICABLE	NOT_APPLICABLE	REGION_-1|NODE_CONTACT	bridge::RG3_JPN225_PERIOD_M5_1774224000_1774828800_828979282129269557::COMPRESSION::2::TERMINAL
COMPRESSION	RG3_JPN225_PERIOD_M5_1774224000_1774828800_828979282129269557	JPN225	3	1	0	C2	C1	C1	NOT_APPLICABLE	NOT_APPLICABLE	NOT_APPLICABLE	REGION_-1|NODE_CONTACT	bridge::RG3_JPN225_PERIOD_M5_1774224000_1774828800_828979282129269557::COMPRESSION::3::TERMINAL
COMPRESSION	RG3_JPN225_PERIOD_M5_1774224000_1774828800_828979282129269557	JPN225	4	1	0	C1	C1	C1	NOT_APPLICABLE	NOT_APPLICABLE	NOT_APPLICABLE	REGION_-1|NODE_CONTACT	bridge::RG3_JPN225_PERIOD_M5_1774224000_1774828800_828979282129269557::COMPRESSION::4::TERMINAL
COMPRESSION	RG3_JPN225_PERIOD_M5_1774224000_1774828800_828979282129269557	JPN225	5	1	0	C2	C1	C1	NOT_APPLICABLE	NOT_APPLICABLE	NOT_APPLICABLE	REGION_-1|NODE_CONTACT	bridge::RG3_JPN225_PERIOD_M5_1774224000_1774828800_828979282129269557::COMPRESSION::5::TERMINAL
COMPRESSION	RG3_JPN225_PERIOD_M5_1774224000_1774828800_828979282129269557	JPN225	6	2	0	C2	C2	C1	NOT_APPLICABLE	NOT_APPLICABLE	NOT_APPLICABLE	REGION_-1|NODE_CONTACT	bridge::RG3_JPN225_PERIOD_M5_1774224000_1774828800_828979282129269557::COMPRESSION::6::TERMINAL
COMPRESSION	RG3_JPN225_PERIOD_M5_1774224000_1774828800_828979282129269557	JPN225	7	2	0	C1	C2	C1	NOT_APPLICABLE	NOT_APPLICABLE	NOT_APPLICABLE	REGION_-2|NODE_CONTACT	bridge::RG3_JPN225_PERIOD_M5_1774224000_1774828800_828979282129269557::COMPRESSION::7::TERMINAL
COMPRESSION	RG3_JPN225_PERIOD_M5_1774224000_1774828800_828979282129269557	JPN225	8	2	0	C1	C2	C2	NOT_APPLICABLE	NOT_APPLICABLE	NOT_APPLICABLE	REGION_-2|NODE_CONTACT	bridge::RG3_JPN225_PERIOD_M5_1774224000_1774828800_828979282129269557::COMPRESSION::8::TERMINAL
COMPRESSION	RG3_JPN225_PERIOD_M5_1774224000_1774828800_828979282129269557	JPN225	9	2	0	C1	C2	C1	NOT_APPLICABLE	NOT_APPLICABLE	NOT_APPLICABLE	REGION_-2|NODE_CONTACT	bridge::RG3_JPN225_PERIOD_M5_1774224000_1774828800_828979282129269557::COMPRESSION::9::TERMINAL
COMPRESSION	RG3_JPN225_PERIOD_M5_1774224000_1774828800_828979282129269557	JPN225	10	2	0	C1	C2	C1	NOT_APPLICABLE	NOT_APPLICABLE	NOT_APPLICABLE	REGION_-2|NODE_CONTACT	bridge::RG3_JPN225_PERIOD_M5_1774224000_1774828800_828979282129269557::COMPRESSION::10::TERMINAL
COMPRESSION	RG3_JPN225_PERIOD_M5_1774224000_1774828800_828979282129269557	JPN225	11	1	0	C1	C1	C1	NOT_APPLICABLE	NOT_APPLICABLE	NOT_APPLICABLE	REGION_-2|NODE_CONTACT	bridge::RG3_JPN225_PERIOD_M5_1774224000_1774828800_828979282129269557::COMPRESSION::11::TERMINAL
COMPRESSION	RG3_JPN225_PERIOD_M5_1774224000_1774828800_828979282129269557	JPN225	12	2	0	C1	C2	C1	NOT_APPLICABLE	NOT_APPLICABLE	NOT_APPLICABLE	REGION_-2|NODE_CONTACT	bridge::RG3_JPN225_PERIOD_M5_1774224000_1774828800_828979282129269557::COMPRESSION::12::TERMINAL
COMPRESSION	RG3_JPN225_PERIOD_M5_1774224000_1774828800_828979282129269557	JPN225	13	2	0	C1	C2	C1	NOT_APPLICABLE	NOT_APPLICABLE	NOT_APPLICABLE	REGION_-2|NODE_CONTACT	bridge::RG3_JPN225_PERIOD_M5_1774224000_1774828800_828979282129269557::COMPRESSION::13::TERMINAL
EXPANSION	RG3_JPN225_PERIOD_M5_1774224000_1774828800_828979282129269557	JPN225	1	4	0	NOT_APPLICABLE	NOT_APPLICABLE	NOT_APPLICABLE	C1	C1	C2	REGION_-1|NODE_CONTACT	bridge::RG3_JPN225_PERIOD_M5_1774224000_1774828800_828979282129269557::EXPANSION::1::TERMINAL
EXPANSION	RG3_JPN225_PERIOD_M5_1774224000_1774828800_828979282129269557	JPN225	2	4	0	NOT_APPLICABLE	NOT_APPLICABLE	NOT_APPLICABLE	C1	C2	C3	REGION_-1|NODE_CONTACT	bridge::RG3_JPN225_PERIOD_M5_1774224000_1774828800_828979282129269557::EXPANSION::2::TERMINAL
EXPANSION	RG3_JPN225_PERIOD_M5_1774224000_1774828800_828979282129269557	JPN225	3	4	0	NOT_APPLICABLE	NOT_APPLICABLE	NOT_APPLICABLE	C1	C2	C2	REGION_-1|NODE_CONTACT	bridge::RG3_JPN225_PERIOD_M5_1774224000_1774828800_828979282129269557::EXPANSION::3::TERMINAL
EXPANSION	RG3_JPN225_PERIOD_M5_1774224000_1774828800_828979282129269557	JPN225	4	4	0	NOT_APPLICABLE	NOT_APPLICABLE	NOT_APPLICABLE	C1	C1	C2	REGION_-1|NODE_CONTACT	bridge::RG3_JPN225_PERIOD_M5_1774224000_1774828800_828979282129269557::EXPANSION::4::TERMINAL
EXPANSION	RG3_JPN225_PERIOD_M5_1774224000_1774828800_828979282129269557	JPN225	5	4	0	NOT_APPLICABLE	NOT_APPLICABLE	NOT_APPLICABLE	C1	C2	C1	REGION_-1|NODE_CONTACT	bridge::RG3_JPN225_PERIOD_M5_1774224000_1774828800_828979282129269557::EXPANSION::5::TERMINAL
EXPANSION	RG3_JPN225_PERIOD_M5_1774224000_1774828800_828979282129269557	JPN225	6	4	0	NOT_APPLICABLE	NOT_APPLICABLE	NOT_APPLICABLE	C1	C1	C2	REGION_-1|NODE_CONTACT	bridge::RG3_JPN225_PERIOD_M5_1774224000_1774828800_828979282129269557::EXPANSION::6::TERMINAL
EXPANSION	RG3_JPN225_PERIOD_M5_1774224000_1774828800_828979282129269557	JPN225	7	4	0	NOT_APPLICABLE	NOT_APPLICABLE	NOT_APPLICABLE	C1	C1	C2	REGION_-1|NODE_CONTACT	bridge::RG3_JPN225_PERIOD_M5_1774224000_1774828800_828979282129269557::EXPANSION::7::TERMINAL
EXPANSION	RG3_JPN225_PERIOD_M5_1774224000_1774828800_828979282129269557	JPN225	8	4	0	NOT_APPLICABLE	NOT_APPLICABLE	NOT_APPLICABLE	C3	C1	C2	REGION_-2|NODE_CONTACT	bridge::RG3_JPN225_PERIOD_M5_1774224000_1774828800_828979282129269557::EXPANSION::8::TERMINAL
EXPANSION	RG3_JPN225_PERIOD_M5_1774224000_1774828800_828979282129269557	JPN225	9	4	0	NOT_APPLICABLE	NOT_APPLICABLE	NOT_APPLICABLE	C3	C1	C2	REGION_-2|NODE_CONTACT	bridge::RG3_JPN225_PERIOD_M5_1774224000_1774828800_828979282129269557::EXPANSION::9::TERMINAL
EXPANSION	RG3_JPN225_PERIOD_M5_1774224000_1774828800_828979282129269557	JPN225	10	4	0	NOT_APPLICABLE	NOT_APPLICABLE	NOT_APPLICABLE	C1	C2	C2	REGION_-2|NODE_CONTACT	bridge::RG3_JPN225_PERIOD_M5_1774224000_1774828800_828979282129269557::EXPANSION::10::TERMINAL
EXPANSION	RG3_JPN225_PERIOD_M5_1774224000_1774828800_828979282129269557	JPN225	11	4	0	NOT_APPLICABLE	NOT_APPLICABLE	NOT_APPLICABLE	C3	C1	C2	REGION_-2|NODE_CONTACT	bridge::RG3_JPN225_PERIOD_M5_1774224000_1774828800_828979282129269557::EXPANSION::11::TERMINAL
EXPANSION	RG3_JPN225_PERIOD_M5_1774224000_1774828800_828979282129269557	JPN225	12	4	0	NOT_APPLICABLE	NOT_APPLICABLE	NOT_APPLICABLE	C1	C1	C2	REGION_-2|NODE_CONTACT	bridge::RG3_JPN225_PERIOD_M5_1774224000_1774828800_828979282129269557::EXPANSION::12::TERMINAL
EXPANSION	RG3_JPN225_PERIOD_M5_1774224000_1774828800_828979282129269557	JPN225	13	6	1	NOT_APPLICABLE	NOT_APPLICABLE	NOT_APPLICABLE	NOT_APPLICABLE	NOT_APPLICABLE	NOT_APPLICABLE	NULL_STRUCTURAL_CONTEXT	bridge::RG3_JPN225_PERIOD_M5_1774224000_1774828800_828979282129269557::EXPANSION::13::TERMINAL
COMPRESSION	RG3_JPN225_PERIOD_M5_1777852800_1778457600_731365208587059786	JPN225	1	1	0	C2	C1	C1	NOT_APPLICABLE	NOT_APPLICABLE	NOT_APPLICABLE	REGION_1|NODE_CONTACT	bridge::RG3_JPN225_PERIOD_M5_1777852800_1778457600_731365208587059786::COMPRESSION::1::TERMINAL
COMPRESSION	RG3_JPN225_PERIOD_M5_1777852800_1778457600_731365208587059786	JPN225	2	2	0	C1	C2	C2	NOT_APPLICABLE	NOT_APPLICABLE	NOT_APPLICABLE	REGION_1|NODE_CONTACT	bridge::RG3_JPN225_PERIOD_M5_1777852800_1778457600_731365208587059786::COMPRESSION::2::TERMINAL
COMPRESSION	RG3_JPN225_PERIOD_M5_1777852800_1778457600_731365208587059786	JPN225	3	1	0	C1	C1	C1	NOT_APPLICABLE	NOT_APPLICABLE	NOT_APPLICABLE	REGION_1|NODE_CONTACT	bridge::RG3_JPN225_PERIOD_M5_1777852800_1778457600_731365208587059786::COMPRESSION::3::TERMINAL
COMPRESSION	RG3_JPN225_PERIOD_M5_1777852800_1778457600_731365208587059786	JPN225	4	1	0	C1	C1	C1	NOT_APPLICABLE	NOT_APPLICABLE	NOT_APPLICABLE	REGION_1|NODE_CONTACT	bridge::RG3_JPN225_PERIOD_M5_1777852800_1778457600_731365208587059786::COMPRESSION::4::TERMINAL
COMPRESSION	RG3_JPN225_PERIOD_M5_1777852800_1778457600_731365208587059786	JPN225	5	1	0	C2	C1	C1	NOT_APPLICABLE	NOT_APPLICABLE	NOT_APPLICABLE	REGION_1|NODE_CONTACT	bridge::RG3_JPN225_PERIOD_M5_1777852800_1778457600_731365208587059786::COMPRESSION::5::TERMINAL
COMPRESSION	RG3_JPN225_PERIOD_M5_1777852800_1778457600_731365208587059786	JPN225	6	1	0	C1	C1	C1	NOT_APPLICABLE	NOT_APPLICABLE	NOT_APPLICABLE	REGION_1|NODE_CONTACT	bridge::RG3_JPN225_PERIOD_M5_1777852800_1778457600_731365208587059786::COMPRESSION::6::TERMINAL
COMPRESSION	RG3_JPN225_PERIOD_M5_1777852800_1778457600_731365208587059786	JPN225	7	1	0	C1	C1	C1	NOT_APPLICABLE	NOT_APPLICABLE	NOT_APPLICABLE	REGION_1|NODE_CONTACT	bridge::RG3_JPN225_PERIOD_M5_1777852800_1778457600_731365208587059786::COMPRESSION::7::TERMINAL
COMPRESSION	RG3_JPN225_PERIOD_M5_1777852800_1778457600_731365208587059786	JPN225	8	1	0	C2	C1	C1	NOT_APPLICABLE	NOT_APPLICABLE	NOT_APPLICABLE	REGION_1|NODE_CONTACT	bridge::RG3_JPN225_PERIOD_M5_1777852800_1778457600_731365208587059786::COMPRESSION::8::TERMINAL
COMPRESSION	RG3_JPN225_PERIOD_M5_1777852800_1778457600_731365208587059786	JPN225	9	1	0	C1	C1	C2	NOT_APPLICABLE	NOT_APPLICABLE	NOT_APPLICABLE	REGION_1|NODE_CONTACT	bridge::RG3_JPN225_PERIOD_M5_1777852800_1778457600_731365208587059786::COMPRESSION::9::TERMINAL
COMPRESSION	RG3_JPN225_PERIOD_M5_1777852800_1778457600_731365208587059786	JPN225	10	1	0	C1	C1	C1	NOT_APPLICABLE	NOT_APPLICABLE	NOT_APPLICABLE	REGION_1|OPEN_CORRIDOR	bridge::RG3_JPN225_PERIOD_M5_1777852800_1778457600_731365208587059786::COMPRESSION::10::TERMINAL
COMPRESSION	RG3_JPN225_PERIOD_M5_1777852800_1778457600_731365208587059786	JPN225	11	1	0	C1	C1	C1	NOT_APPLICABLE	NOT_APPLICABLE	NOT_APPLICABLE	REGION_1|NODE_CONTACT	bridge::RG3_JPN225_PERIOD_M5_1777852800_1778457600_731365208587059786::COMPRESSION::11::TERMINAL
EXPANSION	RG3_JPN225_PERIOD_M5_1777852800_1778457600_731365208587059786	JPN225	1	4	0	NOT_APPLICABLE	NOT_APPLICABLE	NOT_APPLICABLE	C1	C1	C2	REGION_1|NODE_CONTACT	bridge::RG3_JPN225_PERIOD_M5_1777852800_1778457600_731365208587059786::EXPANSION::1::TERMINAL
EXPANSION	RG3_JPN225_PERIOD_M5_1777852800_1778457600_731365208587059786	JPN225	2	4	0	NOT_APPLICABLE	NOT_APPLICABLE	NOT_APPLICABLE	C3	C1	C2	REGION_1|NODE_CONTACT	bridge::RG3_JPN225_PERIOD_M5_1777852800_1778457600_731365208587059786::EXPANSION::2::TERMINAL
EXPANSION	RG3_JPN225_PERIOD_M5_1777852800_1778457600_731365208587059786	JPN225	3	4	0	NOT_APPLICABLE	NOT_APPLICABLE	NOT_APPLICABLE	C1	C1	C2	REGION_1|NODE_CONTACT	bridge::RG3_JPN225_PERIOD_M5_1777852800_1778457600_731365208587059786::EXPANSION::3::TERMINAL
EXPANSION	RG3_JPN225_PERIOD_M5_1777852800_1778457600_731365208587059786	JPN225	4	4	0	NOT_APPLICABLE	NOT_APPLICABLE	NOT_APPLICABLE	C1	C1	C2	REGION_1|NODE_CONTACT	bridge::RG3_JPN225_PERIOD_M5_1777852800_1778457600_731365208587059786::EXPANSION::4::TERMINAL
EXPANSION	RG3_JPN225_PERIOD_M5_1777852800_1778457600_731365208587059786	JPN225	5	4	0	NOT_APPLICABLE	NOT_APPLICABLE	NOT_APPLICABLE	C1	C1	C2	REGION_1|NODE_CONTACT	bridge::RG3_JPN225_PERIOD_M5_1777852800_1778457600_731365208587059786::EXPANSION::5::TERMINAL
EXPANSION	RG3_JPN225_PERIOD_M5_1777852800_1778457600_731365208587059786	JPN225	6	4	0	NOT_APPLICABLE	NOT_APPLICABLE	NOT_APPLICABLE	C3	C1	C3	REGION_1|NODE_CONTACT	bridge::RG3_JPN225_PERIOD_M5_1777852800_1778457600_731365208587059786::EXPANSION::6::TERMINAL
EXPANSION	RG3_JPN225_PERIOD_M5_1777852800_1778457600_731365208587059786	JPN225	7	4	0	NOT_APPLICABLE	NOT_APPLICABLE	NOT_APPLICABLE	C1	C1	C2	REGION_1|NODE_CONTACT	bridge::RG3_JPN225_PERIOD_M5_1777852800_1778457600_731365208587059786::EXPANSION::7::TERMINAL
EXPANSION	RG3_JPN225_PERIOD_M5_1777852800_1778457600_731365208587059786	JPN225	8	4	0	NOT_APPLICABLE	NOT_APPLICABLE	NOT_APPLICABLE	C3	C1	C3	REGION_1|NODE_CONTACT	bridge::RG3_JPN225_PERIOD_M5_1777852800_1778457600_731365208587059786::EXPANSION::8::TERMINAL
EXPANSION	RG3_JPN225_PERIOD_M5_1777852800_1778457600_731365208587059786	JPN225	9	5	1	NOT_APPLICABLE	NOT_APPLICABLE	NOT_APPLICABLE	NOT_APPLICABLE	NOT_APPLICABLE	NOT_APPLICABLE	REGION_1|OPEN_CORRIDOR	bridge::RG3_JPN225_PERIOD_M5_1777852800_1778457600_731365208587059786::EXPANSION::9::TERMINAL
EXPANSION	RG3_JPN225_PERIOD_M5_1777852800_1778457600_731365208587059786	JPN225	10	4	0	NOT_APPLICABLE	NOT_APPLICABLE	NOT_APPLICABLE	C1	C1	C2	REGION_1|NODE_CONTACT	bridge::RG3_JPN225_PERIOD_M5_1777852800_1778457600_731365208587059786::EXPANSION::10::TERMINAL
EXPANSION	RG3_JPN225_PERIOD_M5_1777852800_1778457600_731365208587059786	JPN225	11	6	1	NOT_APPLICABLE	NOT_APPLICABLE	NOT_APPLICABLE	NOT_APPLICABLE	NOT_APPLICABLE	NOT_APPLICABLE	NULL_STRUCTURAL_CONTEXT	bridge::RG3_JPN225_PERIOD_M5_1777852800_1778457600_731365208587059786::EXPANSION::11::TERMINAL
COMPRESSION	RG3_JPN225_PERIOD_M5_1781481600_1782086400_9437459071525760070	JPN225	1	2	0	C1	C2	C1	NOT_APPLICABLE	NOT_APPLICABLE	NOT_APPLICABLE	REGION_2|NODE_CONTACT	bridge::RG3_JPN225_PERIOD_M5_1781481600_1782086400_9437459071525760070::COMPRESSION::1::TERMINAL
COMPRESSION	RG3_JPN225_PERIOD_M5_1781481600_1782086400_9437459071525760070	JPN225	2	1	0	C1	C1	C1	NOT_APPLICABLE	NOT_APPLICABLE	NOT_APPLICABLE	REGION_2|NODE_CONTACT	bridge::RG3_JPN225_PERIOD_M5_1781481600_1782086400_9437459071525760070::COMPRESSION::2::TERMINAL
COMPRESSION	RG3_JPN225_PERIOD_M5_1781481600_1782086400_9437459071525760070	JPN225	3	1	0	C2	C1	C1	NOT_APPLICABLE	NOT_APPLICABLE	NOT_APPLICABLE	REGION_2|NODE_CONTACT	bridge::RG3_JPN225_PERIOD_M5_1781481600_1782086400_9437459071525760070::COMPRESSION::3::TERMINAL
COMPRESSION	RG3_JPN225_PERIOD_M5_1781481600_1782086400_9437459071525760070	JPN225	4	2	0	C1	C1	C1	NOT_APPLICABLE	NOT_APPLICABLE	NOT_APPLICABLE	REGION_1|NODE_CONTACT	bridge::RG3_JPN225_PERIOD_M5_1781481600_1782086400_9437459071525760070::COMPRESSION::4::TERMINAL
COMPRESSION	RG3_JPN225_PERIOD_M5_1781481600_1782086400_9437459071525760070	JPN225	5	1	0	C2	C1	C1	NOT_APPLICABLE	NOT_APPLICABLE	NOT_APPLICABLE	REGION_2|NODE_CONTACT	bridge::RG3_JPN225_PERIOD_M5_1781481600_1782086400_9437459071525760070::COMPRESSION::5::TERMINAL
COMPRESSION	RG3_JPN225_PERIOD_M5_1781481600_1782086400_9437459071525760070	JPN225	6	1	0	C2	C1	C1	NOT_APPLICABLE	NOT_APPLICABLE	NOT_APPLICABLE	REGION_2|NODE_CONTACT	bridge::RG3_JPN225_PERIOD_M5_1781481600_1782086400_9437459071525760070::COMPRESSION::6::TERMINAL
COMPRESSION	RG3_JPN225_PERIOD_M5_1781481600_1782086400_9437459071525760070	JPN225	7	2	0	C1	C2	C1	NOT_APPLICABLE	NOT_APPLICABLE	NOT_APPLICABLE	REGION_1|NODE_CONTACT	bridge::RG3_JPN225_PERIOD_M5_1781481600_1782086400_9437459071525760070::COMPRESSION::7::TERMINAL
COMPRESSION	RG3_JPN225_PERIOD_M5_1781481600_1782086400_9437459071525760070	JPN225	8	1	0	C2	C1	C1	NOT_APPLICABLE	NOT_APPLICABLE	NOT_APPLICABLE	REGION_1|NODE_CONTACT	bridge::RG3_JPN225_PERIOD_M5_1781481600_1782086400_9437459071525760070::COMPRESSION::8::TERMINAL
COMPRESSION	RG3_JPN225_PERIOD_M5_1781481600_1782086400_9437459071525760070	JPN225	9	1	0	C1	C1	C1	NOT_APPLICABLE	NOT_APPLICABLE	NOT_APPLICABLE	REGION_1|NODE_CONTACT	bridge::RG3_JPN225_PERIOD_M5_1781481600_1782086400_9437459071525760070::COMPRESSION::9::TERMINAL
COMPRESSION	RG3_JPN225_PERIOD_M5_1781481600_1782086400_9437459071525760070	JPN225	10	2	0	C1	C2	C1	NOT_APPLICABLE	NOT_APPLICABLE	NOT_APPLICABLE	REGION_1|NODE_CONTACT	bridge::RG3_JPN225_PERIOD_M5_1781481600_1782086400_9437459071525760070::COMPRESSION::10::TERMINAL
COMPRESSION	RG3_JPN225_PERIOD_M5_1781481600_1782086400_9437459071525760070	JPN225	11	1	0	C1	C1	C1	NOT_APPLICABLE	NOT_APPLICABLE	NOT_APPLICABLE	REGION_1|NODE_CONTACT	bridge::RG3_JPN225_PERIOD_M5_1781481600_1782086400_9437459071525760070::COMPRESSION::11::TERMINAL
COMPRESSION	RG3_JPN225_PERIOD_M5_1781481600_1782086400_9437459071525760070	JPN225	12	2	0	C1	C2	C2	NOT_APPLICABLE	NOT_APPLICABLE	NOT_APPLICABLE	REGION_2|NODE_CONTACT	bridge::RG3_JPN225_PERIOD_M5_1781481600_1782086400_9437459071525760070::COMPRESSION::12::TERMINAL
COMPRESSION	RG3_JPN225_PERIOD_M5_1781481600_1782086400_9437459071525760070	JPN225	13	1	0	C2	C1	C1	NOT_APPLICABLE	NOT_APPLICABLE	NOT_APPLICABLE	REGION_2|NODE_CONTACT	bridge::RG3_JPN225_PERIOD_M5_1781481600_1782086400_9437459071525760070::COMPRESSION::13::TERMINAL
COMPRESSION	RG3_JPN225_PERIOD_M5_1781481600_1782086400_9437459071525760070	JPN225	14	1	0	C1	C1	C1	NOT_APPLICABLE	NOT_APPLICABLE	NOT_APPLICABLE	REGION_2|NODE_CONTACT	bridge::RG3_JPN225_PERIOD_M5_1781481600_1782086400_9437459071525760070::COMPRESSION::14::TERMINAL
COMPRESSION	RG3_JPN225_PERIOD_M5_1781481600_1782086400_9437459071525760070	JPN225	15	2	0	C1	C2	C1	NOT_APPLICABLE	NOT_APPLICABLE	NOT_APPLICABLE	REGION_2|NODE_CONTACT	bridge::RG3_JPN225_PERIOD_M5_1781481600_1782086400_9437459071525760070::COMPRESSION::15::TERMINAL
COMPRESSION	RG3_JPN225_PERIOD_M5_1781481600_1782086400_9437459071525760070	JPN225	16	2	0	C1	C1	C1	NOT_APPLICABLE	NOT_APPLICABLE	NOT_APPLICABLE	REGION_2|NODE_CONTACT	bridge::RG3_JPN225_PERIOD_M5_1781481600_1782086400_9437459071525760070::COMPRESSION::16::TERMINAL
COMPRESSION	RG3_JPN225_PERIOD_M5_1781481600_1782086400_9437459071525760070	JPN225	17	6	1	NOT_APPLICABLE	NOT_APPLICABLE	NOT_APPLICABLE	NOT_APPLICABLE	NOT_APPLICABLE	NOT_APPLICABLE	NULL_STRUCTURAL_CONTEXT	bridge::RG3_JPN225_PERIOD_M5_1781481600_1782086400_9437459071525760070::COMPRESSION::17::TERMINAL
EXPANSION	RG3_JPN225_PERIOD_M5_1781481600_1782086400_9437459071525760070	JPN225	1	4	0	NOT_APPLICABLE	NOT_APPLICABLE	NOT_APPLICABLE	C1	C1	C2	REGION_2|NODE_CONTACT	bridge::RG3_JPN225_PERIOD_M5_1781481600_1782086400_9437459071525760070::EXPANSION::1::TERMINAL
EXPANSION	RG3_JPN225_PERIOD_M5_1781481600_1782086400_9437459071525760070	JPN225	2	4	0	NOT_APPLICABLE	NOT_APPLICABLE	NOT_APPLICABLE	C1	C1	C2	REGION_2|NODE_CONTACT	bridge::RG3_JPN225_PERIOD_M5_1781481600_1782086400_9437459071525760070::EXPANSION::2::TERMINAL
EXPANSION	RG3_JPN225_PERIOD_M5_1781481600_1782086400_9437459071525760070	JPN225	3	4	0	NOT_APPLICABLE	NOT_APPLICABLE	NOT_APPLICABLE	C1	C1	C2	REGION_2|NODE_CONTACT	bridge::RG3_JPN225_PERIOD_M5_1781481600_1782086400_9437459071525760070::EXPANSION::3::TERMINAL
EXPANSION	RG3_JPN225_PERIOD_M5_1781481600_1782086400_9437459071525760070	JPN225	4	4	0	NOT_APPLICABLE	NOT_APPLICABLE	NOT_APPLICABLE	C1	C1	C2	REGION_2|NODE_CONTACT	bridge::RG3_JPN225_PERIOD_M5_1781481600_1782086400_9437459071525760070::EXPANSION::4::TERMINAL
EXPANSION	RG3_JPN225_PERIOD_M5_1781481600_1782086400_9437459071525760070	JPN225	5	4	0	NOT_APPLICABLE	NOT_APPLICABLE	NOT_APPLICABLE	C3	C1	C2	REGION_2|NODE_CONTACT	bridge::RG3_JPN225_PERIOD_M5_1781481600_1782086400_9437459071525760070::EXPANSION::5::TERMINAL
EXPANSION	RG3_JPN225_PERIOD_M5_1781481600_1782086400_9437459071525760070	JPN225	6	4	0	NOT_APPLICABLE	NOT_APPLICABLE	NOT_APPLICABLE	C1	C1	C2	REGION_2|NODE_CONTACT	bridge::RG3_JPN225_PERIOD_M5_1781481600_1782086400_9437459071525760070::EXPANSION::6::TERMINAL
EXPANSION	RG3_JPN225_PERIOD_M5_1781481600_1782086400_9437459071525760070	JPN225	7	4	0	NOT_APPLICABLE	NOT_APPLICABLE	NOT_APPLICABLE	C1	C1	C2	REGION_1|NODE_CONTACT	bridge::RG3_JPN225_PERIOD_M5_1781481600_1782086400_9437459071525760070::EXPANSION::7::TERMINAL
EXPANSION	RG3_JPN225_PERIOD_M5_1781481600_1782086400_9437459071525760070	JPN225	8	4	0	NOT_APPLICABLE	NOT_APPLICABLE	NOT_APPLICABLE	C1	C1	C2	REGION_1|OPEN_CORRIDOR	bridge::RG3_JPN225_PERIOD_M5_1781481600_1782086400_9437459071525760070::EXPANSION::8::TERMINAL
EXPANSION	RG3_JPN225_PERIOD_M5_1781481600_1782086400_9437459071525760070	JPN225	9	4	0	NOT_APPLICABLE	NOT_APPLICABLE	NOT_APPLICABLE	C1	C1	C2	REGION_1|OPEN_CORRIDOR	bridge::RG3_JPN225_PERIOD_M5_1781481600_1782086400_9437459071525760070::EXPANSION::9::TERMINAL
EXPANSION	RG3_JPN225_PERIOD_M5_1781481600_1782086400_9437459071525760070	JPN225	10	4	0	NOT_APPLICABLE	NOT_APPLICABLE	NOT_APPLICABLE	NULL_FAMILY	C1	C2	REGION_1|OPEN_CORRIDOR	bridge::RG3_JPN225_PERIOD_M5_1781481600_1782086400_9437459071525760070::EXPANSION::10::TERMINAL
EXPANSION	RG3_JPN225_PERIOD_M5_1781481600_1782086400_9437459071525760070	JPN225	11	4	0	NOT_APPLICABLE	NOT_APPLICABLE	NOT_APPLICABLE	C1	C1	C2	REGION_2|NODE_CONTACT	bridge::RG3_JPN225_PERIOD_M5_1781481600_1782086400_9437459071525760070::EXPANSION::11::TERMINAL
EXPANSION	RG3_JPN225_PERIOD_M5_1781481600_1782086400_9437459071525760070	JPN225	12	4	0	NOT_APPLICABLE	NOT_APPLICABLE	NOT_APPLICABLE	C3	C1	C2	REGION_1|NODE_CONTACT	bridge::RG3_JPN225_PERIOD_M5_1781481600_1782086400_9437459071525760070::EXPANSION::12::TERMINAL
EXPANSION	RG3_JPN225_PERIOD_M5_1781481600_1782086400_9437459071525760070	JPN225	13	4	0	NOT_APPLICABLE	NOT_APPLICABLE	NOT_APPLICABLE	C3	C1	C2	REGION_2|NODE_CONTACT	bridge::RG3_JPN225_PERIOD_M5_1781481600_1782086400_9437459071525760070::EXPANSION::13::TERMINAL
EXPANSION	RG3_JPN225_PERIOD_M5_1781481600_1782086400_9437459071525760070	JPN225	14	4	0	NOT_APPLICABLE	NOT_APPLICABLE	NOT_APPLICABLE	C1	C1	C2	REGION_2|OPEN_CORRIDOR	bridge::RG3_JPN225_PERIOD_M5_1781481600_1782086400_9437459071525760070::EXPANSION::14::TERMINAL
EXPANSION	RG3_JPN225_PERIOD_M5_1781481600_1782086400_9437459071525760070	JPN225	15	4	0	NOT_APPLICABLE	NOT_APPLICABLE	NOT_APPLICABLE	C3	C1	C1	REGION_2|NODE_CONTACT	bridge::RG3_JPN225_PERIOD_M5_1781481600_1782086400_9437459071525760070::EXPANSION::15::TERMINAL
EXPANSION	RG3_JPN225_PERIOD_M5_1781481600_1782086400_9437459071525760070	JPN225	16	4	0	NOT_APPLICABLE	NOT_APPLICABLE	NOT_APPLICABLE	C1	C2	C2	REGION_2|NODE_CONTACT	bridge::RG3_JPN225_PERIOD_M5_1781481600_1782086400_9437459071525760070::EXPANSION::16::TERMINAL
COMPRESSION	RG3_JPN225_PERIOD_M5_1783900800_1784505600_16697415774406944896	JPN225	1	1	0	C2	C1	C1	NOT_APPLICABLE	NOT_APPLICABLE	NOT_APPLICABLE	REGION_1|NODE_CONTACT	bridge::RG3_JPN225_PERIOD_M5_1783900800_1784505600_16697415774406944896::COMPRESSION::1::TERMINAL
COMPRESSION	RG3_JPN225_PERIOD_M5_1783900800_1784505600_16697415774406944896	JPN225	2	2	0	C1	C2	C1	NOT_APPLICABLE	NOT_APPLICABLE	NOT_APPLICABLE	REGION_0|NODE_CONTACT	bridge::RG3_JPN225_PERIOD_M5_1783900800_1784505600_16697415774406944896::COMPRESSION::2::TERMINAL
COMPRESSION	RG3_JPN225_PERIOD_M5_1783900800_1784505600_16697415774406944896	JPN225	3	1	0	C2	C2	C1	NOT_APPLICABLE	NOT_APPLICABLE	NOT_APPLICABLE	REGION_0|NODE_CONTACT	bridge::RG3_JPN225_PERIOD_M5_1783900800_1784505600_16697415774406944896::COMPRESSION::3::TERMINAL
COMPRESSION	RG3_JPN225_PERIOD_M5_1783900800_1784505600_16697415774406944896	JPN225	4	1	0	C2	C1	C1	NOT_APPLICABLE	NOT_APPLICABLE	NOT_APPLICABLE	REGION_0|NODE_CONTACT	bridge::RG3_JPN225_PERIOD_M5_1783900800_1784505600_16697415774406944896::COMPRESSION::4::TERMINAL
COMPRESSION	RG3_JPN225_PERIOD_M5_1783900800_1784505600_16697415774406944896	JPN225	5	1	0	C1	C1	C1	NOT_APPLICABLE	NOT_APPLICABLE	NOT_APPLICABLE	REGION_0|NODE_CONTACT	bridge::RG3_JPN225_PERIOD_M5_1783900800_1784505600_16697415774406944896::COMPRESSION::5::TERMINAL
COMPRESSION	RG3_JPN225_PERIOD_M5_1783900800_1784505600_16697415774406944896	JPN225	6	2	0	C1	C2	C2	NOT_APPLICABLE	NOT_APPLICABLE	NOT_APPLICABLE	REGION_0|NODE_CONTACT	bridge::RG3_JPN225_PERIOD_M5_1783900800_1784505600_16697415774406944896::COMPRESSION::6::TERMINAL
COMPRESSION	RG3_JPN225_PERIOD_M5_1783900800_1784505600_16697415774406944896	JPN225	7	2	0	C1	C2	C1	NOT_APPLICABLE	NOT_APPLICABLE	NOT_APPLICABLE	REGION_0|NODE_CONTACT	bridge::RG3_JPN225_PERIOD_M5_1783900800_1784505600_16697415774406944896::COMPRESSION::7::TERMINAL
COMPRESSION	RG3_JPN225_PERIOD_M5_1783900800_1784505600_16697415774406944896	JPN225	8	2	0	C2	C2	C1	NOT_APPLICABLE	NOT_APPLICABLE	NOT_APPLICABLE	REGION_-1|NODE_CONTACT	bridge::RG3_JPN225_PERIOD_M5_1783900800_1784505600_16697415774406944896::COMPRESSION::8::TERMINAL
COMPRESSION	RG3_JPN225_PERIOD_M5_1783900800_1784505600_16697415774406944896	JPN225	9	2	0	C1	C2	C1	NOT_APPLICABLE	NOT_APPLICABLE	NOT_APPLICABLE	REGION_-1|NODE_CONTACT	bridge::RG3_JPN225_PERIOD_M5_1783900800_1784505600_16697415774406944896::COMPRESSION::9::TERMINAL
COMPRESSION	RG3_JPN225_PERIOD_M5_1783900800_1784505600_16697415774406944896	JPN225	10	2	0	C1	C2	C2	NOT_APPLICABLE	NOT_APPLICABLE	NOT_APPLICABLE	REGION_-1|NODE_CONTACT	bridge::RG3_JPN225_PERIOD_M5_1783900800_1784505600_16697415774406944896::COMPRESSION::10::TERMINAL
COMPRESSION	RG3_JPN225_PERIOD_M5_1783900800_1784505600_16697415774406944896	JPN225	11	2	0	C1	C2	C1	NOT_APPLICABLE	NOT_APPLICABLE	NOT_APPLICABLE	REGION_-2|OPEN_CORRIDOR	bridge::RG3_JPN225_PERIOD_M5_1783900800_1784505600_16697415774406944896::COMPRESSION::11::TERMINAL
COMPRESSION	RG3_JPN225_PERIOD_M5_1783900800_1784505600_16697415774406944896	JPN225	12	6	1	NOT_APPLICABLE	NOT_APPLICABLE	NOT_APPLICABLE	NOT_APPLICABLE	NOT_APPLICABLE	NOT_APPLICABLE	NULL_STRUCTURAL_CONTEXT	bridge::RG3_JPN225_PERIOD_M5_1783900800_1784505600_16697415774406944896::COMPRESSION::12::TERMINAL
EXPANSION	RG3_JPN225_PERIOD_M5_1783900800_1784505600_16697415774406944896	JPN225	1	4	0	NOT_APPLICABLE	NOT_APPLICABLE	NOT_APPLICABLE	C1	C2	C1	REGION_0|NODE_CONTACT	bridge::RG3_JPN225_PERIOD_M5_1783900800_1784505600_16697415774406944896::EXPANSION::1::TERMINAL
EXPANSION	RG3_JPN225_PERIOD_M5_1783900800_1784505600_16697415774406944896	JPN225	2	4	0	NOT_APPLICABLE	NOT_APPLICABLE	NOT_APPLICABLE	C3	C1	C2	REGION_0|NODE_CONTACT	bridge::RG3_JPN225_PERIOD_M5_1783900800_1784505600_16697415774406944896::EXPANSION::2::TERMINAL
EXPANSION	RG3_JPN225_PERIOD_M5_1783900800_1784505600_16697415774406944896	JPN225	3	4	0	NOT_APPLICABLE	NOT_APPLICABLE	NOT_APPLICABLE	C1	C1	C2	REGION_0|NODE_CONTACT	bridge::RG3_JPN225_PERIOD_M5_1783900800_1784505600_16697415774406944896::EXPANSION::3::TERMINAL
EXPANSION	RG3_JPN225_PERIOD_M5_1783900800_1784505600_16697415774406944896	JPN225	4	4	0	NOT_APPLICABLE	NOT_APPLICABLE	NOT_APPLICABLE	C1	C1	C2	REGION_0|NODE_CONTACT	bridge::RG3_JPN225_PERIOD_M5_1783900800_1784505600_16697415774406944896::EXPANSION::4::TERMINAL
EXPANSION	RG3_JPN225_PERIOD_M5_1783900800_1784505600_16697415774406944896	JPN225	5	4	0	NOT_APPLICABLE	NOT_APPLICABLE	NOT_APPLICABLE	C1	C1	C2	REGION_0|NODE_CONTACT	bridge::RG3_JPN225_PERIOD_M5_1783900800_1784505600_16697415774406944896::EXPANSION::5::TERMINAL
EXPANSION	RG3_JPN225_PERIOD_M5_1783900800_1784505600_16697415774406944896	JPN225	6	4	0	NOT_APPLICABLE	NOT_APPLICABLE	NOT_APPLICABLE	C1	C1	C2	REGION_0|NODE_CONTACT	bridge::RG3_JPN225_PERIOD_M5_1783900800_1784505600_16697415774406944896::EXPANSION::6::TERMINAL
EXPANSION	RG3_JPN225_PERIOD_M5_1783900800_1784505600_16697415774406944896	JPN225	7	4	0	NOT_APPLICABLE	NOT_APPLICABLE	NOT_APPLICABLE	C3	C1	C1	REGION_0|NODE_CONTACT	bridge::RG3_JPN225_PERIOD_M5_1783900800_1784505600_16697415774406944896::EXPANSION::7::TERMINAL
EXPANSION	RG3_JPN225_PERIOD_M5_1783900800_1784505600_16697415774406944896	JPN225	8	4	0	NOT_APPLICABLE	NOT_APPLICABLE	NOT_APPLICABLE	C3	C1	C2	REGION_-1|NODE_CONTACT	bridge::RG3_JPN225_PERIOD_M5_1783900800_1784505600_16697415774406944896::EXPANSION::8::TERMINAL
EXPANSION	RG3_JPN225_PERIOD_M5_1783900800_1784505600_16697415774406944896	JPN225	9	4	0	NOT_APPLICABLE	NOT_APPLICABLE	NOT_APPLICABLE	C1	C1	C2	REGION_-1|NODE_CONTACT	bridge::RG3_JPN225_PERIOD_M5_1783900800_1784505600_16697415774406944896::EXPANSION::9::TERMINAL
EXPANSION	RG3_JPN225_PERIOD_M5_1783900800_1784505600_16697415774406944896	JPN225	10	4	0	NOT_APPLICABLE	NOT_APPLICABLE	NOT_APPLICABLE	C3	C1	C1	REGION_-1|NODE_CONTACT	bridge::RG3_JPN225_PERIOD_M5_1783900800_1784505600_16697415774406944896::EXPANSION::10::TERMINAL
EXPANSION	RG3_JPN225_PERIOD_M5_1783900800_1784505600_16697415774406944896	JPN225	11	4	0	NOT_APPLICABLE	NOT_APPLICABLE	NOT_APPLICABLE	C3	C2	C3	REGION_-1|OPEN_CORRIDOR	bridge::RG3_JPN225_PERIOD_M5_1783900800_1784505600_16697415774406944896::EXPANSION::11::TERMINAL
COMPRESSION	RG3_JPN225_PERIOD_M5_1785715200_1786060800_16673594142441126755	JPN225	1	2	0	C1	C2	C1	NOT_APPLICABLE	NOT_APPLICABLE	NOT_APPLICABLE	REGION_-1|NODE_CONTACT	bridge::RG3_JPN225_PERIOD_M5_1785715200_1786060800_16673594142441126755::COMPRESSION::1::TERMINAL
COMPRESSION	RG3_JPN225_PERIOD_M5_1785715200_1786060800_16673594142441126755	JPN225	2	1	0	C2	C2	C2	NOT_APPLICABLE	NOT_APPLICABLE	NOT_APPLICABLE	REGION_-1|NODE_CONTACT	bridge::RG3_JPN225_PERIOD_M5_1785715200_1786060800_16673594142441126755::COMPRESSION::2::TERMINAL
COMPRESSION	RG3_JPN225_PERIOD_M5_1785715200_1786060800_16673594142441126755	JPN225	3	1	0	C1	C1	C1	NOT_APPLICABLE	NOT_APPLICABLE	NOT_APPLICABLE	REGION_0|NODE_CONTACT	bridge::RG3_JPN225_PERIOD_M5_1785715200_1786060800_16673594142441126755::COMPRESSION::3::TERMINAL
COMPRESSION	RG3_JPN225_PERIOD_M5_1785715200_1786060800_16673594142441126755	JPN225	4	1	0	C2	C1	C2	NOT_APPLICABLE	NOT_APPLICABLE	NOT_APPLICABLE	REGION_0|NODE_CONTACT	bridge::RG3_JPN225_PERIOD_M5_1785715200_1786060800_16673594142441126755::COMPRESSION::4::TERMINAL
COMPRESSION	RG3_JPN225_PERIOD_M5_1785715200_1786060800_16673594142441126755	JPN225	5	1	0	C2	C1	C1	NOT_APPLICABLE	NOT_APPLICABLE	NOT_APPLICABLE	REGION_-1|NODE_CONTACT	bridge::RG3_JPN225_PERIOD_M5_1785715200_1786060800_16673594142441126755::COMPRESSION::5::TERMINAL
COMPRESSION	RG3_JPN225_PERIOD_M5_1785715200_1786060800_16673594142441126755	JPN225	6	2	0	C1	C2	C1	NOT_APPLICABLE	NOT_APPLICABLE	NOT_APPLICABLE	REGION_-1|NODE_CONTACT	bridge::RG3_JPN225_PERIOD_M5_1785715200_1786060800_16673594142441126755::COMPRESSION::6::TERMINAL
COMPRESSION	RG3_JPN225_PERIOD_M5_1785715200_1786060800_16673594142441126755	JPN225	7	1	0	C2	C1	C1	NOT_APPLICABLE	NOT_APPLICABLE	NOT_APPLICABLE	REGION_0|NODE_CONTACT	bridge::RG3_JPN225_PERIOD_M5_1785715200_1786060800_16673594142441126755::COMPRESSION::7::TERMINAL
COMPRESSION	RG3_JPN225_PERIOD_M5_1785715200_1786060800_16673594142441126755	JPN225	8	2	0	C1	C1	C1	NOT_APPLICABLE	NOT_APPLICABLE	NOT_APPLICABLE	REGION_0|NODE_CONTACT	bridge::RG3_JPN225_PERIOD_M5_1785715200_1786060800_16673594142441126755::COMPRESSION::8::TERMINAL
COMPRESSION	RG3_JPN225_PERIOD_M5_1785715200_1786060800_16673594142441126755	JPN225	9	2	0	C1	C2	C1	NOT_APPLICABLE	NOT_APPLICABLE	NOT_APPLICABLE	REGION_0|NODE_CONTACT	bridge::RG3_JPN225_PERIOD_M5_1785715200_1786060800_16673594142441126755::COMPRESSION::9::TERMINAL
COMPRESSION	RG3_JPN225_PERIOD_M5_1785715200_1786060800_16673594142441126755	JPN225	10	2	0	C1	C2	C1	NOT_APPLICABLE	NOT_APPLICABLE	NOT_APPLICABLE	REGION_-1|NODE_CONTACT	bridge::RG3_JPN225_PERIOD_M5_1785715200_1786060800_16673594142441126755::COMPRESSION::10::TERMINAL
COMPRESSION	RG3_JPN225_PERIOD_M5_1785715200_1786060800_16673594142441126755	JPN225	11	2	0	C1	C2	C1	NOT_APPLICABLE	NOT_APPLICABLE	NOT_APPLICABLE	REGION_0|NODE_CONTACT	bridge::RG3_JPN225_PERIOD_M5_1785715200_1786060800_16673594142441126755::COMPRESSION::11::TERMINAL
EXPANSION	RG3_JPN225_PERIOD_M5_1785715200_1786060800_16673594142441126755	JPN225	1	4	0	NOT_APPLICABLE	NOT_APPLICABLE	NOT_APPLICABLE	C1	C1	C2	REGION_-1|NODE_CONTACT	bridge::RG3_JPN225_PERIOD_M5_1785715200_1786060800_16673594142441126755::EXPANSION::1::TERMINAL
EXPANSION	RG3_JPN225_PERIOD_M5_1785715200_1786060800_16673594142441126755	JPN225	2	4	0	NOT_APPLICABLE	NOT_APPLICABLE	NOT_APPLICABLE	C1	C1	C2	REGION_-1|OPEN_CORRIDOR	bridge::RG3_JPN225_PERIOD_M5_1785715200_1786060800_16673594142441126755::EXPANSION::2::TERMINAL
EXPANSION	RG3_JPN225_PERIOD_M5_1785715200_1786060800_16673594142441126755	JPN225	3	4	0	NOT_APPLICABLE	NOT_APPLICABLE	NOT_APPLICABLE	C1	C1	C2	REGION_-1|NODE_CONTACT	bridge::RG3_JPN225_PERIOD_M5_1785715200_1786060800_16673594142441126755::EXPANSION::3::TERMINAL
EXPANSION	RG3_JPN225_PERIOD_M5_1785715200_1786060800_16673594142441126755	JPN225	4	4	0	NOT_APPLICABLE	NOT_APPLICABLE	NOT_APPLICABLE	C1	C2	C1	REGION_-1|NODE_CONTACT	bridge::RG3_JPN225_PERIOD_M5_1785715200_1786060800_16673594142441126755::EXPANSION::4::TERMINAL
EXPANSION	RG3_JPN225_PERIOD_M5_1785715200_1786060800_16673594142441126755	JPN225	5	4	0	NOT_APPLICABLE	NOT_APPLICABLE	NOT_APPLICABLE	C1	C1	C2	REGION_-1|NODE_CONTACT	bridge::RG3_JPN225_PERIOD_M5_1785715200_1786060800_16673594142441126755::EXPANSION::5::TERMINAL
EXPANSION	RG3_JPN225_PERIOD_M5_1785715200_1786060800_16673594142441126755	JPN225	6	4	0	NOT_APPLICABLE	NOT_APPLICABLE	NOT_APPLICABLE	NULL_FAMILY	C2	C3	REGION_0|NODE_CONTACT	bridge::RG3_JPN225_PERIOD_M5_1785715200_1786060800_16673594142441126755::EXPANSION::6::TERMINAL
EXPANSION	RG3_JPN225_PERIOD_M5_1785715200_1786060800_16673594142441126755	JPN225	7	4	0	NOT_APPLICABLE	NOT_APPLICABLE	NOT_APPLICABLE	C3	C1	C2	REGION_0|NODE_CONTACT	bridge::RG3_JPN225_PERIOD_M5_1785715200_1786060800_16673594142441126755::EXPANSION::7::TERMINAL
EXPANSION	RG3_JPN225_PERIOD_M5_1785715200_1786060800_16673594142441126755	JPN225	8	4	0	NOT_APPLICABLE	NOT_APPLICABLE	NOT_APPLICABLE	C3	C1	C2	REGION_0|NODE_CONTACT	bridge::RG3_JPN225_PERIOD_M5_1785715200_1786060800_16673594142441126755::EXPANSION::8::TERMINAL
EXPANSION	RG3_JPN225_PERIOD_M5_1785715200_1786060800_16673594142441126755	JPN225	9	4	0	NOT_APPLICABLE	NOT_APPLICABLE	NOT_APPLICABLE	C3	C1	C2	REGION_0|NODE_CONTACT	bridge::RG3_JPN225_PERIOD_M5_1785715200_1786060800_16673594142441126755::EXPANSION::9::TERMINAL
EXPANSION	RG3_JPN225_PERIOD_M5_1785715200_1786060800_16673594142441126755	JPN225	10	4	0	NOT_APPLICABLE	NOT_APPLICABLE	NOT_APPLICABLE	C3	C1	C2	REGION_0|NODE_CONTACT	bridge::RG3_JPN225_PERIOD_M5_1785715200_1786060800_16673594142441126755::EXPANSION::10::TERMINAL
EXPANSION	RG3_JPN225_PERIOD_M5_1785715200_1786060800_16673594142441126755	JPN225	11	6	1	NOT_APPLICABLE	NOT_APPLICABLE	NOT_APPLICABLE	NOT_APPLICABLE	NOT_APPLICABLE	NOT_APPLICABLE	REGION_0|NODE_CONTACT	bridge::RG3_JPN225_PERIOD_M5_1785715200_1786060800_16673594142441126755::EXPANSION::11::TERMINAL
COMPRESSION	RG3_US30_PERIOD_M5_1768176000_1768780800_14299449350608203917	US30	1	2	0	C1	C1	C1	NOT_APPLICABLE	NOT_APPLICABLE	NOT_APPLICABLE	REGION_0|NODE_CONTACT	bridge::RG3_US30_PERIOD_M5_1768176000_1768780800_14299449350608203917::COMPRESSION::1::TERMINAL
COMPRESSION	RG3_US30_PERIOD_M5_1768176000_1768780800_14299449350608203917	US30	2	1	0	C2	C2	C1	NOT_APPLICABLE	NOT_APPLICABLE	NOT_APPLICABLE	REGION_1|OPEN_CORRIDOR	bridge::RG3_US30_PERIOD_M5_1768176000_1768780800_14299449350608203917::COMPRESSION::2::TERMINAL
COMPRESSION	RG3_US30_PERIOD_M5_1768176000_1768780800_14299449350608203917	US30	3	1	0	C1	C1	C2	NOT_APPLICABLE	NOT_APPLICABLE	NOT_APPLICABLE	REGION_1|NODE_CONTACT	bridge::RG3_US30_PERIOD_M5_1768176000_1768780800_14299449350608203917::COMPRESSION::3::TERMINAL
COMPRESSION	RG3_US30_PERIOD_M5_1768176000_1768780800_14299449350608203917	US30	4	1	0	C1	C1	C1	NOT_APPLICABLE	NOT_APPLICABLE	NOT_APPLICABLE	REGION_1|NODE_CONTACT	bridge::RG3_US30_PERIOD_M5_1768176000_1768780800_14299449350608203917::COMPRESSION::4::TERMINAL
COMPRESSION	RG3_US30_PERIOD_M5_1768176000_1768780800_14299449350608203917	US30	5	2	0	C1	C2	C1	NOT_APPLICABLE	NOT_APPLICABLE	NOT_APPLICABLE	REGION_1|NODE_CONTACT	bridge::RG3_US30_PERIOD_M5_1768176000_1768780800_14299449350608203917::COMPRESSION::5::TERMINAL
COMPRESSION	RG3_US30_PERIOD_M5_1768176000_1768780800_14299449350608203917	US30	6	2	0	C1	C2	C1	NOT_APPLICABLE	NOT_APPLICABLE	NOT_APPLICABLE	REGION_0|NODE_CONTACT	bridge::RG3_US30_PERIOD_M5_1768176000_1768780800_14299449350608203917::COMPRESSION::6::TERMINAL
COMPRESSION	RG3_US30_PERIOD_M5_1768176000_1768780800_14299449350608203917	US30	7	2	0	C1	C2	C1	NOT_APPLICABLE	NOT_APPLICABLE	NOT_APPLICABLE	REGION_0|NODE_CONTACT	bridge::RG3_US30_PERIOD_M5_1768176000_1768780800_14299449350608203917::COMPRESSION::7::TERMINAL
COMPRESSION	RG3_US30_PERIOD_M5_1768176000_1768780800_14299449350608203917	US30	8	1	0	C1	C1	C1	NOT_APPLICABLE	NOT_APPLICABLE	NOT_APPLICABLE	REGION_0|NODE_CONTACT	bridge::RG3_US30_PERIOD_M5_1768176000_1768780800_14299449350608203917::COMPRESSION::8::TERMINAL
COMPRESSION	RG3_US30_PERIOD_M5_1768176000_1768780800_14299449350608203917	US30	9	1	0	C1	C1	C1	NOT_APPLICABLE	NOT_APPLICABLE	NOT_APPLICABLE	REGION_0|NODE_CONTACT	bridge::RG3_US30_PERIOD_M5_1768176000_1768780800_14299449350608203917::COMPRESSION::9::TERMINAL
COMPRESSION	RG3_US30_PERIOD_M5_1768176000_1768780800_14299449350608203917	US30	10	1	0	C2	C1	C1	NOT_APPLICABLE	NOT_APPLICABLE	NOT_APPLICABLE	REGION_0|NODE_CONTACT	bridge::RG3_US30_PERIOD_M5_1768176000_1768780800_14299449350608203917::COMPRESSION::10::TERMINAL
COMPRESSION	RG3_US30_PERIOD_M5_1768176000_1768780800_14299449350608203917	US30	11	2	0	C1	C1	C1	NOT_APPLICABLE	NOT_APPLICABLE	NOT_APPLICABLE	REGION_0|NODE_CONTACT	bridge::RG3_US30_PERIOD_M5_1768176000_1768780800_14299449350608203917::COMPRESSION::11::TERMINAL
COMPRESSION	RG3_US30_PERIOD_M5_1768176000_1768780800_14299449350608203917	US30	12	1	0	C1	C1	C1	NOT_APPLICABLE	NOT_APPLICABLE	NOT_APPLICABLE	REGION_1|OPEN_CORRIDOR	bridge::RG3_US30_PERIOD_M5_1768176000_1768780800_14299449350608203917::COMPRESSION::12::TERMINAL
COMPRESSION	RG3_US30_PERIOD_M5_1768176000_1768780800_14299449350608203917	US30	13	2	0	C1	C2	C1	NOT_APPLICABLE	NOT_APPLICABLE	NOT_APPLICABLE	REGION_1|OPEN_CORRIDOR	bridge::RG3_US30_PERIOD_M5_1768176000_1768780800_14299449350608203917::COMPRESSION::13::TERMINAL
COMPRESSION	RG3_US30_PERIOD_M5_1768176000_1768780800_14299449350608203917	US30	14	2	0	C1	C2	C1	NOT_APPLICABLE	NOT_APPLICABLE	NOT_APPLICABLE	REGION_1|OPEN_CORRIDOR	bridge::RG3_US30_PERIOD_M5_1768176000_1768780800_14299449350608203917::COMPRESSION::14::TERMINAL
EXPANSION	RG3_US30_PERIOD_M5_1768176000_1768780800_14299449350608203917	US30	1	4	0	NOT_APPLICABLE	NOT_APPLICABLE	NOT_APPLICABLE	C1	C1	C1	REGION_0|NODE_CONTACT	bridge::RG3_US30_PERIOD_M5_1768176000_1768780800_14299449350608203917::EXPANSION::1::TERMINAL
EXPANSION	RG3_US30_PERIOD_M5_1768176000_1768780800_14299449350608203917	US30	2	4	0	NOT_APPLICABLE	NOT_APPLICABLE	NOT_APPLICABLE	C3	C1	C3	REGION_1|NODE_CONTACT	bridge::RG3_US30_PERIOD_M5_1768176000_1768780800_14299449350608203917::EXPANSION::2::TERMINAL
EXPANSION	RG3_US30_PERIOD_M5_1768176000_1768780800_14299449350608203917	US30	3	4	0	NOT_APPLICABLE	NOT_APPLICABLE	NOT_APPLICABLE	C1	C1	C2	REGION_1|NODE_CONTACT	bridge::RG3_US30_PERIOD_M5_1768176000_1768780800_14299449350608203917::EXPANSION::3::TERMINAL
EXPANSION	RG3_US30_PERIOD_M5_1768176000_1768780800_14299449350608203917	US30	4	4	0	NOT_APPLICABLE	NOT_APPLICABLE	NOT_APPLICABLE	C1	C1	C2	REGION_1|NODE_CONTACT	bridge::RG3_US30_PERIOD_M5_1768176000_1768780800_14299449350608203917::EXPANSION::4::TERMINAL
EXPANSION	RG3_US30_PERIOD_M5_1768176000_1768780800_14299449350608203917	US30	5	4	0	NOT_APPLICABLE	NOT_APPLICABLE	NOT_APPLICABLE	C3	C1	C1	REGION_0|NODE_CONTACT	bridge::RG3_US30_PERIOD_M5_1768176000_1768780800_14299449350608203917::EXPANSION::5::TERMINAL
EXPANSION	RG3_US30_PERIOD_M5_1768176000_1768780800_14299449350608203917	US30	6	4	0	NOT_APPLICABLE	NOT_APPLICABLE	NOT_APPLICABLE	C1	C1	C2	REGION_0|NODE_CONTACT	bridge::RG3_US30_PERIOD_M5_1768176000_1768780800_14299449350608203917::EXPANSION::6::TERMINAL
EXPANSION	RG3_US30_PERIOD_M5_1768176000_1768780800_14299449350608203917	US30	7	4	0	NOT_APPLICABLE	NOT_APPLICABLE	NOT_APPLICABLE	C1	C1	C2	REGION_0|NODE_CONTACT	bridge::RG3_US30_PERIOD_M5_1768176000_1768780800_14299449350608203917::EXPANSION::7::TERMINAL
EXPANSION	RG3_US30_PERIOD_M5_1768176000_1768780800_14299449350608203917	US30	8	4	0	NOT_APPLICABLE	NOT_APPLICABLE	NOT_APPLICABLE	C3	C1	C2	REGION_0|NODE_CONTACT	bridge::RG3_US30_PERIOD_M5_1768176000_1768780800_14299449350608203917::EXPANSION::8::TERMINAL
EXPANSION	RG3_US30_PERIOD_M5_1768176000_1768780800_14299449350608203917	US30	9	4	0	NOT_APPLICABLE	NOT_APPLICABLE	NOT_APPLICABLE	C1	C1	C2	REGION_0|NODE_CONTACT	bridge::RG3_US30_PERIOD_M5_1768176000_1768780800_14299449350608203917::EXPANSION::9::TERMINAL
EXPANSION	RG3_US30_PERIOD_M5_1768176000_1768780800_14299449350608203917	US30	10	4	0	NOT_APPLICABLE	NOT_APPLICABLE	NOT_APPLICABLE	C1	C1	C2	REGION_0|OPEN_CORRIDOR	bridge::RG3_US30_PERIOD_M5_1768176000_1768780800_14299449350608203917::EXPANSION::10::TERMINAL
EXPANSION	RG3_US30_PERIOD_M5_1768176000_1768780800_14299449350608203917	US30	11	4	0	NOT_APPLICABLE	NOT_APPLICABLE	NOT_APPLICABLE	C3	C2	C3	REGION_1|NODE_CONTACT	bridge::RG3_US30_PERIOD_M5_1768176000_1768780800_14299449350608203917::EXPANSION::11::TERMINAL
EXPANSION	RG3_US30_PERIOD_M5_1768176000_1768780800_14299449350608203917	US30	12	4	0	NOT_APPLICABLE	NOT_APPLICABLE	NOT_APPLICABLE	C1	C1	C2	REGION_1|NODE_CONTACT	bridge::RG3_US30_PERIOD_M5_1768176000_1768780800_14299449350608203917::EXPANSION::12::TERMINAL
EXPANSION	RG3_US30_PERIOD_M5_1768176000_1768780800_14299449350608203917	US30	13	4	0	NOT_APPLICABLE	NOT_APPLICABLE	NOT_APPLICABLE	C1	C1	C2	REGION_1|OPEN_CORRIDOR	bridge::RG3_US30_PERIOD_M5_1768176000_1768780800_14299449350608203917::EXPANSION::13::TERMINAL
EXPANSION	RG3_US30_PERIOD_M5_1768176000_1768780800_14299449350608203917	US30	14	6	1	NOT_APPLICABLE	NOT_APPLICABLE	NOT_APPLICABLE	NOT_APPLICABLE	NOT_APPLICABLE	NOT_APPLICABLE	NULL_STRUCTURAL_CONTEXT	bridge::RG3_US30_PERIOD_M5_1768176000_1768780800_14299449350608203917::EXPANSION::14::TERMINAL
COMPRESSION	RG3_US30_PERIOD_M5_1771200000_1771804800_15393471454727288637	US30	1	1	0	C1	C1	C1	NOT_APPLICABLE	NOT_APPLICABLE	NOT_APPLICABLE	REGION_0|NODE_CONTACT	bridge::RG3_US30_PERIOD_M5_1771200000_1771804800_15393471454727288637::COMPRESSION::1::TERMINAL
COMPRESSION	RG3_US30_PERIOD_M5_1771200000_1771804800_15393471454727288637	US30	2	1	0	C1	C1	C1	NOT_APPLICABLE	NOT_APPLICABLE	NOT_APPLICABLE	REGION_0|NODE_CONTACT	bridge::RG3_US30_PERIOD_M5_1771200000_1771804800_15393471454727288637::COMPRESSION::2::TERMINAL
COMPRESSION	RG3_US30_PERIOD_M5_1771200000_1771804800_15393471454727288637	US30	3	2	0	C1	C2	C1	NOT_APPLICABLE	NOT_APPLICABLE	NOT_APPLICABLE	REGION_0|NODE_CONTACT	bridge::RG3_US30_PERIOD_M5_1771200000_1771804800_15393471454727288637::COMPRESSION::3::TERMINAL
COMPRESSION	RG3_US30_PERIOD_M5_1771200000_1771804800_15393471454727288637	US30	4	1	0	C1	C1	C1	NOT_APPLICABLE	NOT_APPLICABLE	NOT_APPLICABLE	REGION_0|NODE_CONTACT	bridge::RG3_US30_PERIOD_M5_1771200000_1771804800_15393471454727288637::COMPRESSION::4::TERMINAL
COMPRESSION	RG3_US30_PERIOD_M5_1771200000_1771804800_15393471454727288637	US30	5	2	0	C1	C2	C1	NOT_APPLICABLE	NOT_APPLICABLE	NOT_APPLICABLE	REGION_0|NODE_CONTACT	bridge::RG3_US30_PERIOD_M5_1771200000_1771804800_15393471454727288637::COMPRESSION::5::TERMINAL
COMPRESSION	RG3_US30_PERIOD_M5_1771200000_1771804800_15393471454727288637	US30	6	1	0	C1	C1	C1	NOT_APPLICABLE	NOT_APPLICABLE	NOT_APPLICABLE	REGION_0|NODE_CONTACT	bridge::RG3_US30_PERIOD_M5_1771200000_1771804800_15393471454727288637::COMPRESSION::6::TERMINAL
COMPRESSION	RG3_US30_PERIOD_M5_1771200000_1771804800_15393471454727288637	US30	7	1	0	C2	C1	C1	NOT_APPLICABLE	NOT_APPLICABLE	NOT_APPLICABLE	REGION_0|NODE_CONTACT	bridge::RG3_US30_PERIOD_M5_1771200000_1771804800_15393471454727288637::COMPRESSION::7::TERMINAL
COMPRESSION	RG3_US30_PERIOD_M5_1771200000_1771804800_15393471454727288637	US30	8	2	0	C1	C2	C1	NOT_APPLICABLE	NOT_APPLICABLE	NOT_APPLICABLE	REGION_0|NODE_CONTACT	bridge::RG3_US30_PERIOD_M5_1771200000_1771804800_15393471454727288637::COMPRESSION::8::TERMINAL
COMPRESSION	RG3_US30_PERIOD_M5_1771200000_1771804800_15393471454727288637	US30	9	1	0	C2	C1	C1	NOT_APPLICABLE	NOT_APPLICABLE	NOT_APPLICABLE	REGION_0|NODE_CONTACT	bridge::RG3_US30_PERIOD_M5_1771200000_1771804800_15393471454727288637::COMPRESSION::9::TERMINAL
COMPRESSION	RG3_US30_PERIOD_M5_1771200000_1771804800_15393471454727288637	US30	10	1	0	C1	C1	C1	NOT_APPLICABLE	NOT_APPLICABLE	NOT_APPLICABLE	REGION_0|NODE_CONTACT	bridge::RG3_US30_PERIOD_M5_1771200000_1771804800_15393471454727288637::COMPRESSION::10::TERMINAL
COMPRESSION	RG3_US30_PERIOD_M5_1771200000_1771804800_15393471454727288637	US30	11	1	0	C1	C1	C1	NOT_APPLICABLE	NOT_APPLICABLE	NOT_APPLICABLE	REGION_0|NODE_CONTACT	bridge::RG3_US30_PERIOD_M5_1771200000_1771804800_15393471454727288637::COMPRESSION::11::TERMINAL
COMPRESSION	RG3_US30_PERIOD_M5_1771200000_1771804800_15393471454727288637	US30	12	1	0	C1	C1	C1	NOT_APPLICABLE	NOT_APPLICABLE	NOT_APPLICABLE	REGION_0|NODE_CONTACT	bridge::RG3_US30_PERIOD_M5_1771200000_1771804800_15393471454727288637::COMPRESSION::12::TERMINAL
EXPANSION	RG3_US30_PERIOD_M5_1771200000_1771804800_15393471454727288637	US30	1	4	0	NOT_APPLICABLE	NOT_APPLICABLE	NOT_APPLICABLE	C1	C1	C2	REGION_0|NODE_CONTACT	bridge::RG3_US30_PERIOD_M5_1771200000_1771804800_15393471454727288637::EXPANSION::1::TERMINAL
EXPANSION	RG3_US30_PERIOD_M5_1771200000_1771804800_15393471454727288637	US30	2	4	0	NOT_APPLICABLE	NOT_APPLICABLE	NOT_APPLICABLE	C1	C1	C2	REGION_0|NODE_CONTACT	bridge::RG3_US30_PERIOD_M5_1771200000_1771804800_15393471454727288637::EXPANSION::2::TERMINAL
EXPANSION	RG3_US30_PERIOD_M5_1771200000_1771804800_15393471454727288637	US30	3	4	0	NOT_APPLICABLE	NOT_APPLICABLE	NOT_APPLICABLE	C1	C1	C2	REGION_0|NODE_CONTACT	bridge::RG3_US30_PERIOD_M5_1771200000_1771804800_15393471454727288637::EXPANSION::3::TERMINAL
EXPANSION	RG3_US30_PERIOD_M5_1771200000_1771804800_15393471454727288637	US30	4	4	0	NOT_APPLICABLE	NOT_APPLICABLE	NOT_APPLICABLE	NULL_FAMILY	C2	C1	REGION_0|NODE_CONTACT	bridge::RG3_US30_PERIOD_M5_1771200000_1771804800_15393471454727288637::EXPANSION::4::TERMINAL
EXPANSION	RG3_US30_PERIOD_M5_1771200000_1771804800_15393471454727288637	US30	5	4	0	NOT_APPLICABLE	NOT_APPLICABLE	NOT_APPLICABLE	C3	C2	C2	REGION_0|NODE_CONTACT	bridge::RG3_US30_PERIOD_M5_1771200000_1771804800_15393471454727288637::EXPANSION::5::TERMINAL
EXPANSION	RG3_US30_PERIOD_M5_1771200000_1771804800_15393471454727288637	US30	6	4	0	NOT_APPLICABLE	NOT_APPLICABLE	NOT_APPLICABLE	C1	C1	C2	REGION_0|NODE_CONTACT	bridge::RG3_US30_PERIOD_M5_1771200000_1771804800_15393471454727288637::EXPANSION::6::TERMINAL
EXPANSION	RG3_US30_PERIOD_M5_1771200000_1771804800_15393471454727288637	US30	7	4	0	NOT_APPLICABLE	NOT_APPLICABLE	NOT_APPLICABLE	C1	C1	C2	REGION_0|NODE_CONTACT	bridge::RG3_US30_PERIOD_M5_1771200000_1771804800_15393471454727288637::EXPANSION::7::TERMINAL
EXPANSION	RG3_US30_PERIOD_M5_1771200000_1771804800_15393471454727288637	US30	8	4	0	NOT_APPLICABLE	NOT_APPLICABLE	NOT_APPLICABLE	C3	C1	C2	REGION_0|NODE_CONTACT	bridge::RG3_US30_PERIOD_M5_1771200000_1771804800_15393471454727288637::EXPANSION::8::TERMINAL
EXPANSION	RG3_US30_PERIOD_M5_1771200000_1771804800_15393471454727288637	US30	9	4	0	NOT_APPLICABLE	NOT_APPLICABLE	NOT_APPLICABLE	NULL_FAMILY	C2	C1	REGION_0|NODE_CONTACT	bridge::RG3_US30_PERIOD_M5_1771200000_1771804800_15393471454727288637::EXPANSION::9::TERMINAL
EXPANSION	RG3_US30_PERIOD_M5_1771200000_1771804800_15393471454727288637	US30	10	4	0	NOT_APPLICABLE	NOT_APPLICABLE	NOT_APPLICABLE	C3	C2	C1	REGION_0|NODE_CONTACT	bridge::RG3_US30_PERIOD_M5_1771200000_1771804800_15393471454727288637::EXPANSION::10::TERMINAL
EXPANSION	RG3_US30_PERIOD_M5_1771200000_1771804800_15393471454727288637	US30	11	4	0	NOT_APPLICABLE	NOT_APPLICABLE	NOT_APPLICABLE	C1	C1	C2	REGION_0|NODE_CONTACT	bridge::RG3_US30_PERIOD_M5_1771200000_1771804800_15393471454727288637::EXPANSION::11::TERMINAL
EXPANSION	RG3_US30_PERIOD_M5_1771200000_1771804800_15393471454727288637	US30	12	6	1	NOT_APPLICABLE	NOT_APPLICABLE	NOT_APPLICABLE	NOT_APPLICABLE	NOT_APPLICABLE	NOT_APPLICABLE	NULL_STRUCTURAL_CONTEXT	bridge::RG3_US30_PERIOD_M5_1771200000_1771804800_15393471454727288637::EXPANSION::12::TERMINAL
COMPRESSION	RG3_US30_PERIOD_M5_1774224000_1774828800_14068181511802716677	US30	1	2	0	C1	C2	C1	NOT_APPLICABLE	NOT_APPLICABLE	NOT_APPLICABLE	REGION_-1|NODE_CONTACT	bridge::RG3_US30_PERIOD_M5_1774224000_1774828800_14068181511802716677::COMPRESSION::1::TERMINAL
COMPRESSION	RG3_US30_PERIOD_M5_1774224000_1774828800_14068181511802716677	US30	2	1	0	C1	C1	C1	NOT_APPLICABLE	NOT_APPLICABLE	NOT_APPLICABLE	REGION_-1|NODE_CONTACT	bridge::RG3_US30_PERIOD_M5_1774224000_1774828800_14068181511802716677::COMPRESSION::2::TERMINAL
COMPRESSION	RG3_US30_PERIOD_M5_1774224000_1774828800_14068181511802716677	US30	3	1	0	C2	C1	C1	NOT_APPLICABLE	NOT_APPLICABLE	NOT_APPLICABLE	REGION_-1|NODE_CONTACT	bridge::RG3_US30_PERIOD_M5_1774224000_1774828800_14068181511802716677::COMPRESSION::3::TERMINAL
COMPRESSION	RG3_US30_PERIOD_M5_1774224000_1774828800_14068181511802716677	US30	4	2	0	C1	C2	C2	NOT_APPLICABLE	NOT_APPLICABLE	NOT_APPLICABLE	REGION_-1|NODE_CONTACT	bridge::RG3_US30_PERIOD_M5_1774224000_1774828800_14068181511802716677::COMPRESSION::4::TERMINAL
COMPRESSION	RG3_US30_PERIOD_M5_1774224000_1774828800_14068181511802716677	US30	5	1	0	C1	C1	C1	NOT_APPLICABLE	NOT_APPLICABLE	NOT_APPLICABLE	REGION_-1|NODE_CONTACT	bridge::RG3_US30_PERIOD_M5_1774224000_1774828800_14068181511802716677::COMPRESSION::5::TERMINAL
COMPRESSION	RG3_US30_PERIOD_M5_1774224000_1774828800_14068181511802716677	US30	6	1	0	C1	C1	C1	NOT_APPLICABLE	NOT_APPLICABLE	NOT_APPLICABLE	REGION_-1|NODE_CONTACT	bridge::RG3_US30_PERIOD_M5_1774224000_1774828800_14068181511802716677::COMPRESSION::6::TERMINAL
COMPRESSION	RG3_US30_PERIOD_M5_1774224000_1774828800_14068181511802716677	US30	7	1	0	C1	C1	C1	NOT_APPLICABLE	NOT_APPLICABLE	NOT_APPLICABLE	REGION_-1|NODE_CONTACT	bridge::RG3_US30_PERIOD_M5_1774224000_1774828800_14068181511802716677::COMPRESSION::7::TERMINAL
COMPRESSION	RG3_US30_PERIOD_M5_1774224000_1774828800_14068181511802716677	US30	8	1	0	C1	C1	C1	NOT_APPLICABLE	NOT_APPLICABLE	NOT_APPLICABLE	REGION_0|NODE_CONTACT	bridge::RG3_US30_PERIOD_M5_1774224000_1774828800_14068181511802716677::COMPRESSION::8::TERMINAL
COMPRESSION	RG3_US30_PERIOD_M5_1774224000_1774828800_14068181511802716677	US30	9	2	0	C1	C2	C1	NOT_APPLICABLE	NOT_APPLICABLE	NOT_APPLICABLE	REGION_-1|NODE_CONTACT	bridge::RG3_US30_PERIOD_M5_1774224000_1774828800_14068181511802716677::COMPRESSION::9::TERMINAL
COMPRESSION	RG3_US30_PERIOD_M5_1774224000_1774828800_14068181511802716677	US30	10	1	0	C1	C1	C1	NOT_APPLICABLE	NOT_APPLICABLE	NOT_APPLICABLE	REGION_-1|NODE_CONTACT	bridge::RG3_US30_PERIOD_M5_1774224000_1774828800_14068181511802716677::COMPRESSION::10::TERMINAL
COMPRESSION	RG3_US30_PERIOD_M5_1774224000_1774828800_14068181511802716677	US30	11	2	0	C1	C2	C1	NOT_APPLICABLE	NOT_APPLICABLE	NOT_APPLICABLE	REGION_-1|NODE_CONTACT	bridge::RG3_US30_PERIOD_M5_1774224000_1774828800_14068181511802716677::COMPRESSION::11::TERMINAL
COMPRESSION	RG3_US30_PERIOD_M5_1774224000_1774828800_14068181511802716677	US30	12	1	0	C2	C2	C2	NOT_APPLICABLE	NOT_APPLICABLE	NOT_APPLICABLE	REGION_-1|NODE_CONTACT	bridge::RG3_US30_PERIOD_M5_1774224000_1774828800_14068181511802716677::COMPRESSION::12::TERMINAL
COMPRESSION	RG3_US30_PERIOD_M5_1774224000_1774828800_14068181511802716677	US30	13	1	0	C1	C1	C1	NOT_APPLICABLE	NOT_APPLICABLE	NOT_APPLICABLE	REGION_0|NODE_CONTACT	bridge::RG3_US30_PERIOD_M5_1774224000_1774828800_14068181511802716677::COMPRESSION::13::TERMINAL
COMPRESSION	RG3_US30_PERIOD_M5_1774224000_1774828800_14068181511802716677	US30	14	1	0	C1	C1	C1	NOT_APPLICABLE	NOT_APPLICABLE	NOT_APPLICABLE	REGION_0|NODE_CONTACT	bridge::RG3_US30_PERIOD_M5_1774224000_1774828800_14068181511802716677::COMPRESSION::14::TERMINAL
EXPANSION	RG3_US30_PERIOD_M5_1774224000_1774828800_14068181511802716677	US30	1	4	0	NOT_APPLICABLE	NOT_APPLICABLE	NOT_APPLICABLE	C3	C2	C3	REGION_-1|NODE_CONTACT	bridge::RG3_US30_PERIOD_M5_1774224000_1774828800_14068181511802716677::EXPANSION::1::TERMINAL
EXPANSION	RG3_US30_PERIOD_M5_1774224000_1774828800_14068181511802716677	US30	2	4	0	NOT_APPLICABLE	NOT_APPLICABLE	NOT_APPLICABLE	C1	C2	C1	REGION_-1|NODE_CONTACT	bridge::RG3_US30_PERIOD_M5_1774224000_1774828800_14068181511802716677::EXPANSION::2::TERMINAL
EXPANSION	RG3_US30_PERIOD_M5_1774224000_1774828800_14068181511802716677	US30	3	4	0	NOT_APPLICABLE	NOT_APPLICABLE	NOT_APPLICABLE	C1	C1	C2	REGION_-1|NODE_CONTACT	bridge::RG3_US30_PERIOD_M5_1774224000_1774828800_14068181511802716677::EXPANSION::3::TERMINAL
EXPANSION	RG3_US30_PERIOD_M5_1774224000_1774828800_14068181511802716677	US30	4	4	0	NOT_APPLICABLE	NOT_APPLICABLE	NOT_APPLICABLE	C3	C2	C3	REGION_-1|NODE_CONTACT	bridge::RG3_US30_PERIOD_M5_1774224000_1774828800_14068181511802716677::EXPANSION::4::TERMINAL
EXPANSION	RG3_US30_PERIOD_M5_1774224000_1774828800_14068181511802716677	US30	5	4	0	NOT_APPLICABLE	NOT_APPLICABLE	NOT_APPLICABLE	NULL_FAMILY	C1	C2	REGION_-1|NODE_CONTACT	bridge::RG3_US30_PERIOD_M5_1774224000_1774828800_14068181511802716677::EXPANSION::5::TERMINAL
EXPANSION	RG3_US30_PERIOD_M5_1774224000_1774828800_14068181511802716677	US30	6	4	0	NOT_APPLICABLE	NOT_APPLICABLE	NOT_APPLICABLE	C1	C1	C2	REGION_-1|NODE_CONTACT	bridge::RG3_US30_PERIOD_M5_1774224000_1774828800_14068181511802716677::EXPANSION::6::TERMINAL
EXPANSION	RG3_US30_PERIOD_M5_1774224000_1774828800_14068181511802716677	US30	7	4	0	NOT_APPLICABLE	NOT_APPLICABLE	NOT_APPLICABLE	C1	C2	C2	REGION_-1|NODE_CONTACT	bridge::RG3_US30_PERIOD_M5_1774224000_1774828800_14068181511802716677::EXPANSION::7::TERMINAL
EXPANSION	RG3_US30_PERIOD_M5_1774224000_1774828800_14068181511802716677	US30	8	4	0	NOT_APPLICABLE	NOT_APPLICABLE	NOT_APPLICABLE	C3	C2	C2	REGION_-1|NODE_CONTACT	bridge::RG3_US30_PERIOD_M5_1774224000_1774828800_14068181511802716677::EXPANSION::8::TERMINAL
EXPANSION	RG3_US30_PERIOD_M5_1774224000_1774828800_14068181511802716677	US30	9	4	0	NOT_APPLICABLE	NOT_APPLICABLE	NOT_APPLICABLE	C1	C1	C2	REGION_-1|NODE_CONTACT	bridge::RG3_US30_PERIOD_M5_1774224000_1774828800_14068181511802716677::EXPANSION::9::TERMINAL
EXPANSION	RG3_US30_PERIOD_M5_1774224000_1774828800_14068181511802716677	US30	10	4	0	NOT_APPLICABLE	NOT_APPLICABLE	NOT_APPLICABLE	C1	C1	C2	REGION_-1|NODE_CONTACT	bridge::RG3_US30_PERIOD_M5_1774224000_1774828800_14068181511802716677::EXPANSION::10::TERMINAL
EXPANSION	RG3_US30_PERIOD_M5_1774224000_1774828800_14068181511802716677	US30	11	4	0	NOT_APPLICABLE	NOT_APPLICABLE	NOT_APPLICABLE	C3	C1	C2	REGION_-1|NODE_CONTACT	bridge::RG3_US30_PERIOD_M5_1774224000_1774828800_14068181511802716677::EXPANSION::11::TERMINAL
EXPANSION	RG3_US30_PERIOD_M5_1774224000_1774828800_14068181511802716677	US30	12	4	0	NOT_APPLICABLE	NOT_APPLICABLE	NOT_APPLICABLE	C1	C1	C2	REGION_0|NODE_CONTACT	bridge::RG3_US30_PERIOD_M5_1774224000_1774828800_14068181511802716677::EXPANSION::12::TERMINAL
EXPANSION	RG3_US30_PERIOD_M5_1774224000_1774828800_14068181511802716677	US30	13	4	0	NOT_APPLICABLE	NOT_APPLICABLE	NOT_APPLICABLE	C1	C1	C2	REGION_0|NODE_CONTACT	bridge::RG3_US30_PERIOD_M5_1774224000_1774828800_14068181511802716677::EXPANSION::13::TERMINAL
EXPANSION	RG3_US30_PERIOD_M5_1774224000_1774828800_14068181511802716677	US30	14	6	1	NOT_APPLICABLE	NOT_APPLICABLE	NOT_APPLICABLE	NOT_APPLICABLE	NOT_APPLICABLE	NOT_APPLICABLE	NULL_STRUCTURAL_CONTEXT	bridge::RG3_US30_PERIOD_M5_1774224000_1774828800_14068181511802716677::EXPANSION::14::TERMINAL
COMPRESSION	RG3_US30_PERIOD_M5_1777852800_1778457600_6821376586980274840	US30	1	2	0	C2	C2	C1	NOT_APPLICABLE	NOT_APPLICABLE	NOT_APPLICABLE	REGION_0|NODE_CONTACT	bridge::RG3_US30_PERIOD_M5_1777852800_1778457600_6821376586980274840::COMPRESSION::1::TERMINAL
COMPRESSION	RG3_US30_PERIOD_M5_1777852800_1778457600_6821376586980274840	US30	2	1	0	C2	C1	C1	NOT_APPLICABLE	NOT_APPLICABLE	NOT_APPLICABLE	REGION_0|NODE_CONTACT	bridge::RG3_US30_PERIOD_M5_1777852800_1778457600_6821376586980274840::COMPRESSION::2::TERMINAL
COMPRESSION	RG3_US30_PERIOD_M5_1777852800_1778457600_6821376586980274840	US30	3	1	0	C2	C1	C1	NOT_APPLICABLE	NOT_APPLICABLE	NOT_APPLICABLE	REGION_0|NODE_CONTACT	bridge::RG3_US30_PERIOD_M5_1777852800_1778457600_6821376586980274840::COMPRESSION::3::TERMINAL
COMPRESSION	RG3_US30_PERIOD_M5_1777852800_1778457600_6821376586980274840	US30	4	1	0	C1	C1	C1	NOT_APPLICABLE	NOT_APPLICABLE	NOT_APPLICABLE	REGION_0|OPEN_CORRIDOR	bridge::RG3_US30_PERIOD_M5_1777852800_1778457600_6821376586980274840::COMPRESSION::4::TERMINAL
COMPRESSION	RG3_US30_PERIOD_M5_1777852800_1778457600_6821376586980274840	US30	5	1	0	C1	C1	C1	NOT_APPLICABLE	NOT_APPLICABLE	NOT_APPLICABLE	REGION_0|NODE_CONTACT	bridge::RG3_US30_PERIOD_M5_1777852800_1778457600_6821376586980274840::COMPRESSION::5::TERMINAL
COMPRESSION	RG3_US30_PERIOD_M5_1777852800_1778457600_6821376586980274840	US30	6	2	0	C1	C2	C1	NOT_APPLICABLE	NOT_APPLICABLE	NOT_APPLICABLE	REGION_0|NODE_CONTACT	bridge::RG3_US30_PERIOD_M5_1777852800_1778457600_6821376586980274840::COMPRESSION::6::TERMINAL
COMPRESSION	RG3_US30_PERIOD_M5_1777852800_1778457600_6821376586980274840	US30	7	1	0	C2	C1	C2	NOT_APPLICABLE	NOT_APPLICABLE	NOT_APPLICABLE	REGION_0|NODE_CONTACT	bridge::RG3_US30_PERIOD_M5_1777852800_1778457600_6821376586980274840::COMPRESSION::7::TERMINAL
COMPRESSION	RG3_US30_PERIOD_M5_1777852800_1778457600_6821376586980274840	US30	8	1	0	C1	C1	C2	NOT_APPLICABLE	NOT_APPLICABLE	NOT_APPLICABLE	REGION_1|NODE_CONTACT	bridge::RG3_US30_PERIOD_M5_1777852800_1778457600_6821376586980274840::COMPRESSION::8::TERMINAL
COMPRESSION	RG3_US30_PERIOD_M5_1777852800_1778457600_6821376586980274840	US30	9	1	0	C1	C1	C1	NOT_APPLICABLE	NOT_APPLICABLE	NOT_APPLICABLE	REGION_1|NODE_CONTACT	bridge::RG3_US30_PERIOD_M5_1777852800_1778457600_6821376586980274840::COMPRESSION::9::TERMINAL
COMPRESSION	RG3_US30_PERIOD_M5_1777852800_1778457600_6821376586980274840	US30	10	1	0	C2	C1	C1	NOT_APPLICABLE	NOT_APPLICABLE	NOT_APPLICABLE	REGION_1|NODE_CONTACT	bridge::RG3_US30_PERIOD_M5_1777852800_1778457600_6821376586980274840::COMPRESSION::10::TERMINAL
COMPRESSION	RG3_US30_PERIOD_M5_1777852800_1778457600_6821376586980274840	US30	11	1	0	C2	C1	C1	NOT_APPLICABLE	NOT_APPLICABLE	NOT_APPLICABLE	REGION_0|NODE_CONTACT	bridge::RG3_US30_PERIOD_M5_1777852800_1778457600_6821376586980274840::COMPRESSION::11::TERMINAL
COMPRESSION	RG3_US30_PERIOD_M5_1777852800_1778457600_6821376586980274840	US30	12	1	0	C1	C1	C1	NOT_APPLICABLE	NOT_APPLICABLE	NOT_APPLICABLE	REGION_1|NODE_CONTACT	bridge::RG3_US30_PERIOD_M5_1777852800_1778457600_6821376586980274840::COMPRESSION::12::TERMINAL
COMPRESSION	RG3_US30_PERIOD_M5_1777852800_1778457600_6821376586980274840	US30	13	2	0	C2	C1	C1	NOT_APPLICABLE	NOT_APPLICABLE	NOT_APPLICABLE	REGION_1|NODE_CONTACT	bridge::RG3_US30_PERIOD_M5_1777852800_1778457600_6821376586980274840::COMPRESSION::13::TERMINAL
EXPANSION	RG3_US30_PERIOD_M5_1777852800_1778457600_6821376586980274840	US30	1	4	0	NOT_APPLICABLE	NOT_APPLICABLE	NOT_APPLICABLE	C3	C1	C1	REGION_0|NODE_CONTACT	bridge::RG3_US30_PERIOD_M5_1777852800_1778457600_6821376586980274840::EXPANSION::1::TERMINAL
EXPANSION	RG3_US30_PERIOD_M5_1777852800_1778457600_6821376586980274840	US30	2	4	0	NOT_APPLICABLE	NOT_APPLICABLE	NOT_APPLICABLE	C1	C1	C2	REGION_0|NODE_CONTACT	bridge::RG3_US30_PERIOD_M5_1777852800_1778457600_6821376586980274840::EXPANSION::2::TERMINAL
EXPANSION	RG3_US30_PERIOD_M5_1777852800_1778457600_6821376586980274840	US30	3	4	0	NOT_APPLICABLE	NOT_APPLICABLE	NOT_APPLICABLE	C3	C1	C2	REGION_0|NODE_CONTACT	bridge::RG3_US30_PERIOD_M5_1777852800_1778457600_6821376586980274840::EXPANSION::3::TERMINAL
EXPANSION	RG3_US30_PERIOD_M5_1777852800_1778457600_6821376586980274840	US30	4	4	0	NOT_APPLICABLE	NOT_APPLICABLE	NOT_APPLICABLE	C1	C1	C2	REGION_0|NODE_CONTACT	bridge::RG3_US30_PERIOD_M5_1777852800_1778457600_6821376586980274840::EXPANSION::4::TERMINAL
EXPANSION	RG3_US30_PERIOD_M5_1777852800_1778457600_6821376586980274840	US30	5	4	0	NOT_APPLICABLE	NOT_APPLICABLE	NOT_APPLICABLE	C1	C1	C2	REGION_0|NODE_CONTACT	bridge::RG3_US30_PERIOD_M5_1777852800_1778457600_6821376586980274840::EXPANSION::5::TERMINAL
EXPANSION	RG3_US30_PERIOD_M5_1777852800_1778457600_6821376586980274840	US30	6	4	0	NOT_APPLICABLE	NOT_APPLICABLE	NOT_APPLICABLE	C1	C1	C2	REGION_0|NODE_CONTACT	bridge::RG3_US30_PERIOD_M5_1777852800_1778457600_6821376586980274840::EXPANSION::6::TERMINAL
EXPANSION	RG3_US30_PERIOD_M5_1777852800_1778457600_6821376586980274840	US30	7	4	0	NOT_APPLICABLE	NOT_APPLICABLE	NOT_APPLICABLE	C3	C1	C3	REGION_1|NODE_CONTACT	bridge::RG3_US30_PERIOD_M5_1777852800_1778457600_6821376586980274840::EXPANSION::7::TERMINAL
EXPANSION	RG3_US30_PERIOD_M5_1777852800_1778457600_6821376586980274840	US30	8	4	0	NOT_APPLICABLE	NOT_APPLICABLE	NOT_APPLICABLE	C1	C1	C2	REGION_1|NODE_CONTACT	bridge::RG3_US30_PERIOD_M5_1777852800_1778457600_6821376586980274840::EXPANSION::8::TERMINAL
EXPANSION	RG3_US30_PERIOD_M5_1777852800_1778457600_6821376586980274840	US30	9	4	0	NOT_APPLICABLE	NOT_APPLICABLE	NOT_APPLICABLE	C1	C1	C2	REGION_1|NODE_CONTACT	bridge::RG3_US30_PERIOD_M5_1777852800_1778457600_6821376586980274840::EXPANSION::9::TERMINAL
EXPANSION	RG3_US30_PERIOD_M5_1777852800_1778457600_6821376586980274840	US30	10	4	0	NOT_APPLICABLE	NOT_APPLICABLE	NOT_APPLICABLE	C3	C2	C1	REGION_1|OPEN_CORRIDOR	bridge::RG3_US30_PERIOD_M5_1777852800_1778457600_6821376586980274840::EXPANSION::10::TERMINAL
EXPANSION	RG3_US30_PERIOD_M5_1777852800_1778457600_6821376586980274840	US30	11	4	0	NOT_APPLICABLE	NOT_APPLICABLE	NOT_APPLICABLE	C1	C1	C2	REGION_0|NODE_CONTACT	bridge::RG3_US30_PERIOD_M5_1777852800_1778457600_6821376586980274840::EXPANSION::11::TERMINAL
EXPANSION	RG3_US30_PERIOD_M5_1777852800_1778457600_6821376586980274840	US30	12	4	0	NOT_APPLICABLE	NOT_APPLICABLE	NOT_APPLICABLE	C1	C1	C2	REGION_1|NODE_CONTACT	bridge::RG3_US30_PERIOD_M5_1777852800_1778457600_6821376586980274840::EXPANSION::12::TERMINAL
EXPANSION	RG3_US30_PERIOD_M5_1777852800_1778457600_6821376586980274840	US30	13	6	1	NOT_APPLICABLE	NOT_APPLICABLE	NOT_APPLICABLE	NOT_APPLICABLE	NOT_APPLICABLE	NOT_APPLICABLE	NULL_STRUCTURAL_CONTEXT	bridge::RG3_US30_PERIOD_M5_1777852800_1778457600_6821376586980274840::EXPANSION::13::TERMINAL
COMPRESSION	RG3_US30_PERIOD_M5_1781481600_1782086400_9939459563788191184	US30	1	1	0	C1	C1	C1	NOT_APPLICABLE	NOT_APPLICABLE	NOT_APPLICABLE	REGION_1|NODE_CONTACT	bridge::RG3_US30_PERIOD_M5_1781481600_1782086400_9939459563788191184::COMPRESSION::1::TERMINAL
COMPRESSION	RG3_US30_PERIOD_M5_1781481600_1782086400_9939459563788191184	US30	2	1	0	C1	C1	C1	NOT_APPLICABLE	NOT_APPLICABLE	NOT_APPLICABLE	REGION_1|NODE_CONTACT	bridge::RG3_US30_PERIOD_M5_1781481600_1782086400_9939459563788191184::COMPRESSION::2::TERMINAL
COMPRESSION	RG3_US30_PERIOD_M5_1781481600_1782086400_9939459563788191184	US30	3	2	0	C1	C2	C1	NOT_APPLICABLE	NOT_APPLICABLE	NOT_APPLICABLE	REGION_1|NODE_CONTACT	bridge::RG3_US30_PERIOD_M5_1781481600_1782086400_9939459563788191184::COMPRESSION::3::TERMINAL
COMPRESSION	RG3_US30_PERIOD_M5_1781481600_1782086400_9939459563788191184	US30	4	2	0	C1	C2	C1	NOT_APPLICABLE	NOT_APPLICABLE	NOT_APPLICABLE	REGION_1|NODE_CONTACT	bridge::RG3_US30_PERIOD_M5_1781481600_1782086400_9939459563788191184::COMPRESSION::4::TERMINAL
COMPRESSION	RG3_US30_PERIOD_M5_1781481600_1782086400_9939459563788191184	US30	5	1	0	C2	C1	C1	NOT_APPLICABLE	NOT_APPLICABLE	NOT_APPLICABLE	REGION_2|NODE_CONTACT	bridge::RG3_US30_PERIOD_M5_1781481600_1782086400_9939459563788191184::COMPRESSION::5::TERMINAL
COMPRESSION	RG3_US30_PERIOD_M5_1781481600_1782086400_9939459563788191184	US30	6	1	0	C2	C1	C1	NOT_APPLICABLE	NOT_APPLICABLE	NOT_APPLICABLE	REGION_2|NODE_CONTACT	bridge::RG3_US30_PERIOD_M5_1781481600_1782086400_9939459563788191184::COMPRESSION::6::TERMINAL
COMPRESSION	RG3_US30_PERIOD_M5_1781481600_1782086400_9939459563788191184	US30	7	1	0	C1	C1	C1	NOT_APPLICABLE	NOT_APPLICABLE	NOT_APPLICABLE	REGION_1|NODE_CONTACT	bridge::RG3_US30_PERIOD_M5_1781481600_1782086400_9939459563788191184::COMPRESSION::7::TERMINAL
COMPRESSION	RG3_US30_PERIOD_M5_1781481600_1782086400_9939459563788191184	US30	8	1	0	C2	C1	C1	NOT_APPLICABLE	NOT_APPLICABLE	NOT_APPLICABLE	REGION_1|NODE_CONTACT	bridge::RG3_US30_PERIOD_M5_1781481600_1782086400_9939459563788191184::COMPRESSION::8::TERMINAL
COMPRESSION	RG3_US30_PERIOD_M5_1781481600_1782086400_9939459563788191184	US30	9	2	0	C1	C2	C1	NOT_APPLICABLE	NOT_APPLICABLE	NOT_APPLICABLE	REGION_0|NODE_CONTACT	bridge::RG3_US30_PERIOD_M5_1781481600_1782086400_9939459563788191184::COMPRESSION::9::TERMINAL
COMPRESSION	RG3_US30_PERIOD_M5_1781481600_1782086400_9939459563788191184	US30	10	1	0	C1	C1	C2	NOT_APPLICABLE	NOT_APPLICABLE	NOT_APPLICABLE	REGION_0|NODE_CONTACT	bridge::RG3_US30_PERIOD_M5_1781481600_1782086400_9939459563788191184::COMPRESSION::10::TERMINAL
COMPRESSION	RG3_US30_PERIOD_M5_1781481600_1782086400_9939459563788191184	US30	11	2	0	C1	C2	C1	NOT_APPLICABLE	NOT_APPLICABLE	NOT_APPLICABLE	REGION_0|NODE_CONTACT	bridge::RG3_US30_PERIOD_M5_1781481600_1782086400_9939459563788191184::COMPRESSION::11::TERMINAL
COMPRESSION	RG3_US30_PERIOD_M5_1781481600_1782086400_9939459563788191184	US30	12	2	0	C1	C2	C1	NOT_APPLICABLE	NOT_APPLICABLE	NOT_APPLICABLE	REGION_0|NODE_CONTACT	bridge::RG3_US30_PERIOD_M5_1781481600_1782086400_9939459563788191184::COMPRESSION::12::TERMINAL
COMPRESSION	RG3_US30_PERIOD_M5_1781481600_1782086400_9939459563788191184	US30	13	2	0	C1	C2	C1	NOT_APPLICABLE	NOT_APPLICABLE	NOT_APPLICABLE	REGION_0|NODE_CONTACT	bridge::RG3_US30_PERIOD_M5_1781481600_1782086400_9939459563788191184::COMPRESSION::13::TERMINAL
COMPRESSION	RG3_US30_PERIOD_M5_1781481600_1782086400_9939459563788191184	US30	14	1	0	C2	C1	C2	NOT_APPLICABLE	NOT_APPLICABLE	NOT_APPLICABLE	REGION_0|NODE_CONTACT	bridge::RG3_US30_PERIOD_M5_1781481600_1782086400_9939459563788191184::COMPRESSION::14::TERMINAL
COMPRESSION	RG3_US30_PERIOD_M5_1781481600_1782086400_9939459563788191184	US30	15	6	1	NOT_APPLICABLE	NOT_APPLICABLE	NOT_APPLICABLE	NOT_APPLICABLE	NOT_APPLICABLE	NOT_APPLICABLE	NULL_STRUCTURAL_CONTEXT	bridge::RG3_US30_PERIOD_M5_1781481600_1782086400_9939459563788191184::COMPRESSION::15::TERMINAL
EXPANSION	RG3_US30_PERIOD_M5_1781481600_1782086400_9939459563788191184	US30	1	4	0	NOT_APPLICABLE	NOT_APPLICABLE	NOT_APPLICABLE	C1	C1	C2	REGION_1|NODE_CONTACT	bridge::RG3_US30_PERIOD_M5_1781481600_1782086400_9939459563788191184::EXPANSION::1::TERMINAL
EXPANSION	RG3_US30_PERIOD_M5_1781481600_1782086400_9939459563788191184	US30	2	4	0	NOT_APPLICABLE	NOT_APPLICABLE	NOT_APPLICABLE	C1	C1	C2	REGION_1|NODE_CONTACT	bridge::RG3_US30_PERIOD_M5_1781481600_1782086400_9939459563788191184::EXPANSION::2::TERMINAL
EXPANSION	RG3_US30_PERIOD_M5_1781481600_1782086400_9939459563788191184	US30	3	4	0	NOT_APPLICABLE	NOT_APPLICABLE	NOT_APPLICABLE	C3	C1	C2	REGION_1|NODE_CONTACT	bridge::RG3_US30_PERIOD_M5_1781481600_1782086400_9939459563788191184::EXPANSION::3::TERMINAL
EXPANSION	RG3_US30_PERIOD_M5_1781481600_1782086400_9939459563788191184	US30	4	4	0	NOT_APPLICABLE	NOT_APPLICABLE	NOT_APPLICABLE	C1	C1	C2	REGION_2|NODE_CONTACT	bridge::RG3_US30_PERIOD_M5_1781481600_1782086400_9939459563788191184::EXPANSION::4::TERMINAL
EXPANSION	RG3_US30_PERIOD_M5_1781481600_1782086400_9939459563788191184	US30	5	4	0	NOT_APPLICABLE	NOT_APPLICABLE	NOT_APPLICABLE	C1	C1	C2	REGION_2|NODE_CONTACT	bridge::RG3_US30_PERIOD_M5_1781481600_1782086400_9939459563788191184::EXPANSION::5::TERMINAL
EXPANSION	RG3_US30_PERIOD_M5_1781481600_1782086400_9939459563788191184	US30	6	4	0	NOT_APPLICABLE	NOT_APPLICABLE	NOT_APPLICABLE	C3	C1	C3	REGION_1|NODE_CONTACT	bridge::RG3_US30_PERIOD_M5_1781481600_1782086400_9939459563788191184::EXPANSION::6::TERMINAL
EXPANSION	RG3_US30_PERIOD_M5_1781481600_1782086400_9939459563788191184	US30	7	4	0	NOT_APPLICABLE	NOT_APPLICABLE	NOT_APPLICABLE	C1	C1	C2	REGION_1|NODE_CONTACT	bridge::RG3_US30_PERIOD_M5_1781481600_1782086400_9939459563788191184::EXPANSION::7::TERMINAL
EXPANSION	RG3_US30_PERIOD_M5_1781481600_1782086400_9939459563788191184	US30	8	4	0	NOT_APPLICABLE	NOT_APPLICABLE	NOT_APPLICABLE	C3	C2	C1	REGION_0|NODE_CONTACT	bridge::RG3_US30_PERIOD_M5_1781481600_1782086400_9939459563788191184::EXPANSION::8::TERMINAL
EXPANSION	RG3_US30_PERIOD_M5_1781481600_1782086400_9939459563788191184	US30	9	4	0	NOT_APPLICABLE	NOT_APPLICABLE	NOT_APPLICABLE	C3	C1	C2	REGION_0|NODE_CONTACT	bridge::RG3_US30_PERIOD_M5_1781481600_1782086400_9939459563788191184::EXPANSION::9::TERMINAL
EXPANSION	RG3_US30_PERIOD_M5_1781481600_1782086400_9939459563788191184	US30	10	4	0	NOT_APPLICABLE	NOT_APPLICABLE	NOT_APPLICABLE	C1	C1	C2	REGION_1|NODE_CONTACT	bridge::RG3_US30_PERIOD_M5_1781481600_1782086400_9939459563788191184::EXPANSION::10::TERMINAL
EXPANSION	RG3_US30_PERIOD_M5_1781481600_1782086400_9939459563788191184	US30	11	4	0	NOT_APPLICABLE	NOT_APPLICABLE	NOT_APPLICABLE	C1	C1	C2	REGION_0|NODE_CONTACT	bridge::RG3_US30_PERIOD_M5_1781481600_1782086400_9939459563788191184::EXPANSION::11::TERMINAL
EXPANSION	RG3_US30_PERIOD_M5_1781481600_1782086400_9939459563788191184	US30	12	4	0	NOT_APPLICABLE	NOT_APPLICABLE	NOT_APPLICABLE	NULL_FAMILY	C2	C2	REGION_1|NODE_CONTACT	bridge::RG3_US30_PERIOD_M5_1781481600_1782086400_9939459563788191184::EXPANSION::12::TERMINAL
EXPANSION	RG3_US30_PERIOD_M5_1781481600_1782086400_9939459563788191184	US30	13	4	0	NOT_APPLICABLE	NOT_APPLICABLE	NOT_APPLICABLE	C1	C1	C2	REGION_0|NODE_CONTACT	bridge::RG3_US30_PERIOD_M5_1781481600_1782086400_9939459563788191184::EXPANSION::13::TERMINAL
EXPANSION	RG3_US30_PERIOD_M5_1781481600_1782086400_9939459563788191184	US30	14	4	0	NOT_APPLICABLE	NOT_APPLICABLE	NOT_APPLICABLE	C1	C1	C2	REGION_0|NODE_CONTACT	bridge::RG3_US30_PERIOD_M5_1781481600_1782086400_9939459563788191184::EXPANSION::14::TERMINAL
COMPRESSION	RG3_US30_PERIOD_M5_1783900800_1784505600_318110170989838139	US30	1	2	0	C1	C2	C1	NOT_APPLICABLE	NOT_APPLICABLE	NOT_APPLICABLE	REGION_1|NODE_CONTACT	bridge::RG3_US30_PERIOD_M5_1783900800_1784505600_318110170989838139::COMPRESSION::1::TERMINAL
COMPRESSION	RG3_US30_PERIOD_M5_1783900800_1784505600_318110170989838139	US30	2	2	0	C1	C2	C1	NOT_APPLICABLE	NOT_APPLICABLE	NOT_APPLICABLE	REGION_1|NODE_CONTACT	bridge::RG3_US30_PERIOD_M5_1783900800_1784505600_318110170989838139::COMPRESSION::2::TERMINAL
COMPRESSION	RG3_US30_PERIOD_M5_1783900800_1784505600_318110170989838139	US30	3	2	0	C1	C2	C1	NOT_APPLICABLE	NOT_APPLICABLE	NOT_APPLICABLE	REGION_1|NODE_CONTACT	bridge::RG3_US30_PERIOD_M5_1783900800_1784505600_318110170989838139::COMPRESSION::3::TERMINAL
COMPRESSION	RG3_US30_PERIOD_M5_1783900800_1784505600_318110170989838139	US30	4	2	0	C1	C2	C2	NOT_APPLICABLE	NOT_APPLICABLE	NOT_APPLICABLE	REGION_1|NODE_CONTACT	bridge::RG3_US30_PERIOD_M5_1783900800_1784505600_318110170989838139::COMPRESSION::4::TERMINAL
COMPRESSION	RG3_US30_PERIOD_M5_1783900800_1784505600_318110170989838139	US30	5	1	0	C1	C1	C1	NOT_APPLICABLE	NOT_APPLICABLE	NOT_APPLICABLE	REGION_1|NODE_CONTACT	bridge::RG3_US30_PERIOD_M5_1783900800_1784505600_318110170989838139::COMPRESSION::5::TERMINAL
COMPRESSION	RG3_US30_PERIOD_M5_1783900800_1784505600_318110170989838139	US30	6	1	0	C1	C1	C1	NOT_APPLICABLE	NOT_APPLICABLE	NOT_APPLICABLE	REGION_1|NODE_CONTACT	bridge::RG3_US30_PERIOD_M5_1783900800_1784505600_318110170989838139::COMPRESSION::6::TERMINAL
COMPRESSION	RG3_US30_PERIOD_M5_1783900800_1784505600_318110170989838139	US30	7	1	0	C1	C1	C1	NOT_APPLICABLE	NOT_APPLICABLE	NOT_APPLICABLE	REGION_1|NODE_CONTACT	bridge::RG3_US30_PERIOD_M5_1783900800_1784505600_318110170989838139::COMPRESSION::7::TERMINAL
COMPRESSION	RG3_US30_PERIOD_M5_1783900800_1784505600_318110170989838139	US30	8	1	0	C1	C1	C2	NOT_APPLICABLE	NOT_APPLICABLE	NOT_APPLICABLE	REGION_1|NODE_CONTACT	bridge::RG3_US30_PERIOD_M5_1783900800_1784505600_318110170989838139::COMPRESSION::8::TERMINAL
COMPRESSION	RG3_US30_PERIOD_M5_1783900800_1784505600_318110170989838139	US30	9	1	0	C1	C1	C1	NOT_APPLICABLE	NOT_APPLICABLE	NOT_APPLICABLE	REGION_0|NODE_CONTACT	bridge::RG3_US30_PERIOD_M5_1783900800_1784505600_318110170989838139::COMPRESSION::9::TERMINAL
COMPRESSION	RG3_US30_PERIOD_M5_1783900800_1784505600_318110170989838139	US30	10	2	0	C1	C2	C1	NOT_APPLICABLE	NOT_APPLICABLE	NOT_APPLICABLE	REGION_1|NODE_CONTACT	bridge::RG3_US30_PERIOD_M5_1783900800_1784505600_318110170989838139::COMPRESSION::10::TERMINAL
COMPRESSION	RG3_US30_PERIOD_M5_1783900800_1784505600_318110170989838139	US30	11	2	0	C1	C2	C1	NOT_APPLICABLE	NOT_APPLICABLE	NOT_APPLICABLE	REGION_1|NODE_CONTACT	bridge::RG3_US30_PERIOD_M5_1783900800_1784505600_318110170989838139::COMPRESSION::11::TERMINAL
COMPRESSION	RG3_US30_PERIOD_M5_1783900800_1784505600_318110170989838139	US30	12	2	0	C1	C2	C1	NOT_APPLICABLE	NOT_APPLICABLE	NOT_APPLICABLE	REGION_0|NODE_CONTACT	bridge::RG3_US30_PERIOD_M5_1783900800_1784505600_318110170989838139::COMPRESSION::12::TERMINAL
EXPANSION	RG3_US30_PERIOD_M5_1783900800_1784505600_318110170989838139	US30	1	4	0	NOT_APPLICABLE	NOT_APPLICABLE	NOT_APPLICABLE	C1	C1	C2	REGION_1|NODE_CONTACT	bridge::RG3_US30_PERIOD_M5_1783900800_1784505600_318110170989838139::EXPANSION::1::TERMINAL
EXPANSION	RG3_US30_PERIOD_M5_1783900800_1784505600_318110170989838139	US30	2	4	0	NOT_APPLICABLE	NOT_APPLICABLE	NOT_APPLICABLE	C3	C2	C3	REGION_1|NODE_CONTACT	bridge::RG3_US30_PERIOD_M5_1783900800_1784505600_318110170989838139::EXPANSION::2::TERMINAL
EXPANSION	RG3_US30_PERIOD_M5_1783900800_1784505600_318110170989838139	US30	3	4	0	NOT_APPLICABLE	NOT_APPLICABLE	NOT_APPLICABLE	C1	C1	C2	REGION_1|NODE_CONTACT	bridge::RG3_US30_PERIOD_M5_1783900800_1784505600_318110170989838139::EXPANSION::3::TERMINAL
EXPANSION	RG3_US30_PERIOD_M5_1783900800_1784505600_318110170989838139	US30	4	4	0	NOT_APPLICABLE	NOT_APPLICABLE	NOT_APPLICABLE	C3	C1	C2	REGION_1|NODE_CONTACT	bridge::RG3_US30_PERIOD_M5_1783900800_1784505600_318110170989838139::EXPANSION::4::TERMINAL
EXPANSION	RG3_US30_PERIOD_M5_1783900800_1784505600_318110170989838139	US30	5	4	0	NOT_APPLICABLE	NOT_APPLICABLE	NOT_APPLICABLE	C1	C1	C2	REGION_0|NODE_CONTACT	bridge::RG3_US30_PERIOD_M5_1783900800_1784505600_318110170989838139::EXPANSION::5::TERMINAL
EXPANSION	RG3_US30_PERIOD_M5_1783900800_1784505600_318110170989838139	US30	6	4	0	NOT_APPLICABLE	NOT_APPLICABLE	NOT_APPLICABLE	C1	C1	C2	REGION_1|NODE_CONTACT	bridge::RG3_US30_PERIOD_M5_1783900800_1784505600_318110170989838139::EXPANSION::6::TERMINAL
EXPANSION	RG3_US30_PERIOD_M5_1783900800_1784505600_318110170989838139	US30	7	4	0	NOT_APPLICABLE	NOT_APPLICABLE	NOT_APPLICABLE	C1	C1	C2	REGION_1|NODE_CONTACT	bridge::RG3_US30_PERIOD_M5_1783900800_1784505600_318110170989838139::EXPANSION::7::TERMINAL
EXPANSION	RG3_US30_PERIOD_M5_1783900800_1784505600_318110170989838139	US30	8	4	0	NOT_APPLICABLE	NOT_APPLICABLE	NOT_APPLICABLE	C3	C1	C2	REGION_1|NODE_CONTACT	bridge::RG3_US30_PERIOD_M5_1783900800_1784505600_318110170989838139::EXPANSION::8::TERMINAL
EXPANSION	RG3_US30_PERIOD_M5_1783900800_1784505600_318110170989838139	US30	9	4	0	NOT_APPLICABLE	NOT_APPLICABLE	NOT_APPLICABLE	C1	C1	C2	REGION_0|NODE_CONTACT	bridge::RG3_US30_PERIOD_M5_1783900800_1784505600_318110170989838139::EXPANSION::9::TERMINAL
EXPANSION	RG3_US30_PERIOD_M5_1783900800_1784505600_318110170989838139	US30	10	4	0	NOT_APPLICABLE	NOT_APPLICABLE	NOT_APPLICABLE	C3	C1	C2	REGION_0|NODE_CONTACT	bridge::RG3_US30_PERIOD_M5_1783900800_1784505600_318110170989838139::EXPANSION::10::TERMINAL
EXPANSION	RG3_US30_PERIOD_M5_1783900800_1784505600_318110170989838139	US30	11	4	0	NOT_APPLICABLE	NOT_APPLICABLE	NOT_APPLICABLE	C1	C1	C1	REGION_0|NODE_CONTACT	bridge::RG3_US30_PERIOD_M5_1783900800_1784505600_318110170989838139::EXPANSION::11::TERMINAL
EXPANSION	RG3_US30_PERIOD_M5_1783900800_1784505600_318110170989838139	US30	12	6	1	NOT_APPLICABLE	NOT_APPLICABLE	NOT_APPLICABLE	NOT_APPLICABLE	NOT_APPLICABLE	NOT_APPLICABLE	NULL_STRUCTURAL_CONTEXT	bridge::RG3_US30_PERIOD_M5_1783900800_1784505600_318110170989838139::EXPANSION::12::TERMINAL
COMPRESSION	RG3_US30_PERIOD_M5_1785715200_1786060800_11126998680303349651	US30	1	1	0	C1	C1	C1	NOT_APPLICABLE	NOT_APPLICABLE	NOT_APPLICABLE	REGION_1|NODE_CONTACT	bridge::RG3_US30_PERIOD_M5_1785715200_1786060800_11126998680303349651::COMPRESSION::1::TERMINAL
COMPRESSION	RG3_US30_PERIOD_M5_1785715200_1786060800_11126998680303349651	US30	2	1	0	C2	C2	C1	NOT_APPLICABLE	NOT_APPLICABLE	NOT_APPLICABLE	REGION_1|NODE_CONTACT	bridge::RG3_US30_PERIOD_M5_1785715200_1786060800_11126998680303349651::COMPRESSION::2::TERMINAL
COMPRESSION	RG3_US30_PERIOD_M5_1785715200_1786060800_11126998680303349651	US30	3	2	0	C1	C2	C2	NOT_APPLICABLE	NOT_APPLICABLE	NOT_APPLICABLE	REGION_1|NODE_CONTACT	bridge::RG3_US30_PERIOD_M5_1785715200_1786060800_11126998680303349651::COMPRESSION::3::TERMINAL
COMPRESSION	RG3_US30_PERIOD_M5_1785715200_1786060800_11126998680303349651	US30	4	1	0	C2	C1	C1	NOT_APPLICABLE	NOT_APPLICABLE	NOT_APPLICABLE	REGION_1|NODE_CONTACT	bridge::RG3_US30_PERIOD_M5_1785715200_1786060800_11126998680303349651::COMPRESSION::4::TERMINAL
COMPRESSION	RG3_US30_PERIOD_M5_1785715200_1786060800_11126998680303349651	US30	5	2	0	C1	C1	C1	NOT_APPLICABLE	NOT_APPLICABLE	NOT_APPLICABLE	REGION_1|NODE_CONTACT	bridge::RG3_US30_PERIOD_M5_1785715200_1786060800_11126998680303349651::COMPRESSION::5::TERMINAL
COMPRESSION	RG3_US30_PERIOD_M5_1785715200_1786060800_11126998680303349651	US30	6	1	0	C1	C1	C1	NOT_APPLICABLE	NOT_APPLICABLE	NOT_APPLICABLE	REGION_2|OPEN_CORRIDOR	bridge::RG3_US30_PERIOD_M5_1785715200_1786060800_11126998680303349651::COMPRESSION::6::TERMINAL
COMPRESSION	RG3_US30_PERIOD_M5_1785715200_1786060800_11126998680303349651	US30	7	2	0	C1	C1	C1	NOT_APPLICABLE	NOT_APPLICABLE	NOT_APPLICABLE	REGION_1|OPEN_CORRIDOR	bridge::RG3_US30_PERIOD_M5_1785715200_1786060800_11126998680303349651::COMPRESSION::7::TERMINAL
COMPRESSION	RG3_US30_PERIOD_M5_1785715200_1786060800_11126998680303349651	US30	8	1	0	C1	C1	C1	NOT_APPLICABLE	NOT_APPLICABLE	NOT_APPLICABLE	REGION_1|OPEN_CORRIDOR	bridge::RG3_US30_PERIOD_M5_1785715200_1786060800_11126998680303349651::COMPRESSION::8::TERMINAL
COMPRESSION	RG3_US30_PERIOD_M5_1785715200_1786060800_11126998680303349651	US30	9	1	0	C1	C1	C1	NOT_APPLICABLE	NOT_APPLICABLE	NOT_APPLICABLE	REGION_2|OPEN_CORRIDOR	bridge::RG3_US30_PERIOD_M5_1785715200_1786060800_11126998680303349651::COMPRESSION::9::TERMINAL
COMPRESSION	RG3_US30_PERIOD_M5_1785715200_1786060800_11126998680303349651	US30	10	1	0	C2	C1	C1	NOT_APPLICABLE	NOT_APPLICABLE	NOT_APPLICABLE	REGION_1|OPEN_CORRIDOR	bridge::RG3_US30_PERIOD_M5_1785715200_1786060800_11126998680303349651::COMPRESSION::10::TERMINAL
COMPRESSION	RG3_US30_PERIOD_M5_1785715200_1786060800_11126998680303349651	US30	11	1	0	C2	C1	C1	NOT_APPLICABLE	NOT_APPLICABLE	NOT_APPLICABLE	REGION_1|OPEN_CORRIDOR	bridge::RG3_US30_PERIOD_M5_1785715200_1786060800_11126998680303349651::COMPRESSION::11::TERMINAL
COMPRESSION	RG3_US30_PERIOD_M5_1785715200_1786060800_11126998680303349651	US30	12	2	0	C1	C2	C2	NOT_APPLICABLE	NOT_APPLICABLE	NOT_APPLICABLE	REGION_1|OPEN_CORRIDOR	bridge::RG3_US30_PERIOD_M5_1785715200_1786060800_11126998680303349651::COMPRESSION::12::TERMINAL
EXPANSION	RG3_US30_PERIOD_M5_1785715200_1786060800_11126998680303349651	US30	1	4	0	NOT_APPLICABLE	NOT_APPLICABLE	NOT_APPLICABLE	C1	C1	C2	REGION_1|NODE_CONTACT	bridge::RG3_US30_PERIOD_M5_1785715200_1786060800_11126998680303349651::EXPANSION::1::TERMINAL
EXPANSION	RG3_US30_PERIOD_M5_1785715200_1786060800_11126998680303349651	US30	2	4	0	NOT_APPLICABLE	NOT_APPLICABLE	NOT_APPLICABLE	C3	C1	C3	REGION_1|NODE_CONTACT	bridge::RG3_US30_PERIOD_M5_1785715200_1786060800_11126998680303349651::EXPANSION::2::TERMINAL
EXPANSION	RG3_US30_PERIOD_M5_1785715200_1786060800_11126998680303349651	US30	3	4	0	NOT_APPLICABLE	NOT_APPLICABLE	NOT_APPLICABLE	C1	C2	C3	REGION_1|NODE_CONTACT	bridge::RG3_US30_PERIOD_M5_1785715200_1786060800_11126998680303349651::EXPANSION::3::TERMINAL
EXPANSION	RG3_US30_PERIOD_M5_1785715200_1786060800_11126998680303349651	US30	4	4	0	NOT_APPLICABLE	NOT_APPLICABLE	NOT_APPLICABLE	C1	C1	C2	REGION_1|NODE_CONTACT	bridge::RG3_US30_PERIOD_M5_1785715200_1786060800_11126998680303349651::EXPANSION::4::TERMINAL
EXPANSION	RG3_US30_PERIOD_M5_1785715200_1786060800_11126998680303349651	US30	5	4	0	NOT_APPLICABLE	NOT_APPLICABLE	NOT_APPLICABLE	C3	C2	C3	REGION_1|NODE_CONTACT	bridge::RG3_US30_PERIOD_M5_1785715200_1786060800_11126998680303349651::EXPANSION::5::TERMINAL
EXPANSION	RG3_US30_PERIOD_M5_1785715200_1786060800_11126998680303349651	US30	6	4	0	NOT_APPLICABLE	NOT_APPLICABLE	NOT_APPLICABLE	C1	C1	C2	REGION_2|OPEN_CORRIDOR	bridge::RG3_US30_PERIOD_M5_1785715200_1786060800_11126998680303349651::EXPANSION::6::TERMINAL
EXPANSION	RG3_US30_PERIOD_M5_1785715200_1786060800_11126998680303349651	US30	7	4	0	NOT_APPLICABLE	NOT_APPLICABLE	NOT_APPLICABLE	C1	C1	C2	REGION_1|OPEN_CORRIDOR	bridge::RG3_US30_PERIOD_M5_1785715200_1786060800_11126998680303349651::EXPANSION::7::TERMINAL
EXPANSION	RG3_US30_PERIOD_M5_1785715200_1786060800_11126998680303349651	US30	8	4	0	NOT_APPLICABLE	NOT_APPLICABLE	NOT_APPLICABLE	C3	C1	C3	REGION_2|OPEN_CORRIDOR	bridge::RG3_US30_PERIOD_M5_1785715200_1786060800_11126998680303349651::EXPANSION::8::TERMINAL
EXPANSION	RG3_US30_PERIOD_M5_1785715200_1786060800_11126998680303349651	US30	9	4	0	NOT_APPLICABLE	NOT_APPLICABLE	NOT_APPLICABLE	C1	C2	C1	REGION_1|NODE_CONTACT	bridge::RG3_US30_PERIOD_M5_1785715200_1786060800_11126998680303349651::EXPANSION::9::TERMINAL
EXPANSION	RG3_US30_PERIOD_M5_1785715200_1786060800_11126998680303349651	US30	10	4	0	NOT_APPLICABLE	NOT_APPLICABLE	NOT_APPLICABLE	C1	C1	C2	REGION_1|OPEN_CORRIDOR	bridge::RG3_US30_PERIOD_M5_1785715200_1786060800_11126998680303349651::EXPANSION::10::TERMINAL
EXPANSION	RG3_US30_PERIOD_M5_1785715200_1786060800_11126998680303349651	US30	11	4	0	NOT_APPLICABLE	NOT_APPLICABLE	NOT_APPLICABLE	C1	C1	C2	REGION_1|OPEN_CORRIDOR	bridge::RG3_US30_PERIOD_M5_1785715200_1786060800_11126998680303349651::EXPANSION::11::TERMINAL
EXPANSION	RG3_US30_PERIOD_M5_1785715200_1786060800_11126998680303349651	US30	12	6	1	NOT_APPLICABLE	NOT_APPLICABLE	NOT_APPLICABLE	NOT_APPLICABLE	NOT_APPLICABLE	NOT_APPLICABLE	REGION_1|OPEN_CORRIDOR	bridge::RG3_US30_PERIOD_M5_1785715200_1786060800_11126998680303349651::EXPANSION::12::TERMINAL
COMPRESSION	RG3_US500_PERIOD_M5_1768176000_1768780800_17180753283749702142	US500	1	2	0	C1	C2	C1	NOT_APPLICABLE	NOT_APPLICABLE	NOT_APPLICABLE	REGION_0|NODE_CONTACT	bridge::RG3_US500_PERIOD_M5_1768176000_1768780800_17180753283749702142::COMPRESSION::1::TERMINAL
COMPRESSION	RG3_US500_PERIOD_M5_1768176000_1768780800_17180753283749702142	US500	2	2	0	C1	C2	C1	NOT_APPLICABLE	NOT_APPLICABLE	NOT_APPLICABLE	REGION_0|NODE_CONTACT	bridge::RG3_US500_PERIOD_M5_1768176000_1768780800_17180753283749702142::COMPRESSION::2::TERMINAL
COMPRESSION	RG3_US500_PERIOD_M5_1768176000_1768780800_17180753283749702142	US500	3	1	0	C1	C1	C1	NOT_APPLICABLE	NOT_APPLICABLE	NOT_APPLICABLE	REGION_0|NODE_CONTACT	bridge::RG3_US500_PERIOD_M5_1768176000_1768780800_17180753283749702142::COMPRESSION::3::TERMINAL
COMPRESSION	RG3_US500_PERIOD_M5_1768176000_1768780800_17180753283749702142	US500	4	1	0	C2	C1	C2	NOT_APPLICABLE	NOT_APPLICABLE	NOT_APPLICABLE	REGION_0|NODE_CONTACT	bridge::RG3_US500_PERIOD_M5_1768176000_1768780800_17180753283749702142::COMPRESSION::4::TERMINAL
COMPRESSION	RG3_US500_PERIOD_M5_1768176000_1768780800_17180753283749702142	US500	5	1	0	C1	C1	C1	NOT_APPLICABLE	NOT_APPLICABLE	NOT_APPLICABLE	REGION_1|NODE_CONTACT	bridge::RG3_US500_PERIOD_M5_1768176000_1768780800_17180753283749702142::COMPRESSION::5::TERMINAL
COMPRESSION	RG3_US500_PERIOD_M5_1768176000_1768780800_17180753283749702142	US500	6	1	0	C1	C1	C1	NOT_APPLICABLE	NOT_APPLICABLE	NOT_APPLICABLE	REGION_1|NODE_CONTACT	bridge::RG3_US500_PERIOD_M5_1768176000_1768780800_17180753283749702142::COMPRESSION::6::TERMINAL
COMPRESSION	RG3_US500_PERIOD_M5_1768176000_1768780800_17180753283749702142	US500	7	1	0	C1	C1	C1	NOT_APPLICABLE	NOT_APPLICABLE	NOT_APPLICABLE	REGION_1|NODE_CONTACT	bridge::RG3_US500_PERIOD_M5_1768176000_1768780800_17180753283749702142::COMPRESSION::7::TERMINAL
COMPRESSION	RG3_US500_PERIOD_M5_1768176000_1768780800_17180753283749702142	US500	8	2	0	C1	C2	C1	NOT_APPLICABLE	NOT_APPLICABLE	NOT_APPLICABLE	REGION_0|NODE_CONTACT	bridge::RG3_US500_PERIOD_M5_1768176000_1768780800_17180753283749702142::COMPRESSION::8::TERMINAL
COMPRESSION	RG3_US500_PERIOD_M5_1768176000_1768780800_17180753283749702142	US500	9	2	0	C1	C2	C1	NOT_APPLICABLE	NOT_APPLICABLE	NOT_APPLICABLE	REGION_0|NODE_CONTACT	bridge::RG3_US500_PERIOD_M5_1768176000_1768780800_17180753283749702142::COMPRESSION::9::TERMINAL
COMPRESSION	RG3_US500_PERIOD_M5_1768176000_1768780800_17180753283749702142	US500	10	1	0	C2	C1	C1	NOT_APPLICABLE	NOT_APPLICABLE	NOT_APPLICABLE	REGION_0|NODE_CONTACT	bridge::RG3_US500_PERIOD_M5_1768176000_1768780800_17180753283749702142::COMPRESSION::10::TERMINAL
COMPRESSION	RG3_US500_PERIOD_M5_1768176000_1768780800_17180753283749702142	US500	11	1	0	C2	C1	C1	NOT_APPLICABLE	NOT_APPLICABLE	NOT_APPLICABLE	REGION_1|NODE_CONTACT	bridge::RG3_US500_PERIOD_M5_1768176000_1768780800_17180753283749702142::COMPRESSION::11::TERMINAL
COMPRESSION	RG3_US500_PERIOD_M5_1768176000_1768780800_17180753283749702142	US500	12	1	0	C1	C1	C2	NOT_APPLICABLE	NOT_APPLICABLE	NOT_APPLICABLE	REGION_0|NODE_CONTACT	bridge::RG3_US500_PERIOD_M5_1768176000_1768780800_17180753283749702142::COMPRESSION::12::TERMINAL
COMPRESSION	RG3_US500_PERIOD_M5_1768176000_1768780800_17180753283749702142	US500	13	1	0	C1	C1	C1	NOT_APPLICABLE	NOT_APPLICABLE	NOT_APPLICABLE	REGION_1|NODE_CONTACT	bridge::RG3_US500_PERIOD_M5_1768176000_1768780800_17180753283749702142::COMPRESSION::13::TERMINAL
COMPRESSION	RG3_US500_PERIOD_M5_1768176000_1768780800_17180753283749702142	US500	14	1	0	C1	C1	C1	NOT_APPLICABLE	NOT_APPLICABLE	NOT_APPLICABLE	REGION_1|NODE_CONTACT	bridge::RG3_US500_PERIOD_M5_1768176000_1768780800_17180753283749702142::COMPRESSION::14::TERMINAL
COMPRESSION	RG3_US500_PERIOD_M5_1768176000_1768780800_17180753283749702142	US500	15	1	0	C2	C1	C1	NOT_APPLICABLE	NOT_APPLICABLE	NOT_APPLICABLE	REGION_1|NODE_CONTACT	bridge::RG3_US500_PERIOD_M5_1768176000_1768780800_17180753283749702142::COMPRESSION::15::TERMINAL
COMPRESSION	RG3_US500_PERIOD_M5_1768176000_1768780800_17180753283749702142	US500	16	2	0	C1	C1	C1	NOT_APPLICABLE	NOT_APPLICABLE	NOT_APPLICABLE	REGION_1|NODE_CONTACT	bridge::RG3_US500_PERIOD_M5_1768176000_1768780800_17180753283749702142::COMPRESSION::16::TERMINAL
EXPANSION	RG3_US500_PERIOD_M5_1768176000_1768780800_17180753283749702142	US500	1	4	0	NOT_APPLICABLE	NOT_APPLICABLE	NOT_APPLICABLE	C1	C1	C2	REGION_0|NODE_CONTACT	bridge::RG3_US500_PERIOD_M5_1768176000_1768780800_17180753283749702142::EXPANSION::1::TERMINAL
EXPANSION	RG3_US500_PERIOD_M5_1768176000_1768780800_17180753283749702142	US500	2	4	0	NOT_APPLICABLE	NOT_APPLICABLE	NOT_APPLICABLE	C1	C2	C2	REGION_0|NODE_CONTACT	bridge::RG3_US500_PERIOD_M5_1768176000_1768780800_17180753283749702142::EXPANSION::2::TERMINAL
EXPANSION	RG3_US500_PERIOD_M5_1768176000_1768780800_17180753283749702142	US500	3	4	0	NOT_APPLICABLE	NOT_APPLICABLE	NOT_APPLICABLE	C1	C1	C2	REGION_0|NODE_CONTACT	bridge::RG3_US500_PERIOD_M5_1768176000_1768780800_17180753283749702142::EXPANSION::3::TERMINAL
EXPANSION	RG3_US500_PERIOD_M5_1768176000_1768780800_17180753283749702142	US500	4	4	0	NOT_APPLICABLE	NOT_APPLICABLE	NOT_APPLICABLE	C3	C1	C3	REGION_1|OPEN_CORRIDOR	bridge::RG3_US500_PERIOD_M5_1768176000_1768780800_17180753283749702142::EXPANSION::4::TERMINAL
EXPANSION	RG3_US500_PERIOD_M5_1768176000_1768780800_17180753283749702142	US500	5	4	0	NOT_APPLICABLE	NOT_APPLICABLE	NOT_APPLICABLE	C1	C1	C2	REGION_1|NODE_CONTACT	bridge::RG3_US500_PERIOD_M5_1768176000_1768780800_17180753283749702142::EXPANSION::5::TERMINAL
EXPANSION	RG3_US500_PERIOD_M5_1768176000_1768780800_17180753283749702142	US500	6	4	0	NOT_APPLICABLE	NOT_APPLICABLE	NOT_APPLICABLE	C1	C1	C2	REGION_1|OPEN_CORRIDOR	bridge::RG3_US500_PERIOD_M5_1768176000_1768780800_17180753283749702142::EXPANSION::6::TERMINAL
EXPANSION	RG3_US500_PERIOD_M5_1768176000_1768780800_17180753283749702142	US500	7	4	0	NOT_APPLICABLE	NOT_APPLICABLE	NOT_APPLICABLE	C3	C2	C1	REGION_0|NODE_CONTACT	bridge::RG3_US500_PERIOD_M5_1768176000_1768780800_17180753283749702142::EXPANSION::7::TERMINAL
EXPANSION	RG3_US500_PERIOD_M5_1768176000_1768780800_17180753283749702142	US500	8	4	0	NOT_APPLICABLE	NOT_APPLICABLE	NOT_APPLICABLE	C1	C1	C2	REGION_0|NODE_CONTACT	bridge::RG3_US500_PERIOD_M5_1768176000_1768780800_17180753283749702142::EXPANSION::8::TERMINAL
EXPANSION	RG3_US500_PERIOD_M5_1768176000_1768780800_17180753283749702142	US500	9	4	0	NOT_APPLICABLE	NOT_APPLICABLE	NOT_APPLICABLE	C1	C1	C2	REGION_0|NODE_CONTACT	bridge::RG3_US500_PERIOD_M5_1768176000_1768780800_17180753283749702142::EXPANSION::9::TERMINAL
EXPANSION	RG3_US500_PERIOD_M5_1768176000_1768780800_17180753283749702142	US500	10	4	0	NOT_APPLICABLE	NOT_APPLICABLE	NOT_APPLICABLE	C3	C2	C1	REGION_0|NODE_CONTACT	bridge::RG3_US500_PERIOD_M5_1768176000_1768780800_17180753283749702142::EXPANSION::10::TERMINAL
EXPANSION	RG3_US500_PERIOD_M5_1768176000_1768780800_17180753283749702142	US500	11	4	0	NOT_APPLICABLE	NOT_APPLICABLE	NOT_APPLICABLE	C1	C1	C2	REGION_0|NODE_CONTACT	bridge::RG3_US500_PERIOD_M5_1768176000_1768780800_17180753283749702142::EXPANSION::11::TERMINAL
EXPANSION	RG3_US500_PERIOD_M5_1768176000_1768780800_17180753283749702142	US500	12	4	0	NOT_APPLICABLE	NOT_APPLICABLE	NOT_APPLICABLE	C1	C1	C2	REGION_1|NODE_CONTACT	bridge::RG3_US500_PERIOD_M5_1768176000_1768780800_17180753283749702142::EXPANSION::12::TERMINAL
EXPANSION	RG3_US500_PERIOD_M5_1768176000_1768780800_17180753283749702142	US500	13	4	0	NOT_APPLICABLE	NOT_APPLICABLE	NOT_APPLICABLE	C3	C1	C2	REGION_0|NODE_CONTACT	bridge::RG3_US500_PERIOD_M5_1768176000_1768780800_17180753283749702142::EXPANSION::13::TERMINAL
EXPANSION	RG3_US500_PERIOD_M5_1768176000_1768780800_17180753283749702142	US500	14	4	0	NOT_APPLICABLE	NOT_APPLICABLE	NOT_APPLICABLE	C1	C1	C2	REGION_1|NODE_CONTACT	bridge::RG3_US500_PERIOD_M5_1768176000_1768780800_17180753283749702142::EXPANSION::14::TERMINAL
EXPANSION	RG3_US500_PERIOD_M5_1768176000_1768780800_17180753283749702142	US500	15	4	0	NOT_APPLICABLE	NOT_APPLICABLE	NOT_APPLICABLE	C1	C1	C2	REGION_1|OPEN_CORRIDOR	bridge::RG3_US500_PERIOD_M5_1768176000_1768780800_17180753283749702142::EXPANSION::15::TERMINAL
EXPANSION	RG3_US500_PERIOD_M5_1768176000_1768780800_17180753283749702142	US500	16	6	1	NOT_APPLICABLE	NOT_APPLICABLE	NOT_APPLICABLE	NOT_APPLICABLE	NOT_APPLICABLE	NOT_APPLICABLE	NULL_STRUCTURAL_CONTEXT	bridge::RG3_US500_PERIOD_M5_1768176000_1768780800_17180753283749702142::EXPANSION::16::TERMINAL
COMPRESSION	RG3_US500_PERIOD_M5_1771200000_1771804800_16907777243792436315	US500	1	1	0	C1	C1	C1	NOT_APPLICABLE	NOT_APPLICABLE	NOT_APPLICABLE	REGION_0|NODE_CONTACT	bridge::RG3_US500_PERIOD_M5_1771200000_1771804800_16907777243792436315::COMPRESSION::1::TERMINAL
COMPRESSION	RG3_US500_PERIOD_M5_1771200000_1771804800_16907777243792436315	US500	2	1	0	C1	C1	C1	NOT_APPLICABLE	NOT_APPLICABLE	NOT_APPLICABLE	REGION_1|NODE_CONTACT	bridge::RG3_US500_PERIOD_M5_1771200000_1771804800_16907777243792436315::COMPRESSION::2::TERMINAL
COMPRESSION	RG3_US500_PERIOD_M5_1771200000_1771804800_16907777243792436315	US500	3	2	0	C2	C2	C1	NOT_APPLICABLE	NOT_APPLICABLE	NOT_APPLICABLE	REGION_1|NODE_CONTACT	bridge::RG3_US500_PERIOD_M5_1771200000_1771804800_16907777243792436315::COMPRESSION::3::TERMINAL
COMPRESSION	RG3_US500_PERIOD_M5_1771200000_1771804800_16907777243792436315	US500	4	2	0	C1	C2	C2	NOT_APPLICABLE	NOT_APPLICABLE	NOT_APPLICABLE	REGION_1|NODE_CONTACT	bridge::RG3_US500_PERIOD_M5_1771200000_1771804800_16907777243792436315::COMPRESSION::4::TERMINAL
COMPRESSION	RG3_US500_PERIOD_M5_1771200000_1771804800_16907777243792436315	US500	5	1	0	C2	C2	C1	NOT_APPLICABLE	NOT_APPLICABLE	NOT_APPLICABLE	REGION_1|NODE_CONTACT	bridge::RG3_US500_PERIOD_M5_1771200000_1771804800_16907777243792436315::COMPRESSION::5::TERMINAL
COMPRESSION	RG3_US500_PERIOD_M5_1771200000_1771804800_16907777243792436315	US500	6	2	0	C1	C2	C1	NOT_APPLICABLE	NOT_APPLICABLE	NOT_APPLICABLE	REGION_0|NODE_CONTACT	bridge::RG3_US500_PERIOD_M5_1771200000_1771804800_16907777243792436315::COMPRESSION::6::TERMINAL
COMPRESSION	RG3_US500_PERIOD_M5_1771200000_1771804800_16907777243792436315	US500	7	1	0	C1	C1	C1	NOT_APPLICABLE	NOT_APPLICABLE	NOT_APPLICABLE	REGION_0|NODE_CONTACT	bridge::RG3_US500_PERIOD_M5_1771200000_1771804800_16907777243792436315::COMPRESSION::7::TERMINAL
COMPRESSION	RG3_US500_PERIOD_M5_1771200000_1771804800_16907777243792436315	US500	8	1	0	C1	C1	C1	NOT_APPLICABLE	NOT_APPLICABLE	NOT_APPLICABLE	REGION_1|NODE_CONTACT	bridge::RG3_US500_PERIOD_M5_1771200000_1771804800_16907777243792436315::COMPRESSION::8::TERMINAL
COMPRESSION	RG3_US500_PERIOD_M5_1771200000_1771804800_16907777243792436315	US500	9	2	0	C1	C2	C1	NOT_APPLICABLE	NOT_APPLICABLE	NOT_APPLICABLE	REGION_1|NODE_CONTACT	bridge::RG3_US500_PERIOD_M5_1771200000_1771804800_16907777243792436315::COMPRESSION::9::TERMINAL
COMPRESSION	RG3_US500_PERIOD_M5_1771200000_1771804800_16907777243792436315	US500	10	1	0	C2	C1	C1	NOT_APPLICABLE	NOT_APPLICABLE	NOT_APPLICABLE	REGION_0|NODE_CONTACT	bridge::RG3_US500_PERIOD_M5_1771200000_1771804800_16907777243792436315::COMPRESSION::10::TERMINAL
COMPRESSION	RG3_US500_PERIOD_M5_1771200000_1771804800_16907777243792436315	US500	11	2	0	C1	C2	C2	NOT_APPLICABLE	NOT_APPLICABLE	NOT_APPLICABLE	REGION_0|NODE_CONTACT	bridge::RG3_US500_PERIOD_M5_1771200000_1771804800_16907777243792436315::COMPRESSION::11::TERMINAL
COMPRESSION	RG3_US500_PERIOD_M5_1771200000_1771804800_16907777243792436315	US500	12	1	0	C1	C1	C1	NOT_APPLICABLE	NOT_APPLICABLE	NOT_APPLICABLE	REGION_0|NODE_CONTACT	bridge::RG3_US500_PERIOD_M5_1771200000_1771804800_16907777243792436315::COMPRESSION::12::TERMINAL
COMPRESSION	RG3_US500_PERIOD_M5_1771200000_1771804800_16907777243792436315	US500	13	1	0	C2	C1	C1	NOT_APPLICABLE	NOT_APPLICABLE	NOT_APPLICABLE	REGION_0|NODE_CONTACT	bridge::RG3_US500_PERIOD_M5_1771200000_1771804800_16907777243792436315::COMPRESSION::13::TERMINAL
COMPRESSION	RG3_US500_PERIOD_M5_1771200000_1771804800_16907777243792436315	US500	14	1	0	C1	C1	C1	NOT_APPLICABLE	NOT_APPLICABLE	NOT_APPLICABLE	REGION_0|NODE_CONTACT	bridge::RG3_US500_PERIOD_M5_1771200000_1771804800_16907777243792436315::COMPRESSION::14::TERMINAL
COMPRESSION	RG3_US500_PERIOD_M5_1771200000_1771804800_16907777243792436315	US500	15	2	0	C2	C2	C1	NOT_APPLICABLE	NOT_APPLICABLE	NOT_APPLICABLE	REGION_0|NODE_CONTACT	bridge::RG3_US500_PERIOD_M5_1771200000_1771804800_16907777243792436315::COMPRESSION::15::TERMINAL
EXPANSION	RG3_US500_PERIOD_M5_1771200000_1771804800_16907777243792436315	US500	1	4	0	NOT_APPLICABLE	NOT_APPLICABLE	NOT_APPLICABLE	C1	C1	C2	REGION_0|NODE_CONTACT	bridge::RG3_US500_PERIOD_M5_1771200000_1771804800_16907777243792436315::EXPANSION::1::TERMINAL
EXPANSION	RG3_US500_PERIOD_M5_1771200000_1771804800_16907777243792436315	US500	2	4	0	NOT_APPLICABLE	NOT_APPLICABLE	NOT_APPLICABLE	C1	C1	C2	REGION_1|NODE_CONTACT	bridge::RG3_US500_PERIOD_M5_1771200000_1771804800_16907777243792436315::EXPANSION::2::TERMINAL
EXPANSION	RG3_US500_PERIOD_M5_1771200000_1771804800_16907777243792436315	US500	3	4	0	NOT_APPLICABLE	NOT_APPLICABLE	NOT_APPLICABLE	C1	C1	C1	REGION_0|NODE_CONTACT	bridge::RG3_US500_PERIOD_M5_1771200000_1771804800_16907777243792436315::EXPANSION::3::TERMINAL
EXPANSION	RG3_US500_PERIOD_M5_1771200000_1771804800_16907777243792436315	US500	4	4	0	NOT_APPLICABLE	NOT_APPLICABLE	NOT_APPLICABLE	C1	C1	C2	REGION_1|NODE_CONTACT	bridge::RG3_US500_PERIOD_M5_1771200000_1771804800_16907777243792436315::EXPANSION::4::TERMINAL
EXPANSION	RG3_US500_PERIOD_M5_1771200000_1771804800_16907777243792436315	US500	5	4	0	NOT_APPLICABLE	NOT_APPLICABLE	NOT_APPLICABLE	C3	C1	C2	REGION_0|NODE_CONTACT	bridge::RG3_US500_PERIOD_M5_1771200000_1771804800_16907777243792436315::EXPANSION::5::TERMINAL
EXPANSION	RG3_US500_PERIOD_M5_1771200000_1771804800_16907777243792436315	US500	6	4	0	NOT_APPLICABLE	NOT_APPLICABLE	NOT_APPLICABLE	C1	C1	C2	REGION_0|NODE_CONTACT	bridge::RG3_US500_PERIOD_M5_1771200000_1771804800_16907777243792436315::EXPANSION::6::TERMINAL
EXPANSION	RG3_US500_PERIOD_M5_1771200000_1771804800_16907777243792436315	US500	7	4	0	NOT_APPLICABLE	NOT_APPLICABLE	NOT_APPLICABLE	C1	C1	C2	REGION_0|NODE_CONTACT	bridge::RG3_US500_PERIOD_M5_1771200000_1771804800_16907777243792436315::EXPANSION::7::TERMINAL
EXPANSION	RG3_US500_PERIOD_M5_1771200000_1771804800_16907777243792436315	US500	8	4	0	NOT_APPLICABLE	NOT_APPLICABLE	NOT_APPLICABLE	C1	C1	C2	REGION_1|NODE_CONTACT	bridge::RG3_US500_PERIOD_M5_1771200000_1771804800_16907777243792436315::EXPANSION::8::TERMINAL
EXPANSION	RG3_US500_PERIOD_M5_1771200000_1771804800_16907777243792436315	US500	9	4	0	NOT_APPLICABLE	NOT_APPLICABLE	NOT_APPLICABLE	C3	C1	C2	REGION_0|NODE_CONTACT	bridge::RG3_US500_PERIOD_M5_1771200000_1771804800_16907777243792436315::EXPANSION::9::TERMINAL
EXPANSION	RG3_US500_PERIOD_M5_1771200000_1771804800_16907777243792436315	US500	10	4	0	NOT_APPLICABLE	NOT_APPLICABLE	NOT_APPLICABLE	C1	C1	C2	REGION_0|NODE_CONTACT	bridge::RG3_US500_PERIOD_M5_1771200000_1771804800_16907777243792436315::EXPANSION::10::TERMINAL
EXPANSION	RG3_US500_PERIOD_M5_1771200000_1771804800_16907777243792436315	US500	11	4	0	NOT_APPLICABLE	NOT_APPLICABLE	NOT_APPLICABLE	C1	C1	C1	REGION_0|NODE_CONTACT	bridge::RG3_US500_PERIOD_M5_1771200000_1771804800_16907777243792436315::EXPANSION::11::TERMINAL
EXPANSION	RG3_US500_PERIOD_M5_1771200000_1771804800_16907777243792436315	US500	12	4	0	NOT_APPLICABLE	NOT_APPLICABLE	NOT_APPLICABLE	C3	C1	C2	REGION_0|NODE_CONTACT	bridge::RG3_US500_PERIOD_M5_1771200000_1771804800_16907777243792436315::EXPANSION::12::TERMINAL
EXPANSION	RG3_US500_PERIOD_M5_1771200000_1771804800_16907777243792436315	US500	13	4	0	NOT_APPLICABLE	NOT_APPLICABLE	NOT_APPLICABLE	C1	C1	C2	REGION_0|NODE_CONTACT	bridge::RG3_US500_PERIOD_M5_1771200000_1771804800_16907777243792436315::EXPANSION::13::TERMINAL
EXPANSION	RG3_US500_PERIOD_M5_1771200000_1771804800_16907777243792436315	US500	14	4	0	NOT_APPLICABLE	NOT_APPLICABLE	NOT_APPLICABLE	C1	C1	C2	REGION_0|NODE_CONTACT	bridge::RG3_US500_PERIOD_M5_1771200000_1771804800_16907777243792436315::EXPANSION::14::TERMINAL
EXPANSION	RG3_US500_PERIOD_M5_1771200000_1771804800_16907777243792436315	US500	15	6	1	NOT_APPLICABLE	NOT_APPLICABLE	NOT_APPLICABLE	NOT_APPLICABLE	NOT_APPLICABLE	NOT_APPLICABLE	NULL_STRUCTURAL_CONTEXT	bridge::RG3_US500_PERIOD_M5_1771200000_1771804800_16907777243792436315::EXPANSION::15::TERMINAL
COMPRESSION	RG3_US500_PERIOD_M5_1774224000_1774828800_1890775757493427196	US500	1	1	0	C1	C1	C1	NOT_APPLICABLE	NOT_APPLICABLE	NOT_APPLICABLE	REGION_0|NODE_CONTACT	bridge::RG3_US500_PERIOD_M5_1774224000_1774828800_1890775757493427196::COMPRESSION::1::TERMINAL
COMPRESSION	RG3_US500_PERIOD_M5_1774224000_1774828800_1890775757493427196	US500	2	1	0	C2	C1	C1	NOT_APPLICABLE	NOT_APPLICABLE	NOT_APPLICABLE	REGION_-1|NODE_CONTACT	bridge::RG3_US500_PERIOD_M5_1774224000_1774828800_1890775757493427196::COMPRESSION::2::TERMINAL
COMPRESSION	RG3_US500_PERIOD_M5_1774224000_1774828800_1890775757493427196	US500	3	2	0	C1	C2	C1	NOT_APPLICABLE	NOT_APPLICABLE	NOT_APPLICABLE	REGION_-1|NODE_CONTACT	bridge::RG3_US500_PERIOD_M5_1774224000_1774828800_1890775757493427196::COMPRESSION::3::TERMINAL
COMPRESSION	RG3_US500_PERIOD_M5_1774224000_1774828800_1890775757493427196	US500	4	1	0	C1	C1	C1	NOT_APPLICABLE	NOT_APPLICABLE	NOT_APPLICABLE	REGION_-1|NODE_CONTACT	bridge::RG3_US500_PERIOD_M5_1774224000_1774828800_1890775757493427196::COMPRESSION::4::TERMINAL
COMPRESSION	RG3_US500_PERIOD_M5_1774224000_1774828800_1890775757493427196	US500	5	1	0	C1	C1	C1	NOT_APPLICABLE	NOT_APPLICABLE	NOT_APPLICABLE	REGION_-1|NODE_CONTACT	bridge::RG3_US500_PERIOD_M5_1774224000_1774828800_1890775757493427196::COMPRESSION::5::TERMINAL
COMPRESSION	RG3_US500_PERIOD_M5_1774224000_1774828800_1890775757493427196	US500	6	1	0	C1	C1	C2	NOT_APPLICABLE	NOT_APPLICABLE	NOT_APPLICABLE	REGION_0|NODE_CONTACT	bridge::RG3_US500_PERIOD_M5_1774224000_1774828800_1890775757493427196::COMPRESSION::6::TERMINAL
COMPRESSION	RG3_US500_PERIOD_M5_1774224000_1774828800_1890775757493427196	US500	7	2	0	C2	C2	C2	NOT_APPLICABLE	NOT_APPLICABLE	NOT_APPLICABLE	REGION_-1|NODE_CONTACT	bridge::RG3_US500_PERIOD_M5_1774224000_1774828800_1890775757493427196::COMPRESSION::7::TERMINAL
COMPRESSION	RG3_US500_PERIOD_M5_1774224000_1774828800_1890775757493427196	US500	8	2	0	C1	C2	C1	NOT_APPLICABLE	NOT_APPLICABLE	NOT_APPLICABLE	REGION_-1|NODE_CONTACT	bridge::RG3_US500_PERIOD_M5_1774224000_1774828800_1890775757493427196::COMPRESSION::8::TERMINAL
COMPRESSION	RG3_US500_PERIOD_M5_1774224000_1774828800_1890775757493427196	US500	9	2	0	C1	C2	C2	NOT_APPLICABLE	NOT_APPLICABLE	NOT_APPLICABLE	REGION_-1|NODE_CONTACT	bridge::RG3_US500_PERIOD_M5_1774224000_1774828800_1890775757493427196::COMPRESSION::9::TERMINAL
COMPRESSION	RG3_US500_PERIOD_M5_1774224000_1774828800_1890775757493427196	US500	10	2	0	C1	C2	C1	NOT_APPLICABLE	NOT_APPLICABLE	NOT_APPLICABLE	REGION_-1|NODE_CONTACT	bridge::RG3_US500_PERIOD_M5_1774224000_1774828800_1890775757493427196::COMPRESSION::10::TERMINAL
COMPRESSION	RG3_US500_PERIOD_M5_1774224000_1774828800_1890775757493427196	US500	11	2	0	C1	C2	C1	NOT_APPLICABLE	NOT_APPLICABLE	NOT_APPLICABLE	REGION_-1|NODE_CONTACT	bridge::RG3_US500_PERIOD_M5_1774224000_1774828800_1890775757493427196::COMPRESSION::11::TERMINAL
COMPRESSION	RG3_US500_PERIOD_M5_1774224000_1774828800_1890775757493427196	US500	12	1	0	C2	C1	C1	NOT_APPLICABLE	NOT_APPLICABLE	NOT_APPLICABLE	REGION_-1|NODE_CONTACT	bridge::RG3_US500_PERIOD_M5_1774224000_1774828800_1890775757493427196::COMPRESSION::12::TERMINAL
COMPRESSION	RG3_US500_PERIOD_M5_1774224000_1774828800_1890775757493427196	US500	13	2	0	C1	C2	C1	NOT_APPLICABLE	NOT_APPLICABLE	NOT_APPLICABLE	REGION_-1|NODE_CONTACT	bridge::RG3_US500_PERIOD_M5_1774224000_1774828800_1890775757493427196::COMPRESSION::13::TERMINAL
EXPANSION	RG3_US500_PERIOD_M5_1774224000_1774828800_1890775757493427196	US500	1	4	0	NOT_APPLICABLE	NOT_APPLICABLE	NOT_APPLICABLE	NULL_FAMILY	C2	C1	REGION_-1|NODE_CONTACT	bridge::RG3_US500_PERIOD_M5_1774224000_1774828800_1890775757493427196::EXPANSION::1::TERMINAL
EXPANSION	RG3_US500_PERIOD_M5_1774224000_1774828800_1890775757493427196	US500	2	4	0	NOT_APPLICABLE	NOT_APPLICABLE	NOT_APPLICABLE	C1	C1	C2	REGION_-1|NODE_CONTACT	bridge::RG3_US500_PERIOD_M5_1774224000_1774828800_1890775757493427196::EXPANSION::2::TERMINAL
EXPANSION	RG3_US500_PERIOD_M5_1774224000_1774828800_1890775757493427196	US500	3	4	0	NOT_APPLICABLE	NOT_APPLICABLE	NOT_APPLICABLE	C3	C1	C2	REGION_-1|OPEN_CORRIDOR	bridge::RG3_US500_PERIOD_M5_1774224000_1774828800_1890775757493427196::EXPANSION::3::TERMINAL
EXPANSION	RG3_US500_PERIOD_M5_1774224000_1774828800_1890775757493427196	US500	4	4	0	NOT_APPLICABLE	NOT_APPLICABLE	NOT_APPLICABLE	C1	C1	C2	REGION_-1|OPEN_CORRIDOR	bridge::RG3_US500_PERIOD_M5_1774224000_1774828800_1890775757493427196::EXPANSION::4::TERMINAL
EXPANSION	RG3_US500_PERIOD_M5_1774224000_1774828800_1890775757493427196	US500	5	4	0	NOT_APPLICABLE	NOT_APPLICABLE	NOT_APPLICABLE	C1	C1	C2	REGION_-1|OPEN_CORRIDOR	bridge::RG3_US500_PERIOD_M5_1774224000_1774828800_1890775757493427196::EXPANSION::5::TERMINAL
EXPANSION	RG3_US500_PERIOD_M5_1774224000_1774828800_1890775757493427196	US500	6	4	0	NOT_APPLICABLE	NOT_APPLICABLE	NOT_APPLICABLE	NULL_FAMILY	C1	C2	REGION_-1|NODE_CONTACT	bridge::RG3_US500_PERIOD_M5_1774224000_1774828800_1890775757493427196::EXPANSION::6::TERMINAL
EXPANSION	RG3_US500_PERIOD_M5_1774224000_1774828800_1890775757493427196	US500	7	4	0	NOT_APPLICABLE	NOT_APPLICABLE	NOT_APPLICABLE	C1	C1	C2	REGION_-1|NODE_CONTACT	bridge::RG3_US500_PERIOD_M5_1774224000_1774828800_1890775757493427196::EXPANSION::7::TERMINAL
EXPANSION	RG3_US500_PERIOD_M5_1774224000_1774828800_1890775757493427196	US500	8	4	0	NOT_APPLICABLE	NOT_APPLICABLE	NOT_APPLICABLE	C1	C1	C2	REGION_-1|NODE_CONTACT	bridge::RG3_US500_PERIOD_M5_1774224000_1774828800_1890775757493427196::EXPANSION::8::TERMINAL
EXPANSION	RG3_US500_PERIOD_M5_1774224000_1774828800_1890775757493427196	US500	9	4	0	NOT_APPLICABLE	NOT_APPLICABLE	NOT_APPLICABLE	C1	C1	C2	REGION_-1|NODE_CONTACT	bridge::RG3_US500_PERIOD_M5_1774224000_1774828800_1890775757493427196::EXPANSION::9::TERMINAL
EXPANSION	RG3_US500_PERIOD_M5_1774224000_1774828800_1890775757493427196	US500	10	4	0	NOT_APPLICABLE	NOT_APPLICABLE	NOT_APPLICABLE	C1	C1	C2	REGION_-1|NODE_CONTACT	bridge::RG3_US500_PERIOD_M5_1774224000_1774828800_1890775757493427196::EXPANSION::10::TERMINAL
EXPANSION	RG3_US500_PERIOD_M5_1774224000_1774828800_1890775757493427196	US500	11	4	0	NOT_APPLICABLE	NOT_APPLICABLE	NOT_APPLICABLE	C3	C1	C1	REGION_-1|NODE_CONTACT	bridge::RG3_US500_PERIOD_M5_1774224000_1774828800_1890775757493427196::EXPANSION::11::TERMINAL
EXPANSION	RG3_US500_PERIOD_M5_1774224000_1774828800_1890775757493427196	US500	12	4	0	NOT_APPLICABLE	NOT_APPLICABLE	NOT_APPLICABLE	C1	C1	C2	REGION_-1|NODE_CONTACT	bridge::RG3_US500_PERIOD_M5_1774224000_1774828800_1890775757493427196::EXPANSION::12::TERMINAL
EXPANSION	RG3_US500_PERIOD_M5_1774224000_1774828800_1890775757493427196	US500	13	6	1	NOT_APPLICABLE	NOT_APPLICABLE	NOT_APPLICABLE	NOT_APPLICABLE	NOT_APPLICABLE	NOT_APPLICABLE	NULL_STRUCTURAL_CONTEXT	bridge::RG3_US500_PERIOD_M5_1774224000_1774828800_1890775757493427196::EXPANSION::13::TERMINAL
COMPRESSION	RG3_US500_PERIOD_M5_1777852800_1778457600_15690359251172544486	US500	1	1	0	C2	C2	C1	NOT_APPLICABLE	NOT_APPLICABLE	NOT_APPLICABLE	REGION_1|NODE_CONTACT	bridge::RG3_US500_PERIOD_M5_1777852800_1778457600_15690359251172544486::COMPRESSION::1::TERMINAL
COMPRESSION	RG3_US500_PERIOD_M5_1777852800_1778457600_15690359251172544486	US500	2	1	0	C2	C1	C2	NOT_APPLICABLE	NOT_APPLICABLE	NOT_APPLICABLE	REGION_1|OPEN_CORRIDOR	bridge::RG3_US500_PERIOD_M5_1777852800_1778457600_15690359251172544486::COMPRESSION::2::TERMINAL
COMPRESSION	RG3_US500_PERIOD_M5_1777852800_1778457600_15690359251172544486	US500	3	1	0	C1	C1	C1	NOT_APPLICABLE	NOT_APPLICABLE	NOT_APPLICABLE	REGION_1|NODE_CONTACT	bridge::RG3_US500_PERIOD_M5_1777852800_1778457600_15690359251172544486::COMPRESSION::3::TERMINAL
COMPRESSION	RG3_US500_PERIOD_M5_1777852800_1778457600_15690359251172544486	US500	4	1	0	C1	C1	C1	NOT_APPLICABLE	NOT_APPLICABLE	NOT_APPLICABLE	REGION_1|NODE_CONTACT	bridge::RG3_US500_PERIOD_M5_1777852800_1778457600_15690359251172544486::COMPRESSION::4::TERMINAL
COMPRESSION	RG3_US500_PERIOD_M5_1777852800_1778457600_15690359251172544486	US500	5	1	0	C2	C1	C1	NOT_APPLICABLE	NOT_APPLICABLE	NOT_APPLICABLE	REGION_1|NODE_CONTACT	bridge::RG3_US500_PERIOD_M5_1777852800_1778457600_15690359251172544486::COMPRESSION::5::TERMINAL
COMPRESSION	RG3_US500_PERIOD_M5_1777852800_1778457600_15690359251172544486	US500	6	1	0	C2	C1	C1	NOT_APPLICABLE	NOT_APPLICABLE	NOT_APPLICABLE	REGION_1|OPEN_CORRIDOR	bridge::RG3_US500_PERIOD_M5_1777852800_1778457600_15690359251172544486::COMPRESSION::6::TERMINAL
COMPRESSION	RG3_US500_PERIOD_M5_1777852800_1778457600_15690359251172544486	US500	7	1	0	C1	C1	C1	NOT_APPLICABLE	NOT_APPLICABLE	NOT_APPLICABLE	REGION_1|NODE_CONTACT	bridge::RG3_US500_PERIOD_M5_1777852800_1778457600_15690359251172544486::COMPRESSION::7::TERMINAL
COMPRESSION	RG3_US500_PERIOD_M5_1777852800_1778457600_15690359251172544486	US500	8	1	0	C2	C1	C1	NOT_APPLICABLE	NOT_APPLICABLE	NOT_APPLICABLE	REGION_2|OPEN_CORRIDOR	bridge::RG3_US500_PERIOD_M5_1777852800_1778457600_15690359251172544486::COMPRESSION::8::TERMINAL
COMPRESSION	RG3_US500_PERIOD_M5_1777852800_1778457600_15690359251172544486	US500	9	1	0	C1	C1	C1	NOT_APPLICABLE	NOT_APPLICABLE	NOT_APPLICABLE	REGION_2|OPEN_CORRIDOR	bridge::RG3_US500_PERIOD_M5_1777852800_1778457600_15690359251172544486::COMPRESSION::9::TERMINAL
COMPRESSION	RG3_US500_PERIOD_M5_1777852800_1778457600_15690359251172544486	US500	10	1	0	C1	C1	C1	NOT_APPLICABLE	NOT_APPLICABLE	NOT_APPLICABLE	REGION_2|NODE_CONTACT	bridge::RG3_US500_PERIOD_M5_1777852800_1778457600_15690359251172544486::COMPRESSION::10::TERMINAL
COMPRESSION	RG3_US500_PERIOD_M5_1777852800_1778457600_15690359251172544486	US500	11	1	0	C1	C1	C1	NOT_APPLICABLE	NOT_APPLICABLE	NOT_APPLICABLE	REGION_2|OPEN_CORRIDOR	bridge::RG3_US500_PERIOD_M5_1777852800_1778457600_15690359251172544486::COMPRESSION::11::TERMINAL
COMPRESSION	RG3_US500_PERIOD_M5_1777852800_1778457600_15690359251172544486	US500	12	1	0	C2	C2	C1	NOT_APPLICABLE	NOT_APPLICABLE	NOT_APPLICABLE	REGION_1|OPEN_CORRIDOR	bridge::RG3_US500_PERIOD_M5_1777852800_1778457600_15690359251172544486::COMPRESSION::12::TERMINAL
COMPRESSION	RG3_US500_PERIOD_M5_1777852800_1778457600_15690359251172544486	US500	13	1	0	C1	C1	C1	NOT_APPLICABLE	NOT_APPLICABLE	NOT_APPLICABLE	REGION_1|OPEN_CORRIDOR	bridge::RG3_US500_PERIOD_M5_1777852800_1778457600_15690359251172544486::COMPRESSION::13::TERMINAL
COMPRESSION	RG3_US500_PERIOD_M5_1777852800_1778457600_15690359251172544486	US500	14	1	0	C2	C1	C2	NOT_APPLICABLE	NOT_APPLICABLE	NOT_APPLICABLE	REGION_2|NODE_CONTACT	bridge::RG3_US500_PERIOD_M5_1777852800_1778457600_15690359251172544486::COMPRESSION::14::TERMINAL
COMPRESSION	RG3_US500_PERIOD_M5_1777852800_1778457600_15690359251172544486	US500	15	2	0	C1	C2	C2	NOT_APPLICABLE	NOT_APPLICABLE	NOT_APPLICABLE	REGION_2|NODE_CONTACT	bridge::RG3_US500_PERIOD_M5_1777852800_1778457600_15690359251172544486::COMPRESSION::15::TERMINAL
EXPANSION	RG3_US500_PERIOD_M5_1777852800_1778457600_15690359251172544486	US500	1	4	0	NOT_APPLICABLE	NOT_APPLICABLE	NOT_APPLICABLE	C3	C1	C2	REGION_1|NODE_CONTACT	bridge::RG3_US500_PERIOD_M5_1777852800_1778457600_15690359251172544486::EXPANSION::1::TERMINAL
EXPANSION	RG3_US500_PERIOD_M5_1777852800_1778457600_15690359251172544486	US500	2	4	0	NOT_APPLICABLE	NOT_APPLICABLE	NOT_APPLICABLE	NULL_FAMILY	C2	C1	REGION_1|NODE_CONTACT	bridge::RG3_US500_PERIOD_M5_1777852800_1778457600_15690359251172544486::EXPANSION::2::TERMINAL
EXPANSION	RG3_US500_PERIOD_M5_1777852800_1778457600_15690359251172544486	US500	3	4	0	NOT_APPLICABLE	NOT_APPLICABLE	NOT_APPLICABLE	C1	C1	C2	REGION_1|NODE_CONTACT	bridge::RG3_US500_PERIOD_M5_1777852800_1778457600_15690359251172544486::EXPANSION::3::TERMINAL
EXPANSION	RG3_US500_PERIOD_M5_1777852800_1778457600_15690359251172544486	US500	4	4	0	NOT_APPLICABLE	NOT_APPLICABLE	NOT_APPLICABLE	C1	C1	C2	REGION_1|NODE_CONTACT	bridge::RG3_US500_PERIOD_M5_1777852800_1778457600_15690359251172544486::EXPANSION::4::TERMINAL
EXPANSION	RG3_US500_PERIOD_M5_1777852800_1778457600_15690359251172544486	US500	5	4	0	NOT_APPLICABLE	NOT_APPLICABLE	NOT_APPLICABLE	C1	C1	C2	REGION_1|NODE_CONTACT	bridge::RG3_US500_PERIOD_M5_1777852800_1778457600_15690359251172544486::EXPANSION::5::TERMINAL
EXPANSION	RG3_US500_PERIOD_M5_1777852800_1778457600_15690359251172544486	US500	6	4	0	NOT_APPLICABLE	NOT_APPLICABLE	NOT_APPLICABLE	C1	C1	C2	REGION_1|NODE_CONTACT	bridge::RG3_US500_PERIOD_M5_1777852800_1778457600_15690359251172544486::EXPANSION::6::TERMINAL
EXPANSION	RG3_US500_PERIOD_M5_1777852800_1778457600_15690359251172544486	US500	7	4	0	NOT_APPLICABLE	NOT_APPLICABLE	NOT_APPLICABLE	C3	C1	C2	REGION_1|NODE_CONTACT	bridge::RG3_US500_PERIOD_M5_1777852800_1778457600_15690359251172544486::EXPANSION::7::TERMINAL
EXPANSION	RG3_US500_PERIOD_M5_1777852800_1778457600_15690359251172544486	US500	8	4	0	NOT_APPLICABLE	NOT_APPLICABLE	NOT_APPLICABLE	C3	C1	C3	REGION_2|NODE_CONTACT	bridge::RG3_US500_PERIOD_M5_1777852800_1778457600_15690359251172544486::EXPANSION::8::TERMINAL
EXPANSION	RG3_US500_PERIOD_M5_1777852800_1778457600_15690359251172544486	US500	9	4	0	NOT_APPLICABLE	NOT_APPLICABLE	NOT_APPLICABLE	C1	C1	C2	REGION_2|NODE_CONTACT	bridge::RG3_US500_PERIOD_M5_1777852800_1778457600_15690359251172544486::EXPANSION::9::TERMINAL
EXPANSION	RG3_US500_PERIOD_M5_1777852800_1778457600_15690359251172544486	US500	10	4	0	NOT_APPLICABLE	NOT_APPLICABLE	NOT_APPLICABLE	C1	C1	C2	REGION_2|OPEN_CORRIDOR	bridge::RG3_US500_PERIOD_M5_1777852800_1778457600_15690359251172544486::EXPANSION::10::TERMINAL
EXPANSION	RG3_US500_PERIOD_M5_1777852800_1778457600_15690359251172544486	US500	11	4	0	NOT_APPLICABLE	NOT_APPLICABLE	NOT_APPLICABLE	C3	C2	C1	REGION_1|OPEN_CORRIDOR	bridge::RG3_US500_PERIOD_M5_1777852800_1778457600_15690359251172544486::EXPANSION::11::TERMINAL
EXPANSION	RG3_US500_PERIOD_M5_1777852800_1778457600_15690359251172544486	US500	12	4	0	NOT_APPLICABLE	NOT_APPLICABLE	NOT_APPLICABLE	C1	C1	C2	REGION_1|OPEN_CORRIDOR	bridge::RG3_US500_PERIOD_M5_1777852800_1778457600_15690359251172544486::EXPANSION::12::TERMINAL
EXPANSION	RG3_US500_PERIOD_M5_1777852800_1778457600_15690359251172544486	US500	13	4	0	NOT_APPLICABLE	NOT_APPLICABLE	NOT_APPLICABLE	C1	C1	C2	REGION_1|NODE_CONTACT	bridge::RG3_US500_PERIOD_M5_1777852800_1778457600_15690359251172544486::EXPANSION::13::TERMINAL
EXPANSION	RG3_US500_PERIOD_M5_1777852800_1778457600_15690359251172544486	US500	14	4	0	NOT_APPLICABLE	NOT_APPLICABLE	NOT_APPLICABLE	C1	C1	C2	REGION_2|NODE_CONTACT	bridge::RG3_US500_PERIOD_M5_1777852800_1778457600_15690359251172544486::EXPANSION::14::TERMINAL
EXPANSION	RG3_US500_PERIOD_M5_1777852800_1778457600_15690359251172544486	US500	15	6	1	NOT_APPLICABLE	NOT_APPLICABLE	NOT_APPLICABLE	NOT_APPLICABLE	NOT_APPLICABLE	NOT_APPLICABLE	NULL_STRUCTURAL_CONTEXT	bridge::RG3_US500_PERIOD_M5_1777852800_1778457600_15690359251172544486::EXPANSION::15::TERMINAL
COMPRESSION	RG3_US500_PERIOD_M5_1781481600_1782086400_15824288097372850924	US500	1	1	0	C1	C1	C1	NOT_APPLICABLE	NOT_APPLICABLE	NOT_APPLICABLE	REGION_0|NODE_CONTACT	bridge::RG3_US500_PERIOD_M5_1781481600_1782086400_15824288097372850924::COMPRESSION::1::TERMINAL
COMPRESSION	RG3_US500_PERIOD_M5_1781481600_1782086400_15824288097372850924	US500	2	1	0	C1	C1	C1	NOT_APPLICABLE	NOT_APPLICABLE	NOT_APPLICABLE	REGION_1|NODE_CONTACT	bridge::RG3_US500_PERIOD_M5_1781481600_1782086400_15824288097372850924::COMPRESSION::2::TERMINAL
COMPRESSION	RG3_US500_PERIOD_M5_1781481600_1782086400_15824288097372850924	US500	3	1	0	C1	C1	C1	NOT_APPLICABLE	NOT_APPLICABLE	NOT_APPLICABLE	REGION_1|NODE_CONTACT	bridge::RG3_US500_PERIOD_M5_1781481600_1782086400_15824288097372850924::COMPRESSION::3::TERMINAL
COMPRESSION	RG3_US500_PERIOD_M5_1781481600_1782086400_15824288097372850924	US500	4	2	0	C1	C2	C1	NOT_APPLICABLE	NOT_APPLICABLE	NOT_APPLICABLE	REGION_1|NODE_CONTACT	bridge::RG3_US500_PERIOD_M5_1781481600_1782086400_15824288097372850924::COMPRESSION::4::TERMINAL
COMPRESSION	RG3_US500_PERIOD_M5_1781481600_1782086400_15824288097372850924	US500	5	2	0	C1	C2	C1	NOT_APPLICABLE	NOT_APPLICABLE	NOT_APPLICABLE	REGION_0|NODE_CONTACT	bridge::RG3_US500_PERIOD_M5_1781481600_1782086400_15824288097372850924::COMPRESSION::5::TERMINAL
COMPRESSION	RG3_US500_PERIOD_M5_1781481600_1782086400_15824288097372850924	US500	6	1	0	C2	C1	C1	NOT_APPLICABLE	NOT_APPLICABLE	NOT_APPLICABLE	REGION_1|NODE_CONTACT	bridge::RG3_US500_PERIOD_M5_1781481600_1782086400_15824288097372850924::COMPRESSION::6::TERMINAL
COMPRESSION	RG3_US500_PERIOD_M5_1781481600_1782086400_15824288097372850924	US500	7	2	0	C1	C2	C1	NOT_APPLICABLE	NOT_APPLICABLE	NOT_APPLICABLE	REGION_0|NODE_CONTACT	bridge::RG3_US500_PERIOD_M5_1781481600_1782086400_15824288097372850924::COMPRESSION::7::TERMINAL
COMPRESSION	RG3_US500_PERIOD_M5_1781481600_1782086400_15824288097372850924	US500	8	2	0	C1	C2	C1	NOT_APPLICABLE	NOT_APPLICABLE	NOT_APPLICABLE	REGION_0|NODE_CONTACT	bridge::RG3_US500_PERIOD_M5_1781481600_1782086400_15824288097372850924::COMPRESSION::8::TERMINAL
COMPRESSION	RG3_US500_PERIOD_M5_1781481600_1782086400_15824288097372850924	US500	9	1	0	C1	C1	C1	NOT_APPLICABLE	NOT_APPLICABLE	NOT_APPLICABLE	REGION_0|NODE_CONTACT	bridge::RG3_US500_PERIOD_M5_1781481600_1782086400_15824288097372850924::COMPRESSION::9::TERMINAL
COMPRESSION	RG3_US500_PERIOD_M5_1781481600_1782086400_15824288097372850924	US500	10	2	0	C2	C1	C1	NOT_APPLICABLE	NOT_APPLICABLE	NOT_APPLICABLE	REGION_0|NODE_CONTACT	bridge::RG3_US500_PERIOD_M5_1781481600_1782086400_15824288097372850924::COMPRESSION::10::TERMINAL
COMPRESSION	RG3_US500_PERIOD_M5_1781481600_1782086400_15824288097372850924	US500	11	2	0	C1	C2	C1	NOT_APPLICABLE	NOT_APPLICABLE	NOT_APPLICABLE	REGION_0|NODE_CONTACT	bridge::RG3_US500_PERIOD_M5_1781481600_1782086400_15824288097372850924::COMPRESSION::11::TERMINAL
COMPRESSION	RG3_US500_PERIOD_M5_1781481600_1782086400_15824288097372850924	US500	12	1	0	C1	C1	C1	NOT_APPLICABLE	NOT_APPLICABLE	NOT_APPLICABLE	REGION_0|NODE_CONTACT	bridge::RG3_US500_PERIOD_M5_1781481600_1782086400_15824288097372850924::COMPRESSION::12::TERMINAL
COMPRESSION	RG3_US500_PERIOD_M5_1781481600_1782086400_15824288097372850924	US500	13	2	0	C1	C2	C1	NOT_APPLICABLE	NOT_APPLICABLE	NOT_APPLICABLE	REGION_0|NODE_CONTACT	bridge::RG3_US500_PERIOD_M5_1781481600_1782086400_15824288097372850924::COMPRESSION::13::TERMINAL
COMPRESSION	RG3_US500_PERIOD_M5_1781481600_1782086400_15824288097372850924	US500	14	2	0	C1	C2	C1	NOT_APPLICABLE	NOT_APPLICABLE	NOT_APPLICABLE	REGION_0|NODE_CONTACT	bridge::RG3_US500_PERIOD_M5_1781481600_1782086400_15824288097372850924::COMPRESSION::14::TERMINAL
COMPRESSION	RG3_US500_PERIOD_M5_1781481600_1782086400_15824288097372850924	US500	15	1	0	C1	C1	C2	NOT_APPLICABLE	NOT_APPLICABLE	NOT_APPLICABLE	REGION_0|NODE_CONTACT	bridge::RG3_US500_PERIOD_M5_1781481600_1782086400_15824288097372850924::COMPRESSION::15::TERMINAL
COMPRESSION	RG3_US500_PERIOD_M5_1781481600_1782086400_15824288097372850924	US500	16	6	1	NOT_APPLICABLE	NOT_APPLICABLE	NOT_APPLICABLE	NOT_APPLICABLE	NOT_APPLICABLE	NOT_APPLICABLE	NULL_STRUCTURAL_CONTEXT	bridge::RG3_US500_PERIOD_M5_1781481600_1782086400_15824288097372850924::COMPRESSION::16::TERMINAL
EXPANSION	RG3_US500_PERIOD_M5_1781481600_1782086400_15824288097372850924	US500	1	4	0	NOT_APPLICABLE	NOT_APPLICABLE	NOT_APPLICABLE	C1	C1	C2	REGION_1|NODE_CONTACT	bridge::RG3_US500_PERIOD_M5_1781481600_1782086400_15824288097372850924::EXPANSION::1::TERMINAL
EXPANSION	RG3_US500_PERIOD_M5_1781481600_1782086400_15824288097372850924	US500	2	4	0	NOT_APPLICABLE	NOT_APPLICABLE	NOT_APPLICABLE	C1	C1	C2	REGION_1|NODE_CONTACT	bridge::RG3_US500_PERIOD_M5_1781481600_1782086400_15824288097372850924::EXPANSION::2::TERMINAL
EXPANSION	RG3_US500_PERIOD_M5_1781481600_1782086400_15824288097372850924	US500	3	4	0	NOT_APPLICABLE	NOT_APPLICABLE	NOT_APPLICABLE	C1	C1	C2	REGION_1|NODE_CONTACT	bridge::RG3_US500_PERIOD_M5_1781481600_1782086400_15824288097372850924::EXPANSION::3::TERMINAL
EXPANSION	RG3_US500_PERIOD_M5_1781481600_1782086400_15824288097372850924	US500	4	4	0	NOT_APPLICABLE	NOT_APPLICABLE	NOT_APPLICABLE	C1	C1	C2	REGION_1|NODE_CONTACT	bridge::RG3_US500_PERIOD_M5_1781481600_1782086400_15824288097372850924::EXPANSION::4::TERMINAL
EXPANSION	RG3_US500_PERIOD_M5_1781481600_1782086400_15824288097372850924	US500	5	4	0	NOT_APPLICABLE	NOT_APPLICABLE	NOT_APPLICABLE	C1	C1	C2	REGION_0|NODE_CONTACT	bridge::RG3_US500_PERIOD_M5_1781481600_1782086400_15824288097372850924::EXPANSION::5::TERMINAL
EXPANSION	RG3_US500_PERIOD_M5_1781481600_1782086400_15824288097372850924	US500	6	4	0	NOT_APPLICABLE	NOT_APPLICABLE	NOT_APPLICABLE	C1	C1	C2	REGION_1|NODE_CONTACT	bridge::RG3_US500_PERIOD_M5_1781481600_1782086400_15824288097372850924::EXPANSION::6::TERMINAL
EXPANSION	RG3_US500_PERIOD_M5_1781481600_1782086400_15824288097372850924	US500	7	4	0	NOT_APPLICABLE	NOT_APPLICABLE	NOT_APPLICABLE	C1	C1	C2	REGION_0|NODE_CONTACT	bridge::RG3_US500_PERIOD_M5_1781481600_1782086400_15824288097372850924::EXPANSION::7::TERMINAL
EXPANSION	RG3_US500_PERIOD_M5_1781481600_1782086400_15824288097372850924	US500	8	4	0	NOT_APPLICABLE	NOT_APPLICABLE	NOT_APPLICABLE	C1	C1	C2	REGION_0|NODE_CONTACT	bridge::RG3_US500_PERIOD_M5_1781481600_1782086400_15824288097372850924::EXPANSION::8::TERMINAL
EXPANSION	RG3_US500_PERIOD_M5_1781481600_1782086400_15824288097372850924	US500	9	4	0	NOT_APPLICABLE	NOT_APPLICABLE	NOT_APPLICABLE	C1	C1	C2	REGION_0|NODE_CONTACT	bridge::RG3_US500_PERIOD_M5_1781481600_1782086400_15824288097372850924::EXPANSION::9::TERMINAL
EXPANSION	RG3_US500_PERIOD_M5_1781481600_1782086400_15824288097372850924	US500	10	4	0	NOT_APPLICABLE	NOT_APPLICABLE	NOT_APPLICABLE	C3	C1	C1	REGION_0|NODE_CONTACT	bridge::RG3_US500_PERIOD_M5_1781481600_1782086400_15824288097372850924::EXPANSION::10::TERMINAL
EXPANSION	RG3_US500_PERIOD_M5_1781481600_1782086400_15824288097372850924	US500	11	4	0	NOT_APPLICABLE	NOT_APPLICABLE	NOT_APPLICABLE	C1	C1	C2	REGION_0|NODE_CONTACT	bridge::RG3_US500_PERIOD_M5_1781481600_1782086400_15824288097372850924::EXPANSION::11::TERMINAL
EXPANSION	RG3_US500_PERIOD_M5_1781481600_1782086400_15824288097372850924	US500	12	4	0	NOT_APPLICABLE	NOT_APPLICABLE	NOT_APPLICABLE	C3	C1	C2	REGION_0|NODE_CONTACT	bridge::RG3_US500_PERIOD_M5_1781481600_1782086400_15824288097372850924::EXPANSION::12::TERMINAL
EXPANSION	RG3_US500_PERIOD_M5_1781481600_1782086400_15824288097372850924	US500	13	4	0	NOT_APPLICABLE	NOT_APPLICABLE	NOT_APPLICABLE	C3	C1	C2	REGION_1|NODE_CONTACT	bridge::RG3_US500_PERIOD_M5_1781481600_1782086400_15824288097372850924::EXPANSION::13::TERMINAL
EXPANSION	RG3_US500_PERIOD_M5_1781481600_1782086400_15824288097372850924	US500	14	4	0	NOT_APPLICABLE	NOT_APPLICABLE	NOT_APPLICABLE	C1	C1	C2	REGION_0|NODE_CONTACT	bridge::RG3_US500_PERIOD_M5_1781481600_1782086400_15824288097372850924::EXPANSION::14::TERMINAL
EXPANSION	RG3_US500_PERIOD_M5_1781481600_1782086400_15824288097372850924	US500	15	4	0	NOT_APPLICABLE	NOT_APPLICABLE	NOT_APPLICABLE	C1	C1	C2	REGION_0|NODE_CONTACT	bridge::RG3_US500_PERIOD_M5_1781481600_1782086400_15824288097372850924::EXPANSION::15::TERMINAL
COMPRESSION	RG3_US500_PERIOD_M5_1783900800_1784505600_3208920806467451907	US500	1	1	0	C1	C1	C2	NOT_APPLICABLE	NOT_APPLICABLE	NOT_APPLICABLE	REGION_0|NODE_CONTACT	bridge::RG3_US500_PERIOD_M5_1783900800_1784505600_3208920806467451907::COMPRESSION::1::TERMINAL
COMPRESSION	RG3_US500_PERIOD_M5_1783900800_1784505600_3208920806467451907	US500	2	2	0	C1	C2	C1	NOT_APPLICABLE	NOT_APPLICABLE	NOT_APPLICABLE	REGION_0|NODE_CONTACT	bridge::RG3_US500_PERIOD_M5_1783900800_1784505600_3208920806467451907::COMPRESSION::2::TERMINAL
COMPRESSION	RG3_US500_PERIOD_M5_1783900800_1784505600_3208920806467451907	US500	3	2	0	C1	C2	C1	NOT_APPLICABLE	NOT_APPLICABLE	NOT_APPLICABLE	REGION_0|NODE_CONTACT	bridge::RG3_US500_PERIOD_M5_1783900800_1784505600_3208920806467451907::COMPRESSION::3::TERMINAL
COMPRESSION	RG3_US500_PERIOD_M5_1783900800_1784505600_3208920806467451907	US500	4	2	0	C1	C2	C2	NOT_APPLICABLE	NOT_APPLICABLE	NOT_APPLICABLE	REGION_0|NODE_CONTACT	bridge::RG3_US500_PERIOD_M5_1783900800_1784505600_3208920806467451907::COMPRESSION::4::TERMINAL
COMPRESSION	RG3_US500_PERIOD_M5_1783900800_1784505600_3208920806467451907	US500	5	2	0	C1	C2	C1	NOT_APPLICABLE	NOT_APPLICABLE	NOT_APPLICABLE	REGION_0|NODE_CONTACT	bridge::RG3_US500_PERIOD_M5_1783900800_1784505600_3208920806467451907::COMPRESSION::5::TERMINAL
COMPRESSION	RG3_US500_PERIOD_M5_1783900800_1784505600_3208920806467451907	US500	6	1	0	C2	C2	C2	NOT_APPLICABLE	NOT_APPLICABLE	NOT_APPLICABLE	REGION_0|NODE_CONTACT	bridge::RG3_US500_PERIOD_M5_1783900800_1784505600_3208920806467451907::COMPRESSION::6::TERMINAL
COMPRESSION	RG3_US500_PERIOD_M5_1783900800_1784505600_3208920806467451907	US500	7	1	0	C2	C2	C1	NOT_APPLICABLE	NOT_APPLICABLE	NOT_APPLICABLE	REGION_2|NODE_CONTACT	bridge::RG3_US500_PERIOD_M5_1783900800_1784505600_3208920806467451907::COMPRESSION::7::TERMINAL
COMPRESSION	RG3_US500_PERIOD_M5_1783900800_1784505600_3208920806467451907	US500	8	2	0	C2	C1	C1	NOT_APPLICABLE	NOT_APPLICABLE	NOT_APPLICABLE	REGION_2|NODE_CONTACT	bridge::RG3_US500_PERIOD_M5_1783900800_1784505600_3208920806467451907::COMPRESSION::8::TERMINAL
COMPRESSION	RG3_US500_PERIOD_M5_1783900800_1784505600_3208920806467451907	US500	9	1	0	C2	C1	C1	NOT_APPLICABLE	NOT_APPLICABLE	NOT_APPLICABLE	REGION_1|NODE_CONTACT	bridge::RG3_US500_PERIOD_M5_1783900800_1784505600_3208920806467451907::COMPRESSION::9::TERMINAL
COMPRESSION	RG3_US500_PERIOD_M5_1783900800_1784505600_3208920806467451907	US500	10	2	0	C1	C2	C1	NOT_APPLICABLE	NOT_APPLICABLE	NOT_APPLICABLE	REGION_1|NODE_CONTACT	bridge::RG3_US500_PERIOD_M5_1783900800_1784505600_3208920806467451907::COMPRESSION::10::TERMINAL
COMPRESSION	RG3_US500_PERIOD_M5_1783900800_1784505600_3208920806467451907	US500	11	2	0	C1	C2	C2	NOT_APPLICABLE	NOT_APPLICABLE	NOT_APPLICABLE	REGION_1|NODE_CONTACT	bridge::RG3_US500_PERIOD_M5_1783900800_1784505600_3208920806467451907::COMPRESSION::11::TERMINAL
COMPRESSION	RG3_US500_PERIOD_M5_1783900800_1784505600_3208920806467451907	US500	12	2	0	C1	C2	C1	NOT_APPLICABLE	NOT_APPLICABLE	NOT_APPLICABLE	REGION_0|NODE_CONTACT	bridge::RG3_US500_PERIOD_M5_1783900800_1784505600_3208920806467451907::COMPRESSION::12::TERMINAL
EXPANSION	RG3_US500_PERIOD_M5_1783900800_1784505600_3208920806467451907	US500	1	4	0	NOT_APPLICABLE	NOT_APPLICABLE	NOT_APPLICABLE	C1	C2	C1	REGION_0|NODE_CONTACT	bridge::RG3_US500_PERIOD_M5_1783900800_1784505600_3208920806467451907::EXPANSION::1::TERMINAL
EXPANSION	RG3_US500_PERIOD_M5_1783900800_1784505600_3208920806467451907	US500	2	4	0	NOT_APPLICABLE	NOT_APPLICABLE	NOT_APPLICABLE	C1	C1	C2	REGION_0|NODE_CONTACT	bridge::RG3_US500_PERIOD_M5_1783900800_1784505600_3208920806467451907::EXPANSION::2::TERMINAL
EXPANSION	RG3_US500_PERIOD_M5_1783900800_1784505600_3208920806467451907	US500	3	4	0	NOT_APPLICABLE	NOT_APPLICABLE	NOT_APPLICABLE	C3	C1	C2	REGION_0|NODE_CONTACT	bridge::RG3_US500_PERIOD_M5_1783900800_1784505600_3208920806467451907::EXPANSION::3::TERMINAL
EXPANSION	RG3_US500_PERIOD_M5_1783900800_1784505600_3208920806467451907	US500	4	4	0	NOT_APPLICABLE	NOT_APPLICABLE	NOT_APPLICABLE	C1	C1	C2	REGION_0|NODE_CONTACT	bridge::RG3_US500_PERIOD_M5_1783900800_1784505600_3208920806467451907::EXPANSION::4::TERMINAL
EXPANSION	RG3_US500_PERIOD_M5_1783900800_1784505600_3208920806467451907	US500	5	4	0	NOT_APPLICABLE	NOT_APPLICABLE	NOT_APPLICABLE	C3	C2	C2	REGION_0|NODE_CONTACT	bridge::RG3_US500_PERIOD_M5_1783900800_1784505600_3208920806467451907::EXPANSION::5::TERMINAL
EXPANSION	RG3_US500_PERIOD_M5_1783900800_1784505600_3208920806467451907	US500	6	4	0	NOT_APPLICABLE	NOT_APPLICABLE	NOT_APPLICABLE	C3	C1	C2	REGION_0|NODE_CONTACT	bridge::RG3_US500_PERIOD_M5_1783900800_1784505600_3208920806467451907::EXPANSION::6::TERMINAL
EXPANSION	RG3_US500_PERIOD_M5_1783900800_1784505600_3208920806467451907	US500	7	4	0	NOT_APPLICABLE	NOT_APPLICABLE	NOT_APPLICABLE	C1	C1	C2	REGION_2|NODE_CONTACT	bridge::RG3_US500_PERIOD_M5_1783900800_1784505600_3208920806467451907::EXPANSION::7::TERMINAL
EXPANSION	RG3_US500_PERIOD_M5_1783900800_1784505600_3208920806467451907	US500	8	4	0	NOT_APPLICABLE	NOT_APPLICABLE	NOT_APPLICABLE	C3	C1	C2	REGION_1|NODE_CONTACT	bridge::RG3_US500_PERIOD_M5_1783900800_1784505600_3208920806467451907::EXPANSION::8::TERMINAL
EXPANSION	RG3_US500_PERIOD_M5_1783900800_1784505600_3208920806467451907	US500	9	4	0	NOT_APPLICABLE	NOT_APPLICABLE	NOT_APPLICABLE	C1	C1	C2	REGION_1|NODE_CONTACT	bridge::RG3_US500_PERIOD_M5_1783900800_1784505600_3208920806467451907::EXPANSION::9::TERMINAL
EXPANSION	RG3_US500_PERIOD_M5_1783900800_1784505600_3208920806467451907	US500	10	4	0	NOT_APPLICABLE	NOT_APPLICABLE	NOT_APPLICABLE	C3	C1	C1	REGION_1|NODE_CONTACT	bridge::RG3_US500_PERIOD_M5_1783900800_1784505600_3208920806467451907::EXPANSION::10::TERMINAL
EXPANSION	RG3_US500_PERIOD_M5_1783900800_1784505600_3208920806467451907	US500	11	4	0	NOT_APPLICABLE	NOT_APPLICABLE	NOT_APPLICABLE	C3	C1	C1	REGION_0|NODE_CONTACT	bridge::RG3_US500_PERIOD_M5_1783900800_1784505600_3208920806467451907::EXPANSION::11::TERMINAL
EXPANSION	RG3_US500_PERIOD_M5_1783900800_1784505600_3208920806467451907	US500	12	6	1	NOT_APPLICABLE	NOT_APPLICABLE	NOT_APPLICABLE	NOT_APPLICABLE	NOT_APPLICABLE	NOT_APPLICABLE	NULL_STRUCTURAL_CONTEXT	bridge::RG3_US500_PERIOD_M5_1783900800_1784505600_3208920806467451907::EXPANSION::12::TERMINAL
COMPRESSION	RG3_US500_PERIOD_M5_1785715200_1786060800_8620801695057607233	US500	1	1	0	C1	C1	C1	NOT_APPLICABLE	NOT_APPLICABLE	NOT_APPLICABLE	REGION_1|NODE_CONTACT	bridge::RG3_US500_PERIOD_M5_1785715200_1786060800_8620801695057607233::COMPRESSION::1::TERMINAL
COMPRESSION	RG3_US500_PERIOD_M5_1785715200_1786060800_8620801695057607233	US500	2	2	0	C1	C1	C1	NOT_APPLICABLE	NOT_APPLICABLE	NOT_APPLICABLE	REGION_1|NODE_CONTACT	bridge::RG3_US500_PERIOD_M5_1785715200_1786060800_8620801695057607233::COMPRESSION::2::TERMINAL
COMPRESSION	RG3_US500_PERIOD_M5_1785715200_1786060800_8620801695057607233	US500	3	1	0	C2	C1	C1	NOT_APPLICABLE	NOT_APPLICABLE	NOT_APPLICABLE	REGION_1|NODE_CONTACT	bridge::RG3_US500_PERIOD_M5_1785715200_1786060800_8620801695057607233::COMPRESSION::3::TERMINAL
COMPRESSION	RG3_US500_PERIOD_M5_1785715200_1786060800_8620801695057607233	US500	4	1	0	C2	C1	C1	NOT_APPLICABLE	NOT_APPLICABLE	NOT_APPLICABLE	REGION_1|NODE_CONTACT	bridge::RG3_US500_PERIOD_M5_1785715200_1786060800_8620801695057607233::COMPRESSION::4::TERMINAL
COMPRESSION	RG3_US500_PERIOD_M5_1785715200_1786060800_8620801695057607233	US500	5	1	0	C1	C1	C1	NOT_APPLICABLE	NOT_APPLICABLE	NOT_APPLICABLE	REGION_1|NODE_CONTACT	bridge::RG3_US500_PERIOD_M5_1785715200_1786060800_8620801695057607233::COMPRESSION::5::TERMINAL
COMPRESSION	RG3_US500_PERIOD_M5_1785715200_1786060800_8620801695057607233	US500	6	1	0	C1	C1	C1	NOT_APPLICABLE	NOT_APPLICABLE	NOT_APPLICABLE	REGION_1|NODE_CONTACT	bridge::RG3_US500_PERIOD_M5_1785715200_1786060800_8620801695057607233::COMPRESSION::6::TERMINAL
COMPRESSION	RG3_US500_PERIOD_M5_1785715200_1786060800_8620801695057607233	US500	7	1	0	C2	C1	C2	NOT_APPLICABLE	NOT_APPLICABLE	NOT_APPLICABLE	REGION_1|NODE_CONTACT	bridge::RG3_US500_PERIOD_M5_1785715200_1786060800_8620801695057607233::COMPRESSION::7::TERMINAL
COMPRESSION	RG3_US500_PERIOD_M5_1785715200_1786060800_8620801695057607233	US500	8	1	0	C1	C1	C1	NOT_APPLICABLE	NOT_APPLICABLE	NOT_APPLICABLE	REGION_1|OPEN_CORRIDOR	bridge::RG3_US500_PERIOD_M5_1785715200_1786060800_8620801695057607233::COMPRESSION::8::TERMINAL
COMPRESSION	RG3_US500_PERIOD_M5_1785715200_1786060800_8620801695057607233	US500	9	1	0	C1	C1	C1	NOT_APPLICABLE	NOT_APPLICABLE	NOT_APPLICABLE	REGION_1|OPEN_CORRIDOR	bridge::RG3_US500_PERIOD_M5_1785715200_1786060800_8620801695057607233::COMPRESSION::9::TERMINAL
COMPRESSION	RG3_US500_PERIOD_M5_1785715200_1786060800_8620801695057607233	US500	10	1	0	C1	C1	C1	NOT_APPLICABLE	NOT_APPLICABLE	NOT_APPLICABLE	REGION_1|OPEN_CORRIDOR	bridge::RG3_US500_PERIOD_M5_1785715200_1786060800_8620801695057607233::COMPRESSION::10::TERMINAL
COMPRESSION	RG3_US500_PERIOD_M5_1785715200_1786060800_8620801695057607233	US500	11	2	0	C1	C2	C2	NOT_APPLICABLE	NOT_APPLICABLE	NOT_APPLICABLE	REGION_1|OPEN_CORRIDOR	bridge::RG3_US500_PERIOD_M5_1785715200_1786060800_8620801695057607233::COMPRESSION::11::TERMINAL
COMPRESSION	RG3_US500_PERIOD_M5_1785715200_1786060800_8620801695057607233	US500	12	2	0	C1	C2	C1	NOT_APPLICABLE	NOT_APPLICABLE	NOT_APPLICABLE	REGION_0|NODE_CONTACT	bridge::RG3_US500_PERIOD_M5_1785715200_1786060800_8620801695057607233::COMPRESSION::12::TERMINAL
COMPRESSION	RG3_US500_PERIOD_M5_1785715200_1786060800_8620801695057607233	US500	13	2	0	C2	C2	C1	NOT_APPLICABLE	NOT_APPLICABLE	NOT_APPLICABLE	REGION_0|OPEN_CORRIDOR	bridge::RG3_US500_PERIOD_M5_1785715200_1786060800_8620801695057607233::COMPRESSION::13::TERMINAL
EXPANSION	RG3_US500_PERIOD_M5_1785715200_1786060800_8620801695057607233	US500	1	4	0	NOT_APPLICABLE	NOT_APPLICABLE	NOT_APPLICABLE	C1	C1	C2	REGION_1|NODE_CONTACT	bridge::RG3_US500_PERIOD_M5_1785715200_1786060800_8620801695057607233::EXPANSION::1::TERMINAL
EXPANSION	RG3_US500_PERIOD_M5_1785715200_1786060800_8620801695057607233	US500	2	4	0	NOT_APPLICABLE	NOT_APPLICABLE	NOT_APPLICABLE	C1	C1	C2	REGION_1|NODE_CONTACT	bridge::RG3_US500_PERIOD_M5_1785715200_1786060800_8620801695057607233::EXPANSION::2::TERMINAL
EXPANSION	RG3_US500_PERIOD_M5_1785715200_1786060800_8620801695057607233	US500	3	4	0	NOT_APPLICABLE	NOT_APPLICABLE	NOT_APPLICABLE	C3	C1	C3	REGION_1|NODE_CONTACT	bridge::RG3_US500_PERIOD_M5_1785715200_1786060800_8620801695057607233::EXPANSION::3::TERMINAL
EXPANSION	RG3_US500_PERIOD_M5_1785715200_1786060800_8620801695057607233	US500	4	4	0	NOT_APPLICABLE	NOT_APPLICABLE	NOT_APPLICABLE	C1	C1	C2	REGION_1|NODE_CONTACT	bridge::RG3_US500_PERIOD_M5_1785715200_1786060800_8620801695057607233::EXPANSION::4::TERMINAL
EXPANSION	RG3_US500_PERIOD_M5_1785715200_1786060800_8620801695057607233	US500	5	4	0	NOT_APPLICABLE	NOT_APPLICABLE	NOT_APPLICABLE	C1	C1	C2	REGION_1|NODE_CONTACT	bridge::RG3_US500_PERIOD_M5_1785715200_1786060800_8620801695057607233::EXPANSION::5::TERMINAL
EXPANSION	RG3_US500_PERIOD_M5_1785715200_1786060800_8620801695057607233	US500	6	4	0	NOT_APPLICABLE	NOT_APPLICABLE	NOT_APPLICABLE	C1	C1	C2	REGION_1|NODE_CONTACT	bridge::RG3_US500_PERIOD_M5_1785715200_1786060800_8620801695057607233::EXPANSION::6::TERMINAL
EXPANSION	RG3_US500_PERIOD_M5_1785715200_1786060800_8620801695057607233	US500	7	4	0	NOT_APPLICABLE	NOT_APPLICABLE	NOT_APPLICABLE	C3	C1	C3	REGION_1|OPEN_CORRIDOR	bridge::RG3_US500_PERIOD_M5_1785715200_1786060800_8620801695057607233::EXPANSION::7::TERMINAL
EXPANSION	RG3_US500_PERIOD_M5_1785715200_1786060800_8620801695057607233	US500	8	4	0	NOT_APPLICABLE	NOT_APPLICABLE	NOT_APPLICABLE	C1	C1	C2	REGION_1|OPEN_CORRIDOR	bridge::RG3_US500_PERIOD_M5_1785715200_1786060800_8620801695057607233::EXPANSION::8::TERMINAL
EXPANSION	RG3_US500_PERIOD_M5_1785715200_1786060800_8620801695057607233	US500	9	4	0	NOT_APPLICABLE	NOT_APPLICABLE	NOT_APPLICABLE	C1	C1	C2	REGION_1|NODE_CONTACT	bridge::RG3_US500_PERIOD_M5_1785715200_1786060800_8620801695057607233::EXPANSION::9::TERMINAL
EXPANSION	RG3_US500_PERIOD_M5_1785715200_1786060800_8620801695057607233	US500	10	4	0	NOT_APPLICABLE	NOT_APPLICABLE	NOT_APPLICABLE	C3	C2	C1	REGION_1|OPEN_CORRIDOR	bridge::RG3_US500_PERIOD_M5_1785715200_1786060800_8620801695057607233::EXPANSION::10::TERMINAL
EXPANSION	RG3_US500_PERIOD_M5_1785715200_1786060800_8620801695057607233	US500	11	4	0	NOT_APPLICABLE	NOT_APPLICABLE	NOT_APPLICABLE	C1	C1	C2	REGION_0|NODE_CONTACT	bridge::RG3_US500_PERIOD_M5_1785715200_1786060800_8620801695057607233::EXPANSION::11::TERMINAL
EXPANSION	RG3_US500_PERIOD_M5_1785715200_1786060800_8620801695057607233	US500	12	4	0	NOT_APPLICABLE	NOT_APPLICABLE	NOT_APPLICABLE	C1	C1	C2	REGION_0|NODE_CONTACT	bridge::RG3_US500_PERIOD_M5_1785715200_1786060800_8620801695057607233::EXPANSION::12::TERMINAL
EXPANSION	RG3_US500_PERIOD_M5_1785715200_1786060800_8620801695057607233	US500	13	6	1	NOT_APPLICABLE	NOT_APPLICABLE	NOT_APPLICABLE	NOT_APPLICABLE	NOT_APPLICABLE	NOT_APPLICABLE	REGION_0|OPEN_CORRIDOR	bridge::RG3_US500_PERIOD_M5_1785715200_1786060800_8620801695057607233::EXPANSION::13::TERMINAL
COMPRESSION	RG3_USTEC_PERIOD_M5_1768176000_1768780800_7128405155079592654	USTEC	1	2	0	C1	C2	C1	NOT_APPLICABLE	NOT_APPLICABLE	NOT_APPLICABLE	REGION_1|NODE_CONTACT	bridge::RG3_USTEC_PERIOD_M5_1768176000_1768780800_7128405155079592654::COMPRESSION::1::TERMINAL
COMPRESSION	RG3_USTEC_PERIOD_M5_1768176000_1768780800_7128405155079592654	USTEC	2	2	0	C1	C2	C2	NOT_APPLICABLE	NOT_APPLICABLE	NOT_APPLICABLE	REGION_1|NODE_CONTACT	bridge::RG3_USTEC_PERIOD_M5_1768176000_1768780800_7128405155079592654::COMPRESSION::2::TERMINAL
COMPRESSION	RG3_USTEC_PERIOD_M5_1768176000_1768780800_7128405155079592654	USTEC	3	1	0	C1	C1	C1	NOT_APPLICABLE	NOT_APPLICABLE	NOT_APPLICABLE	REGION_1|NODE_CONTACT	bridge::RG3_USTEC_PERIOD_M5_1768176000_1768780800_7128405155079592654::COMPRESSION::3::TERMINAL
COMPRESSION	RG3_USTEC_PERIOD_M5_1768176000_1768780800_7128405155079592654	USTEC	4	1	0	C1	C1	C1	NOT_APPLICABLE	NOT_APPLICABLE	NOT_APPLICABLE	REGION_1|NODE_CONTACT	bridge::RG3_USTEC_PERIOD_M5_1768176000_1768780800_7128405155079592654::COMPRESSION::4::TERMINAL
COMPRESSION	RG3_USTEC_PERIOD_M5_1768176000_1768780800_7128405155079592654	USTEC	5	1	0	C2	C2	C1	NOT_APPLICABLE	NOT_APPLICABLE	NOT_APPLICABLE	REGION_1|NODE_CONTACT	bridge::RG3_USTEC_PERIOD_M5_1768176000_1768780800_7128405155079592654::COMPRESSION::5::TERMINAL
COMPRESSION	RG3_USTEC_PERIOD_M5_1768176000_1768780800_7128405155079592654	USTEC	6	2	0	C1	C2	C1	NOT_APPLICABLE	NOT_APPLICABLE	NOT_APPLICABLE	REGION_1|NODE_CONTACT	bridge::RG3_USTEC_PERIOD_M5_1768176000_1768780800_7128405155079592654::COMPRESSION::6::TERMINAL
COMPRESSION	RG3_USTEC_PERIOD_M5_1768176000_1768780800_7128405155079592654	USTEC	7	2	0	C2	C2	C1	NOT_APPLICABLE	NOT_APPLICABLE	NOT_APPLICABLE	REGION_1|NODE_CONTACT	bridge::RG3_USTEC_PERIOD_M5_1768176000_1768780800_7128405155079592654::COMPRESSION::7::TERMINAL
COMPRESSION	RG3_USTEC_PERIOD_M5_1768176000_1768780800_7128405155079592654	USTEC	8	2	0	C1	C2	C1	NOT_APPLICABLE	NOT_APPLICABLE	NOT_APPLICABLE	REGION_1|NODE_CONTACT	bridge::RG3_USTEC_PERIOD_M5_1768176000_1768780800_7128405155079592654::COMPRESSION::8::TERMINAL
COMPRESSION	RG3_USTEC_PERIOD_M5_1768176000_1768780800_7128405155079592654	USTEC	9	2	0	C1	C2	C1	NOT_APPLICABLE	NOT_APPLICABLE	NOT_APPLICABLE	REGION_1|NODE_CONTACT	bridge::RG3_USTEC_PERIOD_M5_1768176000_1768780800_7128405155079592654::COMPRESSION::9::TERMINAL
COMPRESSION	RG3_USTEC_PERIOD_M5_1768176000_1768780800_7128405155079592654	USTEC	10	1	0	C1	C1	C1	NOT_APPLICABLE	NOT_APPLICABLE	NOT_APPLICABLE	REGION_1|NODE_CONTACT	bridge::RG3_USTEC_PERIOD_M5_1768176000_1768780800_7128405155079592654::COMPRESSION::10::TERMINAL
COMPRESSION	RG3_USTEC_PERIOD_M5_1768176000_1768780800_7128405155079592654	USTEC	11	1	0	C1	C1	C1	NOT_APPLICABLE	NOT_APPLICABLE	NOT_APPLICABLE	REGION_0|NODE_CONTACT	bridge::RG3_USTEC_PERIOD_M5_1768176000_1768780800_7128405155079592654::COMPRESSION::11::TERMINAL
COMPRESSION	RG3_USTEC_PERIOD_M5_1768176000_1768780800_7128405155079592654	USTEC	12	1	0	C1	C1	C1	NOT_APPLICABLE	NOT_APPLICABLE	NOT_APPLICABLE	REGION_1|NODE_CONTACT	bridge::RG3_USTEC_PERIOD_M5_1768176000_1768780800_7128405155079592654::COMPRESSION::12::TERMINAL
COMPRESSION	RG3_USTEC_PERIOD_M5_1768176000_1768780800_7128405155079592654	USTEC	13	1	0	C2	C1	C1	NOT_APPLICABLE	NOT_APPLICABLE	NOT_APPLICABLE	REGION_1|NODE_CONTACT	bridge::RG3_USTEC_PERIOD_M5_1768176000_1768780800_7128405155079592654::COMPRESSION::13::TERMINAL
COMPRESSION	RG3_USTEC_PERIOD_M5_1768176000_1768780800_7128405155079592654	USTEC	14	1	0	C1	C1	C1	NOT_APPLICABLE	NOT_APPLICABLE	NOT_APPLICABLE	REGION_1|NODE_CONTACT	bridge::RG3_USTEC_PERIOD_M5_1768176000_1768780800_7128405155079592654::COMPRESSION::14::TERMINAL
EXPANSION	RG3_USTEC_PERIOD_M5_1768176000_1768780800_7128405155079592654	USTEC	1	4	0	NOT_APPLICABLE	NOT_APPLICABLE	NOT_APPLICABLE	C1	C1	C2	REGION_1|NODE_CONTACT	bridge::RG3_USTEC_PERIOD_M5_1768176000_1768780800_7128405155079592654::EXPANSION::1::TERMINAL
EXPANSION	RG3_USTEC_PERIOD_M5_1768176000_1768780800_7128405155079592654	USTEC	2	4	0	NOT_APPLICABLE	NOT_APPLICABLE	NOT_APPLICABLE	C1	C2	C2	REGION_1|NODE_CONTACT	bridge::RG3_USTEC_PERIOD_M5_1768176000_1768780800_7128405155079592654::EXPANSION::2::TERMINAL
EXPANSION	RG3_USTEC_PERIOD_M5_1768176000_1768780800_7128405155079592654	USTEC	3	4	0	NOT_APPLICABLE	NOT_APPLICABLE	NOT_APPLICABLE	C3	C1	C3	REGION_1|NODE_CONTACT	bridge::RG3_USTEC_PERIOD_M5_1768176000_1768780800_7128405155079592654::EXPANSION::3::TERMINAL
EXPANSION	RG3_USTEC_PERIOD_M5_1768176000_1768780800_7128405155079592654	USTEC	4	4	0	NOT_APPLICABLE	NOT_APPLICABLE	NOT_APPLICABLE	C1	C2	C1	REGION_1|NODE_CONTACT	bridge::RG3_USTEC_PERIOD_M5_1768176000_1768780800_7128405155079592654::EXPANSION::4::TERMINAL
EXPANSION	RG3_USTEC_PERIOD_M5_1768176000_1768780800_7128405155079592654	USTEC	5	4	0	NOT_APPLICABLE	NOT_APPLICABLE	NOT_APPLICABLE	C1	C1	C2	REGION_1|NODE_CONTACT	bridge::RG3_USTEC_PERIOD_M5_1768176000_1768780800_7128405155079592654::EXPANSION::5::TERMINAL
EXPANSION	RG3_USTEC_PERIOD_M5_1768176000_1768780800_7128405155079592654	USTEC	6	4	0	NOT_APPLICABLE	NOT_APPLICABLE	NOT_APPLICABLE	C3	C1	C2	REGION_1|NODE_CONTACT	bridge::RG3_USTEC_PERIOD_M5_1768176000_1768780800_7128405155079592654::EXPANSION::6::TERMINAL
EXPANSION	RG3_USTEC_PERIOD_M5_1768176000_1768780800_7128405155079592654	USTEC	7	4	0	NOT_APPLICABLE	NOT_APPLICABLE	NOT_APPLICABLE	C1	C1	C2	REGION_1|NODE_CONTACT	bridge::RG3_USTEC_PERIOD_M5_1768176000_1768780800_7128405155079592654::EXPANSION::7::TERMINAL
EXPANSION	RG3_USTEC_PERIOD_M5_1768176000_1768780800_7128405155079592654	USTEC	8	4	0	NOT_APPLICABLE	NOT_APPLICABLE	NOT_APPLICABLE	C3	C1	C1	REGION_1|NODE_CONTACT	bridge::RG3_USTEC_PERIOD_M5_1768176000_1768780800_7128405155079592654::EXPANSION::8::TERMINAL
EXPANSION	RG3_USTEC_PERIOD_M5_1768176000_1768780800_7128405155079592654	USTEC	9	4	0	NOT_APPLICABLE	NOT_APPLICABLE	NOT_APPLICABLE	C3	C2	C3	REGION_1|NODE_CONTACT	bridge::RG3_USTEC_PERIOD_M5_1768176000_1768780800_7128405155079592654::EXPANSION::9::TERMINAL
EXPANSION	RG3_USTEC_PERIOD_M5_1768176000_1768780800_7128405155079592654	USTEC	10	4	0	NOT_APPLICABLE	NOT_APPLICABLE	NOT_APPLICABLE	C3	C2	C1	REGION_1|NODE_CONTACT	bridge::RG3_USTEC_PERIOD_M5_1768176000_1768780800_7128405155079592654::EXPANSION::10::TERMINAL
EXPANSION	RG3_USTEC_PERIOD_M5_1768176000_1768780800_7128405155079592654	USTEC	11	4	0	NOT_APPLICABLE	NOT_APPLICABLE	NOT_APPLICABLE	C1	C1	C2	REGION_1|NODE_CONTACT	bridge::RG3_USTEC_PERIOD_M5_1768176000_1768780800_7128405155079592654::EXPANSION::11::TERMINAL
EXPANSION	RG3_USTEC_PERIOD_M5_1768176000_1768780800_7128405155079592654	USTEC	12	4	0	NOT_APPLICABLE	NOT_APPLICABLE	NOT_APPLICABLE	C1	C1	C2	REGION_1|NODE_CONTACT	bridge::RG3_USTEC_PERIOD_M5_1768176000_1768780800_7128405155079592654::EXPANSION::12::TERMINAL
EXPANSION	RG3_USTEC_PERIOD_M5_1768176000_1768780800_7128405155079592654	USTEC	13	4	0	NOT_APPLICABLE	NOT_APPLICABLE	NOT_APPLICABLE	C1	C1	C2	REGION_1|NODE_CONTACT	bridge::RG3_USTEC_PERIOD_M5_1768176000_1768780800_7128405155079592654::EXPANSION::13::TERMINAL
EXPANSION	RG3_USTEC_PERIOD_M5_1768176000_1768780800_7128405155079592654	USTEC	14	6	1	NOT_APPLICABLE	NOT_APPLICABLE	NOT_APPLICABLE	NOT_APPLICABLE	NOT_APPLICABLE	NOT_APPLICABLE	NULL_STRUCTURAL_CONTEXT	bridge::RG3_USTEC_PERIOD_M5_1768176000_1768780800_7128405155079592654::EXPANSION::14::TERMINAL
COMPRESSION	RG3_USTEC_PERIOD_M5_1771200000_1771804800_8488883873716319363	USTEC	1	1	0	C2	C1	C1	NOT_APPLICABLE	NOT_APPLICABLE	NOT_APPLICABLE	REGION_0|NODE_CONTACT	bridge::RG3_USTEC_PERIOD_M5_1771200000_1771804800_8488883873716319363::COMPRESSION::1::TERMINAL
COMPRESSION	RG3_USTEC_PERIOD_M5_1771200000_1771804800_8488883873716319363	USTEC	2	2	0	C1	C2	C1	NOT_APPLICABLE	NOT_APPLICABLE	NOT_APPLICABLE	REGION_0|NODE_CONTACT	bridge::RG3_USTEC_PERIOD_M5_1771200000_1771804800_8488883873716319363::COMPRESSION::2::TERMINAL
COMPRESSION	RG3_USTEC_PERIOD_M5_1771200000_1771804800_8488883873716319363	USTEC	3	2	0	C1	C2	C1	NOT_APPLICABLE	NOT_APPLICABLE	NOT_APPLICABLE	REGION_-1|NODE_CONTACT	bridge::RG3_USTEC_PERIOD_M5_1771200000_1771804800_8488883873716319363::COMPRESSION::3::TERMINAL
COMPRESSION	RG3_USTEC_PERIOD_M5_1771200000_1771804800_8488883873716319363	USTEC	4	2	0	C1	C2	C1	NOT_APPLICABLE	NOT_APPLICABLE	NOT_APPLICABLE	REGION_-1|NODE_CONTACT	bridge::RG3_USTEC_PERIOD_M5_1771200000_1771804800_8488883873716319363::COMPRESSION::4::TERMINAL
COMPRESSION	RG3_USTEC_PERIOD_M5_1771200000_1771804800_8488883873716319363	USTEC	5	1	0	C2	C2	C1	NOT_APPLICABLE	NOT_APPLICABLE	NOT_APPLICABLE	REGION_-1|NODE_CONTACT	bridge::RG3_USTEC_PERIOD_M5_1771200000_1771804800_8488883873716319363::COMPRESSION::5::TERMINAL
COMPRESSION	RG3_USTEC_PERIOD_M5_1771200000_1771804800_8488883873716319363	USTEC	6	2	0	C1	C2	C1	NOT_APPLICABLE	NOT_APPLICABLE	NOT_APPLICABLE	REGION_0|NODE_CONTACT	bridge::RG3_USTEC_PERIOD_M5_1771200000_1771804800_8488883873716319363::COMPRESSION::6::TERMINAL
COMPRESSION	RG3_USTEC_PERIOD_M5_1771200000_1771804800_8488883873716319363	USTEC	7	1	0	C1	C1	C1	NOT_APPLICABLE	NOT_APPLICABLE	NOT_APPLICABLE	REGION_0|NODE_CONTACT	bridge::RG3_USTEC_PERIOD_M5_1771200000_1771804800_8488883873716319363::COMPRESSION::7::TERMINAL
COMPRESSION	RG3_USTEC_PERIOD_M5_1771200000_1771804800_8488883873716319363	USTEC	8	1	0	C1	C1	C1	NOT_APPLICABLE	NOT_APPLICABLE	NOT_APPLICABLE	REGION_0|NODE_CONTACT	bridge::RG3_USTEC_PERIOD_M5_1771200000_1771804800_8488883873716319363::COMPRESSION::8::TERMINAL
COMPRESSION	RG3_USTEC_PERIOD_M5_1771200000_1771804800_8488883873716319363	USTEC	9	2	0	C1	C2	C1	NOT_APPLICABLE	NOT_APPLICABLE	NOT_APPLICABLE	REGION_-1|NODE_CONTACT	bridge::RG3_USTEC_PERIOD_M5_1771200000_1771804800_8488883873716319363::COMPRESSION::9::TERMINAL
COMPRESSION	RG3_USTEC_PERIOD_M5_1771200000_1771804800_8488883873716319363	USTEC	10	1	0	C1	C1	C1	NOT_APPLICABLE	NOT_APPLICABLE	NOT_APPLICABLE	REGION_-1|NODE_CONTACT	bridge::RG3_USTEC_PERIOD_M5_1771200000_1771804800_8488883873716319363::COMPRESSION::10::TERMINAL
COMPRESSION	RG3_USTEC_PERIOD_M5_1771200000_1771804800_8488883873716319363	USTEC	11	2	0	C1	C2	C1	NOT_APPLICABLE	NOT_APPLICABLE	NOT_APPLICABLE	REGION_-1|NODE_CONTACT	bridge::RG3_USTEC_PERIOD_M5_1771200000_1771804800_8488883873716319363::COMPRESSION::11::TERMINAL
COMPRESSION	RG3_USTEC_PERIOD_M5_1771200000_1771804800_8488883873716319363	USTEC	12	1	0	C2	C2	C1	NOT_APPLICABLE	NOT_APPLICABLE	NOT_APPLICABLE	REGION_-1|NODE_CONTACT	bridge::RG3_USTEC_PERIOD_M5_1771200000_1771804800_8488883873716319363::COMPRESSION::12::TERMINAL
COMPRESSION	RG3_USTEC_PERIOD_M5_1771200000_1771804800_8488883873716319363	USTEC	13	1	0	C1	C1	C1	NOT_APPLICABLE	NOT_APPLICABLE	NOT_APPLICABLE	REGION_-1|NODE_CONTACT	bridge::RG3_USTEC_PERIOD_M5_1771200000_1771804800_8488883873716319363::COMPRESSION::13::TERMINAL
COMPRESSION	RG3_USTEC_PERIOD_M5_1771200000_1771804800_8488883873716319363	USTEC	14	1	0	C1	C1	C1	NOT_APPLICABLE	NOT_APPLICABLE	NOT_APPLICABLE	REGION_-1|NODE_CONTACT	bridge::RG3_USTEC_PERIOD_M5_1771200000_1771804800_8488883873716319363::COMPRESSION::14::TERMINAL
COMPRESSION	RG3_USTEC_PERIOD_M5_1771200000_1771804800_8488883873716319363	USTEC	15	2	0	C2	C2	C1	NOT_APPLICABLE	NOT_APPLICABLE	NOT_APPLICABLE	REGION_-1|NODE_CONTACT	bridge::RG3_USTEC_PERIOD_M5_1771200000_1771804800_8488883873716319363::COMPRESSION::15::TERMINAL
EXPANSION	RG3_USTEC_PERIOD_M5_1771200000_1771804800_8488883873716319363	USTEC	1	4	0	NOT_APPLICABLE	NOT_APPLICABLE	NOT_APPLICABLE	C1	C1	C2	REGION_0|NODE_CONTACT	bridge::RG3_USTEC_PERIOD_M5_1771200000_1771804800_8488883873716319363::EXPANSION::1::TERMINAL
EXPANSION	RG3_USTEC_PERIOD_M5_1771200000_1771804800_8488883873716319363	USTEC	2	4	0	NOT_APPLICABLE	NOT_APPLICABLE	NOT_APPLICABLE	C1	C1	C2	REGION_0|NODE_CONTACT	bridge::RG3_USTEC_PERIOD_M5_1771200000_1771804800_8488883873716319363::EXPANSION::2::TERMINAL
EXPANSION	RG3_USTEC_PERIOD_M5_1771200000_1771804800_8488883873716319363	USTEC	3	4	0	NOT_APPLICABLE	NOT_APPLICABLE	NOT_APPLICABLE	C3	C1	C2	REGION_-1|NODE_CONTACT	bridge::RG3_USTEC_PERIOD_M5_1771200000_1771804800_8488883873716319363::EXPANSION::3::TERMINAL
EXPANSION	RG3_USTEC_PERIOD_M5_1771200000_1771804800_8488883873716319363	USTEC	4	4	0	NOT_APPLICABLE	NOT_APPLICABLE	NOT_APPLICABLE	C1	C1	C2	REGION_-1|NODE_CONTACT	bridge::RG3_USTEC_PERIOD_M5_1771200000_1771804800_8488883873716319363::EXPANSION::4::TERMINAL
EXPANSION	RG3_USTEC_PERIOD_M5_1771200000_1771804800_8488883873716319363	USTEC	5	4	0	NOT_APPLICABLE	NOT_APPLICABLE	NOT_APPLICABLE	C3	C1	C2	REGION_0|NODE_CONTACT	bridge::RG3_USTEC_PERIOD_M5_1771200000_1771804800_8488883873716319363::EXPANSION::5::TERMINAL
EXPANSION	RG3_USTEC_PERIOD_M5_1771200000_1771804800_8488883873716319363	USTEC	6	4	0	NOT_APPLICABLE	NOT_APPLICABLE	NOT_APPLICABLE	C1	C1	C2	REGION_0|NODE_CONTACT	bridge::RG3_USTEC_PERIOD_M5_1771200000_1771804800_8488883873716319363::EXPANSION::6::TERMINAL
EXPANSION	RG3_USTEC_PERIOD_M5_1771200000_1771804800_8488883873716319363	USTEC	7	4	0	NOT_APPLICABLE	NOT_APPLICABLE	NOT_APPLICABLE	C1	C1	C2	REGION_0|NODE_CONTACT	bridge::RG3_USTEC_PERIOD_M5_1771200000_1771804800_8488883873716319363::EXPANSION::7::TERMINAL
EXPANSION	RG3_USTEC_PERIOD_M5_1771200000_1771804800_8488883873716319363	USTEC	8	4	0	NOT_APPLICABLE	NOT_APPLICABLE	NOT_APPLICABLE	C1	C1	C2	REGION_0|NODE_CONTACT	bridge::RG3_USTEC_PERIOD_M5_1771200000_1771804800_8488883873716319363::EXPANSION::8::TERMINAL
EXPANSION	RG3_USTEC_PERIOD_M5_1771200000_1771804800_8488883873716319363	USTEC	9	4	0	NOT_APPLICABLE	NOT_APPLICABLE	NOT_APPLICABLE	C3	C2	C3	REGION_-1|NODE_CONTACT	bridge::RG3_USTEC_PERIOD_M5_1771200000_1771804800_8488883873716319363::EXPANSION::9::TERMINAL
EXPANSION	RG3_USTEC_PERIOD_M5_1771200000_1771804800_8488883873716319363	USTEC	10	4	0	NOT_APPLICABLE	NOT_APPLICABLE	NOT_APPLICABLE	C1	C1	C2	REGION_-1|NODE_CONTACT	bridge::RG3_USTEC_PERIOD_M5_1771200000_1771804800_8488883873716319363::EXPANSION::10::TERMINAL
EXPANSION	RG3_USTEC_PERIOD_M5_1771200000_1771804800_8488883873716319363	USTEC	11	4	0	NOT_APPLICABLE	NOT_APPLICABLE	NOT_APPLICABLE	C1	C1	C1	REGION_-1|NODE_CONTACT	bridge::RG3_USTEC_PERIOD_M5_1771200000_1771804800_8488883873716319363::EXPANSION::11::TERMINAL
EXPANSION	RG3_USTEC_PERIOD_M5_1771200000_1771804800_8488883873716319363	USTEC	12	4	0	NOT_APPLICABLE	NOT_APPLICABLE	NOT_APPLICABLE	C3	C1	C2	REGION_-1|NODE_CONTACT	bridge::RG3_USTEC_PERIOD_M5_1771200000_1771804800_8488883873716319363::EXPANSION::12::TERMINAL
EXPANSION	RG3_USTEC_PERIOD_M5_1771200000_1771804800_8488883873716319363	USTEC	13	4	0	NOT_APPLICABLE	NOT_APPLICABLE	NOT_APPLICABLE	C1	C1	C2	REGION_-1|NODE_CONTACT	bridge::RG3_USTEC_PERIOD_M5_1771200000_1771804800_8488883873716319363::EXPANSION::13::TERMINAL
EXPANSION	RG3_USTEC_PERIOD_M5_1771200000_1771804800_8488883873716319363	USTEC	14	4	0	NOT_APPLICABLE	NOT_APPLICABLE	NOT_APPLICABLE	C1	C1	C2	REGION_-1|NODE_CONTACT	bridge::RG3_USTEC_PERIOD_M5_1771200000_1771804800_8488883873716319363::EXPANSION::14::TERMINAL
EXPANSION	RG3_USTEC_PERIOD_M5_1771200000_1771804800_8488883873716319363	USTEC	15	6	1	NOT_APPLICABLE	NOT_APPLICABLE	NOT_APPLICABLE	NOT_APPLICABLE	NOT_APPLICABLE	NOT_APPLICABLE	NULL_STRUCTURAL_CONTEXT	bridge::RG3_USTEC_PERIOD_M5_1771200000_1771804800_8488883873716319363::EXPANSION::15::TERMINAL
COMPRESSION	RG3_USTEC_PERIOD_M5_1774224000_1774828800_8427243982755741149	USTEC	1	1	0	C1	C1	C1	NOT_APPLICABLE	NOT_APPLICABLE	NOT_APPLICABLE	REGION_0|NODE_CONTACT	bridge::RG3_USTEC_PERIOD_M5_1774224000_1774828800_8427243982755741149::COMPRESSION::1::TERMINAL
COMPRESSION	RG3_USTEC_PERIOD_M5_1774224000_1774828800_8427243982755741149	USTEC	2	1	0	C2	C1	C1	NOT_APPLICABLE	NOT_APPLICABLE	NOT_APPLICABLE	REGION_0|NODE_CONTACT	bridge::RG3_USTEC_PERIOD_M5_1774224000_1774828800_8427243982755741149::COMPRESSION::2::TERMINAL
COMPRESSION	RG3_USTEC_PERIOD_M5_1774224000_1774828800_8427243982755741149	USTEC	3	2	0	C1	C2	C2	NOT_APPLICABLE	NOT_APPLICABLE	NOT_APPLICABLE	REGION_0|NODE_CONTACT	bridge::RG3_USTEC_PERIOD_M5_1774224000_1774828800_8427243982755741149::COMPRESSION::3::TERMINAL
COMPRESSION	RG3_USTEC_PERIOD_M5_1774224000_1774828800_8427243982755741149	USTEC	4	2	0	C2	C1	C1	NOT_APPLICABLE	NOT_APPLICABLE	NOT_APPLICABLE	REGION_0|NODE_CONTACT	bridge::RG3_USTEC_PERIOD_M5_1774224000_1774828800_8427243982755741149::COMPRESSION::4::TERMINAL
COMPRESSION	RG3_USTEC_PERIOD_M5_1774224000_1774828800_8427243982755741149	USTEC	5	2	0	C1	C2	C1	NOT_APPLICABLE	NOT_APPLICABLE	NOT_APPLICABLE	REGION_0|NODE_CONTACT	bridge::RG3_USTEC_PERIOD_M5_1774224000_1774828800_8427243982755741149::COMPRESSION::5::TERMINAL
COMPRESSION	RG3_USTEC_PERIOD_M5_1774224000_1774828800_8427243982755741149	USTEC	6	2	0	C2	C2	C1	NOT_APPLICABLE	NOT_APPLICABLE	NOT_APPLICABLE	REGION_0|NODE_CONTACT	bridge::RG3_USTEC_PERIOD_M5_1774224000_1774828800_8427243982755741149::COMPRESSION::6::TERMINAL
COMPRESSION	RG3_USTEC_PERIOD_M5_1774224000_1774828800_8427243982755741149	USTEC	7	2	0	C1	C2	C1	NOT_APPLICABLE	NOT_APPLICABLE	NOT_APPLICABLE	REGION_-1|NODE_CONTACT	bridge::RG3_USTEC_PERIOD_M5_1774224000_1774828800_8427243982755741149::COMPRESSION::7::TERMINAL
COMPRESSION	RG3_USTEC_PERIOD_M5_1774224000_1774828800_8427243982755741149	USTEC	8	2	0	C1	C2	C2	NOT_APPLICABLE	NOT_APPLICABLE	NOT_APPLICABLE	REGION_-1|NODE_CONTACT	bridge::RG3_USTEC_PERIOD_M5_1774224000_1774828800_8427243982755741149::COMPRESSION::8::TERMINAL
COMPRESSION	RG3_USTEC_PERIOD_M5_1774224000_1774828800_8427243982755741149	USTEC	9	2	0	C1	C2	C1	NOT_APPLICABLE	NOT_APPLICABLE	NOT_APPLICABLE	REGION_-1|NODE_CONTACT	bridge::RG3_USTEC_PERIOD_M5_1774224000_1774828800_8427243982755741149::COMPRESSION::9::TERMINAL
COMPRESSION	RG3_USTEC_PERIOD_M5_1774224000_1774828800_8427243982755741149	USTEC	10	2	0	C1	C2	C1	NOT_APPLICABLE	NOT_APPLICABLE	NOT_APPLICABLE	REGION_-1|NODE_CONTACT	bridge::RG3_USTEC_PERIOD_M5_1774224000_1774828800_8427243982755741149::COMPRESSION::10::TERMINAL
COMPRESSION	RG3_USTEC_PERIOD_M5_1774224000_1774828800_8427243982755741149	USTEC	11	2	0	C1	C2	C2	NOT_APPLICABLE	NOT_APPLICABLE	NOT_APPLICABLE	REGION_-1|NODE_CONTACT	bridge::RG3_USTEC_PERIOD_M5_1774224000_1774828800_8427243982755741149::COMPRESSION::11::TERMINAL
COMPRESSION	RG3_USTEC_PERIOD_M5_1774224000_1774828800_8427243982755741149	USTEC	12	2	0	C1	C1	C1	NOT_APPLICABLE	NOT_APPLICABLE	NOT_APPLICABLE	REGION_-1|NODE_CONTACT	bridge::RG3_USTEC_PERIOD_M5_1774224000_1774828800_8427243982755741149::COMPRESSION::12::TERMINAL
COMPRESSION	RG3_USTEC_PERIOD_M5_1774224000_1774828800_8427243982755741149	USTEC	13	1	0	C1	C1	C1	NOT_APPLICABLE	NOT_APPLICABLE	NOT_APPLICABLE	REGION_-1|NODE_CONTACT	bridge::RG3_USTEC_PERIOD_M5_1774224000_1774828800_8427243982755741149::COMPRESSION::13::TERMINAL
COMPRESSION	RG3_USTEC_PERIOD_M5_1774224000_1774828800_8427243982755741149	USTEC	14	2	0	C1	C2	C1	NOT_APPLICABLE	NOT_APPLICABLE	NOT_APPLICABLE	REGION_-1|NODE_CONTACT	bridge::RG3_USTEC_PERIOD_M5_1774224000_1774828800_8427243982755741149::COMPRESSION::14::TERMINAL
COMPRESSION	RG3_USTEC_PERIOD_M5_1774224000_1774828800_8427243982755741149	USTEC	15	2	0	C1	C2	C2	NOT_APPLICABLE	NOT_APPLICABLE	NOT_APPLICABLE	REGION_-2|NODE_CONTACT	bridge::RG3_USTEC_PERIOD_M5_1774224000_1774828800_8427243982755741149::COMPRESSION::15::TERMINAL
EXPANSION	RG3_USTEC_PERIOD_M5_1774224000_1774828800_8427243982755741149	USTEC	1	4	0	NOT_APPLICABLE	NOT_APPLICABLE	NOT_APPLICABLE	C1	C2	C1	REGION_0|NODE_CONTACT	bridge::RG3_USTEC_PERIOD_M5_1774224000_1774828800_8427243982755741149::EXPANSION::1::TERMINAL
EXPANSION	RG3_USTEC_PERIOD_M5_1774224000_1774828800_8427243982755741149	USTEC	2	4	0	NOT_APPLICABLE	NOT_APPLICABLE	NOT_APPLICABLE	C1	C1	C2	REGION_0|NODE_CONTACT	bridge::RG3_USTEC_PERIOD_M5_1774224000_1774828800_8427243982755741149::EXPANSION::2::TERMINAL
EXPANSION	RG3_USTEC_PERIOD_M5_1774224000_1774828800_8427243982755741149	USTEC	3	4	0	NOT_APPLICABLE	NOT_APPLICABLE	NOT_APPLICABLE	C3	C1	C2	REGION_0|NODE_CONTACT	bridge::RG3_USTEC_PERIOD_M5_1774224000_1774828800_8427243982755741149::EXPANSION::3::TERMINAL
EXPANSION	RG3_USTEC_PERIOD_M5_1774224000_1774828800_8427243982755741149	USTEC	4	4	0	NOT_APPLICABLE	NOT_APPLICABLE	NOT_APPLICABLE	C1	C1	C2	REGION_0|NODE_CONTACT	bridge::RG3_USTEC_PERIOD_M5_1774224000_1774828800_8427243982755741149::EXPANSION::4::TERMINAL
EXPANSION	RG3_USTEC_PERIOD_M5_1774224000_1774828800_8427243982755741149	USTEC	5	4	0	NOT_APPLICABLE	NOT_APPLICABLE	NOT_APPLICABLE	C1	C2	C2	REGION_0|NODE_CONTACT	bridge::RG3_USTEC_PERIOD_M5_1774224000_1774828800_8427243982755741149::EXPANSION::5::TERMINAL
EXPANSION	RG3_USTEC_PERIOD_M5_1774224000_1774828800_8427243982755741149	USTEC	6	4	0	NOT_APPLICABLE	NOT_APPLICABLE	NOT_APPLICABLE	C1	C1	C2	REGION_0|NODE_CONTACT	bridge::RG3_USTEC_PERIOD_M5_1774224000_1774828800_8427243982755741149::EXPANSION::6::TERMINAL
EXPANSION	RG3_USTEC_PERIOD_M5_1774224000_1774828800_8427243982755741149	USTEC	7	4	0	NOT_APPLICABLE	NOT_APPLICABLE	NOT_APPLICABLE	C1	C1	C2	REGION_-1|NODE_CONTACT	bridge::RG3_USTEC_PERIOD_M5_1774224000_1774828800_8427243982755741149::EXPANSION::7::TERMINAL
EXPANSION	RG3_USTEC_PERIOD_M5_1774224000_1774828800_8427243982755741149	USTEC	8	4	0	NOT_APPLICABLE	NOT_APPLICABLE	NOT_APPLICABLE	C1	C1	C2	REGION_-1|NODE_CONTACT	bridge::RG3_USTEC_PERIOD_M5_1774224000_1774828800_8427243982755741149::EXPANSION::8::TERMINAL
EXPANSION	RG3_USTEC_PERIOD_M5_1774224000_1774828800_8427243982755741149	USTEC	9	4	0	NOT_APPLICABLE	NOT_APPLICABLE	NOT_APPLICABLE	C1	C1	C2	REGION_-1|NODE_CONTACT	bridge::RG3_USTEC_PERIOD_M5_1774224000_1774828800_8427243982755741149::EXPANSION::9::TERMINAL
EXPANSION	RG3_USTEC_PERIOD_M5_1774224000_1774828800_8427243982755741149	USTEC	10	4	0	NOT_APPLICABLE	NOT_APPLICABLE	NOT_APPLICABLE	C3	C1	C1	REGION_-1|NODE_CONTACT	bridge::RG3_USTEC_PERIOD_M5_1774224000_1774828800_8427243982755741149::EXPANSION::10::TERMINAL
EXPANSION	RG3_USTEC_PERIOD_M5_1774224000_1774828800_8427243982755741149	USTEC	11	4	0	NOT_APPLICABLE	NOT_APPLICABLE	NOT_APPLICABLE	C1	C2	C2	REGION_-1|NODE_CONTACT	bridge::RG3_USTEC_PERIOD_M5_1774224000_1774828800_8427243982755741149::EXPANSION::11::TERMINAL
EXPANSION	RG3_USTEC_PERIOD_M5_1774224000_1774828800_8427243982755741149	USTEC	12	4	0	NOT_APPLICABLE	NOT_APPLICABLE	NOT_APPLICABLE	C1	C1	C2	REGION_-1|NODE_CONTACT	bridge::RG3_USTEC_PERIOD_M5_1774224000_1774828800_8427243982755741149::EXPANSION::12::TERMINAL
EXPANSION	RG3_USTEC_PERIOD_M5_1774224000_1774828800_8427243982755741149	USTEC	13	4	0	NOT_APPLICABLE	NOT_APPLICABLE	NOT_APPLICABLE	C1	C1	C2	REGION_-1|NODE_CONTACT	bridge::RG3_USTEC_PERIOD_M5_1774224000_1774828800_8427243982755741149::EXPANSION::13::TERMINAL
EXPANSION	RG3_USTEC_PERIOD_M5_1774224000_1774828800_8427243982755741149	USTEC	14	4	0	NOT_APPLICABLE	NOT_APPLICABLE	NOT_APPLICABLE	C3	C1	C1	REGION_-2|NODE_CONTACT	bridge::RG3_USTEC_PERIOD_M5_1774224000_1774828800_8427243982755741149::EXPANSION::14::TERMINAL
EXPANSION	RG3_USTEC_PERIOD_M5_1774224000_1774828800_8427243982755741149	USTEC	15	6	1	NOT_APPLICABLE	NOT_APPLICABLE	NOT_APPLICABLE	NOT_APPLICABLE	NOT_APPLICABLE	NOT_APPLICABLE	NULL_STRUCTURAL_CONTEXT	bridge::RG3_USTEC_PERIOD_M5_1774224000_1774828800_8427243982755741149::EXPANSION::15::TERMINAL
COMPRESSION	RG3_USTEC_PERIOD_M5_1777852800_1778457600_2749301626223637730	USTEC	1	1	0	C1	C1	C1	NOT_APPLICABLE	NOT_APPLICABLE	NOT_APPLICABLE	REGION_1|NODE_CONTACT	bridge::RG3_USTEC_PERIOD_M5_1777852800_1778457600_2749301626223637730::COMPRESSION::1::TERMINAL
COMPRESSION	RG3_USTEC_PERIOD_M5_1777852800_1778457600_2749301626223637730	USTEC	2	2	0	C1	C1	C1	NOT_APPLICABLE	NOT_APPLICABLE	NOT_APPLICABLE	REGION_1|NODE_CONTACT	bridge::RG3_USTEC_PERIOD_M5_1777852800_1778457600_2749301626223637730::COMPRESSION::2::TERMINAL
COMPRESSION	RG3_USTEC_PERIOD_M5_1777852800_1778457600_2749301626223637730	USTEC	3	2	0	C1	C2	C2	NOT_APPLICABLE	NOT_APPLICABLE	NOT_APPLICABLE	REGION_1|NODE_CONTACT	bridge::RG3_USTEC_PERIOD_M5_1777852800_1778457600_2749301626223637730::COMPRESSION::3::TERMINAL
COMPRESSION	RG3_USTEC_PERIOD_M5_1777852800_1778457600_2749301626223637730	USTEC	4	1	0	C2	C1	C1	NOT_APPLICABLE	NOT_APPLICABLE	NOT_APPLICABLE	REGION_1|NODE_CONTACT	bridge::RG3_USTEC_PERIOD_M5_1777852800_1778457600_2749301626223637730::COMPRESSION::4::TERMINAL
COMPRESSION	RG3_USTEC_PERIOD_M5_1777852800_1778457600_2749301626223637730	USTEC	5	1	0	C2	C1	C1	NOT_APPLICABLE	NOT_APPLICABLE	NOT_APPLICABLE	REGION_1|NODE_CONTACT	bridge::RG3_USTEC_PERIOD_M5_1777852800_1778457600_2749301626223637730::COMPRESSION::5::TERMINAL
COMPRESSION	RG3_USTEC_PERIOD_M5_1777852800_1778457600_2749301626223637730	USTEC	6	1	0	C2	C1	C1	NOT_APPLICABLE	NOT_APPLICABLE	NOT_APPLICABLE	REGION_1|OPEN_CORRIDOR	bridge::RG3_USTEC_PERIOD_M5_1777852800_1778457600_2749301626223637730::COMPRESSION::6::TERMINAL
COMPRESSION	RG3_USTEC_PERIOD_M5_1777852800_1778457600_2749301626223637730	USTEC	7	1	0	C2	C1	C2	NOT_APPLICABLE	NOT_APPLICABLE	NOT_APPLICABLE	REGION_1|OPEN_CORRIDOR	bridge::RG3_USTEC_PERIOD_M5_1777852800_1778457600_2749301626223637730::COMPRESSION::7::TERMINAL
COMPRESSION	RG3_USTEC_PERIOD_M5_1777852800_1778457600_2749301626223637730	USTEC	8	1	0	C1	C1	C1	NOT_APPLICABLE	NOT_APPLICABLE	NOT_APPLICABLE	REGION_1|OPEN_CORRIDOR	bridge::RG3_USTEC_PERIOD_M5_1777852800_1778457600_2749301626223637730::COMPRESSION::8::TERMINAL
COMPRESSION	RG3_USTEC_PERIOD_M5_1777852800_1778457600_2749301626223637730	USTEC	9	1	0	C2	C1	C2	NOT_APPLICABLE	NOT_APPLICABLE	NOT_APPLICABLE	REGION_1|OPEN_CORRIDOR	bridge::RG3_USTEC_PERIOD_M5_1777852800_1778457600_2749301626223637730::COMPRESSION::9::TERMINAL
COMPRESSION	RG3_USTEC_PERIOD_M5_1777852800_1778457600_2749301626223637730	USTEC	10	1	0	C2	C2	C1	NOT_APPLICABLE	NOT_APPLICABLE	NOT_APPLICABLE	REGION_1|OPEN_CORRIDOR	bridge::RG3_USTEC_PERIOD_M5_1777852800_1778457600_2749301626223637730::COMPRESSION::10::TERMINAL
COMPRESSION	RG3_USTEC_PERIOD_M5_1777852800_1778457600_2749301626223637730	USTEC	11	1	0	C2	C2	C1	NOT_APPLICABLE	NOT_APPLICABLE	NOT_APPLICABLE	REGION_1|OPEN_CORRIDOR	bridge::RG3_USTEC_PERIOD_M5_1777852800_1778457600_2749301626223637730::COMPRESSION::11::TERMINAL
COMPRESSION	RG3_USTEC_PERIOD_M5_1777852800_1778457600_2749301626223637730	USTEC	12	1	0	C2	C2	C1	NOT_APPLICABLE	NOT_APPLICABLE	NOT_APPLICABLE	REGION_1|OPEN_CORRIDOR	bridge::RG3_USTEC_PERIOD_M5_1777852800_1778457600_2749301626223637730::COMPRESSION::12::TERMINAL
COMPRESSION	RG3_USTEC_PERIOD_M5_1777852800_1778457600_2749301626223637730	USTEC	13	1	0	C1	C1	C1	NOT_APPLICABLE	NOT_APPLICABLE	NOT_APPLICABLE	REGION_1|NODE_CONTACT	bridge::RG3_USTEC_PERIOD_M5_1777852800_1778457600_2749301626223637730::COMPRESSION::13::TERMINAL
COMPRESSION	RG3_USTEC_PERIOD_M5_1777852800_1778457600_2749301626223637730	USTEC	14	1	0	C2	C1	C2	NOT_APPLICABLE	NOT_APPLICABLE	NOT_APPLICABLE	REGION_1|NODE_CONTACT	bridge::RG3_USTEC_PERIOD_M5_1777852800_1778457600_2749301626223637730::COMPRESSION::14::TERMINAL
COMPRESSION	RG3_USTEC_PERIOD_M5_1777852800_1778457600_2749301626223637730	USTEC	15	6	1	NOT_APPLICABLE	NOT_APPLICABLE	NOT_APPLICABLE	NOT_APPLICABLE	NOT_APPLICABLE	NOT_APPLICABLE	NULL_STRUCTURAL_CONTEXT	bridge::RG3_USTEC_PERIOD_M5_1777852800_1778457600_2749301626223637730::COMPRESSION::15::TERMINAL
EXPANSION	RG3_USTEC_PERIOD_M5_1777852800_1778457600_2749301626223637730	USTEC	1	4	0	NOT_APPLICABLE	NOT_APPLICABLE	NOT_APPLICABLE	C1	C1	C2	REGION_1|NODE_CONTACT	bridge::RG3_USTEC_PERIOD_M5_1777852800_1778457600_2749301626223637730::EXPANSION::1::TERMINAL
EXPANSION	RG3_USTEC_PERIOD_M5_1777852800_1778457600_2749301626223637730	USTEC	2	4	0	NOT_APPLICABLE	NOT_APPLICABLE	NOT_APPLICABLE	C1	C1	C2	REGION_1|NODE_CONTACT	bridge::RG3_USTEC_PERIOD_M5_1777852800_1778457600_2749301626223637730::EXPANSION::2::TERMINAL
EXPANSION	RG3_USTEC_PERIOD_M5_1777852800_1778457600_2749301626223637730	USTEC	3	4	0	NOT_APPLICABLE	NOT_APPLICABLE	NOT_APPLICABLE	C3	C1	C2	REGION_1|OPEN_CORRIDOR	bridge::RG3_USTEC_PERIOD_M5_1777852800_1778457600_2749301626223637730::EXPANSION::3::TERMINAL
EXPANSION	RG3_USTEC_PERIOD_M5_1777852800_1778457600_2749301626223637730	USTEC	4	4	0	NOT_APPLICABLE	NOT_APPLICABLE	NOT_APPLICABLE	C1	C1	C2	REGION_1|NODE_CONTACT	bridge::RG3_USTEC_PERIOD_M5_1777852800_1778457600_2749301626223637730::EXPANSION::4::TERMINAL
EXPANSION	RG3_USTEC_PERIOD_M5_1777852800_1778457600_2749301626223637730	USTEC	5	4	0	NOT_APPLICABLE	NOT_APPLICABLE	NOT_APPLICABLE	C1	C1	C2	REGION_1|NODE_CONTACT	bridge::RG3_USTEC_PERIOD_M5_1777852800_1778457600_2749301626223637730::EXPANSION::5::TERMINAL
EXPANSION	RG3_USTEC_PERIOD_M5_1777852800_1778457600_2749301626223637730	USTEC	6	4	0	NOT_APPLICABLE	NOT_APPLICABLE	NOT_APPLICABLE	C3	C1	C3	REGION_1|OPEN_CORRIDOR	bridge::RG3_USTEC_PERIOD_M5_1777852800_1778457600_2749301626223637730::EXPANSION::6::TERMINAL
EXPANSION	RG3_USTEC_PERIOD_M5_1777852800_1778457600_2749301626223637730	USTEC	7	4	0	NOT_APPLICABLE	NOT_APPLICABLE	NOT_APPLICABLE	C3	C1	C2	REGION_1|OPEN_CORRIDOR	bridge::RG3_USTEC_PERIOD_M5_1777852800_1778457600_2749301626223637730::EXPANSION::7::TERMINAL
EXPANSION	RG3_USTEC_PERIOD_M5_1777852800_1778457600_2749301626223637730	USTEC	8	4	0	NOT_APPLICABLE	NOT_APPLICABLE	NOT_APPLICABLE	C1	C1	C2	REGION_1|OPEN_CORRIDOR	bridge::RG3_USTEC_PERIOD_M5_1777852800_1778457600_2749301626223637730::EXPANSION::8::TERMINAL
EXPANSION	RG3_USTEC_PERIOD_M5_1777852800_1778457600_2749301626223637730	USTEC	9	4	0	NOT_APPLICABLE	NOT_APPLICABLE	NOT_APPLICABLE	C3	C1	C3	REGION_1|NODE_CONTACT	bridge::RG3_USTEC_PERIOD_M5_1777852800_1778457600_2749301626223637730::EXPANSION::9::TERMINAL
EXPANSION	RG3_USTEC_PERIOD_M5_1777852800_1778457600_2749301626223637730	USTEC	10	4	0	NOT_APPLICABLE	NOT_APPLICABLE	NOT_APPLICABLE	C1	C1	C2	REGION_1|OPEN_CORRIDOR	bridge::RG3_USTEC_PERIOD_M5_1777852800_1778457600_2749301626223637730::EXPANSION::10::TERMINAL
EXPANSION	RG3_USTEC_PERIOD_M5_1777852800_1778457600_2749301626223637730	USTEC	11	4	0	NOT_APPLICABLE	NOT_APPLICABLE	NOT_APPLICABLE	C3	C2	C1	REGION_1|OPEN_CORRIDOR	bridge::RG3_USTEC_PERIOD_M5_1777852800_1778457600_2749301626223637730::EXPANSION::11::TERMINAL
EXPANSION	RG3_USTEC_PERIOD_M5_1777852800_1778457600_2749301626223637730	USTEC	12	4	0	NOT_APPLICABLE	NOT_APPLICABLE	NOT_APPLICABLE	C1	C1	C2	REGION_1|OPEN_CORRIDOR	bridge::RG3_USTEC_PERIOD_M5_1777852800_1778457600_2749301626223637730::EXPANSION::12::TERMINAL
EXPANSION	RG3_USTEC_PERIOD_M5_1777852800_1778457600_2749301626223637730	USTEC	13	4	0	NOT_APPLICABLE	NOT_APPLICABLE	NOT_APPLICABLE	C1	C1	C2	REGION_1|NODE_CONTACT	bridge::RG3_USTEC_PERIOD_M5_1777852800_1778457600_2749301626223637730::EXPANSION::13::TERMINAL
EXPANSION	RG3_USTEC_PERIOD_M5_1777852800_1778457600_2749301626223637730	USTEC	14	4	0	NOT_APPLICABLE	NOT_APPLICABLE	NOT_APPLICABLE	C3	C1	C3	REGION_2|OPEN_CORRIDOR	bridge::RG3_USTEC_PERIOD_M5_1777852800_1778457600_2749301626223637730::EXPANSION::14::TERMINAL
COMPRESSION	RG3_USTEC_PERIOD_M5_1781481600_1782086400_1420130309434895637	USTEC	1	1	0	C1	C1	C1	NOT_APPLICABLE	NOT_APPLICABLE	NOT_APPLICABLE	REGION_1|NODE_CONTACT	bridge::RG3_USTEC_PERIOD_M5_1781481600_1782086400_1420130309434895637::COMPRESSION::1::TERMINAL
COMPRESSION	RG3_USTEC_PERIOD_M5_1781481600_1782086400_1420130309434895637	USTEC	2	1	0	C1	C1	C1	NOT_APPLICABLE	NOT_APPLICABLE	NOT_APPLICABLE	REGION_1|NODE_CONTACT	bridge::RG3_USTEC_PERIOD_M5_1781481600_1782086400_1420130309434895637::COMPRESSION::2::TERMINAL
COMPRESSION	RG3_USTEC_PERIOD_M5_1781481600_1782086400_1420130309434895637	USTEC	3	1	0	C2	C1	C1	NOT_APPLICABLE	NOT_APPLICABLE	NOT_APPLICABLE	REGION_1|NODE_CONTACT	bridge::RG3_USTEC_PERIOD_M5_1781481600_1782086400_1420130309434895637::COMPRESSION::3::TERMINAL
COMPRESSION	RG3_USTEC_PERIOD_M5_1781481600_1782086400_1420130309434895637	USTEC	4	2	0	C1	C2	C1	NOT_APPLICABLE	NOT_APPLICABLE	NOT_APPLICABLE	REGION_2|NODE_CONTACT	bridge::RG3_USTEC_PERIOD_M5_1781481600_1782086400_1420130309434895637::COMPRESSION::4::TERMINAL
COMPRESSION	RG3_USTEC_PERIOD_M5_1781481600_1782086400_1420130309434895637	USTEC	5	1	0	C2	C2	C1	NOT_APPLICABLE	NOT_APPLICABLE	NOT_APPLICABLE	REGION_2|NODE_CONTACT	bridge::RG3_USTEC_PERIOD_M5_1781481600_1782086400_1420130309434895637::COMPRESSION::5::TERMINAL
COMPRESSION	RG3_USTEC_PERIOD_M5_1781481600_1782086400_1420130309434895637	USTEC	6	1	0	C1	C1	C1	NOT_APPLICABLE	NOT_APPLICABLE	NOT_APPLICABLE	REGION_2|NODE_CONTACT	bridge::RG3_USTEC_PERIOD_M5_1781481600_1782086400_1420130309434895637::COMPRESSION::6::TERMINAL
COMPRESSION	RG3_USTEC_PERIOD_M5_1781481600_1782086400_1420130309434895637	USTEC	7	1	0	C1	C1	C1	NOT_APPLICABLE	NOT_APPLICABLE	NOT_APPLICABLE	REGION_1|NODE_CONTACT	bridge::RG3_USTEC_PERIOD_M5_1781481600_1782086400_1420130309434895637::COMPRESSION::7::TERMINAL
COMPRESSION	RG3_USTEC_PERIOD_M5_1781481600_1782086400_1420130309434895637	USTEC	8	1	0	C1	C1	C1	NOT_APPLICABLE	NOT_APPLICABLE	NOT_APPLICABLE	REGION_1|NODE_CONTACT	bridge::RG3_USTEC_PERIOD_M5_1781481600_1782086400_1420130309434895637::COMPRESSION::8::TERMINAL
COMPRESSION	RG3_USTEC_PERIOD_M5_1781481600_1782086400_1420130309434895637	USTEC	9	2	0	C1	C2	C1	NOT_APPLICABLE	NOT_APPLICABLE	NOT_APPLICABLE	REGION_1|NODE_CONTACT	bridge::RG3_USTEC_PERIOD_M5_1781481600_1782086400_1420130309434895637::COMPRESSION::9::TERMINAL
COMPRESSION	RG3_USTEC_PERIOD_M5_1781481600_1782086400_1420130309434895637	USTEC	10	2	0	C2	C2	C2	NOT_APPLICABLE	NOT_APPLICABLE	NOT_APPLICABLE	REGION_1|NODE_CONTACT	bridge::RG3_USTEC_PERIOD_M5_1781481600_1782086400_1420130309434895637::COMPRESSION::10::TERMINAL
COMPRESSION	RG3_USTEC_PERIOD_M5_1781481600_1782086400_1420130309434895637	USTEC	11	2	0	C1	C2	C1	NOT_APPLICABLE	NOT_APPLICABLE	NOT_APPLICABLE	REGION_0|NODE_CONTACT	bridge::RG3_USTEC_PERIOD_M5_1781481600_1782086400_1420130309434895637::COMPRESSION::11::TERMINAL
COMPRESSION	RG3_USTEC_PERIOD_M5_1781481600_1782086400_1420130309434895637	USTEC	12	1	0	C1	C1	C1	NOT_APPLICABLE	NOT_APPLICABLE	NOT_APPLICABLE	REGION_0|NODE_CONTACT	bridge::RG3_USTEC_PERIOD_M5_1781481600_1782086400_1420130309434895637::COMPRESSION::12::TERMINAL
COMPRESSION	RG3_USTEC_PERIOD_M5_1781481600_1782086400_1420130309434895637	USTEC	13	2	0	C1	C2	C1	NOT_APPLICABLE	NOT_APPLICABLE	NOT_APPLICABLE	REGION_0|NODE_CONTACT	bridge::RG3_USTEC_PERIOD_M5_1781481600_1782086400_1420130309434895637::COMPRESSION::13::TERMINAL
COMPRESSION	RG3_USTEC_PERIOD_M5_1781481600_1782086400_1420130309434895637	USTEC	14	2	0	C2	C2	C1	NOT_APPLICABLE	NOT_APPLICABLE	NOT_APPLICABLE	REGION_1|NODE_CONTACT	bridge::RG3_USTEC_PERIOD_M5_1781481600_1782086400_1420130309434895637::COMPRESSION::14::TERMINAL
COMPRESSION	RG3_USTEC_PERIOD_M5_1781481600_1782086400_1420130309434895637	USTEC	15	2	0	C1	C2	C1	NOT_APPLICABLE	NOT_APPLICABLE	NOT_APPLICABLE	REGION_1|NODE_CONTACT	bridge::RG3_USTEC_PERIOD_M5_1781481600_1782086400_1420130309434895637::COMPRESSION::15::TERMINAL
COMPRESSION	RG3_USTEC_PERIOD_M5_1781481600_1782086400_1420130309434895637	USTEC	16	2	0	C1	C2	C1	NOT_APPLICABLE	NOT_APPLICABLE	NOT_APPLICABLE	REGION_1|NODE_CONTACT	bridge::RG3_USTEC_PERIOD_M5_1781481600_1782086400_1420130309434895637::COMPRESSION::16::TERMINAL
COMPRESSION	RG3_USTEC_PERIOD_M5_1781481600_1782086400_1420130309434895637	USTEC	17	1	0	C1	C1	C2	NOT_APPLICABLE	NOT_APPLICABLE	NOT_APPLICABLE	REGION_1|NODE_CONTACT	bridge::RG3_USTEC_PERIOD_M5_1781481600_1782086400_1420130309434895637::COMPRESSION::17::TERMINAL
COMPRESSION	RG3_USTEC_PERIOD_M5_1781481600_1782086400_1420130309434895637	USTEC	18	6	1	NOT_APPLICABLE	NOT_APPLICABLE	NOT_APPLICABLE	NOT_APPLICABLE	NOT_APPLICABLE	NOT_APPLICABLE	NULL_STRUCTURAL_CONTEXT	bridge::RG3_USTEC_PERIOD_M5_1781481600_1782086400_1420130309434895637::COMPRESSION::18::TERMINAL
EXPANSION	RG3_USTEC_PERIOD_M5_1781481600_1782086400_1420130309434895637	USTEC	1	4	0	NOT_APPLICABLE	NOT_APPLICABLE	NOT_APPLICABLE	C1	C1	C2	REGION_1|NODE_CONTACT	bridge::RG3_USTEC_PERIOD_M5_1781481600_1782086400_1420130309434895637::EXPANSION::1::TERMINAL
EXPANSION	RG3_USTEC_PERIOD_M5_1781481600_1782086400_1420130309434895637	USTEC	2	4	0	NOT_APPLICABLE	NOT_APPLICABLE	NOT_APPLICABLE	C1	C1	C2	REGION_1|NODE_CONTACT	bridge::RG3_USTEC_PERIOD_M5_1781481600_1782086400_1420130309434895637::EXPANSION::2::TERMINAL
EXPANSION	RG3_USTEC_PERIOD_M5_1781481600_1782086400_1420130309434895637	USTEC	3	4	0	NOT_APPLICABLE	NOT_APPLICABLE	NOT_APPLICABLE	C1	C1	C2	REGION_1|NODE_CONTACT	bridge::RG3_USTEC_PERIOD_M5_1781481600_1782086400_1420130309434895637::EXPANSION::3::TERMINAL
EXPANSION	RG3_USTEC_PERIOD_M5_1781481600_1782086400_1420130309434895637	USTEC	4	4	0	NOT_APPLICABLE	NOT_APPLICABLE	NOT_APPLICABLE	C1	C1	C2	REGION_2|NODE_CONTACT	bridge::RG3_USTEC_PERIOD_M5_1781481600_1782086400_1420130309434895637::EXPANSION::4::TERMINAL
EXPANSION	RG3_USTEC_PERIOD_M5_1781481600_1782086400_1420130309434895637	USTEC	5	4	0	NOT_APPLICABLE	NOT_APPLICABLE	NOT_APPLICABLE	C1	C1	C2	REGION_2|NODE_CONTACT	bridge::RG3_USTEC_PERIOD_M5_1781481600_1782086400_1420130309434895637::EXPANSION::5::TERMINAL
EXPANSION	RG3_USTEC_PERIOD_M5_1781481600_1782086400_1420130309434895637	USTEC	6	4	0	NOT_APPLICABLE	NOT_APPLICABLE	NOT_APPLICABLE	NULL_FAMILY	C2	C1	REGION_1|NODE_CONTACT	bridge::RG3_USTEC_PERIOD_M5_1781481600_1782086400_1420130309434895637::EXPANSION::6::TERMINAL
EXPANSION	RG3_USTEC_PERIOD_M5_1781481600_1782086400_1420130309434895637	USTEC	7	4	0	NOT_APPLICABLE	NOT_APPLICABLE	NOT_APPLICABLE	C1	C1	C2	REGION_1|NODE_CONTACT	bridge::RG3_USTEC_PERIOD_M5_1781481600_1782086400_1420130309434895637::EXPANSION::7::TERMINAL
EXPANSION	RG3_USTEC_PERIOD_M5_1781481600_1782086400_1420130309434895637	USTEC	8	4	0	NOT_APPLICABLE	NOT_APPLICABLE	NOT_APPLICABLE	C1	C1	C2	REGION_1|NODE_CONTACT	bridge::RG3_USTEC_PERIOD_M5_1781481600_1782086400_1420130309434895637::EXPANSION::8::TERMINAL
EXPANSION	RG3_USTEC_PERIOD_M5_1781481600_1782086400_1420130309434895637	USTEC	9	4	0	NOT_APPLICABLE	NOT_APPLICABLE	NOT_APPLICABLE	C1	C1	C2	REGION_1|NODE_CONTACT	bridge::RG3_USTEC_PERIOD_M5_1781481600_1782086400_1420130309434895637::EXPANSION::9::TERMINAL
EXPANSION	RG3_USTEC_PERIOD_M5_1781481600_1782086400_1420130309434895637	USTEC	10	4	0	NOT_APPLICABLE	NOT_APPLICABLE	NOT_APPLICABLE	C3	C1	C2	REGION_0|NODE_CONTACT	bridge::RG3_USTEC_PERIOD_M5_1781481600_1782086400_1420130309434895637::EXPANSION::10::TERMINAL
EXPANSION	RG3_USTEC_PERIOD_M5_1781481600_1782086400_1420130309434895637	USTEC	11	4	0	NOT_APPLICABLE	NOT_APPLICABLE	NOT_APPLICABLE	C1	C1	C2	REGION_0|NODE_CONTACT	bridge::RG3_USTEC_PERIOD_M5_1781481600_1782086400_1420130309434895637::EXPANSION::11::TERMINAL
EXPANSION	RG3_USTEC_PERIOD_M5_1781481600_1782086400_1420130309434895637	USTEC	12	4	0	NOT_APPLICABLE	NOT_APPLICABLE	NOT_APPLICABLE	C1	C1	C2	REGION_0|NODE_CONTACT	bridge::RG3_USTEC_PERIOD_M5_1781481600_1782086400_1420130309434895637::EXPANSION::12::TERMINAL
EXPANSION	RG3_USTEC_PERIOD_M5_1781481600_1782086400_1420130309434895637	USTEC	13	4	0	NOT_APPLICABLE	NOT_APPLICABLE	NOT_APPLICABLE	C3	C2	C3	REGION_1|NODE_CONTACT	bridge::RG3_USTEC_PERIOD_M5_1781481600_1782086400_1420130309434895637::EXPANSION::13::TERMINAL
EXPANSION	RG3_USTEC_PERIOD_M5_1781481600_1782086400_1420130309434895637	USTEC	14	4	0	NOT_APPLICABLE	NOT_APPLICABLE	NOT_APPLICABLE	C1	C1	C2	REGION_1|NODE_CONTACT	bridge::RG3_USTEC_PERIOD_M5_1781481600_1782086400_1420130309434895637::EXPANSION::14::TERMINAL
EXPANSION	RG3_USTEC_PERIOD_M5_1781481600_1782086400_1420130309434895637	USTEC	15	4	0	NOT_APPLICABLE	NOT_APPLICABLE	NOT_APPLICABLE	C1	C1	C2	REGION_1|NODE_CONTACT	bridge::RG3_USTEC_PERIOD_M5_1781481600_1782086400_1420130309434895637::EXPANSION::15::TERMINAL
EXPANSION	RG3_USTEC_PERIOD_M5_1781481600_1782086400_1420130309434895637	USTEC	16	4	0	NOT_APPLICABLE	NOT_APPLICABLE	NOT_APPLICABLE	C1	C1	C2	REGION_1|NODE_CONTACT	bridge::RG3_USTEC_PERIOD_M5_1781481600_1782086400_1420130309434895637::EXPANSION::16::TERMINAL
EXPANSION	RG3_USTEC_PERIOD_M5_1781481600_1782086400_1420130309434895637	USTEC	17	4	0	NOT_APPLICABLE	NOT_APPLICABLE	NOT_APPLICABLE	C1	C1	C2	REGION_1|NODE_CONTACT	bridge::RG3_USTEC_PERIOD_M5_1781481600_1782086400_1420130309434895637::EXPANSION::17::TERMINAL
COMPRESSION	RG3_USTEC_PERIOD_M5_1783900800_1784505600_8244317532604104187	USTEC	1	1	0	C1	C1	C2	NOT_APPLICABLE	NOT_APPLICABLE	NOT_APPLICABLE	REGION_-1|NODE_CONTACT	bridge::RG3_USTEC_PERIOD_M5_1783900800_1784505600_8244317532604104187::COMPRESSION::1::TERMINAL
COMPRESSION	RG3_USTEC_PERIOD_M5_1783900800_1784505600_8244317532604104187	USTEC	2	2	0	C1	C1	C1	NOT_APPLICABLE	NOT_APPLICABLE	NOT_APPLICABLE	REGION_-1|NODE_CONTACT	bridge::RG3_USTEC_PERIOD_M5_1783900800_1784505600_8244317532604104187::COMPRESSION::2::TERMINAL
COMPRESSION	RG3_USTEC_PERIOD_M5_1783900800_1784505600_8244317532604104187	USTEC	3	2	0	C1	C2	C1	NOT_APPLICABLE	NOT_APPLICABLE	NOT_APPLICABLE	REGION_-1|NODE_CONTACT	bridge::RG3_USTEC_PERIOD_M5_1783900800_1784505600_8244317532604104187::COMPRESSION::3::TERMINAL
COMPRESSION	RG3_USTEC_PERIOD_M5_1783900800_1784505600_8244317532604104187	USTEC	4	2	0	C1	C2	C1	NOT_APPLICABLE	NOT_APPLICABLE	NOT_APPLICABLE	REGION_-1|NODE_CONTACT	bridge::RG3_USTEC_PERIOD_M5_1783900800_1784505600_8244317532604104187::COMPRESSION::4::TERMINAL
COMPRESSION	RG3_USTEC_PERIOD_M5_1783900800_1784505600_8244317532604104187	USTEC	5	1	0	C2	C1	C1	NOT_APPLICABLE	NOT_APPLICABLE	NOT_APPLICABLE	REGION_0|NODE_CONTACT	bridge::RG3_USTEC_PERIOD_M5_1783900800_1784505600_8244317532604104187::COMPRESSION::5::TERMINAL
COMPRESSION	RG3_USTEC_PERIOD_M5_1783900800_1784505600_8244317532604104187	USTEC	6	2	0	C1	C2	C1	NOT_APPLICABLE	NOT_APPLICABLE	NOT_APPLICABLE	REGION_-1|NODE_CONTACT	bridge::RG3_USTEC_PERIOD_M5_1783900800_1784505600_8244317532604104187::COMPRESSION::6::TERMINAL
COMPRESSION	RG3_USTEC_PERIOD_M5_1783900800_1784505600_8244317532604104187	USTEC	7	1	0	C1	C1	C2	NOT_APPLICABLE	NOT_APPLICABLE	NOT_APPLICABLE	REGION_-1|NODE_CONTACT	bridge::RG3_USTEC_PERIOD_M5_1783900800_1784505600_8244317532604104187::COMPRESSION::7::TERMINAL
COMPRESSION	RG3_USTEC_PERIOD_M5_1783900800_1784505600_8244317532604104187	USTEC	8	1	0	C1	C1	C1	NOT_APPLICABLE	NOT_APPLICABLE	NOT_APPLICABLE	REGIONAL_STATE_UNAVAILABLE|NODE_CONTACT	bridge::RG3_USTEC_PERIOD_M5_1783900800_1784505600_8244317532604104187::COMPRESSION::8::TERMINAL
COMPRESSION	RG3_USTEC_PERIOD_M5_1783900800_1784505600_8244317532604104187	USTEC	9	2	0	C1	C2	C1	NOT_APPLICABLE	NOT_APPLICABLE	NOT_APPLICABLE	REGIONAL_STATE_UNAVAILABLE|NODE_CONTACT	bridge::RG3_USTEC_PERIOD_M5_1783900800_1784505600_8244317532604104187::COMPRESSION::9::TERMINAL
COMPRESSION	RG3_USTEC_PERIOD_M5_1783900800_1784505600_8244317532604104187	USTEC	10	2	0	C1	C2	C1	NOT_APPLICABLE	NOT_APPLICABLE	NOT_APPLICABLE	REGION_-1|NODE_CONTACT	bridge::RG3_USTEC_PERIOD_M5_1783900800_1784505600_8244317532604104187::COMPRESSION::10::TERMINAL
COMPRESSION	RG3_USTEC_PERIOD_M5_1783900800_1784505600_8244317532604104187	USTEC	11	2	0	C1	C2	C1	NOT_APPLICABLE	NOT_APPLICABLE	NOT_APPLICABLE	REGION_-1|NODE_CONTACT	bridge::RG3_USTEC_PERIOD_M5_1783900800_1784505600_8244317532604104187::COMPRESSION::11::TERMINAL
EXPANSION	RG3_USTEC_PERIOD_M5_1783900800_1784505600_8244317532604104187	USTEC	1	4	0	NOT_APPLICABLE	NOT_APPLICABLE	NOT_APPLICABLE	C3	C2	C1	REGION_-1|NODE_CONTACT	bridge::RG3_USTEC_PERIOD_M5_1783900800_1784505600_8244317532604104187::EXPANSION::1::TERMINAL
EXPANSION	RG3_USTEC_PERIOD_M5_1783900800_1784505600_8244317532604104187	USTEC	2	4	0	NOT_APPLICABLE	NOT_APPLICABLE	NOT_APPLICABLE	C3	C1	C1	REGION_-1|NODE_CONTACT	bridge::RG3_USTEC_PERIOD_M5_1783900800_1784505600_8244317532604104187::EXPANSION::2::TERMINAL
EXPANSION	RG3_USTEC_PERIOD_M5_1783900800_1784505600_8244317532604104187	USTEC	3	4	0	NOT_APPLICABLE	NOT_APPLICABLE	NOT_APPLICABLE	C1	C1	C2	REGION_-1|NODE_CONTACT	bridge::RG3_USTEC_PERIOD_M5_1783900800_1784505600_8244317532604104187::EXPANSION::3::TERMINAL
EXPANSION	RG3_USTEC_PERIOD_M5_1783900800_1784505600_8244317532604104187	USTEC	4	4	0	NOT_APPLICABLE	NOT_APPLICABLE	NOT_APPLICABLE	C3	C2	C2	REGION_-1|NODE_CONTACT	bridge::RG3_USTEC_PERIOD_M5_1783900800_1784505600_8244317532604104187::EXPANSION::4::TERMINAL
EXPANSION	RG3_USTEC_PERIOD_M5_1783900800_1784505600_8244317532604104187	USTEC	5	4	0	NOT_APPLICABLE	NOT_APPLICABLE	NOT_APPLICABLE	C3	C1	C3	REGION_-1|NODE_CONTACT	bridge::RG3_USTEC_PERIOD_M5_1783900800_1784505600_8244317532604104187::EXPANSION::5::TERMINAL
EXPANSION	RG3_USTEC_PERIOD_M5_1783900800_1784505600_8244317532604104187	USTEC	6	4	0	NOT_APPLICABLE	NOT_APPLICABLE	NOT_APPLICABLE	C1	C1	C2	REGION_-1|NODE_CONTACT	bridge::RG3_USTEC_PERIOD_M5_1783900800_1784505600_8244317532604104187::EXPANSION::6::TERMINAL
EXPANSION	RG3_USTEC_PERIOD_M5_1783900800_1784505600_8244317532604104187	USTEC	7	4	0	NOT_APPLICABLE	NOT_APPLICABLE	NOT_APPLICABLE	C1	C1	C2	REGION_-1|NODE_CONTACT	bridge::RG3_USTEC_PERIOD_M5_1783900800_1784505600_8244317532604104187::EXPANSION::7::TERMINAL
EXPANSION	RG3_USTEC_PERIOD_M5_1783900800_1784505600_8244317532604104187	USTEC	8	4	0	NOT_APPLICABLE	NOT_APPLICABLE	NOT_APPLICABLE	C1	C1	C2	REGIONAL_STATE_UNAVAILABLE|NODE_CONTACT	bridge::RG3_USTEC_PERIOD_M5_1783900800_1784505600_8244317532604104187::EXPANSION::8::TERMINAL
EXPANSION	RG3_USTEC_PERIOD_M5_1783900800_1784505600_8244317532604104187	USTEC	9	4	0	NOT_APPLICABLE	NOT_APPLICABLE	NOT_APPLICABLE	C3	C1	C1	REGION_-1|NODE_CONTACT	bridge::RG3_USTEC_PERIOD_M5_1783900800_1784505600_8244317532604104187::EXPANSION::9::TERMINAL
EXPANSION	RG3_USTEC_PERIOD_M5_1783900800_1784505600_8244317532604104187	USTEC	10	4	0	NOT_APPLICABLE	NOT_APPLICABLE	NOT_APPLICABLE	C1	C1	C2	REGION_-1|NODE_CONTACT	bridge::RG3_USTEC_PERIOD_M5_1783900800_1784505600_8244317532604104187::EXPANSION::10::TERMINAL
EXPANSION	RG3_USTEC_PERIOD_M5_1783900800_1784505600_8244317532604104187	USTEC	11	6	1	NOT_APPLICABLE	NOT_APPLICABLE	NOT_APPLICABLE	NOT_APPLICABLE	NOT_APPLICABLE	NOT_APPLICABLE	NULL_STRUCTURAL_CONTEXT	bridge::RG3_USTEC_PERIOD_M5_1783900800_1784505600_8244317532604104187::EXPANSION::11::TERMINAL
COMPRESSION	RG3_USTEC_PERIOD_M5_1785715200_1786060800_7485449445728991300	USTEC	1	1	0	C1	C1	C1	NOT_APPLICABLE	NOT_APPLICABLE	NOT_APPLICABLE	REGION_0|NODE_CONTACT	bridge::RG3_USTEC_PERIOD_M5_1785715200_1786060800_7485449445728991300::COMPRESSION::1::TERMINAL
COMPRESSION	RG3_USTEC_PERIOD_M5_1785715200_1786060800_7485449445728991300	USTEC	2	2	0	C1	C2	C1	NOT_APPLICABLE	NOT_APPLICABLE	NOT_APPLICABLE	REGION_0|NODE_CONTACT	bridge::RG3_USTEC_PERIOD_M5_1785715200_1786060800_7485449445728991300::COMPRESSION::2::TERMINAL
COMPRESSION	RG3_USTEC_PERIOD_M5_1785715200_1786060800_7485449445728991300	USTEC	3	1	0	C2	C1	C1	NOT_APPLICABLE	NOT_APPLICABLE	NOT_APPLICABLE	REGION_2|NODE_CONTACT	bridge::RG3_USTEC_PERIOD_M5_1785715200_1786060800_7485449445728991300::COMPRESSION::3::TERMINAL
COMPRESSION	RG3_USTEC_PERIOD_M5_1785715200_1786060800_7485449445728991300	USTEC	4	1	0	C1	C1	C1	NOT_APPLICABLE	NOT_APPLICABLE	NOT_APPLICABLE	REGION_2|NODE_CONTACT	bridge::RG3_USTEC_PERIOD_M5_1785715200_1786060800_7485449445728991300::COMPRESSION::4::TERMINAL
COMPRESSION	RG3_USTEC_PERIOD_M5_1785715200_1786060800_7485449445728991300	USTEC	5	1	0	C2	C1	C1	NOT_APPLICABLE	NOT_APPLICABLE	NOT_APPLICABLE	REGION_1|NODE_CONTACT	bridge::RG3_USTEC_PERIOD_M5_1785715200_1786060800_7485449445728991300::COMPRESSION::5::TERMINAL
COMPRESSION	RG3_USTEC_PERIOD_M5_1785715200_1786060800_7485449445728991300	USTEC	6	1	0	C2	C1	C2	NOT_APPLICABLE	NOT_APPLICABLE	NOT_APPLICABLE	REGION_1|NODE_CONTACT	bridge::RG3_USTEC_PERIOD_M5_1785715200_1786060800_7485449445728991300::COMPRESSION::6::TERMINAL
COMPRESSION	RG3_USTEC_PERIOD_M5_1785715200_1786060800_7485449445728991300	USTEC	7	1	0	C2	C1	C1	NOT_APPLICABLE	NOT_APPLICABLE	NOT_APPLICABLE	REGION_2|NODE_CONTACT	bridge::RG3_USTEC_PERIOD_M5_1785715200_1786060800_7485449445728991300::COMPRESSION::7::TERMINAL
COMPRESSION	RG3_USTEC_PERIOD_M5_1785715200_1786060800_7485449445728991300	USTEC	8	1	0	C1	C1	C1	NOT_APPLICABLE	NOT_APPLICABLE	NOT_APPLICABLE	REGION_2|NODE_CONTACT	bridge::RG3_USTEC_PERIOD_M5_1785715200_1786060800_7485449445728991300::COMPRESSION::8::TERMINAL
COMPRESSION	RG3_USTEC_PERIOD_M5_1785715200_1786060800_7485449445728991300	USTEC	9	2	0	C1	C2	C1	NOT_APPLICABLE	NOT_APPLICABLE	NOT_APPLICABLE	REGION_2|NODE_CONTACT	bridge::RG3_USTEC_PERIOD_M5_1785715200_1786060800_7485449445728991300::COMPRESSION::9::TERMINAL
COMPRESSION	RG3_USTEC_PERIOD_M5_1785715200_1786060800_7485449445728991300	USTEC	10	1	0	C1	C1	C1	NOT_APPLICABLE	NOT_APPLICABLE	NOT_APPLICABLE	REGION_2|NODE_CONTACT	bridge::RG3_USTEC_PERIOD_M5_1785715200_1786060800_7485449445728991300::COMPRESSION::10::TERMINAL
COMPRESSION	RG3_USTEC_PERIOD_M5_1785715200_1786060800_7485449445728991300	USTEC	11	1	0	C1	C1	C2	NOT_APPLICABLE	NOT_APPLICABLE	NOT_APPLICABLE	REGION_2|NODE_CONTACT	bridge::RG3_USTEC_PERIOD_M5_1785715200_1786060800_7485449445728991300::COMPRESSION::11::TERMINAL
COMPRESSION	RG3_USTEC_PERIOD_M5_1785715200_1786060800_7485449445728991300	USTEC	12	2	0	C1	C2	C1	NOT_APPLICABLE	NOT_APPLICABLE	NOT_APPLICABLE	REGION_1|NODE_CONTACT	bridge::RG3_USTEC_PERIOD_M5_1785715200_1786060800_7485449445728991300::COMPRESSION::12::TERMINAL
COMPRESSION	RG3_USTEC_PERIOD_M5_1785715200_1786060800_7485449445728991300	USTEC	13	2	0	C1	C2	C1	NOT_APPLICABLE	NOT_APPLICABLE	NOT_APPLICABLE	REGION_1|NODE_CONTACT	bridge::RG3_USTEC_PERIOD_M5_1785715200_1786060800_7485449445728991300::COMPRESSION::13::TERMINAL
COMPRESSION	RG3_USTEC_PERIOD_M5_1785715200_1786060800_7485449445728991300	USTEC	14	2	0	C1	C2	C2	NOT_APPLICABLE	NOT_APPLICABLE	NOT_APPLICABLE	REGION_1|NODE_CONTACT	bridge::RG3_USTEC_PERIOD_M5_1785715200_1786060800_7485449445728991300::COMPRESSION::14::TERMINAL
EXPANSION	RG3_USTEC_PERIOD_M5_1785715200_1786060800_7485449445728991300	USTEC	1	4	0	NOT_APPLICABLE	NOT_APPLICABLE	NOT_APPLICABLE	C1	C1	C2	REGION_0|NODE_CONTACT	bridge::RG3_USTEC_PERIOD_M5_1785715200_1786060800_7485449445728991300::EXPANSION::1::TERMINAL
EXPANSION	RG3_USTEC_PERIOD_M5_1785715200_1786060800_7485449445728991300	USTEC	2	4	0	NOT_APPLICABLE	NOT_APPLICABLE	NOT_APPLICABLE	C3	C1	C2	REGION_1|NODE_CONTACT	bridge::RG3_USTEC_PERIOD_M5_1785715200_1786060800_7485449445728991300::EXPANSION::2::TERMINAL
EXPANSION	RG3_USTEC_PERIOD_M5_1785715200_1786060800_7485449445728991300	USTEC	3	4	0	NOT_APPLICABLE	NOT_APPLICABLE	NOT_APPLICABLE	C1	C1	C2	REGION_2|NODE_CONTACT	bridge::RG3_USTEC_PERIOD_M5_1785715200_1786060800_7485449445728991300::EXPANSION::3::TERMINAL
EXPANSION	RG3_USTEC_PERIOD_M5_1785715200_1786060800_7485449445728991300	USTEC	4	4	0	NOT_APPLICABLE	NOT_APPLICABLE	NOT_APPLICABLE	C1	C1	C2	REGION_2|NODE_CONTACT	bridge::RG3_USTEC_PERIOD_M5_1785715200_1786060800_7485449445728991300::EXPANSION::4::TERMINAL
EXPANSION	RG3_USTEC_PERIOD_M5_1785715200_1786060800_7485449445728991300	USTEC	5	4	0	NOT_APPLICABLE	NOT_APPLICABLE	NOT_APPLICABLE	C1	C1	C2	REGION_2|NODE_CONTACT	bridge::RG3_USTEC_PERIOD_M5_1785715200_1786060800_7485449445728991300::EXPANSION::5::TERMINAL
EXPANSION	RG3_USTEC_PERIOD_M5_1785715200_1786060800_7485449445728991300	USTEC	6	4	0	NOT_APPLICABLE	NOT_APPLICABLE	NOT_APPLICABLE	C3	C1	C3	REGION_1|NODE_CONTACT	bridge::RG3_USTEC_PERIOD_M5_1785715200_1786060800_7485449445728991300::EXPANSION::6::TERMINAL
EXPANSION	RG3_USTEC_PERIOD_M5_1785715200_1786060800_7485449445728991300	USTEC	7	4	0	NOT_APPLICABLE	NOT_APPLICABLE	NOT_APPLICABLE	C1	C1	C2	REGION_2|NODE_CONTACT	bridge::RG3_USTEC_PERIOD_M5_1785715200_1786060800_7485449445728991300::EXPANSION::7::TERMINAL
EXPANSION	RG3_USTEC_PERIOD_M5_1785715200_1786060800_7485449445728991300	USTEC	8	4	0	NOT_APPLICABLE	NOT_APPLICABLE	NOT_APPLICABLE	C1	C1	C2	REGION_2|NODE_CONTACT	bridge::RG3_USTEC_PERIOD_M5_1785715200_1786060800_7485449445728991300::EXPANSION::8::TERMINAL
EXPANSION	RG3_USTEC_PERIOD_M5_1785715200_1786060800_7485449445728991300	USTEC	9	4	0	NOT_APPLICABLE	NOT_APPLICABLE	NOT_APPLICABLE	C1	C1	C2	REGION_2|NODE_CONTACT	bridge::RG3_USTEC_PERIOD_M5_1785715200_1786060800_7485449445728991300::EXPANSION::9::TERMINAL
EXPANSION	RG3_USTEC_PERIOD_M5_1785715200_1786060800_7485449445728991300	USTEC	10	4	0	NOT_APPLICABLE	NOT_APPLICABLE	NOT_APPLICABLE	C1	C1	C2	REGION_2|NODE_CONTACT	bridge::RG3_USTEC_PERIOD_M5_1785715200_1786060800_7485449445728991300::EXPANSION::10::TERMINAL
EXPANSION	RG3_USTEC_PERIOD_M5_1785715200_1786060800_7485449445728991300	USTEC	11	4	0	NOT_APPLICABLE	NOT_APPLICABLE	NOT_APPLICABLE	C1	C2	C1	REGION_2|NODE_CONTACT	bridge::RG3_USTEC_PERIOD_M5_1785715200_1786060800_7485449445728991300::EXPANSION::11::TERMINAL
EXPANSION	RG3_USTEC_PERIOD_M5_1785715200_1786060800_7485449445728991300	USTEC	12	4	0	NOT_APPLICABLE	NOT_APPLICABLE	NOT_APPLICABLE	C3	C1	C2	REGION_1|NODE_CONTACT	bridge::RG3_USTEC_PERIOD_M5_1785715200_1786060800_7485449445728991300::EXPANSION::12::TERMINAL
EXPANSION	RG3_USTEC_PERIOD_M5_1785715200_1786060800_7485449445728991300	USTEC	13	4	0	NOT_APPLICABLE	NOT_APPLICABLE	NOT_APPLICABLE	C1	C1	C2	REGION_1|NODE_CONTACT	bridge::RG3_USTEC_PERIOD_M5_1785715200_1786060800_7485449445728991300::EXPANSION::13::TERMINAL
EXPANSION	RG3_USTEC_PERIOD_M5_1785715200_1786060800_7485449445728991300	USTEC	14	6	1	NOT_APPLICABLE	NOT_APPLICABLE	NOT_APPLICABLE	NOT_APPLICABLE	NOT_APPLICABLE	NOT_APPLICABLE	REGION_1|NODE_CONTACT	bridge::RG3_USTEC_PERIOD_M5_1785715200_1786060800_7485449445728991300::EXPANSION::14::TERMINAL
