capture_mode	event_kind	symbol	timeframe	tick_time	bar_open	shift	original_b0	original_b1	original_b2	original_b3	translated_b0	translated_b1	translated_b2	translated_b3	v2_legacy_b0	v2_legacy_b1	v2_legacy_b2	v2_legacy_b3	v2_lifecycle	v2_geometry_known	v2_interaction_eligible	v2_location	v2_grammar_event	bars_calculated_original	bars_calculated_translated	bars_calculated_v2
0	CURRENT_OPEN	US30	PERIOD_M1	1704157200	1704157200	0	NA	NA	NA	NA	NA	NA	NA	NA	NA	NA	NA	NA	0.00	0.00	0.00	NA	NA	348884	348884	348884
0	COMPLETED_BAR	US30	PERIOD_M1	1704157260	1704157200	1	NA	NA	NA	NA	NA	NA	NA	NA	NA	NA	NA	NA	0.00	0.00	0.00	NA	NA	348885	348885	348885
0	CURRENT_OPEN	US30	PERIOD_M1	1704157260	1704157260	0	NA	NA	NA	NA	NA	NA	NA	NA	NA	NA	NA	NA	0.00	0.00	0.00	NA	NA	348885	348885	348885
0	COMPLETED_BAR	US30	PERIOD_M1	1704157320	1704157260	1	NA	NA	NA	NA	NA	NA	NA	NA	NA	NA	NA	NA	0.00	0.00	0.00	NA	NA	348886	348886	348886
0	CURRENT_OPEN	US30	PERIOD_M1	1704157320	1704157320	0	NA	NA	NA	NA	NA	NA	NA	NA	NA	NA	NA	NA	0.00	0.00	0.00	NA	NA	348886	348886	348886
0	COMPLETED_BAR	US30	PERIOD_M1	1704157380	1704157320	1	NA	NA	NA	NA	NA	NA	NA	NA	NA	NA	NA	NA	0.00	0.00	0.00	NA	NA	348887	348887	348887
0	CURRENT_OPEN	US30	PERIOD_M1	1704157380	1704157380	0	NA	NA	NA	NA	NA	NA	NA	NA	NA	NA	NA	NA	0.00	0.00	0.00	NA	NA	348887	348887	348887
0	COMPLETED_BAR	US30	PERIOD_M1	1704157440	1704157380	1	NA	NA	NA	NA	NA	NA	NA	NA	NA	NA	NA	NA	0.00	0.00	0.00	NA	NA	348888	348888	348888
0	CURRENT_OPEN	US30	PERIOD_M1	1704157440	1704157440	0	NA	NA	NA	NA	NA	NA	NA	NA	NA	NA	NA	NA	0.00	0.00	0.00	NA	NA	348888	348888	348888
0	COMPLETED_BAR	US30	PERIOD_M1	1704157500	1704157440	1	NA	NA	NA	NA	NA	NA	NA	NA	NA	NA	NA	NA	0.00	0.00	0.00	NA	NA	348889	348889	348889
0	CURRENT_OPEN	US30	PERIOD_M1	1704157500	1704157500	0	NA	NA	NA	NA	NA	NA	NA	NA	NA	NA	NA	NA	0.00	0.00	0.00	NA	NA	348889	348889	348889
0	COMPLETED_BAR	US30	PERIOD_M1	1704157560	1704157500	1	NA	NA	NA	NA	NA	NA	NA	NA	NA	NA	NA	NA	0.00	0.00	0.00	NA	NA	348890	348890	348890
0	CURRENT_OPEN	US30	PERIOD_M1	1704157560	1704157560	0	NA	NA	NA	NA	NA	NA	NA	NA	NA	NA	NA	NA	0.00	0.00	0.00	NA	NA	348890	348890	348890
0	COMPLETED_BAR	US30	PERIOD_M1	1704157620	1704157560	1	NA	NA	NA	NA	NA	NA	NA	NA	NA	NA	NA	NA	0.00	0.00	0.00	NA	NA	348891	348891	348891
0	CURRENT_OPEN	US30	PERIOD_M1	1704157620	1704157620	0	NA	NA	NA	NA	NA	NA	NA	NA	NA	NA	NA	NA	0.00	0.00	0.00	NA	NA	348891	348891	348891
0	COMPLETED_BAR	US30	PERIOD_M1	1704157680	1704157620	1	NA	NA	NA	NA	NA	NA	NA	NA	NA	NA	NA	NA	0.00	0.00	0.00	NA	NA	348892	348892	348892
0	CURRENT_OPEN	US30	PERIOD_M1	1704157680	1704157680	0	NA	NA	NA	NA	NA	NA	NA	NA	NA	NA	NA	NA	0.00	0.00	0.00	NA	NA	348892	348892	348892
0	COMPLETED_BAR	US30	PERIOD_M1	1704157740	1704157680	1	NA	NA	NA	NA	NA	NA	NA	NA	NA	NA	NA	NA	0.00	0.00	0.00	NA	NA	348893	348893	348893
0	CURRENT_OPEN	US30	PERIOD_M1	1704157740	1704157740	0	NA	NA	NA	NA	NA	NA	NA	NA	NA	NA	NA	NA	0.00	0.00	0.00	NA	NA	348893	348893	348893
0	COMPLETED_BAR	US30	PERIOD_M1	1704157800	1704157740	1	NA	NA	NA	NA	NA	NA	NA	NA	NA	NA	NA	NA	0.00	0.00	0.00	NA	NA	348894	348894	348894
0	CURRENT_OPEN	US30	PERIOD_M1	1704157800	1704157800	0	NA	NA	NA	NA	NA	NA	NA	NA	NA	NA	NA	NA	0.00	0.00	0.00	NA	NA	348894	348894	348894
0	COMPLETED_BAR	US30	PERIOD_M1	1704157860	1704157800	1	NA	NA	NA	NA	NA	NA	NA	NA	NA	NA	NA	NA	0.00	0.00	0.00	NA	NA	348895	348895	348895
0	CURRENT_OPEN	US30	PERIOD_M1	1704157860	1704157860	0	NA	NA	NA	NA	NA	NA	NA	NA	NA	NA	NA	NA	0.00	0.00	0.00	NA	NA	348895	348895	348895
0	COMPLETED_BAR	US30	PERIOD_M1	1704157920	1704157860	1	NA	NA	NA	NA	NA	NA	NA	NA	NA	NA	NA	NA	0.00	0.00	0.00	NA	NA	348896	348896	348896
0	CURRENT_OPEN	US30	PERIOD_M1	1704157920	1704157920	0	NA	NA	NA	NA	NA	NA	NA	NA	NA	NA	NA	NA	0.00	0.00	0.00	NA	NA	348896	348896	348896
0	COMPLETED_BAR	US30	PERIOD_M1	1704157980	1704157920	1	NA	NA	NA	NA	NA	NA	NA	NA	NA	NA	NA	NA	0.00	0.00	0.00	NA	NA	348897	348897	348897
0	CURRENT_OPEN	US30	PERIOD_M1	1704157980	1704157980	0	NA	NA	NA	NA	NA	NA	NA	NA	NA	NA	NA	NA	0.00	0.00	0.00	NA	NA	348897	348897	348897
0	COMPLETED_BAR	US30	PERIOD_M1	1704158040	1704157980	1	NA	NA	NA	NA	NA	NA	NA	NA	NA	NA	NA	NA	0.00	0.00	0.00	NA	NA	348898	348898	348898
0	CURRENT_OPEN	US30	PERIOD_M1	1704158040	1704158040	0	NA	NA	NA	NA	NA	NA	NA	NA	NA	NA	NA	NA	0.00	0.00	0.00	NA	NA	348898	348898	348898
0	COMPLETED_BAR	US30	PERIOD_M1	1704158100	1704158040	1	NA	NA	NA	NA	NA	NA	NA	NA	NA	NA	NA	NA	0.00	0.00	0.00	NA	NA	348899	348899	348899
0	CURRENT_OPEN	US30	PERIOD_M1	1704158100	1704158100	0	NA	NA	NA	NA	NA	NA	NA	NA	NA	NA	NA	NA	0.00	0.00	0.00	NA	NA	348899	348899	348899
0	COMPLETED_BAR	US30	PERIOD_M1	1704158160	1704158100	1	NA	NA	NA	NA	NA	NA	NA	NA	NA	NA	NA	NA	0.00	0.00	0.00	NA	NA	348900	348900	348900
0	CURRENT_OPEN	US30	PERIOD_M1	1704158160	1704158160	0	NA	NA	NA	NA	NA	NA	NA	NA	NA	NA	NA	NA	0.00	0.00	0.00	NA	NA	348900	348900	348900
0	COMPLETED_BAR	US30	PERIOD_M1	1704158220	1704158160	1	NA	NA	NA	NA	NA	NA	NA	NA	NA	NA	NA	NA	0.00	0.00	0.00	NA	NA	348901	348901	348901
0	CURRENT_OPEN	US30	PERIOD_M1	1704158220	1704158220	0	NA	NA	NA	NA	NA	NA	NA	NA	NA	NA	NA	NA	0.00	0.00	0.00	NA	NA	348901	348901	348901
0	COMPLETED_BAR	US30	PERIOD_M1	1704158280	1704158220	1	NA	NA	NA	NA	NA	NA	NA	NA	NA	NA	NA	NA	0.00	0.00	0.00	NA	NA	348902	348902	348902
0	CURRENT_OPEN	US30	PERIOD_M1	1704158280	1704158280	0	NA	NA	NA	NA	NA	NA	NA	NA	NA	NA	NA	NA	0.00	0.00	0.00	NA	NA	348902	348902	348902
0	COMPLETED_BAR	US30	PERIOD_M1	1704158340	1704158280	1	NA	NA	NA	NA	NA	NA	NA	NA	NA	NA	NA	NA	0.00	0.00	0.00	NA	NA	348903	348903	348903
0	CURRENT_OPEN	US30	PERIOD_M1	1704158340	1704158340	0	NA	NA	NA	NA	NA	NA	NA	NA	NA	NA	NA	NA	0.00	0.00	0.00	NA	NA	348903	348903	348903
0	COMPLETED_BAR	US30	PERIOD_M1	1704158400	1704158340	1	NA	NA	NA	NA	NA	NA	NA	NA	NA	NA	NA	NA	0.00	0.00	0.00	NA	NA	348904	348904	348904
0	CURRENT_OPEN	US30	PERIOD_M1	1704158400	1704158400	0	NA	NA	NA	NA	NA	NA	NA	NA	NA	NA	NA	NA	0.00	0.00	0.00	NA	NA	348904	348904	348904
0	COMPLETED_BAR	US30	PERIOD_M1	1704158460	1704158400	1	NA	NA	NA	NA	NA	NA	NA	NA	NA	NA	NA	NA	0.00	0.00	0.00	NA	NA	348905	348905	348905
0	CURRENT_OPEN	US30	PERIOD_M1	1704158460	1704158460	0	NA	NA	NA	NA	NA	NA	NA	NA	NA	NA	NA	NA	0.00	0.00	0.00	NA	NA	348905	348905	348905
0	COMPLETED_BAR	US30	PERIOD_M1	1704158520	1704158460	1	NA	NA	NA	NA	NA	NA	NA	NA	NA	NA	NA	NA	0.00	0.00	0.00	NA	NA	348906	348906	348906
0	CURRENT_OPEN	US30	PERIOD_M1	1704158520	1704158520	0	NA	NA	NA	NA	NA	NA	NA	NA	NA	NA	NA	NA	0.00	0.00	0.00	NA	NA	348906	348906	348906
0	COMPLETED_BAR	US30	PERIOD_M1	1704158580	1704158520	1	NA	NA	NA	NA	NA	NA	NA	NA	NA	NA	NA	NA	0.00	0.00	0.00	NA	NA	348907	348907	348907
0	CURRENT_OPEN	US30	PERIOD_M1	1704158580	1704158580	0	NA	NA	NA	NA	NA	NA	NA	NA	NA	NA	NA	NA	0.00	0.00	0.00	NA	NA	348907	348907	348907
0	COMPLETED_BAR	US30	PERIOD_M1	1704158640	1704158580	1	NA	NA	NA	NA	NA	NA	NA	NA	NA	NA	NA	NA	0.00	0.00	0.00	NA	NA	348908	348908	348908
0	CURRENT_OPEN	US30	PERIOD_M1	1704158640	1704158640	0	NA	NA	NA	NA	NA	NA	NA	NA	NA	NA	NA	NA	0.00	0.00	0.00	NA	NA	348908	348908	348908
0	COMPLETED_BAR	US30	PERIOD_M1	1704158700	1704158640	1	NA	NA	NA	NA	NA	NA	NA	NA	NA	NA	NA	NA	0.00	0.00	0.00	NA	NA	348909	348909	348909
0	CURRENT_OPEN	US30	PERIOD_M1	1704158700	1704158700	0	NA	NA	NA	NA	NA	NA	NA	NA	NA	NA	NA	NA	0.00	0.00	0.00	NA	NA	348909	348909	348909
0	COMPLETED_BAR	US30	PERIOD_M1	1704158760	1704158700	1	NA	NA	NA	NA	NA	NA	NA	NA	NA	NA	NA	NA	0.00	0.00	0.00	NA	NA	348910	348910	348910
0	CURRENT_OPEN	US30	PERIOD_M1	1704158760	1704158760	0	NA	NA	NA	NA	NA	NA	NA	NA	NA	NA	NA	NA	0.00	0.00	0.00	NA	NA	348910	348910	348910
0	COMPLETED_BAR	US30	PERIOD_M1	1704158820	1704158760	1	NA	NA	NA	NA	NA	NA	NA	NA	NA	NA	NA	NA	0.00	0.00	0.00	NA	NA	348911	348911	348911
0	CURRENT_OPEN	US30	PERIOD_M1	1704158820	1704158820	0	NA	NA	NA	NA	NA	NA	NA	NA	NA	NA	NA	NA	0.00	0.00	0.00	NA	NA	348911	348911	348911
0	COMPLETED_BAR	US30	PERIOD_M1	1704158880	1704158820	1	NA	NA	NA	NA	NA	NA	NA	NA	NA	NA	NA	NA	0.00	0.00	0.00	NA	NA	348912	348912	348912
0	CURRENT_OPEN	US30	PERIOD_M1	1704158880	1704158880	0	NA	NA	NA	NA	NA	NA	NA	NA	NA	NA	NA	NA	0.00	0.00	0.00	NA	NA	348912	348912	348912
0	COMPLETED_BAR	US30	PERIOD_M1	1704158940	1704158880	1	NA	NA	NA	NA	NA	NA	NA	NA	NA	NA	NA	NA	0.00	0.00	0.00	NA	NA	348913	348913	348913
0	CURRENT_OPEN	US30	PERIOD_M1	1704158940	1704158940	0	NA	NA	NA	NA	NA	NA	NA	NA	NA	NA	NA	NA	0.00	0.00	0.00	NA	NA	348913	348913	348913
0	COMPLETED_BAR	US30	PERIOD_M1	1704159000	1704158940	1	NA	NA	NA	NA	NA	NA	NA	NA	NA	NA	NA	NA	0.00	0.00	0.00	NA	NA	348914	348914	348914
0	CURRENT_OPEN	US30	PERIOD_M1	1704159000	1704159000	0	NA	NA	NA	NA	NA	NA	NA	NA	NA	NA	NA	NA	0.00	0.00	0.00	NA	NA	348914	348914	348914
0	COMPLETED_BAR	US30	PERIOD_M1	1704159060	1704159000	1	NA	NA	NA	NA	NA	NA	NA	NA	NA	NA	NA	NA	0.00	0.00	0.00	NA	NA	348915	348915	348915
0	CURRENT_OPEN	US30	PERIOD_M1	1704159060	1704159060	0	NA	NA	NA	NA	NA	NA	NA	NA	NA	NA	NA	NA	0.00	0.00	0.00	NA	NA	348915	348915	348915
0	COMPLETED_BAR	US30	PERIOD_M1	1704159120	1704159060	1	NA	NA	NA	NA	NA	NA	NA	NA	NA	NA	NA	NA	0.00	0.00	0.00	NA	NA	348916	348916	348916
0	CURRENT_OPEN	US30	PERIOD_M1	1704159120	1704159120	0	NA	NA	NA	NA	NA	NA	NA	NA	NA	NA	NA	NA	0.00	0.00	0.00	NA	NA	348916	348916	348916
0	COMPLETED_BAR	US30	PERIOD_M1	1704159180	1704159120	1	NA	NA	NA	NA	NA	NA	NA	NA	NA	NA	NA	NA	0.00	0.00	0.00	NA	NA	348917	348917	348917
0	CURRENT_OPEN	US30	PERIOD_M1	1704159180	1704159180	0	NA	NA	NA	NA	NA	NA	NA	NA	NA	NA	NA	NA	0.00	0.00	0.00	NA	NA	348917	348917	348917
0	COMPLETED_BAR	US30	PERIOD_M1	1704159240	1704159180	1	NA	NA	NA	NA	NA	NA	NA	NA	NA	NA	NA	NA	0.00	0.00	0.00	NA	NA	348918	348918	348918
0	CURRENT_OPEN	US30	PERIOD_M1	1704159240	1704159240	0	NA	NA	NA	NA	NA	NA	NA	NA	NA	NA	NA	NA	0.00	0.00	0.00	NA	NA	348918	348918	348918
0	COMPLETED_BAR	US30	PERIOD_M1	1704159300	1704159240	1	NA	NA	NA	NA	NA	NA	NA	NA	NA	NA	NA	NA	0.00	0.00	0.00	NA	NA	348919	348919	348919
0	CURRENT_OPEN	US30	PERIOD_M1	1704159300	1704159300	0	NA	NA	NA	NA	NA	NA	NA	NA	NA	NA	NA	NA	0.00	0.00	0.00	NA	NA	348919	348919	348919
0	COMPLETED_BAR	US30	PERIOD_M1	1704159360	1704159300	1	NA	NA	NA	NA	NA	NA	NA	NA	NA	NA	NA	NA	0.00	0.00	0.00	NA	NA	348920	348920	348920
0	CURRENT_OPEN	US30	PERIOD_M1	1704159360	1704159360	0	NA	NA	NA	NA	NA	NA	NA	NA	NA	NA	NA	NA	0.00	0.00	0.00	NA	NA	348920	348920	348920
0	COMPLETED_BAR	US30	PERIOD_M1	1704159420	1704159360	1	NA	NA	NA	NA	NA	NA	NA	NA	NA	NA	NA	NA	0.00	0.00	0.00	NA	NA	348921	348921	348921
0	CURRENT_OPEN	US30	PERIOD_M1	1704159420	1704159420	0	NA	NA	NA	NA	NA	NA	NA	NA	NA	NA	NA	NA	0.00	0.00	0.00	NA	NA	348921	348921	348921
0	COMPLETED_BAR	US30	PERIOD_M1	1704159480	1704159420	1	NA	NA	NA	NA	NA	NA	NA	NA	NA	NA	NA	NA	0.00	0.00	0.00	NA	NA	348922	348922	348922
0	CURRENT_OPEN	US30	PERIOD_M1	1704159480	1704159480	0	NA	NA	NA	NA	NA	NA	NA	NA	NA	NA	NA	NA	0.00	0.00	0.00	NA	NA	348922	348922	348922
0	COMPLETED_BAR	US30	PERIOD_M1	1704159540	1704159480	1	NA	NA	NA	NA	NA	NA	NA	NA	NA	NA	NA	NA	0.00	0.00	0.00	NA	NA	348923	348923	348923
0	CURRENT_OPEN	US30	PERIOD_M1	1704159540	1704159540	0	NA	NA	NA	NA	NA	NA	NA	NA	NA	NA	NA	NA	0.00	0.00	0.00	NA	NA	348923	348923	348923
0	COMPLETED_BAR	US30	PERIOD_M1	1704159600	1704159540	1	NA	NA	NA	NA	NA	NA	NA	NA	NA	NA	NA	NA	0.00	0.00	0.00	NA	NA	348924	348924	348924
0	CURRENT_OPEN	US30	PERIOD_M1	1704159600	1704159600	0	NA	NA	NA	NA	NA	NA	NA	NA	NA	NA	NA	NA	0.00	0.00	0.00	NA	NA	348924	348924	348924
0	COMPLETED_BAR	US30	PERIOD_M1	1704159660	1704159600	1	NA	NA	NA	NA	NA	NA	NA	NA	NA	NA	NA	NA	0.00	0.00	0.00	NA	NA	348925	348925	348925
0	CURRENT_OPEN	US30	PERIOD_M1	1704159660	1704159660	0	NA	NA	NA	NA	NA	NA	NA	NA	NA	NA	NA	NA	0.00	0.00	0.00	NA	NA	348925	348925	348925
0	COMPLETED_BAR	US30	PERIOD_M1	1704159720	1704159660	1	NA	NA	NA	NA	NA	NA	NA	NA	NA	NA	NA	NA	0.00	0.00	0.00	NA	NA	348926	348926	348926
0	CURRENT_OPEN	US30	PERIOD_M1	1704159720	1704159720	0	NA	NA	NA	NA	NA	NA	NA	NA	NA	NA	NA	NA	0.00	0.00	0.00	NA	NA	348926	348926	348926
0	COMPLETED_BAR	US30	PERIOD_M1	1704159780	1704159720	1	NA	NA	NA	NA	NA	NA	NA	NA	NA	NA	NA	NA	0.00	0.00	0.00	NA	NA	348927	348927	348927
0	CURRENT_OPEN	US30	PERIOD_M1	1704159780	1704159780	0	NA	NA	NA	NA	NA	NA	NA	NA	NA	NA	NA	NA	0.00	0.00	0.00	NA	NA	348927	348927	348927
0	COMPLETED_BAR	US30	PERIOD_M1	1704159840	1704159780	1	NA	NA	NA	NA	NA	NA	NA	NA	NA	NA	NA	NA	0.00	0.00	0.00	NA	NA	348928	348928	348928
0	CURRENT_OPEN	US30	PERIOD_M1	1704159840	1704159840	0	NA	NA	NA	NA	NA	NA	NA	NA	NA	NA	NA	NA	0.00	0.00	0.00	NA	NA	348928	348928	348928
0	COMPLETED_BAR	US30	PERIOD_M1	1704159900	1704159840	1	NA	NA	NA	NA	NA	NA	NA	NA	NA	NA	NA	NA	0.00	0.00	0.00	NA	NA	348929	348929	348929
0	CURRENT_OPEN	US30	PERIOD_M1	1704159900	1704159900	0	NA	NA	NA	NA	NA	NA	NA	NA	NA	NA	NA	NA	0.00	0.00	0.00	NA	NA	348929	348929	348929
0	COMPLETED_BAR	US30	PERIOD_M1	1704159960	1704159900	1	NA	NA	NA	NA	NA	NA	NA	NA	NA	NA	NA	NA	0.00	0.00	0.00	NA	NA	348930	348930	348930
0	CURRENT_OPEN	US30	PERIOD_M1	1704159960	1704159960	0	NA	NA	NA	NA	NA	NA	NA	NA	NA	NA	NA	NA	0.00	0.00	0.00	NA	NA	348930	348930	348930
0	COMPLETED_BAR	US30	PERIOD_M1	1704160020	1704159960	1	NA	NA	NA	NA	NA	NA	NA	NA	NA	NA	NA	NA	0.00	0.00	0.00	NA	NA	348931	348931	348931
0	CURRENT_OPEN	US30	PERIOD_M1	1704160020	1704160020	0	NA	NA	NA	NA	NA	NA	NA	NA	NA	NA	NA	NA	0.00	0.00	0.00	NA	NA	348931	348931	348931
0	COMPLETED_BAR	US30	PERIOD_M1	1704160080	1704160020	1	NA	NA	NA	NA	NA	NA	NA	NA	NA	NA	NA	NA	0.00	0.00	0.00	NA	NA	348932	348932	348932
0	CURRENT_OPEN	US30	PERIOD_M1	1704160080	1704160080	0	NA	NA	NA	NA	NA	NA	NA	NA	NA	NA	NA	NA	0.00	0.00	0.00	NA	NA	348932	348932	348932
0	COMPLETED_BAR	US30	PERIOD_M1	1704160140	1704160080	1	NA	NA	NA	NA	NA	NA	NA	NA	NA	NA	NA	NA	0.00	0.00	0.00	NA	NA	348933	348933	348933
0	CURRENT_OPEN	US30	PERIOD_M1	1704160140	1704160140	0	NA	NA	NA	NA	NA	NA	NA	NA	NA	NA	NA	NA	0.00	0.00	0.00	NA	NA	348933	348933	348933
0	COMPLETED_BAR	US30	PERIOD_M1	1704160200	1704160140	1	NA	NA	NA	NA	NA	NA	NA	NA	NA	NA	NA	NA	0.00	0.00	0.00	NA	NA	348934	348934	348934
0	CURRENT_OPEN	US30	PERIOD_M1	1704160200	1704160200	0	NA	NA	NA	NA	NA	NA	NA	NA	NA	NA	NA	NA	0.00	0.00	0.00	NA	NA	348934	348934	348934
0	COMPLETED_BAR	US30	PERIOD_M1	1704160260	1704160200	1	NA	NA	NA	NA	NA	NA	NA	NA	NA	NA	NA	NA	0.00	0.00	0.00	NA	NA	348935	348935	348935
0	CURRENT_OPEN	US30	PERIOD_M1	1704160260	1704160260	0	NA	NA	NA	NA	NA	NA	NA	NA	NA	NA	NA	NA	0.00	0.00	0.00	NA	NA	348935	348935	348935
0	COMPLETED_BAR	US30	PERIOD_M1	1704160320	1704160260	1	NA	NA	NA	NA	NA	NA	NA	NA	NA	NA	NA	NA	0.00	0.00	0.00	NA	NA	348936	348936	348936
0	CURRENT_OPEN	US30	PERIOD_M1	1704160320	1704160320	0	NA	NA	NA	NA	NA	NA	NA	NA	NA	NA	NA	NA	0.00	0.00	0.00	NA	NA	348936	348936	348936
0	COMPLETED_BAR	US30	PERIOD_M1	1704160380	1704160320	1	NA	NA	NA	NA	NA	NA	NA	NA	NA	NA	NA	NA	0.00	0.00	0.00	NA	NA	348937	348937	348937
0	CURRENT_OPEN	US30	PERIOD_M1	1704160380	1704160380	0	NA	NA	NA	NA	NA	NA	NA	NA	NA	NA	NA	NA	0.00	0.00	0.00	NA	NA	348937	348937	348937
0	COMPLETED_BAR	US30	PERIOD_M1	1704160440	1704160380	1	NA	NA	NA	NA	NA	NA	NA	NA	NA	NA	NA	NA	0.00	0.00	0.00	NA	NA	348938	348938	348938
0	CURRENT_OPEN	US30	PERIOD_M1	1704160440	1704160440	0	NA	NA	NA	NA	NA	NA	NA	NA	NA	NA	NA	NA	0.00	0.00	0.00	NA	NA	348938	348938	348938
0	COMPLETED_BAR	US30	PERIOD_M1	1704160500	1704160440	1	NA	NA	NA	NA	NA	NA	NA	NA	NA	NA	NA	NA	0.00	0.00	0.00	NA	NA	348939	348939	348939
0	CURRENT_OPEN	US30	PERIOD_M1	1704160500	1704160500	0	NA	NA	NA	NA	NA	NA	NA	NA	NA	NA	NA	NA	0.00	0.00	0.00	NA	NA	348939	348939	348939
0	COMPLETED_BAR	US30	PERIOD_M1	1704160590	1704160500	1	NA	NA	NA	NA	NA	NA	NA	NA	NA	NA	NA	NA	0.00	0.00	0.00	NA	NA	348940	348940	348940
0	CURRENT_OPEN	US30	PERIOD_M1	1704160590	1704160560	0	NA	NA	NA	NA	NA	NA	NA	NA	NA	NA	NA	NA	0.00	0.00	0.00	NA	NA	348940	348940	348940
0	COMPLETED_BAR	US30	PERIOD_M1	1704160620	1704160560	1	NA	NA	NA	NA	NA	NA	NA	NA	NA	NA	NA	NA	0.00	0.00	0.00	NA	NA	348941	348941	348941
0	CURRENT_OPEN	US30	PERIOD_M1	1704160620	1704160620	0	NA	NA	NA	NA	NA	NA	NA	NA	NA	NA	NA	NA	0.00	0.00	0.00	NA	NA	348941	348941	348941
0	COMPLETED_BAR	US30	PERIOD_M1	1704160680	1704160620	1	NA	NA	NA	NA	NA	NA	NA	NA	NA	NA	NA	NA	0.00	0.00	0.00	NA	NA	348942	348942	348942
0	CURRENT_OPEN	US30	PERIOD_M1	1704160680	1704160680	0	NA	NA	NA	NA	NA	NA	NA	NA	NA	NA	NA	NA	0.00	0.00	0.00	NA	NA	348942	348942	348942
0	COMPLETED_BAR	US30	PERIOD_M1	1704160800	1704160680	1	NA	NA	NA	NA	NA	NA	NA	NA	NA	NA	NA	NA	0.00	0.00	0.00	NA	NA	348943	348943	348943
0	CURRENT_OPEN	US30	PERIOD_M1	1704160800	1704160800	0	NA	NA	NA	NA	NA	NA	NA	NA	NA	NA	NA	NA	0.00	0.00	0.00	NA	NA	348943	348943	348943
0	COMPLETED_BAR	US30	PERIOD_M1	1704160860	1704160800	1	NA	NA	NA	NA	NA	NA	NA	NA	NA	NA	NA	NA	0.00	0.00	0.00	NA	NA	348944	348944	348944
0	CURRENT_OPEN	US30	PERIOD_M1	1704160860	1704160860	0	NA	NA	NA	NA	NA	NA	NA	NA	NA	NA	NA	NA	0.00	0.00	0.00	NA	NA	348944	348944	348944
0	COMPLETED_BAR	US30	PERIOD_M1	1704160920	1704160860	1	NA	NA	NA	NA	NA	NA	NA	NA	NA	NA	NA	NA	0.00	0.00	0.00	NA	NA	348945	348945	348945
0	CURRENT_OPEN	US30	PERIOD_M1	1704160920	1704160920	0	NA	NA	NA	NA	NA	NA	NA	NA	NA	NA	NA	NA	0.00	0.00	0.00	NA	NA	348945	348945	348945
0	COMPLETED_BAR	US30	PERIOD_M1	1704160980	1704160920	1	NA	NA	NA	NA	NA	NA	NA	NA	NA	NA	NA	NA	0.00	0.00	0.00	NA	NA	348946	348946	348946
0	CURRENT_OPEN	US30	PERIOD_M1	1704160980	1704160980	0	NA	NA	NA	NA	NA	NA	NA	NA	NA	NA	NA	NA	0.00	0.00	0.00	NA	NA	348946	348946	348946
0	COMPLETED_BAR	US30	PERIOD_M1	1704161040	1704160980	1	NA	NA	NA	NA	NA	NA	NA	NA	NA	NA	NA	NA	0.00	0.00	0.00	NA	NA	348947	348947	348947
0	CURRENT_OPEN	US30	PERIOD_M1	1704161040	1704161040	0	NA	NA	NA	NA	NA	NA	NA	NA	NA	NA	NA	NA	0.00	0.00	0.00	NA	NA	348947	348947	348947
0	COMPLETED_BAR	US30	PERIOD_M1	1704161100	1704161040	1	NA	NA	NA	NA	NA	NA	NA	NA	NA	NA	NA	NA	0.00	0.00	0.00	NA	NA	348948	348948	348948
0	CURRENT_OPEN	US30	PERIOD_M1	1704161100	1704161100	0	NA	NA	NA	NA	NA	NA	NA	NA	NA	NA	NA	NA	0.00	0.00	0.00	NA	NA	348948	348948	348948
0	COMPLETED_BAR	US30	PERIOD_M1	1704161160	1704161100	1	NA	NA	NA	NA	NA	NA	NA	NA	NA	NA	NA	NA	0.00	0.00	0.00	NA	NA	348949	348949	348949
0	CURRENT_OPEN	US30	PERIOD_M1	1704161160	1704161160	0	NA	NA	NA	NA	NA	NA	NA	NA	NA	NA	NA	NA	0.00	0.00	0.00	NA	NA	348949	348949	348949
0	COMPLETED_BAR	US30	PERIOD_M1	1704161220	1704161160	1	NA	NA	NA	NA	NA	NA	NA	NA	NA	NA	NA	NA	0.00	0.00	0.00	NA	NA	348950	348950	348950
0	CURRENT_OPEN	US30	PERIOD_M1	1704161220	1704161220	0	NA	NA	NA	NA	NA	NA	NA	NA	NA	NA	NA	NA	0.00	0.00	0.00	NA	NA	348950	348950	348950
0	COMPLETED_BAR	US30	PERIOD_M1	1704161280	1704161220	1	NA	NA	NA	NA	NA	NA	NA	NA	NA	NA	NA	NA	0.00	0.00	0.00	NA	NA	348951	348951	348951
0	CURRENT_OPEN	US30	PERIOD_M1	1704161280	1704161280	0	NA	NA	NA	NA	NA	NA	NA	NA	NA	NA	NA	NA	0.00	0.00	0.00	NA	NA	348951	348951	348951
0	COMPLETED_BAR	US30	PERIOD_M1	1704161340	1704161280	1	NA	NA	NA	NA	NA	NA	NA	NA	NA	NA	NA	NA	0.00	0.00	0.00	NA	NA	348952	348952	348952
0	CURRENT_OPEN	US30	PERIOD_M1	1704161340	1704161340	0	NA	NA	NA	NA	NA	NA	NA	NA	NA	NA	NA	NA	0.00	0.00	0.00	NA	NA	348952	348952	348952
0	COMPLETED_BAR	US30	PERIOD_M1	1704161400	1704161340	1	NA	NA	NA	NA	NA	NA	NA	NA	NA	NA	NA	NA	0.00	0.00	0.00	NA	NA	348953	348953	348953
0	CURRENT_OPEN	US30	PERIOD_M1	1704161400	1704161400	0	NA	NA	NA	NA	NA	NA	NA	NA	NA	NA	NA	NA	0.00	0.00	0.00	NA	NA	348953	348953	348953
0	COMPLETED_BAR	US30	PERIOD_M1	1704161460	1704161400	1	NA	NA	NA	NA	NA	NA	NA	NA	NA	NA	NA	NA	0.00	0.00	0.00	NA	NA	348954	348954	348954
0	CURRENT_OPEN	US30	PERIOD_M1	1704161460	1704161460	0	NA	NA	NA	NA	NA	NA	NA	NA	NA	NA	NA	NA	0.00	0.00	0.00	NA	NA	348954	348954	348954
0	COMPLETED_BAR	US30	PERIOD_M1	1704161550	1704161460	1	NA	NA	NA	NA	NA	NA	NA	NA	NA	NA	NA	NA	0.00	0.00	0.00	NA	NA	348955	348955	348955
0	CURRENT_OPEN	US30	PERIOD_M1	1704161550	1704161520	0	NA	NA	NA	NA	NA	NA	NA	NA	NA	NA	NA	NA	0.00	0.00	0.00	NA	NA	348955	348955	348955
0	COMPLETED_BAR	US30	PERIOD_M1	1704161580	1704161520	1	NA	NA	NA	NA	NA	NA	NA	NA	NA	NA	NA	NA	0.00	0.00	0.00	NA	NA	348956	348956	348956
0	CURRENT_OPEN	US30	PERIOD_M1	1704161580	1704161580	0	NA	NA	NA	NA	NA	NA	NA	NA	NA	NA	NA	NA	0.00	0.00	0.00	NA	NA	348956	348956	348956
0	COMPLETED_BAR	US30	PERIOD_M1	1704161640	1704161580	1	NA	NA	NA	NA	NA	NA	NA	NA	NA	NA	NA	NA	0.00	0.00	0.00	NA	NA	348957	348957	348957
0	CURRENT_OPEN	US30	PERIOD_M1	1704161640	1704161640	0	NA	NA	NA	NA	NA	NA	NA	NA	NA	NA	NA	NA	0.00	0.00	0.00	NA	NA	348957	348957	348957
0	COMPLETED_BAR	US30	PERIOD_M1	1704161700	1704161640	1	NA	NA	NA	NA	NA	NA	NA	NA	NA	NA	NA	NA	0.00	0.00	0.00	NA	NA	348958	348958	348958
0	CURRENT_OPEN	US30	PERIOD_M1	1704161700	1704161700	0	NA	NA	NA	NA	NA	NA	NA	NA	NA	NA	NA	NA	0.00	0.00	0.00	NA	NA	348958	348958	348958
0	COMPLETED_BAR	US30	PERIOD_M1	1704161760	1704161700	1	NA	NA	NA	NA	NA	NA	NA	NA	NA	NA	NA	NA	0.00	0.00	0.00	NA	NA	348959	348959	348959
0	CURRENT_OPEN	US30	PERIOD_M1	1704161760	1704161760	0	NA	NA	NA	NA	NA	NA	NA	NA	NA	NA	NA	NA	0.00	0.00	0.00	NA	NA	348959	348959	348959
0	COMPLETED_BAR	US30	PERIOD_M1	1704161820	1704161760	1	NA	NA	NA	NA	NA	NA	NA	NA	NA	NA	NA	NA	0.00	0.00	0.00	NA	NA	348960	348960	348960
0	CURRENT_OPEN	US30	PERIOD_M1	1704161820	1704161820	0	NA	NA	NA	NA	NA	NA	NA	NA	NA	NA	NA	NA	0.00	0.00	0.00	NA	NA	348960	348960	348960
0	COMPLETED_BAR	US30	PERIOD_M1	1704161880	1704161820	1	NA	NA	NA	NA	NA	NA	NA	NA	NA	NA	NA	NA	0.00	0.00	0.00	NA	NA	348961	348961	348961
0	CURRENT_OPEN	US30	PERIOD_M1	1704161880	1704161880	0	NA	NA	NA	NA	NA	NA	NA	NA	NA	NA	NA	NA	0.00	0.00	0.00	NA	NA	348961	348961	348961
0	COMPLETED_BAR	US30	PERIOD_M1	1704161940	1704161880	1	NA	NA	NA	NA	NA	NA	NA	NA	NA	NA	NA	NA	0.00	0.00	0.00	NA	NA	348962	348962	348962
0	CURRENT_OPEN	US30	PERIOD_M1	1704161940	1704161940	0	NA	NA	NA	NA	NA	NA	NA	NA	NA	NA	NA	NA	0.00	0.00	0.00	NA	NA	348962	348962	348962
0	COMPLETED_BAR	US30	PERIOD_M1	1704162000	1704161940	1	NA	NA	NA	NA	NA	NA	NA	NA	NA	NA	NA	NA	0.00	0.00	0.00	NA	NA	348963	348963	348963
0	CURRENT_OPEN	US30	PERIOD_M1	1704162000	1704162000	0	NA	NA	NA	NA	NA	NA	NA	NA	NA	NA	NA	NA	0.00	0.00	0.00	NA	NA	348963	348963	348963
0	COMPLETED_BAR	US30	PERIOD_M1	1704162060	1704162000	1	NA	NA	NA	NA	NA	NA	NA	NA	NA	NA	NA	NA	0.00	0.00	0.00	NA	NA	348964	348964	348964
0	CURRENT_OPEN	US30	PERIOD_M1	1704162060	1704162060	0	NA	NA	NA	NA	NA	NA	NA	NA	NA	NA	NA	NA	0.00	0.00	0.00	NA	NA	348964	348964	348964
0	COMPLETED_BAR	US30	PERIOD_M1	1704162120	1704162060	1	NA	NA	NA	NA	NA	NA	NA	NA	NA	NA	NA	NA	0.00	0.00	0.00	NA	NA	348965	348965	348965
0	CURRENT_OPEN	US30	PERIOD_M1	1704162120	1704162120	0	NA	NA	NA	NA	NA	NA	NA	NA	NA	NA	NA	NA	0.00	0.00	0.00	NA	NA	348965	348965	348965
0	COMPLETED_BAR	US30	PERIOD_M1	1704162180	1704162120	1	NA	NA	NA	NA	NA	NA	NA	NA	NA	NA	NA	NA	0.00	0.00	0.00	NA	NA	348966	348966	348966
0	CURRENT_OPEN	US30	PERIOD_M1	1704162180	1704162180	0	NA	NA	NA	NA	NA	NA	NA	NA	NA	NA	NA	NA	0.00	0.00	0.00	NA	NA	348966	348966	348966
0	COMPLETED_BAR	US30	PERIOD_M1	1704162240	1704162180	1	NA	NA	NA	NA	NA	NA	NA	NA	NA	NA	NA	NA	0.00	0.00	0.00	NA	NA	348967	348967	348967
0	CURRENT_OPEN	US30	PERIOD_M1	1704162240	1704162240	0	NA	NA	NA	NA	NA	NA	NA	NA	NA	NA	NA	NA	0.00	0.00	0.00	NA	NA	348967	348967	348967
0	COMPLETED_BAR	US30	PERIOD_M1	1704162300	1704162240	1	NA	NA	NA	NA	NA	NA	NA	NA	NA	NA	NA	NA	0.00	0.00	0.00	NA	NA	348968	348968	348968
0	CURRENT_OPEN	US30	PERIOD_M1	1704162300	1704162300	0	NA	NA	NA	NA	NA	NA	NA	NA	NA	NA	NA	NA	0.00	0.00	0.00	NA	NA	348968	348968	348968
0	COMPLETED_BAR	US30	PERIOD_M1	1704162360	1704162300	1	NA	NA	NA	NA	NA	NA	NA	NA	NA	NA	NA	NA	0.00	0.00	0.00	NA	NA	348969	348969	348969
0	CURRENT_OPEN	US30	PERIOD_M1	1704162360	1704162360	0	NA	NA	NA	NA	NA	NA	NA	NA	NA	NA	NA	NA	0.00	0.00	0.00	NA	NA	348969	348969	348969
0	COMPLETED_BAR	US30	PERIOD_M1	1704162420	1704162360	1	NA	NA	NA	NA	NA	NA	NA	NA	NA	NA	NA	NA	0.00	0.00	0.00	NA	NA	348970	348970	348970
0	CURRENT_OPEN	US30	PERIOD_M1	1704162420	1704162420	0	NA	NA	NA	NA	NA	NA	NA	NA	NA	NA	NA	NA	0.00	0.00	0.00	NA	NA	348970	348970	348970
0	COMPLETED_BAR	US30	PERIOD_M1	1704162480	1704162420	1	NA	NA	NA	NA	NA	NA	NA	NA	NA	NA	NA	NA	0.00	0.00	0.00	NA	NA	348971	348971	348971
0	CURRENT_OPEN	US30	PERIOD_M1	1704162480	1704162480	0	NA	NA	NA	NA	NA	NA	NA	NA	NA	NA	NA	NA	0.00	0.00	0.00	NA	NA	348971	348971	348971
0	COMPLETED_BAR	US30	PERIOD_M1	1704162540	1704162480	1	NA	NA	NA	NA	NA	NA	NA	NA	NA	NA	NA	NA	0.00	0.00	0.00	NA	NA	348972	348972	348972
0	CURRENT_OPEN	US30	PERIOD_M1	1704162540	1704162540	0	NA	NA	NA	NA	NA	NA	NA	NA	NA	NA	NA	NA	0.00	0.00	0.00	NA	NA	348972	348972	348972
0	COMPLETED_BAR	US30	PERIOD_M1	1704162600	1704162540	1	NA	NA	NA	NA	NA	NA	NA	NA	NA	NA	NA	NA	0.00	0.00	0.00	NA	NA	348973	348973	348973
0	CURRENT_OPEN	US30	PERIOD_M1	1704162600	1704162600	0	NA	NA	NA	NA	NA	NA	NA	NA	NA	NA	NA	NA	0.00	0.00	0.00	NA	NA	348973	348973	348973
0	COMPLETED_BAR	US30	PERIOD_M1	1704162660	1704162600	1	NA	NA	NA	NA	NA	NA	NA	NA	NA	NA	NA	NA	0.00	0.00	0.00	NA	NA	348974	348974	348974
0	CURRENT_OPEN	US30	PERIOD_M1	1704162660	1704162660	0	NA	NA	NA	NA	NA	NA	NA	NA	NA	NA	NA	NA	0.00	0.00	0.00	NA	NA	348974	348974	348974
0	COMPLETED_BAR	US30	PERIOD_M1	1704162720	1704162660	1	NA	NA	NA	NA	NA	NA	NA	NA	NA	NA	NA	NA	0.00	0.00	0.00	NA	NA	348975	348975	348975
0	CURRENT_OPEN	US30	PERIOD_M1	1704162720	1704162720	0	NA	NA	NA	NA	NA	NA	NA	NA	NA	NA	NA	NA	0.00	0.00	0.00	NA	NA	348975	348975	348975
0	COMPLETED_BAR	US30	PERIOD_M1	1704162780	1704162720	1	NA	NA	NA	NA	NA	NA	NA	NA	NA	NA	NA	NA	0.00	0.00	0.00	NA	NA	348976	348976	348976
0	CURRENT_OPEN	US30	PERIOD_M1	1704162780	1704162780	0	NA	NA	NA	NA	NA	NA	NA	NA	NA	NA	NA	NA	0.00	0.00	0.00	NA	NA	348976	348976	348976
0	COMPLETED_BAR	US30	PERIOD_M1	1704162840	1704162780	1	NA	NA	NA	NA	NA	NA	NA	NA	NA	NA	NA	NA	0.00	0.00	0.00	NA	NA	348977	348977	348977
0	CURRENT_OPEN	US30	PERIOD_M1	1704162840	1704162840	0	NA	NA	NA	NA	NA	NA	NA	NA	NA	NA	NA	NA	0.00	0.00	0.00	NA	NA	348977	348977	348977
0	COMPLETED_BAR	US30	PERIOD_M1	1704162900	1704162840	1	NA	NA	NA	NA	NA	NA	NA	NA	NA	NA	NA	NA	0.00	0.00	0.00	NA	NA	348978	348978	348978
0	CURRENT_OPEN	US30	PERIOD_M1	1704162900	1704162900	0	NA	NA	NA	NA	NA	NA	NA	NA	NA	NA	NA	NA	0.00	0.00	0.00	NA	NA	348978	348978	348978
0	COMPLETED_BAR	US30	PERIOD_M1	1704162960	1704162900	1	NA	NA	NA	NA	NA	NA	NA	NA	NA	NA	NA	NA	0.00	0.00	0.00	NA	NA	348979	348979	348979
0	CURRENT_OPEN	US30	PERIOD_M1	1704162960	1704162960	0	NA	NA	NA	NA	NA	NA	NA	NA	NA	NA	NA	NA	0.00	0.00	0.00	NA	NA	348979	348979	348979
0	COMPLETED_BAR	US30	PERIOD_M1	1704163020	1704162960	1	NA	NA	NA	NA	NA	NA	NA	NA	NA	NA	NA	NA	0.00	0.00	0.00	NA	NA	348980	348980	348980
0	CURRENT_OPEN	US30	PERIOD_M1	1704163020	1704163020	0	NA	NA	NA	NA	NA	NA	NA	NA	NA	NA	NA	NA	0.00	0.00	0.00	NA	NA	348980	348980	348980
0	COMPLETED_BAR	US30	PERIOD_M1	1704163080	1704163020	1	NA	NA	NA	NA	NA	NA	NA	NA	NA	NA	NA	NA	0.00	0.00	0.00	NA	NA	348981	348981	348981
0	CURRENT_OPEN	US30	PERIOD_M1	1704163080	1704163080	0	NA	NA	NA	NA	NA	NA	NA	NA	NA	NA	NA	NA	0.00	0.00	0.00	NA	NA	348981	348981	348981
0	COMPLETED_BAR	US30	PERIOD_M1	1704163140	1704163080	1	NA	NA	NA	NA	NA	NA	NA	NA	NA	NA	NA	NA	0.00	0.00	0.00	NA	NA	348982	348982	348982
0	CURRENT_OPEN	US30	PERIOD_M1	1704163140	1704163140	0	NA	NA	NA	NA	NA	NA	NA	NA	NA	NA	NA	NA	0.00	0.00	0.00	NA	NA	348982	348982	348982
0	COMPLETED_BAR	US30	PERIOD_M1	1704163200	1704163140	1	NA	NA	NA	NA	NA	NA	NA	NA	NA	NA	NA	NA	0.00	0.00	0.00	NA	NA	348983	348983	348983
0	CURRENT_OPEN	US30	PERIOD_M1	1704163200	1704163200	0	NA	NA	NA	NA	NA	NA	NA	NA	NA	NA	NA	NA	0.00	0.00	0.00	NA	NA	348983	348983	348983
0	COMPLETED_BAR	US30	PERIOD_M1	1704163260	1704163200	1	NA	NA	NA	NA	NA	NA	NA	NA	NA	NA	NA	NA	0.00	0.00	0.00	NA	NA	348984	348984	348984
0	CURRENT_OPEN	US30	PERIOD_M1	1704163260	1704163260	0	NA	NA	NA	NA	NA	NA	NA	NA	NA	NA	NA	NA	0.00	0.00	0.00	NA	NA	348984	348984	348984
0	COMPLETED_BAR	US30	PERIOD_M1	1704163320	1704163260	1	NA	NA	NA	NA	NA	NA	NA	NA	NA	NA	NA	NA	0.00	0.00	0.00	NA	NA	348985	348985	348985
0	CURRENT_OPEN	US30	PERIOD_M1	1704163320	1704163320	0	NA	NA	NA	NA	NA	NA	NA	NA	NA	NA	NA	NA	0.00	0.00	0.00	NA	NA	348985	348985	348985
0	COMPLETED_BAR	US30	PERIOD_M1	1704163380	1704163320	1	NA	NA	NA	NA	NA	NA	NA	NA	NA	NA	NA	NA	0.00	0.00	0.00	NA	NA	348986	348986	348986
0	CURRENT_OPEN	US30	PERIOD_M1	1704163380	1704163380	0	NA	NA	NA	NA	NA	NA	NA	NA	NA	NA	NA	NA	0.00	0.00	0.00	NA	NA	348986	348986	348986
0	COMPLETED_BAR	US30	PERIOD_M1	1704163440	1704163380	1	NA	NA	NA	NA	NA	NA	NA	NA	NA	NA	NA	NA	0.00	0.00	0.00	NA	NA	348987	348987	348987
0	CURRENT_OPEN	US30	PERIOD_M1	1704163440	1704163440	0	NA	NA	NA	NA	NA	NA	NA	NA	NA	NA	NA	NA	0.00	0.00	0.00	NA	NA	348987	348987	348987
0	COMPLETED_BAR	US30	PERIOD_M1	1704163500	1704163440	1	NA	NA	NA	NA	NA	NA	NA	NA	NA	NA	NA	NA	0.00	0.00	0.00	NA	NA	348988	348988	348988
0	CURRENT_OPEN	US30	PERIOD_M1	1704163500	1704163500	0	NA	NA	NA	NA	NA	NA	NA	NA	NA	NA	NA	NA	0.00	0.00	0.00	NA	NA	348988	348988	348988
0	COMPLETED_BAR	US30	PERIOD_M1	1704163560	1704163500	1	NA	NA	NA	NA	NA	NA	NA	NA	NA	NA	NA	NA	0.00	0.00	0.00	NA	NA	348989	348989	348989
0	CURRENT_OPEN	US30	PERIOD_M1	1704163560	1704163560	0	NA	NA	NA	NA	NA	NA	NA	NA	NA	NA	NA	NA	0.00	0.00	0.00	NA	NA	348989	348989	348989
0	COMPLETED_BAR	US30	PERIOD_M1	1704163620	1704163560	1	NA	NA	NA	NA	NA	NA	NA	NA	NA	NA	NA	NA	0.00	0.00	0.00	NA	NA	348990	348990	348990
0	CURRENT_OPEN	US30	PERIOD_M1	1704163620	1704163620	0	NA	NA	NA	NA	NA	NA	NA	NA	NA	NA	NA	NA	0.00	0.00	0.00	NA	NA	348990	348990	348990
0	COMPLETED_BAR	US30	PERIOD_M1	1704163680	1704163620	1	NA	NA	NA	NA	NA	NA	NA	NA	NA	NA	NA	NA	0.00	0.00	0.00	NA	NA	348991	348991	348991
0	CURRENT_OPEN	US30	PERIOD_M1	1704163680	1704163680	0	NA	NA	NA	NA	NA	NA	NA	NA	NA	NA	NA	NA	0.00	0.00	0.00	NA	NA	348991	348991	348991
0	COMPLETED_BAR	US30	PERIOD_M1	1704163740	1704163680	1	NA	NA	NA	NA	NA	NA	NA	NA	NA	NA	NA	NA	0.00	0.00	0.00	NA	NA	348992	348992	348992
0	CURRENT_OPEN	US30	PERIOD_M1	1704163740	1704163740	0	NA	NA	NA	NA	NA	NA	NA	NA	NA	NA	NA	NA	0.00	0.00	0.00	NA	NA	348992	348992	348992
0	COMPLETED_BAR	US30	PERIOD_M1	1704163800	1704163740	1	NA	NA	NA	NA	NA	NA	NA	NA	NA	NA	NA	NA	0.00	0.00	0.00	NA	NA	348993	348993	348993
0	CURRENT_OPEN	US30	PERIOD_M1	1704163800	1704163800	0	NA	NA	NA	NA	NA	NA	NA	NA	NA	NA	NA	NA	0.00	0.00	0.00	NA	NA	348993	348993	348993
0	COMPLETED_BAR	US30	PERIOD_M1	1704163860	1704163800	1	NA	NA	NA	NA	NA	NA	NA	NA	NA	NA	NA	NA	0.00	0.00	0.00	NA	NA	348994	348994	348994
0	CURRENT_OPEN	US30	PERIOD_M1	1704163860	1704163860	0	NA	NA	NA	NA	NA	NA	NA	NA	NA	NA	NA	NA	0.00	0.00	0.00	NA	NA	348994	348994	348994
0	COMPLETED_BAR	US30	PERIOD_M1	1704163920	1704163860	1	NA	NA	NA	NA	NA	NA	NA	NA	NA	NA	NA	NA	0.00	0.00	0.00	NA	NA	348995	348995	348995
0	CURRENT_OPEN	US30	PERIOD_M1	1704163920	1704163920	0	NA	NA	NA	NA	NA	NA	NA	NA	NA	NA	NA	NA	0.00	0.00	0.00	NA	NA	348995	348995	348995
0	COMPLETED_BAR	US30	PERIOD_M1	1704163980	1704163920	1	NA	NA	NA	NA	NA	NA	NA	NA	NA	NA	NA	NA	0.00	0.00	0.00	NA	NA	348996	348996	348996
0	CURRENT_OPEN	US30	PERIOD_M1	1704163980	1704163980	0	NA	NA	NA	NA	NA	NA	NA	NA	NA	NA	NA	NA	0.00	0.00	0.00	NA	NA	348996	348996	348996
0	COMPLETED_BAR	US30	PERIOD_M1	1704164040	1704163980	1	NA	NA	NA	NA	NA	NA	NA	NA	NA	NA	NA	NA	0.00	0.00	0.00	NA	NA	348997	348997	348997
0	CURRENT_OPEN	US30	PERIOD_M1	1704164040	1704164040	0	NA	NA	NA	NA	NA	NA	NA	NA	NA	NA	NA	NA	0.00	0.00	0.00	NA	NA	348997	348997	348997
0	COMPLETED_BAR	US30	PERIOD_M1	1704164100	1704164040	1	NA	NA	NA	NA	NA	NA	NA	NA	NA	NA	NA	NA	0.00	0.00	0.00	NA	NA	348998	348998	348998
0	CURRENT_OPEN	US30	PERIOD_M1	1704164100	1704164100	0	NA	NA	NA	NA	NA	NA	NA	NA	NA	NA	NA	NA	0.00	0.00	0.00	NA	NA	348998	348998	348998
0	COMPLETED_BAR	US30	PERIOD_M1	1704164160	1704164100	1	NA	NA	NA	NA	NA	NA	NA	NA	NA	NA	NA	NA	0.00	0.00	0.00	NA	NA	348999	348999	348999
0	CURRENT_OPEN	US30	PERIOD_M1	1704164160	1704164160	0	NA	NA	NA	NA	NA	NA	NA	NA	NA	NA	NA	NA	0.00	0.00	0.00	NA	NA	348999	348999	348999
0	COMPLETED_BAR	US30	PERIOD_M1	1704164220	1704164160	1	NA	NA	NA	NA	NA	NA	NA	NA	NA	NA	NA	NA	0.00	0.00	0.00	NA	NA	349000	349000	349000
0	CURRENT_OPEN	US30	PERIOD_M1	1704164220	1704164220	0	NA	NA	NA	NA	NA	NA	NA	NA	NA	NA	NA	NA	0.00	0.00	0.00	NA	NA	349000	349000	349000
0	COMPLETED_BAR	US30	PERIOD_M1	1704164310	1704164220	1	NA	NA	NA	NA	NA	NA	NA	NA	NA	NA	NA	NA	0.00	0.00	0.00	NA	NA	349001	349001	349001
0	CURRENT_OPEN	US30	PERIOD_M1	1704164310	1704164280	0	NA	NA	NA	NA	NA	NA	NA	NA	NA	NA	NA	NA	0.00	0.00	0.00	NA	NA	349001	349001	349001
0	COMPLETED_BAR	US30	PERIOD_M1	1704164340	1704164280	1	NA	NA	NA	NA	NA	NA	NA	NA	NA	NA	NA	NA	0.00	0.00	0.00	NA	NA	349002	349002	349002
0	CURRENT_OPEN	US30	PERIOD_M1	1704164340	1704164340	0	NA	NA	NA	NA	NA	NA	NA	NA	NA	NA	NA	NA	0.00	0.00	0.00	NA	NA	349002	349002	349002
0	COMPLETED_BAR	US30	PERIOD_M1	1704164400	1704164340	1	NA	NA	NA	NA	NA	NA	NA	NA	NA	NA	NA	NA	0.00	0.00	0.00	NA	NA	349003	349003	349003
0	CURRENT_OPEN	US30	PERIOD_M1	1704164400	1704164400	0	NA	NA	NA	NA	NA	NA	NA	NA	NA	NA	NA	NA	0.00	0.00	0.00	NA	NA	349003	349003	349003
0	COMPLETED_BAR	US30	PERIOD_M1	1704164460	1704164400	1	NA	NA	NA	NA	NA	NA	NA	NA	NA	NA	NA	NA	0.00	0.00	0.00	NA	NA	349004	349004	349004
0	CURRENT_OPEN	US30	PERIOD_M1	1704164460	1704164460	0	NA	NA	NA	NA	NA	NA	NA	NA	NA	NA	NA	NA	0.00	0.00	0.00	NA	NA	349004	349004	349004
0	COMPLETED_BAR	US30	PERIOD_M1	1704164520	1704164460	1	NA	NA	NA	NA	NA	NA	NA	NA	NA	NA	NA	NA	0.00	0.00	0.00	NA	NA	349005	349005	349005
0	CURRENT_OPEN	US30	PERIOD_M1	1704164520	1704164520	0	NA	NA	NA	NA	NA	NA	NA	NA	NA	NA	NA	NA	0.00	0.00	0.00	NA	NA	349005	349005	349005
0	COMPLETED_BAR	US30	PERIOD_M1	1704164580	1704164520	1	NA	NA	NA	NA	NA	NA	NA	NA	NA	NA	NA	NA	0.00	0.00	0.00	NA	NA	349006	349006	349006
0	CURRENT_OPEN	US30	PERIOD_M1	1704164580	1704164580	0	NA	NA	NA	NA	NA	NA	NA	NA	NA	NA	NA	NA	0.00	0.00	0.00	NA	NA	349006	349006	349006
0	COMPLETED_BAR	US30	PERIOD_M1	1704164640	1704164580	1	NA	NA	NA	NA	NA	NA	NA	NA	NA	NA	NA	NA	0.00	0.00	0.00	NA	NA	349007	349007	349007
0	CURRENT_OPEN	US30	PERIOD_M1	1704164640	1704164640	0	NA	NA	NA	NA	NA	NA	NA	NA	NA	NA	NA	NA	0.00	0.00	0.00	NA	NA	349007	349007	349007
0	COMPLETED_BAR	US30	PERIOD_M1	1704164700	1704164640	1	NA	NA	NA	NA	NA	NA	NA	NA	NA	NA	NA	NA	0.00	0.00	0.00	NA	NA	349008	349008	349008
0	CURRENT_OPEN	US30	PERIOD_M1	1704164700	1704164700	0	NA	NA	NA	NA	NA	NA	NA	NA	NA	NA	NA	NA	0.00	0.00	0.00	NA	NA	349008	349008	349008
0	COMPLETED_BAR	US30	PERIOD_M1	1704164760	1704164700	1	NA	NA	NA	NA	NA	NA	NA	NA	NA	NA	NA	NA	0.00	0.00	0.00	NA	NA	349009	349009	349009
0	CURRENT_OPEN	US30	PERIOD_M1	1704164760	1704164760	0	NA	NA	NA	NA	NA	NA	NA	NA	NA	NA	NA	NA	0.00	0.00	0.00	NA	NA	349009	349009	349009
0	COMPLETED_BAR	US30	PERIOD_M1	1704164820	1704164760	1	NA	NA	NA	NA	NA	NA	NA	NA	NA	NA	NA	NA	0.00	0.00	0.00	NA	NA	349010	349010	349010
0	CURRENT_OPEN	US30	PERIOD_M1	1704164820	1704164820	0	NA	NA	NA	NA	NA	NA	NA	NA	NA	NA	NA	NA	0.00	0.00	0.00	NA	NA	349010	349010	349010
0	COMPLETED_BAR	US30	PERIOD_M1	1704164880	1704164820	1	NA	NA	NA	NA	NA	NA	NA	NA	NA	NA	NA	NA	0.00	0.00	0.00	NA	NA	349011	349011	349011
0	CURRENT_OPEN	US30	PERIOD_M1	1704164880	1704164880	0	NA	NA	NA	NA	NA	NA	NA	NA	NA	NA	NA	NA	0.00	0.00	0.00	NA	NA	349011	349011	349011
0	COMPLETED_BAR	US30	PERIOD_M1	1704164940	1704164880	1	NA	NA	NA	NA	NA	NA	NA	NA	NA	NA	NA	NA	0.00	0.00	0.00	NA	NA	349012	349012	349012
0	CURRENT_OPEN	US30	PERIOD_M1	1704164940	1704164940	0	NA	NA	NA	NA	NA	NA	NA	NA	NA	NA	NA	NA	0.00	0.00	0.00	NA	NA	349012	349012	349012
0	COMPLETED_BAR	US30	PERIOD_M1	1704165000	1704164940	1	NA	NA	NA	NA	NA	NA	NA	NA	NA	NA	NA	NA	0.00	0.00	0.00	NA	NA	349013	349013	349013
0	CURRENT_OPEN	US30	PERIOD_M1	1704165000	1704165000	0	NA	NA	NA	NA	NA	NA	NA	NA	NA	NA	NA	NA	0.00	0.00	0.00	NA	NA	349013	349013	349013
0	COMPLETED_BAR	US30	PERIOD_M1	1704165060	1704165000	1	NA	NA	NA	NA	NA	NA	NA	NA	NA	NA	NA	NA	0.00	0.00	0.00	NA	NA	349014	349014	349014
0	CURRENT_OPEN	US30	PERIOD_M1	1704165060	1704165060	0	NA	NA	NA	NA	NA	NA	NA	NA	NA	NA	NA	NA	0.00	0.00	0.00	NA	NA	349014	349014	349014
0	COMPLETED_BAR	US30	PERIOD_M1	1704165120	1704165060	1	NA	NA	NA	NA	NA	NA	NA	NA	NA	NA	NA	NA	0.00	0.00	0.00	NA	NA	349015	349015	349015
0	CURRENT_OPEN	US30	PERIOD_M1	1704165120	1704165120	0	NA	NA	NA	NA	NA	NA	NA	NA	NA	NA	NA	NA	0.00	0.00	0.00	NA	NA	349015	349015	349015
0	COMPLETED_BAR	US30	PERIOD_M1	1704165180	1704165120	1	NA	NA	NA	NA	NA	NA	NA	NA	NA	NA	NA	NA	0.00	0.00	0.00	NA	NA	349016	349016	349016
0	CURRENT_OPEN	US30	PERIOD_M1	1704165180	1704165180	0	NA	NA	NA	NA	NA	NA	NA	NA	NA	NA	NA	NA	0.00	0.00	0.00	NA	NA	349016	349016	349016
0	COMPLETED_BAR	US30	PERIOD_M1	1704165240	1704165180	1	NA	NA	NA	NA	NA	NA	NA	NA	NA	NA	NA	NA	0.00	0.00	0.00	NA	NA	349017	349017	349017
0	CURRENT_OPEN	US30	PERIOD_M1	1704165240	1704165240	0	NA	NA	NA	NA	NA	NA	NA	NA	NA	NA	NA	NA	0.00	0.00	0.00	NA	NA	349017	349017	349017
0	COMPLETED_BAR	US30	PERIOD_M1	1704165300	1704165240	1	NA	NA	NA	NA	NA	NA	NA	NA	NA	NA	NA	NA	0.00	0.00	0.00	NA	NA	349018	349018	349018
0	CURRENT_OPEN	US30	PERIOD_M1	1704165300	1704165300	0	NA	NA	NA	NA	NA	NA	NA	NA	NA	NA	NA	NA	0.00	0.00	0.00	NA	NA	349018	349018	349018
0	COMPLETED_BAR	US30	PERIOD_M1	1704165360	1704165300	1	NA	NA	NA	NA	NA	NA	NA	NA	NA	NA	NA	NA	0.00	0.00	0.00	NA	NA	349019	349019	349019
0	CURRENT_OPEN	US30	PERIOD_M1	1704165360	1704165360	0	NA	NA	NA	NA	NA	NA	NA	NA	NA	NA	NA	NA	0.00	0.00	0.00	NA	NA	349019	349019	349019
0	COMPLETED_BAR	US30	PERIOD_M1	1704165420	1704165360	1	NA	NA	NA	NA	NA	NA	NA	NA	NA	NA	NA	NA	0.00	0.00	0.00	NA	NA	349020	349020	349020
0	CURRENT_OPEN	US30	PERIOD_M1	1704165420	1704165420	0	NA	NA	NA	NA	NA	NA	NA	NA	NA	NA	NA	NA	0.00	0.00	0.00	NA	NA	349020	349020	349020
0	COMPLETED_BAR	US30	PERIOD_M1	1704165480	1704165420	1	NA	NA	NA	NA	NA	NA	NA	NA	NA	NA	NA	NA	0.00	0.00	0.00	NA	NA	349021	349021	349021
0	CURRENT_OPEN	US30	PERIOD_M1	1704165480	1704165480	0	NA	NA	NA	NA	NA	NA	NA	NA	NA	NA	NA	NA	0.00	0.00	0.00	NA	NA	349021	349021	349021
0	COMPLETED_BAR	US30	PERIOD_M1	1704165540	1704165480	1	NA	NA	NA	NA	NA	NA	NA	NA	NA	NA	NA	NA	0.00	0.00	0.00	NA	NA	349022	349022	349022
0	CURRENT_OPEN	US30	PERIOD_M1	1704165540	1704165540	0	NA	NA	NA	NA	NA	NA	NA	NA	NA	NA	NA	NA	0.00	0.00	0.00	NA	NA	349022	349022	349022
0	COMPLETED_BAR	US30	PERIOD_M1	1704165600	1704165540	1	NA	NA	NA	NA	NA	NA	NA	NA	NA	NA	NA	NA	0.00	0.00	0.00	NA	NA	349023	349023	349023
0	CURRENT_OPEN	US30	PERIOD_M1	1704165600	1704165600	0	NA	NA	NA	NA	NA	NA	NA	NA	NA	NA	NA	NA	0.00	0.00	0.00	NA	NA	349023	349023	349023
0	COMPLETED_BAR	US30	PERIOD_M1	1704165660	1704165600	1	NA	NA	NA	NA	NA	NA	NA	NA	NA	NA	NA	NA	0.00	0.00	0.00	NA	NA	349024	349024	349024
0	CURRENT_OPEN	US30	PERIOD_M1	1704165660	1704165660	0	NA	NA	NA	NA	NA	NA	NA	NA	NA	NA	NA	NA	0.00	0.00	0.00	NA	NA	349024	349024	349024
0	COMPLETED_BAR	US30	PERIOD_M1	1704165720	1704165660	1	NA	NA	NA	NA	NA	NA	NA	NA	NA	NA	NA	NA	0.00	0.00	0.00	NA	NA	349025	349025	349025
0	CURRENT_OPEN	US30	PERIOD_M1	1704165720	1704165720	0	NA	NA	NA	NA	NA	NA	NA	NA	NA	NA	NA	NA	0.00	0.00	0.00	NA	NA	349025	349025	349025
0	COMPLETED_BAR	US30	PERIOD_M1	1704165780	1704165720	1	NA	NA	NA	NA	NA	NA	NA	NA	NA	NA	NA	NA	0.00	0.00	0.00	NA	NA	349026	349026	349026
0	CURRENT_OPEN	US30	PERIOD_M1	1704165780	1704165780	0	NA	NA	NA	NA	NA	NA	NA	NA	NA	NA	NA	NA	0.00	0.00	0.00	NA	NA	349026	349026	349026
0	COMPLETED_BAR	US30	PERIOD_M1	1704165840	1704165780	1	NA	NA	NA	NA	NA	NA	NA	NA	NA	NA	NA	NA	0.00	0.00	0.00	NA	NA	349027	349027	349027
0	CURRENT_OPEN	US30	PERIOD_M1	1704165840	1704165840	0	NA	NA	NA	NA	NA	NA	NA	NA	NA	NA	NA	NA	0.00	0.00	0.00	NA	NA	349027	349027	349027
0	COMPLETED_BAR	US30	PERIOD_M1	1704165900	1704165840	1	NA	NA	NA	NA	NA	NA	NA	NA	NA	NA	NA	NA	0.00	0.00	0.00	NA	NA	349028	349028	349028
0	CURRENT_OPEN	US30	PERIOD_M1	1704165900	1704165900	0	NA	NA	NA	NA	NA	NA	NA	NA	NA	NA	NA	NA	0.00	0.00	0.00	NA	NA	349028	349028	349028
0	COMPLETED_BAR	US30	PERIOD_M1	1704165960	1704165900	1	NA	NA	NA	NA	NA	NA	NA	NA	NA	NA	NA	NA	0.00	0.00	0.00	NA	NA	349029	349029	349029
0	CURRENT_OPEN	US30	PERIOD_M1	1704165960	1704165960	0	NA	NA	NA	NA	NA	NA	NA	NA	NA	NA	NA	NA	0.00	0.00	0.00	NA	NA	349029	349029	349029
0	COMPLETED_BAR	US30	PERIOD_M1	1704166020	1704165960	1	NA	NA	NA	NA	NA	NA	NA	NA	NA	NA	NA	NA	0.00	0.00	0.00	NA	NA	349030	349030	349030
0	CURRENT_OPEN	US30	PERIOD_M1	1704166020	1704166020	0	NA	NA	NA	NA	NA	NA	NA	NA	NA	NA	NA	NA	0.00	0.00	0.00	NA	NA	349030	349030	349030
0	COMPLETED_BAR	US30	PERIOD_M1	1704166080	1704166020	1	NA	NA	NA	NA	NA	NA	NA	NA	NA	NA	NA	NA	0.00	0.00	0.00	NA	NA	349031	349031	349031
0	CURRENT_OPEN	US30	PERIOD_M1	1704166080	1704166080	0	NA	NA	NA	NA	NA	NA	NA	NA	NA	NA	NA	NA	0.00	0.00	0.00	NA	NA	349031	349031	349031
0	COMPLETED_BAR	US30	PERIOD_M1	1704166140	1704166080	1	NA	NA	NA	NA	NA	NA	NA	NA	NA	NA	NA	NA	0.00	0.00	0.00	NA	NA	349032	349032	349032
0	CURRENT_OPEN	US30	PERIOD_M1	1704166140	1704166140	0	NA	NA	NA	NA	NA	NA	NA	NA	NA	NA	NA	NA	0.00	0.00	0.00	NA	NA	349032	349032	349032
0	COMPLETED_BAR	US30	PERIOD_M1	1704166200	1704166140	1	NA	NA	NA	NA	NA	NA	NA	NA	NA	NA	NA	NA	0.00	0.00	0.00	NA	NA	349033	349033	349033
0	CURRENT_OPEN	US30	PERIOD_M1	1704166200	1704166200	0	NA	NA	NA	NA	NA	NA	NA	NA	NA	NA	NA	NA	0.00	0.00	0.00	NA	NA	349033	349033	349033
0	COMPLETED_BAR	US30	PERIOD_M1	1704166260	1704166200	1	NA	NA	NA	NA	NA	NA	NA	NA	NA	NA	NA	NA	0.00	0.00	0.00	NA	NA	349034	349034	349034
0	CURRENT_OPEN	US30	PERIOD_M1	1704166260	1704166260	0	NA	NA	NA	NA	NA	NA	NA	NA	NA	NA	NA	NA	0.00	0.00	0.00	NA	NA	349034	349034	349034
0	COMPLETED_BAR	US30	PERIOD_M1	1704166320	1704166260	1	NA	NA	NA	NA	NA	NA	NA	NA	NA	NA	NA	NA	0.00	0.00	0.00	NA	NA	349035	349035	349035
0	CURRENT_OPEN	US30	PERIOD_M1	1704166320	1704166320	0	NA	NA	NA	NA	NA	NA	NA	NA	NA	NA	NA	NA	0.00	0.00	0.00	NA	NA	349035	349035	349035
0	COMPLETED_BAR	US30	PERIOD_M1	1704166380	1704166320	1	NA	NA	NA	NA	NA	NA	NA	NA	NA	NA	NA	NA	0.00	0.00	0.00	NA	NA	349036	349036	349036
0	CURRENT_OPEN	US30	PERIOD_M1	1704166380	1704166380	0	NA	NA	NA	NA	NA	NA	NA	NA	NA	NA	NA	NA	0.00	0.00	0.00	NA	NA	349036	349036	349036
0	COMPLETED_BAR	US30	PERIOD_M1	1704166440	1704166380	1	NA	NA	NA	NA	NA	NA	NA	NA	NA	NA	NA	NA	0.00	0.00	0.00	NA	NA	349037	349037	349037
0	CURRENT_OPEN	US30	PERIOD_M1	1704166440	1704166440	0	NA	NA	NA	NA	NA	NA	NA	NA	NA	NA	NA	NA	0.00	0.00	0.00	NA	NA	349037	349037	349037
0	COMPLETED_BAR	US30	PERIOD_M1	1704166500	1704166440	1	NA	NA	NA	NA	NA	NA	NA	NA	NA	NA	NA	NA	0.00	0.00	0.00	NA	NA	349038	349038	349038
0	CURRENT_OPEN	US30	PERIOD_M1	1704166500	1704166500	0	NA	NA	NA	NA	NA	NA	NA	NA	NA	NA	NA	NA	0.00	0.00	0.00	NA	NA	349038	349038	349038
0	COMPLETED_BAR	US30	PERIOD_M1	1704166560	1704166500	1	NA	NA	NA	NA	NA	NA	NA	NA	NA	NA	NA	NA	0.00	0.00	0.00	NA	NA	349039	349039	349039
0	CURRENT_OPEN	US30	PERIOD_M1	1704166560	1704166560	0	NA	NA	NA	NA	NA	NA	NA	NA	NA	NA	NA	NA	0.00	0.00	0.00	NA	NA	349039	349039	349039
0	COMPLETED_BAR	US30	PERIOD_M1	1704166620	1704166560	1	NA	NA	NA	NA	NA	NA	NA	NA	NA	NA	NA	NA	0.00	0.00	0.00	NA	NA	349040	349040	349040
0	CURRENT_OPEN	US30	PERIOD_M1	1704166620	1704166620	0	NA	NA	NA	NA	NA	NA	NA	NA	NA	NA	NA	NA	0.00	0.00	0.00	NA	NA	349040	349040	349040
0	COMPLETED_BAR	US30	PERIOD_M1	1704166680	1704166620	1	NA	NA	NA	NA	NA	NA	NA	NA	NA	NA	NA	NA	0.00	0.00	0.00	NA	NA	349041	349041	349041
0	CURRENT_OPEN	US30	PERIOD_M1	1704166680	1704166680	0	NA	NA	NA	NA	NA	NA	NA	NA	NA	NA	NA	NA	0.00	0.00	0.00	NA	NA	349041	349041	349041
0	COMPLETED_BAR	US30	PERIOD_M1	1704166740	1704166680	1	NA	NA	NA	NA	NA	NA	NA	NA	NA	NA	NA	NA	0.00	0.00	0.00	NA	NA	349042	349042	349042
0	CURRENT_OPEN	US30	PERIOD_M1	1704166740	1704166740	0	NA	NA	NA	NA	NA	NA	NA	NA	NA	NA	NA	NA	0.00	0.00	0.00	NA	NA	349042	349042	349042
0	COMPLETED_BAR	US30	PERIOD_M1	1704166800	1704166740	1	NA	NA	NA	NA	NA	NA	NA	NA	NA	NA	NA	NA	0.00	0.00	0.00	NA	NA	349043	349043	349043
0	CURRENT_OPEN	US30	PERIOD_M1	1704166800	1704166800	0	NA	NA	NA	NA	NA	NA	NA	NA	NA	NA	NA	NA	0.00	0.00	0.00	NA	NA	349043	349043	349043
0	COMPLETED_BAR	US30	PERIOD_M1	1704166860	1704166800	1	NA	NA	NA	NA	NA	NA	NA	NA	NA	NA	NA	NA	0.00	0.00	0.00	NA	NA	349044	349044	349044
0	CURRENT_OPEN	US30	PERIOD_M1	1704166860	1704166860	0	NA	NA	NA	NA	NA	NA	NA	NA	NA	NA	NA	NA	0.00	0.00	0.00	NA	NA	349044	349044	349044
0	COMPLETED_BAR	US30	PERIOD_M1	1704166920	1704166860	1	NA	NA	NA	NA	NA	NA	NA	NA	NA	NA	NA	NA	0.00	0.00	0.00	NA	NA	349045	349045	349045
0	CURRENT_OPEN	US30	PERIOD_M1	1704166920	1704166920	0	NA	NA	NA	NA	NA	NA	NA	NA	NA	NA	NA	NA	0.00	0.00	0.00	NA	NA	349045	349045	349045
0	COMPLETED_BAR	US30	PERIOD_M1	1704166980	1704166920	1	NA	NA	NA	NA	NA	NA	NA	NA	NA	NA	NA	NA	0.00	0.00	0.00	NA	NA	349046	349046	349046
0	CURRENT_OPEN	US30	PERIOD_M1	1704166980	1704166980	0	NA	NA	NA	NA	NA	NA	NA	NA	NA	NA	NA	NA	0.00	0.00	0.00	NA	NA	349046	349046	349046
0	COMPLETED_BAR	US30	PERIOD_M1	1704167040	1704166980	1	NA	NA	NA	NA	NA	NA	NA	NA	NA	NA	NA	NA	0.00	0.00	0.00	NA	NA	349047	349047	349047
0	CURRENT_OPEN	US30	PERIOD_M1	1704167040	1704167040	0	NA	NA	NA	NA	NA	NA	NA	NA	NA	NA	NA	NA	0.00	0.00	0.00	NA	NA	349047	349047	349047
0	COMPLETED_BAR	US30	PERIOD_M1	1704167100	1704167040	1	NA	NA	NA	NA	NA	NA	NA	NA	NA	NA	NA	NA	0.00	0.00	0.00	NA	NA	349048	349048	349048
0	CURRENT_OPEN	US30	PERIOD_M1	1704167100	1704167100	0	NA	NA	NA	NA	NA	NA	NA	NA	NA	NA	NA	NA	0.00	0.00	0.00	NA	NA	349048	349048	349048
0	COMPLETED_BAR	US30	PERIOD_M1	1704167160	1704167100	1	NA	NA	NA	NA	NA	NA	NA	NA	NA	NA	NA	NA	0.00	0.00	0.00	NA	NA	349049	349049	349049
0	CURRENT_OPEN	US30	PERIOD_M1	1704167160	1704167160	0	NA	NA	NA	NA	NA	NA	NA	NA	NA	NA	NA	NA	0.00	0.00	0.00	NA	NA	349049	349049	349049
0	COMPLETED_BAR	US30	PERIOD_M1	1704167220	1704167160	1	NA	NA	NA	NA	NA	NA	NA	NA	NA	NA	NA	NA	0.00	0.00	0.00	NA	NA	349050	349050	349050
0	CURRENT_OPEN	US30	PERIOD_M1	1704167220	1704167220	0	NA	NA	NA	NA	NA	NA	NA	NA	NA	NA	NA	NA	0.00	0.00	0.00	NA	NA	349050	349050	349050
0	COMPLETED_BAR	US30	PERIOD_M1	1704167280	1704167220	1	NA	NA	NA	NA	NA	NA	NA	NA	NA	NA	NA	NA	0.00	0.00	0.00	NA	NA	349051	349051	349051
0	CURRENT_OPEN	US30	PERIOD_M1	1704167280	1704167280	0	NA	NA	NA	NA	NA	NA	NA	NA	NA	NA	NA	NA	0.00	0.00	0.00	NA	NA	349051	349051	349051
0	COMPLETED_BAR	US30	PERIOD_M1	1704167340	1704167280	1	NA	NA	NA	NA	NA	NA	NA	NA	NA	NA	NA	NA	0.00	0.00	0.00	NA	NA	349052	349052	349052
0	CURRENT_OPEN	US30	PERIOD_M1	1704167340	1704167340	0	NA	NA	NA	NA	NA	NA	NA	NA	NA	NA	NA	NA	0.00	0.00	0.00	NA	NA	349052	349052	349052
0	COMPLETED_BAR	US30	PERIOD_M1	1704167400	1704167340	1	NA	NA	NA	NA	NA	NA	NA	NA	NA	NA	NA	NA	0.00	0.00	0.00	NA	NA	349053	349053	349053
0	CURRENT_OPEN	US30	PERIOD_M1	1704167400	1704167400	0	NA	NA	NA	NA	NA	NA	NA	NA	NA	NA	NA	NA	0.00	0.00	0.00	NA	NA	349053	349053	349053
0	COMPLETED_BAR	US30	PERIOD_M1	1704167460	1704167400	1	NA	NA	NA	NA	NA	NA	NA	NA	NA	NA	NA	NA	0.00	0.00	0.00	NA	NA	349054	349054	349054
0	CURRENT_OPEN	US30	PERIOD_M1	1704167460	1704167460	0	NA	NA	NA	NA	NA	NA	NA	NA	NA	NA	NA	NA	0.00	0.00	0.00	NA	NA	349054	349054	349054
0	COMPLETED_BAR	US30	PERIOD_M1	1704167520	1704167460	1	NA	NA	NA	NA	NA	NA	NA	NA	NA	NA	NA	NA	0.00	0.00	0.00	NA	NA	349055	349055	349055
0	CURRENT_OPEN	US30	PERIOD_M1	1704167520	1704167520	0	NA	NA	NA	NA	NA	NA	NA	NA	NA	NA	NA	NA	0.00	0.00	0.00	NA	NA	349055	349055	349055
0	COMPLETED_BAR	US30	PERIOD_M1	1704167580	1704167520	1	NA	NA	NA	NA	NA	NA	NA	NA	NA	NA	NA	NA	0.00	0.00	0.00	NA	NA	349056	349056	349056
0	CURRENT_OPEN	US30	PERIOD_M1	1704167580	1704167580	0	NA	NA	NA	NA	NA	NA	NA	NA	NA	NA	NA	NA	0.00	0.00	0.00	NA	NA	349056	349056	349056
0	COMPLETED_BAR	US30	PERIOD_M1	1704167640	1704167580	1	NA	NA	NA	NA	NA	NA	NA	NA	NA	NA	NA	NA	0.00	0.00	0.00	NA	NA	349057	349057	349057
0	CURRENT_OPEN	US30	PERIOD_M1	1704167640	1704167640	0	NA	NA	NA	NA	NA	NA	NA	NA	NA	NA	NA	NA	0.00	0.00	0.00	NA	NA	349057	349057	349057
0	COMPLETED_BAR	US30	PERIOD_M1	1704167700	1704167640	1	NA	NA	NA	NA	NA	NA	NA	NA	NA	NA	NA	NA	0.00	0.00	0.00	NA	NA	349058	349058	349058
0	CURRENT_OPEN	US30	PERIOD_M1	1704167700	1704167700	0	NA	NA	NA	NA	NA	NA	NA	NA	NA	NA	NA	NA	0.00	0.00	0.00	NA	NA	349058	349058	349058
0	COMPLETED_BAR	US30	PERIOD_M1	1704167760	1704167700	1	NA	NA	NA	NA	NA	NA	NA	NA	NA	NA	NA	NA	0.00	0.00	0.00	NA	NA	349059	349059	349059
0	CURRENT_OPEN	US30	PERIOD_M1	1704167760	1704167760	0	NA	NA	NA	NA	NA	NA	NA	NA	NA	NA	NA	NA	0.00	0.00	0.00	NA	NA	349059	349059	349059
0	COMPLETED_BAR	US30	PERIOD_M1	1704167820	1704167760	1	NA	NA	NA	NA	NA	NA	NA	NA	NA	NA	NA	NA	0.00	0.00	0.00	NA	NA	349060	349060	349060
0	CURRENT_OPEN	US30	PERIOD_M1	1704167820	1704167820	0	NA	NA	NA	NA	NA	NA	NA	NA	NA	NA	NA	NA	0.00	0.00	0.00	NA	NA	349060	349060	349060
0	COMPLETED_BAR	US30	PERIOD_M1	1704167880	1704167820	1	NA	NA	NA	NA	NA	NA	NA	NA	NA	NA	NA	NA	0.00	0.00	0.00	NA	NA	349061	349061	349061
0	CURRENT_OPEN	US30	PERIOD_M1	1704167880	1704167880	0	NA	NA	NA	NA	NA	NA	NA	NA	NA	NA	NA	NA	0.00	0.00	0.00	NA	NA	349061	349061	349061
0	COMPLETED_BAR	US30	PERIOD_M1	1704167940	1704167880	1	NA	NA	NA	NA	NA	NA	NA	NA	NA	NA	NA	NA	0.00	0.00	0.00	NA	NA	349062	349062	349062
0	CURRENT_OPEN	US30	PERIOD_M1	1704167940	1704167940	0	NA	NA	NA	NA	NA	NA	NA	NA	NA	NA	NA	NA	0.00	0.00	0.00	NA	NA	349062	349062	349062
0	COMPLETED_BAR	US30	PERIOD_M1	1704168000	1704167940	1	NA	NA	NA	NA	NA	NA	NA	NA	NA	NA	NA	NA	0.00	0.00	0.00	NA	NA	349063	349063	349063
0	CURRENT_OPEN	US30	PERIOD_M1	1704168000	1704168000	0	NA	NA	NA	NA	NA	NA	NA	NA	NA	NA	NA	NA	0.00	0.00	0.00	NA	NA	349063	349063	349063
0	COMPLETED_BAR	US30	PERIOD_M1	1704168060	1704168000	1	NA	NA	NA	NA	NA	NA	NA	NA	NA	NA	NA	NA	0.00	0.00	0.00	NA	NA	349064	349064	349064
0	CURRENT_OPEN	US30	PERIOD_M1	1704168060	1704168060	0	NA	NA	NA	NA	NA	NA	NA	NA	NA	NA	NA	NA	0.00	0.00	0.00	NA	NA	349064	349064	349064
0	COMPLETED_BAR	US30	PERIOD_M1	1704168120	1704168060	1	NA	NA	NA	NA	NA	NA	NA	NA	NA	NA	NA	NA	0.00	0.00	0.00	NA	NA	349065	349065	349065
0	CURRENT_OPEN	US30	PERIOD_M1	1704168120	1704168120	0	NA	NA	NA	NA	NA	NA	NA	NA	NA	NA	NA	NA	0.00	0.00	0.00	NA	NA	349065	349065	349065
0	COMPLETED_BAR	US30	PERIOD_M1	1704168180	1704168120	1	NA	NA	NA	NA	NA	NA	NA	NA	NA	NA	NA	NA	0.00	0.00	0.00	NA	NA	349066	349066	349066
0	CURRENT_OPEN	US30	PERIOD_M1	1704168180	1704168180	0	NA	NA	NA	NA	NA	NA	NA	NA	NA	NA	NA	NA	0.00	0.00	0.00	NA	NA	349066	349066	349066
0	COMPLETED_BAR	US30	PERIOD_M1	1704168240	1704168180	1	NA	NA	NA	NA	NA	NA	NA	NA	NA	NA	NA	NA	0.00	0.00	0.00	NA	NA	349067	349067	349067
0	CURRENT_OPEN	US30	PERIOD_M1	1704168240	1704168240	0	NA	NA	NA	NA	NA	NA	NA	NA	NA	NA	NA	NA	0.00	0.00	0.00	NA	NA	349067	349067	349067
0	COMPLETED_BAR	US30	PERIOD_M1	1704168300	1704168240	1	NA	NA	NA	NA	NA	NA	NA	NA	NA	NA	NA	NA	0.00	0.00	0.00	NA	NA	349068	349068	349068
0	CURRENT_OPEN	US30	PERIOD_M1	1704168300	1704168300	0	NA	NA	NA	NA	NA	NA	NA	NA	NA	NA	NA	NA	0.00	0.00	0.00	NA	NA	349068	349068	349068
0	COMPLETED_BAR	US30	PERIOD_M1	1704168360	1704168300	1	NA	NA	NA	NA	NA	NA	NA	NA	NA	NA	NA	NA	0.00	0.00	0.00	NA	NA	349069	349069	349069
0	CURRENT_OPEN	US30	PERIOD_M1	1704168360	1704168360	0	NA	NA	NA	NA	NA	NA	NA	NA	NA	NA	NA	NA	0.00	0.00	0.00	NA	NA	349069	349069	349069
0	COMPLETED_BAR	US30	PERIOD_M1	1704168420	1704168360	1	NA	NA	NA	NA	NA	NA	NA	NA	NA	NA	NA	NA	0.00	0.00	0.00	NA	NA	349070	349070	349070
0	CURRENT_OPEN	US30	PERIOD_M1	1704168420	1704168420	0	NA	NA	NA	NA	NA	NA	NA	NA	NA	NA	NA	NA	0.00	0.00	0.00	NA	NA	349070	349070	349070
0	COMPLETED_BAR	US30	PERIOD_M1	1704168480	1704168420	1	NA	NA	NA	NA	NA	NA	NA	NA	NA	NA	NA	NA	0.00	0.00	0.00	NA	NA	349071	349071	349071
0	CURRENT_OPEN	US30	PERIOD_M1	1704168480	1704168480	0	NA	NA	NA	NA	NA	NA	NA	NA	NA	NA	NA	NA	0.00	0.00	0.00	NA	NA	349071	349071	349071
0	COMPLETED_BAR	US30	PERIOD_M1	1704168540	1704168480	1	NA	NA	NA	NA	NA	NA	NA	NA	NA	NA	NA	NA	0.00	0.00	0.00	NA	NA	349072	349072	349072
0	CURRENT_OPEN	US30	PERIOD_M1	1704168540	1704168540	0	NA	NA	NA	NA	NA	NA	NA	NA	NA	NA	NA	NA	0.00	0.00	0.00	NA	NA	349072	349072	349072
0	COMPLETED_BAR	US30	PERIOD_M1	1704168600	1704168540	1	NA	NA	NA	NA	NA	NA	NA	NA	NA	NA	NA	NA	0.00	0.00	0.00	NA	NA	349073	349073	349073
0	CURRENT_OPEN	US30	PERIOD_M1	1704168600	1704168600	0	NA	NA	NA	NA	NA	NA	NA	NA	NA	NA	NA	NA	0.00	0.00	0.00	NA	NA	349073	349073	349073
0	COMPLETED_BAR	US30	PERIOD_M1	1704168660	1704168600	1	NA	NA	NA	NA	NA	NA	NA	NA	NA	NA	NA	NA	0.00	0.00	0.00	NA	NA	349074	349074	349074
0	CURRENT_OPEN	US30	PERIOD_M1	1704168660	1704168660	0	NA	NA	NA	NA	NA	NA	NA	NA	NA	NA	NA	NA	0.00	0.00	0.00	NA	NA	349074	349074	349074
0	COMPLETED_BAR	US30	PERIOD_M1	1704168720	1704168660	1	NA	NA	NA	NA	NA	NA	NA	NA	NA	NA	NA	NA	0.00	0.00	0.00	NA	NA	349075	349075	349075
0	CURRENT_OPEN	US30	PERIOD_M1	1704168720	1704168720	0	NA	NA	NA	NA	NA	NA	NA	NA	NA	NA	NA	NA	0.00	0.00	0.00	NA	NA	349075	349075	349075
0	COMPLETED_BAR	US30	PERIOD_M1	1704168780	1704168720	1	NA	NA	NA	NA	NA	NA	NA	NA	NA	NA	NA	NA	0.00	0.00	0.00	NA	NA	349076	349076	349076
0	CURRENT_OPEN	US30	PERIOD_M1	1704168780	1704168780	0	NA	NA	NA	NA	NA	NA	NA	NA	NA	NA	NA	NA	0.00	0.00	0.00	NA	NA	349076	349076	349076
0	COMPLETED_BAR	US30	PERIOD_M1	1704168840	1704168780	1	NA	NA	NA	NA	NA	NA	NA	NA	NA	NA	NA	NA	0.00	0.00	0.00	NA	NA	349077	349077	349077
0	CURRENT_OPEN	US30	PERIOD_M1	1704168840	1704168840	0	NA	NA	NA	NA	NA	NA	NA	NA	NA	NA	NA	NA	0.00	0.00	0.00	NA	NA	349077	349077	349077
0	COMPLETED_BAR	US30	PERIOD_M1	1704168900	1704168840	1	NA	NA	NA	NA	NA	NA	NA	NA	NA	NA	NA	NA	0.00	0.00	0.00	NA	NA	349078	349078	349078
0	CURRENT_OPEN	US30	PERIOD_M1	1704168900	1704168900	0	NA	NA	NA	NA	NA	NA	NA	NA	NA	NA	NA	NA	0.00	0.00	0.00	NA	NA	349078	349078	349078
0	COMPLETED_BAR	US30	PERIOD_M1	1704168960	1704168900	1	NA	NA	NA	NA	NA	NA	NA	NA	NA	NA	NA	NA	0.00	0.00	0.00	NA	NA	349079	349079	349079
0	CURRENT_OPEN	US30	PERIOD_M1	1704168960	1704168960	0	NA	NA	NA	NA	NA	NA	NA	NA	NA	NA	NA	NA	0.00	0.00	0.00	NA	NA	349079	349079	349079
0	COMPLETED_BAR	US30	PERIOD_M1	1704169020	1704168960	1	NA	NA	NA	NA	NA	NA	NA	NA	NA	NA	NA	NA	0.00	0.00	0.00	NA	NA	349080	349080	349080
0	CURRENT_OPEN	US30	PERIOD_M1	1704169020	1704169020	0	NA	NA	NA	NA	NA	NA	NA	NA	NA	NA	NA	NA	0.00	0.00	0.00	NA	NA	349080	349080	349080
0	COMPLETED_BAR	US30	PERIOD_M1	1704169080	1704169020	1	NA	NA	NA	NA	NA	NA	NA	NA	NA	NA	NA	NA	0.00	0.00	0.00	NA	NA	349081	349081	349081
0	CURRENT_OPEN	US30	PERIOD_M1	1704169080	1704169080	0	NA	NA	NA	NA	NA	NA	NA	NA	NA	NA	NA	NA	0.00	0.00	0.00	NA	NA	349081	349081	349081
0	COMPLETED_BAR	US30	PERIOD_M1	1704169140	1704169080	1	NA	NA	NA	NA	NA	NA	NA	NA	NA	NA	NA	NA	0.00	0.00	0.00	NA	NA	349082	349082	349082
0	CURRENT_OPEN	US30	PERIOD_M1	1704169140	1704169140	0	NA	NA	NA	NA	NA	NA	NA	NA	NA	NA	NA	NA	0.00	0.00	0.00	NA	NA	349082	349082	349082
0	COMPLETED_BAR	US30	PERIOD_M1	1704169200	1704169140	1	NA	NA	NA	NA	NA	NA	NA	NA	NA	NA	NA	NA	0.00	0.00	0.00	NA	NA	349083	349083	349083
0	CURRENT_OPEN	US30	PERIOD_M1	1704169200	1704169200	0	NA	NA	NA	NA	NA	NA	NA	NA	NA	NA	NA	NA	0.00	0.00	0.00	NA	NA	349083	349083	349083
0	COMPLETED_BAR	US30	PERIOD_M1	1704169260	1704169200	1	NA	NA	NA	NA	NA	NA	NA	NA	NA	NA	NA	NA	0.00	0.00	0.00	NA	NA	349084	349084	349084
0	CURRENT_OPEN	US30	PERIOD_M1	1704169260	1704169260	0	NA	NA	NA	NA	NA	NA	NA	NA	NA	NA	NA	NA	0.00	0.00	0.00	NA	NA	349084	349084	349084
0	COMPLETED_BAR	US30	PERIOD_M1	1704169320	1704169260	1	NA	NA	NA	NA	NA	NA	NA	NA	NA	NA	NA	NA	0.00	0.00	0.00	NA	NA	349085	349085	349085
0	CURRENT_OPEN	US30	PERIOD_M1	1704169320	1704169320	0	NA	NA	NA	NA	NA	NA	NA	NA	NA	NA	NA	NA	0.00	0.00	0.00	NA	NA	349085	349085	349085
0	COMPLETED_BAR	US30	PERIOD_M1	1704169380	1704169320	1	NA	NA	NA	NA	NA	NA	NA	NA	NA	NA	NA	NA	0.00	0.00	0.00	NA	NA	349086	349086	349086
0	CURRENT_OPEN	US30	PERIOD_M1	1704169380	1704169380	0	NA	NA	NA	NA	NA	NA	NA	NA	NA	NA	NA	NA	0.00	0.00	0.00	NA	NA	349086	349086	349086
0	COMPLETED_BAR	US30	PERIOD_M1	1704169440	1704169380	1	NA	NA	NA	NA	NA	NA	NA	NA	NA	NA	NA	NA	0.00	0.00	0.00	NA	NA	349087	349087	349087
0	CURRENT_OPEN	US30	PERIOD_M1	1704169440	1704169440	0	NA	NA	NA	NA	NA	NA	NA	NA	NA	NA	NA	NA	0.00	0.00	0.00	NA	NA	349087	349087	349087
0	COMPLETED_BAR	US30	PERIOD_M1	1704169500	1704169440	1	NA	NA	NA	NA	NA	NA	NA	NA	NA	NA	NA	NA	0.00	0.00	0.00	NA	NA	349088	349088	349088
0	CURRENT_OPEN	US30	PERIOD_M1	1704169500	1704169500	0	NA	NA	NA	NA	NA	NA	NA	NA	NA	NA	NA	NA	0.00	0.00	0.00	NA	NA	349088	349088	349088
0	COMPLETED_BAR	US30	PERIOD_M1	1704169560	1704169500	1	NA	NA	NA	NA	NA	NA	NA	NA	NA	NA	NA	NA	0.00	0.00	0.00	NA	NA	349089	349089	349089
0	CURRENT_OPEN	US30	PERIOD_M1	1704169560	1704169560	0	NA	NA	NA	NA	NA	NA	NA	NA	NA	NA	NA	NA	0.00	0.00	0.00	NA	NA	349089	349089	349089
0	COMPLETED_BAR	US30	PERIOD_M1	1704169620	1704169560	1	NA	NA	NA	NA	NA	NA	NA	NA	NA	NA	NA	NA	0.00	0.00	0.00	NA	NA	349090	349090	349090
0	CURRENT_OPEN	US30	PERIOD_M1	1704169620	1704169620	0	NA	NA	NA	NA	NA	NA	NA	NA	NA	NA	NA	NA	0.00	0.00	0.00	NA	NA	349090	349090	349090
0	COMPLETED_BAR	US30	PERIOD_M1	1704169680	1704169620	1	NA	NA	NA	NA	NA	NA	NA	NA	NA	NA	NA	NA	0.00	0.00	0.00	NA	NA	349091	349091	349091
0	CURRENT_OPEN	US30	PERIOD_M1	1704169680	1704169680	0	NA	NA	NA	NA	NA	NA	NA	NA	NA	NA	NA	NA	0.00	0.00	0.00	NA	NA	349091	349091	349091
0	COMPLETED_BAR	US30	PERIOD_M1	1704169740	1704169680	1	NA	NA	NA	NA	NA	NA	NA	NA	NA	NA	NA	NA	0.00	0.00	0.00	NA	NA	349092	349092	349092
0	CURRENT_OPEN	US30	PERIOD_M1	1704169740	1704169740	0	NA	NA	NA	NA	NA	NA	NA	NA	NA	NA	NA	NA	0.00	0.00	0.00	NA	NA	349092	349092	349092
0	COMPLETED_BAR	US30	PERIOD_M1	1704169800	1704169740	1	NA	NA	NA	NA	NA	NA	NA	NA	NA	NA	NA	NA	0.00	0.00	0.00	NA	NA	349093	349093	349093
0	CURRENT_OPEN	US30	PERIOD_M1	1704169800	1704169800	0	NA	NA	NA	NA	NA	NA	NA	NA	NA	NA	NA	NA	0.00	0.00	0.00	NA	NA	349093	349093	349093
0	COMPLETED_BAR	US30	PERIOD_M1	1704169860	1704169800	1	NA	NA	NA	NA	NA	NA	NA	NA	NA	NA	NA	NA	0.00	0.00	0.00	NA	NA	349094	349094	349094
0	CURRENT_OPEN	US30	PERIOD_M1	1704169860	1704169860	0	NA	NA	NA	NA	NA	NA	NA	NA	NA	NA	NA	NA	0.00	0.00	0.00	NA	NA	349094	349094	349094
0	COMPLETED_BAR	US30	PERIOD_M1	1704169920	1704169860	1	NA	NA	NA	NA	NA	NA	NA	NA	NA	NA	NA	NA	0.00	0.00	0.00	NA	NA	349095	349095	349095
0	CURRENT_OPEN	US30	PERIOD_M1	1704169920	1704169920	0	NA	NA	NA	NA	NA	NA	NA	NA	NA	NA	NA	NA	0.00	0.00	0.00	NA	NA	349095	349095	349095
0	COMPLETED_BAR	US30	PERIOD_M1	1704169980	1704169920	1	NA	NA	NA	NA	NA	NA	NA	NA	NA	NA	NA	NA	0.00	0.00	0.00	NA	NA	349096	349096	349096
0	CURRENT_OPEN	US30	PERIOD_M1	1704169980	1704169980	0	NA	NA	NA	NA	NA	NA	NA	NA	NA	NA	NA	NA	0.00	0.00	0.00	NA	NA	349096	349096	349096
0	COMPLETED_BAR	US30	PERIOD_M1	1704170040	1704169980	1	NA	NA	NA	NA	NA	NA	NA	NA	NA	NA	NA	NA	0.00	0.00	0.00	NA	NA	349097	349097	349097
0	CURRENT_OPEN	US30	PERIOD_M1	1704170040	1704170040	0	NA	NA	NA	NA	NA	NA	NA	NA	NA	NA	NA	NA	0.00	0.00	0.00	NA	NA	349097	349097	349097
0	COMPLETED_BAR	US30	PERIOD_M1	1704170100	1704170040	1	NA	NA	NA	NA	NA	NA	NA	NA	NA	NA	NA	NA	0.00	0.00	0.00	NA	NA	349098	349098	349098
0	CURRENT_OPEN	US30	PERIOD_M1	1704170100	1704170100	0	NA	NA	NA	NA	NA	NA	NA	NA	NA	NA	NA	NA	0.00	0.00	0.00	NA	NA	349098	349098	349098
0	COMPLETED_BAR	US30	PERIOD_M1	1704170160	1704170100	1	NA	NA	NA	NA	NA	NA	NA	NA	NA	NA	NA	NA	0.00	0.00	0.00	NA	NA	349099	349099	349099
0	CURRENT_OPEN	US30	PERIOD_M1	1704170160	1704170160	0	NA	NA	NA	NA	NA	NA	NA	NA	NA	NA	NA	NA	0.00	0.00	0.00	NA	NA	349099	349099	349099
0	COMPLETED_BAR	US30	PERIOD_M1	1704170220	1704170160	1	NA	NA	NA	NA	NA	NA	NA	NA	NA	NA	NA	NA	0.00	0.00	0.00	NA	NA	349100	349100	349100
0	CURRENT_OPEN	US30	PERIOD_M1	1704170220	1704170220	0	NA	NA	NA	NA	NA	NA	NA	NA	NA	NA	NA	NA	0.00	0.00	0.00	NA	NA	349100	349100	349100
0	COMPLETED_BAR	US30	PERIOD_M1	1704170280	1704170220	1	NA	NA	NA	NA	NA	NA	NA	NA	NA	NA	NA	NA	0.00	0.00	0.00	NA	NA	349101	349101	349101
0	CURRENT_OPEN	US30	PERIOD_M1	1704170280	1704170280	0	NA	NA	NA	NA	NA	NA	NA	NA	NA	NA	NA	NA	0.00	0.00	0.00	NA	NA	349101	349101	349101
0	COMPLETED_BAR	US30	PERIOD_M1	1704170340	1704170280	1	NA	NA	NA	NA	NA	NA	NA	NA	NA	NA	NA	NA	0.00	0.00	0.00	NA	NA	349102	349102	349102
0	CURRENT_OPEN	US30	PERIOD_M1	1704170340	1704170340	0	NA	NA	NA	NA	NA	NA	NA	NA	NA	NA	NA	NA	0.00	0.00	0.00	NA	NA	349102	349102	349102
0	COMPLETED_BAR	US30	PERIOD_M1	1704170400	1704170340	1	NA	NA	NA	NA	NA	NA	NA	NA	NA	NA	NA	NA	0.00	0.00	0.00	NA	NA	349103	349103	349103
0	CURRENT_OPEN	US30	PERIOD_M1	1704170400	1704170400	0	NA	NA	NA	NA	NA	NA	NA	NA	NA	NA	NA	NA	0.00	0.00	0.00	NA	NA	349103	349103	349103
0	COMPLETED_BAR	US30	PERIOD_M1	1704170460	1704170400	1	NA	NA	NA	NA	NA	NA	NA	NA	NA	NA	NA	NA	0.00	0.00	0.00	NA	NA	349104	349104	349104
0	CURRENT_OPEN	US30	PERIOD_M1	1704170460	1704170460	0	NA	NA	NA	NA	NA	NA	NA	NA	NA	NA	NA	NA	0.00	0.00	0.00	NA	NA	349104	349104	349104
0	COMPLETED_BAR	US30	PERIOD_M1	1704170520	1704170460	1	NA	NA	NA	NA	NA	NA	NA	NA	NA	NA	NA	NA	0.00	0.00	0.00	NA	NA	349105	349105	349105
0	CURRENT_OPEN	US30	PERIOD_M1	1704170520	1704170520	0	NA	NA	NA	NA	NA	NA	NA	NA	NA	NA	NA	NA	0.00	0.00	0.00	NA	NA	349105	349105	349105
0	COMPLETED_BAR	US30	PERIOD_M1	1704170580	1704170520	1	NA	NA	NA	NA	NA	NA	NA	NA	NA	NA	NA	NA	0.00	0.00	0.00	NA	NA	349106	349106	349106
0	CURRENT_OPEN	US30	PERIOD_M1	1704170580	1704170580	0	NA	NA	NA	NA	NA	NA	NA	NA	NA	NA	NA	NA	0.00	0.00	0.00	NA	NA	349106	349106	349106
0	COMPLETED_BAR	US30	PERIOD_M1	1704170640	1704170580	1	NA	NA	NA	NA	NA	NA	NA	NA	NA	NA	NA	NA	0.00	0.00	0.00	NA	NA	349107	349107	349107
0	CURRENT_OPEN	US30	PERIOD_M1	1704170640	1704170640	0	NA	NA	NA	NA	NA	NA	NA	NA	NA	NA	NA	NA	0.00	0.00	0.00	NA	NA	349107	349107	349107
0	COMPLETED_BAR	US30	PERIOD_M1	1704170700	1704170640	1	NA	NA	NA	NA	NA	NA	NA	NA	NA	NA	NA	NA	0.00	0.00	0.00	NA	NA	349108	349108	349108
0	CURRENT_OPEN	US30	PERIOD_M1	1704170700	1704170700	0	NA	NA	NA	NA	NA	NA	NA	NA	NA	NA	NA	NA	0.00	0.00	0.00	NA	NA	349108	349108	349108
0	COMPLETED_BAR	US30	PERIOD_M1	1704170760	1704170700	1	NA	NA	NA	NA	NA	NA	NA	NA	NA	NA	NA	NA	0.00	0.00	0.00	NA	NA	349109	349109	349109
0	CURRENT_OPEN	US30	PERIOD_M1	1704170760	1704170760	0	NA	NA	NA	NA	NA	NA	NA	NA	NA	NA	NA	NA	0.00	0.00	0.00	NA	NA	349109	349109	349109
0	COMPLETED_BAR	US30	PERIOD_M1	1704170820	1704170760	1	NA	NA	NA	NA	NA	NA	NA	NA	NA	NA	NA	NA	0.00	0.00	0.00	NA	NA	349110	349110	349110
0	CURRENT_OPEN	US30	PERIOD_M1	1704170820	1704170820	0	NA	NA	NA	NA	NA	NA	NA	NA	NA	NA	NA	NA	0.00	0.00	0.00	NA	NA	349110	349110	349110
0	COMPLETED_BAR	US30	PERIOD_M1	1704170880	1704170820	1	NA	NA	NA	NA	NA	NA	NA	NA	NA	NA	NA	NA	0.00	0.00	0.00	NA	NA	349111	349111	349111
0	CURRENT_OPEN	US30	PERIOD_M1	1704170880	1704170880	0	NA	NA	NA	NA	NA	NA	NA	NA	NA	NA	NA	NA	0.00	0.00	0.00	NA	NA	349111	349111	349111
0	COMPLETED_BAR	US30	PERIOD_M1	1704170940	1704170880	1	NA	NA	NA	NA	NA	NA	NA	NA	NA	NA	NA	NA	0.00	0.00	0.00	NA	NA	349112	349112	349112
0	CURRENT_OPEN	US30	PERIOD_M1	1704170940	1704170940	0	NA	NA	NA	NA	NA	NA	NA	NA	NA	NA	NA	NA	0.00	0.00	0.00	NA	NA	349112	349112	349112
0	COMPLETED_BAR	US30	PERIOD_M1	1704171000	1704170940	1	NA	NA	NA	NA	NA	NA	NA	NA	NA	NA	NA	NA	0.00	0.00	0.00	NA	NA	349113	349113	349113
0	CURRENT_OPEN	US30	PERIOD_M1	1704171000	1704171000	0	NA	NA	NA	NA	NA	NA	NA	NA	NA	NA	NA	NA	0.00	0.00	0.00	NA	NA	349113	349113	349113
0	COMPLETED_BAR	US30	PERIOD_M1	1704171060	1704171000	1	NA	NA	NA	NA	NA	NA	NA	NA	NA	NA	NA	NA	0.00	0.00	0.00	NA	NA	349114	349114	349114
0	CURRENT_OPEN	US30	PERIOD_M1	1704171060	1704171060	0	NA	NA	NA	NA	NA	NA	NA	NA	NA	NA	NA	NA	0.00	0.00	0.00	NA	NA	349114	349114	349114
0	COMPLETED_BAR	US30	PERIOD_M1	1704171120	1704171060	1	NA	NA	NA	NA	NA	NA	NA	NA	NA	NA	NA	NA	0.00	0.00	0.00	NA	NA	349115	349115	349115
0	CURRENT_OPEN	US30	PERIOD_M1	1704171120	1704171120	0	NA	NA	NA	NA	NA	NA	NA	NA	NA	NA	NA	NA	0.00	0.00	0.00	NA	NA	349115	349115	349115
0	COMPLETED_BAR	US30	PERIOD_M1	1704171180	1704171120	1	NA	NA	NA	NA	NA	NA	NA	NA	NA	NA	NA	NA	0.00	0.00	0.00	NA	NA	349116	349116	349116
0	CURRENT_OPEN	US30	PERIOD_M1	1704171180	1704171180	0	NA	NA	NA	NA	NA	NA	NA	NA	NA	NA	NA	NA	0.00	0.00	0.00	NA	NA	349116	349116	349116
0	COMPLETED_BAR	US30	PERIOD_M1	1704171240	1704171180	1	NA	NA	NA	NA	NA	NA	NA	NA	NA	NA	NA	NA	0.00	0.00	0.00	NA	NA	349117	349117	349117
0	CURRENT_OPEN	US30	PERIOD_M1	1704171240	1704171240	0	NA	NA	NA	NA	NA	NA	NA	NA	NA	NA	NA	NA	0.00	0.00	0.00	NA	NA	349117	349117	349117
0	COMPLETED_BAR	US30	PERIOD_M1	1704171300	1704171240	1	NA	NA	NA	NA	NA	NA	NA	NA	NA	NA	NA	NA	0.00	0.00	0.00	NA	NA	349118	349118	349118
0	CURRENT_OPEN	US30	PERIOD_M1	1704171300	1704171300	0	NA	NA	NA	NA	NA	NA	NA	NA	NA	NA	NA	NA	0.00	0.00	0.00	NA	NA	349118	349118	349118
0	COMPLETED_BAR	US30	PERIOD_M1	1704171360	1704171300	1	NA	NA	NA	NA	NA	NA	NA	NA	NA	NA	NA	NA	0.00	0.00	0.00	NA	NA	349119	349119	349119
0	CURRENT_OPEN	US30	PERIOD_M1	1704171360	1704171360	0	NA	NA	NA	NA	NA	NA	NA	NA	NA	NA	NA	NA	0.00	0.00	0.00	NA	NA	349119	349119	349119
0	COMPLETED_BAR	US30	PERIOD_M1	1704171420	1704171360	1	NA	NA	NA	NA	NA	NA	NA	NA	NA	NA	NA	NA	0.00	0.00	0.00	NA	NA	349120	349120	349120
0	CURRENT_OPEN	US30	PERIOD_M1	1704171420	1704171420	0	NA	NA	NA	NA	NA	NA	NA	NA	NA	NA	NA	NA	0.00	0.00	0.00	NA	NA	349120	349120	349120
0	COMPLETED_BAR	US30	PERIOD_M1	1704171480	1704171420	1	NA	NA	NA	NA	NA	NA	NA	NA	NA	NA	NA	NA	0.00	0.00	0.00	NA	NA	349121	349121	349121
0	CURRENT_OPEN	US30	PERIOD_M1	1704171480	1704171480	0	NA	NA	NA	NA	NA	NA	NA	NA	NA	NA	NA	NA	0.00	0.00	0.00	NA	NA	349121	349121	349121
0	COMPLETED_BAR	US30	PERIOD_M1	1704171540	1704171480	1	NA	NA	NA	NA	NA	NA	NA	NA	NA	NA	NA	NA	0.00	0.00	0.00	NA	NA	349122	349122	349122
0	CURRENT_OPEN	US30	PERIOD_M1	1704171540	1704171540	0	NA	NA	NA	NA	NA	NA	NA	NA	NA	NA	NA	NA	0.00	0.00	0.00	NA	NA	349122	349122	349122
0	COMPLETED_BAR	US30	PERIOD_M1	1704171600	1704171540	1	NA	NA	NA	NA	NA	NA	NA	NA	NA	NA	NA	NA	0.00	0.00	0.00	NA	NA	349123	349123	349123
0	CURRENT_OPEN	US30	PERIOD_M1	1704171600	1704171600	0	NA	NA	NA	NA	NA	NA	NA	NA	NA	NA	NA	NA	0.00	0.00	0.00	NA	NA	349123	349123	349123
0	COMPLETED_BAR	US30	PERIOD_M1	1704171660	1704171600	1	NA	NA	NA	NA	NA	NA	NA	NA	NA	NA	NA	NA	0.00	0.00	0.00	NA	NA	349124	349124	349124
0	CURRENT_OPEN	US30	PERIOD_M1	1704171660	1704171660	0	NA	NA	NA	NA	NA	NA	NA	NA	NA	NA	NA	NA	0.00	0.00	0.00	NA	NA	349124	349124	349124
0	COMPLETED_BAR	US30	PERIOD_M1	1704171720	1704171660	1	NA	NA	NA	NA	NA	NA	NA	NA	NA	NA	NA	NA	0.00	0.00	0.00	NA	NA	349125	349125	349125
0	CURRENT_OPEN	US30	PERIOD_M1	1704171720	1704171720	0	NA	NA	NA	NA	NA	NA	NA	NA	NA	NA	NA	NA	0.00	0.00	0.00	NA	NA	349125	349125	349125
0	COMPLETED_BAR	US30	PERIOD_M1	1704171780	1704171720	1	NA	NA	NA	NA	NA	NA	NA	NA	NA	NA	NA	NA	0.00	0.00	0.00	NA	NA	349126	349126	349126
0	CURRENT_OPEN	US30	PERIOD_M1	1704171780	1704171780	0	NA	NA	NA	NA	NA	NA	NA	NA	NA	NA	NA	NA	0.00	0.00	0.00	NA	NA	349126	349126	349126
0	COMPLETED_BAR	US30	PERIOD_M1	1704171840	1704171780	1	NA	NA	NA	NA	NA	NA	NA	NA	NA	NA	NA	NA	0.00	0.00	0.00	NA	NA	349127	349127	349127
0	CURRENT_OPEN	US30	PERIOD_M1	1704171840	1704171840	0	NA	NA	NA	NA	NA	NA	NA	NA	NA	NA	NA	NA	0.00	0.00	0.00	NA	NA	349127	349127	349127
0	COMPLETED_BAR	US30	PERIOD_M1	1704171900	1704171840	1	NA	NA	NA	NA	NA	NA	NA	NA	NA	NA	NA	NA	0.00	0.00	0.00	NA	NA	349128	349128	349128
0	CURRENT_OPEN	US30	PERIOD_M1	1704171900	1704171900	0	NA	NA	NA	NA	NA	NA	NA	NA	NA	NA	NA	NA	0.00	0.00	0.00	NA	NA	349128	349128	349128
0	COMPLETED_BAR	US30	PERIOD_M1	1704171960	1704171900	1	NA	NA	NA	NA	NA	NA	NA	NA	NA	NA	NA	NA	0.00	0.00	0.00	NA	NA	349129	349129	349129
0	CURRENT_OPEN	US30	PERIOD_M1	1704171960	1704171960	0	NA	NA	NA	NA	NA	NA	NA	NA	NA	NA	NA	NA	0.00	0.00	0.00	NA	NA	349129	349129	349129
0	COMPLETED_BAR	US30	PERIOD_M1	1704172020	1704171960	1	NA	NA	NA	NA	NA	NA	NA	NA	NA	NA	NA	NA	0.00	0.00	0.00	NA	NA	349130	349130	349130
0	CURRENT_OPEN	US30	PERIOD_M1	1704172020	1704172020	0	NA	NA	NA	NA	NA	NA	NA	NA	NA	NA	NA	NA	0.00	0.00	0.00	NA	NA	349130	349130	349130
0	COMPLETED_BAR	US30	PERIOD_M1	1704172080	1704172020	1	NA	NA	NA	NA	NA	NA	NA	NA	NA	NA	NA	NA	0.00	0.00	0.00	NA	NA	349131	349131	349131
0	CURRENT_OPEN	US30	PERIOD_M1	1704172080	1704172080	0	NA	NA	NA	NA	NA	NA	NA	NA	NA	NA	NA	NA	0.00	0.00	0.00	NA	NA	349131	349131	349131
0	COMPLETED_BAR	US30	PERIOD_M1	1704172140	1704172080	1	NA	NA	NA	NA	NA	NA	NA	NA	NA	NA	NA	NA	0.00	0.00	0.00	NA	NA	349132	349132	349132
0	CURRENT_OPEN	US30	PERIOD_M1	1704172140	1704172140	0	NA	NA	NA	NA	NA	NA	NA	NA	NA	NA	NA	NA	0.00	0.00	0.00	NA	NA	349132	349132	349132
0	COMPLETED_BAR	US30	PERIOD_M1	1704172200	1704172140	1	NA	NA	NA	NA	NA	NA	NA	NA	NA	NA	NA	NA	0.00	0.00	0.00	NA	NA	349133	349133	349133
0	CURRENT_OPEN	US30	PERIOD_M1	1704172200	1704172200	0	NA	NA	NA	NA	NA	NA	NA	NA	NA	NA	NA	NA	0.00	0.00	0.00	NA	NA	349133	349133	349133
0	COMPLETED_BAR	US30	PERIOD_M1	1704172260	1704172200	1	NA	NA	NA	NA	NA	NA	NA	NA	NA	NA	NA	NA	0.00	0.00	0.00	NA	NA	349134	349134	349134
0	CURRENT_OPEN	US30	PERIOD_M1	1704172260	1704172260	0	NA	NA	NA	NA	NA	NA	NA	NA	NA	NA	NA	NA	0.00	0.00	0.00	NA	NA	349134	349134	349134
0	COMPLETED_BAR	US30	PERIOD_M1	1704172320	1704172260	1	NA	NA	NA	NA	NA	NA	NA	NA	NA	NA	NA	NA	0.00	0.00	0.00	NA	NA	349135	349135	349135
0	CURRENT_OPEN	US30	PERIOD_M1	1704172320	1704172320	0	NA	NA	NA	NA	NA	NA	NA	NA	NA	NA	NA	NA	0.00	0.00	0.00	NA	NA	349135	349135	349135
0	COMPLETED_BAR	US30	PERIOD_M1	1704172380	1704172320	1	NA	NA	NA	NA	NA	NA	NA	NA	NA	NA	NA	NA	0.00	0.00	0.00	NA	NA	349136	349136	349136
0	CURRENT_OPEN	US30	PERIOD_M1	1704172380	1704172380	0	NA	NA	NA	NA	NA	NA	NA	NA	NA	NA	NA	NA	0.00	0.00	0.00	NA	NA	349136	349136	349136
0	COMPLETED_BAR	US30	PERIOD_M1	1704172440	1704172380	1	NA	NA	NA	NA	NA	NA	NA	NA	NA	NA	NA	NA	0.00	0.00	0.00	NA	NA	349137	349137	349137
0	CURRENT_OPEN	US30	PERIOD_M1	1704172440	1704172440	0	NA	NA	NA	NA	NA	NA	NA	NA	NA	NA	NA	NA	0.00	0.00	0.00	NA	NA	349137	349137	349137
0	COMPLETED_BAR	US30	PERIOD_M1	1704172500	1704172440	1	NA	NA	NA	NA	NA	NA	NA	NA	NA	NA	NA	NA	0.00	0.00	0.00	NA	NA	349138	349138	349138
0	CURRENT_OPEN	US30	PERIOD_M1	1704172500	1704172500	0	NA	NA	NA	NA	NA	NA	NA	NA	NA	NA	NA	NA	0.00	0.00	0.00	NA	NA	349138	349138	349138
0	COMPLETED_BAR	US30	PERIOD_M1	1704172560	1704172500	1	NA	NA	NA	NA	NA	NA	NA	NA	NA	NA	NA	NA	0.00	0.00	0.00	NA	NA	349139	349139	349139
0	CURRENT_OPEN	US30	PERIOD_M1	1704172560	1704172560	0	NA	NA	NA	NA	NA	NA	NA	NA	NA	NA	NA	NA	0.00	0.00	0.00	NA	NA	349139	349139	349139
0	COMPLETED_BAR	US30	PERIOD_M1	1704172620	1704172560	1	NA	NA	NA	NA	NA	NA	NA	NA	NA	NA	NA	NA	0.00	0.00	0.00	NA	NA	349140	349140	349140
0	CURRENT_OPEN	US30	PERIOD_M1	1704172620	1704172620	0	NA	NA	NA	NA	NA	NA	NA	NA	NA	NA	NA	NA	0.00	0.00	0.00	NA	NA	349140	349140	349140
0	COMPLETED_BAR	US30	PERIOD_M1	1704172680	1704172620	1	NA	NA	NA	NA	NA	NA	NA	NA	NA	NA	NA	NA	0.00	0.00	0.00	NA	NA	349141	349141	349141
0	CURRENT_OPEN	US30	PERIOD_M1	1704172680	1704172680	0	NA	NA	NA	NA	NA	NA	NA	NA	NA	NA	NA	NA	0.00	0.00	0.00	NA	NA	349141	349141	349141
0	COMPLETED_BAR	US30	PERIOD_M1	1704172740	1704172680	1	NA	NA	NA	NA	NA	NA	NA	NA	NA	NA	NA	NA	0.00	0.00	0.00	NA	NA	349142	349142	349142
0	CURRENT_OPEN	US30	PERIOD_M1	1704172740	1704172740	0	NA	NA	NA	NA	NA	NA	NA	NA	NA	NA	NA	NA	0.00	0.00	0.00	NA	NA	349142	349142	349142
0	COMPLETED_BAR	US30	PERIOD_M1	1704172800	1704172740	1	NA	NA	NA	NA	NA	NA	NA	NA	NA	NA	NA	NA	0.00	0.00	0.00	NA	NA	349143	349143	349143
0	CURRENT_OPEN	US30	PERIOD_M1	1704172800	1704172800	0	NA	NA	NA	NA	NA	NA	NA	NA	NA	NA	NA	NA	0.00	0.00	0.00	NA	NA	349143	349143	349143
0	COMPLETED_BAR	US30	PERIOD_M1	1704172860	1704172800	1	NA	NA	NA	NA	NA	NA	NA	NA	NA	NA	NA	NA	0.00	0.00	0.00	NA	NA	349144	349144	349144
0	CURRENT_OPEN	US30	PERIOD_M1	1704172860	1704172860	0	NA	NA	NA	NA	NA	NA	NA	NA	NA	NA	NA	NA	0.00	0.00	0.00	NA	NA	349144	349144	349144
0	COMPLETED_BAR	US30	PERIOD_M1	1704172980	1704172860	1	NA	NA	NA	NA	NA	NA	NA	NA	NA	NA	NA	NA	0.00	0.00	0.00	NA	NA	349145	349145	349145
0	CURRENT_OPEN	US30	PERIOD_M1	1704172980	1704172980	0	NA	NA	NA	NA	NA	NA	NA	NA	NA	NA	NA	NA	0.00	0.00	0.00	NA	NA	349145	349145	349145
0	COMPLETED_BAR	US30	PERIOD_M1	1704173040	1704172980	1	NA	NA	NA	NA	NA	NA	NA	NA	NA	NA	NA	NA	0.00	0.00	0.00	NA	NA	349146	349146	349146
0	CURRENT_OPEN	US30	PERIOD_M1	1704173040	1704173040	0	NA	NA	NA	NA	NA	NA	NA	NA	NA	NA	NA	NA	0.00	0.00	0.00	NA	NA	349146	349146	349146
0	COMPLETED_BAR	US30	PERIOD_M1	1704173100	1704173040	1	NA	NA	NA	NA	NA	NA	NA	NA	NA	NA	NA	NA	0.00	0.00	0.00	NA	NA	349147	349147	349147
0	CURRENT_OPEN	US30	PERIOD_M1	1704173100	1704173100	0	NA	NA	NA	NA	NA	NA	NA	NA	NA	NA	NA	NA	0.00	0.00	0.00	NA	NA	349147	349147	349147
0	COMPLETED_BAR	US30	PERIOD_M1	1704173160	1704173100	1	NA	NA	NA	NA	NA	NA	NA	NA	NA	NA	NA	NA	0.00	0.00	0.00	NA	NA	349148	349148	349148
0	CURRENT_OPEN	US30	PERIOD_M1	1704173160	1704173160	0	NA	NA	NA	NA	NA	NA	NA	NA	NA	NA	NA	NA	0.00	0.00	0.00	NA	NA	349148	349148	349148
0	COMPLETED_BAR	US30	PERIOD_M1	1704173220	1704173160	1	NA	NA	NA	NA	NA	NA	NA	NA	NA	NA	NA	NA	0.00	0.00	0.00	NA	NA	349149	349149	349149
0	CURRENT_OPEN	US30	PERIOD_M1	1704173220	1704173220	0	NA	NA	NA	NA	NA	NA	NA	NA	NA	NA	NA	NA	0.00	0.00	0.00	NA	NA	349149	349149	349149
0	COMPLETED_BAR	US30	PERIOD_M1	1704173340	1704173220	1	NA	NA	NA	NA	NA	NA	NA	NA	NA	NA	NA	NA	0.00	0.00	0.00	NA	NA	349150	349150	349150
0	CURRENT_OPEN	US30	PERIOD_M1	1704173340	1704173340	0	NA	NA	NA	NA	NA	NA	NA	NA	NA	NA	NA	NA	0.00	0.00	0.00	NA	NA	349150	349150	349150
0	COMPLETED_BAR	US30	PERIOD_M1	1704173400	1704173340	1	NA	NA	NA	NA	NA	NA	NA	NA	NA	NA	NA	NA	0.00	0.00	0.00	NA	NA	349151	349151	349151
0	CURRENT_OPEN	US30	PERIOD_M1	1704173400	1704173400	0	NA	NA	NA	NA	NA	NA	NA	NA	NA	NA	NA	NA	0.00	0.00	0.00	NA	NA	349151	349151	349151
0	COMPLETED_BAR	US30	PERIOD_M1	1704173460	1704173400	1	NA	NA	NA	NA	NA	NA	NA	NA	NA	NA	NA	NA	0.00	0.00	0.00	NA	NA	349152	349152	349152
0	CURRENT_OPEN	US30	PERIOD_M1	1704173460	1704173460	0	NA	NA	NA	NA	NA	NA	NA	NA	NA	NA	NA	NA	0.00	0.00	0.00	NA	NA	349152	349152	349152
0	COMPLETED_BAR	US30	PERIOD_M1	1704173520	1704173460	1	NA	NA	NA	NA	NA	NA	NA	NA	NA	NA	NA	NA	0.00	0.00	0.00	NA	NA	349153	349153	349153
0	CURRENT_OPEN	US30	PERIOD_M1	1704173520	1704173520	0	NA	NA	NA	NA	NA	NA	NA	NA	NA	NA	NA	NA	0.00	0.00	0.00	NA	NA	349153	349153	349153
0	COMPLETED_BAR	US30	PERIOD_M1	1704173580	1704173520	1	NA	NA	NA	NA	NA	NA	NA	NA	NA	NA	NA	NA	0.00	0.00	0.00	NA	NA	349154	349154	349154
0	CURRENT_OPEN	US30	PERIOD_M1	1704173580	1704173580	0	NA	NA	NA	NA	NA	NA	NA	NA	NA	NA	NA	NA	0.00	0.00	0.00	NA	NA	349154	349154	349154
0	COMPLETED_BAR	US30	PERIOD_M1	1704173640	1704173580	1	NA	NA	NA	NA	NA	NA	NA	NA	NA	NA	NA	NA	0.00	0.00	0.00	NA	NA	349155	349155	349155
0	CURRENT_OPEN	US30	PERIOD_M1	1704173640	1704173640	0	NA	NA	NA	NA	NA	NA	NA	NA	NA	NA	NA	NA	0.00	0.00	0.00	NA	NA	349155	349155	349155
0	COMPLETED_BAR	US30	PERIOD_M1	1704173700	1704173640	1	NA	NA	NA	NA	NA	NA	NA	NA	NA	NA	NA	NA	0.00	0.00	0.00	NA	NA	349156	349156	349156
0	CURRENT_OPEN	US30	PERIOD_M1	1704173700	1704173700	0	NA	NA	NA	NA	NA	NA	NA	NA	NA	NA	NA	NA	0.00	0.00	0.00	NA	NA	349156	349156	349156
0	COMPLETED_BAR	US30	PERIOD_M1	1704173760	1704173700	1	NA	NA	NA	NA	NA	NA	NA	NA	NA	NA	NA	NA	0.00	0.00	0.00	NA	NA	349157	349157	349157
0	CURRENT_OPEN	US30	PERIOD_M1	1704173760	1704173760	0	NA	NA	NA	NA	NA	NA	NA	NA	NA	NA	NA	NA	0.00	0.00	0.00	NA	NA	349157	349157	349157
0	COMPLETED_BAR	US30	PERIOD_M1	1704173820	1704173760	1	NA	NA	NA	NA	NA	NA	NA	NA	NA	NA	NA	NA	0.00	0.00	0.00	NA	NA	349158	349158	349158
0	CURRENT_OPEN	US30	PERIOD_M1	1704173820	1704173820	0	NA	NA	NA	NA	NA	NA	NA	NA	NA	NA	NA	NA	0.00	0.00	0.00	NA	NA	349158	349158	349158
0	COMPLETED_BAR	US30	PERIOD_M1	1704173880	1704173820	1	NA	NA	NA	NA	NA	NA	NA	NA	NA	NA	NA	NA	0.00	0.00	0.00	NA	NA	349159	349159	349159
0	CURRENT_OPEN	US30	PERIOD_M1	1704173880	1704173880	0	NA	NA	NA	NA	NA	NA	NA	NA	NA	NA	NA	NA	0.00	0.00	0.00	NA	NA	349159	349159	349159
0	COMPLETED_BAR	US30	PERIOD_M1	1704173940	1704173880	1	NA	NA	NA	NA	NA	NA	NA	NA	NA	NA	NA	NA	0.00	0.00	0.00	NA	NA	349160	349160	349160
0	CURRENT_OPEN	US30	PERIOD_M1	1704173940	1704173940	0	NA	NA	NA	NA	NA	NA	NA	NA	NA	NA	NA	NA	0.00	0.00	0.00	NA	NA	349160	349160	349160
0	COMPLETED_BAR	US30	PERIOD_M1	1704174000	1704173940	1	NA	NA	NA	NA	NA	NA	NA	NA	NA	NA	NA	NA	0.00	0.00	0.00	NA	NA	349161	349161	349161
0	CURRENT_OPEN	US30	PERIOD_M1	1704174000	1704174000	0	NA	NA	NA	NA	NA	NA	NA	NA	NA	NA	NA	NA	0.00	0.00	0.00	NA	NA	349161	349161	349161
0	COMPLETED_BAR	US30	PERIOD_M1	1704174060	1704174000	1	NA	NA	NA	NA	NA	NA	NA	NA	NA	NA	NA	NA	0.00	0.00	0.00	NA	NA	349162	349162	349162
0	CURRENT_OPEN	US30	PERIOD_M1	1704174060	1704174060	0	NA	NA	NA	NA	NA	NA	NA	NA	NA	NA	NA	NA	0.00	0.00	0.00	NA	NA	349162	349162	349162
0	COMPLETED_BAR	US30	PERIOD_M1	1704174120	1704174060	1	NA	NA	NA	NA	NA	NA	NA	NA	NA	NA	NA	NA	0.00	0.00	0.00	NA	NA	349163	349163	349163
0	CURRENT_OPEN	US30	PERIOD_M1	1704174120	1704174120	0	NA	NA	NA	NA	NA	NA	NA	NA	NA	NA	NA	NA	0.00	0.00	0.00	NA	NA	349163	349163	349163
0	COMPLETED_BAR	US30	PERIOD_M1	1704174180	1704174120	1	NA	NA	NA	NA	NA	NA	NA	NA	NA	NA	NA	NA	0.00	0.00	0.00	NA	NA	349164	349164	349164
0	CURRENT_OPEN	US30	PERIOD_M1	1704174180	1704174180	0	NA	NA	NA	NA	NA	NA	NA	NA	NA	NA	NA	NA	0.00	0.00	0.00	NA	NA	349164	349164	349164
0	COMPLETED_BAR	US30	PERIOD_M1	1704174240	1704174180	1	NA	NA	NA	NA	NA	NA	NA	NA	NA	NA	NA	NA	0.00	0.00	0.00	NA	NA	349165	349165	349165
0	CURRENT_OPEN	US30	PERIOD_M1	1704174240	1704174240	0	NA	NA	NA	NA	NA	NA	NA	NA	NA	NA	NA	NA	0.00	0.00	0.00	NA	NA	349165	349165	349165
0	COMPLETED_BAR	US30	PERIOD_M1	1704174300	1704174240	1	NA	NA	NA	NA	NA	NA	NA	NA	NA	NA	NA	NA	0.00	0.00	0.00	NA	NA	349166	349166	349166
0	CURRENT_OPEN	US30	PERIOD_M1	1704174300	1704174300	0	NA	NA	NA	NA	NA	NA	NA	NA	NA	NA	NA	NA	0.00	0.00	0.00	NA	NA	349166	349166	349166
0	COMPLETED_BAR	US30	PERIOD_M1	1704174360	1704174300	1	NA	NA	NA	NA	NA	NA	NA	NA	NA	NA	NA	NA	0.00	0.00	0.00	NA	NA	349167	349167	349167
0	CURRENT_OPEN	US30	PERIOD_M1	1704174360	1704174360	0	NA	NA	NA	NA	NA	NA	NA	NA	NA	NA	NA	NA	0.00	0.00	0.00	NA	NA	349167	349167	349167
0	COMPLETED_BAR	US30	PERIOD_M1	1704174420	1704174360	1	NA	NA	NA	NA	NA	NA	NA	NA	NA	NA	NA	NA	0.00	0.00	0.00	NA	NA	349168	349168	349168
0	CURRENT_OPEN	US30	PERIOD_M1	1704174420	1704174420	0	NA	NA	NA	NA	NA	NA	NA	NA	NA	NA	NA	NA	0.00	0.00	0.00	NA	NA	349168	349168	349168
0	COMPLETED_BAR	US30	PERIOD_M1	1704174480	1704174420	1	NA	NA	NA	NA	NA	NA	NA	NA	NA	NA	NA	NA	0.00	0.00	0.00	NA	NA	349169	349169	349169
0	CURRENT_OPEN	US30	PERIOD_M1	1704174480	1704174480	0	NA	NA	NA	NA	NA	NA	NA	NA	NA	NA	NA	NA	0.00	0.00	0.00	NA	NA	349169	349169	349169
0	COMPLETED_BAR	US30	PERIOD_M1	1704174540	1704174480	1	NA	NA	NA	NA	NA	NA	NA	NA	NA	NA	NA	NA	0.00	0.00	0.00	NA	NA	349170	349170	349170
0	CURRENT_OPEN	US30	PERIOD_M1	1704174540	1704174540	0	NA	NA	NA	NA	NA	NA	NA	NA	NA	NA	NA	NA	0.00	0.00	0.00	NA	NA	349170	349170	349170
0	COMPLETED_BAR	US30	PERIOD_M1	1704174600	1704174540	1	NA	NA	NA	NA	NA	NA	NA	NA	NA	NA	NA	NA	0.00	0.00	0.00	NA	NA	349171	349171	349171
0	CURRENT_OPEN	US30	PERIOD_M1	1704174600	1704174600	0	NA	NA	NA	NA	NA	NA	NA	NA	NA	NA	NA	NA	0.00	0.00	0.00	NA	NA	349171	349171	349171
0	COMPLETED_BAR	US30	PERIOD_M1	1704174660	1704174600	1	NA	NA	NA	NA	NA	NA	NA	NA	NA	NA	NA	NA	0.00	0.00	0.00	NA	NA	349172	349172	349172
0	CURRENT_OPEN	US30	PERIOD_M1	1704174660	1704174660	0	NA	NA	NA	NA	NA	NA	NA	NA	NA	NA	NA	NA	0.00	0.00	0.00	NA	NA	349172	349172	349172
0	COMPLETED_BAR	US30	PERIOD_M1	1704174720	1704174660	1	NA	NA	NA	NA	NA	NA	NA	NA	NA	NA	NA	NA	0.00	0.00	0.00	NA	NA	349173	349173	349173
0	CURRENT_OPEN	US30	PERIOD_M1	1704174720	1704174720	0	NA	NA	NA	NA	NA	NA	NA	NA	NA	NA	NA	NA	0.00	0.00	0.00	NA	NA	349173	349173	349173
0	COMPLETED_BAR	US30	PERIOD_M1	1704174780	1704174720	1	NA	NA	NA	NA	NA	NA	NA	NA	NA	NA	NA	NA	0.00	0.00	0.00	NA	NA	349174	349174	349174
0	CURRENT_OPEN	US30	PERIOD_M1	1704174780	1704174780	0	NA	NA	NA	NA	NA	NA	NA	NA	NA	NA	NA	NA	0.00	0.00	0.00	NA	NA	349174	349174	349174
0	COMPLETED_BAR	US30	PERIOD_M1	1704174840	1704174780	1	NA	NA	NA	NA	NA	NA	NA	NA	NA	NA	NA	NA	0.00	0.00	0.00	NA	NA	349175	349175	349175
0	CURRENT_OPEN	US30	PERIOD_M1	1704174840	1704174840	0	NA	NA	NA	NA	NA	NA	NA	NA	NA	NA	NA	NA	0.00	0.00	0.00	NA	NA	349175	349175	349175
0	COMPLETED_BAR	US30	PERIOD_M1	1704174930	1704174840	1	NA	NA	NA	NA	NA	NA	NA	NA	NA	NA	NA	NA	0.00	0.00	0.00	NA	NA	349176	349176	349176
0	CURRENT_OPEN	US30	PERIOD_M1	1704174930	1704174900	0	NA	NA	NA	NA	NA	NA	NA	NA	NA	NA	NA	NA	0.00	0.00	0.00	NA	NA	349176	349176	349176
0	COMPLETED_BAR	US30	PERIOD_M1	1704174960	1704174900	1	NA	NA	NA	NA	NA	NA	NA	NA	NA	NA	NA	NA	0.00	0.00	0.00	NA	NA	349177	349177	349177
0	CURRENT_OPEN	US30	PERIOD_M1	1704174960	1704174960	0	NA	NA	NA	NA	NA	NA	NA	NA	NA	NA	NA	NA	0.00	0.00	0.00	NA	NA	349177	349177	349177
0	COMPLETED_BAR	US30	PERIOD_M1	1704175020	1704174960	1	NA	NA	NA	NA	NA	NA	NA	NA	NA	NA	NA	NA	0.00	0.00	0.00	NA	NA	349178	349178	349178
0	CURRENT_OPEN	US30	PERIOD_M1	1704175020	1704175020	0	NA	NA	NA	NA	NA	NA	NA	NA	NA	NA	NA	NA	0.00	0.00	0.00	NA	NA	349178	349178	349178
0	COMPLETED_BAR	US30	PERIOD_M1	1704175080	1704175020	1	NA	NA	NA	NA	NA	NA	NA	NA	NA	NA	NA	NA	0.00	0.00	0.00	NA	NA	349179	349179	349179
0	CURRENT_OPEN	US30	PERIOD_M1	1704175080	1704175080	0	NA	NA	NA	NA	NA	NA	NA	NA	NA	NA	NA	NA	0.00	0.00	0.00	NA	NA	349179	349179	349179
0	COMPLETED_BAR	US30	PERIOD_M1	1704175140	1704175080	1	NA	NA	NA	NA	NA	NA	NA	NA	NA	NA	NA	NA	0.00	0.00	0.00	NA	NA	349180	349180	349180
0	CURRENT_OPEN	US30	PERIOD_M1	1704175140	1704175140	0	NA	NA	NA	NA	NA	NA	NA	NA	NA	NA	NA	NA	0.00	0.00	0.00	NA	NA	349180	349180	349180
0	COMPLETED_BAR	US30	PERIOD_M1	1704175200	1704175140	1	NA	NA	NA	NA	NA	NA	NA	NA	NA	NA	NA	NA	0.00	0.00	0.00	NA	NA	349181	349181	349181
0	CURRENT_OPEN	US30	PERIOD_M1	1704175200	1704175200	0	NA	NA	NA	NA	NA	NA	NA	NA	NA	NA	NA	NA	0.00	0.00	0.00	NA	NA	349181	349181	349181
0	COMPLETED_BAR	US30	PERIOD_M1	1704175260	1704175200	1	NA	NA	NA	NA	NA	NA	NA	NA	NA	NA	NA	NA	0.00	0.00	0.00	NA	NA	349182	349182	349182
0	CURRENT_OPEN	US30	PERIOD_M1	1704175260	1704175260	0	NA	NA	NA	NA	NA	NA	NA	NA	NA	NA	NA	NA	0.00	0.00	0.00	NA	NA	349182	349182	349182
0	COMPLETED_BAR	US30	PERIOD_M1	1704175320	1704175260	1	NA	NA	NA	NA	NA	NA	NA	NA	NA	NA	NA	NA	0.00	0.00	0.00	NA	NA	349183	349183	349183
0	CURRENT_OPEN	US30	PERIOD_M1	1704175320	1704175320	0	NA	NA	NA	NA	NA	NA	NA	NA	NA	NA	NA	NA	0.00	0.00	0.00	NA	NA	349183	349183	349183
0	COMPLETED_BAR	US30	PERIOD_M1	1704175410	1704175320	1	NA	NA	NA	NA	NA	NA	NA	NA	NA	NA	NA	NA	0.00	0.00	0.00	NA	NA	349184	349184	349184
0	CURRENT_OPEN	US30	PERIOD_M1	1704175410	1704175380	0	NA	NA	NA	NA	NA	NA	NA	NA	NA	NA	NA	NA	0.00	0.00	0.00	NA	NA	349184	349184	349184
0	COMPLETED_BAR	US30	PERIOD_M1	1704175440	1704175380	1	NA	NA	NA	NA	NA	NA	NA	NA	NA	NA	NA	NA	0.00	0.00	0.00	NA	NA	349185	349185	349185
0	CURRENT_OPEN	US30	PERIOD_M1	1704175440	1704175440	0	NA	NA	NA	NA	NA	NA	NA	NA	NA	NA	NA	NA	0.00	0.00	0.00	NA	NA	349185	349185	349185
0	COMPLETED_BAR	US30	PERIOD_M1	1704175500	1704175440	1	NA	NA	NA	NA	NA	NA	NA	NA	NA	NA	NA	NA	0.00	0.00	0.00	NA	NA	349186	349186	349186
0	CURRENT_OPEN	US30	PERIOD_M1	1704175500	1704175500	0	NA	NA	NA	NA	NA	NA	NA	NA	NA	NA	NA	NA	0.00	0.00	0.00	NA	NA	349186	349186	349186
0	COMPLETED_BAR	US30	PERIOD_M1	1704175560	1704175500	1	NA	NA	NA	NA	NA	NA	NA	NA	NA	NA	NA	NA	0.00	0.00	0.00	NA	NA	349187	349187	349187
0	CURRENT_OPEN	US30	PERIOD_M1	1704175560	1704175560	0	NA	NA	NA	NA	NA	NA	NA	NA	NA	NA	NA	NA	0.00	0.00	0.00	NA	NA	349187	349187	349187
0	COMPLETED_BAR	US30	PERIOD_M1	1704175620	1704175560	1	NA	NA	NA	NA	NA	NA	NA	NA	NA	NA	NA	NA	0.00	0.00	0.00	NA	NA	349188	349188	349188
0	CURRENT_OPEN	US30	PERIOD_M1	1704175620	1704175620	0	NA	NA	NA	NA	NA	NA	NA	NA	NA	NA	NA	NA	0.00	0.00	0.00	NA	NA	349188	349188	349188
0	COMPLETED_BAR	US30	PERIOD_M1	1704175680	1704175620	1	NA	NA	NA	NA	NA	NA	NA	NA	NA	NA	NA	NA	0.00	0.00	0.00	NA	NA	349189	349189	349189
0	CURRENT_OPEN	US30	PERIOD_M1	1704175680	1704175680	0	NA	NA	NA	NA	NA	NA	NA	NA	NA	NA	NA	NA	0.00	0.00	0.00	NA	NA	349189	349189	349189
0	COMPLETED_BAR	US30	PERIOD_M1	1704175740	1704175680	1	NA	NA	NA	NA	NA	NA	NA	NA	NA	NA	NA	NA	0.00	0.00	0.00	NA	NA	349190	349190	349190
0	CURRENT_OPEN	US30	PERIOD_M1	1704175740	1704175740	0	NA	NA	NA	NA	NA	NA	NA	NA	NA	NA	NA	NA	0.00	0.00	0.00	NA	NA	349190	349190	349190
0	COMPLETED_BAR	US30	PERIOD_M1	1704175830	1704175740	1	NA	NA	NA	NA	NA	NA	NA	NA	NA	NA	NA	NA	0.00	0.00	0.00	NA	NA	349191	349191	349191
0	CURRENT_OPEN	US30	PERIOD_M1	1704175830	1704175800	0	NA	NA	NA	NA	NA	NA	NA	NA	NA	NA	NA	NA	0.00	0.00	0.00	NA	NA	349191	349191	349191
0	COMPLETED_BAR	US30	PERIOD_M1	1704175860	1704175800	1	NA	NA	NA	NA	NA	NA	NA	NA	NA	NA	NA	NA	0.00	0.00	0.00	NA	NA	349192	349192	349192
0	CURRENT_OPEN	US30	PERIOD_M1	1704175860	1704175860	0	NA	NA	NA	NA	NA	NA	NA	NA	NA	NA	NA	NA	0.00	0.00	0.00	NA	NA	349192	349192	349192
0	COMPLETED_BAR	US30	PERIOD_M1	1704175920	1704175860	1	NA	NA	NA	NA	NA	NA	NA	NA	NA	NA	NA	NA	0.00	0.00	0.00	NA	NA	349193	349193	349193
0	CURRENT_OPEN	US30	PERIOD_M1	1704175920	1704175920	0	NA	NA	NA	NA	NA	NA	NA	NA	NA	NA	NA	NA	0.00	0.00	0.00	NA	NA	349193	349193	349193
0	COMPLETED_BAR	US30	PERIOD_M1	1704175980	1704175920	1	NA	NA	NA	NA	NA	NA	NA	NA	NA	NA	NA	NA	0.00	0.00	0.00	NA	NA	349194	349194	349194
0	CURRENT_OPEN	US30	PERIOD_M1	1704175980	1704175980	0	NA	NA	NA	NA	NA	NA	NA	NA	NA	NA	NA	NA	0.00	0.00	0.00	NA	NA	349194	349194	349194
0	COMPLETED_BAR	US30	PERIOD_M1	1704176070	1704175980	1	NA	NA	NA	NA	NA	NA	NA	NA	NA	NA	NA	NA	0.00	0.00	0.00	NA	NA	349195	349195	349195
0	CURRENT_OPEN	US30	PERIOD_M1	1704176070	1704176040	0	NA	NA	NA	NA	NA	NA	NA	NA	NA	NA	NA	NA	0.00	0.00	0.00	NA	NA	349195	349195	349195
0	COMPLETED_BAR	US30	PERIOD_M1	1704176100	1704176040	1	NA	NA	NA	NA	NA	NA	NA	NA	NA	NA	NA	NA	0.00	0.00	0.00	NA	NA	349196	349196	349196
0	CURRENT_OPEN	US30	PERIOD_M1	1704176100	1704176100	0	NA	NA	NA	NA	NA	NA	NA	NA	NA	NA	NA	NA	0.00	0.00	0.00	NA	NA	349196	349196	349196
0	COMPLETED_BAR	US30	PERIOD_M1	1704176160	1704176100	1	NA	NA	NA	NA	NA	NA	NA	NA	NA	NA	NA	NA	0.00	0.00	0.00	NA	NA	349197	349197	349197
0	CURRENT_OPEN	US30	PERIOD_M1	1704176160	1704176160	0	NA	NA	NA	NA	NA	NA	NA	NA	NA	NA	NA	NA	0.00	0.00	0.00	NA	NA	349197	349197	349197
0	COMPLETED_BAR	US30	PERIOD_M1	1704176220	1704176160	1	NA	NA	NA	NA	NA	NA	NA	NA	NA	NA	NA	NA	0.00	0.00	0.00	NA	NA	349198	349198	349198
0	CURRENT_OPEN	US30	PERIOD_M1	1704176220	1704176220	0	NA	NA	NA	NA	NA	NA	NA	NA	NA	NA	NA	NA	0.00	0.00	0.00	NA	NA	349198	349198	349198
0	COMPLETED_BAR	US30	PERIOD_M1	1704176340	1704176220	1	NA	NA	NA	NA	NA	NA	NA	NA	NA	NA	NA	NA	0.00	0.00	0.00	NA	NA	349199	349199	349199
0	CURRENT_OPEN	US30	PERIOD_M1	1704176340	1704176340	0	NA	NA	NA	NA	NA	NA	NA	NA	NA	NA	NA	NA	0.00	0.00	0.00	NA	NA	349199	349199	349199
0	COMPLETED_BAR	US30	PERIOD_M1	1704176400	1704176340	1	NA	NA	NA	NA	NA	NA	NA	NA	NA	NA	NA	NA	0.00	0.00	0.00	NA	NA	349200	349200	349200
0	CURRENT_OPEN	US30	PERIOD_M1	1704176400	1704176400	0	NA	NA	NA	NA	NA	NA	NA	NA	NA	NA	NA	NA	0.00	0.00	0.00	NA	NA	349200	349200	349200
0	COMPLETED_BAR	US30	PERIOD_M1	1704176460	1704176400	1	NA	NA	NA	NA	NA	NA	NA	NA	NA	NA	NA	NA	0.00	0.00	0.00	NA	NA	349201	349201	349201
0	CURRENT_OPEN	US30	PERIOD_M1	1704176460	1704176460	0	NA	NA	NA	NA	NA	NA	NA	NA	NA	NA	NA	NA	0.00	0.00	0.00	NA	NA	349201	349201	349201
0	COMPLETED_BAR	US30	PERIOD_M1	1704176520	1704176460	1	NA	NA	NA	NA	NA	NA	NA	NA	NA	NA	NA	NA	0.00	0.00	0.00	NA	NA	349202	349202	349202
0	CURRENT_OPEN	US30	PERIOD_M1	1704176520	1704176520	0	NA	NA	NA	NA	NA	NA	NA	NA	NA	NA	NA	NA	0.00	0.00	0.00	NA	NA	349202	349202	349202
0	COMPLETED_BAR	US30	PERIOD_M1	1704176580	1704176520	1	NA	NA	NA	NA	NA	NA	NA	NA	NA	NA	NA	NA	0.00	0.00	0.00	NA	NA	349203	349203	349203
0	CURRENT_OPEN	US30	PERIOD_M1	1704176580	1704176580	0	NA	NA	NA	NA	NA	NA	NA	NA	NA	NA	NA	NA	0.00	0.00	0.00	NA	NA	349203	349203	349203
0	COMPLETED_BAR	US30	PERIOD_M1	1704176670	1704176580	1	NA	NA	NA	NA	NA	NA	NA	NA	NA	NA	NA	NA	0.00	0.00	0.00	NA	NA	349204	349204	349204
0	CURRENT_OPEN	US30	PERIOD_M1	1704176670	1704176640	0	NA	NA	NA	NA	NA	NA	NA	NA	NA	NA	NA	NA	0.00	0.00	0.00	NA	NA	349204	349204	349204
0	COMPLETED_BAR	US30	PERIOD_M1	1704176700	1704176640	1	NA	NA	NA	NA	NA	NA	NA	NA	NA	NA	NA	NA	0.00	0.00	0.00	NA	NA	349205	349205	349205
0	CURRENT_OPEN	US30	PERIOD_M1	1704176700	1704176700	0	NA	NA	NA	NA	NA	NA	NA	NA	NA	NA	NA	NA	0.00	0.00	0.00	NA	NA	349205	349205	349205
0	COMPLETED_BAR	US30	PERIOD_M1	1704176760	1704176700	1	NA	NA	NA	NA	NA	NA	NA	NA	NA	NA	NA	NA	0.00	0.00	0.00	NA	NA	349206	349206	349206
0	CURRENT_OPEN	US30	PERIOD_M1	1704176760	1704176760	0	NA	NA	NA	NA	NA	NA	NA	NA	NA	NA	NA	NA	0.00	0.00	0.00	NA	NA	349206	349206	349206
0	COMPLETED_BAR	US30	PERIOD_M1	1704176850	1704176760	1	NA	NA	NA	NA	NA	NA	NA	NA	NA	NA	NA	NA	0.00	0.00	0.00	NA	NA	349207	349207	349207
0	CURRENT_OPEN	US30	PERIOD_M1	1704176850	1704176820	0	NA	NA	NA	NA	NA	NA	NA	NA	NA	NA	NA	NA	0.00	0.00	0.00	NA	NA	349207	349207	349207
0	COMPLETED_BAR	US30	PERIOD_M1	1704176880	1704176820	1	NA	NA	NA	NA	NA	NA	NA	NA	NA	NA	NA	NA	0.00	0.00	0.00	NA	NA	349208	349208	349208
0	CURRENT_OPEN	US30	PERIOD_M1	1704176880	1704176880	0	NA	NA	NA	NA	NA	NA	NA	NA	NA	NA	NA	NA	0.00	0.00	0.00	NA	NA	349208	349208	349208
0	COMPLETED_BAR	US30	PERIOD_M1	1704176940	1704176880	1	NA	NA	NA	NA	NA	NA	NA	NA	NA	NA	NA	NA	0.00	0.00	0.00	NA	NA	349209	349209	349209
0	CURRENT_OPEN	US30	PERIOD_M1	1704176940	1704176940	0	NA	NA	NA	NA	NA	NA	NA	NA	NA	NA	NA	NA	0.00	0.00	0.00	NA	NA	349209	349209	349209
0	COMPLETED_BAR	US30	PERIOD_M1	1704177000	1704176940	1	NA	NA	NA	NA	NA	NA	NA	NA	NA	NA	NA	NA	0.00	0.00	0.00	NA	NA	349210	349210	349210
0	CURRENT_OPEN	US30	PERIOD_M1	1704177000	1704177000	0	NA	NA	NA	NA	NA	NA	NA	NA	NA	NA	NA	NA	0.00	0.00	0.00	NA	NA	349210	349210	349210
0	COMPLETED_BAR	US30	PERIOD_M1	1704177060	1704177000	1	NA	NA	NA	NA	NA	NA	NA	NA	NA	NA	NA	NA	0.00	0.00	0.00	NA	NA	349211	349211	349211
0	CURRENT_OPEN	US30	PERIOD_M1	1704177060	1704177060	0	NA	NA	NA	NA	NA	NA	NA	NA	NA	NA	NA	NA	0.00	0.00	0.00	NA	NA	349211	349211	349211
0	COMPLETED_BAR	US30	PERIOD_M1	1704177120	1704177060	1	NA	NA	NA	NA	NA	NA	NA	NA	NA	NA	NA	NA	0.00	0.00	0.00	NA	NA	349212	349212	349212
0	CURRENT_OPEN	US30	PERIOD_M1	1704177120	1704177120	0	NA	NA	NA	NA	NA	NA	NA	NA	NA	NA	NA	NA	0.00	0.00	0.00	NA	NA	349212	349212	349212
0	COMPLETED_BAR	US30	PERIOD_M1	1704177180	1704177120	1	NA	NA	NA	NA	NA	NA	NA	NA	NA	NA	NA	NA	0.00	0.00	0.00	NA	NA	349213	349213	349213
0	CURRENT_OPEN	US30	PERIOD_M1	1704177180	1704177180	0	NA	NA	NA	NA	NA	NA	NA	NA	NA	NA	NA	NA	0.00	0.00	0.00	NA	NA	349213	349213	349213
0	COMPLETED_BAR	US30	PERIOD_M1	1704177240	1704177180	1	NA	NA	NA	NA	NA	NA	NA	NA	NA	NA	NA	NA	0.00	0.00	0.00	NA	NA	349214	349214	349214
0	CURRENT_OPEN	US30	PERIOD_M1	1704177240	1704177240	0	NA	NA	NA	NA	NA	NA	NA	NA	NA	NA	NA	NA	0.00	0.00	0.00	NA	NA	349214	349214	349214
0	COMPLETED_BAR	US30	PERIOD_M1	1704177300	1704177240	1	NA	NA	NA	NA	NA	NA	NA	NA	NA	NA	NA	NA	0.00	0.00	0.00	NA	NA	349215	349215	349215
0	CURRENT_OPEN	US30	PERIOD_M1	1704177300	1704177300	0	NA	NA	NA	NA	NA	NA	NA	NA	NA	NA	NA	NA	0.00	0.00	0.00	NA	NA	349215	349215	349215
0	COMPLETED_BAR	US30	PERIOD_M1	1704177360	1704177300	1	NA	NA	NA	NA	NA	NA	NA	NA	NA	NA	NA	NA	0.00	0.00	0.00	NA	NA	349216	349216	349216
0	CURRENT_OPEN	US30	PERIOD_M1	1704177360	1704177360	0	NA	NA	NA	NA	NA	NA	NA	NA	NA	NA	NA	NA	0.00	0.00	0.00	NA	NA	349216	349216	349216
0	COMPLETED_BAR	US30	PERIOD_M1	1704177420	1704177360	1	NA	NA	NA	NA	NA	NA	NA	NA	NA	NA	NA	NA	0.00	0.00	0.00	NA	NA	349217	349217	349217
0	CURRENT_OPEN	US30	PERIOD_M1	1704177420	1704177420	0	NA	NA	NA	NA	NA	NA	NA	NA	NA	NA	NA	NA	0.00	0.00	0.00	NA	NA	349217	349217	349217
0	COMPLETED_BAR	US30	PERIOD_M1	1704177480	1704177420	1	NA	NA	NA	NA	NA	NA	NA	NA	NA	NA	NA	NA	0.00	0.00	0.00	NA	NA	349218	349218	349218
0	CURRENT_OPEN	US30	PERIOD_M1	1704177480	1704177480	0	NA	NA	NA	NA	NA	NA	NA	NA	NA	NA	NA	NA	0.00	0.00	0.00	NA	NA	349218	349218	349218
0	COMPLETED_BAR	US30	PERIOD_M1	1704177540	1704177480	1	NA	NA	NA	NA	NA	NA	NA	NA	NA	NA	NA	NA	0.00	0.00	0.00	NA	NA	349219	349219	349219
0	CURRENT_OPEN	US30	PERIOD_M1	1704177540	1704177540	0	NA	NA	NA	NA	NA	NA	NA	NA	NA	NA	NA	NA	0.00	0.00	0.00	NA	NA	349219	349219	349219
0	COMPLETED_BAR	US30	PERIOD_M1	1704177600	1704177540	1	NA	NA	NA	NA	NA	NA	NA	NA	NA	NA	NA	NA	0.00	0.00	0.00	NA	NA	349220	349220	349220
0	CURRENT_OPEN	US30	PERIOD_M1	1704177600	1704177600	0	NA	NA	NA	NA	NA	NA	NA	NA	NA	NA	NA	NA	0.00	0.00	0.00	NA	NA	349220	349220	349220
0	COMPLETED_BAR	US30	PERIOD_M1	1704177660	1704177600	1	NA	NA	NA	NA	NA	NA	NA	NA	NA	NA	NA	NA	0.00	0.00	0.00	NA	NA	349221	349221	349221
0	CURRENT_OPEN	US30	PERIOD_M1	1704177660	1704177660	0	NA	NA	NA	NA	NA	NA	NA	NA	NA	NA	NA	NA	0.00	0.00	0.00	NA	NA	349221	349221	349221
0	COMPLETED_BAR	US30	PERIOD_M1	1704177720	1704177660	1	NA	NA	NA	NA	NA	NA	NA	NA	NA	NA	NA	NA	0.00	0.00	0.00	NA	NA	349222	349222	349222
0	CURRENT_OPEN	US30	PERIOD_M1	1704177720	1704177720	0	NA	NA	NA	NA	NA	NA	NA	NA	NA	NA	NA	NA	0.00	0.00	0.00	NA	NA	349222	349222	349222
0	COMPLETED_BAR	US30	PERIOD_M1	1704177780	1704177720	1	NA	NA	NA	NA	NA	NA	NA	NA	NA	NA	NA	NA	0.00	0.00	0.00	NA	NA	349223	349223	349223
0	CURRENT_OPEN	US30	PERIOD_M1	1704177780	1704177780	0	NA	NA	NA	NA	NA	NA	NA	NA	NA	NA	NA	NA	0.00	0.00	0.00	NA	NA	349223	349223	349223
0	COMPLETED_BAR	US30	PERIOD_M1	1704177840	1704177780	1	NA	NA	NA	NA	NA	NA	NA	NA	NA	NA	NA	NA	0.00	0.00	0.00	NA	NA	349224	349224	349224
0	CURRENT_OPEN	US30	PERIOD_M1	1704177840	1704177840	0	NA	NA	NA	NA	NA	NA	NA	NA	NA	NA	NA	NA	0.00	0.00	0.00	NA	NA	349224	349224	349224
0	COMPLETED_BAR	US30	PERIOD_M1	1704177900	1704177840	1	NA	NA	NA	NA	NA	NA	NA	NA	NA	NA	NA	NA	0.00	0.00	0.00	NA	NA	349225	349225	349225
0	CURRENT_OPEN	US30	PERIOD_M1	1704177900	1704177900	0	NA	NA	NA	NA	NA	NA	NA	NA	NA	NA	NA	NA	0.00	0.00	0.00	NA	NA	349225	349225	349225
0	COMPLETED_BAR	US30	PERIOD_M1	1704177960	1704177900	1	NA	NA	NA	NA	NA	NA	NA	NA	NA	NA	NA	NA	0.00	0.00	0.00	NA	NA	349226	349226	349226
0	CURRENT_OPEN	US30	PERIOD_M1	1704177960	1704177960	0	NA	NA	NA	NA	NA	NA	NA	NA	NA	NA	NA	NA	0.00	0.00	0.00	NA	NA	349226	349226	349226
0	COMPLETED_BAR	US30	PERIOD_M1	1704178020	1704177960	1	NA	NA	NA	NA	NA	NA	NA	NA	NA	NA	NA	NA	0.00	0.00	0.00	NA	NA	349227	349227	349227
0	CURRENT_OPEN	US30	PERIOD_M1	1704178020	1704178020	0	NA	NA	NA	NA	NA	NA	NA	NA	NA	NA	NA	NA	0.00	0.00	0.00	NA	NA	349227	349227	349227
0	COMPLETED_BAR	US30	PERIOD_M1	1704178080	1704178020	1	NA	NA	NA	NA	NA	NA	NA	NA	NA	NA	NA	NA	0.00	0.00	0.00	NA	NA	349228	349228	349228
0	CURRENT_OPEN	US30	PERIOD_M1	1704178080	1704178080	0	NA	NA	NA	NA	NA	NA	NA	NA	NA	NA	NA	NA	0.00	0.00	0.00	NA	NA	349228	349228	349228
0	COMPLETED_BAR	US30	PERIOD_M1	1704178140	1704178080	1	NA	NA	NA	NA	NA	NA	NA	NA	NA	NA	NA	NA	0.00	0.00	0.00	NA	NA	349229	349229	349229
0	CURRENT_OPEN	US30	PERIOD_M1	1704178140	1704178140	0	NA	NA	NA	NA	NA	NA	NA	NA	NA	NA	NA	NA	0.00	0.00	0.00	NA	NA	349229	349229	349229
0	COMPLETED_BAR	US30	PERIOD_M1	1704178260	1704178140	1	NA	NA	NA	NA	NA	NA	NA	NA	NA	NA	NA	NA	0.00	0.00	0.00	NA	NA	349230	349230	349230
0	CURRENT_OPEN	US30	PERIOD_M1	1704178260	1704178260	0	NA	NA	NA	NA	NA	NA	NA	NA	NA	NA	NA	NA	0.00	0.00	0.00	NA	NA	349230	349230	349230
0	COMPLETED_BAR	US30	PERIOD_M1	1704178320	1704178260	1	NA	NA	NA	NA	NA	NA	NA	NA	NA	NA	NA	NA	0.00	0.00	0.00	NA	NA	349231	349231	349231
0	CURRENT_OPEN	US30	PERIOD_M1	1704178320	1704178320	0	NA	NA	NA	NA	NA	NA	NA	NA	NA	NA	NA	NA	0.00	0.00	0.00	NA	NA	349231	349231	349231
0	COMPLETED_BAR	US30	PERIOD_M1	1704178410	1704178320	1	NA	NA	NA	NA	NA	NA	NA	NA	NA	NA	NA	NA	0.00	0.00	0.00	NA	NA	349232	349232	349232
0	CURRENT_OPEN	US30	PERIOD_M1	1704178410	1704178380	0	NA	NA	NA	NA	NA	NA	NA	NA	NA	NA	NA	NA	0.00	0.00	0.00	NA	NA	349232	349232	349232
0	COMPLETED_BAR	US30	PERIOD_M1	1704178440	1704178380	1	NA	NA	NA	NA	NA	NA	NA	NA	NA	NA	NA	NA	0.00	0.00	0.00	NA	NA	349233	349233	349233
0	CURRENT_OPEN	US30	PERIOD_M1	1704178440	1704178440	0	NA	NA	NA	NA	NA	NA	NA	NA	NA	NA	NA	NA	0.00	0.00	0.00	NA	NA	349233	349233	349233
0	COMPLETED_BAR	US30	PERIOD_M1	1704178500	1704178440	1	NA	NA	NA	NA	NA	NA	NA	NA	NA	NA	NA	NA	0.00	0.00	0.00	NA	NA	349234	349234	349234
0	CURRENT_OPEN	US30	PERIOD_M1	1704178500	1704178500	0	NA	NA	NA	NA	NA	NA	NA	NA	NA	NA	NA	NA	0.00	0.00	0.00	NA	NA	349234	349234	349234
0	COMPLETED_BAR	US30	PERIOD_M1	1704178560	1704178500	1	NA	NA	NA	NA	NA	NA	NA	NA	NA	NA	NA	NA	0.00	0.00	0.00	NA	NA	349235	349235	349235
0	CURRENT_OPEN	US30	PERIOD_M1	1704178560	1704178560	0	NA	NA	NA	NA	NA	NA	NA	NA	NA	NA	NA	NA	0.00	0.00	0.00	NA	NA	349235	349235	349235
0	COMPLETED_BAR	US30	PERIOD_M1	1704178620	1704178560	1	NA	NA	NA	NA	NA	NA	NA	NA	NA	NA	NA	NA	0.00	0.00	0.00	NA	NA	349236	349236	349236
0	CURRENT_OPEN	US30	PERIOD_M1	1704178620	1704178620	0	NA	NA	NA	NA	NA	NA	NA	NA	NA	NA	NA	NA	0.00	0.00	0.00	NA	NA	349236	349236	349236
0	COMPLETED_BAR	US30	PERIOD_M1	1704178680	1704178620	1	NA	NA	NA	NA	NA	NA	NA	NA	NA	NA	NA	NA	0.00	0.00	0.00	NA	NA	349237	349237	349237
0	CURRENT_OPEN	US30	PERIOD_M1	1704178680	1704178680	0	NA	NA	NA	NA	NA	NA	NA	NA	NA	NA	NA	NA	0.00	0.00	0.00	NA	NA	349237	349237	349237
0	COMPLETED_BAR	US30	PERIOD_M1	1704178740	1704178680	1	NA	NA	NA	NA	NA	NA	NA	NA	NA	NA	NA	NA	0.00	0.00	0.00	NA	NA	349238	349238	349238
0	CURRENT_OPEN	US30	PERIOD_M1	1704178740	1704178740	0	NA	NA	NA	NA	NA	NA	NA	NA	NA	NA	NA	NA	0.00	0.00	0.00	NA	NA	349238	349238	349238
0	COMPLETED_BAR	US30	PERIOD_M1	1704178800	1704178740	1	NA	NA	NA	NA	NA	NA	NA	NA	NA	NA	NA	NA	0.00	0.00	0.00	NA	NA	349239	349239	349239
0	CURRENT_OPEN	US30	PERIOD_M1	1704178800	1704178800	0	NA	NA	NA	NA	NA	NA	NA	NA	NA	NA	NA	NA	0.00	0.00	0.00	NA	NA	349239	349239	349239
0	COMPLETED_BAR	US30	PERIOD_M1	1704178860	1704178800	1	NA	NA	NA	NA	NA	NA	NA	NA	NA	NA	NA	NA	0.00	0.00	0.00	NA	NA	349240	349240	349240
0	CURRENT_OPEN	US30	PERIOD_M1	1704178860	1704178860	0	NA	NA	NA	NA	NA	NA	NA	NA	NA	NA	NA	NA	0.00	0.00	0.00	NA	NA	349240	349240	349240
0	COMPLETED_BAR	US30	PERIOD_M1	1704178920	1704178860	1	NA	NA	NA	NA	NA	NA	NA	NA	NA	NA	NA	NA	0.00	0.00	0.00	NA	NA	349241	349241	349241
0	CURRENT_OPEN	US30	PERIOD_M1	1704178920	1704178920	0	NA	NA	NA	NA	NA	NA	NA	NA	NA	NA	NA	NA	0.00	0.00	0.00	NA	NA	349241	349241	349241
0	COMPLETED_BAR	US30	PERIOD_M1	1704178980	1704178920	1	NA	NA	NA	NA	NA	NA	NA	NA	NA	NA	NA	NA	0.00	0.00	0.00	NA	NA	349242	349242	349242
0	CURRENT_OPEN	US30	PERIOD_M1	1704178980	1704178980	0	NA	NA	NA	NA	NA	NA	NA	NA	NA	NA	NA	NA	0.00	0.00	0.00	NA	NA	349242	349242	349242
0	COMPLETED_BAR	US30	PERIOD_M1	1704179040	1704178980	1	NA	NA	NA	NA	NA	NA	NA	NA	NA	NA	NA	NA	0.00	0.00	0.00	NA	NA	349243	349243	349243
0	CURRENT_OPEN	US30	PERIOD_M1	1704179040	1704179040	0	NA	NA	NA	NA	NA	NA	NA	NA	NA	NA	NA	NA	0.00	0.00	0.00	NA	NA	349243	349243	349243
0	COMPLETED_BAR	US30	PERIOD_M1	1704179100	1704179040	1	NA	NA	NA	NA	NA	NA	NA	NA	NA	NA	NA	NA	0.00	0.00	0.00	NA	NA	349244	349244	349244
0	CURRENT_OPEN	US30	PERIOD_M1	1704179100	1704179100	0	NA	NA	NA	NA	NA	NA	NA	NA	NA	NA	NA	NA	0.00	0.00	0.00	NA	NA	349244	349244	349244
0	COMPLETED_BAR	US30	PERIOD_M1	1704179160	1704179100	1	NA	NA	NA	NA	NA	NA	NA	NA	NA	NA	NA	NA	0.00	0.00	0.00	NA	NA	349245	349245	349245
0	CURRENT_OPEN	US30	PERIOD_M1	1704179160	1704179160	0	NA	NA	NA	NA	NA	NA	NA	NA	NA	NA	NA	NA	0.00	0.00	0.00	NA	NA	349245	349245	349245
0	COMPLETED_BAR	US30	PERIOD_M1	1704179220	1704179160	1	NA	NA	NA	NA	NA	NA	NA	NA	NA	NA	NA	NA	0.00	0.00	0.00	NA	NA	349246	349246	349246
0	CURRENT_OPEN	US30	PERIOD_M1	1704179220	1704179220	0	NA	NA	NA	NA	NA	NA	NA	NA	NA	NA	NA	NA	0.00	0.00	0.00	NA	NA	349246	349246	349246
0	COMPLETED_BAR	US30	PERIOD_M1	1704179280	1704179220	1	NA	NA	NA	NA	NA	NA	NA	NA	NA	NA	NA	NA	0.00	0.00	0.00	NA	NA	349247	349247	349247
0	CURRENT_OPEN	US30	PERIOD_M1	1704179280	1704179280	0	NA	NA	NA	NA	NA	NA	NA	NA	NA	NA	NA	NA	0.00	0.00	0.00	NA	NA	349247	349247	349247
0	COMPLETED_BAR	US30	PERIOD_M1	1704179340	1704179280	1	NA	NA	NA	NA	NA	NA	NA	NA	NA	NA	NA	NA	0.00	0.00	0.00	NA	NA	349248	349248	349248
0	CURRENT_OPEN	US30	PERIOD_M1	1704179340	1704179340	0	NA	NA	NA	NA	NA	NA	NA	NA	NA	NA	NA	NA	0.00	0.00	0.00	NA	NA	349248	349248	349248
0	COMPLETED_BAR	US30	PERIOD_M1	1704179400	1704179340	1	NA	NA	NA	NA	NA	NA	NA	NA	NA	NA	NA	NA	0.00	0.00	0.00	NA	NA	349249	349249	349249
0	CURRENT_OPEN	US30	PERIOD_M1	1704179400	1704179400	0	NA	NA	NA	NA	NA	NA	NA	NA	NA	NA	NA	NA	0.00	0.00	0.00	NA	NA	349249	349249	349249
0	COMPLETED_BAR	US30	PERIOD_M1	1704179460	1704179400	1	NA	NA	NA	NA	NA	NA	NA	NA	NA	NA	NA	NA	0.00	0.00	0.00	NA	NA	349250	349250	349250
0	CURRENT_OPEN	US30	PERIOD_M1	1704179460	1704179460	0	NA	NA	NA	NA	NA	NA	NA	NA	NA	NA	NA	NA	0.00	0.00	0.00	NA	NA	349250	349250	349250
0	COMPLETED_BAR	US30	PERIOD_M1	1704179520	1704179460	1	NA	NA	NA	NA	NA	NA	NA	NA	NA	NA	NA	NA	0.00	0.00	0.00	NA	NA	349251	349251	349251
0	CURRENT_OPEN	US30	PERIOD_M1	1704179520	1704179520	0	NA	NA	NA	NA	NA	NA	NA	NA	NA	NA	NA	NA	0.00	0.00	0.00	NA	NA	349251	349251	349251
0	COMPLETED_BAR	US30	PERIOD_M1	1704179580	1704179520	1	NA	NA	NA	NA	NA	NA	NA	NA	NA	NA	NA	NA	0.00	0.00	0.00	NA	NA	349252	349252	349252
0	CURRENT_OPEN	US30	PERIOD_M1	1704179580	1704179580	0	NA	NA	NA	NA	NA	NA	NA	NA	NA	NA	NA	NA	0.00	0.00	0.00	NA	NA	349252	349252	349252
0	COMPLETED_BAR	US30	PERIOD_M1	1704179640	1704179580	1	NA	NA	NA	NA	NA	NA	NA	NA	NA	NA	NA	NA	0.00	0.00	0.00	NA	NA	349253	349253	349253
0	CURRENT_OPEN	US30	PERIOD_M1	1704179640	1704179640	0	NA	NA	NA	NA	NA	NA	NA	NA	NA	NA	NA	NA	0.00	0.00	0.00	NA	NA	349253	349253	349253
0	COMPLETED_BAR	US30	PERIOD_M1	1704179700	1704179640	1	NA	NA	NA	NA	NA	NA	NA	NA	NA	NA	NA	NA	0.00	0.00	0.00	NA	NA	349254	349254	349254
0	CURRENT_OPEN	US30	PERIOD_M1	1704179700	1704179700	0	NA	NA	NA	NA	NA	NA	NA	NA	NA	NA	NA	NA	0.00	0.00	0.00	NA	NA	349254	349254	349254
0	COMPLETED_BAR	US30	PERIOD_M1	1704179760	1704179700	1	NA	NA	NA	NA	NA	NA	NA	NA	NA	NA	NA	NA	0.00	0.00	0.00	NA	NA	349255	349255	349255
0	CURRENT_OPEN	US30	PERIOD_M1	1704179760	1704179760	0	NA	NA	NA	NA	NA	NA	NA	NA	NA	NA	NA	NA	0.00	0.00	0.00	NA	NA	349255	349255	349255
0	COMPLETED_BAR	US30	PERIOD_M1	1704179820	1704179760	1	NA	NA	NA	NA	NA	NA	NA	NA	NA	NA	NA	NA	0.00	0.00	0.00	NA	NA	349256	349256	349256
0	CURRENT_OPEN	US30	PERIOD_M1	1704179820	1704179820	0	NA	NA	NA	NA	NA	NA	NA	NA	NA	NA	NA	NA	0.00	0.00	0.00	NA	NA	349256	349256	349256
0	COMPLETED_BAR	US30	PERIOD_M1	1704179880	1704179820	1	NA	NA	NA	NA	NA	NA	NA	NA	NA	NA	NA	NA	0.00	0.00	0.00	NA	NA	349257	349257	349257
0	CURRENT_OPEN	US30	PERIOD_M1	1704179880	1704179880	0	NA	NA	NA	NA	NA	NA	NA	NA	NA	NA	NA	NA	0.00	0.00	0.00	NA	NA	349257	349257	349257
0	COMPLETED_BAR	US30	PERIOD_M1	1704179940	1704179880	1	NA	NA	NA	NA	NA	NA	NA	NA	NA	NA	NA	NA	0.00	0.00	0.00	NA	NA	349258	349258	349258
0	CURRENT_OPEN	US30	PERIOD_M1	1704179940	1704179940	0	NA	NA	NA	NA	NA	NA	NA	NA	NA	NA	NA	NA	0.00	0.00	0.00	NA	NA	349258	349258	349258
0	COMPLETED_BAR	US30	PERIOD_M1	1704180000	1704179940	1	NA	NA	NA	NA	NA	NA	NA	NA	NA	NA	NA	NA	0.00	0.00	0.00	NA	NA	349259	349259	349259
0	CURRENT_OPEN	US30	PERIOD_M1	1704180000	1704180000	0	NA	NA	NA	NA	NA	NA	NA	NA	NA	NA	NA	NA	0.00	0.00	0.00	NA	NA	349259	349259	349259
0	COMPLETED_BAR	US30	PERIOD_M1	1704180060	1704180000	1	NA	NA	NA	NA	NA	NA	NA	NA	NA	NA	NA	NA	0.00	0.00	0.00	NA	NA	349260	349260	349260
0	CURRENT_OPEN	US30	PERIOD_M1	1704180060	1704180060	0	NA	NA	NA	NA	NA	NA	NA	NA	NA	NA	NA	NA	0.00	0.00	0.00	NA	NA	349260	349260	349260
0	COMPLETED_BAR	US30	PERIOD_M1	1704180120	1704180060	1	NA	NA	NA	NA	NA	NA	NA	NA	NA	NA	NA	NA	0.00	0.00	0.00	NA	NA	349261	349261	349261
0	CURRENT_OPEN	US30	PERIOD_M1	1704180120	1704180120	0	NA	NA	NA	NA	NA	NA	NA	NA	NA	NA	NA	NA	0.00	0.00	0.00	NA	NA	349261	349261	349261
0	COMPLETED_BAR	US30	PERIOD_M1	1704180180	1704180120	1	NA	NA	NA	NA	NA	NA	NA	NA	NA	NA	NA	NA	0.00	0.00	0.00	NA	NA	349262	349262	349262
0	CURRENT_OPEN	US30	PERIOD_M1	1704180180	1704180180	0	NA	NA	NA	NA	NA	NA	NA	NA	NA	NA	NA	NA	0.00	0.00	0.00	NA	NA	349262	349262	349262
0	COMPLETED_BAR	US30	PERIOD_M1	1704180240	1704180180	1	NA	NA	NA	NA	NA	NA	NA	NA	NA	NA	NA	NA	0.00	0.00	0.00	NA	NA	349263	349263	349263
0	CURRENT_OPEN	US30	PERIOD_M1	1704180240	1704180240	0	NA	NA	NA	NA	NA	NA	NA	NA	NA	NA	NA	NA	0.00	0.00	0.00	NA	NA	349263	349263	349263
0	COMPLETED_BAR	US30	PERIOD_M1	1704180300	1704180240	1	NA	NA	NA	NA	NA	NA	NA	NA	NA	NA	NA	NA	0.00	0.00	0.00	NA	NA	349264	349264	349264
0	CURRENT_OPEN	US30	PERIOD_M1	1704180300	1704180300	0	NA	NA	NA	NA	NA	NA	NA	NA	NA	NA	NA	NA	0.00	0.00	0.00	NA	NA	349264	349264	349264
0	COMPLETED_BAR	US30	PERIOD_M1	1704180360	1704180300	1	NA	NA	NA	NA	NA	NA	NA	NA	NA	NA	NA	NA	0.00	0.00	0.00	NA	NA	349265	349265	349265
0	CURRENT_OPEN	US30	PERIOD_M1	1704180360	1704180360	0	NA	NA	NA	NA	NA	NA	NA	NA	NA	NA	NA	NA	0.00	0.00	0.00	NA	NA	349265	349265	349265
0	COMPLETED_BAR	US30	PERIOD_M1	1704180420	1704180360	1	NA	NA	NA	NA	NA	NA	NA	NA	NA	NA	NA	NA	0.00	0.00	0.00	NA	NA	349266	349266	349266
0	CURRENT_OPEN	US30	PERIOD_M1	1704180420	1704180420	0	NA	NA	NA	NA	NA	NA	NA	NA	NA	NA	NA	NA	0.00	0.00	0.00	NA	NA	349266	349266	349266
0	COMPLETED_BAR	US30	PERIOD_M1	1704180480	1704180420	1	NA	NA	NA	NA	NA	NA	NA	NA	NA	NA	NA	NA	0.00	0.00	0.00	NA	NA	349267	349267	349267
0	CURRENT_OPEN	US30	PERIOD_M1	1704180480	1704180480	0	NA	NA	NA	NA	NA	NA	NA	NA	NA	NA	NA	NA	0.00	0.00	0.00	NA	NA	349267	349267	349267
0	COMPLETED_BAR	US30	PERIOD_M1	1704180540	1704180480	1	NA	NA	NA	NA	NA	NA	NA	NA	NA	NA	NA	NA	0.00	0.00	0.00	NA	NA	349268	349268	349268
0	CURRENT_OPEN	US30	PERIOD_M1	1704180540	1704180540	0	NA	NA	NA	NA	NA	NA	NA	NA	NA	NA	NA	NA	0.00	0.00	0.00	NA	NA	349268	349268	349268
0	COMPLETED_BAR	US30	PERIOD_M1	1704180600	1704180540	1	NA	NA	NA	NA	NA	NA	NA	NA	NA	NA	NA	NA	0.00	0.00	0.00	NA	NA	349269	349269	349269
0	CURRENT_OPEN	US30	PERIOD_M1	1704180600	1704180600	0	NA	NA	NA	NA	NA	NA	NA	NA	NA	NA	NA	NA	0.00	0.00	0.00	NA	NA	349269	349269	349269
0	COMPLETED_BAR	US30	PERIOD_M1	1704180660	1704180600	1	NA	NA	NA	NA	NA	NA	NA	NA	NA	NA	NA	NA	0.00	0.00	0.00	NA	NA	349270	349270	349270
0	CURRENT_OPEN	US30	PERIOD_M1	1704180660	1704180660	0	NA	NA	NA	NA	NA	NA	NA	NA	NA	NA	NA	NA	0.00	0.00	0.00	NA	NA	349270	349270	349270
0	COMPLETED_BAR	US30	PERIOD_M1	1704180720	1704180660	1	NA	NA	NA	NA	NA	NA	NA	NA	NA	NA	NA	NA	0.00	0.00	0.00	NA	NA	349271	349271	349271
0	CURRENT_OPEN	US30	PERIOD_M1	1704180720	1704180720	0	NA	NA	NA	NA	NA	NA	NA	NA	NA	NA	NA	NA	0.00	0.00	0.00	NA	NA	349271	349271	349271
0	COMPLETED_BAR	US30	PERIOD_M1	1704180780	1704180720	1	NA	NA	NA	NA	NA	NA	NA	NA	NA	NA	NA	NA	0.00	0.00	0.00	NA	NA	349272	349272	349272
0	CURRENT_OPEN	US30	PERIOD_M1	1704180780	1704180780	0	NA	NA	NA	NA	NA	NA	NA	NA	NA	NA	NA	NA	0.00	0.00	0.00	NA	NA	349272	349272	349272
0	COMPLETED_BAR	US30	PERIOD_M1	1704180840	1704180780	1	NA	NA	NA	NA	NA	NA	NA	NA	NA	NA	NA	NA	0.00	0.00	0.00	NA	NA	349273	349273	349273
0	CURRENT_OPEN	US30	PERIOD_M1	1704180840	1704180840	0	NA	NA	NA	NA	NA	NA	NA	NA	NA	NA	NA	NA	0.00	0.00	0.00	NA	NA	349273	349273	349273
0	COMPLETED_BAR	US30	PERIOD_M1	1704180900	1704180840	1	NA	NA	NA	NA	NA	NA	NA	NA	NA	NA	NA	NA	0.00	0.00	0.00	NA	NA	349274	349274	349274
0	CURRENT_OPEN	US30	PERIOD_M1	1704180900	1704180900	0	NA	NA	NA	NA	NA	NA	NA	NA	NA	NA	NA	NA	0.00	0.00	0.00	NA	NA	349274	349274	349274
0	COMPLETED_BAR	US30	PERIOD_M1	1704180990	1704180900	1	NA	NA	NA	NA	NA	NA	NA	NA	NA	NA	NA	NA	0.00	0.00	0.00	NA	NA	349275	349275	349275
0	CURRENT_OPEN	US30	PERIOD_M1	1704180990	1704180960	0	NA	NA	NA	NA	NA	NA	NA	NA	NA	NA	NA	NA	0.00	0.00	0.00	NA	NA	349275	349275	349275
0	COMPLETED_BAR	US30	PERIOD_M1	1704181020	1704180960	1	NA	NA	NA	NA	NA	NA	NA	NA	NA	NA	NA	NA	0.00	0.00	0.00	NA	NA	349276	349276	349276
0	CURRENT_OPEN	US30	PERIOD_M1	1704181020	1704181020	0	NA	NA	NA	NA	NA	NA	NA	NA	NA	NA	NA	NA	0.00	0.00	0.00	NA	NA	349276	349276	349276
0	COMPLETED_BAR	US30	PERIOD_M1	1704181080	1704181020	1	NA	NA	NA	NA	NA	NA	NA	NA	NA	NA	NA	NA	0.00	0.00	0.00	NA	NA	349277	349277	349277
0	CURRENT_OPEN	US30	PERIOD_M1	1704181080	1704181080	0	NA	NA	NA	NA	NA	NA	NA	NA	NA	NA	NA	NA	0.00	0.00	0.00	NA	NA	349277	349277	349277
0	COMPLETED_BAR	US30	PERIOD_M1	1704181140	1704181080	1	NA	NA	NA	NA	NA	NA	NA	NA	NA	NA	NA	NA	0.00	0.00	0.00	NA	NA	349278	349278	349278
0	CURRENT_OPEN	US30	PERIOD_M1	1704181140	1704181140	0	NA	NA	NA	NA	NA	NA	NA	NA	NA	NA	NA	NA	0.00	0.00	0.00	NA	NA	349278	349278	349278
0	COMPLETED_BAR	US30	PERIOD_M1	1704181200	1704181140	1	NA	NA	NA	NA	NA	NA	NA	NA	NA	NA	NA	NA	0.00	0.00	0.00	NA	NA	349279	349279	349279
0	CURRENT_OPEN	US30	PERIOD_M1	1704181200	1704181200	0	NA	NA	NA	NA	NA	NA	NA	NA	NA	NA	NA	NA	0.00	0.00	0.00	NA	NA	349279	349279	349279
0	COMPLETED_BAR	US30	PERIOD_M1	1704181260	1704181200	1	NA	NA	NA	NA	NA	NA	NA	NA	NA	NA	NA	NA	0.00	0.00	0.00	NA	NA	349280	349280	349280
0	CURRENT_OPEN	US30	PERIOD_M1	1704181260	1704181260	0	NA	NA	NA	NA	NA	NA	NA	NA	NA	NA	NA	NA	0.00	0.00	0.00	NA	NA	349280	349280	349280
0	COMPLETED_BAR	US30	PERIOD_M1	1704181320	1704181260	1	NA	NA	NA	NA	NA	NA	NA	NA	NA	NA	NA	NA	0.00	0.00	0.00	NA	NA	349281	349281	349281
0	CURRENT_OPEN	US30	PERIOD_M1	1704181320	1704181320	0	NA	NA	NA	NA	NA	NA	NA	NA	NA	NA	NA	NA	0.00	0.00	0.00	NA	NA	349281	349281	349281
0	COMPLETED_BAR	US30	PERIOD_M1	1704181380	1704181320	1	NA	NA	NA	NA	NA	NA	NA	NA	NA	NA	NA	NA	0.00	0.00	0.00	NA	NA	349282	349282	349282
0	CURRENT_OPEN	US30	PERIOD_M1	1704181380	1704181380	0	NA	NA	NA	NA	NA	NA	NA	NA	NA	NA	NA	NA	0.00	0.00	0.00	NA	NA	349282	349282	349282
0	COMPLETED_BAR	US30	PERIOD_M1	1704181440	1704181380	1	NA	NA	NA	NA	NA	NA	NA	NA	NA	NA	NA	NA	0.00	0.00	0.00	NA	NA	349283	349283	349283
0	CURRENT_OPEN	US30	PERIOD_M1	1704181440	1704181440	0	NA	NA	NA	NA	NA	NA	NA	NA	NA	NA	NA	NA	0.00	0.00	0.00	NA	NA	349283	349283	349283
0	COMPLETED_BAR	US30	PERIOD_M1	1704181500	1704181440	1	NA	NA	NA	NA	NA	NA	NA	NA	NA	NA	NA	NA	0.00	0.00	0.00	NA	NA	349284	349284	349284
0	CURRENT_OPEN	US30	PERIOD_M1	1704181500	1704181500	0	NA	NA	NA	NA	NA	NA	NA	NA	NA	NA	NA	NA	0.00	0.00	0.00	NA	NA	349284	349284	349284
0	COMPLETED_BAR	US30	PERIOD_M1	1704181560	1704181500	1	NA	NA	NA	NA	NA	NA	NA	NA	NA	NA	NA	NA	0.00	0.00	0.00	NA	NA	349285	349285	349285
0	CURRENT_OPEN	US30	PERIOD_M1	1704181560	1704181560	0	NA	NA	NA	NA	NA	NA	NA	NA	NA	NA	NA	NA	0.00	0.00	0.00	NA	NA	349285	349285	349285
0	COMPLETED_BAR	US30	PERIOD_M1	1704181620	1704181560	1	NA	NA	NA	NA	NA	NA	NA	NA	NA	NA	NA	NA	0.00	0.00	0.00	NA	NA	349286	349286	349286
0	CURRENT_OPEN	US30	PERIOD_M1	1704181620	1704181620	0	NA	NA	NA	NA	NA	NA	NA	NA	NA	NA	NA	NA	0.00	0.00	0.00	NA	NA	349286	349286	349286
0	COMPLETED_BAR	US30	PERIOD_M1	1704181680	1704181620	1	NA	NA	NA	NA	NA	NA	NA	NA	NA	NA	NA	NA	0.00	0.00	0.00	NA	NA	349287	349287	349287
0	CURRENT_OPEN	US30	PERIOD_M1	1704181680	1704181680	0	NA	NA	NA	NA	NA	NA	NA	NA	NA	NA	NA	NA	0.00	0.00	0.00	NA	NA	349287	349287	349287
0	COMPLETED_BAR	US30	PERIOD_M1	1704181740	1704181680	1	NA	NA	NA	NA	NA	NA	NA	NA	NA	NA	NA	NA	0.00	0.00	0.00	NA	NA	349288	349288	349288
0	CURRENT_OPEN	US30	PERIOD_M1	1704181740	1704181740	0	NA	NA	NA	NA	NA	NA	NA	NA	NA	NA	NA	NA	0.00	0.00	0.00	NA	NA	349288	349288	349288
0	COMPLETED_BAR	US30	PERIOD_M1	1704181800	1704181740	1	NA	NA	NA	NA	NA	NA	NA	NA	NA	NA	NA	NA	0.00	0.00	0.00	NA	NA	349289	349289	349289
0	CURRENT_OPEN	US30	PERIOD_M1	1704181800	1704181800	0	NA	NA	NA	NA	NA	NA	NA	NA	NA	NA	NA	NA	0.00	0.00	0.00	NA	NA	349289	349289	349289
0	COMPLETED_BAR	US30	PERIOD_M1	1704181860	1704181800	1	NA	NA	NA	NA	NA	NA	NA	NA	NA	NA	NA	NA	0.00	0.00	0.00	NA	NA	349290	349290	349290
0	CURRENT_OPEN	US30	PERIOD_M1	1704181860	1704181860	0	NA	NA	NA	NA	NA	NA	NA	NA	NA	NA	NA	NA	0.00	0.00	0.00	NA	NA	349290	349290	349290
0	COMPLETED_BAR	US30	PERIOD_M1	1704181920	1704181860	1	NA	NA	NA	NA	NA	NA	NA	NA	NA	NA	NA	NA	0.00	0.00	0.00	NA	NA	349291	349291	349291
0	CURRENT_OPEN	US30	PERIOD_M1	1704181920	1704181920	0	NA	NA	NA	NA	NA	NA	NA	NA	NA	NA	NA	NA	0.00	0.00	0.00	NA	NA	349291	349291	349291
0	COMPLETED_BAR	US30	PERIOD_M1	1704181980	1704181920	1	NA	NA	NA	NA	NA	NA	NA	NA	NA	NA	NA	NA	0.00	0.00	0.00	NA	NA	349292	349292	349292
0	CURRENT_OPEN	US30	PERIOD_M1	1704181980	1704181980	0	NA	NA	NA	NA	NA	NA	NA	NA	NA	NA	NA	NA	0.00	0.00	0.00	NA	NA	349292	349292	349292
0	COMPLETED_BAR	US30	PERIOD_M1	1704182040	1704181980	1	NA	NA	NA	NA	NA	NA	NA	NA	NA	NA	NA	NA	0.00	0.00	0.00	NA	NA	349293	349293	349293
0	CURRENT_OPEN	US30	PERIOD_M1	1704182040	1704182040	0	NA	NA	NA	NA	NA	NA	NA	NA	NA	NA	NA	NA	0.00	0.00	0.00	NA	NA	349293	349293	349293
0	COMPLETED_BAR	US30	PERIOD_M1	1704182100	1704182040	1	NA	NA	NA	NA	NA	NA	NA	NA	NA	NA	NA	NA	0.00	0.00	0.00	NA	NA	349294	349294	349294
0	CURRENT_OPEN	US30	PERIOD_M1	1704182100	1704182100	0	NA	NA	NA	NA	NA	NA	NA	NA	NA	NA	NA	NA	0.00	0.00	0.00	NA	NA	349294	349294	349294
0	COMPLETED_BAR	US30	PERIOD_M1	1704182190	1704182100	1	NA	NA	NA	NA	NA	NA	NA	NA	NA	NA	NA	NA	0.00	0.00	0.00	NA	NA	349295	349295	349295
0	CURRENT_OPEN	US30	PERIOD_M1	1704182190	1704182160	0	NA	NA	NA	NA	NA	NA	NA	NA	NA	NA	NA	NA	0.00	0.00	0.00	NA	NA	349295	349295	349295
0	COMPLETED_BAR	US30	PERIOD_M1	1704182220	1704182160	1	NA	NA	NA	NA	NA	NA	NA	NA	NA	NA	NA	NA	0.00	0.00	0.00	NA	NA	349296	349296	349296
0	CURRENT_OPEN	US30	PERIOD_M1	1704182220	1704182220	0	NA	NA	NA	NA	NA	NA	NA	NA	NA	NA	NA	NA	0.00	0.00	0.00	NA	NA	349296	349296	349296
0	COMPLETED_BAR	US30	PERIOD_M1	1704182280	1704182220	1	NA	NA	NA	NA	NA	NA	NA	NA	NA	NA	NA	NA	0.00	0.00	0.00	NA	NA	349297	349297	349297
0	CURRENT_OPEN	US30	PERIOD_M1	1704182280	1704182280	0	NA	NA	NA	NA	NA	NA	NA	NA	NA	NA	NA	NA	0.00	0.00	0.00	NA	NA	349297	349297	349297
0	COMPLETED_BAR	US30	PERIOD_M1	1704182340	1704182280	1	NA	NA	NA	NA	NA	NA	NA	NA	NA	NA	NA	NA	0.00	0.00	0.00	NA	NA	349298	349298	349298
0	CURRENT_OPEN	US30	PERIOD_M1	1704182340	1704182340	0	NA	NA	NA	NA	NA	NA	NA	NA	NA	NA	NA	NA	0.00	0.00	0.00	NA	NA	349298	349298	349298
0	COMPLETED_BAR	US30	PERIOD_M1	1704182400	1704182340	1	NA	NA	NA	NA	NA	NA	NA	NA	NA	NA	NA	NA	0.00	0.00	0.00	NA	NA	349299	349299	349299
0	CURRENT_OPEN	US30	PERIOD_M1	1704182400	1704182400	0	NA	NA	NA	NA	NA	NA	NA	NA	NA	NA	NA	NA	0.00	0.00	0.00	NA	NA	349299	349299	349299
0	COMPLETED_BAR	US30	PERIOD_M1	1704182460	1704182400	1	NA	NA	NA	NA	NA	NA	NA	NA	NA	NA	NA	NA	0.00	0.00	0.00	NA	NA	349300	349300	349300
0	CURRENT_OPEN	US30	PERIOD_M1	1704182460	1704182460	0	NA	NA	NA	NA	NA	NA	NA	NA	NA	NA	NA	NA	0.00	0.00	0.00	NA	NA	349300	349300	349300
0	COMPLETED_BAR	US30	PERIOD_M1	1704182520	1704182460	1	NA	NA	NA	NA	NA	NA	NA	NA	NA	NA	NA	NA	0.00	0.00	0.00	NA	NA	349301	349301	349301
0	CURRENT_OPEN	US30	PERIOD_M1	1704182520	1704182520	0	NA	NA	NA	NA	NA	NA	NA	NA	NA	NA	NA	NA	0.00	0.00	0.00	NA	NA	349301	349301	349301
0	COMPLETED_BAR	US30	PERIOD_M1	1704182580	1704182520	1	NA	NA	NA	NA	NA	NA	NA	NA	NA	NA	NA	NA	0.00	0.00	0.00	NA	NA	349302	349302	349302
0	CURRENT_OPEN	US30	PERIOD_M1	1704182580	1704182580	0	NA	NA	NA	NA	NA	NA	NA	NA	NA	NA	NA	NA	0.00	0.00	0.00	NA	NA	349302	349302	349302
0	COMPLETED_BAR	US30	PERIOD_M1	1704182640	1704182580	1	NA	NA	NA	NA	NA	NA	NA	NA	NA	NA	NA	NA	0.00	0.00	0.00	NA	NA	349303	349303	349303
0	CURRENT_OPEN	US30	PERIOD_M1	1704182640	1704182640	0	NA	NA	NA	NA	NA	NA	NA	NA	NA	NA	NA	NA	0.00	0.00	0.00	NA	NA	349303	349303	349303
0	COMPLETED_BAR	US30	PERIOD_M1	1704182700	1704182640	1	NA	NA	NA	NA	NA	NA	NA	NA	NA	NA	NA	NA	0.00	0.00	0.00	NA	NA	349304	349304	349304
0	CURRENT_OPEN	US30	PERIOD_M1	1704182700	1704182700	0	NA	NA	NA	NA	NA	NA	NA	NA	NA	NA	NA	NA	0.00	0.00	0.00	NA	NA	349304	349304	349304
0	COMPLETED_BAR	US30	PERIOD_M1	1704182760	1704182700	1	NA	NA	NA	NA	NA	NA	NA	NA	NA	NA	NA	NA	0.00	0.00	0.00	NA	NA	349305	349305	349305
0	CURRENT_OPEN	US30	PERIOD_M1	1704182760	1704182760	0	NA	NA	NA	NA	NA	NA	NA	NA	NA	NA	NA	NA	0.00	0.00	0.00	NA	NA	349305	349305	349305
0	COMPLETED_BAR	US30	PERIOD_M1	1704182820	1704182760	1	NA	NA	NA	NA	NA	NA	NA	NA	NA	NA	NA	NA	0.00	0.00	0.00	NA	NA	349306	349306	349306
0	CURRENT_OPEN	US30	PERIOD_M1	1704182820	1704182820	0	NA	NA	NA	NA	NA	NA	NA	NA	NA	NA	NA	NA	0.00	0.00	0.00	NA	NA	349306	349306	349306
0	COMPLETED_BAR	US30	PERIOD_M1	1704182880	1704182820	1	NA	NA	NA	NA	NA	NA	NA	NA	NA	NA	NA	NA	0.00	0.00	0.00	NA	NA	349307	349307	349307
0	CURRENT_OPEN	US30	PERIOD_M1	1704182880	1704182880	0	NA	NA	NA	NA	NA	NA	NA	NA	NA	NA	NA	NA	0.00	0.00	0.00	NA	NA	349307	349307	349307
0	COMPLETED_BAR	US30	PERIOD_M1	1704182940	1704182880	1	NA	NA	NA	NA	NA	NA	NA	NA	NA	NA	NA	NA	0.00	0.00	0.00	NA	NA	349308	349308	349308
0	CURRENT_OPEN	US30	PERIOD_M1	1704182940	1704182940	0	NA	NA	NA	NA	NA	NA	NA	NA	NA	NA	NA	NA	0.00	0.00	0.00	NA	NA	349308	349308	349308
0	COMPLETED_BAR	US30	PERIOD_M1	1704183000	1704182940	1	NA	NA	NA	NA	NA	NA	NA	NA	NA	NA	NA	NA	0.00	0.00	0.00	NA	NA	349309	349309	349309
0	CURRENT_OPEN	US30	PERIOD_M1	1704183000	1704183000	0	NA	NA	NA	NA	NA	NA	NA	NA	NA	NA	NA	NA	0.00	0.00	0.00	NA	NA	349309	349309	349309
0	COMPLETED_BAR	US30	PERIOD_M1	1704183060	1704183000	1	NA	NA	NA	NA	NA	NA	NA	NA	NA	NA	NA	NA	0.00	0.00	0.00	NA	NA	349310	349310	349310
0	CURRENT_OPEN	US30	PERIOD_M1	1704183060	1704183060	0	NA	NA	NA	NA	NA	NA	NA	NA	NA	NA	NA	NA	0.00	0.00	0.00	NA	NA	349310	349310	349310
0	COMPLETED_BAR	US30	PERIOD_M1	1704183120	1704183060	1	NA	NA	NA	NA	NA	NA	NA	NA	NA	NA	NA	NA	0.00	0.00	0.00	NA	NA	349311	349311	349311
0	CURRENT_OPEN	US30	PERIOD_M1	1704183120	1704183120	0	NA	NA	NA	NA	NA	NA	NA	NA	NA	NA	NA	NA	0.00	0.00	0.00	NA	NA	349311	349311	349311
0	COMPLETED_BAR	US30	PERIOD_M1	1704183180	1704183120	1	NA	NA	NA	NA	NA	NA	NA	NA	NA	NA	NA	NA	0.00	0.00	0.00	NA	NA	349312	349312	349312
0	CURRENT_OPEN	US30	PERIOD_M1	1704183180	1704183180	0	NA	NA	NA	NA	NA	NA	NA	NA	NA	NA	NA	NA	0.00	0.00	0.00	NA	NA	349312	349312	349312
0	COMPLETED_BAR	US30	PERIOD_M1	1704183240	1704183180	1	NA	NA	NA	NA	NA	NA	NA	NA	NA	NA	NA	NA	0.00	0.00	0.00	NA	NA	349313	349313	349313
0	CURRENT_OPEN	US30	PERIOD_M1	1704183240	1704183240	0	NA	NA	NA	NA	NA	NA	NA	NA	NA	NA	NA	NA	0.00	0.00	0.00	NA	NA	349313	349313	349313
0	COMPLETED_BAR	US30	PERIOD_M1	1704183300	1704183240	1	NA	NA	NA	NA	NA	NA	NA	NA	NA	NA	NA	NA	0.00	0.00	0.00	NA	NA	349314	349314	349314
0	CURRENT_OPEN	US30	PERIOD_M1	1704183300	1704183300	0	NA	NA	NA	NA	NA	NA	NA	NA	NA	NA	NA	NA	0.00	0.00	0.00	NA	NA	349314	349314	349314
0	COMPLETED_BAR	US30	PERIOD_M1	1704183360	1704183300	1	NA	NA	NA	NA	NA	NA	NA	NA	NA	NA	NA	NA	0.00	0.00	0.00	NA	NA	349315	349315	349315
0	CURRENT_OPEN	US30	PERIOD_M1	1704183360	1704183360	0	NA	NA	NA	NA	NA	NA	NA	NA	NA	NA	NA	NA	0.00	0.00	0.00	NA	NA	349315	349315	349315
0	COMPLETED_BAR	US30	PERIOD_M1	1704183420	1704183360	1	NA	NA	NA	NA	NA	NA	NA	NA	NA	NA	NA	NA	0.00	0.00	0.00	NA	NA	349316	349316	349316
0	CURRENT_OPEN	US30	PERIOD_M1	1704183420	1704183420	0	NA	NA	NA	NA	NA	NA	NA	NA	NA	NA	NA	NA	0.00	0.00	0.00	NA	NA	349316	349316	349316
0	COMPLETED_BAR	US30	PERIOD_M1	1704183480	1704183420	1	NA	NA	NA	NA	NA	NA	NA	NA	NA	NA	NA	NA	0.00	0.00	0.00	NA	NA	349317	349317	349317
0	CURRENT_OPEN	US30	PERIOD_M1	1704183480	1704183480	0	NA	NA	NA	NA	NA	NA	NA	NA	NA	NA	NA	NA	0.00	0.00	0.00	NA	NA	349317	349317	349317
0	COMPLETED_BAR	US30	PERIOD_M1	1704183540	1704183480	1	NA	NA	NA	NA	NA	NA	NA	NA	NA	NA	NA	NA	0.00	0.00	0.00	NA	NA	349318	349318	349318
0	CURRENT_OPEN	US30	PERIOD_M1	1704183540	1704183540	0	NA	NA	NA	NA	NA	NA	NA	NA	NA	NA	NA	NA	0.00	0.00	0.00	NA	NA	349318	349318	349318
0	COMPLETED_BAR	US30	PERIOD_M1	1704183600	1704183540	1	NA	NA	NA	NA	NA	NA	NA	NA	NA	NA	NA	NA	0.00	0.00	0.00	NA	NA	349319	349319	349319
0	CURRENT_OPEN	US30	PERIOD_M1	1704183600	1704183600	0	NA	NA	NA	NA	NA	NA	NA	NA	NA	NA	NA	NA	0.00	0.00	0.00	NA	NA	349319	349319	349319
0	COMPLETED_BAR	US30	PERIOD_M1	1704183660	1704183600	1	NA	NA	NA	NA	NA	NA	NA	NA	NA	NA	NA	NA	0.00	0.00	0.00	NA	NA	349320	349320	349320
0	CURRENT_OPEN	US30	PERIOD_M1	1704183660	1704183660	0	NA	NA	NA	NA	NA	NA	NA	NA	NA	NA	NA	NA	0.00	0.00	0.00	NA	NA	349320	349320	349320
0	COMPLETED_BAR	US30	PERIOD_M1	1704183720	1704183660	1	NA	NA	NA	NA	NA	NA	NA	NA	NA	NA	NA	NA	0.00	0.00	0.00	NA	NA	349321	349321	349321
0	CURRENT_OPEN	US30	PERIOD_M1	1704183720	1704183720	0	NA	NA	NA	NA	NA	NA	NA	NA	NA	NA	NA	NA	0.00	0.00	0.00	NA	NA	349321	349321	349321
0	COMPLETED_BAR	US30	PERIOD_M1	1704183780	1704183720	1	NA	NA	NA	NA	NA	NA	NA	NA	NA	NA	NA	NA	0.00	0.00	0.00	NA	NA	349322	349322	349322
0	CURRENT_OPEN	US30	PERIOD_M1	1704183780	1704183780	0	NA	NA	NA	NA	NA	NA	NA	NA	NA	NA	NA	NA	0.00	0.00	0.00	NA	NA	349322	349322	349322
0	COMPLETED_BAR	US30	PERIOD_M1	1704183840	1704183780	1	NA	NA	NA	NA	NA	NA	NA	NA	NA	NA	NA	NA	0.00	0.00	0.00	NA	NA	349323	349323	349323
0	CURRENT_OPEN	US30	PERIOD_M1	1704183840	1704183840	0	NA	NA	NA	NA	NA	NA	NA	NA	NA	NA	NA	NA	0.00	0.00	0.00	NA	NA	349323	349323	349323
0	COMPLETED_BAR	US30	PERIOD_M1	1704183900	1704183840	1	NA	NA	NA	NA	NA	NA	NA	NA	NA	NA	NA	NA	0.00	0.00	0.00	NA	NA	349324	349324	349324
0	CURRENT_OPEN	US30	PERIOD_M1	1704183900	1704183900	0	NA	NA	NA	NA	NA	NA	NA	NA	NA	NA	NA	NA	0.00	0.00	0.00	NA	NA	349324	349324	349324
0	COMPLETED_BAR	US30	PERIOD_M1	1704183960	1704183900	1	NA	NA	NA	NA	NA	NA	NA	NA	NA	NA	NA	NA	0.00	0.00	0.00	NA	NA	349325	349325	349325
0	CURRENT_OPEN	US30	PERIOD_M1	1704183960	1704183960	0	NA	NA	NA	NA	NA	NA	NA	NA	NA	NA	NA	NA	0.00	0.00	0.00	NA	NA	349325	349325	349325
0	COMPLETED_BAR	US30	PERIOD_M1	1704184020	1704183960	1	NA	NA	NA	NA	NA	NA	NA	NA	NA	NA	NA	NA	0.00	0.00	0.00	NA	NA	349326	349326	349326
0	CURRENT_OPEN	US30	PERIOD_M1	1704184020	1704184020	0	NA	NA	NA	NA	NA	NA	NA	NA	NA	NA	NA	NA	0.00	0.00	0.00	NA	NA	349326	349326	349326
0	COMPLETED_BAR	US30	PERIOD_M1	1704184080	1704184020	1	NA	NA	NA	NA	NA	NA	NA	NA	NA	NA	NA	NA	0.00	0.00	0.00	NA	NA	349327	349327	349327
0	CURRENT_OPEN	US30	PERIOD_M1	1704184080	1704184080	0	NA	NA	NA	NA	NA	NA	NA	NA	NA	NA	NA	NA	0.00	0.00	0.00	NA	NA	349327	349327	349327
0	COMPLETED_BAR	US30	PERIOD_M1	1704184140	1704184080	1	NA	NA	NA	NA	NA	NA	NA	NA	NA	NA	NA	NA	0.00	0.00	0.00	NA	NA	349328	349328	349328
0	CURRENT_OPEN	US30	PERIOD_M1	1704184140	1704184140	0	NA	NA	NA	NA	NA	NA	NA	NA	NA	NA	NA	NA	0.00	0.00	0.00	NA	NA	349328	349328	349328
0	COMPLETED_BAR	US30	PERIOD_M1	1704184200	1704184140	1	NA	NA	NA	NA	NA	NA	NA	NA	NA	NA	NA	NA	0.00	0.00	0.00	NA	NA	349329	349329	349329
0	CURRENT_OPEN	US30	PERIOD_M1	1704184200	1704184200	0	NA	NA	NA	NA	NA	NA	NA	NA	NA	NA	NA	NA	0.00	0.00	0.00	NA	NA	349329	349329	349329
0	COMPLETED_BAR	US30	PERIOD_M1	1704184260	1704184200	1	NA	NA	NA	NA	NA	NA	NA	NA	NA	NA	NA	NA	0.00	0.00	0.00	NA	NA	349330	349330	349330
0	CURRENT_OPEN	US30	PERIOD_M1	1704184260	1704184260	0	NA	NA	NA	NA	NA	NA	NA	NA	NA	NA	NA	NA	0.00	0.00	0.00	NA	NA	349330	349330	349330
0	COMPLETED_BAR	US30	PERIOD_M1	1704184320	1704184260	1	NA	NA	NA	NA	NA	NA	NA	NA	NA	NA	NA	NA	0.00	0.00	0.00	NA	NA	349331	349331	349331
0	CURRENT_OPEN	US30	PERIOD_M1	1704184320	1704184320	0	NA	NA	NA	NA	NA	NA	NA	NA	NA	NA	NA	NA	0.00	0.00	0.00	NA	NA	349331	349331	349331
0	COMPLETED_BAR	US30	PERIOD_M1	1704184380	1704184320	1	NA	NA	NA	NA	NA	NA	NA	NA	NA	NA	NA	NA	0.00	0.00	0.00	NA	NA	349332	349332	349332
0	CURRENT_OPEN	US30	PERIOD_M1	1704184380	1704184380	0	NA	NA	NA	NA	NA	NA	NA	NA	NA	NA	NA	NA	0.00	0.00	0.00	NA	NA	349332	349332	349332
0	COMPLETED_BAR	US30	PERIOD_M1	1704184440	1704184380	1	NA	NA	NA	NA	NA	NA	NA	NA	NA	NA	NA	NA	0.00	0.00	0.00	NA	NA	349333	349333	349333
0	CURRENT_OPEN	US30	PERIOD_M1	1704184440	1704184440	0	NA	NA	NA	NA	NA	NA	NA	NA	NA	NA	NA	NA	0.00	0.00	0.00	NA	NA	349333	349333	349333
0	COMPLETED_BAR	US30	PERIOD_M1	1704184500	1704184440	1	NA	NA	NA	NA	NA	NA	NA	NA	NA	NA	NA	NA	0.00	0.00	0.00	NA	NA	349334	349334	349334
0	CURRENT_OPEN	US30	PERIOD_M1	1704184500	1704184500	0	NA	NA	NA	NA	NA	NA	NA	NA	NA	NA	NA	NA	0.00	0.00	0.00	NA	NA	349334	349334	349334
0	COMPLETED_BAR	US30	PERIOD_M1	1704184560	1704184500	1	NA	NA	NA	NA	NA	NA	NA	NA	NA	NA	NA	NA	0.00	0.00	0.00	NA	NA	349335	349335	349335
0	CURRENT_OPEN	US30	PERIOD_M1	1704184560	1704184560	0	NA	NA	NA	NA	NA	NA	NA	NA	NA	NA	NA	NA	0.00	0.00	0.00	NA	NA	349335	349335	349335
0	COMPLETED_BAR	US30	PERIOD_M1	1704184620	1704184560	1	NA	NA	NA	NA	NA	NA	NA	NA	NA	NA	NA	NA	0.00	0.00	0.00	NA	NA	349336	349336	349336
0	CURRENT_OPEN	US30	PERIOD_M1	1704184620	1704184620	0	NA	NA	NA	NA	NA	NA	NA	NA	NA	NA	NA	NA	0.00	0.00	0.00	NA	NA	349336	349336	349336
0	COMPLETED_BAR	US30	PERIOD_M1	1704184680	1704184620	1	NA	NA	NA	NA	NA	NA	NA	NA	NA	NA	NA	NA	0.00	0.00	0.00	NA	NA	349337	349337	349337
0	CURRENT_OPEN	US30	PERIOD_M1	1704184680	1704184680	0	NA	NA	NA	NA	NA	NA	NA	NA	NA	NA	NA	NA	0.00	0.00	0.00	NA	NA	349337	349337	349337
0	COMPLETED_BAR	US30	PERIOD_M1	1704184740	1704184680	1	NA	NA	NA	NA	NA	NA	NA	NA	NA	NA	NA	NA	0.00	0.00	0.00	NA	NA	349338	349338	349338
0	CURRENT_OPEN	US30	PERIOD_M1	1704184740	1704184740	0	NA	NA	NA	NA	NA	NA	NA	NA	NA	NA	NA	NA	0.00	0.00	0.00	NA	NA	349338	349338	349338
0	COMPLETED_BAR	US30	PERIOD_M1	1704184800	1704184740	1	NA	NA	NA	NA	NA	NA	NA	NA	NA	NA	NA	NA	0.00	0.00	0.00	NA	NA	349339	349339	349339
0	CURRENT_OPEN	US30	PERIOD_M1	1704184800	1704184800	0	NA	NA	NA	NA	NA	NA	NA	NA	NA	NA	NA	NA	0.00	0.00	0.00	NA	NA	349339	349339	349339
0	COMPLETED_BAR	US30	PERIOD_M1	1704184860	1704184800	1	NA	NA	NA	NA	NA	NA	NA	NA	NA	NA	NA	NA	0.00	0.00	0.00	NA	NA	349340	349340	349340
0	CURRENT_OPEN	US30	PERIOD_M1	1704184860	1704184860	0	NA	NA	NA	NA	NA	NA	NA	NA	NA	NA	NA	NA	0.00	0.00	0.00	NA	NA	349340	349340	349340
0	COMPLETED_BAR	US30	PERIOD_M1	1704184920	1704184860	1	NA	NA	NA	NA	NA	NA	NA	NA	NA	NA	NA	NA	0.00	0.00	0.00	NA	NA	349341	349341	349341
0	CURRENT_OPEN	US30	PERIOD_M1	1704184920	1704184920	0	NA	NA	NA	NA	NA	NA	NA	NA	NA	NA	NA	NA	0.00	0.00	0.00	NA	NA	349341	349341	349341
0	COMPLETED_BAR	US30	PERIOD_M1	1704184980	1704184920	1	NA	NA	NA	NA	NA	NA	NA	NA	NA	NA	NA	NA	0.00	0.00	0.00	NA	NA	349342	349342	349342
0	CURRENT_OPEN	US30	PERIOD_M1	1704184980	1704184980	0	NA	NA	NA	NA	NA	NA	NA	NA	NA	NA	NA	NA	0.00	0.00	0.00	NA	NA	349342	349342	349342
0	COMPLETED_BAR	US30	PERIOD_M1	1704185040	1704184980	1	NA	NA	NA	NA	NA	NA	NA	NA	NA	NA	NA	NA	0.00	0.00	0.00	NA	NA	349343	349343	349343
0	CURRENT_OPEN	US30	PERIOD_M1	1704185040	1704185040	0	NA	NA	NA	NA	NA	NA	NA	NA	NA	NA	NA	NA	0.00	0.00	0.00	NA	NA	349343	349343	349343
0	COMPLETED_BAR	US30	PERIOD_M1	1704185100	1704185040	1	NA	NA	NA	NA	NA	NA	NA	NA	NA	NA	NA	NA	0.00	0.00	0.00	NA	NA	349344	349344	349344
0	CURRENT_OPEN	US30	PERIOD_M1	1704185100	1704185100	0	NA	NA	NA	NA	NA	NA	NA	NA	NA	NA	NA	NA	0.00	0.00	0.00	NA	NA	349344	349344	349344
0	COMPLETED_BAR	US30	PERIOD_M1	1704185160	1704185100	1	NA	NA	NA	NA	NA	NA	NA	NA	NA	NA	NA	NA	0.00	0.00	0.00	NA	NA	349345	349345	349345
0	CURRENT_OPEN	US30	PERIOD_M1	1704185160	1704185160	0	NA	NA	NA	NA	NA	NA	NA	NA	NA	NA	NA	NA	0.00	0.00	0.00	NA	NA	349345	349345	349345
0	COMPLETED_BAR	US30	PERIOD_M1	1704185250	1704185160	1	NA	NA	NA	NA	NA	NA	NA	NA	NA	NA	NA	NA	0.00	0.00	0.00	NA	NA	349346	349346	349346
0	CURRENT_OPEN	US30	PERIOD_M1	1704185250	1704185220	0	NA	NA	NA	NA	NA	NA	NA	NA	NA	NA	NA	NA	0.00	0.00	0.00	NA	NA	349346	349346	349346
0	COMPLETED_BAR	US30	PERIOD_M1	1704185280	1704185220	1	NA	NA	NA	NA	NA	NA	NA	NA	NA	NA	NA	NA	0.00	0.00	0.00	NA	NA	349347	349347	349347
0	CURRENT_OPEN	US30	PERIOD_M1	1704185280	1704185280	0	NA	NA	NA	NA	NA	NA	NA	NA	NA	NA	NA	NA	0.00	0.00	0.00	NA	NA	349347	349347	349347
0	COMPLETED_BAR	US30	PERIOD_M1	1704185340	1704185280	1	NA	NA	NA	NA	NA	NA	NA	NA	NA	NA	NA	NA	0.00	0.00	0.00	NA	NA	349348	349348	349348
0	CURRENT_OPEN	US30	PERIOD_M1	1704185340	1704185340	0	NA	NA	NA	NA	NA	NA	NA	NA	NA	NA	NA	NA	0.00	0.00	0.00	NA	NA	349348	349348	349348
0	COMPLETED_BAR	US30	PERIOD_M1	1704185400	1704185340	1	NA	NA	NA	NA	NA	NA	NA	NA	NA	NA	NA	NA	0.00	0.00	0.00	NA	NA	349349	349349	349349
0	CURRENT_OPEN	US30	PERIOD_M1	1704185400	1704185400	0	NA	NA	NA	NA	NA	NA	NA	NA	NA	NA	NA	NA	0.00	0.00	0.00	NA	NA	349349	349349	349349
0	COMPLETED_BAR	US30	PERIOD_M1	1704185460	1704185400	1	NA	NA	NA	NA	NA	NA	NA	NA	NA	NA	NA	NA	0.00	0.00	0.00	NA	NA	349350	349350	349350
0	CURRENT_OPEN	US30	PERIOD_M1	1704185460	1704185460	0	NA	NA	NA	NA	NA	NA	NA	NA	NA	NA	NA	NA	0.00	0.00	0.00	NA	NA	349350	349350	349350
0	COMPLETED_BAR	US30	PERIOD_M1	1704185520	1704185460	1	NA	NA	NA	NA	NA	NA	NA	NA	NA	NA	NA	NA	0.00	0.00	0.00	NA	NA	349351	349351	349351
0	CURRENT_OPEN	US30	PERIOD_M1	1704185520	1704185520	0	NA	NA	NA	NA	NA	NA	NA	NA	NA	NA	NA	NA	0.00	0.00	0.00	NA	NA	349351	349351	349351
0	COMPLETED_BAR	US30	PERIOD_M1	1704185580	1704185520	1	NA	NA	NA	NA	NA	NA	NA	NA	NA	NA	NA	NA	0.00	0.00	0.00	NA	NA	349352	349352	349352
0	CURRENT_OPEN	US30	PERIOD_M1	1704185580	1704185580	0	NA	NA	NA	NA	NA	NA	NA	NA	NA	NA	NA	NA	0.00	0.00	0.00	NA	NA	349352	349352	349352
0	COMPLETED_BAR	US30	PERIOD_M1	1704185670	1704185580	1	NA	NA	NA	NA	NA	NA	NA	NA	NA	NA	NA	NA	0.00	0.00	0.00	NA	NA	349353	349353	349353
0	CURRENT_OPEN	US30	PERIOD_M1	1704185670	1704185640	0	NA	NA	NA	NA	NA	NA	NA	NA	NA	NA	NA	NA	0.00	0.00	0.00	NA	NA	349353	349353	349353
0	COMPLETED_BAR	US30	PERIOD_M1	1704185700	1704185640	1	NA	NA	NA	NA	NA	NA	NA	NA	NA	NA	NA	NA	0.00	0.00	0.00	NA	NA	349354	349354	349354
0	CURRENT_OPEN	US30	PERIOD_M1	1704185700	1704185700	0	NA	NA	NA	NA	NA	NA	NA	NA	NA	NA	NA	NA	0.00	0.00	0.00	NA	NA	349354	349354	349354
0	COMPLETED_BAR	US30	PERIOD_M1	1704185760	1704185700	1	NA	NA	NA	NA	NA	NA	NA	NA	NA	NA	NA	NA	0.00	0.00	0.00	NA	NA	349355	349355	349355
0	CURRENT_OPEN	US30	PERIOD_M1	1704185760	1704185760	0	NA	NA	NA	NA	NA	NA	NA	NA	NA	NA	NA	NA	0.00	0.00	0.00	NA	NA	349355	349355	349355
0	COMPLETED_BAR	US30	PERIOD_M1	1704185820	1704185760	1	NA	NA	NA	NA	NA	NA	NA	NA	NA	NA	NA	NA	0.00	0.00	0.00	NA	NA	349356	349356	349356
0	CURRENT_OPEN	US30	PERIOD_M1	1704185820	1704185820	0	NA	NA	NA	NA	NA	NA	NA	NA	NA	NA	NA	NA	0.00	0.00	0.00	NA	NA	349356	349356	349356
0	COMPLETED_BAR	US30	PERIOD_M1	1704185880	1704185820	1	NA	NA	NA	NA	NA	NA	NA	NA	NA	NA	NA	NA	0.00	0.00	0.00	NA	NA	349357	349357	349357
0	CURRENT_OPEN	US30	PERIOD_M1	1704185880	1704185880	0	NA	NA	NA	NA	NA	NA	NA	NA	NA	NA	NA	NA	0.00	0.00	0.00	NA	NA	349357	349357	349357
0	COMPLETED_BAR	US30	PERIOD_M1	1704185940	1704185880	1	NA	NA	NA	NA	NA	NA	NA	NA	NA	NA	NA	NA	0.00	0.00	0.00	NA	NA	349358	349358	349358
0	CURRENT_OPEN	US30	PERIOD_M1	1704185940	1704185940	0	NA	NA	NA	NA	NA	NA	NA	NA	NA	NA	NA	NA	0.00	0.00	0.00	NA	NA	349358	349358	349358
0	COMPLETED_BAR	US30	PERIOD_M1	1704186000	1704185940	1	NA	NA	NA	NA	NA	NA	NA	NA	NA	NA	NA	NA	0.00	0.00	0.00	NA	NA	349359	349359	349359
0	CURRENT_OPEN	US30	PERIOD_M1	1704186000	1704186000	0	NA	NA	NA	NA	NA	NA	NA	NA	NA	NA	NA	NA	0.00	0.00	0.00	NA	NA	349359	349359	349359
0	COMPLETED_BAR	US30	PERIOD_M1	1704186060	1704186000	1	NA	NA	NA	NA	NA	NA	NA	NA	NA	NA	NA	NA	0.00	0.00	0.00	NA	NA	349360	349360	349360
0	CURRENT_OPEN	US30	PERIOD_M1	1704186060	1704186060	0	NA	NA	NA	NA	NA	NA	NA	NA	NA	NA	NA	NA	0.00	0.00	0.00	NA	NA	349360	349360	349360
0	COMPLETED_BAR	US30	PERIOD_M1	1704186120	1704186060	1	NA	NA	NA	NA	NA	NA	NA	NA	NA	NA	NA	NA	0.00	0.00	0.00	NA	NA	349361	349361	349361
0	CURRENT_OPEN	US30	PERIOD_M1	1704186120	1704186120	0	NA	NA	NA	NA	NA	NA	NA	NA	NA	NA	NA	NA	0.00	0.00	0.00	NA	NA	349361	349361	349361
0	COMPLETED_BAR	US30	PERIOD_M1	1704186180	1704186120	1	NA	NA	NA	NA	NA	NA	NA	NA	NA	NA	NA	NA	0.00	0.00	0.00	NA	NA	349362	349362	349362
0	CURRENT_OPEN	US30	PERIOD_M1	1704186180	1704186180	0	NA	NA	NA	NA	NA	NA	NA	NA	NA	NA	NA	NA	0.00	0.00	0.00	NA	NA	349362	349362	349362
0	COMPLETED_BAR	US30	PERIOD_M1	1704186240	1704186180	1	NA	NA	NA	NA	NA	NA	NA	NA	NA	NA	NA	NA	0.00	0.00	0.00	NA	NA	349363	349363	349363
0	CURRENT_OPEN	US30	PERIOD_M1	1704186240	1704186240	0	NA	NA	NA	NA	NA	NA	NA	NA	NA	NA	NA	NA	0.00	0.00	0.00	NA	NA	349363	349363	349363
0	COMPLETED_BAR	US30	PERIOD_M1	1704186300	1704186240	1	NA	NA	NA	NA	NA	NA	NA	NA	NA	NA	NA	NA	0.00	0.00	0.00	NA	NA	349364	349364	349364
0	CURRENT_OPEN	US30	PERIOD_M1	1704186300	1704186300	0	NA	NA	NA	NA	NA	NA	NA	NA	NA	NA	NA	NA	0.00	0.00	0.00	NA	NA	349364	349364	349364
0	COMPLETED_BAR	US30	PERIOD_M1	1704186360	1704186300	1	NA	NA	NA	NA	NA	NA	NA	NA	NA	NA	NA	NA	0.00	0.00	0.00	NA	NA	349365	349365	349365
0	CURRENT_OPEN	US30	PERIOD_M1	1704186360	1704186360	0	NA	NA	NA	NA	NA	NA	NA	NA	NA	NA	NA	NA	0.00	0.00	0.00	NA	NA	349365	349365	349365
0	COMPLETED_BAR	US30	PERIOD_M1	1704186420	1704186360	1	NA	NA	NA	NA	NA	NA	NA	NA	NA	NA	NA	NA	0.00	0.00	0.00	NA	NA	349366	349366	349366
0	CURRENT_OPEN	US30	PERIOD_M1	1704186420	1704186420	0	NA	NA	NA	NA	NA	NA	NA	NA	NA	NA	NA	NA	0.00	0.00	0.00	NA	NA	349366	349366	349366
0	COMPLETED_BAR	US30	PERIOD_M1	1704186480	1704186420	1	NA	NA	NA	NA	NA	NA	NA	NA	NA	NA	NA	NA	0.00	0.00	0.00	NA	NA	349367	349367	349367
0	CURRENT_OPEN	US30	PERIOD_M1	1704186480	1704186480	0	NA	NA	NA	NA	NA	NA	NA	NA	NA	NA	NA	NA	0.00	0.00	0.00	NA	NA	349367	349367	349367
0	COMPLETED_BAR	US30	PERIOD_M1	1704186540	1704186480	1	NA	NA	NA	NA	NA	NA	NA	NA	NA	NA	NA	NA	0.00	0.00	0.00	NA	NA	349368	349368	349368
0	CURRENT_OPEN	US30	PERIOD_M1	1704186540	1704186540	0	NA	NA	NA	NA	NA	NA	NA	NA	NA	NA	NA	NA	0.00	0.00	0.00	NA	NA	349368	349368	349368
0	COMPLETED_BAR	US30	PERIOD_M1	1704186600	1704186540	1	NA	NA	NA	NA	NA	NA	NA	NA	NA	NA	NA	NA	0.00	0.00	0.00	NA	NA	349369	349369	349369
0	CURRENT_OPEN	US30	PERIOD_M1	1704186600	1704186600	0	NA	NA	NA	NA	NA	NA	NA	NA	NA	NA	NA	NA	0.00	0.00	0.00	NA	NA	349369	349369	349369
0	COMPLETED_BAR	US30	PERIOD_M1	1704186660	1704186600	1	NA	NA	NA	NA	NA	NA	NA	NA	NA	NA	NA	NA	0.00	0.00	0.00	NA	NA	349370	349370	349370
0	CURRENT_OPEN	US30	PERIOD_M1	1704186660	1704186660	0	NA	NA	NA	NA	NA	NA	NA	NA	NA	NA	NA	NA	0.00	0.00	0.00	NA	NA	349370	349370	349370
0	COMPLETED_BAR	US30	PERIOD_M1	1704186720	1704186660	1	NA	NA	NA	NA	NA	NA	NA	NA	NA	NA	NA	NA	0.00	0.00	0.00	NA	NA	349371	349371	349371
0	CURRENT_OPEN	US30	PERIOD_M1	1704186720	1704186720	0	NA	NA	NA	NA	NA	NA	NA	NA	NA	NA	NA	NA	0.00	0.00	0.00	NA	NA	349371	349371	349371
0	COMPLETED_BAR	US30	PERIOD_M1	1704186780	1704186720	1	NA	NA	NA	NA	NA	NA	NA	NA	NA	NA	NA	NA	0.00	0.00	0.00	NA	NA	349372	349372	349372
0	CURRENT_OPEN	US30	PERIOD_M1	1704186780	1704186780	0	NA	NA	NA	NA	NA	NA	NA	NA	NA	NA	NA	NA	0.00	0.00	0.00	NA	NA	349372	349372	349372
0	COMPLETED_BAR	US30	PERIOD_M1	1704186840	1704186780	1	NA	NA	NA	NA	NA	NA	NA	NA	NA	NA	NA	NA	0.00	0.00	0.00	NA	NA	349373	349373	349373
0	CURRENT_OPEN	US30	PERIOD_M1	1704186840	1704186840	0	NA	NA	NA	NA	NA	NA	NA	NA	NA	NA	NA	NA	0.00	0.00	0.00	NA	NA	349373	349373	349373
0	COMPLETED_BAR	US30	PERIOD_M1	1704186900	1704186840	1	NA	NA	NA	NA	NA	NA	NA	NA	NA	NA	NA	NA	0.00	0.00	0.00	NA	NA	349374	349374	349374
0	CURRENT_OPEN	US30	PERIOD_M1	1704186900	1704186900	0	NA	NA	NA	NA	NA	NA	NA	NA	NA	NA	NA	NA	0.00	0.00	0.00	NA	NA	349374	349374	349374
0	COMPLETED_BAR	US30	PERIOD_M1	1704186960	1704186900	1	NA	NA	NA	NA	NA	NA	NA	NA	NA	NA	NA	NA	0.00	0.00	0.00	NA	NA	349375	349375	349375
0	CURRENT_OPEN	US30	PERIOD_M1	1704186960	1704186960	0	NA	NA	NA	NA	NA	NA	NA	NA	NA	NA	NA	NA	0.00	0.00	0.00	NA	NA	349375	349375	349375
0	COMPLETED_BAR	US30	PERIOD_M1	1704187020	1704186960	1	NA	NA	NA	NA	NA	NA	NA	NA	NA	NA	NA	NA	0.00	0.00	0.00	NA	NA	349376	349376	349376
0	CURRENT_OPEN	US30	PERIOD_M1	1704187020	1704187020	0	NA	NA	NA	NA	NA	NA	NA	NA	NA	NA	NA	NA	0.00	0.00	0.00	NA	NA	349376	349376	349376
0	COMPLETED_BAR	US30	PERIOD_M1	1704187080	1704187020	1	NA	NA	NA	NA	NA	NA	NA	NA	NA	NA	NA	NA	0.00	0.00	0.00	NA	NA	349377	349377	349377
0	CURRENT_OPEN	US30	PERIOD_M1	1704187080	1704187080	0	NA	NA	NA	NA	NA	NA	NA	NA	NA	NA	NA	NA	0.00	0.00	0.00	NA	NA	349377	349377	349377
0	COMPLETED_BAR	US30	PERIOD_M1	1704187140	1704187080	1	NA	NA	NA	NA	NA	NA	NA	NA	NA	NA	NA	NA	0.00	0.00	0.00	NA	NA	349378	349378	349378
0	CURRENT_OPEN	US30	PERIOD_M1	1704187140	1704187140	0	NA	NA	NA	NA	NA	NA	NA	NA	NA	NA	NA	NA	0.00	0.00	0.00	NA	NA	349378	349378	349378
0	COMPLETED_BAR	US30	PERIOD_M1	1704187200	1704187140	1	NA	NA	NA	NA	NA	NA	NA	NA	NA	NA	NA	NA	0.00	0.00	0.00	NA	NA	349379	349379	349379
0	CURRENT_OPEN	US30	PERIOD_M1	1704187200	1704187200	0	NA	NA	NA	NA	NA	NA	NA	NA	NA	NA	NA	NA	0.00	0.00	0.00	NA	NA	349379	349379	349379
0	COMPLETED_BAR	US30	PERIOD_M1	1704187260	1704187200	1	NA	NA	NA	NA	NA	NA	NA	NA	NA	NA	NA	NA	0.00	0.00	0.00	NA	NA	349380	349380	349380
0	CURRENT_OPEN	US30	PERIOD_M1	1704187260	1704187260	0	NA	NA	NA	NA	NA	NA	NA	NA	NA	NA	NA	NA	0.00	0.00	0.00	NA	NA	349380	349380	349380
0	COMPLETED_BAR	US30	PERIOD_M1	1704187320	1704187260	1	NA	NA	NA	NA	NA	NA	NA	NA	NA	NA	NA	NA	0.00	0.00	0.00	NA	NA	349381	349381	349381
0	CURRENT_OPEN	US30	PERIOD_M1	1704187320	1704187320	0	NA	NA	NA	NA	NA	NA	NA	NA	NA	NA	NA	NA	0.00	0.00	0.00	NA	NA	349381	349381	349381
0	COMPLETED_BAR	US30	PERIOD_M1	1704187380	1704187320	1	NA	NA	NA	NA	NA	NA	NA	NA	NA	NA	NA	NA	0.00	0.00	0.00	NA	NA	349382	349382	349382
0	CURRENT_OPEN	US30	PERIOD_M1	1704187380	1704187380	0	NA	NA	NA	NA	NA	NA	NA	NA	NA	NA	NA	NA	0.00	0.00	0.00	NA	NA	349382	349382	349382
0	COMPLETED_BAR	US30	PERIOD_M1	1704187440	1704187380	1	NA	NA	NA	NA	NA	NA	NA	NA	NA	NA	NA	NA	0.00	0.00	0.00	NA	NA	349383	349383	349383
0	CURRENT_OPEN	US30	PERIOD_M1	1704187440	1704187440	0	NA	NA	NA	NA	NA	NA	NA	NA	NA	NA	NA	NA	0.00	0.00	0.00	NA	NA	349383	349383	349383
0	COMPLETED_BAR	US30	PERIOD_M1	1704187500	1704187440	1	NA	NA	NA	NA	NA	NA	NA	NA	NA	NA	NA	NA	0.00	0.00	0.00	NA	NA	349384	349384	349384
0	CURRENT_OPEN	US30	PERIOD_M1	1704187500	1704187500	0	NA	NA	NA	NA	NA	NA	NA	NA	NA	NA	NA	NA	0.00	0.00	0.00	NA	NA	349384	349384	349384
0	COMPLETED_BAR	US30	PERIOD_M1	1704187560	1704187500	1	NA	NA	NA	NA	NA	NA	NA	NA	NA	NA	NA	NA	0.00	0.00	0.00	NA	NA	349385	349385	349385
0	CURRENT_OPEN	US30	PERIOD_M1	1704187560	1704187560	0	NA	NA	NA	NA	NA	NA	NA	NA	NA	NA	NA	NA	0.00	0.00	0.00	NA	NA	349385	349385	349385
0	COMPLETED_BAR	US30	PERIOD_M1	1704187620	1704187560	1	NA	NA	NA	NA	NA	NA	NA	NA	NA	NA	NA	NA	0.00	0.00	0.00	NA	NA	349386	349386	349386
0	CURRENT_OPEN	US30	PERIOD_M1	1704187620	1704187620	0	NA	NA	NA	NA	NA	NA	NA	NA	NA	NA	NA	NA	0.00	0.00	0.00	NA	NA	349386	349386	349386
0	COMPLETED_BAR	US30	PERIOD_M1	1704187680	1704187620	1	NA	NA	NA	NA	NA	NA	NA	NA	NA	NA	NA	NA	0.00	0.00	0.00	NA	NA	349387	349387	349387
0	CURRENT_OPEN	US30	PERIOD_M1	1704187680	1704187680	0	NA	NA	NA	NA	NA	NA	NA	NA	NA	NA	NA	NA	0.00	0.00	0.00	NA	NA	349387	349387	349387
0	COMPLETED_BAR	US30	PERIOD_M1	1704187740	1704187680	1	NA	NA	NA	NA	NA	NA	NA	NA	NA	NA	NA	NA	0.00	0.00	0.00	NA	NA	349388	349388	349388
0	CURRENT_OPEN	US30	PERIOD_M1	1704187740	1704187740	0	NA	NA	NA	NA	NA	NA	NA	NA	NA	NA	NA	NA	0.00	0.00	0.00	NA	NA	349388	349388	349388
0	COMPLETED_BAR	US30	PERIOD_M1	1704187800	1704187740	1	NA	NA	NA	NA	NA	NA	NA	NA	NA	NA	NA	NA	0.00	0.00	0.00	NA	NA	349389	349389	349389
0	CURRENT_OPEN	US30	PERIOD_M1	1704187800	1704187800	0	37753.10	37753.10	NA	NA	37753.10	37753.10	NA	NA	37753.10	37753.10	NA	NA	1.00	0.00	0.00	NA	NA	349389	349389	349389
0	COMPLETED_BAR	US30	PERIOD_M1	1704187860	1704187800	1	37753.60	37752.10	NA	NA	37753.60	37752.10	NA	NA	37753.60	37752.10	NA	NA	1.00	0.00	0.00	NA	NA	349390	349390	349390
0	CURRENT_OPEN	US30	PERIOD_M1	1704187860	1704187860	0	37753.60	37752.10	NA	NA	37753.60	37752.10	NA	NA	37753.60	37752.10	NA	NA	1.00	0.00	0.00	NA	NA	349390	349390	349390
0	COMPLETED_BAR	US30	PERIOD_M1	1704187920	1704187860	1	37753.60	37751.10	NA	NA	37753.60	37751.10	NA	NA	37753.60	37751.10	NA	NA	1.00	0.00	0.00	NA	NA	349391	349391	349391
0	CURRENT_OPEN	US30	PERIOD_M1	1704187920	1704187920	0	37753.60	37751.10	NA	NA	37753.60	37751.10	NA	NA	37753.60	37751.10	NA	NA	1.00	0.00	0.00	NA	NA	349391	349391	349391
0	COMPLETED_BAR	US30	PERIOD_M1	1704187980	1704187920	1	37755.10	37751.10	NA	NA	37755.10	37751.10	NA	NA	37755.10	37751.10	NA	NA	1.00	0.00	0.00	NA	NA	349392	349392	349392
0	CURRENT_OPEN	US30	PERIOD_M1	1704187980	1704187980	0	37755.10	37751.10	NA	NA	37755.10	37751.10	NA	NA	37755.10	37751.10	NA	NA	1.00	0.00	0.00	NA	NA	349392	349392	349392
0	COMPLETED_BAR	US30	PERIOD_M1	1704188040	1704187980	1	37755.10	37751.10	NA	NA	37755.10	37751.10	NA	NA	37755.10	37751.10	NA	NA	1.00	0.00	0.00	NA	NA	349393	349393	349393
0	CURRENT_OPEN	US30	PERIOD_M1	1704188040	1704188040	0	37755.10	37751.10	NA	NA	37755.10	37751.10	NA	NA	37755.10	37751.10	NA	NA	1.00	0.00	0.00	NA	NA	349393	349393	349393
0	COMPLETED_BAR	US30	PERIOD_M1	1704188100	1704188040	1	37755.10	37751.10	NA	NA	37755.10	37751.10	NA	NA	37755.10	37751.10	NA	NA	1.00	0.00	0.00	NA	NA	349394	349394	349394
0	CURRENT_OPEN	US30	PERIOD_M1	1704188100	1704188100	0	37755.10	37751.10	37755.10	37751.10	37755.10	37751.10	37755.10	37751.10	37755.10	37751.10	37755.10	37751.10	1.00	0.00	0.00	NA	NA	349394	349394	349394
0	COMPLETED_BAR	US30	PERIOD_M1	1704188160	1704188100	1	37755.10	37751.10	37755.10	37751.10	37755.10	37751.10	37755.10	37751.10	37755.10	37751.10	37755.10	37751.10	1.00	0.00	0.00	NA	NA	349395	349395	349395
0	CURRENT_OPEN	US30	PERIOD_M1	1704188160	1704188160	0	NA	NA	37755.10	37751.10	NA	NA	37755.10	37751.10	NA	NA	37755.10	37751.10	2.00	1.00	0.00	NA	NA	349395	349395	349395
0	COMPLETED_BAR	US30	PERIOD_M1	1704188220	1704188160	1	NA	NA	37755.10	37751.10	NA	NA	37755.10	37751.10	NA	NA	37755.10	37751.10	2.00	1.00	1.00	3.00	6.00	349396	349396	349396
0	CURRENT_OPEN	US30	PERIOD_M1	1704188220	1704188220	0	NA	NA	37755.10	37751.10	NA	NA	37755.10	37751.10	NA	NA	37755.10	37751.10	2.00	1.00	0.00	NA	NA	349396	349396	349396
0	COMPLETED_BAR	US30	PERIOD_M1	1704188280	1704188220	1	NA	NA	37755.10	37751.10	NA	NA	37755.10	37751.10	NA	NA	37755.10	37751.10	2.00	1.00	1.00	3.00	7.00	349397	349397	349397
0	CURRENT_OPEN	US30	PERIOD_M1	1704188280	1704188280	0	NA	NA	37755.10	37751.10	NA	NA	37755.10	37751.10	NA	NA	37755.10	37751.10	2.00	1.00	0.00	NA	NA	349397	349397	349397
0	COMPLETED_BAR	US30	PERIOD_M1	1704188340	1704188280	1	NA	NA	37755.10	37751.10	NA	NA	37755.10	37751.10	NA	NA	37755.10	37751.10	2.00	1.00	1.00	3.00	7.00	349398	349398	349398
0	CURRENT_OPEN	US30	PERIOD_M1	1704188340	1704188340	0	NA	NA	37755.10	37751.10	NA	NA	37755.10	37751.10	NA	NA	37755.10	37751.10	2.00	1.00	0.00	NA	NA	349398	349398	349398
0	COMPLETED_BAR	US30	PERIOD_M1	1704188400	1704188340	1	NA	NA	37755.10	37751.10	NA	NA	37755.10	37751.10	NA	NA	37755.10	37751.10	2.00	1.00	1.00	3.00	7.00	349399	349399	349399
0	CURRENT_OPEN	US30	PERIOD_M1	1704188400	1704188400	0	NA	NA	37755.10	37751.10	NA	NA	37755.10	37751.10	NA	NA	37755.10	37751.10	2.00	1.00	0.00	NA	NA	349399	349399	349399
0	COMPLETED_BAR	US30	PERIOD_M1	1704188460	1704188400	1	NA	NA	37755.10	37751.10	NA	NA	37755.10	37751.10	NA	NA	37755.10	37751.10	2.00	1.00	1.00	3.00	7.00	349400	349400	349400
0	CURRENT_OPEN	US30	PERIOD_M1	1704188460	1704188460	0	NA	NA	NA	NA	NA	NA	NA	NA	NA	NA	NA	NA	3.00	1.00	0.00	NA	NA	349400	349400	349400
0	COMPLETED_BAR	US30	PERIOD_M1	1704188520	1704188460	1	NA	NA	NA	NA	NA	NA	NA	NA	NA	NA	NA	NA	3.00	1.00	0.00	NA	NA	349401	349401	349401
0	CURRENT_OPEN	US30	PERIOD_M1	1704188520	1704188520	0	NA	NA	NA	NA	NA	NA	NA	NA	NA	NA	NA	NA	3.00	1.00	0.00	NA	NA	349401	349401	349401
0	COMPLETED_BAR	US30	PERIOD_M1	1704188580	1704188520	1	NA	NA	NA	NA	NA	NA	NA	NA	NA	NA	NA	NA	3.00	1.00	0.00	NA	NA	349402	349402	349402
0	CURRENT_OPEN	US30	PERIOD_M1	1704188580	1704188580	0	NA	NA	NA	NA	NA	NA	NA	NA	NA	NA	NA	NA	3.00	1.00	0.00	NA	NA	349402	349402	349402
0	COMPLETED_BAR	US30	PERIOD_M1	1704188640	1704188580	1	NA	NA	NA	NA	NA	NA	NA	NA	NA	NA	NA	NA	3.00	1.00	0.00	NA	NA	349403	349403	349403
0	CURRENT_OPEN	US30	PERIOD_M1	1704188640	1704188640	0	NA	NA	NA	NA	NA	NA	NA	NA	NA	NA	NA	NA	3.00	1.00	0.00	NA	NA	349403	349403	349403
0	COMPLETED_BAR	US30	PERIOD_M1	1704188700	1704188640	1	NA	NA	NA	NA	NA	NA	NA	NA	NA	NA	NA	NA	3.00	1.00	0.00	NA	NA	349404	349404	349404
0	CURRENT_OPEN	US30	PERIOD_M1	1704188700	1704188700	0	NA	NA	NA	NA	NA	NA	NA	NA	NA	NA	NA	NA	3.00	1.00	0.00	NA	NA	349404	349404	349404
0	COMPLETED_BAR	US30	PERIOD_M1	1704188760	1704188700	1	NA	NA	NA	NA	NA	NA	NA	NA	NA	NA	NA	NA	3.00	1.00	0.00	NA	NA	349405	349405	349405
0	CURRENT_OPEN	US30	PERIOD_M1	1704188760	1704188760	0	NA	NA	NA	NA	NA	NA	NA	NA	NA	NA	NA	NA	3.00	1.00	0.00	NA	NA	349405	349405	349405
0	COMPLETED_BAR	US30	PERIOD_M1	1704188820	1704188760	1	NA	NA	NA	NA	NA	NA	NA	NA	NA	NA	NA	NA	3.00	1.00	0.00	NA	NA	349406	349406	349406
0	CURRENT_OPEN	US30	PERIOD_M1	1704188820	1704188820	0	NA	NA	NA	NA	NA	NA	NA	NA	NA	NA	NA	NA	3.00	1.00	0.00	NA	NA	349406	349406	349406
0	COMPLETED_BAR	US30	PERIOD_M1	1704188880	1704188820	1	NA	NA	NA	NA	NA	NA	NA	NA	NA	NA	NA	NA	3.00	1.00	0.00	NA	NA	349407	349407	349407
0	CURRENT_OPEN	US30	PERIOD_M1	1704188880	1704188880	0	NA	NA	NA	NA	NA	NA	NA	NA	NA	NA	NA	NA	3.00	1.00	0.00	NA	NA	349407	349407	349407
0	COMPLETED_BAR	US30	PERIOD_M1	1704188940	1704188880	1	NA	NA	NA	NA	NA	NA	NA	NA	NA	NA	NA	NA	3.00	1.00	0.00	NA	NA	349408	349408	349408
0	CURRENT_OPEN	US30	PERIOD_M1	1704188940	1704188940	0	NA	NA	NA	NA	NA	NA	NA	NA	NA	NA	NA	NA	3.00	1.00	0.00	NA	NA	349408	349408	349408
0	COMPLETED_BAR	US30	PERIOD_M1	1704189000	1704188940	1	NA	NA	NA	NA	NA	NA	NA	NA	NA	NA	NA	NA	3.00	1.00	0.00	NA	NA	349409	349409	349409
0	CURRENT_OPEN	US30	PERIOD_M1	1704189000	1704189000	0	NA	NA	NA	NA	NA	NA	NA	NA	NA	NA	NA	NA	3.00	1.00	0.00	NA	NA	349409	349409	349409
0	COMPLETED_BAR	US30	PERIOD_M1	1704189060	1704189000	1	NA	NA	NA	NA	NA	NA	NA	NA	NA	NA	NA	NA	3.00	1.00	0.00	NA	NA	349410	349410	349410
0	CURRENT_OPEN	US30	PERIOD_M1	1704189060	1704189060	0	NA	NA	NA	NA	NA	NA	NA	NA	NA	NA	NA	NA	3.00	1.00	0.00	NA	NA	349410	349410	349410
0	COMPLETED_BAR	US30	PERIOD_M1	1704189120	1704189060	1	NA	NA	NA	NA	NA	NA	NA	NA	NA	NA	NA	NA	3.00	1.00	0.00	NA	NA	349411	349411	349411
0	CURRENT_OPEN	US30	PERIOD_M1	1704189120	1704189120	0	NA	NA	NA	NA	NA	NA	NA	NA	NA	NA	NA	NA	3.00	1.00	0.00	NA	NA	349411	349411	349411
0	COMPLETED_BAR	US30	PERIOD_M1	1704189180	1704189120	1	NA	NA	NA	NA	NA	NA	NA	NA	NA	NA	NA	NA	3.00	1.00	0.00	NA	NA	349412	349412	349412
0	CURRENT_OPEN	US30	PERIOD_M1	1704189180	1704189180	0	NA	NA	NA	NA	NA	NA	NA	NA	NA	NA	NA	NA	3.00	1.00	0.00	NA	NA	349412	349412	349412
0	COMPLETED_BAR	US30	PERIOD_M1	1704189240	1704189180	1	NA	NA	NA	NA	NA	NA	NA	NA	NA	NA	NA	NA	3.00	1.00	0.00	NA	NA	349413	349413	349413
0	CURRENT_OPEN	US30	PERIOD_M1	1704189240	1704189240	0	NA	NA	NA	NA	NA	NA	NA	NA	NA	NA	NA	NA	3.00	1.00	0.00	NA	NA	349413	349413	349413
0	COMPLETED_BAR	US30	PERIOD_M1	1704189300	1704189240	1	NA	NA	NA	NA	NA	NA	NA	NA	NA	NA	NA	NA	3.00	1.00	0.00	NA	NA	349414	349414	349414
0	CURRENT_OPEN	US30	PERIOD_M1	1704189300	1704189300	0	NA	NA	NA	NA	NA	NA	NA	NA	NA	NA	NA	NA	3.00	1.00	0.00	NA	NA	349414	349414	349414
0	COMPLETED_BAR	US30	PERIOD_M1	1704189360	1704189300	1	NA	NA	NA	NA	NA	NA	NA	NA	NA	NA	NA	NA	3.00	1.00	0.00	NA	NA	349415	349415	349415
0	CURRENT_OPEN	US30	PERIOD_M1	1704189360	1704189360	0	NA	NA	NA	NA	NA	NA	NA	NA	NA	NA	NA	NA	3.00	1.00	0.00	NA	NA	349415	349415	349415
0	COMPLETED_BAR	US30	PERIOD_M1	1704189420	1704189360	1	NA	NA	NA	NA	NA	NA	NA	NA	NA	NA	NA	NA	3.00	1.00	0.00	NA	NA	349416	349416	349416
0	CURRENT_OPEN	US30	PERIOD_M1	1704189420	1704189420	0	NA	NA	NA	NA	NA	NA	NA	NA	NA	NA	NA	NA	3.00	1.00	0.00	NA	NA	349416	349416	349416
0	COMPLETED_BAR	US30	PERIOD_M1	1704189480	1704189420	1	NA	NA	NA	NA	NA	NA	NA	NA	NA	NA	NA	NA	3.00	1.00	0.00	NA	NA	349417	349417	349417
0	CURRENT_OPEN	US30	PERIOD_M1	1704189480	1704189480	0	NA	NA	NA	NA	NA	NA	NA	NA	NA	NA	NA	NA	3.00	1.00	0.00	NA	NA	349417	349417	349417
0	COMPLETED_BAR	US30	PERIOD_M1	1704189540	1704189480	1	NA	NA	NA	NA	NA	NA	NA	NA	NA	NA	NA	NA	3.00	1.00	0.00	NA	NA	349418	349418	349418
0	CURRENT_OPEN	US30	PERIOD_M1	1704189540	1704189540	0	NA	NA	NA	NA	NA	NA	NA	NA	NA	NA	NA	NA	3.00	1.00	0.00	NA	NA	349418	349418	349418
0	COMPLETED_BAR	US30	PERIOD_M1	1704189600	1704189540	1	NA	NA	NA	NA	NA	NA	NA	NA	NA	NA	NA	NA	3.00	1.00	0.00	NA	NA	349419	349419	349419
0	CURRENT_OPEN	US30	PERIOD_M1	1704189600	1704189600	0	NA	NA	NA	NA	NA	NA	NA	NA	NA	NA	NA	NA	3.00	1.00	0.00	NA	NA	349419	349419	349419
0	COMPLETED_BAR	US30	PERIOD_M1	1704189660	1704189600	1	NA	NA	NA	NA	NA	NA	NA	NA	NA	NA	NA	NA	3.00	1.00	0.00	NA	NA	349420	349420	349420
0	CURRENT_OPEN	US30	PERIOD_M1	1704189660	1704189660	0	NA	NA	NA	NA	NA	NA	NA	NA	NA	NA	NA	NA	3.00	1.00	0.00	NA	NA	349420	349420	349420
0	COMPLETED_BAR	US30	PERIOD_M1	1704189720	1704189660	1	NA	NA	NA	NA	NA	NA	NA	NA	NA	NA	NA	NA	3.00	1.00	0.00	NA	NA	349421	349421	349421
0	CURRENT_OPEN	US30	PERIOD_M1	1704189720	1704189720	0	NA	NA	NA	NA	NA	NA	NA	NA	NA	NA	NA	NA	3.00	1.00	0.00	NA	NA	349421	349421	349421
0	COMPLETED_BAR	US30	PERIOD_M1	1704189780	1704189720	1	NA	NA	NA	NA	NA	NA	NA	NA	NA	NA	NA	NA	3.00	1.00	0.00	NA	NA	349422	349422	349422
0	CURRENT_OPEN	US30	PERIOD_M1	1704189780	1704189780	0	NA	NA	NA	NA	NA	NA	NA	NA	NA	NA	NA	NA	3.00	1.00	0.00	NA	NA	349422	349422	349422
0	COMPLETED_BAR	US30	PERIOD_M1	1704189840	1704189780	1	NA	NA	NA	NA	NA	NA	NA	NA	NA	NA	NA	NA	3.00	1.00	0.00	NA	NA	349423	349423	349423
0	CURRENT_OPEN	US30	PERIOD_M1	1704189840	1704189840	0	NA	NA	NA	NA	NA	NA	NA	NA	NA	NA	NA	NA	3.00	1.00	0.00	NA	NA	349423	349423	349423
0	COMPLETED_BAR	US30	PERIOD_M1	1704189900	1704189840	1	NA	NA	NA	NA	NA	NA	NA	NA	NA	NA	NA	NA	3.00	1.00	0.00	NA	NA	349424	349424	349424
0	CURRENT_OPEN	US30	PERIOD_M1	1704189900	1704189900	0	NA	NA	NA	NA	NA	NA	NA	NA	NA	NA	NA	NA	3.00	1.00	0.00	NA	NA	349424	349424	349424
0	COMPLETED_BAR	US30	PERIOD_M1	1704189960	1704189900	1	NA	NA	NA	NA	NA	NA	NA	NA	NA	NA	NA	NA	3.00	1.00	0.00	NA	NA	349425	349425	349425
0	CURRENT_OPEN	US30	PERIOD_M1	1704189960	1704189960	0	NA	NA	NA	NA	NA	NA	NA	NA	NA	NA	NA	NA	3.00	1.00	0.00	NA	NA	349425	349425	349425
0	COMPLETED_BAR	US30	PERIOD_M1	1704190020	1704189960	1	NA	NA	NA	NA	NA	NA	NA	NA	NA	NA	NA	NA	3.00	1.00	0.00	NA	NA	349426	349426	349426
0	CURRENT_OPEN	US30	PERIOD_M1	1704190020	1704190020	0	NA	NA	NA	NA	NA	NA	NA	NA	NA	NA	NA	NA	3.00	1.00	0.00	NA	NA	349426	349426	349426
0	COMPLETED_BAR	US30	PERIOD_M1	1704190080	1704190020	1	NA	NA	NA	NA	NA	NA	NA	NA	NA	NA	NA	NA	3.00	1.00	0.00	NA	NA	349427	349427	349427
0	CURRENT_OPEN	US30	PERIOD_M1	1704190080	1704190080	0	NA	NA	NA	NA	NA	NA	NA	NA	NA	NA	NA	NA	3.00	1.00	0.00	NA	NA	349427	349427	349427
0	COMPLETED_BAR	US30	PERIOD_M1	1704190140	1704190080	1	NA	NA	NA	NA	NA	NA	NA	NA	NA	NA	NA	NA	3.00	1.00	0.00	NA	NA	349428	349428	349428
0	CURRENT_OPEN	US30	PERIOD_M1	1704190140	1704190140	0	NA	NA	NA	NA	NA	NA	NA	NA	NA	NA	NA	NA	3.00	1.00	0.00	NA	NA	349428	349428	349428
0	COMPLETED_BAR	US30	PERIOD_M1	1704190200	1704190140	1	NA	NA	NA	NA	NA	NA	NA	NA	NA	NA	NA	NA	3.00	1.00	0.00	NA	NA	349429	349429	349429
0	CURRENT_OPEN	US30	PERIOD_M1	1704190200	1704190200	0	NA	NA	NA	NA	NA	NA	NA	NA	NA	NA	NA	NA	3.00	1.00	0.00	NA	NA	349429	349429	349429
0	COMPLETED_BAR	US30	PERIOD_M1	1704190260	1704190200	1	NA	NA	NA	NA	NA	NA	NA	NA	NA	NA	NA	NA	3.00	1.00	0.00	NA	NA	349430	349430	349430
0	CURRENT_OPEN	US30	PERIOD_M1	1704190260	1704190260	0	NA	NA	NA	NA	NA	NA	NA	NA	NA	NA	NA	NA	3.00	1.00	0.00	NA	NA	349430	349430	349430
0	COMPLETED_BAR	US30	PERIOD_M1	1704190320	1704190260	1	NA	NA	NA	NA	NA	NA	NA	NA	NA	NA	NA	NA	3.00	1.00	0.00	NA	NA	349431	349431	349431
0	CURRENT_OPEN	US30	PERIOD_M1	1704190320	1704190320	0	NA	NA	NA	NA	NA	NA	NA	NA	NA	NA	NA	NA	3.00	1.00	0.00	NA	NA	349431	349431	349431
0	COMPLETED_BAR	US30	PERIOD_M1	1704190380	1704190320	1	NA	NA	NA	NA	NA	NA	NA	NA	NA	NA	NA	NA	3.00	1.00	0.00	NA	NA	349432	349432	349432
0	CURRENT_OPEN	US30	PERIOD_M1	1704190380	1704190380	0	NA	NA	NA	NA	NA	NA	NA	NA	NA	NA	NA	NA	3.00	1.00	0.00	NA	NA	349432	349432	349432
0	COMPLETED_BAR	US30	PERIOD_M1	1704190440	1704190380	1	NA	NA	NA	NA	NA	NA	NA	NA	NA	NA	NA	NA	3.00	1.00	0.00	NA	NA	349433	349433	349433
0	CURRENT_OPEN	US30	PERIOD_M1	1704190440	1704190440	0	NA	NA	NA	NA	NA	NA	NA	NA	NA	NA	NA	NA	3.00	1.00	0.00	NA	NA	349433	349433	349433
0	COMPLETED_BAR	US30	PERIOD_M1	1704190500	1704190440	1	NA	NA	NA	NA	NA	NA	NA	NA	NA	NA	NA	NA	3.00	1.00	0.00	NA	NA	349434	349434	349434
0	CURRENT_OPEN	US30	PERIOD_M1	1704190500	1704190500	0	NA	NA	NA	NA	NA	NA	NA	NA	NA	NA	NA	NA	3.00	1.00	0.00	NA	NA	349434	349434	349434
0	COMPLETED_BAR	US30	PERIOD_M1	1704190560	1704190500	1	NA	NA	NA	NA	NA	NA	NA	NA	NA	NA	NA	NA	3.00	1.00	0.00	NA	NA	349435	349435	349435
0	CURRENT_OPEN	US30	PERIOD_M1	1704190560	1704190560	0	NA	NA	NA	NA	NA	NA	NA	NA	NA	NA	NA	NA	3.00	1.00	0.00	NA	NA	349435	349435	349435
0	COMPLETED_BAR	US30	PERIOD_M1	1704190620	1704190560	1	NA	NA	NA	NA	NA	NA	NA	NA	NA	NA	NA	NA	3.00	1.00	0.00	NA	NA	349436	349436	349436
0	CURRENT_OPEN	US30	PERIOD_M1	1704190620	1704190620	0	NA	NA	NA	NA	NA	NA	NA	NA	NA	NA	NA	NA	3.00	1.00	0.00	NA	NA	349436	349436	349436
0	COMPLETED_BAR	US30	PERIOD_M1	1704190680	1704190620	1	NA	NA	NA	NA	NA	NA	NA	NA	NA	NA	NA	NA	3.00	1.00	0.00	NA	NA	349437	349437	349437
0	CURRENT_OPEN	US30	PERIOD_M1	1704190680	1704190680	0	NA	NA	NA	NA	NA	NA	NA	NA	NA	NA	NA	NA	3.00	1.00	0.00	NA	NA	349437	349437	349437
0	COMPLETED_BAR	US30	PERIOD_M1	1704190740	1704190680	1	NA	NA	NA	NA	NA	NA	NA	NA	NA	NA	NA	NA	3.00	1.00	0.00	NA	NA	349438	349438	349438
0	CURRENT_OPEN	US30	PERIOD_M1	1704190740	1704190740	0	NA	NA	NA	NA	NA	NA	NA	NA	NA	NA	NA	NA	3.00	1.00	0.00	NA	NA	349438	349438	349438
0	COMPLETED_BAR	US30	PERIOD_M1	1704190800	1704190740	1	NA	NA	NA	NA	NA	NA	NA	NA	NA	NA	NA	NA	3.00	1.00	0.00	NA	NA	349439	349439	349439
0	CURRENT_OPEN	US30	PERIOD_M1	1704190800	1704190800	0	NA	NA	NA	NA	NA	NA	NA	NA	NA	NA	NA	NA	3.00	1.00	0.00	NA	NA	349439	349439	349439
0	COMPLETED_BAR	US30	PERIOD_M1	1704190860	1704190800	1	NA	NA	NA	NA	NA	NA	NA	NA	NA	NA	NA	NA	3.00	1.00	0.00	NA	NA	349440	349440	349440
0	CURRENT_OPEN	US30	PERIOD_M1	1704190860	1704190860	0	NA	NA	NA	NA	NA	NA	NA	NA	NA	NA	NA	NA	3.00	1.00	0.00	NA	NA	349440	349440	349440
0	COMPLETED_BAR	US30	PERIOD_M1	1704190920	1704190860	1	NA	NA	NA	NA	NA	NA	NA	NA	NA	NA	NA	NA	3.00	1.00	0.00	NA	NA	349441	349441	349441
0	CURRENT_OPEN	US30	PERIOD_M1	1704190920	1704190920	0	NA	NA	NA	NA	NA	NA	NA	NA	NA	NA	NA	NA	3.00	1.00	0.00	NA	NA	349441	349441	349441
0	COMPLETED_BAR	US30	PERIOD_M1	1704190980	1704190920	1	NA	NA	NA	NA	NA	NA	NA	NA	NA	NA	NA	NA	3.00	1.00	0.00	NA	NA	349442	349442	349442
0	CURRENT_OPEN	US30	PERIOD_M1	1704190980	1704190980	0	NA	NA	NA	NA	NA	NA	NA	NA	NA	NA	NA	NA	3.00	1.00	0.00	NA	NA	349442	349442	349442
0	COMPLETED_BAR	US30	PERIOD_M1	1704191040	1704190980	1	NA	NA	NA	NA	NA	NA	NA	NA	NA	NA	NA	NA	3.00	1.00	0.00	NA	NA	349443	349443	349443
0	CURRENT_OPEN	US30	PERIOD_M1	1704191040	1704191040	0	NA	NA	NA	NA	NA	NA	NA	NA	NA	NA	NA	NA	3.00	1.00	0.00	NA	NA	349443	349443	349443
0	COMPLETED_BAR	US30	PERIOD_M1	1704191100	1704191040	1	NA	NA	NA	NA	NA	NA	NA	NA	NA	NA	NA	NA	3.00	1.00	0.00	NA	NA	349444	349444	349444
0	CURRENT_OPEN	US30	PERIOD_M1	1704191100	1704191100	0	NA	NA	NA	NA	NA	NA	NA	NA	NA	NA	NA	NA	3.00	1.00	0.00	NA	NA	349444	349444	349444
0	COMPLETED_BAR	US30	PERIOD_M1	1704191160	1704191100	1	NA	NA	NA	NA	NA	NA	NA	NA	NA	NA	NA	NA	3.00	1.00	0.00	NA	NA	349445	349445	349445
0	CURRENT_OPEN	US30	PERIOD_M1	1704191160	1704191160	0	NA	NA	NA	NA	NA	NA	NA	NA	NA	NA	NA	NA	3.00	1.00	0.00	NA	NA	349445	349445	349445
0	COMPLETED_BAR	US30	PERIOD_M1	1704191220	1704191160	1	NA	NA	NA	NA	NA	NA	NA	NA	NA	NA	NA	NA	3.00	1.00	0.00	NA	NA	349446	349446	349446
0	CURRENT_OPEN	US30	PERIOD_M1	1704191220	1704191220	0	NA	NA	NA	NA	NA	NA	NA	NA	NA	NA	NA	NA	3.00	1.00	0.00	NA	NA	349446	349446	349446
0	COMPLETED_BAR	US30	PERIOD_M1	1704191280	1704191220	1	NA	NA	NA	NA	NA	NA	NA	NA	NA	NA	NA	NA	3.00	1.00	0.00	NA	NA	349447	349447	349447
0	CURRENT_OPEN	US30	PERIOD_M1	1704191280	1704191280	0	NA	NA	NA	NA	NA	NA	NA	NA	NA	NA	NA	NA	3.00	1.00	0.00	NA	NA	349447	349447	349447
0	COMPLETED_BAR	US30	PERIOD_M1	1704191340	1704191280	1	NA	NA	NA	NA	NA	NA	NA	NA	NA	NA	NA	NA	3.00	1.00	0.00	NA	NA	349448	349448	349448
0	CURRENT_OPEN	US30	PERIOD_M1	1704191340	1704191340	0	NA	NA	NA	NA	NA	NA	NA	NA	NA	NA	NA	NA	3.00	1.00	0.00	NA	NA	349448	349448	349448
0	COMPLETED_BAR	US30	PERIOD_M1	1704191400	1704191340	1	NA	NA	NA	NA	NA	NA	NA	NA	NA	NA	NA	NA	3.00	1.00	0.00	NA	NA	349449	349449	349449
0	CURRENT_OPEN	US30	PERIOD_M1	1704191400	1704191400	0	NA	NA	NA	NA	NA	NA	NA	NA	NA	NA	NA	NA	3.00	1.00	0.00	NA	NA	349449	349449	349449
0	COMPLETED_BAR	US30	PERIOD_M1	1704191460	1704191400	1	NA	NA	NA	NA	NA	NA	NA	NA	NA	NA	NA	NA	3.00	1.00	0.00	NA	NA	349450	349450	349450
0	CURRENT_OPEN	US30	PERIOD_M1	1704191460	1704191460	0	NA	NA	NA	NA	NA	NA	NA	NA	NA	NA	NA	NA	3.00	1.00	0.00	NA	NA	349450	349450	349450
0	COMPLETED_BAR	US30	PERIOD_M1	1704191520	1704191460	1	NA	NA	NA	NA	NA	NA	NA	NA	NA	NA	NA	NA	3.00	1.00	0.00	NA	NA	349451	349451	349451
0	CURRENT_OPEN	US30	PERIOD_M1	1704191520	1704191520	0	NA	NA	NA	NA	NA	NA	NA	NA	NA	NA	NA	NA	3.00	1.00	0.00	NA	NA	349451	349451	349451
0	COMPLETED_BAR	US30	PERIOD_M1	1704191580	1704191520	1	NA	NA	NA	NA	NA	NA	NA	NA	NA	NA	NA	NA	3.00	1.00	0.00	NA	NA	349452	349452	349452
0	CURRENT_OPEN	US30	PERIOD_M1	1704191580	1704191580	0	NA	NA	NA	NA	NA	NA	NA	NA	NA	NA	NA	NA	3.00	1.00	0.00	NA	NA	349452	349452	349452
0	COMPLETED_BAR	US30	PERIOD_M1	1704191640	1704191580	1	NA	NA	NA	NA	NA	NA	NA	NA	NA	NA	NA	NA	3.00	1.00	0.00	NA	NA	349453	349453	349453
0	CURRENT_OPEN	US30	PERIOD_M1	1704191640	1704191640	0	NA	NA	NA	NA	NA	NA	NA	NA	NA	NA	NA	NA	3.00	1.00	0.00	NA	NA	349453	349453	349453
0	COMPLETED_BAR	US30	PERIOD_M1	1704191700	1704191640	1	NA	NA	NA	NA	NA	NA	NA	NA	NA	NA	NA	NA	3.00	1.00	0.00	NA	NA	349454	349454	349454
0	CURRENT_OPEN	US30	PERIOD_M1	1704191700	1704191700	0	NA	NA	NA	NA	NA	NA	NA	NA	NA	NA	NA	NA	3.00	1.00	0.00	NA	NA	349454	349454	349454
0	COMPLETED_BAR	US30	PERIOD_M1	1704191760	1704191700	1	NA	NA	NA	NA	NA	NA	NA	NA	NA	NA	NA	NA	3.00	1.00	0.00	NA	NA	349455	349455	349455
0	CURRENT_OPEN	US30	PERIOD_M1	1704191760	1704191760	0	NA	NA	NA	NA	NA	NA	NA	NA	NA	NA	NA	NA	3.00	1.00	0.00	NA	NA	349455	349455	349455
0	COMPLETED_BAR	US30	PERIOD_M1	1704191820	1704191760	1	NA	NA	NA	NA	NA	NA	NA	NA	NA	NA	NA	NA	3.00	1.00	0.00	NA	NA	349456	349456	349456
0	CURRENT_OPEN	US30	PERIOD_M1	1704191820	1704191820	0	NA	NA	NA	NA	NA	NA	NA	NA	NA	NA	NA	NA	3.00	1.00	0.00	NA	NA	349456	349456	349456
0	COMPLETED_BAR	US30	PERIOD_M1	1704191880	1704191820	1	NA	NA	NA	NA	NA	NA	NA	NA	NA	NA	NA	NA	3.00	1.00	0.00	NA	NA	349457	349457	349457
0	CURRENT_OPEN	US30	PERIOD_M1	1704191880	1704191880	0	NA	NA	NA	NA	NA	NA	NA	NA	NA	NA	NA	NA	3.00	1.00	0.00	NA	NA	349457	349457	349457
0	COMPLETED_BAR	US30	PERIOD_M1	1704191940	1704191880	1	NA	NA	NA	NA	NA	NA	NA	NA	NA	NA	NA	NA	3.00	1.00	0.00	NA	NA	349458	349458	349458
0	CURRENT_OPEN	US30	PERIOD_M1	1704191940	1704191940	0	NA	NA	NA	NA	NA	NA	NA	NA	NA	NA	NA	NA	3.00	1.00	0.00	NA	NA	349458	349458	349458
0	COMPLETED_BAR	US30	PERIOD_M1	1704192000	1704191940	1	NA	NA	NA	NA	NA	NA	NA	NA	NA	NA	NA	NA	3.00	1.00	0.00	NA	NA	349459	349459	349459
0	CURRENT_OPEN	US30	PERIOD_M1	1704192000	1704192000	0	NA	NA	NA	NA	NA	NA	NA	NA	NA	NA	NA	NA	3.00	1.00	0.00	NA	NA	349459	349459	349459
0	COMPLETED_BAR	US30	PERIOD_M1	1704192060	1704192000	1	NA	NA	NA	NA	NA	NA	NA	NA	NA	NA	NA	NA	3.00	1.00	0.00	NA	NA	349460	349460	349460
0	CURRENT_OPEN	US30	PERIOD_M1	1704192060	1704192060	0	NA	NA	NA	NA	NA	NA	NA	NA	NA	NA	NA	NA	3.00	1.00	0.00	NA	NA	349460	349460	349460
0	COMPLETED_BAR	US30	PERIOD_M1	1704192120	1704192060	1	NA	NA	NA	NA	NA	NA	NA	NA	NA	NA	NA	NA	3.00	1.00	0.00	NA	NA	349461	349461	349461
0	CURRENT_OPEN	US30	PERIOD_M1	1704192120	1704192120	0	NA	NA	NA	NA	NA	NA	NA	NA	NA	NA	NA	NA	3.00	1.00	0.00	NA	NA	349461	349461	349461
0	COMPLETED_BAR	US30	PERIOD_M1	1704192180	1704192120	1	NA	NA	NA	NA	NA	NA	NA	NA	NA	NA	NA	NA	3.00	1.00	0.00	NA	NA	349462	349462	349462
0	CURRENT_OPEN	US30	PERIOD_M1	1704192180	1704192180	0	NA	NA	NA	NA	NA	NA	NA	NA	NA	NA	NA	NA	3.00	1.00	0.00	NA	NA	349462	349462	349462
0	COMPLETED_BAR	US30	PERIOD_M1	1704192240	1704192180	1	NA	NA	NA	NA	NA	NA	NA	NA	NA	NA	NA	NA	3.00	1.00	0.00	NA	NA	349463	349463	349463
0	CURRENT_OPEN	US30	PERIOD_M1	1704192240	1704192240	0	NA	NA	NA	NA	NA	NA	NA	NA	NA	NA	NA	NA	3.00	1.00	0.00	NA	NA	349463	349463	349463
0	COMPLETED_BAR	US30	PERIOD_M1	1704192300	1704192240	1	NA	NA	NA	NA	NA	NA	NA	NA	NA	NA	NA	NA	3.00	1.00	0.00	NA	NA	349464	349464	349464
0	CURRENT_OPEN	US30	PERIOD_M1	1704192300	1704192300	0	NA	NA	NA	NA	NA	NA	NA	NA	NA	NA	NA	NA	3.00	1.00	0.00	NA	NA	349464	349464	349464
0	COMPLETED_BAR	US30	PERIOD_M1	1704192360	1704192300	1	NA	NA	NA	NA	NA	NA	NA	NA	NA	NA	NA	NA	3.00	1.00	0.00	NA	NA	349465	349465	349465
0	CURRENT_OPEN	US30	PERIOD_M1	1704192360	1704192360	0	NA	NA	NA	NA	NA	NA	NA	NA	NA	NA	NA	NA	3.00	1.00	0.00	NA	NA	349465	349465	349465
0	COMPLETED_BAR	US30	PERIOD_M1	1704192420	1704192360	1	NA	NA	NA	NA	NA	NA	NA	NA	NA	NA	NA	NA	3.00	1.00	0.00	NA	NA	349466	349466	349466
0	CURRENT_OPEN	US30	PERIOD_M1	1704192420	1704192420	0	NA	NA	NA	NA	NA	NA	NA	NA	NA	NA	NA	NA	3.00	1.00	0.00	NA	NA	349466	349466	349466
0	COMPLETED_BAR	US30	PERIOD_M1	1704192480	1704192420	1	NA	NA	NA	NA	NA	NA	NA	NA	NA	NA	NA	NA	3.00	1.00	0.00	NA	NA	349467	349467	349467
0	CURRENT_OPEN	US30	PERIOD_M1	1704192480	1704192480	0	NA	NA	NA	NA	NA	NA	NA	NA	NA	NA	NA	NA	3.00	1.00	0.00	NA	NA	349467	349467	349467
0	COMPLETED_BAR	US30	PERIOD_M1	1704192540	1704192480	1	NA	NA	NA	NA	NA	NA	NA	NA	NA	NA	NA	NA	3.00	1.00	0.00	NA	NA	349468	349468	349468
0	CURRENT_OPEN	US30	PERIOD_M1	1704192540	1704192540	0	NA	NA	NA	NA	NA	NA	NA	NA	NA	NA	NA	NA	3.00	1.00	0.00	NA	NA	349468	349468	349468
0	COMPLETED_BAR	US30	PERIOD_M1	1704192600	1704192540	1	NA	NA	NA	NA	NA	NA	NA	NA	NA	NA	NA	NA	3.00	1.00	0.00	NA	NA	349469	349469	349469
0	CURRENT_OPEN	US30	PERIOD_M1	1704192600	1704192600	0	NA	NA	NA	NA	NA	NA	NA	NA	NA	NA	NA	NA	3.00	1.00	0.00	NA	NA	349469	349469	349469
0	COMPLETED_BAR	US30	PERIOD_M1	1704192660	1704192600	1	NA	NA	NA	NA	NA	NA	NA	NA	NA	NA	NA	NA	3.00	1.00	0.00	NA	NA	349470	349470	349470
0	CURRENT_OPEN	US30	PERIOD_M1	1704192660	1704192660	0	NA	NA	NA	NA	NA	NA	NA	NA	NA	NA	NA	NA	3.00	1.00	0.00	NA	NA	349470	349470	349470
0	COMPLETED_BAR	US30	PERIOD_M1	1704192720	1704192660	1	NA	NA	NA	NA	NA	NA	NA	NA	NA	NA	NA	NA	3.00	1.00	0.00	NA	NA	349471	349471	349471
0	CURRENT_OPEN	US30	PERIOD_M1	1704192720	1704192720	0	NA	NA	NA	NA	NA	NA	NA	NA	NA	NA	NA	NA	3.00	1.00	0.00	NA	NA	349471	349471	349471
0	COMPLETED_BAR	US30	PERIOD_M1	1704192780	1704192720	1	NA	NA	NA	NA	NA	NA	NA	NA	NA	NA	NA	NA	3.00	1.00	0.00	NA	NA	349472	349472	349472
0	CURRENT_OPEN	US30	PERIOD_M1	1704192780	1704192780	0	NA	NA	NA	NA	NA	NA	NA	NA	NA	NA	NA	NA	3.00	1.00	0.00	NA	NA	349472	349472	349472
0	COMPLETED_BAR	US30	PERIOD_M1	1704192840	1704192780	1	NA	NA	NA	NA	NA	NA	NA	NA	NA	NA	NA	NA	3.00	1.00	0.00	NA	NA	349473	349473	349473
0	CURRENT_OPEN	US30	PERIOD_M1	1704192840	1704192840	0	NA	NA	NA	NA	NA	NA	NA	NA	NA	NA	NA	NA	3.00	1.00	0.00	NA	NA	349473	349473	349473
0	COMPLETED_BAR	US30	PERIOD_M1	1704192900	1704192840	1	NA	NA	NA	NA	NA	NA	NA	NA	NA	NA	NA	NA	3.00	1.00	0.00	NA	NA	349474	349474	349474
0	CURRENT_OPEN	US30	PERIOD_M1	1704192900	1704192900	0	NA	NA	NA	NA	NA	NA	NA	NA	NA	NA	NA	NA	3.00	1.00	0.00	NA	NA	349474	349474	349474
0	COMPLETED_BAR	US30	PERIOD_M1	1704192960	1704192900	1	NA	NA	NA	NA	NA	NA	NA	NA	NA	NA	NA	NA	3.00	1.00	0.00	NA	NA	349475	349475	349475
0	CURRENT_OPEN	US30	PERIOD_M1	1704192960	1704192960	0	NA	NA	NA	NA	NA	NA	NA	NA	NA	NA	NA	NA	3.00	1.00	0.00	NA	NA	349475	349475	349475
0	COMPLETED_BAR	US30	PERIOD_M1	1704193020	1704192960	1	NA	NA	NA	NA	NA	NA	NA	NA	NA	NA	NA	NA	3.00	1.00	0.00	NA	NA	349476	349476	349476
0	CURRENT_OPEN	US30	PERIOD_M1	1704193020	1704193020	0	NA	NA	NA	NA	NA	NA	NA	NA	NA	NA	NA	NA	3.00	1.00	0.00	NA	NA	349476	349476	349476
0	COMPLETED_BAR	US30	PERIOD_M1	1704193080	1704193020	1	NA	NA	NA	NA	NA	NA	NA	NA	NA	NA	NA	NA	3.00	1.00	0.00	NA	NA	349477	349477	349477
0	CURRENT_OPEN	US30	PERIOD_M1	1704193080	1704193080	0	NA	NA	NA	NA	NA	NA	NA	NA	NA	NA	NA	NA	3.00	1.00	0.00	NA	NA	349477	349477	349477
0	COMPLETED_BAR	US30	PERIOD_M1	1704193140	1704193080	1	NA	NA	NA	NA	NA	NA	NA	NA	NA	NA	NA	NA	3.00	1.00	0.00	NA	NA	349478	349478	349478
0	CURRENT_OPEN	US30	PERIOD_M1	1704193140	1704193140	0	NA	NA	NA	NA	NA	NA	NA	NA	NA	NA	NA	NA	3.00	1.00	0.00	NA	NA	349478	349478	349478
0	COMPLETED_BAR	US30	PERIOD_M1	1704193200	1704193140	1	NA	NA	NA	NA	NA	NA	NA	NA	NA	NA	NA	NA	3.00	1.00	0.00	NA	NA	349479	349479	349479
0	CURRENT_OPEN	US30	PERIOD_M1	1704193200	1704193200	0	NA	NA	NA	NA	NA	NA	NA	NA	NA	NA	NA	NA	3.00	1.00	0.00	NA	NA	349479	349479	349479
0	COMPLETED_BAR	US30	PERIOD_M1	1704193260	1704193200	1	NA	NA	NA	NA	NA	NA	NA	NA	NA	NA	NA	NA	3.00	1.00	0.00	NA	NA	349480	349480	349480
0	CURRENT_OPEN	US30	PERIOD_M1	1704193260	1704193260	0	NA	NA	NA	NA	NA	NA	NA	NA	NA	NA	NA	NA	3.00	1.00	0.00	NA	NA	349480	349480	349480
0	COMPLETED_BAR	US30	PERIOD_M1	1704193320	1704193260	1	NA	NA	NA	NA	NA	NA	NA	NA	NA	NA	NA	NA	3.00	1.00	0.00	NA	NA	349481	349481	349481
0	CURRENT_OPEN	US30	PERIOD_M1	1704193320	1704193320	0	NA	NA	NA	NA	NA	NA	NA	NA	NA	NA	NA	NA	3.00	1.00	0.00	NA	NA	349481	349481	349481
0	COMPLETED_BAR	US30	PERIOD_M1	1704193380	1704193320	1	NA	NA	NA	NA	NA	NA	NA	NA	NA	NA	NA	NA	3.00	1.00	0.00	NA	NA	349482	349482	349482
0	CURRENT_OPEN	US30	PERIOD_M1	1704193380	1704193380	0	NA	NA	NA	NA	NA	NA	NA	NA	NA	NA	NA	NA	3.00	1.00	0.00	NA	NA	349482	349482	349482
0	COMPLETED_BAR	US30	PERIOD_M1	1704193440	1704193380	1	NA	NA	NA	NA	NA	NA	NA	NA	NA	NA	NA	NA	3.00	1.00	0.00	NA	NA	349483	349483	349483
0	CURRENT_OPEN	US30	PERIOD_M1	1704193440	1704193440	0	NA	NA	NA	NA	NA	NA	NA	NA	NA	NA	NA	NA	3.00	1.00	0.00	NA	NA	349483	349483	349483
0	COMPLETED_BAR	US30	PERIOD_M1	1704193500	1704193440	1	NA	NA	NA	NA	NA	NA	NA	NA	NA	NA	NA	NA	3.00	1.00	0.00	NA	NA	349484	349484	349484
0	CURRENT_OPEN	US30	PERIOD_M1	1704193500	1704193500	0	NA	NA	NA	NA	NA	NA	NA	NA	NA	NA	NA	NA	3.00	1.00	0.00	NA	NA	349484	349484	349484
0	COMPLETED_BAR	US30	PERIOD_M1	1704193560	1704193500	1	NA	NA	NA	NA	NA	NA	NA	NA	NA	NA	NA	NA	3.00	1.00	0.00	NA	NA	349485	349485	349485
0	CURRENT_OPEN	US30	PERIOD_M1	1704193560	1704193560	0	NA	NA	NA	NA	NA	NA	NA	NA	NA	NA	NA	NA	3.00	1.00	0.00	NA	NA	349485	349485	349485
0	COMPLETED_BAR	US30	PERIOD_M1	1704193620	1704193560	1	NA	NA	NA	NA	NA	NA	NA	NA	NA	NA	NA	NA	3.00	1.00	0.00	NA	NA	349486	349486	349486
0	CURRENT_OPEN	US30	PERIOD_M1	1704193620	1704193620	0	NA	NA	NA	NA	NA	NA	NA	NA	NA	NA	NA	NA	3.00	1.00	0.00	NA	NA	349486	349486	349486
0	COMPLETED_BAR	US30	PERIOD_M1	1704193680	1704193620	1	NA	NA	NA	NA	NA	NA	NA	NA	NA	NA	NA	NA	3.00	1.00	0.00	NA	NA	349487	349487	349487
0	CURRENT_OPEN	US30	PERIOD_M1	1704193680	1704193680	0	NA	NA	NA	NA	NA	NA	NA	NA	NA	NA	NA	NA	3.00	1.00	0.00	NA	NA	349487	349487	349487
0	COMPLETED_BAR	US30	PERIOD_M1	1704193740	1704193680	1	NA	NA	NA	NA	NA	NA	NA	NA	NA	NA	NA	NA	3.00	1.00	0.00	NA	NA	349488	349488	349488
0	CURRENT_OPEN	US30	PERIOD_M1	1704193740	1704193740	0	NA	NA	NA	NA	NA	NA	NA	NA	NA	NA	NA	NA	3.00	1.00	0.00	NA	NA	349488	349488	349488
0	COMPLETED_BAR	US30	PERIOD_M1	1704193800	1704193740	1	NA	NA	NA	NA	NA	NA	NA	NA	NA	NA	NA	NA	3.00	1.00	0.00	NA	NA	349489	349489	349489
0	CURRENT_OPEN	US30	PERIOD_M1	1704193800	1704193800	0	NA	NA	NA	NA	NA	NA	NA	NA	NA	NA	NA	NA	3.00	1.00	0.00	NA	NA	349489	349489	349489
0	COMPLETED_BAR	US30	PERIOD_M1	1704193860	1704193800	1	NA	NA	NA	NA	NA	NA	NA	NA	NA	NA	NA	NA	3.00	1.00	0.00	NA	NA	349490	349490	349490
0	CURRENT_OPEN	US30	PERIOD_M1	1704193860	1704193860	0	NA	NA	NA	NA	NA	NA	NA	NA	NA	NA	NA	NA	3.00	1.00	0.00	NA	NA	349490	349490	349490
0	COMPLETED_BAR	US30	PERIOD_M1	1704193920	1704193860	1	NA	NA	NA	NA	NA	NA	NA	NA	NA	NA	NA	NA	3.00	1.00	0.00	NA	NA	349491	349491	349491
0	CURRENT_OPEN	US30	PERIOD_M1	1704193920	1704193920	0	NA	NA	NA	NA	NA	NA	NA	NA	NA	NA	NA	NA	3.00	1.00	0.00	NA	NA	349491	349491	349491
0	COMPLETED_BAR	US30	PERIOD_M1	1704193980	1704193920	1	NA	NA	NA	NA	NA	NA	NA	NA	NA	NA	NA	NA	3.00	1.00	0.00	NA	NA	349492	349492	349492
0	CURRENT_OPEN	US30	PERIOD_M1	1704193980	1704193980	0	NA	NA	NA	NA	NA	NA	NA	NA	NA	NA	NA	NA	3.00	1.00	0.00	NA	NA	349492	349492	349492
0	COMPLETED_BAR	US30	PERIOD_M1	1704194040	1704193980	1	NA	NA	NA	NA	NA	NA	NA	NA	NA	NA	NA	NA	3.00	1.00	0.00	NA	NA	349493	349493	349493
0	CURRENT_OPEN	US30	PERIOD_M1	1704194040	1704194040	0	NA	NA	NA	NA	NA	NA	NA	NA	NA	NA	NA	NA	3.00	1.00	0.00	NA	NA	349493	349493	349493
0	COMPLETED_BAR	US30	PERIOD_M1	1704194100	1704194040	1	NA	NA	NA	NA	NA	NA	NA	NA	NA	NA	NA	NA	3.00	1.00	0.00	NA	NA	349494	349494	349494
0	CURRENT_OPEN	US30	PERIOD_M1	1704194100	1704194100	0	NA	NA	NA	NA	NA	NA	NA	NA	NA	NA	NA	NA	3.00	1.00	0.00	NA	NA	349494	349494	349494
0	COMPLETED_BAR	US30	PERIOD_M1	1704194160	1704194100	1	NA	NA	NA	NA	NA	NA	NA	NA	NA	NA	NA	NA	3.00	1.00	0.00	NA	NA	349495	349495	349495
0	CURRENT_OPEN	US30	PERIOD_M1	1704194160	1704194160	0	NA	NA	NA	NA	NA	NA	NA	NA	NA	NA	NA	NA	3.00	1.00	0.00	NA	NA	349495	349495	349495
0	COMPLETED_BAR	US30	PERIOD_M1	1704194220	1704194160	1	NA	NA	NA	NA	NA	NA	NA	NA	NA	NA	NA	NA	3.00	1.00	0.00	NA	NA	349496	349496	349496
0	CURRENT_OPEN	US30	PERIOD_M1	1704194220	1704194220	0	NA	NA	NA	NA	NA	NA	NA	NA	NA	NA	NA	NA	3.00	1.00	0.00	NA	NA	349496	349496	349496
0	COMPLETED_BAR	US30	PERIOD_M1	1704194280	1704194220	1	NA	NA	NA	NA	NA	NA	NA	NA	NA	NA	NA	NA	3.00	1.00	0.00	NA	NA	349497	349497	349497
0	CURRENT_OPEN	US30	PERIOD_M1	1704194280	1704194280	0	NA	NA	NA	NA	NA	NA	NA	NA	NA	NA	NA	NA	3.00	1.00	0.00	NA	NA	349497	349497	349497
0	COMPLETED_BAR	US30	PERIOD_M1	1704194340	1704194280	1	NA	NA	NA	NA	NA	NA	NA	NA	NA	NA	NA	NA	3.00	1.00	0.00	NA	NA	349498	349498	349498
0	CURRENT_OPEN	US30	PERIOD_M1	1704194340	1704194340	0	NA	NA	NA	NA	NA	NA	NA	NA	NA	NA	NA	NA	3.00	1.00	0.00	NA	NA	349498	349498	349498
0	COMPLETED_BAR	US30	PERIOD_M1	1704194400	1704194340	1	NA	NA	NA	NA	NA	NA	NA	NA	NA	NA	NA	NA	3.00	1.00	0.00	NA	NA	349499	349499	349499
0	CURRENT_OPEN	US30	PERIOD_M1	1704194400	1704194400	0	NA	NA	NA	NA	NA	NA	NA	NA	NA	NA	NA	NA	3.00	1.00	0.00	NA	NA	349499	349499	349499
0	COMPLETED_BAR	US30	PERIOD_M1	1704194460	1704194400	1	NA	NA	NA	NA	NA	NA	NA	NA	NA	NA	NA	NA	3.00	1.00	0.00	NA	NA	349500	349500	349500
0	CURRENT_OPEN	US30	PERIOD_M1	1704194460	1704194460	0	NA	NA	NA	NA	NA	NA	NA	NA	NA	NA	NA	NA	3.00	1.00	0.00	NA	NA	349500	349500	349500
0	COMPLETED_BAR	US30	PERIOD_M1	1704194520	1704194460	1	NA	NA	NA	NA	NA	NA	NA	NA	NA	NA	NA	NA	3.00	1.00	0.00	NA	NA	349501	349501	349501
0	CURRENT_OPEN	US30	PERIOD_M1	1704194520	1704194520	0	NA	NA	NA	NA	NA	NA	NA	NA	NA	NA	NA	NA	3.00	1.00	0.00	NA	NA	349501	349501	349501
0	COMPLETED_BAR	US30	PERIOD_M1	1704194580	1704194520	1	NA	NA	NA	NA	NA	NA	NA	NA	NA	NA	NA	NA	3.00	1.00	0.00	NA	NA	349502	349502	349502
0	CURRENT_OPEN	US30	PERIOD_M1	1704194580	1704194580	0	NA	NA	NA	NA	NA	NA	NA	NA	NA	NA	NA	NA	3.00	1.00	0.00	NA	NA	349502	349502	349502
0	COMPLETED_BAR	US30	PERIOD_M1	1704194640	1704194580	1	NA	NA	NA	NA	NA	NA	NA	NA	NA	NA	NA	NA	3.00	1.00	0.00	NA	NA	349503	349503	349503
0	CURRENT_OPEN	US30	PERIOD_M1	1704194640	1704194640	0	NA	NA	NA	NA	NA	NA	NA	NA	NA	NA	NA	NA	3.00	1.00	0.00	NA	NA	349503	349503	349503
0	COMPLETED_BAR	US30	PERIOD_M1	1704194700	1704194640	1	NA	NA	NA	NA	NA	NA	NA	NA	NA	NA	NA	NA	3.00	1.00	0.00	NA	NA	349504	349504	349504
0	CURRENT_OPEN	US30	PERIOD_M1	1704194700	1704194700	0	NA	NA	NA	NA	NA	NA	NA	NA	NA	NA	NA	NA	3.00	1.00	0.00	NA	NA	349504	349504	349504
0	COMPLETED_BAR	US30	PERIOD_M1	1704194760	1704194700	1	NA	NA	NA	NA	NA	NA	NA	NA	NA	NA	NA	NA	3.00	1.00	0.00	NA	NA	349505	349505	349505
0	CURRENT_OPEN	US30	PERIOD_M1	1704194760	1704194760	0	NA	NA	NA	NA	NA	NA	NA	NA	NA	NA	NA	NA	3.00	1.00	0.00	NA	NA	349505	349505	349505
0	COMPLETED_BAR	US30	PERIOD_M1	1704194820	1704194760	1	NA	NA	NA	NA	NA	NA	NA	NA	NA	NA	NA	NA	3.00	1.00	0.00	NA	NA	349506	349506	349506
0	CURRENT_OPEN	US30	PERIOD_M1	1704194820	1704194820	0	NA	NA	NA	NA	NA	NA	NA	NA	NA	NA	NA	NA	3.00	1.00	0.00	NA	NA	349506	349506	349506
0	COMPLETED_BAR	US30	PERIOD_M1	1704194880	1704194820	1	NA	NA	NA	NA	NA	NA	NA	NA	NA	NA	NA	NA	3.00	1.00	0.00	NA	NA	349507	349507	349507
0	CURRENT_OPEN	US30	PERIOD_M1	1704194880	1704194880	0	NA	NA	NA	NA	NA	NA	NA	NA	NA	NA	NA	NA	3.00	1.00	0.00	NA	NA	349507	349507	349507
0	COMPLETED_BAR	US30	PERIOD_M1	1704194940	1704194880	1	NA	NA	NA	NA	NA	NA	NA	NA	NA	NA	NA	NA	3.00	1.00	0.00	NA	NA	349508	349508	349508
0	CURRENT_OPEN	US30	PERIOD_M1	1704194940	1704194940	0	NA	NA	NA	NA	NA	NA	NA	NA	NA	NA	NA	NA	3.00	1.00	0.00	NA	NA	349508	349508	349508
0	COMPLETED_BAR	US30	PERIOD_M1	1704195000	1704194940	1	NA	NA	NA	NA	NA	NA	NA	NA	NA	NA	NA	NA	3.00	1.00	0.00	NA	NA	349509	349509	349509
0	CURRENT_OPEN	US30	PERIOD_M1	1704195000	1704195000	0	NA	NA	NA	NA	NA	NA	NA	NA	NA	NA	NA	NA	3.00	1.00	0.00	NA	NA	349509	349509	349509
0	COMPLETED_BAR	US30	PERIOD_M1	1704195060	1704195000	1	NA	NA	NA	NA	NA	NA	NA	NA	NA	NA	NA	NA	3.00	1.00	0.00	NA	NA	349510	349510	349510
0	CURRENT_OPEN	US30	PERIOD_M1	1704195060	1704195060	0	NA	NA	NA	NA	NA	NA	NA	NA	NA	NA	NA	NA	3.00	1.00	0.00	NA	NA	349510	349510	349510
0	COMPLETED_BAR	US30	PERIOD_M1	1704195120	1704195060	1	NA	NA	NA	NA	NA	NA	NA	NA	NA	NA	NA	NA	3.00	1.00	0.00	NA	NA	349511	349511	349511
0	CURRENT_OPEN	US30	PERIOD_M1	1704195120	1704195120	0	NA	NA	NA	NA	NA	NA	NA	NA	NA	NA	NA	NA	3.00	1.00	0.00	NA	NA	349511	349511	349511
0	COMPLETED_BAR	US30	PERIOD_M1	1704195180	1704195120	1	NA	NA	NA	NA	NA	NA	NA	NA	NA	NA	NA	NA	3.00	1.00	0.00	NA	NA	349512	349512	349512
0	CURRENT_OPEN	US30	PERIOD_M1	1704195180	1704195180	0	NA	NA	NA	NA	NA	NA	NA	NA	NA	NA	NA	NA	3.00	1.00	0.00	NA	NA	349512	349512	349512
0	COMPLETED_BAR	US30	PERIOD_M1	1704195240	1704195180	1	NA	NA	NA	NA	NA	NA	NA	NA	NA	NA	NA	NA	3.00	1.00	0.00	NA	NA	349513	349513	349513
0	CURRENT_OPEN	US30	PERIOD_M1	1704195240	1704195240	0	NA	NA	NA	NA	NA	NA	NA	NA	NA	NA	NA	NA	3.00	1.00	0.00	NA	NA	349513	349513	349513
0	COMPLETED_BAR	US30	PERIOD_M1	1704195300	1704195240	1	NA	NA	NA	NA	NA	NA	NA	NA	NA	NA	NA	NA	3.00	1.00	0.00	NA	NA	349514	349514	349514
0	CURRENT_OPEN	US30	PERIOD_M1	1704195300	1704195300	0	NA	NA	NA	NA	NA	NA	NA	NA	NA	NA	NA	NA	3.00	1.00	0.00	NA	NA	349514	349514	349514
0	COMPLETED_BAR	US30	PERIOD_M1	1704195360	1704195300	1	NA	NA	NA	NA	NA	NA	NA	NA	NA	NA	NA	NA	3.00	1.00	0.00	NA	NA	349515	349515	349515
0	CURRENT_OPEN	US30	PERIOD_M1	1704195360	1704195360	0	NA	NA	NA	NA	NA	NA	NA	NA	NA	NA	NA	NA	3.00	1.00	0.00	NA	NA	349515	349515	349515
0	COMPLETED_BAR	US30	PERIOD_M1	1704195420	1704195360	1	NA	NA	NA	NA	NA	NA	NA	NA	NA	NA	NA	NA	3.00	1.00	0.00	NA	NA	349516	349516	349516
0	CURRENT_OPEN	US30	PERIOD_M1	1704195420	1704195420	0	NA	NA	NA	NA	NA	NA	NA	NA	NA	NA	NA	NA	3.00	1.00	0.00	NA	NA	349516	349516	349516
0	COMPLETED_BAR	US30	PERIOD_M1	1704195480	1704195420	1	NA	NA	NA	NA	NA	NA	NA	NA	NA	NA	NA	NA	3.00	1.00	0.00	NA	NA	349517	349517	349517
0	CURRENT_OPEN	US30	PERIOD_M1	1704195480	1704195480	0	NA	NA	NA	NA	NA	NA	NA	NA	NA	NA	NA	NA	3.00	1.00	0.00	NA	NA	349517	349517	349517
0	COMPLETED_BAR	US30	PERIOD_M1	1704195540	1704195480	1	NA	NA	NA	NA	NA	NA	NA	NA	NA	NA	NA	NA	3.00	1.00	0.00	NA	NA	349518	349518	349518
0	CURRENT_OPEN	US30	PERIOD_M1	1704195540	1704195540	0	NA	NA	NA	NA	NA	NA	NA	NA	NA	NA	NA	NA	3.00	1.00	0.00	NA	NA	349518	349518	349518
0	COMPLETED_BAR	US30	PERIOD_M1	1704195600	1704195540	1	NA	NA	NA	NA	NA	NA	NA	NA	NA	NA	NA	NA	3.00	1.00	0.00	NA	NA	349519	349519	349519
0	CURRENT_OPEN	US30	PERIOD_M1	1704195600	1704195600	0	NA	NA	NA	NA	NA	NA	NA	NA	NA	NA	NA	NA	3.00	1.00	0.00	NA	NA	349519	349519	349519
0	COMPLETED_BAR	US30	PERIOD_M1	1704195660	1704195600	1	NA	NA	NA	NA	NA	NA	NA	NA	NA	NA	NA	NA	3.00	1.00	0.00	NA	NA	349520	349520	349520
0	CURRENT_OPEN	US30	PERIOD_M1	1704195660	1704195660	0	NA	NA	NA	NA	NA	NA	NA	NA	NA	NA	NA	NA	3.00	1.00	0.00	NA	NA	349520	349520	349520
0	COMPLETED_BAR	US30	PERIOD_M1	1704195720	1704195660	1	NA	NA	NA	NA	NA	NA	NA	NA	NA	NA	NA	NA	3.00	1.00	0.00	NA	NA	349521	349521	349521
0	CURRENT_OPEN	US30	PERIOD_M1	1704195720	1704195720	0	NA	NA	NA	NA	NA	NA	NA	NA	NA	NA	NA	NA	3.00	1.00	0.00	NA	NA	349521	349521	349521
0	COMPLETED_BAR	US30	PERIOD_M1	1704195780	1704195720	1	NA	NA	NA	NA	NA	NA	NA	NA	NA	NA	NA	NA	3.00	1.00	0.00	NA	NA	349522	349522	349522
0	CURRENT_OPEN	US30	PERIOD_M1	1704195780	1704195780	0	NA	NA	NA	NA	NA	NA	NA	NA	NA	NA	NA	NA	3.00	1.00	0.00	NA	NA	349522	349522	349522
0	COMPLETED_BAR	US30	PERIOD_M1	1704195840	1704195780	1	NA	NA	NA	NA	NA	NA	NA	NA	NA	NA	NA	NA	3.00	1.00	0.00	NA	NA	349523	349523	349523
0	CURRENT_OPEN	US30	PERIOD_M1	1704195840	1704195840	0	NA	NA	NA	NA	NA	NA	NA	NA	NA	NA	NA	NA	3.00	1.00	0.00	NA	NA	349523	349523	349523
0	COMPLETED_BAR	US30	PERIOD_M1	1704195900	1704195840	1	NA	NA	NA	NA	NA	NA	NA	NA	NA	NA	NA	NA	3.00	1.00	0.00	NA	NA	349524	349524	349524
0	CURRENT_OPEN	US30	PERIOD_M1	1704195900	1704195900	0	NA	NA	NA	NA	NA	NA	NA	NA	NA	NA	NA	NA	3.00	1.00	0.00	NA	NA	349524	349524	349524
0	COMPLETED_BAR	US30	PERIOD_M1	1704195960	1704195900	1	NA	NA	NA	NA	NA	NA	NA	NA	NA	NA	NA	NA	3.00	1.00	0.00	NA	NA	349525	349525	349525
0	CURRENT_OPEN	US30	PERIOD_M1	1704195960	1704195960	0	NA	NA	NA	NA	NA	NA	NA	NA	NA	NA	NA	NA	3.00	1.00	0.00	NA	NA	349525	349525	349525
0	COMPLETED_BAR	US30	PERIOD_M1	1704196020	1704195960	1	NA	NA	NA	NA	NA	NA	NA	NA	NA	NA	NA	NA	3.00	1.00	0.00	NA	NA	349526	349526	349526
0	CURRENT_OPEN	US30	PERIOD_M1	1704196020	1704196020	0	NA	NA	NA	NA	NA	NA	NA	NA	NA	NA	NA	NA	3.00	1.00	0.00	NA	NA	349526	349526	349526
0	COMPLETED_BAR	US30	PERIOD_M1	1704196080	1704196020	1	NA	NA	NA	NA	NA	NA	NA	NA	NA	NA	NA	NA	3.00	1.00	0.00	NA	NA	349527	349527	349527
0	CURRENT_OPEN	US30	PERIOD_M1	1704196080	1704196080	0	NA	NA	NA	NA	NA	NA	NA	NA	NA	NA	NA	NA	3.00	1.00	0.00	NA	NA	349527	349527	349527
0	COMPLETED_BAR	US30	PERIOD_M1	1704196140	1704196080	1	NA	NA	NA	NA	NA	NA	NA	NA	NA	NA	NA	NA	3.00	1.00	0.00	NA	NA	349528	349528	349528
0	CURRENT_OPEN	US30	PERIOD_M1	1704196140	1704196140	0	NA	NA	NA	NA	NA	NA	NA	NA	NA	NA	NA	NA	3.00	1.00	0.00	NA	NA	349528	349528	349528
0	COMPLETED_BAR	US30	PERIOD_M1	1704196200	1704196140	1	NA	NA	NA	NA	NA	NA	NA	NA	NA	NA	NA	NA	3.00	1.00	0.00	NA	NA	349529	349529	349529
0	CURRENT_OPEN	US30	PERIOD_M1	1704196200	1704196200	0	NA	NA	NA	NA	NA	NA	NA	NA	NA	NA	NA	NA	3.00	1.00	0.00	NA	NA	349529	349529	349529
0	COMPLETED_BAR	US30	PERIOD_M1	1704196260	1704196200	1	NA	NA	NA	NA	NA	NA	NA	NA	NA	NA	NA	NA	3.00	1.00	0.00	NA	NA	349530	349530	349530
0	CURRENT_OPEN	US30	PERIOD_M1	1704196260	1704196260	0	NA	NA	NA	NA	NA	NA	NA	NA	NA	NA	NA	NA	3.00	1.00	0.00	NA	NA	349530	349530	349530
0	COMPLETED_BAR	US30	PERIOD_M1	1704196320	1704196260	1	NA	NA	NA	NA	NA	NA	NA	NA	NA	NA	NA	NA	3.00	1.00	0.00	NA	NA	349531	349531	349531
0	CURRENT_OPEN	US30	PERIOD_M1	1704196320	1704196320	0	NA	NA	NA	NA	NA	NA	NA	NA	NA	NA	NA	NA	3.00	1.00	0.00	NA	NA	349531	349531	349531
0	COMPLETED_BAR	US30	PERIOD_M1	1704196380	1704196320	1	NA	NA	NA	NA	NA	NA	NA	NA	NA	NA	NA	NA	3.00	1.00	0.00	NA	NA	349532	349532	349532
0	CURRENT_OPEN	US30	PERIOD_M1	1704196380	1704196380	0	NA	NA	NA	NA	NA	NA	NA	NA	NA	NA	NA	NA	3.00	1.00	0.00	NA	NA	349532	349532	349532
0	COMPLETED_BAR	US30	PERIOD_M1	1704196440	1704196380	1	NA	NA	NA	NA	NA	NA	NA	NA	NA	NA	NA	NA	3.00	1.00	0.00	NA	NA	349533	349533	349533
0	CURRENT_OPEN	US30	PERIOD_M1	1704196440	1704196440	0	NA	NA	NA	NA	NA	NA	NA	NA	NA	NA	NA	NA	3.00	1.00	0.00	NA	NA	349533	349533	349533
0	COMPLETED_BAR	US30	PERIOD_M1	1704196500	1704196440	1	NA	NA	NA	NA	NA	NA	NA	NA	NA	NA	NA	NA	3.00	1.00	0.00	NA	NA	349534	349534	349534
0	CURRENT_OPEN	US30	PERIOD_M1	1704196500	1704196500	0	NA	NA	NA	NA	NA	NA	NA	NA	NA	NA	NA	NA	3.00	1.00	0.00	NA	NA	349534	349534	349534
0	COMPLETED_BAR	US30	PERIOD_M1	1704196560	1704196500	1	NA	NA	NA	NA	NA	NA	NA	NA	NA	NA	NA	NA	3.00	1.00	0.00	NA	NA	349535	349535	349535
0	CURRENT_OPEN	US30	PERIOD_M1	1704196560	1704196560	0	NA	NA	NA	NA	NA	NA	NA	NA	NA	NA	NA	NA	3.00	1.00	0.00	NA	NA	349535	349535	349535
0	COMPLETED_BAR	US30	PERIOD_M1	1704196620	1704196560	1	NA	NA	NA	NA	NA	NA	NA	NA	NA	NA	NA	NA	3.00	1.00	0.00	NA	NA	349536	349536	349536
0	CURRENT_OPEN	US30	PERIOD_M1	1704196620	1704196620	0	NA	NA	NA	NA	NA	NA	NA	NA	NA	NA	NA	NA	3.00	1.00	0.00	NA	NA	349536	349536	349536
0	COMPLETED_BAR	US30	PERIOD_M1	1704196680	1704196620	1	NA	NA	NA	NA	NA	NA	NA	NA	NA	NA	NA	NA	3.00	1.00	0.00	NA	NA	349537	349537	349537
0	CURRENT_OPEN	US30	PERIOD_M1	1704196680	1704196680	0	NA	NA	NA	NA	NA	NA	NA	NA	NA	NA	NA	NA	3.00	1.00	0.00	NA	NA	349537	349537	349537
0	COMPLETED_BAR	US30	PERIOD_M1	1704196740	1704196680	1	NA	NA	NA	NA	NA	NA	NA	NA	NA	NA	NA	NA	3.00	1.00	0.00	NA	NA	349538	349538	349538
0	CURRENT_OPEN	US30	PERIOD_M1	1704196740	1704196740	0	NA	NA	NA	NA	NA	NA	NA	NA	NA	NA	NA	NA	3.00	1.00	0.00	NA	NA	349538	349538	349538
0	COMPLETED_BAR	US30	PERIOD_M1	1704196800	1704196740	1	NA	NA	NA	NA	NA	NA	NA	NA	NA	NA	NA	NA	3.00	1.00	0.00	NA	NA	349539	349539	349539
0	CURRENT_OPEN	US30	PERIOD_M1	1704196800	1704196800	0	NA	NA	NA	NA	NA	NA	NA	NA	NA	NA	NA	NA	3.00	1.00	0.00	NA	NA	349539	349539	349539
0	COMPLETED_BAR	US30	PERIOD_M1	1704196860	1704196800	1	NA	NA	NA	NA	NA	NA	NA	NA	NA	NA	NA	NA	3.00	1.00	0.00	NA	NA	349540	349540	349540
0	CURRENT_OPEN	US30	PERIOD_M1	1704196860	1704196860	0	NA	NA	NA	NA	NA	NA	NA	NA	NA	NA	NA	NA	3.00	1.00	0.00	NA	NA	349540	349540	349540
0	COMPLETED_BAR	US30	PERIOD_M1	1704196920	1704196860	1	NA	NA	NA	NA	NA	NA	NA	NA	NA	NA	NA	NA	3.00	1.00	0.00	NA	NA	349541	349541	349541
0	CURRENT_OPEN	US30	PERIOD_M1	1704196920	1704196920	0	NA	NA	NA	NA	NA	NA	NA	NA	NA	NA	NA	NA	3.00	1.00	0.00	NA	NA	349541	349541	349541
0	COMPLETED_BAR	US30	PERIOD_M1	1704196980	1704196920	1	NA	NA	NA	NA	NA	NA	NA	NA	NA	NA	NA	NA	3.00	1.00	0.00	NA	NA	349542	349542	349542
0	CURRENT_OPEN	US30	PERIOD_M1	1704196980	1704196980	0	NA	NA	NA	NA	NA	NA	NA	NA	NA	NA	NA	NA	3.00	1.00	0.00	NA	NA	349542	349542	349542
0	COMPLETED_BAR	US30	PERIOD_M1	1704197040	1704196980	1	NA	NA	NA	NA	NA	NA	NA	NA	NA	NA	NA	NA	3.00	1.00	0.00	NA	NA	349543	349543	349543
0	CURRENT_OPEN	US30	PERIOD_M1	1704197040	1704197040	0	NA	NA	NA	NA	NA	NA	NA	NA	NA	NA	NA	NA	3.00	1.00	0.00	NA	NA	349543	349543	349543
0	COMPLETED_BAR	US30	PERIOD_M1	1704197100	1704197040	1	NA	NA	NA	NA	NA	NA	NA	NA	NA	NA	NA	NA	3.00	1.00	0.00	NA	NA	349544	349544	349544
0	CURRENT_OPEN	US30	PERIOD_M1	1704197100	1704197100	0	NA	NA	NA	NA	NA	NA	NA	NA	NA	NA	NA	NA	3.00	1.00	0.00	NA	NA	349544	349544	349544
0	COMPLETED_BAR	US30	PERIOD_M1	1704197160	1704197100	1	NA	NA	NA	NA	NA	NA	NA	NA	NA	NA	NA	NA	3.00	1.00	0.00	NA	NA	349545	349545	349545
0	CURRENT_OPEN	US30	PERIOD_M1	1704197160	1704197160	0	NA	NA	NA	NA	NA	NA	NA	NA	NA	NA	NA	NA	3.00	1.00	0.00	NA	NA	349545	349545	349545
0	COMPLETED_BAR	US30	PERIOD_M1	1704197220	1704197160	1	NA	NA	NA	NA	NA	NA	NA	NA	NA	NA	NA	NA	3.00	1.00	0.00	NA	NA	349546	349546	349546
0	CURRENT_OPEN	US30	PERIOD_M1	1704197220	1704197220	0	NA	NA	NA	NA	NA	NA	NA	NA	NA	NA	NA	NA	3.00	1.00	0.00	NA	NA	349546	349546	349546
0	COMPLETED_BAR	US30	PERIOD_M1	1704197280	1704197220	1	NA	NA	NA	NA	NA	NA	NA	NA	NA	NA	NA	NA	3.00	1.00	0.00	NA	NA	349547	349547	349547
0	CURRENT_OPEN	US30	PERIOD_M1	1704197280	1704197280	0	NA	NA	NA	NA	NA	NA	NA	NA	NA	NA	NA	NA	3.00	1.00	0.00	NA	NA	349547	349547	349547
0	COMPLETED_BAR	US30	PERIOD_M1	1704197340	1704197280	1	NA	NA	NA	NA	NA	NA	NA	NA	NA	NA	NA	NA	3.00	1.00	0.00	NA	NA	349548	349548	349548
0	CURRENT_OPEN	US30	PERIOD_M1	1704197340	1704197340	0	NA	NA	NA	NA	NA	NA	NA	NA	NA	NA	NA	NA	3.00	1.00	0.00	NA	NA	349548	349548	349548
0	COMPLETED_BAR	US30	PERIOD_M1	1704197400	1704197340	1	NA	NA	NA	NA	NA	NA	NA	NA	NA	NA	NA	NA	3.00	1.00	0.00	NA	NA	349549	349549	349549
0	CURRENT_OPEN	US30	PERIOD_M1	1704197400	1704197400	0	NA	NA	NA	NA	NA	NA	NA	NA	NA	NA	NA	NA	3.00	1.00	0.00	NA	NA	349549	349549	349549
0	COMPLETED_BAR	US30	PERIOD_M1	1704197460	1704197400	1	NA	NA	NA	NA	NA	NA	NA	NA	NA	NA	NA	NA	3.00	1.00	0.00	NA	NA	349550	349550	349550
0	CURRENT_OPEN	US30	PERIOD_M1	1704197460	1704197460	0	NA	NA	NA	NA	NA	NA	NA	NA	NA	NA	NA	NA	3.00	1.00	0.00	NA	NA	349550	349550	349550
0	COMPLETED_BAR	US30	PERIOD_M1	1704197520	1704197460	1	NA	NA	NA	NA	NA	NA	NA	NA	NA	NA	NA	NA	3.00	1.00	0.00	NA	NA	349551	349551	349551
0	CURRENT_OPEN	US30	PERIOD_M1	1704197520	1704197520	0	NA	NA	NA	NA	NA	NA	NA	NA	NA	NA	NA	NA	3.00	1.00	0.00	NA	NA	349551	349551	349551
0	COMPLETED_BAR	US30	PERIOD_M1	1704197580	1704197520	1	NA	NA	NA	NA	NA	NA	NA	NA	NA	NA	NA	NA	3.00	1.00	0.00	NA	NA	349552	349552	349552
0	CURRENT_OPEN	US30	PERIOD_M1	1704197580	1704197580	0	NA	NA	NA	NA	NA	NA	NA	NA	NA	NA	NA	NA	3.00	1.00	0.00	NA	NA	349552	349552	349552
0	COMPLETED_BAR	US30	PERIOD_M1	1704197640	1704197580	1	NA	NA	NA	NA	NA	NA	NA	NA	NA	NA	NA	NA	3.00	1.00	0.00	NA	NA	349553	349553	349553
0	CURRENT_OPEN	US30	PERIOD_M1	1704197640	1704197640	0	NA	NA	NA	NA	NA	NA	NA	NA	NA	NA	NA	NA	3.00	1.00	0.00	NA	NA	349553	349553	349553
0	COMPLETED_BAR	US30	PERIOD_M1	1704197700	1704197640	1	NA	NA	NA	NA	NA	NA	NA	NA	NA	NA	NA	NA	3.00	1.00	0.00	NA	NA	349554	349554	349554
0	CURRENT_OPEN	US30	PERIOD_M1	1704197700	1704197700	0	NA	NA	NA	NA	NA	NA	NA	NA	NA	NA	NA	NA	3.00	1.00	0.00	NA	NA	349554	349554	349554
0	COMPLETED_BAR	US30	PERIOD_M1	1704197760	1704197700	1	NA	NA	NA	NA	NA	NA	NA	NA	NA	NA	NA	NA	3.00	1.00	0.00	NA	NA	349555	349555	349555
0	CURRENT_OPEN	US30	PERIOD_M1	1704197760	1704197760	0	NA	NA	NA	NA	NA	NA	NA	NA	NA	NA	NA	NA	3.00	1.00	0.00	NA	NA	349555	349555	349555
0	COMPLETED_BAR	US30	PERIOD_M1	1704197820	1704197760	1	NA	NA	NA	NA	NA	NA	NA	NA	NA	NA	NA	NA	3.00	1.00	0.00	NA	NA	349556	349556	349556
0	CURRENT_OPEN	US30	PERIOD_M1	1704197820	1704197820	0	NA	NA	NA	NA	NA	NA	NA	NA	NA	NA	NA	NA	3.00	1.00	0.00	NA	NA	349556	349556	349556
0	COMPLETED_BAR	US30	PERIOD_M1	1704197880	1704197820	1	NA	NA	NA	NA	NA	NA	NA	NA	NA	NA	NA	NA	3.00	1.00	0.00	NA	NA	349557	349557	349557
0	CURRENT_OPEN	US30	PERIOD_M1	1704197880	1704197880	0	NA	NA	NA	NA	NA	NA	NA	NA	NA	NA	NA	NA	3.00	1.00	0.00	NA	NA	349557	349557	349557
0	COMPLETED_BAR	US30	PERIOD_M1	1704197940	1704197880	1	NA	NA	NA	NA	NA	NA	NA	NA	NA	NA	NA	NA	3.00	1.00	0.00	NA	NA	349558	349558	349558
0	CURRENT_OPEN	US30	PERIOD_M1	1704197940	1704197940	0	NA	NA	NA	NA	NA	NA	NA	NA	NA	NA	NA	NA	3.00	1.00	0.00	NA	NA	349558	349558	349558
0	COMPLETED_BAR	US30	PERIOD_M1	1704198000	1704197940	1	NA	NA	NA	NA	NA	NA	NA	NA	NA	NA	NA	NA	3.00	1.00	0.00	NA	NA	349559	349559	349559
0	CURRENT_OPEN	US30	PERIOD_M1	1704198000	1704198000	0	NA	NA	NA	NA	NA	NA	NA	NA	NA	NA	NA	NA	3.00	1.00	0.00	NA	NA	349559	349559	349559
0	COMPLETED_BAR	US30	PERIOD_M1	1704198060	1704198000	1	NA	NA	NA	NA	NA	NA	NA	NA	NA	NA	NA	NA	3.00	1.00	0.00	NA	NA	349560	349560	349560
0	CURRENT_OPEN	US30	PERIOD_M1	1704198060	1704198060	0	NA	NA	NA	NA	NA	NA	NA	NA	NA	NA	NA	NA	3.00	1.00	0.00	NA	NA	349560	349560	349560
0	COMPLETED_BAR	US30	PERIOD_M1	1704198120	1704198060	1	NA	NA	NA	NA	NA	NA	NA	NA	NA	NA	NA	NA	3.00	1.00	0.00	NA	NA	349561	349561	349561
0	CURRENT_OPEN	US30	PERIOD_M1	1704198120	1704198120	0	NA	NA	NA	NA	NA	NA	NA	NA	NA	NA	NA	NA	3.00	1.00	0.00	NA	NA	349561	349561	349561
0	COMPLETED_BAR	US30	PERIOD_M1	1704198180	1704198120	1	NA	NA	NA	NA	NA	NA	NA	NA	NA	NA	NA	NA	3.00	1.00	0.00	NA	NA	349562	349562	349562
0	CURRENT_OPEN	US30	PERIOD_M1	1704198180	1704198180	0	NA	NA	NA	NA	NA	NA	NA	NA	NA	NA	NA	NA	3.00	1.00	0.00	NA	NA	349562	349562	349562
0	COMPLETED_BAR	US30	PERIOD_M1	1704198240	1704198180	1	NA	NA	NA	NA	NA	NA	NA	NA	NA	NA	NA	NA	3.00	1.00	0.00	NA	NA	349563	349563	349563
0	CURRENT_OPEN	US30	PERIOD_M1	1704198240	1704198240	0	NA	NA	NA	NA	NA	NA	NA	NA	NA	NA	NA	NA	3.00	1.00	0.00	NA	NA	349563	349563	349563
0	COMPLETED_BAR	US30	PERIOD_M1	1704198300	1704198240	1	NA	NA	NA	NA	NA	NA	NA	NA	NA	NA	NA	NA	3.00	1.00	0.00	NA	NA	349564	349564	349564
0	CURRENT_OPEN	US30	PERIOD_M1	1704198300	1704198300	0	NA	NA	NA	NA	NA	NA	NA	NA	NA	NA	NA	NA	3.00	1.00	0.00	NA	NA	349564	349564	349564
0	COMPLETED_BAR	US30	PERIOD_M1	1704198360	1704198300	1	NA	NA	NA	NA	NA	NA	NA	NA	NA	NA	NA	NA	3.00	1.00	0.00	NA	NA	349565	349565	349565
0	CURRENT_OPEN	US30	PERIOD_M1	1704198360	1704198360	0	NA	NA	NA	NA	NA	NA	NA	NA	NA	NA	NA	NA	3.00	1.00	0.00	NA	NA	349565	349565	349565
0	COMPLETED_BAR	US30	PERIOD_M1	1704198420	1704198360	1	NA	NA	NA	NA	NA	NA	NA	NA	NA	NA	NA	NA	3.00	1.00	0.00	NA	NA	349566	349566	349566
0	CURRENT_OPEN	US30	PERIOD_M1	1704198420	1704198420	0	NA	NA	NA	NA	NA	NA	NA	NA	NA	NA	NA	NA	3.00	1.00	0.00	NA	NA	349566	349566	349566
0	COMPLETED_BAR	US30	PERIOD_M1	1704198480	1704198420	1	NA	NA	NA	NA	NA	NA	NA	NA	NA	NA	NA	NA	3.00	1.00	0.00	NA	NA	349567	349567	349567
0	CURRENT_OPEN	US30	PERIOD_M1	1704198480	1704198480	0	NA	NA	NA	NA	NA	NA	NA	NA	NA	NA	NA	NA	3.00	1.00	0.00	NA	NA	349567	349567	349567
0	COMPLETED_BAR	US30	PERIOD_M1	1704198540	1704198480	1	NA	NA	NA	NA	NA	NA	NA	NA	NA	NA	NA	NA	3.00	1.00	0.00	NA	NA	349568	349568	349568
0	CURRENT_OPEN	US30	PERIOD_M1	1704198540	1704198540	0	NA	NA	NA	NA	NA	NA	NA	NA	NA	NA	NA	NA	3.00	1.00	0.00	NA	NA	349568	349568	349568
0	COMPLETED_BAR	US30	PERIOD_M1	1704198600	1704198540	1	NA	NA	NA	NA	NA	NA	NA	NA	NA	NA	NA	NA	3.00	1.00	0.00	NA	NA	349569	349569	349569
0	CURRENT_OPEN	US30	PERIOD_M1	1704198600	1704198600	0	NA	NA	NA	NA	NA	NA	NA	NA	NA	NA	NA	NA	3.00	1.00	0.00	NA	NA	349569	349569	349569
0	COMPLETED_BAR	US30	PERIOD_M1	1704198660	1704198600	1	NA	NA	NA	NA	NA	NA	NA	NA	NA	NA	NA	NA	3.00	1.00	0.00	NA	NA	349570	349570	349570
0	CURRENT_OPEN	US30	PERIOD_M1	1704198660	1704198660	0	NA	NA	NA	NA	NA	NA	NA	NA	NA	NA	NA	NA	3.00	1.00	0.00	NA	NA	349570	349570	349570
0	COMPLETED_BAR	US30	PERIOD_M1	1704198720	1704198660	1	NA	NA	NA	NA	NA	NA	NA	NA	NA	NA	NA	NA	3.00	1.00	0.00	NA	NA	349571	349571	349571
0	CURRENT_OPEN	US30	PERIOD_M1	1704198720	1704198720	0	NA	NA	NA	NA	NA	NA	NA	NA	NA	NA	NA	NA	3.00	1.00	0.00	NA	NA	349571	349571	349571
0	COMPLETED_BAR	US30	PERIOD_M1	1704198780	1704198720	1	NA	NA	NA	NA	NA	NA	NA	NA	NA	NA	NA	NA	3.00	1.00	0.00	NA	NA	349572	349572	349572
0	CURRENT_OPEN	US30	PERIOD_M1	1704198780	1704198780	0	NA	NA	NA	NA	NA	NA	NA	NA	NA	NA	NA	NA	3.00	1.00	0.00	NA	NA	349572	349572	349572
0	COMPLETED_BAR	US30	PERIOD_M1	1704198840	1704198780	1	NA	NA	NA	NA	NA	NA	NA	NA	NA	NA	NA	NA	3.00	1.00	0.00	NA	NA	349573	349573	349573
0	CURRENT_OPEN	US30	PERIOD_M1	1704198840	1704198840	0	NA	NA	NA	NA	NA	NA	NA	NA	NA	NA	NA	NA	3.00	1.00	0.00	NA	NA	349573	349573	349573
0	COMPLETED_BAR	US30	PERIOD_M1	1704198900	1704198840	1	NA	NA	NA	NA	NA	NA	NA	NA	NA	NA	NA	NA	3.00	1.00	0.00	NA	NA	349574	349574	349574
0	CURRENT_OPEN	US30	PERIOD_M1	1704198900	1704198900	0	NA	NA	NA	NA	NA	NA	NA	NA	NA	NA	NA	NA	3.00	1.00	0.00	NA	NA	349574	349574	349574
0	COMPLETED_BAR	US30	PERIOD_M1	1704198960	1704198900	1	NA	NA	NA	NA	NA	NA	NA	NA	NA	NA	NA	NA	3.00	1.00	0.00	NA	NA	349575	349575	349575
0	CURRENT_OPEN	US30	PERIOD_M1	1704198960	1704198960	0	NA	NA	NA	NA	NA	NA	NA	NA	NA	NA	NA	NA	3.00	1.00	0.00	NA	NA	349575	349575	349575
0	COMPLETED_BAR	US30	PERIOD_M1	1704199020	1704198960	1	NA	NA	NA	NA	NA	NA	NA	NA	NA	NA	NA	NA	3.00	1.00	0.00	NA	NA	349576	349576	349576
0	CURRENT_OPEN	US30	PERIOD_M1	1704199020	1704199020	0	NA	NA	NA	NA	NA	NA	NA	NA	NA	NA	NA	NA	3.00	1.00	0.00	NA	NA	349576	349576	349576
0	COMPLETED_BAR	US30	PERIOD_M1	1704199080	1704199020	1	NA	NA	NA	NA	NA	NA	NA	NA	NA	NA	NA	NA	3.00	1.00	0.00	NA	NA	349577	349577	349577
0	CURRENT_OPEN	US30	PERIOD_M1	1704199080	1704199080	0	NA	NA	NA	NA	NA	NA	NA	NA	NA	NA	NA	NA	3.00	1.00	0.00	NA	NA	349577	349577	349577
0	COMPLETED_BAR	US30	PERIOD_M1	1704199140	1704199080	1	NA	NA	NA	NA	NA	NA	NA	NA	NA	NA	NA	NA	3.00	1.00	0.00	NA	NA	349578	349578	349578
0	CURRENT_OPEN	US30	PERIOD_M1	1704199140	1704199140	0	NA	NA	NA	NA	NA	NA	NA	NA	NA	NA	NA	NA	3.00	1.00	0.00	NA	NA	349578	349578	349578
0	COMPLETED_BAR	US30	PERIOD_M1	1704199200	1704199140	1	NA	NA	NA	NA	NA	NA	NA	NA	NA	NA	NA	NA	3.00	1.00	0.00	NA	NA	349579	349579	349579
0	CURRENT_OPEN	US30	PERIOD_M1	1704199200	1704199200	0	NA	NA	NA	NA	NA	NA	NA	NA	NA	NA	NA	NA	3.00	1.00	0.00	NA	NA	349579	349579	349579
0	COMPLETED_BAR	US30	PERIOD_M1	1704199260	1704199200	1	NA	NA	NA	NA	NA	NA	NA	NA	NA	NA	NA	NA	3.00	1.00	0.00	NA	NA	349580	349580	349580
0	CURRENT_OPEN	US30	PERIOD_M1	1704199260	1704199260	0	NA	NA	NA	NA	NA	NA	NA	NA	NA	NA	NA	NA	3.00	1.00	0.00	NA	NA	349580	349580	349580
0	COMPLETED_BAR	US30	PERIOD_M1	1704199320	1704199260	1	NA	NA	NA	NA	NA	NA	NA	NA	NA	NA	NA	NA	3.00	1.00	0.00	NA	NA	349581	349581	349581
0	CURRENT_OPEN	US30	PERIOD_M1	1704199320	1704199320	0	NA	NA	NA	NA	NA	NA	NA	NA	NA	NA	NA	NA	3.00	1.00	0.00	NA	NA	349581	349581	349581
0	COMPLETED_BAR	US30	PERIOD_M1	1704199380	1704199320	1	NA	NA	NA	NA	NA	NA	NA	NA	NA	NA	NA	NA	3.00	1.00	0.00	NA	NA	349582	349582	349582
0	CURRENT_OPEN	US30	PERIOD_M1	1704199380	1704199380	0	NA	NA	NA	NA	NA	NA	NA	NA	NA	NA	NA	NA	3.00	1.00	0.00	NA	NA	349582	349582	349582
0	COMPLETED_BAR	US30	PERIOD_M1	1704199440	1704199380	1	NA	NA	NA	NA	NA	NA	NA	NA	NA	NA	NA	NA	3.00	1.00	0.00	NA	NA	349583	349583	349583
0	CURRENT_OPEN	US30	PERIOD_M1	1704199440	1704199440	0	NA	NA	NA	NA	NA	NA	NA	NA	NA	NA	NA	NA	3.00	1.00	0.00	NA	NA	349583	349583	349583
0	COMPLETED_BAR	US30	PERIOD_M1	1704199500	1704199440	1	NA	NA	NA	NA	NA	NA	NA	NA	NA	NA	NA	NA	3.00	1.00	0.00	NA	NA	349584	349584	349584
0	CURRENT_OPEN	US30	PERIOD_M1	1704199500	1704199500	0	NA	NA	NA	NA	NA	NA	NA	NA	NA	NA	NA	NA	3.00	1.00	0.00	NA	NA	349584	349584	349584
0	COMPLETED_BAR	US30	PERIOD_M1	1704199560	1704199500	1	NA	NA	NA	NA	NA	NA	NA	NA	NA	NA	NA	NA	3.00	1.00	0.00	NA	NA	349585	349585	349585
0	CURRENT_OPEN	US30	PERIOD_M1	1704199560	1704199560	0	NA	NA	NA	NA	NA	NA	NA	NA	NA	NA	NA	NA	3.00	1.00	0.00	NA	NA	349585	349585	349585
0	COMPLETED_BAR	US30	PERIOD_M1	1704199620	1704199560	1	NA	NA	NA	NA	NA	NA	NA	NA	NA	NA	NA	NA	3.00	1.00	0.00	NA	NA	349586	349586	349586
0	CURRENT_OPEN	US30	PERIOD_M1	1704199620	1704199620	0	NA	NA	NA	NA	NA	NA	NA	NA	NA	NA	NA	NA	3.00	1.00	0.00	NA	NA	349586	349586	349586
0	COMPLETED_BAR	US30	PERIOD_M1	1704199680	1704199620	1	NA	NA	NA	NA	NA	NA	NA	NA	NA	NA	NA	NA	3.00	1.00	0.00	NA	NA	349587	349587	349587
0	CURRENT_OPEN	US30	PERIOD_M1	1704199680	1704199680	0	NA	NA	NA	NA	NA	NA	NA	NA	NA	NA	NA	NA	3.00	1.00	0.00	NA	NA	349587	349587	349587
0	COMPLETED_BAR	US30	PERIOD_M1	1704199740	1704199680	1	NA	NA	NA	NA	NA	NA	NA	NA	NA	NA	NA	NA	3.00	1.00	0.00	NA	NA	349588	349588	349588
0	CURRENT_OPEN	US30	PERIOD_M1	1704199740	1704199740	0	NA	NA	NA	NA	NA	NA	NA	NA	NA	NA	NA	NA	3.00	1.00	0.00	NA	NA	349588	349588	349588
0	COMPLETED_BAR	US30	PERIOD_M1	1704199800	1704199740	1	NA	NA	NA	NA	NA	NA	NA	NA	NA	NA	NA	NA	3.00	1.00	0.00	NA	NA	349589	349589	349589
0	CURRENT_OPEN	US30	PERIOD_M1	1704199800	1704199800	0	NA	NA	NA	NA	NA	NA	NA	NA	NA	NA	NA	NA	3.00	1.00	0.00	NA	NA	349589	349589	349589
0	COMPLETED_BAR	US30	PERIOD_M1	1704199860	1704199800	1	NA	NA	NA	NA	NA	NA	NA	NA	NA	NA	NA	NA	3.00	1.00	0.00	NA	NA	349590	349590	349590
0	CURRENT_OPEN	US30	PERIOD_M1	1704199860	1704199860	0	NA	NA	NA	NA	NA	NA	NA	NA	NA	NA	NA	NA	3.00	1.00	0.00	NA	NA	349590	349590	349590
0	COMPLETED_BAR	US30	PERIOD_M1	1704199920	1704199860	1	NA	NA	NA	NA	NA	NA	NA	NA	NA	NA	NA	NA	3.00	1.00	0.00	NA	NA	349591	349591	349591
0	CURRENT_OPEN	US30	PERIOD_M1	1704199920	1704199920	0	NA	NA	NA	NA	NA	NA	NA	NA	NA	NA	NA	NA	3.00	1.00	0.00	NA	NA	349591	349591	349591
0	COMPLETED_BAR	US30	PERIOD_M1	1704199980	1704199920	1	NA	NA	NA	NA	NA	NA	NA	NA	NA	NA	NA	NA	3.00	1.00	0.00	NA	NA	349592	349592	349592
0	CURRENT_OPEN	US30	PERIOD_M1	1704199980	1704199980	0	NA	NA	NA	NA	NA	NA	NA	NA	NA	NA	NA	NA	3.00	1.00	0.00	NA	NA	349592	349592	349592
0	COMPLETED_BAR	US30	PERIOD_M1	1704200040	1704199980	1	NA	NA	NA	NA	NA	NA	NA	NA	NA	NA	NA	NA	3.00	1.00	0.00	NA	NA	349593	349593	349593
0	CURRENT_OPEN	US30	PERIOD_M1	1704200040	1704200040	0	NA	NA	NA	NA	NA	NA	NA	NA	NA	NA	NA	NA	3.00	1.00	0.00	NA	NA	349593	349593	349593
0	COMPLETED_BAR	US30	PERIOD_M1	1704200100	1704200040	1	NA	NA	NA	NA	NA	NA	NA	NA	NA	NA	NA	NA	3.00	1.00	0.00	NA	NA	349594	349594	349594
0	CURRENT_OPEN	US30	PERIOD_M1	1704200100	1704200100	0	NA	NA	NA	NA	NA	NA	NA	NA	NA	NA	NA	NA	3.00	1.00	0.00	NA	NA	349594	349594	349594
0	COMPLETED_BAR	US30	PERIOD_M1	1704200160	1704200100	1	NA	NA	NA	NA	NA	NA	NA	NA	NA	NA	NA	NA	3.00	1.00	0.00	NA	NA	349595	349595	349595
0	CURRENT_OPEN	US30	PERIOD_M1	1704200160	1704200160	0	NA	NA	NA	NA	NA	NA	NA	NA	NA	NA	NA	NA	3.00	1.00	0.00	NA	NA	349595	349595	349595
0	COMPLETED_BAR	US30	PERIOD_M1	1704200220	1704200160	1	NA	NA	NA	NA	NA	NA	NA	NA	NA	NA	NA	NA	3.00	1.00	0.00	NA	NA	349596	349596	349596
0	CURRENT_OPEN	US30	PERIOD_M1	1704200220	1704200220	0	NA	NA	NA	NA	NA	NA	NA	NA	NA	NA	NA	NA	3.00	1.00	0.00	NA	NA	349596	349596	349596
0	COMPLETED_BAR	US30	PERIOD_M1	1704200280	1704200220	1	NA	NA	NA	NA	NA	NA	NA	NA	NA	NA	NA	NA	3.00	1.00	0.00	NA	NA	349597	349597	349597
0	CURRENT_OPEN	US30	PERIOD_M1	1704200280	1704200280	0	NA	NA	NA	NA	NA	NA	NA	NA	NA	NA	NA	NA	3.00	1.00	0.00	NA	NA	349597	349597	349597
0	COMPLETED_BAR	US30	PERIOD_M1	1704200340	1704200280	1	NA	NA	NA	NA	NA	NA	NA	NA	NA	NA	NA	NA	3.00	1.00	0.00	NA	NA	349598	349598	349598
0	CURRENT_OPEN	US30	PERIOD_M1	1704200340	1704200340	0	NA	NA	NA	NA	NA	NA	NA	NA	NA	NA	NA	NA	3.00	1.00	0.00	NA	NA	349598	349598	349598
0	COMPLETED_BAR	US30	PERIOD_M1	1704200400	1704200340	1	NA	NA	NA	NA	NA	NA	NA	NA	NA	NA	NA	NA	3.00	1.00	0.00	NA	NA	349599	349599	349599
0	CURRENT_OPEN	US30	PERIOD_M1	1704200400	1704200400	0	NA	NA	NA	NA	NA	NA	NA	NA	NA	NA	NA	NA	3.00	1.00	0.00	NA	NA	349599	349599	349599
0	COMPLETED_BAR	US30	PERIOD_M1	1704200460	1704200400	1	NA	NA	NA	NA	NA	NA	NA	NA	NA	NA	NA	NA	3.00	1.00	0.00	NA	NA	349600	349600	349600
0	CURRENT_OPEN	US30	PERIOD_M1	1704200460	1704200460	0	NA	NA	NA	NA	NA	NA	NA	NA	NA	NA	NA	NA	3.00	1.00	0.00	NA	NA	349600	349600	349600
0	COMPLETED_BAR	US30	PERIOD_M1	1704200520	1704200460	1	NA	NA	NA	NA	NA	NA	NA	NA	NA	NA	NA	NA	3.00	1.00	0.00	NA	NA	349601	349601	349601
0	CURRENT_OPEN	US30	PERIOD_M1	1704200520	1704200520	0	NA	NA	NA	NA	NA	NA	NA	NA	NA	NA	NA	NA	3.00	1.00	0.00	NA	NA	349601	349601	349601
0	COMPLETED_BAR	US30	PERIOD_M1	1704200580	1704200520	1	NA	NA	NA	NA	NA	NA	NA	NA	NA	NA	NA	NA	3.00	1.00	0.00	NA	NA	349602	349602	349602
0	CURRENT_OPEN	US30	PERIOD_M1	1704200580	1704200580	0	NA	NA	NA	NA	NA	NA	NA	NA	NA	NA	NA	NA	3.00	1.00	0.00	NA	NA	349602	349602	349602
0	COMPLETED_BAR	US30	PERIOD_M1	1704200640	1704200580	1	NA	NA	NA	NA	NA	NA	NA	NA	NA	NA	NA	NA	3.00	1.00	0.00	NA	NA	349603	349603	349603
0	CURRENT_OPEN	US30	PERIOD_M1	1704200640	1704200640	0	NA	NA	NA	NA	NA	NA	NA	NA	NA	NA	NA	NA	3.00	1.00	0.00	NA	NA	349603	349603	349603
0	COMPLETED_BAR	US30	PERIOD_M1	1704200700	1704200640	1	NA	NA	NA	NA	NA	NA	NA	NA	NA	NA	NA	NA	3.00	1.00	0.00	NA	NA	349604	349604	349604
0	CURRENT_OPEN	US30	PERIOD_M1	1704200700	1704200700	0	NA	NA	NA	NA	NA	NA	NA	NA	NA	NA	NA	NA	3.00	1.00	0.00	NA	NA	349604	349604	349604
0	COMPLETED_BAR	US30	PERIOD_M1	1704200760	1704200700	1	NA	NA	NA	NA	NA	NA	NA	NA	NA	NA	NA	NA	3.00	1.00	0.00	NA	NA	349605	349605	349605
0	CURRENT_OPEN	US30	PERIOD_M1	1704200760	1704200760	0	NA	NA	NA	NA	NA	NA	NA	NA	NA	NA	NA	NA	3.00	1.00	0.00	NA	NA	349605	349605	349605
0	COMPLETED_BAR	US30	PERIOD_M1	1704200820	1704200760	1	NA	NA	NA	NA	NA	NA	NA	NA	NA	NA	NA	NA	3.00	1.00	0.00	NA	NA	349606	349606	349606
0	CURRENT_OPEN	US30	PERIOD_M1	1704200820	1704200820	0	NA	NA	NA	NA	NA	NA	NA	NA	NA	NA	NA	NA	3.00	1.00	0.00	NA	NA	349606	349606	349606
0	COMPLETED_BAR	US30	PERIOD_M1	1704200880	1704200820	1	NA	NA	NA	NA	NA	NA	NA	NA	NA	NA	NA	NA	3.00	1.00	0.00	NA	NA	349607	349607	349607
0	CURRENT_OPEN	US30	PERIOD_M1	1704200880	1704200880	0	NA	NA	NA	NA	NA	NA	NA	NA	NA	NA	NA	NA	3.00	1.00	0.00	NA	NA	349607	349607	349607
0	COMPLETED_BAR	US30	PERIOD_M1	1704200940	1704200880	1	NA	NA	NA	NA	NA	NA	NA	NA	NA	NA	NA	NA	3.00	1.00	0.00	NA	NA	349608	349608	349608
0	CURRENT_OPEN	US30	PERIOD_M1	1704200940	1704200940	0	NA	NA	NA	NA	NA	NA	NA	NA	NA	NA	NA	NA	3.00	1.00	0.00	NA	NA	349608	349608	349608
0	COMPLETED_BAR	US30	PERIOD_M1	1704201000	1704200940	1	NA	NA	NA	NA	NA	NA	NA	NA	NA	NA	NA	NA	3.00	1.00	0.00	NA	NA	349609	349609	349609
0	CURRENT_OPEN	US30	PERIOD_M1	1704201000	1704201000	0	NA	NA	NA	NA	NA	NA	NA	NA	NA	NA	NA	NA	3.00	1.00	0.00	NA	NA	349609	349609	349609
0	COMPLETED_BAR	US30	PERIOD_M1	1704201060	1704201000	1	NA	NA	NA	NA	NA	NA	NA	NA	NA	NA	NA	NA	3.00	1.00	0.00	NA	NA	349610	349610	349610
0	CURRENT_OPEN	US30	PERIOD_M1	1704201060	1704201060	0	NA	NA	NA	NA	NA	NA	NA	NA	NA	NA	NA	NA	3.00	1.00	0.00	NA	NA	349610	349610	349610
0	COMPLETED_BAR	US30	PERIOD_M1	1704201120	1704201060	1	NA	NA	NA	NA	NA	NA	NA	NA	NA	NA	NA	NA	3.00	1.00	0.00	NA	NA	349611	349611	349611
0	CURRENT_OPEN	US30	PERIOD_M1	1704201120	1704201120	0	NA	NA	NA	NA	NA	NA	NA	NA	NA	NA	NA	NA	3.00	1.00	0.00	NA	NA	349611	349611	349611
0	COMPLETED_BAR	US30	PERIOD_M1	1704201180	1704201120	1	NA	NA	NA	NA	NA	NA	NA	NA	NA	NA	NA	NA	3.00	1.00	0.00	NA	NA	349612	349612	349612
0	CURRENT_OPEN	US30	PERIOD_M1	1704201180	1704201180	0	NA	NA	NA	NA	NA	NA	NA	NA	NA	NA	NA	NA	3.00	1.00	0.00	NA	NA	349612	349612	349612
0	COMPLETED_BAR	US30	PERIOD_M1	1704201240	1704201180	1	NA	NA	NA	NA	NA	NA	NA	NA	NA	NA	NA	NA	3.00	1.00	0.00	NA	NA	349613	349613	349613
0	CURRENT_OPEN	US30	PERIOD_M1	1704201240	1704201240	0	NA	NA	NA	NA	NA	NA	NA	NA	NA	NA	NA	NA	3.00	1.00	0.00	NA	NA	349613	349613	349613
0	COMPLETED_BAR	US30	PERIOD_M1	1704201300	1704201240	1	NA	NA	NA	NA	NA	NA	NA	NA	NA	NA	NA	NA	3.00	1.00	0.00	NA	NA	349614	349614	349614
0	CURRENT_OPEN	US30	PERIOD_M1	1704201300	1704201300	0	NA	NA	NA	NA	NA	NA	NA	NA	NA	NA	NA	NA	3.00	1.00	0.00	NA	NA	349614	349614	349614
0	COMPLETED_BAR	US30	PERIOD_M1	1704201360	1704201300	1	NA	NA	NA	NA	NA	NA	NA	NA	NA	NA	NA	NA	3.00	1.00	0.00	NA	NA	349615	349615	349615
0	CURRENT_OPEN	US30	PERIOD_M1	1704201360	1704201360	0	NA	NA	NA	NA	NA	NA	NA	NA	NA	NA	NA	NA	3.00	1.00	0.00	NA	NA	349615	349615	349615
0	COMPLETED_BAR	US30	PERIOD_M1	1704201420	1704201360	1	NA	NA	NA	NA	NA	NA	NA	NA	NA	NA	NA	NA	3.00	1.00	0.00	NA	NA	349616	349616	349616
0	CURRENT_OPEN	US30	PERIOD_M1	1704201420	1704201420	0	NA	NA	NA	NA	NA	NA	NA	NA	NA	NA	NA	NA	3.00	1.00	0.00	NA	NA	349616	349616	349616
0	COMPLETED_BAR	US30	PERIOD_M1	1704201480	1704201420	1	NA	NA	NA	NA	NA	NA	NA	NA	NA	NA	NA	NA	3.00	1.00	0.00	NA	NA	349617	349617	349617
0	CURRENT_OPEN	US30	PERIOD_M1	1704201480	1704201480	0	NA	NA	NA	NA	NA	NA	NA	NA	NA	NA	NA	NA	3.00	1.00	0.00	NA	NA	349617	349617	349617
0	COMPLETED_BAR	US30	PERIOD_M1	1704201540	1704201480	1	NA	NA	NA	NA	NA	NA	NA	NA	NA	NA	NA	NA	3.00	1.00	0.00	NA	NA	349618	349618	349618
0	CURRENT_OPEN	US30	PERIOD_M1	1704201540	1704201540	0	NA	NA	NA	NA	NA	NA	NA	NA	NA	NA	NA	NA	3.00	1.00	0.00	NA	NA	349618	349618	349618
0	COMPLETED_BAR	US30	PERIOD_M1	1704201600	1704201540	1	NA	NA	NA	NA	NA	NA	NA	NA	NA	NA	NA	NA	3.00	1.00	0.00	NA	NA	349619	349619	349619
0	CURRENT_OPEN	US30	PERIOD_M1	1704201600	1704201600	0	NA	NA	NA	NA	NA	NA	NA	NA	NA	NA	NA	NA	3.00	1.00	0.00	NA	NA	349619	349619	349619
0	COMPLETED_BAR	US30	PERIOD_M1	1704201660	1704201600	1	NA	NA	NA	NA	NA	NA	NA	NA	NA	NA	NA	NA	3.00	1.00	0.00	NA	NA	349620	349620	349620
0	CURRENT_OPEN	US30	PERIOD_M1	1704201660	1704201660	0	NA	NA	NA	NA	NA	NA	NA	NA	NA	NA	NA	NA	3.00	1.00	0.00	NA	NA	349620	349620	349620
0	COMPLETED_BAR	US30	PERIOD_M1	1704201720	1704201660	1	NA	NA	NA	NA	NA	NA	NA	NA	NA	NA	NA	NA	3.00	1.00	0.00	NA	NA	349621	349621	349621
0	CURRENT_OPEN	US30	PERIOD_M1	1704201720	1704201720	0	NA	NA	NA	NA	NA	NA	NA	NA	NA	NA	NA	NA	3.00	1.00	0.00	NA	NA	349621	349621	349621
0	COMPLETED_BAR	US30	PERIOD_M1	1704201780	1704201720	1	NA	NA	NA	NA	NA	NA	NA	NA	NA	NA	NA	NA	3.00	1.00	0.00	NA	NA	349622	349622	349622
0	CURRENT_OPEN	US30	PERIOD_M1	1704201780	1704201780	0	NA	NA	NA	NA	NA	NA	NA	NA	NA	NA	NA	NA	3.00	1.00	0.00	NA	NA	349622	349622	349622
0	COMPLETED_BAR	US30	PERIOD_M1	1704201840	1704201780	1	NA	NA	NA	NA	NA	NA	NA	NA	NA	NA	NA	NA	3.00	1.00	0.00	NA	NA	349623	349623	349623
0	CURRENT_OPEN	US30	PERIOD_M1	1704201840	1704201840	0	NA	NA	NA	NA	NA	NA	NA	NA	NA	NA	NA	NA	3.00	1.00	0.00	NA	NA	349623	349623	349623
0	COMPLETED_BAR	US30	PERIOD_M1	1704201900	1704201840	1	NA	NA	NA	NA	NA	NA	NA	NA	NA	NA	NA	NA	3.00	1.00	0.00	NA	NA	349624	349624	349624
0	CURRENT_OPEN	US30	PERIOD_M1	1704201900	1704201900	0	NA	NA	NA	NA	NA	NA	NA	NA	NA	NA	NA	NA	3.00	1.00	0.00	NA	NA	349624	349624	349624
0	COMPLETED_BAR	US30	PERIOD_M1	1704201960	1704201900	1	NA	NA	NA	NA	NA	NA	NA	NA	NA	NA	NA	NA	3.00	1.00	0.00	NA	NA	349625	349625	349625
0	CURRENT_OPEN	US30	PERIOD_M1	1704201960	1704201960	0	NA	NA	NA	NA	NA	NA	NA	NA	NA	NA	NA	NA	3.00	1.00	0.00	NA	NA	349625	349625	349625
0	COMPLETED_BAR	US30	PERIOD_M1	1704202020	1704201960	1	NA	NA	NA	NA	NA	NA	NA	NA	NA	NA	NA	NA	3.00	1.00	0.00	NA	NA	349626	349626	349626
0	CURRENT_OPEN	US30	PERIOD_M1	1704202020	1704202020	0	NA	NA	NA	NA	NA	NA	NA	NA	NA	NA	NA	NA	3.00	1.00	0.00	NA	NA	349626	349626	349626
0	COMPLETED_BAR	US30	PERIOD_M1	1704202080	1704202020	1	NA	NA	NA	NA	NA	NA	NA	NA	NA	NA	NA	NA	3.00	1.00	0.00	NA	NA	349627	349627	349627
0	CURRENT_OPEN	US30	PERIOD_M1	1704202080	1704202080	0	NA	NA	NA	NA	NA	NA	NA	NA	NA	NA	NA	NA	3.00	1.00	0.00	NA	NA	349627	349627	349627
0	COMPLETED_BAR	US30	PERIOD_M1	1704202140	1704202080	1	NA	NA	NA	NA	NA	NA	NA	NA	NA	NA	NA	NA	3.00	1.00	0.00	NA	NA	349628	349628	349628
0	CURRENT_OPEN	US30	PERIOD_M1	1704202140	1704202140	0	NA	NA	NA	NA	NA	NA	NA	NA	NA	NA	NA	NA	3.00	1.00	0.00	NA	NA	349628	349628	349628
0	COMPLETED_BAR	US30	PERIOD_M1	1704202200	1704202140	1	NA	NA	NA	NA	NA	NA	NA	NA	NA	NA	NA	NA	3.00	1.00	0.00	NA	NA	349629	349629	349629
0	CURRENT_OPEN	US30	PERIOD_M1	1704202200	1704202200	0	NA	NA	NA	NA	NA	NA	NA	NA	NA	NA	NA	NA	3.00	1.00	0.00	NA	NA	349629	349629	349629
0	COMPLETED_BAR	US30	PERIOD_M1	1704202260	1704202200	1	NA	NA	NA	NA	NA	NA	NA	NA	NA	NA	NA	NA	3.00	1.00	0.00	NA	NA	349630	349630	349630
0	CURRENT_OPEN	US30	PERIOD_M1	1704202260	1704202260	0	NA	NA	NA	NA	NA	NA	NA	NA	NA	NA	NA	NA	3.00	1.00	0.00	NA	NA	349630	349630	349630
0	COMPLETED_BAR	US30	PERIOD_M1	1704202320	1704202260	1	NA	NA	NA	NA	NA	NA	NA	NA	NA	NA	NA	NA	3.00	1.00	0.00	NA	NA	349631	349631	349631
0	CURRENT_OPEN	US30	PERIOD_M1	1704202320	1704202320	0	NA	NA	NA	NA	NA	NA	NA	NA	NA	NA	NA	NA	3.00	1.00	0.00	NA	NA	349631	349631	349631
0	COMPLETED_BAR	US30	PERIOD_M1	1704202380	1704202320	1	NA	NA	NA	NA	NA	NA	NA	NA	NA	NA	NA	NA	3.00	1.00	0.00	NA	NA	349632	349632	349632
0	CURRENT_OPEN	US30	PERIOD_M1	1704202380	1704202380	0	NA	NA	NA	NA	NA	NA	NA	NA	NA	NA	NA	NA	3.00	1.00	0.00	NA	NA	349632	349632	349632
0	COMPLETED_BAR	US30	PERIOD_M1	1704202440	1704202380	1	NA	NA	NA	NA	NA	NA	NA	NA	NA	NA	NA	NA	3.00	1.00	0.00	NA	NA	349633	349633	349633
0	CURRENT_OPEN	US30	PERIOD_M1	1704202440	1704202440	0	NA	NA	NA	NA	NA	NA	NA	NA	NA	NA	NA	NA	3.00	1.00	0.00	NA	NA	349633	349633	349633
0	COMPLETED_BAR	US30	PERIOD_M1	1704202500	1704202440	1	NA	NA	NA	NA	NA	NA	NA	NA	NA	NA	NA	NA	3.00	1.00	0.00	NA	NA	349634	349634	349634
0	CURRENT_OPEN	US30	PERIOD_M1	1704202500	1704202500	0	NA	NA	NA	NA	NA	NA	NA	NA	NA	NA	NA	NA	3.00	1.00	0.00	NA	NA	349634	349634	349634
0	COMPLETED_BAR	US30	PERIOD_M1	1704202560	1704202500	1	NA	NA	NA	NA	NA	NA	NA	NA	NA	NA	NA	NA	3.00	1.00	0.00	NA	NA	349635	349635	349635
0	CURRENT_OPEN	US30	PERIOD_M1	1704202560	1704202560	0	NA	NA	NA	NA	NA	NA	NA	NA	NA	NA	NA	NA	3.00	1.00	0.00	NA	NA	349635	349635	349635
0	COMPLETED_BAR	US30	PERIOD_M1	1704202620	1704202560	1	NA	NA	NA	NA	NA	NA	NA	NA	NA	NA	NA	NA	3.00	1.00	0.00	NA	NA	349636	349636	349636
0	CURRENT_OPEN	US30	PERIOD_M1	1704202620	1704202620	0	NA	NA	NA	NA	NA	NA	NA	NA	NA	NA	NA	NA	3.00	1.00	0.00	NA	NA	349636	349636	349636
0	COMPLETED_BAR	US30	PERIOD_M1	1704202680	1704202620	1	NA	NA	NA	NA	NA	NA	NA	NA	NA	NA	NA	NA	3.00	1.00	0.00	NA	NA	349637	349637	349637
0	CURRENT_OPEN	US30	PERIOD_M1	1704202680	1704202680	0	NA	NA	NA	NA	NA	NA	NA	NA	NA	NA	NA	NA	3.00	1.00	0.00	NA	NA	349637	349637	349637
0	COMPLETED_BAR	US30	PERIOD_M1	1704202740	1704202680	1	NA	NA	NA	NA	NA	NA	NA	NA	NA	NA	NA	NA	3.00	1.00	0.00	NA	NA	349638	349638	349638
0	CURRENT_OPEN	US30	PERIOD_M1	1704202740	1704202740	0	NA	NA	NA	NA	NA	NA	NA	NA	NA	NA	NA	NA	3.00	1.00	0.00	NA	NA	349638	349638	349638
0	COMPLETED_BAR	US30	PERIOD_M1	1704202800	1704202740	1	NA	NA	NA	NA	NA	NA	NA	NA	NA	NA	NA	NA	3.00	1.00	0.00	NA	NA	349639	349639	349639
0	CURRENT_OPEN	US30	PERIOD_M1	1704202800	1704202800	0	NA	NA	NA	NA	NA	NA	NA	NA	NA	NA	NA	NA	3.00	1.00	0.00	NA	NA	349639	349639	349639
0	COMPLETED_BAR	US30	PERIOD_M1	1704202860	1704202800	1	NA	NA	NA	NA	NA	NA	NA	NA	NA	NA	NA	NA	3.00	1.00	0.00	NA	NA	349640	349640	349640
0	CURRENT_OPEN	US30	PERIOD_M1	1704202860	1704202860	0	NA	NA	NA	NA	NA	NA	NA	NA	NA	NA	NA	NA	3.00	1.00	0.00	NA	NA	349640	349640	349640
0	COMPLETED_BAR	US30	PERIOD_M1	1704202920	1704202860	1	NA	NA	NA	NA	NA	NA	NA	NA	NA	NA	NA	NA	3.00	1.00	0.00	NA	NA	349641	349641	349641
0	CURRENT_OPEN	US30	PERIOD_M1	1704202920	1704202920	0	NA	NA	NA	NA	NA	NA	NA	NA	NA	NA	NA	NA	3.00	1.00	0.00	NA	NA	349641	349641	349641
0	COMPLETED_BAR	US30	PERIOD_M1	1704202980	1704202920	1	NA	NA	NA	NA	NA	NA	NA	NA	NA	NA	NA	NA	3.00	1.00	0.00	NA	NA	349642	349642	349642
0	CURRENT_OPEN	US30	PERIOD_M1	1704202980	1704202980	0	NA	NA	NA	NA	NA	NA	NA	NA	NA	NA	NA	NA	3.00	1.00	0.00	NA	NA	349642	349642	349642
0	COMPLETED_BAR	US30	PERIOD_M1	1704203040	1704202980	1	NA	NA	NA	NA	NA	NA	NA	NA	NA	NA	NA	NA	3.00	1.00	0.00	NA	NA	349643	349643	349643
0	CURRENT_OPEN	US30	PERIOD_M1	1704203040	1704203040	0	NA	NA	NA	NA	NA	NA	NA	NA	NA	NA	NA	NA	3.00	1.00	0.00	NA	NA	349643	349643	349643
0	COMPLETED_BAR	US30	PERIOD_M1	1704203100	1704203040	1	NA	NA	NA	NA	NA	NA	NA	NA	NA	NA	NA	NA	3.00	1.00	0.00	NA	NA	349644	349644	349644
0	CURRENT_OPEN	US30	PERIOD_M1	1704203100	1704203100	0	NA	NA	NA	NA	NA	NA	NA	NA	NA	NA	NA	NA	3.00	1.00	0.00	NA	NA	349644	349644	349644
0	COMPLETED_BAR	US30	PERIOD_M1	1704203160	1704203100	1	NA	NA	NA	NA	NA	NA	NA	NA	NA	NA	NA	NA	3.00	1.00	0.00	NA	NA	349645	349645	349645
0	CURRENT_OPEN	US30	PERIOD_M1	1704203160	1704203160	0	NA	NA	NA	NA	NA	NA	NA	NA	NA	NA	NA	NA	3.00	1.00	0.00	NA	NA	349645	349645	349645
0	COMPLETED_BAR	US30	PERIOD_M1	1704203220	1704203160	1	NA	NA	NA	NA	NA	NA	NA	NA	NA	NA	NA	NA	3.00	1.00	0.00	NA	NA	349646	349646	349646
0	CURRENT_OPEN	US30	PERIOD_M1	1704203220	1704203220	0	NA	NA	NA	NA	NA	NA	NA	NA	NA	NA	NA	NA	3.00	1.00	0.00	NA	NA	349646	349646	349646
0	COMPLETED_BAR	US30	PERIOD_M1	1704203280	1704203220	1	NA	NA	NA	NA	NA	NA	NA	NA	NA	NA	NA	NA	3.00	1.00	0.00	NA	NA	349647	349647	349647
0	CURRENT_OPEN	US30	PERIOD_M1	1704203280	1704203280	0	NA	NA	NA	NA	NA	NA	NA	NA	NA	NA	NA	NA	3.00	1.00	0.00	NA	NA	349647	349647	349647
0	COMPLETED_BAR	US30	PERIOD_M1	1704203340	1704203280	1	NA	NA	NA	NA	NA	NA	NA	NA	NA	NA	NA	NA	3.00	1.00	0.00	NA	NA	349648	349648	349648
0	CURRENT_OPEN	US30	PERIOD_M1	1704203340	1704203340	0	NA	NA	NA	NA	NA	NA	NA	NA	NA	NA	NA	NA	3.00	1.00	0.00	NA	NA	349648	349648	349648
0	COMPLETED_BAR	US30	PERIOD_M1	1704203400	1704203340	1	NA	NA	NA	NA	NA	NA	NA	NA	NA	NA	NA	NA	3.00	1.00	0.00	NA	NA	349649	349649	349649
0	CURRENT_OPEN	US30	PERIOD_M1	1704203400	1704203400	0	NA	NA	NA	NA	NA	NA	NA	NA	NA	NA	NA	NA	3.00	1.00	0.00	NA	NA	349649	349649	349649
0	COMPLETED_BAR	US30	PERIOD_M1	1704203460	1704203400	1	NA	NA	NA	NA	NA	NA	NA	NA	NA	NA	NA	NA	3.00	1.00	0.00	NA	NA	349650	349650	349650
0	CURRENT_OPEN	US30	PERIOD_M1	1704203460	1704203460	0	NA	NA	NA	NA	NA	NA	NA	NA	NA	NA	NA	NA	3.00	1.00	0.00	NA	NA	349650	349650	349650
0	COMPLETED_BAR	US30	PERIOD_M1	1704203520	1704203460	1	NA	NA	NA	NA	NA	NA	NA	NA	NA	NA	NA	NA	3.00	1.00	0.00	NA	NA	349651	349651	349651
0	CURRENT_OPEN	US30	PERIOD_M1	1704203520	1704203520	0	NA	NA	NA	NA	NA	NA	NA	NA	NA	NA	NA	NA	3.00	1.00	0.00	NA	NA	349651	349651	349651
0	COMPLETED_BAR	US30	PERIOD_M1	1704203580	1704203520	1	NA	NA	NA	NA	NA	NA	NA	NA	NA	NA	NA	NA	3.00	1.00	0.00	NA	NA	349652	349652	349652
0	CURRENT_OPEN	US30	PERIOD_M1	1704203580	1704203580	0	NA	NA	NA	NA	NA	NA	NA	NA	NA	NA	NA	NA	3.00	1.00	0.00	NA	NA	349652	349652	349652
0	COMPLETED_BAR	US30	PERIOD_M1	1704203640	1704203580	1	NA	NA	NA	NA	NA	NA	NA	NA	NA	NA	NA	NA	3.00	1.00	0.00	NA	NA	349653	349653	349653
0	CURRENT_OPEN	US30	PERIOD_M1	1704203640	1704203640	0	NA	NA	NA	NA	NA	NA	NA	NA	NA	NA	NA	NA	3.00	1.00	0.00	NA	NA	349653	349653	349653
0	COMPLETED_BAR	US30	PERIOD_M1	1704203700	1704203640	1	NA	NA	NA	NA	NA	NA	NA	NA	NA	NA	NA	NA	3.00	1.00	0.00	NA	NA	349654	349654	349654
0	CURRENT_OPEN	US30	PERIOD_M1	1704203700	1704203700	0	NA	NA	NA	NA	NA	NA	NA	NA	NA	NA	NA	NA	3.00	1.00	0.00	NA	NA	349654	349654	349654
0	COMPLETED_BAR	US30	PERIOD_M1	1704203760	1704203700	1	NA	NA	NA	NA	NA	NA	NA	NA	NA	NA	NA	NA	3.00	1.00	0.00	NA	NA	349655	349655	349655
0	CURRENT_OPEN	US30	PERIOD_M1	1704203760	1704203760	0	NA	NA	NA	NA	NA	NA	NA	NA	NA	NA	NA	NA	3.00	1.00	0.00	NA	NA	349655	349655	349655
0	COMPLETED_BAR	US30	PERIOD_M1	1704203820	1704203760	1	NA	NA	NA	NA	NA	NA	NA	NA	NA	NA	NA	NA	3.00	1.00	0.00	NA	NA	349656	349656	349656
0	CURRENT_OPEN	US30	PERIOD_M1	1704203820	1704203820	0	NA	NA	NA	NA	NA	NA	NA	NA	NA	NA	NA	NA	3.00	1.00	0.00	NA	NA	349656	349656	349656
0	COMPLETED_BAR	US30	PERIOD_M1	1704203880	1704203820	1	NA	NA	NA	NA	NA	NA	NA	NA	NA	NA	NA	NA	3.00	1.00	0.00	NA	NA	349657	349657	349657
0	CURRENT_OPEN	US30	PERIOD_M1	1704203880	1704203880	0	NA	NA	NA	NA	NA	NA	NA	NA	NA	NA	NA	NA	3.00	1.00	0.00	NA	NA	349657	349657	349657
0	COMPLETED_BAR	US30	PERIOD_M1	1704203940	1704203880	1	NA	NA	NA	NA	NA	NA	NA	NA	NA	NA	NA	NA	3.00	1.00	0.00	NA	NA	349658	349658	349658
0	CURRENT_OPEN	US30	PERIOD_M1	1704203940	1704203940	0	NA	NA	NA	NA	NA	NA	NA	NA	NA	NA	NA	NA	3.00	1.00	0.00	NA	NA	349658	349658	349658
0	COMPLETED_BAR	US30	PERIOD_M1	1704204000	1704203940	1	NA	NA	NA	NA	NA	NA	NA	NA	NA	NA	NA	NA	3.00	1.00	0.00	NA	NA	349659	349659	349659
0	CURRENT_OPEN	US30	PERIOD_M1	1704204000	1704204000	0	NA	NA	NA	NA	NA	NA	NA	NA	NA	NA	NA	NA	3.00	1.00	0.00	NA	NA	349659	349659	349659
0	COMPLETED_BAR	US30	PERIOD_M1	1704204060	1704204000	1	NA	NA	NA	NA	NA	NA	NA	NA	NA	NA	NA	NA	3.00	1.00	0.00	NA	NA	349660	349660	349660
0	CURRENT_OPEN	US30	PERIOD_M1	1704204060	1704204060	0	NA	NA	NA	NA	NA	NA	NA	NA	NA	NA	NA	NA	3.00	1.00	0.00	NA	NA	349660	349660	349660
0	COMPLETED_BAR	US30	PERIOD_M1	1704204120	1704204060	1	NA	NA	NA	NA	NA	NA	NA	NA	NA	NA	NA	NA	3.00	1.00	0.00	NA	NA	349661	349661	349661
0	CURRENT_OPEN	US30	PERIOD_M1	1704204120	1704204120	0	NA	NA	NA	NA	NA	NA	NA	NA	NA	NA	NA	NA	3.00	1.00	0.00	NA	NA	349661	349661	349661
0	COMPLETED_BAR	US30	PERIOD_M1	1704204180	1704204120	1	NA	NA	NA	NA	NA	NA	NA	NA	NA	NA	NA	NA	3.00	1.00	0.00	NA	NA	349662	349662	349662
0	CURRENT_OPEN	US30	PERIOD_M1	1704204180	1704204180	0	NA	NA	NA	NA	NA	NA	NA	NA	NA	NA	NA	NA	3.00	1.00	0.00	NA	NA	349662	349662	349662
0	COMPLETED_BAR	US30	PERIOD_M1	1704204240	1704204180	1	NA	NA	NA	NA	NA	NA	NA	NA	NA	NA	NA	NA	3.00	1.00	0.00	NA	NA	349663	349663	349663
0	CURRENT_OPEN	US30	PERIOD_M1	1704204240	1704204240	0	NA	NA	NA	NA	NA	NA	NA	NA	NA	NA	NA	NA	3.00	1.00	0.00	NA	NA	349663	349663	349663
0	COMPLETED_BAR	US30	PERIOD_M1	1704204300	1704204240	1	NA	NA	NA	NA	NA	NA	NA	NA	NA	NA	NA	NA	3.00	1.00	0.00	NA	NA	349664	349664	349664
0	CURRENT_OPEN	US30	PERIOD_M1	1704204300	1704204300	0	NA	NA	NA	NA	NA	NA	NA	NA	NA	NA	NA	NA	3.00	1.00	0.00	NA	NA	349664	349664	349664
0	COMPLETED_BAR	US30	PERIOD_M1	1704204360	1704204300	1	NA	NA	NA	NA	NA	NA	NA	NA	NA	NA	NA	NA	3.00	1.00	0.00	NA	NA	349665	349665	349665
0	CURRENT_OPEN	US30	PERIOD_M1	1704204360	1704204360	0	NA	NA	NA	NA	NA	NA	NA	NA	NA	NA	NA	NA	3.00	1.00	0.00	NA	NA	349665	349665	349665
0	COMPLETED_BAR	US30	PERIOD_M1	1704204420	1704204360	1	NA	NA	NA	NA	NA	NA	NA	NA	NA	NA	NA	NA	3.00	1.00	0.00	NA	NA	349666	349666	349666
0	CURRENT_OPEN	US30	PERIOD_M1	1704204420	1704204420	0	NA	NA	NA	NA	NA	NA	NA	NA	NA	NA	NA	NA	3.00	1.00	0.00	NA	NA	349666	349666	349666
0	COMPLETED_BAR	US30	PERIOD_M1	1704204480	1704204420	1	NA	NA	NA	NA	NA	NA	NA	NA	NA	NA	NA	NA	3.00	1.00	0.00	NA	NA	349667	349667	349667
0	CURRENT_OPEN	US30	PERIOD_M1	1704204480	1704204480	0	NA	NA	NA	NA	NA	NA	NA	NA	NA	NA	NA	NA	3.00	1.00	0.00	NA	NA	349667	349667	349667
0	COMPLETED_BAR	US30	PERIOD_M1	1704204540	1704204480	1	NA	NA	NA	NA	NA	NA	NA	NA	NA	NA	NA	NA	3.00	1.00	0.00	NA	NA	349668	349668	349668
0	CURRENT_OPEN	US30	PERIOD_M1	1704204540	1704204540	0	NA	NA	NA	NA	NA	NA	NA	NA	NA	NA	NA	NA	3.00	1.00	0.00	NA	NA	349668	349668	349668
0	COMPLETED_BAR	US30	PERIOD_M1	1704204600	1704204540	1	NA	NA	NA	NA	NA	NA	NA	NA	NA	NA	NA	NA	3.00	1.00	0.00	NA	NA	349669	349669	349669
0	CURRENT_OPEN	US30	PERIOD_M1	1704204600	1704204600	0	NA	NA	NA	NA	NA	NA	NA	NA	NA	NA	NA	NA	3.00	1.00	0.00	NA	NA	349669	349669	349669
0	COMPLETED_BAR	US30	PERIOD_M1	1704204660	1704204600	1	NA	NA	NA	NA	NA	NA	NA	NA	NA	NA	NA	NA	3.00	1.00	0.00	NA	NA	349670	349670	349670
0	CURRENT_OPEN	US30	PERIOD_M1	1704204660	1704204660	0	NA	NA	NA	NA	NA	NA	NA	NA	NA	NA	NA	NA	3.00	1.00	0.00	NA	NA	349670	349670	349670
0	COMPLETED_BAR	US30	PERIOD_M1	1704204720	1704204660	1	NA	NA	NA	NA	NA	NA	NA	NA	NA	NA	NA	NA	3.00	1.00	0.00	NA	NA	349671	349671	349671
0	CURRENT_OPEN	US30	PERIOD_M1	1704204720	1704204720	0	NA	NA	NA	NA	NA	NA	NA	NA	NA	NA	NA	NA	3.00	1.00	0.00	NA	NA	349671	349671	349671
0	COMPLETED_BAR	US30	PERIOD_M1	1704204780	1704204720	1	NA	NA	NA	NA	NA	NA	NA	NA	NA	NA	NA	NA	3.00	1.00	0.00	NA	NA	349672	349672	349672
0	CURRENT_OPEN	US30	PERIOD_M1	1704204780	1704204780	0	NA	NA	NA	NA	NA	NA	NA	NA	NA	NA	NA	NA	3.00	1.00	0.00	NA	NA	349672	349672	349672
0	COMPLETED_BAR	US30	PERIOD_M1	1704204840	1704204780	1	NA	NA	NA	NA	NA	NA	NA	NA	NA	NA	NA	NA	3.00	1.00	0.00	NA	NA	349673	349673	349673
0	CURRENT_OPEN	US30	PERIOD_M1	1704204840	1704204840	0	NA	NA	NA	NA	NA	NA	NA	NA	NA	NA	NA	NA	3.00	1.00	0.00	NA	NA	349673	349673	349673
0	COMPLETED_BAR	US30	PERIOD_M1	1704204900	1704204840	1	NA	NA	NA	NA	NA	NA	NA	NA	NA	NA	NA	NA	3.00	1.00	0.00	NA	NA	349674	349674	349674
0	CURRENT_OPEN	US30	PERIOD_M1	1704204900	1704204900	0	NA	NA	NA	NA	NA	NA	NA	NA	NA	NA	NA	NA	3.00	1.00	0.00	NA	NA	349674	349674	349674
0	COMPLETED_BAR	US30	PERIOD_M1	1704204960	1704204900	1	NA	NA	NA	NA	NA	NA	NA	NA	NA	NA	NA	NA	3.00	1.00	0.00	NA	NA	349675	349675	349675
0	CURRENT_OPEN	US30	PERIOD_M1	1704204960	1704204960	0	NA	NA	NA	NA	NA	NA	NA	NA	NA	NA	NA	NA	3.00	1.00	0.00	NA	NA	349675	349675	349675
0	COMPLETED_BAR	US30	PERIOD_M1	1704205020	1704204960	1	NA	NA	NA	NA	NA	NA	NA	NA	NA	NA	NA	NA	3.00	1.00	0.00	NA	NA	349676	349676	349676
0	CURRENT_OPEN	US30	PERIOD_M1	1704205020	1704205020	0	NA	NA	NA	NA	NA	NA	NA	NA	NA	NA	NA	NA	3.00	1.00	0.00	NA	NA	349676	349676	349676
0	COMPLETED_BAR	US30	PERIOD_M1	1704205080	1704205020	1	NA	NA	NA	NA	NA	NA	NA	NA	NA	NA	NA	NA	3.00	1.00	0.00	NA	NA	349677	349677	349677
0	CURRENT_OPEN	US30	PERIOD_M1	1704205080	1704205080	0	NA	NA	NA	NA	NA	NA	NA	NA	NA	NA	NA	NA	3.00	1.00	0.00	NA	NA	349677	349677	349677
0	COMPLETED_BAR	US30	PERIOD_M1	1704205140	1704205080	1	NA	NA	NA	NA	NA	NA	NA	NA	NA	NA	NA	NA	3.00	1.00	0.00	NA	NA	349678	349678	349678
0	CURRENT_OPEN	US30	PERIOD_M1	1704205140	1704205140	0	NA	NA	NA	NA	NA	NA	NA	NA	NA	NA	NA	NA	3.00	1.00	0.00	NA	NA	349678	349678	349678
0	COMPLETED_BAR	US30	PERIOD_M1	1704205200	1704205140	1	NA	NA	NA	NA	NA	NA	NA	NA	NA	NA	NA	NA	3.00	1.00	0.00	NA	NA	349679	349679	349679
0	CURRENT_OPEN	US30	PERIOD_M1	1704205200	1704205200	0	NA	NA	NA	NA	NA	NA	NA	NA	NA	NA	NA	NA	3.00	1.00	0.00	NA	NA	349679	349679	349679
0	COMPLETED_BAR	US30	PERIOD_M1	1704205260	1704205200	1	NA	NA	NA	NA	NA	NA	NA	NA	NA	NA	NA	NA	3.00	1.00	0.00	NA	NA	349680	349680	349680
0	CURRENT_OPEN	US30	PERIOD_M1	1704205260	1704205260	0	NA	NA	NA	NA	NA	NA	NA	NA	NA	NA	NA	NA	3.00	1.00	0.00	NA	NA	349680	349680	349680
0	COMPLETED_BAR	US30	PERIOD_M1	1704205320	1704205260	1	NA	NA	NA	NA	NA	NA	NA	NA	NA	NA	NA	NA	3.00	1.00	0.00	NA	NA	349681	349681	349681
0	CURRENT_OPEN	US30	PERIOD_M1	1704205320	1704205320	0	NA	NA	NA	NA	NA	NA	NA	NA	NA	NA	NA	NA	3.00	1.00	0.00	NA	NA	349681	349681	349681
0	COMPLETED_BAR	US30	PERIOD_M1	1704205380	1704205320	1	NA	NA	NA	NA	NA	NA	NA	NA	NA	NA	NA	NA	3.00	1.00	0.00	NA	NA	349682	349682	349682
0	CURRENT_OPEN	US30	PERIOD_M1	1704205380	1704205380	0	NA	NA	NA	NA	NA	NA	NA	NA	NA	NA	NA	NA	3.00	1.00	0.00	NA	NA	349682	349682	349682
0	COMPLETED_BAR	US30	PERIOD_M1	1704205440	1704205380	1	NA	NA	NA	NA	NA	NA	NA	NA	NA	NA	NA	NA	3.00	1.00	0.00	NA	NA	349683	349683	349683
0	CURRENT_OPEN	US30	PERIOD_M1	1704205440	1704205440	0	NA	NA	NA	NA	NA	NA	NA	NA	NA	NA	NA	NA	3.00	1.00	0.00	NA	NA	349683	349683	349683
0	COMPLETED_BAR	US30	PERIOD_M1	1704205500	1704205440	1	NA	NA	NA	NA	NA	NA	NA	NA	NA	NA	NA	NA	3.00	1.00	0.00	NA	NA	349684	349684	349684
0	CURRENT_OPEN	US30	PERIOD_M1	1704205500	1704205500	0	NA	NA	NA	NA	NA	NA	NA	NA	NA	NA	NA	NA	3.00	1.00	0.00	NA	NA	349684	349684	349684
0	COMPLETED_BAR	US30	PERIOD_M1	1704205560	1704205500	1	NA	NA	NA	NA	NA	NA	NA	NA	NA	NA	NA	NA	3.00	1.00	0.00	NA	NA	349685	349685	349685
0	CURRENT_OPEN	US30	PERIOD_M1	1704205560	1704205560	0	NA	NA	NA	NA	NA	NA	NA	NA	NA	NA	NA	NA	3.00	1.00	0.00	NA	NA	349685	349685	349685
0	COMPLETED_BAR	US30	PERIOD_M1	1704205620	1704205560	1	NA	NA	NA	NA	NA	NA	NA	NA	NA	NA	NA	NA	3.00	1.00	0.00	NA	NA	349686	349686	349686
0	CURRENT_OPEN	US30	PERIOD_M1	1704205620	1704205620	0	NA	NA	NA	NA	NA	NA	NA	NA	NA	NA	NA	NA	3.00	1.00	0.00	NA	NA	349686	349686	349686
0	COMPLETED_BAR	US30	PERIOD_M1	1704205680	1704205620	1	NA	NA	NA	NA	NA	NA	NA	NA	NA	NA	NA	NA	3.00	1.00	0.00	NA	NA	349687	349687	349687
0	CURRENT_OPEN	US30	PERIOD_M1	1704205680	1704205680	0	NA	NA	NA	NA	NA	NA	NA	NA	NA	NA	NA	NA	3.00	1.00	0.00	NA	NA	349687	349687	349687
0	COMPLETED_BAR	US30	PERIOD_M1	1704205740	1704205680	1	NA	NA	NA	NA	NA	NA	NA	NA	NA	NA	NA	NA	3.00	1.00	0.00	NA	NA	349688	349688	349688
0	CURRENT_OPEN	US30	PERIOD_M1	1704205740	1704205740	0	NA	NA	NA	NA	NA	NA	NA	NA	NA	NA	NA	NA	3.00	1.00	0.00	NA	NA	349688	349688	349688
0	COMPLETED_BAR	US30	PERIOD_M1	1704205800	1704205740	1	NA	NA	NA	NA	NA	NA	NA	NA	NA	NA	NA	NA	3.00	1.00	0.00	NA	NA	349689	349689	349689
0	CURRENT_OPEN	US30	PERIOD_M1	1704205800	1704205800	0	NA	NA	NA	NA	NA	NA	NA	NA	NA	NA	NA	NA	3.00	1.00	0.00	NA	NA	349689	349689	349689
0	COMPLETED_BAR	US30	PERIOD_M1	1704205860	1704205800	1	NA	NA	NA	NA	NA	NA	NA	NA	NA	NA	NA	NA	3.00	1.00	0.00	NA	NA	349690	349690	349690
0	CURRENT_OPEN	US30	PERIOD_M1	1704205860	1704205860	0	NA	NA	NA	NA	NA	NA	NA	NA	NA	NA	NA	NA	3.00	1.00	0.00	NA	NA	349690	349690	349690
0	COMPLETED_BAR	US30	PERIOD_M1	1704205920	1704205860	1	NA	NA	NA	NA	NA	NA	NA	NA	NA	NA	NA	NA	3.00	1.00	0.00	NA	NA	349691	349691	349691
0	CURRENT_OPEN	US30	PERIOD_M1	1704205920	1704205920	0	NA	NA	NA	NA	NA	NA	NA	NA	NA	NA	NA	NA	3.00	1.00	0.00	NA	NA	349691	349691	349691
0	COMPLETED_BAR	US30	PERIOD_M1	1704205980	1704205920	1	NA	NA	NA	NA	NA	NA	NA	NA	NA	NA	NA	NA	3.00	1.00	0.00	NA	NA	349692	349692	349692
0	CURRENT_OPEN	US30	PERIOD_M1	1704205980	1704205980	0	NA	NA	NA	NA	NA	NA	NA	NA	NA	NA	NA	NA	3.00	1.00	0.00	NA	NA	349692	349692	349692
0	COMPLETED_BAR	US30	PERIOD_M1	1704206040	1704205980	1	NA	NA	NA	NA	NA	NA	NA	NA	NA	NA	NA	NA	3.00	1.00	0.00	NA	NA	349693	349693	349693
0	CURRENT_OPEN	US30	PERIOD_M1	1704206040	1704206040	0	NA	NA	NA	NA	NA	NA	NA	NA	NA	NA	NA	NA	3.00	1.00	0.00	NA	NA	349693	349693	349693
0	COMPLETED_BAR	US30	PERIOD_M1	1704206100	1704206040	1	NA	NA	NA	NA	NA	NA	NA	NA	NA	NA	NA	NA	3.00	1.00	0.00	NA	NA	349694	349694	349694
0	CURRENT_OPEN	US30	PERIOD_M1	1704206100	1704206100	0	NA	NA	NA	NA	NA	NA	NA	NA	NA	NA	NA	NA	3.00	1.00	0.00	NA	NA	349694	349694	349694
0	COMPLETED_BAR	US30	PERIOD_M1	1704206160	1704206100	1	NA	NA	NA	NA	NA	NA	NA	NA	NA	NA	NA	NA	3.00	1.00	0.00	NA	NA	349695	349695	349695
0	CURRENT_OPEN	US30	PERIOD_M1	1704206160	1704206160	0	NA	NA	NA	NA	NA	NA	NA	NA	NA	NA	NA	NA	3.00	1.00	0.00	NA	NA	349695	349695	349695
0	COMPLETED_BAR	US30	PERIOD_M1	1704206220	1704206160	1	NA	NA	NA	NA	NA	NA	NA	NA	NA	NA	NA	NA	3.00	1.00	0.00	NA	NA	349696	349696	349696
0	CURRENT_OPEN	US30	PERIOD_M1	1704206220	1704206220	0	NA	NA	NA	NA	NA	NA	NA	NA	NA	NA	NA	NA	3.00	1.00	0.00	NA	NA	349696	349696	349696
0	COMPLETED_BAR	US30	PERIOD_M1	1704206280	1704206220	1	NA	NA	NA	NA	NA	NA	NA	NA	NA	NA	NA	NA	3.00	1.00	0.00	NA	NA	349697	349697	349697
0	CURRENT_OPEN	US30	PERIOD_M1	1704206280	1704206280	0	NA	NA	NA	NA	NA	NA	NA	NA	NA	NA	NA	NA	3.00	1.00	0.00	NA	NA	349697	349697	349697
0	COMPLETED_BAR	US30	PERIOD_M1	1704206340	1704206280	1	NA	NA	NA	NA	NA	NA	NA	NA	NA	NA	NA	NA	3.00	1.00	0.00	NA	NA	349698	349698	349698
0	CURRENT_OPEN	US30	PERIOD_M1	1704206340	1704206340	0	NA	NA	NA	NA	NA	NA	NA	NA	NA	NA	NA	NA	3.00	1.00	0.00	NA	NA	349698	349698	349698
0	COMPLETED_BAR	US30	PERIOD_M1	1704206400	1704206340	1	NA	NA	NA	NA	NA	NA	NA	NA	NA	NA	NA	NA	3.00	1.00	0.00	NA	NA	349699	349699	349699
0	CURRENT_OPEN	US30	PERIOD_M1	1704206400	1704206400	0	NA	NA	NA	NA	NA	NA	NA	NA	NA	NA	NA	NA	3.00	1.00	0.00	NA	NA	349699	349699	349699
0	COMPLETED_BAR	US30	PERIOD_M1	1704206460	1704206400	1	NA	NA	NA	NA	NA	NA	NA	NA	NA	NA	NA	NA	3.00	1.00	0.00	NA	NA	349700	349700	349700
0	CURRENT_OPEN	US30	PERIOD_M1	1704206460	1704206460	0	NA	NA	NA	NA	NA	NA	NA	NA	NA	NA	NA	NA	3.00	1.00	0.00	NA	NA	349700	349700	349700
0	COMPLETED_BAR	US30	PERIOD_M1	1704206520	1704206460	1	NA	NA	NA	NA	NA	NA	NA	NA	NA	NA	NA	NA	3.00	1.00	0.00	NA	NA	349701	349701	349701
0	CURRENT_OPEN	US30	PERIOD_M1	1704206520	1704206520	0	NA	NA	NA	NA	NA	NA	NA	NA	NA	NA	NA	NA	3.00	1.00	0.00	NA	NA	349701	349701	349701
0	COMPLETED_BAR	US30	PERIOD_M1	1704206580	1704206520	1	NA	NA	NA	NA	NA	NA	NA	NA	NA	NA	NA	NA	3.00	1.00	0.00	NA	NA	349702	349702	349702
0	CURRENT_OPEN	US30	PERIOD_M1	1704206580	1704206580	0	NA	NA	NA	NA	NA	NA	NA	NA	NA	NA	NA	NA	3.00	1.00	0.00	NA	NA	349702	349702	349702
0	COMPLETED_BAR	US30	PERIOD_M1	1704206640	1704206580	1	NA	NA	NA	NA	NA	NA	NA	NA	NA	NA	NA	NA	3.00	1.00	0.00	NA	NA	349703	349703	349703
0	CURRENT_OPEN	US30	PERIOD_M1	1704206640	1704206640	0	NA	NA	NA	NA	NA	NA	NA	NA	NA	NA	NA	NA	3.00	1.00	0.00	NA	NA	349703	349703	349703
0	COMPLETED_BAR	US30	PERIOD_M1	1704206700	1704206640	1	NA	NA	NA	NA	NA	NA	NA	NA	NA	NA	NA	NA	3.00	1.00	0.00	NA	NA	349704	349704	349704
0	CURRENT_OPEN	US30	PERIOD_M1	1704206700	1704206700	0	NA	NA	NA	NA	NA	NA	NA	NA	NA	NA	NA	NA	3.00	1.00	0.00	NA	NA	349704	349704	349704
0	COMPLETED_BAR	US30	PERIOD_M1	1704206760	1704206700	1	NA	NA	NA	NA	NA	NA	NA	NA	NA	NA	NA	NA	3.00	1.00	0.00	NA	NA	349705	349705	349705
0	CURRENT_OPEN	US30	PERIOD_M1	1704206760	1704206760	0	NA	NA	NA	NA	NA	NA	NA	NA	NA	NA	NA	NA	3.00	1.00	0.00	NA	NA	349705	349705	349705
0	COMPLETED_BAR	US30	PERIOD_M1	1704206820	1704206760	1	NA	NA	NA	NA	NA	NA	NA	NA	NA	NA	NA	NA	3.00	1.00	0.00	NA	NA	349706	349706	349706
0	CURRENT_OPEN	US30	PERIOD_M1	1704206820	1704206820	0	NA	NA	NA	NA	NA	NA	NA	NA	NA	NA	NA	NA	3.00	1.00	0.00	NA	NA	349706	349706	349706
0	COMPLETED_BAR	US30	PERIOD_M1	1704206880	1704206820	1	NA	NA	NA	NA	NA	NA	NA	NA	NA	NA	NA	NA	3.00	1.00	0.00	NA	NA	349707	349707	349707
0	CURRENT_OPEN	US30	PERIOD_M1	1704206880	1704206880	0	NA	NA	NA	NA	NA	NA	NA	NA	NA	NA	NA	NA	3.00	1.00	0.00	NA	NA	349707	349707	349707
0	COMPLETED_BAR	US30	PERIOD_M1	1704206940	1704206880	1	NA	NA	NA	NA	NA	NA	NA	NA	NA	NA	NA	NA	3.00	1.00	0.00	NA	NA	349708	349708	349708
0	CURRENT_OPEN	US30	PERIOD_M1	1704206940	1704206940	0	NA	NA	NA	NA	NA	NA	NA	NA	NA	NA	NA	NA	3.00	1.00	0.00	NA	NA	349708	349708	349708
0	COMPLETED_BAR	US30	PERIOD_M1	1704207000	1704206940	1	NA	NA	NA	NA	NA	NA	NA	NA	NA	NA	NA	NA	3.00	1.00	0.00	NA	NA	349709	349709	349709
0	CURRENT_OPEN	US30	PERIOD_M1	1704207000	1704207000	0	NA	NA	NA	NA	NA	NA	NA	NA	NA	NA	NA	NA	3.00	1.00	0.00	NA	NA	349709	349709	349709
0	COMPLETED_BAR	US30	PERIOD_M1	1704207060	1704207000	1	NA	NA	NA	NA	NA	NA	NA	NA	NA	NA	NA	NA	3.00	1.00	0.00	NA	NA	349710	349710	349710
0	CURRENT_OPEN	US30	PERIOD_M1	1704207060	1704207060	0	NA	NA	NA	NA	NA	NA	NA	NA	NA	NA	NA	NA	3.00	1.00	0.00	NA	NA	349710	349710	349710
0	COMPLETED_BAR	US30	PERIOD_M1	1704207120	1704207060	1	NA	NA	NA	NA	NA	NA	NA	NA	NA	NA	NA	NA	3.00	1.00	0.00	NA	NA	349711	349711	349711
0	CURRENT_OPEN	US30	PERIOD_M1	1704207120	1704207120	0	NA	NA	NA	NA	NA	NA	NA	NA	NA	NA	NA	NA	3.00	1.00	0.00	NA	NA	349711	349711	349711
0	COMPLETED_BAR	US30	PERIOD_M1	1704207180	1704207120	1	NA	NA	NA	NA	NA	NA	NA	NA	NA	NA	NA	NA	3.00	1.00	0.00	NA	NA	349712	349712	349712
0	CURRENT_OPEN	US30	PERIOD_M1	1704207180	1704207180	0	NA	NA	NA	NA	NA	NA	NA	NA	NA	NA	NA	NA	3.00	1.00	0.00	NA	NA	349712	349712	349712
0	COMPLETED_BAR	US30	PERIOD_M1	1704207240	1704207180	1	NA	NA	NA	NA	NA	NA	NA	NA	NA	NA	NA	NA	3.00	1.00	0.00	NA	NA	349713	349713	349713
0	CURRENT_OPEN	US30	PERIOD_M1	1704207240	1704207240	0	NA	NA	NA	NA	NA	NA	NA	NA	NA	NA	NA	NA	3.00	1.00	0.00	NA	NA	349713	349713	349713
0	COMPLETED_BAR	US30	PERIOD_M1	1704207300	1704207240	1	NA	NA	NA	NA	NA	NA	NA	NA	NA	NA	NA	NA	3.00	1.00	0.00	NA	NA	349714	349714	349714
0	CURRENT_OPEN	US30	PERIOD_M1	1704207300	1704207300	0	NA	NA	NA	NA	NA	NA	NA	NA	NA	NA	NA	NA	3.00	1.00	0.00	NA	NA	349714	349714	349714
0	COMPLETED_BAR	US30	PERIOD_M1	1704207360	1704207300	1	NA	NA	NA	NA	NA	NA	NA	NA	NA	NA	NA	NA	3.00	1.00	0.00	NA	NA	349715	349715	349715
0	CURRENT_OPEN	US30	PERIOD_M1	1704207360	1704207360	0	NA	NA	NA	NA	NA	NA	NA	NA	NA	NA	NA	NA	3.00	1.00	0.00	NA	NA	349715	349715	349715
0	COMPLETED_BAR	US30	PERIOD_M1	1704207420	1704207360	1	NA	NA	NA	NA	NA	NA	NA	NA	NA	NA	NA	NA	3.00	1.00	0.00	NA	NA	349716	349716	349716
0	CURRENT_OPEN	US30	PERIOD_M1	1704207420	1704207420	0	NA	NA	NA	NA	NA	NA	NA	NA	NA	NA	NA	NA	3.00	1.00	0.00	NA	NA	349716	349716	349716
0	COMPLETED_BAR	US30	PERIOD_M1	1704207480	1704207420	1	NA	NA	NA	NA	NA	NA	NA	NA	NA	NA	NA	NA	3.00	1.00	0.00	NA	NA	349717	349717	349717
0	CURRENT_OPEN	US30	PERIOD_M1	1704207480	1704207480	0	NA	NA	NA	NA	NA	NA	NA	NA	NA	NA	NA	NA	3.00	1.00	0.00	NA	NA	349717	349717	349717
0	COMPLETED_BAR	US30	PERIOD_M1	1704207540	1704207480	1	NA	NA	NA	NA	NA	NA	NA	NA	NA	NA	NA	NA	3.00	1.00	0.00	NA	NA	349718	349718	349718
0	CURRENT_OPEN	US30	PERIOD_M1	1704207540	1704207540	0	NA	NA	NA	NA	NA	NA	NA	NA	NA	NA	NA	NA	3.00	1.00	0.00	NA	NA	349718	349718	349718
0	COMPLETED_BAR	US30	PERIOD_M1	1704207600	1704207540	1	NA	NA	NA	NA	NA	NA	NA	NA	NA	NA	NA	NA	3.00	1.00	0.00	NA	NA	349719	349719	349719
0	CURRENT_OPEN	US30	PERIOD_M1	1704207600	1704207600	0	NA	NA	NA	NA	NA	NA	NA	NA	NA	NA	NA	NA	3.00	1.00	0.00	NA	NA	349719	349719	349719
0	COMPLETED_BAR	US30	PERIOD_M1	1704207660	1704207600	1	NA	NA	NA	NA	NA	NA	NA	NA	NA	NA	NA	NA	3.00	1.00	0.00	NA	NA	349720	349720	349720
0	CURRENT_OPEN	US30	PERIOD_M1	1704207660	1704207660	0	NA	NA	NA	NA	NA	NA	NA	NA	NA	NA	NA	NA	3.00	1.00	0.00	NA	NA	349720	349720	349720
0	COMPLETED_BAR	US30	PERIOD_M1	1704207720	1704207660	1	NA	NA	NA	NA	NA	NA	NA	NA	NA	NA	NA	NA	3.00	1.00	0.00	NA	NA	349721	349721	349721
0	CURRENT_OPEN	US30	PERIOD_M1	1704207720	1704207720	0	NA	NA	NA	NA	NA	NA	NA	NA	NA	NA	NA	NA	3.00	1.00	0.00	NA	NA	349721	349721	349721
0	COMPLETED_BAR	US30	PERIOD_M1	1704207780	1704207720	1	NA	NA	NA	NA	NA	NA	NA	NA	NA	NA	NA	NA	3.00	1.00	0.00	NA	NA	349722	349722	349722
0	CURRENT_OPEN	US30	PERIOD_M1	1704207780	1704207780	0	NA	NA	NA	NA	NA	NA	NA	NA	NA	NA	NA	NA	3.00	1.00	0.00	NA	NA	349722	349722	349722
0	COMPLETED_BAR	US30	PERIOD_M1	1704207840	1704207780	1	NA	NA	NA	NA	NA	NA	NA	NA	NA	NA	NA	NA	3.00	1.00	0.00	NA	NA	349723	349723	349723
0	CURRENT_OPEN	US30	PERIOD_M1	1704207840	1704207840	0	NA	NA	NA	NA	NA	NA	NA	NA	NA	NA	NA	NA	3.00	1.00	0.00	NA	NA	349723	349723	349723
0	COMPLETED_BAR	US30	PERIOD_M1	1704207900	1704207840	1	NA	NA	NA	NA	NA	NA	NA	NA	NA	NA	NA	NA	3.00	1.00	0.00	NA	NA	349724	349724	349724
0	CURRENT_OPEN	US30	PERIOD_M1	1704207900	1704207900	0	NA	NA	NA	NA	NA	NA	NA	NA	NA	NA	NA	NA	3.00	1.00	0.00	NA	NA	349724	349724	349724
0	COMPLETED_BAR	US30	PERIOD_M1	1704207960	1704207900	1	NA	NA	NA	NA	NA	NA	NA	NA	NA	NA	NA	NA	3.00	1.00	0.00	NA	NA	349725	349725	349725
0	CURRENT_OPEN	US30	PERIOD_M1	1704207960	1704207960	0	NA	NA	NA	NA	NA	NA	NA	NA	NA	NA	NA	NA	3.00	1.00	0.00	NA	NA	349725	349725	349725
0	COMPLETED_BAR	US30	PERIOD_M1	1704208020	1704207960	1	NA	NA	NA	NA	NA	NA	NA	NA	NA	NA	NA	NA	3.00	1.00	0.00	NA	NA	349726	349726	349726
0	CURRENT_OPEN	US30	PERIOD_M1	1704208020	1704208020	0	NA	NA	NA	NA	NA	NA	NA	NA	NA	NA	NA	NA	3.00	1.00	0.00	NA	NA	349726	349726	349726
0	COMPLETED_BAR	US30	PERIOD_M1	1704208080	1704208020	1	NA	NA	NA	NA	NA	NA	NA	NA	NA	NA	NA	NA	3.00	1.00	0.00	NA	NA	349727	349727	349727
0	CURRENT_OPEN	US30	PERIOD_M1	1704208080	1704208080	0	NA	NA	NA	NA	NA	NA	NA	NA	NA	NA	NA	NA	3.00	1.00	0.00	NA	NA	349727	349727	349727
0	COMPLETED_BAR	US30	PERIOD_M1	1704208140	1704208080	1	NA	NA	NA	NA	NA	NA	NA	NA	NA	NA	NA	NA	3.00	1.00	0.00	NA	NA	349728	349728	349728
0	CURRENT_OPEN	US30	PERIOD_M1	1704208140	1704208140	0	NA	NA	NA	NA	NA	NA	NA	NA	NA	NA	NA	NA	3.00	1.00	0.00	NA	NA	349728	349728	349728
0	COMPLETED_BAR	US30	PERIOD_M1	1704208200	1704208140	1	NA	NA	NA	NA	NA	NA	NA	NA	NA	NA	NA	NA	3.00	1.00	0.00	NA	NA	349729	349729	349729
0	CURRENT_OPEN	US30	PERIOD_M1	1704208200	1704208200	0	NA	NA	NA	NA	NA	NA	NA	NA	NA	NA	NA	NA	3.00	1.00	0.00	NA	NA	349729	349729	349729
0	COMPLETED_BAR	US30	PERIOD_M1	1704208260	1704208200	1	NA	NA	NA	NA	NA	NA	NA	NA	NA	NA	NA	NA	3.00	1.00	0.00	NA	NA	349730	349730	349730
0	CURRENT_OPEN	US30	PERIOD_M1	1704208260	1704208260	0	NA	NA	NA	NA	NA	NA	NA	NA	NA	NA	NA	NA	3.00	1.00	0.00	NA	NA	349730	349730	349730
0	COMPLETED_BAR	US30	PERIOD_M1	1704208320	1704208260	1	NA	NA	NA	NA	NA	NA	NA	NA	NA	NA	NA	NA	3.00	1.00	0.00	NA	NA	349731	349731	349731
0	CURRENT_OPEN	US30	PERIOD_M1	1704208320	1704208320	0	NA	NA	NA	NA	NA	NA	NA	NA	NA	NA	NA	NA	3.00	1.00	0.00	NA	NA	349731	349731	349731
0	COMPLETED_BAR	US30	PERIOD_M1	1704208380	1704208320	1	NA	NA	NA	NA	NA	NA	NA	NA	NA	NA	NA	NA	3.00	1.00	0.00	NA	NA	349732	349732	349732
0	CURRENT_OPEN	US30	PERIOD_M1	1704208380	1704208380	0	NA	NA	NA	NA	NA	NA	NA	NA	NA	NA	NA	NA	3.00	1.00	0.00	NA	NA	349732	349732	349732
0	COMPLETED_BAR	US30	PERIOD_M1	1704208440	1704208380	1	NA	NA	NA	NA	NA	NA	NA	NA	NA	NA	NA	NA	3.00	1.00	0.00	NA	NA	349733	349733	349733
0	CURRENT_OPEN	US30	PERIOD_M1	1704208440	1704208440	0	NA	NA	NA	NA	NA	NA	NA	NA	NA	NA	NA	NA	3.00	1.00	0.00	NA	NA	349733	349733	349733
0	COMPLETED_BAR	US30	PERIOD_M1	1704208500	1704208440	1	NA	NA	NA	NA	NA	NA	NA	NA	NA	NA	NA	NA	3.00	1.00	0.00	NA	NA	349734	349734	349734
0	CURRENT_OPEN	US30	PERIOD_M1	1704208500	1704208500	0	NA	NA	NA	NA	NA	NA	NA	NA	NA	NA	NA	NA	3.00	1.00	0.00	NA	NA	349734	349734	349734
0	COMPLETED_BAR	US30	PERIOD_M1	1704208560	1704208500	1	NA	NA	NA	NA	NA	NA	NA	NA	NA	NA	NA	NA	3.00	1.00	0.00	NA	NA	349735	349735	349735
0	CURRENT_OPEN	US30	PERIOD_M1	1704208560	1704208560	0	NA	NA	NA	NA	NA	NA	NA	NA	NA	NA	NA	NA	3.00	1.00	0.00	NA	NA	349735	349735	349735
0	COMPLETED_BAR	US30	PERIOD_M1	1704208620	1704208560	1	NA	NA	NA	NA	NA	NA	NA	NA	NA	NA	NA	NA	3.00	1.00	0.00	NA	NA	349736	349736	349736
0	CURRENT_OPEN	US30	PERIOD_M1	1704208620	1704208620	0	NA	NA	NA	NA	NA	NA	NA	NA	NA	NA	NA	NA	3.00	1.00	0.00	NA	NA	349736	349736	349736
0	COMPLETED_BAR	US30	PERIOD_M1	1704208680	1704208620	1	NA	NA	NA	NA	NA	NA	NA	NA	NA	NA	NA	NA	3.00	1.00	0.00	NA	NA	349737	349737	349737
0	CURRENT_OPEN	US30	PERIOD_M1	1704208680	1704208680	0	NA	NA	NA	NA	NA	NA	NA	NA	NA	NA	NA	NA	3.00	1.00	0.00	NA	NA	349737	349737	349737
0	COMPLETED_BAR	US30	PERIOD_M1	1704208740	1704208680	1	NA	NA	NA	NA	NA	NA	NA	NA	NA	NA	NA	NA	3.00	1.00	0.00	NA	NA	349738	349738	349738
0	CURRENT_OPEN	US30	PERIOD_M1	1704208740	1704208740	0	NA	NA	NA	NA	NA	NA	NA	NA	NA	NA	NA	NA	3.00	1.00	0.00	NA	NA	349738	349738	349738
0	COMPLETED_BAR	US30	PERIOD_M1	1704208800	1704208740	1	NA	NA	NA	NA	NA	NA	NA	NA	NA	NA	NA	NA	3.00	1.00	0.00	NA	NA	349739	349739	349739
0	CURRENT_OPEN	US30	PERIOD_M1	1704208800	1704208800	0	NA	NA	NA	NA	NA	NA	NA	NA	NA	NA	NA	NA	3.00	1.00	0.00	NA	NA	349739	349739	349739
0	COMPLETED_BAR	US30	PERIOD_M1	1704208860	1704208800	1	NA	NA	NA	NA	NA	NA	NA	NA	NA	NA	NA	NA	3.00	1.00	0.00	NA	NA	349740	349740	349740
0	CURRENT_OPEN	US30	PERIOD_M1	1704208860	1704208860	0	NA	NA	NA	NA	NA	NA	NA	NA	NA	NA	NA	NA	3.00	1.00	0.00	NA	NA	349740	349740	349740
0	COMPLETED_BAR	US30	PERIOD_M1	1704208920	1704208860	1	NA	NA	NA	NA	NA	NA	NA	NA	NA	NA	NA	NA	3.00	1.00	0.00	NA	NA	349741	349741	349741
0	CURRENT_OPEN	US30	PERIOD_M1	1704208920	1704208920	0	NA	NA	NA	NA	NA	NA	NA	NA	NA	NA	NA	NA	3.00	1.00	0.00	NA	NA	349741	349741	349741
0	COMPLETED_BAR	US30	PERIOD_M1	1704208980	1704208920	1	NA	NA	NA	NA	NA	NA	NA	NA	NA	NA	NA	NA	3.00	1.00	0.00	NA	NA	349742	349742	349742
0	CURRENT_OPEN	US30	PERIOD_M1	1704208980	1704208980	0	NA	NA	NA	NA	NA	NA	NA	NA	NA	NA	NA	NA	3.00	1.00	0.00	NA	NA	349742	349742	349742
0	COMPLETED_BAR	US30	PERIOD_M1	1704209040	1704208980	1	NA	NA	NA	NA	NA	NA	NA	NA	NA	NA	NA	NA	3.00	1.00	0.00	NA	NA	349743	349743	349743
0	CURRENT_OPEN	US30	PERIOD_M1	1704209040	1704209040	0	NA	NA	NA	NA	NA	NA	NA	NA	NA	NA	NA	NA	3.00	1.00	0.00	NA	NA	349743	349743	349743
0	COMPLETED_BAR	US30	PERIOD_M1	1704209100	1704209040	1	NA	NA	NA	NA	NA	NA	NA	NA	NA	NA	NA	NA	3.00	1.00	0.00	NA	NA	349744	349744	349744
0	CURRENT_OPEN	US30	PERIOD_M1	1704209100	1704209100	0	NA	NA	NA	NA	NA	NA	NA	NA	NA	NA	NA	NA	3.00	1.00	0.00	NA	NA	349744	349744	349744
0	COMPLETED_BAR	US30	PERIOD_M1	1704209160	1704209100	1	NA	NA	NA	NA	NA	NA	NA	NA	NA	NA	NA	NA	3.00	1.00	0.00	NA	NA	349745	349745	349745
0	CURRENT_OPEN	US30	PERIOD_M1	1704209160	1704209160	0	NA	NA	NA	NA	NA	NA	NA	NA	NA	NA	NA	NA	3.00	1.00	0.00	NA	NA	349745	349745	349745
0	COMPLETED_BAR	US30	PERIOD_M1	1704209220	1704209160	1	NA	NA	NA	NA	NA	NA	NA	NA	NA	NA	NA	NA	3.00	1.00	0.00	NA	NA	349746	349746	349746
0	CURRENT_OPEN	US30	PERIOD_M1	1704209220	1704209220	0	NA	NA	NA	NA	NA	NA	NA	NA	NA	NA	NA	NA	3.00	1.00	0.00	NA	NA	349746	349746	349746
0	COMPLETED_BAR	US30	PERIOD_M1	1704209280	1704209220	1	NA	NA	NA	NA	NA	NA	NA	NA	NA	NA	NA	NA	3.00	1.00	0.00	NA	NA	349747	349747	349747
0	CURRENT_OPEN	US30	PERIOD_M1	1704209280	1704209280	0	NA	NA	NA	NA	NA	NA	NA	NA	NA	NA	NA	NA	3.00	1.00	0.00	NA	NA	349747	349747	349747
0	COMPLETED_BAR	US30	PERIOD_M1	1704209340	1704209280	1	NA	NA	NA	NA	NA	NA	NA	NA	NA	NA	NA	NA	3.00	1.00	0.00	NA	NA	349748	349748	349748
0	CURRENT_OPEN	US30	PERIOD_M1	1704209340	1704209340	0	NA	NA	NA	NA	NA	NA	NA	NA	NA	NA	NA	NA	3.00	1.00	0.00	NA	NA	349748	349748	349748
0	COMPLETED_BAR	US30	PERIOD_M1	1704209400	1704209340	1	NA	NA	NA	NA	NA	NA	NA	NA	NA	NA	NA	NA	3.00	1.00	0.00	NA	NA	349749	349749	349749
0	CURRENT_OPEN	US30	PERIOD_M1	1704209400	1704209400	0	NA	NA	NA	NA	NA	NA	NA	NA	NA	NA	NA	NA	3.00	1.00	0.00	NA	NA	349749	349749	349749
0	COMPLETED_BAR	US30	PERIOD_M1	1704209460	1704209400	1	NA	NA	NA	NA	NA	NA	NA	NA	NA	NA	NA	NA	3.00	1.00	0.00	NA	NA	349750	349750	349750
0	CURRENT_OPEN	US30	PERIOD_M1	1704209460	1704209460	0	NA	NA	NA	NA	NA	NA	NA	NA	NA	NA	NA	NA	3.00	1.00	0.00	NA	NA	349750	349750	349750
0	COMPLETED_BAR	US30	PERIOD_M1	1704209520	1704209460	1	NA	NA	NA	NA	NA	NA	NA	NA	NA	NA	NA	NA	3.00	1.00	0.00	NA	NA	349751	349751	349751
0	CURRENT_OPEN	US30	PERIOD_M1	1704209520	1704209520	0	NA	NA	NA	NA	NA	NA	NA	NA	NA	NA	NA	NA	3.00	1.00	0.00	NA	NA	349751	349751	349751
0	COMPLETED_BAR	US30	PERIOD_M1	1704209580	1704209520	1	NA	NA	NA	NA	NA	NA	NA	NA	NA	NA	NA	NA	3.00	1.00	0.00	NA	NA	349752	349752	349752
0	CURRENT_OPEN	US30	PERIOD_M1	1704209580	1704209580	0	NA	NA	NA	NA	NA	NA	NA	NA	NA	NA	NA	NA	3.00	1.00	0.00	NA	NA	349752	349752	349752
0	COMPLETED_BAR	US30	PERIOD_M1	1704209640	1704209580	1	NA	NA	NA	NA	NA	NA	NA	NA	NA	NA	NA	NA	3.00	1.00	0.00	NA	NA	349753	349753	349753
0	CURRENT_OPEN	US30	PERIOD_M1	1704209640	1704209640	0	NA	NA	NA	NA	NA	NA	NA	NA	NA	NA	NA	NA	3.00	1.00	0.00	NA	NA	349753	349753	349753
0	COMPLETED_BAR	US30	PERIOD_M1	1704209700	1704209640	1	NA	NA	NA	NA	NA	NA	NA	NA	NA	NA	NA	NA	3.00	1.00	0.00	NA	NA	349754	349754	349754
0	CURRENT_OPEN	US30	PERIOD_M1	1704209700	1704209700	0	NA	NA	NA	NA	NA	NA	NA	NA	NA	NA	NA	NA	3.00	1.00	0.00	NA	NA	349754	349754	349754
0	COMPLETED_BAR	US30	PERIOD_M1	1704209760	1704209700	1	NA	NA	NA	NA	NA	NA	NA	NA	NA	NA	NA	NA	3.00	1.00	0.00	NA	NA	349755	349755	349755
0	CURRENT_OPEN	US30	PERIOD_M1	1704209760	1704209760	0	NA	NA	NA	NA	NA	NA	NA	NA	NA	NA	NA	NA	3.00	1.00	0.00	NA	NA	349755	349755	349755
0	COMPLETED_BAR	US30	PERIOD_M1	1704209820	1704209760	1	NA	NA	NA	NA	NA	NA	NA	NA	NA	NA	NA	NA	3.00	1.00	0.00	NA	NA	349756	349756	349756
0	CURRENT_OPEN	US30	PERIOD_M1	1704209820	1704209820	0	NA	NA	NA	NA	NA	NA	NA	NA	NA	NA	NA	NA	3.00	1.00	0.00	NA	NA	349756	349756	349756
0	COMPLETED_BAR	US30	PERIOD_M1	1704209880	1704209820	1	NA	NA	NA	NA	NA	NA	NA	NA	NA	NA	NA	NA	3.00	1.00	0.00	NA	NA	349757	349757	349757
0	CURRENT_OPEN	US30	PERIOD_M1	1704209880	1704209880	0	NA	NA	NA	NA	NA	NA	NA	NA	NA	NA	NA	NA	3.00	1.00	0.00	NA	NA	349757	349757	349757
0	COMPLETED_BAR	US30	PERIOD_M1	1704209940	1704209880	1	NA	NA	NA	NA	NA	NA	NA	NA	NA	NA	NA	NA	3.00	1.00	0.00	NA	NA	349758	349758	349758
0	CURRENT_OPEN	US30	PERIOD_M1	1704209940	1704209940	0	NA	NA	NA	NA	NA	NA	NA	NA	NA	NA	NA	NA	3.00	1.00	0.00	NA	NA	349758	349758	349758
0	COMPLETED_BAR	US30	PERIOD_M1	1704210000	1704209940	1	NA	NA	NA	NA	NA	NA	NA	NA	NA	NA	NA	NA	3.00	1.00	0.00	NA	NA	349759	349759	349759
0	CURRENT_OPEN	US30	PERIOD_M1	1704210000	1704210000	0	NA	NA	NA	NA	NA	NA	NA	NA	NA	NA	NA	NA	3.00	1.00	0.00	NA	NA	349759	349759	349759
0	COMPLETED_BAR	US30	PERIOD_M1	1704210060	1704210000	1	NA	NA	NA	NA	NA	NA	NA	NA	NA	NA	NA	NA	3.00	1.00	0.00	NA	NA	349760	349760	349760
0	CURRENT_OPEN	US30	PERIOD_M1	1704210060	1704210060	0	NA	NA	NA	NA	NA	NA	NA	NA	NA	NA	NA	NA	3.00	1.00	0.00	NA	NA	349760	349760	349760
0	COMPLETED_BAR	US30	PERIOD_M1	1704210120	1704210060	1	NA	NA	NA	NA	NA	NA	NA	NA	NA	NA	NA	NA	3.00	1.00	0.00	NA	NA	349761	349761	349761
0	CURRENT_OPEN	US30	PERIOD_M1	1704210120	1704210120	0	NA	NA	NA	NA	NA	NA	NA	NA	NA	NA	NA	NA	3.00	1.00	0.00	NA	NA	349761	349761	349761
0	COMPLETED_BAR	US30	PERIOD_M1	1704210180	1704210120	1	NA	NA	NA	NA	NA	NA	NA	NA	NA	NA	NA	NA	3.00	1.00	0.00	NA	NA	349762	349762	349762
0	CURRENT_OPEN	US30	PERIOD_M1	1704210180	1704210180	0	NA	NA	NA	NA	NA	NA	NA	NA	NA	NA	NA	NA	3.00	1.00	0.00	NA	NA	349762	349762	349762
0	COMPLETED_BAR	US30	PERIOD_M1	1704210240	1704210180	1	NA	NA	NA	NA	NA	NA	NA	NA	NA	NA	NA	NA	3.00	1.00	0.00	NA	NA	349763	349763	349763
0	CURRENT_OPEN	US30	PERIOD_M1	1704210240	1704210240	0	NA	NA	NA	NA	NA	NA	NA	NA	NA	NA	NA	NA	3.00	1.00	0.00	NA	NA	349763	349763	349763
0	COMPLETED_BAR	US30	PERIOD_M1	1704210300	1704210240	1	NA	NA	NA	NA	NA	NA	NA	NA	NA	NA	NA	NA	3.00	1.00	0.00	NA	NA	349764	349764	349764
0	CURRENT_OPEN	US30	PERIOD_M1	1704210300	1704210300	0	NA	NA	NA	NA	NA	NA	NA	NA	NA	NA	NA	NA	3.00	1.00	0.00	NA	NA	349764	349764	349764
0	COMPLETED_BAR	US30	PERIOD_M1	1704210360	1704210300	1	NA	NA	NA	NA	NA	NA	NA	NA	NA	NA	NA	NA	3.00	1.00	0.00	NA	NA	349765	349765	349765
0	CURRENT_OPEN	US30	PERIOD_M1	1704210360	1704210360	0	NA	NA	NA	NA	NA	NA	NA	NA	NA	NA	NA	NA	3.00	1.00	0.00	NA	NA	349765	349765	349765
0	COMPLETED_BAR	US30	PERIOD_M1	1704210420	1704210360	1	NA	NA	NA	NA	NA	NA	NA	NA	NA	NA	NA	NA	3.00	1.00	0.00	NA	NA	349766	349766	349766
0	CURRENT_OPEN	US30	PERIOD_M1	1704210420	1704210420	0	NA	NA	NA	NA	NA	NA	NA	NA	NA	NA	NA	NA	3.00	1.00	0.00	NA	NA	349766	349766	349766
0	COMPLETED_BAR	US30	PERIOD_M1	1704210480	1704210420	1	NA	NA	NA	NA	NA	NA	NA	NA	NA	NA	NA	NA	3.00	1.00	0.00	NA	NA	349767	349767	349767
0	CURRENT_OPEN	US30	PERIOD_M1	1704210480	1704210480	0	NA	NA	NA	NA	NA	NA	NA	NA	NA	NA	NA	NA	3.00	1.00	0.00	NA	NA	349767	349767	349767
0	COMPLETED_BAR	US30	PERIOD_M1	1704210540	1704210480	1	NA	NA	NA	NA	NA	NA	NA	NA	NA	NA	NA	NA	3.00	1.00	0.00	NA	NA	349768	349768	349768
0	CURRENT_OPEN	US30	PERIOD_M1	1704210540	1704210540	0	NA	NA	NA	NA	NA	NA	NA	NA	NA	NA	NA	NA	3.00	1.00	0.00	NA	NA	349768	349768	349768
0	COMPLETED_BAR	US30	PERIOD_M1	1704210600	1704210540	1	NA	NA	NA	NA	NA	NA	NA	NA	NA	NA	NA	NA	3.00	1.00	0.00	NA	NA	349769	349769	349769
0	CURRENT_OPEN	US30	PERIOD_M1	1704210600	1704210600	0	NA	NA	NA	NA	NA	NA	NA	NA	NA	NA	NA	NA	3.00	1.00	0.00	NA	NA	349769	349769	349769
0	COMPLETED_BAR	US30	PERIOD_M1	1704210660	1704210600	1	NA	NA	NA	NA	NA	NA	NA	NA	NA	NA	NA	NA	3.00	1.00	0.00	NA	NA	349770	349770	349770
0	CURRENT_OPEN	US30	PERIOD_M1	1704210660	1704210660	0	NA	NA	NA	NA	NA	NA	NA	NA	NA	NA	NA	NA	3.00	1.00	0.00	NA	NA	349770	349770	349770
0	COMPLETED_BAR	US30	PERIOD_M1	1704210720	1704210660	1	NA	NA	NA	NA	NA	NA	NA	NA	NA	NA	NA	NA	3.00	1.00	0.00	NA	NA	349771	349771	349771
0	CURRENT_OPEN	US30	PERIOD_M1	1704210720	1704210720	0	NA	NA	NA	NA	NA	NA	NA	NA	NA	NA	NA	NA	3.00	1.00	0.00	NA	NA	349771	349771	349771
0	COMPLETED_BAR	US30	PERIOD_M1	1704210780	1704210720	1	NA	NA	NA	NA	NA	NA	NA	NA	NA	NA	NA	NA	3.00	1.00	0.00	NA	NA	349772	349772	349772
0	CURRENT_OPEN	US30	PERIOD_M1	1704210780	1704210780	0	NA	NA	NA	NA	NA	NA	NA	NA	NA	NA	NA	NA	3.00	1.00	0.00	NA	NA	349772	349772	349772
0	COMPLETED_BAR	US30	PERIOD_M1	1704210840	1704210780	1	NA	NA	NA	NA	NA	NA	NA	NA	NA	NA	NA	NA	3.00	1.00	0.00	NA	NA	349773	349773	349773
0	CURRENT_OPEN	US30	PERIOD_M1	1704210840	1704210840	0	NA	NA	NA	NA	NA	NA	NA	NA	NA	NA	NA	NA	3.00	1.00	0.00	NA	NA	349773	349773	349773
0	COMPLETED_BAR	US30	PERIOD_M1	1704210900	1704210840	1	NA	NA	NA	NA	NA	NA	NA	NA	NA	NA	NA	NA	3.00	1.00	0.00	NA	NA	349774	349774	349774
0	CURRENT_OPEN	US30	PERIOD_M1	1704210900	1704210900	0	NA	NA	NA	NA	NA	NA	NA	NA	NA	NA	NA	NA	3.00	1.00	0.00	NA	NA	349774	349774	349774
0	COMPLETED_BAR	US30	PERIOD_M1	1704210960	1704210900	1	NA	NA	NA	NA	NA	NA	NA	NA	NA	NA	NA	NA	3.00	1.00	0.00	NA	NA	349775	349775	349775
0	CURRENT_OPEN	US30	PERIOD_M1	1704210960	1704210960	0	NA	NA	NA	NA	NA	NA	NA	NA	NA	NA	NA	NA	3.00	1.00	0.00	NA	NA	349775	349775	349775
0	COMPLETED_BAR	US30	PERIOD_M1	1704211020	1704210960	1	NA	NA	NA	NA	NA	NA	NA	NA	NA	NA	NA	NA	3.00	1.00	0.00	NA	NA	349776	349776	349776
0	CURRENT_OPEN	US30	PERIOD_M1	1704211020	1704211020	0	NA	NA	NA	NA	NA	NA	NA	NA	NA	NA	NA	NA	3.00	1.00	0.00	NA	NA	349776	349776	349776
0	COMPLETED_BAR	US30	PERIOD_M1	1704211080	1704211020	1	NA	NA	NA	NA	NA	NA	NA	NA	NA	NA	NA	NA	3.00	1.00	0.00	NA	NA	349777	349777	349777
0	CURRENT_OPEN	US30	PERIOD_M1	1704211080	1704211080	0	NA	NA	NA	NA	NA	NA	NA	NA	NA	NA	NA	NA	3.00	1.00	0.00	NA	NA	349777	349777	349777
0	COMPLETED_BAR	US30	PERIOD_M1	1704211140	1704211080	1	NA	NA	NA	NA	NA	NA	NA	NA	NA	NA	NA	NA	3.00	1.00	0.00	NA	NA	349778	349778	349778
0	CURRENT_OPEN	US30	PERIOD_M1	1704211140	1704211140	0	NA	NA	NA	NA	NA	NA	NA	NA	NA	NA	NA	NA	3.00	1.00	0.00	NA	NA	349778	349778	349778
0	COMPLETED_BAR	US30	PERIOD_M1	1704211200	1704211140	1	NA	NA	NA	NA	NA	NA	NA	NA	NA	NA	NA	NA	3.00	1.00	0.00	NA	NA	349779	349779	349779
0	CURRENT_OPEN	US30	PERIOD_M1	1704211200	1704211200	0	NA	NA	NA	NA	NA	NA	NA	NA	NA	NA	NA	NA	3.00	1.00	0.00	NA	NA	349779	349779	349779
0	COMPLETED_BAR	US30	PERIOD_M1	1704211260	1704211200	1	NA	NA	NA	NA	NA	NA	NA	NA	NA	NA	NA	NA	3.00	1.00	0.00	NA	NA	349780	349780	349780
0	CURRENT_OPEN	US30	PERIOD_M1	1704211260	1704211260	0	NA	NA	NA	NA	NA	NA	NA	NA	NA	NA	NA	NA	3.00	1.00	0.00	NA	NA	349780	349780	349780
0	COMPLETED_BAR	US30	PERIOD_M1	1704211320	1704211260	1	NA	NA	NA	NA	NA	NA	NA	NA	NA	NA	NA	NA	3.00	1.00	0.00	NA	NA	349781	349781	349781
0	CURRENT_OPEN	US30	PERIOD_M1	1704211320	1704211320	0	NA	NA	NA	NA	NA	NA	NA	NA	NA	NA	NA	NA	3.00	1.00	0.00	NA	NA	349781	349781	349781
0	COMPLETED_BAR	US30	PERIOD_M1	1704211380	1704211320	1	NA	NA	NA	NA	NA	NA	NA	NA	NA	NA	NA	NA	3.00	1.00	0.00	NA	NA	349782	349782	349782
0	CURRENT_OPEN	US30	PERIOD_M1	1704211380	1704211380	0	NA	NA	NA	NA	NA	NA	NA	NA	NA	NA	NA	NA	3.00	1.00	0.00	NA	NA	349782	349782	349782
0	COMPLETED_BAR	US30	PERIOD_M1	1704211440	1704211380	1	NA	NA	NA	NA	NA	NA	NA	NA	NA	NA	NA	NA	3.00	1.00	0.00	NA	NA	349783	349783	349783
0	CURRENT_OPEN	US30	PERIOD_M1	1704211440	1704211440	0	NA	NA	NA	NA	NA	NA	NA	NA	NA	NA	NA	NA	3.00	1.00	0.00	NA	NA	349783	349783	349783
0	COMPLETED_BAR	US30	PERIOD_M1	1704211500	1704211440	1	NA	NA	NA	NA	NA	NA	NA	NA	NA	NA	NA	NA	3.00	1.00	0.00	NA	NA	349784	349784	349784
0	CURRENT_OPEN	US30	PERIOD_M1	1704211500	1704211500	0	NA	NA	NA	NA	NA	NA	NA	NA	NA	NA	NA	NA	3.00	1.00	0.00	NA	NA	349784	349784	349784
0	COMPLETED_BAR	US30	PERIOD_M1	1704211560	1704211500	1	NA	NA	NA	NA	NA	NA	NA	NA	NA	NA	NA	NA	3.00	1.00	0.00	NA	NA	349785	349785	349785
0	CURRENT_OPEN	US30	PERIOD_M1	1704211560	1704211560	0	NA	NA	NA	NA	NA	NA	NA	NA	NA	NA	NA	NA	3.00	1.00	0.00	NA	NA	349785	349785	349785
0	COMPLETED_BAR	US30	PERIOD_M1	1704211620	1704211560	1	NA	NA	NA	NA	NA	NA	NA	NA	NA	NA	NA	NA	3.00	1.00	0.00	NA	NA	349786	349786	349786
0	CURRENT_OPEN	US30	PERIOD_M1	1704211620	1704211620	0	NA	NA	NA	NA	NA	NA	NA	NA	NA	NA	NA	NA	3.00	1.00	0.00	NA	NA	349786	349786	349786
0	COMPLETED_BAR	US30	PERIOD_M1	1704211680	1704211620	1	NA	NA	NA	NA	NA	NA	NA	NA	NA	NA	NA	NA	3.00	1.00	0.00	NA	NA	349787	349787	349787
0	CURRENT_OPEN	US30	PERIOD_M1	1704211680	1704211680	0	NA	NA	NA	NA	NA	NA	NA	NA	NA	NA	NA	NA	3.00	1.00	0.00	NA	NA	349787	349787	349787
0	COMPLETED_BAR	US30	PERIOD_M1	1704211740	1704211680	1	NA	NA	NA	NA	NA	NA	NA	NA	NA	NA	NA	NA	3.00	1.00	0.00	NA	NA	349788	349788	349788
0	CURRENT_OPEN	US30	PERIOD_M1	1704211740	1704211740	0	NA	NA	NA	NA	NA	NA	NA	NA	NA	NA	NA	NA	3.00	1.00	0.00	NA	NA	349788	349788	349788
0	COMPLETED_BAR	US30	PERIOD_M1	1704211800	1704211740	1	NA	NA	NA	NA	NA	NA	NA	NA	NA	NA	NA	NA	3.00	1.00	0.00	NA	NA	349789	349789	349789
0	CURRENT_OPEN	US30	PERIOD_M1	1704211800	1704211800	0	NA	NA	NA	NA	NA	NA	NA	NA	NA	NA	NA	NA	3.00	1.00	0.00	NA	NA	349789	349789	349789
0	COMPLETED_BAR	US30	PERIOD_M1	1704211860	1704211800	1	NA	NA	NA	NA	NA	NA	NA	NA	NA	NA	NA	NA	3.00	1.00	0.00	NA	NA	349790	349790	349790
0	CURRENT_OPEN	US30	PERIOD_M1	1704211860	1704211860	0	NA	NA	NA	NA	NA	NA	NA	NA	NA	NA	NA	NA	3.00	1.00	0.00	NA	NA	349790	349790	349790
0	COMPLETED_BAR	US30	PERIOD_M1	1704211920	1704211860	1	NA	NA	NA	NA	NA	NA	NA	NA	NA	NA	NA	NA	3.00	1.00	0.00	NA	NA	349791	349791	349791
0	CURRENT_OPEN	US30	PERIOD_M1	1704211920	1704211920	0	NA	NA	NA	NA	NA	NA	NA	NA	NA	NA	NA	NA	3.00	1.00	0.00	NA	NA	349791	349791	349791
0	COMPLETED_BAR	US30	PERIOD_M1	1704211980	1704211920	1	NA	NA	NA	NA	NA	NA	NA	NA	NA	NA	NA	NA	3.00	1.00	0.00	NA	NA	349792	349792	349792
0	CURRENT_OPEN	US30	PERIOD_M1	1704211980	1704211980	0	NA	NA	NA	NA	NA	NA	NA	NA	NA	NA	NA	NA	3.00	1.00	0.00	NA	NA	349792	349792	349792
0	COMPLETED_BAR	US30	PERIOD_M1	1704212040	1704211980	1	NA	NA	NA	NA	NA	NA	NA	NA	NA	NA	NA	NA	3.00	1.00	0.00	NA	NA	349793	349793	349793
0	CURRENT_OPEN	US30	PERIOD_M1	1704212040	1704212040	0	NA	NA	NA	NA	NA	NA	NA	NA	NA	NA	NA	NA	3.00	1.00	0.00	NA	NA	349793	349793	349793
0	COMPLETED_BAR	US30	PERIOD_M1	1704212100	1704212040	1	NA	NA	NA	NA	NA	NA	NA	NA	NA	NA	NA	NA	3.00	1.00	0.00	NA	NA	349794	349794	349794
0	CURRENT_OPEN	US30	PERIOD_M1	1704212100	1704212100	0	NA	NA	NA	NA	NA	NA	NA	NA	NA	NA	NA	NA	3.00	1.00	0.00	NA	NA	349794	349794	349794
0	COMPLETED_BAR	US30	PERIOD_M1	1704212160	1704212100	1	NA	NA	NA	NA	NA	NA	NA	NA	NA	NA	NA	NA	3.00	1.00	0.00	NA	NA	349795	349795	349795
0	CURRENT_OPEN	US30	PERIOD_M1	1704212160	1704212160	0	NA	NA	NA	NA	NA	NA	NA	NA	NA	NA	NA	NA	3.00	1.00	0.00	NA	NA	349795	349795	349795
0	COMPLETED_BAR	US30	PERIOD_M1	1704212220	1704212160	1	NA	NA	NA	NA	NA	NA	NA	NA	NA	NA	NA	NA	3.00	1.00	0.00	NA	NA	349796	349796	349796
0	CURRENT_OPEN	US30	PERIOD_M1	1704212220	1704212220	0	NA	NA	NA	NA	NA	NA	NA	NA	NA	NA	NA	NA	3.00	1.00	0.00	NA	NA	349796	349796	349796
0	COMPLETED_BAR	US30	PERIOD_M1	1704212280	1704212220	1	NA	NA	NA	NA	NA	NA	NA	NA	NA	NA	NA	NA	3.00	1.00	0.00	NA	NA	349797	349797	349797
0	CURRENT_OPEN	US30	PERIOD_M1	1704212280	1704212280	0	NA	NA	NA	NA	NA	NA	NA	NA	NA	NA	NA	NA	3.00	1.00	0.00	NA	NA	349797	349797	349797
0	COMPLETED_BAR	US30	PERIOD_M1	1704212340	1704212280	1	NA	NA	NA	NA	NA	NA	NA	NA	NA	NA	NA	NA	3.00	1.00	0.00	NA	NA	349798	349798	349798
0	CURRENT_OPEN	US30	PERIOD_M1	1704212340	1704212340	0	NA	NA	NA	NA	NA	NA	NA	NA	NA	NA	NA	NA	3.00	1.00	0.00	NA	NA	349798	349798	349798
0	COMPLETED_BAR	US30	PERIOD_M1	1704212400	1704212340	1	NA	NA	NA	NA	NA	NA	NA	NA	NA	NA	NA	NA	3.00	1.00	0.00	NA	NA	349799	349799	349799
0	CURRENT_OPEN	US30	PERIOD_M1	1704212400	1704212400	0	NA	NA	NA	NA	NA	NA	NA	NA	NA	NA	NA	NA	3.00	1.00	0.00	NA	NA	349799	349799	349799
0	COMPLETED_BAR	US30	PERIOD_M1	1704212460	1704212400	1	NA	NA	NA	NA	NA	NA	NA	NA	NA	NA	NA	NA	3.00	1.00	0.00	NA	NA	349800	349800	349800
0	CURRENT_OPEN	US30	PERIOD_M1	1704212460	1704212460	0	NA	NA	NA	NA	NA	NA	NA	NA	NA	NA	NA	NA	3.00	1.00	0.00	NA	NA	349800	349800	349800
0	COMPLETED_BAR	US30	PERIOD_M1	1704212520	1704212460	1	NA	NA	NA	NA	NA	NA	NA	NA	NA	NA	NA	NA	3.00	1.00	0.00	NA	NA	349801	349801	349801
0	CURRENT_OPEN	US30	PERIOD_M1	1704212520	1704212520	0	NA	NA	NA	NA	NA	NA	NA	NA	NA	NA	NA	NA	3.00	1.00	0.00	NA	NA	349801	349801	349801
0	COMPLETED_BAR	US30	PERIOD_M1	1704212580	1704212520	1	NA	NA	NA	NA	NA	NA	NA	NA	NA	NA	NA	NA	3.00	1.00	0.00	NA	NA	349802	349802	349802
0	CURRENT_OPEN	US30	PERIOD_M1	1704212580	1704212580	0	NA	NA	NA	NA	NA	NA	NA	NA	NA	NA	NA	NA	3.00	1.00	0.00	NA	NA	349802	349802	349802
0	COMPLETED_BAR	US30	PERIOD_M1	1704212640	1704212580	1	NA	NA	NA	NA	NA	NA	NA	NA	NA	NA	NA	NA	3.00	1.00	0.00	NA	NA	349803	349803	349803
0	CURRENT_OPEN	US30	PERIOD_M1	1704212640	1704212640	0	NA	NA	NA	NA	NA	NA	NA	NA	NA	NA	NA	NA	3.00	1.00	0.00	NA	NA	349803	349803	349803
0	COMPLETED_BAR	US30	PERIOD_M1	1704212700	1704212640	1	NA	NA	NA	NA	NA	NA	NA	NA	NA	NA	NA	NA	3.00	1.00	0.00	NA	NA	349804	349804	349804
0	CURRENT_OPEN	US30	PERIOD_M1	1704212700	1704212700	0	NA	NA	NA	NA	NA	NA	NA	NA	NA	NA	NA	NA	3.00	1.00	0.00	NA	NA	349804	349804	349804
0	COMPLETED_BAR	US30	PERIOD_M1	1704212760	1704212700	1	NA	NA	NA	NA	NA	NA	NA	NA	NA	NA	NA	NA	3.00	1.00	0.00	NA	NA	349805	349805	349805
0	CURRENT_OPEN	US30	PERIOD_M1	1704212760	1704212760	0	NA	NA	NA	NA	NA	NA	NA	NA	NA	NA	NA	NA	3.00	1.00	0.00	NA	NA	349805	349805	349805
0	COMPLETED_BAR	US30	PERIOD_M1	1704212820	1704212760	1	NA	NA	NA	NA	NA	NA	NA	NA	NA	NA	NA	NA	3.00	1.00	0.00	NA	NA	349806	349806	349806
0	CURRENT_OPEN	US30	PERIOD_M1	1704212820	1704212820	0	NA	NA	NA	NA	NA	NA	NA	NA	NA	NA	NA	NA	3.00	1.00	0.00	NA	NA	349806	349806	349806
0	COMPLETED_BAR	US30	PERIOD_M1	1704212880	1704212820	1	NA	NA	NA	NA	NA	NA	NA	NA	NA	NA	NA	NA	3.00	1.00	0.00	NA	NA	349807	349807	349807
0	CURRENT_OPEN	US30	PERIOD_M1	1704212880	1704212880	0	NA	NA	NA	NA	NA	NA	NA	NA	NA	NA	NA	NA	3.00	1.00	0.00	NA	NA	349807	349807	349807
0	COMPLETED_BAR	US30	PERIOD_M1	1704212940	1704212880	1	NA	NA	NA	NA	NA	NA	NA	NA	NA	NA	NA	NA	3.00	1.00	0.00	NA	NA	349808	349808	349808
0	CURRENT_OPEN	US30	PERIOD_M1	1704212940	1704212940	0	NA	NA	NA	NA	NA	NA	NA	NA	NA	NA	NA	NA	3.00	1.00	0.00	NA	NA	349808	349808	349808
0	COMPLETED_BAR	US30	PERIOD_M1	1704213000	1704212940	1	NA	NA	NA	NA	NA	NA	NA	NA	NA	NA	NA	NA	3.00	1.00	0.00	NA	NA	349809	349809	349809
0	CURRENT_OPEN	US30	PERIOD_M1	1704213000	1704213000	0	NA	NA	NA	NA	NA	NA	NA	NA	NA	NA	NA	NA	3.00	1.00	0.00	NA	NA	349809	349809	349809
0	COMPLETED_BAR	US30	PERIOD_M1	1704213060	1704213000	1	NA	NA	NA	NA	NA	NA	NA	NA	NA	NA	NA	NA	3.00	1.00	0.00	NA	NA	349810	349810	349810
0	CURRENT_OPEN	US30	PERIOD_M1	1704213060	1704213060	0	NA	NA	NA	NA	NA	NA	NA	NA	NA	NA	NA	NA	3.00	1.00	0.00	NA	NA	349810	349810	349810
0	COMPLETED_BAR	US30	PERIOD_M1	1704213120	1704213060	1	NA	NA	NA	NA	NA	NA	NA	NA	NA	NA	NA	NA	3.00	1.00	0.00	NA	NA	349811	349811	349811
0	CURRENT_OPEN	US30	PERIOD_M1	1704213120	1704213120	0	NA	NA	NA	NA	NA	NA	NA	NA	NA	NA	NA	NA	3.00	1.00	0.00	NA	NA	349811	349811	349811
0	COMPLETED_BAR	US30	PERIOD_M1	1704213180	1704213120	1	NA	NA	NA	NA	NA	NA	NA	NA	NA	NA	NA	NA	3.00	1.00	0.00	NA	NA	349812	349812	349812
0	CURRENT_OPEN	US30	PERIOD_M1	1704213180	1704213180	0	NA	NA	NA	NA	NA	NA	NA	NA	NA	NA	NA	NA	3.00	1.00	0.00	NA	NA	349812	349812	349812
0	COMPLETED_BAR	US30	PERIOD_M1	1704213240	1704213180	1	NA	NA	NA	NA	NA	NA	NA	NA	NA	NA	NA	NA	3.00	1.00	0.00	NA	NA	349813	349813	349813
0	CURRENT_OPEN	US30	PERIOD_M1	1704213240	1704213240	0	NA	NA	NA	NA	NA	NA	NA	NA	NA	NA	NA	NA	3.00	1.00	0.00	NA	NA	349813	349813	349813
0	COMPLETED_BAR	US30	PERIOD_M1	1704213300	1704213240	1	NA	NA	NA	NA	NA	NA	NA	NA	NA	NA	NA	NA	3.00	1.00	0.00	NA	NA	349814	349814	349814
0	CURRENT_OPEN	US30	PERIOD_M1	1704213300	1704213300	0	NA	NA	NA	NA	NA	NA	NA	NA	NA	NA	NA	NA	3.00	1.00	0.00	NA	NA	349814	349814	349814
0	COMPLETED_BAR	US30	PERIOD_M1	1704213360	1704213300	1	NA	NA	NA	NA	NA	NA	NA	NA	NA	NA	NA	NA	3.00	1.00	0.00	NA	NA	349815	349815	349815
0	CURRENT_OPEN	US30	PERIOD_M1	1704213360	1704213360	0	NA	NA	NA	NA	NA	NA	NA	NA	NA	NA	NA	NA	3.00	1.00	0.00	NA	NA	349815	349815	349815
0	COMPLETED_BAR	US30	PERIOD_M1	1704213420	1704213360	1	NA	NA	NA	NA	NA	NA	NA	NA	NA	NA	NA	NA	3.00	1.00	0.00	NA	NA	349816	349816	349816
0	CURRENT_OPEN	US30	PERIOD_M1	1704213420	1704213420	0	NA	NA	NA	NA	NA	NA	NA	NA	NA	NA	NA	NA	3.00	1.00	0.00	NA	NA	349816	349816	349816
0	COMPLETED_BAR	US30	PERIOD_M1	1704213480	1704213420	1	NA	NA	NA	NA	NA	NA	NA	NA	NA	NA	NA	NA	3.00	1.00	0.00	NA	NA	349817	349817	349817
0	CURRENT_OPEN	US30	PERIOD_M1	1704213480	1704213480	0	NA	NA	NA	NA	NA	NA	NA	NA	NA	NA	NA	NA	3.00	1.00	0.00	NA	NA	349817	349817	349817
0	COMPLETED_BAR	US30	PERIOD_M1	1704213540	1704213480	1	NA	NA	NA	NA	NA	NA	NA	NA	NA	NA	NA	NA	3.00	1.00	0.00	NA	NA	349818	349818	349818
0	CURRENT_OPEN	US30	PERIOD_M1	1704213540	1704213540	0	NA	NA	NA	NA	NA	NA	NA	NA	NA	NA	NA	NA	3.00	1.00	0.00	NA	NA	349818	349818	349818
0	COMPLETED_BAR	US30	PERIOD_M1	1704213600	1704213540	1	NA	NA	NA	NA	NA	NA	NA	NA	NA	NA	NA	NA	3.00	1.00	0.00	NA	NA	349819	349819	349819
0	CURRENT_OPEN	US30	PERIOD_M1	1704213600	1704213600	0	NA	NA	NA	NA	NA	NA	NA	NA	NA	NA	NA	NA	3.00	1.00	0.00	NA	NA	349819	349819	349819
0	COMPLETED_BAR	US30	PERIOD_M1	1704213660	1704213600	1	NA	NA	NA	NA	NA	NA	NA	NA	NA	NA	NA	NA	3.00	1.00	0.00	NA	NA	349820	349820	349820
0	CURRENT_OPEN	US30	PERIOD_M1	1704213660	1704213660	0	NA	NA	NA	NA	NA	NA	NA	NA	NA	NA	NA	NA	3.00	1.00	0.00	NA	NA	349820	349820	349820
0	COMPLETED_BAR	US30	PERIOD_M1	1704213720	1704213660	1	NA	NA	NA	NA	NA	NA	NA	NA	NA	NA	NA	NA	3.00	1.00	0.00	NA	NA	349821	349821	349821
0	CURRENT_OPEN	US30	PERIOD_M1	1704213720	1704213720	0	NA	NA	NA	NA	NA	NA	NA	NA	NA	NA	NA	NA	3.00	1.00	0.00	NA	NA	349821	349821	349821
0	COMPLETED_BAR	US30	PERIOD_M1	1704213780	1704213720	1	NA	NA	NA	NA	NA	NA	NA	NA	NA	NA	NA	NA	3.00	1.00	0.00	NA	NA	349822	349822	349822
0	CURRENT_OPEN	US30	PERIOD_M1	1704213780	1704213780	0	NA	NA	NA	NA	NA	NA	NA	NA	NA	NA	NA	NA	3.00	1.00	0.00	NA	NA	349822	349822	349822
0	COMPLETED_BAR	US30	PERIOD_M1	1704213840	1704213780	1	NA	NA	NA	NA	NA	NA	NA	NA	NA	NA	NA	NA	3.00	1.00	0.00	NA	NA	349823	349823	349823
0	CURRENT_OPEN	US30	PERIOD_M1	1704213840	1704213840	0	NA	NA	NA	NA	NA	NA	NA	NA	NA	NA	NA	NA	3.00	1.00	0.00	NA	NA	349823	349823	349823
0	COMPLETED_BAR	US30	PERIOD_M1	1704213900	1704213840	1	NA	NA	NA	NA	NA	NA	NA	NA	NA	NA	NA	NA	3.00	1.00	0.00	NA	NA	349824	349824	349824
0	CURRENT_OPEN	US30	PERIOD_M1	1704213900	1704213900	0	NA	NA	NA	NA	NA	NA	NA	NA	NA	NA	NA	NA	3.00	1.00	0.00	NA	NA	349824	349824	349824
0	COMPLETED_BAR	US30	PERIOD_M1	1704213960	1704213900	1	NA	NA	NA	NA	NA	NA	NA	NA	NA	NA	NA	NA	3.00	1.00	0.00	NA	NA	349825	349825	349825
0	CURRENT_OPEN	US30	PERIOD_M1	1704213960	1704213960	0	NA	NA	NA	NA	NA	NA	NA	NA	NA	NA	NA	NA	3.00	1.00	0.00	NA	NA	349825	349825	349825
0	COMPLETED_BAR	US30	PERIOD_M1	1704214020	1704213960	1	NA	NA	NA	NA	NA	NA	NA	NA	NA	NA	NA	NA	3.00	1.00	0.00	NA	NA	349826	349826	349826
0	CURRENT_OPEN	US30	PERIOD_M1	1704214020	1704214020	0	NA	NA	NA	NA	NA	NA	NA	NA	NA	NA	NA	NA	3.00	1.00	0.00	NA	NA	349826	349826	349826
0	COMPLETED_BAR	US30	PERIOD_M1	1704214080	1704214020	1	NA	NA	NA	NA	NA	NA	NA	NA	NA	NA	NA	NA	3.00	1.00	0.00	NA	NA	349827	349827	349827
0	CURRENT_OPEN	US30	PERIOD_M1	1704214080	1704214080	0	NA	NA	NA	NA	NA	NA	NA	NA	NA	NA	NA	NA	3.00	1.00	0.00	NA	NA	349827	349827	349827
0	COMPLETED_BAR	US30	PERIOD_M1	1704214140	1704214080	1	NA	NA	NA	NA	NA	NA	NA	NA	NA	NA	NA	NA	3.00	1.00	0.00	NA	NA	349828	349828	349828
0	CURRENT_OPEN	US30	PERIOD_M1	1704214140	1704214140	0	NA	NA	NA	NA	NA	NA	NA	NA	NA	NA	NA	NA	3.00	1.00	0.00	NA	NA	349828	349828	349828
0	COMPLETED_BAR	US30	PERIOD_M1	1704214200	1704214140	1	NA	NA	NA	NA	NA	NA	NA	NA	NA	NA	NA	NA	3.00	1.00	0.00	NA	NA	349829	349829	349829
0	CURRENT_OPEN	US30	PERIOD_M1	1704214200	1704214200	0	NA	NA	NA	NA	NA	NA	NA	NA	NA	NA	NA	NA	3.00	1.00	0.00	NA	NA	349829	349829	349829
0	COMPLETED_BAR	US30	PERIOD_M1	1704214260	1704214200	1	NA	NA	NA	NA	NA	NA	NA	NA	NA	NA	NA	NA	3.00	1.00	0.00	NA	NA	349830	349830	349830
0	CURRENT_OPEN	US30	PERIOD_M1	1704214260	1704214260	0	NA	NA	NA	NA	NA	NA	NA	NA	NA	NA	NA	NA	3.00	1.00	0.00	NA	NA	349830	349830	349830
0	COMPLETED_BAR	US30	PERIOD_M1	1704214320	1704214260	1	NA	NA	NA	NA	NA	NA	NA	NA	NA	NA	NA	NA	3.00	1.00	0.00	NA	NA	349831	349831	349831
0	CURRENT_OPEN	US30	PERIOD_M1	1704214320	1704214320	0	NA	NA	NA	NA	NA	NA	NA	NA	NA	NA	NA	NA	3.00	1.00	0.00	NA	NA	349831	349831	349831
0	COMPLETED_BAR	US30	PERIOD_M1	1704214380	1704214320	1	NA	NA	NA	NA	NA	NA	NA	NA	NA	NA	NA	NA	3.00	1.00	0.00	NA	NA	349832	349832	349832
0	CURRENT_OPEN	US30	PERIOD_M1	1704214380	1704214380	0	NA	NA	NA	NA	NA	NA	NA	NA	NA	NA	NA	NA	3.00	1.00	0.00	NA	NA	349832	349832	349832
0	COMPLETED_BAR	US30	PERIOD_M1	1704214440	1704214380	1	NA	NA	NA	NA	NA	NA	NA	NA	NA	NA	NA	NA	3.00	1.00	0.00	NA	NA	349833	349833	349833
0	CURRENT_OPEN	US30	PERIOD_M1	1704214440	1704214440	0	NA	NA	NA	NA	NA	NA	NA	NA	NA	NA	NA	NA	3.00	1.00	0.00	NA	NA	349833	349833	349833
0	COMPLETED_BAR	US30	PERIOD_M1	1704214500	1704214440	1	NA	NA	NA	NA	NA	NA	NA	NA	NA	NA	NA	NA	3.00	1.00	0.00	NA	NA	349834	349834	349834
0	CURRENT_OPEN	US30	PERIOD_M1	1704214500	1704214500	0	NA	NA	NA	NA	NA	NA	NA	NA	NA	NA	NA	NA	3.00	1.00	0.00	NA	NA	349834	349834	349834
0	COMPLETED_BAR	US30	PERIOD_M1	1704214560	1704214500	1	NA	NA	NA	NA	NA	NA	NA	NA	NA	NA	NA	NA	3.00	1.00	0.00	NA	NA	349835	349835	349835
0	CURRENT_OPEN	US30	PERIOD_M1	1704214560	1704214560	0	NA	NA	NA	NA	NA	NA	NA	NA	NA	NA	NA	NA	3.00	1.00	0.00	NA	NA	349835	349835	349835
0	COMPLETED_BAR	US30	PERIOD_M1	1704214620	1704214560	1	NA	NA	NA	NA	NA	NA	NA	NA	NA	NA	NA	NA	3.00	1.00	0.00	NA	NA	349836	349836	349836
0	CURRENT_OPEN	US30	PERIOD_M1	1704214620	1704214620	0	NA	NA	NA	NA	NA	NA	NA	NA	NA	NA	NA	NA	3.00	1.00	0.00	NA	NA	349836	349836	349836
0	COMPLETED_BAR	US30	PERIOD_M1	1704214680	1704214620	1	NA	NA	NA	NA	NA	NA	NA	NA	NA	NA	NA	NA	3.00	1.00	0.00	NA	NA	349837	349837	349837
0	CURRENT_OPEN	US30	PERIOD_M1	1704214680	1704214680	0	NA	NA	NA	NA	NA	NA	NA	NA	NA	NA	NA	NA	3.00	1.00	0.00	NA	NA	349837	349837	349837
0	COMPLETED_BAR	US30	PERIOD_M1	1704214740	1704214680	1	NA	NA	NA	NA	NA	NA	NA	NA	NA	NA	NA	NA	3.00	1.00	0.00	NA	NA	349838	349838	349838
0	CURRENT_OPEN	US30	PERIOD_M1	1704214740	1704214740	0	NA	NA	NA	NA	NA	NA	NA	NA	NA	NA	NA	NA	3.00	1.00	0.00	NA	NA	349838	349838	349838
0	COMPLETED_BAR	US30	PERIOD_M1	1704214800	1704214740	1	NA	NA	NA	NA	NA	NA	NA	NA	NA	NA	NA	NA	3.00	1.00	0.00	NA	NA	349839	349839	349839
0	CURRENT_OPEN	US30	PERIOD_M1	1704214800	1704214800	0	NA	NA	NA	NA	NA	NA	NA	NA	NA	NA	NA	NA	3.00	1.00	0.00	NA	NA	349839	349839	349839
0	COMPLETED_BAR	US30	PERIOD_M1	1704214860	1704214800	1	NA	NA	NA	NA	NA	NA	NA	NA	NA	NA	NA	NA	3.00	1.00	0.00	NA	NA	349840	349840	349840
0	CURRENT_OPEN	US30	PERIOD_M1	1704214860	1704214860	0	NA	NA	NA	NA	NA	NA	NA	NA	NA	NA	NA	NA	3.00	1.00	0.00	NA	NA	349840	349840	349840
0	COMPLETED_BAR	US30	PERIOD_M1	1704214920	1704214860	1	NA	NA	NA	NA	NA	NA	NA	NA	NA	NA	NA	NA	3.00	1.00	0.00	NA	NA	349841	349841	349841
0	CURRENT_OPEN	US30	PERIOD_M1	1704214920	1704214920	0	NA	NA	NA	NA	NA	NA	NA	NA	NA	NA	NA	NA	3.00	1.00	0.00	NA	NA	349841	349841	349841
0	COMPLETED_BAR	US30	PERIOD_M1	1704214980	1704214920	1	NA	NA	NA	NA	NA	NA	NA	NA	NA	NA	NA	NA	3.00	1.00	0.00	NA	NA	349842	349842	349842
0	CURRENT_OPEN	US30	PERIOD_M1	1704214980	1704214980	0	NA	NA	NA	NA	NA	NA	NA	NA	NA	NA	NA	NA	3.00	1.00	0.00	NA	NA	349842	349842	349842
0	COMPLETED_BAR	US30	PERIOD_M1	1704215040	1704214980	1	NA	NA	NA	NA	NA	NA	NA	NA	NA	NA	NA	NA	3.00	1.00	0.00	NA	NA	349843	349843	349843
0	CURRENT_OPEN	US30	PERIOD_M1	1704215040	1704215040	0	NA	NA	NA	NA	NA	NA	NA	NA	NA	NA	NA	NA	3.00	1.00	0.00	NA	NA	349843	349843	349843
0	COMPLETED_BAR	US30	PERIOD_M1	1704215100	1704215040	1	NA	NA	NA	NA	NA	NA	NA	NA	NA	NA	NA	NA	3.00	1.00	0.00	NA	NA	349844	349844	349844
0	CURRENT_OPEN	US30	PERIOD_M1	1704215100	1704215100	0	NA	NA	NA	NA	NA	NA	NA	NA	NA	NA	NA	NA	3.00	1.00	0.00	NA	NA	349844	349844	349844
0	COMPLETED_BAR	US30	PERIOD_M1	1704215160	1704215100	1	NA	NA	NA	NA	NA	NA	NA	NA	NA	NA	NA	NA	3.00	1.00	0.00	NA	NA	349845	349845	349845
0	CURRENT_OPEN	US30	PERIOD_M1	1704215160	1704215160	0	NA	NA	NA	NA	NA	NA	NA	NA	NA	NA	NA	NA	3.00	1.00	0.00	NA	NA	349845	349845	349845
0	COMPLETED_BAR	US30	PERIOD_M1	1704215220	1704215160	1	NA	NA	NA	NA	NA	NA	NA	NA	NA	NA	NA	NA	3.00	1.00	0.00	NA	NA	349846	349846	349846
0	CURRENT_OPEN	US30	PERIOD_M1	1704215220	1704215220	0	NA	NA	NA	NA	NA	NA	NA	NA	NA	NA	NA	NA	3.00	1.00	0.00	NA	NA	349846	349846	349846
0	COMPLETED_BAR	US30	PERIOD_M1	1704215280	1704215220	1	NA	NA	NA	NA	NA	NA	NA	NA	NA	NA	NA	NA	3.00	1.00	0.00	NA	NA	349847	349847	349847
0	CURRENT_OPEN	US30	PERIOD_M1	1704215280	1704215280	0	NA	NA	NA	NA	NA	NA	NA	NA	NA	NA	NA	NA	3.00	1.00	0.00	NA	NA	349847	349847	349847
0	COMPLETED_BAR	US30	PERIOD_M1	1704215340	1704215280	1	NA	NA	NA	NA	NA	NA	NA	NA	NA	NA	NA	NA	3.00	1.00	0.00	NA	NA	349848	349848	349848
0	CURRENT_OPEN	US30	PERIOD_M1	1704215340	1704215340	0	NA	NA	NA	NA	NA	NA	NA	NA	NA	NA	NA	NA	3.00	1.00	0.00	NA	NA	349848	349848	349848
0	COMPLETED_BAR	US30	PERIOD_M1	1704215400	1704215340	1	NA	NA	NA	NA	NA	NA	NA	NA	NA	NA	NA	NA	3.00	1.00	0.00	NA	NA	349849	349849	349849
0	CURRENT_OPEN	US30	PERIOD_M1	1704215400	1704215400	0	NA	NA	NA	NA	NA	NA	NA	NA	NA	NA	NA	NA	3.00	1.00	0.00	NA	NA	349849	349849	349849
0	COMPLETED_BAR	US30	PERIOD_M1	1704215460	1704215400	1	NA	NA	NA	NA	NA	NA	NA	NA	NA	NA	NA	NA	3.00	1.00	0.00	NA	NA	349850	349850	349850
0	CURRENT_OPEN	US30	PERIOD_M1	1704215460	1704215460	0	NA	NA	NA	NA	NA	NA	NA	NA	NA	NA	NA	NA	3.00	1.00	0.00	NA	NA	349850	349850	349850
0	COMPLETED_BAR	US30	PERIOD_M1	1704215520	1704215460	1	NA	NA	NA	NA	NA	NA	NA	NA	NA	NA	NA	NA	3.00	1.00	0.00	NA	NA	349851	349851	349851
0	CURRENT_OPEN	US30	PERIOD_M1	1704215520	1704215520	0	NA	NA	NA	NA	NA	NA	NA	NA	NA	NA	NA	NA	3.00	1.00	0.00	NA	NA	349851	349851	349851
0	COMPLETED_BAR	US30	PERIOD_M1	1704215580	1704215520	1	NA	NA	NA	NA	NA	NA	NA	NA	NA	NA	NA	NA	3.00	1.00	0.00	NA	NA	349852	349852	349852
0	CURRENT_OPEN	US30	PERIOD_M1	1704215580	1704215580	0	NA	NA	NA	NA	NA	NA	NA	NA	NA	NA	NA	NA	3.00	1.00	0.00	NA	NA	349852	349852	349852
0	COMPLETED_BAR	US30	PERIOD_M1	1704215640	1704215580	1	NA	NA	NA	NA	NA	NA	NA	NA	NA	NA	NA	NA	3.00	1.00	0.00	NA	NA	349853	349853	349853
0	CURRENT_OPEN	US30	PERIOD_M1	1704215640	1704215640	0	NA	NA	NA	NA	NA	NA	NA	NA	NA	NA	NA	NA	3.00	1.00	0.00	NA	NA	349853	349853	349853
0	COMPLETED_BAR	US30	PERIOD_M1	1704215700	1704215640	1	NA	NA	NA	NA	NA	NA	NA	NA	NA	NA	NA	NA	3.00	1.00	0.00	NA	NA	349854	349854	349854
0	CURRENT_OPEN	US30	PERIOD_M1	1704215700	1704215700	0	NA	NA	NA	NA	NA	NA	NA	NA	NA	NA	NA	NA	3.00	1.00	0.00	NA	NA	349854	349854	349854
0	COMPLETED_BAR	US30	PERIOD_M1	1704215760	1704215700	1	NA	NA	NA	NA	NA	NA	NA	NA	NA	NA	NA	NA	3.00	1.00	0.00	NA	NA	349855	349855	349855
0	CURRENT_OPEN	US30	PERIOD_M1	1704215760	1704215760	0	NA	NA	NA	NA	NA	NA	NA	NA	NA	NA	NA	NA	3.00	1.00	0.00	NA	NA	349855	349855	349855
0	COMPLETED_BAR	US30	PERIOD_M1	1704215820	1704215760	1	NA	NA	NA	NA	NA	NA	NA	NA	NA	NA	NA	NA	3.00	1.00	0.00	NA	NA	349856	349856	349856
0	CURRENT_OPEN	US30	PERIOD_M1	1704215820	1704215820	0	NA	NA	NA	NA	NA	NA	NA	NA	NA	NA	NA	NA	3.00	1.00	0.00	NA	NA	349856	349856	349856
0	COMPLETED_BAR	US30	PERIOD_M1	1704215880	1704215820	1	NA	NA	NA	NA	NA	NA	NA	NA	NA	NA	NA	NA	3.00	1.00	0.00	NA	NA	349857	349857	349857
0	CURRENT_OPEN	US30	PERIOD_M1	1704215880	1704215880	0	NA	NA	NA	NA	NA	NA	NA	NA	NA	NA	NA	NA	3.00	1.00	0.00	NA	NA	349857	349857	349857
0	COMPLETED_BAR	US30	PERIOD_M1	1704215940	1704215880	1	NA	NA	NA	NA	NA	NA	NA	NA	NA	NA	NA	NA	3.00	1.00	0.00	NA	NA	349858	349858	349858
0	CURRENT_OPEN	US30	PERIOD_M1	1704215940	1704215940	0	NA	NA	NA	NA	NA	NA	NA	NA	NA	NA	NA	NA	3.00	1.00	0.00	NA	NA	349858	349858	349858
0	COMPLETED_BAR	US30	PERIOD_M1	1704216000	1704215940	1	NA	NA	NA	NA	NA	NA	NA	NA	NA	NA	NA	NA	3.00	1.00	0.00	NA	NA	349859	349859	349859
0	CURRENT_OPEN	US30	PERIOD_M1	1704216000	1704216000	0	NA	NA	NA	NA	NA	NA	NA	NA	NA	NA	NA	NA	3.00	1.00	0.00	NA	NA	349859	349859	349859
0	COMPLETED_BAR	US30	PERIOD_M1	1704216060	1704216000	1	NA	NA	NA	NA	NA	NA	NA	NA	NA	NA	NA	NA	3.00	1.00	0.00	NA	NA	349860	349860	349860
0	CURRENT_OPEN	US30	PERIOD_M1	1704216060	1704216060	0	NA	NA	NA	NA	NA	NA	NA	NA	NA	NA	NA	NA	3.00	1.00	0.00	NA	NA	349860	349860	349860
0	COMPLETED_BAR	US30	PERIOD_M1	1704216120	1704216060	1	NA	NA	NA	NA	NA	NA	NA	NA	NA	NA	NA	NA	3.00	1.00	0.00	NA	NA	349861	349861	349861
0	CURRENT_OPEN	US30	PERIOD_M1	1704216120	1704216120	0	NA	NA	NA	NA	NA	NA	NA	NA	NA	NA	NA	NA	3.00	1.00	0.00	NA	NA	349861	349861	349861
0	COMPLETED_BAR	US30	PERIOD_M1	1704216180	1704216120	1	NA	NA	NA	NA	NA	NA	NA	NA	NA	NA	NA	NA	3.00	1.00	0.00	NA	NA	349862	349862	349862
0	CURRENT_OPEN	US30	PERIOD_M1	1704216180	1704216180	0	NA	NA	NA	NA	NA	NA	NA	NA	NA	NA	NA	NA	3.00	1.00	0.00	NA	NA	349862	349862	349862
0	COMPLETED_BAR	US30	PERIOD_M1	1704216240	1704216180	1	NA	NA	NA	NA	NA	NA	NA	NA	NA	NA	NA	NA	3.00	1.00	0.00	NA	NA	349863	349863	349863
0	CURRENT_OPEN	US30	PERIOD_M1	1704216240	1704216240	0	NA	NA	NA	NA	NA	NA	NA	NA	NA	NA	NA	NA	3.00	1.00	0.00	NA	NA	349863	349863	349863
0	COMPLETED_BAR	US30	PERIOD_M1	1704216300	1704216240	1	NA	NA	NA	NA	NA	NA	NA	NA	NA	NA	NA	NA	3.00	1.00	0.00	NA	NA	349864	349864	349864
0	CURRENT_OPEN	US30	PERIOD_M1	1704216300	1704216300	0	NA	NA	NA	NA	NA	NA	NA	NA	NA	NA	NA	NA	3.00	1.00	0.00	NA	NA	349864	349864	349864
0	COMPLETED_BAR	US30	PERIOD_M1	1704216360	1704216300	1	NA	NA	NA	NA	NA	NA	NA	NA	NA	NA	NA	NA	3.00	1.00	0.00	NA	NA	349865	349865	349865
0	CURRENT_OPEN	US30	PERIOD_M1	1704216360	1704216360	0	NA	NA	NA	NA	NA	NA	NA	NA	NA	NA	NA	NA	3.00	1.00	0.00	NA	NA	349865	349865	349865
0	COMPLETED_BAR	US30	PERIOD_M1	1704216420	1704216360	1	NA	NA	NA	NA	NA	NA	NA	NA	NA	NA	NA	NA	3.00	1.00	0.00	NA	NA	349866	349866	349866
0	CURRENT_OPEN	US30	PERIOD_M1	1704216420	1704216420	0	NA	NA	NA	NA	NA	NA	NA	NA	NA	NA	NA	NA	3.00	1.00	0.00	NA	NA	349866	349866	349866
0	COMPLETED_BAR	US30	PERIOD_M1	1704216480	1704216420	1	NA	NA	NA	NA	NA	NA	NA	NA	NA	NA	NA	NA	3.00	1.00	0.00	NA	NA	349867	349867	349867
0	CURRENT_OPEN	US30	PERIOD_M1	1704216480	1704216480	0	NA	NA	NA	NA	NA	NA	NA	NA	NA	NA	NA	NA	3.00	1.00	0.00	NA	NA	349867	349867	349867
0	COMPLETED_BAR	US30	PERIOD_M1	1704216540	1704216480	1	NA	NA	NA	NA	NA	NA	NA	NA	NA	NA	NA	NA	3.00	1.00	0.00	NA	NA	349868	349868	349868
0	CURRENT_OPEN	US30	PERIOD_M1	1704216540	1704216540	0	NA	NA	NA	NA	NA	NA	NA	NA	NA	NA	NA	NA	3.00	1.00	0.00	NA	NA	349868	349868	349868
0	COMPLETED_BAR	US30	PERIOD_M1	1704216600	1704216540	1	NA	NA	NA	NA	NA	NA	NA	NA	NA	NA	NA	NA	3.00	1.00	0.00	NA	NA	349869	349869	349869
0	CURRENT_OPEN	US30	PERIOD_M1	1704216600	1704216600	0	NA	NA	NA	NA	NA	NA	NA	NA	NA	NA	NA	NA	3.00	1.00	0.00	NA	NA	349869	349869	349869
0	COMPLETED_BAR	US30	PERIOD_M1	1704216660	1704216600	1	NA	NA	NA	NA	NA	NA	NA	NA	NA	NA	NA	NA	3.00	1.00	0.00	NA	NA	349870	349870	349870
0	CURRENT_OPEN	US30	PERIOD_M1	1704216660	1704216660	0	NA	NA	NA	NA	NA	NA	NA	NA	NA	NA	NA	NA	3.00	1.00	0.00	NA	NA	349870	349870	349870
0	COMPLETED_BAR	US30	PERIOD_M1	1704216720	1704216660	1	NA	NA	NA	NA	NA	NA	NA	NA	NA	NA	NA	NA	3.00	1.00	0.00	NA	NA	349871	349871	349871
0	CURRENT_OPEN	US30	PERIOD_M1	1704216720	1704216720	0	NA	NA	NA	NA	NA	NA	NA	NA	NA	NA	NA	NA	3.00	1.00	0.00	NA	NA	349871	349871	349871
0	COMPLETED_BAR	US30	PERIOD_M1	1704216780	1704216720	1	NA	NA	NA	NA	NA	NA	NA	NA	NA	NA	NA	NA	3.00	1.00	0.00	NA	NA	349872	349872	349872
0	CURRENT_OPEN	US30	PERIOD_M1	1704216780	1704216780	0	NA	NA	NA	NA	NA	NA	NA	NA	NA	NA	NA	NA	3.00	1.00	0.00	NA	NA	349872	349872	349872
0	COMPLETED_BAR	US30	PERIOD_M1	1704216840	1704216780	1	NA	NA	NA	NA	NA	NA	NA	NA	NA	NA	NA	NA	3.00	1.00	0.00	NA	NA	349873	349873	349873
0	CURRENT_OPEN	US30	PERIOD_M1	1704216840	1704216840	0	NA	NA	NA	NA	NA	NA	NA	NA	NA	NA	NA	NA	3.00	1.00	0.00	NA	NA	349873	349873	349873
0	COMPLETED_BAR	US30	PERIOD_M1	1704216900	1704216840	1	NA	NA	NA	NA	NA	NA	NA	NA	NA	NA	NA	NA	3.00	1.00	0.00	NA	NA	349874	349874	349874
0	CURRENT_OPEN	US30	PERIOD_M1	1704216900	1704216900	0	NA	NA	NA	NA	NA	NA	NA	NA	NA	NA	NA	NA	3.00	1.00	0.00	NA	NA	349874	349874	349874
0	COMPLETED_BAR	US30	PERIOD_M1	1704216960	1704216900	1	NA	NA	NA	NA	NA	NA	NA	NA	NA	NA	NA	NA	3.00	1.00	0.00	NA	NA	349875	349875	349875
0	CURRENT_OPEN	US30	PERIOD_M1	1704216960	1704216960	0	NA	NA	NA	NA	NA	NA	NA	NA	NA	NA	NA	NA	3.00	1.00	0.00	NA	NA	349875	349875	349875
0	COMPLETED_BAR	US30	PERIOD_M1	1704217020	1704216960	1	NA	NA	NA	NA	NA	NA	NA	NA	NA	NA	NA	NA	3.00	1.00	0.00	NA	NA	349876	349876	349876
0	CURRENT_OPEN	US30	PERIOD_M1	1704217020	1704217020	0	NA	NA	NA	NA	NA	NA	NA	NA	NA	NA	NA	NA	3.00	1.00	0.00	NA	NA	349876	349876	349876
0	COMPLETED_BAR	US30	PERIOD_M1	1704217080	1704217020	1	NA	NA	NA	NA	NA	NA	NA	NA	NA	NA	NA	NA	3.00	1.00	0.00	NA	NA	349877	349877	349877
0	CURRENT_OPEN	US30	PERIOD_M1	1704217080	1704217080	0	NA	NA	NA	NA	NA	NA	NA	NA	NA	NA	NA	NA	3.00	1.00	0.00	NA	NA	349877	349877	349877
0	COMPLETED_BAR	US30	PERIOD_M1	1704217140	1704217080	1	NA	NA	NA	NA	NA	NA	NA	NA	NA	NA	NA	NA	3.00	1.00	0.00	NA	NA	349878	349878	349878
0	CURRENT_OPEN	US30	PERIOD_M1	1704217140	1704217140	0	NA	NA	NA	NA	NA	NA	NA	NA	NA	NA	NA	NA	3.00	1.00	0.00	NA	NA	349878	349878	349878
0	COMPLETED_BAR	US30	PERIOD_M1	1704217200	1704217140	1	NA	NA	NA	NA	NA	NA	NA	NA	NA	NA	NA	NA	3.00	1.00	0.00	NA	NA	349879	349879	349879
0	CURRENT_OPEN	US30	PERIOD_M1	1704217200	1704217200	0	NA	NA	NA	NA	NA	NA	NA	NA	NA	NA	NA	NA	3.00	1.00	0.00	NA	NA	349879	349879	349879
0	COMPLETED_BAR	US30	PERIOD_M1	1704217260	1704217200	1	NA	NA	NA	NA	NA	NA	NA	NA	NA	NA	NA	NA	3.00	1.00	0.00	NA	NA	349880	349880	349880
0	CURRENT_OPEN	US30	PERIOD_M1	1704217260	1704217260	0	NA	NA	NA	NA	NA	NA	NA	NA	NA	NA	NA	NA	3.00	1.00	0.00	NA	NA	349880	349880	349880
0	COMPLETED_BAR	US30	PERIOD_M1	1704217320	1704217260	1	NA	NA	NA	NA	NA	NA	NA	NA	NA	NA	NA	NA	3.00	1.00	0.00	NA	NA	349881	349881	349881
0	CURRENT_OPEN	US30	PERIOD_M1	1704217320	1704217320	0	NA	NA	NA	NA	NA	NA	NA	NA	NA	NA	NA	NA	3.00	1.00	0.00	NA	NA	349881	349881	349881
0	COMPLETED_BAR	US30	PERIOD_M1	1704217380	1704217320	1	NA	NA	NA	NA	NA	NA	NA	NA	NA	NA	NA	NA	3.00	1.00	0.00	NA	NA	349882	349882	349882
0	CURRENT_OPEN	US30	PERIOD_M1	1704217380	1704217380	0	NA	NA	NA	NA	NA	NA	NA	NA	NA	NA	NA	NA	3.00	1.00	0.00	NA	NA	349882	349882	349882
0	COMPLETED_BAR	US30	PERIOD_M1	1704217440	1704217380	1	NA	NA	NA	NA	NA	NA	NA	NA	NA	NA	NA	NA	3.00	1.00	0.00	NA	NA	349883	349883	349883
0	CURRENT_OPEN	US30	PERIOD_M1	1704217440	1704217440	0	NA	NA	NA	NA	NA	NA	NA	NA	NA	NA	NA	NA	3.00	1.00	0.00	NA	NA	349883	349883	349883
0	COMPLETED_BAR	US30	PERIOD_M1	1704217500	1704217440	1	NA	NA	NA	NA	NA	NA	NA	NA	NA	NA	NA	NA	3.00	1.00	0.00	NA	NA	349884	349884	349884
0	CURRENT_OPEN	US30	PERIOD_M1	1704217500	1704217500	0	NA	NA	NA	NA	NA	NA	NA	NA	NA	NA	NA	NA	3.00	1.00	0.00	NA	NA	349884	349884	349884
0	COMPLETED_BAR	US30	PERIOD_M1	1704217560	1704217500	1	NA	NA	NA	NA	NA	NA	NA	NA	NA	NA	NA	NA	3.00	1.00	0.00	NA	NA	349885	349885	349885
0	CURRENT_OPEN	US30	PERIOD_M1	1704217560	1704217560	0	NA	NA	NA	NA	NA	NA	NA	NA	NA	NA	NA	NA	3.00	1.00	0.00	NA	NA	349885	349885	349885
0	COMPLETED_BAR	US30	PERIOD_M1	1704217620	1704217560	1	NA	NA	NA	NA	NA	NA	NA	NA	NA	NA	NA	NA	3.00	1.00	0.00	NA	NA	349886	349886	349886
0	CURRENT_OPEN	US30	PERIOD_M1	1704217620	1704217620	0	NA	NA	NA	NA	NA	NA	NA	NA	NA	NA	NA	NA	3.00	1.00	0.00	NA	NA	349886	349886	349886
0	COMPLETED_BAR	US30	PERIOD_M1	1704217680	1704217620	1	NA	NA	NA	NA	NA	NA	NA	NA	NA	NA	NA	NA	3.00	1.00	0.00	NA	NA	349887	349887	349887
0	CURRENT_OPEN	US30	PERIOD_M1	1704217680	1704217680	0	NA	NA	NA	NA	NA	NA	NA	NA	NA	NA	NA	NA	3.00	1.00	0.00	NA	NA	349887	349887	349887
0	COMPLETED_BAR	US30	PERIOD_M1	1704217740	1704217680	1	NA	NA	NA	NA	NA	NA	NA	NA	NA	NA	NA	NA	3.00	1.00	0.00	NA	NA	349888	349888	349888
0	CURRENT_OPEN	US30	PERIOD_M1	1704217740	1704217740	0	NA	NA	NA	NA	NA	NA	NA	NA	NA	NA	NA	NA	3.00	1.00	0.00	NA	NA	349888	349888	349888
0	COMPLETED_BAR	US30	PERIOD_M1	1704217800	1704217740	1	NA	NA	NA	NA	NA	NA	NA	NA	NA	NA	NA	NA	3.00	1.00	0.00	NA	NA	349889	349889	349889
0	CURRENT_OPEN	US30	PERIOD_M1	1704217800	1704217800	0	NA	NA	NA	NA	NA	NA	NA	NA	NA	NA	NA	NA	3.00	1.00	0.00	NA	NA	349889	349889	349889
0	COMPLETED_BAR	US30	PERIOD_M1	1704217860	1704217800	1	NA	NA	NA	NA	NA	NA	NA	NA	NA	NA	NA	NA	3.00	1.00	0.00	NA	NA	349890	349890	349890
0	CURRENT_OPEN	US30	PERIOD_M1	1704217860	1704217860	0	NA	NA	NA	NA	NA	NA	NA	NA	NA	NA	NA	NA	3.00	1.00	0.00	NA	NA	349890	349890	349890
0	COMPLETED_BAR	US30	PERIOD_M1	1704217920	1704217860	1	NA	NA	NA	NA	NA	NA	NA	NA	NA	NA	NA	NA	3.00	1.00	0.00	NA	NA	349891	349891	349891
0	CURRENT_OPEN	US30	PERIOD_M1	1704217920	1704217920	0	NA	NA	NA	NA	NA	NA	NA	NA	NA	NA	NA	NA	3.00	1.00	0.00	NA	NA	349891	349891	349891
0	COMPLETED_BAR	US30	PERIOD_M1	1704217980	1704217920	1	NA	NA	NA	NA	NA	NA	NA	NA	NA	NA	NA	NA	3.00	1.00	0.00	NA	NA	349892	349892	349892
0	CURRENT_OPEN	US30	PERIOD_M1	1704217980	1704217980	0	NA	NA	NA	NA	NA	NA	NA	NA	NA	NA	NA	NA	3.00	1.00	0.00	NA	NA	349892	349892	349892
0	COMPLETED_BAR	US30	PERIOD_M1	1704218040	1704217980	1	NA	NA	NA	NA	NA	NA	NA	NA	NA	NA	NA	NA	3.00	1.00	0.00	NA	NA	349893	349893	349893
0	CURRENT_OPEN	US30	PERIOD_M1	1704218040	1704218040	0	NA	NA	NA	NA	NA	NA	NA	NA	NA	NA	NA	NA	3.00	1.00	0.00	NA	NA	349893	349893	349893
0	COMPLETED_BAR	US30	PERIOD_M1	1704218100	1704218040	1	NA	NA	NA	NA	NA	NA	NA	NA	NA	NA	NA	NA	3.00	1.00	0.00	NA	NA	349894	349894	349894
0	CURRENT_OPEN	US30	PERIOD_M1	1704218100	1704218100	0	NA	NA	NA	NA	NA	NA	NA	NA	NA	NA	NA	NA	3.00	1.00	0.00	NA	NA	349894	349894	349894
0	COMPLETED_BAR	US30	PERIOD_M1	1704218160	1704218100	1	NA	NA	NA	NA	NA	NA	NA	NA	NA	NA	NA	NA	3.00	1.00	0.00	NA	NA	349895	349895	349895
0	CURRENT_OPEN	US30	PERIOD_M1	1704218160	1704218160	0	NA	NA	NA	NA	NA	NA	NA	NA	NA	NA	NA	NA	3.00	1.00	0.00	NA	NA	349895	349895	349895
0	COMPLETED_BAR	US30	PERIOD_M1	1704218220	1704218160	1	NA	NA	NA	NA	NA	NA	NA	NA	NA	NA	NA	NA	3.00	1.00	0.00	NA	NA	349896	349896	349896
0	CURRENT_OPEN	US30	PERIOD_M1	1704218220	1704218220	0	NA	NA	NA	NA	NA	NA	NA	NA	NA	NA	NA	NA	3.00	1.00	0.00	NA	NA	349896	349896	349896
0	COMPLETED_BAR	US30	PERIOD_M1	1704218280	1704218220	1	NA	NA	NA	NA	NA	NA	NA	NA	NA	NA	NA	NA	3.00	1.00	0.00	NA	NA	349897	349897	349897
0	CURRENT_OPEN	US30	PERIOD_M1	1704218280	1704218280	0	NA	NA	NA	NA	NA	NA	NA	NA	NA	NA	NA	NA	3.00	1.00	0.00	NA	NA	349897	349897	349897
0	COMPLETED_BAR	US30	PERIOD_M1	1704218340	1704218280	1	NA	NA	NA	NA	NA	NA	NA	NA	NA	NA	NA	NA	3.00	1.00	0.00	NA	NA	349898	349898	349898
0	CURRENT_OPEN	US30	PERIOD_M1	1704218340	1704218340	0	NA	NA	NA	NA	NA	NA	NA	NA	NA	NA	NA	NA	3.00	1.00	0.00	NA	NA	349898	349898	349898
0	COMPLETED_BAR	US30	PERIOD_M1	1704218400	1704218340	1	NA	NA	NA	NA	NA	NA	NA	NA	NA	NA	NA	NA	3.00	1.00	0.00	NA	NA	349899	349899	349899
0	CURRENT_OPEN	US30	PERIOD_M1	1704218400	1704218400	0	NA	NA	NA	NA	NA	NA	NA	NA	NA	NA	NA	NA	3.00	1.00	0.00	NA	NA	349899	349899	349899
0	COMPLETED_BAR	US30	PERIOD_M1	1704218460	1704218400	1	NA	NA	NA	NA	NA	NA	NA	NA	NA	NA	NA	NA	3.00	1.00	0.00	NA	NA	349900	349900	349900
0	CURRENT_OPEN	US30	PERIOD_M1	1704218460	1704218460	0	NA	NA	NA	NA	NA	NA	NA	NA	NA	NA	NA	NA	3.00	1.00	0.00	NA	NA	349900	349900	349900
0	COMPLETED_BAR	US30	PERIOD_M1	1704218520	1704218460	1	NA	NA	NA	NA	NA	NA	NA	NA	NA	NA	NA	NA	3.00	1.00	0.00	NA	NA	349901	349901	349901
0	CURRENT_OPEN	US30	PERIOD_M1	1704218520	1704218520	0	NA	NA	NA	NA	NA	NA	NA	NA	NA	NA	NA	NA	3.00	1.00	0.00	NA	NA	349901	349901	349901
0	COMPLETED_BAR	US30	PERIOD_M1	1704218580	1704218520	1	NA	NA	NA	NA	NA	NA	NA	NA	NA	NA	NA	NA	3.00	1.00	0.00	NA	NA	349902	349902	349902
0	CURRENT_OPEN	US30	PERIOD_M1	1704218580	1704218580	0	NA	NA	NA	NA	NA	NA	NA	NA	NA	NA	NA	NA	3.00	1.00	0.00	NA	NA	349902	349902	349902
0	COMPLETED_BAR	US30	PERIOD_M1	1704218640	1704218580	1	NA	NA	NA	NA	NA	NA	NA	NA	NA	NA	NA	NA	3.00	1.00	0.00	NA	NA	349903	349903	349903
0	CURRENT_OPEN	US30	PERIOD_M1	1704218640	1704218640	0	NA	NA	NA	NA	NA	NA	NA	NA	NA	NA	NA	NA	3.00	1.00	0.00	NA	NA	349903	349903	349903
0	COMPLETED_BAR	US30	PERIOD_M1	1704218700	1704218640	1	NA	NA	NA	NA	NA	NA	NA	NA	NA	NA	NA	NA	3.00	1.00	0.00	NA	NA	349904	349904	349904
0	CURRENT_OPEN	US30	PERIOD_M1	1704218700	1704218700	0	NA	NA	NA	NA	NA	NA	NA	NA	NA	NA	NA	NA	3.00	1.00	0.00	NA	NA	349904	349904	349904
0	COMPLETED_BAR	US30	PERIOD_M1	1704218760	1704218700	1	NA	NA	NA	NA	NA	NA	NA	NA	NA	NA	NA	NA	3.00	1.00	0.00	NA	NA	349905	349905	349905
0	CURRENT_OPEN	US30	PERIOD_M1	1704218760	1704218760	0	NA	NA	NA	NA	NA	NA	NA	NA	NA	NA	NA	NA	3.00	1.00	0.00	NA	NA	349905	349905	349905
0	COMPLETED_BAR	US30	PERIOD_M1	1704218820	1704218760	1	NA	NA	NA	NA	NA	NA	NA	NA	NA	NA	NA	NA	3.00	1.00	0.00	NA	NA	349906	349906	349906
0	CURRENT_OPEN	US30	PERIOD_M1	1704218820	1704218820	0	NA	NA	NA	NA	NA	NA	NA	NA	NA	NA	NA	NA	3.00	1.00	0.00	NA	NA	349906	349906	349906
0	COMPLETED_BAR	US30	PERIOD_M1	1704218880	1704218820	1	NA	NA	NA	NA	NA	NA	NA	NA	NA	NA	NA	NA	3.00	1.00	0.00	NA	NA	349907	349907	349907
0	CURRENT_OPEN	US30	PERIOD_M1	1704218880	1704218880	0	NA	NA	NA	NA	NA	NA	NA	NA	NA	NA	NA	NA	3.00	1.00	0.00	NA	NA	349907	349907	349907
0	COMPLETED_BAR	US30	PERIOD_M1	1704218940	1704218880	1	NA	NA	NA	NA	NA	NA	NA	NA	NA	NA	NA	NA	3.00	1.00	0.00	NA	NA	349908	349908	349908
0	CURRENT_OPEN	US30	PERIOD_M1	1704218940	1704218940	0	NA	NA	NA	NA	NA	NA	NA	NA	NA	NA	NA	NA	3.00	1.00	0.00	NA	NA	349908	349908	349908
0	COMPLETED_BAR	US30	PERIOD_M1	1704219000	1704218940	1	NA	NA	NA	NA	NA	NA	NA	NA	NA	NA	NA	NA	3.00	1.00	0.00	NA	NA	349909	349909	349909
0	CURRENT_OPEN	US30	PERIOD_M1	1704219000	1704219000	0	NA	NA	NA	NA	NA	NA	NA	NA	NA	NA	NA	NA	3.00	1.00	0.00	NA	NA	349909	349909	349909
0	COMPLETED_BAR	US30	PERIOD_M1	1704219060	1704219000	1	NA	NA	NA	NA	NA	NA	NA	NA	NA	NA	NA	NA	3.00	1.00	0.00	NA	NA	349910	349910	349910
0	CURRENT_OPEN	US30	PERIOD_M1	1704219060	1704219060	0	NA	NA	NA	NA	NA	NA	NA	NA	NA	NA	NA	NA	3.00	1.00	0.00	NA	NA	349910	349910	349910
0	COMPLETED_BAR	US30	PERIOD_M1	1704219120	1704219060	1	NA	NA	NA	NA	NA	NA	NA	NA	NA	NA	NA	NA	3.00	1.00	0.00	NA	NA	349911	349911	349911
0	CURRENT_OPEN	US30	PERIOD_M1	1704219120	1704219120	0	NA	NA	NA	NA	NA	NA	NA	NA	NA	NA	NA	NA	3.00	1.00	0.00	NA	NA	349911	349911	349911
0	COMPLETED_BAR	US30	PERIOD_M1	1704219180	1704219120	1	NA	NA	NA	NA	NA	NA	NA	NA	NA	NA	NA	NA	3.00	1.00	0.00	NA	NA	349912	349912	349912
0	CURRENT_OPEN	US30	PERIOD_M1	1704219180	1704219180	0	NA	NA	NA	NA	NA	NA	NA	NA	NA	NA	NA	NA	3.00	1.00	0.00	NA	NA	349912	349912	349912
0	COMPLETED_BAR	US30	PERIOD_M1	1704219240	1704219180	1	NA	NA	NA	NA	NA	NA	NA	NA	NA	NA	NA	NA	3.00	1.00	0.00	NA	NA	349913	349913	349913
0	CURRENT_OPEN	US30	PERIOD_M1	1704219240	1704219240	0	NA	NA	NA	NA	NA	NA	NA	NA	NA	NA	NA	NA	3.00	1.00	0.00	NA	NA	349913	349913	349913
0	COMPLETED_BAR	US30	PERIOD_M1	1704219300	1704219240	1	NA	NA	NA	NA	NA	NA	NA	NA	NA	NA	NA	NA	3.00	1.00	0.00	NA	NA	349914	349914	349914
0	CURRENT_OPEN	US30	PERIOD_M1	1704219300	1704219300	0	NA	NA	NA	NA	NA	NA	NA	NA	NA	NA	NA	NA	3.00	1.00	0.00	NA	NA	349914	349914	349914
0	COMPLETED_BAR	US30	PERIOD_M1	1704219360	1704219300	1	NA	NA	NA	NA	NA	NA	NA	NA	NA	NA	NA	NA	3.00	1.00	0.00	NA	NA	349915	349915	349915
0	CURRENT_OPEN	US30	PERIOD_M1	1704219360	1704219360	0	NA	NA	NA	NA	NA	NA	NA	NA	NA	NA	NA	NA	3.00	1.00	0.00	NA	NA	349915	349915	349915
0	COMPLETED_BAR	US30	PERIOD_M1	1704219420	1704219360	1	NA	NA	NA	NA	NA	NA	NA	NA	NA	NA	NA	NA	3.00	1.00	0.00	NA	NA	349916	349916	349916
0	CURRENT_OPEN	US30	PERIOD_M1	1704219420	1704219420	0	NA	NA	NA	NA	NA	NA	NA	NA	NA	NA	NA	NA	3.00	1.00	0.00	NA	NA	349916	349916	349916
0	COMPLETED_BAR	US30	PERIOD_M1	1704219480	1704219420	1	NA	NA	NA	NA	NA	NA	NA	NA	NA	NA	NA	NA	3.00	1.00	0.00	NA	NA	349917	349917	349917
0	CURRENT_OPEN	US30	PERIOD_M1	1704219480	1704219480	0	NA	NA	NA	NA	NA	NA	NA	NA	NA	NA	NA	NA	3.00	1.00	0.00	NA	NA	349917	349917	349917
0	COMPLETED_BAR	US30	PERIOD_M1	1704219540	1704219480	1	NA	NA	NA	NA	NA	NA	NA	NA	NA	NA	NA	NA	3.00	1.00	0.00	NA	NA	349918	349918	349918
0	CURRENT_OPEN	US30	PERIOD_M1	1704219540	1704219540	0	NA	NA	NA	NA	NA	NA	NA	NA	NA	NA	NA	NA	3.00	1.00	0.00	NA	NA	349918	349918	349918
0	COMPLETED_BAR	US30	PERIOD_M1	1704219600	1704219540	1	NA	NA	NA	NA	NA	NA	NA	NA	NA	NA	NA	NA	3.00	1.00	0.00	NA	NA	349919	349919	349919
0	CURRENT_OPEN	US30	PERIOD_M1	1704219600	1704219600	0	NA	NA	NA	NA	NA	NA	NA	NA	NA	NA	NA	NA	3.00	1.00	0.00	NA	NA	349919	349919	349919
0	COMPLETED_BAR	US30	PERIOD_M1	1704219660	1704219600	1	NA	NA	NA	NA	NA	NA	NA	NA	NA	NA	NA	NA	3.00	1.00	0.00	NA	NA	349920	349920	349920
0	CURRENT_OPEN	US30	PERIOD_M1	1704219660	1704219660	0	NA	NA	NA	NA	NA	NA	NA	NA	NA	NA	NA	NA	3.00	1.00	0.00	NA	NA	349920	349920	349920
0	COMPLETED_BAR	US30	PERIOD_M1	1704219720	1704219660	1	NA	NA	NA	NA	NA	NA	NA	NA	NA	NA	NA	NA	3.00	1.00	0.00	NA	NA	349921	349921	349921
0	CURRENT_OPEN	US30	PERIOD_M1	1704219720	1704219720	0	NA	NA	NA	NA	NA	NA	NA	NA	NA	NA	NA	NA	3.00	1.00	0.00	NA	NA	349921	349921	349921
0	COMPLETED_BAR	US30	PERIOD_M1	1704219780	1704219720	1	NA	NA	NA	NA	NA	NA	NA	NA	NA	NA	NA	NA	3.00	1.00	0.00	NA	NA	349922	349922	349922
0	CURRENT_OPEN	US30	PERIOD_M1	1704219780	1704219780	0	NA	NA	NA	NA	NA	NA	NA	NA	NA	NA	NA	NA	3.00	1.00	0.00	NA	NA	349922	349922	349922
0	COMPLETED_BAR	US30	PERIOD_M1	1704219840	1704219780	1	NA	NA	NA	NA	NA	NA	NA	NA	NA	NA	NA	NA	3.00	1.00	0.00	NA	NA	349923	349923	349923
0	CURRENT_OPEN	US30	PERIOD_M1	1704219840	1704219840	0	NA	NA	NA	NA	NA	NA	NA	NA	NA	NA	NA	NA	3.00	1.00	0.00	NA	NA	349923	349923	349923
0	COMPLETED_BAR	US30	PERIOD_M1	1704219900	1704219840	1	NA	NA	NA	NA	NA	NA	NA	NA	NA	NA	NA	NA	3.00	1.00	0.00	NA	NA	349924	349924	349924
0	CURRENT_OPEN	US30	PERIOD_M1	1704219900	1704219900	0	NA	NA	NA	NA	NA	NA	NA	NA	NA	NA	NA	NA	3.00	1.00	0.00	NA	NA	349924	349924	349924
0	COMPLETED_BAR	US30	PERIOD_M1	1704219960	1704219900	1	NA	NA	NA	NA	NA	NA	NA	NA	NA	NA	NA	NA	3.00	1.00	0.00	NA	NA	349925	349925	349925
0	CURRENT_OPEN	US30	PERIOD_M1	1704219960	1704219960	0	NA	NA	NA	NA	NA	NA	NA	NA	NA	NA	NA	NA	3.00	1.00	0.00	NA	NA	349925	349925	349925
0	COMPLETED_BAR	US30	PERIOD_M1	1704220020	1704219960	1	NA	NA	NA	NA	NA	NA	NA	NA	NA	NA	NA	NA	3.00	1.00	0.00	NA	NA	349926	349926	349926
0	CURRENT_OPEN	US30	PERIOD_M1	1704220020	1704220020	0	NA	NA	NA	NA	NA	NA	NA	NA	NA	NA	NA	NA	3.00	1.00	0.00	NA	NA	349926	349926	349926
0	COMPLETED_BAR	US30	PERIOD_M1	1704220080	1704220020	1	NA	NA	NA	NA	NA	NA	NA	NA	NA	NA	NA	NA	3.00	1.00	0.00	NA	NA	349927	349927	349927
0	CURRENT_OPEN	US30	PERIOD_M1	1704220080	1704220080	0	NA	NA	NA	NA	NA	NA	NA	NA	NA	NA	NA	NA	3.00	1.00	0.00	NA	NA	349927	349927	349927
0	COMPLETED_BAR	US30	PERIOD_M1	1704220140	1704220080	1	NA	NA	NA	NA	NA	NA	NA	NA	NA	NA	NA	NA	3.00	1.00	0.00	NA	NA	349928	349928	349928
0	CURRENT_OPEN	US30	PERIOD_M1	1704220140	1704220140	0	NA	NA	NA	NA	NA	NA	NA	NA	NA	NA	NA	NA	3.00	1.00	0.00	NA	NA	349928	349928	349928
0	COMPLETED_BAR	US30	PERIOD_M1	1704220200	1704220140	1	NA	NA	NA	NA	NA	NA	NA	NA	NA	NA	NA	NA	3.00	1.00	0.00	NA	NA	349929	349929	349929
0	CURRENT_OPEN	US30	PERIOD_M1	1704220200	1704220200	0	NA	NA	NA	NA	NA	NA	NA	NA	NA	NA	NA	NA	3.00	1.00	0.00	NA	NA	349929	349929	349929
0	COMPLETED_BAR	US30	PERIOD_M1	1704220260	1704220200	1	NA	NA	NA	NA	NA	NA	NA	NA	NA	NA	NA	NA	3.00	1.00	0.00	NA	NA	349930	349930	349930
0	CURRENT_OPEN	US30	PERIOD_M1	1704220260	1704220260	0	NA	NA	NA	NA	NA	NA	NA	NA	NA	NA	NA	NA	3.00	1.00	0.00	NA	NA	349930	349930	349930
0	COMPLETED_BAR	US30	PERIOD_M1	1704220320	1704220260	1	NA	NA	NA	NA	NA	NA	NA	NA	NA	NA	NA	NA	3.00	1.00	0.00	NA	NA	349931	349931	349931
0	CURRENT_OPEN	US30	PERIOD_M1	1704220320	1704220320	0	NA	NA	NA	NA	NA	NA	NA	NA	NA	NA	NA	NA	3.00	1.00	0.00	NA	NA	349931	349931	349931
0	COMPLETED_BAR	US30	PERIOD_M1	1704220380	1704220320	1	NA	NA	NA	NA	NA	NA	NA	NA	NA	NA	NA	NA	3.00	1.00	0.00	NA	NA	349932	349932	349932
0	CURRENT_OPEN	US30	PERIOD_M1	1704220380	1704220380	0	NA	NA	NA	NA	NA	NA	NA	NA	NA	NA	NA	NA	3.00	1.00	0.00	NA	NA	349932	349932	349932
0	COMPLETED_BAR	US30	PERIOD_M1	1704220440	1704220380	1	NA	NA	NA	NA	NA	NA	NA	NA	NA	NA	NA	NA	3.00	1.00	0.00	NA	NA	349933	349933	349933
0	CURRENT_OPEN	US30	PERIOD_M1	1704220440	1704220440	0	NA	NA	NA	NA	NA	NA	NA	NA	NA	NA	NA	NA	3.00	1.00	0.00	NA	NA	349933	349933	349933
0	COMPLETED_BAR	US30	PERIOD_M1	1704220500	1704220440	1	NA	NA	NA	NA	NA	NA	NA	NA	NA	NA	NA	NA	3.00	1.00	0.00	NA	NA	349934	349934	349934
0	CURRENT_OPEN	US30	PERIOD_M1	1704220500	1704220500	0	NA	NA	NA	NA	NA	NA	NA	NA	NA	NA	NA	NA	3.00	1.00	0.00	NA	NA	349934	349934	349934
0	COMPLETED_BAR	US30	PERIOD_M1	1704220560	1704220500	1	NA	NA	NA	NA	NA	NA	NA	NA	NA	NA	NA	NA	3.00	1.00	0.00	NA	NA	349935	349935	349935
0	CURRENT_OPEN	US30	PERIOD_M1	1704220560	1704220560	0	NA	NA	NA	NA	NA	NA	NA	NA	NA	NA	NA	NA	3.00	1.00	0.00	NA	NA	349935	349935	349935
0	COMPLETED_BAR	US30	PERIOD_M1	1704220620	1704220560	1	NA	NA	NA	NA	NA	NA	NA	NA	NA	NA	NA	NA	3.00	1.00	0.00	NA	NA	349936	349936	349936
0	CURRENT_OPEN	US30	PERIOD_M1	1704220620	1704220620	0	NA	NA	NA	NA	NA	NA	NA	NA	NA	NA	NA	NA	3.00	1.00	0.00	NA	NA	349936	349936	349936
0	COMPLETED_BAR	US30	PERIOD_M1	1704220680	1704220620	1	NA	NA	NA	NA	NA	NA	NA	NA	NA	NA	NA	NA	3.00	1.00	0.00	NA	NA	349937	349937	349937
0	CURRENT_OPEN	US30	PERIOD_M1	1704220680	1704220680	0	NA	NA	NA	NA	NA	NA	NA	NA	NA	NA	NA	NA	3.00	1.00	0.00	NA	NA	349937	349937	349937
0	COMPLETED_BAR	US30	PERIOD_M1	1704220740	1704220680	1	NA	NA	NA	NA	NA	NA	NA	NA	NA	NA	NA	NA	3.00	1.00	0.00	NA	NA	349938	349938	349938
0	CURRENT_OPEN	US30	PERIOD_M1	1704220740	1704220740	0	NA	NA	NA	NA	NA	NA	NA	NA	NA	NA	NA	NA	3.00	1.00	0.00	NA	NA	349938	349938	349938
0	COMPLETED_BAR	US30	PERIOD_M1	1704220800	1704220740	1	NA	NA	NA	NA	NA	NA	NA	NA	NA	NA	NA	NA	3.00	1.00	0.00	NA	NA	349939	349939	349939
0	CURRENT_OPEN	US30	PERIOD_M1	1704220800	1704220800	0	NA	NA	NA	NA	NA	NA	NA	NA	NA	NA	NA	NA	3.00	1.00	0.00	NA	NA	349939	349939	349939
0	COMPLETED_BAR	US30	PERIOD_M1	1704220860	1704220800	1	NA	NA	NA	NA	NA	NA	NA	NA	NA	NA	NA	NA	3.00	1.00	0.00	NA	NA	349940	349940	349940
0	CURRENT_OPEN	US30	PERIOD_M1	1704220860	1704220860	0	NA	NA	NA	NA	NA	NA	NA	NA	NA	NA	NA	NA	3.00	1.00	0.00	NA	NA	349940	349940	349940
0	COMPLETED_BAR	US30	PERIOD_M1	1704220920	1704220860	1	NA	NA	NA	NA	NA	NA	NA	NA	NA	NA	NA	NA	3.00	1.00	0.00	NA	NA	349941	349941	349941
0	CURRENT_OPEN	US30	PERIOD_M1	1704220920	1704220920	0	NA	NA	NA	NA	NA	NA	NA	NA	NA	NA	NA	NA	3.00	1.00	0.00	NA	NA	349941	349941	349941
0	COMPLETED_BAR	US30	PERIOD_M1	1704220980	1704220920	1	NA	NA	NA	NA	NA	NA	NA	NA	NA	NA	NA	NA	3.00	1.00	0.00	NA	NA	349942	349942	349942
0	CURRENT_OPEN	US30	PERIOD_M1	1704220980	1704220980	0	NA	NA	NA	NA	NA	NA	NA	NA	NA	NA	NA	NA	3.00	1.00	0.00	NA	NA	349942	349942	349942
0	COMPLETED_BAR	US30	PERIOD_M1	1704221040	1704220980	1	NA	NA	NA	NA	NA	NA	NA	NA	NA	NA	NA	NA	3.00	1.00	0.00	NA	NA	349943	349943	349943
0	CURRENT_OPEN	US30	PERIOD_M1	1704221040	1704221040	0	NA	NA	NA	NA	NA	NA	NA	NA	NA	NA	NA	NA	3.00	1.00	0.00	NA	NA	349943	349943	349943
0	COMPLETED_BAR	US30	PERIOD_M1	1704221100	1704221040	1	NA	NA	NA	NA	NA	NA	NA	NA	NA	NA	NA	NA	3.00	1.00	0.00	NA	NA	349944	349944	349944
0	CURRENT_OPEN	US30	PERIOD_M1	1704221100	1704221100	0	NA	NA	NA	NA	NA	NA	NA	NA	NA	NA	NA	NA	3.00	1.00	0.00	NA	NA	349944	349944	349944
0	COMPLETED_BAR	US30	PERIOD_M1	1704221160	1704221100	1	NA	NA	NA	NA	NA	NA	NA	NA	NA	NA	NA	NA	3.00	1.00	0.00	NA	NA	349945	349945	349945
0	CURRENT_OPEN	US30	PERIOD_M1	1704221160	1704221160	0	NA	NA	NA	NA	NA	NA	NA	NA	NA	NA	NA	NA	3.00	1.00	0.00	NA	NA	349945	349945	349945
0	COMPLETED_BAR	US30	PERIOD_M1	1704221220	1704221160	1	NA	NA	NA	NA	NA	NA	NA	NA	NA	NA	NA	NA	3.00	1.00	0.00	NA	NA	349946	349946	349946
0	CURRENT_OPEN	US30	PERIOD_M1	1704221220	1704221220	0	NA	NA	NA	NA	NA	NA	NA	NA	NA	NA	NA	NA	3.00	1.00	0.00	NA	NA	349946	349946	349946
0	COMPLETED_BAR	US30	PERIOD_M1	1704221280	1704221220	1	NA	NA	NA	NA	NA	NA	NA	NA	NA	NA	NA	NA	3.00	1.00	0.00	NA	NA	349947	349947	349947
0	CURRENT_OPEN	US30	PERIOD_M1	1704221280	1704221280	0	NA	NA	NA	NA	NA	NA	NA	NA	NA	NA	NA	NA	3.00	1.00	0.00	NA	NA	349947	349947	349947
0	COMPLETED_BAR	US30	PERIOD_M1	1704221340	1704221280	1	NA	NA	NA	NA	NA	NA	NA	NA	NA	NA	NA	NA	3.00	1.00	0.00	NA	NA	349948	349948	349948
0	CURRENT_OPEN	US30	PERIOD_M1	1704221340	1704221340	0	NA	NA	NA	NA	NA	NA	NA	NA	NA	NA	NA	NA	3.00	1.00	0.00	NA	NA	349948	349948	349948
0	COMPLETED_BAR	US30	PERIOD_M1	1704221400	1704221340	1	NA	NA	NA	NA	NA	NA	NA	NA	NA	NA	NA	NA	3.00	1.00	0.00	NA	NA	349949	349949	349949
0	CURRENT_OPEN	US30	PERIOD_M1	1704221400	1704221400	0	NA	NA	NA	NA	NA	NA	NA	NA	NA	NA	NA	NA	3.00	1.00	0.00	NA	NA	349949	349949	349949
0	COMPLETED_BAR	US30	PERIOD_M1	1704221460	1704221400	1	NA	NA	NA	NA	NA	NA	NA	NA	NA	NA	NA	NA	3.00	1.00	0.00	NA	NA	349950	349950	349950
0	CURRENT_OPEN	US30	PERIOD_M1	1704221460	1704221460	0	NA	NA	NA	NA	NA	NA	NA	NA	NA	NA	NA	NA	3.00	1.00	0.00	NA	NA	349950	349950	349950
0	COMPLETED_BAR	US30	PERIOD_M1	1704221520	1704221460	1	NA	NA	NA	NA	NA	NA	NA	NA	NA	NA	NA	NA	3.00	1.00	0.00	NA	NA	349951	349951	349951
0	CURRENT_OPEN	US30	PERIOD_M1	1704221520	1704221520	0	NA	NA	NA	NA	NA	NA	NA	NA	NA	NA	NA	NA	3.00	1.00	0.00	NA	NA	349951	349951	349951
0	COMPLETED_BAR	US30	PERIOD_M1	1704221580	1704221520	1	NA	NA	NA	NA	NA	NA	NA	NA	NA	NA	NA	NA	3.00	1.00	0.00	NA	NA	349952	349952	349952
0	CURRENT_OPEN	US30	PERIOD_M1	1704221580	1704221580	0	NA	NA	NA	NA	NA	NA	NA	NA	NA	NA	NA	NA	3.00	1.00	0.00	NA	NA	349952	349952	349952
0	COMPLETED_BAR	US30	PERIOD_M1	1704221640	1704221580	1	NA	NA	NA	NA	NA	NA	NA	NA	NA	NA	NA	NA	3.00	1.00	0.00	NA	NA	349953	349953	349953
0	CURRENT_OPEN	US30	PERIOD_M1	1704221640	1704221640	0	NA	NA	NA	NA	NA	NA	NA	NA	NA	NA	NA	NA	3.00	1.00	0.00	NA	NA	349953	349953	349953
0	COMPLETED_BAR	US30	PERIOD_M1	1704221700	1704221640	1	NA	NA	NA	NA	NA	NA	NA	NA	NA	NA	NA	NA	3.00	1.00	0.00	NA	NA	349954	349954	349954
0	CURRENT_OPEN	US30	PERIOD_M1	1704221700	1704221700	0	NA	NA	NA	NA	NA	NA	NA	NA	NA	NA	NA	NA	3.00	1.00	0.00	NA	NA	349954	349954	349954
0	COMPLETED_BAR	US30	PERIOD_M1	1704221760	1704221700	1	NA	NA	NA	NA	NA	NA	NA	NA	NA	NA	NA	NA	3.00	1.00	0.00	NA	NA	349955	349955	349955
0	CURRENT_OPEN	US30	PERIOD_M1	1704221760	1704221760	0	NA	NA	NA	NA	NA	NA	NA	NA	NA	NA	NA	NA	3.00	1.00	0.00	NA	NA	349955	349955	349955
0	COMPLETED_BAR	US30	PERIOD_M1	1704221820	1704221760	1	NA	NA	NA	NA	NA	NA	NA	NA	NA	NA	NA	NA	3.00	1.00	0.00	NA	NA	349956	349956	349956
0	CURRENT_OPEN	US30	PERIOD_M1	1704221820	1704221820	0	NA	NA	NA	NA	NA	NA	NA	NA	NA	NA	NA	NA	3.00	1.00	0.00	NA	NA	349956	349956	349956
0	COMPLETED_BAR	US30	PERIOD_M1	1704221880	1704221820	1	NA	NA	NA	NA	NA	NA	NA	NA	NA	NA	NA	NA	3.00	1.00	0.00	NA	NA	349957	349957	349957
0	CURRENT_OPEN	US30	PERIOD_M1	1704221880	1704221880	0	NA	NA	NA	NA	NA	NA	NA	NA	NA	NA	NA	NA	3.00	1.00	0.00	NA	NA	349957	349957	349957
0	COMPLETED_BAR	US30	PERIOD_M1	1704221940	1704221880	1	NA	NA	NA	NA	NA	NA	NA	NA	NA	NA	NA	NA	3.00	1.00	0.00	NA	NA	349958	349958	349958
0	CURRENT_OPEN	US30	PERIOD_M1	1704221940	1704221940	0	NA	NA	NA	NA	NA	NA	NA	NA	NA	NA	NA	NA	3.00	1.00	0.00	NA	NA	349958	349958	349958
0	COMPLETED_BAR	US30	PERIOD_M1	1704222000	1704221940	1	NA	NA	NA	NA	NA	NA	NA	NA	NA	NA	NA	NA	3.00	1.00	0.00	NA	NA	349959	349959	349959
0	CURRENT_OPEN	US30	PERIOD_M1	1704222000	1704222000	0	NA	NA	NA	NA	NA	NA	NA	NA	NA	NA	NA	NA	3.00	1.00	0.00	NA	NA	349959	349959	349959
0	COMPLETED_BAR	US30	PERIOD_M1	1704222060	1704222000	1	NA	NA	NA	NA	NA	NA	NA	NA	NA	NA	NA	NA	3.00	1.00	0.00	NA	NA	349960	349960	349960
0	CURRENT_OPEN	US30	PERIOD_M1	1704222060	1704222060	0	NA	NA	NA	NA	NA	NA	NA	NA	NA	NA	NA	NA	3.00	1.00	0.00	NA	NA	349960	349960	349960
0	COMPLETED_BAR	US30	PERIOD_M1	1704222120	1704222060	1	NA	NA	NA	NA	NA	NA	NA	NA	NA	NA	NA	NA	3.00	1.00	0.00	NA	NA	349961	349961	349961
0	CURRENT_OPEN	US30	PERIOD_M1	1704222120	1704222120	0	NA	NA	NA	NA	NA	NA	NA	NA	NA	NA	NA	NA	3.00	1.00	0.00	NA	NA	349961	349961	349961
0	COMPLETED_BAR	US30	PERIOD_M1	1704222180	1704222120	1	NA	NA	NA	NA	NA	NA	NA	NA	NA	NA	NA	NA	3.00	1.00	0.00	NA	NA	349962	349962	349962
0	CURRENT_OPEN	US30	PERIOD_M1	1704222180	1704222180	0	NA	NA	NA	NA	NA	NA	NA	NA	NA	NA	NA	NA	3.00	1.00	0.00	NA	NA	349962	349962	349962
0	COMPLETED_BAR	US30	PERIOD_M1	1704222240	1704222180	1	NA	NA	NA	NA	NA	NA	NA	NA	NA	NA	NA	NA	3.00	1.00	0.00	NA	NA	349963	349963	349963
0	CURRENT_OPEN	US30	PERIOD_M1	1704222240	1704222240	0	NA	NA	NA	NA	NA	NA	NA	NA	NA	NA	NA	NA	3.00	1.00	0.00	NA	NA	349963	349963	349963
0	COMPLETED_BAR	US30	PERIOD_M1	1704222300	1704222240	1	NA	NA	NA	NA	NA	NA	NA	NA	NA	NA	NA	NA	3.00	1.00	0.00	NA	NA	349964	349964	349964
0	CURRENT_OPEN	US30	PERIOD_M1	1704222300	1704222300	0	NA	NA	NA	NA	NA	NA	NA	NA	NA	NA	NA	NA	3.00	1.00	0.00	NA	NA	349964	349964	349964
0	COMPLETED_BAR	US30	PERIOD_M1	1704222360	1704222300	1	NA	NA	NA	NA	NA	NA	NA	NA	NA	NA	NA	NA	3.00	1.00	0.00	NA	NA	349965	349965	349965
0	CURRENT_OPEN	US30	PERIOD_M1	1704222360	1704222360	0	NA	NA	NA	NA	NA	NA	NA	NA	NA	NA	NA	NA	3.00	1.00	0.00	NA	NA	349965	349965	349965
0	COMPLETED_BAR	US30	PERIOD_M1	1704222420	1704222360	1	NA	NA	NA	NA	NA	NA	NA	NA	NA	NA	NA	NA	3.00	1.00	0.00	NA	NA	349966	349966	349966
0	CURRENT_OPEN	US30	PERIOD_M1	1704222420	1704222420	0	NA	NA	NA	NA	NA	NA	NA	NA	NA	NA	NA	NA	3.00	1.00	0.00	NA	NA	349966	349966	349966
0	COMPLETED_BAR	US30	PERIOD_M1	1704222480	1704222420	1	NA	NA	NA	NA	NA	NA	NA	NA	NA	NA	NA	NA	3.00	1.00	0.00	NA	NA	349967	349967	349967
0	CURRENT_OPEN	US30	PERIOD_M1	1704222480	1704222480	0	NA	NA	NA	NA	NA	NA	NA	NA	NA	NA	NA	NA	3.00	1.00	0.00	NA	NA	349967	349967	349967
0	COMPLETED_BAR	US30	PERIOD_M1	1704222540	1704222480	1	NA	NA	NA	NA	NA	NA	NA	NA	NA	NA	NA	NA	3.00	1.00	0.00	NA	NA	349968	349968	349968
0	CURRENT_OPEN	US30	PERIOD_M1	1704222540	1704222540	0	NA	NA	NA	NA	NA	NA	NA	NA	NA	NA	NA	NA	3.00	1.00	0.00	NA	NA	349968	349968	349968
0	COMPLETED_BAR	US30	PERIOD_M1	1704222600	1704222540	1	NA	NA	NA	NA	NA	NA	NA	NA	NA	NA	NA	NA	3.00	1.00	0.00	NA	NA	349969	349969	349969
0	CURRENT_OPEN	US30	PERIOD_M1	1704222600	1704222600	0	NA	NA	NA	NA	NA	NA	NA	NA	NA	NA	NA	NA	3.00	1.00	0.00	NA	NA	349969	349969	349969
0	COMPLETED_BAR	US30	PERIOD_M1	1704222660	1704222600	1	NA	NA	NA	NA	NA	NA	NA	NA	NA	NA	NA	NA	3.00	1.00	0.00	NA	NA	349970	349970	349970
0	CURRENT_OPEN	US30	PERIOD_M1	1704222660	1704222660	0	NA	NA	NA	NA	NA	NA	NA	NA	NA	NA	NA	NA	3.00	1.00	0.00	NA	NA	349970	349970	349970
0	COMPLETED_BAR	US30	PERIOD_M1	1704222720	1704222660	1	NA	NA	NA	NA	NA	NA	NA	NA	NA	NA	NA	NA	3.00	1.00	0.00	NA	NA	349971	349971	349971
0	CURRENT_OPEN	US30	PERIOD_M1	1704222720	1704222720	0	NA	NA	NA	NA	NA	NA	NA	NA	NA	NA	NA	NA	3.00	1.00	0.00	NA	NA	349971	349971	349971
0	COMPLETED_BAR	US30	PERIOD_M1	1704222780	1704222720	1	NA	NA	NA	NA	NA	NA	NA	NA	NA	NA	NA	NA	3.00	1.00	0.00	NA	NA	349972	349972	349972
0	CURRENT_OPEN	US30	PERIOD_M1	1704222780	1704222780	0	NA	NA	NA	NA	NA	NA	NA	NA	NA	NA	NA	NA	3.00	1.00	0.00	NA	NA	349972	349972	349972
0	COMPLETED_BAR	US30	PERIOD_M1	1704222840	1704222780	1	NA	NA	NA	NA	NA	NA	NA	NA	NA	NA	NA	NA	3.00	1.00	0.00	NA	NA	349973	349973	349973
0	CURRENT_OPEN	US30	PERIOD_M1	1704222840	1704222840	0	NA	NA	NA	NA	NA	NA	NA	NA	NA	NA	NA	NA	3.00	1.00	0.00	NA	NA	349973	349973	349973
0	COMPLETED_BAR	US30	PERIOD_M1	1704222900	1704222840	1	NA	NA	NA	NA	NA	NA	NA	NA	NA	NA	NA	NA	3.00	1.00	0.00	NA	NA	349974	349974	349974
0	CURRENT_OPEN	US30	PERIOD_M1	1704222900	1704222900	0	NA	NA	NA	NA	NA	NA	NA	NA	NA	NA	NA	NA	3.00	1.00	0.00	NA	NA	349974	349974	349974
0	COMPLETED_BAR	US30	PERIOD_M1	1704222960	1704222900	1	NA	NA	NA	NA	NA	NA	NA	NA	NA	NA	NA	NA	3.00	1.00	0.00	NA	NA	349975	349975	349975
0	CURRENT_OPEN	US30	PERIOD_M1	1704222960	1704222960	0	NA	NA	NA	NA	NA	NA	NA	NA	NA	NA	NA	NA	3.00	1.00	0.00	NA	NA	349975	349975	349975
0	COMPLETED_BAR	US30	PERIOD_M1	1704223020	1704222960	1	NA	NA	NA	NA	NA	NA	NA	NA	NA	NA	NA	NA	3.00	1.00	0.00	NA	NA	349976	349976	349976
0	CURRENT_OPEN	US30	PERIOD_M1	1704223020	1704223020	0	NA	NA	NA	NA	NA	NA	NA	NA	NA	NA	NA	NA	3.00	1.00	0.00	NA	NA	349976	349976	349976
0	COMPLETED_BAR	US30	PERIOD_M1	1704223080	1704223020	1	NA	NA	NA	NA	NA	NA	NA	NA	NA	NA	NA	NA	3.00	1.00	0.00	NA	NA	349977	349977	349977
0	CURRENT_OPEN	US30	PERIOD_M1	1704223080	1704223080	0	NA	NA	NA	NA	NA	NA	NA	NA	NA	NA	NA	NA	3.00	1.00	0.00	NA	NA	349977	349977	349977
0	COMPLETED_BAR	US30	PERIOD_M1	1704223140	1704223080	1	NA	NA	NA	NA	NA	NA	NA	NA	NA	NA	NA	NA	3.00	1.00	0.00	NA	NA	349978	349978	349978
0	CURRENT_OPEN	US30	PERIOD_M1	1704223140	1704223140	0	NA	NA	NA	NA	NA	NA	NA	NA	NA	NA	NA	NA	3.00	1.00	0.00	NA	NA	349978	349978	349978
0	COMPLETED_BAR	US30	PERIOD_M1	1704223200	1704223140	1	NA	NA	NA	NA	NA	NA	NA	NA	NA	NA	NA	NA	3.00	1.00	0.00	NA	NA	349979	349979	349979
0	CURRENT_OPEN	US30	PERIOD_M1	1704223200	1704223200	0	NA	NA	NA	NA	NA	NA	NA	NA	NA	NA	NA	NA	3.00	1.00	0.00	NA	NA	349979	349979	349979
0	COMPLETED_BAR	US30	PERIOD_M1	1704223260	1704223200	1	NA	NA	NA	NA	NA	NA	NA	NA	NA	NA	NA	NA	3.00	1.00	0.00	NA	NA	349980	349980	349980
0	CURRENT_OPEN	US30	PERIOD_M1	1704223260	1704223260	0	NA	NA	NA	NA	NA	NA	NA	NA	NA	NA	NA	NA	3.00	1.00	0.00	NA	NA	349980	349980	349980
0	COMPLETED_BAR	US30	PERIOD_M1	1704223320	1704223260	1	NA	NA	NA	NA	NA	NA	NA	NA	NA	NA	NA	NA	3.00	1.00	0.00	NA	NA	349981	349981	349981
0	CURRENT_OPEN	US30	PERIOD_M1	1704223320	1704223320	0	NA	NA	NA	NA	NA	NA	NA	NA	NA	NA	NA	NA	3.00	1.00	0.00	NA	NA	349981	349981	349981
0	COMPLETED_BAR	US30	PERIOD_M1	1704223380	1704223320	1	NA	NA	NA	NA	NA	NA	NA	NA	NA	NA	NA	NA	3.00	1.00	0.00	NA	NA	349982	349982	349982
0	CURRENT_OPEN	US30	PERIOD_M1	1704223380	1704223380	0	NA	NA	NA	NA	NA	NA	NA	NA	NA	NA	NA	NA	3.00	1.00	0.00	NA	NA	349982	349982	349982
0	COMPLETED_BAR	US30	PERIOD_M1	1704223440	1704223380	1	NA	NA	NA	NA	NA	NA	NA	NA	NA	NA	NA	NA	3.00	1.00	0.00	NA	NA	349983	349983	349983
0	CURRENT_OPEN	US30	PERIOD_M1	1704223440	1704223440	0	NA	NA	NA	NA	NA	NA	NA	NA	NA	NA	NA	NA	3.00	1.00	0.00	NA	NA	349983	349983	349983
0	COMPLETED_BAR	US30	PERIOD_M1	1704223500	1704223440	1	NA	NA	NA	NA	NA	NA	NA	NA	NA	NA	NA	NA	3.00	1.00	0.00	NA	NA	349984	349984	349984
0	CURRENT_OPEN	US30	PERIOD_M1	1704223500	1704223500	0	NA	NA	NA	NA	NA	NA	NA	NA	NA	NA	NA	NA	3.00	1.00	0.00	NA	NA	349984	349984	349984
0	COMPLETED_BAR	US30	PERIOD_M1	1704223560	1704223500	1	NA	NA	NA	NA	NA	NA	NA	NA	NA	NA	NA	NA	3.00	1.00	0.00	NA	NA	349985	349985	349985
0	CURRENT_OPEN	US30	PERIOD_M1	1704223560	1704223560	0	NA	NA	NA	NA	NA	NA	NA	NA	NA	NA	NA	NA	3.00	1.00	0.00	NA	NA	349985	349985	349985
0	COMPLETED_BAR	US30	PERIOD_M1	1704223620	1704223560	1	NA	NA	NA	NA	NA	NA	NA	NA	NA	NA	NA	NA	3.00	1.00	0.00	NA	NA	349986	349986	349986
0	CURRENT_OPEN	US30	PERIOD_M1	1704223620	1704223620	0	NA	NA	NA	NA	NA	NA	NA	NA	NA	NA	NA	NA	3.00	1.00	0.00	NA	NA	349986	349986	349986
0	COMPLETED_BAR	US30	PERIOD_M1	1704223680	1704223620	1	NA	NA	NA	NA	NA	NA	NA	NA	NA	NA	NA	NA	3.00	1.00	0.00	NA	NA	349987	349987	349987
0	CURRENT_OPEN	US30	PERIOD_M1	1704223680	1704223680	0	NA	NA	NA	NA	NA	NA	NA	NA	NA	NA	NA	NA	3.00	1.00	0.00	NA	NA	349987	349987	349987
0	COMPLETED_BAR	US30	PERIOD_M1	1704223740	1704223680	1	NA	NA	NA	NA	NA	NA	NA	NA	NA	NA	NA	NA	3.00	1.00	0.00	NA	NA	349988	349988	349988
0	CURRENT_OPEN	US30	PERIOD_M1	1704223740	1704223740	0	NA	NA	NA	NA	NA	NA	NA	NA	NA	NA	NA	NA	3.00	1.00	0.00	NA	NA	349988	349988	349988
0	COMPLETED_BAR	US30	PERIOD_M1	1704223800	1704223740	1	NA	NA	NA	NA	NA	NA	NA	NA	NA	NA	NA	NA	3.00	1.00	0.00	NA	NA	349989	349989	349989
0	CURRENT_OPEN	US30	PERIOD_M1	1704223800	1704223800	0	NA	NA	NA	NA	NA	NA	NA	NA	NA	NA	NA	NA	3.00	1.00	0.00	NA	NA	349989	349989	349989
0	COMPLETED_BAR	US30	PERIOD_M1	1704223860	1704223800	1	NA	NA	NA	NA	NA	NA	NA	NA	NA	NA	NA	NA	3.00	1.00	0.00	NA	NA	349990	349990	349990
0	CURRENT_OPEN	US30	PERIOD_M1	1704223860	1704223860	0	NA	NA	NA	NA	NA	NA	NA	NA	NA	NA	NA	NA	3.00	1.00	0.00	NA	NA	349990	349990	349990
0	COMPLETED_BAR	US30	PERIOD_M1	1704223920	1704223860	1	NA	NA	NA	NA	NA	NA	NA	NA	NA	NA	NA	NA	3.00	1.00	0.00	NA	NA	349991	349991	349991
0	CURRENT_OPEN	US30	PERIOD_M1	1704223920	1704223920	0	NA	NA	NA	NA	NA	NA	NA	NA	NA	NA	NA	NA	3.00	1.00	0.00	NA	NA	349991	349991	349991
0	COMPLETED_BAR	US30	PERIOD_M1	1704223980	1704223920	1	NA	NA	NA	NA	NA	NA	NA	NA	NA	NA	NA	NA	3.00	1.00	0.00	NA	NA	349992	349992	349992
0	CURRENT_OPEN	US30	PERIOD_M1	1704223980	1704223980	0	NA	NA	NA	NA	NA	NA	NA	NA	NA	NA	NA	NA	3.00	1.00	0.00	NA	NA	349992	349992	349992
0	COMPLETED_BAR	US30	PERIOD_M1	1704224040	1704223980	1	NA	NA	NA	NA	NA	NA	NA	NA	NA	NA	NA	NA	3.00	1.00	0.00	NA	NA	349993	349993	349993
0	CURRENT_OPEN	US30	PERIOD_M1	1704224040	1704224040	0	NA	NA	NA	NA	NA	NA	NA	NA	NA	NA	NA	NA	3.00	1.00	0.00	NA	NA	349993	349993	349993
0	COMPLETED_BAR	US30	PERIOD_M1	1704224100	1704224040	1	NA	NA	NA	NA	NA	NA	NA	NA	NA	NA	NA	NA	3.00	1.00	0.00	NA	NA	349994	349994	349994
0	CURRENT_OPEN	US30	PERIOD_M1	1704224100	1704224100	0	NA	NA	NA	NA	NA	NA	NA	NA	NA	NA	NA	NA	3.00	1.00	0.00	NA	NA	349994	349994	349994
0	COMPLETED_BAR	US30	PERIOD_M1	1704224160	1704224100	1	NA	NA	NA	NA	NA	NA	NA	NA	NA	NA	NA	NA	3.00	1.00	0.00	NA	NA	349995	349995	349995
0	CURRENT_OPEN	US30	PERIOD_M1	1704224160	1704224160	0	NA	NA	NA	NA	NA	NA	NA	NA	NA	NA	NA	NA	3.00	1.00	0.00	NA	NA	349995	349995	349995
0	COMPLETED_BAR	US30	PERIOD_M1	1704224220	1704224160	1	NA	NA	NA	NA	NA	NA	NA	NA	NA	NA	NA	NA	3.00	1.00	0.00	NA	NA	349996	349996	349996
0	CURRENT_OPEN	US30	PERIOD_M1	1704224220	1704224220	0	NA	NA	NA	NA	NA	NA	NA	NA	NA	NA	NA	NA	3.00	1.00	0.00	NA	NA	349996	349996	349996
0	COMPLETED_BAR	US30	PERIOD_M1	1704224280	1704224220	1	NA	NA	NA	NA	NA	NA	NA	NA	NA	NA	NA	NA	3.00	1.00	0.00	NA	NA	349997	349997	349997
0	CURRENT_OPEN	US30	PERIOD_M1	1704224280	1704224280	0	NA	NA	NA	NA	NA	NA	NA	NA	NA	NA	NA	NA	3.00	1.00	0.00	NA	NA	349997	349997	349997
0	COMPLETED_BAR	US30	PERIOD_M1	1704224340	1704224280	1	NA	NA	NA	NA	NA	NA	NA	NA	NA	NA	NA	NA	3.00	1.00	0.00	NA	NA	349998	349998	349998
0	CURRENT_OPEN	US30	PERIOD_M1	1704224340	1704224340	0	NA	NA	NA	NA	NA	NA	NA	NA	NA	NA	NA	NA	3.00	1.00	0.00	NA	NA	349998	349998	349998
0	COMPLETED_BAR	US30	PERIOD_M1	1704224400	1704224340	1	NA	NA	NA	NA	NA	NA	NA	NA	NA	NA	NA	NA	3.00	1.00	0.00	NA	NA	349999	349999	349999
0	CURRENT_OPEN	US30	PERIOD_M1	1704224400	1704224400	0	NA	NA	NA	NA	NA	NA	NA	NA	NA	NA	NA	NA	3.00	1.00	0.00	NA	NA	349999	349999	349999
0	COMPLETED_BAR	US30	PERIOD_M1	1704224460	1704224400	1	NA	NA	NA	NA	NA	NA	NA	NA	NA	NA	NA	NA	3.00	1.00	0.00	NA	NA	350000	350000	350000
0	CURRENT_OPEN	US30	PERIOD_M1	1704224460	1704224460	0	NA	NA	NA	NA	NA	NA	NA	NA	NA	NA	NA	NA	3.00	1.00	0.00	NA	NA	350000	350000	350000
0	COMPLETED_BAR	US30	PERIOD_M1	1704224520	1704224460	1	NA	NA	NA	NA	NA	NA	NA	NA	NA	NA	NA	NA	3.00	1.00	0.00	NA	NA	350001	350001	350001
0	CURRENT_OPEN	US30	PERIOD_M1	1704224520	1704224520	0	NA	NA	NA	NA	NA	NA	NA	NA	NA	NA	NA	NA	3.00	1.00	0.00	NA	NA	350001	350001	350001
0	COMPLETED_BAR	US30	PERIOD_M1	1704224580	1704224520	1	NA	NA	NA	NA	NA	NA	NA	NA	NA	NA	NA	NA	3.00	1.00	0.00	NA	NA	350002	350002	350002
0	CURRENT_OPEN	US30	PERIOD_M1	1704224580	1704224580	0	NA	NA	NA	NA	NA	NA	NA	NA	NA	NA	NA	NA	3.00	1.00	0.00	NA	NA	350002	350002	350002
0	COMPLETED_BAR	US30	PERIOD_M1	1704224640	1704224580	1	NA	NA	NA	NA	NA	NA	NA	NA	NA	NA	NA	NA	3.00	1.00	0.00	NA	NA	350003	350003	350003
0	CURRENT_OPEN	US30	PERIOD_M1	1704224640	1704224640	0	NA	NA	NA	NA	NA	NA	NA	NA	NA	NA	NA	NA	3.00	1.00	0.00	NA	NA	350003	350003	350003
0	COMPLETED_BAR	US30	PERIOD_M1	1704224700	1704224640	1	NA	NA	NA	NA	NA	NA	NA	NA	NA	NA	NA	NA	3.00	1.00	0.00	NA	NA	350004	350004	350004
0	CURRENT_OPEN	US30	PERIOD_M1	1704224700	1704224700	0	NA	NA	NA	NA	NA	NA	NA	NA	NA	NA	NA	NA	3.00	1.00	0.00	NA	NA	350004	350004	350004
0	COMPLETED_BAR	US30	PERIOD_M1	1704224760	1704224700	1	NA	NA	NA	NA	NA	NA	NA	NA	NA	NA	NA	NA	3.00	1.00	0.00	NA	NA	350005	350005	350005
0	CURRENT_OPEN	US30	PERIOD_M1	1704224760	1704224760	0	NA	NA	NA	NA	NA	NA	NA	NA	NA	NA	NA	NA	3.00	1.00	0.00	NA	NA	350005	350005	350005
0	COMPLETED_BAR	US30	PERIOD_M1	1704224820	1704224760	1	NA	NA	NA	NA	NA	NA	NA	NA	NA	NA	NA	NA	3.00	1.00	0.00	NA	NA	350006	350006	350006
0	CURRENT_OPEN	US30	PERIOD_M1	1704224820	1704224820	0	NA	NA	NA	NA	NA	NA	NA	NA	NA	NA	NA	NA	3.00	1.00	0.00	NA	NA	350006	350006	350006
0	COMPLETED_BAR	US30	PERIOD_M1	1704224880	1704224820	1	NA	NA	NA	NA	NA	NA	NA	NA	NA	NA	NA	NA	3.00	1.00	0.00	NA	NA	350007	350007	350007
0	CURRENT_OPEN	US30	PERIOD_M1	1704224880	1704224880	0	NA	NA	NA	NA	NA	NA	NA	NA	NA	NA	NA	NA	3.00	1.00	0.00	NA	NA	350007	350007	350007
0	COMPLETED_BAR	US30	PERIOD_M1	1704224940	1704224880	1	NA	NA	NA	NA	NA	NA	NA	NA	NA	NA	NA	NA	3.00	1.00	0.00	NA	NA	350008	350008	350008
0	CURRENT_OPEN	US30	PERIOD_M1	1704224940	1704224940	0	NA	NA	NA	NA	NA	NA	NA	NA	NA	NA	NA	NA	3.00	1.00	0.00	NA	NA	350008	350008	350008
0	COMPLETED_BAR	US30	PERIOD_M1	1704225000	1704224940	1	NA	NA	NA	NA	NA	NA	NA	NA	NA	NA	NA	NA	3.00	1.00	0.00	NA	NA	350009	350009	350009
0	CURRENT_OPEN	US30	PERIOD_M1	1704225000	1704225000	0	NA	NA	NA	NA	NA	NA	NA	NA	NA	NA	NA	NA	3.00	1.00	0.00	NA	NA	350009	350009	350009
0	COMPLETED_BAR	US30	PERIOD_M1	1704225060	1704225000	1	NA	NA	NA	NA	NA	NA	NA	NA	NA	NA	NA	NA	3.00	1.00	0.00	NA	NA	350010	350010	350010
0	CURRENT_OPEN	US30	PERIOD_M1	1704225060	1704225060	0	NA	NA	NA	NA	NA	NA	NA	NA	NA	NA	NA	NA	3.00	1.00	0.00	NA	NA	350010	350010	350010
0	COMPLETED_BAR	US30	PERIOD_M1	1704225120	1704225060	1	NA	NA	NA	NA	NA	NA	NA	NA	NA	NA	NA	NA	3.00	1.00	0.00	NA	NA	350011	350011	350011
0	CURRENT_OPEN	US30	PERIOD_M1	1704225120	1704225120	0	NA	NA	NA	NA	NA	NA	NA	NA	NA	NA	NA	NA	3.00	1.00	0.00	NA	NA	350011	350011	350011
0	COMPLETED_BAR	US30	PERIOD_M1	1704225180	1704225120	1	NA	NA	NA	NA	NA	NA	NA	NA	NA	NA	NA	NA	3.00	1.00	0.00	NA	NA	350012	350012	350012
0	CURRENT_OPEN	US30	PERIOD_M1	1704225180	1704225180	0	NA	NA	NA	NA	NA	NA	NA	NA	NA	NA	NA	NA	3.00	1.00	0.00	NA	NA	350012	350012	350012
0	COMPLETED_BAR	US30	PERIOD_M1	1704225240	1704225180	1	NA	NA	NA	NA	NA	NA	NA	NA	NA	NA	NA	NA	3.00	1.00	0.00	NA	NA	350013	350013	350013
0	CURRENT_OPEN	US30	PERIOD_M1	1704225240	1704225240	0	NA	NA	NA	NA	NA	NA	NA	NA	NA	NA	NA	NA	3.00	1.00	0.00	NA	NA	350013	350013	350013
0	COMPLETED_BAR	US30	PERIOD_M1	1704225300	1704225240	1	NA	NA	NA	NA	NA	NA	NA	NA	NA	NA	NA	NA	3.00	1.00	0.00	NA	NA	350014	350014	350014
0	CURRENT_OPEN	US30	PERIOD_M1	1704225300	1704225300	0	NA	NA	NA	NA	NA	NA	NA	NA	NA	NA	NA	NA	3.00	1.00	0.00	NA	NA	350014	350014	350014
0	COMPLETED_BAR	US30	PERIOD_M1	1704225360	1704225300	1	NA	NA	NA	NA	NA	NA	NA	NA	NA	NA	NA	NA	3.00	1.00	0.00	NA	NA	350015	350015	350015
0	CURRENT_OPEN	US30	PERIOD_M1	1704225360	1704225360	0	NA	NA	NA	NA	NA	NA	NA	NA	NA	NA	NA	NA	3.00	1.00	0.00	NA	NA	350015	350015	350015
0	COMPLETED_BAR	US30	PERIOD_M1	1704225420	1704225360	1	NA	NA	NA	NA	NA	NA	NA	NA	NA	NA	NA	NA	3.00	1.00	0.00	NA	NA	350016	350016	350016
0	CURRENT_OPEN	US30	PERIOD_M1	1704225420	1704225420	0	NA	NA	NA	NA	NA	NA	NA	NA	NA	NA	NA	NA	3.00	1.00	0.00	NA	NA	350016	350016	350016
0	COMPLETED_BAR	US30	PERIOD_M1	1704225480	1704225420	1	NA	NA	NA	NA	NA	NA	NA	NA	NA	NA	NA	NA	3.00	1.00	0.00	NA	NA	350017	350017	350017
0	CURRENT_OPEN	US30	PERIOD_M1	1704225480	1704225480	0	NA	NA	NA	NA	NA	NA	NA	NA	NA	NA	NA	NA	3.00	1.00	0.00	NA	NA	350017	350017	350017
0	COMPLETED_BAR	US30	PERIOD_M1	1704225540	1704225480	1	NA	NA	NA	NA	NA	NA	NA	NA	NA	NA	NA	NA	3.00	1.00	0.00	NA	NA	350018	350018	350018
0	CURRENT_OPEN	US30	PERIOD_M1	1704225540	1704225540	0	NA	NA	NA	NA	NA	NA	NA	NA	NA	NA	NA	NA	3.00	1.00	0.00	NA	NA	350018	350018	350018
0	COMPLETED_BAR	US30	PERIOD_M1	1704225600	1704225540	1	NA	NA	NA	NA	NA	NA	NA	NA	NA	NA	NA	NA	3.00	1.00	0.00	NA	NA	350019	350019	350019
0	CURRENT_OPEN	US30	PERIOD_M1	1704225600	1704225600	0	NA	NA	NA	NA	NA	NA	NA	NA	NA	NA	NA	NA	3.00	1.00	0.00	NA	NA	350019	350019	350019
0	COMPLETED_BAR	US30	PERIOD_M1	1704225660	1704225600	1	NA	NA	NA	NA	NA	NA	NA	NA	NA	NA	NA	NA	3.00	1.00	0.00	NA	NA	350020	350020	350020
0	CURRENT_OPEN	US30	PERIOD_M1	1704225660	1704225660	0	NA	NA	NA	NA	NA	NA	NA	NA	NA	NA	NA	NA	3.00	1.00	0.00	NA	NA	350020	350020	350020
0	COMPLETED_BAR	US30	PERIOD_M1	1704225720	1704225660	1	NA	NA	NA	NA	NA	NA	NA	NA	NA	NA	NA	NA	3.00	1.00	0.00	NA	NA	350021	350021	350021
0	CURRENT_OPEN	US30	PERIOD_M1	1704225720	1704225720	0	NA	NA	NA	NA	NA	NA	NA	NA	NA	NA	NA	NA	3.00	1.00	0.00	NA	NA	350021	350021	350021
0	COMPLETED_BAR	US30	PERIOD_M1	1704225780	1704225720	1	NA	NA	NA	NA	NA	NA	NA	NA	NA	NA	NA	NA	3.00	1.00	0.00	NA	NA	350022	350022	350022
0	CURRENT_OPEN	US30	PERIOD_M1	1704225780	1704225780	0	NA	NA	NA	NA	NA	NA	NA	NA	NA	NA	NA	NA	3.00	1.00	0.00	NA	NA	350022	350022	350022
0	COMPLETED_BAR	US30	PERIOD_M1	1704225840	1704225780	1	NA	NA	NA	NA	NA	NA	NA	NA	NA	NA	NA	NA	3.00	1.00	0.00	NA	NA	350023	350023	350023
0	CURRENT_OPEN	US30	PERIOD_M1	1704225840	1704225840	0	NA	NA	NA	NA	NA	NA	NA	NA	NA	NA	NA	NA	3.00	1.00	0.00	NA	NA	350023	350023	350023
0	COMPLETED_BAR	US30	PERIOD_M1	1704225900	1704225840	1	NA	NA	NA	NA	NA	NA	NA	NA	NA	NA	NA	NA	3.00	1.00	0.00	NA	NA	350024	350024	350024
0	CURRENT_OPEN	US30	PERIOD_M1	1704225900	1704225900	0	NA	NA	NA	NA	NA	NA	NA	NA	NA	NA	NA	NA	3.00	1.00	0.00	NA	NA	350024	350024	350024
0	COMPLETED_BAR	US30	PERIOD_M1	1704225960	1704225900	1	NA	NA	NA	NA	NA	NA	NA	NA	NA	NA	NA	NA	3.00	1.00	0.00	NA	NA	350025	350025	350025
0	CURRENT_OPEN	US30	PERIOD_M1	1704225960	1704225960	0	NA	NA	NA	NA	NA	NA	NA	NA	NA	NA	NA	NA	3.00	1.00	0.00	NA	NA	350025	350025	350025
0	COMPLETED_BAR	US30	PERIOD_M1	1704226020	1704225960	1	NA	NA	NA	NA	NA	NA	NA	NA	NA	NA	NA	NA	3.00	1.00	0.00	NA	NA	350026	350026	350026
0	CURRENT_OPEN	US30	PERIOD_M1	1704226020	1704226020	0	NA	NA	NA	NA	NA	NA	NA	NA	NA	NA	NA	NA	3.00	1.00	0.00	NA	NA	350026	350026	350026
0	COMPLETED_BAR	US30	PERIOD_M1	1704226080	1704226020	1	NA	NA	NA	NA	NA	NA	NA	NA	NA	NA	NA	NA	3.00	1.00	0.00	NA	NA	350027	350027	350027
0	CURRENT_OPEN	US30	PERIOD_M1	1704226080	1704226080	0	NA	NA	NA	NA	NA	NA	NA	NA	NA	NA	NA	NA	3.00	1.00	0.00	NA	NA	350027	350027	350027
0	COMPLETED_BAR	US30	PERIOD_M1	1704226140	1704226080	1	NA	NA	NA	NA	NA	NA	NA	NA	NA	NA	NA	NA	3.00	1.00	0.00	NA	NA	350028	350028	350028
0	CURRENT_OPEN	US30	PERIOD_M1	1704226140	1704226140	0	NA	NA	NA	NA	NA	NA	NA	NA	NA	NA	NA	NA	3.00	1.00	0.00	NA	NA	350028	350028	350028
0	COMPLETED_BAR	US30	PERIOD_M1	1704226200	1704226140	1	NA	NA	NA	NA	NA	NA	NA	NA	NA	NA	NA	NA	3.00	1.00	0.00	NA	NA	350029	350029	350029
0	CURRENT_OPEN	US30	PERIOD_M1	1704226200	1704226200	0	NA	NA	NA	NA	NA	NA	NA	NA	NA	NA	NA	NA	3.00	1.00	0.00	NA	NA	350029	350029	350029
0	COMPLETED_BAR	US30	PERIOD_M1	1704226260	1704226200	1	NA	NA	NA	NA	NA	NA	NA	NA	NA	NA	NA	NA	3.00	1.00	0.00	NA	NA	350030	350030	350030
0	CURRENT_OPEN	US30	PERIOD_M1	1704226260	1704226260	0	NA	NA	NA	NA	NA	NA	NA	NA	NA	NA	NA	NA	3.00	1.00	0.00	NA	NA	350030	350030	350030
0	COMPLETED_BAR	US30	PERIOD_M1	1704226320	1704226260	1	NA	NA	NA	NA	NA	NA	NA	NA	NA	NA	NA	NA	3.00	1.00	0.00	NA	NA	350031	350031	350031
0	CURRENT_OPEN	US30	PERIOD_M1	1704226320	1704226320	0	NA	NA	NA	NA	NA	NA	NA	NA	NA	NA	NA	NA	3.00	1.00	0.00	NA	NA	350031	350031	350031
0	COMPLETED_BAR	US30	PERIOD_M1	1704226380	1704226320	1	NA	NA	NA	NA	NA	NA	NA	NA	NA	NA	NA	NA	3.00	1.00	0.00	NA	NA	350032	350032	350032
0	CURRENT_OPEN	US30	PERIOD_M1	1704226380	1704226380	0	NA	NA	NA	NA	NA	NA	NA	NA	NA	NA	NA	NA	3.00	1.00	0.00	NA	NA	350032	350032	350032
0	COMPLETED_BAR	US30	PERIOD_M1	1704226440	1704226380	1	NA	NA	NA	NA	NA	NA	NA	NA	NA	NA	NA	NA	3.00	1.00	0.00	NA	NA	350033	350033	350033
0	CURRENT_OPEN	US30	PERIOD_M1	1704226440	1704226440	0	NA	NA	NA	NA	NA	NA	NA	NA	NA	NA	NA	NA	3.00	1.00	0.00	NA	NA	350033	350033	350033
0	COMPLETED_BAR	US30	PERIOD_M1	1704226500	1704226440	1	NA	NA	NA	NA	NA	NA	NA	NA	NA	NA	NA	NA	3.00	1.00	0.00	NA	NA	350034	350034	350034
0	CURRENT_OPEN	US30	PERIOD_M1	1704226500	1704226500	0	NA	NA	NA	NA	NA	NA	NA	NA	NA	NA	NA	NA	3.00	1.00	0.00	NA	NA	350034	350034	350034
0	COMPLETED_BAR	US30	PERIOD_M1	1704226560	1704226500	1	NA	NA	NA	NA	NA	NA	NA	NA	NA	NA	NA	NA	3.00	1.00	0.00	NA	NA	350035	350035	350035
0	CURRENT_OPEN	US30	PERIOD_M1	1704226560	1704226560	0	NA	NA	NA	NA	NA	NA	NA	NA	NA	NA	NA	NA	3.00	1.00	0.00	NA	NA	350035	350035	350035
0	COMPLETED_BAR	US30	PERIOD_M1	1704226620	1704226560	1	NA	NA	NA	NA	NA	NA	NA	NA	NA	NA	NA	NA	3.00	1.00	0.00	NA	NA	350036	350036	350036
0	CURRENT_OPEN	US30	PERIOD_M1	1704226620	1704226620	0	NA	NA	NA	NA	NA	NA	NA	NA	NA	NA	NA	NA	3.00	1.00	0.00	NA	NA	350036	350036	350036
0	COMPLETED_BAR	US30	PERIOD_M1	1704226680	1704226620	1	NA	NA	NA	NA	NA	NA	NA	NA	NA	NA	NA	NA	3.00	1.00	0.00	NA	NA	350037	350037	350037
0	CURRENT_OPEN	US30	PERIOD_M1	1704226680	1704226680	0	NA	NA	NA	NA	NA	NA	NA	NA	NA	NA	NA	NA	3.00	1.00	0.00	NA	NA	350037	350037	350037
0	COMPLETED_BAR	US30	PERIOD_M1	1704226740	1704226680	1	NA	NA	NA	NA	NA	NA	NA	NA	NA	NA	NA	NA	3.00	1.00	0.00	NA	NA	350038	350038	350038
0	CURRENT_OPEN	US30	PERIOD_M1	1704226740	1704226740	0	NA	NA	NA	NA	NA	NA	NA	NA	NA	NA	NA	NA	3.00	1.00	0.00	NA	NA	350038	350038	350038
0	COMPLETED_BAR	US30	PERIOD_M1	1704226800	1704226740	1	NA	NA	NA	NA	NA	NA	NA	NA	NA	NA	NA	NA	3.00	1.00	0.00	NA	NA	350039	350039	350039
0	CURRENT_OPEN	US30	PERIOD_M1	1704226800	1704226800	0	NA	NA	NA	NA	NA	NA	NA	NA	NA	NA	NA	NA	3.00	1.00	0.00	NA	NA	350039	350039	350039
0	COMPLETED_BAR	US30	PERIOD_M1	1704226860	1704226800	1	NA	NA	NA	NA	NA	NA	NA	NA	NA	NA	NA	NA	3.00	1.00	0.00	NA	NA	350040	350040	350040
0	CURRENT_OPEN	US30	PERIOD_M1	1704226860	1704226860	0	NA	NA	NA	NA	NA	NA	NA	NA	NA	NA	NA	NA	3.00	1.00	0.00	NA	NA	350040	350040	350040
0	COMPLETED_BAR	US30	PERIOD_M1	1704226920	1704226860	1	NA	NA	NA	NA	NA	NA	NA	NA	NA	NA	NA	NA	3.00	1.00	0.00	NA	NA	350041	350041	350041
0	CURRENT_OPEN	US30	PERIOD_M1	1704226920	1704226920	0	NA	NA	NA	NA	NA	NA	NA	NA	NA	NA	NA	NA	3.00	1.00	0.00	NA	NA	350041	350041	350041
0	COMPLETED_BAR	US30	PERIOD_M1	1704226980	1704226920	1	NA	NA	NA	NA	NA	NA	NA	NA	NA	NA	NA	NA	3.00	1.00	0.00	NA	NA	350042	350042	350042
0	CURRENT_OPEN	US30	PERIOD_M1	1704226980	1704226980	0	NA	NA	NA	NA	NA	NA	NA	NA	NA	NA	NA	NA	3.00	1.00	0.00	NA	NA	350042	350042	350042
0	COMPLETED_BAR	US30	PERIOD_M1	1704227040	1704226980	1	NA	NA	NA	NA	NA	NA	NA	NA	NA	NA	NA	NA	3.00	1.00	0.00	NA	NA	350043	350043	350043
0	CURRENT_OPEN	US30	PERIOD_M1	1704227040	1704227040	0	NA	NA	NA	NA	NA	NA	NA	NA	NA	NA	NA	NA	3.00	1.00	0.00	NA	NA	350043	350043	350043
0	COMPLETED_BAR	US30	PERIOD_M1	1704227100	1704227040	1	NA	NA	NA	NA	NA	NA	NA	NA	NA	NA	NA	NA	3.00	1.00	0.00	NA	NA	350044	350044	350044
0	CURRENT_OPEN	US30	PERIOD_M1	1704227100	1704227100	0	NA	NA	NA	NA	NA	NA	NA	NA	NA	NA	NA	NA	3.00	1.00	0.00	NA	NA	350044	350044	350044
0	COMPLETED_BAR	US30	PERIOD_M1	1704227160	1704227100	1	NA	NA	NA	NA	NA	NA	NA	NA	NA	NA	NA	NA	3.00	1.00	0.00	NA	NA	350045	350045	350045
0	CURRENT_OPEN	US30	PERIOD_M1	1704227160	1704227160	0	NA	NA	NA	NA	NA	NA	NA	NA	NA	NA	NA	NA	3.00	1.00	0.00	NA	NA	350045	350045	350045
0	COMPLETED_BAR	US30	PERIOD_M1	1704227220	1704227160	1	NA	NA	NA	NA	NA	NA	NA	NA	NA	NA	NA	NA	3.00	1.00	0.00	NA	NA	350046	350046	350046
0	CURRENT_OPEN	US30	PERIOD_M1	1704227220	1704227220	0	NA	NA	NA	NA	NA	NA	NA	NA	NA	NA	NA	NA	3.00	1.00	0.00	NA	NA	350046	350046	350046
0	COMPLETED_BAR	US30	PERIOD_M1	1704227280	1704227220	1	NA	NA	NA	NA	NA	NA	NA	NA	NA	NA	NA	NA	3.00	1.00	0.00	NA	NA	350047	350047	350047
0	CURRENT_OPEN	US30	PERIOD_M1	1704227280	1704227280	0	NA	NA	NA	NA	NA	NA	NA	NA	NA	NA	NA	NA	3.00	1.00	0.00	NA	NA	350047	350047	350047
0	COMPLETED_BAR	US30	PERIOD_M1	1704227340	1704227280	1	NA	NA	NA	NA	NA	NA	NA	NA	NA	NA	NA	NA	3.00	1.00	0.00	NA	NA	350048	350048	350048
0	CURRENT_OPEN	US30	PERIOD_M1	1704227340	1704227340	0	NA	NA	NA	NA	NA	NA	NA	NA	NA	NA	NA	NA	3.00	1.00	0.00	NA	NA	350048	350048	350048
0	COMPLETED_BAR	US30	PERIOD_M1	1704227400	1704227340	1	NA	NA	NA	NA	NA	NA	NA	NA	NA	NA	NA	NA	3.00	1.00	0.00	NA	NA	350049	350049	350049
0	CURRENT_OPEN	US30	PERIOD_M1	1704227400	1704227400	0	NA	NA	NA	NA	NA	NA	NA	NA	NA	NA	NA	NA	3.00	1.00	0.00	NA	NA	350049	350049	350049
0	COMPLETED_BAR	US30	PERIOD_M1	1704227460	1704227400	1	NA	NA	NA	NA	NA	NA	NA	NA	NA	NA	NA	NA	3.00	1.00	0.00	NA	NA	350050	350050	350050
0	CURRENT_OPEN	US30	PERIOD_M1	1704227460	1704227460	0	NA	NA	NA	NA	NA	NA	NA	NA	NA	NA	NA	NA	3.00	1.00	0.00	NA	NA	350050	350050	350050
0	COMPLETED_BAR	US30	PERIOD_M1	1704227520	1704227460	1	NA	NA	NA	NA	NA	NA	NA	NA	NA	NA	NA	NA	3.00	1.00	0.00	NA	NA	350051	350051	350051
0	CURRENT_OPEN	US30	PERIOD_M1	1704227520	1704227520	0	NA	NA	NA	NA	NA	NA	NA	NA	NA	NA	NA	NA	3.00	1.00	0.00	NA	NA	350051	350051	350051
0	COMPLETED_BAR	US30	PERIOD_M1	1704227580	1704227520	1	NA	NA	NA	NA	NA	NA	NA	NA	NA	NA	NA	NA	3.00	1.00	0.00	NA	NA	350052	350052	350052
0	CURRENT_OPEN	US30	PERIOD_M1	1704227580	1704227580	0	NA	NA	NA	NA	NA	NA	NA	NA	NA	NA	NA	NA	3.00	1.00	0.00	NA	NA	350052	350052	350052
0	COMPLETED_BAR	US30	PERIOD_M1	1704227640	1704227580	1	NA	NA	NA	NA	NA	NA	NA	NA	NA	NA	NA	NA	3.00	1.00	0.00	NA	NA	350053	350053	350053
0	CURRENT_OPEN	US30	PERIOD_M1	1704227640	1704227640	0	NA	NA	NA	NA	NA	NA	NA	NA	NA	NA	NA	NA	3.00	1.00	0.00	NA	NA	350053	350053	350053
0	COMPLETED_BAR	US30	PERIOD_M1	1704227700	1704227640	1	NA	NA	NA	NA	NA	NA	NA	NA	NA	NA	NA	NA	3.00	1.00	0.00	NA	NA	350054	350054	350054
0	CURRENT_OPEN	US30	PERIOD_M1	1704227700	1704227700	0	NA	NA	NA	NA	NA	NA	NA	NA	NA	NA	NA	NA	3.00	1.00	0.00	NA	NA	350054	350054	350054
0	COMPLETED_BAR	US30	PERIOD_M1	1704227760	1704227700	1	NA	NA	NA	NA	NA	NA	NA	NA	NA	NA	NA	NA	3.00	1.00	0.00	NA	NA	350055	350055	350055
0	CURRENT_OPEN	US30	PERIOD_M1	1704227760	1704227760	0	NA	NA	NA	NA	NA	NA	NA	NA	NA	NA	NA	NA	3.00	1.00	0.00	NA	NA	350055	350055	350055
0	COMPLETED_BAR	US30	PERIOD_M1	1704227820	1704227760	1	NA	NA	NA	NA	NA	NA	NA	NA	NA	NA	NA	NA	3.00	1.00	0.00	NA	NA	350056	350056	350056
0	CURRENT_OPEN	US30	PERIOD_M1	1704227820	1704227820	0	NA	NA	NA	NA	NA	NA	NA	NA	NA	NA	NA	NA	3.00	1.00	0.00	NA	NA	350056	350056	350056
0	COMPLETED_BAR	US30	PERIOD_M1	1704227880	1704227820	1	NA	NA	NA	NA	NA	NA	NA	NA	NA	NA	NA	NA	3.00	1.00	0.00	NA	NA	350057	350057	350057
0	CURRENT_OPEN	US30	PERIOD_M1	1704227880	1704227880	0	NA	NA	NA	NA	NA	NA	NA	NA	NA	NA	NA	NA	3.00	1.00	0.00	NA	NA	350057	350057	350057
0	COMPLETED_BAR	US30	PERIOD_M1	1704227940	1704227880	1	NA	NA	NA	NA	NA	NA	NA	NA	NA	NA	NA	NA	3.00	1.00	0.00	NA	NA	350058	350058	350058
0	CURRENT_OPEN	US30	PERIOD_M1	1704227940	1704227940	0	NA	NA	NA	NA	NA	NA	NA	NA	NA	NA	NA	NA	3.00	1.00	0.00	NA	NA	350058	350058	350058
0	COMPLETED_BAR	US30	PERIOD_M1	1704228000	1704227940	1	NA	NA	NA	NA	NA	NA	NA	NA	NA	NA	NA	NA	3.00	1.00	0.00	NA	NA	350059	350059	350059
0	CURRENT_OPEN	US30	PERIOD_M1	1704228000	1704228000	0	NA	NA	NA	NA	NA	NA	NA	NA	NA	NA	NA	NA	3.00	1.00	0.00	NA	NA	350059	350059	350059
0	COMPLETED_BAR	US30	PERIOD_M1	1704228060	1704228000	1	NA	NA	NA	NA	NA	NA	NA	NA	NA	NA	NA	NA	3.00	1.00	0.00	NA	NA	350060	350060	350060
0	CURRENT_OPEN	US30	PERIOD_M1	1704228060	1704228060	0	NA	NA	NA	NA	NA	NA	NA	NA	NA	NA	NA	NA	3.00	1.00	0.00	NA	NA	350060	350060	350060
0	COMPLETED_BAR	US30	PERIOD_M1	1704228120	1704228060	1	NA	NA	NA	NA	NA	NA	NA	NA	NA	NA	NA	NA	3.00	1.00	0.00	NA	NA	350061	350061	350061
0	CURRENT_OPEN	US30	PERIOD_M1	1704228120	1704228120	0	NA	NA	NA	NA	NA	NA	NA	NA	NA	NA	NA	NA	3.00	1.00	0.00	NA	NA	350061	350061	350061
0	COMPLETED_BAR	US30	PERIOD_M1	1704228180	1704228120	1	NA	NA	NA	NA	NA	NA	NA	NA	NA	NA	NA	NA	3.00	1.00	0.00	NA	NA	350062	350062	350062
0	CURRENT_OPEN	US30	PERIOD_M1	1704228180	1704228180	0	NA	NA	NA	NA	NA	NA	NA	NA	NA	NA	NA	NA	3.00	1.00	0.00	NA	NA	350062	350062	350062
0	COMPLETED_BAR	US30	PERIOD_M1	1704228240	1704228180	1	NA	NA	NA	NA	NA	NA	NA	NA	NA	NA	NA	NA	3.00	1.00	0.00	NA	NA	350063	350063	350063
0	CURRENT_OPEN	US30	PERIOD_M1	1704228240	1704228240	0	NA	NA	NA	NA	NA	NA	NA	NA	NA	NA	NA	NA	3.00	1.00	0.00	NA	NA	350063	350063	350063
0	COMPLETED_BAR	US30	PERIOD_M1	1704228300	1704228240	1	NA	NA	NA	NA	NA	NA	NA	NA	NA	NA	NA	NA	3.00	1.00	0.00	NA	NA	350064	350064	350064
0	CURRENT_OPEN	US30	PERIOD_M1	1704228300	1704228300	0	NA	NA	NA	NA	NA	NA	NA	NA	NA	NA	NA	NA	3.00	1.00	0.00	NA	NA	350064	350064	350064
0	COMPLETED_BAR	US30	PERIOD_M1	1704228360	1704228300	1	NA	NA	NA	NA	NA	NA	NA	NA	NA	NA	NA	NA	3.00	1.00	0.00	NA	NA	350065	350065	350065
0	CURRENT_OPEN	US30	PERIOD_M1	1704228360	1704228360	0	NA	NA	NA	NA	NA	NA	NA	NA	NA	NA	NA	NA	3.00	1.00	0.00	NA	NA	350065	350065	350065
0	COMPLETED_BAR	US30	PERIOD_M1	1704228420	1704228360	1	NA	NA	NA	NA	NA	NA	NA	NA	NA	NA	NA	NA	3.00	1.00	0.00	NA	NA	350066	350066	350066
0	CURRENT_OPEN	US30	PERIOD_M1	1704228420	1704228420	0	NA	NA	NA	NA	NA	NA	NA	NA	NA	NA	NA	NA	3.00	1.00	0.00	NA	NA	350066	350066	350066
0	COMPLETED_BAR	US30	PERIOD_M1	1704228480	1704228420	1	NA	NA	NA	NA	NA	NA	NA	NA	NA	NA	NA	NA	3.00	1.00	0.00	NA	NA	350067	350067	350067
0	CURRENT_OPEN	US30	PERIOD_M1	1704228480	1704228480	0	NA	NA	NA	NA	NA	NA	NA	NA	NA	NA	NA	NA	3.00	1.00	0.00	NA	NA	350067	350067	350067
0	COMPLETED_BAR	US30	PERIOD_M1	1704228540	1704228480	1	NA	NA	NA	NA	NA	NA	NA	NA	NA	NA	NA	NA	3.00	1.00	0.00	NA	NA	350068	350068	350068
0	CURRENT_OPEN	US30	PERIOD_M1	1704228540	1704228540	0	NA	NA	NA	NA	NA	NA	NA	NA	NA	NA	NA	NA	3.00	1.00	0.00	NA	NA	350068	350068	350068
0	COMPLETED_BAR	US30	PERIOD_M1	1704228600	1704228540	1	NA	NA	NA	NA	NA	NA	NA	NA	NA	NA	NA	NA	3.00	1.00	0.00	NA	NA	350069	350069	350069
0	CURRENT_OPEN	US30	PERIOD_M1	1704228600	1704228600	0	NA	NA	NA	NA	NA	NA	NA	NA	NA	NA	NA	NA	3.00	1.00	0.00	NA	NA	350069	350069	350069
0	COMPLETED_BAR	US30	PERIOD_M1	1704228660	1704228600	1	NA	NA	NA	NA	NA	NA	NA	NA	NA	NA	NA	NA	3.00	1.00	0.00	NA	NA	350070	350070	350070
0	CURRENT_OPEN	US30	PERIOD_M1	1704228660	1704228660	0	NA	NA	NA	NA	NA	NA	NA	NA	NA	NA	NA	NA	3.00	1.00	0.00	NA	NA	350070	350070	350070
0	COMPLETED_BAR	US30	PERIOD_M1	1704228720	1704228660	1	NA	NA	NA	NA	NA	NA	NA	NA	NA	NA	NA	NA	3.00	1.00	0.00	NA	NA	350071	350071	350071
0	CURRENT_OPEN	US30	PERIOD_M1	1704228720	1704228720	0	NA	NA	NA	NA	NA	NA	NA	NA	NA	NA	NA	NA	3.00	1.00	0.00	NA	NA	350071	350071	350071
0	COMPLETED_BAR	US30	PERIOD_M1	1704228780	1704228720	1	NA	NA	NA	NA	NA	NA	NA	NA	NA	NA	NA	NA	3.00	1.00	0.00	NA	NA	350072	350072	350072
0	CURRENT_OPEN	US30	PERIOD_M1	1704228780	1704228780	0	NA	NA	NA	NA	NA	NA	NA	NA	NA	NA	NA	NA	3.00	1.00	0.00	NA	NA	350072	350072	350072
0	COMPLETED_BAR	US30	PERIOD_M1	1704228840	1704228780	1	NA	NA	NA	NA	NA	NA	NA	NA	NA	NA	NA	NA	3.00	1.00	0.00	NA	NA	350073	350073	350073
0	CURRENT_OPEN	US30	PERIOD_M1	1704228840	1704228840	0	NA	NA	NA	NA	NA	NA	NA	NA	NA	NA	NA	NA	3.00	1.00	0.00	NA	NA	350073	350073	350073
0	COMPLETED_BAR	US30	PERIOD_M1	1704228900	1704228840	1	NA	NA	NA	NA	NA	NA	NA	NA	NA	NA	NA	NA	3.00	1.00	0.00	NA	NA	350074	350074	350074
0	CURRENT_OPEN	US30	PERIOD_M1	1704228900	1704228900	0	NA	NA	NA	NA	NA	NA	NA	NA	NA	NA	NA	NA	3.00	1.00	0.00	NA	NA	350074	350074	350074
0	COMPLETED_BAR	US30	PERIOD_M1	1704228960	1704228900	1	NA	NA	NA	NA	NA	NA	NA	NA	NA	NA	NA	NA	3.00	1.00	0.00	NA	NA	350075	350075	350075
0	CURRENT_OPEN	US30	PERIOD_M1	1704228960	1704228960	0	NA	NA	NA	NA	NA	NA	NA	NA	NA	NA	NA	NA	3.00	1.00	0.00	NA	NA	350075	350075	350075
0	COMPLETED_BAR	US30	PERIOD_M1	1704229020	1704228960	1	NA	NA	NA	NA	NA	NA	NA	NA	NA	NA	NA	NA	3.00	1.00	0.00	NA	NA	350076	350076	350076
0	CURRENT_OPEN	US30	PERIOD_M1	1704229020	1704229020	0	NA	NA	NA	NA	NA	NA	NA	NA	NA	NA	NA	NA	3.00	1.00	0.00	NA	NA	350076	350076	350076
0	COMPLETED_BAR	US30	PERIOD_M1	1704229080	1704229020	1	NA	NA	NA	NA	NA	NA	NA	NA	NA	NA	NA	NA	3.00	1.00	0.00	NA	NA	350077	350077	350077
0	CURRENT_OPEN	US30	PERIOD_M1	1704229080	1704229080	0	NA	NA	NA	NA	NA	NA	NA	NA	NA	NA	NA	NA	3.00	1.00	0.00	NA	NA	350077	350077	350077
0	COMPLETED_BAR	US30	PERIOD_M1	1704229140	1704229080	1	NA	NA	NA	NA	NA	NA	NA	NA	NA	NA	NA	NA	3.00	1.00	0.00	NA	NA	350078	350078	350078
0	CURRENT_OPEN	US30	PERIOD_M1	1704229140	1704229140	0	NA	NA	NA	NA	NA	NA	NA	NA	NA	NA	NA	NA	3.00	1.00	0.00	NA	NA	350078	350078	350078
0	COMPLETED_BAR	US30	PERIOD_M1	1704229200	1704229140	1	NA	NA	NA	NA	NA	NA	NA	NA	NA	NA	NA	NA	3.00	1.00	0.00	NA	NA	350079	350079	350079
0	CURRENT_OPEN	US30	PERIOD_M1	1704229200	1704229200	0	NA	NA	NA	NA	NA	NA	NA	NA	NA	NA	NA	NA	3.00	1.00	0.00	NA	NA	350079	350079	350079
0	COMPLETED_BAR	US30	PERIOD_M1	1704229260	1704229200	1	NA	NA	NA	NA	NA	NA	NA	NA	NA	NA	NA	NA	3.00	1.00	0.00	NA	NA	350080	350080	350080
0	CURRENT_OPEN	US30	PERIOD_M1	1704229260	1704229260	0	NA	NA	NA	NA	NA	NA	NA	NA	NA	NA	NA	NA	3.00	1.00	0.00	NA	NA	350080	350080	350080
0	COMPLETED_BAR	US30	PERIOD_M1	1704229320	1704229260	1	NA	NA	NA	NA	NA	NA	NA	NA	NA	NA	NA	NA	3.00	1.00	0.00	NA	NA	350081	350081	350081
0	CURRENT_OPEN	US30	PERIOD_M1	1704229320	1704229320	0	NA	NA	NA	NA	NA	NA	NA	NA	NA	NA	NA	NA	3.00	1.00	0.00	NA	NA	350081	350081	350081
0	COMPLETED_BAR	US30	PERIOD_M1	1704229380	1704229320	1	NA	NA	NA	NA	NA	NA	NA	NA	NA	NA	NA	NA	3.00	1.00	0.00	NA	NA	350082	350082	350082
0	CURRENT_OPEN	US30	PERIOD_M1	1704229380	1704229380	0	NA	NA	NA	NA	NA	NA	NA	NA	NA	NA	NA	NA	3.00	1.00	0.00	NA	NA	350082	350082	350082
0	COMPLETED_BAR	US30	PERIOD_M1	1704229440	1704229380	1	NA	NA	NA	NA	NA	NA	NA	NA	NA	NA	NA	NA	3.00	1.00	0.00	NA	NA	350083	350083	350083
0	CURRENT_OPEN	US30	PERIOD_M1	1704229440	1704229440	0	NA	NA	NA	NA	NA	NA	NA	NA	NA	NA	NA	NA	3.00	1.00	0.00	NA	NA	350083	350083	350083
0	COMPLETED_BAR	US30	PERIOD_M1	1704229500	1704229440	1	NA	NA	NA	NA	NA	NA	NA	NA	NA	NA	NA	NA	3.00	1.00	0.00	NA	NA	350084	350084	350084
0	CURRENT_OPEN	US30	PERIOD_M1	1704229500	1704229500	0	NA	NA	NA	NA	NA	NA	NA	NA	NA	NA	NA	NA	3.00	1.00	0.00	NA	NA	350084	350084	350084
0	COMPLETED_BAR	US30	PERIOD_M1	1704229560	1704229500	1	NA	NA	NA	NA	NA	NA	NA	NA	NA	NA	NA	NA	3.00	1.00	0.00	NA	NA	350085	350085	350085
0	CURRENT_OPEN	US30	PERIOD_M1	1704229560	1704229560	0	NA	NA	NA	NA	NA	NA	NA	NA	NA	NA	NA	NA	3.00	1.00	0.00	NA	NA	350085	350085	350085
0	COMPLETED_BAR	US30	PERIOD_M1	1704229620	1704229560	1	NA	NA	NA	NA	NA	NA	NA	NA	NA	NA	NA	NA	3.00	1.00	0.00	NA	NA	350086	350086	350086
0	CURRENT_OPEN	US30	PERIOD_M1	1704229620	1704229620	0	NA	NA	NA	NA	NA	NA	NA	NA	NA	NA	NA	NA	3.00	1.00	0.00	NA	NA	350086	350086	350086
0	COMPLETED_BAR	US30	PERIOD_M1	1704229680	1704229620	1	NA	NA	NA	NA	NA	NA	NA	NA	NA	NA	NA	NA	3.00	1.00	0.00	NA	NA	350087	350087	350087
0	CURRENT_OPEN	US30	PERIOD_M1	1704229680	1704229680	0	NA	NA	NA	NA	NA	NA	NA	NA	NA	NA	NA	NA	3.00	1.00	0.00	NA	NA	350087	350087	350087
0	COMPLETED_BAR	US30	PERIOD_M1	1704229740	1704229680	1	NA	NA	NA	NA	NA	NA	NA	NA	NA	NA	NA	NA	3.00	1.00	0.00	NA	NA	350088	350088	350088
0	CURRENT_OPEN	US30	PERIOD_M1	1704229740	1704229740	0	NA	NA	NA	NA	NA	NA	NA	NA	NA	NA	NA	NA	3.00	1.00	0.00	NA	NA	350088	350088	350088
0	COMPLETED_BAR	US30	PERIOD_M1	1704229800	1704229740	1	NA	NA	NA	NA	NA	NA	NA	NA	NA	NA	NA	NA	3.00	1.00	0.00	NA	NA	350089	350089	350089
0	CURRENT_OPEN	US30	PERIOD_M1	1704229800	1704229800	0	NA	NA	NA	NA	NA	NA	NA	NA	NA	NA	NA	NA	3.00	1.00	0.00	NA	NA	350089	350089	350089
0	COMPLETED_BAR	US30	PERIOD_M1	1704229860	1704229800	1	NA	NA	NA	NA	NA	NA	NA	NA	NA	NA	NA	NA	3.00	1.00	0.00	NA	NA	350090	350090	350090
0	CURRENT_OPEN	US30	PERIOD_M1	1704229860	1704229860	0	NA	NA	NA	NA	NA	NA	NA	NA	NA	NA	NA	NA	3.00	1.00	0.00	NA	NA	350090	350090	350090
0	COMPLETED_BAR	US30	PERIOD_M1	1704229920	1704229860	1	NA	NA	NA	NA	NA	NA	NA	NA	NA	NA	NA	NA	3.00	1.00	0.00	NA	NA	350091	350091	350091
0	CURRENT_OPEN	US30	PERIOD_M1	1704229920	1704229920	0	NA	NA	NA	NA	NA	NA	NA	NA	NA	NA	NA	NA	3.00	1.00	0.00	NA	NA	350091	350091	350091
0	COMPLETED_BAR	US30	PERIOD_M1	1704229980	1704229920	1	NA	NA	NA	NA	NA	NA	NA	NA	NA	NA	NA	NA	3.00	1.00	0.00	NA	NA	350092	350092	350092
0	CURRENT_OPEN	US30	PERIOD_M1	1704229980	1704229980	0	NA	NA	NA	NA	NA	NA	NA	NA	NA	NA	NA	NA	3.00	1.00	0.00	NA	NA	350092	350092	350092
0	COMPLETED_BAR	US30	PERIOD_M1	1704230040	1704229980	1	NA	NA	NA	NA	NA	NA	NA	NA	NA	NA	NA	NA	3.00	1.00	0.00	NA	NA	350093	350093	350093
0	CURRENT_OPEN	US30	PERIOD_M1	1704230040	1704230040	0	NA	NA	NA	NA	NA	NA	NA	NA	NA	NA	NA	NA	3.00	1.00	0.00	NA	NA	350093	350093	350093
0	COMPLETED_BAR	US30	PERIOD_M1	1704230100	1704230040	1	NA	NA	NA	NA	NA	NA	NA	NA	NA	NA	NA	NA	3.00	1.00	0.00	NA	NA	350094	350094	350094
0	CURRENT_OPEN	US30	PERIOD_M1	1704230100	1704230100	0	NA	NA	NA	NA	NA	NA	NA	NA	NA	NA	NA	NA	3.00	1.00	0.00	NA	NA	350094	350094	350094
0	COMPLETED_BAR	US30	PERIOD_M1	1704230160	1704230100	1	NA	NA	NA	NA	NA	NA	NA	NA	NA	NA	NA	NA	3.00	1.00	0.00	NA	NA	350095	350095	350095
0	CURRENT_OPEN	US30	PERIOD_M1	1704230160	1704230160	0	NA	NA	NA	NA	NA	NA	NA	NA	NA	NA	NA	NA	3.00	1.00	0.00	NA	NA	350095	350095	350095
0	COMPLETED_BAR	US30	PERIOD_M1	1704230220	1704230160	1	NA	NA	NA	NA	NA	NA	NA	NA	NA	NA	NA	NA	3.00	1.00	0.00	NA	NA	350096	350096	350096
0	CURRENT_OPEN	US30	PERIOD_M1	1704230220	1704230220	0	NA	NA	NA	NA	NA	NA	NA	NA	NA	NA	NA	NA	3.00	1.00	0.00	NA	NA	350096	350096	350096
0	COMPLETED_BAR	US30	PERIOD_M1	1704230280	1704230220	1	NA	NA	NA	NA	NA	NA	NA	NA	NA	NA	NA	NA	3.00	1.00	0.00	NA	NA	350097	350097	350097
0	CURRENT_OPEN	US30	PERIOD_M1	1704230280	1704230280	0	NA	NA	NA	NA	NA	NA	NA	NA	NA	NA	NA	NA	3.00	1.00	0.00	NA	NA	350097	350097	350097
0	COMPLETED_BAR	US30	PERIOD_M1	1704230340	1704230280	1	NA	NA	NA	NA	NA	NA	NA	NA	NA	NA	NA	NA	3.00	1.00	0.00	NA	NA	350098	350098	350098
0	CURRENT_OPEN	US30	PERIOD_M1	1704230340	1704230340	0	NA	NA	NA	NA	NA	NA	NA	NA	NA	NA	NA	NA	3.00	1.00	0.00	NA	NA	350098	350098	350098
0	COMPLETED_BAR	US30	PERIOD_M1	1704230400	1704230340	1	NA	NA	NA	NA	NA	NA	NA	NA	NA	NA	NA	NA	3.00	1.00	0.00	NA	NA	350099	350099	350099
0	CURRENT_OPEN	US30	PERIOD_M1	1704230400	1704230400	0	NA	NA	NA	NA	NA	NA	NA	NA	NA	NA	NA	NA	3.00	1.00	0.00	NA	NA	350099	350099	350099
0	COMPLETED_BAR	US30	PERIOD_M1	1704230460	1704230400	1	NA	NA	NA	NA	NA	NA	NA	NA	NA	NA	NA	NA	3.00	1.00	0.00	NA	NA	350100	350100	350100
0	CURRENT_OPEN	US30	PERIOD_M1	1704230460	1704230460	0	NA	NA	NA	NA	NA	NA	NA	NA	NA	NA	NA	NA	3.00	1.00	0.00	NA	NA	350100	350100	350100
0	COMPLETED_BAR	US30	PERIOD_M1	1704230520	1704230460	1	NA	NA	NA	NA	NA	NA	NA	NA	NA	NA	NA	NA	3.00	1.00	0.00	NA	NA	350101	350101	350101
0	CURRENT_OPEN	US30	PERIOD_M1	1704230520	1704230520	0	NA	NA	NA	NA	NA	NA	NA	NA	NA	NA	NA	NA	3.00	1.00	0.00	NA	NA	350101	350101	350101
0	COMPLETED_BAR	US30	PERIOD_M1	1704230580	1704230520	1	NA	NA	NA	NA	NA	NA	NA	NA	NA	NA	NA	NA	3.00	1.00	0.00	NA	NA	350102	350102	350102
0	CURRENT_OPEN	US30	PERIOD_M1	1704230580	1704230580	0	NA	NA	NA	NA	NA	NA	NA	NA	NA	NA	NA	NA	3.00	1.00	0.00	NA	NA	350102	350102	350102
0	COMPLETED_BAR	US30	PERIOD_M1	1704230640	1704230580	1	NA	NA	NA	NA	NA	NA	NA	NA	NA	NA	NA	NA	3.00	1.00	0.00	NA	NA	350103	350103	350103
0	CURRENT_OPEN	US30	PERIOD_M1	1704230640	1704230640	0	NA	NA	NA	NA	NA	NA	NA	NA	NA	NA	NA	NA	3.00	1.00	0.00	NA	NA	350103	350103	350103
0	COMPLETED_BAR	US30	PERIOD_M1	1704230700	1704230640	1	NA	NA	NA	NA	NA	NA	NA	NA	NA	NA	NA	NA	3.00	1.00	0.00	NA	NA	350104	350104	350104
0	CURRENT_OPEN	US30	PERIOD_M1	1704230700	1704230700	0	NA	NA	NA	NA	NA	NA	NA	NA	NA	NA	NA	NA	3.00	1.00	0.00	NA	NA	350104	350104	350104
0	COMPLETED_BAR	US30	PERIOD_M1	1704230760	1704230700	1	NA	NA	NA	NA	NA	NA	NA	NA	NA	NA	NA	NA	3.00	1.00	0.00	NA	NA	350105	350105	350105
0	CURRENT_OPEN	US30	PERIOD_M1	1704230760	1704230760	0	NA	NA	NA	NA	NA	NA	NA	NA	NA	NA	NA	NA	3.00	1.00	0.00	NA	NA	350105	350105	350105
0	COMPLETED_BAR	US30	PERIOD_M1	1704230820	1704230760	1	NA	NA	NA	NA	NA	NA	NA	NA	NA	NA	NA	NA	3.00	1.00	0.00	NA	NA	350106	350106	350106
0	CURRENT_OPEN	US30	PERIOD_M1	1704230820	1704230820	0	NA	NA	NA	NA	NA	NA	NA	NA	NA	NA	NA	NA	3.00	1.00	0.00	NA	NA	350106	350106	350106
0	COMPLETED_BAR	US30	PERIOD_M1	1704230880	1704230820	1	NA	NA	NA	NA	NA	NA	NA	NA	NA	NA	NA	NA	3.00	1.00	0.00	NA	NA	350107	350107	350107
0	CURRENT_OPEN	US30	PERIOD_M1	1704230880	1704230880	0	NA	NA	NA	NA	NA	NA	NA	NA	NA	NA	NA	NA	3.00	1.00	0.00	NA	NA	350107	350107	350107
0	COMPLETED_BAR	US30	PERIOD_M1	1704230940	1704230880	1	NA	NA	NA	NA	NA	NA	NA	NA	NA	NA	NA	NA	3.00	1.00	0.00	NA	NA	350108	350108	350108
0	CURRENT_OPEN	US30	PERIOD_M1	1704230940	1704230940	0	NA	NA	NA	NA	NA	NA	NA	NA	NA	NA	NA	NA	3.00	1.00	0.00	NA	NA	350108	350108	350108
0	COMPLETED_BAR	US30	PERIOD_M1	1704231000	1704230940	1	NA	NA	NA	NA	NA	NA	NA	NA	NA	NA	NA	NA	3.00	1.00	0.00	NA	NA	350109	350109	350109
0	CURRENT_OPEN	US30	PERIOD_M1	1704231000	1704231000	0	NA	NA	NA	NA	NA	NA	NA	NA	NA	NA	NA	NA	3.00	1.00	0.00	NA	NA	350109	350109	350109
0	COMPLETED_BAR	US30	PERIOD_M1	1704231060	1704231000	1	NA	NA	NA	NA	NA	NA	NA	NA	NA	NA	NA	NA	3.00	1.00	0.00	NA	NA	350110	350110	350110
0	CURRENT_OPEN	US30	PERIOD_M1	1704231060	1704231060	0	NA	NA	NA	NA	NA	NA	NA	NA	NA	NA	NA	NA	3.00	1.00	0.00	NA	NA	350110	350110	350110
0	COMPLETED_BAR	US30	PERIOD_M1	1704231120	1704231060	1	NA	NA	NA	NA	NA	NA	NA	NA	NA	NA	NA	NA	3.00	1.00	0.00	NA	NA	350111	350111	350111
0	CURRENT_OPEN	US30	PERIOD_M1	1704231120	1704231120	0	NA	NA	NA	NA	NA	NA	NA	NA	NA	NA	NA	NA	3.00	1.00	0.00	NA	NA	350111	350111	350111
0	COMPLETED_BAR	US30	PERIOD_M1	1704231180	1704231120	1	NA	NA	NA	NA	NA	NA	NA	NA	NA	NA	NA	NA	3.00	1.00	0.00	NA	NA	350112	350112	350112
0	CURRENT_OPEN	US30	PERIOD_M1	1704231180	1704231180	0	NA	NA	NA	NA	NA	NA	NA	NA	NA	NA	NA	NA	3.00	1.00	0.00	NA	NA	350112	350112	350112
0	COMPLETED_BAR	US30	PERIOD_M1	1704231240	1704231180	1	NA	NA	NA	NA	NA	NA	NA	NA	NA	NA	NA	NA	3.00	1.00	0.00	NA	NA	350113	350113	350113
0	CURRENT_OPEN	US30	PERIOD_M1	1704231240	1704231240	0	NA	NA	NA	NA	NA	NA	NA	NA	NA	NA	NA	NA	3.00	1.00	0.00	NA	NA	350113	350113	350113
0	COMPLETED_BAR	US30	PERIOD_M1	1704231300	1704231240	1	NA	NA	NA	NA	NA	NA	NA	NA	NA	NA	NA	NA	3.00	1.00	0.00	NA	NA	350114	350114	350114
0	CURRENT_OPEN	US30	PERIOD_M1	1704231300	1704231300	0	NA	NA	NA	NA	NA	NA	NA	NA	NA	NA	NA	NA	3.00	1.00	0.00	NA	NA	350114	350114	350114
0	COMPLETED_BAR	US30	PERIOD_M1	1704231360	1704231300	1	NA	NA	NA	NA	NA	NA	NA	NA	NA	NA	NA	NA	3.00	1.00	0.00	NA	NA	350115	350115	350115
0	CURRENT_OPEN	US30	PERIOD_M1	1704231360	1704231360	0	NA	NA	NA	NA	NA	NA	NA	NA	NA	NA	NA	NA	3.00	1.00	0.00	NA	NA	350115	350115	350115
0	COMPLETED_BAR	US30	PERIOD_M1	1704231420	1704231360	1	NA	NA	NA	NA	NA	NA	NA	NA	NA	NA	NA	NA	3.00	1.00	0.00	NA	NA	350116	350116	350116
0	CURRENT_OPEN	US30	PERIOD_M1	1704231420	1704231420	0	NA	NA	NA	NA	NA	NA	NA	NA	NA	NA	NA	NA	3.00	1.00	0.00	NA	NA	350116	350116	350116
0	COMPLETED_BAR	US30	PERIOD_M1	1704231480	1704231420	1	NA	NA	NA	NA	NA	NA	NA	NA	NA	NA	NA	NA	3.00	1.00	0.00	NA	NA	350117	350117	350117
0	CURRENT_OPEN	US30	PERIOD_M1	1704231480	1704231480	0	NA	NA	NA	NA	NA	NA	NA	NA	NA	NA	NA	NA	3.00	1.00	0.00	NA	NA	350117	350117	350117
0	COMPLETED_BAR	US30	PERIOD_M1	1704231540	1704231480	1	NA	NA	NA	NA	NA	NA	NA	NA	NA	NA	NA	NA	3.00	1.00	0.00	NA	NA	350118	350118	350118
0	CURRENT_OPEN	US30	PERIOD_M1	1704231540	1704231540	0	NA	NA	NA	NA	NA	NA	NA	NA	NA	NA	NA	NA	3.00	1.00	0.00	NA	NA	350118	350118	350118
0	COMPLETED_BAR	US30	PERIOD_M1	1704231600	1704231540	1	NA	NA	NA	NA	NA	NA	NA	NA	NA	NA	NA	NA	3.00	1.00	0.00	NA	NA	350119	350119	350119
0	CURRENT_OPEN	US30	PERIOD_M1	1704231600	1704231600	0	NA	NA	NA	NA	NA	NA	NA	NA	NA	NA	NA	NA	3.00	1.00	0.00	NA	NA	350119	350119	350119
0	COMPLETED_BAR	US30	PERIOD_M1	1704231660	1704231600	1	NA	NA	NA	NA	NA	NA	NA	NA	NA	NA	NA	NA	3.00	1.00	0.00	NA	NA	350120	350120	350120
0	CURRENT_OPEN	US30	PERIOD_M1	1704231660	1704231660	0	NA	NA	NA	NA	NA	NA	NA	NA	NA	NA	NA	NA	3.00	1.00	0.00	NA	NA	350120	350120	350120
0	COMPLETED_BAR	US30	PERIOD_M1	1704231720	1704231660	1	NA	NA	NA	NA	NA	NA	NA	NA	NA	NA	NA	NA	3.00	1.00	0.00	NA	NA	350121	350121	350121
0	CURRENT_OPEN	US30	PERIOD_M1	1704231720	1704231720	0	NA	NA	NA	NA	NA	NA	NA	NA	NA	NA	NA	NA	3.00	1.00	0.00	NA	NA	350121	350121	350121
0	COMPLETED_BAR	US30	PERIOD_M1	1704231780	1704231720	1	NA	NA	NA	NA	NA	NA	NA	NA	NA	NA	NA	NA	3.00	1.00	0.00	NA	NA	350122	350122	350122
0	CURRENT_OPEN	US30	PERIOD_M1	1704231780	1704231780	0	NA	NA	NA	NA	NA	NA	NA	NA	NA	NA	NA	NA	3.00	1.00	0.00	NA	NA	350122	350122	350122
0	COMPLETED_BAR	US30	PERIOD_M1	1704231840	1704231780	1	NA	NA	NA	NA	NA	NA	NA	NA	NA	NA	NA	NA	3.00	1.00	0.00	NA	NA	350123	350123	350123
0	CURRENT_OPEN	US30	PERIOD_M1	1704231840	1704231840	0	NA	NA	NA	NA	NA	NA	NA	NA	NA	NA	NA	NA	3.00	1.00	0.00	NA	NA	350123	350123	350123
0	COMPLETED_BAR	US30	PERIOD_M1	1704231900	1704231840	1	NA	NA	NA	NA	NA	NA	NA	NA	NA	NA	NA	NA	3.00	1.00	0.00	NA	NA	350124	350124	350124
0	CURRENT_OPEN	US30	PERIOD_M1	1704231900	1704231900	0	NA	NA	NA	NA	NA	NA	NA	NA	NA	NA	NA	NA	3.00	1.00	0.00	NA	NA	350124	350124	350124
0	COMPLETED_BAR	US30	PERIOD_M1	1704231960	1704231900	1	NA	NA	NA	NA	NA	NA	NA	NA	NA	NA	NA	NA	3.00	1.00	0.00	NA	NA	350125	350125	350125
0	CURRENT_OPEN	US30	PERIOD_M1	1704231960	1704231960	0	NA	NA	NA	NA	NA	NA	NA	NA	NA	NA	NA	NA	3.00	1.00	0.00	NA	NA	350125	350125	350125
0	COMPLETED_BAR	US30	PERIOD_M1	1704232020	1704231960	1	NA	NA	NA	NA	NA	NA	NA	NA	NA	NA	NA	NA	3.00	1.00	0.00	NA	NA	350126	350126	350126
0	CURRENT_OPEN	US30	PERIOD_M1	1704232020	1704232020	0	NA	NA	NA	NA	NA	NA	NA	NA	NA	NA	NA	NA	3.00	1.00	0.00	NA	NA	350126	350126	350126
0	COMPLETED_BAR	US30	PERIOD_M1	1704232080	1704232020	1	NA	NA	NA	NA	NA	NA	NA	NA	NA	NA	NA	NA	3.00	1.00	0.00	NA	NA	350127	350127	350127
0	CURRENT_OPEN	US30	PERIOD_M1	1704232080	1704232080	0	NA	NA	NA	NA	NA	NA	NA	NA	NA	NA	NA	NA	3.00	1.00	0.00	NA	NA	350127	350127	350127
0	COMPLETED_BAR	US30	PERIOD_M1	1704232140	1704232080	1	NA	NA	NA	NA	NA	NA	NA	NA	NA	NA	NA	NA	3.00	1.00	0.00	NA	NA	350128	350128	350128
0	CURRENT_OPEN	US30	PERIOD_M1	1704232140	1704232140	0	NA	NA	NA	NA	NA	NA	NA	NA	NA	NA	NA	NA	3.00	1.00	0.00	NA	NA	350128	350128	350128
0	COMPLETED_BAR	US30	PERIOD_M1	1704232200	1704232140	1	NA	NA	NA	NA	NA	NA	NA	NA	NA	NA	NA	NA	3.00	1.00	0.00	NA	NA	350129	350129	350129
0	CURRENT_OPEN	US30	PERIOD_M1	1704232200	1704232200	0	NA	NA	NA	NA	NA	NA	NA	NA	NA	NA	NA	NA	3.00	1.00	0.00	NA	NA	350129	350129	350129
0	COMPLETED_BAR	US30	PERIOD_M1	1704232260	1704232200	1	NA	NA	NA	NA	NA	NA	NA	NA	NA	NA	NA	NA	3.00	1.00	0.00	NA	NA	350130	350130	350130
0	CURRENT_OPEN	US30	PERIOD_M1	1704232260	1704232260	0	NA	NA	NA	NA	NA	NA	NA	NA	NA	NA	NA	NA	3.00	1.00	0.00	NA	NA	350130	350130	350130
0	COMPLETED_BAR	US30	PERIOD_M1	1704232320	1704232260	1	NA	NA	NA	NA	NA	NA	NA	NA	NA	NA	NA	NA	3.00	1.00	0.00	NA	NA	350131	350131	350131
0	CURRENT_OPEN	US30	PERIOD_M1	1704232320	1704232320	0	NA	NA	NA	NA	NA	NA	NA	NA	NA	NA	NA	NA	3.00	1.00	0.00	NA	NA	350131	350131	350131
0	COMPLETED_BAR	US30	PERIOD_M1	1704232380	1704232320	1	NA	NA	NA	NA	NA	NA	NA	NA	NA	NA	NA	NA	3.00	1.00	0.00	NA	NA	350132	350132	350132
0	CURRENT_OPEN	US30	PERIOD_M1	1704232380	1704232380	0	NA	NA	NA	NA	NA	NA	NA	NA	NA	NA	NA	NA	3.00	1.00	0.00	NA	NA	350132	350132	350132
0	COMPLETED_BAR	US30	PERIOD_M1	1704232440	1704232380	1	NA	NA	NA	NA	NA	NA	NA	NA	NA	NA	NA	NA	3.00	1.00	0.00	NA	NA	350133	350133	350133
0	CURRENT_OPEN	US30	PERIOD_M1	1704232440	1704232440	0	NA	NA	NA	NA	NA	NA	NA	NA	NA	NA	NA	NA	3.00	1.00	0.00	NA	NA	350133	350133	350133
0	COMPLETED_BAR	US30	PERIOD_M1	1704232500	1704232440	1	NA	NA	NA	NA	NA	NA	NA	NA	NA	NA	NA	NA	3.00	1.00	0.00	NA	NA	350134	350134	350134
0	CURRENT_OPEN	US30	PERIOD_M1	1704232500	1704232500	0	NA	NA	NA	NA	NA	NA	NA	NA	NA	NA	NA	NA	3.00	1.00	0.00	NA	NA	350134	350134	350134
0	COMPLETED_BAR	US30	PERIOD_M1	1704232560	1704232500	1	NA	NA	NA	NA	NA	NA	NA	NA	NA	NA	NA	NA	3.00	1.00	0.00	NA	NA	350135	350135	350135
0	CURRENT_OPEN	US30	PERIOD_M1	1704232560	1704232560	0	NA	NA	NA	NA	NA	NA	NA	NA	NA	NA	NA	NA	3.00	1.00	0.00	NA	NA	350135	350135	350135
0	COMPLETED_BAR	US30	PERIOD_M1	1704232620	1704232560	1	NA	NA	NA	NA	NA	NA	NA	NA	NA	NA	NA	NA	3.00	1.00	0.00	NA	NA	350136	350136	350136
0	CURRENT_OPEN	US30	PERIOD_M1	1704232620	1704232620	0	NA	NA	NA	NA	NA	NA	NA	NA	NA	NA	NA	NA	3.00	1.00	0.00	NA	NA	350136	350136	350136
0	COMPLETED_BAR	US30	PERIOD_M1	1704232680	1704232620	1	NA	NA	NA	NA	NA	NA	NA	NA	NA	NA	NA	NA	3.00	1.00	0.00	NA	NA	350137	350137	350137
0	CURRENT_OPEN	US30	PERIOD_M1	1704232680	1704232680	0	NA	NA	NA	NA	NA	NA	NA	NA	NA	NA	NA	NA	3.00	1.00	0.00	NA	NA	350137	350137	350137
0	COMPLETED_BAR	US30	PERIOD_M1	1704232740	1704232680	1	NA	NA	NA	NA	NA	NA	NA	NA	NA	NA	NA	NA	3.00	1.00	0.00	NA	NA	350138	350138	350138
0	CURRENT_OPEN	US30	PERIOD_M1	1704232740	1704232740	0	NA	NA	NA	NA	NA	NA	NA	NA	NA	NA	NA	NA	3.00	1.00	0.00	NA	NA	350138	350138	350138
0	COMPLETED_BAR	US30	PERIOD_M1	1704232800	1704232740	1	NA	NA	NA	NA	NA	NA	NA	NA	NA	NA	NA	NA	3.00	1.00	0.00	NA	NA	350139	350139	350139
0	CURRENT_OPEN	US30	PERIOD_M1	1704232800	1704232800	0	NA	NA	NA	NA	NA	NA	NA	NA	NA	NA	NA	NA	3.00	1.00	0.00	NA	NA	350139	350139	350139
0	COMPLETED_BAR	US30	PERIOD_M1	1704232860	1704232800	1	NA	NA	NA	NA	NA	NA	NA	NA	NA	NA	NA	NA	3.00	1.00	0.00	NA	NA	350140	350140	350140
0	CURRENT_OPEN	US30	PERIOD_M1	1704232860	1704232860	0	NA	NA	NA	NA	NA	NA	NA	NA	NA	NA	NA	NA	3.00	1.00	0.00	NA	NA	350140	350140	350140
0	COMPLETED_BAR	US30	PERIOD_M1	1704232920	1704232860	1	NA	NA	NA	NA	NA	NA	NA	NA	NA	NA	NA	NA	3.00	1.00	0.00	NA	NA	350141	350141	350141
0	CURRENT_OPEN	US30	PERIOD_M1	1704232920	1704232920	0	NA	NA	NA	NA	NA	NA	NA	NA	NA	NA	NA	NA	3.00	1.00	0.00	NA	NA	350141	350141	350141
0	COMPLETED_BAR	US30	PERIOD_M1	1704232980	1704232920	1	NA	NA	NA	NA	NA	NA	NA	NA	NA	NA	NA	NA	3.00	1.00	0.00	NA	NA	350142	350142	350142
0	CURRENT_OPEN	US30	PERIOD_M1	1704232980	1704232980	0	NA	NA	NA	NA	NA	NA	NA	NA	NA	NA	NA	NA	3.00	1.00	0.00	NA	NA	350142	350142	350142
0	COMPLETED_BAR	US30	PERIOD_M1	1704233040	1704232980	1	NA	NA	NA	NA	NA	NA	NA	NA	NA	NA	NA	NA	3.00	1.00	0.00	NA	NA	350143	350143	350143
0	CURRENT_OPEN	US30	PERIOD_M1	1704233040	1704233040	0	NA	NA	NA	NA	NA	NA	NA	NA	NA	NA	NA	NA	3.00	1.00	0.00	NA	NA	350143	350143	350143
0	COMPLETED_BAR	US30	PERIOD_M1	1704233100	1704233040	1	NA	NA	NA	NA	NA	NA	NA	NA	NA	NA	NA	NA	3.00	1.00	0.00	NA	NA	350144	350144	350144
0	CURRENT_OPEN	US30	PERIOD_M1	1704233100	1704233100	0	NA	NA	NA	NA	NA	NA	NA	NA	NA	NA	NA	NA	3.00	1.00	0.00	NA	NA	350144	350144	350144
0	COMPLETED_BAR	US30	PERIOD_M1	1704233160	1704233100	1	NA	NA	NA	NA	NA	NA	NA	NA	NA	NA	NA	NA	3.00	1.00	0.00	NA	NA	350145	350145	350145
0	CURRENT_OPEN	US30	PERIOD_M1	1704233160	1704233160	0	NA	NA	NA	NA	NA	NA	NA	NA	NA	NA	NA	NA	3.00	1.00	0.00	NA	NA	350145	350145	350145
0	COMPLETED_BAR	US30	PERIOD_M1	1704233220	1704233160	1	NA	NA	NA	NA	NA	NA	NA	NA	NA	NA	NA	NA	3.00	1.00	0.00	NA	NA	350146	350146	350146
0	CURRENT_OPEN	US30	PERIOD_M1	1704233220	1704233220	0	NA	NA	NA	NA	NA	NA	NA	NA	NA	NA	NA	NA	3.00	1.00	0.00	NA	NA	350146	350146	350146
0	COMPLETED_BAR	US30	PERIOD_M1	1704233280	1704233220	1	NA	NA	NA	NA	NA	NA	NA	NA	NA	NA	NA	NA	3.00	1.00	0.00	NA	NA	350147	350147	350147
0	CURRENT_OPEN	US30	PERIOD_M1	1704233280	1704233280	0	NA	NA	NA	NA	NA	NA	NA	NA	NA	NA	NA	NA	3.00	1.00	0.00	NA	NA	350147	350147	350147
0	COMPLETED_BAR	US30	PERIOD_M1	1704233340	1704233280	1	NA	NA	NA	NA	NA	NA	NA	NA	NA	NA	NA	NA	3.00	1.00	0.00	NA	NA	350148	350148	350148
0	CURRENT_OPEN	US30	PERIOD_M1	1704233340	1704233340	0	NA	NA	NA	NA	NA	NA	NA	NA	NA	NA	NA	NA	3.00	1.00	0.00	NA	NA	350148	350148	350148
0	COMPLETED_BAR	US30	PERIOD_M1	1704233400	1704233340	1	NA	NA	NA	NA	NA	NA	NA	NA	NA	NA	NA	NA	3.00	1.00	0.00	NA	NA	350149	350149	350149
0	CURRENT_OPEN	US30	PERIOD_M1	1704233400	1704233400	0	NA	NA	NA	NA	NA	NA	NA	NA	NA	NA	NA	NA	3.00	1.00	0.00	NA	NA	350149	350149	350149
0	COMPLETED_BAR	US30	PERIOD_M1	1704233460	1704233400	1	NA	NA	NA	NA	NA	NA	NA	NA	NA	NA	NA	NA	3.00	1.00	0.00	NA	NA	350150	350150	350150
0	CURRENT_OPEN	US30	PERIOD_M1	1704233460	1704233460	0	NA	NA	NA	NA	NA	NA	NA	NA	NA	NA	NA	NA	3.00	1.00	0.00	NA	NA	350150	350150	350150
0	COMPLETED_BAR	US30	PERIOD_M1	1704233520	1704233460	1	NA	NA	NA	NA	NA	NA	NA	NA	NA	NA	NA	NA	3.00	1.00	0.00	NA	NA	350151	350151	350151
0	CURRENT_OPEN	US30	PERIOD_M1	1704233520	1704233520	0	NA	NA	NA	NA	NA	NA	NA	NA	NA	NA	NA	NA	3.00	1.00	0.00	NA	NA	350151	350151	350151
0	COMPLETED_BAR	US30	PERIOD_M1	1704233580	1704233520	1	NA	NA	NA	NA	NA	NA	NA	NA	NA	NA	NA	NA	3.00	1.00	0.00	NA	NA	350152	350152	350152
0	CURRENT_OPEN	US30	PERIOD_M1	1704233580	1704233580	0	NA	NA	NA	NA	NA	NA	NA	NA	NA	NA	NA	NA	3.00	1.00	0.00	NA	NA	350152	350152	350152
0	COMPLETED_BAR	US30	PERIOD_M1	1704233640	1704233580	1	NA	NA	NA	NA	NA	NA	NA	NA	NA	NA	NA	NA	3.00	1.00	0.00	NA	NA	350153	350153	350153
0	CURRENT_OPEN	US30	PERIOD_M1	1704233640	1704233640	0	NA	NA	NA	NA	NA	NA	NA	NA	NA	NA	NA	NA	3.00	1.00	0.00	NA	NA	350153	350153	350153
0	COMPLETED_BAR	US30	PERIOD_M1	1704233700	1704233640	1	NA	NA	NA	NA	NA	NA	NA	NA	NA	NA	NA	NA	3.00	1.00	0.00	NA	NA	350154	350154	350154
0	CURRENT_OPEN	US30	PERIOD_M1	1704233700	1704233700	0	NA	NA	NA	NA	NA	NA	NA	NA	NA	NA	NA	NA	3.00	1.00	0.00	NA	NA	350154	350154	350154
0	COMPLETED_BAR	US30	PERIOD_M1	1704233760	1704233700	1	NA	NA	NA	NA	NA	NA	NA	NA	NA	NA	NA	NA	3.00	1.00	0.00	NA	NA	350155	350155	350155
0	CURRENT_OPEN	US30	PERIOD_M1	1704233760	1704233760	0	NA	NA	NA	NA	NA	NA	NA	NA	NA	NA	NA	NA	3.00	1.00	0.00	NA	NA	350155	350155	350155
0	COMPLETED_BAR	US30	PERIOD_M1	1704233820	1704233760	1	NA	NA	NA	NA	NA	NA	NA	NA	NA	NA	NA	NA	3.00	1.00	0.00	NA	NA	350156	350156	350156
0	CURRENT_OPEN	US30	PERIOD_M1	1704233820	1704233820	0	NA	NA	NA	NA	NA	NA	NA	NA	NA	NA	NA	NA	3.00	1.00	0.00	NA	NA	350156	350156	350156
0	COMPLETED_BAR	US30	PERIOD_M1	1704233880	1704233820	1	NA	NA	NA	NA	NA	NA	NA	NA	NA	NA	NA	NA	3.00	1.00	0.00	NA	NA	350157	350157	350157
0	CURRENT_OPEN	US30	PERIOD_M1	1704233880	1704233880	0	NA	NA	NA	NA	NA	NA	NA	NA	NA	NA	NA	NA	3.00	1.00	0.00	NA	NA	350157	350157	350157
0	COMPLETED_BAR	US30	PERIOD_M1	1704233940	1704233880	1	NA	NA	NA	NA	NA	NA	NA	NA	NA	NA	NA	NA	3.00	1.00	0.00	NA	NA	350158	350158	350158
0	CURRENT_OPEN	US30	PERIOD_M1	1704233940	1704233940	0	NA	NA	NA	NA	NA	NA	NA	NA	NA	NA	NA	NA	3.00	1.00	0.00	NA	NA	350158	350158	350158
0	COMPLETED_BAR	US30	PERIOD_M1	1704234000	1704233940	1	NA	NA	NA	NA	NA	NA	NA	NA	NA	NA	NA	NA	3.00	1.00	0.00	NA	NA	350159	350159	350159
0	CURRENT_OPEN	US30	PERIOD_M1	1704234000	1704234000	0	NA	NA	NA	NA	NA	NA	NA	NA	NA	NA	NA	NA	3.00	1.00	0.00	NA	NA	350159	350159	350159
0	COMPLETED_BAR	US30	PERIOD_M1	1704234060	1704234000	1	NA	NA	NA	NA	NA	NA	NA	NA	NA	NA	NA	NA	3.00	1.00	0.00	NA	NA	350160	350160	350160
0	CURRENT_OPEN	US30	PERIOD_M1	1704234060	1704234060	0	NA	NA	NA	NA	NA	NA	NA	NA	NA	NA	NA	NA	3.00	1.00	0.00	NA	NA	350160	350160	350160
0	COMPLETED_BAR	US30	PERIOD_M1	1704234120	1704234060	1	NA	NA	NA	NA	NA	NA	NA	NA	NA	NA	NA	NA	3.00	1.00	0.00	NA	NA	350161	350161	350161
0	CURRENT_OPEN	US30	PERIOD_M1	1704234120	1704234120	0	NA	NA	NA	NA	NA	NA	NA	NA	NA	NA	NA	NA	3.00	1.00	0.00	NA	NA	350161	350161	350161
0	COMPLETED_BAR	US30	PERIOD_M1	1704234180	1704234120	1	NA	NA	NA	NA	NA	NA	NA	NA	NA	NA	NA	NA	3.00	1.00	0.00	NA	NA	350162	350162	350162
0	CURRENT_OPEN	US30	PERIOD_M1	1704234180	1704234180	0	NA	NA	NA	NA	NA	NA	NA	NA	NA	NA	NA	NA	3.00	1.00	0.00	NA	NA	350162	350162	350162
0	COMPLETED_BAR	US30	PERIOD_M1	1704234240	1704234180	1	NA	NA	NA	NA	NA	NA	NA	NA	NA	NA	NA	NA	3.00	1.00	0.00	NA	NA	350163	350163	350163
0	CURRENT_OPEN	US30	PERIOD_M1	1704234240	1704234240	0	NA	NA	NA	NA	NA	NA	NA	NA	NA	NA	NA	NA	3.00	1.00	0.00	NA	NA	350163	350163	350163
0	COMPLETED_BAR	US30	PERIOD_M1	1704234300	1704234240	1	NA	NA	NA	NA	NA	NA	NA	NA	NA	NA	NA	NA	3.00	1.00	0.00	NA	NA	350164	350164	350164
0	CURRENT_OPEN	US30	PERIOD_M1	1704234300	1704234300	0	NA	NA	NA	NA	NA	NA	NA	NA	NA	NA	NA	NA	3.00	1.00	0.00	NA	NA	350164	350164	350164
0	COMPLETED_BAR	US30	PERIOD_M1	1704234360	1704234300	1	NA	NA	NA	NA	NA	NA	NA	NA	NA	NA	NA	NA	3.00	1.00	0.00	NA	NA	350165	350165	350165
0	CURRENT_OPEN	US30	PERIOD_M1	1704234360	1704234360	0	NA	NA	NA	NA	NA	NA	NA	NA	NA	NA	NA	NA	3.00	1.00	0.00	NA	NA	350165	350165	350165
0	COMPLETED_BAR	US30	PERIOD_M1	1704234420	1704234360	1	NA	NA	NA	NA	NA	NA	NA	NA	NA	NA	NA	NA	3.00	1.00	0.00	NA	NA	350166	350166	350166
0	CURRENT_OPEN	US30	PERIOD_M1	1704234420	1704234420	0	NA	NA	NA	NA	NA	NA	NA	NA	NA	NA	NA	NA	3.00	1.00	0.00	NA	NA	350166	350166	350166
0	COMPLETED_BAR	US30	PERIOD_M1	1704234480	1704234420	1	NA	NA	NA	NA	NA	NA	NA	NA	NA	NA	NA	NA	3.00	1.00	0.00	NA	NA	350167	350167	350167
0	CURRENT_OPEN	US30	PERIOD_M1	1704234480	1704234480	0	NA	NA	NA	NA	NA	NA	NA	NA	NA	NA	NA	NA	3.00	1.00	0.00	NA	NA	350167	350167	350167
0	COMPLETED_BAR	US30	PERIOD_M1	1704234540	1704234480	1	NA	NA	NA	NA	NA	NA	NA	NA	NA	NA	NA	NA	3.00	1.00	0.00	NA	NA	350168	350168	350168
0	CURRENT_OPEN	US30	PERIOD_M1	1704234540	1704234540	0	NA	NA	NA	NA	NA	NA	NA	NA	NA	NA	NA	NA	3.00	1.00	0.00	NA	NA	350168	350168	350168
0	COMPLETED_BAR	US30	PERIOD_M1	1704234600	1704234540	1	NA	NA	NA	NA	NA	NA	NA	NA	NA	NA	NA	NA	3.00	1.00	0.00	NA	NA	350169	350169	350169
0	CURRENT_OPEN	US30	PERIOD_M1	1704234600	1704234600	0	NA	NA	NA	NA	NA	NA	NA	NA	NA	NA	NA	NA	3.00	1.00	0.00	NA	NA	350169	350169	350169
0	COMPLETED_BAR	US30	PERIOD_M1	1704234660	1704234600	1	NA	NA	NA	NA	NA	NA	NA	NA	NA	NA	NA	NA	3.00	1.00	0.00	NA	NA	350170	350170	350170
0	CURRENT_OPEN	US30	PERIOD_M1	1704234660	1704234660	0	NA	NA	NA	NA	NA	NA	NA	NA	NA	NA	NA	NA	3.00	1.00	0.00	NA	NA	350170	350170	350170
0	COMPLETED_BAR	US30	PERIOD_M1	1704234720	1704234660	1	NA	NA	NA	NA	NA	NA	NA	NA	NA	NA	NA	NA	3.00	1.00	0.00	NA	NA	350171	350171	350171
0	CURRENT_OPEN	US30	PERIOD_M1	1704234720	1704234720	0	NA	NA	NA	NA	NA	NA	NA	NA	NA	NA	NA	NA	3.00	1.00	0.00	NA	NA	350171	350171	350171
0	COMPLETED_BAR	US30	PERIOD_M1	1704234780	1704234720	1	NA	NA	NA	NA	NA	NA	NA	NA	NA	NA	NA	NA	3.00	1.00	0.00	NA	NA	350172	350172	350172
0	CURRENT_OPEN	US30	PERIOD_M1	1704234780	1704234780	0	NA	NA	NA	NA	NA	NA	NA	NA	NA	NA	NA	NA	3.00	1.00	0.00	NA	NA	350172	350172	350172
0	COMPLETED_BAR	US30	PERIOD_M1	1704234840	1704234780	1	NA	NA	NA	NA	NA	NA	NA	NA	NA	NA	NA	NA	3.00	1.00	0.00	NA	NA	350173	350173	350173
0	CURRENT_OPEN	US30	PERIOD_M1	1704234840	1704234840	0	NA	NA	NA	NA	NA	NA	NA	NA	NA	NA	NA	NA	3.00	1.00	0.00	NA	NA	350173	350173	350173
0	COMPLETED_BAR	US30	PERIOD_M1	1704234900	1704234840	1	NA	NA	NA	NA	NA	NA	NA	NA	NA	NA	NA	NA	3.00	1.00	0.00	NA	NA	350174	350174	350174
0	CURRENT_OPEN	US30	PERIOD_M1	1704234900	1704234900	0	NA	NA	NA	NA	NA	NA	NA	NA	NA	NA	NA	NA	3.00	1.00	0.00	NA	NA	350174	350174	350174
0	COMPLETED_BAR	US30	PERIOD_M1	1704234960	1704234900	1	NA	NA	NA	NA	NA	NA	NA	NA	NA	NA	NA	NA	3.00	1.00	0.00	NA	NA	350175	350175	350175
0	CURRENT_OPEN	US30	PERIOD_M1	1704234960	1704234960	0	NA	NA	NA	NA	NA	NA	NA	NA	NA	NA	NA	NA	3.00	1.00	0.00	NA	NA	350175	350175	350175
0	COMPLETED_BAR	US30	PERIOD_M1	1704235020	1704234960	1	NA	NA	NA	NA	NA	NA	NA	NA	NA	NA	NA	NA	3.00	1.00	0.00	NA	NA	350176	350176	350176
0	CURRENT_OPEN	US30	PERIOD_M1	1704235020	1704235020	0	NA	NA	NA	NA	NA	NA	NA	NA	NA	NA	NA	NA	3.00	1.00	0.00	NA	NA	350176	350176	350176
0	COMPLETED_BAR	US30	PERIOD_M1	1704235080	1704235020	1	NA	NA	NA	NA	NA	NA	NA	NA	NA	NA	NA	NA	3.00	1.00	0.00	NA	NA	350177	350177	350177
0	CURRENT_OPEN	US30	PERIOD_M1	1704235080	1704235080	0	NA	NA	NA	NA	NA	NA	NA	NA	NA	NA	NA	NA	3.00	1.00	0.00	NA	NA	350177	350177	350177
0	COMPLETED_BAR	US30	PERIOD_M1	1704235140	1704235080	1	NA	NA	NA	NA	NA	NA	NA	NA	NA	NA	NA	NA	3.00	1.00	0.00	NA	NA	350178	350178	350178
0	CURRENT_OPEN	US30	PERIOD_M1	1704235140	1704235140	0	NA	NA	NA	NA	NA	NA	NA	NA	NA	NA	NA	NA	3.00	1.00	0.00	NA	NA	350178	350178	350178
0	COMPLETED_BAR	US30	PERIOD_M1	1704235200	1704235140	1	NA	NA	NA	NA	NA	NA	NA	NA	NA	NA	NA	NA	3.00	1.00	0.00	NA	NA	350179	350179	350179
0	CURRENT_OPEN	US30	PERIOD_M1	1704235200	1704235200	0	NA	NA	NA	NA	NA	NA	NA	NA	NA	NA	NA	NA	3.00	1.00	0.00	NA	NA	350179	350179	350179
0	COMPLETED_BAR	US30	PERIOD_M1	1704235260	1704235200	1	NA	NA	NA	NA	NA	NA	NA	NA	NA	NA	NA	NA	3.00	1.00	0.00	NA	NA	350180	350180	350180
0	CURRENT_OPEN	US30	PERIOD_M1	1704235260	1704235260	0	NA	NA	NA	NA	NA	NA	NA	NA	NA	NA	NA	NA	3.00	1.00	0.00	NA	NA	350180	350180	350180
0	COMPLETED_BAR	US30	PERIOD_M1	1704235320	1704235260	1	NA	NA	NA	NA	NA	NA	NA	NA	NA	NA	NA	NA	3.00	1.00	0.00	NA	NA	350181	350181	350181
0	CURRENT_OPEN	US30	PERIOD_M1	1704235320	1704235320	0	NA	NA	NA	NA	NA	NA	NA	NA	NA	NA	NA	NA	3.00	1.00	0.00	NA	NA	350181	350181	350181
0	COMPLETED_BAR	US30	PERIOD_M1	1704235380	1704235320	1	NA	NA	NA	NA	NA	NA	NA	NA	NA	NA	NA	NA	3.00	1.00	0.00	NA	NA	350182	350182	350182
0	CURRENT_OPEN	US30	PERIOD_M1	1704235380	1704235380	0	NA	NA	NA	NA	NA	NA	NA	NA	NA	NA	NA	NA	3.00	1.00	0.00	NA	NA	350182	350182	350182
0	COMPLETED_BAR	US30	PERIOD_M1	1704235440	1704235380	1	NA	NA	NA	NA	NA	NA	NA	NA	NA	NA	NA	NA	3.00	1.00	0.00	NA	NA	350183	350183	350183
0	CURRENT_OPEN	US30	PERIOD_M1	1704235440	1704235440	0	NA	NA	NA	NA	NA	NA	NA	NA	NA	NA	NA	NA	3.00	1.00	0.00	NA	NA	350183	350183	350183
0	COMPLETED_BAR	US30	PERIOD_M1	1704235500	1704235440	1	NA	NA	NA	NA	NA	NA	NA	NA	NA	NA	NA	NA	3.00	1.00	0.00	NA	NA	350184	350184	350184
0	CURRENT_OPEN	US30	PERIOD_M1	1704235500	1704235500	0	NA	NA	NA	NA	NA	NA	NA	NA	NA	NA	NA	NA	3.00	1.00	0.00	NA	NA	350184	350184	350184
0	COMPLETED_BAR	US30	PERIOD_M1	1704235560	1704235500	1	NA	NA	NA	NA	NA	NA	NA	NA	NA	NA	NA	NA	3.00	1.00	0.00	NA	NA	350185	350185	350185
0	CURRENT_OPEN	US30	PERIOD_M1	1704235560	1704235560	0	NA	NA	NA	NA	NA	NA	NA	NA	NA	NA	NA	NA	3.00	1.00	0.00	NA	NA	350185	350185	350185
0	COMPLETED_BAR	US30	PERIOD_M1	1704235620	1704235560	1	NA	NA	NA	NA	NA	NA	NA	NA	NA	NA	NA	NA	3.00	1.00	0.00	NA	NA	350186	350186	350186
0	CURRENT_OPEN	US30	PERIOD_M1	1704235620	1704235620	0	NA	NA	NA	NA	NA	NA	NA	NA	NA	NA	NA	NA	3.00	1.00	0.00	NA	NA	350186	350186	350186
0	COMPLETED_BAR	US30	PERIOD_M1	1704235680	1704235620	1	NA	NA	NA	NA	NA	NA	NA	NA	NA	NA	NA	NA	3.00	1.00	0.00	NA	NA	350187	350187	350187
0	CURRENT_OPEN	US30	PERIOD_M1	1704235680	1704235680	0	NA	NA	NA	NA	NA	NA	NA	NA	NA	NA	NA	NA	3.00	1.00	0.00	NA	NA	350187	350187	350187
0	COMPLETED_BAR	US30	PERIOD_M1	1704235740	1704235680	1	NA	NA	NA	NA	NA	NA	NA	NA	NA	NA	NA	NA	3.00	1.00	0.00	NA	NA	350188	350188	350188
0	CURRENT_OPEN	US30	PERIOD_M1	1704235740	1704235740	0	NA	NA	NA	NA	NA	NA	NA	NA	NA	NA	NA	NA	3.00	1.00	0.00	NA	NA	350188	350188	350188
0	COMPLETED_BAR	US30	PERIOD_M1	1704235800	1704235740	1	NA	NA	NA	NA	NA	NA	NA	NA	NA	NA	NA	NA	3.00	1.00	0.00	NA	NA	350189	350189	350189
0	CURRENT_OPEN	US30	PERIOD_M1	1704235800	1704235800	0	NA	NA	NA	NA	NA	NA	NA	NA	NA	NA	NA	NA	3.00	1.00	0.00	NA	NA	350189	350189	350189
0	COMPLETED_BAR	US30	PERIOD_M1	1704235860	1704235800	1	NA	NA	NA	NA	NA	NA	NA	NA	NA	NA	NA	NA	3.00	1.00	0.00	NA	NA	350190	350190	350190
0	CURRENT_OPEN	US30	PERIOD_M1	1704235860	1704235860	0	NA	NA	NA	NA	NA	NA	NA	NA	NA	NA	NA	NA	3.00	1.00	0.00	NA	NA	350190	350190	350190
0	COMPLETED_BAR	US30	PERIOD_M1	1704235920	1704235860	1	NA	NA	NA	NA	NA	NA	NA	NA	NA	NA	NA	NA	3.00	1.00	0.00	NA	NA	350191	350191	350191
0	CURRENT_OPEN	US30	PERIOD_M1	1704235920	1704235920	0	NA	NA	NA	NA	NA	NA	NA	NA	NA	NA	NA	NA	3.00	1.00	0.00	NA	NA	350191	350191	350191
0	COMPLETED_BAR	US30	PERIOD_M1	1704235980	1704235920	1	NA	NA	NA	NA	NA	NA	NA	NA	NA	NA	NA	NA	3.00	1.00	0.00	NA	NA	350192	350192	350192
0	CURRENT_OPEN	US30	PERIOD_M1	1704235980	1704235980	0	NA	NA	NA	NA	NA	NA	NA	NA	NA	NA	NA	NA	3.00	1.00	0.00	NA	NA	350192	350192	350192
0	COMPLETED_BAR	US30	PERIOD_M1	1704236040	1704235980	1	NA	NA	NA	NA	NA	NA	NA	NA	NA	NA	NA	NA	3.00	1.00	0.00	NA	NA	350193	350193	350193
0	CURRENT_OPEN	US30	PERIOD_M1	1704236040	1704236040	0	NA	NA	NA	NA	NA	NA	NA	NA	NA	NA	NA	NA	3.00	1.00	0.00	NA	NA	350193	350193	350193
0	COMPLETED_BAR	US30	PERIOD_M1	1704236100	1704236040	1	NA	NA	NA	NA	NA	NA	NA	NA	NA	NA	NA	NA	3.00	1.00	0.00	NA	NA	350194	350194	350194
0	CURRENT_OPEN	US30	PERIOD_M1	1704236100	1704236100	0	NA	NA	NA	NA	NA	NA	NA	NA	NA	NA	NA	NA	3.00	1.00	0.00	NA	NA	350194	350194	350194
0	COMPLETED_BAR	US30	PERIOD_M1	1704236160	1704236100	1	NA	NA	NA	NA	NA	NA	NA	NA	NA	NA	NA	NA	3.00	1.00	0.00	NA	NA	350195	350195	350195
0	CURRENT_OPEN	US30	PERIOD_M1	1704236160	1704236160	0	NA	NA	NA	NA	NA	NA	NA	NA	NA	NA	NA	NA	3.00	1.00	0.00	NA	NA	350195	350195	350195
0	COMPLETED_BAR	US30	PERIOD_M1	1704236220	1704236160	1	NA	NA	NA	NA	NA	NA	NA	NA	NA	NA	NA	NA	3.00	1.00	0.00	NA	NA	350196	350196	350196
0	CURRENT_OPEN	US30	PERIOD_M1	1704236220	1704236220	0	NA	NA	NA	NA	NA	NA	NA	NA	NA	NA	NA	NA	3.00	1.00	0.00	NA	NA	350196	350196	350196
0	COMPLETED_BAR	US30	PERIOD_M1	1704236280	1704236220	1	NA	NA	NA	NA	NA	NA	NA	NA	NA	NA	NA	NA	3.00	1.00	0.00	NA	NA	350197	350197	350197
0	CURRENT_OPEN	US30	PERIOD_M1	1704236280	1704236280	0	NA	NA	NA	NA	NA	NA	NA	NA	NA	NA	NA	NA	3.00	1.00	0.00	NA	NA	350197	350197	350197
0	COMPLETED_BAR	US30	PERIOD_M1	1704236340	1704236280	1	NA	NA	NA	NA	NA	NA	NA	NA	NA	NA	NA	NA	3.00	1.00	0.00	NA	NA	350198	350198	350198
0	CURRENT_OPEN	US30	PERIOD_M1	1704236340	1704236340	0	NA	NA	NA	NA	NA	NA	NA	NA	NA	NA	NA	NA	3.00	1.00	0.00	NA	NA	350198	350198	350198
0	COMPLETED_BAR	US30	PERIOD_M1	1704236400	1704236340	1	NA	NA	NA	NA	NA	NA	NA	NA	NA	NA	NA	NA	3.00	1.00	0.00	NA	NA	350199	350199	350199
0	CURRENT_OPEN	US30	PERIOD_M1	1704236400	1704236400	0	NA	NA	NA	NA	NA	NA	NA	NA	NA	NA	NA	NA	3.00	1.00	0.00	NA	NA	350199	350199	350199
0	COMPLETED_BAR	US30	PERIOD_M1	1704236460	1704236400	1	NA	NA	NA	NA	NA	NA	NA	NA	NA	NA	NA	NA	3.00	1.00	0.00	NA	NA	350200	350200	350200
0	CURRENT_OPEN	US30	PERIOD_M1	1704236460	1704236460	0	NA	NA	NA	NA	NA	NA	NA	NA	NA	NA	NA	NA	3.00	1.00	0.00	NA	NA	350200	350200	350200
0	COMPLETED_BAR	US30	PERIOD_M1	1704236520	1704236460	1	NA	NA	NA	NA	NA	NA	NA	NA	NA	NA	NA	NA	3.00	1.00	0.00	NA	NA	350201	350201	350201
0	CURRENT_OPEN	US30	PERIOD_M1	1704236520	1704236520	0	NA	NA	NA	NA	NA	NA	NA	NA	NA	NA	NA	NA	3.00	1.00	0.00	NA	NA	350201	350201	350201
0	COMPLETED_BAR	US30	PERIOD_M1	1704236580	1704236520	1	NA	NA	NA	NA	NA	NA	NA	NA	NA	NA	NA	NA	3.00	1.00	0.00	NA	NA	350202	350202	350202
0	CURRENT_OPEN	US30	PERIOD_M1	1704236580	1704236580	0	NA	NA	NA	NA	NA	NA	NA	NA	NA	NA	NA	NA	3.00	1.00	0.00	NA	NA	350202	350202	350202
0	COMPLETED_BAR	US30	PERIOD_M1	1704236640	1704236580	1	NA	NA	NA	NA	NA	NA	NA	NA	NA	NA	NA	NA	3.00	1.00	0.00	NA	NA	350203	350203	350203
0	CURRENT_OPEN	US30	PERIOD_M1	1704236640	1704236640	0	NA	NA	NA	NA	NA	NA	NA	NA	NA	NA	NA	NA	3.00	1.00	0.00	NA	NA	350203	350203	350203
0	COMPLETED_BAR	US30	PERIOD_M1	1704236700	1704236640	1	NA	NA	NA	NA	NA	NA	NA	NA	NA	NA	NA	NA	3.00	1.00	0.00	NA	NA	350204	350204	350204
0	CURRENT_OPEN	US30	PERIOD_M1	1704236700	1704236700	0	NA	NA	NA	NA	NA	NA	NA	NA	NA	NA	NA	NA	3.00	1.00	0.00	NA	NA	350204	350204	350204
0	COMPLETED_BAR	US30	PERIOD_M1	1704236760	1704236700	1	NA	NA	NA	NA	NA	NA	NA	NA	NA	NA	NA	NA	3.00	1.00	0.00	NA	NA	350205	350205	350205
0	CURRENT_OPEN	US30	PERIOD_M1	1704236760	1704236760	0	NA	NA	NA	NA	NA	NA	NA	NA	NA	NA	NA	NA	3.00	1.00	0.00	NA	NA	350205	350205	350205
0	COMPLETED_BAR	US30	PERIOD_M1	1704236820	1704236760	1	NA	NA	NA	NA	NA	NA	NA	NA	NA	NA	NA	NA	3.00	1.00	0.00	NA	NA	350206	350206	350206
0	CURRENT_OPEN	US30	PERIOD_M1	1704236820	1704236820	0	NA	NA	NA	NA	NA	NA	NA	NA	NA	NA	NA	NA	3.00	1.00	0.00	NA	NA	350206	350206	350206
0	COMPLETED_BAR	US30	PERIOD_M1	1704236880	1704236820	1	NA	NA	NA	NA	NA	NA	NA	NA	NA	NA	NA	NA	3.00	1.00	0.00	NA	NA	350207	350207	350207
0	CURRENT_OPEN	US30	PERIOD_M1	1704236880	1704236880	0	NA	NA	NA	NA	NA	NA	NA	NA	NA	NA	NA	NA	3.00	1.00	0.00	NA	NA	350207	350207	350207
0	COMPLETED_BAR	US30	PERIOD_M1	1704236940	1704236880	1	NA	NA	NA	NA	NA	NA	NA	NA	NA	NA	NA	NA	3.00	1.00	0.00	NA	NA	350208	350208	350208
0	CURRENT_OPEN	US30	PERIOD_M1	1704236940	1704236940	0	NA	NA	NA	NA	NA	NA	NA	NA	NA	NA	NA	NA	3.00	1.00	0.00	NA	NA	350208	350208	350208
0	COMPLETED_BAR	US30	PERIOD_M1	1704237000	1704236940	1	NA	NA	NA	NA	NA	NA	NA	NA	NA	NA	NA	NA	3.00	1.00	0.00	NA	NA	350209	350209	350209
0	CURRENT_OPEN	US30	PERIOD_M1	1704237000	1704237000	0	NA	NA	NA	NA	NA	NA	NA	NA	NA	NA	NA	NA	3.00	1.00	0.00	NA	NA	350209	350209	350209
0	COMPLETED_BAR	US30	PERIOD_M1	1704237060	1704237000	1	NA	NA	NA	NA	NA	NA	NA	NA	NA	NA	NA	NA	3.00	1.00	0.00	NA	NA	350210	350210	350210
0	CURRENT_OPEN	US30	PERIOD_M1	1704237060	1704237060	0	NA	NA	NA	NA	NA	NA	NA	NA	NA	NA	NA	NA	3.00	1.00	0.00	NA	NA	350210	350210	350210
0	COMPLETED_BAR	US30	PERIOD_M1	1704237120	1704237060	1	NA	NA	NA	NA	NA	NA	NA	NA	NA	NA	NA	NA	3.00	1.00	0.00	NA	NA	350211	350211	350211
0	CURRENT_OPEN	US30	PERIOD_M1	1704237120	1704237120	0	NA	NA	NA	NA	NA	NA	NA	NA	NA	NA	NA	NA	3.00	1.00	0.00	NA	NA	350211	350211	350211
0	COMPLETED_BAR	US30	PERIOD_M1	1704237180	1704237120	1	NA	NA	NA	NA	NA	NA	NA	NA	NA	NA	NA	NA	3.00	1.00	0.00	NA	NA	350212	350212	350212
0	CURRENT_OPEN	US30	PERIOD_M1	1704237180	1704237180	0	NA	NA	NA	NA	NA	NA	NA	NA	NA	NA	NA	NA	3.00	1.00	0.00	NA	NA	350212	350212	350212
0	COMPLETED_BAR	US30	PERIOD_M1	1704237240	1704237180	1	NA	NA	NA	NA	NA	NA	NA	NA	NA	NA	NA	NA	3.00	1.00	0.00	NA	NA	350213	350213	350213
0	CURRENT_OPEN	US30	PERIOD_M1	1704237240	1704237240	0	NA	NA	NA	NA	NA	NA	NA	NA	NA	NA	NA	NA	3.00	1.00	0.00	NA	NA	350213	350213	350213
0	COMPLETED_BAR	US30	PERIOD_M1	1704237300	1704237240	1	NA	NA	NA	NA	NA	NA	NA	NA	NA	NA	NA	NA	3.00	1.00	0.00	NA	NA	350214	350214	350214
0	CURRENT_OPEN	US30	PERIOD_M1	1704237300	1704237300	0	NA	NA	NA	NA	NA	NA	NA	NA	NA	NA	NA	NA	3.00	1.00	0.00	NA	NA	350214	350214	350214
0	COMPLETED_BAR	US30	PERIOD_M1	1704237360	1704237300	1	NA	NA	NA	NA	NA	NA	NA	NA	NA	NA	NA	NA	3.00	1.00	0.00	NA	NA	350215	350215	350215
0	CURRENT_OPEN	US30	PERIOD_M1	1704237360	1704237360	0	NA	NA	NA	NA	NA	NA	NA	NA	NA	NA	NA	NA	3.00	1.00	0.00	NA	NA	350215	350215	350215
0	COMPLETED_BAR	US30	PERIOD_M1	1704237420	1704237360	1	NA	NA	NA	NA	NA	NA	NA	NA	NA	NA	NA	NA	3.00	1.00	0.00	NA	NA	350216	350216	350216
0	CURRENT_OPEN	US30	PERIOD_M1	1704237420	1704237420	0	NA	NA	NA	NA	NA	NA	NA	NA	NA	NA	NA	NA	3.00	1.00	0.00	NA	NA	350216	350216	350216
0	COMPLETED_BAR	US30	PERIOD_M1	1704237480	1704237420	1	NA	NA	NA	NA	NA	NA	NA	NA	NA	NA	NA	NA	3.00	1.00	0.00	NA	NA	350217	350217	350217
0	CURRENT_OPEN	US30	PERIOD_M1	1704237480	1704237480	0	NA	NA	NA	NA	NA	NA	NA	NA	NA	NA	NA	NA	3.00	1.00	0.00	NA	NA	350217	350217	350217
0	COMPLETED_BAR	US30	PERIOD_M1	1704237540	1704237480	1	NA	NA	NA	NA	NA	NA	NA	NA	NA	NA	NA	NA	3.00	1.00	0.00	NA	NA	350218	350218	350218
0	CURRENT_OPEN	US30	PERIOD_M1	1704237540	1704237540	0	NA	NA	NA	NA	NA	NA	NA	NA	NA	NA	NA	NA	3.00	1.00	0.00	NA	NA	350218	350218	350218
0	COMPLETED_BAR	US30	PERIOD_M1	1704237600	1704237540	1	NA	NA	NA	NA	NA	NA	NA	NA	NA	NA	NA	NA	3.00	1.00	0.00	NA	NA	350219	350219	350219
0	CURRENT_OPEN	US30	PERIOD_M1	1704237600	1704237600	0	NA	NA	NA	NA	NA	NA	NA	NA	NA	NA	NA	NA	3.00	1.00	0.00	NA	NA	350219	350219	350219
0	COMPLETED_BAR	US30	PERIOD_M1	1704237660	1704237600	1	NA	NA	NA	NA	NA	NA	NA	NA	NA	NA	NA	NA	3.00	1.00	0.00	NA	NA	350220	350220	350220
0	CURRENT_OPEN	US30	PERIOD_M1	1704237660	1704237660	0	NA	NA	NA	NA	NA	NA	NA	NA	NA	NA	NA	NA	3.00	1.00	0.00	NA	NA	350220	350220	350220
0	COMPLETED_BAR	US30	PERIOD_M1	1704237720	1704237660	1	NA	NA	NA	NA	NA	NA	NA	NA	NA	NA	NA	NA	3.00	1.00	0.00	NA	NA	350221	350221	350221
0	CURRENT_OPEN	US30	PERIOD_M1	1704237720	1704237720	0	NA	NA	NA	NA	NA	NA	NA	NA	NA	NA	NA	NA	3.00	1.00	0.00	NA	NA	350221	350221	350221
0	COMPLETED_BAR	US30	PERIOD_M1	1704237780	1704237720	1	NA	NA	NA	NA	NA	NA	NA	NA	NA	NA	NA	NA	3.00	1.00	0.00	NA	NA	350222	350222	350222
0	CURRENT_OPEN	US30	PERIOD_M1	1704237780	1704237780	0	NA	NA	NA	NA	NA	NA	NA	NA	NA	NA	NA	NA	3.00	1.00	0.00	NA	NA	350222	350222	350222
0	COMPLETED_BAR	US30	PERIOD_M1	1704237840	1704237780	1	NA	NA	NA	NA	NA	NA	NA	NA	NA	NA	NA	NA	3.00	1.00	0.00	NA	NA	350223	350223	350223
0	CURRENT_OPEN	US30	PERIOD_M1	1704237840	1704237840	0	NA	NA	NA	NA	NA	NA	NA	NA	NA	NA	NA	NA	3.00	1.00	0.00	NA	NA	350223	350223	350223
0	COMPLETED_BAR	US30	PERIOD_M1	1704237900	1704237840	1	NA	NA	NA	NA	NA	NA	NA	NA	NA	NA	NA	NA	3.00	1.00	0.00	NA	NA	350224	350224	350224
0	CURRENT_OPEN	US30	PERIOD_M1	1704237900	1704237900	0	NA	NA	NA	NA	NA	NA	NA	NA	NA	NA	NA	NA	3.00	1.00	0.00	NA	NA	350224	350224	350224
0	COMPLETED_BAR	US30	PERIOD_M1	1704237960	1704237900	1	NA	NA	NA	NA	NA	NA	NA	NA	NA	NA	NA	NA	3.00	1.00	0.00	NA	NA	350225	350225	350225
0	CURRENT_OPEN	US30	PERIOD_M1	1704237960	1704237960	0	NA	NA	NA	NA	NA	NA	NA	NA	NA	NA	NA	NA	3.00	1.00	0.00	NA	NA	350225	350225	350225
0	COMPLETED_BAR	US30	PERIOD_M1	1704238020	1704237960	1	NA	NA	NA	NA	NA	NA	NA	NA	NA	NA	NA	NA	3.00	1.00	0.00	NA	NA	350226	350226	350226
0	CURRENT_OPEN	US30	PERIOD_M1	1704238020	1704238020	0	NA	NA	NA	NA	NA	NA	NA	NA	NA	NA	NA	NA	3.00	1.00	0.00	NA	NA	350226	350226	350226
0	COMPLETED_BAR	US30	PERIOD_M1	1704238080	1704238020	1	NA	NA	NA	NA	NA	NA	NA	NA	NA	NA	NA	NA	3.00	1.00	0.00	NA	NA	350227	350227	350227
0	CURRENT_OPEN	US30	PERIOD_M1	1704238080	1704238080	0	NA	NA	NA	NA	NA	NA	NA	NA	NA	NA	NA	NA	3.00	1.00	0.00	NA	NA	350227	350227	350227
0	COMPLETED_BAR	US30	PERIOD_M1	1704238140	1704238080	1	NA	NA	NA	NA	NA	NA	NA	NA	NA	NA	NA	NA	3.00	1.00	0.00	NA	NA	350228	350228	350228
0	CURRENT_OPEN	US30	PERIOD_M1	1704238140	1704238140	0	NA	NA	NA	NA	NA	NA	NA	NA	NA	NA	NA	NA	3.00	1.00	0.00	NA	NA	350228	350228	350228
0	COMPLETED_BAR	US30	PERIOD_M1	1704238200	1704238140	1	NA	NA	NA	NA	NA	NA	NA	NA	NA	NA	NA	NA	3.00	1.00	0.00	NA	NA	350229	350229	350229
0	CURRENT_OPEN	US30	PERIOD_M1	1704238200	1704238200	0	NA	NA	NA	NA	NA	NA	NA	NA	NA	NA	NA	NA	3.00	1.00	0.00	NA	NA	350229	350229	350229
0	COMPLETED_BAR	US30	PERIOD_M1	1704238260	1704238200	1	NA	NA	NA	NA	NA	NA	NA	NA	NA	NA	NA	NA	3.00	1.00	0.00	NA	NA	350230	350230	350230
0	CURRENT_OPEN	US30	PERIOD_M1	1704238260	1704238260	0	NA	NA	NA	NA	NA	NA	NA	NA	NA	NA	NA	NA	3.00	1.00	0.00	NA	NA	350230	350230	350230
0	COMPLETED_BAR	US30	PERIOD_M1	1704238320	1704238260	1	NA	NA	NA	NA	NA	NA	NA	NA	NA	NA	NA	NA	3.00	1.00	0.00	NA	NA	350231	350231	350231
0	CURRENT_OPEN	US30	PERIOD_M1	1704238320	1704238320	0	NA	NA	NA	NA	NA	NA	NA	NA	NA	NA	NA	NA	3.00	1.00	0.00	NA	NA	350231	350231	350231
0	COMPLETED_BAR	US30	PERIOD_M1	1704238380	1704238320	1	NA	NA	NA	NA	NA	NA	NA	NA	NA	NA	NA	NA	3.00	1.00	0.00	NA	NA	350232	350232	350232
0	CURRENT_OPEN	US30	PERIOD_M1	1704238380	1704238380	0	NA	NA	NA	NA	NA	NA	NA	NA	NA	NA	NA	NA	3.00	1.00	0.00	NA	NA	350232	350232	350232
0	COMPLETED_BAR	US30	PERIOD_M1	1704238440	1704238380	1	NA	NA	NA	NA	NA	NA	NA	NA	NA	NA	NA	NA	3.00	1.00	0.00	NA	NA	350233	350233	350233
0	CURRENT_OPEN	US30	PERIOD_M1	1704238440	1704238440	0	NA	NA	NA	NA	NA	NA	NA	NA	NA	NA	NA	NA	3.00	1.00	0.00	NA	NA	350233	350233	350233
0	COMPLETED_BAR	US30	PERIOD_M1	1704238500	1704238440	1	NA	NA	NA	NA	NA	NA	NA	NA	NA	NA	NA	NA	3.00	1.00	0.00	NA	NA	350234	350234	350234
0	CURRENT_OPEN	US30	PERIOD_M1	1704238500	1704238500	0	NA	NA	NA	NA	NA	NA	NA	NA	NA	NA	NA	NA	3.00	1.00	0.00	NA	NA	350234	350234	350234
0	COMPLETED_BAR	US30	PERIOD_M1	1704238560	1704238500	1	NA	NA	NA	NA	NA	NA	NA	NA	NA	NA	NA	NA	3.00	1.00	0.00	NA	NA	350235	350235	350235
0	CURRENT_OPEN	US30	PERIOD_M1	1704238560	1704238560	0	NA	NA	NA	NA	NA	NA	NA	NA	NA	NA	NA	NA	3.00	1.00	0.00	NA	NA	350235	350235	350235
0	COMPLETED_BAR	US30	PERIOD_M1	1704238620	1704238560	1	NA	NA	NA	NA	NA	NA	NA	NA	NA	NA	NA	NA	3.00	1.00	0.00	NA	NA	350236	350236	350236
0	CURRENT_OPEN	US30	PERIOD_M1	1704238620	1704238620	0	NA	NA	NA	NA	NA	NA	NA	NA	NA	NA	NA	NA	3.00	1.00	0.00	NA	NA	350236	350236	350236
0	COMPLETED_BAR	US30	PERIOD_M1	1704238680	1704238620	1	NA	NA	NA	NA	NA	NA	NA	NA	NA	NA	NA	NA	3.00	1.00	0.00	NA	NA	350237	350237	350237
0	CURRENT_OPEN	US30	PERIOD_M1	1704238680	1704238680	0	NA	NA	NA	NA	NA	NA	NA	NA	NA	NA	NA	NA	3.00	1.00	0.00	NA	NA	350237	350237	350237
0	COMPLETED_BAR	US30	PERIOD_M1	1704238740	1704238680	1	NA	NA	NA	NA	NA	NA	NA	NA	NA	NA	NA	NA	3.00	1.00	0.00	NA	NA	350238	350238	350238
0	CURRENT_OPEN	US30	PERIOD_M1	1704238740	1704238740	0	NA	NA	NA	NA	NA	NA	NA	NA	NA	NA	NA	NA	3.00	1.00	0.00	NA	NA	350238	350238	350238
0	COMPLETED_BAR	US30	PERIOD_M1	1704238800	1704238740	1	NA	NA	NA	NA	NA	NA	NA	NA	NA	NA	NA	NA	3.00	1.00	0.00	NA	NA	350239	350239	350239
0	CURRENT_OPEN	US30	PERIOD_M1	1704238800	1704238800	0	NA	NA	NA	NA	NA	NA	NA	NA	NA	NA	NA	NA	3.00	1.00	0.00	NA	NA	350239	350239	350239
0	COMPLETED_BAR	US30	PERIOD_M1	1704238860	1704238800	1	NA	NA	NA	NA	NA	NA	NA	NA	NA	NA	NA	NA	3.00	1.00	0.00	NA	NA	350240	350240	350240
0	CURRENT_OPEN	US30	PERIOD_M1	1704238860	1704238860	0	NA	NA	NA	NA	NA	NA	NA	NA	NA	NA	NA	NA	3.00	1.00	0.00	NA	NA	350240	350240	350240
0	COMPLETED_BAR	US30	PERIOD_M1	1704238920	1704238860	1	NA	NA	NA	NA	NA	NA	NA	NA	NA	NA	NA	NA	3.00	1.00	0.00	NA	NA	350241	350241	350241
0	CURRENT_OPEN	US30	PERIOD_M1	1704238920	1704238920	0	NA	NA	NA	NA	NA	NA	NA	NA	NA	NA	NA	NA	3.00	1.00	0.00	NA	NA	350241	350241	350241
0	COMPLETED_BAR	US30	PERIOD_M1	1704238980	1704238920	1	NA	NA	NA	NA	NA	NA	NA	NA	NA	NA	NA	NA	3.00	1.00	0.00	NA	NA	350242	350242	350242
0	CURRENT_OPEN	US30	PERIOD_M1	1704238980	1704238980	0	NA	NA	NA	NA	NA	NA	NA	NA	NA	NA	NA	NA	3.00	1.00	0.00	NA	NA	350242	350242	350242
0	COMPLETED_BAR	US30	PERIOD_M1	1704239040	1704238980	1	NA	NA	NA	NA	NA	NA	NA	NA	NA	NA	NA	NA	3.00	1.00	0.00	NA	NA	350243	350243	350243
0	CURRENT_OPEN	US30	PERIOD_M1	1704239040	1704239040	0	NA	NA	NA	NA	NA	NA	NA	NA	NA	NA	NA	NA	3.00	1.00	0.00	NA	NA	350243	350243	350243
0	COMPLETED_BAR	US30	PERIOD_M1	1704239100	1704239040	1	NA	NA	NA	NA	NA	NA	NA	NA	NA	NA	NA	NA	3.00	1.00	0.00	NA	NA	350244	350244	350244
0	CURRENT_OPEN	US30	PERIOD_M1	1704239100	1704239100	0	NA	NA	NA	NA	NA	NA	NA	NA	NA	NA	NA	NA	3.00	1.00	0.00	NA	NA	350244	350244	350244
0	COMPLETED_BAR	US30	PERIOD_M1	1704239160	1704239100	1	NA	NA	NA	NA	NA	NA	NA	NA	NA	NA	NA	NA	3.00	1.00	0.00	NA	NA	350245	350245	350245
0	CURRENT_OPEN	US30	PERIOD_M1	1704239160	1704239160	0	NA	NA	NA	NA	NA	NA	NA	NA	NA	NA	NA	NA	3.00	1.00	0.00	NA	NA	350245	350245	350245
0	COMPLETED_BAR	US30	PERIOD_M1	1704239220	1704239160	1	NA	NA	NA	NA	NA	NA	NA	NA	NA	NA	NA	NA	3.00	1.00	0.00	NA	NA	350246	350246	350246
0	CURRENT_OPEN	US30	PERIOD_M1	1704239220	1704239220	0	NA	NA	NA	NA	NA	NA	NA	NA	NA	NA	NA	NA	3.00	1.00	0.00	NA	NA	350246	350246	350246
0	COMPLETED_BAR	US30	PERIOD_M1	1704239280	1704239220	1	NA	NA	NA	NA	NA	NA	NA	NA	NA	NA	NA	NA	3.00	1.00	0.00	NA	NA	350247	350247	350247
0	CURRENT_OPEN	US30	PERIOD_M1	1704239280	1704239280	0	NA	NA	NA	NA	NA	NA	NA	NA	NA	NA	NA	NA	3.00	1.00	0.00	NA	NA	350247	350247	350247
0	COMPLETED_BAR	US30	PERIOD_M1	1704239340	1704239280	1	NA	NA	NA	NA	NA	NA	NA	NA	NA	NA	NA	NA	3.00	1.00	0.00	NA	NA	350248	350248	350248
0	CURRENT_OPEN	US30	PERIOD_M1	1704239340	1704239340	0	NA	NA	NA	NA	NA	NA	NA	NA	NA	NA	NA	NA	3.00	1.00	0.00	NA	NA	350248	350248	350248
0	COMPLETED_BAR	US30	PERIOD_M1	1704239400	1704239340	1	NA	NA	NA	NA	NA	NA	NA	NA	NA	NA	NA	NA	3.00	1.00	0.00	NA	NA	350249	350249	350249
0	CURRENT_OPEN	US30	PERIOD_M1	1704239400	1704239400	0	NA	NA	NA	NA	NA	NA	NA	NA	NA	NA	NA	NA	3.00	1.00	0.00	NA	NA	350249	350249	350249
0	COMPLETED_BAR	US30	PERIOD_M1	1704239460	1704239400	1	NA	NA	NA	NA	NA	NA	NA	NA	NA	NA	NA	NA	3.00	1.00	0.00	NA	NA	350250	350250	350250
0	CURRENT_OPEN	US30	PERIOD_M1	1704239460	1704239460	0	NA	NA	NA	NA	NA	NA	NA	NA	NA	NA	NA	NA	3.00	1.00	0.00	NA	NA	350250	350250	350250
0	COMPLETED_BAR	US30	PERIOD_M1	1704239520	1704239460	1	NA	NA	NA	NA	NA	NA	NA	NA	NA	NA	NA	NA	3.00	1.00	0.00	NA	NA	350251	350251	350251
0	CURRENT_OPEN	US30	PERIOD_M1	1704239520	1704239520	0	NA	NA	NA	NA	NA	NA	NA	NA	NA	NA	NA	NA	3.00	1.00	0.00	NA	NA	350251	350251	350251
0	COMPLETED_BAR	US30	PERIOD_M1	1704239580	1704239520	1	NA	NA	NA	NA	NA	NA	NA	NA	NA	NA	NA	NA	3.00	1.00	0.00	NA	NA	350252	350252	350252
0	CURRENT_OPEN	US30	PERIOD_M1	1704239580	1704239580	0	NA	NA	NA	NA	NA	NA	NA	NA	NA	NA	NA	NA	3.00	1.00	0.00	NA	NA	350252	350252	350252
0	COMPLETED_BAR	US30	PERIOD_M1	1704239640	1704239580	1	NA	NA	NA	NA	NA	NA	NA	NA	NA	NA	NA	NA	3.00	1.00	0.00	NA	NA	350253	350253	350253
0	CURRENT_OPEN	US30	PERIOD_M1	1704239640	1704239640	0	NA	NA	NA	NA	NA	NA	NA	NA	NA	NA	NA	NA	3.00	1.00	0.00	NA	NA	350253	350253	350253
0	COMPLETED_BAR	US30	PERIOD_M1	1704239700	1704239640	1	NA	NA	NA	NA	NA	NA	NA	NA	NA	NA	NA	NA	3.00	1.00	0.00	NA	NA	350254	350254	350254
0	CURRENT_OPEN	US30	PERIOD_M1	1704239700	1704239700	0	NA	NA	NA	NA	NA	NA	NA	NA	NA	NA	NA	NA	3.00	1.00	0.00	NA	NA	350254	350254	350254
0	COMPLETED_BAR	US30	PERIOD_M1	1704239760	1704239700	1	NA	NA	NA	NA	NA	NA	NA	NA	NA	NA	NA	NA	3.00	1.00	0.00	NA	NA	350255	350255	350255
0	CURRENT_OPEN	US30	PERIOD_M1	1704239760	1704239760	0	NA	NA	NA	NA	NA	NA	NA	NA	NA	NA	NA	NA	3.00	1.00	0.00	NA	NA	350255	350255	350255
0	COMPLETED_BAR	US30	PERIOD_M1	1704239820	1704239760	1	NA	NA	NA	NA	NA	NA	NA	NA	NA	NA	NA	NA	3.00	1.00	0.00	NA	NA	350256	350256	350256
0	CURRENT_OPEN	US30	PERIOD_M1	1704239820	1704239820	0	NA	NA	NA	NA	NA	NA	NA	NA	NA	NA	NA	NA	3.00	1.00	0.00	NA	NA	350256	350256	350256
0	COMPLETED_BAR	US30	PERIOD_M1	1704239880	1704239820	1	NA	NA	NA	NA	NA	NA	NA	NA	NA	NA	NA	NA	3.00	1.00	0.00	NA	NA	350257	350257	350257
0	CURRENT_OPEN	US30	PERIOD_M1	1704239880	1704239880	0	NA	NA	NA	NA	NA	NA	NA	NA	NA	NA	NA	NA	3.00	1.00	0.00	NA	NA	350257	350257	350257
0	COMPLETED_BAR	US30	PERIOD_M1	1704239940	1704239880	1	NA	NA	NA	NA	NA	NA	NA	NA	NA	NA	NA	NA	3.00	1.00	0.00	NA	NA	350258	350258	350258
0	CURRENT_OPEN	US30	PERIOD_M1	1704239940	1704239940	0	NA	NA	NA	NA	NA	NA	NA	NA	NA	NA	NA	NA	3.00	1.00	0.00	NA	NA	350258	350258	350258
