target	run_key	episode_id	attempt_id	canonical_instrument	holdout_id	target_censored	target_label	ordinal	direction	node_width_atr	initial_distance_atr	approach_efficiency	corridor_up_atr	corridor_down_atr	family_count	member_count	developing_count	frozen_count	node_revision	node_age_seconds	corridor_up_level_count	corridor_down_level_count	corridor_up_noise_count	corridor_down_noise_count	start_median_sigma	node_from_median_sigma	node_from_cog_sigma	node_width_sigma	feature_cog_distance_atr	feature_cog_velocity_atr	feature_c3_distance_atr	feature_c3_velocity_atr	feature_lattice_width_atr	feature_poc_distance_atr	feature_vah_distance_atr	feature_val_distance_atr	feature_spread_atr	feature_raw_level_count	feature_noise_level_count	feature_active_node_count	feature_population_count	feature_population_count_delta	feature_price_from_median_atr	feature_price_from_median_sigma	feature_price_from_cog_atr	feature_price_from_cog_sigma	feature_cog_median_gap_atr	feature_cog_median_gap_sigma	feature_regional_cog_velocity_atr	feature_regional_cog_velocity_sigma	feature_regional_median_velocity_atr	feature_regional_median_velocity_sigma	feature_regional_sigma_log_change_per_bar	contributor_count	eligibility_latency_seconds	server_hour_sin	server_hour_cos	canonical_instrument	start_region	node_region	contributor_families	contributor_producers
reclaim_given_break	RG2_DE40_PERIOD_M5_1770595200_1771027200_11009031893861184278	9054114408356021943	11454682448397097956	DE40	VERIFICATION_A	True	\N	1	1	0.09253226	0.00130327	1.0	28.97041574	12.16603675	2	2	1	1	1	1	26	9	3	3	0.56485173	0.56386006	0.90674167	0.001929	-43.54317349	0.0	-45.1922325	0.0	84.72142578	5.51023068	7.33481037	4.20695947	0.06516356	97	32	9	9	0	27.09544289	0.56485173	43.54317349	0.90773333	-16.44773059	-0.34288161	0.0	0.0	0.0	0.0	0.0	2	7	0.7071067811865476	-0.7071067811865475	DE40	ABOVE	ABOVE	DAILY_EXTREME|TPO_PROFILE	DAY_SWINGS|VOLKITT
reclaim_given_break	RG2_DE40_PERIOD_M5_1770595200_1771027200_11009031893861184278	16277782310155364538	2150520632957994937	DE40	VERIFICATION_A	True	\N	3	1	1.23718628	0.27335926	0.18375774	30.14021445	5.89725462	1	2	1	1	37	685	28	6	5	1	0.48458737	0.45560044	0.8002494	0.02879497	-35.62843715	0.0	-37.18157182	0.0	\N	8.65794745	10.89666549	7.24402027	0.05891363	96	32	9	9	0	20.82047052	0.48458737	35.62843715	0.82923634	-14.80796663	-0.34464897	0.0	0.0	0.0	0.0	0.0	2	28	0.49999999999999994	-0.8660254037844387	DE40	MEDIAN_CORE	MEDIAN_CORE	DAILY_EXTREME	DAY_SWINGS
reclaim_given_break	RG2_DE40_PERIOD_M5_1770595200_1771027200_11009031893861184278	1099790757238256763	7010186534881476048	DE40	VERIFICATION_A	True	\N	1	1	0.10800833	0.00117827	1.0	33.39813833	3.7685087	2	2	1	1	2	1	33	1	6	0	0.40409596	0.40280628	0.74888568	0.00252428	-32.09833228	0.0	-33.65146695	0.0	\N	12.18805232	14.42677035	10.77412513	0.05891363	96	32	9	9	0	17.29036566	0.40409596	32.09833228	0.75017536	-14.80796663	-0.3460794	0.0	0.0	0.0	0.0	0.0	2	5	0.49999999999999994	-0.8660254037844387	DE40	MEDIAN_CORE	MEDIAN_CORE	DAILY_EXTREME|PIVOT	DAY_SWINGS|WAYNE
reclaim_given_break	RG2_DE40_PERIOD_M5_1770595200_1771027200_11009031893861184278	14978647223693138341	150224887184390852	DE40	VERIFICATION_A	False	1	6	1	2.93910433	0.25730564	0.00467583	8.48649145	7.5047479	4	5	1	4	544	35956	8	5	2	3	0.31697367	0.26404659	0.59940353	0.0869209	-22.0576141	0.20929879	-23.47822092	0.0	\N	12.27256019	14.47803713	8.32108068	0.04594744	95	30	9	9	0	10.71800527	0.31697367	22.0576141	0.65233061	-11.33960884	-0.33535694	0.21222413	0.00608141	5.58712169	0.16010241	-0.0176641	5	2964	0.258819045102521	-0.9659258262890682	DE40	MEDIAN_CORE	MEDIAN_CORE	DAILY_EXTREME|MID_PIVOT|PIVOT|PIVOT_ZONE	DAY_SWINGS|WAYNE
reclaim_given_break	RG2_DE40_PERIOD_M5_1770595200_1771027200_11009031893861184278	1862590339188918097	18314903704494769454	DE40	VERIFICATION_A	False	0	1	1	0.01612289	0.49995603	0.06300956	12.48790784	1.40635535	2	2	1	1	4	1121	31	1	4	0	0.62387168	0.59050346	0.74407011	0.001059	-11.83618004	0.17080459	-12.85649899	0.0	\N	4.07308064	4.90853927	2.18230587	0.02198575	95	29	10	10	0	9.49819072	0.62387168	11.83618004	0.77743833	-2.33798932	-0.15356665	0.17301078	0.01122233	0.01441757	0.00093519	0.00029712	2	478	-0.9659258262890683	-0.25881904510252063	DE40	ABOVE	ABOVE	PIVOT|TPO_PROFILE	VOLKITT|WAYNE
reclaim_given_break	RG2_DE40_PERIOD_M5_1770595200_1771027200_11009031893861184278	14978647223693138341	14523893318033100424	DE40	VERIFICATION_A	False	1	14	1	1.3531046	0.20857131	0.41694352	1.3531046	3.45503518	3	4	0	4	645	58624	1	6	0	4	0.5118388	0.4539703	0.60753695	0.09237394	-9.7469394	0.0	-10.72862461	0.0	\N	5.55992723	6.36375175	3.74074544	0.02115328	95	29	10	10	0	7.49747655	0.5118388	9.7469394	0.66540544	-2.24946284	-0.15356665	0.0	0.0	0.0	0.0	0.0	4	96	-0.9659258262890683	-0.25881904510252063	DE40	ABOVE	MEDIAN_CORE	MID_PIVOT|PIVOT|PIVOT_ZONE	WAYNE
reclaim_given_break	RG2_DE40_PERIOD_M5_1770595200_1771027200_11009031893861184278	14978647223693138341	8326418633220519885	DE40	VERIFICATION_A	False	0	15	1	1.25636695	0.49888047	0.0187459	1.25636695	3.20802399	3	4	0	4	698	60794	1	6	0	4	0.4082638	0.32793865	0.60765355	0.09239167	-9.35532099	0.0	-10.26682248	0.0	\N	4.8572102	5.6035668	3.16808736	0.01964096	95	25	12	12	0	5.55168192	0.4082638	9.35532099	0.68797869	-3.80363907	-0.27971489	0.0	0.0	-0.58790612	-0.04093248	-0.04324351	4	2366	-0.9659258262890683	-0.25881904510252063	DE40	MEDIAN_CORE	MEDIAN_CORE	MID_PIVOT|PIVOT|PIVOT_ZONE	WAYNE
reclaim_given_break	RG2_DE40_PERIOD_M5_1770595200_1771027200_11009031893861184278	14978647223693138341	6044226753753312583	DE40	VERIFICATION_A	False	1	23	1	1.29251701	0.23156193	0.37926675	12.78440089	3.30033003	3	4	0	4	722	68500	33	7	5	5	0.6644743	0.6055267	0.56794297	0.09048368	-8.95483806	0.10691073	-10.28056173	0.0	\N	4.51081026	5.60193979	3.54091736	0.03232976	95	31	9	9	0	9.49170406	0.6644743	8.95483806	0.62689057	0.536866	0.03758373	0.1065662	0.0074866	0.01776103	0.00124777	0.00029755	4	402	-0.8660254037844386	0.5000000000000001	DE40	ABOVE	ABOVE	MID_PIVOT|PIVOT|PIVOT_ZONE	WAYNE
reclaim_given_break	RG2_DE40_PERIOD_M5_1770595200_1771027200_11009031893861184278	4555430864157098899	16895194352445391288	DE40	VERIFICATION_A	True	\N	1	1	0.02113239	0.0158493	0.01475596	4.31553684	1.44832375	2	2	1	1	7	5	11	1	8	0	0.16849038	0.16654364	0.78168761	0.00155739	-10.63320428	0.0	-12.74566409	0.0	\N	3.82873704	5.051397	2.74192818	0.18113481	92	34	9	9	0	2.28626092	0.16849038	10.63320428	0.78363435	-8.34694335	-0.61514398	0.0	0.0	0.0	0.0	0.00059337	2	224	0.25881904510252074	0.9659258262890683	DE40	MEDIAN_CORE	MEDIAN_CORE	DAILY_EXTREME|PIVOT	DAY_SWINGS|WAYNE
reclaim_given_break	RG2_DE40_PERIOD_M5_1770595200_1771027200_11009031893861184278	1849613155925619532	3394093862708712359	DE40	VERIFICATION_A	False	1	1	-1	0.00524604	0.13115098	0.16859345	4.2650299	0.13989438	2	2	1	1	1	0	7	0	7	0	0.2048434	0.21333173	0.8159729	0.00033288	-12.72575738	0.06503361	-15.34532053	0.0	\N	3.85583884	5.27226944	2.59678942	0.03672227	95	35	9	9	0	3.2282814	0.2048434	12.72575738	0.80748457	-9.49747598	-0.60264117	0.06434165	0.00411943	0.0	0.0	-0.00173014	2	158	0.7071067811865476	0.7071067811865476	DE40	MEDIAN_CORE	MEDIAN_CORE	PIVOT|TPO_PROFILE	VOLKITT|WAYNE
reclaim_given_break	RG2_DE40_PERIOD_M5_1770595200_1771027200_11009031893861184278	1849613155925619532	11290499372710090268	DE40	VERIFICATION_A	False	1	2	-1	0.00534845	0.3209071	0.456621	4.34829117	0.14262538	2	2	1	1	2	310	7	0	7	0	0.19319275	0.21333173	0.8159729	0.00033288	-12.78699188	0.0	-15.45769375	0.0	\N	4.11830775	5.56238969	2.83467936	0.03743916	95	35	9	9	0	3.10410761	0.19319275	12.78699188	0.79583392	-9.68288427	-0.60264117	0.0	0.0	0.0	0.0	0.0	2	177	0.7071067811865476	0.7071067811865476	DE40	MEDIAN_CORE	MEDIAN_CORE	PIVOT|TPO_PROFILE	VOLKITT|WAYNE
reclaim_given_break	RG2_DE40_PERIOD_M5_1770595200_1771027200_11009031893861184278	1849613155925619532	4671475773278815311	DE40	VERIFICATION_A	False	0	3	-1	0.0055212	0.17943905	0.10323051	4.48873675	0.14723204	2	2	1	1	5	1206	7	0	7	0	0.20234683	0.21333173	0.8159729	0.00033288	-13.35183233	0.0	-16.10879527	0.0	\N	4.09949205	5.59021643	2.77440371	0.03864841	95	35	9	9	0	3.35620031	0.20234683	13.35183233	0.804988	-9.99563202	-0.60264117	0.0	0.0	0.0	0.0	0.0	2	386	0.7071067811865476	0.7071067811865476	DE40	MEDIAN_CORE	MEDIAN_CORE	PIVOT|TPO_PROFILE	VOLKITT|WAYNE
reclaim_given_break	RG2_DE40_PERIOD_M5_1770595200_1771027200_11009031893861184278	13255558019829410396	9766890582101338807	DE40	VERIFICATION_A	True	\N	1	-1	0.04134965	0.49619583	0.53956835	5.28448561	1.62641967	2	2	2	0	6	1765	6	1	6	1	0.18245446	0.20201776	0.81385983	0.00156506	-20.98564526	0.0	-25.30702117	0.0	\N	4.96195832	7.19483956	2.97717499	0.05788951	95	40	8	8	0	4.82052282	0.18245446	20.98564526	0.79429652	-16.16512245	-0.61184207	0.0	0.0	0.0	0.0	0.0	2	245	0.9659258262890683	0.25881904510252074	DE40	MEDIAN_CORE	MEDIAN_CORE	DAILY_EXTREME|TPO_PROFILE	DAY_SWINGS|VOLKITT
reclaim_given_break	RG2_DE40_PERIOD_M5_1770595200_1771027200_11009031893861184278	13407593088402756587	10366111226319649390	DE40	VERIFICATION_A	False	0	1	-1	0.1053879	0.41105804	0.98899083	1.38542119	7.63496888	2	2	0	2	60	8666	1	7	1	7	0.31699248	0.33096787	1.01395024	0.00317591	-33.18264729	0.0	-38.95923795	0.0	\N	0.77290491	3.70386452	-1.83239253	0.07598784	96	39	9	9	0	10.51891425	0.31699248	33.18264729	0.99997485	-22.66373304	-0.68298237	0.0	0.0	0.0	0.0	0.0	2	8	0.9659258262890683	-0.25881904510252063	DE40	MEDIAN_CORE	MEDIAN_CORE	PIVOT|SENTINEL	VOLKITT|WAYNE
reclaim_given_break	RG2_DE40_PERIOD_M5_1770595200_1771027200_11009031893861184278	13407593088402756587	15768400378429681853	DE40	VERIFICATION_A	False	0	10	-1	0.09538547	0.49780572	0.02467113	1.25393005	6.63850134	2	2	0	2	106	14580	1	5	1	5	0.32905043	0.34720636	1.01058007	0.00317473	-29.81757439	0.0	-35.13583219	0.0	\N	0.82530949	3.47809	-1.53271763	0.04912556	96	39	9	9	0	9.88638349	0.32905043	29.81757439	0.99242414	-19.93119091	-0.66337371	0.0	0.0	0.0	0.0	0.0	2	1118	0.7071067811865476	-0.7071067811865475	DE40	MEDIAN_CORE	MEDIAN_CORE	PIVOT|SENTINEL	VOLKITT|WAYNE
reclaim_given_break	RG2_DE40_PERIOD_M5_1770595200_1771027200_11009031893861184278	16846589176545701896	12288001151006984763	DE40	VERIFICATION_A	True	\N	1	-1	0.0562667	0.01336334	0.10857143	1.70910114	1.81811788	2	2	1	1	2	1	0	0	0	0	0.85594084	0.8578563	1.5634535	0.00259723	-33.82928532	0.0	-37.95699114	0.0	\N	-12.21409481	-10.31509354	-13.90209593	0.03516669	94	36	10	10	0	18.54317102	0.85594084	33.82928532	1.56153804	-15.2861143	-0.7055972	0.0	0.0	0.0	0.0	0.0	2	8	0.258819045102521	-0.9659258262890682	DE40	ABOVE	ABOVE	DAILY_EXTREME|MID_PIVOT	DAY_SWINGS|WAYNE
reclaim_given_break	RG2_DE40_PERIOD_M5_1770595200_1771027200_11009031893861184278	12582690667044759167	9734690719828220540	DE40	VERIFICATION_A	False	1	1	1	0.03133285	0.47095686	0.014106	1.17136659	1.25331405	2	2	1	1	1	209	0	0	0	0	0.90944659	0.87948788	1.3761036	0.00192899	-22.83885574	0.16633635	-23.01434081	0.0	\N	-0.50228971	1.90792962	-10.04675826	0.02410219	94	31	10	10	0	14.77226105	0.90944659	22.83885574	1.40606231	-8.06659468	-0.49661572	0.16722304	0.010815	0.0	0.0	0.05459204	2	2566	-0.8660254037844385	-0.5000000000000004	DE40	ABOVE	ABOVE	MID_PIVOT|TPO_PROFILE	VOLKITT|WAYNE
reclaim_given_break	RG2_DE40_PERIOD_M5_1770595200_1771027200_11009031893861184278	12582690667044759167	13530845284837106380	DE40	VERIFICATION_A	False	1	2	1	0.02990568	0.49827467	0.25525947	1.11801242	1.19622728	2	2	1	1	50	3030	0	0	0	0	0.91218799	0.87909821	1.37549389	0.00192814	-21.84734586	0.0	-22.01483782	0.0	\N	-0.52818035	1.77225673	-9.6379112	0.02300437	94	31	10	10	0	14.14817371	0.91218799	21.84734586	1.40858367	-7.69917215	-0.49639568	0.0	0.0	0.0	0.0	0.0	2	120	-0.8660254037844385	-0.5000000000000004	DE40	ABOVE	ABOVE	MID_PIVOT|TPO_PROFILE	VOLKITT|WAYNE
reclaim_given_break	RG2_DE40_PERIOD_M5_1770595200_1771027200_11009031893861184278	12582690667044759167	6128475669653000804	DE40	VERIFICATION_A	False	0	3	1	0.02987819	0.49276028	0.50589345	1.1169846	1.19512756	2	2	1	1	51	3391	0	0	0	0	0.91186169	0.87909821	1.37549389	0.00192814	-21.82220466	0.0	-21.98954263	0.0	\N	-0.52263847	1.77568375	-9.62399448	0.02298322	94	31	10	10	0	14.13011057	0.91186169	21.82220466	1.40825737	-7.69209408	-0.49639568	0.0	0.0	0.0	0.0	0.0	2	43	-0.8660254037844385	-0.5000000000000004	DE40	ABOVE	ABOVE	MID_PIVOT|TPO_PROFILE	VOLKITT|WAYNE
reclaim_given_break	RG2_DE40_PERIOD_M5_1770595200_1771027200_11009031893861184278	7425451390481670942	5172096678108810447	DE40	VERIFICATION_A	False	0	14	1	6.15109522	0.22708985	0.07915238	1.1622709	0.46490836	4	17	0	17	945	58299	0	0	0	0	0.81575826	0.60391757	1.08620057	0.40801174	-19.56898426	0.0	-19.94155118	0.0	\N	0.93518105	3.61734466	-7.91595887	0.02235136	94	31	10	10	0	12.29819202	0.81575826	19.56898426	1.29804126	-7.27079224	-0.48228299	0.0	0.0	0.0	0.0	0.0	17	2477	-0.9659258262890683	-0.25881904510252063	DE40	ABOVE	ABOVE	MID_PIVOT|PIVOT|PIVOT_ZONE|TPO_PROFILE	VOLKITT|WAYNE
reclaim_given_break	RG2_DE40_PERIOD_M5_1770595200_1771027200_11009031893861184278	5504270230523080368	14737284061210051363	DE40	VERIFICATION_A	True	\N	2	1	0.53141238	0.3286884	0.20885132	0.3267202	0.51697895	1	2	1	1	33	118	1	0	0	0	-0.04950832	-0.10644483	0.34350813	0.04200234	-5.06641336	0.0	-5.79436309	0.0	\N	12.79129271	14.7594867	5.46961108	0.01968194	95	28	11	11	0	-0.62637774	-0.04950832	5.06641336	0.40044464	-5.69279109	-0.44995296	0.0	0.0	0.0	0.0	0.0	2	128	-1.0	-1.8369701987210297e-16	DE40	MEDIAN_CORE	MEDIAN_CORE	DAILY_EXTREME	DAY_SWINGS
reclaim_given_break	RG2_DE40_PERIOD_M5_1770595200_1771027200_11009031893861184278	13958994246646700467	12515181322902985244	DE40	VERIFICATION_A	False	0	31	1	1.33935679	0.21095367	0.33708568	4.53815741	1.39043677	5	7	1	6	1753	148229	11	2	6	1	0.02666714	-0.03417408	0.43633423	0.09981646	-6.67119746	0.0	-7.40725999	0.0	\N	11.38552778	13.37565674	3.98224805	0.01990129	95	29	10	10	0	0.35782489	0.02666714	6.67119746	0.49717544	-6.31337257	-0.4705083	0.0	0.0	0.0	0.0	0.0	7	489	-1.0	-1.8369701987210297e-16	DE40	MEDIAN_CORE	MEDIAN_CORE	DAILY_EXTREME|MID_PIVOT|PIVOT|PIVOT_ZONE|TPO_PROFILE	DAY_SWINGS|VOLKITT|WAYNE
reclaim_given_break	RG2_DE40_PERIOD_M5_1770595200_1771027200_11009031893861184278	2535155684034424971	7184833860361869935	DE40	VERIFICATION_A	False	1	2	1	0.17603996	0.21696095	0.19670959	1.39237647	1.9331181	3	4	1	3	438	21448	2	2	1	1	-0.17269063	-0.19562492	0.2712551	0.01310249	-3.95261529	0.0	-4.68970465	0.0	\N	14.12929969	16.12220495	6.71569214	0.01992905	95	29	10	10	0	-2.32020465	-0.17269063	3.95261529	0.2941894	-6.27281994	-0.46688003	0.0	0.0	-0.47226844	-0.03559392	-0.04756348	4	72	-1.0	-1.8369701987210297e-16	DE40	MEDIAN_CORE	MEDIAN_CORE	DAILY_EXTREME|MID_PIVOT|PIVOT	DAY_SWINGS|WAYNE
reclaim_given_break	RG2_DE40_PERIOD_M5_1770595200_1771027200_11009031893861184278	13958994246646700467	17467866672129405975	DE40	VERIFICATION_A	False	1	37	1	1.32391706	0.20852186	0.65686275	4.48584281	1.3744082	4	6	0	6	2046	150194	11	1	6	0	0.03034358	-0.03785125	0.42902938	0.09982625	-6.59429378	0.0	-7.32187119	0.0	\N	11.25427863	13.22146595	3.93634182	0.031475	94	29	10	10	0	0.402423	0.03034358	6.59429378	0.49722421	-6.19187078	-0.46688063	0.0	0.0	0.0	0.0	0.0	6	926	-1.0	-1.8369701987210297e-16	DE40	MEDIAN_CORE	MEDIAN_CORE	MID_PIVOT|PIVOT|PIVOT_ZONE|TPO_PROFILE	VOLKITT|WAYNE
reclaim_given_break	RG2_DE40_PERIOD_M5_1770595200_1771027200_11009031893861184278	10594996357267654687	6515974385680503420	DE40	VERIFICATION_A	False	1	1	1	4.93481548	0.49205117	0.25473684	2.76131704	1.92897135	5	8	1	7	656	36266	5	1	5	1	0.18813728	0.03785125	0.50473188	0.35821752	-9.02354673	0.20519894	-9.7793126	-0.20995954	\N	9.51653112	11.55993298	1.91507622	0.02043402	95	30	10	10	0	2.59178493	0.18813728	9.02354673	0.65501791	-6.4317618	-0.46688063	0.20667708	0.01488317	-0.1222913	-0.00880641	-0.0008186	8	1514	-1.0	-1.8369701987210297e-16	DE40	MEDIAN_CORE	MEDIAN_CORE	ADAPTIVE_VALUE|MID_PIVOT|PIVOT|PIVOT_ZONE|TPO_PROFILE	VOLKITT|WAYNE
reclaim_given_break	RG2_DE40_PERIOD_M5_1770595200_1771027200_11009031893861184278	8313038649114647621	4041737159354468737	DE40	VERIFICATION_A	True	\N	2	1	0.05356596	0.23415978	0.14733258	0.95398429	0.66383532	2	2	1	1	25	50	3	0	3	0	0.07377438	0.05451515	0.45871991	0.00395351	-6.47612731	0.10956485	-7.77022115	0.0	\N	0.82185491	8.6654423	-1.85644322	0.15304561	91	23	10	10	0	0.99956717	0.07377438	6.47612731	0.47797913	-5.47656014	-0.40420476	0.10941832	0.0085923	-0.07718808	-0.00606135	0.11109964	2	130	0.25881904510252074	0.9659258262890683	DE40	MEDIAN_CORE	MEDIAN_CORE	DAILY_EXTREME|TPO_PROFILE	DAY_SWINGS|VOLKITT
reclaim_given_break	RG2_DE40_PERIOD_M5_1770595200_1771027200_11009031893861184278	16631888920583129939	5876902993102154795	DE40	VERIFICATION_A	True	\N	2	-1	0.0382614	0.30417815	0.12880711	0.33797572	0.57774717	2	2	1	1	5	24	0	1	0	1	0.02318584	0.04814384	0.52792836	0.00295361	-6.51553655	0.10956485	-7.80963039	0.0	\N	0.78244567	8.62603306	-1.89585246	0.15304561	91	21	11	11	0	0.300352	0.02318584	6.51553655	0.50297036	-6.21518455	-0.47978453	0.10941832	0.0085923	-0.07718808	-0.00606135	0.11109964	2	185	0.25881904510252074	0.9659258262890683	DE40	MEDIAN_CORE	MEDIAN_CORE	DAILY_EXTREME|PIVOT	DAY_SWINGS|WAYNE
reclaim_given_break	RG2_DE40_PERIOD_M5_1770595200_1771027200_11009031893861184278	7597884643092045128	18079277522888461371	DE40	VERIFICATION_A	False	1	1	-1	0.10585655	0.47648199	0.01502987	3.11065197	0.95398429	2	3	0	3	43	64	5	3	5	3	0.09173459	0.13201643	0.53622119	0.00781288	-6.71946982	0.10956485	-8.01356367	0.0	\N	0.5785124	8.42209979	-2.09978574	0.15304561	91	23	10	10	0	1.24290968	0.09173459	6.71946982	0.49593935	-5.47656014	-0.40420476	0.10941832	0.0085923	-0.07718808	-0.00606135	0.11109964	3	3562	0.25881904510252074	0.9659258262890683	DE40	MEDIAN_CORE	MEDIAN_CORE	PIVOT|TPO_PROFILE	VOLKITT|WAYNE
reclaim_given_break	RG2_DE40_PERIOD_M5_1770595200_1771027200_11009031893861184278	7597884643092045128	14618981459395305771	DE40	VERIFICATION_A	False	1	2	-1	0.10506063	0.44176097	0.01258611	3.08726361	1.56958052	2	3	0	3	276	4443	6	5	6	5	0.13319451	0.16927058	0.5024432	0.00742392	-6.59985928	0.0	-7.98444976	0.0	\N	0.54302423	8.32763728	-1.12781955	0.02658161	94	27	9	9	0	1.88492063	0.13319451	6.59985928	0.46636712	-4.71493864	-0.33317261	0.0	0.0	0.0	0.0	0.0	3	5662	0.49999999999999994	0.8660254037844387	DE40	MEDIAN_CORE	MEDIAN_CORE	PIVOT|TPO_PROFILE	VOLKITT|WAYNE
reclaim_given_break	RG2_DE40_PERIOD_M5_1770595200_1771027200_11009031893861184278	7597884643092045128	7027770152864831305	DE40	VERIFICATION_A	False	0	3	-1	0.11732112	0.4721115	0.62882322	3.44754474	1.85240155	2	3	0	3	307	10568	6	5	6	5	0.14198456	0.17672275	0.49716271	0.00742473	-7.30695352	0.0	-8.93743109	0.0	\N	0.5851921	9.27826308	-1.70469002	0.02968366	94	27	9	9	0	2.24355441	0.14198456	7.30695352	0.46242451	-5.06339911	-0.32043996	0.0	0.0	0.0	0.0	0.0	3	125	0.7071067811865476	0.7071067811865476	DE40	MEDIAN_CORE	MEDIAN_CORE	PIVOT|TPO_PROFILE	VOLKITT|WAYNE
reclaim_given_break	RG2_DE40_PERIOD_M5_1770595200_1771027200_11009031893861184278	7597884643092045128	2257082910804402580	DE40	VERIFICATION_A	False	1	6	-1	0.0054019	0.04213483	0.15879828	4.39174589	1.56655143	2	2	0	2	347	15702	6	4	6	4	0.08646046	0.08891639	0.54052815	0.00029589	-9.82312984	0.0	-12.08851016	0.0	\N	0.04213483	11.11603284	-2.98292999	0.03781331	94	28	9	9	0	1.57843561	0.08646046	9.82312984	0.53807223	-8.24469423	-0.45161176	0.0	0.0	0.0	0.0	0.0	2	78	0.9659258262890683	0.25881904510252074	DE40	MEDIAN_CORE	MEDIAN_CORE	PIVOT|TPO_PROFILE	VOLKITT|WAYNE
reclaim_given_break	RG2_DE40_PERIOD_M5_1770595200_1771027200_11009031893861184278	7597884643092045128	11696468318860768331	DE40	VERIFICATION_A	False	1	7	1	0.00549541	0.07418805	0.38875306	4.46776941	1.59366929	2	2	0	2	348	15792	6	4	6	4	0.09305892	0.08891639	0.54052815	0.00029589	-10.11572125	0.0	-12.42031654	0.0	\N	-0.07968346	11.18590977	-3.15711381	0.03846788	94	28	9	9	0	1.72830686	0.09305892	10.11572125	0.54467068	-8.38741438	-0.45161176	0.0	0.0	0.0	0.0	0.0	2	112	0.9659258262890683	0.25881904510252074	DE40	MEDIAN_CORE	MEDIAN_CORE	PIVOT|TPO_PROFILE	VOLKITT|WAYNE
reclaim_given_break	RG2_DE40_PERIOD_M5_1770595200_1771027200_11009031893861184278	7597884643092045128	13124322625902203937	DE40	VERIFICATION_A	False	0	8	1	0.00561892	0.37084902	0.0663765	4.56818565	1.62948812	2	2	0	2	350	16453	6	4	6	4	0.1085934	0.08891639	0.54052815	0.00029589	-10.63807268	0.0	-12.99446536	0.0	\N	-0.37646794	11.14232736	-3.52306569	0.03933247	94	28	9	9	0	2.06214531	0.1085934	10.63807268	0.56020516	-8.57592738	-0.45161176	0.0	0.0	0.0	0.0	0.0	2	1109	0.9659258262890683	0.25881904510252074	DE40	MEDIAN_CORE	MEDIAN_CORE	PIVOT|TPO_PROFILE	VOLKITT|WAYNE
reclaim_given_break	RG2_DE40_PERIOD_M5_1770595200_1771027200_11009031893861184278	16422368596916004316	12460974617904307785	DE40	VERIFICATION_A	False	1	1	1	0.02984718	0.10148042	0.97044335	0.6864852	2.05050143	2	2	1	1	1	0	1	2	1	2	0.00576725	0.0	0.50345824	0.00147878	-10.27801478	0.03871036	-12.82011103	0.0	\N	0.58500478	12.82234957	-2.28032474	0.04178606	94	28	9	9	0	0.11640401	0.00576725	10.27801478	0.50922549	-10.16161077	-0.50345824	0.03845783	0.00191881	1.08231527	0.0540008	0.0004677	2	41	1.0	6.123233995736766e-17	DE40	MEDIAN_CORE	MEDIAN_CORE	PIVOT|TPO_PROFILE	VOLKITT|WAYNE
reclaim_given_break	RG2_DE40_PERIOD_M5_1770595200_1771027200_11009031893861184278	16422368596916004316	14558470120622332416	DE40	VERIFICATION_A	False	1	2	1	0.03011685	0.01566076	1.0	0.69268763	2.06902783	2	2	1	1	2	304	1	2	1	2	0.00150836	0.0	0.50345824	0.00147878	-10.28414068	0.0	-12.84920492	0.0	\N	0.67702686	13.02493675	-2.21419106	0.04216359	94	28	9	9	0	0.03071919	0.00150836	10.28414068	0.5049666	-10.25342149	-0.50345824	0.0	0.0	0.0	0.0	0.0	2	4	1.0	6.123233995736766e-17	DE40	MEDIAN_CORE	MEDIAN_CORE	PIVOT|TPO_PROFILE	VOLKITT|WAYNE
reclaim_given_break	RG2_DE40_PERIOD_M5_1770595200_1771027200_11009031893861184278	7597884643092045128	8883671442092100158	DE40	VERIFICATION_A	False	1	10	1	0.00621234	0.15406598	0.10599836	5.05063055	0.71441884	2	2	0	2	358	18786	7	1	7	1	0.0423819	0.03489926	0.5383575	0.00029576	-11.46532295	0.0	-14.11085917	0.0	\N	-0.16027831	12.57501398	-3.14220041	0.04348636	94	28	9	9	0	0.89022799	0.0423819	11.46532295	0.54584014	-10.57509496	-0.50345824	0.0	0.0	0.0	0.0	0.0	2	316	1.0	6.123233995736766e-17	DE40	MEDIAN_CORE	MEDIAN_CORE	PIVOT|TPO_PROFILE	VOLKITT|WAYNE
reclaim_given_break	RG2_DE40_PERIOD_M5_1770595200_1771027200_11009031893861184278	7597884643092045128	6713061697623457740	DE40	VERIFICATION_A	False	0	11	1	0.00637064	0.45231573	0.23657718	5.17933363	0.73262407	2	2	0	2	361	19873	7	1	7	1	0.05604585	0.03489926	0.5383575	0.00029576	-12.05181268	0.0	-14.76476397	0.0	\N	-0.45868637	12.60113397	-3.51659553	0.04459451	94	28	9	9	0	1.20723705	0.05604585	12.05181268	0.55950409	-10.84457563	-0.50345824	0.0	0.0	0.0	0.0	0.0	2	331	1.0	6.123233995736766e-17	DE40	MEDIAN_CORE	MEDIAN_CORE	PIVOT|TPO_PROFILE	VOLKITT|WAYNE
reclaim_given_break	RG2_DE40_PERIOD_M5_1770595200_1771027200_11009031893861184278	16422368596916004316	17781471844485475927	DE40	VERIFICATION_A	False	1	3	1	0.0319244	0.4597114	0.20418848	0.73426127	2.19320649	2	2	1	1	8	2340	1	2	1	2	0.02203386	0.0	0.50345824	0.00147878	-11.34448369	0.0	-14.06349764	0.0	\N	0.27454987	13.3635551	-2.79019282	0.04469416	94	28	9	9	0	0.4756736	0.02203386	11.34448369	0.52549209	-10.86881009	-0.50345824	0.0	0.0	0.0	0.0	0.0	2	229	1.0	6.123233995736766e-17	DE40	MEDIAN_CORE	MEDIAN_CORE	PIVOT|TPO_PROFILE	VOLKITT|WAYNE
reclaim_given_break	RG2_DE40_PERIOD_M5_1770595200_1771027200_11009031893861184278	16422368596916004316	4342119474309684427	DE40	VERIFICATION_A	False	1	4	1	0.03340683	0.37215207	0.48221045	0.76835705	2.29504911	2	2	1	1	13	3603	1	3	1	3	0.01721113	0.0	0.50104897	0.00147862	-11.70918295	0.05318116	-14.6076368	0.0	\N	0.39620498	14.09300461	-2.20952763	0.04676956	94	30	9	9	0	0.38885548	0.01721113	11.70918295	0.5182601	-11.32032747	-0.50104897	0.05263605	0.00235392	0.0	0.0	2.747e-05	2	99	0.9659258262890683	-0.25881904510252063	DE40	MEDIAN_CORE	MEDIAN_CORE	PIVOT|TPO_PROFILE	VOLKITT|WAYNE
reclaim_given_break	RG2_DE40_PERIOD_M5_1770595200_1771027200_11009031893861184278	16422368596916004316	16368154224465320232	DE40	VERIFICATION_A	False	1	5	1	0.03377922	0.36211323	0.68523002	0.77692204	2.32063235	2	2	1	1	14	3907	1	3	1	3	0.01659011	0.0	0.50104897	0.00147862	-11.82551961	0.0	-14.75628293	0.0	\N	0.41480881	14.26428861	-2.21997027	0.04729091	94	30	9	9	0	0.37900284	0.01659011	11.82551961	0.51763908	-11.44651677	-0.50104897	0.0	0.0	0.0	0.0	0.0	2	113	0.9659258262890683	-0.25881904510252063	DE40	MEDIAN_CORE	MEDIAN_CORE	PIVOT|TPO_PROFILE	VOLKITT|WAYNE
reclaim_given_break	RG2_DE40_PERIOD_M5_1770595200_1771027200_11009031893861184278	16422368596916004316	5985783753848423411	DE40	VERIFICATION_A	False	0	6	1	0.03385928	0.37719239	0.30113052	0.77876346	2.32613259	2	2	1	1	15	4205	1	3	1	3	0.01721113	0.0	0.50104897	0.00147862	-11.86776876	0.0	-14.80547843	0.0	\N	0.40157107	14.28387621	-2.23945283	0.04740299	94	30	9	9	0	0.39412203	0.01721113	11.86776876	0.5182601	-11.47364673	-0.50104897	0.0	0.0	0.0	0.0	0.0	2	145	0.9659258262890683	-0.25881904510252063	DE40	MEDIAN_CORE	MEDIAN_CORE	PIVOT|TPO_PROFILE	VOLKITT|WAYNE
reclaim_given_break	RG2_DE40_PERIOD_M5_1770595200_1771027200_11009031893861184278	7150606051313880249	9344396924386390781	DE40	VERIFICATION_A	False	0	55	1	2.36827737	0.31053781	0.07668232	2.34438984	2.43993994	5	9	1	8	2466	196226	3	1	3	1	-0.08886503	-0.16669792	0.33435105	0.10261619	-9.51278605	0.0	-12.4735531	0.0	\N	2.85285285	16.84411684	0.19110019	0.04777505	94	30	9	9	0	-2.05091455	-0.08886503	9.51278605	0.41218394	-11.5637006	-0.50104897	0.0	0.0	0.0	0.0	0.0	9	2989	0.9659258262890683	-0.25881904510252063	DE40	MEDIAN_CORE	MEDIAN_CORE	DAILY_EXTREME|MID_PIVOT|PIVOT|PIVOT_ZONE|TPO_PROFILE	DAY_SWINGS|VOLKITT|WAYNE
reclaim_given_break	RG2_DE40_PERIOD_M5_1770595200_1771027200_11009031893861184278	6556299512834994290	9767102144760084226	DE40	VERIFICATION_A	False	1	3	1	0.41984466	0.43174026	0.2802135	2.50157442	3.15233364	3	3	0	3	944	72270	2	1	2	1	-0.29243141	-0.31920607	0.17959979	0.01774462	-4.88289925	0.0	-7.97232524	0.0	\N	7.74123574	22.08592821	4.24253026	0.04898188	94	30	9	9	0	-6.91903996	-0.29243141	4.88289925	0.20637445	-11.8019392	-0.49880586	0.0	0.0	0.0	0.0	0.0	3	116	0.8660254037844387	-0.4999999999999998	DE40	MEDIAN_CORE	MEDIAN_CORE	DAILY_EXTREME|MID_PIVOT|PIVOT	DAY_SWINGS|WAYNE
reclaim_given_break	RG2_DE40_PERIOD_M5_1770595200_1771027200_11009031893861184278	7150606051313880249	18033087231607947628	DE40	VERIFICATION_A	False	0	57	1	2.38013581	0.0946567	0.15313808	2.35612868	2.45215721	4	9	1	8	2556	202943	2	1	2	1	-0.09824564	-0.15987344	0.33687617	0.10262263	-9.24253818	0.0	-12.31857466	0.0	\N	3.0845737	17.14589478	-0.82515948	0.03429591	94	30	9	9	0	-2.27861993	-0.09824564	9.24253818	0.39850396	-11.52115812	-0.4967496	0.0	0.0	0.0	0.0	0.0	9	749	0.7071067811865476	-0.7071067811865475	DE40	MEDIAN_CORE	MEDIAN_CORE	MID_PIVOT|PIVOT|PIVOT_ZONE|TPO_PROFILE	VOLKITT|WAYNE
reclaim_given_break	RG2_DE40_PERIOD_M5_1770595200_1771027200_11009031893861184278	3511515419920973100	7787173866447273992	DE40	VERIFICATION_A	False	1	4	1	0.40160643	0.48125837	0.04106473	2.39290495	3.01539491	3	3	0	3	984	77247	1	2	1	2	-0.28941356	-0.31920468	0.17754493	0.01774455	-4.69256788	0.0	-7.69427711	0.0	\N	7.33668005	21.05823293	3.52141901	0.0334672	94	30	9	9	0	-6.5502008	-0.28941356	4.69256788	0.20733605	-11.24276869	-0.4967496	0.0	0.0	0.0	0.0	0.0	3	269	0.7071067811865476	-0.7071067811865475	DE40	MEDIAN_CORE	MEDIAN_CORE	DAILY_EXTREME|MID_PIVOT|PIVOT	DAY_SWINGS|WAYNE
reclaim_given_break	RG2_DE40_PERIOD_M5_1770595200_1771027200_11009031893861184278	3511515419920973100	10309461303162498989	DE40	VERIFICATION_A	True	\N	5	1	0.50291949	0.4905596	0.59814529	2.16617653	2.88006649	3	4	0	4	1006	78237	0	2	0	2	-0.28248102	-0.31571219	0.178831	0.02326651	-4.58385122	0.0	-7.49920087	0.0	\N	6.85717939	19.96292034	2.38204833	0.03196522	94	29	9	9	0	-6.10599668	-0.28248102	4.58385122	0.21206218	-10.6898479	-0.4945432	0.0	0.0	0.0	0.0	-8.246e-05	4	56	0.49999999999999994	-0.8660254037844387	DE40	MEDIAN_CORE	MEDIAN_CORE	DAILY_EXTREME|MID_PIVOT|PIVOT	DAY_SWINGS|WAYNE
reclaim_given_break	RG2_DE40_PERIOD_M5_1770595200_1771027200_11009031893861184278	996975935102034566	2966642101389305219	DE40	VERIFICATION_A	True	\N	1	1	0.07146093	0.00061782	1.0	4.82886445	0.4623337	2	2	1	1	3	1	3	0	3	0	-0.43454492	-0.43627878	0.05650194	0.00340877	-1.22084522	0.0	-4.03821204	0.0	\N	9.83566045	22.50092673	5.51093538	0.03089089	93	30	9	9	0	-9.10972445	-0.43454492	1.22084522	0.0582358	-10.33056968	-0.49278073	0.0	0.0	0.37718962	0.01744988	0.05613385	2	5	0.49999999999999994	-0.8660254037844387	DE40	MEDIAN_CORE	MEDIAN_CORE	DAILY_EXTREME|PIVOT	DAY_SWINGS|WAYNE
reclaim_given_break	RG2_DE40_PERIOD_M5_1770595200_1771027200_11009031893861184278	15517044587509430000	1613954059789098515	DE40	VERIFICATION_A	False	1	1	-1	0.11538762	0.49636236	1.0	1.98799186	2.98932176	1	2	0	2	2	326	0	2	0	2	-0.3363611	-0.30840256	0.18665194	0.00582264	-3.14483694	0.0	-5.82037667	0.0	\N	7.35508097	19.382774	3.24806383	0.02933584	93	29	9	9	0	-6.66568881	-0.3363611	3.14483694	0.1586934	-9.81052574	-0.49505451	0.0	0.0	0.0	0.0	0.0	2	12	0.49999999999999994	-0.8660254037844387	DE40	MEDIAN_CORE	MEDIAN_CORE	PIVOT	WAYNE
reclaim_given_break	RG2_DE40_PERIOD_M5_1770595200_1771027200_11009031893861184278	15517044587509430000	1621214156962526888	DE40	VERIFICATION_A	False	1	2	-1	0.11428793	0.42828917	0.59649123	1.96904541	2.96083217	1	2	0	2	3	600	0	2	0	2	-0.33313398	-0.30840256	0.18665194	0.00582264	-3.17820786	0.0	-5.82824849	0.0	\N	7.2216411	19.13470479	3.15376569	0.02905625	93	29	9	9	0	-6.53881915	-0.33313398	3.17820786	0.16192053	-9.71702701	-0.49505451	0.0	0.0	0.0	0.0	0.0	2	38	0.49999999999999994	-0.8660254037844387	DE40	MEDIAN_CORE	MEDIAN_CORE	PIVOT	WAYNE
reclaim_given_break	RG2_DE40_PERIOD_M5_1770595200_1771027200_11009031893861184278	15517044587509430000	11450594067438202067	DE40	VERIFICATION_A	False	0	3	-1	0.11221423	0.34177793	0.42976939	1.93331812	2.90710944	1	2	0	2	5	1200	0	2	0	2	-0.32904826	-0.30840256	0.18665194	0.00582264	-3.19928111	0.0	-5.80123816	0.0	\N	7.01186808	18.70877553	3.01780212	0.02852904	93	29	9	9	0	-6.34143558	-0.32904826	3.19928111	0.16600624	-9.54071669	-0.49505451	0.0	0.0	0.0	0.0	0.0	2	41	0.49999999999999994	-0.8660254037844387	DE40	MEDIAN_CORE	MEDIAN_CORE	PIVOT	WAYNE
reclaim_given_break	RG2_DE40_PERIOD_M5_1770595200_1771027200_11009031893861184278	15517044587509430000	2244900349389113199	DE40	VERIFICATION_A	False	1	5	-1	0.1098942	0.02738042	0.00748446	1.89334674	2.84700492	1	2	0	2	9	2550	1	2	1	2	-0.23560099	-0.23148549	0.17223336	0.00549355	-3.36306923	0.07739796	-5.98862874	0.0	\N	6.55956638	18.01464014	2.64807778	0.0279392	93	31	8	8	0	-4.71301781	-0.23560099	3.36306923	0.16811786	-8.07608704	-0.40371885	0.07737634	0.00410086	-1.1896449	-0.06304982	0.05817975	2	176	0.258819045102521	-0.9659258262890682	DE40	MEDIAN_CORE	MEDIAN_CORE	PIVOT	WAYNE
reclaim_given_break	RG2_DE40_PERIOD_M5_1770595200_1771027200_11009031893861184278	15517044587509430000	13472612794033394554	DE40	VERIFICATION_A	False	0	6	-1	0.10550221	0.48978059	0.98521647	1.81767788	2.73322247	1	2	0	2	12	3342	1	2	1	2	-0.25973536	-0.23148549	0.17223336	0.00549355	-2.76516748	0.0	-5.28579475	0.0	\N	6.76090339	17.75816748	3.00574004	0.0268226	93	31	8	8	0	-4.98815335	-0.25973536	2.76516748	0.1439835	-7.75332083	-0.40371885	0.0	0.0	0.0	0.0	0.0	2	35	0.258819045102521	-0.9659258262890682	DE40	MEDIAN_CORE	MEDIAN_CORE	PIVOT	WAYNE
reclaim_given_break	RG2_DE40_PERIOD_M5_1770595200_1771027200_11009031893861184278	15517044587509430000	6348006408687821582	DE40	VERIFICATION_A	False	1	8	-1	0.10306937	0.01467428	0.01898254	1.77576298	2.67019548	1	2	0	2	15	4224	1	2	1	2	-0.23501439	-0.23148549	0.17223336	0.00549355	-3.16521602	0.0	-5.62771867	0.0	\N	6.14118757	16.88485928	2.47261674	0.02620408	93	31	8	8	0	-4.40931642	-0.23501439	3.16521602	0.16870446	-7.57453244	-0.40371885	0.0	0.0	0.0	0.0	0.0	2	65	0.258819045102521	-0.9659258262890682	DE40	MEDIAN_CORE	MEDIAN_CORE	PIVOT	WAYNE
reclaim_given_break	RG2_DE40_PERIOD_M5_1770595200_1771027200_11009031893861184278	15517044587509430000	14094396717141162133	DE40	VERIFICATION_A	False	1	9	-1	0.10221229	0.2167247	0.27360775	1.76099648	2.64799127	1	2	0	2	16	4500	1	2	1	2	-0.24588044	-0.23148549	0.17223336	0.00549355	-2.93672298	0.0	-5.37874851	0.0	\N	6.2922925	16.9466244	2.65422795	0.02598618	93	31	8	8	0	-4.57482286	-0.24588044	2.93672298	0.15783841	-7.51154584	-0.40371885	0.0	0.0	0.0	0.0	0.0	2	40	0.258819045102521	-0.9659258262890682	DE40	MEDIAN_CORE	MEDIAN_CORE	PIVOT	WAYNE
reclaim_given_break	RG2_DE40_PERIOD_M5_1770595200_1771027200_11009031893861184278	15517044587509430000	9657516559136016744	DE40	VERIFICATION_A	False	1	10	-1	0.10210616	0.22844089	0.56346382	1.75916792	2.64524168	1	2	0	2	17	4800	1	2	1	2	-0.24652291	-0.23148549	0.17223336	0.00549355	-2.92173236	0.0	-5.36122216	0.0	\N	6.29770002	16.9409688	2.66341311	0.02595919	93	31	8	8	0	-4.58201374	-0.24652291	2.92173236	0.15719594	-7.5037461	-0.40371885	0.0	0.0	0.0	0.0	0.0	2	28	0.258819045102521	-0.9659258262890682	DE40	MEDIAN_CORE	MEDIAN_CORE	PIVOT	WAYNE
reclaim_given_break	RG2_DE40_PERIOD_M5_1770595200_1771027200_11009031893861184278	15517044587509430000	8877996843848603505	DE40	VERIFICATION_A	False	1	12	-1	0.10134323	0.23446357	0.29044347	1.74602357	2.62547666	1	2	0	2	18	5161	1	2	1	2	-0.24694191	-0.23148549	0.17223336	0.00549355	-2.89217185	0.0	-5.31343399	0.0	\N	6.2583737	16.82211687	2.65124188	0.02576523	93	31	8	8	0	-4.55550689	-0.24694191	2.89217185	0.15677694	-7.44767874	-0.40371885	0.0	0.0	0.0	0.0	0.0	2	75	0.258819045102521	-0.9659258262890682	DE40	MEDIAN_CORE	MEDIAN_CORE	PIVOT	WAYNE
reclaim_given_break	RG2_DE40_PERIOD_M5_1770595200_1771027200_11009031893861184278	15517044587509430000	9453666692193905904	DE40	VERIFICATION_A	False	1	13	-1	0.09783925	0.4969902	0.16886072	1.68565411	2.53469977	1	2	0	2	20	5703	1	2	1	2	-0.26213762	-0.23148549	0.17223336	0.00549355	-2.52154057	0.0	-4.85908661	0.0	\N	6.31262126	16.51111885	2.83020745	0.02487438	93	31	8	8	0	-4.66863174	-0.26213762	2.52154057	0.14158123	-7.19017231	-0.40371885	0.0	0.0	0.0	0.0	0.0	2	155	0.258819045102521	-0.9659258262890682	DE40	MEDIAN_CORE	MEDIAN_CORE	PIVOT	WAYNE
reclaim_given_break	RG2_DE40_PERIOD_M5_1770595200_1771027200_11009031893861184278	15517044587509430000	12949959620585229484	DE40	VERIFICATION_A	False	0	14	-1	0.21533161	0.46219102	0.9798995	1.65195911	2.36458486	2	3	0	3	23	6600	1	1	1	1	-0.16279077	-0.13127952	0.15535901	0.01182564	-2.25512791	0.0	-4.6673736	0.0	\N	6.28101994	16.27565696	2.86821705	0.02437716	92	27	9	9	0	-2.96423599	-0.16279077	2.25512791	0.12384776	-5.2193639	-0.28663853	0.0	0.0	0.0	0.0	7.87e-06	3	86	1.2246467991473532e-16	-1.0	DE40	MEDIAN_CORE	MEDIAN_CORE	MID_PIVOT|PIVOT	WAYNE
reclaim_given_break	RG2_DE40_PERIOD_M5_1770595200_1771027200_11009031893861184278	15517044587509430000	8142945504378581830	DE40	VERIFICATION_A	False	1	16	-1	0.20788227	0.04895039	0.03474676	1.59481	2.28278264	2	3	0	3	31	9088	1	1	1	1	-0.14019263	-0.13127952	0.15535901	0.01182564	-2.57436357	0.0	-4.90315824	0.0	\N	5.6664784	15.31535348	2.37174056	0.02353384	92	27	9	9	0	-2.46443775	-0.14019263	2.57436357	0.1464459	-5.03880132	-0.28663853	0.0	0.0	0.0	0.0	0.0	3	109	1.2246467991473532e-16	-1.0	DE40	MEDIAN_CORE	MEDIAN_CORE	MID_PIVOT|PIVOT	WAYNE
reclaim_given_break	RG2_DE40_PERIOD_M5_1770595200_1771027200_11009031893861184278	15517044587509430000	11991733016001795931	DE40	VERIFICATION_A	False	1	18	-1	0.24456025	0.22444688	0.08437761	1.20908758	2.21704151	3	4	1	3	35	10469	0	1	0	1	-0.24803397	-0.22564341	0.15593636	0.01504106	-2.17138926	0.0	-4.58504754	0.0	\N	5.68019748	15.05119766	2.48034376	0.0228561	93	24	10	10	0	-4.03291088	-0.24803397	2.17138926	0.1335458	-6.20430014	-0.38157976	0.0	0.0	0.0	0.0	0.0	4	154	-0.2588190451025208	-0.9659258262890683	DE40	MEDIAN_CORE	MEDIAN_CORE	MID_PIVOT|PIVOT|TPO_PROFILE	VOLKITT|WAYNE
reclaim_given_break	RG2_DE40_PERIOD_M5_1770595200_1771027200_11009031893861184278	15517044587509430000	8092418549528903205	DE40	VERIFICATION_A	False	0	25	-1	0.23139138	0.21322607	0.07450066	1.14398166	2.09766014	3	4	1	3	42	12500	0	1	0	1	-0.14740122	-0.12601951	0.14853731	0.01432737	-2.05360112	0.0	-4.33729077	0.0	\N	5.37520003	14.24159855	2.34764932	0.02162536	93	24	9	9	0	-2.38057394	-0.14740122	2.05360112	0.1271556	-4.43417505	-0.27455682	0.0	0.0	0.0	0.0	0.0	4	305	-0.2588190451025208	-0.9659258262890683	DE40	MEDIAN_CORE	MEDIAN_CORE	MID_PIVOT|PIVOT|TPO_PROFILE	VOLKITT|WAYNE
reclaim_given_break	RG2_DE40_PERIOD_M5_1770595200_1771027200_11009031893861184278	15517044587509430000	16044419514916762238	DE40	VERIFICATION_A	False	0	30	-1	0.18085527	0.00778019	0.80722892	1.1213027	1.98599566	2	3	0	3	54	16018	0	2	0	2	-0.13470223	-0.12806398	0.14188135	0.01182744	-2.06802455	0.0	-4.30049957	0.0	\N	4.89496745	13.28938209	2.02858196	0.02047418	93	26	9	9	0	-2.0597539	-0.13470223	2.06802455	0.1352431	-4.12777845	-0.26994533	0.0	0.0	0.0	0.0	0.0	3	29	-0.4999999999999997	-0.8660254037844388	DE40	MEDIAN_CORE	MEDIAN_CORE	MID_PIVOT|PIVOT	WAYNE
reclaim_given_break	RG2_DE40_PERIOD_M5_1770595200_1771027200_11009031893861184278	15517044587509430000	8239951727610879336	DE40	VERIFICATION_A	False	0	32	-1	0.17895007	0.04699972	0.04329268	1.10949043	1.96507435	2	3	0	3	56	16718	0	2	0	2	-0.1372998	-0.12806398	0.14188135	0.01182744	-2.00693763	0.0	-4.21589482	0.0	\N	4.88270329	13.18868765	2.04651351	0.0202585	93	26	9	9	0	-2.07735708	-0.1372998	2.00693763	0.13264553	-4.0842947	-0.26994533	0.0	0.0	0.0	0.0	0.0	3	18	-0.4999999999999997	-0.8660254037844388	DE40	MEDIAN_CORE	MEDIAN_CORE	MID_PIVOT|PIVOT	WAYNE
reclaim_given_break	RG2_DE40_PERIOD_M5_1770595200_1771027200_11009031893861184278	5183129494515146336	6259811457371886624	DE40	VERIFICATION_A	False	0	14	1	0.10112455	0.01791001	0.03106709	2.97159984	1.59667142	2	3	0	3	676	54032	6	4	6	4	0.18375629	0.17988529	0.44575485	0.00740875	-6.13709811	0.05314612	-8.22955883	0.0	\N	-0.02156512	7.47139881	-2.58013816	0.01827552	92	26	9	9	0	2.50815291	0.18375629	6.13709811	0.44962585	-3.6289452	-0.26586956	0.05337045	0.00389378	0.04434718	0.00323547	2.755e-05	3	88	-0.8660254037844385	-0.5000000000000004	DE40	MEDIAN_CORE	MEDIAN_CORE	PIVOT|TPO_PROFILE	VOLKITT|WAYNE
reclaim_given_break	RG2_DE40_PERIOD_M5_1770595200_1771027200_11009031893861184278	15517044587509430000	17571824677368304167	DE40	VERIFICATION_A	False	1	36	1	0.15432638	0.00500833	0.00714678	1.1839454	1.67597985	2	3	0	3	76	22845	0	2	0	2	-0.22480927	-0.2311638	0.14060908	0.01235775	-1.83531455	0.0	-3.83565114	0.0	\N	4.01097173	11.17404521	1.5650442	0.01747091	92	24	10	10	0	-2.80746862	-0.22480927	1.83531455	0.14696361	-4.64278317	-0.37177288	0.0	0.0	0.0	0.0	0.0	3	56	-0.8660254037844385	-0.5000000000000004	DE40	MEDIAN_CORE	MEDIAN_CORE	MID_PIVOT|PIVOT	WAYNE
reclaim_given_break	RG2_DE40_PERIOD_M5_1770595200_1771027200_11009031893861184278	15517044587509430000	6461163988089646730	DE40	VERIFICATION_A	False	1	37	1	0.14954516	0.49886007	0.18990908	1.1472653	1.62405591	2	3	0	3	78	23443	0	2	0	2	-0.18398672	-0.2311638	0.14060908	0.01235775	-2.27246114	0.0	-4.21082481	0.0	\N	3.39269994	10.33385251	1.02255028	0.01692964	92	24	10	10	0	-2.22648285	-0.18398672	2.27246114	0.18778616	-4.49894399	-0.37177288	0.0	0.0	0.0	0.0	0.0	3	117	-0.8660254037844385	-0.5000000000000004	DE40	MEDIAN_CORE	MEDIAN_CORE	MID_PIVOT|PIVOT	WAYNE
reclaim_given_break	RG2_DE40_PERIOD_M5_1770595200_1771027200_11009031893861184278	7150606051313880249	11460153796839433228	DE40	VERIFICATION_A	False	0	85	1	1.2406593	0.20808753	0.10130944	1.56184824	1.21146031	4	9	1	8	2775	228691	4	0	4	0	-0.01703116	-0.09397721	0.27779567	0.09708996	-4.53304971	0.0	-6.57987415	0.0	\N	1.44910437	8.77864779	-1.05366656	0.01787694	92	24	10	10	0	-0.21763182	-0.01703116	4.53304971	0.35474172	-4.75068153	-0.37177288	0.0	0.0	0.0	0.0	0.0	9	250	-0.8660254037844385	-0.5000000000000004	DE40	MEDIAN_CORE	MEDIAN_CORE	MID_PIVOT|PIVOT|PIVOT_ZONE|TPO_PROFILE	VOLKITT|WAYNE
reclaim_given_break	RG2_DE40_PERIOD_M5_1770595200_1771027200_11009031893861184278	15517044587509430000	11322830582533851430	DE40	VERIFICATION_A	False	1	39	1	0.14752218	0.20552902	0.51195383	1.13174566	1.60208648	2	3	0	3	79	23825	0	2	0	2	-0.2079934	-0.2311638	0.14060908	0.01235775	-1.95513769	0.0	-3.86728014	0.0	\N	3.63338789	10.48064398	1.29530044	0.01670062	92	24	10	10	0	-2.48294681	-0.2079934	1.95513769	0.16377948	-4.43808449	-0.37177288	0.0	0.0	0.0	0.0	0.0	3	33	-0.8660254037844385	-0.5000000000000004	DE40	MEDIAN_CORE	MEDIAN_CORE	MID_PIVOT|PIVOT	WAYNE
reclaim_given_break	RG2_DE40_PERIOD_M5_1770595200_1771027200_11009031893861184278	3600205889966065067	1006901128917759087	DE40	VERIFICATION_A	False	1	2	-1	0.11137275	0.21542672	0.45043247	0.2810836	0.99758162	2	2	1	1	6	1685	0	1	0	1	-0.02494743	0.0	0.44524635	0.01024836	-4.56754524	0.0	-6.45301661	0.0	\N	0.6927385	7.21599949	-1.53471648	0.01591039	92	22	11	11	0	-0.27111309	-0.02494743	4.56754524	0.42029891	-4.83865833	-0.44524635	0.0	0.0	0.0	0.0	0.0	2	36	-0.9659258262890683	-0.25881904510252063	DE40	MEDIAN_CORE	MEDIAN_CORE	PIVOT|TPO_PROFILE	VOLKITT|WAYNE
reclaim_given_break	RG2_DE40_PERIOD_M5_1770595200_1771027200_11009031893861184278	3600205889966065067	3298437307729084087	DE40	VERIFICATION_A	False	1	3	-1	0.11086123	0.09534066	0.27015794	0.27979264	0.9929999	2	2	1	1	7	1800	0	1	0	1	-0.01393777	0.0	0.44524635	0.01024836	-4.66566395	0.0	-6.54247569	0.0	\N	0.57046023	7.06376105	-1.64676444	0.01583732	92	22	11	11	0	-0.15077128	-0.01393777	4.66566395	0.43130858	-4.81643523	-0.44524635	0.0	0.0	0.0	0.0	0.0	2	30	-0.9659258262890683	-0.25881904510252063	DE40	MEDIAN_CORE	MEDIAN_CORE	PIVOT|TPO_PROFILE	VOLKITT|WAYNE
reclaim_given_break	RG2_DE40_PERIOD_M5_1770595200_1771027200_11009031893861184278	12142212366481378000	12535702365101440134	DE40	VERIFICATION_A	False	0	17	1	0.08754997	0.0186703	0.01469621	1.50733627	0.27952702	2	3	0	3	695	59621	3	0	3	0	0.04081775	0.03629221	0.48153855	0.00810108	-5.25298809	0.0	-7.1280181	0.0	\N	-0.02183475	6.46530173	-2.23695453	0.01582228	92	22	11	11	0	0.44112528	0.04081775	5.25298809	0.4860641	-4.81186281	-0.44524635	0.0	0.0	0.0	0.0	0.0	3	120	-0.9659258262890683	-0.25881904510252063	DE40	MEDIAN_CORE	MEDIAN_CORE	PIVOT|TPO_PROFILE	VOLKITT|WAYNE
reclaim_given_break	RG2_DE40_PERIOD_M5_1770595200_1771027200_11009031893861184278	3600205889966065067	364097730181975570	DE40	VERIFICATION_A	False	0	4	-1	0.1095256	0.49755914	0.02222839	0.27642175	0.98103643	2	2	1	1	9	2524	0	1	0	1	-0.05168101	0.0	0.44524635	0.01024836	-4.20608576	0.0	-6.06028602	0.0	\N	0.96695456	7.38202528	-1.22355739	0.01564651	92	22	11	11	0	-0.55232194	-0.05168101	4.20608576	0.39356533	-4.75840771	-0.44524635	0.0	0.0	0.0	0.0	0.0	2	1591	-0.9659258262890683	-0.25881904510252063	DE40	MEDIAN_CORE	MEDIAN_CORE	PIVOT|TPO_PROFILE	VOLKITT|WAYNE
reclaim_given_break	RG2_DE40_PERIOD_M5_1770595200_1771027200_11009031893861184278	12142212366481378000	13392627514109581313	DE40	VERIFICATION_A	False	0	19	1	0.08559966	0.03619938	0.06515837	1.47375803	0.19595103	2	3	0	3	703	62138	3	0	3	0	0.12320943	0.11672869	0.49377262	0.00843546	-5.07636826	0.0	-6.98717552	0.0	\N	-0.03929334	6.3033322	-2.20506791	0.01546982	92	20	12	12	0	1.25027932	0.12320943	5.07636826	0.50025336	-3.82608894	-0.37704393	0.0	0.0	0.0	0.0	0.0	3	18	-1.0	-1.8369701987210297e-16	DE40	MEDIAN_CORE	MEDIAN_CORE	PIVOT|TPO_PROFILE	VOLKITT|WAYNE
reclaim_given_break	RG2_DE40_PERIOD_M5_1770595200_1771027200_11009031893861184278	3600205889966065067	12689685897301082997	DE40	VERIFICATION_A	False	1	6	-1	0.07681436	0.03287654	0.00693047	0.19459637	1.07079211	2	2	1	1	17	4831	0	2	0	2	0.08101178	0.08808538	0.46512931	0.00762241	-4.61602957	0.0	-6.51362687	0.0	\N	0.38622258	6.68499969	-1.76457936	0.01536287	92	20	12	12	0	0.8163915	0.08101178	4.61602957	0.45805572	-3.79963807	-0.37704393	0.0	0.0	0.0	0.0	0.0	2	447	-1.0	-1.8369701987210297e-16	DE40	MEDIAN_CORE	MEDIAN_CORE	PIVOT|TPO_PROFILE	VOLKITT|WAYNE
reclaim_given_break	RG2_DE40_PERIOD_M5_1770595200_1771027200_11009031893861184278	12142212366481378000	17561060154317978310	DE40	VERIFICATION_A	False	0	22	1	0.08955643	0.00582656	0.61290323	1.54188112	0.20500869	2	3	0	3	709	63958	3	0	3	0	0.12019096	0.11672869	0.49377262	0.00843546	-5.27897253	0.0	-7.27810507	0.0	\N	-0.00906354	6.62674392	-2.27494902	0.02589583	92	20	12	12	0	1.27602621	0.12019096	5.27897253	0.49723489	-4.00294632	-0.37704393	0.0	0.0	0.0	0.0	0.0	3	6	-1.0	-1.8369701987210297e-16	DE40	MEDIAN_CORE	MEDIAN_CORE	PIVOT|TPO_PROFILE	VOLKITT|WAYNE
reclaim_given_break	RG2_DE40_PERIOD_M5_1770595200_1771027200_11009031893861184278	3600205889966065067	985899245475794525	DE40	VERIFICATION_A	True	\N	7	-1	0.07770491	0.49762223	0.04320026	0.19685243	1.08320642	2	2	1	1	19	5426	0	2	0	2	0.03546028	0.08808538	0.46512931	0.00762241	-4.20518131	0.0	-6.12477854	0.0	\N	0.85506481	7.22686725	-1.32067261	0.02486557	92	20	12	12	0	0.36149187	0.03546028	4.20518131	0.41250422	-3.84368945	-0.37704393	0.0	0.0	0.0	0.0	0.0	2	901	-1.0	-1.8369701987210297e-16	DE40	MEDIAN_CORE	MEDIAN_CORE	PIVOT|TPO_PROFILE	VOLKITT|WAYNE
reclaim_given_break	RG2_DE40_PERIOD_M5_1770595200_1771027200_11009031893861184278	12142212366481378000	15529803603353152003	DE40	VERIFICATION_A	False	1	24	1	0.20077017	0.00855742	1.0	1.56776267	1.32804529	2	4	1	3	712	64899	3	3	3	3	0.20023372	0.19290935	0.46515304	0.01785957	-5.31140375	0.0588131	-7.40290623	0.0	\N	-0.01184873	6.73534542	-2.31576869	0.02633051	92	21	11	11	0	2.25094808	0.20023372	5.31140375	0.47247742	-3.06045567	-0.2722437	0.05848586	0.00544825	-0.94557908	-0.08808538	0.04055087	4	85	-0.9659258262890684	0.2588190451025203	DE40	MEDIAN_CORE	MEDIAN_CORE	PIVOT|TPO_PROFILE	VOLKITT|WAYNE
reclaim_given_break	RG2_DE40_PERIOD_M5_1770595200_1771027200_11009031893861184278	12142212366481378000	10580481682090536761	DE40	VERIFICATION_A	False	1	25	1	0.203313	0.3659634	0.36810431	1.58761902	1.34486551	2	4	1	3	715	65580	3	3	3	3	0.23161971	0.19290935	0.46515304	0.01785957	-5.7359724	0.0	-7.8539646	0.0	\N	-0.3692964	6.46335366	-2.70239643	0.026664	92	21	11	11	0	2.63675484	0.23161971	5.7359724	0.50386341	-3.09921756	-0.2722437	0.0	0.0	0.0	0.0	0.0	4	215	-0.9659258262890684	0.2588190451025203	DE40	MEDIAN_CORE	MEDIAN_CORE	PIVOT|TPO_PROFILE	VOLKITT|WAYNE
reclaim_given_break	RG2_DE40_PERIOD_M5_1770595200_1771027200_11009031893861184278	17579468045335866081	12933647902039258032	DE40	VERIFICATION_A	True	\N	1	-1	0.01365048	0.00170631	0.00798497	0.31851119	1.29338293	2	2	1	1	5	7	0	1	0	1	0.22185609	0.22261549	0.60514402	0.00121505	-6.78996622	0.0	-8.95855373	0.0	\N	-1.29508924	5.70078149	-3.68392315	0.02730096	92	19	12	12	0	2.49244484	0.22185609	6.78996622	0.60438462	-4.29752138	-0.38252853	0.0	0.0	0.0	0.0	0.0	2	113	-0.9659258262890684	0.2588190451025203	DE40	MEDIAN_CORE	MEDIAN_CORE	DAILY_EXTREME|TPO_PROFILE	DAY_SWINGS|VOLKITT
reclaim_given_break	RG2_DE40_PERIOD_M5_1770595200_1771027200_11009031893861184278	12142212366481378000	15518729300342216571	DE40	VERIFICATION_A	False	1	26	1	0.20668858	0.49232542	0.03016482	1.61397802	1.36719412	2	4	1	3	717	66197	3	3	3	3	0.2420134	0.19290935	0.46515304	0.01785957	-5.95149189	0.0	-8.1046488	0.0	\N	-0.49571375	6.4503778	-2.86754989	0.0271067	92	21	11	11	0	2.80081847	0.2420134	5.95149189	0.51425709	-3.15067341	-0.2722437	0.0	0.0	0.0	0.0	0.0	4	2402	-0.9659258262890684	0.2588190451025203	DE40	MEDIAN_CORE	MEDIAN_CORE	PIVOT|TPO_PROFILE	VOLKITT|WAYNE
reclaim_given_break	RG2_DE40_PERIOD_M5_1770595200_1771027200_11009031893861184278	12142212366481378000	419520369056678661	DE40	VERIFICATION_A	False	1	29	1	0.10032151	0.20994996	0.37568723	1.72722218	0.32030362	2	3	0	3	804	71980	3	0	3	0	0.13935239	0.11876334	0.48490195	0.00844453	-6.00526526	0.01996639	-8.35638915	0.0	\N	-0.21357604	7.21988542	-2.75183117	0.02900863	93	20	12	12	0	1.65551522	0.13935239	6.00526526	0.505491	-4.34975004	-0.36613861	0.01992305	0.00161352	1.0146369	0.08217314	-0.04076928	3	83	-0.7071067811865477	0.7071067811865474	DE40	MEDIAN_CORE	MEDIAN_CORE	PIVOT|TPO_PROFILE	VOLKITT|WAYNE
reclaim_given_break	RG2_DE40_PERIOD_M5_1770595200_1771027200_11009031893861184278	12142212366481378000	16897010447145727151	DE40	VERIFICATION_A	False	1	31	1	0.10125779	0.21922922	0.05269331	1.743342	0.32329295	2	3	0	3	807	72988	3	0	3	0	0.13996283	0.11876334	0.48490195	0.00844453	-6.06863102	0.0	-8.44169747	0.0	\N	-0.22288914	7.2799473	-2.78483329	0.02927936	93	20	12	12	0	1.67828564	0.13996283	6.06863102	0.50610145	-4.39034537	-0.36613861	0.0	0.0	0.0	0.0	0.0	3	669	-0.7071067811865477	0.7071067811865474	DE40	MEDIAN_CORE	MEDIAN_CORE	PIVOT|TPO_PROFILE	VOLKITT|WAYNE
reclaim_given_break	RG2_DE40_PERIOD_M5_1770595200_1771027200_11009031893861184278	11464200802835762166	15878594727240857811	DE40	VERIFICATION_A	False	1	1	1	0.10394759	0.49133367	0.02717886	0.32030362	1.15974086	2	3	1	2	1	27	0	1	0	1	0.12763179	0.08284867	0.44898728	0.00874975	-5.86602383	0.01996639	-8.21714773	0.0	\N	-0.07433461	7.35912684	-2.61258975	0.02900863	93	20	12	12	0	1.51627379	0.12763179	5.86602383	0.4937704	-4.34975004	-0.36613861	0.01992305	0.00161352	1.0146369	0.08217314	-0.04076928	3	2457	-0.7071067811865477	0.7071067811865474	DE40	MEDIAN_CORE	MEDIAN_CORE	PIVOT|TPO_PROFILE	VOLKITT|WAYNE
reclaim_given_break	RG2_DE40_PERIOD_M5_1770595200_1771027200_11009031893861184278	12142212366481378000	2788479573774782977	DE40	VERIFICATION_A	False	0	32	1	0.10183549	0.40010306	0.2617418	1.75328818	0.32513742	2	3	0	3	811	73981	3	0	3	0	0.15485776	0.11876334	0.48490195	0.00844453	-6.28287711	0.0	-8.66948248	0.0	\N	-0.40378386	7.14185807	-2.98034452	0.02944641	93	20	12	12	0	1.86748375	0.15485776	6.28287711	0.52099637	-4.41539335	-0.36613861	0.0	0.0	0.0	0.0	0.0	3	268	-0.7071067811865477	0.7071067811865474	DE40	MEDIAN_CORE	MEDIAN_CORE	PIVOT|TPO_PROFILE	VOLKITT|WAYNE
reclaim_given_break	RG2_DE40_PERIOD_M5_1770595200_1771027200_11009031893861184278	11464200802835762166	8487312609207226199	DE40	VERIFICATION_A	True	\N	2	1	0.10645672	0.1028669	0.28659794	0.32803525	1.1877352	2	3	1	2	11	3000	0	1	0	1	0.09472866	0.08284867	0.44898728	0.00874975	-5.60729372	0.0	-8.01517008	0.0	\N	0.32419786	7.9370915	-2.2753268	0.02970885	93	20	12	12	0	1.15254748	0.09472866	5.60729372	0.46086727	-4.45474624	-0.36613861	0.0	0.0	0.0	0.0	0.0	3	94	-0.7071067811865477	0.7071067811865474	DE40	MEDIAN_CORE	MEDIAN_CORE	PIVOT|TPO_PROFILE	VOLKITT|WAYNE
reclaim_given_break	RG2_DE40_PERIOD_M5_1781481600_1781913600_7723889237725395427	13904331425362943804	12390161444149267817	DE40	VERIFICATION_B	False	1	1	1	0.11124845	0.05253399	0.10967742	2.07354759	6.68520808	2	2	1	1	1	2	2	6	2	6	0.70081487	0.69631652	0.59643739	0.00462687	-14.44889853	0.0	-15.15142151	0.0	43.44576638	6.78306551	12.09826947	3.69283066	0.24721879	93	35	10	10	0	16.8503924	0.70081487	14.44889853	0.60093573	2.40149387	0.09987913	0.0	0.0	0.0	0.0	0.0	2	97	0.25881904510252074	0.9659258262890683	DE40	ABOVE	ABOVE	DAILY_EXTREME|MID_PIVOT	DAY_SWINGS|WAYNE
reclaim_given_break	RG2_DE40_PERIOD_M5_1781481600_1781913600_7723889237725395427	13904331425362943804	11562780058246520288	DE40	VERIFICATION_B	True	\N	2	1	0.03103277	0.37487587	0.27240927	2.19401688	6.68238994	2	2	1	1	7	210	2	6	2	6	0.7097105	0.69353802	0.59363331	0.00128557	-14.72028166	0.0	-15.42576961	0.0	43.62912736	6.60129096	11.93892751	3.4980139	0.24826216	93	35	10	10	0	17.13191094	0.7097105	14.72028166	0.60980579	2.41162927	0.09990471	0.0	0.0	4.39183051	0.18101399	-0.00929766	2	146	0.25881904510252074	0.9659258262890683	DE40	ABOVE	ABOVE	DAILY_EXTREME|MID_PIVOT	DAY_SWINGS|WAYNE
reclaim_given_break	RG2_DE40_PERIOD_M5_1781481600_1781913600_7723889237725395427	16566809003338811045	1456485366451438012	DE40	VERIFICATION_B	False	1	1	-1	0.02582478	0.47130221	0.08892922	1.84647169	6.04084619	2	2	1	1	1	239	2	5	2	5	0.46208037	0.4816459	0.56822511	0.00104349	-13.57842023	-0.06991883	-14.24236555	0.0	45.38398218	8.67066951	14.22299697	5.44257215	0.25824779	95	35	11	11	0	11.43572751	0.46208037	13.57842023	0.54865958	-2.14269272	-0.08657921	-0.06961769	-0.00275871	9.12967236	0.36177719	-0.02381401	2	1273	0.49999999999999994	0.8660254037844387	DE40	MEDIAN_CORE	MEDIAN_CORE	MID_PIVOT|TPO_PROFILE	VOLKITT|WAYNE
reclaim_given_break	RG2_DE40_PERIOD_M5_1781481600_1781913600_7723889237725395427	16566809003338811045	17545030100022017338	DE40	VERIFICATION_B	False	1	2	-1	0.02679169	0.21232418	0.03776683	1.91560616	6.26702389	2	2	1	1	7	1802	2	5	2	5	0.47285446	0.4816459	0.56822511	0.00104349	-14.36343944	0.0	-15.0522438	0.0	47.0832217	8.71868721	14.47890154	5.36972539	0.26791695	95	35	11	11	0	12.14052133	0.47285446	14.36343944	0.55943366	-2.22291812	-0.08657921	0.0	0.0	0.0	0.0	0.0	2	926	0.49999999999999994	0.8660254037844387	DE40	MEDIAN_CORE	MEDIAN_CORE	MID_PIVOT|TPO_PROFILE	VOLKITT|WAYNE
reclaim_given_break	RG2_DE40_PERIOD_M5_1781481600_1781913600_7723889237725395427	16566809003338811045	631642079107790471	DE40	VERIFICATION_B	False	1	4	-1	0.02717945	0.2779099	0.32809149	1.94333084	6.35772689	2	2	1	1	11	3147	2	5	2	5	0.47045442	0.4816459	0.56822511	0.00104349	-14.5088096	0.0	-15.20758307	0.0	47.76465992	8.90738602	14.75096827	5.50995447	0.27179452	95	35	11	11	0	12.25371906	0.47045442	14.5088096	0.55703363	-2.25509054	-0.08657921	0.0	0.0	0.0	0.0	0.0	2	36	0.49999999999999994	0.8660254037844387	DE40	MEDIAN_CORE	MEDIAN_CORE	MID_PIVOT|TPO_PROFILE	VOLKITT|WAYNE
reclaim_given_break	RG2_DE40_PERIOD_M5_1781481600_1781913600_7723889237725395427	16566809003338811045	11511489937831368095	DE40	VERIFICATION_B	False	1	5	-1	0.02744237	0.23326015	0.98029557	1.96212953	6.41922795	2	2	1	1	12	3302	2	5	2	5	0.47225445	0.4816459	0.56822511	0.00104349	-14.69649773	0.0	-15.40203074	0.0	48.22670829	8.94621295	14.84632272	5.51591658	0.27442371	95	35	11	11	0	12.41959272	0.47225445	14.69649773	0.55883366	-2.27690501	-0.08657921	0.0	0.0	0.0	0.0	0.0	2	26	0.49999999999999994	0.8660254037844387	DE40	MEDIAN_CORE	MEDIAN_CORE	MID_PIVOT|TPO_PROFILE	VOLKITT|WAYNE
reclaim_given_break	RG2_DE40_PERIOD_M5_1781481600_1781913600_7723889237725395427	16566809003338811045	12880769988678350458	DE40	VERIFICATION_B	False	0	6	-1	0.02813533	0.49729197	0.76808722	3.48526412	6.58132283	2	2	1	1	14	3950	5	5	5	5	0.7101363	0.72890131	0.56427241	0.00103246	-14.86545593	0.0	-15.53281283	0.0	48.6839699	9.43025955	15.4793557	5.91334318	0.28135331	95	37	10	10	0	19.35170787	0.7101363	14.86545593	0.5455074	4.48625194	0.1646289	0.0	0.0	0.0	0.0	0.0	2	42	0.7071067811865476	0.7071067811865476	DE40	ABOVE	ABOVE	MID_PIVOT|TPO_PROFILE	VOLKITT|WAYNE
reclaim_given_break	RG2_DE40_PERIOD_M5_1781481600_1781913600_7723889237725395427	2093399048609639744	7930716412063893923	DE40	VERIFICATION_B	True	\N	1	-1	0.07220653	0.00072448	1.0	0.54939747	2.96819532	2	2	1	1	1	2	0	3	0	3	0.58740642	0.58872847	0.6769247	0.00259208	-18.81998021	0.0	-19.50735347	0.0	50.14417156	6.20444831	12.4349779	2.58204738	0.14489604	95	35	11	11	0	16.36313485	0.58740642	18.81998021	0.67560265	-2.45684537	-0.08819623	0.0	0.0	0.0	0.0	0.0	2	6	0.7071067811865476	0.7071067811865476	DE40	ABOVE	ABOVE	DAILY_EXTREME|PIVOT	DAY_SWINGS|WAYNE
reclaim_given_break	RG2_DE40_PERIOD_M5_1781481600_1781913600_7723889237725395427	3992429785510643934	8831138530356551869	DE40	VERIFICATION_B	True	\N	1	-1	0.10533006	0.00090802	1.0	2.09752111	0.14588819	2	2	1	1	2	2	1	0	1	0	1.02174251	1.02321933	0.87258947	0.00290357	-31.60055404	0.0	-32.11931354	0.0	62.39875602	0.10623808	7.91519114	-4.4338509	0.04540089	96	36	10	10	0	37.0648151	1.02174251	31.60055404	0.87111266	5.46426106	0.15062986	0.0	0.0	0.0	0.0	7.416e-05	2	4	0.7071067811865476	-0.7071067811865475	DE40	ABOVE	ABOVE	DAILY_EXTREME|TPO_PROFILE	DAY_SWINGS|VOLKITT
reclaim_given_break	RG2_DE40_PERIOD_M5_1781481600_1781913600_7723889237725395427	12811624182622196712	14465117498903185783	DE40	VERIFICATION_B	False	0	7	-1	6.85840027	0.34622842	1.0	2.38820669	13.25054627	7	9	3	6	38	7240	2	10	2	10	1.08955494	1.2040118	0.8007554	0.18995168	-24.77951266	-0.0237479	-25.3069892	0.0	63.44728095	7.46006832	15.40024005	2.84368941	0.18465516	96	37	9	9	0	39.33949876	1.08955494	24.77951266	0.68629854	14.5599861	0.4032564	-0.02378083	-0.00065804	0.0	0.0	0.00047657	9	3526	0.7071067811865476	-0.7071067811865475	DE40	ABOVE	ABOVE	ADAPTIVE_VALUE|DAILY_EXTREME|MID_PIVOT|PIVOT|PIVOT_ZONE|SENTINEL|TPO_PROFILE	DAY_SWINGS|VOLKITT|WAYNE
reclaim_given_break	RG2_DE40_PERIOD_M5_1781481600_1781913600_7723889237725395427	15673314431304136007	6319680513838870846	DE40	VERIFICATION_B	False	0	8	1	3.66068035	0.21522235	0.14415781	1.09749145	6.81854175	6	8	1	7	460	24165	1	10	1	10	1.30387975	1.22695671	0.81326043	0.19644265	-16.58844028	0.0	-17.07668187	0.0	33.09708761	-0.21522235	4.10822881	-2.59074496	0.02375523	95	36	9	9	0	24.29761075	1.30387975	16.58844028	0.89018347	7.70917047	0.41369628	0.0	0.0	0.0	0.0	0.0	8	3807	-0.9659258262890683	-0.25881904510252063	DE40	ABOVE	ABOVE	ADAPTIVE_VALUE|MID_PIVOT|PIVOT|PIVOT_ZONE|SENTINEL|TPO_PROFILE	VOLKITT|WAYNE
reclaim_given_break	RG2_DE40_PERIOD_M5_1781481600_1781913600_7723889237725395427	17590340912375654738	11979174670530338040	DE40	VERIFICATION_B	True	\N	2	-1	0.09572835	0.23191547	0.06947891	4.02510611	1.66350582	2	2	1	1	4	138	5	0	5	0	0.30124148	0.31558984	0.53473585	0.00490938	-10.1470702	0.0	-10.70279057	0.0	\N	8.52777025	13.187754	5.81847738	0.21674343	91	31	9	9	0	5.87392757	0.30124148	10.1470702	0.52038749	-4.27314263	-0.21914601	0.0	0.0	2.13413384	0.10559842	-0.03980794	2	915	0.25881904510252074	0.9659258262890683	DE40	MEDIAN_CORE	MEDIAN_CORE	DAILY_EXTREME|PIVOT	DAY_SWINGS|WAYNE
reclaim_given_break	RG2_DE40_PERIOD_M5_1781481600_1781913600_7723889237725395427	17590340912375654738	11956212573560707297	DE40	VERIFICATION_B	True	\N	4	-1	0.03355329	0.23431384	0.013124	3.99004586	1.94609104	2	2	2	0	27	1441	4	4	4	4	0.31269782	0.32516759	0.54513249	0.00166634	-10.72566025	-0.01912963	-11.28005816	0.0	\N	8.56671513	13.37602058	5.77060731	0.22368863	94	34	9	9	0	6.29646199	0.31269782	10.72566025	0.53266271	-4.42919826	-0.2199649	-0.01901267	-0.00095052	0.0	0.0	0.00052247	2	3586	0.49999999999999994	0.8660254037844387	DE40	MEDIAN_CORE	MEDIAN_CORE	DAILY_EXTREME|TPO_PROFILE	DAY_SWINGS|VOLKITT
reclaim_given_break	RG2_DE40_PERIOD_M5_1781481600_1781913600_7723889237725395427	6766674352449419026	10787981355443975449	DE40	VERIFICATION_B	False	1	1	-1	0.02282584	0.00913034	0.01168929	3.77006772	4.32930077	2	2	1	1	3	5	3	6	3	6	0.47367184	0.47445802	0.63628401	0.00087353	-16.60598383	0.00540912	-17.33850719	0.0	\N	9.66446017	16.20786731	5.86015369	0.15217226	95	35	10	10	0	12.37736237	0.47367184	16.60598383	0.63549783	-4.22862145	-0.16182599	0.00533805	0.00020108	1.7961576	0.06765818	-0.03052553	2	442	0.9659258262890683	0.25881904510252074	DE40	MEDIAN_CORE	MEDIAN_CORE	DAILY_EXTREME|MID_PIVOT	DAY_SWINGS|WAYNE
reclaim_given_break	RG2_DE40_PERIOD_M5_1781481600_1781913600_7723889237725395427	13401381744145380998	12785130350717700355	DE40	VERIFICATION_B	False	1	1	1	0.05991013	0.12980529	0.05172414	4.8876685	5.71143285	2	2	1	1	1	0	4	5	4	5	0.48036378	0.47570537	0.6371799	0.00174691	-22.01185435	0.06756558	-22.98552172	0.0	\N	12.45132302	21.03844234	7.45881178	0.04992511	95	35	10	10	1	16.47408297	0.48036378	22.01185435	0.64183831	-5.53777138	-0.16147453	0.06820575	0.00191388	2.41802149	0.06785062	-0.02896609	2	29	0.49999999999999994	-0.8660254037844387	DE40	MEDIAN_CORE	MEDIAN_CORE	MID_PIVOT|TPO_PROFILE	VOLKITT|WAYNE
reclaim_given_break	RG2_DE40_PERIOD_M5_1781481600_1781913600_7723889237725395427	17574665675277892179	17484097592180174438	DE40	VERIFICATION_B	True	\N	1	-1	0.00503572	0.00440626	0.03144654	0.71098102	3.905832	2	2	1	1	9	3	1	1	1	1	0.53879984	0.53901802	0.77513768	0.00015867	-24.59340207	0.0	-25.51411576	0.0	\N	7.99546785	16.11556982	3.27447833	0.0472099	95	33	11	11	0	17.09973877	0.53879984	24.59340207	0.77491951	-7.4936633	-0.23611967	0.0	0.0	0.0	0.0	0.0	2	8	0.49999999999999994	-0.8660254037844387	DE40	ABOVE	ABOVE	DAILY_EXTREME|PIVOT	DAY_SWINGS|WAYNE
reclaim_given_break	RG2_DE40_PERIOD_M5_1781481600_1781913600_7723889237725395427	13401381744145380998	11741922499643226283	DE40	VERIFICATION_B	False	1	2	1	0.05577245	0.48800892	0.93717277	4.27588771	5.31697342	2	2	1	1	72	975	2	5	2	5	0.43108959	0.41459305	0.65049463	0.00178341	-20.85877684	0.0	-21.76519799	0.0	\N	11.22420524	19.21825618	6.57650121	0.04647704	95	33	11	11	0	13.48144017	0.43108959	20.85877684	0.66699116	-7.37733668	-0.23590158	0.0	0.0	2.25706804	0.06959847	-0.02068101	2	20	0.49999999999999994	-0.8660254037844387	DE40	MEDIAN_CORE	MEDIAN_CORE	MID_PIVOT|TPO_PROFILE	VOLKITT|WAYNE
reclaim_given_break	RG2_DE40_PERIOD_M5_1781481600_1781913600_7723889237725395427	13401381744145380998	12342389923223773305	DE40	VERIFICATION_B	False	0	3	1	0.05421034	0.35598121	0.39901478	4.15612577	5.16805204	2	2	1	1	73	1200	2	5	2	5	0.42719581	0.41459305	0.65049463	0.00178341	-20.15619094	0.0	-21.03722443	0.0	\N	11.02818937	18.79833755	6.51066137	0.04517528	95	33	11	11	0	12.98548368	0.42719581	20.15619094	0.66309739	-7.17070726	-0.23590158	0.0	0.0	0.0	0.0	0.0	2	37	0.49999999999999994	-0.8660254037844387	DE40	MEDIAN_CORE	MEDIAN_CORE	MID_PIVOT|TPO_PROFILE	VOLKITT|WAYNE
reclaim_given_break	RG2_DE40_PERIOD_M5_1781481600_1781913600_7723889237725395427	13401381744145380998	4362183974171735720	DE40	VERIFICATION_B	False	1	5	1	0.0530129	0.05036225	0.03265812	4.06432232	5.05389645	2	2	1	1	75	1829	2	5	2	5	0.417179	0.41459305	0.65049463	0.00178341	-19.41321093	0.0	-20.27478353	0.0	\N	11.0823467	18.68086234	6.66460505	0.04417742	95	33	11	11	0	12.40089533	0.417179	19.41321093	0.65308057	-7.0123156	-0.23590158	0.0	0.0	0.0	0.0	0.0	2	72	0.49999999999999994	-0.8660254037844387	DE40	MEDIAN_CORE	MEDIAN_CORE	MID_PIVOT|TPO_PROFILE	VOLKITT|WAYNE
reclaim_given_break	RG2_DE40_PERIOD_M5_1781481600_1781913600_7723889237725395427	13401381744145380998	26980360966690305	DE40	VERIFICATION_B	False	1	6	1	0.05064573	0.47860218	0.04797539	3.88283954	4.82822656	2	2	1	1	77	2405	2	5	2	5	0.43233797	0.41459305	0.65049463	0.00178341	-18.97684826	0.0	-19.79994935	0.0	\N	10.15700177	17.41622352	5.93652401	0.04220478	95	33	11	11	0	12.27765116	0.43233797	18.97684826	0.66823955	-6.69919709	-0.23590158	0.0	0.0	0.0	0.0	0.0	2	548	0.49999999999999994	-0.8660254037844387	DE40	MEDIAN_CORE	MEDIAN_CORE	MID_PIVOT|TPO_PROFILE	VOLKITT|WAYNE
reclaim_given_break	RG2_DE40_PERIOD_M5_1781481600_1781913600_7723889237725395427	4036400600753027505	2507321800687220826	DE40	VERIFICATION_B	True	\N	2	-1	0.02171238	0.4834624	0.048986	0.19179272	7.51248462	2	2	1	1	53	7422	0	9	0	9	0.49090059	0.50962079	0.72035065	0.00082226	-18.52698651	0.0	-19.41231816	0.0	\N	6.27343128	12.49764783	2.65470073	0.03618731	95	35	9	9	0	12.96253408	0.49090059	18.52698651	0.70163045	-5.56445244	-0.21072986	0.0	0.0	0.0	0.0	0.0	2	563	1.2246467991473532e-16	-1.0	DE40	MEDIAN_CORE	ABOVE	DAILY_EXTREME|TPO_PROFILE	DAY_SWINGS|VOLKITT
reclaim_given_break	RG2_DE40_PERIOD_M5_1781481600_1781913600_7723889237725395427	12822050212031094550	13945197491770142537	DE40	VERIFICATION_B	True	\N	3	-1	5.34912748	0.23115144	0.13595414	2.84918749	7.68704544	4	8	1	7	53	943	2	10	2	10	0.60164007	0.70638717	0.80644193	0.19863859	-18.89590067	0.0	-19.77676964	0.0	\N	5.77950601	11.97234824	2.17901635	0.0360049	95	36	8	8	0	16.20153152	0.60164007	18.89590067	0.70169484	-2.69436916	-0.10005477	0.0	0.0	0.0	0.0	0.0	8	4201	1.2246467991473532e-16	-1.0	DE40	ABOVE	ABOVE	DAILY_EXTREME|MID_PIVOT|PIVOT|PIVOT_ZONE	DAY_SWINGS|WAYNE
reclaim_given_break	RG2_DE40_PERIOD_M5_1781481600_1781913600_7723889237725395427	9173825455525029504	12662823852826603523	DE40	VERIFICATION_B	True	\N	1	-1	0.05542308	0.00064445	1.0	2.37159245	0.12287599	2	2	1	1	2	1	1	0	1	0	0.63381824	0.63504549	0.95238644	0.00239873	-21.97669148	0.0	-22.81562158	0.0	\N	0.05606754	5.59837597	-3.16620481	0.03222272	96	33	10	10	0	14.64447595	0.63381824	21.97669148	0.95115919	-7.33221553	-0.31734095	0.0	0.0	0.0	0.0	0.00010381	2	5	-0.2588190451025208	-0.9659258262890683	DE40	ABOVE	ABOVE	DAILY_EXTREME|TPO_PROFILE	DAY_SWINGS|VOLKITT
reclaim_given_break	RG2_DE40_PERIOD_M5_1781481600_1781913600_7723889237725395427	18226700072586653963	15400010275201774584	DE40	VERIFICATION_B	False	0	4	1	4.6772027	0.22079503	0.03649364	2.49128993	2.78617303	4	8	0	8	23	973	3	4	3	4	0.73674374	0.64210591	0.85299394	0.20533955	-21.58505707	0.0	-22.39264576	0.0	\N	-0.04659363	5.36834152	-3.19481174	0.03148218	96	35	9	9	0	16.78147169	0.73674374	21.58505707	0.94763177	-4.80358538	-0.21088803	0.0	0.0	0.0	0.0	0.0	8	2697	-0.4999999999999997	-0.8660254037844388	DE40	ABOVE	ABOVE	MID_PIVOT|PIVOT|PIVOT_ZONE|SENTINEL	VOLKITT|WAYNE
reclaim_given_break	RG2_DE40_PERIOD_M5_1781481600_1781913600_7723889237725395427	9975174255353795944	5283355977558556571	DE40	VERIFICATION_B	True	\N	1	-1	0.10384216	0.00135446	0.02531646	0.8262224	0.56887444	2	2	1	1	2	1	0	0	0	0	0.59602384	0.59942798	1.03904314	0.0066352	-16.20794538	0.0	-16.7533523	0.0	31.70244706	-0.73005553	3.15273827	-2.98749379	0.03611901	97	28	11	11	0	9.32788538	0.59602384	16.20794538	1.03563899	-6.88005999	-0.43961515	0.0	0.0	0.0	0.0	0.0	2	47	-1.0	-1.8369701987210297e-16	DE40	ABOVE	ABOVE	DAILY_EXTREME|MID_PIVOT	DAY_SWINGS|WAYNE
reclaim_given_break	RG2_DE40_PERIOD_M5_1781481600_1781913600_7723889237725395427	18226700072586653963	16983610273442624063	DE40	VERIFICATION_B	False	1	18	1	4.07858804	0.28269445	0.36376882	1.67897239	2.23778699	6	11	2	9	225	25742	2	3	2	3	0.68071652	0.57250579	0.90260551	0.23135345	-17.81993343	0.0	-18.41256195	0.0	35.51013958	-0.46475169	3.88439365	-2.99332457	0.04045717	97	30	10	10	0	12.00052257	0.68071652	17.81993343	1.01081624	-5.81941086	-0.33009972	0.0	0.0	0.0	0.0	0.0	11	296	-0.8660254037844386	0.5000000000000001	DE40	ABOVE	ABOVE	ADAPTIVE_VALUE|MID_PIVOT|PIVOT|PIVOT_ZONE|SENTINEL|TPO_PROFILE	VOLKITT|WAYNE
reclaim_given_break	RG2_DE40_PERIOD_M5_1781481600_1781913600_7723889237725395427	18226700072586653963	933503004468030055	DE40	VERIFICATION_B	False	0	20	1	3.36062854	0.20252745	0.01929938	1.79002292	2.00190011	5	9	1	8	235	28536	3	3	3	3	0.6600993	0.55817909	0.89269835	0.21336147	-15.66610697	0.0	-16.13327904	0.0	\N	-0.07736156	3.81333695	-2.33939558	0.03619254	96	31	10	10	0	10.39713777	0.6600993	15.66610697	0.99461857	-5.2689692	-0.33451927	0.0	0.0	0.0	0.0	0.0	9	1567	-0.7071067811865477	0.7071067811865474	DE40	ABOVE	ABOVE	MID_PIVOT|PIVOT|PIVOT_ZONE|SENTINEL|TPO_PROFILE	VOLKITT|WAYNE
reclaim_given_break	RG2_DE40_PERIOD_M5_1781481600_1781913600_7723889237725395427	16117428082255322575	14426557598321824364	DE40	VERIFICATION_B	False	1	1	1	0.09408982	0.48751966	0.27943521	0.5923626	1.30919257	2	3	1	2	226	28176	0	1	0	1	0.26253191	0.22357042	0.55688179	0.00671695	-8.34646709	0.0	-8.7902738	0.0	\N	5.52078713	8.9886689	3.5045768	0.03225937	96	28	10	10	0	3.67750044	0.26253191	8.34646709	0.59584329	-4.66896666	-0.33331138	0.0	0.0	0.0	0.0	0.0	3	65	-0.5000000000000004	0.8660254037844384	DE40	MEDIAN_CORE	MEDIAN_CORE	PIVOT|TPO_PROFILE	VOLKITT|WAYNE
reclaim_given_break	RG2_DE40_PERIOD_M5_1781481600_1781913600_7723889237725395427	17405647390097739583	14796210308533893766	DE40	VERIFICATION_B	False	0	15	1	0.52461793	0.22944474	0.0956754	1.66538973	0.5923626	2	2	1	1	397	34598	2	0	2	0	0.32384805	0.29047681	0.62378819	0.03745178	-9.2053727	0.0	-9.6491794	0.0	\N	4.66188153	8.1297633	2.6456712	0.03225937	96	28	10	10	0	4.53640604	0.32384805	9.2053727	0.65715943	-4.66896666	-0.33331138	0.0	0.0	0.0	0.0	0.0	2	140	-0.5000000000000004	0.8660254037844384	DE40	MEDIAN_CORE	MEDIAN_CORE	ADAPTIVE_VALUE|MID_PIVOT	VOLKITT|WAYNE
reclaim_given_break	RG2_DE40_PERIOD_M5_1781481600_1781913600_7723889237725395427	16117428082255322575	15111200372524386073	DE40	VERIFICATION_B	False	1	2	1	0.09285421	0.19698356	0.0204514	0.58458355	1.29199995	2	3	1	2	228	28500	0	1	0	1	0.24197805	0.22357042	0.55688179	0.00671695	-7.95272544	0.0	-8.39070397	0.0	\N	5.73242071	9.15476143	3.74268773	0.03183573	96	28	10	10	0	3.34507276	0.24197805	7.95272544	0.57528943	-4.60765268	-0.33331138	0.0	0.0	0.0	0.0	0.0	3	457	-0.5000000000000004	0.8660254037844384	DE40	MEDIAN_CORE	MEDIAN_CORE	PIVOT|TPO_PROFILE	VOLKITT|WAYNE
reclaim_given_break	RG2_DE40_PERIOD_M5_1781481600_1781913600_7723889237725395427	17405647390097739583	15582990120994735378	DE40	VERIFICATION_B	True	\N	20	1	0.51152001	0.25556342	0.70731707	1.62381065	0.57757333	2	2	1	1	400	35413	2	0	2	0	0.32617979	0.29047681	0.62378819	0.03745178	-9.00739315	0.0	-9.44011953	0.0	\N	4.51364315	7.89494378	2.5477707	0.03145396	96	28	10	10	0	4.45499463	0.32617979	9.00739315	0.65949117	-4.55239853	-0.33331138	0.0	0.0	0.0	0.0	0.0	2	22	-0.5000000000000004	0.8660254037844384	DE40	MEDIAN_CORE	MEDIAN_CORE	ADAPTIVE_VALUE|MID_PIVOT	VOLKITT|WAYNE
reclaim_given_break	RG2_DE40_PERIOD_M5_1781481600_1781913600_7723889237725395427	6589766078790798534	14423908494477710581	DE40	VERIFICATION_B	True	\N	1	-1	0.08028396	0.00038722	1.0	0.42465311	2.16689255	2	2	1	1	4	2	1	3	1	3	0.62296888	0.62635274	0.81134003	0.00670305	-9.67707384	0.0	-10.13939981	0.0	\N	0.5053243	5.34559535	-2.24394966	0.15488867	93	22	13	13	0	7.46143917	0.62296888	9.67707384	0.80795618	-2.21563466	-0.18498729	0.0	0.0	0.0	0.0	0.0	2	8	0.25881904510252074	0.9659258262890683	DE40	ABOVE	ABOVE	DAILY_EXTREME|PIVOT	DAY_SWINGS|WAYNE
reclaim_given_break	RG2_DE40_PERIOD_M5_1781481600_1781913600_7723889237725395427	4455958808180629496	2390909884769818347	DE40	VERIFICATION_B	True	\N	1	-1	0.0767828	0.00123401	0.024	0.42093428	0.3770584	2	2	1	1	5	1	0	0	0	0	0.92286367	0.92590711	1.10658235	0.00589733	-14.36799542	-0.00012518	-14.86035128	0.0	\N	-2.4421044	1.58899264	-3.3059109	0.16453457	97	23	13	13	0	12.01561707	0.92286367	14.36799542	1.10353891	-2.35237834	-0.18067524	-0.00012468	-9.68e-06	-3.117e-05	-2.42e-06	0.00041094	2	39	0.7071067811865476	0.7071067811865476	DE40	ABOVE	ABOVE	DAILY_EXTREME|PIVOT	DAY_SWINGS|WAYNE
reclaim_given_break	RG2_DE40_PERIOD_M5_1781481600_1781913600_7723889237725395427	18226700072586653963	9688988976230444054	DE40	VERIFICATION_B	False	0	24	1	3.11688661	0.23514535	0.39013882	0.85825363	2.78461601	5	13	3	10	790	48779	1	5	1	5	1.01135789	0.87363857	0.96446023	0.24603288	-13.9630468	0.0	-14.44610356	0.0	\N	-2.26239961	1.69256225	-3.10989144	0.08071351	97	23	12	12	0	12.81246556	1.01135789	13.9630468	1.10217955	-1.15058124	-0.09082166	0.0	0.0	0.0	0.0	-0.00076245	13	1745	0.7071067811865476	0.7071067811865476	DE40	ABOVE	ABOVE	MID_PIVOT|PIVOT|PIVOT_ZONE|SENTINEL|TPO_PROFILE	VOLKITT|WAYNE
reclaim_given_break	RG2_DE40_PERIOD_M5_1781481600_1781913600_7723889237725395427	8279962579146404561	16500799365721950856	DE40	VERIFICATION_B	False	1	2	-1	0.063346	0.22354471	0.05900228	1.42695206	0.48843102	2	2	1	1	7	1999	1	0	1	0	0.72793992	0.74337903	1.04473526	0.00383205	-17.01488006	0.0	-17.87507502	0.0	\N	-2.72704541	2.12392478	-5.32756551	0.025005	96	27	12	12	0	12.03328166	0.72793992	17.01488006	1.02929615	-4.9815984	-0.30135623	0.0	0.0	0.0	0.0	0.0	2	318	1.2246467991473532e-16	-1.0	DE40	ABOVE	ABOVE	PIVOT|TPO_PROFILE	VOLKITT|WAYNE
reclaim_given_break	RG2_DE40_PERIOD_M5_1781481600_1781913600_7723889237725395427	18226700072586653963	10907398565839485884	DE40	VERIFICATION_B	False	0	43	-1	3.76289617	0.21680766	0.04002188	2.00428887	3.64469885	5	10	1	9	1038	79740	3	7	3	7	0.6197841	0.75836722	0.92054342	0.22522995	-13.06413926	0.0	-13.85796059	0.0	\N	1.48574034	6.39937187	-1.14837141	0.025328	96	29	11	11	0	10.35467639	0.6197841	13.06413926	0.78196029	-2.70946287	-0.16217619	0.0	0.0	0.0	0.0	0.0	10	1554	0.258819045102521	-0.9659258262890682	DE40	ABOVE	ABOVE	MID_PIVOT|PIVOT|PIVOT_ZONE|SENTINEL|TPO_PROFILE	VOLKITT|WAYNE
reclaim_given_break	RG2_DE40_PERIOD_M5_1781481600_1781913600_7723889237725395427	8279962579146404561	2831554232415986730	DE40	VERIFICATION_B	False	0	3	-1	0.06325111	0.43793069	0.08950495	1.42481441	0.48769932	2	2	1	1	9	2400	1	0	1	0	0.71493114	0.74337903	1.04473526	0.00383205	-16.77467001	0.0	-17.63357635	0.0	\N	-2.50823929	2.3354639	-5.10486368	0.02496754	96	27	12	12	0	11.80053431	0.71493114	16.77467001	1.01628736	-4.9741357	-0.30135623	0.0	0.0	0.0	0.0	0.0	2	323	1.2246467991473532e-16	-1.0	DE40	ABOVE	ABOVE	PIVOT|TPO_PROFILE	VOLKITT|WAYNE
reclaim_given_break	RG2_DE40_PERIOD_M5_1781481600_1781913600_7723889237725395427	8279962579146404561	16863187444524395966	DE40	VERIFICATION_B	False	0	5	-1	0.01323671	0.06055793	0.01817217	1.41632748	0.53443198	2	2	1	1	13	3638	1	0	1	0	0.74070583	0.74479956	1.04377664	0.00080665	-17.06072404	0.03842922	-17.95294351	0.0	\N	-2.91770078	1.8971508	-5.49885833	0.02481882	96	27	12	12	0	12.15464608	0.74070583	17.06072404	1.03968291	-4.90607796	-0.29897708	0.0384961	0.00234217	0.0	0.0	0.00012367	2	239	-0.2588190451025208	-0.9659258262890683	DE40	ABOVE	ABOVE	PIVOT|TPO_PROFILE	VOLKITT|WAYNE
reclaim_given_break	RG2_DE40_PERIOD_M5_1781481600_1781913600_7723889237725395427	8279962579146404561	11060001638433727489	DE40	VERIFICATION_B	False	1	7	-1	0.01296008	0.02284215	0.10463576	1.38672888	0.52326335	2	2	1	1	19	5789	1	0	1	0	0.74297453	0.74479956	1.04377664	0.00080665	-16.74063698	0.0	-17.61421073	0.0	\N	-2.89317652	1.82105365	-5.42039269	0.02430016	96	27	12	12	0	11.9370869	0.74297453	16.74063698	1.0419516	-4.80355009	-0.29897708	0.0	0.0	0.0	0.0	0.0	2	15	-0.2588190451025208	-0.9659258262890683	DE40	ABOVE	ABOVE	PIVOT|TPO_PROFILE	VOLKITT|WAYNE
reclaim_given_break	RG2_DE40_PERIOD_M5_1781481600_1781913600_7723889237725395427	8776469066034947654	15783636784244284789	DE40	VERIFICATION_B	False	1	1	-1	0.03222169	0.48669391	0.09002472	1.22149479	0.4847899	2	2	1	1	1	90	1	0	1	0	0.71160869	0.74621963	1.04518214	0.002218	-14.68090729	-0.00248134	-15.47036337	0.0	\N	-2.16134277	2.10070741	-4.31433719	0.02196933	96	27	12	12	0	10.33777846	0.71160869	14.68090729	1.0105712	-4.34312883	-0.29896251	-0.00247698	-0.00017123	2.0901867	0.14448928	0.00247276	2	478	-0.7071067811865471	-0.7071067811865479	DE40	ABOVE	ABOVE	PIVOT|TPO_PROFILE	VOLKITT|WAYNE
reclaim_given_break	RG2_DE40_PERIOD_M5_1781481600_1781913600_7723889237725395427	8776469066034947654	4563189934331572862	DE40	VERIFICATION_B	False	0	2	-1	0.03200372	0.22373513	0.68261965	1.21323209	0.48151058	2	2	1	1	3	600	1	0	1	0	0.72960476	0.74621963	1.04518214	0.002218	-14.841266	0.0	-15.62538186	0.0	\N	-2.40638911	1.82683076	-4.54481976	0.02182072	96	27	12	12	0	10.52751593	0.72960476	14.841266	1.02856727	-4.31375007	-0.29896251	0.0	0.0	0.0	0.0	0.0	2	28	-0.7071067811865471	-0.7071067811865479	DE40	ABOVE	ABOVE	PIVOT|TPO_PROFILE	VOLKITT|WAYNE
reclaim_given_break	RG2_DE40_PERIOD_M5_1781481600_1781913600_7723889237725395427	3389039777496188409	7895773920291527974	DE40	VERIFICATION_B	False	0	1	1	0.06073612	0.49317731	0.57992565	0.68024456	0.86110324	2	2	1	1	8	2307	0	1	0	1	0.81595819	0.77692153	1.07587624	0.00452861	-14.9528046	0.0	-15.67315868	0.0	\N	-3.40851116	0.51909139	-5.27108556	0.02024537	96	26	12	12	0	10.9433332	0.81595819	14.9528046	1.1149129	-4.00947141	-0.29895471	0.0	0.0	0.0	0.0	-0.00085125	2	52	-0.8660254037844385	-0.5000000000000004	DE40	ABOVE	ABOVE	MID_PIVOT|TPO_PROFILE	VOLKITT|WAYNE
reclaim_given_break	RG2_DE40_PERIOD_M5_1781481600_1781913600_7723889237725395427	3389039777496188409	504495100792780995	DE40	VERIFICATION_B	False	0	3	1	0.05927214	0.01817679	0.02316213	0.66384795	0.8403472	2	2	1	1	10	2786	0	1	0	1	0.78057461	0.77692153	1.07587624	0.00452861	-14.12926919	0.0	-14.83225985	0.0	\N	-2.86323942	0.96969218	-4.68091832	0.01975738	96	26	12	12	0	10.21644209	0.78057461	14.12926919	1.07952933	-3.9128271	-0.29895471	0.0	0.0	0.0	0.0	0.0	2	39	-0.8660254037844385	-0.5000000000000004	DE40	ABOVE	ABOVE	MID_PIVOT|TPO_PROFILE	VOLKITT|WAYNE
reclaim_given_break	RG2_DE40_PERIOD_M5_1781481600_1781913600_7723889237725395427	4680277632286883890	8901732339622372201	DE40	VERIFICATION_B	True	\N	4	1	0.08757115	0.19703509	0.12894212	3.59041721	2.60211422	2	2	2	0	2	300	7	2	0	1	0.87743323	0.86290106	1.5944828	0.00528443	-26.66388181	0.0	-28.15099769	0.0	43.61293551	0.86632889	1.74204041	-0.19703509	0.25020329	97	23	12	12	0	14.54043389	0.87743323	26.66388181	1.60901497	-12.12344792	-0.73158175	0.0	0.0	0.0	0.0	0.0	2	170	0.7071067811865476	0.7071067811865476	DE40	ABOVE	ABOVE	DAILY_EXTREME|TPO_PROFILE	DAY_SWINGS|VOLKITT
reclaim_given_break	RG2_DE40_PERIOD_M5_1781481600_1781913600_7723889237725395427	9418328148908128351	16421792591431596284	DE40	VERIFICATION_B	True	\N	1	1	0.06781529	0.29881111	0.98762887	1.67524954	3.1199271	2	2	0	2	265	8040	2	4	2	4	0.85417282	0.83432884	1.43935407	0.00404463	-24.46598503	0.0	-25.9774938	0.0	44.32831076	3.51579884	4.4058745	2.43499269	0.12715367	97	25	11	11	0	14.32168818	0.85417282	24.46598503	1.45919805	-10.14429685	-0.60502523	0.0	0.0	0.0	0.0	0.0	2	14	0.7071067811865476	0.7071067811865476	DE40	ABOVE	ABOVE	PIVOT|TPO_PROFILE	VOLKITT|WAYNE
reclaim_given_break	RG2_DE40_PERIOD_M5_1781481600_1781913600_7723889237725395427	5318725327450409312	12248178959247499889	DE40	VERIFICATION_B	False	0	2	-1	0.08644677	0.49382716	0.98083067	2.13550531	4.10892293	2	2	0	2	173	22332	2	5	2	5	0.68019152	0.70535175	1.42133696	0.00404994	-29.80169609	0.0	-29.61828349	0.0	\N	-2.98565524	1.30966853	-7.36202285	0.04052192	96	28	10	10	0	14.51883594	0.68019152	29.80169609	1.39617674	-15.28286015	-0.71598522	0.0	0.0	0.0	0.0	0.0	2	34	0.7071067811865476	-0.7071067811865475	DE40	ABOVE	ABOVE	PIVOT|TPO_PROFILE	VOLKITT|WAYNE
reclaim_given_break	RG2_DE40_PERIOD_M5_1781481600_1781913600_7723889237725395427	17245912837032016890	16513813052667540338	DE40	VERIFICATION_B	True	\N	3	-1	5.33054921	0.23717595	0.34712644	0.50429438	2.07627453	4	6	1	5	452	32200	0	2	0	2	0.79599438	0.95469176	1.67067698	0.25685454	-31.37838847	0.0	-31.20006304	0.0	\N	-5.30612245	-1.1299346	-9.5611063	0.039398	96	28	10	10	0	16.51941665	0.79599438	31.37838847	1.5119796	-14.85897182	-0.71598522	0.0	0.0	0.0	0.0	0.0	6	1055	0.7071067811865476	-0.7071067811865475	DE40	ABOVE	ABOVE	DAILY_EXTREME|MID_PIVOT|PIVOT|PIVOT_ZONE	DAY_SWINGS|WAYNE
reclaim_given_break	RG2_DE40_PERIOD_M5_1781481600_1781913600_7723889237725395427	9758029721843274724	5764934487440054072	DE40	VERIFICATION_B	False	0	8	1	3.97036774	0.23121843	0.0062948	0.41232639	1.55954072	4	6	1	5	267	8630	0	1	0	1	1.08880255	0.9632717	1.65023054	0.25750411	-27.37985707	0.0	-27.81486742	0.0	\N	-8.36529356	-0.37523674	-9.96330492	0.0295928	95	26	10	10	0	16.78787386	1.08880255	27.37985707	1.77576139	-10.59198321	-0.68695884	0.0	0.0	0.0	0.0	0.0	6	3191	1.2246467991473532e-16	-1.0	DE40	ABOVE	ABOVE	MID_PIVOT|PIVOT|PIVOT_ZONE|TPO_PROFILE	VOLKITT|WAYNE
reclaim_given_break	RG2_DE40_PERIOD_M5_1781481600_1781913600_7723889237725395427	3542513766801125072	13715184267777176921	DE40	VERIFICATION_B	False	1	5	-1	0.0497884	0.01462534	0.00427261	1.22992905	2.36650485	2	2	0	2	485	43085	1	5	1	5	0.82384305	0.8270523	1.34924003	0.00404316	-16.57534703	0.0	-17.32823002	0.0	\N	2.11818521	7.95276326	-1.10250187	0.02333831	95	23	11	11	0	10.14500164	0.82384305	16.57534703	1.34603078	-6.43034539	-0.52218773	0.0	0.0	0.0	0.0	0.0	2	675	-0.7071067811865471	-0.7071067811865479	DE40	ABOVE	ABOVE	PIVOT|TPO_PROFILE	VOLKITT|WAYNE
reclaim_given_break	RG2_DE40_PERIOD_M5_1781481600_1781913600_7723889237725395427	3542513766801125072	13601504736468384180	DE40	VERIFICATION_B	False	0	6	-1	0.04889826	0.29216711	0.01742931	1.20793986	2.32419547	2	2	0	2	489	44025	1	5	1	5	0.80087287	0.8270523	1.34924003	0.00404316	-16.00120266	0.0	-16.74062529	0.0	\N	2.35811864	8.08838361	-0.80498762	0.02292106	95	23	11	11	0	9.68582173	0.80087287	16.00120266	1.32306059	-6.31538093	-0.52218773	0.0	0.0	0.0	0.0	0.0	2	1258	-0.7071067811865471	-0.7071067811865479	DE40	ABOVE	ABOVE	PIVOT|TPO_PROFILE	VOLKITT|WAYNE
reclaim_given_break	RG2_DE40_PERIOD_M5_1781481600_1781913600_7723889237725395427	9758029721843274724	7640129532472641821	DE40	VERIFICATION_B	True	\N	15	1	2.94625734	0.04552974	0.18255578	0.30597157	1.15727524	4	6	1	5	306	20406	0	1	0	1	1.18138265	1.06696794	1.58030707	0.25303949	-19.73243974	0.07344699	-20.51429575	0.0	31.02288199	-6.08151434	-0.28415829	-7.17949844	0.02195968	96	21	11	11	0	13.75539177	1.18138265	19.73243974	1.69472178	-5.97704797	-0.51333913	0.07388506	0.00634103	0.0	0.0	0.00522342	6	2404	-0.8660254037844385	-0.5000000000000004	DE40	ABOVE	ABOVE	MID_PIVOT|PIVOT|PIVOT_ZONE|TPO_PROFILE	VOLKITT|WAYNE
reclaim_given_break	RG2_DE40_PERIOD_M5_1781481600_1781913600_7723889237725395427	18349048629566703532	15012148276161169852	DE40	VERIFICATION_B	False	1	8	-1	0.15700128	0.02803594	0.38461538	1.10812061	2.01998963	2	3	0	3	524	55019	1	4	1	4	0.81336989	0.8239959	1.32661163	0.01416801	-14.58294928	0.0	-15.48509189	0.0	34.03643972	1.99335548	6.11463897	-0.90836452	0.03364313	96	21	11	11	0	9.01326865	0.81336989	14.58294928	1.31598562	-5.56968063	-0.50261572	0.0	0.0	0.0	0.0	0.0	3	5	-1.0	-1.8369701987210297e-16	DE40	ABOVE	ABOVE	PIVOT|TPO_PROFILE	VOLKITT|WAYNE
reclaim_given_break	RG2_DE40_PERIOD_M5_1781481600_1781913600_7723889237725395427	18349048629566703532	3235291363050392033	DE40	VERIFICATION_B	False	0	9	-1	0.15491652	0.4890936	0.14865717	1.09340637	1.99316707	2	3	0	3	526	55457	1	4	1	4	0.77116945	0.8239959	1.32661163	0.01416801	-13.92787878	0.0	-14.81804224	0.0	33.58448483	2.42831653	6.49487531	-0.43487282	0.0331964	96	21	11	11	0	8.43215549	0.77116945	13.92787878	1.27378518	-5.49572329	-0.50261572	0.0	0.0	0.0	0.0	0.0	3	308	-1.0	-1.8369701987210297e-16	DE40	ABOVE	ABOVE	PIVOT|TPO_PROFILE	VOLKITT|WAYNE
reclaim_given_break	RG2_DE40_PERIOD_M5_1781481600_1781913600_7723889237725395427	18349048629566703532	27446762286014735	DE40	VERIFICATION_B	False	1	11	-1	0.04805021	0.01501569	0.06633907	1.1869904	2.15925642	2	2	0	2	541	59925	1	3	1	3	0.71308406	0.71644301	1.35294943	0.00413408	-15.68620814	0.0	-16.72237488	0.0	36.45896212	2.00009009	4.47767917	-2.14424073	0.03603766	96	20	12	12	0	8.28813269	0.71308406	15.68620814	1.34959048	-7.39807545	-0.63650642	0.0	0.0	0.0	0.0	0.00030982	2	29	-0.9659258262890684	0.2588190451025203	DE40	ABOVE	ABOVE	PIVOT|TPO_PROFILE	VOLKITT|WAYNE
reclaim_given_break	RG2_DE40_PERIOD_M5_1781481600_1781913600_7723889237725395427	18349048629566703532	593056461169294754	DE40	VERIFICATION_B	False	1	12	1	0.16791101	0.00449762	1.0	1.18512189	1.94596864	2	3	0	3	542	60243	1	2	1	2	0.72072149	0.71411608	1.34928552	0.014506	-15.69481153	0.03416816	-18.87379689	-2.11028155	35.81350634	1.56966808	4.40316632	-2.11837726	0.03598093	96	19	12	12	0	8.34255004	0.72072149	15.69481153	1.35589093	-7.35226149	-0.63516944	0.03422204	0.00294435	0.0	0.0	-0.00253383	3	12	-0.8660254037844386	0.5000000000000001	DE40	ABOVE	ABOVE	PIVOT|TPO_PROFILE	VOLKITT|WAYNE
reclaim_given_break	RG2_DE40_PERIOD_M5_1781481600_1781913600_7723889237725395427	18349048629566703532	16659824201754473594	DE40	VERIFICATION_B	False	1	13	1	0.05006884	0.13096132	0.15742297	1.23685693	2.15608962	2	2	0	2	548	62028	1	3	1	3	0.73094649	0.71803757	1.35300974	0.00414329	-16.50621665	0.0	-19.82397672	0.0	37.37690105	1.51192264	4.46911378	-2.33711979	0.03755163	96	20	12	12	0	8.8330012	0.73094649	16.50621665	1.36591866	-7.67321545	-0.63497217	0.0	0.0	0.0	0.0	0.0	2	259	-0.8660254037844386	0.5000000000000001	DE40	ABOVE	ABOVE	PIVOT|TPO_PROFILE	VOLKITT|WAYNE
reclaim_given_break	RG2_DE40_PERIOD_M5_1781481600_1781913600_7723889237725395427	18349048629566703532	1566145363975546323	DE40	VERIFICATION_B	False	1	14	1	0.05119836	0.02255928	0.0505345	1.26475953	2.20472945	2	2	0	2	551	62928	1	3	1	3	0.72193485	0.71803757	1.35300974	0.00414329	-16.76722854	0.0	-20.15983489	0.0	38.22009696	1.65738696	4.6812902	-2.27848709	0.03839877	96	20	12	12	0	8.92091089	0.72193485	16.76722854	1.35690702	-7.84631765	-0.63497217	0.0	0.0	0.0	0.0	0.0	2	338	-0.8660254037844386	0.5000000000000001	DE40	ABOVE	ABOVE	PIVOT|TPO_PROFILE	VOLKITT|WAYNE
reclaim_given_break	RG2_DE40_PERIOD_M5_1781481600_1781913600_7723889237725395427	18349048629566703532	15246510979780830743	DE40	VERIFICATION_B	True	\N	15	1	0.05217505	0.13500293	0.01759465	1.28888671	2.24678797	2	2	0	2	553	63531	1	3	1	3	0.73082996	0.71803757	1.35300974	0.00414329	-17.19910191	0.0	-20.65642731	0.0	38.9492027	1.5769908	4.65857953	-2.43396596	0.03913129	96	20	12	12	0	9.20310397	0.73082996	17.19910191	1.36580213	-7.99599794	-0.63497217	0.0	0.0	0.0	0.0	0.0	2	3784	-0.8660254037844386	0.5000000000000001	DE40	ABOVE	ABOVE	PIVOT|TPO_PROFILE	VOLKITT|WAYNE
reclaim_given_break	RG2_FRA40_PERIOD_M5_1770595200_1771027200_119263703548653159	3909734988351603656	17121946507944411483	FRA40	VERIFICATION_A	False	1	1	-1	0.87614422	0.00186811	0.00900901	1.05548291	0.13263591	3	3	1	2	1	94	1	0	1	0	0.36537957	0.38625053	0.82488394	0.04041581	-17.42959979	0.25630827	-17.53082384	0.0	38.44573137	5.34279843	7.82738651	4.03512049	0.29889781	96	30	7	7	0	7.92079208	0.36537957	17.42959979	0.80401298	-9.50880771	-0.43863341	0.25751092	0.01150771	8.59010126	0.38387653	-0.02705385	3	239	0.258819045102521	-0.9659258262890682	FRA40	MEDIAN_CORE	MEDIAN_CORE	ADAPTIVE_VALUE|PIVOT|SENTINEL	VOLKITT|WAYNE
reclaim_given_break	RG2_FRA40_PERIOD_M5_1770595200_1771027200_119263703548653159	3909734988351603656	4406534890343975263	FRA40	VERIFICATION_A	False	0	3	-1	0.8643568	0.25985993	0.45	1.04128271	7.76078142	3	3	1	2	23	1564	1	9	1	9	0.72425864	0.75617267	0.79930363	0.03916248	-16.93708951	0.0	-17.03695171	0.0	37.92849244	5.52893476	7.98009583	4.23884998	0.29487652	96	32	6	6	0	15.9851442	0.72425864	16.93708951	0.7673896	-0.95194532	-0.04313096	0.0	0.0	0.0	0.0	0.0	3	80	0.258819045102521	-0.9659258262890682	FRA40	ABOVE	ABOVE	ADAPTIVE_VALUE|PIVOT|SENTINEL	VOLKITT|WAYNE
reclaim_given_break	RG2_FRA40_PERIOD_M5_1770595200_1771027200_119263703548653159	3909734988351603656	2374423143140306218	FRA40	VERIFICATION_A	False	1	14	-1	0.82686883	0.19569817	0.375	0.9961213	7.424189	3	3	1	2	117	8502	1	9	1	9	0.72620519	0.75560296	0.78716758	0.03914756	-16.00549778	0.0	-16.35093441	0.0	36.28349788	5.23624824	8.56840621	3.61424542	0.28208745	96	32	6	6	0	15.33879465	0.72620519	16.00549778	0.75776981	-0.66670313	-0.03156462	0.0	0.0	0.0	0.0	0.0	3	368	-0.2588190451025208	-0.9659258262890683	FRA40	ABOVE	ABOVE	ADAPTIVE_VALUE|PIVOT|SENTINEL	VOLKITT|WAYNE
reclaim_given_break	RG2_FRA40_PERIOD_M5_1770595200_1771027200_119263703548653159	3909734988351603656	9651086051251105644	FRA40	VERIFICATION_A	False	0	15	-1	0.81395349	0.33148212	0.16393443	0.9805623	7.30822631	3	3	1	2	120	9301	1	9	1	9	0.71952757	0.75560296	0.78716758	0.03914756	-15.616658	0.0	-15.95669906	0.0	35.71676501	5.29330094	8.57341201	3.69663311	0.27768136	96	32	6	6	0	14.96036849	0.71952757	15.616658	0.75109219	-0.65628951	-0.03156462	0.0	0.0	0.0	0.0	0.0	3	850	-0.2588190451025208	-0.9659258262890683	FRA40	ABOVE	ABOVE	ADAPTIVE_VALUE|PIVOT|SENTINEL	VOLKITT|WAYNE
reclaim_given_break	RG2_FRA40_PERIOD_M5_1770595200_1771027200_119263703548653159	3909734988351603656	17330363700034901086	FRA40	VERIFICATION_A	False	0	18	-1	0.89567092	0.08293249	0.10144928	0.93713717	6.86681042	4	4	1	3	133	13534	1	8	1	8	0.72576797	0.74950227	0.77661786	0.04510543	-14.95021612	0.0	-15.36614696	0.0	34.1350141	4.94277658	8.59180627	3.06850224	0.26538398	96	31	6	6	0	14.41177439	0.72576797	14.95021612	0.75288356	-0.53844174	-0.02711559	0.0	0.0	0.0	0.0	0.0	4	905	-0.4999999999999997	-0.8660254037844388	FRA40	ABOVE	ABOVE	ADAPTIVE_VALUE|PIVOT|SENTINEL|TPO_PROFILE	VOLKITT|WAYNE
reclaim_given_break	RG2_FRA40_PERIOD_M5_1770595200_1771027200_119263703548653159	3909734988351603656	449067408623641361	FRA40	VERIFICATION_A	False	0	22	-1	0.83256244	0.23126735	0.18095238	0.871107	3.54609929	4	4	1	3	152	19287	2	4	2	4	0.35259739	0.38629112	0.80628463	0.04736383	-13.58062024	0.0	-14.12927845	0.0	31.72987974	4.74868949	8.29478878	1.78846747	0.24668517	96	30	7	7	0	6.19796485	0.35259739	13.58062024	0.7725909	-7.38265539	-0.41999351	0.0	0.0	0.0	0.0	0.0	4	550	-0.8660254037844385	-0.5000000000000004	FRA40	MEDIAN_CORE	MEDIAN_CORE	ADAPTIVE_VALUE|PIVOT|SENTINEL|TPO_PROFILE	VOLKITT|WAYNE
reclaim_given_break	RG2_FRA40_PERIOD_M5_1770595200_1771027200_119263703548653159	15914834454963017910	17725668768028521939	FRA40	VERIFICATION_A	True	\N	1	1	0.04484305	0.04484305	1.0	\N	5.47085202	2	2	1	1	2	5	0	2	0	1	0.55340593	0.55166767	1.19666169	0.00115884	-46.37372254	0.25462541	-64.02466368	0.0	86.04035874	6.6367713	14.43946188	5.38116592	0.71748879	97	30	9	9	0	21.41479821	0.55340593	46.37372254	1.19839995	-24.95892434	-0.64499402	0.25405578	0.00648948	0.0	0.0	0.0	2	2	0.7071067811865476	-0.7071067811865475	FRA40	ABOVE	ABOVE	DAILY_EXTREME|TPO_PROFILE	DAY_SWINGS|VOLKITT
reclaim_given_break	RG2_FRA40_PERIOD_M5_1770595200_1771027200_119263703548653159	4685974136691900980	1576949261074638033	FRA40	VERIFICATION_A	False	1	1	1	0.3868472	0.34816248	0.00940439	4.25531915	7.71760155	2	2	0	2	203	30805	2	5	2	5	0.5094706	0.49213681	1.03313283	0.01142887	-35.5564415	0.0	-50.78336557	0.0	74.22437137	10.17408124	16.90522244	9.09090909	0.61895551	97	32	8	8	0	17.24468085	0.5094706	35.5564415	1.05046662	-18.31176065	-0.54099602	0.0	0.0	0.0	0.0	0.0	2	1355	0.7071067811865476	-0.7071067811865475	FRA40	ABOVE	MEDIAN_CORE	DAILY_EXTREME|PIVOT	DAY_SWINGS|WAYNE
reclaim_given_break	RG2_FRA40_PERIOD_M5_1770595200_1771027200_119263703548653159	4685974136691900980	5780962253188151521	FRA40	VERIFICATION_A	False	1	2	1	0.34223135	0.44490075	1.0	3.76454483	6.8275154	2	2	0	2	226	32426	1	6	1	6	0.51397521	0.49207273	1.01973659	0.01142739	-31.19537362	0.39716618	-45.0633128	0.0	65.66392882	8.86379192	14.81861739	6.53661875	0.54757016	97	32	8	8	0	15.39271047	0.51397521	31.19537362	1.04163908	-15.80266314	-0.52766387	0.42231425	0.01325894	0.0	0.0	-0.00020813	2	3	0.49999999999999994	-0.8660254037844387	FRA40	ABOVE	MEDIAN_CORE	DAILY_EXTREME|PIVOT	DAY_SWINGS|WAYNE
reclaim_given_break	RG2_FRA40_PERIOD_M5_1770595200_1771027200_119263703548653159	4685974136691900980	13743192220952757147	FRA40	VERIFICATION_A	True	\N	3	1	0.31426776	0.43997486	0.65217391	3.45694532	6.26964173	2	2	0	2	233	32965	1	6	1	6	0.63743063	0.61335787	1.06520406	0.0119369	-28.67783837	0.0	-41.41263356	0.0	60.29855437	8.10810811	13.57636706	5.97108737	0.50282841	97	30	9	9	0	16.78189818	0.63743063	28.67783837	1.08927681	-11.8959402	-0.45184618	0.0	0.0	-2.8482204	-0.09510441	-0.04362203	2	10	0.49999999999999994	-0.8660254037844387	FRA40	ABOVE	ABOVE	DAILY_EXTREME|PIVOT	DAY_SWINGS|WAYNE
reclaim_given_break	RG2_FRA40_PERIOD_M5_1770595200_1771027200_119263703548653159	7565041156168380054	5280805493916656851	FRA40	VERIFICATION_A	True	\N	1	1	0.11880012	0.44550045	1.0	5.67270567	3.6976537	2	2	1	1	1	215	3	3	3	3	0.54657092	0.52610461	0.98181573	0.0048156	-24.72613059	0.0	-36.76121176	0.0	56.98544699	10.03861004	15.20641521	8.01900802	0.47520048	96	29	9	9	0	13.48381348	0.54657092	24.72613059	1.00228204	-11.24231711	-0.45571111	0.0	0.0	0.0	0.0	-0.00851727	2	3	0.49999999999999994	-0.8660254037844387	FRA40	ABOVE	ABOVE	DAILY_EXTREME|TPO_PROFILE	DAY_SWINGS|VOLKITT
reclaim_given_break	RG2_FRA40_PERIOD_M5_1770595200_1771027200_119263703548653159	9125395313502255963	15095329496779396277	FRA40	VERIFICATION_A	False	1	2	-1	0.0914435	0.26126715	0.22916667	\N	0.78815589	2	2	1	1	2	109	0	0	0	0	1.59512045	1.62099024	1.90121016	0.0077059	-22.25408838	0.0	-25.38047028	0.0	30.61561071	-8.58262573	-6.30960157	-10.52906597	0.20901372	95	23	11	11	0	18.9288047	1.59512045	22.25408838	1.87534036	-3.32528368	-0.28021991	0.0	0.0	0.0	0.0	0.0	2	137	-0.7071067811865477	0.7071067811865474	FRA40	FAR_ABOVE	FAR_ABOVE	DAILY_EXTREME|PIVOT	DAY_SWINGS|WAYNE
reclaim_given_break	RG2_FRA40_PERIOD_M5_1770595200_1771027200_119263703548653159	9125395313502255963	14524373950467024786	FRA40	VERIFICATION_A	False	1	3	-1	0.01319261	0.29023747	0.03566334	\N	0.88830255	2	2	1	1	8	541	0	0	0	0	1.599517	1.62426881	1.9042948	0.00110008	-22.54024361	0.0	-25.69755937	0.0	30.91853562	-8.73350923	-6.43799472	-10.69920844	0.21108179	95	23	11	11	0	19.18205805	1.599517	22.54024361	1.87954299	-3.35818556	-0.28002599	0.0	0.0	0.0	0.0	0.00051926	2	833	-0.7071067811865477	0.7071067811865474	FRA40	FAR_ABOVE	FAR_ABOVE	DAILY_EXTREME|PIVOT	DAY_SWINGS|WAYNE
reclaim_given_break	RG2_FRA40_PERIOD_M5_1770595200_1771027200_119263703548653159	9125395313502255963	13008081688135797826	FRA40	VERIFICATION_A	True	\N	6	-1	0.04012304	0.22736392	0.14782609	\N	0.90053943	2	2	1	1	16	2454	0	0	0	0	1.60458879	1.62493484	1.89609929	0.00329936	-22.8107657	0.0	-26.11842985	0.0	31.31536713	-8.81369533	-6.59355356	-10.91346797	0.21398957	95	23	11	11	0	19.51317373	1.60458879	22.8107657	1.87575324	-3.29759197	-0.27116445	0.0	0.0	0.0	0.0	0.0	2	480	-0.5000000000000004	0.8660254037844384	FRA40	FAR_ABOVE	FAR_ABOVE	DAILY_EXTREME|PIVOT	DAY_SWINGS|WAYNE
reclaim_given_break	RG2_FRA40_PERIOD_M5_1770595200_1771027200_119263703548653159	4800488233451118362	12066187428111142310	FRA40	VERIFICATION_A	True	\N	2	-1	0.03609457	0.36094568	0.5	7.56782771	0.65571798	2	2	1	1	2	142	6	1	6	1	1.08469132	1.10124514	1.29697822	0.00157655	-29.314792	0.0	-34.63048186	0.0	42.56361668	-1.44378271	-0.09023642	-2.05739036	1.51597185	97	31	12	12	0	24.8335634	1.08469132	29.314792	1.2804244	-4.4812286	-0.19573308	0.0	0.0	3.11897756	0.13770786	0.00143378	2	180	0.7071067811865476	0.7071067811865476	FRA40	ABOVE	ABOVE	DAILY_EXTREME|MID_PIVOT	DAY_SWINGS|WAYNE
reclaim_given_break	RG2_FRA40_PERIOD_M5_1770595200_1771027200_119263703548653159	15825376606557050927	6416151708742064729	FRA40	VERIFICATION_A	True	\N	5	-1	0.11221246	0.22442491	0.42857143	7.30004364	1.14706066	2	2	1	1	7	1270	5	2	5	2	1.10877472	1.12057833	1.31597134	0.00472145	-30.99556059	0.0	-36.50411446	0.0	44.10791098	-2.11333458	-0.71067889	-2.74920516	1.57097438	97	31	12	12	0	26.35174394	1.10877472	30.99556059	1.30416772	-4.64381666	-0.19539301	0.0	0.0	0.0	0.0	0.0	2	83	0.7071067811865476	0.7071067811865476	FRA40	ABOVE	ABOVE	DAILY_EXTREME|PIVOT	DAY_SWINGS|WAYNE
reclaim_given_break	RG2_FRA40_PERIOD_M5_1770595200_1771027200_119263703548653159	15553583268616905791	4795772576229562442	FRA40	VERIFICATION_A	True	\N	1	-1	0.10183299	0.02909514	1.0	9.24740568	3.96663757	2	2	1	1	1	10	3	3	3	3	1.16791297	1.17006335	1.33816943	0.00273685	-49.71080651	0.0	-59.29226069	0.0	68.81728251	-4.18970032	-1.1347105	-5.41169625	2.44399185	96	30	12	12	0	43.45588904	1.16791297	49.71080651	1.33601905	-6.25491747	-0.16810608	0.0	0.0	0.0	0.0	0.0	2	10	0.9659258262890683	-0.25881904510252063	FRA40	ABOVE	ABOVE	DAILY_EXTREME|MID_PIVOT	DAY_SWINGS|WAYNE
reclaim_given_break	RG2_FRA40_PERIOD_M5_1770595200_1771027200_119263703548653159	529215947512590647	10678886844950305586	FRA40	VERIFICATION_A	True	\N	1	-1	0.05581915	0.16745744	0.2173913	7.18206345	5.53539864	2	2	1	1	1	4	2	4	2	4	1.21642073	1.22191633	1.36957617	0.00157017	-48.4926106	0.0	-54.35877756	0.0	62.42813285	-5.60982417	-1.84203182	-6.16801563	0.44655317	96	30	12	12	0	43.24335237	1.21642073	48.4926106	1.36408057	-5.24925823	-0.14765984	0.0	0.0	0.0	0.0	0.0	2	39	0.7071067811865476	-0.7071067811865475	FRA40	ABOVE	ABOVE	DAILY_EXTREME|MID_PIVOT	DAY_SWINGS|WAYNE
reclaim_given_break	RG2_FRA40_PERIOD_M5_1770595200_1771027200_119263703548653159	5353061327541270627	13342946314073658038	FRA40	VERIFICATION_A	False	1	1	-1	0.05975245	0.15364917	0.01775148	6.29107981	11.66026462	2	3	1	2	2	2	0	7	0	7	1.57165024	1.5776529	1.59056698	0.00185377	-51.07529418	0.0	-56.45774648	0.0	57.28040973	-11.72855314	-8.27144686	-12.24071703	0.40973111	96	31	11	11	0	50.65903451	1.57165024	51.07529418	1.58456431	-0.41625967	-0.01291408	0.0	0.0	0.0	0.0	0.0	3	86	0.7071067811865476	-0.7071067811865475	FRA40	FAR_ABOVE	FAR_ABOVE	DAILY_EXTREME|PIVOT	DAY_SWINGS|WAYNE
reclaim_given_break	RG2_FRA40_PERIOD_M5_1770595200_1771027200_119263703548653159	16576919040910683622	16720642104320934505	FRA40	VERIFICATION_A	False	0	20	1	5.38499476	0.24659392	0.17241379	3.64959004	1.82171259	3	10	0	10	290	37651	4	3	4	3	1.07475552	0.96162707	1.07093558	0.22870497	-27.87949321	0.0	-32.7108378	0.0	41.46939153	-0.03698909	3.40299612	-2.62622526	0.29591271	96	31	12	12	0	25.30575915	1.07475552	27.87949321	1.18406403	-2.57373406	-0.10930851	0.0	0.0	0.0	0.0	0.0	10	2572	0.258819045102521	-0.9659258262890682	FRA40	ABOVE	ABOVE	MID_PIVOT|PIVOT|PIVOT_ZONE	WAYNE
reclaim_given_break	RG2_FRA40_PERIOD_M5_1770595200_1771027200_119263703548653159	11292587180472759368	3643622939807710445	FRA40	VERIFICATION_A	True	\N	1	1	0.02319647	0.01739736	1.0	1.53966597	0.15077708	2	2	1	1	3	2	2	0	2	0	0.79254635	0.79119208	0.88716305	0.00108342	-19.02359337	0.0	-23.95050452	0.0	39.0361865	6.78496868	9.58594294	4.00139179	0.27835769	96	31	12	12	0	16.96880761	0.79254635	19.02359337	0.88851732	-2.05478575	-0.09597097	0.0	0.0	0.0	0.0	0.0	2	5	1.2246467991473532e-16	-1.0	FRA40	ABOVE	ABOVE	DAILY_EXTREME|PIVOT	DAY_SWINGS|WAYNE
reclaim_given_break	RG2_FRA40_PERIOD_M5_1770595200_1771027200_119263703548653159	16576919040910683622	4679001832236262879	FRA40	VERIFICATION_A	False	0	39	1	3.85293988	0.24260068	0.16521739	2.62449826	1.07405937	4	11	1	10	492	60686	3	1	3	1	1.07269372	0.96456897	1.00823001	0.22884888	-18.79514428	0.0	-23.47062326	0.0	38.97313749	-0.30435358	2.38189758	-2.68625116	0.21172423	96	27	12	12	0	18.0600593	1.07269372	18.79514428	1.11635477	-0.73508498	-0.04366104	0.0	0.0	0.0	0.0	0.0	11	947	-0.9659258262890683	-0.25881904510252063	FRA40	ABOVE	ABOVE	MID_PIVOT|PIVOT|PIVOT_ZONE|TPO_PROFILE	VOLKITT|WAYNE
reclaim_given_break	RG2_FRA40_PERIOD_M5_1770595200_1771027200_119263703548653159	9279662377886329336	2721656570740685885	FRA40	VERIFICATION_A	True	\N	1	1	0.01270164	0.01270164	0.09677419	0.12701639	3.91845548	2	2	1	1	5	3	0	6	0	6	0.46352481	0.46228704	0.4716625	0.00082518	-7.27915133	0.24098358	-12.29105805	0.0	37.61558491	9.8945764	11.99034675	6.31271434	0.20322622	96	27	12	12	0	7.13483896	0.46352481	7.27915133	0.47290027	-0.14431237	-0.00937546	0.24028163	0.01508651	0.02002347	0.00125721	-4.501e-05	2	22	-0.9659258262890684	0.2588190451025203	FRA40	MEDIAN_CORE	MEDIAN_CORE	DAILY_EXTREME|MID_PIVOT	DAY_SWINGS|WAYNE
reclaim_given_break	RG2_FRA40_PERIOD_M5_1770595200_1771027200_119263703548653159	9073442835947218607	14756995328562928588	FRA40	VERIFICATION_A	True	\N	1	1	0.11008087	0.01270164	1.0	1.07963927	2.86845336	2	2	1	1	1	0	1	5	1	5	0.40239472	0.39798545	0.40737861	0.00716506	-6.32652844	0.24098358	-11.33843516	0.0	37.61558491	10.84719929	12.94296964	7.26533723	0.20322622	96	27	12	12	0	6.18221607	0.40239472	6.32652844	0.41178788	-0.14431237	-0.00939316	0.24028163	0.01508651	0.02002347	0.00125721	-4.501e-05	2	6	-0.9659258262890684	0.2588190451025203	FRA40	MEDIAN_CORE	MEDIAN_CORE	DAILY_EXTREME|PIVOT	DAY_SWINGS|WAYNE
reclaim_given_break	RG2_FRA40_PERIOD_M5_1770595200_1771027200_119263703548653159	3795927273124288567	11938400699131338108	FRA40	VERIFICATION_A	False	0	12	1	5.17029308	0.21207109	0.43478261	1.03278619	4.06540272	6	16	1	15	639	64325	1	7	1	7	0.92196164	0.77160747	0.66394975	0.32310485	-13.03041382	0.0	-17.80983586	0.0	37.68259321	4.46621708	6.51482377	2.17584934	0.20358824	96	29	11	11	0	14.75314242	0.92196164	13.03041382	0.81430392	1.72272861	0.10765772	0.0	0.0	0.0	0.0	0.0	16	512	-1.0	-1.8369701987210297e-16	FRA40	ABOVE	ABOVE	ADAPTIVE_VALUE|MID_PIVOT|PIVOT|PIVOT_ZONE|SENTINEL|TPO_PROFILE	VOLKITT|WAYNE
reclaim_given_break	RG2_FRA40_PERIOD_M5_1770595200_1771027200_119263703548653159	9777680610196192938	2285360222569418843	FRA40	VERIFICATION_A	False	1	3	1	2.26008345	0.28975429	0.06028369	0.57950858	2.06884562	4	8	3	5	78	3720	0	4	0	4	-0.04669395	-0.2045823	0.45279648	0.20372691	-6.77474913	0.23012481	-10.98806212	1.24739221	\N	8.00880853	13.38664812	3.38433009	0.97357441	96	28	12	12	0	-0.51800823	-0.04669395	6.77474913	0.61068483	-7.29275736	-0.65737878	0.22871983	0.0191444	1.09914372	0.09200096	-0.0802351	8	2735	0.49999999999999994	0.8660254037844387	FRA40	MEDIAN_CORE	MEDIAN_CORE	DAILY_EXTREME|MID_PIVOT|PIVOT|TPO_PROFILE	DAY_SWINGS|VOLKITT|WAYNE
reclaim_given_break	RG2_FRA40_PERIOD_M5_1770595200_1771027200_119263703548653159	9777680610196192938	8102557528690575442	FRA40	VERIFICATION_A	True	\N	14	1	4.05236908	0.06234414	0.75	7.32197285	3.70947631	4	7	2	5	151	21918	12	5	12	5	0.27283395	0.16763896	0.3968363	0.18527891	-10.9802891	0.0	-19.24459684	0.0	\N	14.81712386	24.45968412	6.52535328	1.74563591	96	34	10	10	0	5.96734849	0.27283395	10.9802891	0.50203128	-5.01294061	-0.22919734	0.0	0.0	-3.65515898	-0.1754212	0.04537733	7	4644	0.9659258262890683	-0.25881904510252063	FRA40	MEDIAN_CORE	MEDIAN_CORE	DAILY_EXTREME|MID_PIVOT|PIVOT|TPO_PROFILE	DAY_SWINGS|VOLKITT|WAYNE
reclaim_given_break	RG2_FRA40_PERIOD_M5_1770595200_1771027200_119263703548653159	15861576254432460952	13246166722611585021	FRA40	VERIFICATION_A	True	\N	1	1	0.07953724	0.02169197	0.2	12.63195951	3.03326103	2	2	1	1	1	2	18	3	18	3	0.00256916	0.0	0.25790423	0.00332479	-6.23116427	0.0	-15.05531453	0.0	\N	20.4989154	30.56399132	11.84381779	1.82212581	95	39	9	9	0	0.06146059	0.00256916	6.23116427	0.26047339	-6.16970368	-0.25790423	0.0	0.0	1.07912047	0.04479185	0.05889141	2	21	0.8660254037844387	-0.4999999999999998	FRA40	MEDIAN_CORE	MEDIAN_CORE	DAILY_EXTREME|PIVOT	DAY_SWINGS|WAYNE
reclaim_given_break	RG2_FRA40_PERIOD_M5_1770595200_1771027200_119263703548653159	928267612644994919	14625555988168645548	FRA40	VERIFICATION_A	True	\N	2	1	0.04343105	0.30401737	0.00176036	14.60007239	1.11834962	2	2	1	1	1	55	21	0	21	0	0.01358546	0.0	0.17684351	0.0018114	-4.56583438	0.0	-13.39956569	0.0	\N	22.19326819	32.26927253	13.52877307	1.82410423	95	39	9	9	0	0.3257329	0.01358546	4.56583438	0.19042897	-4.24010148	-0.17684351	0.0	0.0	0.0	0.0	0.0	2	5874	0.8660254037844387	-0.4999999999999998	FRA40	MEDIAN_CORE	MEDIAN_CORE	DAILY_EXTREME|MID_PIVOT	DAY_SWINGS|WAYNE
reclaim_given_break	RG2_FRA40_PERIOD_M5_1770595200_1771027200_119263703548653159	15500772431220765908	3870440990997537073	FRA40	VERIFICATION_A	False	1	1	1	0.0791271	0.48725637	0.13978495	2.40004998	2.58828919	2	2	1	1	1	153	3	5	3	5	-0.19269593	-0.23478199	0.31408638	0.00632123	-4.45845348	0.05820428	-4.9315967	0.0	28.10594703	10.45727136	16.25437281	5.47226387	0.19990005	96	30	11	11	0	-2.41210645	-0.19269593	4.45845348	0.35617244	-6.87055992	-0.54886837	0.05864389	0.0046511	0.0	0.0	0.00028775	2	180	-0.4999999999999997	-0.8660254037844388	FRA40	MEDIAN_CORE	MEDIAN_CORE	PIVOT|TPO_PROFILE	VOLKITT|WAYNE
reclaim_given_break	RG2_FRA40_PERIOD_M5_1770595200_1771027200_119263703548653159	15500772431220765908	14186592301070543368	FRA40	VERIFICATION_A	False	1	3	1	0.07797751	0.24624477	0.2	2.36518099	2.55068538	2	2	1	1	3	632	3	5	3	5	-0.21165961	-0.23478199	0.31408638	0.00632123	-4.15974657	0.0	-4.62601576	0.0	27.69761143	10.53927604	16.25215464	5.62669293	0.19699581	96	30	11	11	0	-2.61099483	-0.21165961	4.15974657	0.33720876	-6.7707414	-0.54886837	0.0	0.0	0.0	0.0	0.0	2	79	-0.4999999999999997	-0.8660254037844388	FRA40	MEDIAN_CORE	MEDIAN_CORE	PIVOT|TPO_PROFILE	VOLKITT|WAYNE
reclaim_given_break	RG2_FRA40_PERIOD_M5_1770595200_1771027200_119263703548653159	15500772431220765908	6268401001990739285	FRA40	VERIFICATION_A	False	0	4	1	0.07704785	0.4622871	0.03130148	2.33698297	2.52027575	2	2	1	1	5	1200	3	5	3	5	-0.19369402	-0.23478199	0.31408638	0.00632123	-4.32913158	0.0	-4.78984185	0.0	27.36739659	10.1946472	15.83941606	5.3406326	0.1946472	96	30	11	11	0	-2.36088808	-0.19369402	4.32913158	0.35517435	-6.69001966	-0.54886837	0.0	0.0	0.0	0.0	0.0	2	745	-0.4999999999999997	-0.8660254037844388	FRA40	MEDIAN_CORE	MEDIAN_CORE	PIVOT|TPO_PROFILE	VOLKITT|WAYNE
reclaim_given_break	RG2_FRA40_PERIOD_M5_1770595200_1771027200_119263703548653159	15500772431220765908	6979115259683696266	FRA40	VERIFICATION_A	False	0	8	1	0.07528927	0.0594389	0.09090909	2.28364242	2.46275162	2	2	1	1	12	3325	3	5	3	5	-0.22663094	-0.23478199	0.31408638	0.00632123	-3.83802444	0.0	-4.28821921	0.0	26.74274845	10.35425583	15.87018545	5.61103186	0.19020447	96	30	11	11	0	-2.69929862	-0.22663094	3.83802444	0.32223744	-6.53732307	-0.54886837	0.0	0.0	0.0	0.0	0.0	2	50	-0.4999999999999997	-0.8660254037844388	FRA40	MEDIAN_CORE	MEDIAN_CORE	PIVOT|TPO_PROFILE	VOLKITT|WAYNE
reclaim_given_break	RG2_FRA40_PERIOD_M5_1770595200_1771027200_119263703548653159	4420000698946125088	3939595185989563427	FRA40	VERIFICATION_A	False	1	1	-1	0.101069	0.37706511	0.18681319	0.68415938	1.63070943	2	2	1	1	1	0	0	3	0	3	-0.22733489	-0.18914179	0.2555389	0.00902746	-2.43334464	0.03726313	-2.9122449	0.0	26.23440233	11.45189504	16.86297376	6.79883382	0.18658892	96	28	12	12	1	-2.54517979	-0.22733489	2.43334464	0.2173458	-4.97852442	-0.44468068	0.03798518	0.00318921	-1.42434419	-0.11958679	-0.04270029	2	92	-0.7071067811865471	-0.7071067811865479	FRA40	MEDIAN_CORE	MEDIAN_CORE	PIVOT|TPO_PROFILE	VOLKITT|WAYNE
reclaim_given_break	RG2_FRA40_PERIOD_M5_1770595200_1771027200_119263703548653159	15500772431220765908	3403060960269199655	FRA40	VERIFICATION_A	False	1	11	1	0.07014435	0.19935763	0.06354515	2.02680253	0.64975819	2	2	1	1	19	5613	3	0	3	0	-0.09816439	-0.12021034	0.3244324	0.00659643	-3.6843427	0.0	-4.1391627	0.0	24.91527301	9.50271348	14.64171005	5.08361945	0.17720678	96	27	12	12	0	-1.04384945	-0.09816439	3.6843427	0.34647836	-4.72819215	-0.44464274	0.0	0.0	0.0	0.0	0.0	2	126	-0.7071067811865471	-0.7071067811865479	FRA40	MEDIAN_CORE	MEDIAN_CORE	PIVOT|TPO_PROFILE	VOLKITT|WAYNE
reclaim_given_break	RG2_FRA40_PERIOD_M5_1770595200_1771027200_119263703548653159	4420000698946125088	8377910522785578353	FRA40	VERIFICATION_A	False	0	4	-1	0.095987	0.15874774	1.0	0.64975819	1.5487134	2	2	1	1	7	1815	0	3	0	3	-0.20856775	-0.18912565	0.2555171	0.00902669	-2.5103478	0.0	-2.96516779	0.0	24.91527301	10.67670838	15.81570495	6.25761435	0.17720678	96	27	12	12	0	-2.21784435	-0.20856775	2.5103478	0.23607499	-4.72819215	-0.44464274	0.0	0.0	0.0	0.0	0.0	2	2	-0.7071067811865471	-0.7071067811865479	FRA40	MEDIAN_CORE	MEDIAN_CORE	PIVOT|TPO_PROFILE	VOLKITT|WAYNE
reclaim_given_break	RG2_FRA40_PERIOD_M5_1770595200_1771027200_119263703548653159	15500772431220765908	3549225672095998991	FRA40	VERIFICATION_A	False	1	13	1	0.06854999	0.22729733	0.03235747	1.98073385	0.63498936	2	2	1	1	21	6031	3	0	3	0	-0.09503976	-0.12021034	0.3244324	0.00659643	-3.63306962	0.0	-4.07755168	0.0	24.34895551	9.2542483	14.27643684	4.93559909	0.17317892	96	27	12	12	0	-0.98765198	-0.09503976	3.63306962	0.34960298	-4.62072161	-0.44464274	0.0	0.0	0.0	0.0	0.0	2	355	-0.7071067811865471	-0.7071067811865479	FRA40	MEDIAN_CORE	MEDIAN_CORE	PIVOT|TPO_PROFILE	VOLKITT|WAYNE
reclaim_given_break	RG2_FRA40_PERIOD_M5_1770595200_1771027200_119263703548653159	4420000698946125088	6026982274936316546	FRA40	VERIFICATION_A	False	1	6	-1	0.05572971	0.01044932	0.05882353	2.77708116	1.40543365	2	2	1	1	16	4704	6	3	6	3	-0.31793345	-0.31427711	0.23434591	0.00531832	-2.41735643	0.0	-2.88113898	0.0	23.50679206	9.98955068	14.83803553	5.82027168	0.16718913	96	30	11	11	0	-3.33157001	-0.31793345	2.41735643	0.23068957	-5.74892644	-0.54862302	0.0	0.0	0.0	0.0	0.0	2	35	-0.8660254037844385	-0.5000000000000004	FRA40	MEDIAN_CORE	MEDIAN_CORE	PIVOT|TPO_PROFILE	VOLKITT|WAYNE
reclaim_given_break	RG2_FRA40_PERIOD_M5_1770595200_1771027200_119263703548653159	4420000698946125088	696875382544259902	FRA40	VERIFICATION_A	False	1	7	-1	0.05523908	0.39357846	0.04608295	2.75263249	1.39306059	2	2	1	1	17	4801	6	3	6	3	-0.35482926	-0.31427711	0.23434591	0.00531832	-2.01285355	0.0	-2.47255308	0.0	23.29984464	10.28482651	15.09062662	6.15225272	0.16571724	96	30	11	11	0	-3.6854609	-0.35482926	2.01285355	0.19379376	-5.69831445	-0.54862302	0.0	0.0	0.0	0.0	0.0	2	572	-0.8660254037844385	-0.5000000000000004	FRA40	MEDIAN_CORE	MEDIAN_CORE	PIVOT|TPO_PROFILE	VOLKITT|WAYNE
reclaim_given_break	RG2_FRA40_PERIOD_M5_1770595200_1771027200_119263703548653159	4420000698946125088	8063829214893852508	FRA40	VERIFICATION_A	False	1	8	-1	0.05397018	0.48573163	0.75	2.68940161	1.36106051	2	2	1	1	20	6268	6	3	6	3	-0.3648011	-0.31427711	0.23434591	0.00531832	-1.86542208	0.0	-2.31456183	0.0	22.76462255	10.14976725	14.84517304	6.11212305	0.16191054	96	30	11	11	0	-3.70199605	-0.3648011	1.86542208	0.18382192	-5.56741813	-0.54862302	0.0	0.0	0.0	0.0	0.0	2	47	-0.8660254037844385	-0.5000000000000004	FRA40	MEDIAN_CORE	MEDIAN_CORE	PIVOT|TPO_PROFILE	VOLKITT|WAYNE
reclaim_given_break	RG2_FRA40_PERIOD_M5_1770595200_1771027200_119263703548653159	4420000698946125088	6280862319386195119	FRA40	VERIFICATION_A	False	1	9	-1	0.05211387	0.48856752	0.02994012	2.59689922	1.31424663	2	2	1	1	23	6940	6	3	6	3	-0.36679547	-0.31427711	0.23434591	0.00531832	-1.7817179	0.0	-2.21540942	0.0	21.98162986	9.82020715	14.35411374	5.92143834	0.15634161	96	30	11	11	0	-3.59420803	-0.36679547	1.7817179	0.18182755	-5.37592593	-0.54862302	0.0	0.0	0.0	0.0	0.0	2	443	-0.8660254037844385	-0.5000000000000004	FRA40	MEDIAN_CORE	MEDIAN_CORE	PIVOT|TPO_PROFILE	VOLKITT|WAYNE
reclaim_given_break	RG2_FRA40_PERIOD_M5_1770595200_1771027200_119263703548653159	4420000698946125088	10946587182132301081	FRA40	VERIFICATION_A	False	1	10	1	0.11484353	0.00957029	1.0	0.81985517	1.04794717	1	2	1	1	25	7515	1	2	1	2	-0.22392849	-0.23121481	0.21758099	0.01249083	-2.06748099	0.0	-2.53349603	0.0	21.52933295	9.25447411	13.69509044	5.43592688	0.1531247	96	28	12	12	0	-2.05884933	-0.22392849	2.06748099	0.2248673	-4.12633033	-0.4487958	0.0	0.0	0.0	0.0	0.0	2	3	-0.9659258262890683	-0.25881904510252063	FRA40	MEDIAN_CORE	MEDIAN_CORE	TPO_PROFILE	VOLKITT
reclaim_given_break	RG2_FRA40_PERIOD_M5_1770595200_1771027200_119263703548653159	14170691257046739320	16283947170058986955	FRA40	VERIFICATION_A	False	1	1	-1	0.18080847	0.49076585	0.0300885	2.20521762	0.82978174	2	3	1	2	1	192	4	1	4	1	-0.18853781	-0.12712456	0.32167124	0.01943018	-2.42184317	0.04174662	-2.89350058	0.0	21.79000387	9.03719489	13.53157691	5.17241379	0.15497869	96	28	12	12	0	-1.75444757	-0.18853781	2.42184317	0.26025799	-4.17629074	-0.4487958	0.04211375	0.00429778	-1.12079425	-0.11437909	-0.04290803	3	464	-0.9659258262890683	-0.25881904510252063	FRA40	MEDIAN_CORE	MEDIAN_CORE	PIVOT|TPO_PROFILE	VOLKITT|WAYNE
reclaim_given_break	RG2_FRA40_PERIOD_M5_1770595200_1771027200_119263703548653159	14170691257046739320	15471096973619378282	FRA40	VERIFICATION_A	False	1	2	-1	0.1764502	0.38440936	0.26797386	2.15206226	0.80978038	2	3	1	2	4	900	4	1	4	1	-0.04892238	0.0	0.30854154	0.0186371	-2.45799309	0.0	-2.9182815	0.0	21.26476983	8.72483221	13.11088005	4.95320919	0.15124303	96	28	11	11	0	-0.46318178	-0.04892238	2.45799309	0.25961917	-2.92117487	-0.30854154	0.0	0.0	-1.1599313	-0.12712456	0.04167353	3	39	-0.9659258262890683	-0.25881904510252063	FRA40	MEDIAN_CORE	MEDIAN_CORE	PIVOT|TPO_PROFILE	VOLKITT|WAYNE
reclaim_given_break	RG2_FRA40_PERIOD_M5_1770595200_1771027200_119263703548653159	4420000698946125088	7552911576666745131	FRA40	VERIFICATION_A	False	1	11	1	0.11397094	0.49387406	0.03286979	0.81362586	1.0399848	1	2	1	1	26	7804	1	2	1	2	-0.17084246	-0.23121481	0.21758099	0.01249083	-2.53614863	0.0	-2.99862285	0.0	21.36575173	8.69978156	13.1066578	4.91024789	0.15196125	96	28	12	12	0	-1.55882958	-0.17084246	2.53614863	0.27795333	-4.09497821	-0.4487958	0.0	0.0	0.0	0.0	0.0	2	496	-0.9659258262890683	-0.25881904510252063	FRA40	MEDIAN_CORE	MEDIAN_CORE	TPO_PROFILE	VOLKITT
reclaim_given_break	RG2_FRA40_PERIOD_M5_1770595200_1771027200_119263703548653159	14170691257046739320	7032790599650509117	FRA40	VERIFICATION_A	False	1	5	-1	0.17455271	0.21195686	0.15436242	2.12891964	0.80107225	2	3	1	2	6	1686	4	1	4	1	-0.03095089	0.0	0.30854154	0.0186371	-2.59987927	0.0	-3.05521788	0.0	21.03609501	8.46268936	12.80157097	4.73162521	0.14961661	96	28	11	11	0	-0.28988218	-0.03095089	2.59987927	0.27759065	-2.88976145	-0.30854154	0.0	0.0	0.0	0.0	0.0	3	140	-0.9659258262890683	-0.25881904510252063	FRA40	MEDIAN_CORE	MEDIAN_CORE	PIVOT|TPO_PROFILE	VOLKITT|WAYNE
reclaim_given_break	RG2_FRA40_PERIOD_M5_1770595200_1771027200_119263703548653159	4420000698946125088	3750578044658701058	FRA40	VERIFICATION_A	False	1	13	1	0.1121181	0.21489302	0.15862069	0.80039864	1.02307764	1	2	1	1	33	9941	1	2	1	2	-0.07088753	-0.09984159	0.20869996	0.01198099	-2.22396608	0.0	-2.6789218	0.0	21.01840605	8.8293002	13.16453331	5.10137345	0.1494908	96	28	11	11	0	-0.66336541	-0.07088753	2.22396608	0.23765402	-2.88733149	-0.30854154	0.0	0.0	0.0	0.0	0.0	2	57	-0.9659258262890683	-0.25881904510252063	FRA40	MEDIAN_CORE	MEDIAN_CORE	TPO_PROFILE	VOLKITT
reclaim_given_break	RG2_FRA40_PERIOD_M5_1770595200_1771027200_119263703548653159	14170691257046739320	14113367112404306234	FRA40	VERIFICATION_A	False	1	9	-1	0.17312805	0.21950164	0.02105263	2.11154393	0.7945341	2	3	1	2	12	3463	4	1	4	1	-0.03194931	0.0	0.30854154	0.0186371	-2.56938498	0.0	-3.02100723	0.0	20.86440364	8.40289371	12.70636246	4.70228158	0.14839547	96	28	11	11	0	-0.29679095	-0.03194931	2.56938498	0.27659224	-2.86617593	-0.30854154	0.0	0.0	0.0	0.0	0.0	3	562	-0.9659258262890683	-0.25881904510252063	FRA40	MEDIAN_CORE	MEDIAN_CORE	PIVOT|TPO_PROFILE	VOLKITT|WAYNE
reclaim_given_break	RG2_FRA40_PERIOD_M5_1770595200_1771027200_119263703548653159	14170691257046739320	5016926851437258130	FRA40	VERIFICATION_A	False	1	11	-1	0.17370805	0.23884856	0.175	2.11861778	0.86233637	2	3	1	2	16	4585	4	1	4	1	-0.03394517	0.0	0.30371039	0.01863657	-2.51443271	0.0	-3.01251629	0.0	20.93430114	8.44965569	12.76754141	4.73664619	0.14889261	96	28	11	11	0	-0.3163968	-0.03394517	2.51443271	0.26976522	-2.83082951	-0.30371039	0.0	0.0	0.0	0.0	0.0	3	64	-1.0	-1.8369701987210297e-16	FRA40	MEDIAN_CORE	MEDIAN_CORE	PIVOT|TPO_PROFILE	VOLKITT|WAYNE
reclaim_given_break	RG2_FRA40_PERIOD_M5_1770595200_1771027200_119263703548653159	4420000698946125088	8560577558743090097	FRA40	VERIFICATION_A	False	1	15	1	0.04665485	0.30792199	0.00870942	0.86466984	1.02174116	1	2	1	1	36	11006	1	2	1	2	-0.06789035	-0.1033331	0.20037729	0.00499194	-2.20398375	0.04506998	-2.70341513	0.0	20.99094896	8.78977326	13.1193431	5.06671643	0.14929551	96	28	11	11	0	-0.63450593	-0.06789035	2.20398375	0.23582005	-2.83848968	-0.30371039	0.04479828	0.0048225	0.0	0.0	2.849e-05	2	1692	-1.0	-1.8369701987210297e-16	FRA40	MEDIAN_CORE	MEDIAN_CORE	TPO_PROFILE	VOLKITT
reclaim_given_break	RG2_FRA40_PERIOD_M5_1770595200_1771027200_119263703548653159	14170691257046739320	13978334797684561973	FRA40	VERIFICATION_A	False	1	13	-1	0.17588492	0.27010899	0.01889251	2.14516788	0.873143	2	3	1	2	19	5478	4	1	4	1	-0.03694033	0.0	0.30371039	0.01863657	-2.51767586	0.0	-3.02200132	0.0	21.19664562	8.58381231	12.95580891	4.82427212	0.1507585	96	28	11	11	0	-0.34862904	-0.03694033	2.51767586	0.26677006	-2.8663049	-0.30371039	0.0	0.0	0.0	0.0	0.0	3	563	-1.0	-1.8369701987210297e-16	FRA40	MEDIAN_CORE	MEDIAN_CORE	PIVOT|TPO_PROFILE	VOLKITT|WAYNE
reclaim_given_break	RG2_FRA40_PERIOD_M5_1770595200_1771027200_119263703548653159	14170691257046739320	15838680738633870238	FRA40	VERIFICATION_A	False	0	14	-1	0.06195181	0.16303107	0.26984127	2.34764746	0.90645277	2	2	1	1	22	6300	5	1	5	1	-0.15044863	-0.12980537	0.3112459	0.00659197	-2.73110573	0.0	-3.25467084	0.0	22.00528221	8.79389612	13.33268121	4.89093221	0.15650983	96	29	12	12	0	-1.41392774	-0.15044863	2.73110573	0.29060263	-4.14503348	-0.44105127	0.0	0.0	-0.0248876	-0.00268891	3e-05	2	179	-1.0	-1.8369701987210297e-16	FRA40	MEDIAN_CORE	MEDIAN_CORE	PIVOT|TPO_PROFILE	VOLKITT|WAYNE
reclaim_given_break	RG2_FRA40_PERIOD_M5_1770595200_1771027200_119263703548653159	3159994658725981604	15432771232757940577	FRA40	VERIFICATION_A	False	0	1	1	0.06058541	0.25748798	0.01664533	3.56317922	1.52788822	2	2	1	1	1	0	6	3	6	3	-0.29653105	-0.3218024	0.21554751	0.00532028	-2.74235494	0.02263875	-3.461604	0.0	25.55492446	10.53050097	15.80143133	5.99795524	0.18175622	95	30	11	11	1	-3.37678443	-0.29653105	2.74235494	0.24081886	-6.11913936	-0.53734991	0.02265162	0.00189757	-0.11535134	-0.00966322	-0.0465598	2	1583	-0.5000000000000004	0.8660254037844384	FRA40	MEDIAN_CORE	MEDIAN_CORE	PIVOT|TPO_PROFILE	VOLKITT|WAYNE
reclaim_given_break	RG2_FRA40_PERIOD_M5_1770595200_1771027200_119263703548653159	3159994658725981604	10447326474635933371	FRA40	VERIFICATION_A	False	0	3	-1	0.06235629	0.03507541	0.16666667	3.6673292	1.57254764	2	2	1	1	10	2762	6	3	6	3	-0.32748205	-0.32182879	0.21556518	0.00532072	-2.4600667	0.0	-3.20033906	0.0	26.30188238	11.20074828	16.62574535	6.53571846	0.18706886	95	31	11	11	0	-3.83793211	-0.32748205	2.4600667	0.20991192	-6.29799881	-0.53739397	0.0	0.0	0.0	0.0	0.0	2	34	-0.5000000000000004	0.8660254037844384	FRA40	MEDIAN_CORE	MEDIAN_CORE	PIVOT|TPO_PROFILE	VOLKITT|WAYNE
reclaim_given_break	RG2_FRA40_PERIOD_M5_1781481600_1781913600_2185310041512757135	3235920891311777562	10673902857623530294	FRA40	VERIFICATION_B	False	0	4	-1	3.21320508	0.48096464	0.93650794	2.25353385	7.33640428	5	6	3	3	77	7119	1	6	1	6	1.14301047	1.29506373	1.89731169	0.19919152	-28.1531725	0.08322412	-24.99153231	0.0	30.98259043	2.27611435	2.68256334	0.55548029	1.13805717	95	35	10	10	0	18.43816957	1.14301047	28.1531725	1.74525843	-9.71500293	-0.60224796	0.08244225	0.0051577	0.0	0.0	-0.00028896	6	892	0.7071067811865476	0.7071067811865476	FRA40	ABOVE	ABOVE	DAILY_EXTREME|MID_PIVOT|PIVOT|PIVOT_ZONE|TPO_PROFILE	DAY_SWINGS|VOLKITT|WAYNE
reclaim_given_break	RG2_FRA40_PERIOD_M5_1781481600_1781913600_2185310041512757135	13363987593827591575	14922931352026459640	FRA40	VERIFICATION_B	False	0	12	-1	3.50734497	0.06654836	0.09090909	2.45982451	8.04742187	3	3	0	3	351	42145	1	6	1	6	1.17939014	1.28368	1.81868485	0.20095391	-29.9221579	0.0	-27.73772552	0.0	48.85573795	6.24075717	8.01538007	2.04081633	0.23661639	95	36	10	10	0	20.58446164	1.17939014	29.9221579	1.714395	-9.33769626	-0.53500485	0.0	0.0	0.0	0.0	0.0	3	2594	1.2246467991473532e-16	-1.0	FRA40	ABOVE	ABOVE	MID_PIVOT|PIVOT|PIVOT_ZONE	WAYNE
reclaim_given_break	RG2_FRA40_PERIOD_M5_1781481600_1781913600_2185310041512757135	18032946787114992098	15566850897769966263	FRA40	VERIFICATION_B	True	\N	1	1	0.25152713	0.03593245	1.0	10.0161696	6.77236795	1	2	1	1	5	13	9	6	8	1	0.38774789	0.38001727	1.16985167	0.01202541	-24.63066879	0.0	-23.7985088	0.0	\N	13.78009342	20.82285304	9.21667266	1.50916277	92	37	11	11	0	8.11025272	0.38774789	24.63066879	1.17758229	-16.52041607	-0.78983439	0.0	0.0	0.0	0.0	0.0	2	47	0.25881904510252074	0.9659258262890683	FRA40	MEDIAN_CORE	MEDIAN_CORE	DAILY_EXTREME	DAY_SWINGS
reclaim_given_break	RG2_FRA40_PERIOD_M5_1781481600_1781913600_2185310041512757135	18416563749455454958	8861833033439394381	FRA40	VERIFICATION_B	True	\N	1	-1	0.03663004	0.38461538	0.14516129	6.51556777	8.3974359	2	2	1	1	1	5	4	3	4	3	0.79508694	0.80783046	1.4340781	0.0011585	-44.94040789	0.0	-44.71497253	0.0	\N	12.74725275	23.51648352	5.76923077	0.43956044	94	37	12	12	0	25.13942308	0.79508694	44.94040789	1.42133458	-19.80098481	-0.62624764	0.0	0.0	0.0	0.0	0.0	2	279	0.7071067811865476	-0.7071067811865475	FRA40	ABOVE	ABOVE	DAILY_EXTREME|PIVOT	DAY_SWINGS|WAYNE
reclaim_given_break	RG2_FRA40_PERIOD_M5_1781481600_1781913600_2185310041512757135	3036722755240040748	8295100479091657287	FRA40	VERIFICATION_B	False	0	1	-1	5.08017596	0.02128565	1.0	3.54051369	11.55101462	6	7	1	6	1	1	2	8	2	8	1.14309049	1.25870665	1.71941123	0.20578618	-39.59236335	0.0	-39.9664751	0.0	\N	4.55512984	12.899106	-0.85142614	0.34057046	95	38	11	11	0	28.21910033	1.14309049	39.59236335	1.60379508	-11.37326302	-0.46070458	0.0	0.0	0.0	0.0	0.0	7	2493	0.258819045102521	-0.9659258262890682	FRA40	ABOVE	ABOVE	DAILY_EXTREME|MID_PIVOT|PIVOT|PIVOT_ZONE|SENTINEL|TPO_PROFILE	DAY_SWINGS|VOLKITT|WAYNE
reclaim_given_break	RG2_FRA40_PERIOD_M5_1781481600_1781913600_2185310041512757135	12401143455040362179	14521198823899844247	FRA40	VERIFICATION_B	False	1	46	1	8.52053352	0.13162513	0.06451613	3.99262899	30.95823096	6	10	2	8	490	82352	2	14	2	14	0.96981538	0.91904062	1.27527534	0.16533298	-68.33878048	0.0	-64.86574237	0.0	105.47121797	-1.01790102	12.53071253	-5.12460512	0.56160056	98	41	8	8	0	49.98001248	0.96981538	68.33878048	1.3260501	-18.358768	-0.35623472	0.0	0.0	0.0	0.0	0.0	10	160	0.7071067811865476	-0.7071067811865475	FRA40	ABOVE	ABOVE	ADAPTIVE_VALUE|MID_PIVOT|PIVOT|PIVOT_ZONE|SENTINEL|TPO_PROFILE	VOLKITT|WAYNE
reclaim_given_break	RG2_FRA40_PERIOD_M5_1781481600_1781913600_2185310041512757135	1974473591489983922	3817976186753647321	FRA40	VERIFICATION_B	True	\N	1	-1	0.04590104	0.02754062	1.0	0.55999266	0.27540622	2	2	1	1	2	3	0	0	0	0	0.95459024	0.95584485	1.42090409	0.00114056	-57.13288493	0.0	-54.58620215	0.0	82.75612779	-4.65436519	6.1415588	-7.2431837	0.44064996	98	39	9	9	0	38.41687322	0.95459024	57.13288493	1.41964948	-18.71601171	-0.46505924	0.0	0.0	0.0	0.0	5.736e-05	2	4	0.49999999999999994	-0.8660254037844387	FRA40	ABOVE	ABOVE	DAILY_EXTREME|PIVOT	DAY_SWINGS|WAYNE
reclaim_given_break	RG2_FRA40_PERIOD_M5_1781481600_1781913600_2185310041512757135	14047447490973042546	13952625583615483900	FRA40	VERIFICATION_B	True	\N	2	-1	0.41736227	0.25041736	0.1	0.89037284	3.16499722	2	3	1	2	276	49941	1	1	1	1	1.03932131	1.05272519	1.40479137	0.0102233	-56.80286733	0.0	-54.22996661	0.0	83.60809683	-3.78408459	7.12298275	-6.39955481	0.44518642	98	40	8	8	0	42.4298986	1.03932131	56.80286733	1.39138749	-14.37296874	-0.35206619	0.0	0.0	0.0	0.0	0.0	3	139	0.49999999999999994	-0.8660254037844387	FRA40	ABOVE	ABOVE	DAILY_EXTREME|TPO_PROFILE	DAY_SWINGS|VOLKITT
reclaim_given_break	RG2_FRA40_PERIOD_M5_1781481600_1781913600_2185310041512757135	12401143455040362179	10457547387058351175	FRA40	VERIFICATION_B	False	0	70	1	4.31954636	0.24182789	0.04733728	2.37658439	14.70980654	6	10	2	8	687	107160	2	14	2	14	1.11832563	1.05137276	1.25156589	0.17946487	-31.73547436	0.0	-31.27126418	0.0	50.45238492	-0.4503002	5.50366911	-2.1347565	0.26684456	97	40	7	7	0	26.91701875	1.11832563	31.73547436	1.31851877	-4.8184556	-0.20019314	0.0	0.0	0.0	0.0	0.0	10	1357	-0.8660254037844385	-0.5000000000000004	FRA40	ABOVE	ABOVE	ADAPTIVE_VALUE|MID_PIVOT|PIVOT|PIVOT_ZONE|SENTINEL|TPO_PROFILE	VOLKITT|WAYNE
reclaim_given_break	RG2_FRA40_PERIOD_M5_1781481600_1781913600_2185310041512757135	14024797783324546547	9838273249650152184	FRA40	VERIFICATION_B	False	0	1	1	0.11922109	0.49013114	0.14728682	4.68273944	6.88170619	2	2	0	2	1	215	6	6	6	6	0.62149206	0.59153387	0.86866131	0.00649696	-16.48993525	0.0	-17.02245331	0.0	\N	7.45794145	12.18704464	4.64962247	0.2119486	96	39	8	8	0	11.40456425	0.62149206	16.48993525	0.8986195	-5.08537099	-0.27712744	0.0	0.0	2.19016376	0.11315084	-0.03922292	2	98	-0.5000000000000004	0.8660254037844384	FRA40	ABOVE	ABOVE	MID_PIVOT|TPO_PROFILE	VOLKITT|WAYNE
reclaim_given_break	RG2_FRA40_PERIOD_M5_1781481600_1781913600_2185310041512757135	9990135034643399771	2028449713909432568	FRA40	VERIFICATION_B	True	\N	2	1	0.0	0.22982635	0.06666667	2.38764045	4.24540347	2	2	1	1	7	38	1	4	1	4	0.36493605	0.3513336	0.76462777	0.0	-13.14894295	0.0	-13.6622191	0.0	\N	9.93360572	14.4918284	7.226762	0.20429009	96	36	9	9	0	6.16594314	0.36493605	13.14894295	0.77823022	-6.98299981	-0.41329417	0.0	0.0	0.0	0.0	0.0	2	80	-0.5000000000000004	0.8660254037844384	FRA40	MEDIAN_CORE	MEDIAN_CORE	DAILY_EXTREME|MID_PIVOT	DAY_SWINGS|WAYNE
reclaim_given_break	RG2_FRA40_PERIOD_M5_1781481600_1781913600_2185310041512757135	6098821854938747262	2004097837405247300	FRA40	VERIFICATION_B	True	\N	3	1	0.37561037	0.21284587	0.2	3.44309503	2.68561412	1	2	1	1	11	170	3	2	3	2	0.29878608	0.26996305	0.68479358	0.02275502	-11.77945676	0.0	-12.282772	0.0	\N	10.8551396	15.32490297	8.20082634	0.20032553	96	36	9	9	0	4.93197279	0.29878608	11.77945676	0.71361661	-6.84748397	-0.41483053	0.0	0.0	2.06686812	0.1175778	-0.0503081	2	64	-0.5000000000000004	0.8660254037844384	FRA40	MEDIAN_CORE	MEDIAN_CORE	DAILY_EXTREME	DAY_SWINGS
reclaim_given_break	RG2_FRA40_PERIOD_M5_1781481600_1781913600_2185310041512757135	11452717924891703689	2193040896075889084	FRA40	VERIFICATION_B	False	1	4	1	0.10685029	0.23744509	0.03409091	4.19684198	3.15801971	2	2	0	2	247	10630	7	5	7	5	0.42443161	0.40709359	0.83786455	0.00636907	-14.34725306	0.0	-15.05431556	0.0	\N	6.88590763	8.99916894	3.44295382	0.99726938	93	34	8	8	0	7.12045062	0.42443161	14.34725306	0.85520257	-7.22680244	-0.43077096	0.0	0.0	0.0	0.0	0.0	2	1076	0.25881904510252074	0.9659258262890683	FRA40	MEDIAN_CORE	MEDIAN_CORE	MID_PIVOT|TPO_PROFILE	VOLKITT|WAYNE
reclaim_given_break	RG2_FRA40_PERIOD_M5_1781481600_1781913600_2185310041512757135	14014926838218723688	13482457767159648635	FRA40	VERIFICATION_B	True	\N	1	-1	0.0	0.42971148	0.1627907	3.59116022	0.74892572	2	2	2	0	1	0	6	1	6	1	0.25601395	0.28176248	0.91744101	0.0	-14.88125769	0.02935158	-15.64180479	0.0	\N	7.04726826	9.23265807	3.48680172	1.03130755	96	35	9	9	1	4.27255985	0.25601395	14.88125769	0.89169248	-10.60869784	-0.63567854	0.02915471	0.00169183	3.14336043	0.18240699	-0.03880072	2	666	0.49999999999999994	0.8660254037844387	FRA40	MEDIAN_CORE	MEDIAN_CORE	DAILY_EXTREME|TPO_PROFILE	DAY_SWINGS|VOLKITT
reclaim_given_break	RG2_FRA40_PERIOD_M5_1781481600_1781913600_2185310041512757135	7771034885788306774	2937395492898540901	FRA40	VERIFICATION_B	True	\N	1	-1	0.00416043	0.03744383	0.33333333	2.96014312	1.44782826	2	2	1	1	2	21	5	2	5	2	0.31918443	0.32150799	0.95553186	0.00024459	-16.21415925	0.0	-16.9873315	0.0	\N	6.07838243	8.30004993	2.45881178	1.04842736	96	35	9	9	0	5.42935597	0.31918443	16.21415925	0.95320829	-10.78480328	-0.63402387	0.0	0.0	-3.20591487	-0.18962361	0.03879027	2	105	0.49999999999999994	0.8660254037844387	FRA40	MEDIAN_CORE	MEDIAN_CORE	DAILY_EXTREME|PIVOT	DAY_SWINGS|WAYNE
reclaim_given_break	RG2_FRA40_PERIOD_M5_1781481600_1781913600_2185310041512757135	14395603912252742128	18126697361148869843	FRA40	VERIFICATION_B	True	\N	1	-1	0.05858966	0.01255493	1.0	2.63444235	1.74513497	2	2	1	1	1	6	4	3	4	3	0.33711071	0.33955354	0.97279288	0.00341996	-16.62370922	0.0	-17.40144382	0.0	\N	5.80037665	8.0351538	2.15944758	1.05461394	96	35	9	9	0	5.77526679	0.33711071	16.62370922	0.97035005	-10.84844242	-0.63323934	0.0	0.0	3.21711877	0.1824089	-0.03618388	2	7	0.49999999999999994	0.8660254037844387	FRA40	MEDIAN_CORE	MEDIAN_CORE	DAILY_EXTREME|PIVOT	DAY_SWINGS|WAYNE
reclaim_given_break	RG2_FRA40_PERIOD_M5_1781481600_1781913600_2185310041512757135	5853562991982699737	7806911221825859736	FRA40	VERIFICATION_B	True	\N	1	-1	0.0	0.45787546	0.8974359	2.45290424	2.17163789	2	2	2	0	1	0	4	3	4	3	0.33191956	0.35756456	0.98827098	0.0	-17.18708605	0.04313947	-18.04062009	0.0	\N	6.13553114	8.46415489	2.34170591	1.0989011	96	36	9	9	1	5.92621664	0.33191956	17.18708605	0.96262598	-11.26086941	-0.63070642	0.04295404	0.00233643	3.35750365	0.18262711	-0.03356579	2	21	0.7071067811865476	0.7071067811865476	FRA40	MEDIAN_CORE	MEDIAN_CORE	DAILY_EXTREME|TPO_PROFILE	DAY_SWINGS|VOLKITT
reclaim_given_break	RG2_FRA40_PERIOD_M5_1781481600_1781913600_2185310041512757135	10950229744541525392	5109990408821571699	FRA40	VERIFICATION_B	True	\N	1	-1	0.06094641	0.05223978	0.5	1.53889687	3.01684733	2	2	1	1	1	4	3	4	3	4	0.4005551	0.40517596	1.03320905	0.00340484	-18.41166067	0.0	-19.26374559	0.0	\N	4.87135954	7.19602978	1.08397545	1.09703539	97	36	9	9	0	7.16990989	0.4005551	18.41166067	1.02858819	-11.24175079	-0.62803309	0.0	0.0	-3.37199837	-0.18886117	0.0335514	2	24	0.7071067811865476	0.7071067811865476	FRA40	MEDIAN_CORE	MEDIAN_CORE	DAILY_EXTREME|PIVOT	DAY_SWINGS|WAYNE
reclaim_given_break	RG2_FRA40_PERIOD_M5_1781481600_1781913600_2185310041512757135	10950229744541525392	18285195249263750648	FRA40	VERIFICATION_B	True	\N	2	-1	0.03047321	0.02611989	1.0	1.2298115	3.3564059	2	2	1	1	5	46	2	5	2	5	0.42041154	0.42271883	1.0498977	0.0017001	-18.77733914	0.0	-19.62942406	0.0	\N	4.50568108	6.83035131	0.71829698	1.09703539	97	36	9	9	0	7.53558835	0.42041154	18.77733914	1.04759041	-11.24175079	-0.62717887	0.0	0.0	-3.37199837	-0.18886117	0.0335514	2	3	0.7071067811865476	0.7071067811865476	FRA40	MEDIAN_CORE	MEDIAN_CORE	DAILY_EXTREME|PIVOT	DAY_SWINGS|WAYNE
reclaim_given_break	RG2_FRA40_PERIOD_M5_1781481600_1781913600_2185310041512757135	16599734010938478036	13112952896759525504	FRA40	VERIFICATION_B	True	\N	2	-1	0.07835967	0.32649863	0.16778523	0.80318663	3.73514431	2	2	1	1	3	53	1	6	1	6	0.42404915	0.44441515	1.07051017	0.00436414	-18.85569881	0.0	-19.70778373	0.0	\N	4.42732141	6.75199164	0.63993731	1.09703539	97	36	9	9	0	7.61394802	0.42404915	18.85569881	1.05014417	-11.24175079	-0.62609502	0.0	0.0	-3.37199837	-0.18886117	0.0335514	2	195	0.7071067811865476	0.7071067811865476	FRA40	MEDIAN_CORE	MEDIAN_CORE	DAILY_EXTREME|PIVOT	DAY_SWINGS|WAYNE
reclaim_given_break	RG2_FRA40_PERIOD_M5_1781481600_1781913600_2185310041512757135	11250518979643642881	11845806103367869054	FRA40	VERIFICATION_B	True	\N	1	1	0.11966494	0.0132961	0.0625	4.70017285	3.53676373	2	2	0	2	1	0	8	6	8	6	0.41166342	0.40776479	0.83162725	0.00637957	-15.67239644	0.0	-16.6071666	0.0	\N	7.96436644	10.331073	4.10849621	1.11687276	97	37	8	8	1	7.72178641	0.41166342	15.67239644	0.83552587	-7.95061003	-0.42386245	0.0	0.0	3.44086978	0.17492576	-0.04352614	2	62	0.8660254037844386	0.5000000000000001	FRA40	MEDIAN_CORE	MEDIAN_CORE	MID_PIVOT|TPO_PROFILE	VOLKITT|WAYNE
reclaim_given_break	RG2_FRA40_PERIOD_M5_1781481600_1781913600_2185310041512757135	2618879742556255104	2428001933420632547	FRA40	VERIFICATION_B	False	1	1	-1	0.07514476	0.46854971	0.01168512	3.06988463	1.54267781	2	2	1	1	2	454	5	1	5	1	0.29609355	0.3241355	0.95105284	0.00416343	-16.65919397	0.0	-17.62398886	0.0	\N	6.88237634	9.24280599	3.03673253	1.11391062	97	35	9	9	0	5.34411882	0.29609355	16.65919397	0.9230109	-11.31507515	-0.62691735	0.0	0.0	3.44316799	0.18151593	-0.04240718	2	6771	0.9659258262890683	0.25881904510252074	FRA40	MEDIAN_CORE	MEDIAN_CORE	PIVOT|TPO_PROFILE	VOLKITT|WAYNE
reclaim_given_break	RG2_FRA40_PERIOD_M5_1781481600_1781913600_2185310041512757135	6105034468424252382	11778918329721369981	FRA40	VERIFICATION_B	False	0	1	-1	0.05028736	0.42385057	0.0625	4.47198276	9.02298851	2	2	1	1	1	219	4	10	4	10	0.49489344	0.50954381	0.92307833	0.00164084	-27.84086029	0.07816887	-29.56950431	0.0	\N	10.25862069	14.09482759	4.00862069	0.60344828	97	37	8	8	0	15.16714559	0.49489344	27.84086029	0.90842796	-12.67371469	-0.41353452	0.07800077	0.00246154	5.54313023	0.1749296	-0.03553948	2	595	0.7071067811865476	-0.7071067811865475	FRA40	MEDIAN_CORE	ABOVE	PIVOT|TPO_PROFILE	VOLKITT|WAYNE
reclaim_given_break	RG2_FRA40_PERIOD_M5_1781481600_1781913600_2185310041512757135	3758857931520031604	5431000652027409471	FRA40	VERIFICATION_B	True	\N	1	-1	0.01786033	0.01786033	1.0	2.80407216	0.1488361	2	2	1	1	1	1	3	0	3	0	0.80239408	0.80341601	1.19932083	0.00068129	-31.41392037	0.0	-32.97061975	0.0	\N	0.03572066	3.2148598	-5.14377567	0.28576532	97	38	8	8	0	21.03510548	0.80239408	31.41392037	1.19829889	-10.37881489	-0.39590482	0.0	0.0	0.0	0.0	0.0	2	6	0.49999999999999994	-0.8660254037844387	FRA40	ABOVE	ABOVE	DAILY_EXTREME|TPO_PROFILE	DAY_SWINGS|VOLKITT
reclaim_given_break	RG2_FRA40_PERIOD_M5_1781481600_1781913600_2185310041512757135	3758857931520031604	10772188444500170813	FRA40	VERIFICATION_B	True	\N	2	-1	0.04167411	0.01786033	0.03030303	2.49449306	0.43460142	2	2	1	1	5	12	2	1	2	1	0.81225152	0.81372575	1.20912274	0.00158764	-31.69968568	0.0	-33.25638507	0.0	\N	-0.25004465	2.92909448	-5.42954099	0.28576532	97	38	8	8	0	21.32087079	0.81225152	31.69968568	1.20764851	-10.37881489	-0.39539699	0.0	0.0	0.0	0.0	0.0	2	33	0.49999999999999994	-0.8660254037844387	FRA40	ABOVE	ABOVE	DAILY_EXTREME|PIVOT	DAY_SWINGS|WAYNE
reclaim_given_break	RG2_FRA40_PERIOD_M5_1781481600_1781913600_2185310041512757135	3693021965089099087	17300833791454850650	FRA40	VERIFICATION_B	True	\N	1	-1	0.08667013	0.01733403	1.0	0.55468885	2.24186745	2	2	1	1	2	2	1	2	1	2	0.87627011	0.87863156	1.27070626	0.0033735	-32.58563705	0.0	-34.09646386	0.0	\N	-2.06274918	1.02270757	-7.08961692	0.27734443	97	38	8	8	0	22.51266347	0.87627011	32.58563705	1.26834481	-10.07297358	-0.3920747	0.0	0.0	0.0	0.0	-0.00090721	2	8	0.49999999999999994	-0.8660254037844387	FRA40	ABOVE	ABOVE	DAILY_EXTREME|TPO_PROFILE	DAY_SWINGS|VOLKITT
reclaim_given_break	RG2_FRA40_PERIOD_M5_1781481600_1781913600_2185310041512757135	604357861270597945	4492973261911208711	FRA40	VERIFICATION_B	False	0	90	1	4.23587545	0.1488361	0.00155467	0.1488361	11.22521879	5	8	0	8	1327	170220	0	16	0	16	0.80307537	0.72981744	1.12572226	0.16157948	-31.4317807	0.0	-32.98848009	0.0	\N	0.01786033	3.19699946	-5.16163601	0.28576532	97	38	8	8	1	21.05296581	0.80307537	31.4317807	1.19898019	-10.37881489	-0.39590482	0.0	0.0	0.0	0.0	0.0	8	5051	0.49999999999999994	-0.8660254037844387	FRA40	ABOVE	ABOVE	MID_PIVOT|PIVOT|PIVOT_ZONE|SENTINEL|TPO_PROFILE	VOLKITT|WAYNE
reclaim_given_break	RG2_FRA40_PERIOD_M5_1781481600_1781913600_2185310041512757135	2298167383861077764	18397834207710765729	FRA40	VERIFICATION_B	True	\N	1	1	0.07253134	0.48181536	0.06451613	1.39104756	8.30483888	2	2	1	1	13	3193	2	12	2	12	0.8045214	0.78084182	0.99941181	0.00331514	-22.38402814	0.0	-23.98235934	0.0	\N	4.74044141	7.50699409	0.23313646	0.24867889	97	36	9	9	0	17.60197562	0.8045214	22.38402814	1.02309138	-4.78205253	-0.21856999	0.0	0.0	0.0	0.0	0.0	2	387	0.258819045102521	-0.9659258262890682	FRA40	ABOVE	ABOVE	PIVOT|TPO_PROFILE	VOLKITT|WAYNE
reclaim_given_break	RG2_FRA40_PERIOD_M5_1781481600_1781913600_2185310041512757135	604357861270597945	18267061877388376618	FRA40	VERIFICATION_B	True	\N	100	-1	3.26451021	0.15829319	0.76470588	2.28951594	8.65106676	5	9	1	8	1487	187011	4	15	4	15	0.81194112	0.90953047	1.07763887	0.16100517	-19.87129762	0.16572821	-21.88609773	0.0	\N	3.55127323	6.00137646	-0.440468	0.220234	97	38	7	7	0	16.46276363	0.81194112	19.87129762	0.98004952	-3.40853399	-0.1681084	0.16515987	0.00817263	0.01032249	0.00051079	-0.00013043	9	3314	-0.7071067811865471	-0.7071067811865479	FRA40	ABOVE	ABOVE	MID_PIVOT|PIVOT|PIVOT_ZONE|SENTINEL|TPO_PROFILE	VOLKITT|WAYNE
reclaim_given_break	RG2_FRA40_PERIOD_M5_1781481600_1781913600_2185310041512757135	7711395842577919783	12238558808507107618	FRA40	VERIFICATION_B	False	0	1	-1	0.1121668	0.08577461	1.0	3.60253365	3.58933756	2	3	2	1	1	24	2	5	2	5	0.59387358	0.60402928	2.21577624	0.00709508	-34.86888175	0.25855211	-40.16280681	0.0	\N	0.19794141	3.02850356	0.19794141	1.66270784	97	29	8	8	0	9.38860847	0.59387358	34.86888175	2.20562054	-25.48027328	-1.61174696	0.25172582	0.01605048	3.09990685	0.19765556	-0.01877233	3	96	0.49999999999999994	0.8660254037844387	FRA40	ABOVE	ABOVE	PIVOT|TPO_PROFILE	VOLKITT|WAYNE
reclaim_given_break	RG2_FRA40_PERIOD_M5_1781481600_1781913600_2185310041512757135	13917591296505273806	6841498034560398139	FRA40	VERIFICATION_B	False	0	1	1	0.09072352	0.38557496	0.04516129	8.36924473	0.21168821	3	3	0	3	111	8556	10	0	10	0	0.58401768	0.56109535	1.91940058	0.00491632	-35.84274844	0.0	-42.39113178	0.0	\N	4.6495804	6.21456112	3.5155364	1.90519392	97	32	7	7	0	10.77719816	0.58401768	35.84274844	1.94232291	-25.06555029	-1.35830523	0.0	0.0	0.0	0.0	0.0	3	879	0.7071067811865476	0.7071067811865476	FRA40	ABOVE	ABOVE	PIVOT|SENTINEL|TPO_PROFILE	VOLKITT|WAYNE
reclaim_given_break	RG2_FRA40_PERIOD_M5_1781481600_1781913600_2185310041512757135	13917591296505273806	237002326057377405	FRA40	VERIFICATION_B	True	\N	3	1	0.09285051	0.16248839	0.77777778	8.56545961	0.21665119	3	3	0	3	133	10200	9	0	9	0	0.57172689	0.56109535	1.91940058	0.00491632	-36.45094658	0.0	-43.15285515	0.0	\N	4.99071495	6.59238626	3.83008357	1.94986072	97	32	7	7	0	10.79774064	0.57172689	36.45094658	1.93003212	-25.65320595	-1.35830523	0.0	0.0	0.0	0.0	0.0	3	35	0.7071067811865476	0.7071067811865476	FRA40	ABOVE	ABOVE	PIVOT|SENTINEL|TPO_PROFILE	VOLKITT|WAYNE
reclaim_given_break	RG2_FRA40_PERIOD_M5_1781481600_1781913600_2185310041512757135	2997606237169041868	7562134514042103833	FRA40	VERIFICATION_B	True	\N	1	1	0.11043622	0.05521811	1.0	16.37217007	6.29486472	2	2	1	1	1	4	18	4	6	3	0.29468245	0.28969135	1.60865721	0.00499109	-35.7046492	0.0	-45.00345113	0.0	82.42269464	6.01877416	11.67863059	2.04307013	2.31916068	98	27	7	7	0	6.52033867	0.29468245	35.7046492	1.6136483	-29.18431053	-1.31896585	0.0	0.0	4.09086669	0.15713261	-0.08732951	2	17	0.9659258262890683	-0.25881904510252063	FRA40	MEDIAN_CORE	MEDIAN_CORE	DAILY_EXTREME|MID_PIVOT	DAY_SWINGS|WAYNE
reclaim_given_break	RG2_FRA40_PERIOD_M5_1781481600_1781913600_2185310041512757135	10853106116209216116	8847895550738472984	FRA40	VERIFICATION_B	False	0	2	-1	7.90444258	0.4889634	0.12048193	9.40486169	13.20201174	6	13	2	11	93	14046	5	9	5	9	0.51869885	0.73566203	1.5577566	0.30412416	-34.84834853	0.0	-44.25887119	0.0	83.41296452	7.37636211	13.10421906	3.35289187	2.34702431	98	31	5	5	0	13.48141939	0.51869885	34.84834853	1.34079342	-21.36692914	-0.82209457	0.0	0.0	0.0	0.0	0.0	13	4107	0.9659258262890683	-0.25881904510252063	FRA40	ABOVE	ABOVE	ADAPTIVE_VALUE|MID_PIVOT|PIVOT|PIVOT_ZONE|SENTINEL|TPO_PROFILE	VOLKITT|WAYNE
reclaim_given_break	RG2_FRA40_PERIOD_M5_1781481600_1781913600_2185310041512757135	8917824116791868484	16725923135889212737	FRA40	VERIFICATION_B	False	1	1	1	0.06314128	0.48934491	0.18888889	2.74664562	0.14732965	3	3	0	3	128	15878	3	0	3	0	0.41079037	0.36993812	1.77475722	0.00500487	-22.9056693	0.0	-29.72415154	0.0	\N	2.98342541	7.81373323	-0.86819258	0.25256511	96	29	8	8	0	5.18251776	0.41079037	22.9056693	1.81560947	-17.72315154	-1.4048191	0.0	0.0	0.0	0.0	0.0	3	240	-0.4999999999999997	-0.8660254037844388	FRA40	MEDIAN_CORE	MEDIAN_CORE	PIVOT|SENTINEL|TPO_PROFILE	VOLKITT|WAYNE
reclaim_given_break	RG2_FRA40_PERIOD_M5_1781481600_1781913600_2185310041512757135	8917824116791868484	8309854248363923987	FRA40	VERIFICATION_B	False	1	2	1	0.06193868	0.20130071	0.61904762	2.69433261	0.14452359	3	3	0	3	132	17103	3	0	3	0	0.38826845	0.36993812	1.77475722	0.00500487	-22.19068055	0.0	-28.879297	0.0	\N	3.20532673	7.9436358	-0.5729328	0.24775472	96	29	8	8	0	4.80508671	0.38826845	22.19068055	1.79308756	-17.38559384	-1.4048191	0.0	0.0	0.0	0.0	0.0	3	35	-0.4999999999999997	-0.8660254037844388	FRA40	MEDIAN_CORE	MEDIAN_CORE	PIVOT|SENTINEL|TPO_PROFILE	VOLKITT|WAYNE
reclaim_given_break	RG2_FRA40_PERIOD_M5_1781481600_1781913600_2185310041512757135	8917824116791868484	11718072038408900903	FRA40	VERIFICATION_B	False	0	3	1	0.0618238	0.18547141	0.75	2.68933539	0.14425554	3	3	0	3	133	17402	3	0	3	0	0.38701723	0.36993812	1.77475722	0.00500487	-22.13406724	0.0	-28.81027821	0.0	\N	3.21483771	7.94435858	-0.55641422	0.24729521	96	29	8	8	0	4.7807187	0.38701723	22.13406724	1.79183634	-17.35334853	-1.4048191	0.0	0.0	0.0	0.0	0.0	3	24	-0.4999999999999997	-0.8660254037844388	FRA40	MEDIAN_CORE	MEDIAN_CORE	PIVOT|SENTINEL|TPO_PROFILE	VOLKITT|WAYNE
reclaim_given_break	RG2_FRA40_PERIOD_M5_1781481600_1781913600_2185310041512757135	14692189487897182088	13901834078757027579	FRA40	VERIFICATION_B	False	1	1	-1	0.05404675	0.49993244	0.17699115	2.35103364	0.12610908	3	3	0	3	2	313	3	0	3	0	0.31410073	0.36319072	1.7246787	0.00499009	-18.14800498	0.0	-24.47000405	0.0	\N	0.49993244	4.3642751	-1.44575057	0.216187	96	29	8	8	0	3.40196949	0.31410073	18.14800498	1.67558872	-14.74603549	-1.36148798	0.0	0.0	0.0	0.0	0.0	3	290	-1.0	-1.8369701987210297e-16	FRA40	MEDIAN_CORE	MEDIAN_CORE	PIVOT|SENTINEL|TPO_PROFILE	VOLKITT|WAYNE
reclaim_given_break	RG2_FRA40_PERIOD_M5_1781481600_1781913600_2185310041512757135	15456169574058017810	8186237762982845313	FRA40	VERIFICATION_B	True	\N	2	1	3.1976091	0.27414498	0.42857143	0.12583704	2.77066199	4	7	1	6	3	605	0	4	0	4	0.37398178	0.20632376	1.56781175	0.29587058	-18.75601791	0.0	-25.06437913	0.0	\N	-0.14830794	3.70769853	-2.08979372	0.21572064	96	29	8	8	0	4.04179266	0.37398178	18.75601791	1.73546976	-14.71422525	-1.36148798	0.0	0.0	0.0	0.0	0.0	7	1521	-1.0	-1.8369701987210297e-16	FRA40	MEDIAN_CORE	MEDIAN_CORE	MID_PIVOT|PIVOT|PIVOT_ZONE|TPO_PROFILE	VOLKITT|WAYNE
reclaim_given_break	RG2_FRA40_PERIOD_M5_1781481600_1781913600_2185310041512757135	12521290212231356345	8479309087811106886	FRA40	VERIFICATION_B	True	\N	1	1	0.04175947	0.05567929	0.00119403	0.56375278	2.25501114	2	2	1	1	2	2	0	2	0	2	0.0072619	0.0	1.44133312	0.00396103	-15.27190769	0.0	-21.78486915	0.0	\N	3.93930958	7.92037862	1.93485523	0.22271715	96	27	9	9	0	0.07655902	0.0072619	15.27190769	1.44859501	-15.19534867	-1.44133312	0.0	0.0	0.0	0.0	0.0	2	4681	-1.0	-1.8369701987210297e-16	FRA40	MEDIAN_CORE	MEDIAN_CORE	DAILY_EXTREME|TPO_PROFILE	DAY_SWINGS|VOLKITT
reclaim_given_break	RG2_JPN225_PERIOD_M5_1770595200_1771027200_1322744797593697910	2237026973602415543	18384875993386811268	JPN225	VERIFICATION_A	False	0	1	1	0.53525739	0.00716406	0.05263158	6.96141644	12.59952922	2	3	3	0	1	1	1	2	1	2	1.68624424	1.67705198	2.25325794	0.03215752	-37.65816322	0.23739885	-32.76993143	0.0	42.09958039	-0.0921093	7.39944734	-0.0921093	0.07164057	94	23	12	12	0	28.06729665	1.68624424	37.65816322	2.26245019	-9.59086657	-0.57620596	0.24381166	0.01506562	3.03108869	0.18729719	0.05477524	3	17	0.49999999999999994	0.8660254037844387	JPN225	FAR_ABOVE	FAR_ABOVE	ADAPTIVE_VALUE|TPO_PROFILE	VOLKITT
reclaim_given_break	RG2_JPN225_PERIOD_M5_1770595200_1771027200_1322744797593697910	5059086742627507104	16717489567911278773	JPN225	VERIFICATION_A	False	1	1	1	0.0406449	0.48773879	0.75257732	1.45237773	1.04254166	2	2	2	0	1	87	1	1	1	1	1.34191474	1.29153836	1.64312459	0.00403011	-17.07947754	0.1103269	-14.6927923	0.0	22.38992007	1.38870072	6.88931039	-0.48773879	0.0541932	94	17	15	15	0	13.53362236	1.34191474	17.07947754	1.69350097	-3.54585518	-0.35158623	0.11069434	0.01113099	1.022735	0.10284222	0.01736475	2	15	0.8660254037844387	-0.4999999999999998	JPN225	ABOVE	ABOVE	DAILY_EXTREME|TPO_PROFILE	DAY_SWINGS|VOLKITT
reclaim_given_break	RG2_JPN225_PERIOD_M5_1770595200_1771027200_1322744797593697910	5059086742627507104	12825934174976981734	JPN225	VERIFICATION_A	True	\N	2	1	0.08000533	0.48669911	0.04404762	1.42942863	0.98606574	2	2	2	0	5	301	1	1	1	1	1.34275433	1.28968457	1.64131478	0.00806123	-16.81627092	0.0	-14.46729782	0.0	22.03613574	1.36009067	6.77378492	-0.48669911	0.05333689	94	17	15	15	0	13.32644399	1.34275433	16.81627092	1.69438453	-3.48982693	-0.3516302	0.0	0.0	0.0	0.0	-0.00012505	2	756	0.8660254037844387	-0.4999999999999998	JPN225	ABOVE	ABOVE	DAILY_EXTREME|TPO_PROFILE	DAY_SWINGS|VOLKITT
reclaim_given_break	RG2_JPN225_PERIOD_M5_1770595200_1771027200_1322744797593697910	15956225881801578571	9134049072785324800	JPN225	VERIFICATION_A	False	1	1	1	0.04816646	0.48808683	0.39712919	0.87438186	2.04225804	2	2	0	2	668	27577	1	0	1	0	1.14912137	1.09568776	1.39598911	0.0050251	-13.8929579	0.0	-11.63027423	0.0	21.22663927	3.61569584	8.83051827	1.8367478	0.04495537	94	19	14	14	0	11.01451951	1.14912137	13.8929579	1.44942272	-2.87843839	-0.30030135	0.0	0.0	0.0	0.0	0.0	2	36	0.8660254037844387	-0.4999999999999998	JPN225	ABOVE	ABOVE	MID_PIVOT|PIVOT	WAYNE
reclaim_given_break	RG2_JPN225_PERIOD_M5_1770595200_1771027200_1322744797593697910	681592900409776344	7384203986988361757	JPN225	VERIFICATION_A	False	0	1	1	0.43028642	0.49520454	0.01687581	2.44209565	0.88830169	4	4	1	3	669	26437	4	0	4	0	1.28446419	1.2095343	1.50983565	0.04418742	-15.43206416	0.0	-13.13335943	0.0	21.56455927	2.35532068	7.65316109	0.54805246	0.05219547	94	19	14	14	0	12.50780214	1.28446419	15.43206416	1.58476554	-2.92426203	-0.30030135	0.0	0.0	-0.49511385	-0.05054222	0.00261605	4	1430	0.8660254037844387	-0.4999999999999998	JPN225	ABOVE	ABOVE	ADAPTIVE_VALUE|PIVOT|SENTINEL|TPO_PROFILE	VOLKITT|WAYNE
reclaim_given_break	RG2_JPN225_PERIOD_M5_1770595200_1771027200_1322744797593697910	681592900409776344	1518960827625412138	JPN225	VERIFICATION_A	False	0	10	1	0.63316787	0.49133826	0.33333333	1.39398237	1.41829602	4	4	1	3	812	41299	1	1	1	1	0.99705361	0.94198899	1.42908776	0.04082389	-23.01881671	0.0	-20.11903556	0.0	31.16047006	3.18103536	8.88461149	-2.13757471	0.08104549	94	25	12	12	0	15.46404169	0.99705361	23.01881671	1.48415238	-7.55477502	-0.48709877	0.0	0.0	0.0	0.0	0.0	4	131	1.2246467991473532e-16	-1.0	JPN225	ABOVE	ABOVE	ADAPTIVE_VALUE|PIVOT|SENTINEL|TPO_PROFILE	VOLKITT|WAYNE
reclaim_given_break	RG2_JPN225_PERIOD_M5_1770595200_1771027200_1322744797593697910	15939153761104678364	17305167721214882068	JPN225	VERIFICATION_A	False	1	3	1	0.07596475	0.49630305	0.06891702	1.41800871	3.38127553	2	2	0	2	735	41251	1	2	1	2	0.8651108	0.83065544	1.31775421	0.00489887	-20.96816973	0.0	-18.068976	0.0	31.1541578	5.22637496	10.92879571	-0.0911577	0.07090044	94	25	12	12	0	13.4149251	0.8651108	20.96816973	1.35220957	-7.55324463	-0.48709877	0.0	0.0	0.0	0.0	0.0	2	186	1.2246467991473532e-16	-1.0	JPN225	ABOVE	ABOVE	MID_PIVOT|PIVOT	WAYNE
reclaim_given_break	RG2_JPN225_PERIOD_M5_1770595200_1771027200_1322744797593697910	681592900409776344	13556531473761791515	JPN225	VERIFICATION_A	False	0	14	1	0.69234642	0.41540785	0.12209302	1.57452165	1.15810675	4	4	1	3	826	43772	1	1	1	1	1.19626227	1.15361624	1.44787362	0.04597579	-22.44563683	0.0	-19.73766365	0.0	30.97532729	3.42396777	8.26787513	-2.25579053	0.08056395	94	23	13	13	0	18.01443437	1.19626227	22.44563683	1.49051965	-4.43120246	-0.29425738	0.0	0.0	0.0	0.0	0.0	4	582	-0.2588190451025208	-0.9659258262890683	JPN225	ABOVE	ABOVE	ADAPTIVE_VALUE|PIVOT|SENTINEL|TPO_PROFILE	VOLKITT|WAYNE
reclaim_given_break	RG2_JPN225_PERIOD_M5_1770595200_1771027200_1322744797593697910	681592900409776344	3312573418523043149	JPN225	VERIFICATION_A	False	1	18	1	0.01369347	0.25675259	0.03457106	1.84964568	1.62952312	2	2	0	2	837	47378	2	1	2	1	0.95423129	0.93746122	1.40596708	0.00087117	-22.36321263	0.0	-19.71808565	0.0	31.58929855	3.90263942	8.46256547	-1.88969909	0.08216083	93	26	12	12	0	14.99903005	0.95423129	22.36321263	1.42273715	-7.36418259	-0.46850586	0.0	0.0	0.0	0.0	0.0	2	478	-0.4999999999999997	-0.8660254037844388	JPN225	ABOVE	ABOVE	PIVOT|TPO_PROFILE	VOLKITT|WAYNE
reclaim_given_break	RG2_JPN225_PERIOD_M5_1770595200_1771027200_1322744797593697910	681592900409776344	10535464153382401580	JPN225	VERIFICATION_A	False	1	20	1	0.01368925	0.22587269	0.04967603	1.84907598	1.62902122	2	2	0	2	840	48039	2	1	2	1	0.95227115	0.93746122	1.40596708	0.00087117	-22.32552376	0.0	-19.6812115	0.0	31.57956879	3.93223819	8.49075975	-1.85831622	0.08213552	93	26	12	12	0	14.9636094	0.95227115	22.32552376	1.42077701	-7.36191436	-0.46850586	0.0	0.0	0.0	0.0	0.0	2	347	-0.4999999999999997	-0.8660254037844388	JPN225	ABOVE	ABOVE	PIVOT|TPO_PROFILE	VOLKITT|WAYNE
reclaim_given_break	RG2_JPN225_PERIOD_M5_1770595200_1771027200_1322744797593697910	681592900409776344	775735001135371498	JPN225	VERIFICATION_A	False	1	21	1	0.01387588	0.18732438	0.00213459	1.87428452	1.65122975	2	2	0	2	842	48600	2	1	2	1	0.94965763	0.93746122	1.40596708	0.00087117	-22.58826115	0.0	-19.90789884	0.0	32.0100947	4.02747424	8.64814237	-1.8420231	0.08325528	93	26	12	12	0	15.12598143	0.94965763	22.58826115	1.41816349	-7.46227972	-0.46850586	0.0	0.0	0.0	0.0	0.0	2	5726	-0.4999999999999997	-0.8660254037844388	JPN225	ABOVE	ABOVE	PIVOT|TPO_PROFILE	VOLKITT|WAYNE
reclaim_given_break	RG2_JPN225_PERIOD_M5_1770595200_1771027200_1322744797593697910	681592900409776344	2167669381326433499	JPN225	VERIFICATION_A	False	0	22	1	0.01428776	0.16073725	0.28571429	1.92991856	1.70024289	2	2	0	2	863	54900	2	0	2	0	0.95578597	0.94554989	1.39318916	0.00087116	-23.01747005	0.0	-20.46667381	0.0	32.96024432	2.19674239	8.02614659	-1.93956279	0.08572653	93	25	12	12	0	15.67577256	0.95578597	23.01747005	1.40342524	-7.34169749	-0.44763927	0.0	0.0	0.0	0.0	0.0	2	28	-0.8660254037844385	-0.5000000000000004	JPN225	ABOVE	ABOVE	PIVOT|TPO_PROFILE	VOLKITT|WAYNE
reclaim_given_break	RG2_JPN225_PERIOD_M5_1770595200_1771027200_1322744797593697910	15939153761104678364	15899893004492988147	JPN225	VERIFICATION_A	False	1	6	1	0.08224586	0.49347516	0.14754098	1.73995687	3.66085463	2	2	0	2	787	55419	0	2	0	2	0.8708483	0.83899668	1.28663595	0.00490025	-22.12951316	0.0	-19.51913587	0.0	33.73012392	3.67364843	9.63921483	-0.55927185	0.08772892	93	25	12	12	0	14.61632959	0.8708483	22.12951316	1.31848757	-7.51318357	-0.44763927	0.0	0.0	0.0	0.0	0.0	2	111	-0.8660254037844385	-0.5000000000000004	JPN225	ABOVE	ABOVE	MID_PIVOT|PIVOT	WAYNE
reclaim_given_break	RG2_JPN225_PERIOD_M5_1770595200_1771027200_1322744797593697910	16871383910380505291	12157736814082574645	JPN225	VERIFICATION_A	False	0	9	-1	1.30904892	0.23199664	0.00160357	17.65378963	1.89061516	2	2	1	1	47	12321	3	2	3	2	1.04113072	1.08538083	1.54647393	0.08147639	-24.13563672	0.0	-21.55101827	0.0	32.28899853	2.59290363	6.66596683	-3.40121772	0.08398068	93	26	12	12	0	16.72743602	1.04113072	24.13563672	1.50222382	-7.40820069	-0.4610931	0.0	0.0	0.0	0.0	0.0	2	6554	-0.7071067811865471	-0.7071067811865479	JPN225	ABOVE	ABOVE	ADAPTIVE_VALUE|MID_PIVOT	VOLKITT|WAYNE
reclaim_given_break	RG2_JPN225_PERIOD_M5_1770595200_1771027200_1322744797593697910	10593769397245359976	5837851829057080219	JPN225	VERIFICATION_A	True	\N	1	-1	0.02824859	0.00564972	0.01176471	9.52542373	22.84293785	2	2	1	1	6	4	1	11	1	11	1.26467048	1.26527603	1.7683375	0.00086508	-57.72426131	0.0	-55.10889831	0.0	\N	-6.62711864	-4.05084746	-10.23728814	0.18644068	95	34	13	13	0	41.29708098	1.26467048	57.72426131	1.76773195	-16.42718034	-0.50306146	0.0	0.0	0.0	0.0	0.0	2	48	0.7071067811865476	0.7071067811865476	JPN225	ABOVE	ABOVE	DAILY_EXTREME|PIVOT	DAY_SWINGS|WAYNE
reclaim_given_break	RG2_JPN225_PERIOD_M5_1770595200_1771027200_1322744797593697910	16359914076943469908	18181738097181910079	JPN225	VERIFICATION_A	True	\N	1	-1	0.08464534	0.01692907	1.0	5.14643643	27.12713729	2	2	1	1	1	0	0	12	0	12	1.38050938	1.38230523	1.87960347	0.0025655	-61.95583913	0.0	-59.34357542	0.0	\N	-10.91924835	-8.34603013	-14.52513966	0.18621974	95	34	13	13	0	45.54812558	1.38050938	61.95583913	1.87780762	-16.40771356	-0.49729824	0.0	0.0	0.0	0.0	0.0	2	40	0.7071067811865476	0.7071067811865476	JPN225	ABOVE	ABOVE	DAILY_EXTREME|MID_PIVOT	DAY_SWINGS|WAYNE
reclaim_given_break	RG2_JPN225_PERIOD_M5_1770595200_1771027200_1322744797593697910	6139022493183818677	7489288012800646636	JPN225	VERIFICATION_A	True	\N	1	-1	0.0	0.49743965	0.0488145	3.43818581	13.22896854	2	2	2	0	6	1716	0	5	0	5	1.37806745	1.39661371	2.02479541	0.0	-53.81073353	0.0	-51.88624726	0.0	53.58119971	-6.5544989	0.49743965	-10.87051939	0.11704462	96	29	16	16	0	36.96191986	1.37806745	53.81073353	2.00624915	-16.84881368	-0.6281817	0.0	0.0	0.0	0.0	0.0	2	302	0.8660254037844386	0.5000000000000001	JPN225	ABOVE	ABOVE	DAILY_EXTREME|TPO_PROFILE	DAY_SWINGS|VOLKITT
reclaim_given_break	RG2_JPN225_PERIOD_M5_1770595200_1771027200_1322744797593697910	15800073338222978307	14631161349949471441	JPN225	VERIFICATION_A	False	0	3	1	1.11557597	0.19198877	0.09090909	5.54981503	17.33639495	2	2	2	0	8	2142	1	10	1	10	1.27851178	1.23950052	1.73571692	0.04712879	-42.009228	0.0	-42.64989157	0.0	55.78326317	-1.09707871	5.35782625	-2.61512948	0.10205383	96	30	14	14	0	30.26339102	1.27851178	42.009228	1.77472818	-11.74583698	-0.4962164	0.0	0.0	0.0	0.0	0.0	2	137	-0.8660254037844385	-0.5000000000000004	JPN225	ABOVE	ABOVE	ADAPTIVE_VALUE|TPO_PROFILE	VOLKITT
reclaim_given_break	RG2_JPN225_PERIOD_M5_1770595200_1771027200_1322744797593697910	13532758058052747119	17754784157353015284	JPN225	VERIFICATION_A	True	\N	5	1	1.12969901	0.24738406	0.37037037	3.3994316	19.81526935	2	2	1	1	23	6724	1	11	1	11	1.35875042	1.32603114	1.73808149	0.04657254	-42.95389088	0.0	-45.5021961	0.0	57.94470999	-3.42333032	2.44154502	-4.39219739	0.10334582	96	32	14	14	0	32.95888415	1.35875042	42.95389088	1.77080076	-9.99500673	-0.41205034	0.0	0.0	0.0	0.0	0.0	2	203	-0.5000000000000004	0.8660254037844384	JPN225	ABOVE	ABOVE	ADAPTIVE_VALUE|MID_PIVOT	VOLKITT|WAYNE
reclaim_given_break	RG2_JPN225_PERIOD_M5_1770595200_1771027200_1322744797593697910	8300090328701769358	7408755758170419163	JPN225	VERIFICATION_A	True	\N	1	1	0.01428367	0.01428367	1.0	0.87701757	15.90487073	2	2	1	1	1	5	0	8	0	8	1.17233183	1.17160479	1.52059644	0.0004847	-44.83226635	0.0	-47.92636766	0.0	64.06941865	-0.02856735	5.08498786	-2.14255106	0.15712041	95	36	14	14	0	34.54774318	1.17233183	44.83226635	1.52132348	-10.28452317	-0.34899165	0.0	0.0	0.0	0.0	0.0	2	5	0.25881904510252074	0.9659258262890683	JPN225	ABOVE	ABOVE	DAILY_EXTREME|TPO_PROFILE	DAY_SWINGS|VOLKITT
reclaim_given_break	RG2_JPN225_PERIOD_M5_1770595200_1771027200_1322744797593697910	5447230403023395101	11458889409557903901	JPN225	VERIFICATION_A	False	0	4	-1	1.22599187	0.18785925	0.40540541	3.68919108	16.48534978	4	4	2	2	43	2706	2	10	2	10	1.31911626	1.34706303	1.58136423	0.04264245	-44.66153045	0.0	-47.69837376	0.0	62.88377962	-0.68694799	4.33197813	-2.7618113	0.08411608	95	38	13	13	0	37.92525352	1.31911626	44.66153045	1.55341746	-6.73627693	-0.2343012	0.0	0.0	0.0	0.0	0.0	4	31	0.25881904510252074	0.9659258262890683	JPN225	ABOVE	ABOVE	ADAPTIVE_VALUE|DAILY_EXTREME|MID_PIVOT|SENTINEL	DAY_SWINGS|VOLKITT|WAYNE
reclaim_given_break	RG2_JPN225_PERIOD_M5_1770595200_1771027200_1322744797593697910	11666579922459778074	8681396279397630385	JPN225	VERIFICATION_A	True	\N	1	-1	0.10473398	0.01396453	1.0	0.13266304	0.53065214	2	2	1	1	2	1	0	0	0	0	1.21595762	1.21820312	1.66948708	0.00354553	-49.24991968	0.06870854	-52.34359726	0.0	\N	-1.94106968	-0.51668761	-4.74794023	0.15360983	97	38	15	15	0	35.91909882	1.21595762	49.24991968	1.66724158	-13.33082086	-0.45128396	0.06743721	0.00235261	0.0	0.0	-2.79e-06	2	7	0.49999999999999994	0.8660254037844387	JPN225	ABOVE	ABOVE	DAILY_EXTREME|MID_PIVOT	DAY_SWINGS|WAYNE
reclaim_given_break	RG2_JPN225_PERIOD_M5_1770595200_1771027200_1322744797593697910	3812303400605454734	6481788791591157005	JPN225	VERIFICATION_A	False	1	1	-1	0.04205804	0.11215477	0.00679117	0.77106407	2.87606898	2	2	1	1	1	1	1	0	1	0	1.32146322	1.32600566	1.67028454	0.00143446	-48.83929576	0.0	-51.87613907	0.0	62.88377962	-4.8647133	0.15421281	-6.93957662	0.15421281	95	37	14	14	0	38.74509323	1.32146322	48.83929576	1.6657421	-10.09420254	-0.34427888	0.0	0.0	0.0	0.0	0.0	2	802	0.25881904510252074	0.9659258262890683	JPN225	ABOVE	ABOVE	DAILY_EXTREME|TPO_PROFILE	DAY_SWINGS|VOLKITT
reclaim_given_break	RG2_JPN225_PERIOD_M5_1770595200_1771027200_1322744797593697910	3812303400605454734	2806124557361198369	JPN225	VERIFICATION_A	False	1	2	-1	0.04179437	0.44580663	0.23529412	0.76623015	3.42713848	1	2	1	1	38	988	1	1	1	1	1.31239222	1.32843972	1.67099364	0.00143709	-48.13021382	0.0	-51.2165645	0.0	\N	-0.93340763	0.487601	-3.73363054	0.15324603	97	39	14	14	0	38.16783923	1.31239222	48.13021382	1.65494614	-9.96237459	-0.34255392	0.0	0.0	0.0	0.0	-0.00183116	2	94	0.49999999999999994	0.8660254037844387	JPN225	ABOVE	ABOVE	TPO_PROFILE	VOLKITT
reclaim_given_break	RG2_JPN225_PERIOD_M5_1770595200_1771027200_1322744797593697910	3812303400605454734	2335399496144167357	JPN225	VERIFICATION_A	False	0	3	1	0.04340906	0.02893937	0.13043478	0.79583273	3.55954276	1	2	1	1	40	1589	1	1	1	1	1.33011633	1.32843972	1.67099364	0.00143709	-50.52505785	0.0	-53.73064679	0.0	\N	-1.50484734	-0.02893937	-4.41325423	0.15916655	97	39	14	14	0	40.17779627	1.33011633	50.52505785	1.67267025	-10.34726159	-0.34255392	0.0	0.0	0.0	0.0	0.0	2	15	0.49999999999999994	0.8660254037844387	JPN225	ABOVE	ABOVE	TPO_PROFILE	VOLKITT
reclaim_given_break	RG2_JPN225_PERIOD_M5_1770595200_1771027200_1322744797593697910	3812303400605454734	10509559439891052182	JPN225	VERIFICATION_A	True	\N	5	1	0.04550971	0.06067961	0.05	0.83434466	3.73179612	1	2	1	1	47	3792	1	1	1	1	1.33107439	1.32843972	1.67099364	0.00143709	-53.00040577	0.0	-56.36111954	0.0	\N	-1.60800971	-0.06067961	-4.65716019	0.16686893	97	39	14	14	0	42.1524196	1.33107439	53.00040577	1.67362831	-10.84798617	-0.34255392	0.0	0.0	0.0	0.0	0.0	2	114	0.49999999999999994	0.8660254037844387	JPN225	ABOVE	ABOVE	TPO_PROFILE	VOLKITT
reclaim_given_break	RG2_JPN225_PERIOD_M5_1770595200_1771027200_1322744797593697910	1503595616258444256	9683100627646278988	JPN225	VERIFICATION_A	False	1	8	-1	0.04542582	0.27057987	0.3877551	4.55048191	19.27042187	2	2	0	2	242	25837	3	10	3	10	1.19801913	1.20689423	1.5169237	0.00137459	-49.83602518	0.0	-54.38971401	0.0	\N	2.81245062	4.8664876	0.9164165	0.12640228	97	40	14	14	0	39.59057513	1.19801913	49.83602518	1.5080486	-10.24545005	-0.31002947	0.0	0.0	0.0	0.0	0.0	2	23	0.8660254037844387	-0.4999999999999998	JPN225	ABOVE	ABOVE	MID_PIVOT|SENTINEL	VOLKITT|WAYNE
reclaim_given_break	RG2_JPN225_PERIOD_M5_1770595200_1771027200_1322744797593697910	1503595616258444256	14738808997695412268	JPN225	VERIFICATION_A	False	0	9	-1	0.04619958	0.30732766	0.10638298	4.62799293	19.59866624	2	2	0	2	244	26400	3	10	3	10	1.19706289	1.20689423	1.5169237	0.00137459	-50.65277251	0.0	-55.284027	0.0	\N	2.89249558	4.98152017	0.96416519	0.12855536	97	40	14	14	0	40.23280572	1.19706289	50.65277251	1.50709236	-10.41996679	-0.31002947	0.0	0.0	0.0	0.0	0.0	2	179	0.8660254037844387	-0.4999999999999998	JPN225	ABOVE	ABOVE	MID_PIVOT|SENTINEL	VOLKITT|WAYNE
reclaim_given_break	RG2_JPN225_PERIOD_M5_1770595200_1771027200_1322744797593697910	1503595616258444256	7916749123772449780	JPN225	VERIFICATION_A	False	0	11	-1	0.04787677	0.0020816	1.0	4.09658618	20.3101582	2	2	0	2	267	33582	3	10	3	10	1.20783654	1.20858465	1.5068381	0.00137652	-52.38334191	0.0	-57.60741049	0.0	79.26228143	2.76436303	4.19650291	0.19983347	0.13322231	98	40	14	14	0	42.00978351	1.20783654	52.38334191	1.50608999	-10.3735584	-0.29825345	0.0	0.0	0.0	0.0	0.0	2	4	0.49999999999999994	-0.8660254037844387	JPN225	ABOVE	ABOVE	MID_PIVOT|SENTINEL	VOLKITT|WAYNE
reclaim_given_break	RG2_JPN225_PERIOD_M5_1770595200_1771027200_1322744797593697910	18166295236728245121	3968319503175131824	JPN225	VERIFICATION_A	False	0	1	-1	1.58395218	0.06973374	1.0	2.13186017	0.73990219	2	2	2	0	1	135	0	1	0	1	0.97031704	1.00030126	1.47862329	0.04047262	-56.69449861	0.48032395	-63.38208658	0.0	86.21083137	1.48523818	3.83988408	-0.27168991	0.12678863	98	38	14	14	0	37.97470265	0.97031704	56.69449861	1.44863907	-18.71979596	-0.47832203	0.47721226	0.01247594	9.68793642	0.25327528	0.01639347	2	504	1.2246467991473532e-16	-1.0	JPN225	ABOVE	ABOVE	ADAPTIVE_VALUE|TPO_PROFILE	VOLKITT
reclaim_given_break	RG2_JPN225_PERIOD_M5_1770595200_1771027200_1322744797593697910	12873303416871967345	17166030912652814161	JPN225	VERIFICATION_A	False	1	14	-1	0.04155825	0.14635733	1.0	4.39433362	17.62973403	2	2	0	2	462	58920	6	10	6	10	1.20975727	1.21518499	1.39757399	0.00134959	-42.86857428	0.0	-49.86014744	0.0	66.10219717	2.61636311	4.14859786	0.43365134	0.11564036	97	41	12	12	0	37.25224158	1.20975727	42.86857428	1.39214628	-5.61633271	-0.18238901	0.0	0.0	0.0	0.0	0.0	2	2	-0.9659258262890683	-0.25881904510252063	JPN225	ABOVE	ABOVE	MID_PIVOT|SENTINEL	VOLKITT|WAYNE
reclaim_given_break	RG2_JPN225_PERIOD_M5_1770595200_1771027200_1322744797593697910	12873303416871967345	3833560669093823380	JPN225	VERIFICATION_A	False	1	15	-1	0.04071085	0.49738035	0.56923077	4.30472954	17.27024922	2	2	0	2	464	59306	6	10	6	10	1.19802167	1.21518499	1.39757399	0.00134959	-41.64044136	0.0	-48.48945058	0.0	64.75431889	2.91702067	4.41801189	0.7788162	0.11328236	97	41	12	12	0	36.13863031	1.19802167	41.64044136	1.38041068	-5.50181105	-0.18238901	0.0	0.0	0.0	0.0	0.0	2	13	-0.9659258262890683	-0.25881904510252063	JPN225	ABOVE	ABOVE	MID_PIVOT|SENTINEL	VOLKITT|WAYNE
reclaim_given_break	RG2_JPN225_PERIOD_M5_1770595200_1771027200_1322744797593697910	12873303416871967345	5004950653637895563	JPN225	VERIFICATION_A	False	0	17	-1	0.03932969	0.20690834	0.17021277	4.15868673	16.68433653	2	2	0	2	466	59705	6	10	6	10	1.20741015	1.21518499	1.39757399	0.00134959	-40.50134021	0.0	-47.11798906	0.0	62.55745554	2.54445964	3.99452804	0.47879617	0.10943912	97	41	12	12	0	35.1861843	1.20741015	40.50134021	1.38979916	-5.3151559	-0.18238901	0.0	0.0	0.0	0.0	0.0	2	22	-0.9659258262890683	-0.25881904510252063	JPN225	ABOVE	ABOVE	MID_PIVOT|SENTINEL	VOLKITT|WAYNE
reclaim_given_break	RG2_JPN225_PERIOD_M5_1770595200_1771027200_1322744797593697910	12873303416871967345	16791168358767214245	JPN225	VERIFICATION_A	False	1	20	-1	0.03841015	0.04175017	0.04444444	4.06145625	16.29425518	2	2	0	2	468	60522	6	10	6	10	1.21304324	1.21518499	1.39757399	0.00134959	-39.71473572	0.0	-46.17668671	0.0	61.09485638	2.3246493	3.74081496	0.30728123	0.10688043	97	41	12	12	0	34.52384866	1.21304324	39.71473572	1.39543225	-5.19088706	-0.18238901	0.0	0.0	0.0	0.0	0.0	2	23	-0.9659258262890683	-0.25881904510252063	JPN225	ABOVE	ABOVE	MID_PIVOT|SENTINEL	VOLKITT|WAYNE
reclaim_given_break	RG2_JPN225_PERIOD_M5_1770595200_1771027200_1322744797593697910	12873303416871967345	8181056596125368704	JPN225	VERIFICATION_A	False	0	21	-1	0.03793877	0.31835577	0.12252964	4.01161256	16.09428609	2	2	0	2	469	60600	6	10	6	10	1.20318534	1.21518499	1.39757399	0.00134959	-38.95022392	0.0	-45.33287147	0.0	60.34507786	2.57323832	3.97202428	0.58062813	0.07917656	97	41	12	12	0	33.82304133	1.20318534	38.95022392	1.38557434	-5.12718259	-0.18238901	0.0	0.0	0.0	0.0	0.0	2	42	-0.9659258262890683	-0.25881904510252063	JPN225	ABOVE	ABOVE	MID_PIVOT|SENTINEL	VOLKITT|WAYNE
reclaim_given_break	RG2_JPN225_PERIOD_M5_1770595200_1771027200_1322744797593697910	4390287990594276556	14417673473946254695	JPN225	VERIFICATION_A	True	\N	1	-1	0.11248594	0.01249844	1.0	0.56867892	0.46244219	2	2	1	1	1	4	0	1	0	1	0.55723376	0.55977504	1.41378159	0.00415846	-38.17390492	0.10913379	-46.2607799	0.0	\N	-0.46244219	0.93738283	-2.36220472	0.13748281	95	33	13	13	0	15.07311586	0.55723376	38.17390492	1.41124031	-23.10078906	-0.85400654	0.10727021	0.00411677	17.24878635	0.66196649	0.02815918	2	22	0.25881904510252074	0.9659258262890683	JPN225	ABOVE	ABOVE	DAILY_EXTREME|TPO_PROFILE	DAY_SWINGS|VOLKITT
reclaim_given_break	RG2_JPN225_PERIOD_M5_1770595200_1771027200_1322744797593697910	4538877794238711012	10369569804941120801	JPN225	VERIFICATION_A	False	1	1	1	0.01249844	0.199975	0.04470588	1.14360705	3.79952506	2	2	0	2	1	0	3	4	3	4	0.64011042	0.63254719	1.38329016	0.00045838	-37.92393616	0.10913379	-46.01081115	0.0	\N	-0.21247344	1.18735158	-2.11223597	0.34995626	95	35	12	12	0	17.45367767	0.64011042	37.92393616	1.3908534	-20.4702585	-0.75074297	0.10727021	0.00411677	17.24878635	0.66196649	0.02815918	2	690	0.25881904510252074	0.9659258262890683	JPN225	ABOVE	ABOVE	PIVOT|TPO_PROFILE	VOLKITT|WAYNE
reclaim_given_break	RG2_JPN225_PERIOD_M5_1770595200_1771027200_1322744797593697910	4538877794238711012	665420714917776889	JPN225	VERIFICATION_A	False	0	2	1	0.03896104	0.42857143	0.07284768	1.12987013	3.92207792	3	3	1	2	20	903	1	4	1	4	0.55451838	0.53869256	1.39065686	0.00138284	-39.62719653	0.0	-48.03019481	0.0	\N	-0.44155844	1.01298701	-2.41558442	0.14285714	95	33	13	13	0	15.62337662	0.55451838	39.62719653	1.40648269	-24.0038199	-0.85196431	0.0	0.0	0.0	0.0	-0.00011905	3	925	0.25881904510252074	0.9659258262890683	JPN225	ABOVE	ABOVE	DAILY_EXTREME|PIVOT|TPO_PROFILE	DAY_SWINGS|VOLKITT|WAYNE
reclaim_given_break	RG2_JPN225_PERIOD_M5_1770595200_1771027200_1322744797593697910	4538877794238711012	1311985720586365926	JPN225	VERIFICATION_A	False	0	4	1	0.01313543	0.18389597	0.68	1.14278208	3.99316958	2	2	0	2	46	2612	1	5	1	5	0.54574687	0.53906332	1.39100651	0.00046093	-39.83047593	0.0	-48.32950217	0.0	\N	-0.19703139	1.27413635	-2.19361618	0.14448969	95	34	13	13	0	15.55234467	0.54574687	39.83047593	1.39769007	-24.27813126	-0.85194319	0.0	0.0	0.0	0.0	0.0	2	32	0.25881904510252074	0.9659258262890683	JPN225	ABOVE	ABOVE	PIVOT|TPO_PROFILE	VOLKITT|WAYNE
reclaim_given_break	RG2_JPN225_PERIOD_M5_1770595200_1771027200_1322744797593697910	4352785732247640756	6401392411119128338	JPN225	VERIFICATION_A	True	\N	2	1	0.02628812	0.23659306	0.12	1.97160883	1.99789695	2	2	1	1	5	26	1	2	1	2	0.37071555	0.36181334	1.34296592	0.00093707	-37.92447598	0.0	-46.4290878	0.0	\N	1.73501577	3.20715037	-0.26288118	0.14458465	95	32	14	14	0	10.39982584	0.37071555	37.92447598	1.35186813	-27.52465014	-0.98115258	0.0	0.0	0.0	0.0	0.0	2	115	0.25881904510252074	0.9659258262890683	JPN225	MEDIAN_CORE	MEDIAN_CORE	DAILY_EXTREME|TPO_PROFILE	DAY_SWINGS|VOLKITT
reclaim_given_break	RG2_JPN225_PERIOD_M5_1770595200_1771027200_1322744797593697910	1571953301980147106	9217058370841702088	JPN225	VERIFICATION_A	True	\N	2	1	0.04600421	0.39432177	0.2	2.49737119	1.45241851	2	2	1	1	3	19	2	1	2	1	0.35794676	0.34305613	1.3251697	0.00164149	-37.55644233	0.0	-46.06105415	0.0	\N	2.10304942	3.57518402	0.10515247	0.14458465	95	32	14	14	0	10.03179219	0.35794676	37.55644233	1.34006033	-27.52465014	-0.98211357	0.0	0.0	0.0	0.0	0.0	2	78	0.25881904510252074	0.9659258262890683	JPN225	MEDIAN_CORE	MEDIAN_CORE	DAILY_EXTREME|MID_PIVOT	DAY_SWINGS|WAYNE
reclaim_given_break	RG2_JPN225_PERIOD_M5_1770595200_1771027200_1322744797593697910	16963636314725961475	5910491624514947558	JPN225	VERIFICATION_A	False	1	3	-1	0.09149131	0.23526336	0.05210918	1.8951771	1.98666841	1	2	1	1	32	200	2	2	2	2	0.47740801	0.48768256	1.36671782	0.0033452	-37.09874536	0.11592112	-45.67148085	0.0	\N	2.22193177	3.68579271	0.32675467	0.07842112	98	33	15	15	0	13.05711672	0.47740801	37.09874536	1.35644328	-24.04162864	-0.87903527	0.1165763	0.00408809	0.0	0.0	-0.03630585	2	135	0.49999999999999994	0.8660254037844387	JPN225	MEDIAN_CORE	MEDIAN_CORE	TPO_PROFILE	VOLKITT
reclaim_given_break	RG2_JPN225_PERIOD_M5_1770595200_1771027200_1322744797593697910	16963636314725961475	12624397662589215100	JPN225	VERIFICATION_A	False	1	4	-1	0.09109839	0.4945341	0.625	1.887038	1.97813639	1	2	1	1	34	605	2	2	2	2	0.46785029	0.48768256	1.36671782	0.0033452	-36.67913857	0.0	-45.21505726	0.0	\N	2.47267048	3.93024466	0.58563248	0.14315461	98	33	15	15	0	12.74076002	0.46785029	36.67913857	1.34688556	-23.93837855	-0.87903527	0.0	0.0	0.0	0.0	0.0	2	23	0.49999999999999994	0.8660254037844387	JPN225	MEDIAN_CORE	MEDIAN_CORE	TPO_PROFILE	VOLKITT
reclaim_given_break	RG2_JPN225_PERIOD_M5_1770595200_1771027200_1322744797593697910	14356281726756465620	6240952879563343304	JPN225	VERIFICATION_A	False	1	2	1	1.12403607	0.3006143	0.00780985	1.98666841	2.52908117	3	5	1	4	124	3705	2	2	2	2	0.42436267	0.39345939	1.27249465	0.04109819	-35.64795461	0.11592112	-44.22069011	0.0	\N	3.67272252	5.13658345	1.77754542	0.14377206	98	33	15	15	0	11.60632597	0.42436267	35.64795461	1.30339794	-24.04162864	-0.87903527	0.1165763	0.00408809	0.0	0.0	-0.03630585	5	1279	0.49999999999999994	0.8660254037844387	JPN225	MEDIAN_CORE	MEDIAN_CORE	DAILY_EXTREME|PIVOT|TPO_PROFILE	DAY_SWINGS|VOLKITT|WAYNE
reclaim_given_break	RG2_JPN225_PERIOD_M5_1770595200_1771027200_1322744797593697910	16963636314725961475	1268475596684630359	JPN225	VERIFICATION_A	False	0	5	-1	0.08969759	0.44848795	0.17142857	1.85802153	1.94771912	1	2	1	1	81	2005	2	2	2	2	0.4693734	0.48777551	1.36697832	0.00334584	-36.15357519	0.0	-44.55823936	0.0	\N	2.39620707	3.83136853	0.53818555	0.07688365	98	34	15	15	0	12.58329062	0.4693734	36.15357519	1.34857621	-23.57028457	-0.87920281	0.0	0.0	0.0	0.0	0.0	2	179	0.49999999999999994	0.8660254037844387	JPN225	MEDIAN_CORE	MEDIAN_CORE	TPO_PROFILE	VOLKITT
reclaim_given_break	RG2_JPN225_PERIOD_M5_1770595200_1771027200_1322744797593697910	16963636314725961475	5741676031766225411	JPN225	VERIFICATION_A	False	0	7	-1	0.09329601	0.013328	1.0	1.93256031	2.02585632	1	2	1	1	84	2775	2	2	2	2	0.48562461	0.48777551	1.36697832	0.00334584	-38.05711059	0.0	-46.79894709	0.0	\N	2.03918433	3.53192057	0.10662402	0.07996801	98	34	15	15	0	13.54125017	0.48562461	38.05711059	1.36482743	-24.51586042	-0.87920281	0.0	0.0	0.0	0.0	0.0	2	13	0.49999999999999994	0.8660254037844387	JPN225	MEDIAN_CORE	MEDIAN_CORE	TPO_PROFILE	VOLKITT
reclaim_given_break	RG2_JPN225_PERIOD_M5_1770595200_1771027200_1322744797593697910	14356281726756465620	11708157597148153947	JPN225	VERIFICATION_A	True	\N	8	1	1.23120974	0.22906228	0.032	4.35218325	2.7702219	3	4	0	4	185	9038	6	3	6	3	0.5155595	0.4842267	1.24257248	0.04062243	-38.61030571	0.0	-48.33679313	0.0	\N	4.12312097	5.72655691	1.94702935	0.11453114	98	37	14	14	0	15.62589477	0.5155595	38.61030571	1.27390529	-22.98441094	-0.75834579	0.0	0.0	0.0	0.0	0.0	4	422	0.7071067811865476	0.7071067811865476	JPN225	ABOVE	MEDIAN_CORE	DAILY_EXTREME|PIVOT|TPO_PROFILE	DAY_SWINGS|VOLKITT|WAYNE
reclaim_given_break	RG2_JPN225_PERIOD_M5_1770595200_1771027200_1322744797593697910	5022832433357836857	5284589977000200059	JPN225	VERIFICATION_A	True	\N	2	1	0.05809731	0.29048656	0.04109589	6.60856935	1.80827887	2	2	1	1	2	24	9	1	9	1	0.44722948	0.43681194	1.19703777	0.0018941	-37.03601822	0.0	-46.90377633	0.0	\N	6.31808279	7.94480755	4.11038489	0.11619463	97	38	14	14	0	13.71777415	0.44722948	37.03601822	1.20745531	-23.31824407	-0.76022583	0.0	0.0	-3.04453566	-0.09941573	0.01579875	2	206	0.7071067811865476	0.7071067811865476	JPN225	MEDIAN_CORE	MEDIAN_CORE	DAILY_EXTREME|TPO_PROFILE	DAY_SWINGS|VOLKITT
reclaim_given_break	RG2_JPN225_PERIOD_M5_1770595200_1771027200_1322744797593697910	9052720932091065450	7102886597047467681	JPN225	VERIFICATION_A	False	1	3	-1	0.08903398	0.22258495	0.01570681	5.75753079	2.81198991	2	2	1	1	1	150	8	3	8	3	0.45885347	0.46736417	1.21554169	0.0028369	-37.88179062	0.34242446	-48.30575753	0.0	\N	6.06914973	7.73111738	3.8136222	0.11871198	97	38	14	14	0	14.40078276	0.45885347	37.88179062	1.20703099	-23.48100786	-0.74817752	0.34125975	0.01072918	3.11252218	0.09785743	-0.0167773	2	393	0.8660254037844386	0.5000000000000001	JPN225	MEDIAN_CORE	MEDIAN_CORE	PIVOT|TPO_PROFILE	VOLKITT|WAYNE
reclaim_given_break	RG2_JPN225_PERIOD_M5_1770595200_1771027200_1322744797593697910	9052720932091065450	10419663441738860482	JPN225	VERIFICATION_A	False	1	4	-1	0.08831322	0.17662644	0.2238806	5.7109214	2.78922579	2	2	1	1	3	600	8	3	8	3	0.46027192	0.46736417	1.21554169	0.0028369	-37.6192798	0.0	-47.95886076	0.0	\N	5.97586105	7.62437445	3.73859288	0.11775096	97	38	14	14	0	14.32835958	0.46027192	37.6192798	1.20844944	-23.29092022	-0.74817752	0.0	0.0	0.0	0.0	0.0	2	39	0.8660254037844386	0.5000000000000001	JPN225	MEDIAN_CORE	MEDIAN_CORE	PIVOT|TPO_PROFILE	VOLKITT|WAYNE
reclaim_given_break	RG2_JPN225_PERIOD_M5_1770595200_1771027200_1322744797593697910	3797577723859091293	4517932736052408210	JPN225	VERIFICATION_A	False	0	1	1	0.01017035	0.00508518	0.02222222	5.00889906	3.88253242	2	2	1	1	1	0	6	5	6	5	0.49644281	0.49612805	1.22698295	0.00031476	-39.65558589	0.2481155	-50.89740656	0.0	\N	5.00381388	6.71243326	2.6849733	0.12204424	97	38	14	14	0	16.0407132	0.49644281	39.65558589	1.22729771	-23.61487269	-0.7308549	0.24841868	0.0075629	3.21473576	0.09786999	-0.01522225	2	21	1.0	6.123233995736766e-17	JPN225	MEDIAN_CORE	MEDIAN_CORE	PIVOT|TPO_PROFILE	VOLKITT|WAYNE
reclaim_given_break	RG2_JPN225_PERIOD_M5_1770595200_1771027200_1322744797593697910	3797577723859091293	5135455154004027333	JPN225	VERIFICATION_A	False	0	3	1	0.01008115	0.02016231	0.00327869	4.96496799	3.84848027	2	2	1	1	5	1279	6	5	6	5	0.49691496	0.49612805	1.22698295	0.00031476	-39.3229042	0.0	-50.46612732	0.0	\N	4.94480569	6.63843944	2.64630274	0.12097384	97	38	14	14	0	15.91514819	0.49691496	39.3229042	1.22776986	-23.40775601	-0.7308549	0.0	0.0	0.0	0.0	0.0	2	880	1.0	6.123233995736766e-17	JPN225	MEDIAN_CORE	MEDIAN_CORE	PIVOT|TPO_PROFILE	VOLKITT|WAYNE
reclaim_given_break	RG2_JPN225_PERIOD_M5_1770595200_1771027200_1322744797593697910	3797577723859091293	5805105145773642046	JPN225	VERIFICATION_A	False	1	5	1	0.01003714	0.02007427	0.00083333	4.94329017	3.83167721	2	2	1	1	10	2872	6	5	6	5	0.49691496	0.49612805	1.22698295	0.00031476	-39.15121432	0.0	-50.2457844	0.0	\N	4.9232159	6.60945498	2.63474857	0.12044565	97	38	14	14	0	15.84566019	0.49691496	39.15121432	1.22776986	-23.30555412	-0.7308549	0.0	0.0	0.0	0.0	0.0	2	1775	1.0	6.123233995736766e-17	JPN225	MEDIAN_CORE	MEDIAN_CORE	PIVOT|TPO_PROFILE	VOLKITT|WAYNE
reclaim_given_break	RG2_JPN225_PERIOD_M5_1770595200_1771027200_1322744797593697910	3797577723859091293	3737118221788908313	JPN225	VERIFICATION_A	False	1	7	1	0.07980448	0.23941344	0.08080808	4.83315876	1.9402464	2	2	1	1	17	5023	6	1	6	1	0.41483071	0.40584752	1.24461229	0.00256662	-38.97824868	0.0	-50.23679485	0.0	\N	4.59374532	6.26963938	2.31931767	0.11970672	97	36	15	15	0	12.89839892	0.41483071	38.97824868	1.25359548	-26.07984976	-0.83876477	0.0	0.0	0.0	0.0	0.0	2	170	0.9659258262890683	-0.25881904510252063	JPN225	MEDIAN_CORE	MEDIAN_CORE	PIVOT|TPO_PROFILE	VOLKITT|WAYNE
reclaim_given_break	RG2_JPN225_PERIOD_M5_1770595200_1771027200_1322744797593697910	3797577723859091293	12668552697798228485	JPN225	VERIFICATION_A	False	1	8	1	0.07970906	0.04483635	0.08571429	4.82738006	1.93792657	2	2	1	1	19	5400	6	1	6	1	0.40857456	0.40584752	1.24461229	0.00256662	-38.73735405	0.0	-49.9824391	0.0	\N	4.78254372	6.45643402	2.51083545	0.11956359	97	36	15	15	0	12.6886863	0.40857456	38.73735405	1.24733933	-26.04866776	-0.83876477	0.0	0.0	0.0	0.0	0.0	2	27	0.9659258262890683	-0.25881904510252063	JPN225	MEDIAN_CORE	MEDIAN_CORE	PIVOT|TPO_PROFILE	VOLKITT|WAYNE
reclaim_given_break	RG2_JPN225_PERIOD_M5_1770595200_1771027200_1322744797593697910	3797577723859091293	13594636225739616713	JPN225	VERIFICATION_A	False	1	9	1	0.07966144	0.1493652	0.08474576	4.82449589	1.93676873	2	2	1	1	20	5701	6	1	6	1	0.41194326	0.40584752	1.24461229	0.00256662	-38.81876564	0.0	-50.05713219	0.0	\N	4.67513069	6.34802091	2.40477969	0.11949216	97	36	15	15	0	12.78566094	0.41194326	38.81876564	1.25070803	-26.0331047	-0.83876477	0.0	0.0	0.0	0.0	0.0	2	98	0.9659258262890683	-0.25881904510252063	JPN225	MEDIAN_CORE	MEDIAN_CORE	PIVOT|TPO_PROFILE	VOLKITT|WAYNE
reclaim_given_break	RG2_JPN225_PERIOD_M5_1770595200_1771027200_1322744797593697910	7679375144213489427	286252093036097016	JPN225	VERIFICATION_A	True	\N	1	1	0.11522065	0.0172831	1.0	0.5876253	5.15612398	2	2	1	1	1	1	0	2	0	2	0.27087168	0.26880323	0.90128009	0.00318222	-32.70809653	0.0	-49.29701002	0.0	\N	14.03387487	15.96958175	11.40684411	0.13826478	97	37	14	14	0	9.80761753	0.27087168	32.70809653	0.90334853	-22.900479	-0.63247686	0.0	0.0	0.0	0.0	0.0	2	2	-0.9659258262890683	-0.25881904510252063	JPN225	MEDIAN_CORE	MEDIAN_CORE	DAILY_EXTREME|PIVOT	DAY_SWINGS|WAYNE
reclaim_given_break	RG2_JPN225_PERIOD_M5_1770595200_1771027200_1322744797593697910	10339055799632494281	9429064695739615737	JPN225	VERIFICATION_A	False	0	15	1	3.38645418	0.33777932	0.0204878	10.1073965	5.87216352	4	5	1	4	566	57185	12	3	12	3	0.47759728	0.41551982	0.94477965	0.0910097	-37.46496614	0.0	-53.70388013	0.0	\N	9.76961718	11.70968301	7.13667071	0.1039321	97	39	13	13	0	17.77130608	0.47759728	37.46496614	1.00685711	-19.69366006	-0.52925983	0.0	0.0	0.0	0.0	0.0	5	2861	-0.8660254037844385	-0.5000000000000004	JPN225	MEDIAN_CORE	MEDIAN_CORE	DAILY_EXTREME|MID_PIVOT|PIVOT|PIVOT_ZONE	DAY_SWINGS|WAYNE
reclaim_given_break	RG2_JPN225_PERIOD_M5_1770595200_1771027200_1322744797593697910	15178580831159580749	11748330951208104975	JPN225	VERIFICATION_A	True	\N	2	1	0.83587848	0.19289503	0.08108108	5.44928468	4.09098216	2	3	1	2	768	62101	3	0	3	0	0.2248992	0.20290208	0.7053851	0.02416584	-25.15960694	0.0	-41.12401543	0.0	\N	17.7784922	19.57884584	15.33515512	0.1125221	97	39	13	13	0	7.779095	0.2248992	25.15960694	0.72738222	-17.38051194	-0.50248302	0.0	0.0	0.0	0.0	0.0002261	3	100	-1.0	-1.8369701987210297e-16	JPN225	MEDIAN_CORE	MEDIAN_CORE	DAILY_EXTREME|PIVOT	DAY_SWINGS|WAYNE
reclaim_given_break	RG2_JPN225_PERIOD_M5_1770595200_1771027200_1322744797593697910	263563285404430950	5804433679994238819	JPN225	VERIFICATION_A	True	\N	1	1	0.11998255	0.0109075	0.625	4.12303665	2.79777487	2	2	1	1	2	3	6	1	6	1	0.10784184	0.10465452	0.65398652	0.00539393	-14.61816853	0.17161522	-27.35956588	0.0	\N	12.60907504	13.83071553	10.95113438	0.22905759	92	34	10	10	0	2.3988329	0.10784184	14.61816853	0.65717385	-12.21933563	-0.549332	0.17248063	0.00744671	14.97289714	0.64644222	-0.03541122	2	21	0.25881904510252074	0.9659258262890683	JPN225	MEDIAN_CORE	MEDIAN_CORE	DAILY_EXTREME|PIVOT	DAY_SWINGS|WAYNE
reclaim_given_break	RG2_JPN225_PERIOD_M5_1770595200_1771027200_1322744797593697910	12883244721186326992	11898868095916501875	JPN225	VERIFICATION_A	True	\N	1	-1	0.11200053	0.0098824	1.0	1.08376981	3.6589584	2	2	1	1	1	0	1	5	1	5	-0.0036303	0.0	0.86507425	0.00617151	-15.63346872	0.13087252	-27.40636427	-0.09808281	\N	8.9040419	10.01087064	7.40191719	0.0592944	96	35	11	11	0	-0.06588266	-0.0036303	15.63346872	0.86144394	-15.69935139	-0.86507425	0.1340248	0.00635145	1.44498701	0.06847812	-0.08169001	2	9	0.49999999999999994	0.8660254037844387	JPN225	MEDIAN_CORE	MEDIAN_CORE	DAILY_EXTREME|PIVOT	DAY_SWINGS|WAYNE
reclaim_given_break	RG2_JPN225_PERIOD_M5_1770595200_1771027200_1322744797593697910	356560854361134829	10167218593058405954	JPN225	VERIFICATION_A	True	\N	1	1	0.01894478	0.00947239	1.0	0.09946007	0.44993843	2	2	1	1	4	2	0	0	0	0	-0.03832125	-0.0394129	0.60419803	0.00109164	-10.50441129	0.0	-21.78886047	0.0	\N	13.0150611	14.07596855	11.57525812	0.10419627	96	35	11	11	0	-0.66504057	-0.03832125	10.50441129	0.60528968	-11.16945187	-0.64361093	0.0	0.0	0.0	0.0	0.0	2	37	0.49999999999999994	0.8660254037844387	JPN225	MEDIAN_CORE	MEDIAN_CORE	DAILY_EXTREME|MID_PIVOT	DAY_SWINGS|WAYNE
reclaim_given_break	RG2_JPN225_PERIOD_M5_1770595200_1771027200_1322744797593697910	7221753206059871258	7301179769499796571	JPN225	VERIFICATION_A	False	1	2	1	0.90053507	0.23170266	0.65	4.6937703	0.57328492	2	3	3	0	163	2655	7	1	7	1	-0.13291091	-0.16298758	0.61367286	0.04905078	-11.81875311	0.0	-23.20131856	0.0	\N	11.90521689	12.97534875	10.45289509	0.10510224	96	37	10	10	0	-2.44014348	-0.13291091	11.81875311	0.64374953	-14.25889659	-0.77666044	0.0	0.0	0.0	0.0	0.0	3	202	0.49999999999999994	0.8660254037844387	JPN225	MEDIAN_CORE	MEDIAN_CORE	ADAPTIVE_VALUE|TPO_PROFILE	VOLKITT
reclaim_given_break	RG2_JPN225_PERIOD_M5_1770595200_1771027200_1322744797593697910	15812930061893753714	10367103960492358873	JPN225	VERIFICATION_A	False	0	1	-1	0.04458094	0.00990688	1.0	1.92688726	4.42341985	2	2	1	1	1	0	3	5	3	5	-0.00157475	0.0	0.70809948	0.00218042	-14.44561591	0.20763978	-26.70150585	0.0	\N	9.69883099	10.80840103	8.19298593	0.06934813	95	34	11	11	0	-0.03219734	-0.00157475	14.44561591	0.70652473	-14.47781325	-0.70809948	0.20631124	0.01018773	3.126415	0.15438356	0.00316713	2	18	0.8660254037844386	0.5000000000000001	JPN225	MEDIAN_CORE	MEDIAN_CORE	MID_PIVOT|TPO_PROFILE	VOLKITT|WAYNE
reclaim_given_break	RG2_JPN225_PERIOD_M5_1770595200_1771027200_1322744797593697910	17369709992315029213	3820666555148607794	JPN225	VERIFICATION_A	False	0	1	1	0.07865169	0.49438202	0.09205021	4.29213483	2.88202247	2	2	1	1	6	1587	7	1	7	1	0.1182031	0.09566751	0.57923631	0.00332103	-14.25169982	0.0	-28.73314607	0.0	\N	12.5505618	13.80898876	10.84269663	0.08988764	95	36	10	10	0	2.79939139	0.1182031	14.25169982	0.6017719	-11.45230844	-0.4835688	0.0	0.0	0.0	0.0	0.0	2	190	0.9659258262890683	-0.25881904510252063	JPN225	MEDIAN_CORE	MEDIAN_CORE	PIVOT|TPO_PROFILE	VOLKITT|WAYNE
reclaim_given_break	RG2_JPN225_PERIOD_M5_1770595200_1771027200_1322744797593697910	17369709992315029213	7532328753788362621	JPN225	VERIFICATION_A	False	1	3	1	0.07775186	0.04442963	0.38461538	4.2430301	2.84905032	2	2	1	1	9	2980	7	1	7	1	0.09922576	0.09566751	0.57923631	0.00332103	-13.64435504	0.0	-27.9601244	0.0	\N	12.8512718	14.09530157	11.16294568	0.08885927	95	36	10	10	0	2.32306824	0.09922576	13.64435504	0.58279456	-11.3212868	-0.4835688	0.0	0.0	0.0	0.0	0.0	2	21	0.9659258262890683	-0.25881904510252063	JPN225	MEDIAN_CORE	MEDIAN_CORE	PIVOT|TPO_PROFILE	VOLKITT|WAYNE
reclaim_given_break	RG2_JPN225_PERIOD_M5_1770595200_1771027200_1322744797593697910	17369709992315029213	7445160308707209072	JPN225	VERIFICATION_A	False	1	4	1	0.01101564	0.37453184	0.00996483	4.27406918	2.82551223	2	2	1	1	13	3900	7	1	7	1	0.21695796	0.1997427	0.59847684	0.00049899	-13.59186414	0.0	-25.06333994	0.0	\N	12.48072263	13.71447455	10.80634501	0.0771095	95	34	11	11	0	4.78950944	0.21695796	13.59186414	0.61569209	-8.8023547	-0.39873413	0.0	0.0	0.0	0.0	0.0	2	1530	0.8660254037844387	-0.4999999999999998	JPN225	MEDIAN_CORE	MEDIAN_CORE	PIVOT|TPO_PROFILE	VOLKITT|WAYNE
reclaim_given_break	RG2_JPN225_PERIOD_M5_1770595200_1771027200_1322744797593697910	17369709992315029213	4116072458491636775	JPN225	VERIFICATION_A	False	1	5	1	0.01088495	0.18504408	0.05882353	4.22335909	2.79198868	2	2	1	1	20	6000	7	1	7	1	0.20847508	0.1997427	0.59847684	0.00049899	-13.24555814	0.0	-24.58092957	0.0	\N	12.51768804	13.736802	10.86317623	0.06530968	95	34	11	11	0	4.54763978	0.20847508	13.24555814	0.60720921	-8.69791836	-0.39873413	0.0	0.0	0.0	0.0	0.0	2	158	0.8660254037844387	-0.4999999999999998	JPN225	MEDIAN_CORE	MEDIAN_CORE	PIVOT|TPO_PROFILE	VOLKITT|WAYNE
reclaim_given_break	RG2_JPN225_PERIOD_M5_1770595200_1771027200_1322744797593697910	17369709992315029213	15358302898459518454	JPN225	VERIFICATION_A	False	1	6	1	0.01085776	0.17372421	0.0017116	4.21281216	2.78501629	2	2	1	1	21	6300	7	1	7	1	0.20797609	0.1997427	0.59847684	0.00049899	-13.20162244	0.0	-24.50868621	0.0	\N	12.49728556	13.71335505	10.84690554	0.08686211	95	34	11	11	0	4.52542526	0.20797609	13.20162244	0.60671022	-8.67619717	-0.39873413	0.0	0.0	0.0	0.0	0.0	2	5678	0.8660254037844387	-0.4999999999999998	JPN225	MEDIAN_CORE	MEDIAN_CORE	PIVOT|TPO_PROFILE	VOLKITT|WAYNE
reclaim_given_break	RG2_JPN225_PERIOD_M5_1770595200_1771027200_1322744797593697910	10443099460016977928	2696363213636410235	JPN225	VERIFICATION_A	False	0	1	-1	0.05131589	0.46550839	0.00512332	0.39586541	3.81936808	2	2	1	1	14	3942	0	5	0	5	0.26067668	0.28370378	0.77669346	0.00240582	-16.07564625	0.0	-27.99923026	0.0	\N	9.47877722	10.71035848	7.8073455	0.07697383	96	33	12	12	0	5.56021369	0.26067668	16.07564625	0.75366636	-10.51543255	-0.49298969	0.0	0.0	0.0	0.0	0.0	2	2443	0.49999999999999994	-0.8660254037844387	JPN225	MEDIAN_CORE	MEDIAN_CORE	PIVOT|TPO_PROFILE	VOLKITT|WAYNE
reclaim_given_break	RG2_JPN225_PERIOD_M5_1770595200_1771027200_1322744797593697910	10443099460016977928	2246617111070875221	JPN225	VERIFICATION_A	False	0	3	-1	0.05681357	0.02840679	0.00402685	0.43827611	4.13115819	2	2	1	1	41	7290	0	5	0	5	0.1744741	0.17685832	0.75817059	0.00238422	-18.00960109	0.2752695	-16.7491478	14.73672997	\N	10.0073046	11.37083029	8.15680545	0.09739469	96	33	11	11	0	4.15753591	0.1744741	18.00960109	0.75578636	-13.85206517	-0.58131226	0.27360402	0.01165651	2.47030292	0.10524374	0.00901573	2	248	0.258819045102521	-0.9659258262890682	JPN225	MEDIAN_CORE	MEDIAN_CORE	PIVOT|TPO_PROFILE	VOLKITT|WAYNE
reclaim_given_break	RG2_JPN225_PERIOD_M5_1770595200_1771027200_1322744797593697910	10183577705022380249	4135014834576233091	JPN225	VERIFICATION_A	False	0	2	1	0.79369251	0.29434954	0.11442786	1.12220762	6.56636005	2	2	1	1	1	208	2	7	2	7	0.02455077	0.0	0.67705849	0.02987643	-18.63884079	0.18978935	-13.19448095	4.62122208	\N	11.06438896	12.53613666	9.06701708	0.10512484	96	35	11	11	0	0.652212	0.02455077	18.63884079	0.70160926	-17.98662879	-0.67705849	0.18889576	0.0071762	3.55567181	0.135081	0.00448207	2	193	-0.4999999999999997	-0.8660254037844388	JPN225	MEDIAN_CORE	MEDIAN_CORE	ADAPTIVE_VALUE|PIVOT	VOLKITT|WAYNE
reclaim_given_break	RG2_JPN225_PERIOD_M5_1770595200_1771027200_1322744797593697910	10183577705022380249	14794298836350960833	JPN225	VERIFICATION_A	False	1	4	1	0.81709957	0.01893939	0.16666667	1.15530303	6.76001082	2	2	1	1	8	2500	2	7	2	7	0.01416327	0.0	0.67705849	0.02987643	-18.90443431	0.0	-13.29951299	0.0	\N	11.67478355	13.18993506	9.61850649	0.10822511	96	35	11	11	0	0.3873557	0.01416327	18.90443431	0.69122176	-18.51707861	-0.67705849	0.0	0.0	0.0	0.0	0.0	2	288	-0.4999999999999997	-0.8660254037844388	JPN225	MEDIAN_CORE	MEDIAN_CORE	ADAPTIVE_VALUE|PIVOT	VOLKITT|WAYNE
reclaim_given_break	RG2_JPN225_PERIOD_M5_1770595200_1771027200_1322744797593697910	10183577705022380249	16163576688174686774	JPN225	VERIFICATION_A	False	0	5	1	0.80084858	0.00530363	0.00234192	1.13232564	2.76054097	2	2	1	1	13	3900	2	3	2	3	0.07742524	0.06316812	0.69700078	0.03116271	-18.27857185	0.0	-13.0217449	0.0	\N	11.45584726	12.94086449	9.44046672	0.10607266	96	33	12	12	0	1.98974631	0.07742524	18.27857185	0.71125789	-16.28882554	-0.63383266	0.0	0.0	0.0	0.0	0.0	2	297	-0.7071067811865471	-0.7071067811865479	JPN225	MEDIAN_CORE	MEDIAN_CORE	ADAPTIVE_VALUE|PIVOT	VOLKITT|WAYNE
reclaim_given_break	RG2_JPN225_PERIOD_M5_1770595200_1771027200_1322744797593697910	10183577705022380249	18200907211334595096	JPN225	VERIFICATION_A	False	1	8	1	0.79171582	0.03145891	0.00019704	1.11941277	2.72906017	2	2	1	1	16	5015	2	3	2	3	0.07845712	0.06316812	0.69700078	0.03116271	-18.09634144	0.0	-12.89946258	0.0	\N	11.29899069	12.76707301	9.30659326	0.10486302	96	33	12	12	0	1.99327129	0.07845712	18.09634144	0.71228977	-16.10307015	-0.63383266	0.0	0.0	0.0	0.0	0.0	2	4617	-0.7071067811865471	-0.7071067811865479	JPN225	MEDIAN_CORE	MEDIAN_CORE	ADAPTIVE_VALUE|PIVOT	VOLKITT|WAYNE
reclaim_given_break	RG2_JPN225_PERIOD_M5_1770595200_1771027200_1322744797593697910	16826093051880804897	6124581393655194881	JPN225	VERIFICATION_A	False	0	30	1	2.53271149	0.00647752	0.11111111	7.55926934	1.10636093	3	4	0	4	1770	140560	10	1	10	1	0.22202618	0.17330021	0.80084518	0.10087018	-21.33156402	0.16824021	-16.36351859	0.0	\N	7.55279181	9.00375696	5.58362482	0.10364037	96	33	12	12	0	5.57477221	0.22202618	21.33156402	0.84957115	-15.75679181	-0.62754497	0.1684366	0.00670022	0.00972763	0.00038695	-4.077e-05	4	2090	-0.8660254037844385	-0.5000000000000004	JPN225	MEDIAN_CORE	MEDIAN_CORE	MID_PIVOT|PIVOT|PIVOT_ZONE	WAYNE
reclaim_given_break	RG2_JPN225_PERIOD_M5_1770595200_1771027200_1322744797593697910	10183577705022380249	12738319296921432711	JPN225	VERIFICATION_A	True	\N	9	1	0.7514307	0.49017168	0.16666667	1.06245335	2.59019657	2	2	1	1	84	10179	1	3	1	3	0.15836889	0.12432809	0.68351505	0.03085639	-17.47428996	0.0	-12.70340881	0.0	\N	10.2637472	11.65712864	8.37272953	0.07464543	96	33	11	11	0	3.85668077	0.15836889	17.47428996	0.71755585	-13.61760919	-0.55918696	0.0	0.0	-1.56264715	-0.06278373	0.00991919	2	52	-0.8660254037844385	-0.5000000000000004	JPN225	MEDIAN_CORE	MEDIAN_CORE	ADAPTIVE_VALUE|PIVOT	VOLKITT|WAYNE
reclaim_given_break	RG2_JPN225_PERIOD_M5_1770595200_1771027200_1322744797593697910	16826093051880804897	17239985891760569383	JPN225	VERIFICATION_A	False	0	37	1	2.1780303	0.02785205	0.07692308	6.50066845	3.94385027	3	4	0	4	1790	146165	10	5	10	5	0.39535618	0.34804534	0.75329528	0.09590946	-18.18115165	0.0	-14.09425134	0.0	\N	6.4728164	7.72058824	4.77941176	0.08912656	95	34	10	10	0	8.97823594	0.39535618	18.18115165	0.80060611	-9.2029157	-0.40524994	0.0	0.0	0.0	0.0	0.0	4	504	-0.9659258262890683	-0.25881904510252063	JPN225	MEDIAN_CORE	MEDIAN_CORE	MID_PIVOT|PIVOT|PIVOT_ZONE	WAYNE
reclaim_given_break	RG2_JPN225_PERIOD_M5_1770595200_1771027200_1322744797593697910	12761723125054350364	17076692788076481623	JPN225	VERIFICATION_A	True	\N	1	-1	0.11408083	0.01086484	1.0	5.86158192	0.36397219	2	2	1	1	1	1	8	0	8	0	0.29441066	0.29743905	0.78721976	0.0050877	-17.58382734	0.0	-14.07105606	0.0	\N	5.9865276	7.20338983	4.33507171	0.08691873	95	35	10	10	0	6.60153421	0.29441066	17.58382734	0.78419137	-10.98229313	-0.48978072	0.0	0.0	0.0	0.0	0.0	2	13	-0.9659258262890684	0.2588190451025203	JPN225	MEDIAN_CORE	MEDIAN_CORE	DAILY_EXTREME|MID_PIVOT	DAY_SWINGS|WAYNE
reclaim_given_break	RG2_JPN225_PERIOD_M5_1770595200_1771027200_1322744797593697910	9803999436687982399	1006651818012963562	JPN225	VERIFICATION_A	False	1	1	-1	0.09134422	0.01096131	1.0	5.06046987	1.2441083	2	2	1	1	3	2	7	1	7	1	0.33247505	0.33497327	0.8237264	0.00402938	-18.61685266	0.0	-15.07289269	0.0	\N	5.1627754	6.39044174	3.4966568	0.05480653	95	35	10	10	0	7.5370515	0.33247505	18.61685266	0.82122818	-11.07980116	-0.48875312	0.0	0.0	-5.28233295	-0.23310402	0.03644936	2	19	-0.9659258262890684	0.2588190451025203	JPN225	MEDIAN_CORE	MEDIAN_CORE	DAILY_EXTREME|PIVOT	DAY_SWINGS|WAYNE
reclaim_given_break	RG2_JPN225_PERIOD_M5_1770595200_1771027200_1322744797593697910	9803999436687982399	13991264072721019878	JPN225	VERIFICATION_A	True	\N	2	-1	0.03250975	0.49848288	0.01370662	4.80060685	1.49003034	2	2	1	1	26	667	6	2	6	2	0.3221313	0.34508527	0.82598154	0.00144972	-18.00771635	0.1697378	-14.67381881	0.0	\N	5.33159948	6.54529692	3.68443866	0.08669267	95	35	10	10	0	7.22372354	0.3221313	18.00771635	0.80302757	-10.78399281	-0.48089626	0.17032845	0.00756921	0.0	0.0	0.0	2	1334	-0.8660254037844386	0.5000000000000001	JPN225	MEDIAN_CORE	MEDIAN_CORE	DAILY_EXTREME|TPO_PROFILE	DAY_SWINGS|VOLKITT
reclaim_given_break	RG2_JPN225_PERIOD_M5_1770595200_1771027200_1322744797593697910	16826093051880804897	15416295785445234500	JPN225	VERIFICATION_A	False	1	46	1	2.09921615	0.23086009	0.08396947	6.26543541	6.93117148	3	4	0	4	1949	161131	10	9	10	9	0.50344357	0.44952102	0.68296166	0.09132092	-16.93893572	0.0	-13.78825298	0.0	\N	6.03457532	7.23719532	4.40244819	0.06442607	95	37	9	9	0	11.57277909	0.50344357	16.93893572	0.73688422	-5.36615663	-0.23344065	0.0	0.0	0.0	0.0	0.0	4	2578	-0.7071067811865477	0.7071067811865474	JPN225	ABOVE	MEDIAN_CORE	MID_PIVOT|PIVOT|PIVOT_ZONE	WAYNE
reclaim_given_break	RG2_JPN225_PERIOD_M5_1781481600_1781913600_2242277260615829181	5562324646981692622	14984513103382729058	JPN225	VERIFICATION_B	False	1	5	1	2.29026037	0.32144005	0.06086957	1.69559627	5.02517947	5	7	1	6	23	1227	0	2	0	2	1.04556163	0.94846087	1.05565917	0.11699593	-22.56591703	0.0	-22.96890068	0.0	35.07513661	-14.75409836	-11.17807779	-17.65509482	0.12054002	92	34	8	8	0	20.46745064	1.04556163	22.56591703	1.15275993	-2.09846639	-0.1071983	0.0	0.0	0.0	0.0	0.0	7	692	0.25881904510252074	0.9659258262890683	JPN225	ABOVE	ABOVE	ADAPTIVE_VALUE|MID_PIVOT|PIVOT|PIVOT_ZONE|SENTINEL	VOLKITT|WAYNE
reclaim_given_break	RG2_JPN225_PERIOD_M5_1781481600_1781913600_2242277260615829181	18086417030780062587	6522316031440792155	JPN225	VERIFICATION_B	False	0	2	-1	0.05894737	0.20210526	1.0	1.09473684	0.62315789	1	2	2	0	1	17	0	0	0	0	0.84038957	0.85148981	1.14647748	0.00282552	-23.68681327	0.05313001	-24.15368421	0.0	36.75578947	0.20210526	0.26105263	-2.61052632	0.05052632	95	35	9	9	0	17.53263158	0.84038957	23.68681327	1.13537723	-6.15418169	-0.29498767	0.05355847	0.00259624	4.03235885	0.19546842	0.01927772	2	5	0.7071067811865476	0.7071067811865476	JPN225	ABOVE	ABOVE	TPO_PROFILE	VOLKITT
reclaim_given_break	RG2_JPN225_PERIOD_M5_1781481600_1781913600_2242277260615829181	559974463428657970	13084375400462317186	JPN225	VERIFICATION_B	True	\N	4	-1	6.33769155	0.23618726	0.08605341	\N	1.09658372	4	7	1	6	52	7189	0	0	0	0	0.89407439	1.02435573	1.31934339	0.30327219	-24.84866365	0.0	-25.31632223	0.0	36.8177984	-0.91944327	-0.86039646	-3.73681991	0.05061156	95	35	9	9	0	18.68409954	0.89407439	24.84866365	1.18906206	-6.16456411	-0.29498767	0.0	0.0	0.0	0.0	0.0	7	2528	0.7071067811865476	0.7071067811865476	JPN225	ABOVE	ABOVE	DAILY_EXTREME|MID_PIVOT|PIVOT|PIVOT_ZONE	DAY_SWINGS|WAYNE
reclaim_given_break	RG2_JPN225_PERIOD_M5_1781481600_1781913600_2242277260615829181	8921108823680110353	11548250955200990192	JPN225	VERIFICATION_B	True	\N	2	-1	0.04177109	0.22556391	0.24770642	\N	0.35644667	2	2	1	1	8	351	0	0	0	0	1.02234259	1.03375256	1.45827517	0.00193389	-31.25153781	0.0	-31.71470343	0.0	36.46407686	-7.55221387	-7.49373434	-10.34252297	0.05012531	95	34	10	10	0	22.08206976	1.02234259	31.25153781	1.44686519	-9.16946805	-0.4245226	0.0	0.0	3.07543393	0.14724368	0.03721562	2	36	0.7071067811865476	0.7071067811865476	JPN225	ABOVE	ABOVE	DAILY_EXTREME|PIVOT	DAY_SWINGS|WAYNE
reclaim_given_break	RG2_JPN225_PERIOD_M5_1781481600_1781913600_2242277260615829181	8511681795595206378	12613958451049360079	JPN225	VERIFICATION_B	True	\N	1	1	0.10215809	0.49802069	0.0028641	18.32460733	9.06653046	2	2	1	1	12	3522	14	6	9	2	0.5276277	0.51165493	1.17403502	0.00297168	-40.90917802	0.0	-45.65508875	0.0	69.78195633	2.75826842	6.69135487	2.40071511	0.08938833	97	47	9	9	0	18.13838165	0.5276277	40.90917802	1.19000779	-22.77079637	-0.66238009	0.0	0.0	0.0	0.0	0.0	2	2277	0.8660254037844386	0.5000000000000001	JPN225	ABOVE	ABOVE	DAILY_EXTREME|TPO_PROFILE	DAY_SWINGS|VOLKITT
reclaim_given_break	RG2_JPN225_PERIOD_M5_1781481600_1781913600_2242277260615829181	7435288206181940740	7271479402135883695	JPN225	VERIFICATION_B	False	1	1	-1	0.03793627	0.01083893	1.0	9.19683503	3.67078546	2	2	1	1	29	5	2	3	2	3	0.7135269	0.71452628	1.34320613	0.00127194	-40.03207385	0.0	-44.63743768	0.0	59.2307067	-3.75027097	-0.20593974	-4.84500325	0.0650336	97	46	9	9	0	21.28134258	0.7135269	40.03207385	1.34220675	-18.75073127	-0.62867985	0.0	0.0	0.0	0.0	0.0	2	33	1.0	6.123233995736766e-17	JPN225	ABOVE	ABOVE	DAILY_EXTREME|MID_PIVOT	DAY_SWINGS|WAYNE
reclaim_given_break	RG2_JPN225_PERIOD_M5_1781481600_1781913600_2242277260615829181	7435288206181940740	616134426116530864	JPN225	VERIFICATION_B	True	\N	2	-1	0.0158747	0.23812044	0.09787234	8.96391153	3.62119448	2	2	1	1	33	83	2	3	2	3	0.70691692	0.7153654	1.34398426	0.00054506	-38.89680531	0.0	-43.39348079	0.0	57.83283945	-3.4712668	-0.01058313	-4.54016298	0.05291565	97	46	9	9	0	20.58859844	0.70691692	38.89680531	1.33553578	-18.30820686	-0.62861886	0.0	0.0	3.47191039	0.11668814	0.00250752	2	31	1.0	6.123233995736766e-17	JPN225	ABOVE	ABOVE	DAILY_EXTREME|MID_PIVOT	DAY_SWINGS|WAYNE
reclaim_given_break	RG2_JPN225_PERIOD_M5_1781481600_1781913600_2242277260615829181	4027383445835242282	3716150009560176285	JPN225	VERIFICATION_B	True	\N	2	-1	0.26457826	0.21166261	0.06231454	8.22309239	4.11331005	1	2	1	1	1	19	1	4	1	4	0.72307314	0.73485597	1.36204434	0.00906372	-39.4153787	0.0	-43.91205419	0.0	57.83283945	-3.98984019	-0.52915652	-5.05873637	0.06349878	97	46	9	9	0	21.10717183	0.72307314	39.4153787	1.3502615	-18.30820686	-0.62718837	0.0	0.0	3.47191039	0.11668814	0.00250752	2	96	1.0	6.123233995736766e-17	JPN225	ABOVE	ABOVE	DAILY_EXTREME	DAY_SWINGS
reclaim_given_break	RG2_JPN225_PERIOD_M5_1781481600_1781913600_2242277260615829181	3909837735854165404	474795668003347127	JPN225	VERIFICATION_B	False	1	1	-1	0.06348055	0.0544119	0.06976744	7.84438197	2.88987636	1	2	1	1	1	0	3	2	3	2	0.7054539	0.70891127	1.29205563	0.00254753	-32.10987856	0.16080524	-37.12025029	0.0	49.81749343	-1.07916931	0.11789245	-3.63652852	0.0725492	96	46	9	9	1	17.57882168	0.7054539	32.10987856	1.28859827	-14.53105688	-0.58314436	0.15964702	0.00646547	2.84999378	0.11542063	0.00189099	2	30	1.2246467991473532e-16	-1.0	JPN225	ABOVE	ABOVE	TPO_PROFILE	VOLKITT
reclaim_given_break	RG2_JPN225_PERIOD_M5_1781481600_1781913600_2242277260615829181	3909837735854165404	5654437860505468594	JPN225	VERIFICATION_B	False	1	2	-1	0.06480881	0.17590964	0.00134228	8.00851773	2.9503441	1	2	1	1	3	600	3	2	3	2	0.70072277	0.70891127	1.29205563	0.00254753	-32.66138607	0.0	-37.77659476	0.0	50.85987409	-0.98139061	0.24071845	-3.59225998	0.08332562	96	46	9	9	0	17.82628152	0.70072277	32.66138607	1.28386714	-14.83510455	-0.58314436	0.0	0.0	0.0	0.0	0.0	2	6213	1.2246467991473532e-16	-1.0	JPN225	ABOVE	ABOVE	TPO_PROFILE	VOLKITT
reclaim_given_break	RG2_JPN225_PERIOD_M5_1781481600_1781913600_2242277260615829181	3909837735854165404	16008662541065934717	JPN225	VERIFICATION_B	False	1	3	-1	0.03794861	0.32527377	0.30693069	9.19982652	3.67197947	2	2	1	1	25	7200	2	3	2	3	0.70350208	0.71504881	1.28957536	0.00127287	-38.10245994	0.09564617	-44.33752575	0.0	59.56169359	-1.24688279	0.32527377	-3.99002494	0.07589721	96	46	9	9	0	20.97383353	0.70350208	38.10245994	1.27802863	-17.12862641	-0.57452655	0.09542888	0.00321018	0.0	0.0	0.00063059	2	35	-0.4999999999999997	-0.8660254037844388	JPN225	ABOVE	ABOVE	MID_PIVOT|TPO_PROFILE	VOLKITT|WAYNE
reclaim_given_break	RG2_JPN225_PERIOD_M5_1781481600_1781913600_2242277260615829181	3909837735854165404	10258059304693300704	JPN225	VERIFICATION_B	False	0	4	-1	0.03782148	0.42143938	0.00880773	9.169008	3.6596787	2	2	1	1	27	7800	2	3	2	3	0.70022899	0.71504881	1.28957536	0.00127287	-37.87756516	0.0	-44.09174411	0.0	59.36216771	-1.14545062	0.42143938	-3.8794035	0.07564297	96	46	9	9	0	20.80631799	0.70022899	37.87756516	1.27475554	-17.07124717	-0.57452655	0.0	0.0	0.0	0.0	0.0	2	2305	-0.4999999999999997	-0.8660254037844388	JPN225	ABOVE	ABOVE	MID_PIVOT|TPO_PROFILE	VOLKITT|WAYNE
reclaim_given_break	RG2_JPN225_PERIOD_M5_1781481600_1781913600_2242277260615829181	4552923857031251008	4478729151299795285	JPN225	VERIFICATION_B	True	\N	1	1	0.1888693	0.44069504	0.02066773	8.65860824	6.44673886	2	2	0	2	1	0	12	5	6	3	0.24115333	0.22398994	0.977727	0.0055665	-33.75624028	0.05659897	-43.34235709	0.0	\N	5.69126165	8.97758751	3.14782171	0.22664316	94	43	11	11	3	8.18223789	0.24115333	33.75624028	0.99489039	-25.57400239	-0.75373705	0.05644971	0.00164073	12.01942915	0.34934865	-0.01656198	2	3822	0.25881904510252074	0.9659258262890683	JPN225	MEDIAN_CORE	MEDIAN_CORE	DAILY_EXTREME|MID_PIVOT	DAY_SWINGS|WAYNE
reclaim_given_break	RG2_JPN225_PERIOD_M5_1781481600_1781913600_2242277260615829181	7472001176577075157	15414173737452573062	JPN225	VERIFICATION_B	True	\N	3	1	0.02874389	0.1868353	0.06034483	11.79457699	5.63380282	2	2	1	1	10	649	17	3	6	2	0.18401141	0.17880529	0.93491309	0.00074373	-36.33395642	0.0	-47.24417936	0.0	\N	8.7237712	12.47484909	5.82063811	0.17246335	96	42	11	11	0	7.11171793	0.18401141	36.33395642	0.9401192	-29.22223849	-0.75610779	0.0	0.0	0.0	0.0	0.0	2	58	0.49999999999999994	0.8660254037844387	JPN225	MEDIAN_CORE	MEDIAN_CORE	DAILY_EXTREME|MID_PIVOT	DAY_SWINGS|WAYNE
reclaim_given_break	RG2_JPN225_PERIOD_M5_1781481600_1781913600_2242277260615829181	11170441600589021171	6799608389693947558	JPN225	VERIFICATION_B	True	\N	1	-1	0.08724988	0.01163332	1.0	3.36784551	0.18613309	2	2	1	1	2	1	1	0	1	0	0.52132703	0.52312254	1.25783717	0.00283501	-38.65575363	0.0	-47.86237785	0.0	\N	-2.55932992	0.47696603	-4.90926012	0.10469986	96	42	12	12	0	16.04428416	0.52132703	38.65575363	1.25604167	-22.61146947	-0.73471463	0.0	0.0	0.0	0.0	0.0	2	24	0.8660254037844386	0.5000000000000001	JPN225	ABOVE	ABOVE	DAILY_EXTREME|MID_PIVOT	DAY_SWINGS|WAYNE
reclaim_given_break	RG2_JPN225_PERIOD_M5_1781481600_1781913600_2242277260615829181	8530357772025522585	3237535684092067448	JPN225	VERIFICATION_B	False	0	1	-1	0.05618949	0.34578147	0.00163389	4.05860996	4.07589903	2	2	0	2	478	8296	2	4	2	4	0.47773664	0.48806899	1.19461648	0.00155284	-42.85335079	0.0	-52.75220436	0.0	\N	-2.25622407	1.12811203	-4.87551867	0.07780083	96	46	10	10	0	17.28691217	0.47773664	42.85335079	1.18428413	-25.56643862	-0.70654749	0.0	0.0	0.0	0.0	8.129e-05	2	2843	0.7071067811865476	0.7071067811865476	JPN225	MEDIAN_CORE	MEDIAN_CORE	PIVOT|TPO_PROFILE	VOLKITT|WAYNE
reclaim_given_break	RG2_JPN225_PERIOD_M5_1781481600_1781913600_2242277260615829181	8530357772025522585	13129753554941600748	JPN225	VERIFICATION_B	False	0	3	-1	0.05111268	0.01965872	0.0031348	0.64873791	3.70763545	2	2	0	2	529	11738	1	3	1	3	0.51292414	0.51437183	1.24842119	0.00163652	-38.94607905	0.0	-48.28084454	0.0	\N	-2.34725171	0.73130455	-4.72988912	0.09436188	96	42	12	12	0	16.01989463	0.51292414	38.94607905	1.24697349	-22.92618442	-0.73404936	0.0	0.0	0.66697689	0.02137905	-0.01270773	2	162	0.8660254037844386	0.5000000000000001	JPN225	ABOVE	ABOVE	PIVOT|TPO_PROFILE	VOLKITT|WAYNE
reclaim_given_break	RG2_JPN225_PERIOD_M5_1781481600_1781913600_2242277260615829181	3229633184984439950	3555010509319932552	JPN225	VERIFICATION_B	True	\N	3	-1	0.01163332	0.25593299	0.00530348	2.98976268	0.63983248	2	2	1	1	2	65	0	1	0	1	0.52765285	0.53615018	1.27019953	0.00037766	-38.86515335	0.0	-48.07177757	0.0	\N	-2.76872964	0.26756631	-5.11865984	0.08143322	96	42	12	12	0	16.25368388	0.52765285	38.86515335	1.2617022	-22.61146947	-0.73404936	0.0	0.0	0.0	0.0	0.0	2	970	0.8660254037844386	0.5000000000000001	JPN225	ABOVE	ABOVE	DAILY_EXTREME|TPO_PROFILE	DAY_SWINGS|VOLKITT
reclaim_given_break	RG2_JPN225_PERIOD_M5_1781481600_1781913600_2242277260615829181	8530357772025522585	9783922027905327712	JPN225	VERIFICATION_B	False	0	5	-1	0.05121538	0.01969822	0.11627907	0.65004137	3.7150849	2	2	0	2	531	12364	1	3	1	3	0.51292414	0.51437183	1.24842119	0.00163652	-39.02433024	0.0	-48.37785132	0.0	\N	-2.35196785	0.7327739	-4.73939251	0.08273254	96	42	12	12	0	16.0520821	0.51292414	39.02433024	1.24697349	-22.97224814	-0.73404936	0.0	0.0	0.0	0.0	0.0	2	25	0.8660254037844386	0.5000000000000001	JPN225	ABOVE	ABOVE	PIVOT|TPO_PROFILE	VOLKITT|WAYNE
reclaim_given_break	RG2_JPN225_PERIOD_M5_1781481600_1781913600_2242277260615829181	3901181333697098137	13163723674324977350	JPN225	VERIFICATION_B	False	1	1	1	0.01060333	0.49835648	0.07979626	3.0060439	0.58318312	1	2	1	1	10	2045	0	1	0	1	0.51462076	0.4972822	1.20062414	0.00036502	-35.37990933	0.0	-44.55784116	0.0	\N	-0.50895981	3.78538861	-5.40769802	0.07422331	95	44	11	11	0	14.9489273	0.51462076	35.37990933	1.21796271	-20.43098203	-0.70334194	0.0	0.0	0.0	0.0	0.0	2	202	0.9659258262890683	-0.25881904510252063	JPN225	ABOVE	MEDIAN_CORE	TPO_PROFILE	VOLKITT
reclaim_given_break	RG2_JPN225_PERIOD_M5_1781481600_1781913600_2242277260615829181	3901181333697098137	12662418886241250956	JPN225	VERIFICATION_B	False	1	2	1	0.01048218	0.27253669	0.05220884	2.97169811	0.57651992	1	2	1	1	12	2400	0	1	0	1	0.50695529	0.4972822	1.20062414	0.00036502	-34.75554768	0.0	-43.82861635	0.0	\N	-0.28301887	3.96226415	-5.12578616	0.06289308	95	44	11	11	0	14.5580014	0.50695529	34.75554768	1.21029724	-20.19754629	-0.70334194	0.0	0.0	0.0	0.0	0.0	2	88	0.9659258262890683	-0.25881904510252063	JPN225	ABOVE	MEDIAN_CORE	TPO_PROFILE	VOLKITT
reclaim_given_break	RG2_JPN225_PERIOD_M5_1781481600_1781913600_2242277260615829181	5611997721472406837	14871345966487172718	JPN225	VERIFICATION_B	False	0	7	-1	0.04542278	0.02795248	0.00883002	0.57651992	3.29489867	2	2	0	2	783	24148	1	3	1	3	0.4744683	0.47623257	1.17957452	0.00158176	-33.82263364	0.0	-42.89570231	0.0	\N	0.64989518	4.8951782	-4.19287212	0.07337526	95	44	11	11	0	13.62508735	0.4744683	33.82263364	1.17781024	-20.19754629	-0.70334194	0.0	0.0	0.0	0.0	0.0	2	184	0.9659258262890683	-0.25881904510252063	JPN225	MEDIAN_CORE	MEDIAN_CORE	PIVOT|TPO_PROFILE	VOLKITT|WAYNE
reclaim_given_break	RG2_JPN225_PERIOD_M5_1781481600_1781913600_2242277260615829181	3901181333697098137	3800628571390806615	JPN225	VERIFICATION_B	True	\N	3	1	0.01026062	0.42068541	0.04257529	2.9088857	0.56433409	1	2	1	1	14	3000	0	1	0	1	0.51243063	0.4972822	1.20062414	0.00036502	-34.17483325	0.0	-43.05612559	0.0	\N	-0.43094603	3.72460497	-5.17135235	0.06156372	95	44	11	11	0	14.40420001	0.51243063	34.17483325	1.21577257	-19.77063324	-0.70334194	0.0	0.0	0.0	0.0	0.0	2	218	0.9659258262890683	-0.25881904510252063	JPN225	ABOVE	MEDIAN_CORE	TPO_PROFILE	VOLKITT
reclaim_given_break	RG2_JPN225_PERIOD_M5_1781481600_1781913600_2242277260615829181	11037840211854986102	3386896364702143963	JPN225	VERIFICATION_B	False	0	10	-1	0.04429	0.05791769	0.28	3.46995094	3.21272826	2	2	0	2	830	38382	3	4	3	4	0.48484994	0.48765461	1.13745269	0.00155152	-32.38989135	0.0	-41.795278	0.0	\N	2.39165985	4.85486509	-2.66762061	0.06132461	95	46	10	10	0	13.84062415	0.48484994	32.38989135	1.13464802	-18.5492672	-0.64979808	0.0	0.0	0.0	0.0	0.0	2	106	0.258819045102521	-0.9659258262890682	JPN225	MEDIAN_CORE	MEDIAN_CORE	PIVOT|TPO_PROFILE	VOLKITT|WAYNE
reclaim_given_break	RG2_JPN225_PERIOD_M5_1781481600_1781913600_2242277260615829181	4582846608642605606	7866587165704874588	JPN225	VERIFICATION_B	False	1	26	1	4.28612981	0.23269343	0.02915452	2.3518657	4.23211169	3	4	0	4	1351	72078	1	3	1	3	0.73940031	0.67602165	1.25395608	0.12304451	-45.88800857	0.23839492	-60.3886188	0.0	\N	-6.36998255	2.6551982	-9.02518075	0.09972575	95	46	10	10	0	25.75625364	0.73940031	45.88800857	1.31733474	-20.13175494	-0.57793443	0.23857336	0.00714378	0.71523619	0.02141686	0.04290696	4	253	-0.7071067811865477	0.7071067811865474	JPN225	ABOVE	ABOVE	MID_PIVOT|PIVOT|PIVOT_ZONE	WAYNE
reclaim_given_break	RG2_JPN225_PERIOD_M5_1781481600_1781913600_2242277260615829181	2743686528766425638	15965740677570074447	JPN225	VERIFICATION_B	False	1	8	-1	3.12510615	0.21400183	0.78571429	\N	1.92261965	5	7	2	5	204	15403	0	1	0	1	0.79272159	0.85579031	1.43372474	0.10974402	-39.03124475	0.0	-50.88530521	0.0	\N	-6.72577194	0.65219607	-8.89636197	0.06114338	95	46	10	10	0	22.57379666	0.79272159	39.03124475	1.37065602	-16.45744809	-0.57793443	0.0	0.0	0.0	0.0	0.0	7	207	-0.7071067811865477	0.7071067811865474	JPN225	ABOVE	ABOVE	DAILY_EXTREME|MID_PIVOT|PIVOT|PIVOT_ZONE|TPO_PROFILE	DAY_SWINGS|VOLKITT|WAYNE
reclaim_given_break	RG2_JPN225_PERIOD_M5_1781481600_1781913600_2242277260615829181	4582846608642605606	9311439292512715323	JPN225	VERIFICATION_B	False	0	34	1	3.07543232	0.22063208	0.175	1.5712582	3.03667263	3	4	0	4	1440	76755	0	4	0	4	0.7423513	0.67675445	1.24003995	0.12317789	-32.59836273	0.0	-43.38439177	0.0	\N	-4.62432916	2.35241503	-5.93023256	0.05366726	95	46	10	10	0	18.53458557	0.7423513	32.59836273	1.3056368	-14.06377716	-0.5632855	0.0	0.0	0.0	0.0	0.0	4	926	-0.5000000000000004	0.8660254037844384	JPN225	ABOVE	ABOVE	MID_PIVOT|PIVOT|PIVOT_ZONE	WAYNE
reclaim_given_break	RG2_JPN225_PERIOD_M5_1781481600_1781913600_2242277260615829181	8567300248618297184	2590580424440660161	JPN225	VERIFICATION_B	False	0	13	-1	0.03382774	0.00520427	1.0	2.65027322	2.45381213	2	2	0	2	1450	79663	4	3	4	3	0.48705916	0.48807449	1.03770699	0.00155286	-22.58351189	0.0	-32.29800937	0.0	\N	1.53005464	7.23653396	0.39032006	0.04683841	95	46	10	10	0	10.61020036	0.48705916	22.58351189	1.03669166	-11.97331153	-0.54963251	0.0	0.0	0.0	0.0	0.0	2	4	-0.25881904510252157	0.9659258262890681	JPN225	MEDIAN_CORE	MEDIAN_CORE	PIVOT|TPO_PROFILE	VOLKITT|WAYNE
reclaim_given_break	RG2_JPN225_PERIOD_M5_1781481600_1781913600_2242277260615829181	12726736475925642817	13261708844906361744	JPN225	VERIFICATION_B	True	\N	1	-1	0.11489851	0.076599	0.04273504	1.52049023	3.40610239	2	2	1	1	2	30	1	8	1	8	0.47799877	0.48478347	1.16882569	0.00581546	-22.95892331	0.12761728	-32.61872846	0.0	\N	0.57449253	5.85982382	-0.77364994	0.18383761	93	41	12	12	0	9.44401889	0.47799877	22.95892331	1.16204099	-13.51490441	-0.68404222	0.12790139	0.00597029	1.89812682	0.08860236	-0.07876059	2	390	0.25881904510252074	0.9659258262890683	JPN225	MEDIAN_CORE	MEDIAN_CORE	DAILY_EXTREME|PIVOT	DAY_SWINGS|WAYNE
reclaim_given_break	RG2_JPN225_PERIOD_M5_1781481600_1781913600_2242277260615829181	15416994117593791619	18023291351501629398	JPN225	VERIFICATION_B	True	\N	1	-1	0.09126863	0.00760572	1.0	1.12944935	3.78511307	2	2	1	1	1	5	0	9	0	9	0.50152313	0.50423424	1.18757762	0.00464762	-23.26808212	0.0	-32.85956039	0.0	\N	0.09887435	5.34682081	-1.23973228	0.14450867	93	41	12	12	0	9.84877294	0.50152313	23.26808212	1.18486651	-13.41930918	-0.68334339	0.0	0.0	0.0	0.0	4.89e-05	2	15	0.25881904510252074	0.9659258262890683	JPN225	ABOVE	ABOVE	DAILY_EXTREME|TPO_PROFILE	DAY_SWINGS|VOLKITT
reclaim_given_break	RG2_JPN225_PERIOD_M5_1781481600_1781913600_2242277260615829181	1728622031202608085	16963930380179992588	JPN225	VERIFICATION_B	True	\N	1	-1	0.02097169	0.00699056	1.0	3.69101713	0.14680182	2	2	1	1	2	0	1	0	1	0	0.97831471	0.97928379	1.58476125	0.00116289	-28.56225006	0.0	-37.46504719	0.0	\N	-4.59279972	-0.58021671	-5.85110101	0.06990563	96	40	13	13	0	17.64301526	0.97831471	28.56225006	1.58379217	-10.91923479	-0.60547746	0.0	0.0	0.0	0.0	0.0	2	9	0.7071067811865476	0.7071067811865476	JPN225	ABOVE	ABOVE	DAILY_EXTREME|PIVOT	DAY_SWINGS|WAYNE
reclaim_given_break	RG2_JPN225_PERIOD_M5_1781481600_1781913600_2242277260615829181	2743686528766425638	8220106786962490233	JPN225	VERIFICATION_B	False	0	19	-1	2.49667602	0.24375831	0.00635277	4.07741173	1.29758211	5	9	1	8	504	33562	2	0	2	0	0.80487159	0.8808771	1.47410314	0.12755174	-27.36612527	0.0	-36.69947555	0.0	\N	-2.39326341	0.40626385	-4.81607328	0.05170631	96	43	11	11	0	15.75441966	0.80487159	27.36612527	1.39809762	-11.61170561	-0.59322603	0.0	0.0	0.0	0.0	0.0	9	1388	0.49999999999999994	0.8660254037844387	JPN225	ABOVE	ABOVE	DAILY_EXTREME|MID_PIVOT|PIVOT|PIVOT_ZONE|TPO_PROFILE	DAY_SWINGS|VOLKITT|WAYNE
reclaim_given_break	RG2_JPN225_PERIOD_M5_1781481600_1781913600_2242277260615829181	2675027964787310834	9223807724600057785	JPN225	VERIFICATION_B	False	1	1	-1	0.05884796	0.01384658	0.00082988	0.19731376	3.69242131	2	2	1	1	6	1	0	1	0	1	1.15106149	1.15344615	1.74942009	0.00324314	-31.70056681	0.0	-40.51768901	0.0	\N	-7.96178344	-3.98781501	-9.20797563	0.08307948	95	40	13	13	0	20.88641189	1.15106149	31.70056681	1.74703543	-10.81415493	-0.59597394	0.0	0.0	0.0	0.0	0.0	2	600	0.7071067811865476	0.7071067811865476	JPN225	ABOVE	ABOVE	DAILY_EXTREME|MID_PIVOT	DAY_SWINGS|WAYNE
reclaim_given_break	RG2_JPN225_PERIOD_M5_1781481600_1781913600_2242277260615829181	16506296947138635539	709233641813798424	JPN225	VERIFICATION_B	False	1	1	1	0.02427016	0.13868664	0.44680851	0.13868664	3.75725216	2	2	1	1	1	0	0	2	0	2	1.06579439	1.05769174	1.62506071	0.00130388	-30.39947118	0.0	-40.40548506	0.0	\N	-2.43395049	-0.13868664	-5.67228348	0.06240899	95	43	12	12	1	19.83854564	1.06579439	30.39947118	1.63316337	-10.56092554	-0.56736897	0.0	0.0	0.0	0.0	0.0	2	33	0.49999999999999994	-0.8660254037844387	JPN225	ABOVE	ABOVE	MID_PIVOT|TPO_PROFILE	VOLKITT|WAYNE
reclaim_given_break	RG2_JPN225_PERIOD_M5_1781481600_1781913600_2242277260615829181	16506296947138635539	7232995492984212941	JPN225	VERIFICATION_B	False	0	3	1	0.05430061	0.19548219	0.13846154	0.1520417	3.92291727	2	2	1	1	128	2077	0	2	0	2	1.0683546	1.05691558	1.61803794	0.00279	-31.71378412	0.0	-42.26668839	0.0	\N	-1.50593687	-0.19548219	-5.91514625	0.05792065	95	43	12	12	0	20.79290955	1.0683546	31.71378412	1.62947696	-10.92087458	-0.56112236	0.0	0.0	0.0	0.0	0.0	2	46	0.258819045102521	-0.9659258262890682	JPN225	ABOVE	ABOVE	MID_PIVOT|TPO_PROFILE	VOLKITT|WAYNE
reclaim_given_break	RG2_JPN225_PERIOD_M5_1781481600_1781913600_2242277260615829181	12523862178096487358	1365976381871853565	JPN225	VERIFICATION_B	True	\N	1	-1	0.05815644	0.01453911	1.0	17.67955801	0.17446932	2	2	1	1	2	0	4	0	4	0	1.20610359	1.20749618	2.06452042	0.00185679	-64.61900878	0.0	-92.62685374	0.0	\N	-3.11136958	-0.90142483	-3.80924687	0.1453911	96	38	12	12	0	37.77624309	1.20610359	64.61900878	2.06312782	-26.84276568	-0.85702424	0.0	0.0	0.0	0.0	0.00036732	2	7	0.49999999999999994	0.8660254037844387	JPN225	ABOVE	ABOVE	DAILY_EXTREME|MID_PIVOT	DAY_SWINGS|WAYNE
reclaim_given_break	RG2_JPN225_PERIOD_M5_1781481600_1781913600_2242277260615829181	13923228946741460207	1305971344160270565	JPN225	VERIFICATION_B	True	\N	3	-1	0.43617331	0.20354754	0.11864407	15.86216924	1.61384123	1	2	1	1	6	144	3	1	3	1	1.23974287	1.25313676	2.10584035	0.01385575	-65.86937226	0.0	-93.87721721	0.0	\N	-4.36173306	-2.15178831	-5.05961035	0.08723466	96	38	12	12	0	39.02660657	1.23974287	65.86937226	2.09244646	-26.84276568	-0.85270359	0.0	0.0	0.0	0.0	0.00036732	2	81	0.49999999999999994	0.8660254037844387	JPN225	ABOVE	ABOVE	DAILY_EXTREME	DAY_SWINGS
reclaim_given_break	RG2_JPN225_PERIOD_M5_1781481600_1781913600_2242277260615829181	7169631326357825835	1517226020374589955	JPN225	VERIFICATION_B	False	0	5	1	7.21804511	0.19138756	1.0	16.84210526	7.79676464	4	6	1	5	142	1019	6	4	6	4	1.22346221	1.13953331	1.99854304	0.24833755	-60.5280053	0.0	-87.13431306	0.0	\N	-1.95488722	0.32809296	-4.2378674	0.17771702	95	38	12	12	0	35.56049214	1.22346221	60.5280053	2.08247193	-24.96751316	-0.85900973	0.0	0.0	0.0	0.0	0.0	6	823	0.7071067811865476	0.7071067811865476	JPN225	ABOVE	ABOVE	MID_PIVOT|PIVOT|PIVOT_ZONE|TPO_PROFILE	VOLKITT|WAYNE
reclaim_given_break	RG2_JPN225_PERIOD_M5_1781481600_1781913600_2242277260615829181	15907706220266423841	1677958137917904268	JPN225	VERIFICATION_B	True	\N	2	1	0.08013623	0.21035761	0.06542056	1.94330362	3.68960566	2	2	1	1	1	19	1	2	1	2	0.90232068	0.89036149	1.70816189	0.00382694	-36.01938457	0.0	-56.68511469	0.0	\N	4.75808875	8.81498548	2.47420615	0.09015326	95	38	12	12	0	18.89462086	0.90232068	36.01938457	1.72012107	-17.12476371	-0.8178004	0.0	0.0	0.0	0.0	0.0	2	98	1.0	6.123233995736766e-17	JPN225	ABOVE	ABOVE	DAILY_EXTREME|TPO_PROFILE	DAY_SWINGS|VOLKITT
reclaim_given_break	RG2_JPN225_PERIOD_M5_1781481600_1781913600_2242277260615829181	17054267131641285387	6084925282615394221	JPN225	VERIFICATION_B	True	\N	2	1	0.09719032	0.22088708	0.18796992	5.24827708	4.07021264	2	2	1	1	2	21	6	6	5	1	0.72272875	0.70793712	1.52014999	0.00533469	-27.96442996	0.0	-46.50004418	0.0	\N	7.07722212	11.27407669	4.94787065	0.07951935	95	37	12	12	0	13.16707899	0.72272875	27.96442996	1.53494162	-14.79735097	-0.81221287	0.0	0.0	0.0	0.0	0.0	2	93	0.9659258262890683	-0.25881904510252063	JPN225	ABOVE	ABOVE	DAILY_EXTREME|TPO_PROFILE	DAY_SWINGS|VOLKITT
reclaim_given_break	RG2_US30_PERIOD_M5_1770595200_1771027200_11377686176016407222	2132927616150750944	3598056857720278531	US30	VERIFICATION_A	False	1	1	-1	0.02185324	0.00021425	1.0	14.60953401	1.74211748	2	2	1	1	6	5	5	2	5	2	1.06777846	1.06829551	1.13454684	0.0010142	-24.43523118	0.0	-18.18746652	0.0	23.4189609	-17.51837172	-12.65495447	-25.70262453	0.02570969	91	30	8	8	0	23.00769668	1.06777846	24.43523118	1.1340298	-1.4275345	-0.06625133	0.0	0.0	0.0	0.0	0.0	2	7	0.25881904510252074	0.9659258262890683	US30	ABOVE	ABOVE	DAILY_EXTREME|PIVOT	DAY_SWINGS|WAYNE
reclaim_given_break	RG2_US30_PERIOD_M5_1770595200_1771027200_11377686176016407222	2132927616150750944	2071513602779740758	US30	VERIFICATION_A	True	\N	2	-1	0.10462659	0.06319446	1.0	14.16434744	1.72285114	2	2	1	1	14	37	5	2	5	2	1.06542181	1.07090848	1.13713632	0.00496981	-23.82398492	0.0	-17.72186068	0.0	22.8730461	-17.06836301	-12.31831593	-25.06183431	0.02511038	91	30	8	8	0	22.42972739	1.06542181	23.82398492	1.13164965	-1.39425752	-0.06622784	0.0	0.0	4.90625051	0.22810809	0.0021575	2	15	0.25881904510252074	0.9659258262890683	US30	ABOVE	ABOVE	DAILY_EXTREME|PIVOT	DAY_SWINGS|WAYNE
reclaim_given_break	RG2_US30_PERIOD_M5_1770595200_1771027200_11377686176016407222	12850248260243577609	5244259571840078518	US30	VERIFICATION_A	False	0	1	1	1.34789382	0.02426748	1.0	32.41236743	0.58421715	3	3	2	1	12	3372	8	0	8	0	1.29705664	1.27751203	1.18860646	0.03330203	-48.89969996	0.0	-36.45200431	0.0	60.02055995	-0.35502427	1.1279885	-1.2088801	0.05392774	94	34	10	10	0	52.49813687	1.29705664	48.89969996	1.20815108	3.59843691	0.08890556	0.0	0.0	0.0	0.0	0.0	3	257	0.9659258262890683	-0.25881904510252063	US30	ABOVE	ABOVE	ADAPTIVE_VALUE|PIVOT|TPO_PROFILE	VOLKITT|WAYNE
reclaim_given_break	RG2_US30_PERIOD_M5_1770595200_1771027200_11377686176016407222	8353703122964623707	17135579157176784967	US30	VERIFICATION_A	False	0	2	1	1.30061679	0.23100793	0.50717703	41.86875072	0.74704057	3	3	2	1	2	542	8	1	8	1	1.2469359	1.23055339	1.14054782	0.02436697	-61.75256108	0.0	-46.38834617	0.0	76.49092058	-0.23100793	1.55039651	-1.84001839	0.06895759	94	36	9	9	0	66.55671762	1.2469359	61.75256108	1.15693033	4.80415654	0.09000557	0.0	0.0	0.0	0.0	0.0	3	333	0.258819045102521	-0.9659258262890682	US30	ABOVE	ABOVE	ADAPTIVE_VALUE|PIVOT|TPO_PROFILE	VOLKITT|WAYNE
reclaim_given_break	RG2_US30_PERIOD_M5_1770595200_1771027200_11377686176016407222	16793775399525179018	8190520286472182484	US30	VERIFICATION_A	False	0	6	1	0.74663631	0.20674776	0.16478318	2.21612531	0.35448944	3	3	2	1	906	24019	1	0	1	0	1.15822857	1.13707954	1.13547748	0.02427915	-35.56876718	0.0	-27.38821691	0.0	45.11552052	-0.50489263	2.00937755	-4.92185376	0.02378364	94	30	11	11	0	35.61803404	1.15822857	35.56876718	1.15662651	0.04926686	0.00160206	0.0	0.0	0.0	0.0	0.0	3	103	-0.9659258262890683	-0.25881904510252063	US30	ABOVE	ABOVE	ADAPTIVE_VALUE|PIVOT|TPO_PROFILE	VOLKITT|WAYNE
reclaim_given_break	RG2_US30_PERIOD_M5_1770595200_1771027200_11377686176016407222	16521504932038091045	1969231480080726204	US30	VERIFICATION_A	False	1	1	-1	0.66106131	0.12333795	0.35094963	22.0150713	0.31385998	3	3	2	1	1	0	8	0	8	0	1.17837258	1.18804984	1.10689091	0.02448642	-29.62153598	0.12602977	-23.28169184	0.0	39.94464834	0.12935443	1.30256904	-3.93177306	0.0210577	94	32	10	10	2	31.81258786	1.17837258	29.62153598	1.09721365	2.19105188	0.08115893	0.12599187	0.00444824	4.37606978	0.15450039	-0.04828273	3	373	-0.5000000000000004	0.8660254037844384	US30	ABOVE	ABOVE	ADAPTIVE_VALUE|PIVOT|TPO_PROFILE	VOLKITT|WAYNE
reclaim_given_break	RG2_US30_PERIOD_M5_1770595200_1771027200_11377686176016407222	12058467619841603184	4368045859036410963	US30	VERIFICATION_A	False	1	1	-1	0.03770492	0.49606557	0.02803805	0.91311475	1.02404372	2	2	1	1	1	3	0	2	0	2	0.15509108	0.17714547	1.26956506	0.00161493	-29.12643152	0.0478361	-22.49508197	0.0	43.5357377	3.02065574	4.29934426	0.13540984	0.03934426	96	35	12	12	0	3.62101093	0.15509108	29.12643152	1.24751067	-25.50542059	-1.09241959	0.04594555	0.00190773	4.5143372	0.18744193	-0.07137213	2	3211	0.49999999999999994	0.8660254037844387	US30	MEDIAN_CORE	MEDIAN_CORE	MID_PIVOT|TPO_PROFILE	VOLKITT|WAYNE
reclaim_given_break	RG2_US30_PERIOD_M5_1770595200_1771027200_11377686176016407222	12058467619841603184	1934222765890054384	US30	VERIFICATION_A	False	1	2	-1	0.0461662	0.17181855	0.28617363	1.11802489	1.16820554	2	2	1	1	14	3301	0	1	0	1	0.33899021	0.3456416	1.23857102	0.00157551	-36.09819997	0.0	-27.9787234	0.0	53.3054998	3.26294661	4.8285829	-0.26977118	0.04817342	96	36	11	11	0	9.93322628	0.33899021	36.09819997	1.23191963	-26.16497369	-0.89292942	0.0	0.0	0.0	0.0	0.0	2	94	0.49999999999999994	0.8660254037844387	US30	MEDIAN_CORE	MEDIAN_CORE	MID_PIVOT|TPO_PROFILE	VOLKITT|WAYNE
reclaim_given_break	RG2_US30_PERIOD_M5_1770595200_1771027200_11377686176016407222	12058467619841603184	2013053368594605810	US30	VERIFICATION_A	False	1	3	1	0.16390084	0.02007785	0.32994924	2.98299529	1.10633067	2	3	2	1	15	3604	2	0	2	0	0.34459044	0.340922	1.19535006	0.00529102	-37.14219383	0.06232006	-28.9170252	0.0	54.40852284	2.97111248	4.56914567	-1.29030936	0.04917025	96	36	10	10	0	10.67443488	0.34459044	37.14219383	1.1990185	-26.46775894	-0.85442806	0.06105664	0.00208367	-0.17273853	-0.00589503	0.03509965	3	26	0.7071067811865476	0.7071067811865476	US30	MEDIAN_CORE	MEDIAN_CORE	MID_PIVOT|TPO_PROFILE	VOLKITT|WAYNE
reclaim_given_break	RG2_US30_PERIOD_M5_1770595200_1771027200_11377686176016407222	12058467619841603184	12655286774044774295	US30	VERIFICATION_A	False	1	4	1	0.04865665	0.39136873	0.03846312	3.20076158	1.1423736	2	2	1	1	17	4200	3	0	3	0	0.36036163	0.34685408	1.24082483	0.00158104	-38.60229492	0.0	-30.10916014	0.0	56.18108737	2.81785488	4.46795007	-1.58239898	0.05077216	96	37	11	11	0	11.0901911	0.36036163	38.60229492	1.25433238	-27.51210382	-0.89397075	0.0	0.0	0.17906436	0.00569171	-0.03860142	2	1238	0.7071067811865476	0.7071067811865476	US30	MEDIAN_CORE	MEDIAN_CORE	MID_PIVOT|TPO_PROFILE	VOLKITT|WAYNE
reclaim_given_break	RG2_US30_PERIOD_M5_1770595200_1771027200_11377686176016407222	12058467619841603184	3481483960310498480	US30	VERIFICATION_A	False	1	5	1	0.05077263	0.06975717	0.95238095	3.33995585	1.19205298	2	2	1	1	22	5700	3	0	3	0	0.34964484	0.34668358	1.24021488	0.00158026	-39.94239472	0.0	-31.0799117	0.0	58.62428256	3.2790287	5.000883	-1.31258278	0.05298013	96	38	11	11	0	11.23384842	0.34964484	39.94239472	1.24317614	-28.7085463	-0.8935313	0.0	0.0	0.0	0.0	0.00049169	2	24	0.7071067811865476	0.7071067811865476	US30	MEDIAN_CORE	MEDIAN_CORE	MID_PIVOT|TPO_PROFILE	VOLKITT|WAYNE
reclaim_given_break	RG2_US30_PERIOD_M5_1770595200_1771027200_11377686176016407222	3570102791368173735	10079431945676758502	US30	VERIFICATION_A	False	0	2	-1	1.10150376	0.22380952	0.03582218	2.21303258	2.1106934	2	2	2	0	13	3732	2	4	2	4	0.35172606	0.37832591	1.25945192	0.02994336	-45.35199487	0.08293623	-35.47067669	0.0	63.25388471	3.53834586	5.49323308	-0.67218045	0.06015038	96	41	11	11	0	12.93868003	0.35172606	45.35199487	1.23285206	-32.41331484	-0.88112601	0.08124615	0.00225461	0.0	0.0	3.028e-05	2	2074	0.9659258262890683	0.25881904510252074	US30	MEDIAN_CORE	MEDIAN_CORE	ADAPTIVE_VALUE|TPO_PROFILE	VOLKITT
reclaim_given_break	RG2_US30_PERIOD_M5_1770595200_1771027200_11377686176016407222	5873960758142239613	11720346952492554468	US30	VERIFICATION_A	True	\N	1	-1	0.09694477	0.05875441	0.0509684	2.48163925	0.64923619	2	2	1	1	1	1	2	0	2	0	0.4023487	0.40484105	1.28617978	0.00225335	-55.2273803	0.0	-43.72091657	0.0	74.14306698	2.00352526	4.29494712	-2.81433608	0.07050529	96	41	11	11	0	17.31002742	0.4023487	55.2273803	1.28368743	-37.91735288	-0.88133873	0.0	0.0	0.0	0.0	0.0	2	202	1.0	6.123233995736766e-17	US30	MEDIAN_CORE	MEDIAN_CORE	DAILY_EXTREME|MID_PIVOT	DAY_SWINGS|WAYNE
reclaim_given_break	RG2_US30_PERIOD_M5_1770595200_1771027200_11377686176016407222	17011246688060387898	16163696519192542488	US30	VERIFICATION_A	False	0	3	1	1.61402864	0.19684172	0.51862464	20.29746603	3.09278982	2	2	2	0	1	187	12	3	12	3	0.41174078	0.38857352	1.16816344	0.02812904	-68.35788388	0.0790848	-54.11384502	0.0	92.68564084	3.04590525	5.91039295	-2.82996695	0.08813808	96	45	9	9	0	23.62545395	0.41174078	68.35788388	1.1913307	-44.73242993	-0.77958992	0.07760285	0.00136986	0.0	0.0	-0.0061271	2	1050	0.8660254037844387	-0.4999999999999998	US30	MEDIAN_CORE	MEDIAN_CORE	ADAPTIVE_VALUE|TPO_PROFILE	VOLKITT
reclaim_given_break	RG2_US30_PERIOD_M5_1770595200_1771027200_11377686176016407222	2465974492825804361	5203201357733511912	US30	VERIFICATION_A	True	\N	1	-1	0.04571429	0.0007619	1.0	17.69142857	3.31809524	2	2	1	1	5	6	8	2	8	2	0.45650217	0.45691199	1.27663264	0.0007932	-73.55260319	0.0	-59.2472381	0.0	96.14590476	0.04647619	3.01790476	-6.0487619	0.09142857	96	43	10	10	0	26.30960847	0.45650217	73.55260319	1.27622283	-47.24299472	-0.81972066	0.0	0.0	0.0	0.0	0.0	2	6	0.258819045102521	-0.9659258262890682	US30	MEDIAN_CORE	MEDIAN_CORE	DAILY_EXTREME|TPO_PROFILE	DAY_SWINGS|VOLKITT
reclaim_given_break	RG2_US30_PERIOD_M5_1770595200_1771027200_11377686176016407222	7304426603663139124	4825770276841221887	US30	VERIFICATION_A	True	\N	1	-1	0.11957774	0.00076775	1.0	16.99904031	4.09827255	2	2	1	1	1	1	6	4	6	4	0.46911089	0.47015276	1.28919866	0.00205731	-74.87200897	0.0	-60.45681382	0.0	96.8840691	-0.70786948	2.28637236	-6.84990403	0.09213052	96	43	10	10	0	27.26630412	0.46911089	74.87200897	1.2881568	-47.60570486	-0.8190459	0.0	0.0	0.0	0.0	0.0	2	8	0.258819045102521	-0.9659258262890682	US30	MEDIAN_CORE	MEDIAN_CORE	DAILY_EXTREME|SENTINEL	DAY_SWINGS|VOLKITT
reclaim_given_break	RG2_US30_PERIOD_M5_1770595200_1771027200_11377686176016407222	17522823782358767960	12799838366280938361	US30	VERIFICATION_A	False	0	6	1	1.62536982	0.25443787	0.03454259	20.44008876	3.1145217	2	2	2	0	28	8549	12	3	12	3	0.41244484	0.39855417	1.15760113	0.02811072	-67.73597861	0.0	-54.55029586	0.0	93.33690828	3.01109467	5.89571006	-3.12795858	0.0887574	96	45	9	9	0	23.84767423	0.41244484	67.73597861	1.17149179	-43.88830438	-0.75904695	0.0	0.0	0.0	0.0	0.0	2	896	-0.4999999999999997	-0.8660254037844388	US30	MEDIAN_CORE	MEDIAN_CORE	ADAPTIVE_VALUE|TPO_PROFILE	VOLKITT
reclaim_given_break	RG2_US30_PERIOD_M5_1770595200_1771027200_11377686176016407222	17394512219197730556	1787645536461304329	US30	VERIFICATION_A	True	\N	1	1	0.027894	0.01743375	0.00630762	4.28695955	12.22454672	2	2	1	1	6	2	4	6	2	1	0.2765243	0.27590635	1.1380027	0.0005493	-57.82081107	0.0	-45.38912134	0.0	87.99965132	8.88075314	11.60041841	3.09274756	0.08368201	96	41	11	11	0	14.0423059	0.2765243	57.82081107	1.13862065	-43.77850517	-0.86209635	0.0	0.0	0.0	0.0	0.0	2	144	-0.4999999999999997	-0.8660254037844388	US30	MEDIAN_CORE	MEDIAN_CORE	DAILY_EXTREME|TPO_PROFILE	DAY_SWINGS|VOLKITT
reclaim_given_break	RG2_US30_PERIOD_M5_1770595200_1771027200_11377686176016407222	8610547274825421436	12396063504365656301	US30	VERIFICATION_A	False	0	2	-1	0.09674134	0.25763747	0.10762016	12.78731452	6.92585588	2	2	0	2	209	6078	6	8	6	8	0.47007641	0.47676674	1.22031994	0.00211508	-55.51003686	0.0	-45.65551353	0.0	73.43118999	-0.37009019	1.89933081	-5.95635729	0.06982834	96	45	9	9	0	21.50075971	0.47007641	55.51003686	1.21362961	-34.00927716	-0.7435532	0.0	0.0	0.0	0.0	0.0	2	130	-0.8660254037844385	-0.5000000000000004	US30	MEDIAN_CORE	MEDIAN_CORE	MID_PIVOT|SENTINEL	VOLKITT|WAYNE
reclaim_given_break	RG2_US30_PERIOD_M5_1770595200_1771027200_11377686176016407222	11340863278823167669	3717950644345255902	US30	VERIFICATION_A	False	1	2	-1	4.65108946	0.21946836	0.1140712	20.01072116	10.39400246	4	5	1	4	79	65	3	4	3	4	0.75472459	0.82732587	1.61912681	0.12941012	-55.58319854	0.0	-47.57307729	0.0	59.68758869	-10.76340933	-8.91873995	-15.30413395	0.00945984	95	41	10	10	0	27.12532453	0.75472459	55.58319854	1.54652553	-28.45787401	-0.79180094	0.0	0.0	0.0	0.0	0.0	5	548	-0.8660254037844385	-0.5000000000000004	US30	ABOVE	ABOVE	DAILY_EXTREME|MID_PIVOT|PIVOT|PIVOT_ZONE	DAY_SWINGS|WAYNE
reclaim_given_break	RG2_US30_PERIOD_M5_1770595200_1771027200_11377686176016407222	2214735417436279919	16467065940172091130	US30	VERIFICATION_A	False	1	4	-1	0.04491544	0.01722321	0.1025641	5.93694278	0.22750401	2	2	0	2	952	20681	5	0	5	0	0.46847182	0.4704042	1.2055027	0.00218728	-24.71506544	0.0	-21.29950829	0.0	\N	-0.27422057	4.50775382	-3.73237154	0.01891176	94	40	10	10	0	9.61997112	0.46847182	24.71506544	1.20357032	-15.09509432	-0.7350985	0.0	0.0	0.0	0.0	0.0	2	47	-0.8660254037844386	0.5000000000000001	US30	MEDIAN_CORE	MEDIAN_CORE	MID_PIVOT|SENTINEL	VOLKITT|WAYNE
reclaim_given_break	RG2_US30_PERIOD_M5_1770595200_1771027200_11377686176016407222	5796758692675339317	15867933918216019130	US30	VERIFICATION_A	False	1	1	1	0.06393977	0.49800976	0.11133847	0.22750401	2.9241188	2	2	0	2	438	13660	0	3	0	3	0.4824836	0.45667474	1.19177324	0.00311373	-25.00279441	0.0	-21.58723726	0.0	\N	-0.56194953	4.22002486	-4.0201005	0.01891176	94	40	10	10	0	9.90770009	0.4824836	25.00279441	1.2175821	-15.09509432	-0.7350985	0.0	0.0	0.0	0.0	0.0	2	263	-0.8660254037844386	0.5000000000000001	US30	MEDIAN_CORE	MEDIAN_CORE	PIVOT|TPO_PROFILE	VOLKITT|WAYNE
reclaim_given_break	RG2_US30_PERIOD_M5_1770595200_1771027200_11377686176016407222	2214735417436279919	6685537804707096342	US30	VERIFICATION_A	False	1	5	-1	0.04393035	0.23299598	0.42185339	5.8067329	0.22251436	2	2	0	2	954	21000	5	0	5	0	0.45770972	0.4704042	1.2055027	0.00218728	-23.95686059	0.0	-20.61621393	0.0	\N	-0.05205581	4.62503964	-3.43436212	0.01849699	94	40	10	10	0	9.19283403	0.45770972	23.95686059	1.19280822	-14.76402656	-0.7350985	0.0	0.0	0.0	0.0	0.0	2	29	-0.8660254037844386	0.5000000000000001	US30	MEDIAN_CORE	MEDIAN_CORE	MID_PIVOT|SENTINEL	VOLKITT|WAYNE
reclaim_given_break	RG2_US30_PERIOD_M5_1770595200_1771027200_11377686176016407222	5796758692675339317	5906909490260401361	US30	VERIFICATION_A	False	0	2	1	0.06209442	0.49649298	0.14568318	0.22093806	2.83972643	2	2	0	2	441	14414	0	3	0	3	0.48312827	0.45667474	1.19177324	0.00311373	-24.29405027	0.0	-20.97706879	0.0	\N	-0.5585874	4.08537545	-3.91693341	0.01836595	94	40	10	10	0	9.63461225	0.48312827	24.29405027	1.21822677	-14.65943803	-0.7350985	0.0	0.0	0.0	0.0	0.0	2	305	-0.8660254037844386	0.5000000000000001	US30	MEDIAN_CORE	MEDIAN_CORE	PIVOT|TPO_PROFILE	VOLKITT|WAYNE
reclaim_given_break	RG2_US30_PERIOD_M5_1770595200_1771027200_11377686176016407222	2214735417436279919	16396948091415496838	US30	VERIFICATION_A	False	1	8	-1	0.04207902	0.20976233	0.0332071	5.56202384	0.21313709	2	2	0	2	959	22649	5	0	5	0	0.47809761	0.49085793	1.26955118	0.00232642	-22.73216257	0.22851556	-19.76081399	0.0	31.86324635	-0.06327672	4.41671518	-2.74620972	0.01771748	95	35	12	12	0	8.64757441	0.47809761	22.73216257	1.25679086	-14.08458815	-0.77869326	0.23209906	0.01187833	0.17395289	0.00890254	-0.06166908	2	427	-0.7071067811865477	0.7071067811865474	US30	MEDIAN_CORE	MEDIAN_CORE	MID_PIVOT|SENTINEL	VOLKITT|WAYNE
reclaim_given_break	RG2_US30_PERIOD_M5_1770595200_1771027200_11377686176016407222	5796758692675339317	10542113819747559795	US30	VERIFICATION_A	False	1	4	1	0.06084132	0.00908335	0.00875173	0.21647943	2.78241943	2	2	0	2	444	15570	0	3	0	3	0.45869647	0.45667474	1.19177324	0.00311373	-23.32639482	0.0	-20.07635158	0.0	\N	-0.06992468	4.48032083	-3.3604977	0.01799532	94	40	10	10	0	8.9627911	0.45869647	23.32639482	1.19379497	-14.36360372	-0.7350985	0.0	0.0	0.0	0.0	0.0	2	57	-0.8660254037844386	0.5000000000000001	US30	MEDIAN_CORE	MEDIAN_CORE	PIVOT|TPO_PROFILE	VOLKITT|WAYNE
reclaim_given_break	RG2_US30_PERIOD_M5_1770595200_1771027200_11377686176016407222	2214735417436279919	9240301625847302246	US30	VERIFICATION_A	False	1	9	-1	0.04159474	0.29566664	0.54470803	5.49801096	0.21068411	2	2	0	2	961	23100	5	0	5	0	0.4731579	0.49085793	1.26955118	0.00232642	-22.38222149	0.0	-19.44506993	0.0	31.49653481	0.02576997	4.45420201	-2.62628537	0.01751357	95	35	12	12	0	8.45973173	0.4731579	22.38222149	1.25185116	-13.92248976	-0.77869326	0.0	0.0	0.0	0.0	0.0	2	30	-0.7071067811865477	0.7071067811865474	US30	MEDIAN_CORE	MEDIAN_CORE	MID_PIVOT|SENTINEL	VOLKITT|WAYNE
reclaim_given_break	RG2_US30_PERIOD_M5_1770595200_1771027200_11377686176016407222	5796758692675339317	13613165315799785190	US30	VERIFICATION_A	False	1	5	1	0.05891774	0.39242534	0.83194154	0.20963512	1.01807364	2	2	0	2	448	16500	0	1	0	1	0.49996944	0.47625513	1.25494839	0.00331179	-22.74776596	0.0	-19.82523837	0.0	31.33971471	-0.45134308	3.95503996	-3.09019393	0.01742637	95	35	12	12	0	8.89459577	0.49996944	22.74776596	1.2786627	-13.85317019	-0.77869326	0.0	0.0	0.0	0.0	0.0	2	56	-0.7071067811865477	0.7071067811865474	US30	MEDIAN_CORE	MEDIAN_CORE	PIVOT|TPO_PROFILE	VOLKITT|WAYNE
reclaim_given_break	RG2_US30_PERIOD_M5_1770595200_1771027200_11377686176016407222	2214735417436279919	17008190595084518251	US30	VERIFICATION_A	False	0	10	-1	0.04119279	0.41570653	0.69041769	5.44488218	0.20864822	2	2	0	2	963	23700	5	0	5	0	0.46621713	0.49085793	1.26955118	0.00232642	-22.043039	0.0	-19.13426993	0.0	31.19217523	0.14841795	4.53405684	-2.47800986	0.01734433	95	35	12	12	0	8.25508604	0.46621713	22.043039	1.24491039	-13.78795295	-0.77869326	0.0	0.0	0.0	0.0	0.0	2	30	-0.7071067811865477	0.7071067811865474	US30	MEDIAN_CORE	MEDIAN_CORE	MID_PIVOT|SENTINEL	VOLKITT|WAYNE
reclaim_given_break	RG2_US30_PERIOD_M5_1770595200_1771027200_11377686176016407222	2214735417436279919	10626317656933587871	US30	VERIFICATION_A	False	1	12	-1	0.03820609	0.00591764	0.33333333	5.05009882	0.19352009	2	2	0	2	981	29322	5	0	5	0	0.28489422	0.28639587	1.24204352	0.002293	-20.67000704	0.0	-18.12657995	0.0	28.93057407	-0.24199108	3.71075976	-2.65500758	0.01608678	95	36	10	10	0	4.74693011	0.28489422	20.67000704	1.24054186	-15.92307693	-0.95564764	0.0	0.0	0.0	0.0	0.0	2	3	-0.5000000000000004	0.8660254037844384	US30	MEDIAN_CORE	MEDIAN_CORE	MID_PIVOT|SENTINEL	VOLKITT|WAYNE
reclaim_given_break	RG2_US30_PERIOD_M5_1770595200_1771027200_11377686176016407222	14128529055633312478	10561710211212616517	US30	VERIFICATION_A	False	1	6	1	0.05438863	0.49623876	0.17261621	0.19352009	0.93981247	2	2	0	2	467	22358	0	1	0	1	0.3034175	0.27200286	1.22765051	0.00326422	-20.97864334	0.0	-18.43521625	0.0	28.93057407	-0.55062738	3.40212345	-2.96364388	0.01608678	95	36	10	10	0	5.05556641	0.3034175	20.97864334	1.25906514	-15.92307693	-0.95564764	0.0	0.0	0.0	0.0	0.0	2	180	-0.5000000000000004	0.8660254037844384	US30	MEDIAN_CORE	MEDIAN_CORE	PIVOT|TPO_PROFILE	VOLKITT|WAYNE
reclaim_given_break	RG2_US30_PERIOD_M5_1770595200_1771027200_11377686176016407222	2214735417436279919	262317870384785818	US30	VERIFICATION_A	False	0	13	-1	0.03753754	0.18193005	0.18340611	4.96172865	0.19013374	2	2	0	2	983	29700	5	0	5	0	0.2741361	0.28639587	1.23349164	0.002293	-19.99219409	0.1399987	-17.63327237	0.0	28.42432658	-0.06164059	3.64131048	-2.43243243	0.01580528	95	36	10	10	0	4.48774903	0.2741361	19.99219409	1.22123186	-15.50444506	-0.94709576	0.14077746	0.00855188	0.0	0.0	0.0	2	38	-0.25881904510252157	0.9659258262890681	US30	MEDIAN_CORE	MEDIAN_CORE	MID_PIVOT|SENTINEL	VOLKITT|WAYNE
reclaim_given_break	RG2_US30_PERIOD_M5_1770595200_1771027200_11377686176016407222	7871642301051503259	2443552822449290750	US30	VERIFICATION_A	True	\N	1	-1	0.02510158	0.09883748	0.30156569	3.59658618	1.78691894	2	2	1	1	19	145	3	4	3	4	0.22474848	0.23062318	1.1914057	0.00132388	-22.47848395	0.03773679	-20.0576552	0.0	29.62500588	-1.74377559	1.99792912	-4.21471267	0.02823928	94	36	13	13	0	4.26138592	0.22474848	22.47848395	1.185531	-18.21709803	-0.96078252	0.03757321	0.00218417	5.19537321	0.3020123	0.09289878	2	87	0.25881904510252074	0.9659258262890683	US30	MEDIAN_CORE	MEDIAN_CORE	DAILY_EXTREME|PIVOT	DAY_SWINGS|WAYNE
reclaim_given_break	RG2_US30_PERIOD_M5_1770595200_1771027200_11377686176016407222	14074949625836590814	13942511633272320317	US30	VERIFICATION_A	True	\N	1	-1	0.0077682	0.12170175	0.44337138	3.54488723	0.31072788	2	2	2	0	1	0	3	0	3	0	0.22198131	0.22813988	1.23838317	0.00038094	-25.12757743	0.02586251	-22.48970714	0.0	32.59755561	-0.18902613	1.77891711	-0.31849608	0.03107279	97	36	14	14	2	4.52665247	0.22198131	25.12757743	1.2322246	-20.60092496	-1.01024329	0.02526712	0.00121012	4.25416308	0.20374558	-0.04692666	2	31	0.49999999999999994	0.8660254037844387	US30	MEDIAN_CORE	MEDIAN_CORE	DAILY_EXTREME|TPO_PROFILE	DAY_SWINGS|VOLKITT
reclaim_given_break	RG2_US30_PERIOD_M5_1770595200_1771027200_11377686176016407222	9099760046735220649	1668501932085449416	US30	VERIFICATION_A	True	\N	1	-1	0.02561311	0.02241147	0.47916667	3.69469168	3.63812939	2	2	2	0	1	4	3	7	3	7	0.41353988	0.41485647	1.19161566	0.00095752	-31.83981495	0.02936328	-28.60760709	0.0	40.30495614	-0.71396555	1.39911635	-0.9060639	0.03841967	97	41	12	12	0	11.06195372	0.41353988	31.83981495	1.19029907	-20.77786123	-0.77675919	0.02905629	0.00110028	0.0	0.0	0.00233486	2	12	0.7071067811865476	0.7071067811865476	US30	MEDIAN_CORE	MEDIAN_CORE	DAILY_EXTREME|TPO_PROFILE	DAY_SWINGS|VOLKITT
reclaim_given_break	RG2_US30_PERIOD_M5_1770595200_1771027200_11377686176016407222	812595792187342346	10255170306580037313	US30	VERIFICATION_A	True	\N	1	-1	0.05164805	0.0003698	1.0	3.63631881	4.81115795	2	2	1	1	2	4	2	8	2	8	0.43359101	0.43443786	1.21032439	0.00166979	-37.41013165	0.0	-33.67687301	0.0	46.55295466	-1.4592116	0.98143628	-1.68108868	0.04437542	97	41	12	12	0	13.41132544	0.43359101	37.41013165	1.20947753	-23.99880621	-0.77588652	0.0	0.0	0.0	0.0	0.0	2	7	0.7071067811865476	0.7071067811865476	US30	MEDIAN_CORE	MEDIAN_CORE	DAILY_EXTREME|PIVOT	DAY_SWINGS|WAYNE
reclaim_given_break	RG2_US30_PERIOD_M5_1770595200_1771027200_11377686176016407222	4143625096456706185	6240768506162622577	US30	VERIFICATION_A	True	\N	2	-1	0.04757091	0.13319855	0.98275862	5.43497651	10.75667479	2	2	2	0	26	7504	2	11	2	11	0.63208698	0.63527922	1.22814812	0.00096735	-60.23937202	0.0	-54.46809776	0.0	74.85788191	-1.47231968	1.26300767	-2.00749242	0.07135637	97	43	12	12	0	31.08399509	0.63208698	60.23937202	1.22495588	-29.15537693	-0.5928689	0.0	0.0	0.0	0.0	0.0	2	28	1.0	6.123233995736766e-17	US30	ABOVE	ABOVE	DAILY_EXTREME|TPO_PROFILE	DAY_SWINGS|VOLKITT
reclaim_given_break	RG2_US30_PERIOD_M5_1770595200_1771027200_11377686176016407222	11262252641794809889	17150590368134946037	US30	VERIFICATION_A	False	1	2	1	0.08331945	0.26078987	0.06317922	9.93167805	12.73912681	1	2	2	0	7	2009	5	8	5	8	0.60716123	0.60276299	1.19540752	0.00121163	-82.50608216	0.0	-74.5175804	0.0	104.88960173	-0.26078987	3.57190468	-0.34410932	0.09998334	97	43	12	12	0	41.75217009	0.60716123	82.50608216	1.19980575	-40.75391207	-0.59264453	0.0	0.0	0.0	0.0	0.0	2	522	0.9659258262890683	-0.25881904510252063	US30	ABOVE	ABOVE	TPO_PROFILE	VOLKITT
reclaim_given_break	RG2_US30_PERIOD_M5_1770595200_1771027200_11377686176016407222	11262252641794809889	10861073864695818575	US30	VERIFICATION_A	False	0	3	1	0.08785802	0.0755579	0.296875	10.47267616	13.43305219	1	2	2	0	10	2702	5	8	5	8	0.60441082	0.60276299	1.19540752	0.00121163	-86.80091356	0.0	-78.37726234	0.0	110.60314532	-0.0755579	3.96591109	-0.16341592	0.10542963	97	43	12	12	0	43.82705548	0.60441082	86.80091356	1.19705535	-42.97385808	-0.59264453	0.0	0.0	0.0	0.0	0.0	2	130	0.9659258262890683	-0.25881904510252063	US30	ABOVE	ABOVE	TPO_PROFILE	VOLKITT
reclaim_given_break	RG2_US30_PERIOD_M5_1770595200_1771027200_11377686176016407222	11262252641794809889	9575968064959222688	US30	VERIFICATION_A	False	0	5	1	0.0919794	0.16464312	0.01997584	10.96394408	14.06318985	1	2	2	0	13	3625	5	8	5	8	0.60553764	0.60276299	1.19372465	0.00121163	-90.83048832	0.12775286	-82.13944077	0.0	115.79148271	-0.16464312	4.06640912	-0.25662252	0.11037528	97	43	12	12	0	45.96850124	0.60553764	90.83048832	1.19649929	-44.86198708	-0.59096166	0.12538856	0.00168287	0.0	0.0	0.0	2	733	0.8660254037844387	-0.4999999999999998	US30	ABOVE	ABOVE	TPO_PROFILE	VOLKITT
reclaim_given_break	RG2_US30_PERIOD_M5_1770595200_1771027200_11377686176016407222	11262252641794809889	2671468341639204302	US30	VERIFICATION_A	False	0	7	1	0.1023332	0.02967663	0.0276739	12.19811707	15.64623414	1	2	2	0	17	5057	5	8	5	8	0.60372019	0.60276299	1.19372465	0.00121163	-100.90146019	0.0	-91.23209169	0.0	128.82572657	-0.02967663	4.67765043	-0.13200982	0.12279984	97	43	12	12	0	50.9895155	0.60372019	100.90146019	1.19468184	-49.91194469	-0.59096166	0.0	0.0	0.0	0.0	0.0	2	100	0.8660254037844387	-0.4999999999999998	US30	ABOVE	ABOVE	TPO_PROFILE	VOLKITT
reclaim_given_break	RG2_US30_PERIOD_M5_1770595200_1771027200_11377686176016407222	11262252641794809889	2345389544796926745	US30	VERIFICATION_A	False	1	9	1	0.10814318	0.08435168	0.01692209	12.89066724	16.53455175	1	2	2	0	20	5786	5	8	5	8	0.60431389	0.60276299	1.19372465	0.00121163	-106.68314794	0.0	-96.46479939	0.0	136.13982913	-0.08435168	4.89023467	-0.19249486	0.12977182	97	43	12	12	0	53.93744409	0.60431389	106.68314794	1.19527554	-52.74570386	-0.59096166	0.0	0.0	0.0	0.0	0.0	2	553	0.8660254037844387	-0.4999999999999998	US30	ABOVE	ABOVE	TPO_PROFILE	VOLKITT
reclaim_given_break	RG2_US30_PERIOD_M5_1770595200_1771027200_11377686176016407222	11262252641794809889	17393145036758285117	US30	VERIFICATION_A	False	1	10	1	0.10890873	0.46395121	0.98185941	12.98192115	16.65160096	1	2	2	0	23	6601	5	8	5	8	0.60853037	0.60276299	1.19372465	0.00121163	-107.81736757	0.0	-97.52668264	0.0	137.10357221	-0.46395121	4.54585058	-0.57285994	0.13069048	97	43	12	12	0	54.6982733	0.60853037	107.81736757	1.19949203	-53.11909427	-0.59096166	0.0	0.0	0.0	0.0	0.0	2	29	0.8660254037844387	-0.4999999999999998	US30	ABOVE	ABOVE	TPO_PROFILE	VOLKITT
reclaim_given_break	RG2_US30_PERIOD_M5_1770595200_1771027200_11377686176016407222	11262252641794809889	10602309451584264518	US30	VERIFICATION_A	True	\N	11	1	0.10950504	0.42268944	0.31087289	13.05300044	16.74277267	1	2	2	0	24	6901	5	8	5	8	0.60804572	0.60276299	1.19372465	0.00121163	-108.3638928	0.0	-98.01686378	0.0	137.8542488	-0.42268944	4.61454227	-0.53219448	0.13140604	97	43	12	12	0	54.95395811	0.60804572	108.3638928	1.19900737	-53.40993469	-0.59096166	0.0	0.0	0.0	0.0	0.0	2	194	0.8660254037844387	-0.4999999999999998	US30	ABOVE	ABOVE	TPO_PROFILE	VOLKITT
reclaim_given_break	RG2_US30_PERIOD_M5_1770595200_1771027200_11377686176016407222	2680800950971836021	14616848726111598714	US30	VERIFICATION_A	True	\N	1	1	0.02872154	0.00035026	1.0	0.99229422	4.14711033	2	2	1	1	7	1	0	6	0	6	0.17834555	0.17783707	0.84955662	0.00099275	-24.59341238	0.0	-23.60980736	0.0	44.63966725	7.7117338	9.46304729	4.94465849	0.02451839	97	40	12	12	0	5.15975263	0.17834555	24.59341238	0.8500651	-19.43365976	-0.67171955	0.0	0.0	0.0	0.0	0.0	2	5	-0.9659258262890683	-0.25881904510252063	US30	MEDIAN_CORE	MEDIAN_CORE	DAILY_EXTREME|TPO_PROFILE	DAY_SWINGS|VOLKITT
reclaim_given_break	RG2_US30_PERIOD_M5_1770595200_1771027200_11377686176016407222	12649764013844028452	7519335830777924865	US30	VERIFICATION_A	False	0	1	1	0.08554732	0.49569251	0.97035992	8.30772938	1.47822158	2	2	0	2	88	4771	11	1	11	1	0.48441992	0.46700839	0.94381715	0.00276621	-29.72680006	0.0	-28.71172962	0.0	46.0676848	3.61178384	5.41912163	0.75619013	0.02530273	97	42	11	11	0	14.98109073	0.48441992	29.72680006	0.96122868	-14.74570933	-0.47680876	0.0	0.0	0.0	0.0	0.0	2	23	-0.9659258262890683	-0.25881904510252063	US30	MEDIAN_CORE	MEDIAN_CORE	PIVOT|TPO_PROFILE	VOLKITT|WAYNE
reclaim_given_break	RG2_US30_PERIOD_M5_1770595200_1771027200_11377686176016407222	12231645257384011840	723837107305049205	US30	VERIFICATION_A	True	\N	1	1	0.08756567	0.01856392	0.00248443	1.73905429	3.34150613	2	2	1	1	8	1	2	4	2	4	0.16673214	0.16457514	0.82349037	0.00302949	-23.86486597	0.0	-22.88126095	0.0	44.63966725	8.44028021	10.1915937	5.6732049	0.02451839	97	40	12	12	0	4.81929729	0.16673214	23.86486597	0.82564737	-19.04556869	-0.65891523	0.0	0.0	0.0	0.0	0.0	2	225	-0.9659258262890683	-0.25881904510252063	US30	MEDIAN_CORE	MEDIAN_CORE	DAILY_EXTREME|TPO_PROFILE	DAY_SWINGS|VOLKITT
reclaim_given_break	RG2_US30_PERIOD_M5_1770595200_1771027200_11377686176016407222	621347133830489523	4490171492834820440	US30	VERIFICATION_A	True	\N	1	1	0.43815302	0.00337041	0.00234831	2.53623188	1.99865184	1	2	1	1	20	4	4	2	4	2	0.15556621	0.14458528	0.78414929	0.0157737	-22.08668431	0.0	-21.14020897	0.0	42.95458375	8.99898888	10.68419279	6.3363667	0.02359285	97	40	12	12	0	4.32123146	0.15556621	22.08668431	0.79513021	-17.76545285	-0.639564	0.0	0.0	4.75695053	0.15873863	-0.03610822	2	135	-0.9659258262890683	-0.25881904510252063	US30	MEDIAN_CORE	MEDIAN_CORE	DAILY_EXTREME	DAY_SWINGS
reclaim_given_break	RG2_US30_PERIOD_M5_1770595200_1771027200_11377686176016407222	9076139144381887553	10803296384417473854	US30	VERIFICATION_A	True	\N	1	1	0.04453859	0.00260714	0.00459242	3.36157732	1.40242246	2	2	1	1	8	1	5	1	5	1	0.13369444	0.13276759	0.76086259	0.00165943	-20.44620901	0.0	-19.53104123	0.0	41.53372984	9.61121069	11.24067134	7.03666286	0.02281245	97	40	12	12	0	3.58832016	0.13369444	20.44620901	0.76178944	-16.85788885	-0.628095	0.0	0.0	-0.5611729	-0.0201764	-0.00129105	2	21	-0.9659258262890683	-0.25881904510252063	US30	MEDIAN_CORE	MEDIAN_CORE	DAILY_EXTREME|PIVOT	DAY_SWINGS|WAYNE
reclaim_given_break	RG2_US30_PERIOD_M5_1770595200_1771027200_11377686176016407222	6256300554478053016	10646476464116992754	US30	VERIFICATION_A	False	0	3	1	1.22434326	0.21628722	0.15977823	1.4323993	5.16812609	4	4	1	3	1183	72647	1	7	1	7	0.42504383	0.39310434	0.86991311	0.04085613	-27.02598681	0.0	-26.04238179	0.0	44.63966725	5.27915937	7.03047285	2.51208406	0.02451839	97	42	11	11	0	12.73736865	0.42504383	27.02598681	0.90185259	-14.28861816	-0.47680876	0.0	0.0	0.0	0.0	0.0	4	103	-0.9659258262890683	-0.25881904510252063	US30	MEDIAN_CORE	MEDIAN_CORE	ADAPTIVE_VALUE|MID_PIVOT|SENTINEL|TPO_PROFILE	VOLKITT|WAYNE
reclaim_given_break	RG2_US30_PERIOD_M5_1770595200_1771027200_11377686176016407222	6256300554478053016	17880945975910594986	US30	VERIFICATION_A	False	1	5	1	0.05600052	0.00723421	0.07815631	1.44684149	1.20998579	2	2	0	2	1986	76837	2	1	2	1	0.23850739	0.23685595	0.89294457	0.00262475	-19.08669789	0.0	-18.66709727	0.0	\N	4.35912673	8.05373983	2.26637385	0.01808552	95	38	12	12	0	5.08868632	0.23850739	19.08669789	0.89459601	-13.99801156	-0.65608862	0.0	0.0	0.0	0.0	0.0	2	25	-1.0	-1.8369701987210297e-16	US30	MEDIAN_CORE	MEDIAN_CORE	SENTINEL|TPO_PROFILE	VOLKITT
reclaim_given_break	RG2_US30_PERIOD_M5_1770595200_1771027200_11377686176016407222	6038647182290305182	17748449625820009546	US30	VERIFICATION_A	False	0	2	-1	0.10757062	0.20673446	0.07834101	1.2700339	3.10327684	2	2	0	2	256	2069	1	4	1	4	0.16479638	0.17642965	0.83251827	0.00480347	-18.38320384	0.0	-17.94277966	0.0	\N	6.22616949	10.10413559	4.02955932	0.01898305	95	38	12	12	0	3.6905113	0.16479638	18.38320384	0.820885	-14.69269254	-0.65608862	0.0	0.0	0.0	0.0	0.0	2	178	-1.0	-1.8369701987210297e-16	US30	MEDIAN_CORE	MEDIAN_CORE	PIVOT|TPO_PROFILE	VOLKITT|WAYNE
reclaim_given_break	RG2_US30_PERIOD_M5_1770595200_1771027200_11377686176016407222	6256300554478053016	10874301517750899220	US30	VERIFICATION_A	False	1	6	1	0.055237	0.49159021	0.98089492	1.42711519	1.19348879	2	2	0	2	1987	77188	2	1	2	1	0.2615277	0.23685595	0.89294457	0.00262475	-19.31092359	0.0	-18.89704383	0.0	\N	3.81523955	7.45948012	1.75101937	0.01783894	95	38	12	12	0	5.50376157	0.2615277	19.31092359	0.91761632	-13.80716202	-0.65608862	0.0	0.0	0.0	0.0	0.0	2	13	-1.0	-1.8369701987210297e-16	US30	MEDIAN_CORE	MEDIAN_CORE	SENTINEL|TPO_PROFILE	VOLKITT
reclaim_given_break	RG2_US30_PERIOD_M5_1770595200_1771027200_11377686176016407222	6038647182290305182	6634425508577546620	US30	VERIFICATION_A	False	0	4	-1	0.09911711	0.01307679	0.01423488	1.17022739	2.85940363	2	2	0	2	260	3001	1	4	1	4	0.17339418	0.17642965	0.83251827	0.00480347	-17.11595806	0.0	-16.71014493	0.0	\N	5.55947026	9.13268366	3.53548226	0.01749125	95	38	12	12	0	3.57790115	0.17339418	17.11595806	0.8294828	-13.53805691	-0.65608862	0.0	0.0	0.0	0.0	0.0	2	26	-1.0	-1.8369701987210297e-16	US30	MEDIAN_CORE	MEDIAN_CORE	PIVOT|TPO_PROFILE	VOLKITT|WAYNE
reclaim_given_break	RG2_US30_PERIOD_M5_1770595200_1771027200_11377686176016407222	208546951027789171	16369579254531343524	US30	VERIFICATION_A	False	0	3	1	0.05761117	0.00884453	0.00078557	5.59477442	1.36319377	2	2	0	2	1072	10222	9	2	9	2	0.30928789	0.30741494	0.96350356	0.00286593	-19.40605262	0.0	-19.01071081	0.0	\N	2.68427459	6.16528724	0.71251217	0.01703992	95	38	12	12	0	6.2173224	0.30928789	19.40605262	0.96537651	-13.18873022	-0.65608862	0.0	0.0	0.0	0.0	0.0	2	980	-1.0	-1.8369701987210297e-16	US30	MEDIAN_CORE	MEDIAN_CORE	PIVOT|TPO_PROFILE	VOLKITT|WAYNE
reclaim_given_break	RG2_US30_PERIOD_M5_1770595200_1771027200_11377686176016407222	6256300554478053016	9545614244252797086	US30	VERIFICATION_A	False	1	7	1	0.05309247	0.49993876	0.01447617	1.37170851	1.14715248	2	2	0	2	1989	77727	2	1	2	1	0.26288397	0.23685595	0.89294457	0.00262475	-18.58862564	0.0	-18.19081445	0.0	\N	3.63968157	7.14243723	1.65560318	0.01714636	95	38	12	12	0	5.31751633	0.26288397	18.58862564	0.9189726	-13.27110931	-0.65608862	0.0	0.0	0.0	0.0	0.0	2	1773	-1.0	-1.8369701987210297e-16	US30	MEDIAN_CORE	MEDIAN_CORE	SENTINEL|TPO_PROFILE	VOLKITT
reclaim_given_break	RG2_US30_PERIOD_M5_1770595200_1771027200_11377686176016407222	208546951027789171	9421043061549780017	US30	VERIFICATION_A	False	1	5	1	0.05451893	0.00629655	0.01001798	5.294479	1.29002534	2	2	0	2	1079	12447	8	3	8	3	0.13183417	0.13008237	0.94448667	0.00284618	-18.12532587	0.0	-17.98825155	0.0	\N	2.54227137	6.52752822	-0.36028565	0.01612532	95	38	11	11	0	2.52530139	0.13183417	18.12532587	0.94623847	-15.60002448	-0.8144043	0.0	0.0	3.37841787	0.17638357	0.006656	2	31	-0.9659258262890684	0.2588190451025203	US30	MEDIAN_CORE	MEDIAN_CORE	PIVOT|TPO_PROFILE	VOLKITT|WAYNE
reclaim_given_break	RG2_US30_PERIOD_M5_1770595200_1771027200_11377686176016407222	208546951027789171	3512738117857974885	US30	VERIFICATION_A	False	1	6	1	0.05342363	0.37456734	0.08110461	5.18811136	1.26410835	2	2	0	2	1081	12900	8	3	8	3	0.15145865	0.13008055	0.94447344	0.00284614	-18.12958005	0.0	-17.99525959	0.0	\N	2.1227991	6.02799097	-0.7214447	0.01580135	95	37	11	11	0	2.84296464	0.15145865	18.12958005	0.96585155	-15.28661542	-0.8143929	0.0	0.0	0.0	0.0	0.0	2	329	-0.9659258262890684	0.2588190451025203	US30	MEDIAN_CORE	MEDIAN_CORE	PIVOT|TPO_PROFILE	VOLKITT|WAYNE
reclaim_given_break	RG2_US30_PERIOD_M5_1770595200_1771027200_11377686176016407222	208546951027789171	1161801073915687390	US30	VERIFICATION_A	False	1	8	1	0.05228816	0.20289279	0.55635492	5.07784308	1.23724095	2	2	0	2	1085	14283	8	3	8	3	0.14254744	0.13008055	0.94447344	0.00284614	-17.58053988	0.0	-17.44907428	0.0	\N	2.24139455	6.06358535	-0.5423976	0.01546551	95	37	11	11	0	2.61882668	0.14254744	17.58053988	0.95694033	-14.9617132	-0.8143929	0.0	0.0	0.0	0.0	0.0	2	56	-0.9659258262890684	0.2588190451025203	US30	MEDIAN_CORE	MEDIAN_CORE	PIVOT|TPO_PROFILE	VOLKITT|WAYNE
reclaim_given_break	RG2_US30_PERIOD_M5_1770595200_1771027200_11377686176016407222	6256300554478053016	9158915471952364346	US30	VERIFICATION_A	False	1	8	1	0.05026087	0.49878261	0.01069853	1.29855072	1.08597101	2	2	0	2	1996	79840	3	1	3	1	0.26414703	0.23679409	0.88025357	0.00262407	-17.38412513	0.0	-17.24614493	0.0	\N	3.42005797	7.43165217	0.49831884	0.01623188	95	38	12	12	0	5.05942271	0.26414703	17.38412513	0.90760651	-12.32470242	-0.64345948	0.0	0.0	0.0	0.0	0.0	2	2844	-0.9659258262890684	0.2588190451025203	US30	MEDIAN_CORE	MEDIAN_CORE	SENTINEL|TPO_PROFILE	VOLKITT
reclaim_given_break	RG2_US30_PERIOD_M5_1770595200_1771027200_11377686176016407222	208546951027789171	6638461883357065124	US30	VERIFICATION_A	False	0	9	1	0.05189262	0.14391066	0.32846715	5.03943108	1.22788168	2	2	0	2	1086	14400	8	3	8	3	0.13939664	0.13008055	0.94447344	0.00284614	-17.39010231	0.0	-17.2596312	0.0	\N	2.28188655	6.0751639	-0.48084724	0.01534852	95	37	11	11	0	2.54156891	0.13939664	17.39010231	0.95378954	-14.8485334	-0.8143929	0.0	0.0	0.0	0.0	0.0	2	37	-0.9659258262890684	0.2588190451025203	US30	MEDIAN_CORE	MEDIAN_CORE	PIVOT|TPO_PROFILE	VOLKITT|WAYNE
reclaim_given_break	RG2_US30_PERIOD_M5_1770595200_1771027200_11377686176016407222	17182900116285671701	82969564715855646	US30	VERIFICATION_A	False	1	6	-1	0.08459154	0.00433621	0.00686904	0.99873113	2.44035941	2	2	0	2	280	9013	2	4	2	4	-0.00262922	0.0	0.80279512	0.00476946	-14.19180174	0.0	-14.26810543	0.0	\N	4.73790839	6.80649151	0.83532372	0.01492792	95	37	11	11	0	-0.04663198	-0.00262922	14.19180174	0.8001659	-14.23843372	-0.80279512	0.0	0.0	0.0	0.0	0.0	2	87	-0.8660254037844386	0.5000000000000001	US30	MEDIAN_CORE	MEDIAN_CORE	PIVOT|TPO_PROFILE	VOLKITT|WAYNE
reclaim_given_break	RG2_US30_PERIOD_M5_1770595200_1771027200_11377686176016407222	6256300554478053016	4480104379936250812	US30	VERIFICATION_A	False	0	10	1	0.16547252	0.2082569	0.3390411	1.08984181	1.0106934	3	3	0	3	2006	82840	1	2	1	2	0.07951776	0.06263727	0.86543239	0.00921929	-15.83619931	0.20563327	-15.91341692	0.0	\N	3.32024084	5.41360036	-0.62908691	0.01510672	95	37	11	11	0	1.42722518	0.07951776	15.83619931	0.88231288	-14.40897412	-0.80279512	0.20726592	0.01145772	0.0	0.0	7.624e-05	3	85	-0.8660254037844386	0.5000000000000001	US30	MEDIAN_CORE	MEDIAN_CORE	MID_PIVOT|SENTINEL|TPO_PROFILE	VOLKITT|WAYNE
reclaim_given_break	RG2_US30_PERIOD_M5_1770595200_1771027200_11377686176016407222	17182900116285671701	7708438936384654670	US30	VERIFICATION_A	False	1	8	-1	0.08407161	0.21222783	0.32816537	0.99259251	2.42535995	2	2	0	2	281	9423	2	4	2	4	-0.01442462	0.0	0.80279512	0.00476946	-13.89665481	0.0	-13.97248951	0.0	\N	4.91670552	6.97257429	1.03810775	0.01483617	95	37	11	11	0	-0.25426363	-0.01442462	13.89665481	0.7883705	-14.15091844	-0.80279512	0.0	0.0	0.0	0.0	0.0	2	85	-0.8660254037844386	0.5000000000000001	US30	MEDIAN_CORE	MEDIAN_CORE	PIVOT|TPO_PROFILE	VOLKITT|WAYNE
reclaim_given_break	RG2_US30_PERIOD_M5_1770595200_1771027200_11377686176016407222	17182900116285671701	3883098305947735313	US30	VERIFICATION_A	False	1	10	-1	0.08400929	0.21461197	0.19570223	0.99185675	2.42356214	2	2	0	2	283	9900	2	4	2	4	-0.0145689	0.0	0.80279512	0.00476946	-13.88381234	0.0	-13.95959083	0.0	\N	4.91560243	6.96994726	1.0398797	0.01482517	95	37	11	11	0	-0.25661661	-0.0145689	13.88381234	0.78822621	-14.14042895	-0.80279512	0.0	0.0	0.0	0.0	0.0	2	139	-0.8660254037844386	0.5000000000000001	US30	MEDIAN_CORE	MEDIAN_CORE	PIVOT|TPO_PROFILE	VOLKITT|WAYNE
reclaim_given_break	RG2_US30_PERIOD_M5_1770595200_1771027200_11377686176016407222	6256300554478053016	6604579158921492041	US30	VERIFICATION_A	False	0	12	1	0.16117674	0.00504498	0.11111111	1.06154881	0.98445514	3	3	0	3	2012	84617	1	2	1	2	0.06820332	0.06263727	0.86543239	0.00921929	-15.22727586	0.0	-15.30248886	0.0	\N	3.43185067	5.47086521	-0.41494997	0.01471454	95	37	11	11	0	1.19236806	0.06820332	15.22727586	0.87099843	-14.0349078	-0.80279512	0.0	0.0	0.0	0.0	0.0	3	15	-0.8660254037844386	0.5000000000000001	US30	MEDIAN_CORE	MEDIAN_CORE	MID_PIVOT|SENTINEL|TPO_PROFILE	VOLKITT|WAYNE
reclaim_given_break	RG2_US30_PERIOD_M5_1770595200_1771027200_11377686176016407222	17182900116285671701	12885080337846239798	US30	VERIFICATION_A	False	1	11	-1	0.08254087	0.34819763	0.62057643	0.97451984	2.3812001	2	2	0	2	285	10500	2	4	2	4	-0.02250465	0.0	0.80279512	0.00476946	-13.50379689	0.0	-13.57825083	0.0	\N	4.96701833	6.98545477	1.15904031	0.01456604	95	37	11	11	0	-0.38946806	-0.02250465	13.50379689	0.78029047	-13.89326495	-0.80279512	0.0	0.0	0.0	0.0	0.0	2	40	-0.8660254037844386	0.5000000000000001	US30	MEDIAN_CORE	MEDIAN_CORE	PIVOT|TPO_PROFILE	VOLKITT|WAYNE
reclaim_given_break	RG2_US30_PERIOD_M5_1770595200_1771027200_11377686176016407222	17182900116285671701	32133491339062081	US30	VERIFICATION_A	False	1	13	-1	0.08195254	0.20791152	0.31562693	0.96757365	2.36422737	2	2	0	2	287	11251	2	4	2	4	-0.01448474	0.0	0.80279512	0.00476946	-13.54534869	0.0	-13.61927193	0.0	\N	4.79381017	6.79785959	1.01297467	0.01446221	95	37	11	11	0	-0.24888779	-0.01448474	13.54534869	0.78831038	-13.79423648	-0.80279512	0.0	0.0	0.0	0.0	0.0	2	66	-0.8660254037844386	0.5000000000000001	US30	MEDIAN_CORE	MEDIAN_CORE	PIVOT|TPO_PROFILE	VOLKITT|WAYNE
reclaim_given_break	RG2_US30_PERIOD_M5_1770595200_1771027200_11377686176016407222	6783719481348504350	7442663541199787947	US30	VERIFICATION_A	False	1	1	1	0.10191187	0.13044719	1.0	0.28603264	1.94447842	1	2	1	1	1	0	0	3	0	3	-0.0123161	-0.02371436	0.82011169	0.00640352	-13.23346716	0.1791937	-13.48558966	0.0	\N	4.67979292	5.61738209	0.23643553	0.01426766	95	33	13	13	2	-0.19601049	-0.0123161	13.23346716	0.83150995	-13.42947765	-0.84382605	0.17965142	0.01057089	0.0	0.0	-0.06310191	2	14	-0.7071067811865477	0.7071067811865474	US30	MEDIAN_CORE	MEDIAN_CORE	TPO_PROFILE	VOLKITT
reclaim_given_break	RG2_US30_PERIOD_M5_1770595200_1771027200_11377686176016407222	17182900116285671701	12427825213563597057	US30	VERIFICATION_A	False	0	14	-1	0.08085008	0.16251546	0.2034398	0.9545575	0.28603264	2	2	0	2	290	12000	1	0	1	0	-0.01275154	0.0	0.84382605	0.00508012	-13.22653715	0.1791937	-13.47865966	0.0	\N	4.68672292	5.62431209	0.24336554	0.01426766	95	33	13	13	0	-0.2029405	-0.01275154	13.22653715	0.83107451	-13.42947765	-0.84382605	0.17965142	0.01057089	0.0	0.0	-0.06310191	2	41	-0.7071067811865477	0.7071067811865474	US30	MEDIAN_CORE	MEDIAN_CORE	PIVOT|TPO_PROFILE	VOLKITT|WAYNE
reclaim_given_break	RG2_US30_PERIOD_M5_1770595200_1771027200_11377686176016407222	208546951027789171	6143107000307885491	US30	VERIFICATION_A	False	0	11	1	0.04718517	0.00744329	0.05731394	3.0431113	1.00683853	2	2	0	2	1104	19891	6	1	6	1	0.14052305	0.13852942	0.98235547	0.003031	-15.3238903	0.0	-15.5705086	0.0	\N	2.19829735	3.11541759	-2.14805511	0.01395618	95	33	13	13	0	2.18759761	0.14052305	15.3238903	0.98434909	-13.13629269	-0.84382605	0.0	0.0	0.0	0.0	0.0	2	31	-0.7071067811865477	0.7071067811865474	US30	MEDIAN_CORE	MEDIAN_CORE	PIVOT|TPO_PROFILE	VOLKITT|WAYNE
reclaim_given_break	RG2_US30_PERIOD_M5_1770595200_1771027200_11377686176016407222	6256300554478053016	1055294288001638146	US30	VERIFICATION_A	False	1	14	1	0.1541299	0.01186001	0.00165837	1.01513659	0.94141355	3	3	0	3	2020	87202	1	1	1	1	0.07309401	0.06671718	0.91054323	0.00981979	-14.39182998	0.0	-14.64048083	0.0	\N	3.27477034	4.19944921	-1.10740346	0.0140712	95	33	13	13	0	1.14727186	0.07309401	14.39182998	0.91692006	-13.24455811	-0.84382605	0.0	0.0	0.0	0.0	0.0	3	1062	-0.7071067811865477	0.7071067811865474	US30	MEDIAN_CORE	MEDIAN_CORE	MID_PIVOT|SENTINEL|TPO_PROFILE	VOLKITT|WAYNE
reclaim_given_break	RG2_US30_PERIOD_M5_1770595200_1771027200_11377686176016407222	6256300554478053016	9742782897061878141	US30	VERIFICATION_A	False	1	15	1	0.15085486	0.4971767	0.16230234	0.99356641	0.92140988	3	3	0	3	2025	88794	1	1	1	1	0.10470177	0.06671718	0.91054323	0.00981979	-14.57159316	0.0	-14.81496055	0.0	\N	2.71961753	3.62464832	-1.56944144	0.01377221	95	33	13	13	0	1.60846269	0.10470177	14.57159316	0.94852782	-12.96313047	-0.84382605	0.0	0.0	0.0	0.0	0.0	3	334	-0.7071067811865477	0.7071067811865474	US30	MEDIAN_CORE	MEDIAN_CORE	MID_PIVOT|SENTINEL|TPO_PROFILE	VOLKITT|WAYNE
reclaim_given_break	RG2_US30_PERIOD_M5_1770595200_1771027200_11377686176016407222	6256300554478053016	2080065664330500330	US30	VERIFICATION_A	False	1	16	1	0.14912383	0.27422837	0.27903767	0.98216543	0.91083688	3	3	0	3	2028	89400	1	1	1	1	0.09039631	0.06671718	0.91054323	0.00981979	-14.18714366	0.0	-14.42771846	0.0	\N	2.90565377	3.80029951	-1.33418908	0.01361417	95	33	13	13	0	1.37276258	0.09039631	14.18714366	0.93422236	-12.81438109	-0.84382605	0.0	0.0	0.0	0.0	0.0	3	98	-0.7071067811865477	0.7071067811865474	US30	MEDIAN_CORE	MEDIAN_CORE	MID_PIVOT|SENTINEL|TPO_PROFILE	VOLKITT|WAYNE
reclaim_given_break	RG2_US30_PERIOD_M5_1770595200_1771027200_11377686176016407222	6256300554478053016	4946863974587101928	US30	VERIFICATION_A	False	1	22	1	0.67779027	0.20737997	0.02715283	0.79296905	0.56522919	4	5	1	4	2032	90824	1	0	1	0	0.09234349	0.05682081	0.83919907	0.04203864	-14.10316576	0.0	-14.50457613	0.0	24.71229543	2.77670054	3.66865741	-1.45039944	0.01357326	96	37	11	11	0	1.488857	0.09234349	14.10316576	0.87472175	-12.61430876	-0.78237826	0.0	0.0	0.0	0.0	0.0	5	1198	-0.5000000000000004	0.8660254037844384	US30	MEDIAN_CORE	MEDIAN_CORE	ADAPTIVE_VALUE|MID_PIVOT|SENTINEL|TPO_PROFILE	VOLKITT|WAYNE
reclaim_given_break	RG2_US30_PERIOD_M5_1770595200_1771027200_11377686176016407222	208546951027789171	18214794232256178336	US30	VERIFICATION_A	False	0	13	1	0.04388242	0.01545156	0.44660194	4.26153922	0.75826967	2	2	0	2	1125	26344	9	1	9	1	0.32595201	0.32343781	0.93747115	0.00295056	-13.98001506	0.0	-14.48917155	0.0	23.63091486	2.03589706	2.88882296	-2.00623007	0.01297931	96	34	12	12	0	4.84775006	0.32595201	13.98001506	0.93998535	-9.132265	-0.61403334	0.0	0.0	0.0	0.0	0.0	2	25	-0.25881904510252157	0.9659258262890681	US30	MEDIAN_CORE	MEDIAN_CORE	PIVOT|TPO_PROFILE	VOLKITT|WAYNE
reclaim_given_break	RG2_US30_PERIOD_M5_1770595200_1771027200_11377686176016407222	14504255244373104056	12657169209023692555	US30	VERIFICATION_A	True	\N	1	-1	0.01817764	0.01435077	0.01815039	3.10742031	0.1625464	2	2	1	1	2	0	5	1	5	1	0.06642551	0.06811375	0.98713466	0.00130925	-13.68196653	0.04923726	-14.25663006	0.0	24.38602618	2.79648693	3.67666756	-1.37480387	0.02296123	95	33	12	12	0	0.92225363	0.06642551	13.68196653	0.98544642	-12.75971289	-0.91902092	0.04865539	0.00320809	3.34486805	0.2205438	-0.10023509	2	85	0.25881904510252074	0.9659258262890683	US30	MEDIAN_CORE	MEDIAN_CORE	DAILY_EXTREME|MID_PIVOT	DAY_SWINGS|WAYNE
reclaim_given_break	RG2_US30_PERIOD_M5_1770595200_1771027200_11377686176016407222	6256300554478053016	11429616357762132138	US30	VERIFICATION_A	False	1	27	1	0.66099652	0.21478321	0.2158021	0.18072404	0.56561173	5	5	2	3	2088	100887	0	0	0	0	0.07089837	0.03565172	0.95492677	0.04760509	-13.7485541	0.04923726	-14.32321763	0.0	24.38602618	2.72989935	3.61007998	-1.44139145	0.02296123	95	32	12	12	0	0.98442357	0.07089837	13.7485541	0.99017342	-12.76413054	-0.91927505	0.04865539	0.00320809	3.34486805	0.2205438	-0.10023509	5	1744	0.25881904510252074	0.9659258262890683	US30	MEDIAN_CORE	MEDIAN_CORE	ADAPTIVE_VALUE|DAILY_EXTREME|MID_PIVOT|SENTINEL|TPO_PROFILE	DAY_SWINGS|VOLKITT|WAYNE
reclaim_given_break	RG2_US30_PERIOD_M5_1770595200_1771027200_11377686176016407222	10971929646642085402	17492667360013781337	US30	VERIFICATION_A	True	\N	2	-1	0.04737896	0.00025336	1.0	3.53821987	1.01168005	2	2	1	1	18	4171	4	2	4	2	0.09657031	0.09787172	1.00872517	0.00257529	-18.53412992	0.0	-19.44944133	0.0	\N	3.13106489	4.29653652	-1.48014898	0.03040361	97	35	12	12	0	1.77665717	0.09657031	18.53412992	1.00742375	-16.75747275	-0.91085345	0.0	0.0	0.0	0.0	0.0	2	7	0.7071067811865476	0.7071067811865476	US30	MEDIAN_CORE	MEDIAN_CORE	DAILY_EXTREME|PIVOT	DAY_SWINGS|WAYNE
reclaim_given_break	RG2_US30_PERIOD_M5_1770595200_1771027200_11377686176016407222	15708006035532791672	13608499039339633067	US30	VERIFICATION_A	True	\N	1	-1	0.02412286	0.00025754	1.0	3.31152833	1.33740246	2	2	1	1	8	5	3	3	3	3	0.1130402	0.11369862	1.02410102	0.0012893	-19.14866656	0.0	-20.07906462	0.0	\N	2.87362538	4.05830694	-1.81359293	0.03090474	97	35	12	12	0	2.11498833	0.1130402	19.14866656	1.0234426	-17.03367823	-0.9104024	0.0	0.0	0.0	0.0	0.00038196	2	6	0.7071067811865476	0.7071067811865476	US30	MEDIAN_CORE	MEDIAN_CORE	DAILY_EXTREME|PIVOT	DAY_SWINGS|WAYNE
reclaim_given_break	RG2_US30_PERIOD_M5_1770595200_1771027200_11377686176016407222	15708006035532791672	5631735683088632163	US30	VERIFICATION_A	True	\N	2	-1	0.0991527	0.01210435	0.00298727	3.05184269	1.52205826	2	2	1	1	21	130	2	4	2	4	0.12222957	0.12552497	1.03557899	0.00529741	-19.32147554	0.0	-20.2518736	0.0	\N	2.7008164	3.88549795	-1.98640192	0.03090474	97	35	12	12	0	2.28779732	0.12222957	19.32147554	1.03228359	-17.03367823	-0.91005402	0.0	0.0	0.0	0.0	0.00038196	2	899	0.7071067811865476	0.7071067811865476	US30	MEDIAN_CORE	MEDIAN_CORE	DAILY_EXTREME|MID_PIVOT	DAY_SWINGS|WAYNE
reclaim_given_break	RG2_US30_PERIOD_M5_1770595200_1771027200_11377686176016407222	8649434119120533120	4036375990271124057	US30	VERIFICATION_A	True	\N	2	-1	0.04823192	0.27301805	0.06569599	1.96418145	5.10623715	2	2	1	1	6	214	1	7	1	7	0.21327168	0.22415139	1.13091959	0.00176604	-30.58921435	0.0	-32.33417105	0.0	\N	1.60193435	3.35351458	-5.9374762	0.0456934	97	39	12	12	0	5.82462567	0.21327168	30.58921435	1.12003987	-24.76458868	-0.9067682	0.0	0.0	0.940648	0.03361277	-0.03445845	2	1319	0.9659258262890683	0.25881904510252074	US30	MEDIAN_CORE	MEDIAN_CORE	DAILY_EXTREME|PIVOT	DAY_SWINGS|WAYNE
reclaim_given_break	RG2_US30_PERIOD_M5_1770595200_1771027200_11377686176016407222	1366475052785435263	11195620686434815776	US30	VERIFICATION_A	True	\N	2	-1	0.00714796	0.48677627	0.57035803	7.72694782	29.69025494	2	2	2	0	52	16345	5	20	5	20	0.57021177	0.57863639	1.01837797	0.00012281	-58.78378404	0.0	-64.00428878	0.0	\N	-0.29949964	2.98856326	-8.66261615	0.08577555	97	46	9	9	0	33.18886506	0.57021177	58.78378404	1.00995336	-25.59491897	-0.43974158	0.0	0.0	0.0	0.0	0.0	2	62	0.258819045102521	-0.9659258262890682	US30	ABOVE	ABOVE	DAILY_EXTREME|TPO_PROFILE	DAY_SWINGS|VOLKITT
reclaim_given_break	RG2_US30_PERIOD_M5_1770595200_1771027200_11377686176016407222	7041675810825631685	12895613766957026140	US30	VERIFICATION_A	False	1	1	-1	0.01275239	0.00070847	1.0	7.17321998	29.90695478	2	2	1	1	2	2	4	21	4	21	0.58658289	0.58670563	1.02622699	0.00022094	-59.2245936	0.0	-64.39886645	0.0	\N	-1.25823592	2.00070847	-9.54729012	0.08501594	97	46	9	9	0	33.8563388	0.58658289	59.2245936	1.02610425	-25.3682548	-0.43952136	0.0	0.0	-5.41465405	-0.09302817	0.04063152	2	4	0.258819045102521	-0.9659258262890682	US30	ABOVE	ABOVE	DAILY_EXTREME|MID_PIVOT	DAY_SWINGS|WAYNE
reclaim_given_break	RG2_US30_PERIOD_M5_1770595200_1771027200_11377686176016407222	7041675810825631685	2532055782168724429	US30	VERIFICATION_A	True	\N	3	-1	0.05637255	0.25073529	0.05884088	7.23039216	31.21078431	2	2	1	1	10	999	3	22	3	22	0.58515558	0.58981085	1.02924665	0.00094087	-61.38861314	0.0	-66.75882353	0.0	\N	-1.22720588	2.15514706	-9.83014706	0.08823529	97	46	9	9	0	35.05972222	0.58515558	61.38861314	1.02459138	-26.32889091	-0.43943581	0.0	0.0	0.0	0.0	0.0	2	392	0.258819045102521	-0.9659258262890682	US30	ABOVE	ABOVE	DAILY_EXTREME|PIVOT	DAY_SWINGS|WAYNE
reclaim_given_break	RG2_US30_PERIOD_M5_1770595200_1771027200_11377686176016407222	15129824099422301251	14140351550594649046	US30	VERIFICATION_A	False	1	1	-1	0.05435351	0.48604578	0.97828709	6.16703251	26.61440368	2	2	1	1	33	9625	4	21	4	21	0.57970886	0.58975168	0.9711379	0.0010636	-49.11523729	0.0	-56.66227658	0.0	\N	-0.76826591	2.11665099	-6.34995296	0.0752587	97	46	9	9	0	29.62510017	0.57970886	49.11523729	0.96109508	-19.49013712	-0.38138622	0.0	0.0	0.0	0.0	0.0	2	14	-0.7071067811865471	-0.7071067811865479	US30	ABOVE	ABOVE	PIVOT|TPO_PROFILE	VOLKITT|WAYNE
reclaim_given_break	RG2_US30_PERIOD_M5_1770595200_1771027200_11377686176016407222	16809491170419675644	113121065158019268	US30	VERIFICATION_A	True	\N	2	-1	0.05644403	0.31357792	0.00483914	5.34336783	0.76722065	2	2	1	1	7	14	2	0	2	0	0.31580295	0.32274453	1.02460574	0.00114632	-50.10927931	0.0	-57.6563186	0.0	\N	-1.76230793	1.12260897	-7.34399498	0.0752587	97	44	10	10	0	15.54998084	0.31580295	50.10927931	1.01766416	-34.55929847	-0.70186121	0.0	0.0	0.0	0.0	0.0	2	2832	-0.7071067811865471	-0.7071067811865479	US30	MEDIAN_CORE	MEDIAN_CORE	DAILY_EXTREME|TPO_PROFILE	DAY_SWINGS|VOLKITT
reclaim_given_break	RG2_US30_PERIOD_M5_1770595200_1771027200_11377686176016407222	15129824099422301251	15033552996214111448	US30	VERIFICATION_A	False	0	2	-1	0.05344845	0.46130126	0.00763112	0.75444547	26.17124062	2	2	1	1	49	9900	0	21	0	21	0.29595895	0.30603804	1.00789925	0.00110386	-48.3140585	0.0	-55.73543016	0.0	\N	-0.77212458	2.06475486	-6.26086957	0.07400555	97	44	10	10	0	14.33021551	0.29595895	48.3140585	0.99782016	-33.98384299	-0.70186121	0.0	0.0	15.06916135	0.29487584	-0.03715501	2	2728	-0.7071067811865471	-0.7071067811865479	US30	MEDIAN_CORE	MEDIAN_CORE	PIVOT|TPO_PROFILE	VOLKITT|WAYNE
reclaim_given_break	RG2_US30_PERIOD_M5_1770595200_1771027200_11377686176016407222	15129824099422301251	10430438197206663734	US30	VERIFICATION_A	False	0	4	-1	0.13598782	0.02191347	0.01421344	4.58473207	8.71643044	3	3	1	2	292	13560	3	9	3	9	0.4979035	0.50086354	1.08478133	0.00406175	-36.2195278	0.0	-42.36805297	0.0	\N	-0.81499441	1.32972771	-4.59157031	0.03263708	97	37	12	12	0	16.66987857	0.4979035	36.2195278	1.08182129	-19.54964923	-0.58391779	0.0	0.0	0.0	0.0	0.0	3	27	-0.8660254037844385	-0.5000000000000004	US30	MEDIAN_CORE	ABOVE	MID_PIVOT|PIVOT|TPO_PROFILE	VOLKITT|WAYNE
reclaim_given_break	RG2_US30_PERIOD_M5_1770595200_1771027200_11377686176016407222	15129824099422301251	14973298186609929571	US30	VERIFICATION_A	True	\N	6	-1	0.12881096	0.02826481	0.10185185	4.34276966	8.25641479	3	3	1	2	294	14141	3	9	3	9	0.49766675	0.50086354	1.08478133	0.00406175	-34.3005093	0.0	-40.1245418	0.0	\N	-0.76447467	1.26705825	-4.34173917	0.03091463	97	37	12	12	0	15.78260635	0.49766675	34.3005093	1.08158455	-18.51790296	-0.58391779	0.0	0.0	0.0	0.0	0.0	3	5	-0.8660254037844385	-0.5000000000000004	US30	MEDIAN_CORE	ABOVE	MID_PIVOT|PIVOT|TPO_PROFILE	VOLKITT|WAYNE
reclaim_given_break	RG2_US30_PERIOD_M5_1770595200_1771027200_11377686176016407222	7834190417541969657	10163404005423807736	US30	VERIFICATION_A	False	1	1	-1	0.04311646	0.06898633	1.0	3.67352218	8.70952443	1	2	1	1	1	0	2	11	2	11	0.33844265	0.34126987	1.04544974	0.00134629	-33.39113357	0.70348257	-39.78053723	0.0	\N	-1.35385677	0.62950028	-5.2774544	0.03018152	97	40	11	11	-1	10.83899836	0.33844265	33.39113357	1.04262253	-22.55213521	-0.70417987	0.72057021	0.02272146	5.30259536	0.16720467	0.03381789	2	2	-0.9659258262890683	-0.25881904510252063	US30	MEDIAN_CORE	MEDIAN_CORE	TPO_PROFILE	VOLKITT
reclaim_given_break	RG2_US30_PERIOD_M5_1770595200_1771027200_11377686176016407222	7834190417541969657	11433977516185636556	US30	VERIFICATION_A	False	1	2	-1	0.04076142	0.49891982	0.12162296	3.47287327	0.49457194	1	2	1	1	3	631	2	0	2	0	0.29982402	0.31752478	1.07891329	0.00138938	-31.13359805	0.0	-37.17401052	0.0	\N	-0.84620715	1.02881833	-4.55549668	0.028533	97	38	12	12	0	8.79616514	0.29982402	31.13359805	1.06121253	-22.3374329	-0.76138851	0.0	0.0	1.03696835	0.03359343	-0.03150715	2	118	-0.9659258262890683	-0.25881904510252063	US30	MEDIAN_CORE	MEDIAN_CORE	TPO_PROFILE	VOLKITT
reclaim_given_break	RG2_US30_PERIOD_M5_1770595200_1771027200_11377686176016407222	15129824099422301251	6363651315472776803	US30	VERIFICATION_A	False	1	7	-1	0.11888748	0.28736803	0.27437642	0.49457194	7.6203481	2	2	0	2	295	15000	0	9	0	9	0.2861247	0.29794604	1.05933455	0.00405237	-30.73169041	0.0	-36.77210288	0.0	\N	-0.44429951	1.43072596	-4.15358904	0.028533	97	38	12	12	1	8.39425751	0.2861247	30.73169041	1.0475132	-22.3374329	-0.76138851	0.0	0.0	1.03696835	0.03359343	-0.03150715	2	31	-0.9659258262890683	-0.25881904510252063	US30	MEDIAN_CORE	MEDIAN_CORE	MID_PIVOT|PIVOT	WAYNE
reclaim_given_break	RG2_US30_PERIOD_M5_1770595200_1771027200_11377686176016407222	7834190417541969657	5763284826743984141	US30	VERIFICATION_A	False	1	3	-1	0.03820731	0.49211019	0.58284424	3.25526306	0.46358206	1	2	1	1	5	1201	2	0	2	0	0.29893482	0.31752478	1.07891329	0.00138938	-29.15831433	0.0	-34.82023459	0.0	\N	-0.76873114	0.98880526	-4.24559661	0.02674512	97	38	12	12	0	8.22054482	0.29893482	29.15831433	1.06032332	-20.93776951	-0.76138851	0.0	0.0	0.0	0.0	0.0	2	14	-0.9659258262890683	-0.25881904510252063	US30	MEDIAN_CORE	MEDIAN_CORE	TPO_PROFILE	VOLKITT
reclaim_given_break	RG2_US30_PERIOD_M5_1770595200_1771027200_11377686176016407222	15129824099422301251	2241284371515203702	US30	VERIFICATION_A	False	1	8	-1	0.10877808	0.20027599	1.0	0.45251681	6.97236415	2	2	0	2	298	15900	0	9	0	9	0.24377775	0.25289064	1.01754219	0.0038925	-28.1811271	0.0	-33.70790288	0.0	\N	-0.4691754	1.24641032	-3.8630515	0.02610674	97	38	11	11	0	6.81250699	0.24377775	28.1811271	1.00842929	-21.36862011	-0.76465155	0.0	0.0	0.95337063	0.03466871	0.04025082	2	14	-0.9659258262890683	-0.25881904510252063	US30	MEDIAN_CORE	MEDIAN_CORE	MID_PIVOT|PIVOT	WAYNE
reclaim_given_break	RG2_US30_PERIOD_M5_1770595200_1771027200_11377686176016407222	15129824099422301251	11656975238306947433	US30	VERIFICATION_A	False	1	9	-1	0.10731719	0.49966885	0.9400545	0.44643952	6.87872544	2	2	0	2	299	16220	0	9	0	9	0.23282092	0.25289064	1.01754219	0.0038925	-27.50057255	0.0	-32.95312385	0.0	\N	-0.16079182	1.53175362	-3.50908823	0.02575613	97	38	11	11	0	6.41893259	0.23282092	27.50057255	0.99747247	-21.08163996	-0.76465155	0.0	0.0	0.0	0.0	0.0	2	20	-0.9659258262890683	-0.25881904510252063	US30	MEDIAN_CORE	MEDIAN_CORE	MID_PIVOT|PIVOT	WAYNE
reclaim_given_break	RG2_US30_PERIOD_M5_1770595200_1771027200_11377686176016407222	8409431299067531588	5291611047665122227	US30	VERIFICATION_A	False	0	3	1	0.07269099	0.21128178	0.07630522	6.26970286	1.57061171	2	2	0	2	249	5240	9	1	9	1	0.00985414	0.0	0.76465155	0.00289268	-19.46275944	0.0	-24.43255752	0.0	\N	5.45643571	6.99912804	2.40458783	0.02347575	97	38	11	11	0	0.24762727	0.00985414	19.46275944	0.77450569	-19.21513216	-0.76465155	0.0	0.0	0.0	0.0	0.0	2	70	-0.9659258262890683	-0.25881904510252063	US30	MEDIAN_CORE	MEDIAN_CORE	SENTINEL|TPO_PROFILE	VOLKITT
reclaim_given_break	RG2_US30_PERIOD_M5_1770595200_1771027200_11377686176016407222	15218466462524261603	11406488536175621416	US30	VERIFICATION_A	True	\N	1	1	0.04385684	0.00032012	1.0	3.10401861	2.69116674	2	2	1	1	6	1	3	1	3	1	-0.13357301	-0.13451137	0.55387466	0.00184972	-13.15459853	0.0	-18.32095525	0.0	\N	10.20936039	11.9380242	6.72002049	0.0224086	97	37	11	11	0	-3.16701169	-0.13357301	13.15459853	0.55481303	-16.32161021	-0.68838604	0.0	0.0	0.0	0.0	0.0	2	6	-1.0	-1.8369701987210297e-16	US30	MEDIAN_CORE	MEDIAN_CORE	DAILY_EXTREME|MID_PIVOT	DAY_SWINGS|WAYNE
reclaim_given_break	RG2_US30_PERIOD_M5_1770595200_1771027200_11377686176016407222	9985381857171199223	13941407456436539684	US30	VERIFICATION_A	False	0	1	1	0.13302927	0.49634449	0.24199288	1.57061171	6.11711047	2	3	0	3	256	7471	1	5	1	5	-0.04419599	-0.06660195	0.6980496	0.0052938	-18.10451945	0.0	-23.07431753	0.0	\N	6.8146757	8.35736803	3.76282782	0.02347575	97	38	11	11	0	-1.11061272	-0.04419599	18.10451945	0.72045556	-19.21513216	-0.76465155	0.0	0.0	0.0	0.0	0.0	3	67	-0.9659258262890683	-0.25881904510252063	US30	MEDIAN_CORE	MEDIAN_CORE	PIVOT|TPO_PROFILE	VOLKITT|WAYNE
reclaim_given_break	RG2_US30_PERIOD_M5_1770595200_1771027200_11377686176016407222	15271279665170181517	12657399991694141314	US30	VERIFICATION_A	True	\N	1	1	0.37148252	0.00278612	0.03341483	5.17083037	0.10422149	1	2	1	1	44	25	4	0	4	0	-0.22810102	-0.24314382	0.44533332	0.01620409	-10.55423177	0.0	-15.55025849	0.0	\N	12.03943906	13.71111042	8.66513946	0.02166981	97	37	11	11	0	-5.22927007	-0.22810102	10.55423177	0.46037612	-15.78350184	-0.68847714	0.0	0.0	-0.79878896	-0.03212849	-0.04759041	2	25	-1.0	-1.8369701987210297e-16	US30	MEDIAN_CORE	MEDIAN_CORE	DAILY_EXTREME	DAY_SWINGS
reclaim_given_break	RG2_US30_PERIOD_M5_1770595200_1771027200_11377686176016407222	11152050001509376504	5648400931460372445	US30	VERIFICATION_A	True	\N	1	1	0.00515026	0.00154508	0.00203758	0.79571498	2.328432	2	2	1	1	8	1	0	1	0	1	-0.72205431	-0.72226843	-0.04943927	0.00026765	0.94721551	0.18248831	-2.68714753	0.70404038	\N	19.55913785	22.26302372	14.22861999	0.01802591	95	36	11	11	0	-13.89413929	-0.72205431	-0.94721551	-0.04922515	-12.94692378	-0.67282916	0.18445959	0.00912271	0.0	0.0	-0.00261355	2	47	-0.9659258262890684	0.2588190451025203	US30	BELOW	BELOW	DAILY_EXTREME|MID_PIVOT	DAY_SWINGS|WAYNE
reclaim_given_break	RG2_US30_PERIOD_M5_1770595200_1771027200_11377686176016407222	1825476508208160133	15374797518660924490	US30	VERIFICATION_A	False	0	1	1	10.41925482	0.49896494	0.29317419	0.10777472	4.72874868	5	18	1	17	727	2679	0	4	0	4	-0.22793021	-0.46952641	0.21896504	0.43951349	-10.91821976	0.0	-16.08457648	0.0	\N	12.44573916	14.17440297	8.95639926	0.0224086	97	37	11	11	0	-5.40339046	-0.22793021	10.91821976	0.46056123	-16.32161021	-0.68849144	0.0	0.0	0.0	0.0	0.0	18	2220	-1.0	-1.8369701987210297e-16	US30	MEDIAN_CORE	MEDIAN_CORE	DAILY_EXTREME|GLOBAL_VALUE|MID_PIVOT|PIVOT|PIVOT_ZONE	DAY_SWINGS|VOLKITT|WAYNE
reclaim_given_break	RG2_US30_PERIOD_M5_1770595200_1771027200_11377686176016407222	10839401177689637005	3210217274046440674	US30	VERIFICATION_A	True	\N	1	1	0.02130724	0.00132252	0.01677149	1.47460765	1.18262505	2	2	1	1	11	2	1	0	1	0	-0.76853773	-0.76926325	-0.0979135	0.0012908	1.6042854	0.0	-1.50656851	0.0	\N	17.53526715	19.84967378	12.97257979	0.01542938	95	36	11	11	0	-12.68627912	-0.76853773	-1.6042854	-0.09718798	-11.08199372	-0.67134975	0.0	0.0	0.0	0.0	0.0	2	19	-0.9659258262890684	0.2588190451025203	US30	BELOW	BELOW	DAILY_EXTREME|PIVOT	DAY_SWINGS|WAYNE
reclaim_given_break	RG2_US30_PERIOD_M5_1770595200_1771027200_11377686176016407222	12180095182484616641	6246678970563203376	US30	VERIFICATION_A	True	\N	1	-1	0.00333717	0.45552385	0.31436439	1.33653702	0.5080843	2	2	2	0	1	0	2	0	2	0	-0.68933673	-0.65251369	-0.16179825	0.00026878	2.46606879	0.09169579	-0.38777928	0.0	\N	13.95438087	16.5240026	10.28349268	0.02002303	94	25	11	11	1	-8.55875924	-0.68933673	-2.46606879	-0.19862129	-6.09269045	-0.49071544	0.08992522	0.00711689	-0.8376697	-0.06629509	-0.03702542	2	98	0.49999999999999994	0.8660254037844387	US30	BELOW	BELOW	DAILY_EXTREME|TPO_PROFILE	DAY_SWINGS|VOLKITT
reclaim_given_break	RG2_US30_PERIOD_M5_1770595200_1771027200_11377686176016407222	10459638960419779545	15436518762914509958	US30	VERIFICATION_A	True	\N	1	1	0.11599501	0.00018096	1.0	0.19398853	8.28794267	2	2	1	1	2	0	0	5	0	5	-0.75290076	-0.75720198	-0.26869441	0.00857568	3.57619241	0.0	0.48117117	0.0	\N	16.03535948	18.82213496	12.05425164	0.02171513	94	26	11	11	0	-10.18376432	-0.75290076	-3.57619241	-0.26439319	-6.60757191	-0.48850756	0.0	0.0	0.0	0.0	0.0	2	32	0.49999999999999994	0.8660254037844387	US30	BELOW	BELOW	DAILY_EXTREME|MID_PIVOT	DAY_SWINGS|WAYNE
reclaim_given_break	RG2_US30_PERIOD_M5_1770595200_1771027200_11377686176016407222	8430729405726511547	9847399973053138904	US30	VERIFICATION_A	False	0	13	1	0.69830305	0.21024178	0.02444406	0.5080843	7.82983765	5	6	4	2	662	25239	0	6	0	6	-0.67663682	-0.71725042	-0.22653498	0.05624249	2.30838746	0.09169579	-0.54546061	0.0	\N	13.79669954	16.36632127	10.12581135	0.02002303	94	25	11	11	0	-8.40107791	-0.67663682	-2.30838746	-0.18592137	-6.09269045	-0.49071544	0.08992522	0.00711689	-0.8376697	-0.06629509	-0.03702542	6	2486	0.49999999999999994	0.8660254037844387	US30	BELOW	BELOW	ADAPTIVE_VALUE|DAILY_EXTREME|MID_PIVOT|PIVOT|TPO_PROFILE	DAY_SWINGS|VOLKITT|WAYNE
reclaim_given_break	RG2_US30_PERIOD_M5_1770595200_1771027200_11377686176016407222	11651052392114481661	3212724513792350194	US30	VERIFICATION_A	False	1	1	1	0.03768387	0.47819533	0.09743374	2.84058423	13.28291491	2	2	1	1	1	0	4	9	4	9	-0.70975227	-0.73454835	-0.21146602	0.00187996	3.74179858	0.09643716	\N	\N	\N	21.30048339	25.30277041	15.58293051	0.03118665	93	30	10	10	1	-14.22698252	-0.70975227	-3.74179858	-0.18666994	-10.48518394	-0.52308233	0.09520009	0.00463193	-1.31332632	-0.06389941	-0.03793936	2	1296	0.9659258262890683	0.25881904510252074	US30	BELOW	BELOW	MID_PIVOT|TPO_PROFILE	VOLKITT|WAYNE
reclaim_given_break	RG2_US30_PERIOD_M5_1770595200_1771027200_11377686176016407222	11651052392114481661	12483145267394577383	US30	VERIFICATION_A	False	0	2	1	0.04205946	0.14793328	0.02496958	3.17041334	14.82523568	2	2	1	1	7	1800	4	9	4	9	-0.72699608	-0.73454835	-0.21146602	0.00187996	4.56205731	0.0	\N	\N	\N	24.1595359	28.62654097	17.77810007	0.03480783	93	30	10	10	0	-16.26470873	-0.72699608	-4.56205731	-0.20391375	-11.70265141	-0.52308233	0.0	0.0	0.0	0.0	0.0	2	1039	0.9659258262890683	0.25881904510252074	US30	BELOW	BELOW	MID_PIVOT|TPO_PROFILE	VOLKITT|WAYNE
reclaim_given_break	RG2_US30_PERIOD_M5_1770595200_1771027200_11377686176016407222	11651052392114481661	11836580261725988346	US30	VERIFICATION_A	False	0	4	1	0.04794974	0.00958995	0.01638385	3.61441799	0.13921958	2	2	1	1	16	4581	4	0	4	0	-0.50188817	-0.50320056	-0.21418434	0.00187485	5.44424395	0.0	-0.72189153	0.0	\N	27.70205026	32.79464286	20.42691799	0.03968254	94	30	10	10	0	-12.83589334	-0.50188817	-5.44424395	-0.21287195	-7.39164939	-0.28901622	0.0	0.0	0.0	0.0	0.0	2	127	1.0	6.123233995736766e-17	US30	BELOW	BELOW	MID_PIVOT|TPO_PROFILE	VOLKITT|WAYNE
reclaim_given_break	RG2_US30_PERIOD_M5_1770595200_1771027200_11377686176016407222	11651052392114481661	355884570292367634	US30	VERIFICATION_A	False	0	6	1	0.04912756	0.01355243	0.20912548	3.70320176	0.14263934	2	2	1	1	18	5339	4	0	4	0	-0.50174594	-0.50320056	-0.21418434	0.00187485	5.57424825	0.0	-0.74335084	0.0	\N	28.37879045	33.59647637	20.92495341	0.04065729	94	30	10	10	0	-13.1474645	-0.50174594	-5.57424825	-0.21272972	-7.57321625	-0.28901622	0.0	0.0	0.0	0.0	0.0	2	63	1.0	6.123233995736766e-17	US30	BELOW	BELOW	MID_PIVOT|TPO_PROFILE	VOLKITT|WAYNE
reclaim_given_break	RG2_US30_PERIOD_M5_1770595200_1771027200_11377686176016407222	6891572939180883144	2511662058089860731	US30	VERIFICATION_A	False	1	1	-1	1.00841403	0.00254009	0.01869159	0.13367201	15.08588665	3	3	2	1	1	25	0	7	0	7	-0.5507507	-0.53186138	-0.24284516	0.04106573	6.42717692	0.08087033	0.5067471	0.0	\N	27.79806318	32.68772821	20.81282743	0.03810129	94	30	10	10	0	-13.52428686	-0.5507507	-6.42717692	-0.26173448	-7.09710994	-0.28901622	0.07951955	0.00315925	-3.9396686	-0.15651982	-0.04155331	3	927	1.0	6.123233995736766e-17	US30	BELOW	BELOW	ADAPTIVE_VALUE|PIVOT|TPO_PROFILE	VOLKITT|WAYNE
reclaim_given_break	RG2_US30_PERIOD_M5_1770595200_1771027200_11377686176016407222	7137834502996919558	9075063806899838805	US30	VERIFICATION_A	False	1	1	-1	0.0686279	0.05032713	1.0	2.40563664	19.2638514	2	2	1	1	1	0	1	5	1	5	-0.49834904	-0.49590548	-0.35772939	0.00198127	12.47581616	0.16630685	3.25113236	0.0	\N	42.57674887	49.62254655	32.5113236	0.05490232	94	32	10	10	1	-17.26201502	-0.49834904	-12.47581616	-0.36017296	-4.78619887	-0.13817608	0.16687948	0.00460921	-3.94610861	-0.10899157	-0.04081434	2	3	0.258819045102521	-0.9659258262890682	US30	MEDIAN_CORE	MEDIAN_CORE	MID_PIVOT|TPO_PROFILE	VOLKITT|WAYNE
reclaim_given_break	RG2_US30_PERIOD_M5_1770595200_1771027200_11377686176016407222	7137834502996919558	16272307447863426470	US30	VERIFICATION_A	False	0	2	-1	0.06788252	0.49508983	0.07012176	2.37950853	19.0546228	2	2	1	1	2	570	1	5	1	5	-0.51134614	-0.49590548	-0.35772939	0.00198127	12.7856231	0.0	3.66113047	0.0	\N	42.55962348	49.52889533	32.60352084	0.05430601	94	32	10	10	0	-17.51983809	-0.51134614	-12.7856231	-0.37317006	-4.73421499	-0.13817608	0.0	0.0	0.0	0.0	0.0	2	418	0.258819045102521	-0.9659258262890682	US30	BELOW	MEDIAN_CORE	MID_PIVOT|TPO_PROFILE	VOLKITT|WAYNE
reclaim_given_break	RG2_US30_PERIOD_M5_1770595200_1771027200_11377686176016407222	10594804887174879995	11632460679681677648	US30	VERIFICATION_A	True	\N	1	1	0.05357511	0.00206058	0.13126492	7.40490418	12.12239852	2	2	1	1	3	1	4	3	4	3	-0.65729043	-0.65820722	-0.52404715	0.00170262	16.46096412	0.0	8.05728415	0.0	\N	43.48032145	49.82691119	34.41376468	0.04945395	94	32	10	10	0	-20.68248223	-0.65729043	-16.46096412	-0.52313035	-4.22151811	-0.13416008	0.0	0.0	0.0	0.0	0.0	2	38	-0.2588190451025208	-0.9659258262890683	US30	BELOW	BELOW	DAILY_EXTREME|PIVOT	DAY_SWINGS|WAYNE
reclaim_given_break	RG2_US30_PERIOD_M5_1770595200_1771027200_11377686176016407222	3316960686107018731	18148853427771542574	US30	VERIFICATION_A	False	1	1	-1	0.01887505	0.48961872	0.02963801	2.0415251	2.15175538	2	2	1	1	7	1896	1	0	1	0	-0.5396118	-0.52130861	-0.3786862	0.00069225	10.82434524	0.0	3.14949037	0.0	\N	35.59720649	41.41072103	27.29218573	0.04530011	94	28	12	12	0	-14.71309973	-0.5396118	-10.82434524	-0.39698939	-3.88875449	-0.14262241	0.0	0.0	0.0	0.0	0.0	2	1386	-0.4999999999999997	-0.8660254037844388	US30	BELOW	BELOW	MID_PIVOT|TPO_PROFILE	VOLKITT|WAYNE
reclaim_given_break	RG2_US30_PERIOD_M5_1770595200_1771027200_11377686176016407222	3316960686107018731	5174494364696053493	US30	VERIFICATION_A	False	1	2	-1	0.01825484	0.49726177	0.44285714	1.97444323	2.08105148	2	2	1	1	13	3698	1	0	1	0	-0.48936426	-0.47096542	-0.36230917	0.00066326	10.47818374	-0.01421879	3.06973348	0.0	\N	34.45125958	40.07374954	26.41913107	0.04381161	94	28	11	11	0	-13.46871757	-0.48936426	-10.47818374	-0.38070801	-2.99053382	-0.10865625	-0.01454267	-0.0005392	-0.80253315	-0.02975561	0.04278509	2	82	-0.7071067811865471	-0.7071067811865479	US30	MEDIAN_CORE	MEDIAN_CORE	MID_PIVOT|TPO_PROFILE	VOLKITT|WAYNE
reclaim_given_break	RG2_US30_PERIOD_M5_1770595200_1771027200_11377686176016407222	15165715350177812155	13165835650874770443	US30	VERIFICATION_A	False	1	8	1	0.93992933	0.21060071	0.27802691	2.01413428	11.90636042	2	2	2	0	15	4240	0	4	0	4	-0.53900266	-0.56965855	-0.46100229	0.03528545	11.46351423	0.0	4.29328622	0.0	\N	34.66572438	40.10742049	26.89187279	0.04240283	94	28	11	11	0	-14.35788601	-0.53900266	-11.46351423	-0.43034641	-2.89437178	-0.10865625	0.0	0.0	0.0	0.0	0.0	2	297	-0.7071067811865471	-0.7071067811865479	US30	BELOW	BELOW	ADAPTIVE_VALUE|TPO_PROFILE	VOLKITT
reclaim_given_break	RG2_US30_PERIOD_M5_1770595200_1771027200_11377686176016407222	3316960686107018731	12270372778409912546	US30	VERIFICATION_A	False	0	3	-1	0.01726221	0.48092525	0.39705882	1.86708096	1.96789228	2	2	1	1	17	5010	1	0	1	0	-0.48977548	-0.47096542	-0.36230917	0.00066326	9.9191249	0.0	2.91351631	0.0	\N	32.58864146	37.90540307	24.99326774	0.04142931	94	28	11	11	0	-12.74704554	-0.48977548	-9.9191249	-0.38111923	-2.82792064	-0.10865625	0.0	0.0	0.0	0.0	0.0	2	68	-0.7071067811865471	-0.7071067811865479	US30	MEDIAN_CORE	MEDIAN_CORE	MID_PIVOT|TPO_PROFILE	VOLKITT|WAYNE
reclaim_given_break	RG2_US30_PERIOD_M5_1770595200_1771027200_11377686176016407222	8588317368093760771	17603233638104091254	US30	VERIFICATION_A	False	0	1	-1	1.0718866	0.48295646	1.0	3.8798515	1.82517719	3	3	2	1	241	9002	4	1	4	1	-0.41787807	-0.37696965	-0.2683134	0.04213029	7.86727819	0.0	1.01889976	0.0	\N	30.02801215	35.22544718	22.60310496	0.04049949	94	28	11	11	0	-10.63173048	-0.41787807	-7.86727819	-0.30922182	-2.76445229	-0.10865625	0.0	0.0	0.0	0.0	0.0	3	15	-0.7071067811865471	-0.7071067811865479	US30	MEDIAN_CORE	MEDIAN_CORE	ADAPTIVE_VALUE|PIVOT|TPO_PROFILE	VOLKITT|WAYNE
reclaim_given_break	RG2_US30_PERIOD_M5_1770595200_1771027200_11377686176016407222	8588317368093760771	3973737081024446729	US30	VERIFICATION_A	False	0	5	-1	1.01001749	0.21211639	0.26544622	3.65590714	1.71982827	3	3	2	1	262	10059	4	1	4	1	-0.40774345	-0.37696965	-0.2683134	0.04213029	7.17021634	0.0	0.71712514	0.0	\N	28.05183654	32.94927651	21.05549372	0.03816187	94	28	11	11	0	-9.77510492	-0.40774345	-7.17021634	-0.2990872	-2.60488858	-0.10865625	0.0	0.0	0.0	0.0	0.0	3	108	-0.7071067811865471	-0.7071067811865479	US30	MEDIAN_CORE	MEDIAN_CORE	ADAPTIVE_VALUE|PIVOT|TPO_PROFILE	VOLKITT|WAYNE
reclaim_given_break	RG2_US30_PERIOD_M5_1770595200_1771027200_11377686176016407222	3316960686107018731	3375243186314247083	US30	VERIFICATION_A	False	1	5	-1	0.10367299	0.04383886	0.02352282	5.84419431	1.70319905	2	2	1	1	49	9159	7	0	7	0	-0.61418458	-0.61006821	-0.34519143	0.00446046	8.1188378	0.0	\N	\N	\N	27.5764218	32.13803318	21.05983412	0.0207346	93	30	10	10	0	-14.27527519	-0.61418458	-8.1188378	-0.3493078	-6.15643739	-0.26487678	0.0	0.0	0.0	0.0	0.0	2	24	-0.8660254037844385	-0.5000000000000004	US30	BELOW	BELOW	MID_PIVOT|TPO_PROFILE	VOLKITT|WAYNE
reclaim_given_break	RG2_US30_PERIOD_M5_1770595200_1771027200_11377686176016407222	15165715350177812155	5222668091491404062	US30	VERIFICATION_A	False	1	9	1	0.91834973	0.48575867	0.00375239	1.96789228	11.63300535	2	2	2	0	17	4830	0	4	0	4	-0.52824458	-0.56965855	-0.46100229	0.03528545	10.92033326	0.0	3.91472467	0.0	\N	33.58984982	38.90661143	25.99447609	0.04142931	94	28	11	11	0	-13.7482539	-0.52824458	-10.92033326	-0.41958832	-2.82792064	-0.10865625	0.0	0.0	0.0	0.0	0.0	2	4498	-0.7071067811865471	-0.7071067811865479	US30	BELOW	BELOW	ADAPTIVE_VALUE|TPO_PROFILE	VOLKITT
reclaim_given_break	RG2_US30_PERIOD_M5_1770595200_1771027200_11377686176016407222	3316960686107018731	17890673395258528160	US30	VERIFICATION_A	False	1	6	-1	0.09129562	0.4916921	0.97253306	5.14646425	1.49985654	2	2	1	1	279	9905	7	0	7	0	-0.82599821	-0.79877266	-0.35797899	0.0046257	7.60262838	0.0	\N	\N	\N	24.73719905	28.75420612	18.99861752	0.00521689	93	28	11	11	0	-16.30239716	-0.82599821	-7.60262838	-0.38520454	-8.69976878	-0.44079367	0.0	0.0	0.0	0.0	0.0	2	12	-0.8660254037844385	-0.5000000000000004	US30	BELOW	BELOW	MID_PIVOT|TPO_PROFILE	VOLKITT|WAYNE
reclaim_given_break	RG2_US30_PERIOD_M5_1770595200_1771027200_11377686176016407222	15165715350177812155	4663256137741173620	US30	VERIFICATION_A	False	1	10	1	0.67966375	0.49773871	1.0	1.46919795	8.60949996	2	2	2	0	280	10227	0	4	0	4	-0.85133384	-0.8997451	-0.45895143	0.03515533	7.93704076	0.0	\N	\N	\N	24.72136342	28.65625878	19.10008432	0.01788589	93	28	11	11	0	-16.45897744	-0.85133384	-7.93704076	-0.41054017	-8.52193668	-0.44079367	0.0	0.0	0.0	0.0	0.0	2	13	-0.8660254037844385	-0.5000000000000004	US30	BELOW	BELOW	ADAPTIVE_VALUE|TPO_PROFILE	VOLKITT
reclaim_given_break	RG2_US30_PERIOD_M5_1770595200_1771027200_11377686176016407222	3316960686107018731	2032039017004172836	US30	VERIFICATION_A	False	1	7	-1	0.08942944	0.27518716	0.04355597	5.0412653	1.46919795	2	2	1	1	280	10200	7	0	7	0	-0.81531945	-0.79877266	-0.35797899	0.0046257	7.24076869	0.0	\N	\N	\N	24.02509135	27.95998671	18.40381225	0.01788589	93	28	11	11	0	-15.76270537	-0.81531945	-7.24076869	-0.37452578	-8.52193668	-0.44079367	0.0	0.0	0.0	0.0	0.0	2	102	-0.8660254037844385	-0.5000000000000004	US30	BELOW	BELOW	MID_PIVOT|TPO_PROFILE	VOLKITT|WAYNE
reclaim_given_break	RG2_US30_PERIOD_M5_1770595200_1771027200_11377686176016407222	3316960686107018731	11176786048881940205	US30	VERIFICATION_A	True	\N	8	-1	0.08708201	0.46252986	0.38598673	4.9089371	1.43063296	2	2	1	1	281	10500	7	0	7	0	-0.82565459	-0.79877266	-0.35797899	0.0046257	7.2452718	0.0	\N	\N	\N	23.58902269	27.42063097	18.11529658	0.0174164	93	28	11	11	0	-15.54351612	-0.82565459	-7.2452718	-0.38486092	-8.29824432	-0.44079367	0.0	0.0	0.0	0.0	0.0	2	20	-0.8660254037844385	-0.5000000000000004	US30	BELOW	BELOW	MID_PIVOT|TPO_PROFILE	VOLKITT|WAYNE
reclaim_given_break	RG2_US30_PERIOD_M5_1781481600_1781913600_2230841755197406111	10194416131184058682	18188511811538662449	US30	VERIFICATION_B	True	\N	1	-1	0.07123162	0.00028722	1.0	4.8153148	3.05328968	2	2	1	1	4	2	0	1	0	1	1.02292097	1.02431802	1.170179	0.00277175	-30.03671133	0.0	-30.78857422	0.0	\N	-8.23357077	-3.75287224	-9.72713695	0.0201057	94	22	9	9	0	26.28820684	1.02292097	30.03671133	1.16878195	-3.74850448	-0.14586099	0.0	0.0	0.0	0.0	0.0	2	7	-1.0	-1.8369701987210297e-16	US30	ABOVE	ABOVE	DAILY_EXTREME|MID_PIVOT	DAY_SWINGS|WAYNE
reclaim_given_break	RG2_US30_PERIOD_M5_1781481600_1781913600_2230841755197406111	12643513024156086500	6665677292913507567	US30	VERIFICATION_B	True	\N	1	-1	0.04875274	0.02356383	0.1875	1.71717992	1.71266578	2	2	1	1	3	5	0	1	0	1	0.63905281	0.64106319	1.17326972	0.00204445	-27.9302455	0.0	-31.54315972	0.0	43.7965521	-7.18642507	0.07231657	-9.56989247	0.03250183	95	37	11	11	0	15.239069	0.63905281	27.9302455	1.17125934	-12.69117649	-0.53220653	0.0	0.0	0.0	0.0	0.0	2	36	0.25881904510252074	0.9659258262890683	US30	ABOVE	ABOVE	DAILY_EXTREME|TPO_PROFILE	DAY_SWINGS|VOLKITT
reclaim_given_break	RG2_US30_PERIOD_M5_1781481600_1781913600_2230841755197406111	9627036572774966164	12896084912018715455	US30	VERIFICATION_B	True	\N	1	-1	0.02090613	0.09855748	0.01108502	0.40916286	3.40570837	2	2	2	0	1	0	0	4	0	4	0.69093996	0.69506742	1.22342218	0.00079157	-32.20279163	0.03991643	-36.2265926	0.0	48.29353702	-1.0064809	0.09855748	-1.45446943	0.03583908	98	40	11	11	1	18.24841462	0.69093996	32.20279163	1.21929471	-13.95437701	-0.52835476	0.03943938	0.00149974	3.11745062	0.11854521	-0.00771896	2	2677	0.49999999999999994	0.8660254037844387	US30	ABOVE	ABOVE	DAILY_EXTREME|TPO_PROFILE	DAY_SWINGS|VOLKITT
reclaim_given_break	RG2_US30_PERIOD_M5_1781481600_1781913600_2230841755197406111	11205280330334751235	17642302071105684790	US30	VERIFICATION_B	True	\N	1	-1	0.00744048	0.48883929	0.98243045	0.37946429	4.39112103	2	2	2	0	1	16	0	4	0	4	0.68410861	0.6990756	1.22542562	0.00022609	-39.83586211	0.06019712	-44.90829613	0.0	60.15671503	-0.21800595	0.48883929	-1.37127976	0.04464286	98	40	11	11	0	22.51382688	0.68410861	39.83586211	1.21045863	-17.32203523	-0.52635003	0.05908704	0.0018157	3.85773842	0.11854568	-0.00738264	2	22	0.7071067811865476	0.7071067811865476	US30	ABOVE	ABOVE	DAILY_EXTREME|TPO_PROFILE	DAY_SWINGS|VOLKITT
reclaim_given_break	RG2_US30_PERIOD_M5_1781481600_1781913600_2230841755197406111	11805942421831447247	4346316384530526426	US30	VERIFICATION_B	True	\N	1	-1	0.00413479	0.00289436	0.0095941	5.23258218	1.78071808	2	2	1	1	7	2	1	0	1	0	0.98610855	0.98623919	1.36225709	0.00010887	-51.73353242	0.0	-57.97415754	0.0	66.89001447	-7.84908001	-6.85672938	-11.1155675	0.02894356	97	41	10	10	0	37.45238095	0.98610855	51.73353242	1.36212645	-14.28115147	-0.3760179	0.0	0.0	0.0	0.0	-0.00233395	2	47	-0.9659258262890683	-0.25881904510252063	US30	ABOVE	ABOVE	DAILY_EXTREME|PIVOT	DAY_SWINGS|WAYNE
reclaim_given_break	RG2_US30_PERIOD_M5_1781481600_1781913600_2230841755197406111	293789385950556305	7218940024739726732	US30	VERIFICATION_B	False	0	34	-1	6.00436341	0.23468911	0.05531132	7.93439302	14.65482313	5	9	2	7	882	86945	2	10	2	10	0.92592698	0.99002016	1.26026963	0.14242244	-50.42939975	0.0	-57.30037401	0.0	75.59665732	-0.62552595	0.49649369	-3.71107994	0.03272557	98	42	9	9	0	39.03599813	0.92592698	50.42939975	1.19617646	-11.39340162	-0.27024947	0.0	0.0	0.0	0.0	0.0	9	1192	-0.8660254037844385	-0.5000000000000004	US30	ABOVE	ABOVE	DAILY_EXTREME|MID_PIVOT|PIVOT|PIVOT_ZONE|TPO_PROFILE	DAY_SWINGS|VOLKITT|WAYNE
reclaim_given_break	RG2_US30_PERIOD_M5_1781481600_1781913600_2230841755197406111	293789385950556305	7792092665246865152	US30	VERIFICATION_B	False	0	40	-1	4.1638299	0.21916032	0.41507177	5.50224239	4.1638299	4	7	1	6	1321	92339	3	3	3	3	0.81817308	0.8776296	1.25615421	0.14442179	-34.50203374	0.0	-39.67952667	0.0	51.93994164	-0.37737072	0.40071324	-3.61938726	0.02269412	97	41	10	10	0	23.58877722	0.81817308	34.50203374	1.19669769	-10.91325652	-0.37852461	0.0	0.0	0.0	0.0	0.0	7	1189	-1.0	-1.8369701987210297e-16	US30	ABOVE	ABOVE	MID_PIVOT|PIVOT|PIVOT_ZONE|TPO_PROFILE	VOLKITT|WAYNE
reclaim_given_break	RG2_US30_PERIOD_M5_1781481600_1781913600_2230841755197406111	102752449800089835	14240849707748005760	US30	VERIFICATION_B	True	\N	1	1	0.07882795	0.0002593	1.0	3.20523791	1.43696789	2	2	1	1	3	1	2	1	2	1	0.43129695	0.4295312	0.9187411	0.00350843	-20.6820677	0.0	-25.29949436	0.0	41.54252561	6.13509659	8.05393492	3.41242059	0.01815117	97	39	11	11	0	9.69043606	0.43129695	20.6820677	0.92050685	-10.99163164	-0.4892099	0.0	0.0	0.0	0.0	0.0	2	5	-0.7071067811865477	0.7071067811865474	US30	MEDIAN_CORE	MEDIAN_CORE	DAILY_EXTREME|MID_PIVOT	DAY_SWINGS|WAYNE
reclaim_given_break	RG2_US30_PERIOD_M5_1781481600_1781913600_2230841755197406111	4233599442320796983	3906276385486184484	US30	VERIFICATION_B	False	0	1	1	0.08381598	0.49536187	0.07565178	3.62857277	5.14385271	1	2	0	2	81	13841	3	5	3	5	0.70054687	0.67917877	1.03677862	0.0033335	-26.60556409	0.12433394	-31.63653058	0.0	45.26310213	2.61336347	4.70405424	-0.35315723	0.0197768	97	41	10	10	0	17.61423459	0.70054687	26.60556409	1.05814672	-8.9913295	-0.35759985	0.12498721	0.0049458	0.0	0.0	0.00016977	2	116	-0.7071067811865477	0.7071067811865474	US30	ABOVE	ABOVE	PIVOT	WAYNE
reclaim_given_break	RG2_US30_PERIOD_M5_1781481600_1781913600_2230841755197406111	4233599442320796983	2342576348928033897	US30	VERIFICATION_B	False	1	3	1	0.07417038	0.0153341	0.12443778	3.21099388	4.55189426	1	2	0	2	241	14500	3	5	3	5	0.68153469	0.67917877	1.03677862	0.0033335	-23.12075456	0.0	-27.57275364	0.0	40.05419021	2.73563678	4.58572929	0.11050553	0.01750088	97	41	10	10	0	15.16415404	0.68153469	23.12075456	1.03913454	-7.95660052	-0.35759985	0.0	0.0	0.0	0.0	0.0	2	6	-0.7071067811865477	0.7071067811865474	US30	ABOVE	ABOVE	PIVOT	WAYNE
reclaim_given_break	RG2_US30_PERIOD_M5_1781481600_1781913600_2230841755197406111	4233599442320796983	3580207484248560826	US30	VERIFICATION_B	False	0	4	1	0.07180083	0.49816868	0.97576887	3.10841118	4.40647337	1	2	0	2	243	15034	3	5	3	5	0.703974	0.67917877	1.03677862	0.0033335	-22.86543252	0.0	-27.17520209	0.0	38.77456556	2.16491602	3.955903	-0.37634929	0.01694177	97	41	10	10	0	15.16302419	0.703974	22.86543252	1.06157386	-7.70240834	-0.35759985	0.0	0.0	0.0	0.0	0.0	2	25	-0.7071067811865477	0.7071067811865474	US30	ABOVE	ABOVE	PIVOT	WAYNE
reclaim_given_break	RG2_US30_PERIOD_M5_1781481600_1781913600_2230841755197406111	4233599442320796983	4222167781373411926	US30	VERIFICATION_B	False	1	6	1	0.07051236	0.02931413	0.01462604	3.05263074	4.3273992	1	2	0	2	245	15712	3	5	3	5	0.68223135	0.67917877	1.03677862	0.0033335	-21.99519742	0.0	-26.22762817	0.0	38.07875597	2.58598151	4.34482923	0.09031921	0.01663775	97	41	10	10	0	14.4310088	0.68223135	21.99519742	1.03983121	-7.56418862	-0.35759985	0.0	0.0	0.0	0.0	0.0	2	36	-0.7071067811865477	0.7071067811865474	US30	ABOVE	ABOVE	PIVOT	WAYNE
reclaim_given_break	RG2_US30_PERIOD_M5_1781481600_1781913600_2230841755197406111	4233599442320796983	15017771200262573110	US30	VERIFICATION_B	False	0	7	1	0.06570254	0.49660783	0.02251663	2.8444031	4.03221639	1	2	0	2	247	16297	3	5	3	5	0.70598418	0.67912361	1.03669442	0.00333323	-20.96414282	0.0	-24.9078688	0.0	35.481308	1.9402919	3.57916418	-0.38513499	0.01550285	97	40	10	10	0	13.91592659	0.70598418	20.96414282	1.06355499	-7.04821623	-0.35757081	0.0	0.0	0.0	0.0	8.122e-05	2	831	-0.7071067811865477	0.7071067811865474	US30	ABOVE	ABOVE	PIVOT	WAYNE
reclaim_given_break	RG2_US30_PERIOD_M5_1781481600_1781913600_2230841755197406111	739945932235467024	9943803572748134245	US30	VERIFICATION_B	True	\N	1	1	0.11517862	0.01228572	0.02739726	6.8723245	0.78225481	2	2	1	1	1	0	17	2	6	1	0.16357583	0.15932139	0.64504676	0.00701281	-10.66413876	0.0	-14.24212466	0.0	30.75437199	9.02923617	10.83370127	7.01361027	0.01343751	97	37	11	11	0	2.68657337	0.16357583	10.66413876	0.6493012	-7.97756539	-0.48572538	0.0	0.0	0.0	0.0	-0.00027087	2	47	-0.5000000000000004	0.8660254037844384	US30	MEDIAN_CORE	MEDIAN_CORE	DAILY_EXTREME|TPO_PROFILE	DAY_SWINGS|VOLKITT
reclaim_given_break	RG2_US30_PERIOD_M5_1781481600_1781913600_2230841755197406111	4881839407918133898	1486202792337941327	US30	VERIFICATION_B	True	\N	1	1	0.02495537	0.00019196	0.00096634	7.49044977	0.25435279	2	2	1	1	10	5	19	0	7	0	0.12535565	0.1245833	0.6108968	0.00152128	-10.03391973	0.0	-13.61190563	0.0	30.75437199	9.65945521	11.4639203	7.64382931	0.01343751	97	37	11	11	0	2.05635434	0.12535565	10.03391973	0.61166914	-7.97756539	-0.4863135	0.0	0.0	0.0	0.0	-0.00027087	2	295	-0.5000000000000004	0.8660254037844384	US30	MEDIAN_CORE	MEDIAN_CORE	DAILY_EXTREME|MID_PIVOT	DAY_SWINGS|WAYNE
reclaim_given_break	RG2_US30_PERIOD_M5_1781481600_1781913600_2230841755197406111	13073642980379347022	17917310875054952117	US30	VERIFICATION_B	False	1	2	1	2.80110232	0.19401494	1.0	7.48594363	1.75334764	4	6	1	5	1582	77475	19	3	7	3	0.2286634	0.12432334	0.47804987	0.17007012	-9.59212437	0.0	-13.03941333	0.0	29.63097396	9.38188947	11.12044093	7.43989051	0.01294666	96	37	10	10	0	3.76614993	0.2286634	9.59212437	0.58238993	-5.82597444	-0.35372653	0.0	0.0	-1.98102623	-0.12362665	0.04092517	6	503	-0.5000000000000004	0.8660254037844384	US30	MEDIAN_CORE	MEDIAN_CORE	DAILY_EXTREME|MID_PIVOT|PIVOT|PIVOT_ZONE	DAY_SWINGS|WAYNE
reclaim_given_break	RG2_US30_PERIOD_M5_1781481600_1781913600_2230841755197406111	10603485452347803091	17176189959863652472	US30	VERIFICATION_B	False	1	1	1	0.10685737	0.00016516	1.0	5.92719826	0.24030521	2	2	1	1	4	2	14	0	4	0	0.00387524	0.0	0.61993994	0.00772659	-8.62725026	0.02051994	-11.81797912	0.0	\N	8.20373918	11.70509348	6.07319812	0.01981899	92	28	13	13	0	0.05359384	0.00387524	8.62725026	0.62381518	-8.57365642	-0.61993994	0.0205064	0.00139597	3.56914746	0.24296904	-0.02291693	2	36	0.25881904510252074	0.9659258262890683	US30	MEDIAN_CORE	MEDIAN_CORE	DAILY_EXTREME|MID_PIVOT	DAY_SWINGS|WAYNE
reclaim_given_break	RG2_US30_PERIOD_M5_1781481600_1781913600_2230841755197406111	13262412073506226542	6328435593891318335	US30	VERIFICATION_B	True	\N	2	-1	0.04752244	0.21293707	0.0664694	2.31763265	0.96263396	2	2	1	1	12	59	4	0	4	0	0.30097314	0.31652622	0.93375396	0.00312263	-13.97385979	0.0	-17.51430243	0.0	\N	4.64349034	8.51839667	2.2856464	0.02193343	95	30	13	13	0	4.58043172	0.30097314	13.97385979	0.91820088	-9.39342807	-0.61722774	0.0	0.0	0.0	0.0	-0.00014921	2	361	0.7071067811865476	0.7071067811865476	US30	MEDIAN_CORE	MEDIAN_CORE	DAILY_EXTREME|MID_PIVOT	DAY_SWINGS|WAYNE
reclaim_given_break	RG2_US30_PERIOD_M5_1781481600_1781913600_2230841755197406111	806876026312812400	7400007362959535123	US30	VERIFICATION_B	False	1	1	-1	0.02062387	0.48620779	0.9758794	13.42614076	2.7154765	2	2	1	1	1	73	9	1	9	1	0.40670704	0.4175974	0.87363232	0.00045235	-39.33463142	-0.0479808	-49.52023717	0.0	\N	12.9842743	23.91492653	6.33307553	0.06187162	95	37	11	11	0	18.54282318	0.40670704	39.33463142	0.86274195	-20.79180824	-0.45603491	-0.04817953	-0.00102097	5.5374565	0.11734419	-0.03030083	2	23	0.258819045102521	-0.9659258262890682	US30	MEDIAN_CORE	MEDIAN_CORE	MID_PIVOT|TPO_PROFILE	VOLKITT|WAYNE
reclaim_given_break	RG2_US30_PERIOD_M5_1781481600_1781913600_2230841755197406111	806876026312812400	2253701149167750145	US30	VERIFICATION_B	False	1	2	-1	0.0203252	0.48272358	0.25105042	13.23170732	2.67615176	2	2	1	1	15	900	9	1	9	1	0.40662788	0.4175974	0.87363232	0.00045235	-38.76144189	0.0	-48.79954268	0.0	\N	12.79979675	23.57215447	6.2449187	0.06097561	95	37	11	11	0	18.27073453	0.40662788	38.76144189	0.86266279	-20.49070736	-0.45603491	0.0	0.0	0.0	0.0	0.0	2	133	0.258819045102521	-0.9659258262890682	US30	MEDIAN_CORE	MEDIAN_CORE	MID_PIVOT|TPO_PROFILE	VOLKITT|WAYNE
reclaim_given_break	RG2_US30_PERIOD_M5_1781481600_1781913600_2230841755197406111	6937569245562694138	2694233487350628156	US30	VERIFICATION_B	False	1	3	-1	0.02016637	0.49911772	0.2326454	13.12830855	2.65523906	2	2	1	1	33	6454	9	1	9	1	0.40613003	0.41755063	0.8739258	0.0004523	-38.4558238	0.0	-48.39803378	0.0	81.40723469	12.7199395	23.40811696	6.21628435	0.06049912	96	37	11	11	0	18.10779206	0.40613003	38.4558238	0.86250521	-20.34803174	-0.45637518	0.0	0.0	0.0	0.0	0.0	2	174	1.2246467991473532e-16	-1.0	US30	MEDIAN_CORE	MEDIAN_CORE	MID_PIVOT|TPO_PROFILE	VOLKITT|WAYNE
reclaim_given_break	RG2_US30_PERIOD_M5_1781481600_1781913600_2230841755197406111	6937569245562694138	1017694822071360823	US30	VERIFICATION_B	False	1	4	-1	0.02011567	0.30575811	0.1877575	13.09529796	2.64856257	2	2	1	1	35	6900	9	1	9	1	0.41044951	0.41755063	0.8739258	0.0004523	-38.55123284	0.0	-48.46844355	0.0	81.2025396	12.49585114	23.15715363	6.00854916	0.060347	96	37	11	11	0	18.25436538	0.41044951	38.55123284	0.86682468	-20.29686746	-0.45637518	0.0	0.0	0.0	0.0	0.0	2	101	1.2246467991473532e-16	-1.0	US30	MEDIAN_CORE	MEDIAN_CORE	MID_PIVOT|TPO_PROFILE	VOLKITT|WAYNE
reclaim_given_break	RG2_US30_PERIOD_M5_1781481600_1781913600_2230841755197406111	6937569245562694138	15712182820280649172	US30	VERIFICATION_B	False	1	5	-1	0.02009041	0.49221497	0.03360238	13.07885485	2.6452369	2	2	1	1	36	7204	9	1	9	1	0.40628861	0.4175974	0.87368004	0.00045235	-38.30072185	0.01526333	-48.22074335	0.0	\N	12.66700151	23.31491713	6.1878453	0.06027122	95	37	11	11	0	18.04460349	0.40628861	38.30072185	0.86237125	-20.25611836	-0.45608263	0.01528252	0.00034363	0.0	0.0	-0.00011201	2	931	-0.2588190451025208	-0.9659258262890683	US30	MEDIAN_CORE	MEDIAN_CORE	MID_PIVOT|TPO_PROFILE	VOLKITT|WAYNE
reclaim_given_break	RG2_US30_PERIOD_M5_1781481600_1781913600_2230841755197406111	6937569245562694138	11275218027646311931	US30	VERIFICATION_B	False	0	7	-1	0.01436266	0.48114901	0.1966062	4.63195691	1.89108318	2	2	1	1	75	19419	5	1	5	1	0.22637082	0.24322133	0.94868394	0.0004956	-27.00468463	0.0	-34.3438061	0.0	\N	9.18491921	16.79712747	4.5529623	0.04308797	95	31	14	14	0	6.56026332	0.22637082	27.00468463	0.93183344	-20.44442131	-0.70546262	0.0	0.0	0.0	0.0	0.0	2	109	-0.8660254037844385	-0.5000000000000004	US30	MEDIAN_CORE	MEDIAN_CORE	MID_PIVOT|TPO_PROFILE	VOLKITT|WAYNE
reclaim_given_break	RG2_US30_PERIOD_M5_1781481600_1781913600_2230841755197406111	6937569245562694138	17201881560778301510	US30	VERIFICATION_B	False	1	9	-1	0.01349664	0.03441644	0.0432663	4.35266727	1.77705796	2	2	1	1	177	20138	5	1	5	1	0.24170974	0.24322133	0.94868394	0.0004956	-25.79412447	0.0	-32.69072443	0.0	\N	8.21338192	15.36660256	3.86071465	0.02361912	95	31	14	14	0	6.58242512	0.24170974	25.79412447	0.94717235	-19.21169935	-0.70546262	0.0	0.0	0.0	0.0	0.0	2	25	-0.8660254037844385	-0.5000000000000004	US30	MEDIAN_CORE	MEDIAN_CORE	MID_PIVOT|TPO_PROFILE	VOLKITT|WAYNE
reclaim_given_break	RG2_US30_PERIOD_M5_1781481600_1781913600_2230841755197406111	14352952974548787840	8256384517909892725	US30	VERIFICATION_B	False	1	1	1	0.07547913	0.47847204	0.08141985	3.9905487	4.49264899	2	2	1	1	108	2620	6	5	1	1	0.11037493	0.09088534	0.79634796	0.00284972	-21.60870527	0.0	-28.31632318	0.0	\N	11.46692045	18.42412707	7.23352586	0.02297191	95	31	14	14	0	2.92344885	0.11037493	21.60870527	0.81583755	-18.68525642	-0.70546262	0.0	0.0	0.0	0.0	0.0	2	170	-0.8660254037844385	-0.5000000000000004	US30	MEDIAN_CORE	MEDIAN_CORE	PIVOT|TPO_PROFILE	VOLKITT|WAYNE
reclaim_given_break	RG2_US30_PERIOD_M5_1781481600_1781913600_2230841755197406111	11749250358910678061	16288700517591335605	US30	VERIFICATION_B	False	0	4	-1	0.1139731	0.20857078	0.01501502	3.5012537	2.32961021	1	2	1	1	9	2522	9	2	1	0	0.05136691	0.06581288	0.72810888	0.00619999	-13.11911573	0.0	-18.28413494	0.0	\N	9.34921359	14.18167313	6.40870755	0.01595623	95	30	14	14	0	0.94426715	0.05136691	13.11911573	0.7136629	-12.17484858	-0.66229599	0.0	0.0	0.0	0.0	0.0	2	1405	-0.9659258262890684	0.2588190451025203	US30	MEDIAN_CORE	MEDIAN_CORE	TPO_PROFILE	VOLKITT
reclaim_given_break	RG2_US30_PERIOD_M5_1781481600_1781913600_2230841755197406111	11749250358910678061	2453620791367877873	US30	VERIFICATION_B	False	1	7	-1	0.11119513	0.01734644	0.28621908	3.52710937	2.16163323	1	2	1	1	22	6397	9	2	1	0	0.0586543	0.06272209	0.7158097	0.0062009	-12.7630251	0.0	-17.91342348	0.0	\N	9.04639061	13.76106391	6.17755638	0.01556732	95	30	14	14	0	1.05179469	0.0586543	12.7630251	0.71174191	-11.71123041	-0.65308761	0.0	0.0	0.0	0.0	0.0	2	6	-0.8660254037844386	0.5000000000000001	US30	MEDIAN_CORE	MEDIAN_CORE	TPO_PROFILE	VOLKITT
reclaim_given_break	RG2_US30_PERIOD_M5_1781481600_1781913600_2230841755197406111	10721141034771755176	872011845050741515	US30	VERIFICATION_B	True	\N	2	1	0.06345594	0.49758211	0.11476722	5.7066585	0.25491784	2	2	1	1	183	25119	14	0	3	0	-0.05702791	-0.0866768	0.57060802	0.00355443	-10.71615262	0.1018655	-16.01310693	0.0	35.33210433	10.51311787	15.15196604	7.69042253	0.01531695	96	30	14	14	0	-1.0180971	-0.05702791	10.71615262	0.60025691	-11.73424972	-0.65728483	0.10222339	0.00588842	-0.67921092	-0.03912489	0.03148412	2	421	-0.5000000000000004	0.8660254037844384	US30	MEDIAN_CORE	MEDIAN_CORE	DAILY_EXTREME|MID_PIVOT	DAY_SWINGS|WAYNE
reclaim_given_break	RG2_US30_PERIOD_M5_1781481600_1781913600_2230841755197406111	15081458968359681936	2826915920770765541	US30	VERIFICATION_B	True	\N	1	1	0.06475146	0.02093631	0.08964646	3.85487039	1.53892642	2	2	1	1	2	1	11	2	3	1	-0.3370312	-0.34171245	1.02483242	0.00568573	-11.72452805	0.05459105	-17.09967408	0.0	34.85166519	9.06585224	13.64162224	6.28153936	0.02590058	94	23	13	13	0	-3.83825085	-0.3370312	11.72452805	1.02951367	-15.56277889	-1.36654487	0.05430972	0.00299062	2.59848165	0.14308783	-0.4717935	2	81	0.25881904510252074	0.9659258262890683	US30	MEDIAN_CORE	MEDIAN_CORE	DAILY_EXTREME|TPO_PROFILE	DAY_SWINGS|VOLKITT
reclaim_given_break	RG2_US30_PERIOD_M5_1781481600_1781913600_2230841755197406111	11537218740886480815	14167651628785291148	US30	VERIFICATION_B	True	\N	1	1	0.11064613	0.00810675	0.08390023	0.47216319	0.4217699	2	2	1	1	1	2	0	0	0	0	-0.43231654	-0.43779549	0.92681131	0.00955741	-10.79312699	0.0	-16.24953441	0.0	35.37855218	10.31156197	14.9565084	7.48515589	0.02629215	94	23	13	13	0	-5.00492978	-0.43231654	10.79312699	0.93229026	-15.79805677	-1.3646068	0.0	0.0	0.0	0.0	0.0	2	74	0.25881904510252074	0.9659258262890683	US30	MEDIAN_CORE	MEDIAN_CORE	DAILY_EXTREME|MID_PIVOT	DAY_SWINGS|WAYNE
reclaim_given_break	RG2_US30_PERIOD_M5_1781481600_1781913600_2230841755197406111	14876420039995146438	10017594506279575875	US30	VERIFICATION_B	False	0	1	1	0.03193334	0.00456191	0.08615385	0.77704449	0.58544448	2	2	1	1	1	0	1	0	1	0	-0.44076155	-0.44204035	0.91428886	0.00198925	-14.69754452	0.07135452	-22.42708555	0.0	49.1077674	14.44147076	20.88896323	10.51823241	0.03649524	97	24	13	13	0	-7.07551473	-0.44076155	14.69754452	0.91556766	-21.77305926	-1.35632921	0.07060299	0.00427855	-1.40719509	-0.08527626	-0.0381543	2	18	0.7071067811865476	0.7071067811865476	US30	MEDIAN_CORE	MEDIAN_CORE	MID_PIVOT|TPO_PROFILE	VOLKITT|WAYNE
reclaim_given_break	RG2_US30_PERIOD_M5_1781481600_1781913600_2230841755197406111	10907856677836895917	7452400225061341410	US30	VERIFICATION_B	False	0	1	1	0.0107904	0.01510656	0.12876712	2.88912868	0.78500135	2	2	1	1	1	1	2	0	2	0	-0.25254533	-0.25324554	0.80646341	0.00036853	-23.63318124	0.1156942	-38.28189911	0.0	87.11694092	27.12274076	38.5605611	20.16293499	0.06474238	96	29	11	11	0	-7.39434903	-0.25254533	23.63318124	0.80716362	-31.02753027	-1.05970895	0.11588176	0.00377252	-3.33601029	-0.10860351	-0.04632665	2	16	-0.2588190451025208	-0.9659258262890683	US30	MEDIAN_CORE	MEDIAN_CORE	MID_PIVOT|TPO_PROFILE	VOLKITT|WAYNE
reclaim_given_break	RG2_US500_PERIOD_M5_1770595200_1771027200_12093172104164953419	6249853819456286620	14928385268788745449	US500	VERIFICATION_A	True	\N	1	1	0.03981797	0.00284414	1.0	1.45335609	5.95847554	2	2	1	1	6	2	1	2	1	2	0.23607113	0.23531837	0.06773953	0.00131733	-2.07026241	0.0	-6.68017634	0.0	59.06996587	8.98748578	11.49032992	6.48464164	0.14220705	93	29	10	10	0	7.13553517	0.23607113	2.07026241	0.0684923	5.06527276	0.16757883	0.0	0.0	0.0	0.0	0.0	2	6	1.2246467991473532e-16	-1.0	US500	MEDIAN_CORE	MEDIAN_CORE	DAILY_EXTREME|MID_PIVOT	DAY_SWINGS|WAYNE
reclaim_given_break	RG2_US500_PERIOD_M5_1770595200_1771027200_12093172104164953419	8073412811251103985	6751215946037704846	US500	VERIFICATION_A	True	\N	1	1	0.06187549	0.00533258	0.02380952	3.46654792	3.80845701	2	2	2	0	10	6	2	1	2	1	0.16808613	0.16686501	-0.00104158	0.00208317	-0.00533258	0.0	-4.54424531	0.0	58.16017922	10.88210585	13.34640157	8.41781014	0.1400168	93	29	10	10	0	4.99259078	0.16808613	0.00533258	0.00017953	4.9872582	0.1679066	0.0	0.0	0.0	0.0	0.0	2	46	1.2246467991473532e-16	-1.0	US500	MEDIAN_CORE	MEDIAN_CORE	DAILY_EXTREME|GLOBAL_VALUE	DAY_SWINGS|VOLKITT
reclaim_given_break	RG2_US500_PERIOD_M5_1770595200_1771027200_12093172104164953419	6442135296962582052	4628171727705621770	US500	VERIFICATION_A	False	0	14	-1	11.54238218	0.21406728	0.61589404	2.73661099	6.1632557	5	12	3	9	959	55995	0	5	0	5	0.28777189	0.54884367	0.36701239	0.44024134	-2.77758309	0.0	-6.51082098	0.0	48.85673959	6.09503646	10.77628793	2.47235944	0.07057163	93	31	9	9	0	7.5448914	0.28777189	2.77758309	0.1059406	4.7673083	0.18183129	0.0	0.0	0.0	0.0	0.0	12	4998	-0.8660254037844385	-0.5000000000000004	US500	MEDIAN_CORE	ABOVE	DAILY_EXTREME|MID_PIVOT|PIVOT|PIVOT_ZONE|TPO_PROFILE	DAY_SWINGS|VOLKITT|WAYNE
reclaim_given_break	RG2_US500_PERIOD_M5_1770595200_1771027200_12093172104164953419	2649162806783736609	13057673306649517872	US500	VERIFICATION_A	True	\N	1	-1	0.03108003	0.003885	1.0	1.04895105	2.93123543	2	2	1	1	5	4	0	1	0	1	0.23634852	0.2368079	0.64836396	0.000735	-27.39699936	0.0	-33.60431235	0.0	68.96270396	-4.12198912	-2.76223776	-5.87024087	0.19425019	95	32	9	9	0	9.99412624	0.23634852	27.39699936	0.64790459	-17.40287311	-0.41155607	0.0	0.0	0.0	0.0	0.0	2	7	0.258819045102521	-0.9659258262890682	US500	MEDIAN_CORE	MEDIAN_CORE	DAILY_EXTREME|MID_PIVOT	DAY_SWINGS|WAYNE
reclaim_given_break	RG2_US500_PERIOD_M5_1770595200_1771027200_12093172104164953419	16940001436152348234	8208087326918376975	US500	VERIFICATION_A	True	\N	1	1	1.35901447	0.46147829	0.11560694	2.67892061	0.51166732	2	2	2	0	8	2258	1	0	1	0	0.22231446	0.20319309	0.60978605	0.03204182	-26.67433341	0.0	-32.7014079	0.0	70.78021118	-3.02307391	-0.48103246	-4.97849042	0.19554165	95	32	9	9	0	9.42919387	0.22231446	26.67433341	0.62890741	-17.24513954	-0.40659296	0.0	0.0	0.0	0.0	0.0	2	206	-0.4999999999999997	-0.8660254037844388	US500	MEDIAN_CORE	MEDIAN_CORE	ADAPTIVE_VALUE|TPO_PROFILE	VOLKITT
reclaim_given_break	RG2_US500_PERIOD_M5_1770595200_1771027200_12093172104164953419	13496545029584539848	516596147785735611	US500	VERIFICATION_A	False	0	1	-1	0.04334634	0.48764629	0.05489372	0.58517555	1.60923277	2	2	1	1	1	5	0	0	0	0	0.67144445	0.69436372	0.69139643	0.00195058	-14.85511567	0.04286657	-18.23526225	0.0	38.47204161	-1.57130472	0.48764629	-2.87169484	0.06501951	94	26	11	11	0	14.92105588	0.67144445	14.85511567	0.66847716	0.06594022	0.0029673	0.04291307	0.00188071	2.3702511	0.10387879	-0.02534488	2	510	-0.9659258262890684	0.2588190451025203	US500	ABOVE	ABOVE	MID_PIVOT|TPO_PROFILE	VOLKITT|WAYNE
reclaim_given_break	RG2_US500_PERIOD_M5_1770595200_1771027200_12093172104164953419	13496545029584539848	12256696479617704480	US500	VERIFICATION_A	False	0	3	-1	0.04260758	0.02556455	0.07746479	0.57520239	1.58180656	2	2	1	1	5	1382	0	0	0	0	0.69221809	0.69436372	0.69139643	0.00195058	-15.0557102	0.0	-18.37824883	0.0	37.81636131	-1.9982957	0.02556455	-3.27652322	0.06391138	94	26	11	11	0	15.1205266	0.69221809	15.0557102	0.68925079	0.06481639	0.0029673	0.0	0.0	0.0	0.0	0.0	2	25	-0.9659258262890684	0.2588190451025203	US500	ABOVE	ABOVE	MID_PIVOT|TPO_PROFILE	VOLKITT|WAYNE
reclaim_given_break	RG2_US500_PERIOD_M5_1770595200_1771027200_12093172104164953419	13496545029584539848	13940512834256451562	US500	VERIFICATION_A	False	0	5	-1	0.04243582	0.04243582	1.0	0.57288351	1.57542966	2	2	1	1	7	1838	0	0	0	0	0.69143786	0.69436372	0.69139643	0.00195058	-14.97804025	0.0	-18.28718438	0.0	37.66390834	-1.97326544	0.04243582	-3.24633991	0.06365372	94	26	11	11	0	15.04259534	0.69143786	14.97804025	0.68847056	0.06455509	0.0029673	0.0	0.0	0.0	0.0	0.0	2	17	-0.9659258262890684	0.2588190451025203	US500	ABOVE	ABOVE	MID_PIVOT|TPO_PROFILE	VOLKITT|WAYNE
reclaim_given_break	RG2_US500_PERIOD_M5_1770595200_1771027200_12093172104164953419	3971091922550528465	6847375362377485152	US500	VERIFICATION_A	True	\N	1	-1	0.0	0.45319905	0.02036634	2.99170616	0.45418641	2	2	2	0	5	1220	3	0	3	0	0.56996654	0.58558599	0.65010166	0.0	-18.40954042	0.0	-23.00281398	0.0	\N	-0.58353081	2.882109	-2.12381517	0.14810427	95	26	12	12	0	16.53761417	0.56996654	18.40954042	0.63448222	-1.87192625	-0.06451567	0.0	0.0	0.0	0.0	0.0	2	4881	0.8660254037844386	0.5000000000000001	US500	ABOVE	ABOVE	DAILY_EXTREME|TPO_PROFILE	DAY_SWINGS|VOLKITT
reclaim_given_break	RG2_US500_PERIOD_M5_1770595200_1771027200_12093172104164953419	891924189234904065	6438446981599795824	US500	VERIFICATION_A	False	0	1	-1	0.0	0.46354167	0.62758621	10.52083333	18.25520833	1	2	1	1	1	0	12	11	5	4	0.22365394	0.23225725	0.53151619	0.0	-28.17424921	-0.21513562	-35.51953125	0.0	90.64322917	3.90104167	9.99479167	0.46354167	0.26041667	96	31	10	10	0	12.05034722	0.22365394	28.17424921	0.52291288	-16.12390199	-0.29925894	-0.21637527	-0.00381712	8.72446307	0.15390986	-0.04502467	2	15	0.258819045102521	-0.9659258262890682	US500	MEDIAN_CORE	MEDIAN_CORE	TPO_PROFILE	VOLKITT
reclaim_given_break	RG2_US500_PERIOD_M5_1770595200_1771027200_12093172104164953419	891924189234904065	12566412387510142356	US500	VERIFICATION_A	False	1	3	-1	0.0	0.055	0.45454545	10.1	17.525	1	2	1	1	4	1058	12	11	5	4	0.23119392	0.23225725	0.53151619	0.0	-27.43727924	0.0	-34.48875	0.0	87.0175	3.355	9.205	0.055	0.25	96	31	10	10	0	11.95833333	0.23119392	27.43727924	0.53045286	-15.47894591	-0.29925894	0.0	0.0	0.0	0.0	0.0	2	4	0.258819045102521	-0.9659258262890682	US500	MEDIAN_CORE	MEDIAN_CORE	TPO_PROFILE	VOLKITT
reclaim_given_break	RG2_US500_PERIOD_M5_1770595200_1771027200_12093172104164953419	891924189234904065	13386525979658064035	US500	VERIFICATION_A	False	1	4	-1	0.0	0.34090909	0.6173913	9.98023715	17.31719368	1	2	1	1	6	1500	12	11	5	4	0.22558727	0.23225725	0.53151619	0.0	-26.82537475	0.0	-33.79323123	0.0	85.98567194	3.60177866	9.38241107	0.34090909	0.24703557	96	31	10	10	0	11.52997365	0.22558727	26.82537475	0.52484621	-15.2954011	-0.29925894	0.0	0.0	0.0	0.0	0.0	2	12	0.258819045102521	-0.9659258262890682	US500	MEDIAN_CORE	MEDIAN_CORE	TPO_PROFILE	VOLKITT
reclaim_given_break	RG2_US500_PERIOD_M5_1770595200_1771027200_12093172104164953419	3240831450615104485	18020917838917264170	US500	VERIFICATION_A	True	\N	1	1	0.08200456	0.00455581	1.0	13.88154897	11.20728929	2	2	1	1	1	0	16	7	7	2	0.14800668	0.14703684	0.4323331	0.00174572	-20.35419993	0.02145314	-26.80068337	0.0	79.28701595	7.68109339	13.01138952	4.67425968	0.22779043	96	31	10	10	0	6.95254366	0.14800668	20.35419993	0.43330294	-13.40165627	-0.28529626	0.02179067	0.0004552	-7.70708006	-0.16099797	0.04492575	2	6	1.2246467991473532e-16	-1.0	US500	MEDIAN_CORE	MEDIAN_CORE	DAILY_EXTREME|MID_PIVOT	DAY_SWINGS|WAYNE
reclaim_given_break	RG2_US500_PERIOD_M5_1770595200_1771027200_12093172104164953419	4198269280971341341	16804985645348101924	US500	VERIFICATION_A	True	\N	1	-1	0.03242542	0.00324254	0.00558659	0.84306096	2.89667099	2	2	1	1	8	3	1	2	1	2	0.39872411	0.39929942	0.69405933	0.00095885	-23.45164134	0.0	-28.07311933	0.0	56.43158236	-3.5311284	0.26264591	-5.67120623	0.16212711	96	30	10	10	0	13.48370623	0.39872411	23.45164134	0.69348402	-9.96793512	-0.29475991	0.0	0.0	0.0	0.0	0.0	2	35	-0.7071067811865471	-0.7071067811865479	US500	MEDIAN_CORE	MEDIAN_CORE	DAILY_EXTREME|MID_PIVOT	DAY_SWINGS|WAYNE
reclaim_given_break	RG2_US500_PERIOD_M5_1770595200_1771027200_12093172104164953419	2536217884588341102	5779876634079522573	US500	VERIFICATION_A	False	1	1	-1	0.10091743	0.08256881	0.10798122	5.52293578	4.51376147	2	2	1	1	1	0	13	7	4	2	0.3757099	0.38315779	0.44906407	0.00565012	-7.88775948	0.05469253	-10.6766055	0.0	32.44908257	3.21100917	5.79816514	2.0	0.05504587	96	22	12	12	1	6.7105994	0.3757099	7.88775948	0.44161619	-1.17716008	-0.06590629	0.05498511	0.00294882	1.23047685	0.06598975	-0.037696	2	29	-1.0	-1.8369701987210297e-16	US500	MEDIAN_CORE	MEDIAN_CORE	MID_PIVOT|TPO_PROFILE	VOLKITT|WAYNE
reclaim_given_break	RG2_US500_PERIOD_M5_1770595200_1771027200_12093172104164953419	2536217884588341102	8588086394490504185	US500	VERIFICATION_A	False	0	2	-1	0.09870782	0.47738693	0.9	5.40201005	4.4149318	2	2	1	1	3	631	13	7	4	2	0.3530067	0.38315779	0.44906407	0.00565012	-7.31842949	0.0	-10.04621321	0.0	31.73860373	3.5373295	6.0678392	2.35283561	0.05384063	96	22	12	12	0	6.16704356	0.3530067	7.31842949	0.41891299	-1.15138593	-0.06590629	0.0	0.0	0.0	0.0	0.0	2	10	-1.0	-1.8369701987210297e-16	US500	MEDIAN_CORE	MEDIAN_CORE	MID_PIVOT|TPO_PROFILE	VOLKITT|WAYNE
reclaim_given_break	RG2_US500_PERIOD_M5_1770595200_1771027200_12093172104164953419	2536217884588341102	12207852651876636023	US500	VERIFICATION_A	False	0	5	-1	0.09487666	0.2173538	0.02880658	5.19234087	4.24357426	2	2	1	1	6	1706	13	7	4	2	0.36738882	0.38315779	0.44906407	0.00565012	-7.27588221	0.0	-9.89779196	0.0	30.50672762	3.15853027	5.59082284	2.02001035	0.05175091	96	22	12	12	0	6.16918522	0.36738882	7.27588221	0.43329511	-1.10669698	-0.06590629	0.0	0.0	0.0	0.0	0.0	2	302	-1.0	-1.8369701987210297e-16	US500	MEDIAN_CORE	MEDIAN_CORE	MID_PIVOT|TPO_PROFILE	VOLKITT|WAYNE
reclaim_given_break	RG2_US500_PERIOD_M5_1770595200_1771027200_12093172104164953419	2536217884588341102	1933187618278164540	US500	VERIFICATION_A	True	\N	8	-1	0.09040105	0.02136752	0.0259481	4.94740302	4.0433925	2	2	1	1	12	3390	13	7	4	2	0.37899724	0.38315779	0.44906407	0.00565012	-7.11839072	0.0	-9.61661736	0.0	29.06763642	2.82380013	5.14135437	1.73898751	0.04930966	96	22	12	12	0	6.06389986	0.37899724	7.11839072	0.44490353	-1.05449086	-0.06590629	0.0	0.0	0.0	0.0	0.0	2	34	-1.0	-1.8369701987210297e-16	US500	MEDIAN_CORE	MEDIAN_CORE	MID_PIVOT|TPO_PROFILE	VOLKITT|WAYNE
reclaim_given_break	RG2_US500_PERIOD_M5_1770595200_1771027200_12093172104164953419	5648619361694602674	13065077846990574643	US500	VERIFICATION_A	True	\N	5	1	11.97200097	0.22930244	0.08340215	2.67921796	2.48612117	6	15	3	12	722	28888	4	2	4	0	0.63687579	0.46859507	0.46902349	0.49209337	-15.50479445	0.11512263	-19.1014965	0.0	42.68585566	-0.63963312	1.99131064	-2.42577842	0.0724113	96	27	11	11	0	15.49437164	0.63687579	15.50479445	0.63730421	-0.01042281	-0.00042842	0.11911915	0.00451436	-0.98605937	-0.03736957	-0.04707613	15	1393	-0.9659258262890683	-0.25881904510252063	US500	ABOVE	MEDIAN_CORE	ADAPTIVE_VALUE|MID_PIVOT|PIVOT|PIVOT_ZONE|SENTINEL|TPO_PROFILE	VOLKITT|WAYNE
reclaim_given_break	RG2_US500_PERIOD_M5_1770595200_1771027200_12093172104164953419	3237844441561996742	16191911230830328029	US500	VERIFICATION_A	True	\N	6	1	0.06314017	0.00140311	1.0	3.29732005	3.45166269	2	2	1	1	1135	57629	10	7	2	4	0.00247147	0.0	0.4540462	0.0047326	-6.09064535	-0.00547098	-8.29205837	0.0	24.8137365	2.32776764	3.96941209	1.4017118	0.07015575	94	25	11	11	0	0.0329732	0.00247147	6.09064535	0.45651767	-6.05767215	-0.4540462	-0.00545491	-0.00039523	3.27870981	0.23755839	0.00726957	2	6	0.25881904510252074	0.9659258262890683	US500	MEDIAN_CORE	MEDIAN_CORE	DAILY_EXTREME|MID_PIVOT	DAY_SWINGS|WAYNE
reclaim_given_break	RG2_US500_PERIOD_M5_1770595200_1771027200_12093172104164953419	16310088098746846083	4667132210076865512	US500	VERIFICATION_A	True	\N	1	1	0.10717348	0.00142898	1.0	4.09402686	2.73649614	2	2	1	1	1	2	11	6	3	3	-0.03994228	-0.04406509	0.40556661	0.00803144	-5.46699477	0.0	-7.70898828	0.0	25.2711489	3.10660189	4.77850815	2.16347528	0.07144899	94	25	12	12	0	-0.53299951	-0.03994228	5.46699477	0.40968942	-5.99999427	-0.44963171	0.0	0.0	0.0	0.0	0.0	2	78	0.25881904510252074	0.9659258262890683	US500	MEDIAN_CORE	MEDIAN_CORE	DAILY_EXTREME|TPO_PROFILE	DAY_SWINGS|VOLKITT
reclaim_given_break	RG2_US500_PERIOD_M5_1770595200_1771027200_12093172104164953419	12322402232226564719	12734481759357714362	US500	VERIFICATION_A	False	1	1	-1	0.06501951	0.07477243	0.43396226	5.10403121	0.43346337	2	2	1	1	1	4	5	0	5	0	0.15304908	0.15636303	0.63499911	0.00200846	-20.44947489	0.0	-25.60386866	0.0	57.26511704	-0.99804941	2.80559168	-3.14369311	0.16254876	98	32	11	11	0	4.95464115	0.15304908	20.44947489	0.63168516	-15.49483373	-0.47863608	0.0	0.0	0.0	0.0	0.0	2	26	0.9659258262890683	-0.25881904510252063	US500	MEDIAN_CORE	MEDIAN_CORE	DAILY_EXTREME|TPO_PROFILE	DAY_SWINGS|VOLKITT
reclaim_given_break	RG2_US500_PERIOD_M5_1770595200_1771027200_12093172104164953419	14233276761693599936	15933370640609230627	US500	VERIFICATION_A	False	1	1	-1	0.11904762	0.49603175	0.04986039	6.11111111	0.60846561	1	2	1	1	1	89	6	0	6	0	0.13843984	0.15250354	0.64252898	0.00301365	-24.82614397	-0.10056058	-30.92757937	0.0	69.85218254	-0.17857143	3.75	-3.51190476	0.1984127	98	34	11	11	0	5.46876272	0.13843984	24.82614397	0.62846528	-19.35738126	-0.49002543	-0.10064045	-0.00256028	2.16192135	0.05499897	0.00572762	2	552	0.258819045102521	-0.9659258262890682	US500	MEDIAN_CORE	MEDIAN_CORE	TPO_PROFILE	VOLKITT
reclaim_given_break	RG2_US500_PERIOD_M5_1770595200_1771027200_12093172104164953419	14233276761693599936	2654104616559780975	US500	VERIFICATION_A	False	0	2	1	0.11923688	0.00397456	0.14285714	6.12082671	0.60943296	1	2	1	1	8	904	6	0	6	0	0.15411082	0.15250354	0.64252898	0.00301365	-25.485645	0.0	-31.5967806	0.0	69.96323529	-0.79888712	3.13593005	-4.13751987	0.19872814	98	34	11	11	0	6.09748889	0.15411082	25.485645	0.64413625	-19.38815611	-0.49002543	0.0	0.0	0.0	0.0	0.0	2	24	0.258819045102521	-0.9659258262890682	US500	MEDIAN_CORE	MEDIAN_CORE	TPO_PROFILE	VOLKITT
reclaim_given_break	RG2_US500_PERIOD_M5_1770595200_1771027200_12093172104164953419	14233276761693599936	1523282120597140168	US500	VERIFICATION_A	True	\N	5	1	0.1190004	0.03173344	0.09090909	6.10868703	0.60822425	1	2	1	1	16	2294	6	0	6	0	0.15481401	0.15250354	0.64252898	0.00301365	-25.46286506	0.0	-31.56188021	0.0	69.82447441	-0.82506942	3.10194367	-4.15708052	0.19833399	98	34	11	11	0	6.11316226	0.15481401	25.46286506	0.64483944	-19.3497028	-0.49002543	0.0	0.0	0.0	0.0	0.0	2	46	0.258819045102521	-0.9659258262890682	US500	MEDIAN_CORE	MEDIAN_CORE	TPO_PROFILE	VOLKITT
reclaim_given_break	RG2_US500_PERIOD_M5_1770595200_1771027200_12093172104164953419	10743812632341704056	2686691178809075563	US500	VERIFICATION_A	True	\N	1	-1	0.09931245	0.00381971	1.0	4.4499618	1.82964095	2	2	1	1	4	4	3	3	3	3	0.09034406	0.09168792	0.66101074	0.00249575	-26.24991418	0.0	-31.69117647	0.0	67.55061115	-2.78074866	1.68831169	-5.30175707	0.19098549	98	36	10	10	0	3.59503242	0.09034406	26.24991418	0.65966688	-22.65488176	-0.56932282	0.0	0.0	0.0	0.0	0.0	2	6	-0.7071067811865471	-0.7071067811865479	US500	MEDIAN_CORE	MEDIAN_CORE	DAILY_EXTREME|MID_PIVOT	DAY_SWINGS|WAYNE
reclaim_given_break	RG2_US500_PERIOD_M5_1770595200_1771027200_12093172104164953419	184138763337140979	5560660333931361926	US500	VERIFICATION_A	True	\N	1	-1	0.0381971	0.00763942	0.00033667	3.13216196	3.20855615	2	2	1	1	4	4	2	4	2	4	0.10781663	0.10848768	0.69398359	0.00095864	-27.62500967	0.0	-33.06627196	0.0	67.55061115	-4.15584416	0.3132162	-6.67685256	0.19098549	98	36	10	10	0	4.29594915	0.10781663	27.62500967	0.69331254	-23.32906052	-0.58549591	0.0	0.0	0.0	0.0	0.0	2	3542	-0.7071067811865471	-0.7071067811865479	US500	MEDIAN_CORE	MEDIAN_CORE	DAILY_EXTREME|MID_PIVOT	DAY_SWINGS|WAYNE
reclaim_given_break	RG2_US500_PERIOD_M5_1770595200_1771027200_12093172104164953419	10992088137972274442	5443997048758166127	US500	VERIFICATION_A	True	\N	1	1	0.07790184	0.00779018	0.00581395	13.11347702	2.60971176	2	2	1	1	8	3	24	1	12	1	-0.08899609	-0.09073798	0.29071035	0.00290316	-7.84751029	0.0	-11.53401714	0.0	\N	8.11996884	11.15814074	6.40612828	0.07790184	97	33	10	10	0	-2.38807436	-0.08899609	7.84751029	0.29245225	-10.23558465	-0.38144834	0.0	0.0	0.0	0.0	0.0	2	33	-0.9659258262890683	-0.25881904510252063	US500	MEDIAN_CORE	MEDIAN_CORE	DAILY_EXTREME|PIVOT	DAY_SWINGS|WAYNE
reclaim_given_break	RG2_US500_PERIOD_M5_1770595200_1771027200_12093172104164953419	2205884972987575747	11357923795290254281	US500	VERIFICATION_A	True	\N	2	1	0.88998604	0.21106942	0.28301887	1.26641651	1.8539164	2	3	2	1	41	56	1	1	1	1	-0.2631641	-0.29950628	0.00897639	0.03663112	-1.10105546	0.06938594	-4.49988274	0.0	\N	13.25046904	15.99437148	11.70262664	0.07035647	95	33	10	10	0	-6.39380881	-0.2631641	1.10105546	0.04531857	-7.49486426	-0.30848267	0.07091602	0.00271643	-3.964465	-0.1518582	-0.04991711	3	105	-1.0	-1.8369701987210297e-16	US500	MEDIAN_CORE	MEDIAN_CORE	DAILY_EXTREME|GLOBAL_VALUE	DAY_SWINGS|VOLKITT
reclaim_given_break	RG2_US500_PERIOD_M5_1770595200_1771027200_12093172104164953419	5161954401627535788	9476142445078545630	US500	VERIFICATION_A	False	0	5	1	2.55114617	0.49790486	0.07606679	14.99876756	4.21493715	4	5	0	5	2115	147042	27	4	15	4	-0.24728106	-0.31422847	0.13376409	0.09502706	-5.38840575	0.0	-8.88772492	0.0	\N	9.7683017	12.65220606	8.14148386	0.07394627	97	35	9	9	0	-6.63863661	-0.24728106	5.38840575	0.2007115	-12.02704235	-0.44799256	0.0	0.0	0.0	0.0	0.0	5	419	-0.9659258262890683	-0.25881904510252063	US500	MEDIAN_CORE	MEDIAN_CORE	DAILY_EXTREME|MID_PIVOT|PIVOT|PIVOT_ZONE	DAY_SWINGS|WAYNE
reclaim_given_break	RG2_US500_PERIOD_M5_1770595200_1771027200_12093172104164953419	7280998459030246280	9746603940431121332	US500	VERIFICATION_A	False	0	6	1	17.57402101	0.22683859	0.00618113	3.19961796	7.87965616	6	13	3	10	61	5543	4	6	4	4	0.03300922	-0.11306919	0.47031698	0.47045221	-23.025815	0.0	-28.03993553	0.0	\N	-0.93123209	3.25931232	-3.29512894	0.10744986	97	35	10	10	0	1.23307894	0.03300922	23.025815	0.61639539	-21.79273606	-0.58338617	0.0	0.0	0.0	0.0	0.0	13	4986	-0.8660254037844385	-0.5000000000000004	US500	MEDIAN_CORE	MEDIAN_CORE	ADAPTIVE_VALUE|MID_PIVOT|PIVOT|PIVOT_ZONE|SENTINEL|TPO_PROFILE	VOLKITT|WAYNE
reclaim_given_break	RG2_US500_PERIOD_M5_1770595200_1771027200_12093172104164953419	16590072268458266689	9710059033328251454	US500	VERIFICATION_A	True	\N	1	1	0.09944496	0.00231267	1.0	3.19611471	0.65911193	2	2	1	1	1	1	2	0	2	0	-0.35256412	-0.35473311	-0.04665836	0.00414518	1.06732182	0.0	-2.2843432	0.0	\N	15.21970398	17.92553191	13.6933395	0.0693802	94	33	10	10	0	-8.45818704	-0.35256412	-1.06732182	-0.04448937	-7.39086522	-0.30807475	0.0	0.0	4.03149252	0.16590945	0.05001533	2	7	-1.0	-1.8369701987210297e-16	US500	MEDIAN_CORE	MEDIAN_CORE	DAILY_EXTREME|MID_PIVOT	DAY_SWINGS|WAYNE
reclaim_given_break	RG2_US500_PERIOD_M5_1770595200_1771027200_12093172104164953419	10988693134376279602	2550712931032699070	US500	VERIFICATION_A	False	0	3	1	5.60437866	0.2173913	0.10601093	3.9546716	8.88452051	5	10	2	8	704	4710	3	5	3	5	-0.51534325	-0.63695784	-0.18558169	0.22255764	1.61080008	0.0	-1.74086494	0.0	\N	15.76318224	18.46901018	14.23681776	0.0693802	94	34	9	9	0	-12.97721666	-0.51534325	-1.61080008	-0.0639671	-11.36641658	-0.45137615	0.0	0.0	4.03149252	0.16590945	0.05001533	10	730	-1.0	-1.8369701987210297e-16	US500	BELOW	BELOW	ADAPTIVE_VALUE|DAILY_EXTREME|MID_PIVOT|PIVOT|PIVOT_ZONE	DAY_SWINGS|VOLKITT|WAYNE
reclaim_given_break	RG2_US500_PERIOD_M5_1770595200_1771027200_12093172104164953419	8588243862299444134	6825636154562783811	US500	VERIFICATION_A	True	\N	1	1	0.04737091	0.00157903	1.0	2.4422338	3.57650403	2	2	1	1	7	2	1	3	1	3	-0.97192059	-0.97352801	-0.47537271	0.00301391	7.44637141	0.0	\N	\N	\N	17.17827254	19.0257382	16.13611243	0.04737091	93	27	11	11	0	-15.27609109	-0.97192059	-7.44637141	-0.47376529	-7.82971968	-0.4981553	0.0	0.0	0.0	0.0	0.0	2	6	-0.9659258262890684	0.2588190451025203	US500	BELOW	BELOW	DAILY_EXTREME|MID_PIVOT	DAY_SWINGS|WAYNE
reclaim_given_break	RG2_US500_PERIOD_M5_1770595200_1771027200_12093172104164953419	8342880245960695859	15735759144353962392	US500	VERIFICATION_A	True	\N	1	1	0.05398111	0.00119076	1.0	3.74454235	0.77597841	2	2	1	1	7	3	4	0	4	0	-0.60479405	-0.60662108	-0.4808026	0.00349966	7.38804815	0.0	\N	\N	\N	14.85710884	16.33365087	14.07120743	0.03572279	93	24	11	11	0	-9.32875883	-0.60479405	-7.38804815	-0.47897557	-1.94071068	-0.12581848	0.0	0.0	0.0	0.0	0.0	2	7	-0.5000000000000004	0.8660254037844384	US500	BELOW	BELOW	DAILY_EXTREME|PIVOT	DAY_SWINGS|WAYNE
reclaim_given_break	RG2_US500_PERIOD_M5_1770595200_1771027200_12093172104164953419	6986566372292953736	10671017965614298861	US500	VERIFICATION_A	False	1	1	1	0.4181861	0.49170686	0.89098532	4.51907619	12.26855664	3	3	1	2	2716	112220	6	5	6	5	-0.728665	-0.77230469	-0.5241504	0.02634313	7.62790594	0.0	\N	\N	\N	15.00646983	16.46512175	14.23009058	0.03528997	93	26	10	10	0	-11.567251	-0.728665	-7.62790594	-0.48051072	-3.93934506	-0.24815428	0.0	0.0	0.0	0.0	0.0	3	67	-0.5000000000000004	0.8660254037844384	US500	BELOW	BELOW	ADAPTIVE_VALUE|MID_PIVOT|PIVOT	VOLKITT|WAYNE
reclaim_given_break	RG2_US500_PERIOD_M5_1770595200_1771027200_12093172104164953419	17168829908313161278	8482817855649005885	US500	VERIFICATION_A	True	\N	1	-1	0.0	0.49222798	0.72516556	2.30532402	1.27844109	2	2	2	0	1	79	3	1	3	1	-0.50303016	-0.46193796	-0.48006723	0.0	6.24277159	0.00872811	\N	\N	\N	13.25411129	14.70714125	10.77607569	0.05631899	93	25	12	12	0	-6.02560793	-0.50303016	-6.24277159	-0.52115943	0.21716366	0.01812927	0.00868798	0.0007011	-2.04592101	-0.16510135	-0.0385278	2	45	0.49999999999999994	0.8660254037844387	US500	BELOW	MEDIAN_CORE	DAILY_EXTREME|TPO_PROFILE	DAY_SWINGS|VOLKITT
reclaim_given_break	RG2_US500_PERIOD_M5_1770595200_1771027200_12093172104164953419	10442370804121079949	9568947091510309476	US500	VERIFICATION_A	False	1	4	1	1.47492625	0.21097046	0.01328172	3.57342892	3.90892797	3	6	1	5	253	2968	4	1	4	1	-0.69598736	-0.77430157	-0.62594318	0.11913008	6.78008716	0.0	\N	\N	\N	13.76162205	15.20667638	11.29718831	0.05600986	89	25	11	11	0	-8.61688324	-0.69598736	-6.78008716	-0.54762898	-1.83679608	-0.14835838	0.0	0.0	0.0	0.0	5.782e-05	6	3490	0.25881904510252074	0.9659258262890683	US500	BELOW	BELOW	DAILY_EXTREME|MID_PIVOT|PIVOT	DAY_SWINGS|WAYNE
reclaim_given_break	RG2_US500_PERIOD_M5_1770595200_1771027200_12093172104164953419	5272979250889211745	14079709103884766526	US500	VERIFICATION_A	False	0	1	1	0.5977671	0.00465188	0.17647059	3.73804724	0.610689	2	2	2	0	1	214	5	0	5	0	-0.31344641	-0.33274838	-0.51088678	0.03503664	8.38702607	-0.02501164	\N	\N	\N	18.128392	20.12870212	14.71701039	0.0775314	93	29	11	11	0	-5.3477714	-0.31344641	-8.38702607	-0.49158482	3.03925467	0.17813841	-0.02475446	-0.00140571	-2.80042502	-0.15902584	-0.04198859	2	889	0.9659258262890683	0.25881904510252074	US500	MEDIAN_CORE	MEDIAN_CORE	ADAPTIVE_VALUE|TPO_PROFILE	VOLKITT
reclaim_given_break	RG2_US500_PERIOD_M5_1770595200_1771027200_12093172104164953419	16355634815978468093	10927868490897899186	US500	VERIFICATION_A	False	1	1	1	0.02367985	0.0473597	1.0	0.48306891	9.06819796	2	2	1	1	1	0	0	2	0	2	-0.46835305	-0.47061441	-0.6321917	0.00090454	16.49079139	-0.14560385	\N	\N	\N	31.77835662	34.83305707	26.56878996	0.11839924	92	30	11	11	1	-12.26089931	-0.46835305	-16.49079139	-0.62993034	4.22989208	0.16157729	-0.14332985	-0.00536873	-4.25351269	-0.15932463	-0.03534938	2	4	0.49999999999999994	-0.8660254037844387	US500	MEDIAN_CORE	MEDIAN_CORE	PIVOT|TPO_PROFILE	VOLKITT|WAYNE
reclaim_given_break	RG2_US500_PERIOD_M5_1770595200_1771027200_12093172104164953419	16853724948667754076	12199330984420471846	US500	VERIFICATION_A	False	1	2	-1	1.02060147	0.22022259	0.03936348	8.3392533	0.48306891	3	4	2	2	1	60	6	0	6	0	-0.4601217	-0.43134022	-0.59291751	0.03898587	16.27530477	-0.14560385	\N	\N	\N	31.56287	34.61757045	26.35330334	0.11839924	92	30	11	11	0	-12.04541269	-0.4601217	-16.27530477	-0.62169899	4.22989208	0.16157729	-0.14332985	-0.00536873	-4.25351269	-0.15932463	-0.03534938	4	397	0.49999999999999994	-0.8660254037844387	US500	MEDIAN_CORE	MEDIAN_CORE	ADAPTIVE_VALUE|MID_PIVOT|TPO_PROFILE	VOLKITT|WAYNE
reclaim_given_break	RG2_US500_PERIOD_M5_1770595200_1771027200_12093172104164953419	16355634815978468093	3155394604326253042	US500	VERIFICATION_A	False	0	2	1	0.02370792	0.48364154	0.13329041	0.48364154	9.07894737	2	2	1	1	3	639	0	2	0	2	-0.45170943	-0.47061441	-0.6321917	0.00090454	16.07411381	0.0	\N	\N	\N	31.37980085	34.43812233	26.1640588	0.11853959	92	30	11	11	0	-11.83920763	-0.45170943	-16.07411381	-0.61328672	4.23490618	0.16157729	0.0	0.0	0.0	0.0	0.0	2	168	0.49999999999999994	-0.8660254037844387	US500	MEDIAN_CORE	MEDIAN_CORE	PIVOT|TPO_PROFILE	VOLKITT|WAYNE
reclaim_given_break	RG2_US500_PERIOD_M5_1770595200_1771027200_12093172104164953419	16355634815978468093	9170522481027111039	US500	VERIFICATION_A	False	1	4	1	0.02302026	0.02762431	0.11458333	0.46961326	8.81560773	2	2	1	1	6	1538	0	2	0	2	-0.46907669	-0.47061441	-0.6321917	0.00090454	16.04986465	0.0	\N	\N	\N	30.91160221	33.88121547	25.84714549	0.11510129	92	30	11	11	0	-11.93779415	-0.46907669	-16.04986465	-0.63065398	4.11207051	0.16157729	0.0	0.0	0.0	0.0	0.0	2	22	0.49999999999999994	-0.8660254037844387	US500	MEDIAN_CORE	MEDIAN_CORE	PIVOT|TPO_PROFILE	VOLKITT|WAYNE
reclaim_given_break	RG2_US500_PERIOD_M5_1770595200_1771027200_12093172104164953419	16355634815978468093	11956096753678964794	US500	VERIFICATION_A	False	1	5	1	0.02283626	0.30143868	0.64150943	0.46585979	8.74514729	2	2	1	1	8	2100	0	2	0	2	-0.45822215	-0.47061441	-0.6321917	0.00090454	15.64754785	0.0	\N	\N	\N	30.39050011	33.33637817	25.36652204	0.11418132	92	30	11	11	0	-11.56834386	-0.45822215	-15.64754785	-0.61979944	4.07920399	0.16157729	0.0	0.0	0.0	0.0	0.0	2	15	0.49999999999999994	-0.8660254037844387	US500	MEDIAN_CORE	MEDIAN_CORE	PIVOT|TPO_PROFILE	VOLKITT|WAYNE
reclaim_given_break	RG2_US500_PERIOD_M5_1770595200_1771027200_12093172104164953419	16853724948667754076	15303257965724853801	US500	VERIFICATION_A	False	1	5	-1	0.98424298	0.22151176	0.02333255	8.04217097	0.46585979	3	4	2	2	8	2182	6	0	6	0	-0.46048351	-0.43134022	-0.59291751	0.03898587	15.70463851	0.0	\N	\N	\N	30.44759077	33.39346883	25.4236127	0.11418132	92	30	11	11	0	-11.62543452	-0.46048351	-15.70463851	-0.6220608	4.07920399	0.16157729	0.0	0.0	0.0	0.0	0.0	4	856	0.49999999999999994	-0.8660254037844387	US500	MEDIAN_CORE	MEDIAN_CORE	ADAPTIVE_VALUE|MID_PIVOT|TPO_PROFILE	VOLKITT|WAYNE
reclaim_given_break	RG2_US500_PERIOD_M5_1770595200_1771027200_12093172104164953419	16853724948667754076	7532851788649473817	US500	VERIFICATION_A	False	0	9	-1	0.98065984	0.23890785	0.19934102	8.01289344	9.20022753	3	4	2	2	15	4466	6	4	6	4	-0.61881406	-0.58886427	-0.58928336	0.03939229	15.4156332	0.0	\N	\N	\N	30.35494881	33.29010239	25.34926052	0.11376564	92	30	11	11	0	-15.40519999	-0.61881406	-15.4156332	-0.61923315	0.01043321	0.00041909	0.0	0.0	0.0	0.0	0.0	4	251	0.258819045102521	-0.9659258262890682	US500	BELOW	BELOW	ADAPTIVE_VALUE|MID_PIVOT|TPO_PROFILE	VOLKITT|WAYNE
reclaim_given_break	RG2_US500_PERIOD_M5_1770595200_1771027200_12093172104164953419	16853724948667754076	10605221173421978301	US500	VERIFICATION_A	False	0	11	-1	1.00419385	0.00465983	0.04938272	8.20518795	9.42101584	3	4	2	2	25	7768	6	4	6	4	-0.59465458	-0.57593686	-0.55665488	0.03757713	15.37599128	0.0	\N	\N	\N	30.84342964	33.84902144	25.71761417	0.11649581	92	32	10	10	0	-15.89127382	-0.59465458	-15.37599128	-0.57537261	-0.51528254	-0.01928197	0.0	0.0	0.0	0.0	0.0	4	120	1.2246467991473532e-16	-1.0	US500	BELOW	BELOW	ADAPTIVE_VALUE|MID_PIVOT|TPO_PROFILE	VOLKITT|WAYNE
reclaim_given_break	RG2_US500_PERIOD_M5_1770595200_1771027200_12093172104164953419	16853724948667754076	2611735031071212667	US500	VERIFICATION_A	False	0	16	-1	0.85566806	0.48441533	0.0101681	6.99159553	8.02759579	3	4	2	2	110	17761	6	4	6	4	-0.61578411	-0.57487554	-0.54443394	0.03757899	13.32816106	0.0	\N	\N	\N	26.76196149	29.32300973	22.39428231	0.09926544	92	32	10	10	0	-14.02131174	-0.61578411	-13.32816106	-0.58534251	-0.69315068	-0.0304416	0.0	0.0	0.0	0.0	0.0	4	2066	-0.4999999999999997	-0.8660254037844388	US500	BELOW	BELOW	ADAPTIVE_VALUE|MID_PIVOT|TPO_PROFILE	VOLKITT|WAYNE
reclaim_given_break	RG2_US500_PERIOD_M5_1770595200_1771027200_12093172104164953419	16853724948667754076	1463338950816477236	US500	VERIFICATION_A	False	0	18	-1	0.7380137	0.01541096	0.05405405	6.03025114	6.92380137	3	4	2	2	120	20798	6	4	6	4	-0.60145957	-0.58103987	-0.53860875	0.03758053	10.97830891	0.0	\N	\N	\N	22.67979452	24.88869863	18.91267123	0.08561644	92	31	10	10	0	-11.81157954	-0.60145957	-10.97830891	-0.55902845	-0.83327064	-0.04243112	0.0	0.0	0.0	0.0	0.0	4	162	-0.7071067811865471	-0.7071067811865479	US500	BELOW	BELOW	ADAPTIVE_VALUE|MID_PIVOT|TPO_PROFILE	VOLKITT|WAYNE
reclaim_given_break	RG2_US500_PERIOD_M5_1770595200_1771027200_12093172104164953419	16853724948667754076	8374621785177320901	US500	VERIFICATION_A	False	0	20	-1	0.09069921	0.19788918	0.83333333	6.24450308	6.85108839	2	2	1	1	125	22215	7	4	7	4	-0.60075824	-0.58790165	-0.53615506	0.00479398	10.38696359	0.0	\N	\N	\N	21.84201847	23.96932718	18.21405013	0.08245383	91	32	10	10	0	-11.36597719	-0.60075824	-10.38696359	-0.54901165	-0.9790136	-0.05174658	0.0	0.0	0.0	0.0	0.0	2	14	-0.8660254037844385	-0.5000000000000004	US500	BELOW	BELOW	MID_PIVOT|TPO_PROFILE	VOLKITT|WAYNE
reclaim_given_break	RG2_US500_PERIOD_M5_1770595200_1771027200_12093172104164953419	16853724948667754076	11435002477092299361	US500	VERIFICATION_A	False	0	22	-1	0.09032682	0.04105764	1.0	6.21886462	6.82295944	2	2	1	1	127	22925	7	4	7	4	-0.59247772	-0.58790165	-0.53615506	0.00479398	10.18829812	0.0	\N	\N	\N	21.59632124	23.71489571	17.98324848	0.08211529	91	32	10	10	0	-11.16329212	-0.59247772	-10.18829812	-0.54073114	-0.974994	-0.05174658	0.0	0.0	0.0	0.0	0.0	2	22	-0.8660254037844385	-0.5000000000000004	US500	BELOW	BELOW	MID_PIVOT|TPO_PROFILE	VOLKITT|WAYNE
reclaim_given_break	RG2_US500_PERIOD_M5_1770595200_1771027200_12093172104164953419	16853724948667754076	13373118687708861138	US500	VERIFICATION_A	False	1	24	-1	0.08991336	0.02125225	0.04056437	6.19039834	6.79172797	2	2	1	1	129	23438	7	4	7	4	-0.59143176	-0.58790165	-0.53615506	0.00479398	10.12204467	0.0	\N	\N	\N	21.47784862	23.58672552	17.88131437	0.04904365	91	32	10	10	0	-11.09257572	-0.59143176	-10.12204467	-0.53968518	-0.97053105	-0.05174658	0.0	0.0	0.0	0.0	0.0	2	8	-0.8660254037844385	-0.5000000000000004	US500	BELOW	BELOW	MID_PIVOT|TPO_PROFILE	VOLKITT|WAYNE
reclaim_given_break	RG2_US500_PERIOD_M5_1770595200_1771027200_12093172104164953419	16853724948667754076	9799973178031759271	US500	VERIFICATION_A	False	1	25	-1	0.08327025	0.49205148	0.88679245	5.73303053	6.28993187	2	2	1	1	231	24312	7	4	7	4	-0.61859323	-0.58786982	-0.53612604	0.00479372	9.84656279	0.0	\N	\N	\N	20.36336109	22.31642695	17.0325511	0.04542014	92	32	10	10	0	-10.74538769	-0.61859323	-9.84656279	-0.56684945	-0.8988249	-0.05174378	0.0	0.0	0.0	0.0	5.413e-05	2	13	-0.8660254037844385	-0.5000000000000004	US500	BELOW	BELOW	MID_PIVOT|TPO_PROFILE	VOLKITT|WAYNE
reclaim_given_break	RG2_US500_PERIOD_M5_1770595200_1771027200_12093172104164953419	16853724948667754076	1837736613197384379	US500	VERIFICATION_A	False	1	26	-1	0.07960631	0.49790129	0.8835443	5.48077387	6.01317123	2	2	1	1	233	24919	7	4	7	4	-0.62024924	-0.58786982	-0.53612604	0.00479372	9.44080869	0.0	\N	\N	\N	19.49486177	21.36199161	16.31060935	0.04342162	92	32	10	10	0	-10.30008477	-0.62024924	-9.44080869	-0.56850546	-0.85927608	-0.05174378	0.0	0.0	0.0	0.0	0.0	2	9	-0.8660254037844385	-0.5000000000000004	US500	BELOW	BELOW	MID_PIVOT|TPO_PROFILE	VOLKITT|WAYNE
reclaim_given_break	RG2_US500_PERIOD_M5_1770595200_1771027200_12093172104164953419	16853724948667754076	4143781991239284015	US500	VERIFICATION_A	False	1	27	-1	0.07756311	0.49781413	0.89699571	5.34010248	6.17449349	2	2	1	1	234	25246	7	4	7	4	-0.8041749	-0.76973725	-0.54685232	0.00497785	9.05746196	-0.15372789	\N	\N	\N	19.00719222	20.82639966	15.90466789	0.04230715	92	31	11	11	0	-12.53037888	-0.8041749	-9.05746196	-0.58128997	-3.47291693	-0.22288493	-0.15777746	-0.00950102	2.54734853	0.15339592	-0.03769004	2	14	-0.9659258262890683	-0.25881904510252063	US500	BELOW	BELOW	MID_PIVOT|TPO_PROFILE	VOLKITT|WAYNE
reclaim_given_break	RG2_US500_PERIOD_M5_1770595200_1771027200_12093172104164953419	16853724948667754076	11626524845835807540	US500	VERIFICATION_A	False	0	28	-1	0.0759249	0.25676422	0.06933524	5.22731456	6.04408246	2	2	1	1	235	25500	7	4	7	4	-0.78906035	-0.76973725	-0.54685232	0.00497785	8.63562434	0.0	\N	\N	\N	18.37520707	20.15599117	15.33821093	0.04141358	92	31	11	11	0	-12.03519004	-0.78906035	-8.63562434	-0.56617542	-3.3995657	-0.22288493	0.0	0.0	0.0	0.0	0.0	2	101	-0.9659258262890683	-0.25881904510252063	US500	BELOW	BELOW	MID_PIVOT|TPO_PROFILE	VOLKITT|WAYNE
reclaim_given_break	RG2_US500_PERIOD_M5_1770595200_1771027200_12093172104164953419	16853724948667754076	17904435084549985926	US500	VERIFICATION_A	False	1	30	-1	0.07278984	0.02911593	0.00971599	5.01146991	5.79451209	2	2	1	1	237	26192	7	4	7	4	-0.77421731	-0.76973725	-0.54685232	0.00497785	8.06199877	0.0	\N	\N	\N	17.39941768	19.1066702	14.48782425	0.03970355	92	31	11	11	0	-11.32119067	-0.77421731	-8.06199877	-0.55133238	-3.25919189	-0.22288493	0.0	0.0	0.0	0.0	0.0	2	127	-0.9659258262890683	-0.25881904510252063	US500	BELOW	BELOW	MID_PIVOT|TPO_PROFILE	VOLKITT|WAYNE
reclaim_given_break	RG2_US500_PERIOD_M5_1770595200_1771027200_12093172104164953419	16853724948667754076	15678760746897247817	US500	VERIFICATION_A	False	0	31	-1	0.07130818	0.27745365	0.472103	4.90946022	5.67656338	2	2	1	1	238	26400	7	4	7	4	-0.79159452	-0.76973725	-0.54685232	0.00497785	8.1468252	0.0	\N	\N	\N	17.29417866	18.96667963	14.44185142	0.03889537	92	31	11	11	0	-11.33967544	-0.79159452	-8.1468252	-0.56870959	-3.19285024	-0.22288493	0.0	0.0	0.0	0.0	0.0	2	20	-0.9659258262890683	-0.25881904510252063	US500	BELOW	BELOW	MID_PIVOT|TPO_PROFILE	VOLKITT|WAYNE
reclaim_given_break	RG2_US500_PERIOD_M5_1770595200_1771027200_12093172104164953419	16853724948667754076	15526582536014918071	US500	VERIFICATION_A	False	0	33	-1	0.06538279	0.02020922	0.01626794	4.50150579	5.20486606	2	2	1	1	460	28000	7	4	7	4	-0.77376478	-0.76973725	-0.54685232	0.00497785	7.2356708	0.0	\N	\N	\N	15.62291964	17.15644318	13.00760818	0.03566334	92	31	11	11	0	-10.1632093	-0.77376478	-7.2356708	-0.55087985	-2.92753851	-0.22288493	0.0	0.0	0.0	0.0	0.0	2	57	-0.9659258262890683	-0.25881904510252063	US500	BELOW	BELOW	MID_PIVOT|TPO_PROFILE	VOLKITT|WAYNE
reclaim_given_break	RG2_US500_PERIOD_M5_1781481600_1781913600_12793543797979660288	2374697471195020469	14215483858518121644	US500	VERIFICATION_B	True	\N	1	-1	0.0	0.49758745	0.13636364	5.20205066	1.15199035	2	2	2	0	17	5304	1	0	1	0	1.11330861	1.12639757	0.96753183	0.0	-36.28393528	0.0	-38.32177322	0.0	93.81860676	-2.66887817	0.49758745	-8.42882992	0.15078408	94	32	8	8	0	42.32334777	1.11330861	36.28393528	0.95444287	6.0394125	0.15886574	0.0	0.0	0.0	0.0	0.0	2	127	-0.8660254037844385	-0.5000000000000004	US500	ABOVE	ABOVE	DAILY_EXTREME|TPO_PROFILE	DAY_SWINGS|VOLKITT
reclaim_given_break	RG2_US500_PERIOD_M5_1781481600_1781913600_12793543797979660288	9697405896109226156	15327661128792739353	US500	VERIFICATION_B	False	0	1	1	0.0	0.0284153	0.13793103	0.73224044	3.87613843	1	2	2	0	1	4	0	3	0	3	0.83780747	0.83682623	1.00889765	0.0	-29.24454544	0.04343673	-31.20327869	0.0	\N	-0.0284153	4.7147541	-0.0284153	0.10928962	95	35	10	10	0	24.26162075	0.83780747	29.24454544	1.00987889	-4.98292468	-0.17207142	0.04292074	0.00148764	3.57127012	0.12378096	-0.00825058	2	57	0.49999999999999994	0.8660254037844387	US500	ABOVE	ABOVE	TPO_PROFILE	VOLKITT
reclaim_given_break	RG2_US500_PERIOD_M5_1781481600_1781913600_12793543797979660288	9697405896109226156	5667543010872799507	US500	VERIFICATION_B	False	1	3	1	0.0	0.01149954	0.33333333	0.77046918	4.07850353	1	2	2	0	5	1316	0	3	0	3	0.83720363	0.83682623	1.00889765	0.0	-30.75294282	0.0	-32.81393744	0.0	\N	-0.01149954	4.97930083	-0.01149954	0.1149954	95	35	10	10	0	25.50987004	0.83720363	30.75294282	1.00927505	-5.24307278	-0.17207142	0.0	0.0	0.0	0.0	0.0	2	5	0.49999999999999994	0.8660254037844387	US500	ABOVE	ABOVE	TPO_PROFILE	VOLKITT
reclaim_given_break	RG2_US500_PERIOD_M5_1781481600_1781913600_12793543797979660288	9697405896109226156	11444214432200944159	US500	VERIFICATION_B	False	1	4	1	0.0	0.46257555	0.1020202	0.77870758	4.12211375	1	2	2	0	6	1531	0	3	0	3	0.8518468	0.83682623	1.00889765	0.0	-31.53272789	0.0	-33.61576011	0.0	\N	-0.46257555	4.58158996	-0.46257555	0.11622501	95	35	10	10	0	26.2335925	0.8518468	31.53272789	1.02391821	-5.29913539	-0.17207142	0.0	0.0	0.0	0.0	0.0	2	538	0.49999999999999994	0.8660254037844387	US500	ABOVE	ABOVE	TPO_PROFILE	VOLKITT
reclaim_given_break	RG2_US500_PERIOD_M5_1781481600_1781913600_12793543797979660288	9697405896109226156	776366738183675698	US500	VERIFICATION_B	False	1	5	1	0.0	0.25238095	0.30113636	0.79761905	4.22222222	1	2	2	0	8	2101	0	3	0	3	0.84482713	0.83682623	1.00889765	0.0	-32.07709414	0.0	-34.21071429	0.0	\N	-0.25238095	4.91428571	-0.25238095	0.11904762	95	35	10	10	0	26.64926546	0.84482713	32.07709414	1.01689855	-5.42782867	-0.17207142	0.0	0.0	0.0	0.0	0.0	2	132	0.49999999999999994	0.8660254037844387	US500	ABOVE	ABOVE	TPO_PROFILE	VOLKITT
reclaim_given_break	RG2_US500_PERIOD_M5_1781481600_1781913600_12793543797979660288	9697405896109226156	4715397895045669906	US500	VERIFICATION_B	False	1	6	1	0.0	0.1614847	0.64912281	0.80742348	4.27412228	1	2	2	0	9	2402	0	3	0	3	0.8418834	0.83682623	1.00889765	0.0	-32.37739103	0.0	-34.53723789	0.0	\N	-0.1614847	5.06869125	-0.1614847	0.12051097	95	35	10	10	0	26.88284284	0.8418834	32.37739103	1.01395482	-5.49454819	-0.17207142	0.0	0.0	0.0	0.0	0.0	2	22	0.49999999999999994	0.8660254037844387	US500	ABOVE	ABOVE	TPO_PROFILE	VOLKITT
reclaim_given_break	RG2_US500_PERIOD_M5_1781481600_1781913600_12793543797979660288	15393091279045016449	6165560258542988446	US500	VERIFICATION_B	True	\N	1	1	0.04197672	0.00190803	1.0	7.25624881	8.60522801	2	2	1	1	4	1	8	11	5	4	0.58700429	0.58607964	0.759162	0.00169519	-18.82150261	0.0	-20.59816829	0.0	47.57155123	7.28296127	10.755581	5.85193665	0.05724098	97	35	10	10	0	14.53558332	0.58700429	18.82150261	0.76008664	-4.28591928	-0.17308236	0.0	0.0	0.0	0.0	-0.00079631	2	6	-0.5000000000000004	0.8660254037844384	US500	ABOVE	ABOVE	DAILY_EXTREME|TPO_PROFILE	DAY_SWINGS|VOLKITT
reclaim_given_break	RG2_US500_PERIOD_M5_1781481600_1781913600_12793543797979660288	1663421321153019558	8308493526707633635	US500	VERIFICATION_B	False	1	1	1	0.09160865	0.4946867	0.03199908	3.81091975	0.64126053	2	2	1	1	2	454	7	0	1	0	0.05162543	0.02706172	0.85544176	0.00416334	-19.36332148	0.0	-21.05624771	0.0	45.68019421	5.71637963	9.05093441	4.04910224	0.09160865	97	33	15	15	0	1.13594723	0.05162543	19.36332148	0.88000548	-18.22737425	-0.82838005	0.0	0.0	0.0	0.0	0.0	2	2584	0.49999999999999994	0.8660254037844387	US500	MEDIAN_CORE	MEDIAN_CORE	MID_PIVOT|TPO_PROFILE	VOLKITT|WAYNE
reclaim_given_break	RG2_US500_PERIOD_M5_1781481600_1781913600_12793543797979660288	6271224270631329814	18283438742554962341	US500	VERIFICATION_B	True	\N	1	-1	0.0044287	0.0044287	1.0	0.31000886	3.28757012	2	2	1	1	3	5	0	2	0	2	0.10380337	0.10392398	1.0035411	8.041e-05	-55.2642634	-0.15642628	-58.5938884	0.0	110.41740478	6.12046058	14.18069088	2.09034544	0.2214349	98	38	14	14	0	5.71706156	0.10380337	55.2642634	1.00342049	-49.54720184	-0.89961712	-0.15698246	-0.00277146	-0.15422222	-0.00272273	-7.442e-05	2	4	0.49999999999999994	-0.8660254037844387	US500	MEDIAN_CORE	MEDIAN_CORE	DAILY_EXTREME|MID_PIVOT	DAY_SWINGS|WAYNE
reclaim_given_break	RG2_US500_PERIOD_M5_1781481600_1781913600_12793543797979660288	13319923655980275220	2250857267942797599	US500	VERIFICATION_B	False	1	1	-1	0.04428698	0.48715678	0.06206152	3.66696191	3.60200768	2	2	0	2	381	32555	1	4	1	4	0.19973313	0.20875724	0.98525074	0.00078471	-55.09597288	-0.15642628	-58.42559787	0.0	110.41740478	6.28875111	14.3489814	2.25863596	0.2214349	98	40	13	13	0	11.27247564	0.19973313	55.09597288	0.97622663	-43.82349723	-0.7764935	-0.15698246	-0.00277146	-0.15422222	-0.00272273	-7.442e-05	2	531	0.49999999999999994	-0.8660254037844387	US500	MEDIAN_CORE	MEDIAN_CORE	MID_PIVOT|PIVOT	WAYNE
reclaim_given_break	RG2_US500_PERIOD_M5_1781481600_1781913600_12793543797979660288	1650898682155326829	17171772919017085235	US500	VERIFICATION_B	True	\N	3	1	0.0	0.21950342	0.63106796	9.10399424	13.35012594	2	2	1	1	25	6263	9	12	4	6	0.0031092	-0.00182726	0.8208723	0.0	-36.72020655	0.0	-38.98344728	0.0	89.71662469	13.5984167	20.14753508	10.3238575	0.17992083	98	37	14	14	0	0.13825281	0.0031092	36.72020655	0.82580876	-36.58195375	-0.82269956	0.0	0.0	0.31087544	0.00690088	0.00037915	2	33	-0.4999999999999997	-0.8660254037844388	US500	MEDIAN_CORE	MEDIAN_CORE	DAILY_EXTREME|TPO_PROFILE	DAY_SWINGS|VOLKITT
reclaim_given_break	RG2_US500_PERIOD_M5_1781481600_1781913600_12793543797979660288	7926147860082583854	17955012642695136141	US500	VERIFICATION_B	False	0	1	-1	0.07119972	0.48415806	0.14775161	7.33357067	14.80954076	2	2	1	1	1	199	7	14	2	8	0.00731776	0.01912173	0.85733937	0.00161698	-37.23100602	-0.00229331	-39.46778213	0.0	88.75845497	12.55250979	19.03168387	9.31292275	0.17799929	98	37	14	14	0	0.32221917	0.00731776	37.23100602	0.8455354	-36.90878686	-0.83821763	-0.00231224	-5.053e-05	0.64009169	0.01398742	-0.03030454	2	200	-0.7071067811865471	-0.7071067811865479	US500	MEDIAN_CORE	MEDIAN_CORE	MID_PIVOT|TPO_PROFILE	VOLKITT|WAYNE
reclaim_given_break	RG2_US500_PERIOD_M5_1781481600_1781913600_12793543797979660288	7926147860082583854	11727428505876301896	US500	VERIFICATION_B	False	0	3	-1	0.07015082	0.04559804	0.11504425	7.2255349	14.59137145	2	2	1	1	4	1062	7	14	2	8	0.01726221	0.01912173	0.85733937	0.00161698	-37.11395858	0.0	-39.31778323	0.0	87.45089442	11.93616275	18.31988776	8.74430025	0.17537706	98	37	14	14	0	0.74889991	0.01726221	37.11395858	0.85547984	-36.36505868	-0.83821763	0.0	0.0	0.0	0.0	0.0	2	99	-0.7071067811865471	-0.7071067811865479	US500	MEDIAN_CORE	MEDIAN_CORE	MID_PIVOT|TPO_PROFILE	VOLKITT|WAYNE
reclaim_given_break	RG2_US500_PERIOD_M5_1781481600_1781913600_12793543797979660288	7926147860082583854	6071719802774570789	US500	VERIFICATION_B	False	0	5	-1	0.06922811	0.03461405	0.08661417	7.13049498	14.39944618	2	2	1	1	6	1763	7	14	2	8	0.01750475	0.01912173	0.85733937	0.00161698	-36.63617027	0.0	-38.81100727	0.0	86.30062305	11.76877812	18.06853583	8.61889927	0.17307027	98	37	14	14	0	0.74943359	0.01750475	36.63617027	0.85572238	-35.88673669	-0.83821763	0.0	0.0	0.0	0.0	0.0	2	38	-0.7071067811865471	-0.7071067811865479	US500	MEDIAN_CORE	MEDIAN_CORE	MID_PIVOT|TPO_PROFILE	VOLKITT|WAYNE
reclaim_given_break	RG2_US500_PERIOD_M5_1781481600_1781913600_12793543797979660288	9192775161159783158	8021980742946210483	US500	VERIFICATION_B	True	\N	1	1	0.05476451	0.03559693	0.00083392	8.48849945	8.54326396	2	2	1	1	5	2	12	9	4	5	-0.02671501	-0.0285782	0.77313441	0.00162017	-26.19631123	0.04353841	-27.97234392	0.0	68.30572289	12.03997809	17.02354874	9.54819277	0.08214677	98	36	14	14	0	-0.90301547	-0.02671501	26.19631123	0.7749976	-27.0993267	-0.80171261	0.04506867	0.00124736	0.42889031	0.01187038	0.00039563	2	2423	-0.9659258262890683	-0.25881904510252063	US500	MEDIAN_CORE	MEDIAN_CORE	DAILY_EXTREME|MID_PIVOT	DAY_SWINGS|WAYNE
reclaim_given_break	RG2_US500_PERIOD_M5_1781481600_1781913600_12793543797979660288	2624835586900926929	10186409513296108147	US500	VERIFICATION_B	False	1	4	1	0.09646923	0.24503183	0.12082671	4.78487363	7.15801659	1	2	1	1	113	9449	8	12	3	6	0.01553573	0.00323151	0.81597837	0.00404744	-19.74180914	0.0	-21.12579587	0.0	48.00983986	7.06733552	10.57881536	5.3115956	0.05788154	97	36	14	14	0	0.37028836	0.01553573	19.74180914	0.82828259	-19.37152079	-0.81274686	0.0	0.0	0.0	0.0	0.0	2	188	-0.9659258262890684	0.2588190451025203	US500	MEDIAN_CORE	MEDIAN_CORE	TPO_PROFILE	VOLKITT
reclaim_given_break	RG2_US500_PERIOD_M5_1781481600_1781913600_12793543797979660288	2624835586900926929	11233061056683247111	US500	VERIFICATION_B	False	0	5	1	0.09576709	0.04213752	0.36585366	4.75004788	7.10591841	1	2	1	1	115	9900	8	12	3	6	0.00703611	0.00323151	0.81597837	0.00404744	-19.39701145	0.0	-20.77092511	0.0	47.66040988	7.21700824	10.70293047	5.47404712	0.05746026	97	36	14	14	0	0.16648239	0.00703611	19.39701145	0.81978297	-19.23052906	-0.81274686	0.0	0.0	0.0	0.0	0.0	2	24	-0.9659258262890684	0.2588190451025203	US500	MEDIAN_CORE	MEDIAN_CORE	TPO_PROFILE	VOLKITT
reclaim_given_break	RG2_US500_PERIOD_M5_1781481600_1781913600_12793543797979660288	2624835586900926929	503203110740257992	US500	VERIFICATION_B	False	0	7	1	0.09619084	0.0461716	0.15384615	4.77106579	7.13736052	1	2	1	1	116	10535	8	12	3	6	0.007198	0.00323151	0.81597837	0.00404744	-19.48668657	0.0	-20.86667949	0.0	47.87129665	7.24509427	10.74644094	5.49442093	0.05771451	97	36	14	14	0	0.17106667	0.007198	19.48668657	0.81994486	-19.3156199	-0.81274686	0.0	0.0	0.0	0.0	0.0	2	25	-0.9659258262890684	0.2588190451025203	US500	MEDIAN_CORE	MEDIAN_CORE	TPO_PROFILE	VOLKITT
reclaim_given_break	RG2_US500_PERIOD_M5_1781481600_1781913600_12793543797979660288	2624835586900926929	1538363660469957446	US500	VERIFICATION_B	True	\N	9	1	0.0	0.01470859	0.01495513	4.65159037	6.82110682	1	2	1	1	127	13963	8	12	3	6	0.00286741	0.00221978	0.81348931	0.0	-18.49025368	0.0	-19.82073911	0.0	45.75013789	7.04541276	10.39161611	5.37231109	0.0551572	97	36	14	14	0	0.0651231	0.00286741	18.49025368	0.81413693	-18.42513058	-0.81126952	0.0	0.0	0.0	0.0	0.0	2	180	-0.8660254037844386	0.5000000000000001	US500	MEDIAN_CORE	MEDIAN_CORE	TPO_PROFILE	VOLKITT
reclaim_given_break	RG2_US500_PERIOD_M5_1781481600_1781913600_12793543797979660288	4636677416405483052	7694149506521614313	US500	VERIFICATION_B	True	\N	2	1	0.37906137	0.33212996	0.06969919	1.28158845	0.92057762	1	2	1	1	14	14	1	1	1	1	-0.10114056	-0.12505577	0.56768483	0.01708229	-13.12778848	-0.05405387	-14.3799639	0.0	44.91606498	11.99638989	15.28158845	10.35379061	0.05415162	97	35	14	14	0	-2.2443404	-0.10114056	13.12778848	0.59160004	-15.37212889	-0.6927406	-0.05445689	-0.00242422	0.00390911	0.00017402	0.0313053	2	86	-0.7071067811865477	0.7071067811865474	US500	MEDIAN_CORE	MEDIAN_CORE	DAILY_EXTREME	DAY_SWINGS
reclaim_given_break	RG2_US500_PERIOD_M5_1781481600_1781913600_12793543797979660288	7884894744368002054	16584991490101722472	US500	VERIFICATION_B	False	0	14	1	4.46417711	0.25179419	0.24854142	1.73944776	8.72156672	4	8	1	7	1028	76420	2	11	2	5	-0.05585658	-0.21459972	0.34988388	0.28477934	-7.97319475	0.0	-8.84259822	0.0	30.26821555	8.93200341	11.145846	7.82508211	0.03649191	96	34	12	12	0	-0.87560313	-0.05585658	7.97319475	0.50862702	-8.84879788	-0.5644836	0.0	0.0	0.0	0.0	0.0	8	421	-0.5000000000000004	0.8660254037844384	US500	MEDIAN_CORE	MEDIAN_CORE	DAILY_EXTREME|MID_PIVOT|PIVOT|PIVOT_ZONE	DAY_SWINGS|WAYNE
reclaim_given_break	RG2_US500_PERIOD_M5_1781481600_1781913600_12793543797979660288	13302543465988492806	1699546315005397187	US500	VERIFICATION_B	True	\N	1	1	0.02969893	0.00111371	1.0	1.58146787	6.37413223	2	2	1	1	7	2	1	9	0	4	-0.27769997	-0.27885547	0.10032129	0.00214977	-1.40189709	0.0	-2.19790623	0.0	27.71299699	14.07617775	16.10312952	13.06270186	0.03341129	96	33	13	13	0	-3.83641195	-0.27769997	1.40189709	0.10147679	-5.23830904	-0.37917676	0.0	0.0	0.0	0.0	0.0	2	5	-0.5000000000000004	0.8660254037844384	US500	MEDIAN_CORE	MEDIAN_CORE	DAILY_EXTREME|PIVOT	DAY_SWINGS|WAYNE
reclaim_given_break	RG2_US500_PERIOD_M5_1781481600_1781913600_12793543797979660288	12351649662241943835	2914985925927588798	US500	VERIFICATION_B	False	1	1	-1	0.01172562	0.00097714	0.07692308	4.56126637	3.35352746	2	2	1	1	9	7	11	7	2	5	-0.06834993	-0.06778285	0.24988907	0.00097215	-3.00720858	-0.03177641	-3.64740082	0.0	24.31453977	10.61266367	11.91225327	9.72347078	0.04885675	94	28	12	12	0	-0.82440587	-0.06834993	3.00720858	0.24932198	-3.83161446	-0.31767191	-0.03172062	-0.00258023	-6.03562202	-0.49095127	-0.02082847	2	6	0.25881904510252074	0.9659258262890683	US500	MEDIAN_CORE	MEDIAN_CORE	DAILY_EXTREME|MID_PIVOT	DAY_SWINGS|WAYNE
reclaim_given_break	RG2_US500_PERIOD_M5_1781481600_1781913600_12793543797979660288	12351649662241943835	12795661303726609260	US500	VERIFICATION_B	True	\N	2	-1	0.0486618	0.49343066	0.47058824	4.50608273	3.34014599	2	2	1	1	83	302	11	7	2	6	-0.11729739	-0.0742069	0.25138094	0.00404986	-2.5027516	0.0	-3.14038929	0.0	24.21751825	11.06277372	12.35717762	10.17712895	0.0486618	94	29	12	12	0	-1.40940795	-0.11729739	2.5027516	0.20829045	-3.91215954	-0.32558784	0.0	0.0	0.12357797	0.01024566	0.00019263	2	256	0.25881904510252074	0.9659258262890683	US500	MEDIAN_CORE	MEDIAN_CORE	DAILY_EXTREME|MID_PIVOT	DAY_SWINGS|WAYNE
reclaim_given_break	RG2_US500_PERIOD_M5_1781481600_1781913600_12793543797979660288	9482492013651461125	5891348848888817045	US500	VERIFICATION_B	False	0	3	-1	0.07723363	0.20747762	0.18262411	2.07126558	6.39494471	2	2	1	1	10	1439	4	17	1	8	0.02300447	0.04189674	0.46783366	0.0059291	-5.84799778	0.0	-6.50526593	0.0	26.20695103	8.86466561	10.26540284	7.90626646	0.05265929	97	30	12	12	0	0.29966064	0.02300447	5.84799778	0.44894139	-5.54833714	-0.42593692	0.0	0.0	0.0	0.0	0.0	2	255	0.49999999999999994	0.8660254037844387	US500	MEDIAN_CORE	MEDIAN_CORE	DAILY_EXTREME|PIVOT	DAY_SWINGS|WAYNE
reclaim_given_break	RG2_US500_PERIOD_M5_1781481600_1781913600_12793543797979660288	13736633345036701086	16394964116506954827	US500	VERIFICATION_B	False	0	1	1	0.08540041	0.01358643	0.06956522	0.28725593	1.16455107	2	2	1	1	1	13	0	0	0	0	0.10821423	0.10431539	0.61092254	0.00591548	-8.87602866	-0.02679615	-9.52457203	0.0	28.97810644	7.47059509	9.019448	6.41085362	0.05822755	97	29	12	12	0	1.5622629	0.10821423	8.87602866	0.61482138	-7.31376576	-0.50660715	-0.02667191	-0.00178646	1.51163893	0.10124833	-0.03824316	2	435	1.0	6.123233995736766e-17	US500	MEDIAN_CORE	MEDIAN_CORE	PIVOT|TPO_PROFILE	VOLKITT|WAYNE
reclaim_given_break	RG2_US500_PERIOD_M5_1781481600_1781913600_12793543797979660288	13736633345036701086	9856679871966427142	US500	VERIFICATION_B	False	0	3	1	0.0930508	0.00211479	1.0	0.31298905	1.26887451	2	2	1	1	6	1660	0	0	0	0	0.10740758	0.10431539	0.61092254	0.00591548	-9.65847711	0.0	-10.36511864	0.0	31.57403883	8.15251872	9.84012181	6.99784291	0.06344373	97	29	12	12	0	1.68952563	0.10740758	9.65847711	0.61401473	-7.96895148	-0.50660715	0.0	0.0	0.0	0.0	0.0	2	117	1.0	6.123233995736766e-17	US500	MEDIAN_CORE	MEDIAN_CORE	PIVOT|TPO_PROFILE	VOLKITT|WAYNE
reclaim_given_break	RG2_US500_PERIOD_M5_1781481600_1781913600_12793543797979660288	14849814454453125831	7439085062906466900	US500	VERIFICATION_B	False	1	1	1	0.02767783	0.02767783	1.0	0.16606698	3.76418489	2	2	1	1	1	0	0	3	0	3	0.00123038	0.0	0.6528919	0.00082025	-22.07210886	-0.11900416	-23.3151121	0.0	68.87558815	17.07722115	20.75837254	14.55853861	0.13838915	97	34	13	13	1	0.04151675	0.00123038	22.07210886	0.65412228	-22.03059212	-0.6528919	-0.11933445	-0.00340353	1.26785371	0.03616038	-0.03556946	2	2	0.258819045102521	-0.9659258262890682	US500	MEDIAN_CORE	MEDIAN_CORE	MID_PIVOT|TPO_PROFILE	VOLKITT|WAYNE
reclaim_given_break	RG2_US500_PERIOD_M5_1781481600_1781913600_12793543797979660288	14849814454453125831	7098482773182447964	US500	VERIFICATION_B	False	0	2	1	0.02752546	0.48995321	0.02908631	0.16515277	3.7434627	2	2	1	1	41	303	0	3	0	3	0.01500973	0.0	0.65285383	0.0008202	-22.41302761	0.0	-23.649188	0.0	68.49642169	16.52078172	20.18166804	14.01596477	0.13762731	97	34	13	13	0	0.50371594	0.01500973	22.41302761	0.66786357	-21.90931167	-0.65285383	0.0	0.0	0.0	0.0	5.83e-05	2	1042	0.258819045102521	-0.9659258262890682	US500	MEDIAN_CORE	MEDIAN_CORE	MID_PIVOT|TPO_PROFILE	VOLKITT|WAYNE
reclaim_given_break	RG2_US500_PERIOD_M5_1781481600_1781913600_12793543797979660288	14849814454453125831	13950850524637957916	US500	VERIFICATION_B	False	0	4	1	0.02839296	0.03407155	0.46666667	0.17035775	3.86144236	2	2	1	1	86	2501	0	3	0	3	0.00139418	0.0	0.65277738	0.00082011	-22.6480776	0.0	-23.92319705	0.0	70.65516752	17.51277683	21.28904032	14.9290176	0.14196479	97	34	13	13	0	0.04826803	0.00139418	22.6480776	0.65417157	-22.59980957	-0.65277738	0.0	0.0	0.0	0.0	0.0	2	15	0.258819045102521	-0.9659258262890682	US500	MEDIAN_CORE	MEDIAN_CORE	MID_PIVOT|TPO_PROFILE	VOLKITT|WAYNE
reclaim_given_break	RG2_US500_PERIOD_M5_1781481600_1781913600_12793543797979660288	13100480538752909213	18087343491776420356	US500	VERIFICATION_B	False	0	1	-1	1.35946024	0.03014643	0.00042634	1.24892334	1.49727247	2	2	2	0	2	325	2	1	2	1	0.07117689	0.09089022	0.6024031	0.03839285	-20.63258036	0.0	-21.69035314	0.0	63.7115992	20.20958943	24.02813666	17.59689922	0.14355441	97	35	12	12	0	2.52031694	0.07117689	20.63258036	0.58268977	-18.11226342	-0.51151288	0.0	0.0	0.0	0.0	0.0	2	5102	-0.4999999999999997	-0.8660254037844388	US500	MEDIAN_CORE	MEDIAN_CORE	ADAPTIVE_VALUE|TPO_PROFILE	VOLKITT
reclaim_given_break	RG2_US500_PERIOD_M5_1781481600_1781913600_12793543797979660288	3947901969778764767	12378388692590769127	US500	VERIFICATION_B	False	1	3	1	0.67846396	0.48860868	0.11255271	0.53732626	0.67559822	2	2	2	0	37	10957	1	0	1	0	0.21577278	0.16331809	0.55703994	0.0378113	-10.9364182	0.05246062	-12.00709271	0.0	31.79646081	8.90385442	10.80957157	7.59994269	0.0429861	97	31	11	11	0	3.87170169	0.21577278	10.9364182	0.60949463	-7.06471652	-0.39372185	0.05274023	0.00292372	0.0026191	0.00014519	1.831e-05	2	541	-0.5000000000000004	0.8660254037844384	US500	MEDIAN_CORE	MEDIAN_CORE	ADAPTIVE_VALUE|TPO_PROFILE	VOLKITT
reclaim_given_break	RG2_US500_PERIOD_M5_1781481600_1781913600_12793543797979660288	12904723682979604437	9824029196093411322	US500	VERIFICATION_B	False	1	1	1	0.0	0.00279916	0.1552795	1.45556333	2.97410777	2	2	1	1	3	4	4	6	0	2	0.04262215	0.04240081	1.03488123	0.0	-13.09023798	0.03064348	-11.69384185	0.0	31.05773268	1.48075577	4.58782365	-4.29951015	0.06997901	96	21	13	13	0	0.5390133	0.04262215	13.09023798	1.03510257	-12.55122469	-0.99248042	0.03058782	0.00175215	4.30393891	0.24654139	-0.29009802	2	32	0.25881904510252074	0.9659258262890683	US500	MEDIAN_CORE	MEDIAN_CORE	DAILY_EXTREME|MID_PIVOT	DAY_SWINGS|WAYNE
reclaim_given_break	RG2_US500_PERIOD_M5_1781481600_1781913600_12793543797979660288	16176650999118177135	4299612530152727532	US500	VERIFICATION_B	True	\N	1	1	0.1152009	0.00140489	1.0	2.82101714	1.51025569	2	2	1	1	2	2	7	3	1	1	0.00466084	0.0	0.92572877	0.00909973	-11.77855442	0.0	-10.37686148	0.0	31.17554088	2.84771003	5.96656364	-2.9544816	0.07024445	96	21	13	13	0	0.05900534	0.00466084	11.77855442	0.93038961	-11.71954909	-0.92572877	0.0	0.0	0.0	0.0	0.0	2	52	0.25881904510252074	0.9659258262890683	US500	MEDIAN_CORE	MEDIAN_CORE	DAILY_EXTREME|PIVOT	DAY_SWINGS|WAYNE
reclaim_given_break	RG2_US500_PERIOD_M5_1781481600_1781913600_12793543797979660288	14329309073973077671	13292391070716767368	US500	VERIFICATION_B	True	\N	2	1	0.07353924	0.25270758	0.00862012	0.54151625	0.25738735	2	2	1	1	10	59	1	0	1	0	-0.07469626	-0.09100458	0.8256719	0.00414299	-14.94538064	0.0	-13.07511031	0.0	44.50611713	5.80425191	10.25671881	0.58965102	0.10028079	99	24	14	14	0	-1.32587913	-0.07469626	14.94538064	0.84198022	-16.27125977	-0.91667648	0.0	0.0	2.10230645	0.11348723	-0.01988166	2	3177	0.7071067811865476	0.7071067811865476	US500	MEDIAN_CORE	MEDIAN_CORE	DAILY_EXTREME|PIVOT	DAY_SWINGS|WAYNE
reclaim_given_break	RG2_US500_PERIOD_M5_1781481600_1781913600_12793543797979660288	15447844720055815724	7130075924750833226	US500	VERIFICATION_B	True	\N	7	1	1.13331738	0.21302058	0.25479452	1.04116802	1.1285304	4	4	2	2	427	34094	2	0	2	0	-0.19022989	-0.22910651	0.74634517	0.05157228	-17.25550079	0.0	-15.12027286	0.0	53.11333174	7.41024414	12.72379129	0.99569172	0.11967449	99	26	13	13	0	-4.18036275	-0.19022989	17.25550079	0.7852218	-21.43586354	-0.97545168	0.0	0.0	0.0	0.0	0.0	4	1390	0.8660254037844386	0.5000000000000001	US500	MEDIAN_CORE	MEDIAN_CORE	ADAPTIVE_VALUE|DAILY_EXTREME|PIVOT|TPO_PROFILE	DAY_SWINGS|VOLKITT|WAYNE
reclaim_given_break	RG2_USTEC_PERIOD_M5_1770595200_1771027200_5705634481155019256	16098861881793426978	11912908032249817847	USTEC	VERIFICATION_A	True	\N	1	1	0.07743658	0.00053405	1.292e-05	6.59546061	11.42056075	2	2	1	1	354	5742	7	8	1	2	0.40834365	0.40704787	-0.22217571	0.0025563	6.69099859	0.0	\N	\N	72.15514019	2.8459279	4.07423231	1.56421896	0.05340454	95	29	11	11	0	12.36973743	0.40834365	-6.69099859	-0.22087994	19.06073602	0.62922359	0.0	0.0	0.0	0.0	0.0	2	3599	0.7071067811865476	0.7071067811865476	USTEC	MEDIAN_CORE	MEDIAN_CORE	DAILY_EXTREME|MID_PIVOT	DAY_SWINGS|WAYNE
reclaim_given_break	RG2_USTEC_PERIOD_M5_1770595200_1771027200_5705634481155019256	3124837683529414604	13440337684432688775	USTEC	VERIFICATION_A	True	\N	1	-1	0.23420371	0.49681084	1.0	10.0259119	0.23088167	1	2	1	1	92	1287	6	0	6	0	0.64636386	0.66713048	0.08722232	0.00792233	-1.96459499	0.0	-3.43718856	0.0	58.55889974	-3.43980466	-1.99471796	-5.2337054	0.04484752	96	32	10	10	0	19.10811574	0.64636386	1.96459499	0.0664557	17.14352075	0.57990816	0.0	0.0	0.0	0.0	0.0	2	10	-0.9659258262890683	-0.25881904510252063	USTEC	ABOVE	ABOVE	DAILY_EXTREME	DAY_SWINGS
reclaim_given_break	RG2_USTEC_PERIOD_M5_1770595200_1771027200_5705634481155019256	7843093249440708301	9245218570216343441	USTEC	VERIFICATION_A	True	\N	2	1	0.03334604	0.2191311	0.13389356	23.61375762	11.82355183	2	2	1	1	17	40	19	7	3	4	0.31534447	0.31030424	-0.18657713	0.00071276	8.49309849	0.0	\N	\N	111.49271151	10.7660061	14.86280488	6.66920732	0.09527439	95	28	9	9	0	14.75320757	0.31534447	-8.49309849	-0.18153691	23.24630606	0.49688138	0.0	0.0	4.36455708	0.08741312	-0.04796737	2	71	0.49999999999999994	-0.8660254037844387	USTEC	MEDIAN_CORE	MEDIAN_CORE	DAILY_EXTREME|MID_PIVOT	DAY_SWINGS|WAYNE
reclaim_given_break	RG2_USTEC_PERIOD_M5_1770595200_1771027200_5705634481155019256	11461913744479853707	11997022376559925823	USTEC	VERIFICATION_A	True	\N	9	1	1.72413793	0.2096487	0.47089947	20.69370244	7.71814797	1	2	1	1	179	5867	20	6	4	3	0.30072644	0.26023217	-0.22859594	0.04347419	7.45990196	0.0	\N	\N	94.29536992	9.75473531	13.23538935	6.27408127	0.08094544	95	28	9	9	0	11.92647456	0.30072644	-7.45990196	-0.18810167	19.38637651	0.48882812	0.0	0.0	0.0	0.0	0.0	2	204	0.258819045102521	-0.9659258262890682	USTEC	MEDIAN_CORE	MEDIAN_CORE	DAILY_EXTREME	DAY_SWINGS
reclaim_given_break	RG2_USTEC_PERIOD_M5_1770595200_1771027200_5705634481155019256	5882055221219875960	1433830110217391773	USTEC	VERIFICATION_A	True	\N	1	1	0.04231199	0.00079834	1.0	0.60434297	4.47469264	2	2	1	1	9	1	0	2	0	2	0.1734604	0.17289715	-0.31163706	0.00108554	12.12498228	-0.23408117	\N	\N	93.00055884	14.62238544	18.05524509	11.18952579	0.07983395	95	28	9	9	0	6.76111022	0.1734604	-12.12498228	-0.31107381	18.88609251	0.48453422	-0.23734019	-0.00598454	0.0	0.0	-0.00023061	2	6	1.2246467991473532e-16	-1.0	USTEC	MEDIAN_CORE	MEDIAN_CORE	DAILY_EXTREME|MID_PIVOT	DAY_SWINGS|WAYNE
reclaim_given_break	RG2_USTEC_PERIOD_M5_1770595200_1771027200_5705634481155019256	281568520077450213	11601587205878052618	USTEC	VERIFICATION_A	True	\N	1	1	0.1173559	0.00079834	1.0	0.93645218	4.06753952	2	2	1	1	1	0	1	1	1	1	0.16499047	0.1634641	-0.32121855	0.00301176	12.4570915	-0.23408117	\N	\N	93.00055884	14.95449465	18.3873543	11.521635	0.07983395	95	28	9	9	0	6.42900101	0.16499047	-12.4570915	-0.31969218	18.88609251	0.48468265	-0.23734019	-0.00598454	0.0	0.0	-0.00023061	2	7	1.2246467991473532e-16	-1.0	USTEC	MEDIAN_CORE	MEDIAN_CORE	DAILY_EXTREME|PIVOT	DAY_SWINGS|WAYNE
reclaim_given_break	RG2_USTEC_PERIOD_M5_1770595200_1771027200_5705634481155019256	15353731899057406777	10779335502140895768	USTEC	VERIFICATION_A	True	\N	1	-1	0.60073412	0.00051698	1.0	1.4863258	0.92091885	1	2	1	1	13	2	1	0	1	0	0.82534918	0.83720819	0.28378377	0.02367728	-6.89920765	0.0	\N	\N	60.22462906	-4.76503128	-2.54200486	-6.9880577	0.05169829	94	26	10	10	0	20.94055558	0.82534918	6.89920765	0.27192475	14.04134793	0.55342443	0.0	0.0	0.0	0.0	-0.00077923	2	58	-0.7071067811865471	-0.7071067811865479	USTEC	ABOVE	ABOVE	DAILY_EXTREME	DAY_SWINGS
reclaim_given_break	RG2_USTEC_PERIOD_M5_1770595200_1771027200_5705634481155019256	5830581974685657375	16799041349117701523	USTEC	VERIFICATION_A	False	0	11	1	11.53940849	0.21712369	0.11584801	2.68596313	2.96140707	5	18	3	15	957	17082	3	4	3	4	0.88319463	0.64471651	0.01180941	0.50520813	-5.71679238	0.0	\N	\N	53.77735205	-3.65017081	-1.66512787	-5.63521374	0.04154741	94	28	9	9	0	20.17296033	0.88319463	5.71679238	0.25028753	14.45616795	0.6329071	0.0	0.0	0.0	0.0	0.0	18	1652	-0.8660254037844385	-0.5000000000000004	USTEC	ABOVE	ABOVE	GLOBAL_VALUE|MID_PIVOT|PIVOT|PIVOT_ZONE|TPO_PROFILE	VOLKITT|WAYNE
reclaim_given_break	RG2_USTEC_PERIOD_M5_1770595200_1771027200_5705634481155019256	6377732212944629969	6756473862378352782	USTEC	VERIFICATION_A	True	\N	1	1	0.07728814	0.0059661	0.01285347	6.65355932	3.36542373	2	2	1	1	7	1	19	6	0	4	0.16162565	0.15828663	-0.0928251	0.00578493	1.19555733	0.0	2.99674576	0.0	31.62901695	3.05301695	4.21911864	1.88691525	0.02711864	94	22	8	8	0	2.15936077	0.16162565	-1.19555733	-0.08948608	3.3549181	0.25111173	0.0	0.0	0.0	0.0	0.0	2	168	0.25881904510252074	0.9659258262890683	USTEC	MEDIAN_CORE	MEDIAN_CORE	DAILY_EXTREME|MID_PIVOT	DAY_SWINGS|WAYNE
reclaim_given_break	RG2_USTEC_PERIOD_M5_1770595200_1771027200_5705634481155019256	9968874993353758771	6903905759625325720	USTEC	VERIFICATION_A	True	\N	1	1	0.08765266	0.00058435	1.0	12.27721615	6.12107754	2	2	1	1	4	0	20	5	2	3	0.00158596	0.0	-0.05005379	0.00313018	1.35721685	0.0	\N	\N	68.15403494	7.80050254	10.31321218	5.28779291	0.0525916	96	24	9	9	0	0.04441068	0.00158596	-1.35721685	-0.04846783	1.40162753	0.05005379	0.0	0.0	0.0	0.0	0.0	2	18	-0.8660254037844385	-0.5000000000000004	USTEC	MEDIAN_CORE	MEDIAN_CORE	DAILY_EXTREME|TPO_PROFILE	DAY_SWINGS|VOLKITT
reclaim_given_break	RG2_USTEC_PERIOD_M5_1770595200_1771027200_5705634481155019256	14356417567828175505	3773652619342486190	USTEC	VERIFICATION_A	True	\N	1	1	0.09020557	0.0028486	0.00733945	0.29435503	2.66106443	2	2	1	1	7	1	0	1	0	1	0.09120821	0.08914657	-0.14259942	0.00387834	3.2687403	0.0	\N	\N	55.37292883	8.62840051	10.66989508	6.58690595	0.04272896	95	22	8	8	0	2.12139376	0.09120821	-3.2687403	-0.14053778	5.39013405	0.23174599	0.0	0.0	0.0	0.0	0.00074098	2	49	-0.9659258262890683	-0.25881904510252063	USTEC	MEDIAN_CORE	MEDIAN_CORE	DAILY_EXTREME|MID_PIVOT	DAY_SWINGS|WAYNE
reclaim_given_break	RG2_USTEC_PERIOD_M5_1770595200_1771027200_5705634481155019256	7842019673833053902	10555776287673665655	USTEC	VERIFICATION_A	True	\N	13	1	2.29504505	0.21396396	0.09818761	2.88963964	0.23423423	4	7	1	6	7808	233489	2	0	2	0	0.06395761	0.0	-0.29801009	0.09765805	5.50042689	0.0	\N	\N	52.53693694	10.58558559	12.52252252	8.64864865	0.04054054	95	23	7	7	0	1.50305663	0.06395761	-5.50042689	-0.23405248	7.00348352	0.29801009	0.0	0.0	-0.02341387	-0.00098574	-1.203e-05	7	250	-0.9659258262890683	-0.25881904510252063	USTEC	MEDIAN_CORE	MEDIAN_CORE	DAILY_EXTREME|MID_PIVOT|PIVOT|PIVOT_ZONE	DAY_SWINGS|WAYNE
reclaim_given_break	RG2_USTEC_PERIOD_M5_1770595200_1771027200_5705634481155019256	12237886267471443913	16008273043875198540	USTEC	VERIFICATION_A	True	\N	3	1	1.09862483	0.20338387	0.10298583	0.18226613	0.89876059	2	3	1	2	237	3606	0	0	0	0	-0.35291646	-0.41350977	-0.86751374	0.0827736	10.70997027	0.0	\N	\N	35.17598109	14.09885109	16.21062423	10.7552103	0.02514016	94	29	12	12	0	-4.68413569	-0.35291646	-10.70997027	-0.80692043	6.02583458	0.45400397	0.0	0.0	0.0	0.0	0.0	3	516	0.49999999999999994	0.8660254037844387	USTEC	MEDIAN_CORE	MEDIAN_CORE	DAILY_EXTREME|MID_PIVOT	DAY_SWINGS|WAYNE
reclaim_given_break	RG2_USTEC_PERIOD_M5_1770595200_1771027200_5705634481155019256	12138875948462809940	1390534591964960415	USTEC	VERIFICATION_A	False	0	1	-1	0.0724319	0.49771063	0.26652864	0.29360788	1.87676229	2	2	1	1	1	5	0	1	0	1	-0.26777994	-0.22298769	-0.94806364	0.00607647	11.83490797	-0.0708397	12.14566573	-2.95839046	35.86465582	15.39281372	17.56577075	11.95229842	0.02586854	94	32	11	11	0	-3.1919546	-0.26777994	-11.83490797	-0.99285589	8.64295337	0.72507595	-0.07020227	-0.00501561	-5.12419105	-0.36609863	-0.16964085	2	156	0.7071067811865476	0.7071067811865476	USTEC	MEDIAN_CORE	MEDIAN_CORE	MID_PIVOT|TPO_PROFILE	VOLKITT|WAYNE
reclaim_given_break	RG2_USTEC_PERIOD_M5_1770595200_1771027200_5705634481155019256	6950320712939200755	13276906093219519928	USTEC	VERIFICATION_A	True	\N	1	1	0.11273163	0.49355316	0.95392954	0.49848517	2.44310576	2	2	1	1	11	3259	0	1	0	1	-0.19188588	-0.22574	-0.94130813	0.00693999	14.74048667	0.0	15.36901994	0.0	48.84168252	19.7910942	22.75029944	15.1056859	0.03522863	94	32	11	11	0	-3.11695274	-0.19188588	-14.74048667	-0.90745401	11.62353393	0.71556813	0.0	0.0	0.0	0.0	0.0	2	71	0.9659258262890683	0.25881904510252074	USTEC	MEDIAN_CORE	MEDIAN_CORE	MID_PIVOT|TPO_PROFILE	VOLKITT|WAYNE
reclaim_given_break	RG2_USTEC_PERIOD_M5_1770595200_1771027200_5705634481155019256	13416785306495568029	10758911027239737330	USTEC	VERIFICATION_A	False	1	1	1	0.08527572	0.49678576	0.58401639	3.79148992	5.36537368	1	2	0	2	4040	56138	3	2	3	2	-0.55223317	-0.57786568	-1.03386852	0.00405216	21.2178353	0.0	22.366948	0.0	60.62972843	27.85629947	31.52971531	22.04005773	0.04373114	94	34	10	10	0	-11.62147782	-0.55223317	-21.2178353	-1.00823602	9.59635748	0.45600284	0.0	0.0	0.0	0.0	0.0	2	64	0.8660254037844387	-0.4999999999999998	USTEC	BELOW	BELOW	MID_PIVOT	WAYNE
reclaim_given_break	RG2_USTEC_PERIOD_M5_1770595200_1771027200_5705634481155019256	2489758526063145893	5095231237812072682	USTEC	VERIFICATION_A	True	\N	1	1	0.11644769	0.00043505	1.0	0.93056643	4.29058267	2	2	1	1	1	0	0	1	0	1	-0.4194184	-0.4223201	-1.12171044	0.00576035	22.6171687	0.0	23.76033238	0.0	60.31584443	29.22126512	32.87566345	23.43513443	0.04350474	94	32	11	11	0	-8.47871168	-0.4194184	-22.6171687	-1.11880875	14.13845702	0.69939034	0.0	0.0	0.0	0.0	-4.257e-05	2	9	0.8660254037844387	-0.4999999999999998	USTEC	MEDIAN_CORE	MEDIAN_CORE	DAILY_EXTREME|PIVOT	DAY_SWINGS|WAYNE
reclaim_given_break	RG2_USTEC_PERIOD_M5_1770595200_1771027200_5705634481155019256	13416785306495568029	16733442828056830465	USTEC	VERIFICATION_A	False	0	2	1	0.0982962	0.23634775	0.39825581	3.78768021	5.34687637	2	3	1	2	4150	56400	2	2	2	2	-0.56457342	-0.57872421	-1.03470764	0.00467537	21.45645433	0.0	22.60441241	0.0	60.56880734	28.08824814	31.75797291	22.27785059	0.0436872	94	33	10	10	0	-11.86973933	-0.56457342	-21.45645433	-1.02055685	9.586715	0.45598343	0.0	0.0	0.0	0.0	4.257e-05	3	30	0.8660254037844387	-0.4999999999999998	USTEC	BELOW	BELOW	DAILY_EXTREME|MID_PIVOT	DAY_SWINGS|WAYNE
reclaim_given_break	RG2_USTEC_PERIOD_M5_1770595200_1771027200_5705634481155019256	13416785306495568029	9071669671986004943	USTEC	VERIFICATION_A	False	1	4	1	0.08390706	0.01376936	0.09580838	3.73063683	5.2792599	1	2	0	2	4409	57400	2	3	2	3	-0.57517463	-0.57786568	-1.03386852	0.00405216	21.3523339	0.0	22.48300344	0.0	59.65662651	27.88425129	31.49870912	22.16135972	0.04302926	94	34	10	10	0	-11.90999713	-0.57517463	-21.3523339	-1.03117747	9.44233676	0.45600284	0.0	0.0	0.0	0.0	0.0	2	40	0.8660254037844387	-0.4999999999999998	USTEC	BELOW	BELOW	MID_PIVOT	WAYNE
reclaim_given_break	RG2_USTEC_PERIOD_M5_1770595200_1771027200_5705634481155019256	8914061957818179295	17481888360838919082	USTEC	VERIFICATION_A	False	1	1	-1	0.09343413	0.49265268	0.03407105	0.60095133	2.98776862	2	2	1	1	1	39	0	1	0	1	-0.49491246	-0.46656165	-0.94019744	0.00491116	18.42648003	-0.16683687	19.70929245	0.0	58.88133866	25.04034656	28.60783148	19.39182876	0.04247006	94	31	12	12	0	-9.41563264	-0.49491246	-18.42648003	-0.96854825	9.01084739	0.47363579	-0.16717056	-0.00816321	0.14222532	0.0069451	-0.07163296	2	1012	0.7071067811865476	-0.7071067811865475	USTEC	MEDIAN_CORE	MEDIAN_CORE	MID_PIVOT|TPO_PROFILE	VOLKITT|WAYNE
reclaim_given_break	RG2_USTEC_PERIOD_M5_1770595200_1771027200_5705634481155019256	8914061957818179295	6234918330070657642	USTEC	VERIFICATION_A	False	0	3	-1	0.09452202	0.20580021	0.23373494	0.60794844	3.02255639	2	2	1	1	12	3569	0	1	0	1	-0.47971017	-0.46656165	-0.94019744	0.00491116	18.34843819	0.0	19.6461869	0.0	59.56691729	25.03931257	28.64833512	19.32502685	0.04296455	94	31	12	12	0	-9.23267395	-0.47971017	-18.34843819	-0.95334596	9.11576424	0.47363579	0.0	0.0	0.0	0.0	0.0	2	71	0.7071067811865476	-0.7071067811865475	USTEC	MEDIAN_CORE	MEDIAN_CORE	MID_PIVOT|TPO_PROFILE	VOLKITT|WAYNE
reclaim_given_break	RG2_USTEC_PERIOD_M5_1770595200_1771027200_5705634481155019256	13416785306495568029	897045936246055556	USTEC	VERIFICATION_A	False	1	5	1	0.08347603	0.17851027	0.00239825	3.7114726	5.25214041	1	2	0	2	4410	57600	2	3	2	3	-0.56717421	-0.57786568	-1.03386852	0.00405216	21.0778356	0.0	22.20269692	0.0	59.35017123	27.57619863	31.17208904	21.88270548	0.04280822	94	34	10	10	0	-11.684004	-0.56717421	-21.0778356	-1.02317706	9.39383161	0.45600284	0.0	0.0	0.0	0.0	0.0	2	5379	0.8660254037844387	-0.4999999999999998	USTEC	BELOW	BELOW	MID_PIVOT	WAYNE
reclaim_given_break	RG2_USTEC_PERIOD_M5_1770595200_1771027200_5705634481155019256	12142473742776925196	10505089515374717579	USTEC	VERIFICATION_A	False	1	2	1	1.3395475	0.20918122	0.01844348	0.49582075	1.24327163	3	3	2	1	2	217	0	0	0	0	-0.41869429	-0.4558127	-0.85677181	0.05915626	18.56041423	-0.20549968	20.08774233	0.0	53.19395212	25.58093738	29.2569253	19.76062317	0.04376176	95	31	12	12	0	-9.48100679	-0.41869429	-18.56041423	-0.8196534	9.07940744	0.40095911	-0.2017561	-0.01048282	0.0	0.0	0.14416046	3	782	0.49999999999999994	-0.8660254037844387	USTEC	MEDIAN_CORE	MEDIAN_CORE	ADAPTIVE_VALUE|SENTINEL|TPO_PROFILE	VOLKITT
reclaim_given_break	RG2_USTEC_PERIOD_M5_1770595200_1771027200_5705634481155019256	8914061957818179295	16529290448135007029	USTEC	VERIFICATION_A	False	1	7	-1	0.09456265	0.20760799	0.34475375	0.60820976	0.48699764	2	2	1	1	20	5552	0	0	0	0	-0.41537025	-0.40391006	-0.80486917	0.00425167	18.1562014	0.0	19.65635074	0.0	52.24736729	25.05179454	28.66236836	19.33505265	0.04298302	95	31	12	12	0	-9.23836175	-0.41537025	-18.1562014	-0.81632936	8.91783965	0.40095911	0.0	0.0	0.0	0.0	0.0	2	57	0.49999999999999994	-0.8660254037844387	USTEC	MEDIAN_CORE	MEDIAN_CORE	MID_PIVOT|TPO_PROFILE	VOLKITT|WAYNE
reclaim_given_break	RG2_USTEC_PERIOD_M5_1770595200_1771027200_5705634481155019256	8914061957818179295	7776433476723206402	USTEC	VERIFICATION_A	False	0	8	-1	0.09325986	0.49639678	0.1558804	0.59983044	0.48028826	2	2	1	1	22	6098	0	0	0	0	-0.4286664	-0.40391006	-0.80486917	0.00425167	18.19771198	0.0	19.67719373	0.0	51.52755405	24.99830437	28.55913523	19.36032217	0.04239084	95	31	12	12	0	-9.40273362	-0.4286664	-18.19771198	-0.82962551	8.79497836	0.40095911	0.0	0.0	0.0	0.0	0.0	2	214	0.49999999999999994	-0.8660254037844387	USTEC	MEDIAN_CORE	MEDIAN_CORE	MID_PIVOT|TPO_PROFILE	VOLKITT|WAYNE
reclaim_given_break	RG2_USTEC_PERIOD_M5_1770595200_1771027200_5705634481155019256	8914061957818179295	17168792682644833240	USTEC	VERIFICATION_A	False	0	10	-1	0.09474183	0.00861289	0.00256223	0.60936222	0.48792042	2	2	1	1	26	7350	0	0	0	0	-0.62618859	-0.62358368	-0.81960939	0.0044083	17.6707884	-0.32042755	19.49420783	0.0	52.34636751	24.89987511	28.51729038	19.17230093	0.04306447	95	29	13	13	0	-13.45786142	-0.62618859	-17.6707884	-0.82221429	4.21292699	0.19602571	-0.31920412	-0.01437964	4.38457803	0.19751835	-0.03617547	2	296	0.258819045102521	-0.9659258262890682	USTEC	BELOW	BELOW	MID_PIVOT|TPO_PROFILE	VOLKITT|WAYNE
reclaim_given_break	RG2_USTEC_PERIOD_M5_1770595200_1771027200_5705634481155019256	13416785306495568029	18212049873996099904	USTEC	VERIFICATION_A	False	1	8	1	0.08810374	0.49744725	0.1731949	3.17851172	7.40568382	1	2	0	2	4462	73177	2	4	2	4	-0.51596378	-0.53863009	-0.88628683	0.00368788	20.63193338	0.0	17.16091357	0.0	64.90195635	28.7959156	32.59115348	22.78678896	0.0451814	94	32	12	12	0	-12.32639816	-0.51596378	-20.63193338	-0.86362052	8.30553522	0.34765674	0.0	0.0	0.0	0.0	0.0	2	181	-0.2588190451025208	-0.9659258262890683	USTEC	BELOW	BELOW	MID_PIVOT	WAYNE
reclaim_given_break	RG2_USTEC_PERIOD_M5_1770595200_1771027200_5705634481155019256	13416785306495568029	2390179773601951007	USTEC	VERIFICATION_A	False	0	9	1	0.08580103	0.49500594	0.31028851	3.09543715	7.21212655	1	2	0	2	4465	73821	2	4	2	4	-0.51550989	-0.53863009	-0.88628683	0.00368788	20.08213057	0.0	16.70183042	0.0	63.20565847	28.03273639	31.72878075	22.18066617	0.04400053	94	32	12	12	0	-11.99367142	-0.51550989	-20.08213057	-0.86316663	8.08845915	0.34765674	0.0	0.0	0.0	0.0	0.0	2	71	-0.2588190451025208	-0.9659258262890683	USTEC	BELOW	BELOW	MID_PIVOT	WAYNE
reclaim_given_break	RG2_USTEC_PERIOD_M5_1770595200_1771027200_5705634481155019256	13416785306495568029	4026969862654898739	USTEC	VERIFICATION_A	False	1	11	1	0.08270772	0.01230012	0.00505351	2.98384018	6.95211435	1	2	0	2	4551	74719	2	4	2	4	-0.53623769	-0.53863009	-0.88628683	0.00368788	19.82298772	0.0	16.56455444	0.0	60.92696272	27.48695763	31.04975188	21.84586673	0.04241422	94	32	12	12	0	-12.02613439	-0.53623769	-19.82298772	-0.88389443	7.79685334	0.34765674	0.0	0.0	0.0	0.0	0.0	2	142	-0.2588190451025208	-0.9659258262890683	USTEC	BELOW	BELOW	MID_PIVOT	WAYNE
reclaim_given_break	RG2_USTEC_PERIOD_M5_1770595200_1771027200_5705634481155019256	13416785306495568029	10345559740136586023	USTEC	VERIFICATION_A	False	1	12	1	0.08230279	0.37521631	0.09762419	2.96923142	6.91807707	1	2	0	2	4552	75000	2	4	2	4	-0.51997318	-0.53863009	-0.88628683	0.00368788	19.36295875	0.0	16.12047862	0.0	60.62866669	26.98940615	30.5347571	21.37593382	0.04220656	94	32	12	12	0	-11.6042785	-0.51997318	-19.36295875	-0.86762991	7.75868025	0.34765674	0.0	0.0	0.0	0.0	0.0	2	194	-0.2588190451025208	-0.9659258262890683	USTEC	BELOW	BELOW	MID_PIVOT	WAYNE
reclaim_given_break	RG2_USTEC_PERIOD_M5_1770595200_1771027200_5705634481155019256	13416785306495568029	3511143780712687388	USTEC	VERIFICATION_A	False	1	13	1	0.08158996	0.04895397	1.0	2.94351464	6.858159	1	2	0	2	4554	75600	2	4	2	4	-0.53457342	-0.53863009	-0.88628683	0.00368788	19.51826701	0.0	16.30387029	0.0	60.10355649	27.07866109	30.59330544	21.51380753	0.041841	94	32	12	12	0	-11.82678537	-0.53457342	-19.51826701	-0.88223015	7.69148164	0.34765674	0.0	0.0	0.0	0.0	0.0	2	11	-0.2588190451025208	-0.9659258262890683	USTEC	BELOW	BELOW	MID_PIVOT	WAYNE
reclaim_given_break	RG2_USTEC_PERIOD_M5_1770595200_1771027200_5705634481155019256	13416785306495568029	14599552509876422127	USTEC	VERIFICATION_A	False	1	14	1	0.07984277	0.49789133	0.07578284	3.54993244	6.71129673	1	2	0	2	4557	76542	4	4	4	4	-0.67911656	-0.70310474	-0.84329694	0.00356125	18.36882163	0.0	15.50474962	0.0	58.81648446	26.04880645	29.48818736	20.60312001	0.04094501	94	34	11	11	0	-15.22572643	-0.67911656	-18.36882163	-0.81930875	3.1430952	0.14019219	0.0	0.0	0.0	0.0	0.0	2	359	-0.4999999999999997	-0.8660254037844388	USTEC	BELOW	BELOW	MID_PIVOT	WAYNE
reclaim_given_break	RG2_USTEC_PERIOD_M5_1770595200_1771027200_5705634481155019256	13416785306495568029	12784105931408899198	USTEC	VERIFICATION_A	False	1	15	1	0.07968616	0.1479302	0.28986646	3.54296923	6.69813248	1	2	0	2	4559	77100	4	4	4	4	-0.69471299	-0.70310474	-0.84329694	0.00356125	18.6817756	0.0	15.82332148	0.0	58.70111561	26.34669609	29.77933064	20.91169139	0.0408647	94	34	11	11	0	-15.5448456	-0.69471299	-18.6817756	-0.83490518	3.13693	0.14019219	0.0	0.0	0.0	0.0	0.0	2	89	-0.4999999999999997	-0.8660254037844388	USTEC	BELOW	BELOW	MID_PIVOT	WAYNE
reclaim_given_break	RG2_USTEC_PERIOD_M5_1770595200_1771027200_5705634481155019256	13416785306495568029	15266217103768295455	USTEC	VERIFICATION_A	False	1	16	1	0.0791043	0.49531459	0.01399116	3.5170987	6.64922316	1	2	0	2	4560	77404	4	4	4	4	-0.67902524	-0.70310474	-0.84329694	0.00356125	18.19689792	0.0	15.35931605	0.0	58.27248387	25.80584966	29.21341933	20.41053101	0.04056631	94	34	11	11	0	-15.08287358	-0.67902524	-18.19689792	-0.81921744	3.11402434	0.14019219	0.0	0.0	0.0	0.0	0.0	2	2316	-0.4999999999999997	-0.8660254037844388	USTEC	BELOW	BELOW	MID_PIVOT	WAYNE
reclaim_given_break	RG2_USTEC_PERIOD_M5_1770595200_1771027200_5705634481155019256	13416785306495568029	1802160436825481727	USTEC	VERIFICATION_A	False	0	17	1	0.07584007	0.49626633	0.06812245	3.3719664	6.37484443	1	2	0	2	4568	79829	4	4	4	4	-0.4736722	-0.49767295	-0.79573273	0.00340746	17.17649183	-0.24812433	14.70412648	0.0	55.8678827	24.71958619	27.98654325	19.54690417	0.03889235	94	36	10	10	0	-10.54255486	-0.4736722	-17.17649183	-0.77173198	6.63393698	0.29805977	-0.25306516	-0.01165125	-3.97412718	-0.18297085	0.04414313	2	432	-0.7071067811865471	-0.7071067811865479	USTEC	MEDIAN_CORE	MEDIAN_CORE	MID_PIVOT	WAYNE
reclaim_given_break	RG2_USTEC_PERIOD_M5_1770595200_1771027200_5705634481155019256	13416785306495568029	18049497882875727842	USTEC	VERIFICATION_A	False	1	20	1	0.07126412	0.20575229	0.00174477	3.16851222	5.99020575	1	2	0	2	4624	81319	4	4	4	4	-0.48613127	-0.49767295	-0.79573273	0.00340746	16.40068552	0.0	14.07749516	0.0	52.49698498	23.48865256	26.55849139	18.62807441	0.0365457	94	36	10	10	0	-10.16702008	-0.48613127	-16.40068552	-0.78419105	6.23366544	0.29805977	0.0	0.0	0.0	0.0	0.0	2	4343	-0.7071067811865471	-0.7071067811865479	USTEC	MEDIAN_CORE	MEDIAN_CORE	MID_PIVOT	WAYNE
reclaim_given_break	RG2_USTEC_PERIOD_M5_1770595200_1771027200_5705634481155019256	14811972465884832758	11562620568647278885	USTEC	VERIFICATION_A	False	1	1	-1	0.10687388	0.00021767	1.0	1.25157808	0.4677637	2	2	1	1	4	1	0	1	0	1	-0.09096007	-0.08593577	-0.26827986	0.01000783	2.91862281	0.0	2.03740586	0.0	31.26714118	7.6426799	9.47107222	4.74772539	0.01958992	94	29	14	14	0	-0.97136516	-0.09096007	-2.91862281	-0.27330415	1.94725764	0.18234408	0.0	0.0	0.0	0.0	0.0	2	9	-0.9659258262890684	0.2588190451025203	USTEC	MEDIAN_CORE	MEDIAN_CORE	DAILY_EXTREME|PIVOT	DAY_SWINGS|WAYNE
reclaim_given_break	RG2_USTEC_PERIOD_M5_1770595200_1771027200_5705634481155019256	13520236958976991333	9502390677676417940	USTEC	VERIFICATION_A	False	0	26	-1	4.57825782	0.21650159	0.0378938	2.03182137	2.09962948	4	10	0	10	613	17191	2	4	2	4	-0.36064814	-0.17452379	-0.44849807	0.33035637	8.7949418	0.0	7.58173298	0.0	34.78737316	13.81808055	15.85232364	10.59719565	0.02179546	94	37	10	10	0	-4.99805758	-0.36064814	-8.7949418	-0.63462242	3.79688422	0.27397428	0.0	0.0	0.0	0.0	0.0	10	5290	-0.9659258262890683	-0.25881904510252063	USTEC	MEDIAN_CORE	MEDIAN_CORE	MID_PIVOT|PIVOT|PIVOT_ZONE|TPO_PROFILE	VOLKITT|WAYNE
reclaim_given_break	RG2_USTEC_PERIOD_M5_1770595200_1771027200_5705634481155019256	14811972465884832758	12389995357480257148	USTEC	VERIFICATION_A	True	\N	2	-1	0.08456018	0.19665662	0.06957978	1.1621604	0.57240736	2	2	1	1	86	209	0	1	0	1	-0.10390872	-0.08144702	-0.25930294	0.00794924	2.99727605	0.0	2.1194792	0.0	31.14579042	7.70299863	9.52429479	4.81927972	0.01951389	94	29	14	14	0	-1.10533072	-0.10390872	-2.99727605	-0.28176464	1.89194533	0.17785592	0.0	0.0	-0.86976967	-0.0784844	-0.03705285	2	390	-0.9659258262890684	0.2588190451025203	USTEC	MEDIAN_CORE	MEDIAN_CORE	DAILY_EXTREME|PIVOT	DAY_SWINGS|WAYNE
reclaim_given_break	RG2_USTEC_PERIOD_M5_1781481600_1781913600_2166776419899143605	2769118481086318289	2713483164665984814	USTEC	VERIFICATION_B	True	\N	1	1	0.10723775	0.0025609	0.00714853	20.38317488	3.84615385	2	2	1	1	1	0	17	3	3	0	0.47781967	0.47583831	0.74801106	0.00378209	-21.26533241	0.0	-21.17721438	0.0	58.07180127	8.88056596	11.34543359	6.92787861	0.02881014	96	36	11	11	0	13.54812894	0.47781967	21.26533241	0.74999243	-7.71720347	-0.27217276	0.0	0.0	0.0	0.0	0.0	2	60	-1.0	-1.8369701987210297e-16	USTEC	MEDIAN_CORE	MEDIAN_CORE	DAILY_EXTREME|MID_PIVOT	DAY_SWINGS|WAYNE
reclaim_given_break	RG2_USTEC_PERIOD_M5_1781481600_1781913600_2166776419899143605	1598663591508141378	5151514710654220151	USTEC	VERIFICATION_B	False	1	1	1	0.01200084	0.49653476	0.98470588	22.80909664	1.66011621	2	2	0	2	1691	63977	22	1	5	0	0.47823757	0.4597298	0.59725148	0.00044198	-16.71950194	0.0	-16.63691458	0.0	54.42695989	11.5343074	13.84446911	9.70417929	0.02700189	96	38	10	10	0	12.98542257	0.47823757	16.71950194	0.61575925	-3.73407936	-0.13752167	0.0	0.0	0.0	0.0	0.0	2	14	-1.0	-1.8369701987210297e-16	USTEC	MEDIAN_CORE	MEDIAN_CORE	PIVOT|TPO_PROFILE	VOLKITT|WAYNE
reclaim_given_break	RG2_USTEC_PERIOD_M5_1781481600_1781913600_2166776419899143605	1598663591508141378	8334887347384890931	USTEC	VERIFICATION_B	False	1	2	1	0.01071696	0.4964634	0.01222195	20.36893152	1.48251349	2	2	0	2	1820	67058	21	2	4	1	0.48027325	0.45958123	0.59672959	0.0004419	-14.9736833	0.0	-14.91011146	0.0	48.60424928	10.24729397	13.08728968	8.31824027	0.02411317	96	38	10	10	0	11.64756705	0.48027325	14.9736833	0.6174216	-3.32611625	-0.13714835	0.0	0.0	0.0	0.0	0.0	2	2701	-0.9659258262890684	0.2588190451025203	USTEC	MEDIAN_CORE	MEDIAN_CORE	PIVOT|TPO_PROFILE	VOLKITT|WAYNE
reclaim_given_break	RG2_USTEC_PERIOD_M5_1781481600_1781913600_2166776419899143605	1598663591508141378	3282553580436020790	USTEC	VERIFICATION_B	False	1	3	1	0.01023568	0.4966862	0.05965918	19.45418255	1.41593524	2	2	0	2	1830	69964	20	2	4	1	0.48029179	0.45866709	0.59518382	0.0004411	-14.31312203	0.0	-14.2630313	0.0	46.42147957	9.76457944	13.44942296	7.48714143	0.02303027	95	38	10	10	0	11.14523357	0.48029179	14.31312203	0.61680852	-3.16788846	-0.13651673	0.0	0.0	0.0	0.0	0.0	2	682	-0.8660254037844386	0.5000000000000001	USTEC	MEDIAN_CORE	MEDIAN_CORE	PIVOT|TPO_PROFILE	VOLKITT|WAYNE
reclaim_given_break	RG2_USTEC_PERIOD_M5_1781481600_1781913600_2166776419899143605	1598663591508141378	11358021277748918815	USTEC	VERIFICATION_B	False	1	4	1	0.01002858	0.32617961	0.18160731	19.06057263	1.3872871	2	2	0	2	1861	71100	20	2	4	1	0.47323426	0.45866709	0.59518382	0.0004411	-13.86307215	0.0	-13.81399489	0.0	45.48224941	9.7274733	13.33776262	7.49611392	0.02256431	95	38	10	10	0	10.75927851	0.47323426	13.86307215	0.60975099	-3.10379364	-0.13651673	0.0	0.0	0.0	0.0	0.0	2	102	-0.8660254037844386	0.5000000000000001	USTEC	MEDIAN_CORE	MEDIAN_CORE	PIVOT|TPO_PROFILE	VOLKITT|WAYNE
reclaim_given_break	RG2_USTEC_PERIOD_M5_1781481600_1781913600_2166776419899143605	1598663591508141378	8934900874577027290	USTEC	VERIFICATION_B	False	1	5	1	0.00981619	0.4964539	0.0405707	18.65689956	1.35790653	2	2	0	2	1867	72938	20	2	4	1	0.48137248	0.4588435	0.59623903	0.0004411	-13.77011911	0.0	-13.69861837	0.0	44.5190066	9.34427839	12.87810744	5.22147783	0.02208643	95	38	10	10	0	10.71250658	0.48137248	13.77011911	0.61876801	-3.05761253	-0.13739553	0.0	0.0	0.0	0.0	0.0	2	1191	-0.7071067811865477	0.7071067811865474	USTEC	MEDIAN_CORE	MEDIAN_CORE	PIVOT|TPO_PROFILE	VOLKITT|WAYNE
reclaim_given_break	RG2_USTEC_PERIOD_M5_1781481600_1781913600_2166776419899143605	1598663591508141378	6879869632201111712	USTEC	VERIFICATION_B	False	1	6	1	0.00964972	0.49985525	0.09463593	18.34049021	1.33487729	2	2	0	2	1872	74415	20	2	4	1	0.48191282	0.4588435	0.59623903	0.0004411	-13.5484074	0.0	-13.47811927	0.0	43.76399209	9.17398437	12.64788189	5.12110393	0.02171186	95	38	10	10	0	10.54265007	0.48191282	13.5484074	0.61930835	-3.00575733	-0.13739553	0.0	0.0	0.0	0.0	0.0	2	563	-0.7071067811865477	0.7071067811865474	USTEC	MEDIAN_CORE	MEDIAN_CORE	PIVOT|TPO_PROFILE	VOLKITT|WAYNE
reclaim_given_break	RG2_USTEC_PERIOD_M5_1781481600_1781913600_2166776419899143605	1598663591508141378	5865730757122684618	USTEC	VERIFICATION_B	False	1	7	1	0.00960015	0.10272164	0.40754717	18.24629194	1.32802125	2	2	0	2	1875	75300	20	2	4	1	0.46378377	0.4588435	0.59623903	0.0004411	-13.08425535	0.0	-13.01432823	0.0	43.53921663	9.52143234	12.97748764	5.48936783	0.02160035	95	38	10	10	0	10.09393584	0.46378377	13.08425535	0.6011793	-2.99031952	-0.13739553	0.0	0.0	0.0	0.0	0.0	2	40	-0.7071067811865477	0.7071067811865474	USTEC	MEDIAN_CORE	MEDIAN_CORE	PIVOT|TPO_PROFILE	VOLKITT|WAYNE
reclaim_given_break	RG2_USTEC_PERIOD_M5_1781481600_1781913600_2166776419899143605	1598663591508141378	7534999429623869679	USTEC	VERIFICATION_B	False	1	8	1	0.00960246	0.13683503	0.95702479	18.25067217	1.32834006	2	2	0	2	1876	75600	20	2	4	1	0.46559627	0.45909008	0.59771406	0.0004411	-13.1535689	-0.0320838	-13.05154119	0.0	43.54966872	9.48962935	12.94651431	4.85644325	0.02160553	95	38	10	10	0	10.13579503	0.46559627	13.1535689	0.60422025	-3.01777388	-0.13862398	-0.0320761	-0.00147379	-0.00534602	-0.00024563	-2.08e-06	2	13	-0.5000000000000004	0.8660254037844384	USTEC	MEDIAN_CORE	MEDIAN_CORE	PIVOT|TPO_PROFILE	VOLKITT|WAYNE
reclaim_given_break	RG2_USTEC_PERIOD_M5_1781481600_1781913600_2166776419899143605	1598663591508141378	6393545531922421993	USTEC	VERIFICATION_B	False	0	9	1	0.00950119	0.49477435	0.18644371	18.05819477	1.31433096	2	2	0	2	1877	75931	20	2	4	1	0.48228076	0.45909008	0.59771406	0.0004411	-13.3742296	0.0	-13.27327791	0.0	43.09038005	9.03016627	12.45059382	4.44584323	0.02137767	95	38	10	10	0	10.38828213	0.48228076	13.3742296	0.62090474	-2.98594747	-0.13862398	0.0	0.0	0.0	0.0	0.0	2	250	-0.5000000000000004	0.8660254037844384	USTEC	MEDIAN_CORE	MEDIAN_CORE	PIVOT|TPO_PROFILE	VOLKITT|WAYNE
reclaim_given_break	RG2_USTEC_PERIOD_M5_1781481600_1781913600_2166776419899143605	1598663591508141378	5382827259412467360	USTEC	VERIFICATION_B	False	1	11	1	0.00926677	0.00857176	0.31746032	17.61264914	1.28190278	2	2	0	2	2093	77082	20	1	4	0	0.45971865	0.45909008	0.59771406	0.0004411	-12.57025521	0.0	-12.47179428	0.0	42.02722113	9.28136221	12.61739836	4.81014711	0.02085023	95	38	10	10	0	9.65797933	0.45971865	12.57025521	0.59834263	-2.91227588	-0.13862398	0.0	0.0	0.0	0.0	0.0	2	2	-0.5000000000000004	0.8660254037844384	USTEC	MEDIAN_CORE	MEDIAN_CORE	PIVOT|TPO_PROFILE	VOLKITT|WAYNE
reclaim_given_break	RG2_USTEC_PERIOD_M5_1781481600_1781913600_2166776419899143605	1598663591508141378	13297605652505196459	USTEC	VERIFICATION_B	False	0	12	1	0.00922573	0.17413566	1.0	17.53465415	1.27622606	2	2	0	2	2095	77400	20	1	4	0	0.46763634	0.45909008	0.59771406	0.0004411	-12.68019158	0.0	-12.58216666	0.0	41.84110986	9.07465922	12.39592223	4.62324423	0.0138386	95	38	10	10	0	9.78081227	0.46763634	12.68019158	0.60626032	-2.89937931	-0.13862398	0.0	0.0	0.0	0.0	0.0	2	5	-0.5000000000000004	0.8660254037844384	USTEC	MEDIAN_CORE	MEDIAN_CORE	PIVOT|TPO_PROFILE	VOLKITT|WAYNE
reclaim_given_break	RG2_USTEC_PERIOD_M5_1781481600_1781913600_2166776419899143605	8544712742946488481	4098243158859914258	USTEC	VERIFICATION_B	False	1	2	1	1.24910937	0.20417706	0.23489609	1.96940684	0.92625579	1	2	1	1	53	92	1	1	0	0	0.23647749	0.18981605	0.46744426	0.06420669	-10.00167141	0.0	-9.90704043	0.0	40.39243409	10.99995547	14.20622551	6.70266299	0.02003919	95	36	11	11	0	4.60055219	0.23647749	10.00167141	0.5141057	-5.40111922	-0.27762822	0.0	0.0	0.0	0.0	0.0	2	1207	-0.5000000000000004	0.8660254037844384	USTEC	MEDIAN_CORE	MEDIAN_CORE	DAILY_EXTREME	DAY_SWINGS
reclaim_given_break	RG2_USTEC_PERIOD_M5_1781481600_1781913600_2166776419899143605	5754515487695319741	148640587777856339	USTEC	VERIFICATION_B	True	\N	6	1	2.39335122	0.2117571	0.37964072	0.94644454	0.8566469	3	3	0	3	2099	78878	0	0	0	0	0.40820955	0.33931387	0.47793785	0.11707449	-11.17890544	0.0	-11.08309475	0.0	40.89598503	10.08453752	13.33077842	5.73367299	0.02028901	95	38	10	10	0	8.34501855	0.40820955	11.17890544	0.54683353	-2.83388689	-0.13862398	0.0	0.0	0.0	0.0	0.0	3	1476	-0.5000000000000004	0.8660254037844384	USTEC	MEDIAN_CORE	MEDIAN_CORE	MID_PIVOT|PIVOT|PIVOT_ZONE	WAYNE
reclaim_given_break	RG2_USTEC_PERIOD_M5_1781481600_1781913600_2166776419899143605	5189350816972511869	2940001770159350444	USTEC	VERIFICATION_B	False	0	15	1	0.01353959	0.0033849	0.35483871	13.57343533	1.87297611	2	2	0	2	2938	99674	13	1	5	0	0.1485299	0.14815156	0.69555516	0.00050445	-18.6789461	0.0	-18.21328233	0.0	61.40557831	13.57005043	18.44430153	4.36313171	0.03384897	97	31	14	14	0	3.98656196	0.1485299	18.6789461	0.6959335	-14.69238414	-0.5474036	0.0	0.0	0.0	0.0	2.647e-05	2	3	0.8660254037844386	0.5000000000000001	USTEC	MEDIAN_CORE	MEDIAN_CORE	PIVOT|TPO_PROFILE	VOLKITT|WAYNE
reclaim_given_break	RG2_USTEC_PERIOD_M5_1781481600_1781913600_2166776419899143605	5189350816972511869	9028695585975980469	USTEC	VERIFICATION_B	False	1	17	1	0.01397526	0.00593949	0.00210674	14.01020194	1.93324482	2	2	0	2	2942	100527	13	1	5	0	0.14861812	0.1481515	0.69555488	0.00050445	-19.28244374	0.0	-18.80179582	0.0	63.38148976	14.00426246	19.03535742	4.50108308	0.03493816	97	31	14	14	0	4.1172874	0.14861812	19.28244374	0.6960215	-15.16515634	-0.54740338	0.0	0.0	0.0	0.0	0.0	2	757	0.8660254037844386	0.5000000000000001	USTEC	MEDIAN_CORE	MEDIAN_CORE	PIVOT|TPO_PROFILE	VOLKITT|WAYNE
reclaim_given_break	RG2_USTEC_PERIOD_M5_1781481600_1781913600_2166776419899143605	5189350816972511869	5517884662261056565	USTEC	VERIFICATION_B	False	1	18	1	0.01454545	0.21490909	0.02534464	14.58181818	2.01212121	2	2	0	2	3036	101400	13	2	5	1	0.15760411	0.14989865	0.69750974	0.00050445	-20.33440825	0.0	-19.77763636	0.0	65.96745455	14.36690909	19.60327273	4.476	0.03636364	97	32	14	14	0	4.54440909	0.15760411	20.33440825	0.7052152	-15.78999916	-0.54761109	0.0	0.0	0.0	0.0	8.1e-07	2	1482	0.9659258262890683	0.25881904510252074	USTEC	MEDIAN_CORE	MEDIAN_CORE	PIVOT|TPO_PROFILE	VOLKITT|WAYNE
reclaim_given_break	RG2_USTEC_PERIOD_M5_1781481600_1781913600_2166776419899143605	5189350816972511869	6918710215012006078	USTEC	VERIFICATION_B	False	1	19	1	0.01525378	0.07131144	0.35531136	15.29191931	2.1101069	2	2	0	2	3160	102900	13	2	5	1	0.15250109	0.1498907	0.69747275	0.00050442	-21.1705841	0.0	-20.5866987	0.0	69.17991839	15.22060786	20.71197041	4.84803417	0.03813446	97	32	14	14	0	4.61164817	0.15250109	21.1705841	0.70008314	-16.55893593	-0.54758205	0.0	0.0	0.0	0.0	0.0	2	37	0.9659258262890683	0.25881904510252074	USTEC	MEDIAN_CORE	MEDIAN_CORE	PIVOT|TPO_PROFILE	VOLKITT|WAYNE
reclaim_given_break	RG2_USTEC_PERIOD_M5_1781481600_1781913600_2166776419899143605	5189350816972511869	6376812649579399455	USTEC	VERIFICATION_B	False	1	20	1	0.01557996	0.45532445	0.32664996	15.61891408	2.15522838	2	2	0	2	3162	103500	13	2	5	1	0.16488466	0.1498907	0.69747275	0.00050442	-22.00577342	0.0	-21.40940251	0.0	70.65922723	15.16358962	20.77237672	4.56921399	0.03894991	97	32	14	14	0	5.09274947	0.16488466	22.00577342	0.71246671	-16.91302395	-0.54758205	0.0	0.0	0.0	0.0	0.0	2	223	0.9659258262890683	0.25881904510252074	USTEC	MEDIAN_CORE	MEDIAN_CORE	PIVOT|TPO_PROFILE	VOLKITT|WAYNE
reclaim_given_break	RG2_USTEC_PERIOD_M5_1781481600_1781913600_2166776419899143605	5189350816972511869	1811731666406976368	USTEC	VERIFICATION_B	False	1	21	1	0.01565925	0.06067961	0.25960061	15.69840276	2.16619689	2	2	0	2	3163	103800	13	2	5	1	0.15209755	0.1498907	0.69747275	0.00050442	-21.72080437	0.0	-21.12139837	0.0	71.01883025	15.63772314	21.27505481	4.98943	0.03914814	97	32	14	14	0	4.72170568	0.15209755	21.72080437	0.6996796	-16.99909869	-0.54758205	0.0	0.0	0.0	0.0	0.0	2	35	0.9659258262890683	0.25881904510252074	USTEC	MEDIAN_CORE	MEDIAN_CORE	PIVOT|TPO_PROFILE	VOLKITT|WAYNE
reclaim_given_break	RG2_USTEC_PERIOD_M5_1781481600_1781913600_2166776419899143605	5189350816972511869	12681343925684038133	USTEC	VERIFICATION_B	False	0	22	1	0.0163292	0.2032985	0.05332624	16.3700196	2.2588722	2	2	0	2	3166	104700	13	2	5	1	0.15651587	0.14998367	0.69998838	0.00050442	-22.87177707	0.0	-22.16504735	0.0	74.05719301	16.1667211	22.04523187	5.06286741	0.04082299	97	32	14	14	0	5.06679662	0.15651587	22.87177707	0.70652058	-17.80498045	-0.55000471	0.0	0.0	0.0	0.0	0.0	2	505	1.0	6.123233995736766e-17	USTEC	MEDIAN_CORE	MEDIAN_CORE	PIVOT|TPO_PROFILE	VOLKITT|WAYNE
reclaim_given_break	RG2_USTEC_PERIOD_M5_1781481600_1781913600_2166776419899143605	8613739104077076122	9838356461453412944	USTEC	VERIFICATION_B	False	1	26	1	0.02411527	0.49737746	0.37383592	24.17555917	3.33594582	2	2	0	2	4213	129675	14	2	5	1	0.21435356	0.20293128	0.76440893	0.0005407	-34.60217628	-0.14864898	-32.93090975	0.0	109.36908422	23.67818171	32.35967927	7.27979743	0.06028818	96	34	13	13	0	9.56019775	0.21435356	34.60217628	0.7758312	-25.04197854	-0.56147764	-0.14912548	-0.00333505	0.0	0.0	0.00063796	2	60	-0.2588190451025208	-0.9659258262890683	USTEC	MEDIAN_CORE	MEDIAN_CORE	PIVOT|TPO_PROFILE	VOLKITT|WAYNE
reclaim_given_break	RG2_USTEC_PERIOD_M5_1781481600_1781913600_2166776419899143605	8613739104077076122	5485660450163307930	USTEC	VERIFICATION_B	False	1	27	1	0.02371776	0.45597391	0.59938128	23.77705307	3.28095662	2	2	0	2	4215	130200	14	2	5	1	0.21359658	0.20293128	0.76440893	0.0005407	-33.99859461	0.0	-32.35487696	0.0	107.56626149	23.32107916	31.85947228	7.19300326	0.0592944	96	34	13	13	0	9.36940409	0.21359658	33.99859461	0.77507422	-24.62919052	-0.56147764	0.0	0.0	0.0	0.0	0.0	2	40	-0.2588190451025208	-0.9659258262890683	USTEC	MEDIAN_CORE	MEDIAN_CORE	PIVOT|TPO_PROFILE	VOLKITT|WAYNE
reclaim_given_break	RG2_USTEC_PERIOD_M5_1781481600_1781913600_2166776419899143605	8613739104077076122	2435976950664653469	USTEC	VERIFICATION_B	False	1	28	1	0.02359882	0.49262537	0.14156171	23.65781711	3.26450344	2	2	0	2	4216	130530	14	2	5	1	0.21448874	0.20293128	0.76440893	0.0005407	-33.86703823	0.0	-32.23156342	0.0	107.02684366	23.16519174	31.66076696	7.1179941	0.05899705	96	34	13	13	0	9.36135693	0.21448874	33.86703823	0.77596638	-24.5056813	-0.56147764	0.0	0.0	0.0	0.0	0.0	2	269	-0.2588190451025208	-0.9659258262890683	USTEC	MEDIAN_CORE	MEDIAN_CORE	PIVOT|TPO_PROFILE	VOLKITT|WAYNE
reclaim_given_break	RG2_USTEC_PERIOD_M5_1781481600_1781913600_2166776419899143605	8613739104077076122	2933414936372894216	USTEC	VERIFICATION_B	False	0	29	1	0.0223152	0.49149233	0.01344062	22.37099024	3.08693631	2	2	0	2	4225	133240	15	2	5	1	0.21519796	0.20301375	0.76812851	0.00054092	-32.19119404	-0.14063348	-30.50404463	0.0	101.20529986	21.87949791	29.91297071	6.70516039	0.05578801	97	34	13	13	0	8.87782427	0.21519796	32.19119404	0.78031271	-23.31336977	-0.56511476	-0.14166883	-0.00340756	0.0	0.0	-0.00040629	2	2520	-0.4999999999999997	-0.8660254037844388	USTEC	MEDIAN_CORE	MEDIAN_CORE	PIVOT|TPO_PROFILE	VOLKITT|WAYNE
reclaim_given_break	RG2_USTEC_PERIOD_M5_1781481600_1781913600_2166776419899143605	8613739104077076122	8657954385836530434	USTEC	VERIFICATION_B	False	0	32	1	0.02115842	0.22004761	0.00236299	21.21131976	2.92691528	2	2	0	2	4238	137247	15	2	5	1	0.16860577	0.16310875	0.71921649	0.00050431	-30.40526504	0.0	-28.67680508	0.0	95.95900555	20.99127215	28.60830468	6.60354404	0.05289606	97	32	14	14	0	7.07383408	0.16860577	30.40526504	0.72471351	-23.33143096	-0.55610774	0.0	0.0	0.0	0.0	0.0	2	5164	-0.7071067811865471	-0.7071067811865479	USTEC	MEDIAN_CORE	MEDIAN_CORE	PIVOT|TPO_PROFILE	VOLKITT|WAYNE
reclaim_given_break	RG2_USTEC_PERIOD_M5_1781481600_1781913600_2166776419899143605	8613739104077076122	5138318672189964026	USTEC	VERIFICATION_B	False	1	34	1	0.01764914	0.02603247	0.05381526	17.69325803	2.4414637	2	2	0	2	4257	142841	15	2	5	1	0.16411179	0.16311573	0.72201732	0.00050434	-25.3017354	0.0	-23.76301624	0.0	80.043461	17.66722556	24.02091423	5.66581363	0.03971055	97	32	14	14	0	5.74306536	0.16411179	25.3017354	0.72301338	-19.55867004	-0.55890159	0.0	0.0	0.0	0.0	0.0	2	33	-0.8660254037844385	-0.5000000000000004	USTEC	MEDIAN_CORE	MEDIAN_CORE	PIVOT|TPO_PROFILE	VOLKITT|WAYNE
reclaim_given_break	RG2_USTEC_PERIOD_M5_1781481600_1781913600_2166776419899143605	8613739104077076122	14494538485126715298	USTEC	VERIFICATION_B	False	1	35	1	0.01631854	0.4854765	0.24664225	16.3593342	2.25739774	2	2	0	2	4259	143400	15	2	5	1	0.17837187	0.16311573	0.72201732	0.00050434	-23.85560261	0.0	-22.43289001	0.0	74.00885281	15.8738577	21.74853133	4.77725196	0.03671671	97	32	14	14	0	5.77149287	0.17837187	23.85560261	0.73727346	-18.08410973	-0.55890159	0.0	0.0	0.0	0.0	0.0	2	37	-0.8660254037844385	-0.5000000000000004	USTEC	MEDIAN_CORE	MEDIAN_CORE	PIVOT|TPO_PROFILE	VOLKITT|WAYNE
reclaim_given_break	RG2_USTEC_PERIOD_M5_1781481600_1781913600_2166776419899143605	8613739104077076122	4723794403496673178	USTEC	VERIFICATION_B	False	0	36	1	0.01604428	0.48373511	0.46847195	16.08439292	2.21945904	2	2	0	2	4260	143739	15	2	5	1	0.17857361	0.16311573	0.72201732	0.00050434	-23.46109386	0.0	-22.06229193	0.0	72.76503149	15.60065782	21.37659941	4.69054591	0.03609963	97	32	14	14	0	5.68091265	0.17857361	23.46109386	0.7374752	-17.78018121	-0.55890159	0.0	0.0	0.0	0.0	0.0	2	41	-0.8660254037844385	-0.5000000000000004	USTEC	MEDIAN_CORE	MEDIAN_CORE	PIVOT|TPO_PROFILE	VOLKITT|WAYNE
reclaim_given_break	RG2_USTEC_PERIOD_M5_1781481600_1781913600_2166776419899143605	8613739104077076122	7937587809783969026	USTEC	VERIFICATION_B	False	1	38	1	0.01462256	0.02851398	0.06826179	14.65911168	2.02278682	2	2	0	2	4263	144757	14	2	5	1	0.16431925	0.16308387	0.72426155	0.00050424	-21.03895751	0.0	-19.69493694	0.0	66.31712667	14.6305977	19.8947176	4.6872601	0.03290075	96	32	14	14	0	4.76515567	0.16431925	21.03895751	0.72549693	-16.27380184	-0.56117768	0.0	0.0	0.0	0.0	0.0	2	7	-0.9659258262890683	-0.25881904510252063	USTEC	MEDIAN_CORE	MEDIAN_CORE	PIVOT|TPO_PROFILE	VOLKITT|WAYNE
reclaim_given_break	RG2_USTEC_PERIOD_M5_1781481600_1781913600_2166776419899143605	8613739104077076122	4965168087026178826	USTEC	VERIFICATION_B	False	1	39	1	0.01424096	0.15095414	1.0	14.27655938	1.96999905	2	2	0	2	4264	144900	14	2	5	1	0.1686809	0.16308387	0.72426155	0.00050424	-20.6130975	0.0	-19.30415124	0.0	64.58647821	14.12560524	19.25234976	4.44175449	0.03204215	96	32	14	14	0	4.76398581	0.1686809	20.6130975	0.72985858	-15.8491117	-0.56117768	0.0	0.0	0.0	0.0	0.0	2	4	-0.9659258262890683	-0.25881904510252063	USTEC	MEDIAN_CORE	MEDIAN_CORE	PIVOT|TPO_PROFILE	VOLKITT|WAYNE
reclaim_given_break	RG2_USTEC_PERIOD_M5_1781481600_1781913600_2166776419899143605	8613739104077076122	8761967305134552005	USTEC	VERIFICATION_B	False	1	40	1	0.01360868	0.49365495	0.32086268	13.64270405	1.88253439	2	2	0	2	4267	145958	14	2	5	1	0.18162719	0.16308387	0.72426155	0.00050424	-20.0473134	0.0	-18.79648216	0.0	61.71894669	13.14904909	18.04817474	3.8951451	0.03061954	96	32	14	14	0	4.90187573	0.18162719	20.0473134	0.74280486	-15.14543767	-0.56117768	0.0	0.0	0.0	0.0	0.0	2	62	-0.9659258262890683	-0.25881904510252063	USTEC	MEDIAN_CORE	MEDIAN_CORE	PIVOT|TPO_PROFILE	VOLKITT|WAYNE
reclaim_given_break	RG2_USTEC_PERIOD_M5_1781481600_1781913600_2166776419899143605	8613739104077076122	11331664535079781511	USTEC	VERIFICATION_B	False	0	41	1	0.01329876	0.49637609	0.98197038	13.33200346	1.83966132	2	2	0	2	4268	146161	14	2	5	1	0.18215664	0.16308387	0.72426155	0.00050424	-19.60471716	0.0	-18.3823725	0.0	60.31335195	12.83562737	17.62317973	3.7924729	0.0299222	96	32	14	14	0	4.80420352	0.18215664	19.60471716	0.74333431	-14.80051364	-0.56117768	0.0	0.0	0.0	0.0	0.0	2	15	-0.9659258262890683	-0.25881904510252063	USTEC	MEDIAN_CORE	MEDIAN_CORE	PIVOT|TPO_PROFILE	VOLKITT|WAYNE
reclaim_given_break	RG2_USTEC_PERIOD_M5_1781481600_1781913600_2166776419899143605	8613739104077076122	8575210915470500651	USTEC	VERIFICATION_B	False	0	43	1	0.01281066	0.02690238	0.01848932	12.84268511	1.77214109	2	2	0	2	4270	146787	14	2	5	1	0.16439489	0.16308387	0.72426155	0.00050424	-18.43391887	0.0	-17.25643736	0.0	58.09969895	12.81578273	17.42761978	4.10453497	0.02882398	96	32	14	14	0	4.17662162	0.16439489	18.43391887	0.72557257	-14.25729725	-0.56117768	0.0	0.0	0.0	0.0	0.0	2	50	-0.9659258262890683	-0.25881904510252063	USTEC	MEDIAN_CORE	MEDIAN_CORE	PIVOT|TPO_PROFILE	VOLKITT|WAYNE
reclaim_given_break	RG2_USTEC_PERIOD_M5_1781481600_1781913600_2166776419899143605	8613739104077076122	9503827044412847812	USTEC	VERIFICATION_B	False	0	45	1	0.01135106	0.01362127	0.01432408	11.37943755	1.57022995	2	2	0	2	4283	148700	15	2	5	1	0.16619321	0.16533577	0.72460118	0.00050438	-16.32653206	0.0	-15.2800874	0.0	51.48003632	11.36581628	15.45219785	3.64709555	0.02553988	97	32	14	14	0	3.74019789	0.16619321	16.32653206	0.72545862	-12.58633417	-0.55926541	0.0	0.0	0.0	0.0	0.0	2	58	-1.0	-1.8369701987210297e-16	USTEC	MEDIAN_CORE	MEDIAN_CORE	PIVOT|TPO_PROFILE	VOLKITT|WAYNE
reclaim_given_break	RG2_USTEC_PERIOD_M5_1781481600_1781913600_2166776419899143605	8613739104077076122	11429987547520729895	USTEC	VERIFICATION_B	False	1	47	1	0.01106042	0.01299599	0.04190751	11.08806857	1.53002443	2	2	0	2	4286	149619	15	2	5	1	0.1661806	0.16533577	0.72460118	0.00050438	-15.90821687	0.0	-14.88856629	0.0	50.16189686	11.07507258	15.0568229	3.55398866	0.02488594	97	32	14	14	0	3.64415411	0.1661806	15.90821687	0.72544601	-12.26406276	-0.55926541	0.0	0.0	0.0	0.0	0.0	2	18	-1.0	-1.8369701987210297e-16	USTEC	MEDIAN_CORE	MEDIAN_CORE	PIVOT|TPO_PROFILE	VOLKITT|WAYNE
reclaim_given_break	RG2_USTEC_PERIOD_M5_1781481600_1781913600_2166776419899143605	8613739104077076122	9431093031771550551	USTEC	VERIFICATION_B	False	1	48	1	0.01094122	0.12883285	0.33997155	10.96857135	1.5135352	2	2	0	2	4288	150000	15	2	5	1	0.171527	0.16533577	0.72460118	0.00050438	-15.85274934	0.0	-14.84408764	0.0	49.62129708	10.8397385	14.77857709	3.39971006	0.02461774	97	32	14	14	0	3.72085761	0.171527	15.85274934	0.7307924	-12.13189173	-0.55926541	0.0	0.0	0.0	0.0	0.0	2	27	-1.0	-1.8369701987210297e-16	USTEC	MEDIAN_CORE	MEDIAN_CORE	PIVOT|TPO_PROFILE	VOLKITT|WAYNE
reclaim_given_break	RG2_USTEC_PERIOD_M5_1781481600_1781913600_2166776419899143605	8613739104077076122	8889261437036636588	USTEC	VERIFICATION_B	False	1	49	1	0.01080643	0.09590706	1.0	10.8334459	1.49488946	2	2	0	2	4290	150600	15	2	5	1	0.1700643	0.16533577	0.72460118	0.00050438	-15.62611545	0.0	-14.62987978	0.0	49.00999595	10.73753884	14.62785357	3.38916655	0.02431447	97	32	14	14	0	3.64368049	0.1700643	15.62611545	0.72932971	-11.98243496	-0.55926541	0.0	0.0	0.0	0.0	0.0	2	3	-1.0	-1.8369701987210297e-16	USTEC	MEDIAN_CORE	MEDIAN_CORE	PIVOT|TPO_PROFILE	VOLKITT|WAYNE
reclaim_given_break	RG2_USTEC_PERIOD_M5_1781481600_1781913600_2166776419899143605	8613739104077076122	2112939449139703469	USTEC	VERIFICATION_B	False	1	50	1	0.01074893	0.27167925	0.03716069	10.77580415	1.48693557	2	2	0	2	4292	151200	15	1	5	0	0.1783766	0.16537333	0.72371082	0.00050449	-15.69677793	0.02247779	-14.72832075	0.0	48.74922742	10.5041249	14.37374036	3.19485126	0.0241851	97	32	14	14	0	3.80057596	0.1783766	15.69677793	0.73671409	-11.89620197	-0.55833749	0.02255051	0.00105474	0.0	0.0	-0.00022716	2	687	-0.9659258262890684	0.2588190451025203	USTEC	MEDIAN_CORE	MEDIAN_CORE	PIVOT|TPO_PROFILE	VOLKITT|WAYNE
reclaim_given_break	RG2_USTEC_PERIOD_M5_1781481600_1781913600_2166776419899143605	8613739104077076122	18065585856655589226	USTEC	VERIFICATION_B	False	1	51	1	0.01059715	0.42123669	0.05363831	10.62364224	1.465939	2	2	0	2	4296	152400	15	1	5	0	0.18567911	0.16537333	0.72371082	0.00050449	-15.62852215	0.0	-14.67374026	0.0	48.06085413	10.20240555	14.01737932	2.99634398	0.02384359	97	32	14	14	0	3.9003029	0.18567911	15.62852215	0.7440166	-11.72821925	-0.55833749	0.0	0.0	0.0	0.0	0.0	2	819	-0.9659258262890684	0.2588190451025203	USTEC	MEDIAN_CORE	MEDIAN_CORE	PIVOT|TPO_PROFILE	VOLKITT|WAYNE
reclaim_given_break	RG2_USTEC_PERIOD_M5_1781481600_1781913600_2166776419899143605	8613739104077076122	15909974392178034859	USTEC	VERIFICATION_B	False	0	52	1	0.01061966	0.495407	0.9874477	10.64620613	1.46905255	2	2	0	2	4300	153616	15	1	5	0	0.1891601	0.16537333	0.72371082	0.00050449	-15.73499169	0.0	-14.77818191	0.0	48.16293209	10.15079913	13.97387564	2.92943238	0.01592949	97	32	14	14	0	3.98186251	0.1891601	15.73499169	0.74749759	-11.75312918	-0.55833749	0.0	0.0	0.0	0.0	0.0	2	14	-0.9659258262890684	0.2588190451025203	USTEC	MEDIAN_CORE	MEDIAN_CORE	PIVOT|TPO_PROFILE	VOLKITT|WAYNE
reclaim_given_break	RG2_USTEC_PERIOD_M5_1781481600_1781913600_2166776419899143605	8613739104077076122	11662228779776734439	USTEC	VERIFICATION_B	False	1	54	1	0.0101916	0.00738891	0.0053138	10.21708113	1.40983829	2	2	0	2	4314	157946	15	1	5	0	0.16599192	0.16537391	0.72289635	0.00050449	-14.61619452	0.0	-13.71445679	0.0	46.22159091	10.20969221	13.87866898	3.27940277	0.0229311	97	32	14	14	0	3.35331312	0.16599192	14.61619452	0.72351435	-11.2628814	-0.55752244	0.0	0.0	0.0	0.0	0.0	2	208	-0.8660254037844386	0.5000000000000001	USTEC	MEDIAN_CORE	MEDIAN_CORE	PIVOT|TPO_PROFILE	VOLKITT|WAYNE
reclaim_given_break	RG2_USTEC_PERIOD_M5_1781481600_1781913600_2166776419899143605	1767687894000628121	18292717651506972461	USTEC	VERIFICATION_B	True	\N	7	1	1.52619762	0.22930804	0.45059102	2.2312757	0.93842234	2	4	1	3	576	43300	2	0	1	0	0.04819363	-0.02838351	0.52961551	0.07630597	-12.12447441	-0.00933093	-11.22234555	0.0	45.76335108	12.46461996	16.09722257	5.60303726	0.02270377	97	32	14	14	0	0.96392203	0.04819363	12.12447441	0.60619265	-11.16055238	-0.55799902	-0.00935004	-0.00046651	0.0	0.0	-1.804e-05	4	64	-0.7071067811865477	0.7071067811865474	USTEC	MEDIAN_CORE	MEDIAN_CORE	DAILY_EXTREME|MID_PIVOT	DAY_SWINGS|WAYNE
reclaim_given_break	RG2_USTEC_PERIOD_M5_1781481600_1781913600_2166776419899143605	10623889681563511736	15454009029995679414	USTEC	VERIFICATION_B	False	0	19	1	2.73217012	0.20725033	0.01420885	1.0804296	0.9779196	3	3	0	3	571	41779	0	1	0	0	0.10549057	0.028383	0.58590543	0.1339009	-13.52839577	0.0	-12.6176077	0.0	46.68549591	11.54665706	15.25245767	4.54681147	0.02316125	97	32	14	14	0	2.15247397	0.10549057	13.52839577	0.66301301	-11.3759218	-0.55752244	0.0	0.0	0.0	0.0	0.0	3	1584	-0.8660254037844386	0.5000000000000001	USTEC	MEDIAN_CORE	MEDIAN_CORE	MID_PIVOT|PIVOT|PIVOT_ZONE	WAYNE
reclaim_given_break	RG2_USTEC_PERIOD_M5_1781481600_1781913600_2166776419899143605	8613739104077076122	12848168645481625065	USTEC	VERIFICATION_B	False	0	55	1	0.01009056	0.46012966	1.0	10.11578921	1.39586119	2	2	0	2	4316	158401	15	1	5	0	0.18863445	0.1653769	0.72337592	0.0005045	-14.93343483	-0.00933093	-14.03130597	0.0	45.76335108	9.65565954	13.28826215	2.79407684	0.02270377	97	32	14	14	0	3.77288245	0.18863445	14.93343483	0.74663347	-11.16055238	-0.55799902	-0.00935004	-0.00046651	0.0	0.0	-1.804e-05	2	3	-0.7071067811865477	0.7071067811865474	USTEC	MEDIAN_CORE	MEDIAN_CORE	PIVOT|TPO_PROFILE	VOLKITT|WAYNE
reclaim_given_break	RG2_USTEC_PERIOD_M5_1781481600_1781913600_2166776419899143605	8613739104077076122	16430698036921460226	USTEC	VERIFICATION_B	False	1	57	1	0.00816577	0.02327243	0.00571555	8.18617944	1.1295975	2	2	0	2	4572	160998	15	1	5	0	0.13366561	0.13203668	0.69720266	0.00048625	-11.73576177	0.0	-11.00571604	0.0	37.03388792	8.16290701	11.10258242	2.61018679	0.01837297	95	33	13	13	0	2.24470076	0.13366561	11.73576177	0.69883159	-9.49106101	-0.56516598	0.0	0.0	0.0	0.0	0.0	2	201	-0.7071067811865477	0.7071067811865474	USTEC	MEDIAN_CORE	MEDIAN_CORE	PIVOT|TPO_PROFILE	VOLKITT|WAYNE
reclaim_given_break	RG2_USTEC_PERIOD_M5_1781481600_1781913600_2166776419899143605	8613739104077076122	1747319526095210061	USTEC	VERIFICATION_B	False	0	58	1	0.00787944	0.24091402	0.7839196	7.89914311	1.08998982	2	2	0	2	4574	161400	15	1	5	0	0.14714685	0.13203668	0.69720266	0.00048625	-11.54272215	0.0	-10.8382744	0.0	35.73534916	7.65822909	10.49482911	2.30020684	0.01772875	95	33	13	13	0	2.38445123	0.14714685	11.54272215	0.71231283	-9.15827092	-0.56516598	0.0	0.0	0.0	0.0	0.0	2	27	-0.7071067811865477	0.7071067811865474	USTEC	MEDIAN_CORE	MEDIAN_CORE	PIVOT|TPO_PROFILE	VOLKITT|WAYNE
reclaim_given_break	RG2_USTEC_PERIOD_M5_1781481600_1781913600_2166776419899143605	10623889681563511736	16794675100746653673	USTEC	VERIFICATION_B	False	0	29	1	2.16733014	0.22993433	0.01104119	0.85706509	0.77574768	3	3	0	3	832	45688	0	0	0	0	0.07822115	0.0	0.56516598	0.12905841	-10.80466041	0.0	-10.07461468	0.0	37.03388792	9.09400837	12.03368378	3.54128815	0.01837297	95	33	13	13	0	1.3135994	0.07822115	10.80466041	0.64338713	-9.49106101	-0.56516598	0.0	0.0	0.0	0.0	0.0	3	972	-0.7071067811865477	0.7071067811865474	USTEC	MEDIAN_CORE	MEDIAN_CORE	MID_PIVOT|PIVOT|PIVOT_ZONE	WAYNE
reclaim_given_break	RG2_USTEC_PERIOD_M5_1781481600_1781913600_2166776419899143605	2044089382441364716	186910255814722264	USTEC	VERIFICATION_B	False	0	12	1	3.58297414	0.21048851	0.49354839	0.68247126	1.87589799	4	5	1	4	183	4579	0	2	0	2	-0.09647602	-0.26801281	0.29722241	0.24251711	-6.9254994	0.0	-6.28223779	0.0	32.58090876	10.58153736	13.16774425	5.69647989	0.01616379	95	33	13	13	0	-1.42534722	-0.09647602	6.9254994	0.4687592	-8.35084663	-0.56523522	0.0	0.0	0.0	0.0	0.0	5	1131	-0.5000000000000004	0.8660254037844384	USTEC	MEDIAN_CORE	MEDIAN_CORE	DAILY_EXTREME|MID_PIVOT|PIVOT|PIVOT_ZONE	DAY_SWINGS|WAYNE
reclaim_given_break	RG2_USTEC_PERIOD_M5_1781481600_1781913600_2166776419899143605	7317171594692143258	10866902665073451153	USTEC	VERIFICATION_B	True	\N	1	-1	0.1198204	0.00015238	1.0	1.61775313	3.25892177	2	2	1	1	1	0	3	6	1	2	-0.10705644	-0.1023249	0.36539684	0.00943908	-4.57831222	0.0	-3.99285344	0.0	27.64308353	10.31511901	12.50937129	6.17042026	0.01523786	93	23	12	12	0	-1.35898247	-0.10705644	4.57831222	0.36066529	-5.93729468	-0.46772173	0.0	0.0	0.0	0.0	9.966e-05	2	51	0.25881904510252074	0.9659258262890683	USTEC	MEDIAN_CORE	MEDIAN_CORE	DAILY_EXTREME|PIVOT	DAY_SWINGS|WAYNE
reclaim_given_break	RG2_USTEC_PERIOD_M5_1781481600_1781913600_2166776419899143605	10139442473660296686	2448719214538089165	USTEC	VERIFICATION_B	True	\N	1	-1	0.01422201	0.00025396	0.23076923	1.22969555	3.75257774	2	2	1	1	15	19	2	7	0	3	-0.08555459	-0.08497431	0.40019247	0.00112055	-5.0718666	0.0	-4.48640783	0.0	27.64308353	9.82156462	12.0158169	5.67686588	0.01523786	93	23	12	12	0	-1.08585647	-0.08555459	5.0718666	0.39961218	-6.15772307	-0.48516678	0.0	0.0	0.0	0.0	9.966e-05	2	5	0.25881904510252074	0.9659258262890683	USTEC	MEDIAN_CORE	MEDIAN_CORE	DAILY_EXTREME|PIVOT	DAY_SWINGS|WAYNE
reclaim_given_break	RG2_USTEC_PERIOD_M5_1781481600_1781913600_2166776419899143605	16824200013690060423	14634427854070864578	USTEC	VERIFICATION_B	True	\N	1	-1	0.02230928	0.00027206	1.0	0.26798346	0.64878297	2	2	1	1	10	2	0	0	0	0	0.29930696	0.29980642	0.9396907	0.00097513	-21.4870204	0.0	-22.14352759	0.0	49.35534335	4.38377408	8.3015018	-3.01637828	0.0244858	95	25	12	12	0	6.84760935	0.29930696	21.4870204	0.93919124	-14.63941105	-0.63988429	0.0	0.0	0.0	0.0	0.0	2	5	-1.0	-1.8369701987210297e-16	USTEC	MEDIAN_CORE	MEDIAN_CORE	DAILY_EXTREME|PIVOT	DAY_SWINGS|WAYNE
reclaim_given_break	RG2_USTEC_PERIOD_M5_1781481600_1781913600_2166776419899143605	17928004819187012169	296040438412798312	USTEC	VERIFICATION_B	True	\N	1	-1	8.94714329	0.00146654	0.00761035	1.26550565	1.01680416	6	13	4	9	245	2680	1	0	1	0	0.08455271	0.21340221	0.74714568	0.2808354	-19.69831613	0.0	-20.01824015	0.0	66.5116407	15.73015582	21.00971586	5.75765353	0.03299725	95	26	11	11	0	2.69376719	0.08455271	19.69831613	0.61829618	-17.00454894	-0.53374347	0.0	0.0	0.0	0.0	0.0	13	2375	-0.8660254037844385	-0.5000000000000004	USTEC	MEDIAN_CORE	MEDIAN_CORE	ADAPTIVE_VALUE|DAILY_EXTREME|MID_PIVOT|PIVOT|PIVOT_ZONE|TPO_PROFILE	DAY_SWINGS|VOLKITT|WAYNE
reclaim_given_break	RG2_USTEC_PERIOD_M5_1781481600_1781913600_2166776419899143605	10077846974722912215	4846138078562088292	USTEC	VERIFICATION_B	True	\N	1	1	0.05038276	0.00024458	1.0	0.19052511	3.28466261	2	2	1	1	10	4	0	3	0	3	0.58552049	0.58347317	1.47580189	0.00405525	-18.36089898	0.0	-19.97719324	0.0	44.36874801	-5.74192286	-0.41015482	-8.43226453	0.02445765	94	26	10	10	0	7.27454631	0.58552049	18.36089898	1.47784921	-11.08635267	-0.89232872	0.0	0.0	0.0	0.0	0.0	2	7	0.25881904510252074	0.9659258262890683	USTEC	ABOVE	ABOVE	DAILY_EXTREME|PIVOT	DAY_SWINGS|WAYNE
reclaim_given_break	RG2_USTEC_PERIOD_M5_1781481600_1781913600_2166776419899143605	18446165847596900146	16603659055529557447	USTEC	VERIFICATION_B	True	\N	1	1	0.11117945	0.00141931	0.05617978	6.05809718	0.65051805	2	2	1	1	1	0	5	0	5	0	0.24530941	0.24323802	1.03506879	0.00403964	-28.5442801	0.0	-32.95488953	0.0	85.82603965	5.4156219	9.4843166	3.80706817	0.0473104	97	29	11	11	0	6.75143114	0.24530941	28.5442801	1.03714018	-21.79284896	-0.79183077	0.0	0.0	0.0	0.0	0.0	2	21	1.0	6.123233995736766e-17	USTEC	MEDIAN_CORE	MEDIAN_CORE	DAILY_EXTREME|MID_PIVOT	DAY_SWINGS|WAYNE
reclaim_given_break	RG2_USTEC_PERIOD_M5_1781481600_1781913600_2166776419899143605	9506826579634253437	13352542212783746520	USTEC	VERIFICATION_B	False	1	13	1	0.14980739	0.21924193	0.23167732	6.85547154	3.94778142	4	4	1	3	2173	52322	6	2	6	2	0.28662996	0.27637672	0.97682719	0.0052538	-28.14573874	0.0	-32.5794217	0.0	86.27502735	5.99182004	10.08179959	4.37485138	0.0475579	97	30	10	10	0	8.17300376	0.28662996	28.14573874	0.98708043	-19.97273498	-0.70045047	0.0	0.0	0.0	0.0	0.0	4	100	1.0	6.123233995736766e-17	USTEC	MEDIAN_CORE	MEDIAN_CORE	DAILY_EXTREME|MID_PIVOT|PIVOT|TPO_PROFILE	DAY_SWINGS|VOLKITT|WAYNE
reclaim_given_break	RG2_USTEC_PERIOD_M5_1781481600_1781913600_2166776419899143605	9506826579634253437	10145615300400844447	USTEC	VERIFICATION_B	False	0	14	1	0.14874628	0.32110308	0.17125155	6.80691316	3.91981867	3	3	0	3	2261	52800	6	3	6	3	0.290282	0.2764109	0.97685991	0.00525378	-28.04979215	0.0	-32.45207064	0.0	85.66392785	5.84596496	9.90697455	4.24044954	0.04722104	97	31	10	10	0	8.21852718	0.290282	28.04979215	0.99073101	-19.83126498	-0.70044901	0.0	0.0	0.0	0.0	0.0	3	158	1.0	6.123233995736766e-17	USTEC	MEDIAN_CORE	MEDIAN_CORE	MID_PIVOT|PIVOT|TPO_PROFILE	VOLKITT|WAYNE
reclaim_given_break	RG2_USTEC_PERIOD_M5_1781481600_1781913600_2166776419899143605	2254730045743565985	12682174535449282046	USTEC	VERIFICATION_B	False	1	1	1	0.03613541	0.00047547	1.0	0.98373906	2.92696843	2	2	1	1	12	3	0	1	0	1	0.17722127	0.17654857	0.97108258	0.0013109	-26.78682239	0.0	-31.21945131	0.0	86.25451693	7.34262077	11.431628	5.72603652	0.0475466	97	29	11	11	0	4.88517497	0.17722127	26.78682239	0.97175528	-21.90164741	-0.79453401	0.0	0.0	0.0	0.0	0.0	2	6	1.0	6.123233995736766e-17	USTEC	MEDIAN_CORE	MEDIAN_CORE	DAILY_EXTREME|PIVOT	DAY_SWINGS|WAYNE
reclaim_given_break	RG2_USTEC_PERIOD_M5_1781481600_1781913600_2166776419899143605	9506826579634253437	12686334813815168488	USTEC	VERIFICATION_B	False	0	16	1	0.14936697	0.00758689	0.1496063	6.83531699	3.93617526	3	3	0	3	2263	53559	6	3	6	3	0.27920736	0.2764109	0.97685991	0.00525378	-27.851982	0.0	-32.27263028	0.0	86.02138556	6.18521504	10.26317037	4.57300014	0.04741809	97	31	10	10	0	7.93796529	0.27920736	27.851982	0.97965637	-19.91401671	-0.70044901	0.0	0.0	0.0	0.0	0.0	3	48	1.0	6.123233995736766e-17	USTEC	MEDIAN_CORE	MEDIAN_CORE	MID_PIVOT|PIVOT|TPO_PROFILE	VOLKITT|WAYNE
reclaim_given_break	RG2_USTEC_PERIOD_M5_1781481600_1781913600_2166776419899143605	2254730045743565985	341606780036766155	USTEC	VERIFICATION_B	True	\N	2	1	0.10430495	0.49402617	0.81039755	1.01697326	2.81433719	2	2	1	1	31	131	0	1	0	1	0.19382497	0.17395875	0.96028343	0.0037939	-26.94709138	0.2210505	-31.58816139	0.0	86.00915039	6.62715722	12.12687275	4.01953347	0.04741134	97	29	11	11	0	5.32879765	0.19382497	26.94709138	0.98014965	-21.61829373	-0.78632468	0.22168111	0.00777626	1.93366061	0.06783011	-0.03338992	2	52	0.9659258262890683	-0.25881904510252063	USTEC	MEDIAN_CORE	MEDIAN_CORE	DAILY_EXTREME|PIVOT	DAY_SWINGS|WAYNE
reclaim_given_break	RG2_USTEC_PERIOD_M5_1781481600_1781913600_2166776419899143605	18058356635317564176	13794821633127262917	USTEC	VERIFICATION_B	True	\N	1	1	0.11215477	0.00560774	0.01995211	4.84368428	0.77340063	2	2	1	1	24	9	4	0	2	0	0.03451394	0.032224	0.82324823	0.00416353	-22.23786398	0.0	-26.81235104	0.0	84.77522314	10.85471284	16.27552689	8.28449928	0.04673116	97	29	11	11	0	0.92971634	0.03451394	22.23786398	0.82553817	-21.30814764	-0.79102423	0.0	0.0	0.0	0.0	0.0	2	28	0.9659258262890683	-0.25881904510252063	USTEC	MEDIAN_CORE	MEDIAN_CORE	DAILY_EXTREME|PIVOT	DAY_SWINGS|WAYNE
reclaim_given_break	RG2_USTEC_PERIOD_M5_1781481600_1781913600_2166776419899143605	15595710325906141942	16277588709773866106	USTEC	VERIFICATION_B	False	1	2	1	0.0809975	0.22041137	0.01501961	0.06283442	1.70503821	3	3	1	2	1003	14479	0	0	0	0	0.07659092	0.06788221	0.75311514	0.002751	-22.43035816	0.0	-27.44968337	0.0	89.05331108	12.11820726	17.8125767	7.25835747	0.04908939	97	30	10	10	0	2.25506439	0.07659092	22.43035816	0.76182384	-20.17529377	-0.68523292	0.0	0.0	0.0	0.0	0.0	3	1040	0.8660254037844387	-0.4999999999999998	USTEC	MEDIAN_CORE	MEDIAN_CORE	DAILY_EXTREME|MID_PIVOT|TPO_PROFILE	DAY_SWINGS|VOLKITT|WAYNE
reclaim_given_break	RG2_USTEC_PERIOD_M5_1781481600_1781913600_2166776419899143605	15595710325906141942	17669105198304132388	USTEC	VERIFICATION_B	False	1	3	1	0.18114144	0.06947891	0.02900763	0.06352357	1.62448304	3	3	1	2	1020	15600	0	0	0	0	0.07230531	0.06702527	0.75144252	0.00608594	-22.52301866	0.0	-27.59739454	0.0	90.03002481	12.4044665	18.16129032	7.49131514	0.04962779	97	30	10	10	0	2.1520885	0.07230531	22.52301866	0.75672256	-20.37093016	-0.68441725	0.0	0.0	-0.02568436	-0.00086142	-6.685e-05	3	145	0.8660254037844387	-0.4999999999999998	USTEC	MEDIAN_CORE	MEDIAN_CORE	DAILY_EXTREME|MID_PIVOT|TPO_PROFILE	DAY_SWINGS|VOLKITT|WAYNE
reclaim_given_break	RG2_USTEC_PERIOD_M5_1781481600_1781913600_2166776419899143605	11999088765922149165	16905555352713426613	USTEC	VERIFICATION_B	False	1	3	1	1.79068898	0.20940451	0.53516091	3.88005983	0.05982986	2	2	1	1	990	13325	2	0	2	0	0.14265874	0.1090172	0.79417777	0.0638735	-23.20785388	0.20375925	-27.9871693	0.0	84.79503599	9.68869777	15.11077872	5.06123212	0.04674208	97	31	10	10	0	3.99942741	0.14265874	23.20785388	0.82781932	-19.20842648	-0.68516058	0.20371164	0.00726796	0.0	0.0	-1.29e-05	2	1115	0.8660254037844387	-0.4999999999999998	USTEC	MEDIAN_CORE	MEDIAN_CORE	ADAPTIVE_VALUE|TPO_PROFILE	VOLKITT
reclaim_given_break	RG2_USTEC_PERIOD_M5_1781481600_1781913600_2166776419899143605	4558827370052315296	16383039494559565464	USTEC	VERIFICATION_B	False	1	2	-1	0.10578957	0.21157915	0.29939719	0.92565878	2.96018465	2	2	1	1	1	279	0	1	0	1	0.16824182	0.17772509	0.95033118	0.00379331	-26.23881513	0.16957235	-31.32513464	0.0	87.23336219	7.43412195	13.01211771	0.31736872	0.04808617	97	29	11	11	0	4.69200808	0.16824182	26.23881513	0.94084791	-21.54680705	-0.77260609	0.17012044	0.00587954	1.96192532	0.0678062	-0.03358738	2	61	0.7071067811865476	-0.7071067811865475	USTEC	MEDIAN_CORE	MEDIAN_CORE	PIVOT|TPO_PROFILE	VOLKITT|WAYNE
reclaim_given_break	RG2_USTEC_PERIOD_M5_1781481600_1781913600_2166776419899143605	9506826579634253437	836298952721432300	USTEC	VERIFICATION_B	False	1	19	-1	0.1512823	0.00192105	0.02179837	6.92296609	0.92450293	3	3	0	3	2740	62858	5	0	5	0	0.21274422	0.21562943	0.98823552	0.00543133	-27.44560558	0.0	-32.52557391	0.0	87.12443569	6.18528479	11.75631544	-0.92258188	0.04802613	97	29	11	11	0	5.92570358	0.21274422	27.44560558	0.98535031	-21.519902	-0.77260609	0.0	0.0	0.0	0.0	0.0	3	60	0.7071067811865476	-0.7071067811865475	USTEC	MEDIAN_CORE	MEDIAN_CORE	MID_PIVOT|PIVOT|TPO_PROFILE	VOLKITT|WAYNE
reclaim_given_break	RG2_USTEC_PERIOD_M5_1781481600_1781913600_2166776419899143605	4558827370052315296	4339496953156075106	USTEC	VERIFICATION_B	False	0	3	-1	0.10442377	0.07594456	1.0	0.91370799	2.92196696	2	2	1	1	5	1200	0	1	0	1	0.17306967	0.17772509	0.95033118	0.00379331	-26.03295991	0.0	-31.05361211	0.0	86.1071293	7.20524017	12.71122081	0.18036833	0.04746535	97	29	11	11	0	4.76433454	0.17306967	26.03295991	0.94567576	-21.26862538	-0.77260609	0.0	0.0	0.0	0.0	0.0	2	14	0.7071067811865476	-0.7071067811865475	USTEC	MEDIAN_CORE	MEDIAN_CORE	PIVOT|TPO_PROFILE	VOLKITT|WAYNE
reclaim_given_break	RG2_USTEC_PERIOD_M5_1781481600_1781913600_2166776419899143605	4558827370052315296	15823625341786078600	USTEC	VERIFICATION_B	False	0	5	-1	0.10577432	0.00576951	0.02430556	0.92552527	2.95975768	2	2	1	1	8	2232	0	1	0	1	0.17562153	0.17772509	0.95033118	0.00379331	-26.44080963	0.0	-31.5263955	0.0	87.22077985	7.22727054	12.80446175	0.11154382	0.04807923	97	29	11	11	0	4.89711044	0.17562153	26.44080963	0.94822762	-21.54369919	-0.77260609	0.0	0.0	0.0	0.0	0.0	2	75	0.7071067811865476	-0.7071067811865475	USTEC	MEDIAN_CORE	MEDIAN_CORE	PIVOT|TPO_PROFILE	VOLKITT|WAYNE
reclaim_given_break	RG2_USTEC_PERIOD_M5_1781481600_1781913600_2166776419899143605	9506826579634253437	399106210920167265	USTEC	VERIFICATION_B	False	0	23	-1	0.15230635	0.20597621	0.18319053	6.96982884	0.93076105	3	3	0	3	2744	64137	5	0	5	0	0.20546796	0.21562943	0.98823552	0.00543133	-27.42734743	0.0	-32.54170293	0.0	87.71419592	6.43119621	12.03993811	-0.72478484	0.04835122	97	29	11	11	0	5.76177352	0.20546796	27.42734743	0.97807405	-21.6655739	-0.77260609	0.0	0.0	0.0	0.0	0.0	3	209	0.7071067811865476	-0.7071067811865475	USTEC	MEDIAN_CORE	MEDIAN_CORE	MID_PIVOT|PIVOT|TPO_PROFILE	VOLKITT|WAYNE
reclaim_given_break	RG2_USTEC_PERIOD_M5_1781481600_1781913600_2166776419899143605	8280290554036698404	8309219422329606822	USTEC	VERIFICATION_B	False	0	25	-1	0.14876033	0.05430933	1.0	6.80755608	4.7012987	3	3	0	3	2813	85062	5	4	5	4	0.32580691	0.33026061	0.88910232	0.00504042	-26.1090777	0.0	-28.05608028	0.0	85.67201889	3.06493506	8.25974026	-0.47697757	0.0472255	97	32	9	9	0	9.61570248	0.32580691	26.1090777	0.88464862	-16.49337522	-0.55884171	0.0	0.0	0.0	0.0	0.0	3	1	-0.7071067811865471	-0.7071067811865479	USTEC	MEDIAN_CORE	MEDIAN_CORE	MID_PIVOT|PIVOT|TPO_PROFILE	VOLKITT|WAYNE
