k	tau_minutes	eligible_sessions	mean_second_difference	classification
2	1	257	0.4312549616265082	DESCRIPTIVE_ONLY_OBSERVER_SCALE_GEOMETRY
2	2	257	2.1712063824991996	DESCRIPTIVE_ONLY_OBSERVER_SCALE_GEOMETRY
2	3	257	-3.1530958782069693	DESCRIPTIVE_ONLY_OBSERVER_SCALE_GEOMETRY
2	4	257	0.04525746378191619	DESCRIPTIVE_ONLY_OBSERVER_SCALE_GEOMETRY
2	5	257	-0.05581181623529149	DESCRIPTIVE_ONLY_OBSERVER_SCALE_GEOMETRY
2	6	257	-0.1627924033055112	DESCRIPTIVE_ONLY_OBSERVER_SCALE_GEOMETRY
2	7	257	-0.12353485647931225	DESCRIPTIVE_ONLY_OBSERVER_SCALE_GEOMETRY
2	8	257	-0.11502950726001232	DESCRIPTIVE_ONLY_OBSERVER_SCALE_GEOMETRY
2	9	257	-0.18459806458689812	DESCRIPTIVE_ONLY_OBSERVER_SCALE_GEOMETRY
2	10	257	-0.1483893093719318	DESCRIPTIVE_ONLY_OBSERVER_SCALE_GEOMETRY
2	11	257	-0.04489484045876367	DESCRIPTIVE_ONLY_OBSERVER_SCALE_GEOMETRY
2	12	257	-0.07118835166722075	DESCRIPTIVE_ONLY_OBSERVER_SCALE_GEOMETRY
2	13	257	-0.14871515340201177	DESCRIPTIVE_ONLY_OBSERVER_SCALE_GEOMETRY
2	14	257	-0.12023129876733978	DESCRIPTIVE_ONLY_OBSERVER_SCALE_GEOMETRY
2	15	257	-0.029651922525429635	DESCRIPTIVE_ONLY_OBSERVER_SCALE_GEOMETRY
2	16	257	-0.07918467291879946	DESCRIPTIVE_ONLY_OBSERVER_SCALE_GEOMETRY
2	17	257	-0.4013310751024406	DESCRIPTIVE_ONLY_OBSERVER_SCALE_GEOMETRY
2	18	257	0.4987203712337191	DESCRIPTIVE_ONLY_OBSERVER_SCALE_GEOMETRY
2	19	257	-1.4679122341272428	DESCRIPTIVE_ONLY_OBSERVER_SCALE_GEOMETRY
2	20	257	0.413595121549029	DESCRIPTIVE_ONLY_OBSERVER_SCALE_GEOMETRY
2	21	257	2.736295439607001	DESCRIPTIVE_ONLY_OBSERVER_SCALE_GEOMETRY
2	22	257	-2.546087535455436	DESCRIPTIVE_ONLY_OBSERVER_SCALE_GEOMETRY
2	23	257	-0.21893462531750563	DESCRIPTIVE_ONLY_OBSERVER_SCALE_GEOMETRY
2	24	257	-0.0731698456585881	DESCRIPTIVE_ONLY_OBSERVER_SCALE_GEOMETRY
2	25	257	-0.20594272841872022	DESCRIPTIVE_ONLY_OBSERVER_SCALE_GEOMETRY
2	26	257	-0.0715907553694795	DESCRIPTIVE_ONLY_OBSERVER_SCALE_GEOMETRY
2	27	257	-0.1681339432414601	DESCRIPTIVE_ONLY_OBSERVER_SCALE_GEOMETRY
2	28	257	-0.16363580271442257	DESCRIPTIVE_ONLY_OBSERVER_SCALE_GEOMETRY
2	29	257	-0.19197119537462892	DESCRIPTIVE_ONLY_OBSERVER_SCALE_GEOMETRY
2	30	257	-0.22340806602721008	DESCRIPTIVE_ONLY_OBSERVER_SCALE_GEOMETRY
2	31	257	-0.12930764315328327	DESCRIPTIVE_ONLY_OBSERVER_SCALE_GEOMETRY
2	32	256	-0.20629455736738128	DESCRIPTIVE_ONLY_OBSERVER_SCALE_GEOMETRY
2	33	256	-0.14941566788333357	DESCRIPTIVE_ONLY_OBSERVER_SCALE_GEOMETRY
2	34	255	-0.13983455474220416	DESCRIPTIVE_ONLY_OBSERVER_SCALE_GEOMETRY
2	35	255	-0.3618889292397547	DESCRIPTIVE_ONLY_OBSERVER_SCALE_GEOMETRY
2	36	255	-0.1882152058349009	DESCRIPTIVE_ONLY_OBSERVER_SCALE_GEOMETRY
2	37	255	-0.26918176617359885	DESCRIPTIVE_ONLY_OBSERVER_SCALE_GEOMETRY
2	38	255	2.6883385803213344	DESCRIPTIVE_ONLY_OBSERVER_SCALE_GEOMETRY
2	39	255	-3.2320570167805442	DESCRIPTIVE_ONLY_OBSERVER_SCALE_GEOMETRY
2	40	255	-2.5874986355839282	DESCRIPTIVE_ONLY_OBSERVER_SCALE_GEOMETRY
2	41	255	2.6763495577767835	DESCRIPTIVE_ONLY_OBSERVER_SCALE_GEOMETRY
2	42	255	-0.7912411477105371	DESCRIPTIVE_ONLY_OBSERVER_SCALE_GEOMETRY
2	43	255	-0.2939247995890664	DESCRIPTIVE_ONLY_OBSERVER_SCALE_GEOMETRY
2	44	255	7.857910190420808	DESCRIPTIVE_ONLY_OBSERVER_SCALE_GEOMETRY
2	45	255	-7.729461416525372	DESCRIPTIVE_ONLY_OBSERVER_SCALE_GEOMETRY
2	46	255	-1.2948203111379335	DESCRIPTIVE_ONLY_OBSERVER_SCALE_GEOMETRY
2	47	255	0.19218665401901758	DESCRIPTIVE_ONLY_OBSERVER_SCALE_GEOMETRY
2	48	255	-0.4756187309383854	DESCRIPTIVE_ONLY_OBSERVER_SCALE_GEOMETRY
2	49	255	0.24651739506311668	DESCRIPTIVE_ONLY_OBSERVER_SCALE_GEOMETRY
2	50	254	-0.03606213341255189	DESCRIPTIVE_ONLY_OBSERVER_SCALE_GEOMETRY
2	51	254	-0.25551751128233224	DESCRIPTIVE_ONLY_OBSERVER_SCALE_GEOMETRY
2	52	254	-0.17174735967652227	DESCRIPTIVE_ONLY_OBSERVER_SCALE_GEOMETRY
2	53	254	-0.14041608288886906	DESCRIPTIVE_ONLY_OBSERVER_SCALE_GEOMETRY
2	54	254	-0.15366548705491814	DESCRIPTIVE_ONLY_OBSERVER_SCALE_GEOMETRY
2	55	254	-0.174885708723782	DESCRIPTIVE_ONLY_OBSERVER_SCALE_GEOMETRY
2	56	254	-0.041703611523798784	DESCRIPTIVE_ONLY_OBSERVER_SCALE_GEOMETRY
2	57	254	-0.09388519633172714	DESCRIPTIVE_ONLY_OBSERVER_SCALE_GEOMETRY
2	58	254	-0.16277989823906905	DESCRIPTIVE_ONLY_OBSERVER_SCALE_GEOMETRY
2	59	254	-0.09364977988796486	DESCRIPTIVE_ONLY_OBSERVER_SCALE_GEOMETRY
2	60	254	-0.04570171313138353	DESCRIPTIVE_ONLY_OBSERVER_SCALE_GEOMETRY
2	61	254	-0.1481398304541769	DESCRIPTIVE_ONLY_OBSERVER_SCALE_GEOMETRY
2	62	254	-0.7482416233929264	DESCRIPTIVE_ONLY_OBSERVER_SCALE_GEOMETRY
2	63	253	0.1842105749598027	DESCRIPTIVE_ONLY_OBSERVER_SCALE_GEOMETRY
2	64	253	0.36168788163056437	DESCRIPTIVE_ONLY_OBSERVER_SCALE_GEOMETRY
2	65	253	-0.2215284469374498	DESCRIPTIVE_ONLY_OBSERVER_SCALE_GEOMETRY
2	66	253	-0.040178212782072786	DESCRIPTIVE_ONLY_OBSERVER_SCALE_GEOMETRY
2	67	253	-0.18459355412313355	DESCRIPTIVE_ONLY_OBSERVER_SCALE_GEOMETRY
2	68	253	-0.02521013307037795	DESCRIPTIVE_ONLY_OBSERVER_SCALE_GEOMETRY
2	69	253	-0.16708716428361564	DESCRIPTIVE_ONLY_OBSERVER_SCALE_GEOMETRY
2	70	253	0.03117064730999804	DESCRIPTIVE_ONLY_OBSERVER_SCALE_GEOMETRY
2	71	253	-0.17495412858295895	DESCRIPTIVE_ONLY_OBSERVER_SCALE_GEOMETRY
2	72	253	-0.003760616841105848	DESCRIPTIVE_ONLY_OBSERVER_SCALE_GEOMETRY
2	73	253	-0.09024303890374069	DESCRIPTIVE_ONLY_OBSERVER_SCALE_GEOMETRY
2	74	253	-0.1343424902658648	DESCRIPTIVE_ONLY_OBSERVER_SCALE_GEOMETRY
2	75	253	-0.03136729560069075	DESCRIPTIVE_ONLY_OBSERVER_SCALE_GEOMETRY
2	76	253	-0.024352581183350576	DESCRIPTIVE_ONLY_OBSERVER_SCALE_GEOMETRY
2	77	253	-0.006405993019295214	DESCRIPTIVE_ONLY_OBSERVER_SCALE_GEOMETRY
2	78	253	-0.1950708700940873	DESCRIPTIVE_ONLY_OBSERVER_SCALE_GEOMETRY
2	79	253	-1.3145942854835322	DESCRIPTIVE_ONLY_OBSERVER_SCALE_GEOMETRY
2	80	253	2.9108913351930097	DESCRIPTIVE_ONLY_OBSERVER_SCALE_GEOMETRY
2	81	253	-5.3263545433438075	DESCRIPTIVE_ONLY_OBSERVER_SCALE_GEOMETRY
2	82	252	2.473701936984751	DESCRIPTIVE_ONLY_OBSERVER_SCALE_GEOMETRY
2	83	252	0.8832274373502247	DESCRIPTIVE_ONLY_OBSERVER_SCALE_GEOMETRY
2	84	252	-0.12013353188581512	DESCRIPTIVE_ONLY_OBSERVER_SCALE_GEOMETRY
2	85	252	-0.14908650106504176	DESCRIPTIVE_ONLY_OBSERVER_SCALE_GEOMETRY
2	86	252	-0.0624074715409761	DESCRIPTIVE_ONLY_OBSERVER_SCALE_GEOMETRY
2	87	252	-0.19432744513472264	DESCRIPTIVE_ONLY_OBSERVER_SCALE_GEOMETRY
2	88	252	-0.046591488550307106	DESCRIPTIVE_ONLY_OBSERVER_SCALE_GEOMETRY
2	89	252	-0.10094360057347092	DESCRIPTIVE_ONLY_OBSERVER_SCALE_GEOMETRY
2	90	252	-0.10766904110007261	DESCRIPTIVE_ONLY_OBSERVER_SCALE_GEOMETRY
2	91	252	-0.009775109462346252	DESCRIPTIVE_ONLY_OBSERVER_SCALE_GEOMETRY
2	92	252	-0.17939191744745822	DESCRIPTIVE_ONLY_OBSERVER_SCALE_GEOMETRY
2	93	252	-0.09431849992994464	DESCRIPTIVE_ONLY_OBSERVER_SCALE_GEOMETRY
2	94	252	0.017992460807793816	DESCRIPTIVE_ONLY_OBSERVER_SCALE_GEOMETRY
2	95	252	-0.19392457810359962	DESCRIPTIVE_ONLY_OBSERVER_SCALE_GEOMETRY
2	96	252	-0.07539937192988713	DESCRIPTIVE_ONLY_OBSERVER_SCALE_GEOMETRY
2	97	252	-0.01946162130589874	DESCRIPTIVE_ONLY_OBSERVER_SCALE_GEOMETRY
2	98	252	-0.08898075101605434	DESCRIPTIVE_ONLY_OBSERVER_SCALE_GEOMETRY
2	99	252	-0.07138565581077046	DESCRIPTIVE_ONLY_OBSERVER_SCALE_GEOMETRY
2	100	252	3.889386782063997	DESCRIPTIVE_ONLY_OBSERVER_SCALE_GEOMETRY
2	101	252	-4.182081987941232	DESCRIPTIVE_ONLY_OBSERVER_SCALE_GEOMETRY
2	102	252	0.014691815469386816	DESCRIPTIVE_ONLY_OBSERVER_SCALE_GEOMETRY
2	103	252	-0.03277128114432176	DESCRIPTIVE_ONLY_OBSERVER_SCALE_GEOMETRY
2	104	252	-0.15150991157480442	DESCRIPTIVE_ONLY_OBSERVER_SCALE_GEOMETRY
2	105	252	1.8933156700055507	DESCRIPTIVE_ONLY_OBSERVER_SCALE_GEOMETRY
2	106	252	-1.992357684874157	DESCRIPTIVE_ONLY_OBSERVER_SCALE_GEOMETRY
2	107	252	-0.00844446907370434	DESCRIPTIVE_ONLY_OBSERVER_SCALE_GEOMETRY
2	108	252	-0.13514925847072085	DESCRIPTIVE_ONLY_OBSERVER_SCALE_GEOMETRY
2	109	252	-0.1345469885825461	DESCRIPTIVE_ONLY_OBSERVER_SCALE_GEOMETRY
2	110	252	0.05419093520364809	DESCRIPTIVE_ONLY_OBSERVER_SCALE_GEOMETRY
2	111	252	-0.09487833768185196	DESCRIPTIVE_ONLY_OBSERVER_SCALE_GEOMETRY
2	112	252	-0.11648056158934288	DESCRIPTIVE_ONLY_OBSERVER_SCALE_GEOMETRY
2	113	252	-0.01785890468396948	DESCRIPTIVE_ONLY_OBSERVER_SCALE_GEOMETRY
2	114	252	-0.02922312379822848	DESCRIPTIVE_ONLY_OBSERVER_SCALE_GEOMETRY
2	115	252	-0.019150840336730722	DESCRIPTIVE_ONLY_OBSERVER_SCALE_GEOMETRY
2	116	252	-0.07676196294955051	DESCRIPTIVE_ONLY_OBSERVER_SCALE_GEOMETRY
2	117	252	0.023535197932912446	DESCRIPTIVE_ONLY_OBSERVER_SCALE_GEOMETRY
2	118	252	0.012794773234692492	DESCRIPTIVE_ONLY_OBSERVER_SCALE_GEOMETRY
2	119	252	-0.17963812170274432	DESCRIPTIVE_ONLY_OBSERVER_SCALE_GEOMETRY
2	120	252	-0.0619684191864834	DESCRIPTIVE_ONLY_OBSERVER_SCALE_GEOMETRY
2	121	252	0.03152686530102834	DESCRIPTIVE_ONLY_OBSERVER_SCALE_GEOMETRY
2	122	252	1.7667609428602487	DESCRIPTIVE_ONLY_OBSERVER_SCALE_GEOMETRY
2	123	252	-2.0107175640653776	DESCRIPTIVE_ONLY_OBSERVER_SCALE_GEOMETRY
2	124	252	-0.07754181804056307	DESCRIPTIVE_ONLY_OBSERVER_SCALE_GEOMETRY
2	125	252	-0.12472799200445814	DESCRIPTIVE_ONLY_OBSERVER_SCALE_GEOMETRY
2	126	252	-0.000954102170178577	DESCRIPTIVE_ONLY_OBSERVER_SCALE_GEOMETRY
2	127	252	-0.23140842805543674	DESCRIPTIVE_ONLY_OBSERVER_SCALE_GEOMETRY
2	128	251	0.005063183552900226	DESCRIPTIVE_ONLY_OBSERVER_SCALE_GEOMETRY
2	129	251	-0.14624536646603264	DESCRIPTIVE_ONLY_OBSERVER_SCALE_GEOMETRY
2	130	251	-0.062321834845359976	DESCRIPTIVE_ONLY_OBSERVER_SCALE_GEOMETRY
2	131	251	-0.14590121128424577	DESCRIPTIVE_ONLY_OBSERVER_SCALE_GEOMETRY
2	132	251	-0.08933397378344696	DESCRIPTIVE_ONLY_OBSERVER_SCALE_GEOMETRY
2	133	251	-0.007430936043410079	DESCRIPTIVE_ONLY_OBSERVER_SCALE_GEOMETRY
2	134	251	-0.2727223330259881	DESCRIPTIVE_ONLY_OBSERVER_SCALE_GEOMETRY
2	135	251	-0.06724844851501291	DESCRIPTIVE_ONLY_OBSERVER_SCALE_GEOMETRY
2	136	251	-0.14487756364076632	DESCRIPTIVE_ONLY_OBSERVER_SCALE_GEOMETRY
2	137	250	-0.05813034860013741	DESCRIPTIVE_ONLY_OBSERVER_SCALE_GEOMETRY
2	138	250	-0.08617655550992522	DESCRIPTIVE_ONLY_OBSERVER_SCALE_GEOMETRY
2	139	250	-1.048996062382881	DESCRIPTIVE_ONLY_OBSERVER_SCALE_GEOMETRY
2	140	250	0.8604862574595332	DESCRIPTIVE_ONLY_OBSERVER_SCALE_GEOMETRY
2	141	250	2.228786298551703	DESCRIPTIVE_ONLY_OBSERVER_SCALE_GEOMETRY
2	142	250	-2.249815726351125	DESCRIPTIVE_ONLY_OBSERVER_SCALE_GEOMETRY
2	143	250	-0.25562225459127164	DESCRIPTIVE_ONLY_OBSERVER_SCALE_GEOMETRY
2	144	250	-0.1721954029472931	DESCRIPTIVE_ONLY_OBSERVER_SCALE_GEOMETRY
2	145	250	-0.0021879483905648876	DESCRIPTIVE_ONLY_OBSERVER_SCALE_GEOMETRY
2	146	250	0.0030428078801230454	DESCRIPTIVE_ONLY_OBSERVER_SCALE_GEOMETRY
2	147	250	-0.29996180904672237	DESCRIPTIVE_ONLY_OBSERVER_SCALE_GEOMETRY
2	148	250	0.28013823489702017	DESCRIPTIVE_ONLY_OBSERVER_SCALE_GEOMETRY
2	149	249	-0.16815281886123218	DESCRIPTIVE_ONLY_OBSERVER_SCALE_GEOMETRY
2	150	249	-0.45564188259815397	DESCRIPTIVE_ONLY_OBSERVER_SCALE_GEOMETRY
2	151	249	0.0007250914109966375	DESCRIPTIVE_ONLY_OBSERVER_SCALE_GEOMETRY
2	152	249	-0.034190887746241114	DESCRIPTIVE_ONLY_OBSERVER_SCALE_GEOMETRY
2	153	249	-0.05686614961357266	DESCRIPTIVE_ONLY_OBSERVER_SCALE_GEOMETRY
2	154	249	-0.13383827882054936	DESCRIPTIVE_ONLY_OBSERVER_SCALE_GEOMETRY
2	155	249	-0.01156377727400482	DESCRIPTIVE_ONLY_OBSERVER_SCALE_GEOMETRY
2	156	249	-0.11266404805498126	DESCRIPTIVE_ONLY_OBSERVER_SCALE_GEOMETRY
2	157	249	-0.05032949333209581	DESCRIPTIVE_ONLY_OBSERVER_SCALE_GEOMETRY
2	158	249	1.0409464601566025	DESCRIPTIVE_ONLY_OBSERVER_SCALE_GEOMETRY
2	159	249	-1.209814871435291	DESCRIPTIVE_ONLY_OBSERVER_SCALE_GEOMETRY
2	160	248	0.16747485620907357	DESCRIPTIVE_ONLY_OBSERVER_SCALE_GEOMETRY
2	161	248	-0.21988683631229294	DESCRIPTIVE_ONLY_OBSERVER_SCALE_GEOMETRY
2	162	248	-0.07918988814899332	DESCRIPTIVE_ONLY_OBSERVER_SCALE_GEOMETRY
2	163	248	-0.049166845771049905	DESCRIPTIVE_ONLY_OBSERVER_SCALE_GEOMETRY
2	164	248	-0.0272866526125389	DESCRIPTIVE_ONLY_OBSERVER_SCALE_GEOMETRY
2	165	248	-0.1814958765179192	DESCRIPTIVE_ONLY_OBSERVER_SCALE_GEOMETRY
2	166	248	0.020606432573808422	DESCRIPTIVE_ONLY_OBSERVER_SCALE_GEOMETRY
2	167	248	0.0005496354656819588	DESCRIPTIVE_ONLY_OBSERVER_SCALE_GEOMETRY
2	168	248	0.1371217226927241	DESCRIPTIVE_ONLY_OBSERVER_SCALE_GEOMETRY
2	169	248	0.009266280288140607	DESCRIPTIVE_ONLY_OBSERVER_SCALE_GEOMETRY
2	170	248	-0.12390177771529048	DESCRIPTIVE_ONLY_OBSERVER_SCALE_GEOMETRY
2	171	248	-0.02495817087586549	DESCRIPTIVE_ONLY_OBSERVER_SCALE_GEOMETRY
2	172	248	0.08979064635722299	DESCRIPTIVE_ONLY_OBSERVER_SCALE_GEOMETRY
2	173	248	-0.08783847087503611	DESCRIPTIVE_ONLY_OBSERVER_SCALE_GEOMETRY
2	174	248	0.016450112772141527	DESCRIPTIVE_ONLY_OBSERVER_SCALE_GEOMETRY
2	175	248	-0.08287688083543175	DESCRIPTIVE_ONLY_OBSERVER_SCALE_GEOMETRY
2	176	248	-0.026693041974562366	DESCRIPTIVE_ONLY_OBSERVER_SCALE_GEOMETRY
2	177	248	-0.013326135951370124	DESCRIPTIVE_ONLY_OBSERVER_SCALE_GEOMETRY
2	178	248	-0.020552569315144414	DESCRIPTIVE_ONLY_OBSERVER_SCALE_GEOMETRY
2	179	248	-0.04304577863681219	DESCRIPTIVE_ONLY_OBSERVER_SCALE_GEOMETRY
2	180	248	-0.06047182235262658	DESCRIPTIVE_ONLY_OBSERVER_SCALE_GEOMETRY
2	181	248	0.023128672176604526	DESCRIPTIVE_ONLY_OBSERVER_SCALE_GEOMETRY
2	182	248	0.14520977216666897	DESCRIPTIVE_ONLY_OBSERVER_SCALE_GEOMETRY
2	183	248	-0.28605010924378627	DESCRIPTIVE_ONLY_OBSERVER_SCALE_GEOMETRY
2	184	248	0.08854002147206455	DESCRIPTIVE_ONLY_OBSERVER_SCALE_GEOMETRY
2	185	248	-0.06858005136312226	DESCRIPTIVE_ONLY_OBSERVER_SCALE_GEOMETRY
2	186	248	-0.010691043063491116	DESCRIPTIVE_ONLY_OBSERVER_SCALE_GEOMETRY
2	187	248	-0.011903330892956752	DESCRIPTIVE_ONLY_OBSERVER_SCALE_GEOMETRY
2	188	248	-0.006384095077083142	DESCRIPTIVE_ONLY_OBSERVER_SCALE_GEOMETRY
2	189	248	-0.00046324150732986495	DESCRIPTIVE_ONLY_OBSERVER_SCALE_GEOMETRY
2	190	248	-0.051060621167502304	DESCRIPTIVE_ONLY_OBSERVER_SCALE_GEOMETRY
2	191	248	0.009792039077489855	DESCRIPTIVE_ONLY_OBSERVER_SCALE_GEOMETRY
2	192	248	0.028675631583519424	DESCRIPTIVE_ONLY_OBSERVER_SCALE_GEOMETRY
2	193	248	0.06594097379034056	DESCRIPTIVE_ONLY_OBSERVER_SCALE_GEOMETRY
2	194	248	0.027665867159756274	DESCRIPTIVE_ONLY_OBSERVER_SCALE_GEOMETRY
2	195	248	0.006656580275496161	DESCRIPTIVE_ONLY_OBSERVER_SCALE_GEOMETRY
2	196	248	0.09311311502946958	DESCRIPTIVE_ONLY_OBSERVER_SCALE_GEOMETRY
2	197	248	-0.014214115420561087	DESCRIPTIVE_ONLY_OBSERVER_SCALE_GEOMETRY
2	198	248	0.11151083078600314	DESCRIPTIVE_ONLY_OBSERVER_SCALE_GEOMETRY
2	199	247	1.3685817068406534	DESCRIPTIVE_ONLY_OBSERVER_SCALE_GEOMETRY
2	200	247	-5.310797402745416	DESCRIPTIVE_ONLY_OBSERVER_SCALE_GEOMETRY
2	201	247	4.405366848306676	DESCRIPTIVE_ONLY_OBSERVER_SCALE_GEOMETRY
2	202	247	-0.00967939864778716	DESCRIPTIVE_ONLY_OBSERVER_SCALE_GEOMETRY
2	203	247	-0.13491460365594077	DESCRIPTIVE_ONLY_OBSERVER_SCALE_GEOMETRY
2	204	247	-0.22697042867548203	DESCRIPTIVE_ONLY_OBSERVER_SCALE_GEOMETRY
2	205	247	-0.28976262585551466	DESCRIPTIVE_ONLY_OBSERVER_SCALE_GEOMETRY
2	206	247	0.8160902667341312	DESCRIPTIVE_ONLY_OBSERVER_SCALE_GEOMETRY
2	207	247	0.1650160930508313	DESCRIPTIVE_ONLY_OBSERVER_SCALE_GEOMETRY
2	208	247	-0.36017696630448365	DESCRIPTIVE_ONLY_OBSERVER_SCALE_GEOMETRY
2	209	247	0.29973748261136596	DESCRIPTIVE_ONLY_OBSERVER_SCALE_GEOMETRY
2	210	247	-0.0014226833445118911	DESCRIPTIVE_ONLY_OBSERVER_SCALE_GEOMETRY
2	211	247	0.06073958386194557	DESCRIPTIVE_ONLY_OBSERVER_SCALE_GEOMETRY
2	212	247	0.04753006202443417	DESCRIPTIVE_ONLY_OBSERVER_SCALE_GEOMETRY
2	213	246	0.0458294141783283	DESCRIPTIVE_ONLY_OBSERVER_SCALE_GEOMETRY
2	214	246	0.009704507015141106	DESCRIPTIVE_ONLY_OBSERVER_SCALE_GEOMETRY
2	215	246	0.03905005945623684	DESCRIPTIVE_ONLY_OBSERVER_SCALE_GEOMETRY
2	216	246	0.016329412830121962	DESCRIPTIVE_ONLY_OBSERVER_SCALE_GEOMETRY
2	217	246	-0.027039808398093793	DESCRIPTIVE_ONLY_OBSERVER_SCALE_GEOMETRY
2	218	246	0.018647295845199148	DESCRIPTIVE_ONLY_OBSERVER_SCALE_GEOMETRY
2	219	246	0.16374934324673404	DESCRIPTIVE_ONLY_OBSERVER_SCALE_GEOMETRY
2	220	246	1.830193051690729	DESCRIPTIVE_ONLY_OBSERVER_SCALE_GEOMETRY
2	221	246	-1.855879731501074	DESCRIPTIVE_ONLY_OBSERVER_SCALE_GEOMETRY
2	222	246	-0.060889242644958756	DESCRIPTIVE_ONLY_OBSERVER_SCALE_GEOMETRY
2	223	246	-0.17751860890172916	DESCRIPTIVE_ONLY_OBSERVER_SCALE_GEOMETRY
2	224	246	0.18761283777080837	DESCRIPTIVE_ONLY_OBSERVER_SCALE_GEOMETRY
2	225	246	-0.29122845475598147	DESCRIPTIVE_ONLY_OBSERVER_SCALE_GEOMETRY
2	226	246	0.3166882433572639	DESCRIPTIVE_ONLY_OBSERVER_SCALE_GEOMETRY
2	227	246	-0.14479099349263136	DESCRIPTIVE_ONLY_OBSERVER_SCALE_GEOMETRY
2	228	246	0.08656263522892281	DESCRIPTIVE_ONLY_OBSERVER_SCALE_GEOMETRY
2	229	246	0.09623804888247321	DESCRIPTIVE_ONLY_OBSERVER_SCALE_GEOMETRY
2	230	246	-0.1261249812721677	DESCRIPTIVE_ONLY_OBSERVER_SCALE_GEOMETRY
2	231	246	0.05438755393722529	DESCRIPTIVE_ONLY_OBSERVER_SCALE_GEOMETRY
2	232	246	0.07018651303429489	DESCRIPTIVE_ONLY_OBSERVER_SCALE_GEOMETRY
2	233	246	-0.041978283927883664	DESCRIPTIVE_ONLY_OBSERVER_SCALE_GEOMETRY
2	234	246	0.13287505796149515	DESCRIPTIVE_ONLY_OBSERVER_SCALE_GEOMETRY
2	235	246	-0.11522337421608267	DESCRIPTIVE_ONLY_OBSERVER_SCALE_GEOMETRY
2	236	246	-0.015603511252149229	DESCRIPTIVE_ONLY_OBSERVER_SCALE_GEOMETRY
2	237	246	0.12380792756375059	DESCRIPTIVE_ONLY_OBSERVER_SCALE_GEOMETRY
2	238	246	0.09350736984002614	DESCRIPTIVE_ONLY_OBSERVER_SCALE_GEOMETRY
2	239	246	-0.14797060080747448	DESCRIPTIVE_ONLY_OBSERVER_SCALE_GEOMETRY
2	240	246	0.05329286143107087	DESCRIPTIVE_ONLY_OBSERVER_SCALE_GEOMETRY
2	241	246	0.043517725344161845	DESCRIPTIVE_ONLY_OBSERVER_SCALE_GEOMETRY
2	242	246	1.617042493432157	DESCRIPTIVE_ONLY_OBSERVER_SCALE_GEOMETRY
2	243	246	-1.231438981727134	DESCRIPTIVE_ONLY_OBSERVER_SCALE_GEOMETRY
2	244	246	-0.832578441267419	DESCRIPTIVE_ONLY_OBSERVER_SCALE_GEOMETRY
2	245	246	0.6779975977811835	DESCRIPTIVE_ONLY_OBSERVER_SCALE_GEOMETRY
2	246	246	-0.245762824907468	DESCRIPTIVE_ONLY_OBSERVER_SCALE_GEOMETRY
2	247	246	-0.2861539690783876	DESCRIPTIVE_ONLY_OBSERVER_SCALE_GEOMETRY
2	248	246	0.16730293756412024	DESCRIPTIVE_ONLY_OBSERVER_SCALE_GEOMETRY
2	249	246	-0.10788034838828878	DESCRIPTIVE_ONLY_OBSERVER_SCALE_GEOMETRY
2	250	246	-0.053560653969517105	DESCRIPTIVE_ONLY_OBSERVER_SCALE_GEOMETRY
2	251	246	0.18476725829208548	DESCRIPTIVE_ONLY_OBSERVER_SCALE_GEOMETRY
2	252	246	-0.022584410532627528	DESCRIPTIVE_ONLY_OBSERVER_SCALE_GEOMETRY
2	253	246	-0.0418887291019917	DESCRIPTIVE_ONLY_OBSERVER_SCALE_GEOMETRY
2	254	246	0.005323241029446689	DESCRIPTIVE_ONLY_OBSERVER_SCALE_GEOMETRY
2	255	246	0.0440054448438757	DESCRIPTIVE_ONLY_OBSERVER_SCALE_GEOMETRY
2	256	246	-0.09225346376968696	DESCRIPTIVE_ONLY_OBSERVER_SCALE_GEOMETRY
2	257	246	0.03547431271761655	DESCRIPTIVE_ONLY_OBSERVER_SCALE_GEOMETRY
2	258	246	-0.01883655288860097	DESCRIPTIVE_ONLY_OBSERVER_SCALE_GEOMETRY
2	259	246	0.6382869159737009	DESCRIPTIVE_ONLY_OBSERVER_SCALE_GEOMETRY
2	260	246	-0.7842777296669458	DESCRIPTIVE_ONLY_OBSERVER_SCALE_GEOMETRY
2	261	246	-2.255594937947395	DESCRIPTIVE_ONLY_OBSERVER_SCALE_GEOMETRY
2	262	246	3.2078746568766965	DESCRIPTIVE_ONLY_OBSERVER_SCALE_GEOMETRY
2	263	246	-0.6494410536519067	DESCRIPTIVE_ONLY_OBSERVER_SCALE_GEOMETRY
2	264	245	0.2384437356999263	DESCRIPTIVE_ONLY_OBSERVER_SCALE_GEOMETRY
2	265	245	-0.08588132128417245	DESCRIPTIVE_ONLY_OBSERVER_SCALE_GEOMETRY
2	266	245	-0.19692965351410582	DESCRIPTIVE_ONLY_OBSERVER_SCALE_GEOMETRY
2	267	245	-0.10259546632649116	DESCRIPTIVE_ONLY_OBSERVER_SCALE_GEOMETRY
2	268	245	0.07269643394984622	DESCRIPTIVE_ONLY_OBSERVER_SCALE_GEOMETRY
2	269	245	-0.10404834871732668	DESCRIPTIVE_ONLY_OBSERVER_SCALE_GEOMETRY
2	270	245	0.08249993278165285	DESCRIPTIVE_ONLY_OBSERVER_SCALE_GEOMETRY
2	271	245	-0.0780819018647847	DESCRIPTIVE_ONLY_OBSERVER_SCALE_GEOMETRY
2	272	245	0.07703222955825915	DESCRIPTIVE_ONLY_OBSERVER_SCALE_GEOMETRY
2	273	245	-0.06904691612972694	DESCRIPTIVE_ONLY_OBSERVER_SCALE_GEOMETRY
2	274	245	-0.06816856838944393	DESCRIPTIVE_ONLY_OBSERVER_SCALE_GEOMETRY
2	275	245	0.08810600894364831	DESCRIPTIVE_ONLY_OBSERVER_SCALE_GEOMETRY
2	276	244	-0.22100190437312167	DESCRIPTIVE_ONLY_OBSERVER_SCALE_GEOMETRY
2	277	244	0.07359246493075586	DESCRIPTIVE_ONLY_OBSERVER_SCALE_GEOMETRY
2	278	243	0.4178622885495029	DESCRIPTIVE_ONLY_OBSERVER_SCALE_GEOMETRY
2	279	243	-0.5727181769716049	DESCRIPTIVE_ONLY_OBSERVER_SCALE_GEOMETRY
2	280	242	2.969796596518821	DESCRIPTIVE_ONLY_OBSERVER_SCALE_GEOMETRY
2	281	242	-3.223222868449988	DESCRIPTIVE_ONLY_OBSERVER_SCALE_GEOMETRY
2	282	242	-0.21144387956363256	DESCRIPTIVE_ONLY_OBSERVER_SCALE_GEOMETRY
2	283	242	0.18372410275994608	DESCRIPTIVE_ONLY_OBSERVER_SCALE_GEOMETRY
2	284	242	-0.2749798051669856	DESCRIPTIVE_ONLY_OBSERVER_SCALE_GEOMETRY
2	285	242	0.018249201538574806	DESCRIPTIVE_ONLY_OBSERVER_SCALE_GEOMETRY
2	286	242	-0.23576831570951182	DESCRIPTIVE_ONLY_OBSERVER_SCALE_GEOMETRY
2	287	242	-0.013456824387132754	DESCRIPTIVE_ONLY_OBSERVER_SCALE_GEOMETRY
2	288	242	-0.08395568004967138	DESCRIPTIVE_ONLY_OBSERVER_SCALE_GEOMETRY
2	289	242	-0.06542591483635188	DESCRIPTIVE_ONLY_OBSERVER_SCALE_GEOMETRY
2	290	242	-0.14446910077727404	DESCRIPTIVE_ONLY_OBSERVER_SCALE_GEOMETRY
2	291	242	-0.05517406955220899	DESCRIPTIVE_ONLY_OBSERVER_SCALE_GEOMETRY
2	292	242	-0.14047868172262812	DESCRIPTIVE_ONLY_OBSERVER_SCALE_GEOMETRY
2	293	242	-0.004394327020000218	DESCRIPTIVE_ONLY_OBSERVER_SCALE_GEOMETRY
2	294	242	-0.10070420370026686	DESCRIPTIVE_ONLY_OBSERVER_SCALE_GEOMETRY
2	295	242	-0.08703091140450704	DESCRIPTIVE_ONLY_OBSERVER_SCALE_GEOMETRY
2	296	242	-0.10054381388212459	DESCRIPTIVE_ONLY_OBSERVER_SCALE_GEOMETRY
2	297	242	0.022293048805077008	DESCRIPTIVE_ONLY_OBSERVER_SCALE_GEOMETRY
2	298	242	0.06456314858330651	DESCRIPTIVE_ONLY_OBSERVER_SCALE_GEOMETRY
2	299	242	-0.2527119014292456	DESCRIPTIVE_ONLY_OBSERVER_SCALE_GEOMETRY
2	300	242	0.02619595738122931	DESCRIPTIVE_ONLY_OBSERVER_SCALE_GEOMETRY
2	301	242	-0.061707768289739666	DESCRIPTIVE_ONLY_OBSERVER_SCALE_GEOMETRY
2	302	242	-1.1917995536021437	DESCRIPTIVE_ONLY_OBSERVER_SCALE_GEOMETRY
2	303	242	1.0060766283890121	DESCRIPTIVE_ONLY_OBSERVER_SCALE_GEOMETRY
2	304	242	0.11161028304396368	DESCRIPTIVE_ONLY_OBSERVER_SCALE_GEOMETRY
2	305	242	-0.12199890576330956	DESCRIPTIVE_ONLY_OBSERVER_SCALE_GEOMETRY
2	306	242	-0.062206036860859175	DESCRIPTIVE_ONLY_OBSERVER_SCALE_GEOMETRY
2	307	242	-0.056490941091949756	DESCRIPTIVE_ONLY_OBSERVER_SCALE_GEOMETRY
2	308	242	0.038876830144186234	DESCRIPTIVE_ONLY_OBSERVER_SCALE_GEOMETRY
2	309	241	-0.2281457645578126	DESCRIPTIVE_ONLY_OBSERVER_SCALE_GEOMETRY
2	310	241	0.08028703826979182	DESCRIPTIVE_ONLY_OBSERVER_SCALE_GEOMETRY
2	311	241	-0.11458427342958158	DESCRIPTIVE_ONLY_OBSERVER_SCALE_GEOMETRY
2	312	241	-0.0512423842056462	DESCRIPTIVE_ONLY_OBSERVER_SCALE_GEOMETRY
2	313	241	-0.038274775450432105	DESCRIPTIVE_ONLY_OBSERVER_SCALE_GEOMETRY
2	314	241	-0.003637806541085261	DESCRIPTIVE_ONLY_OBSERVER_SCALE_GEOMETRY
2	315	241	-0.057765463647378286	DESCRIPTIVE_ONLY_OBSERVER_SCALE_GEOMETRY
2	316	241	0.023264512643980537	DESCRIPTIVE_ONLY_OBSERVER_SCALE_GEOMETRY
2	317	241	-0.05249317625162908	DESCRIPTIVE_ONLY_OBSERVER_SCALE_GEOMETRY
2	318	240	-0.09628597959912484	DESCRIPTIVE_ONLY_OBSERVER_SCALE_GEOMETRY
2	319	240	2.3224341425257413	DESCRIPTIVE_ONLY_OBSERVER_SCALE_GEOMETRY
2	320	240	-11.291023885761737	DESCRIPTIVE_ONLY_OBSERVER_SCALE_GEOMETRY
2	321	240	6.688931031193576	DESCRIPTIVE_ONLY_OBSERVER_SCALE_GEOMETRY
2	322	240	2.267057905457718	DESCRIPTIVE_ONLY_OBSERVER_SCALE_GEOMETRY
2	323	239	0.12056525429956556	DESCRIPTIVE_ONLY_OBSERVER_SCALE_GEOMETRY
2	324	239	-0.3267309118920545	DESCRIPTIVE_ONLY_OBSERVER_SCALE_GEOMETRY
2	325	239	-0.17581612705937769	DESCRIPTIVE_ONLY_OBSERVER_SCALE_GEOMETRY
2	326	239	-0.11722903099240503	DESCRIPTIVE_ONLY_OBSERVER_SCALE_GEOMETRY
2	327	239	0.0036780246101257683	DESCRIPTIVE_ONLY_OBSERVER_SCALE_GEOMETRY
2	328	239	-0.1337685183314025	DESCRIPTIVE_ONLY_OBSERVER_SCALE_GEOMETRY
2	329	239	0.00018380232355002683	DESCRIPTIVE_ONLY_OBSERVER_SCALE_GEOMETRY
2	330	239	-0.13777371592492813	DESCRIPTIVE_ONLY_OBSERVER_SCALE_GEOMETRY
2	331	239	-0.16838999917876096	DESCRIPTIVE_ONLY_OBSERVER_SCALE_GEOMETRY
2	332	239	-0.02926934908642843	DESCRIPTIVE_ONLY_OBSERVER_SCALE_GEOMETRY
2	333	239	-0.12608331513260185	DESCRIPTIVE_ONLY_OBSERVER_SCALE_GEOMETRY
2	334	239	-0.22120872673014166	DESCRIPTIVE_ONLY_OBSERVER_SCALE_GEOMETRY
2	335	239	-0.07308689599475626	DESCRIPTIVE_ONLY_OBSERVER_SCALE_GEOMETRY
2	336	239	-0.18023971508039052	DESCRIPTIVE_ONLY_OBSERVER_SCALE_GEOMETRY
2	337	238	-0.12587000940565043	DESCRIPTIVE_ONLY_OBSERVER_SCALE_GEOMETRY
2	338	237	0.7026132598165061	DESCRIPTIVE_ONLY_OBSERVER_SCALE_GEOMETRY
2	339	237	-1.0168312246642814	DESCRIPTIVE_ONLY_OBSERVER_SCALE_GEOMETRY
2	340	237	-1.3012918160806768	DESCRIPTIVE_ONLY_OBSERVER_SCALE_GEOMETRY
2	341	237	0.9273459940323485	DESCRIPTIVE_ONLY_OBSERVER_SCALE_GEOMETRY
2	342	237	-0.033284351709267995	DESCRIPTIVE_ONLY_OBSERVER_SCALE_GEOMETRY
2	343	237	-0.15812546076945314	DESCRIPTIVE_ONLY_OBSERVER_SCALE_GEOMETRY
2	344	237	-0.2501871764597642	DESCRIPTIVE_ONLY_OBSERVER_SCALE_GEOMETRY
2	345	237	-0.11401211060196237	DESCRIPTIVE_ONLY_OBSERVER_SCALE_GEOMETRY
2	346	237	-0.10269626592971104	DESCRIPTIVE_ONLY_OBSERVER_SCALE_GEOMETRY
2	347	237	-0.27404045586980363	DESCRIPTIVE_ONLY_OBSERVER_SCALE_GEOMETRY
2	348	237	-0.06058604685766412	DESCRIPTIVE_ONLY_OBSERVER_SCALE_GEOMETRY
2	349	237	-0.2975079795437156	DESCRIPTIVE_ONLY_OBSERVER_SCALE_GEOMETRY
2	350	237	-0.049083144894341034	DESCRIPTIVE_ONLY_OBSERVER_SCALE_GEOMETRY
2	351	237	-0.2363679570086511	DESCRIPTIVE_ONLY_OBSERVER_SCALE_GEOMETRY
2	352	237	-0.1477931943130055	DESCRIPTIVE_ONLY_OBSERVER_SCALE_GEOMETRY
2	353	237	-0.20301322228152077	DESCRIPTIVE_ONLY_OBSERVER_SCALE_GEOMETRY
2	354	237	-0.058710827454825636	DESCRIPTIVE_ONLY_OBSERVER_SCALE_GEOMETRY
2	355	237	-0.19759219544524106	DESCRIPTIVE_ONLY_OBSERVER_SCALE_GEOMETRY
2	356	237	-0.2334193619705244	DESCRIPTIVE_ONLY_OBSERVER_SCALE_GEOMETRY
2	357	237	-0.13140564971874566	DESCRIPTIVE_ONLY_OBSERVER_SCALE_GEOMETRY
2	358	237	-0.12466121155482489	DESCRIPTIVE_ONLY_OBSERVER_SCALE_GEOMETRY
2	359	237	-0.11849165281718728	DESCRIPTIVE_ONLY_OBSERVER_SCALE_GEOMETRY
2	360	237	-0.1475838293938332	DESCRIPTIVE_ONLY_OBSERVER_SCALE_GEOMETRY
2	361	236	-0.2165335140352416	DESCRIPTIVE_ONLY_OBSERVER_SCALE_GEOMETRY
2	362	236	0.6599206532844876	DESCRIPTIVE_ONLY_OBSERVER_SCALE_GEOMETRY
2	363	236	-1.2499686473192642	DESCRIPTIVE_ONLY_OBSERVER_SCALE_GEOMETRY
2	364	236	0.20994129941697579	DESCRIPTIVE_ONLY_OBSERVER_SCALE_GEOMETRY
2	365	236	0.3583625652436329	DESCRIPTIVE_ONLY_OBSERVER_SCALE_GEOMETRY
2	366	236	-0.6527342056696421	DESCRIPTIVE_ONLY_OBSERVER_SCALE_GEOMETRY
2	367	236	-0.11184217617801573	DESCRIPTIVE_ONLY_OBSERVER_SCALE_GEOMETRY
2	368	236	-0.012298477862058198	DESCRIPTIVE_ONLY_OBSERVER_SCALE_GEOMETRY
2	369	236	-0.20587666450616895	DESCRIPTIVE_ONLY_OBSERVER_SCALE_GEOMETRY
2	370	236	-0.2712905306279974	DESCRIPTIVE_ONLY_OBSERVER_SCALE_GEOMETRY
2	371	235	0.036545828560334954	DESCRIPTIVE_ONLY_OBSERVER_SCALE_GEOMETRY
2	372	235	-0.2965602021813064	DESCRIPTIVE_ONLY_OBSERVER_SCALE_GEOMETRY
2	373	235	-0.06210902080144392	DESCRIPTIVE_ONLY_OBSERVER_SCALE_GEOMETRY
2	374	235	-0.31988458070686837	DESCRIPTIVE_ONLY_OBSERVER_SCALE_GEOMETRY
2	375	235	0.029214978258040526	DESCRIPTIVE_ONLY_OBSERVER_SCALE_GEOMETRY
2	376	235	-0.21685617605410096	DESCRIPTIVE_ONLY_OBSERVER_SCALE_GEOMETRY
2	377	235	-0.17985635399083774	DESCRIPTIVE_ONLY_OBSERVER_SCALE_GEOMETRY
2	378	235	-0.09747449520275195	DESCRIPTIVE_ONLY_OBSERVER_SCALE_GEOMETRY
2	379	235	-0.04101041198032196	DESCRIPTIVE_ONLY_OBSERVER_SCALE_GEOMETRY
2	380	235	-0.10341341195512445	DESCRIPTIVE_ONLY_OBSERVER_SCALE_GEOMETRY
2	381	235	3.766813770300561	DESCRIPTIVE_ONLY_OBSERVER_SCALE_GEOMETRY
2	382	235	-4.057502251856448	DESCRIPTIVE_ONLY_OBSERVER_SCALE_GEOMETRY
2	383	235	-0.047541909323467184	DESCRIPTIVE_ONLY_OBSERVER_SCALE_GEOMETRY
2	384	235	-0.2930632880748724	DESCRIPTIVE_ONLY_OBSERVER_SCALE_GEOMETRY
2	385	235	0.05776147192197753	DESCRIPTIVE_ONLY_OBSERVER_SCALE_GEOMETRY
2	386	235	-0.1309955292478602	DESCRIPTIVE_ONLY_OBSERVER_SCALE_GEOMETRY
2	387	235	-0.07515249299482243	DESCRIPTIVE_ONLY_OBSERVER_SCALE_GEOMETRY
3	1	257	0.8841150902487838	DESCRIPTIVE_ONLY_OBSERVER_SCALE_GEOMETRY
3	2	257	-4.402259359640752	DESCRIPTIVE_ONLY_OBSERVER_SCALE_GEOMETRY
3	3	257	-1.2502483761332381	DESCRIPTIVE_ONLY_OBSERVER_SCALE_GEOMETRY
3	4	257	-1.3146236997216048	DESCRIPTIVE_ONLY_OBSERVER_SCALE_GEOMETRY
3	5	257	-1.3741878141670578	DESCRIPTIVE_ONLY_OBSERVER_SCALE_GEOMETRY
3	6	257	-1.362339307439678	DESCRIPTIVE_ONLY_OBSERVER_SCALE_GEOMETRY
3	7	257	-1.355290323674175	DESCRIPTIVE_ONLY_OBSERVER_SCALE_GEOMETRY
3	8	257	-1.3931935635239419	DESCRIPTIVE_ONLY_OBSERVER_SCALE_GEOMETRY
3	9	257	-1.3721197739642852	DESCRIPTIVE_ONLY_OBSERVER_SCALE_GEOMETRY
3	10	257	-1.3136210068261045	DESCRIPTIVE_ONLY_OBSERVER_SCALE_GEOMETRY
3	11	257	-1.355561017385939	DESCRIPTIVE_ONLY_OBSERVER_SCALE_GEOMETRY
3	12	257	-1.3908549076250643	DESCRIPTIVE_ONLY_OBSERVER_SCALE_GEOMETRY
3	13	257	-1.373412305153234	DESCRIPTIVE_ONLY_OBSERVER_SCALE_GEOMETRY
3	14	257	-1.319269834202204	DESCRIPTIVE_ONLY_OBSERVER_SCALE_GEOMETRY
3	15	257	-1.3460859638036613	DESCRIPTIVE_ONLY_OBSERVER_SCALE_GEOMETRY
3	16	257	-1.6566540417086202	DESCRIPTIVE_ONLY_OBSERVER_SCALE_GEOMETRY
3	17	257	-0.7664889422329655	DESCRIPTIVE_ONLY_OBSERVER_SCALE_GEOMETRY
3	18	257	-2.7257832641555857	DESCRIPTIVE_ONLY_OBSERVER_SCALE_GEOMETRY
3	19	257	-0.8016771942378629	DESCRIPTIVE_ONLY_OBSERVER_SCALE_GEOMETRY
3	20	257	1.5205008484119042	DESCRIPTIVE_ONLY_OBSERVER_SCALE_GEOMETRY
3	21	257	-3.8071099687080094	DESCRIPTIVE_ONLY_OBSERVER_SCALE_GEOMETRY
3	22	257	-1.4799940754563121	DESCRIPTIVE_ONLY_OBSERVER_SCALE_GEOMETRY
3	23	257	-1.3441110089981683	DESCRIPTIVE_ONLY_OBSERVER_SCALE_GEOMETRY
3	24	257	-1.4400146588127358	DESCRIPTIVE_ONLY_OBSERVER_SCALE_GEOMETRY
3	25	257	-1.2975837821838128	DESCRIPTIVE_ONLY_OBSERVER_SCALE_GEOMETRY
3	26	257	-1.3483786626253926	DESCRIPTIVE_ONLY_OBSERVER_SCALE_GEOMETRY
3	27	257	-1.3552217039953525	DESCRIPTIVE_ONLY_OBSERVER_SCALE_GEOMETRY
3	28	257	-1.3623788994342063	DESCRIPTIVE_ONLY_OBSERVER_SCALE_GEOMETRY
3	29	257	-1.380414919332691	DESCRIPTIVE_ONLY_OBSERVER_SCALE_GEOMETRY
3	30	257	-1.252182594598442	DESCRIPTIVE_ONLY_OBSERVER_SCALE_GEOMETRY
3	31	256	-1.3467917289517881	DESCRIPTIVE_ONLY_OBSERVER_SCALE_GEOMETRY
3	32	256	-1.295240537483908	DESCRIPTIVE_ONLY_OBSERVER_SCALE_GEOMETRY
3	33	255	-1.2923317936768026	DESCRIPTIVE_ONLY_OBSERVER_SCALE_GEOMETRY
3	34	255	-1.4883608486387183	DESCRIPTIVE_ONLY_OBSERVER_SCALE_GEOMETRY
3	35	255	-1.303510100042932	DESCRIPTIVE_ONLY_OBSERVER_SCALE_GEOMETRY
3	36	255	-1.3692290657992965	DESCRIPTIVE_ONLY_OBSERVER_SCALE_GEOMETRY
3	37	255	1.6010050617085447	DESCRIPTIVE_ONLY_OBSERVER_SCALE_GEOMETRY
3	38	255	-4.314615580591953	DESCRIPTIVE_ONLY_OBSERVER_SCALE_GEOMETRY
3	39	255	-1.2154089157023926	DESCRIPTIVE_ONLY_OBSERVER_SCALE_GEOMETRY
3	40	255	3.624975284117264	DESCRIPTIVE_ONLY_OBSERVER_SCALE_GEOMETRY
3	41	255	0.17127436025385215	DESCRIPTIVE_ONLY_OBSERVER_SCALE_GEOMETRY
3	42	255	0.7868357618480865	DESCRIPTIVE_ONLY_OBSERVER_SCALE_GEOMETRY
3	43	255	9.305628226619598	DESCRIPTIVE_ONLY_OBSERVER_SCALE_GEOMETRY
3	44	255	-5.707724104478146	DESCRIPTIVE_ONLY_OBSERVER_SCALE_GEOMETRY
3	45	255	1.0490595261634015	DESCRIPTIVE_ONLY_OBSERVER_SCALE_GEOMETRY
3	46	255	2.416019766611616	DESCRIPTIVE_ONLY_OBSERVER_SCALE_GEOMETRY
3	47	255	1.8770523091243139	DESCRIPTIVE_ONLY_OBSERVER_SCALE_GEOMETRY
3	48	255	2.564051270616701	DESCRIPTIVE_ONLY_OBSERVER_SCALE_GEOMETRY
3	49	254	2.278887463462448	DESCRIPTIVE_ONLY_OBSERVER_SCALE_GEOMETRY
3	50	254	2.062504781492914	DESCRIPTIVE_ONLY_OBSERVER_SCALE_GEOMETRY
3	51	254	2.1552307823544616	DESCRIPTIVE_ONLY_OBSERVER_SCALE_GEOMETRY
3	52	254	2.1700342435811217	DESCRIPTIVE_ONLY_OBSERVER_SCALE_GEOMETRY
3	53	254	2.129233557334574	DESCRIPTIVE_ONLY_OBSERVER_SCALE_GEOMETRY
3	54	254	2.0740692442520854	DESCRIPTIVE_ONLY_OBSERVER_SCALE_GEOMETRY
3	55	254	2.1911930619143356	DESCRIPTIVE_ONLY_OBSERVER_SCALE_GEOMETRY
3	56	254	2.1363102701956	DESCRIPTIVE_ONLY_OBSERVER_SCALE_GEOMETRY
3	57	254	2.068888173062298	DESCRIPTIVE_ONLY_OBSERVER_SCALE_GEOMETRY
3	58	254	2.0952131840752286	DESCRIPTIVE_ONLY_OBSERVER_SCALE_GEOMETRY
3	59	254	2.1920052422289182	DESCRIPTIVE_ONLY_OBSERVER_SCALE_GEOMETRY
3	60	254	2.096482012732031	DESCRIPTIVE_ONLY_OBSERVER_SCALE_GEOMETRY
3	61	254	1.492727431592727	DESCRIPTIVE_ONLY_OBSERVER_SCALE_GEOMETRY
3	62	253	2.445627578933735	DESCRIPTIVE_ONLY_OBSERVER_SCALE_GEOMETRY
3	63	253	2.6023278373107215	DESCRIPTIVE_ONLY_OBSERVER_SCALE_GEOMETRY
3	64	253	2.0642725142075373	DESCRIPTIVE_ONLY_OBSERVER_SCALE_GEOMETRY
3	65	253	2.221026825063381	DESCRIPTIVE_ONLY_OBSERVER_SCALE_GEOMETRY
3	66	253	2.079188416745044	DESCRIPTIVE_ONLY_OBSERVER_SCALE_GEOMETRY
3	67	253	2.231436663299454	DESCRIPTIVE_ONLY_OBSERVER_SCALE_GEOMETRY
3	68	253	2.0664832208767074	DESCRIPTIVE_ONLY_OBSERVER_SCALE_GEOMETRY
3	69	253	2.2713486331383037	DESCRIPTIVE_ONLY_OBSERVER_SCALE_GEOMETRY
3	70	253	2.051036061408432	DESCRIPTIVE_ONLY_OBSERVER_SCALE_GEOMETRY
3	71	253	2.2100636100344544	DESCRIPTIVE_ONLY_OBSERVER_SCALE_GEOMETRY
3	72	253	2.1286331779981245	DESCRIPTIVE_ONLY_OBSERVER_SCALE_GEOMETRY
3	73	253	2.095539123057062	DESCRIPTIVE_ONLY_OBSERVER_SCALE_GEOMETRY
3	74	253	2.1802855267557235	DESCRIPTIVE_ONLY_OBSERVER_SCALE_GEOMETRY
3	75	253	2.193668466076394	DESCRIPTIVE_ONLY_OBSERVER_SCALE_GEOMETRY
3	76	253	2.1732626002262023	DESCRIPTIVE_ONLY_OBSERVER_SCALE_GEOMETRY
3	77	253	1.9946114965810635	DESCRIPTIVE_ONLY_OBSERVER_SCALE_GEOMETRY
3	78	253	0.8483534454819631	DESCRIPTIVE_ONLY_OBSERVER_SCALE_GEOMETRY
3	79	253	5.115493925075479	DESCRIPTIVE_ONLY_OBSERVER_SCALE_GEOMETRY
3	80	253	-3.1689725885162283	DESCRIPTIVE_ONLY_OBSERVER_SCALE_GEOMETRY
3	81	252	4.70165804804874	DESCRIPTIVE_ONLY_OBSERVER_SCALE_GEOMETRY
3	82	252	3.123042726666005	DESCRIPTIVE_ONLY_OBSERVER_SCALE_GEOMETRY
3	83	252	2.1243678135232607	DESCRIPTIVE_ONLY_OBSERVER_SCALE_GEOMETRY
3	84	252	2.0954856519418805	DESCRIPTIVE_ONLY_OBSERVER_SCALE_GEOMETRY
3	85	252	2.202873823779624	DESCRIPTIVE_ONLY_OBSERVER_SCALE_GEOMETRY
3	86	252	2.0807102295700224	DESCRIPTIVE_ONLY_OBSERVER_SCALE_GEOMETRY
3	87	252	2.1982873562001037	DESCRIPTIVE_ONLY_OBSERVER_SCALE_GEOMETRY
3	88	252	2.129877679541964	DESCRIPTIVE_ONLY_OBSERVER_SCALE_GEOMETRY
3	89	252	2.0919163601713193	DESCRIPTIVE_ONLY_OBSERVER_SCALE_GEOMETRY
3	90	252	2.226408789870539	DESCRIPTIVE_ONLY_OBSERVER_SCALE_GEOMETRY
3	91	252	2.072110073950842	DESCRIPTIVE_ONLY_OBSERVER_SCALE_GEOMETRY
3	92	252	2.130268400421219	DESCRIPTIVE_ONLY_OBSERVER_SCALE_GEOMETRY
3	93	252	2.20474084550139	DESCRIPTIVE_ONLY_OBSERVER_SCALE_GEOMETRY
3	94	252	2.0169571932635773	DESCRIPTIVE_ONLY_OBSERVER_SCALE_GEOMETRY
3	95	252	2.1132979760080977	DESCRIPTIVE_ONLY_OBSERVER_SCALE_GEOMETRY
3	96	252	2.1947041732750945	DESCRIPTIVE_ONLY_OBSERVER_SCALE_GEOMETRY
3	97	252	2.094491651225394	DESCRIPTIVE_ONLY_OBSERVER_SCALE_GEOMETRY
3	98	252	2.1247148429798046	DESCRIPTIVE_ONLY_OBSERVER_SCALE_GEOMETRY
3	99	252	2.109593030426173	DESCRIPTIVE_ONLY_OBSERVER_SCALE_GEOMETRY
3	100	252	-5.833413848594558	DESCRIPTIVE_ONLY_OBSERVER_SCALE_GEOMETRY
3	101	252	-1.6539646205099976	DESCRIPTIVE_ONLY_OBSERVER_SCALE_GEOMETRY
3	102	252	-1.7149044676802099	DESCRIPTIVE_ONLY_OBSERVER_SCALE_GEOMETRY
3	103	252	-1.8389978460044003	DESCRIPTIVE_ONLY_OBSERVER_SCALE_GEOMETRY
3	104	252	0.22204416155665532	DESCRIPTIVE_ONLY_OBSERVER_SCALE_GEOMETRY
3	105	252	-3.6697456223674956	DESCRIPTIVE_ONLY_OBSERVER_SCALE_GEOMETRY
3	106	252	-1.673112690979194	DESCRIPTIVE_ONLY_OBSERVER_SCALE_GEOMETRY
3	107	252	-1.834253562286627	DESCRIPTIVE_ONLY_OBSERVER_SCALE_GEOMETRY
3	108	252	-1.831276288838918	DESCRIPTIVE_ONLY_OBSERVER_SCALE_GEOMETRY
3	109	252	-1.6511233145795865	DESCRIPTIVE_ONLY_OBSERVER_SCALE_GEOMETRY
3	110	252	-1.8014896772471534	DESCRIPTIVE_ONLY_OBSERVER_SCALE_GEOMETRY
3	111	252	-1.8218622643404656	DESCRIPTIVE_ONLY_OBSERVER_SCALE_GEOMETRY
3	112	252	-1.700507063482401	DESCRIPTIVE_ONLY_OBSERVER_SCALE_GEOMETRY
3	113	252	-1.75997701422603	DESCRIPTIVE_ONLY_OBSERVER_SCALE_GEOMETRY
3	114	252	-1.741202388760789	DESCRIPTIVE_ONLY_OBSERVER_SCALE_GEOMETRY
3	115	252	-1.8120771378126155	DESCRIPTIVE_ONLY_OBSERVER_SCALE_GEOMETRY
3	116	252	-1.7143266507979262	DESCRIPTIVE_ONLY_OBSERVER_SCALE_GEOMETRY
3	117	252	-1.7106028339991384	DESCRIPTIVE_ONLY_OBSERVER_SCALE_GEOMETRY
3	118	252	-1.8882487649388808	DESCRIPTIVE_ONLY_OBSERVER_SCALE_GEOMETRY
3	119	252	-1.7781083085050726	DESCRIPTIVE_ONLY_OBSERVER_SCALE_GEOMETRY
3	120	252	-1.6733923881947084	DESCRIPTIVE_ONLY_OBSERVER_SCALE_GEOMETRY
3	121	252	0.0704470007903442	DESCRIPTIVE_ONLY_OBSERVER_SCALE_GEOMETRY
3	122	252	-3.703548760365614	DESCRIPTIVE_ONLY_OBSERVER_SCALE_GEOMETRY
3	123	252	-1.7520929200623636	DESCRIPTIVE_ONLY_OBSERVER_SCALE_GEOMETRY
3	124	252	-1.7860137909895117	DESCRIPTIVE_ONLY_OBSERVER_SCALE_GEOMETRY
3	125	252	-1.667807827601972	DESCRIPTIVE_ONLY_OBSERVER_SCALE_GEOMETRY
3	126	252	-1.8855451612696177	DESCRIPTIVE_ONLY_OBSERVER_SCALE_GEOMETRY
3	127	251	-1.6707831252346097	DESCRIPTIVE_ONLY_OBSERVER_SCALE_GEOMETRY
3	128	251	-1.8025863888368419	DESCRIPTIVE_ONLY_OBSERVER_SCALE_GEOMETRY
3	129	251	-1.7249997502018086	DESCRIPTIVE_ONLY_OBSERVER_SCALE_GEOMETRY
3	130	251	-1.8190619447856118	DESCRIPTIVE_ONLY_OBSERVER_SCALE_GEOMETRY
3	131	251	-1.7567904534050647	DESCRIPTIVE_ONLY_OBSERVER_SCALE_GEOMETRY
3	132	251	-1.6794489170077291	DESCRIPTIVE_ONLY_OBSERVER_SCALE_GEOMETRY
3	133	251	-1.9184744023005322	DESCRIPTIVE_ONLY_OBSERVER_SCALE_GEOMETRY
3	134	251	-1.720828285853606	DESCRIPTIVE_ONLY_OBSERVER_SCALE_GEOMETRY
3	135	251	-1.793160486168877	DESCRIPTIVE_ONLY_OBSERVER_SCALE_GEOMETRY
3	136	250	-1.7412137983345484	DESCRIPTIVE_ONLY_OBSERVER_SCALE_GEOMETRY
3	137	250	-1.7681984904349368	DESCRIPTIVE_ONLY_OBSERVER_SCALE_GEOMETRY
3	138	250	-2.7120174489058892	DESCRIPTIVE_ONLY_OBSERVER_SCALE_GEOMETRY
3	139	250	-0.8224068550394151	DESCRIPTIVE_ONLY_OBSERVER_SCALE_GEOMETRY
3	140	250	0.5378697149375387	DESCRIPTIVE_ONLY_OBSERVER_SCALE_GEOMETRY
3	141	250	-3.9519750963565152	DESCRIPTIVE_ONLY_OBSERVER_SCALE_GEOMETRY
3	142	250	-1.950068154687619	DESCRIPTIVE_ONLY_OBSERVER_SCALE_GEOMETRY
3	143	250	-1.880469501954218	DESCRIPTIVE_ONLY_OBSERVER_SCALE_GEOMETRY
3	144	250	-1.6979524357900815	DESCRIPTIVE_ONLY_OBSERVER_SCALE_GEOMETRY
3	145	250	-1.6995755010122346	DESCRIPTIVE_ONLY_OBSERVER_SCALE_GEOMETRY
3	146	250	-1.9905535899493492	DESCRIPTIVE_ONLY_OBSERVER_SCALE_GEOMETRY
3	147	250	-1.424122903486299	DESCRIPTIVE_ONLY_OBSERVER_SCALE_GEOMETRY
3	148	249	-1.8872429137082318	DESCRIPTIVE_ONLY_OBSERVER_SCALE_GEOMETRY
3	149	249	-2.159031172553621	DESCRIPTIVE_ONLY_OBSERVER_SCALE_GEOMETRY
3	150	249	-1.6966206075329329	DESCRIPTIVE_ONLY_OBSERVER_SCALE_GEOMETRY
3	151	249	-1.7492996657082178	DESCRIPTIVE_ONLY_OBSERVER_SCALE_GEOMETRY
3	152	249	-1.763506025791389	DESCRIPTIVE_ONLY_OBSERVER_SCALE_GEOMETRY
3	153	249	-1.8566629980745324	DESCRIPTIVE_ONLY_OBSERVER_SCALE_GEOMETRY
3	154	249	-1.745154781970314	DESCRIPTIVE_ONLY_OBSERVER_SCALE_GEOMETRY
3	155	249	-1.8321984964194225	DESCRIPTIVE_ONLY_OBSERVER_SCALE_GEOMETRY
3	156	249	-1.7943995925878407	DESCRIPTIVE_ONLY_OBSERVER_SCALE_GEOMETRY
3	157	249	-0.7017371956195144	DESCRIPTIVE_ONLY_OBSERVER_SCALE_GEOMETRY
3	158	249	-2.9388577124390833	DESCRIPTIVE_ONLY_OBSERVER_SCALE_GEOMETRY
3	159	248	-1.7737163407771808	DESCRIPTIVE_ONLY_OBSERVER_SCALE_GEOMETRY
3	160	248	-2.170662846009262	DESCRIPTIVE_ONLY_OBSERVER_SCALE_GEOMETRY
3	161	248	-2.033461984883855	DESCRIPTIVE_ONLY_OBSERVER_SCALE_GEOMETRY
3	162	248	-2.0121263271348506	DESCRIPTIVE_ONLY_OBSERVER_SCALE_GEOMETRY
3	163	248	-2.0056341113836327	DESCRIPTIVE_ONLY_OBSERVER_SCALE_GEOMETRY
3	164	248	-2.1519595856120484	DESCRIPTIVE_ONLY_OBSERVER_SCALE_GEOMETRY
3	165	248	-1.9411257790956802	DESCRIPTIVE_ONLY_OBSERVER_SCALE_GEOMETRY
3	166	248	-1.9618643187620657	DESCRIPTIVE_ONLY_OBSERVER_SCALE_GEOMETRY
3	167	248	-1.8348191844781014	DESCRIPTIVE_ONLY_OBSERVER_SCALE_GEOMETRY
3	168	248	-1.9754591218527981	DESCRIPTIVE_ONLY_OBSERVER_SCALE_GEOMETRY
3	169	248	-2.122284526287131	DESCRIPTIVE_ONLY_OBSERVER_SCALE_GEOMETRY
3	170	248	-2.0071927663508933	DESCRIPTIVE_ONLY_OBSERVER_SCALE_GEOMETRY
3	171	248	-1.9021679881231766	DESCRIPTIVE_ONLY_OBSERVER_SCALE_GEOMETRY
3	172	248	-2.0644617837614128	DESCRIPTIVE_ONLY_OBSERVER_SCALE_GEOMETRY
3	173	248	-1.963830325536915	DESCRIPTIVE_ONLY_OBSERVER_SCALE_GEOMETRY
3	174	248	-2.0555883497217486	DESCRIPTIVE_ONLY_OBSERVER_SCALE_GEOMETRY
3	175	248	-1.9791828523465465	DESCRIPTIVE_ONLY_OBSERVER_SCALE_GEOMETRY
3	176	248	-1.9579819966965826	DESCRIPTIVE_ONLY_OBSERVER_SCALE_GEOMETRY
3	177	248	-1.9578124216053534	DESCRIPTIVE_ONLY_OBSERVER_SCALE_GEOMETRY
3	178	248	-1.9826859246208457	DESCRIPTIVE_ONLY_OBSERVER_SCALE_GEOMETRY
3	179	248	-2.0002154524392908	DESCRIPTIVE_ONLY_OBSERVER_SCALE_GEOMETRY
3	180	248	-1.9281237269433384	DESCRIPTIVE_ONLY_OBSERVER_SCALE_GEOMETRY
3	181	248	-1.8236467237777063	DESCRIPTIVE_ONLY_OBSERVER_SCALE_GEOMETRY
3	182	248	-2.249895430747539	DESCRIPTIVE_ONLY_OBSERVER_SCALE_GEOMETRY
3	183	248	-1.8696903646756926	DESCRIPTIVE_ONLY_OBSERVER_SCALE_GEOMETRY
3	184	248	-2.022838590913165	DESCRIPTIVE_ONLY_OBSERVER_SCALE_GEOMETRY
3	185	248	-1.9775747128101835	DESCRIPTIVE_ONLY_OBSERVER_SCALE_GEOMETRY
3	186	248	-1.9514793587164818	DESCRIPTIVE_ONLY_OBSERVER_SCALE_GEOMETRY
3	187	248	-1.972853266383337	DESCRIPTIVE_ONLY_OBSERVER_SCALE_GEOMETRY
3	188	248	-1.9569172240049715	DESCRIPTIVE_ONLY_OBSERVER_SCALE_GEOMETRY
3	189	248	-2.008037026456573	DESCRIPTIVE_ONLY_OBSERVER_SCALE_GEOMETRY
3	190	248	-1.9863607925200777	DESCRIPTIVE_ONLY_OBSERVER_SCALE_GEOMETRY
3	191	248	-1.9797290662920362	DESCRIPTIVE_ONLY_OBSERVER_SCALE_GEOMETRY
3	192	248	-1.963858474369054	DESCRIPTIVE_ONLY_OBSERVER_SCALE_GEOMETRY
3	193	248	-1.9860560921462622	DESCRIPTIVE_ONLY_OBSERVER_SCALE_GEOMETRY
3	194	248	-2.033885678963822	DESCRIPTIVE_ONLY_OBSERVER_SCALE_GEOMETRY
3	195	248	-1.9686530430584124	DESCRIPTIVE_ONLY_OBSERVER_SCALE_GEOMETRY
3	196	248	-2.08561056288231	DESCRIPTIVE_ONLY_OBSERVER_SCALE_GEOMETRY
3	197	248	-1.9707362283985745	DESCRIPTIVE_ONLY_OBSERVER_SCALE_GEOMETRY
3	198	247	-0.731275030001901	DESCRIPTIVE_ONLY_OBSERVER_SCALE_GEOMETRY
3	199	247	-7.407761911889235	DESCRIPTIVE_ONLY_OBSERVER_SCALE_GEOMETRY
3	200	247	2.28797485435286	DESCRIPTIVE_ONLY_OBSERVER_SCALE_GEOMETRY
3	201	247	-2.11286443253438	DESCRIPTIVE_ONLY_OBSERVER_SCALE_GEOMETRY
3	202	247	-2.2270111920566307	DESCRIPTIVE_ONLY_OBSERVER_SCALE_GEOMETRY
3	203	247	-2.3063465829697978	DESCRIPTIVE_ONLY_OBSERVER_SCALE_GEOMETRY
3	204	247	-2.3893613343532154	DESCRIPTIVE_ONLY_OBSERVER_SCALE_GEOMETRY
3	205	247	-1.2693202933933814	DESCRIPTIVE_ONLY_OBSERVER_SCALE_GEOMETRY
3	206	247	-1.9139061428898438	DESCRIPTIVE_ONLY_OBSERVER_SCALE_GEOMETRY
3	207	247	-2.4354673261244897	DESCRIPTIVE_ONLY_OBSERVER_SCALE_GEOMETRY
3	208	247	-1.780748768919146	DESCRIPTIVE_ONLY_OBSERVER_SCALE_GEOMETRY
3	209	247	-2.0507049345829005	DESCRIPTIVE_ONLY_OBSERVER_SCALE_GEOMETRY
3	210	247	-1.9889157986607526	DESCRIPTIVE_ONLY_OBSERVER_SCALE_GEOMETRY
3	211	247	-2.012181934113971	DESCRIPTIVE_ONLY_OBSERVER_SCALE_GEOMETRY
3	212	246	-2.012776935934814	DESCRIPTIVE_ONLY_OBSERVER_SCALE_GEOMETRY
3	213	246	-2.05287908821658	DESCRIPTIVE_ONLY_OBSERVER_SCALE_GEOMETRY
3	214	246	-2.0226875076038464	DESCRIPTIVE_ONLY_OBSERVER_SCALE_GEOMETRY
3	215	246	-2.030327688917415	DESCRIPTIVE_ONLY_OBSERVER_SCALE_GEOMETRY
3	216	246	-2.063225415920972	DESCRIPTIVE_ONLY_OBSERVER_SCALE_GEOMETRY
3	217	246	-2.0213004149629885	DESCRIPTIVE_ONLY_OBSERVER_SCALE_GEOMETRY
3	218	246	-1.8531464284044736	DESCRIPTIVE_ONLY_OBSERVER_SCALE_GEOMETRY
3	219	246	-2.099305642420092	DESCRIPTIVE_ONLY_OBSERVER_SCALE_GEOMETRY
3	220	246	-5.77516965373527	DESCRIPTIVE_ONLY_OBSERVER_SCALE_GEOMETRY
3	221	246	-4.016371352481893	DESCRIPTIVE_ONLY_OBSERVER_SCALE_GEOMETRY
3	222	246	-4.014045499675297	DESCRIPTIVE_ONLY_OBSERVER_SCALE_GEOMETRY
3	223	246	-3.6373171639174915	DESCRIPTIVE_ONLY_OBSERVER_SCALE_GEOMETRY
3	224	246	-3.874210323798229	DESCRIPTIVE_ONLY_OBSERVER_SCALE_GEOMETRY
3	225	246	-3.2530289501454175	DESCRIPTIVE_ONLY_OBSERVER_SCALE_GEOMETRY
3	226	246	-3.5953469400499425	DESCRIPTIVE_ONLY_OBSERVER_SCALE_GEOMETRY
3	227	246	-3.3522708082542207	DESCRIPTIVE_ONLY_OBSERVER_SCALE_GEOMETRY
3	228	246	-3.350160740946298	DESCRIPTIVE_ONLY_OBSERVER_SCALE_GEOMETRY
3	229	246	-3.558442864592636	DESCRIPTIVE_ONLY_OBSERVER_SCALE_GEOMETRY
3	230	246	-3.4010452093110537	DESCRIPTIVE_ONLY_OBSERVER_SCALE_GEOMETRY
3	231	246	-3.4147281625680583	DESCRIPTIVE_ONLY_OBSERVER_SCALE_GEOMETRY
3	232	246	-3.5385094221369826	DESCRIPTIVE_ONLY_OBSERVER_SCALE_GEOMETRY
3	233	246	-3.365640688706383	DESCRIPTIVE_ONLY_OBSERVER_SCALE_GEOMETRY
3	234	246	-3.6089692221636422	DESCRIPTIVE_ONLY_OBSERVER_SCALE_GEOMETRY
3	235	246	-3.5245067097136853	DESCRIPTIVE_ONLY_OBSERVER_SCALE_GEOMETRY
3	236	246	-3.355143771929768	DESCRIPTIVE_ONLY_OBSERVER_SCALE_GEOMETRY
3	237	246	-3.380017281587378	DESCRIPTIVE_ONLY_OBSERVER_SCALE_GEOMETRY
3	238	246	-3.576844241784434	DESCRIPTIVE_ONLY_OBSERVER_SCALE_GEOMETRY
3	239	246	-3.4059753086490305	DESCRIPTIVE_ONLY_OBSERVER_SCALE_GEOMETRY
3	240	246	-3.415716737704322	DESCRIPTIVE_ONLY_OBSERVER_SCALE_GEOMETRY
3	241	246	-1.8330703816605332	DESCRIPTIVE_ONLY_OBSERVER_SCALE_GEOMETRY
3	242	246	-4.662103286715879	DESCRIPTIVE_ONLY_OBSERVER_SCALE_GEOMETRY
3	243	246	-4.257535769206386	DESCRIPTIVE_ONLY_OBSERVER_SCALE_GEOMETRY
3	244	246	-2.753831641385686	DESCRIPTIVE_ONLY_OBSERVER_SCALE_GEOMETRY
3	245	246	-3.6457707150308765	DESCRIPTIVE_ONLY_OBSERVER_SCALE_GEOMETRY
3	246	246	-3.7076631464420173	DESCRIPTIVE_ONLY_OBSERVER_SCALE_GEOMETRY
3	247	246	-3.262409418017888	DESCRIPTIVE_ONLY_OBSERVER_SCALE_GEOMETRY
3	248	246	-3.543501147282394	DESCRIPTIVE_ONLY_OBSERVER_SCALE_GEOMETRY
3	249	246	-3.4988512592619068	DESCRIPTIVE_ONLY_OBSERVER_SCALE_GEOMETRY
3	250	246	-3.268134986432825	DESCRIPTIVE_ONLY_OBSERVER_SCALE_GEOMETRY
3	251	246	-3.5143847987509984	DESCRIPTIVE_ONLY_OBSERVER_SCALE_GEOMETRY
3	252	246	-3.4886045591656094	DESCRIPTIVE_ONLY_OBSERVER_SCALE_GEOMETRY
3	253	246	-3.4501442327924376	DESCRIPTIVE_ONLY_OBSERVER_SCALE_GEOMETRY
3	254	246	-3.392972739780078	DESCRIPTIVE_ONLY_OBSERVER_SCALE_GEOMETRY
3	255	246	-3.5413859195832313	DESCRIPTIVE_ONLY_OBSERVER_SCALE_GEOMETRY
3	256	246	-3.3827432576423693	DESCRIPTIVE_ONLY_OBSERVER_SCALE_GEOMETRY
3	257	246	-3.4548534922751464	DESCRIPTIVE_ONLY_OBSERVER_SCALE_GEOMETRY
3	258	246	-2.7975449735101634	DESCRIPTIVE_ONLY_OBSERVER_SCALE_GEOMETRY
3	259	246	-4.243202318199365	DESCRIPTIVE_ONLY_OBSERVER_SCALE_GEOMETRY
3	260	246	-5.7342365054611415	DESCRIPTIVE_ONLY_OBSERVER_SCALE_GEOMETRY
3	261	246	-0.25465469523554	DESCRIPTIVE_ONLY_OBSERVER_SCALE_GEOMETRY
3	262	246	-4.091614193450128	DESCRIPTIVE_ONLY_OBSERVER_SCALE_GEOMETRY
3	263	245	-3.2044625539507217	DESCRIPTIVE_ONLY_OBSERVER_SCALE_GEOMETRY
3	264	245	-3.5091715271738306	DESCRIPTIVE_ONLY_OBSERVER_SCALE_GEOMETRY
3	265	245	-3.61756396615057	DESCRIPTIVE_ONLY_OBSERVER_SCALE_GEOMETRY
3	266	245	-3.5058853520516133	DESCRIPTIVE_ONLY_OBSERVER_SCALE_GEOMETRY
3	267	245	-3.332956929075087	DESCRIPTIVE_ONLY_OBSERVER_SCALE_GEOMETRY
3	268	245	-3.502369061461585	DESCRIPTIVE_ONLY_OBSERVER_SCALE_GEOMETRY
3	269	245	-3.3283350052266973	DESCRIPTIVE_ONLY_OBSERVER_SCALE_GEOMETRY
3	270	245	-3.4948269759147244	DESCRIPTIVE_ONLY_OBSERVER_SCALE_GEOMETRY
3	271	245	-3.354037680827143	DESCRIPTIVE_ONLY_OBSERVER_SCALE_GEOMETRY
3	272	245	-3.4914872649487947	DESCRIPTIVE_ONLY_OBSERVER_SCALE_GEOMETRY
3	273	245	-3.4728998797138675	DESCRIPTIVE_ONLY_OBSERVER_SCALE_GEOMETRY
3	274	245	-3.273936203482485	DESCRIPTIVE_ONLY_OBSERVER_SCALE_GEOMETRY
3	275	244	-3.575739370335397	DESCRIPTIVE_ONLY_OBSERVER_SCALE_GEOMETRY
3	276	244	-3.266866632568588	DESCRIPTIVE_ONLY_OBSERVER_SCALE_GEOMETRY
3	277	243	-2.9173902911446277	DESCRIPTIVE_ONLY_OBSERVER_SCALE_GEOMETRY
3	278	243	-3.891544172602993	DESCRIPTIVE_ONLY_OBSERVER_SCALE_GEOMETRY
3	279	242	-3.5553577240060847	DESCRIPTIVE_ONLY_OBSERVER_SCALE_GEOMETRY
3	280	242	-9.639642144219428	DESCRIPTIVE_ONLY_OBSERVER_SCALE_GEOMETRY
3	281	242	-6.646246712009102	DESCRIPTIVE_ONLY_OBSERVER_SCALE_GEOMETRY
3	282	242	-6.288136652240722	DESCRIPTIVE_ONLY_OBSERVER_SCALE_GEOMETRY
3	283	242	-6.694063829250113	DESCRIPTIVE_ONLY_OBSERVER_SCALE_GEOMETRY
3	284	242	-6.412457706482978	DESCRIPTIVE_ONLY_OBSERVER_SCALE_GEOMETRY
3	285	242	-6.612951769329033	DESCRIPTIVE_ONLY_OBSERVER_SCALE_GEOMETRY
3	286	242	-6.413597734587338	DESCRIPTIVE_ONLY_OBSERVER_SCALE_GEOMETRY
3	287	242	-6.47981213024973	DESCRIPTIVE_ONLY_OBSERVER_SCALE_GEOMETRY
3	288	242	-6.461182848333826	DESCRIPTIVE_ONLY_OBSERVER_SCALE_GEOMETRY
3	289	242	-6.562960708741226	DESCRIPTIVE_ONLY_OBSERVER_SCALE_GEOMETRY
3	290	242	-6.467456437621865	DESCRIPTIVE_ONLY_OBSERVER_SCALE_GEOMETRY
3	291	242	-6.560860390965393	DESCRIPTIVE_ONLY_OBSERVER_SCALE_GEOMETRY
3	292	242	-6.437553883492806	DESCRIPTIVE_ONLY_OBSERVER_SCALE_GEOMETRY
3	293	242	-6.537501653985623	DESCRIPTIVE_ONLY_OBSERVER_SCALE_GEOMETRY
3	294	242	-6.5089142978877605	DESCRIPTIVE_ONLY_OBSERVER_SCALE_GEOMETRY
3	295	242	-6.549081796915296	DESCRIPTIVE_ONLY_OBSERVER_SCALE_GEOMETRY
3	296	242	-6.434908789114374	DESCRIPTIVE_ONLY_OBSERVER_SCALE_GEOMETRY
3	297	242	-6.4019599689443325	DESCRIPTIVE_ONLY_OBSERVER_SCALE_GEOMETRY
3	298	242	-6.690027954870578	DESCRIPTIVE_ONLY_OBSERVER_SCALE_GEOMETRY
3	299	242	-6.441839220665371	DESCRIPTIVE_ONLY_OBSERVER_SCALE_GEOMETRY
3	300	242	-6.548940405077205	DESCRIPTIVE_ONLY_OBSERVER_SCALE_GEOMETRY
3	301	242	-7.677826882917785	DESCRIPTIVE_ONLY_OBSERVER_SCALE_GEOMETRY
3	302	242	-5.468335231912074	DESCRIPTIVE_ONLY_OBSERVER_SCALE_GEOMETRY
3	303	242	-6.362576030500849	DESCRIPTIVE_ONLY_OBSERVER_SCALE_GEOMETRY
3	304	242	-6.580783842214848	DESCRIPTIVE_ONLY_OBSERVER_SCALE_GEOMETRY
3	305	242	-6.535335336764335	DESCRIPTIVE_ONLY_OBSERVER_SCALE_GEOMETRY
3	306	242	-6.529255242548924	DESCRIPTIVE_ONLY_OBSERVER_SCALE_GEOMETRY
3	307	242	-6.44656778263859	DESCRIPTIVE_ONLY_OBSERVER_SCALE_GEOMETRY
3	308	241	-6.723411748483397	DESCRIPTIVE_ONLY_OBSERVER_SCALE_GEOMETRY
3	309	241	-6.414425285449932	DESCRIPTIVE_ONLY_OBSERVER_SCALE_GEOMETRY
3	310	241	-6.645035463385971	DESCRIPTIVE_ONLY_OBSERVER_SCALE_GEOMETRY
3	311	241	-6.575096781160478	DESCRIPTIVE_ONLY_OBSERVER_SCALE_GEOMETRY
3	312	241	-6.551958502474078	DESCRIPTIVE_ONLY_OBSERVER_SCALE_GEOMETRY
3	313	241	-6.534720581338708	DESCRIPTIVE_ONLY_OBSERVER_SCALE_GEOMETRY
3	314	241	-6.576349408637956	DESCRIPTIVE_ONLY_OBSERVER_SCALE_GEOMETRY
3	315	241	-6.5293875144405575	DESCRIPTIVE_ONLY_OBSERVER_SCALE_GEOMETRY
3	316	241	-6.5945431348645345	DESCRIPTIVE_ONLY_OBSERVER_SCALE_GEOMETRY
3	317	240	-6.694308707389263	DESCRIPTIVE_ONLY_OBSERVER_SCALE_GEOMETRY
3	318	240	-4.260520654132153	DESCRIPTIVE_ONLY_OBSERVER_SCALE_GEOMETRY
3	319	240	-17.868758611642075	DESCRIPTIVE_ONLY_OBSERVER_SCALE_GEOMETRY
3	320	240	0.12495816964505013	DESCRIPTIVE_ONLY_OBSERVER_SCALE_GEOMETRY
3	321	240	-4.308753834268799	DESCRIPTIVE_ONLY_OBSERVER_SCALE_GEOMETRY
3	322	239	-6.4438236040971395	DESCRIPTIVE_ONLY_OBSERVER_SCALE_GEOMETRY
3	323	239	-6.90144779096036	DESCRIPTIVE_ONLY_OBSERVER_SCALE_GEOMETRY
3	324	239	-6.766099553968385	DESCRIPTIVE_ONLY_OBSERVER_SCALE_GEOMETRY
3	325	239	-6.727593156598278	DESCRIPTIVE_ONLY_OBSERVER_SCALE_GEOMETRY
3	326	239	-6.60382689242896	DESCRIPTIVE_ONLY_OBSERVER_SCALE_GEOMETRY
3	327	239	-6.753313780361471	DESCRIPTIVE_ONLY_OBSERVER_SCALE_GEOMETRY
3	328	239	-6.589429178685309	DESCRIPTIVE_ONLY_OBSERVER_SCALE_GEOMETRY
3	329	239	-6.691217408581957	DESCRIPTIVE_ONLY_OBSERVER_SCALE_GEOMETRY
3	330	239	-6.723747476374202	DESCRIPTIVE_ONLY_OBSERVER_SCALE_GEOMETRY
3	331	239	-6.598015923184927	DESCRIPTIVE_ONLY_OBSERVER_SCALE_GEOMETRY
3	332	239	-6.679882580670959	DESCRIPTIVE_ONLY_OBSERVER_SCALE_GEOMETRY
3	333	239	-6.756822647948922	DESCRIPTIVE_ONLY_OBSERVER_SCALE_GEOMETRY
3	334	239	-6.637906518060233	DESCRIPTIVE_ONLY_OBSERVER_SCALE_GEOMETRY
3	335	239	-6.728701266079576	DESCRIPTIVE_ONLY_OBSERVER_SCALE_GEOMETRY
3	336	238	-6.668533122807952	DESCRIPTIVE_ONLY_OBSERVER_SCALE_GEOMETRY
3	337	237	-5.895455440114703	DESCRIPTIVE_ONLY_OBSERVER_SCALE_GEOMETRY
3	338	237	-7.588925229718222	DESCRIPTIVE_ONLY_OBSERVER_SCALE_GEOMETRY
3	339	237	-6.728733480214554	DESCRIPTIVE_ONLY_OBSERVER_SCALE_GEOMETRY
3	340	237	-4.462765650570459	DESCRIPTIVE_ONLY_OBSERVER_SCALE_GEOMETRY
3	341	237	-5.4223055041408195	DESCRIPTIVE_ONLY_OBSERVER_SCALE_GEOMETRY
3	342	237	-5.568003678076783	DESCRIPTIVE_ONLY_OBSERVER_SCALE_GEOMETRY
3	343	237	-5.635046461931188	DESCRIPTIVE_ONLY_OBSERVER_SCALE_GEOMETRY
3	344	237	-5.520736015268457	DESCRIPTIVE_ONLY_OBSERVER_SCALE_GEOMETRY
3	345	237	-5.494174974352705	DESCRIPTIVE_ONLY_OBSERVER_SCALE_GEOMETRY
3	346	237	-5.661804251186502	DESCRIPTIVE_ONLY_OBSERVER_SCALE_GEOMETRY
3	347	237	-5.445318599613023	DESCRIPTIVE_ONLY_OBSERVER_SCALE_GEOMETRY
3	348	237	-5.685054378991301	DESCRIPTIVE_ONLY_OBSERVER_SCALE_GEOMETRY
3	349	237	-5.438248541611124	DESCRIPTIVE_ONLY_OBSERVER_SCALE_GEOMETRY
3	350	237	-5.627164576049562	DESCRIPTIVE_ONLY_OBSERVER_SCALE_GEOMETRY
3	351	237	-5.542992995589418	DESCRIPTIVE_ONLY_OBSERVER_SCALE_GEOMETRY
3	352	237	-5.58693707139835	DESCRIPTIVE_ONLY_OBSERVER_SCALE_GEOMETRY
3	353	237	-5.4623646324461745	DESCRIPTIVE_ONLY_OBSERVER_SCALE_GEOMETRY
3	354	237	-5.579053773552603	DESCRIPTIVE_ONLY_OBSERVER_SCALE_GEOMETRY
3	355	237	-5.61010041505664	DESCRIPTIVE_ONLY_OBSERVER_SCALE_GEOMETRY
3	356	237	-5.503617534046199	DESCRIPTIVE_ONLY_OBSERVER_SCALE_GEOMETRY
3	357	237	-5.509662062469487	DESCRIPTIVE_ONLY_OBSERVER_SCALE_GEOMETRY
3	358	237	-5.4824514940521825	DESCRIPTIVE_ONLY_OBSERVER_SCALE_GEOMETRY
3	359	237	-5.506367884041664	DESCRIPTIVE_ONLY_OBSERVER_SCALE_GEOMETRY
3	360	236	-5.600903911116976	DESCRIPTIVE_ONLY_OBSERVER_SCALE_GEOMETRY
3	361	236	-4.75129099475824	DESCRIPTIVE_ONLY_OBSERVER_SCALE_GEOMETRY
3	362	236	-6.677254336095751	DESCRIPTIVE_ONLY_OBSERVER_SCALE_GEOMETRY
3	363	236	-5.2176958534677365	DESCRIPTIVE_ONLY_OBSERVER_SCALE_GEOMETRY
3	364	236	-5.045519561569665	DESCRIPTIVE_ONLY_OBSERVER_SCALE_GEOMETRY
3	365	236	-6.048638106876159	DESCRIPTIVE_ONLY_OBSERVER_SCALE_GEOMETRY
3	366	236	-5.52479035242619	DESCRIPTIVE_ONLY_OBSERVER_SCALE_GEOMETRY
3	367	236	-5.438572420217796	DESCRIPTIVE_ONLY_OBSERVER_SCALE_GEOMETRY
3	368	236	-5.593444594510084	DESCRIPTIVE_ONLY_OBSERVER_SCALE_GEOMETRY
3	369	236	-5.6747713334537675	DESCRIPTIVE_ONLY_OBSERVER_SCALE_GEOMETRY
3	370	235	-5.388512700340386	DESCRIPTIVE_ONLY_OBSERVER_SCALE_GEOMETRY
3	371	235	-5.690080917670471	DESCRIPTIVE_ONLY_OBSERVER_SCALE_GEOMETRY
3	372	235	-5.496150138717252	DESCRIPTIVE_ONLY_OBSERVER_SCALE_GEOMETRY
3	373	235	-5.716881094294344	DESCRIPTIVE_ONLY_OBSERVER_SCALE_GEOMETRY
3	374	235	-5.39335289101273	DESCRIPTIVE_ONLY_OBSERVER_SCALE_GEOMETRY
3	375	235	-5.62848487441391	DESCRIPTIVE_ONLY_OBSERVER_SCALE_GEOMETRY
3	376	235	-5.594436380037118	DESCRIPTIVE_ONLY_OBSERVER_SCALE_GEOMETRY
3	377	235	-5.515409240447231	DESCRIPTIVE_ONLY_OBSERVER_SCALE_GEOMETRY
3	378	235	-5.461532491590563	DESCRIPTIVE_ONLY_OBSERVER_SCALE_GEOMETRY
3	379	235	-5.552355047626355	DESCRIPTIVE_ONLY_OBSERVER_SCALE_GEOMETRY
3	380	235	-1.683195483679226	DESCRIPTIVE_ONLY_OBSERVER_SCALE_GEOMETRY
3	381	235	-9.545324411887767	DESCRIPTIVE_ONLY_OBSERVER_SCALE_GEOMETRY
3	382	235	-5.493567227933087	DESCRIPTIVE_ONLY_OBSERVER_SCALE_GEOMETRY
3	383	235	-5.730532479160433	DESCRIPTIVE_ONLY_OBSERVER_SCALE_GEOMETRY
3	384	235	-5.432450879441747	DESCRIPTIVE_ONLY_OBSERVER_SCALE_GEOMETRY
3	385	235	-5.5819682394068595	DESCRIPTIVE_ONLY_OBSERVER_SCALE_GEOMETRY
3	386	235	-5.532128333384647	DESCRIPTIVE_ONLY_OBSERVER_SCALE_GEOMETRY
4	1	257	-3.792402009087567	DESCRIPTIVE_ONLY_OBSERVER_SCALE_GEOMETRY
4	2	257	-0.6610195329861147	DESCRIPTIVE_ONLY_OBSERVER_SCALE_GEOMETRY
4	3	257	-0.7269656713714969	DESCRIPTIVE_ONLY_OBSERVER_SCALE_GEOMETRY
4	4	257	-0.7919387415410597	DESCRIPTIVE_ONLY_OBSERVER_SCALE_GEOMETRY
4	5	257	-0.7903283896711222	DESCRIPTIVE_ONLY_OBSERVER_SCALE_GEOMETRY
4	6	257	-0.7723156419989712	DESCRIPTIVE_ONLY_OBSERVER_SCALE_GEOMETRY
4	7	257	-0.8014820762016025	DESCRIPTIVE_ONLY_OBSERVER_SCALE_GEOMETRY
4	8	257	-0.7876895484079948	DESCRIPTIVE_ONLY_OBSERVER_SCALE_GEOMETRY
4	9	257	-0.7405584357523933	DESCRIPTIVE_ONLY_OBSERVER_SCALE_GEOMETRY
4	10	257	-0.7877829346939533	DESCRIPTIVE_ONLY_OBSERVER_SCALE_GEOMETRY
4	11	257	-0.748178170176688	DESCRIPTIVE_ONLY_OBSERVER_SCALE_GEOMETRY
4	12	257	-0.7946420519906333	DESCRIPTIVE_ONLY_OBSERVER_SCALE_GEOMETRY
4	13	257	-0.753884203946071	DESCRIPTIVE_ONLY_OBSERVER_SCALE_GEOMETRY
4	14	257	-0.7621136339280717	DESCRIPTIVE_ONLY_OBSERVER_SCALE_GEOMETRY
4	15	257	-1.0642675953002385	DESCRIPTIVE_ONLY_OBSERVER_SCALE_GEOMETRY
4	16	257	-0.1525525446164652	DESCRIPTIVE_ONLY_OBSERVER_SCALE_GEOMETRY
4	17	257	-1.3169001751974558	DESCRIPTIVE_ONLY_OBSERVER_SCALE_GEOMETRY
4	18	257	0.5949003828892815	DESCRIPTIVE_ONLY_OBSERVER_SCALE_GEOMETRY
4	19	257	2.717520497732102	DESCRIPTIVE_ONLY_OBSERVER_SCALE_GEOMETRY
4	20	257	-2.613976706163403	DESCRIPTIVE_ONLY_OBSERVER_SCALE_GEOMETRY
4	21	257	-0.21579829855263966	DESCRIPTIVE_ONLY_OBSERVER_SCALE_GEOMETRY
4	22	257	-0.07698767884637275	DESCRIPTIVE_ONLY_OBSERVER_SCALE_GEOMETRY
4	23	257	-0.18594620501392126	DESCRIPTIVE_ONLY_OBSERVER_SCALE_GEOMETRY
4	24	257	-0.07758058321503065	DESCRIPTIVE_ONLY_OBSERVER_SCALE_GEOMETRY
4	25	257	-0.1874602027663483	DESCRIPTIVE_ONLY_OBSERVER_SCALE_GEOMETRY
4	26	257	-0.20711114297397668	DESCRIPTIVE_ONLY_OBSERVER_SCALE_GEOMETRY
4	27	257	-0.206811015417655	DESCRIPTIVE_ONLY_OBSERVER_SCALE_GEOMETRY
4	28	257	-0.18559827285951266	DESCRIPTIVE_ONLY_OBSERVER_SCALE_GEOMETRY
4	29	257	-0.11985345454026751	DESCRIPTIVE_ONLY_OBSERVER_SCALE_GEOMETRY
4	30	256	-0.22161050230385346	DESCRIPTIVE_ONLY_OBSERVER_SCALE_GEOMETRY
4	31	256	-0.177616053155216	DESCRIPTIVE_ONLY_OBSERVER_SCALE_GEOMETRY
4	32	255	-0.160360459700746	DESCRIPTIVE_ONLY_OBSERVER_SCALE_GEOMETRY
4	33	255	-0.3015183493151161	DESCRIPTIVE_ONLY_OBSERVER_SCALE_GEOMETRY
4	34	255	-0.12041615593573528	DESCRIPTIVE_ONLY_OBSERVER_SCALE_GEOMETRY
4	35	255	-0.18024432481077887	DESCRIPTIVE_ONLY_OBSERVER_SCALE_GEOMETRY
4	36	255	2.780348401460008	DESCRIPTIVE_ONLY_OBSERVER_SCALE_GEOMETRY
4	37	255	-3.2043563985997943	DESCRIPTIVE_ONLY_OBSERVER_SCALE_GEOMETRY
4	38	255	-0.0984374658838616	DESCRIPTIVE_ONLY_OBSERVER_SCALE_GEOMETRY
4	39	255	-0.15584449756101248	DESCRIPTIVE_ONLY_OBSERVER_SCALE_GEOMETRY
4	40	255	-2.731496012569934	DESCRIPTIVE_ONLY_OBSERVER_SCALE_GEOMETRY
4	41	255	-2.1191991206338825	DESCRIPTIVE_ONLY_OBSERVER_SCALE_GEOMETRY
4	42	255	6.100902566086966	DESCRIPTIVE_ONLY_OBSERVER_SCALE_GEOMETRY
4	43	255	-9.63161921725664	DESCRIPTIVE_ONLY_OBSERVER_SCALE_GEOMETRY
4	44	255	-3.9966802086960107	DESCRIPTIVE_ONLY_OBSERVER_SCALE_GEOMETRY
4	45	255	-3.3563964506314545	DESCRIPTIVE_ONLY_OBSERVER_SCALE_GEOMETRY
4	46	255	-3.6873549074974314	DESCRIPTIVE_ONLY_OBSERVER_SCALE_GEOMETRY
4	47	255	-3.212707690171006	DESCRIPTIVE_ONLY_OBSERVER_SCALE_GEOMETRY
4	48	254	-3.517980757603151	DESCRIPTIVE_ONLY_OBSERVER_SCALE_GEOMETRY
4	49	254	-3.7239002623969317	DESCRIPTIVE_ONLY_OBSERVER_SCALE_GEOMETRY
4	50	254	-3.6240105736168844	DESCRIPTIVE_ONLY_OBSERVER_SCALE_GEOMETRY
4	51	254	-3.629115413838256	DESCRIPTIVE_ONLY_OBSERVER_SCALE_GEOMETRY
4	52	254	-3.6678957517738	DESCRIPTIVE_ONLY_OBSERVER_SCALE_GEOMETRY
4	53	254	-3.721315419635743	DESCRIPTIVE_ONLY_OBSERVER_SCALE_GEOMETRY
4	54	254	-3.5384674556840783	DESCRIPTIVE_ONLY_OBSERVER_SCALE_GEOMETRY
4	55	254	-3.593734563267148	DESCRIPTIVE_ONLY_OBSERVER_SCALE_GEOMETRY
4	56	254	-3.659652351022852	DESCRIPTIVE_ONLY_OBSERVER_SCALE_GEOMETRY
4	57	254	-3.637445417433068	DESCRIPTIVE_ONLY_OBSERVER_SCALE_GEOMETRY
4	58	254	-3.5294361136330314	DESCRIPTIVE_ONLY_OBSERVER_SCALE_GEOMETRY
4	59	254	-3.676666051954047	DESCRIPTIVE_ONLY_OBSERVER_SCALE_GEOMETRY
4	60	254	-3.5538560853121686	DESCRIPTIVE_ONLY_OBSERVER_SCALE_GEOMETRY
4	61	253	-2.250282142429438	DESCRIPTIVE_ONLY_OBSERVER_SCALE_GEOMETRY
4	62	253	-2.1309711274983596	DESCRIPTIVE_ONLY_OBSERVER_SCALE_GEOMETRY
4	63	253	-2.6268564733307045	DESCRIPTIVE_ONLY_OBSERVER_SCALE_GEOMETRY
4	64	253	-2.505049981809838	DESCRIPTIVE_ONLY_OBSERVER_SCALE_GEOMETRY
4	65	253	-2.6064333539328044	DESCRIPTIVE_ONLY_OBSERVER_SCALE_GEOMETRY
4	66	253	-2.4861294690899514	DESCRIPTIVE_ONLY_OBSERVER_SCALE_GEOMETRY
4	67	253	-2.6302960998793914	DESCRIPTIVE_ONLY_OBSERVER_SCALE_GEOMETRY
4	68	253	-2.4504448072413676	DESCRIPTIVE_ONLY_OBSERVER_SCALE_GEOMETRY
4	69	253	-2.6373133387225476	DESCRIPTIVE_ONLY_OBSERVER_SCALE_GEOMETRY
4	70	253	-2.5097548175266486	DESCRIPTIVE_ONLY_OBSERVER_SCALE_GEOMETRY
4	71	253	-2.5968893451240165	DESCRIPTIVE_ONLY_OBSERVER_SCALE_GEOMETRY
4	72	253	-2.631204463449924	DESCRIPTIVE_ONLY_OBSERVER_SCALE_GEOMETRY
4	73	253	-2.5236395468836434	DESCRIPTIVE_ONLY_OBSERVER_SCALE_GEOMETRY
4	74	253	-2.494401066200353	DESCRIPTIVE_ONLY_OBSERVER_SCALE_GEOMETRY
4	75	253	-2.506332774604003	DESCRIPTIVE_ONLY_OBSERVER_SCALE_GEOMETRY
4	76	253	-2.6536275567993046	DESCRIPTIVE_ONLY_OBSERVER_SCALE_GEOMETRY
4	77	253	-3.8210602538961993	DESCRIPTIVE_ONLY_OBSERVER_SCALE_GEOMETRY
4	78	253	0.49764917552028876	DESCRIPTIVE_ONLY_OBSERVER_SCALE_GEOMETRY
4	79	253	-7.805970664350511	DESCRIPTIVE_ONLY_OBSERVER_SCALE_GEOMETRY
4	80	252	0.030750904172989292	DESCRIPTIVE_ONLY_OBSERVER_SCALE_GEOMETRY
4	81	252	-1.5535693724770834	DESCRIPTIVE_ONLY_OBSERVER_SCALE_GEOMETRY
4	82	252	-2.535827367315841	DESCRIPTIVE_ONLY_OBSERVER_SCALE_GEOMETRY
4	83	252	-2.594167593605812	DESCRIPTIVE_ONLY_OBSERVER_SCALE_GEOMETRY
4	84	252	-2.4834100376063906	DESCRIPTIVE_ONLY_OBSERVER_SCALE_GEOMETRY
4	85	252	-2.6297766387934756	DESCRIPTIVE_ONLY_OBSERVER_SCALE_GEOMETRY
4	86	252	-2.5446087400168738	DESCRIPTIVE_ONLY_OBSERVER_SCALE_GEOMETRY
4	87	252	-2.6136816078807557	DESCRIPTIVE_ONLY_OBSERVER_SCALE_GEOMETRY
4	88	252	-2.624413725799565	DESCRIPTIVE_ONLY_OBSERVER_SCALE_GEOMETRY
4	89	252	-2.475967837788006	DESCRIPTIVE_ONLY_OBSERVER_SCALE_GEOMETRY
4	90	252	-2.6436735582340893	DESCRIPTIVE_ONLY_OBSERVER_SCALE_GEOMETRY
4	91	252	-2.5792204859430603	DESCRIPTIVE_ONLY_OBSERVER_SCALE_GEOMETRY
4	92	252	-2.5219180907387346	DESCRIPTIVE_ONLY_OBSERVER_SCALE_GEOMETRY
4	93	252	-2.6138014287666875	DESCRIPTIVE_ONLY_OBSERVER_SCALE_GEOMETRY
4	94	252	-2.5239511806349784	DESCRIPTIVE_ONLY_OBSERVER_SCALE_GEOMETRY
4	95	252	-2.476413447637169	DESCRIPTIVE_ONLY_OBSERVER_SCALE_GEOMETRY
4	96	252	-2.5975851201781035	DESCRIPTIVE_ONLY_OBSERVER_SCALE_GEOMETRY
4	97	252	-2.4888327685397247	DESCRIPTIVE_ONLY_OBSERVER_SCALE_GEOMETRY
4	98	252	-2.5199144125146	DESCRIPTIVE_ONLY_OBSERVER_SCALE_GEOMETRY
4	99	252	-2.5744181165443982	DESCRIPTIVE_ONLY_OBSERVER_SCALE_GEOMETRY
4	100	252	1.382272939261622	DESCRIPTIVE_ONLY_OBSERVER_SCALE_GEOMETRY
4	101	252	1.3542863833853012	DESCRIPTIVE_ONLY_OBSERVER_SCALE_GEOMETRY
4	102	252	1.2383958456033966	DESCRIPTIVE_ONLY_OBSERVER_SCALE_GEOMETRY
4	103	252	3.2886459588047754	DESCRIPTIVE_ONLY_OBSERVER_SCALE_GEOMETRY
4	104	252	-0.5716474823035418	DESCRIPTIVE_ONLY_OBSERVER_SCALE_GEOMETRY
4	105	252	1.3733637580992017	DESCRIPTIVE_ONLY_OBSERVER_SCALE_GEOMETRY
4	106	252	1.2333597977632824	DESCRIPTIVE_ONLY_OBSERVER_SCALE_GEOMETRY
4	107	252	1.2592797673552139	DESCRIPTIVE_ONLY_OBSERVER_SCALE_GEOMETRY
4	108	252	1.4155838690034335	DESCRIPTIVE_ONLY_OBSERVER_SCALE_GEOMETRY
4	109	252	1.2743293743831057	DESCRIPTIVE_ONLY_OBSERVER_SCALE_GEOMETRY
4	110	252	1.2737354715924631	DESCRIPTIVE_ONLY_OBSERVER_SCALE_GEOMETRY
4	111	252	1.3731442151706372	DESCRIPTIVE_ONLY_OBSERVER_SCALE_GEOMETRY
4	112	252	1.3344314817326242	DESCRIPTIVE_ONLY_OBSERVER_SCALE_GEOMETRY
4	113	252	1.3199600311004438	DESCRIPTIVE_ONLY_OBSERVER_SCALE_GEOMETRY
4	114	252	1.2803042167466947	DESCRIPTIVE_ONLY_OBSERVER_SCALE_GEOMETRY
4	115	252	1.3763024690176469	DESCRIPTIVE_ONLY_OBSERVER_SCALE_GEOMETRY
4	116	252	1.3560540394376575	DESCRIPTIVE_ONLY_OBSERVER_SCALE_GEOMETRY
4	117	252	1.178507389172393	DESCRIPTIVE_ONLY_OBSERVER_SCALE_GEOMETRY
4	118	252	1.3300883471033753	DESCRIPTIVE_ONLY_OBSERVER_SCALE_GEOMETRY
4	119	252	1.4017591259384545	DESCRIPTIVE_ONLY_OBSERVER_SCALE_GEOMETRY
4	120	252	1.190860231876031	DESCRIPTIVE_ONLY_OBSERVER_SCALE_GEOMETRY
4	121	252	-2.5651286835931977	DESCRIPTIVE_ONLY_OBSERVER_SCALE_GEOMETRY
4	122	252	-0.6445715055812418	DESCRIPTIVE_ONLY_OBSERVER_SCALE_GEOMETRY
4	123	252	-0.6669874105120698	DESCRIPTIVE_ONLY_OBSERVER_SCALE_GEOMETRY
4	124	252	-0.5579491694907007	DESCRIPTIVE_ONLY_OBSERVER_SCALE_GEOMETRY
4	125	252	-0.7593978189092786	DESCRIPTIVE_ONLY_OBSERVER_SCALE_GEOMETRY
4	126	251	-0.5907902256283503	DESCRIPTIVE_ONLY_OBSERVER_SCALE_GEOMETRY
4	127	251	-0.6842349701626269	DESCRIPTIVE_ONLY_OBSERVER_SCALE_GEOMETRY
4	128	251	-0.6121290550932822	DESCRIPTIVE_ONLY_OBSERVER_SCALE_GEOMETRY
4	129	251	-0.7063016120369303	DESCRIPTIVE_ONLY_OBSERVER_SCALE_GEOMETRY
4	130	251	-0.6731680174657606	DESCRIPTIVE_ONLY_OBSERVER_SCALE_GEOMETRY
4	131	251	-0.5996401390915779	DESCRIPTIVE_ONLY_OBSERVER_SCALE_GEOMETRY
4	132	251	-0.8244293961034379	DESCRIPTIVE_ONLY_OBSERVER_SCALE_GEOMETRY
4	133	251	-0.6310147009908649	DESCRIPTIVE_ONLY_OBSERVER_SCALE_GEOMETRY
4	134	251	-0.6742970898050816	DESCRIPTIVE_ONLY_OBSERVER_SCALE_GEOMETRY
4	135	250	-0.6453197964473774	DESCRIPTIVE_ONLY_OBSERVER_SCALE_GEOMETRY
4	136	250	-0.6332987484062753	DESCRIPTIVE_ONLY_OBSERVER_SCALE_GEOMETRY
4	137	250	-0.20074939102901826	DESCRIPTIVE_ONLY_OBSERVER_SCALE_GEOMETRY
4	138	250	1.6566182395165856	DESCRIPTIVE_ONLY_OBSERVER_SCALE_GEOMETRY
4	139	250	3.036725158392909	DESCRIPTIVE_ONLY_OBSERVER_SCALE_GEOMETRY
4	140	250	-1.4536301127781392	DESCRIPTIVE_ONLY_OBSERVER_SCALE_GEOMETRY
4	141	250	0.5488972201779062	DESCRIPTIVE_ONLY_OBSERVER_SCALE_GEOMETRY
4	142	250	0.6138526665536038	DESCRIPTIVE_ONLY_OBSERVER_SCALE_GEOMETRY
4	143	250	0.7833272872509834	DESCRIPTIVE_ONLY_OBSERVER_SCALE_GEOMETRY
4	144	250	0.767082348852547	DESCRIPTIVE_ONLY_OBSERVER_SCALE_GEOMETRY
4	145	250	0.4812180592607719	DESCRIPTIVE_ONLY_OBSERVER_SCALE_GEOMETRY
4	146	250	1.0402854514994664	DESCRIPTIVE_ONLY_OBSERVER_SCALE_GEOMETRY
4	147	249	0.5856001426030741	DESCRIPTIVE_ONLY_OBSERVER_SCALE_GEOMETRY
4	148	249	0.33064211256491705	DESCRIPTIVE_ONLY_OBSERVER_SCALE_GEOMETRY
4	149	249	0.7818037046661486	DESCRIPTIVE_ONLY_OBSERVER_SCALE_GEOMETRY
4	150	249	0.7302124338314632	DESCRIPTIVE_ONLY_OBSERVER_SCALE_GEOMETRY
4	151	249	0.7095985397088644	DESCRIPTIVE_ONLY_OBSERVER_SCALE_GEOMETRY
4	152	249	0.6119085106813303	DESCRIPTIVE_ONLY_OBSERVER_SCALE_GEOMETRY
4	153	249	0.7241526783894782	DESCRIPTIVE_ONLY_OBSERVER_SCALE_GEOMETRY
4	154	249	0.6511416380969153	DESCRIPTIVE_ONLY_OBSERVER_SCALE_GEOMETRY
4	155	249	0.6931100900141096	DESCRIPTIVE_ONLY_OBSERVER_SCALE_GEOMETRY
4	156	249	1.7976931757702166	DESCRIPTIVE_ONLY_OBSERVER_SCALE_GEOMETRY
4	157	249	-0.42560442615177196	DESCRIPTIVE_ONLY_OBSERVER_SCALE_GEOMETRY
4	158	248	0.7274441658803428	DESCRIPTIVE_ONLY_OBSERVER_SCALE_GEOMETRY
4	159	248	0.7153334787931014	DESCRIPTIVE_ONLY_OBSERVER_SCALE_GEOMETRY
4	160	248	0.86746049042352	DESCRIPTIVE_ONLY_OBSERVER_SCALE_GEOMETRY
4	161	248	0.8809454101569896	DESCRIPTIVE_ONLY_OBSERVER_SCALE_GEOMETRY
4	162	248	0.8907508363460568	DESCRIPTIVE_ONLY_OBSERVER_SCALE_GEOMETRY
4	163	248	0.7390075122559602	DESCRIPTIVE_ONLY_OBSERVER_SCALE_GEOMETRY
4	164	248	0.9554618389788881	DESCRIPTIVE_ONLY_OBSERVER_SCALE_GEOMETRY
4	165	248	0.9238399386280544	DESCRIPTIVE_ONLY_OBSERVER_SCALE_GEOMETRY
4	166	248	1.0397143236308293	DESCRIPTIVE_ONLY_OBSERVER_SCALE_GEOMETRY
4	167	248	0.9118867338633353	DESCRIPTIVE_ONLY_OBSERVER_SCALE_GEOMETRY
4	168	248	0.7673545663531665	DESCRIPTIVE_ONLY_OBSERVER_SCALE_GEOMETRY
4	169	248	0.8791970949570797	DESCRIPTIVE_ONLY_OBSERVER_SCALE_GEOMETRY
4	170	248	0.9558403242038666	DESCRIPTIVE_ONLY_OBSERVER_SCALE_GEOMETRY
4	171	248	0.8180882520873657	DESCRIPTIVE_ONLY_OBSERVER_SCALE_GEOMETRY
4	172	248	0.9136902922952125	DESCRIPTIVE_ONLY_OBSERVER_SCALE_GEOMETRY
4	173	248	0.8218444395226842	DESCRIPTIVE_ONLY_OBSERVER_SCALE_GEOMETRY
4	174	248	0.89213642900161	DESCRIPTIVE_ONLY_OBSERVER_SCALE_GEOMETRY
4	175	248	0.8922458956770851	DESCRIPTIVE_ONLY_OBSERVER_SCALE_GEOMETRY
4	176	248	0.90250377630712	DESCRIPTIVE_ONLY_OBSERVER_SCALE_GEOMETRY
4	177	248	0.8632925752049846	DESCRIPTIVE_ONLY_OBSERVER_SCALE_GEOMETRY
4	178	248	0.8515721545572427	DESCRIPTIVE_ONLY_OBSERVER_SCALE_GEOMETRY
4	179	248	0.9394155565986376	DESCRIPTIVE_ONLY_OBSERVER_SCALE_GEOMETRY
4	180	248	0.865321633554594	DESCRIPTIVE_ONLY_OBSERVER_SCALE_GEOMETRY
4	181	248	0.44020141284174075	DESCRIPTIVE_ONLY_OBSERVER_SCALE_GEOMETRY
4	182	248	0.7927368924803421	DESCRIPTIVE_ONLY_OBSERVER_SCALE_GEOMETRY
4	183	248	0.6700583602202934	DESCRIPTIVE_ONLY_OBSERVER_SCALE_GEOMETRY
4	184	248	0.6848816840234778	DESCRIPTIVE_ONLY_OBSERVER_SCALE_GEOMETRY
4	185	248	0.7255976327124465	DESCRIPTIVE_ONLY_OBSERVER_SCALE_GEOMETRY
4	186	248	0.670883278582451	DESCRIPTIVE_ONLY_OBSERVER_SCALE_GEOMETRY
4	187	248	0.6966226970904432	DESCRIPTIVE_ONLY_OBSERVER_SCALE_GEOMETRY
4	188	248	0.6631739550321084	DESCRIPTIVE_ONLY_OBSERVER_SCALE_GEOMETRY
4	189	248	0.6711353304997428	DESCRIPTIVE_ONLY_OBSERVER_SCALE_GEOMETRY
4	190	248	0.7003906395283532	DESCRIPTIVE_ONLY_OBSERVER_SCALE_GEOMETRY
4	191	248	0.7253130258915154	DESCRIPTIVE_ONLY_OBSERVER_SCALE_GEOMETRY
4	192	248	0.6983849286769018	DESCRIPTIVE_ONLY_OBSERVER_SCALE_GEOMETRY
4	193	248	0.6709173939335089	DESCRIPTIVE_ONLY_OBSERVER_SCALE_GEOMETRY
4	194	248	0.7271519398661065	DESCRIPTIVE_ONLY_OBSERVER_SCALE_GEOMETRY
4	195	248	0.648370652303584	DESCRIPTIVE_ONLY_OBSERVER_SCALE_GEOMETRY
4	196	248	0.7688858235052013	DESCRIPTIVE_ONLY_OBSERVER_SCALE_GEOMETRY
4	197	247	2.024849833190442	DESCRIPTIVE_ONLY_OBSERVER_SCALE_GEOMETRY
4	198	247	-4.652296986759562	DESCRIPTIVE_ONLY_OBSERVER_SCALE_GEOMETRY
4	199	247	5.036508110453598	DESCRIPTIVE_ONLY_OBSERVER_SCALE_GEOMETRY
4	200	247	0.6176188758036092	DESCRIPTIVE_ONLY_OBSERVER_SCALE_GEOMETRY
4	201	247	0.5100426749580204	DESCRIPTIVE_ONLY_OBSERVER_SCALE_GEOMETRY
4	202	247	0.42827976185817673	DESCRIPTIVE_ONLY_OBSERVER_SCALE_GEOMETRY
4	203	247	0.3303161705815277	DESCRIPTIVE_ONLY_OBSERVER_SCALE_GEOMETRY
4	204	247	1.4382049200197955	DESCRIPTIVE_ONLY_OBSERVER_SCALE_GEOMETRY
4	205	247	0.803481478471476	DESCRIPTIVE_ONLY_OBSERVER_SCALE_GEOMETRY
4	206	247	0.29254284845897094	DESCRIPTIVE_ONLY_OBSERVER_SCALE_GEOMETRY
4	207	247	0.9426415734605597	DESCRIPTIVE_ONLY_OBSERVER_SCALE_GEOMETRY
4	208	247	0.6825897120616635	DESCRIPTIVE_ONLY_OBSERVER_SCALE_GEOMETRY
4	209	247	0.7161579840110516	DESCRIPTIVE_ONLY_OBSERVER_SCALE_GEOMETRY
4	210	247	0.6921028242705364	DESCRIPTIVE_ONLY_OBSERVER_SCALE_GEOMETRY
4	211	246	0.7091846387191465	DESCRIPTIVE_ONLY_OBSERVER_SCALE_GEOMETRY
4	212	246	0.6740096896342385	DESCRIPTIVE_ONLY_OBSERVER_SCALE_GEOMETRY
4	213	246	0.703196152100094	DESCRIPTIVE_ONLY_OBSERVER_SCALE_GEOMETRY
4	214	246	0.7060235000330332	DESCRIPTIVE_ONLY_OBSERVER_SCALE_GEOMETRY
4	215	246	0.6719793371304804	DESCRIPTIVE_ONLY_OBSERVER_SCALE_GEOMETRY
4	216	246	0.6850400323761184	DESCRIPTIVE_ONLY_OBSERVER_SCALE_GEOMETRY
4	217	246	0.8586733949294204	DESCRIPTIVE_ONLY_OBSERVER_SCALE_GEOMETRY
4	218	246	0.59990865837163	DESCRIPTIVE_ONLY_OBSERVER_SCALE_GEOMETRY
4	219	246	0.7451078328979114	DESCRIPTIVE_ONLY_OBSERVER_SCALE_GEOMETRY
4	220	246	2.5510656546982733	DESCRIPTIVE_ONLY_OBSERVER_SCALE_GEOMETRY
4	221	246	2.576218893661323	DESCRIPTIVE_ONLY_OBSERVER_SCALE_GEOMETRY
4	222	246	2.7147605303315117	DESCRIPTIVE_ONLY_OBSERVER_SCALE_GEOMETRY
4	223	246	2.408748848049723	DESCRIPTIVE_ONLY_OBSERVER_SCALE_GEOMETRY
4	224	246	2.580060333564428	DESCRIPTIVE_ONLY_OBSERVER_SCALE_GEOMETRY
4	225	246	2.1769047683050236	DESCRIPTIVE_ONLY_OBSERVER_SCALE_GEOMETRY
4	226	246	2.243188732993664	DESCRIPTIVE_ONLY_OBSERVER_SCALE_GEOMETRY
4	227	246	2.2318118563053995	DESCRIPTIVE_ONLY_OBSERVER_SCALE_GEOMETRY
4	228	246	2.011404641912348	DESCRIPTIVE_ONLY_OBSERVER_SCALE_GEOMETRY
4	229	246	2.182574469664866	DESCRIPTIVE_ONLY_OBSERVER_SCALE_GEOMETRY
4	230	246	2.147902587346206	DESCRIPTIVE_ONLY_OBSERVER_SCALE_GEOMETRY
4	231	246	2.0889359015345557	DESCRIPTIVE_ONLY_OBSERVER_SCALE_GEOMETRY
4	232	246	2.288895976048939	DESCRIPTIVE_ONLY_OBSERVER_SCALE_GEOMETRY
4	233	246	2.044225080649089	DESCRIPTIVE_ONLY_OBSERVER_SCALE_GEOMETRY
4	234	246	2.115639781053756	DESCRIPTIVE_ONLY_OBSERVER_SCALE_GEOMETRY
4	235	246	2.268840196379666	DESCRIPTIVE_ONLY_OBSERVER_SCALE_GEOMETRY
4	236	246	2.1965659477111688	DESCRIPTIVE_ONLY_OBSERVER_SCALE_GEOMETRY
4	237	246	1.9988122196251805	DESCRIPTIVE_ONLY_OBSERVER_SCALE_GEOMETRY
4	238	246	2.183077254832502	DESCRIPTIVE_ONLY_OBSERVER_SCALE_GEOMETRY
4	239	246	2.1683221106101986	DESCRIPTIVE_ONLY_OBSERVER_SCALE_GEOMETRY
4	240	246	2.1418715853694987	DESCRIPTIVE_ONLY_OBSERVER_SCALE_GEOMETRY
4	241	246	-1.1405455557181765	DESCRIPTIVE_ONLY_OBSERVER_SCALE_GEOMETRY
4	242	246	-0.3442205181003725	DESCRIPTIVE_ONLY_OBSERVER_SCALE_GEOMETRY
4	243	246	0.8702245941254755	DESCRIPTIVE_ONLY_OBSERVER_SCALE_GEOMETRY
4	244	246	-0.1733092833173794	DESCRIPTIVE_ONLY_OBSERVER_SCALE_GEOMETRY
4	245	246	-0.21642401600948402	DESCRIPTIVE_ONLY_OBSERVER_SCALE_GEOMETRY
4	246	246	0.1993734849773116	DESCRIPTIVE_ONLY_OBSERVER_SCALE_GEOMETRY
4	247	246	-0.08265927685291016	DESCRIPTIVE_ONLY_OBSERVER_SCALE_GEOMETRY
4	248	246	-0.01582263098115678	DESCRIPTIVE_ONLY_OBSERVER_SCALE_GEOMETRY
4	249	246	0.2121974267044659	DESCRIPTIVE_ONLY_OBSERVER_SCALE_GEOMETRY
4	250	246	-0.06652169609348156	DESCRIPTIVE_ONLY_OBSERVER_SCALE_GEOMETRY
4	251	246	0.022020773052536954	DESCRIPTIVE_ONLY_OBSERVER_SCALE_GEOMETRY
4	252	246	0.019535987926592575	DESCRIPTIVE_ONLY_OBSERVER_SCALE_GEOMETRY
4	253	246	0.05839607711055544	DESCRIPTIVE_ONLY_OBSERVER_SCALE_GEOMETRY
4	254	246	-0.07390252414048483	DESCRIPTIVE_ONLY_OBSERVER_SCALE_GEOMETRY
4	255	246	0.0914002703946722	DESCRIPTIVE_ONLY_OBSERVER_SCALE_GEOMETRY
4	256	246	-0.0019054755039791716	DESCRIPTIVE_ONLY_OBSERVER_SCALE_GEOMETRY
4	257	246	0.1578940044038798	DESCRIPTIVE_ONLY_OBSERVER_SCALE_GEOMETRY
4	258	246	-1.1007749690513808	DESCRIPTIVE_ONLY_OBSERVER_SCALE_GEOMETRY
4	259	246	-2.397084224593005	DESCRIPTIVE_ONLY_OBSERVER_SCALE_GEOMETRY
4	260	246	3.134743082604469	DESCRIPTIVE_ONLY_OBSERVER_SCALE_GEOMETRY
4	261	246	-0.7044661571672075	DESCRIPTIVE_ONLY_OBSERVER_SCALE_GEOMETRY
4	262	245	0.11997927092821653	DESCRIPTIVE_ONLY_OBSERVER_SCALE_GEOMETRY
4	263	245	-0.17706969753636598	DESCRIPTIVE_ONLY_OBSERVER_SCALE_GEOMETRY
4	264	245	-0.30370131613269885	DESCRIPTIVE_ONLY_OBSERVER_SCALE_GEOMETRY
4	265	245	-0.18651332372033733	DESCRIPTIVE_ONLY_OBSERVER_SCALE_GEOMETRY
4	266	245	-0.027328869940051695	DESCRIPTIVE_ONLY_OBSERVER_SCALE_GEOMETRY
4	267	245	-0.20305581814531412	DESCRIPTIVE_ONLY_OBSERVER_SCALE_GEOMETRY
4	268	245	-0.020156743210729324	DESCRIPTIVE_ONLY_OBSERVER_SCALE_GEOMETRY
4	269	245	-0.18314166905036317	DESCRIPTIVE_ONLY_OBSERVER_SCALE_GEOMETRY
4	270	245	-0.057238809978245334	DESCRIPTIVE_ONLY_OBSERVER_SCALE_GEOMETRY
4	271	245	-0.13698945494685186	DESCRIPTIVE_ONLY_OBSERVER_SCALE_GEOMETRY
4	272	245	-0.13482305105730885	DESCRIPTIVE_ONLY_OBSERVER_SCALE_GEOMETRY
4	273	245	0.005722462164440401	DESCRIPTIVE_ONLY_OBSERVER_SCALE_GEOMETRY
4	274	244	-0.276255182221732	DESCRIPTIVE_ONLY_OBSERVER_SCALE_GEOMETRY
4	275	244	0.0189591276910952	DESCRIPTIVE_ONLY_OBSERVER_SCALE_GEOMETRY
4	276	243	0.37433023536129834	DESCRIPTIVE_ONLY_OBSERVER_SCALE_GEOMETRY
4	277	243	-0.5868402053588752	DESCRIPTIVE_ONLY_OBSERVER_SCALE_GEOMETRY
4	278	242	-0.26397359669561615	DESCRIPTIVE_ONLY_OBSERVER_SCALE_GEOMETRY
4	279	242	-0.007731757372572021	DESCRIPTIVE_ONLY_OBSERVER_SCALE_GEOMETRY
4	280	242	2.8197456737194457	DESCRIPTIVE_ONLY_OBSERVER_SCALE_GEOMETRY
4	281	242	3.185657566084953	DESCRIPTIVE_ONLY_OBSERVER_SCALE_GEOMETRY
4	282	242	2.809706421689158	DESCRIPTIVE_ONLY_OBSERVER_SCALE_GEOMETRY
4	283	242	3.076142946558001	DESCRIPTIVE_ONLY_OBSERVER_SCALE_GEOMETRY
4	284	242	2.8737502513058004	DESCRIPTIVE_ONLY_OBSERVER_SCALE_GEOMETRY
4	285	242	3.0197763654244922	DESCRIPTIVE_ONLY_OBSERVER_SCALE_GEOMETRY
4	286	242	2.960388334341794	DESCRIPTIVE_ONLY_OBSERVER_SCALE_GEOMETRY
4	287	242	2.979575205617182	DESCRIPTIVE_ONLY_OBSERVER_SCALE_GEOMETRY
4	288	242	2.879932883748221	DESCRIPTIVE_ONLY_OBSERVER_SCALE_GEOMETRY
4	289	242	2.9874965429190854	DESCRIPTIVE_ONLY_OBSERVER_SCALE_GEOMETRY
4	290	242	2.8937808291965785	DESCRIPTIVE_ONLY_OBSERVER_SCALE_GEOMETRY
4	291	242	3.0125517443512995	DESCRIPTIVE_ONLY_OBSERVER_SCALE_GEOMETRY
4	292	242	2.907156693652363	DESCRIPTIVE_ONLY_OBSERVER_SCALE_GEOMETRY
4	293	242	2.956239442083085	DESCRIPTIVE_ONLY_OBSERVER_SCALE_GEOMETRY
4	294	242	2.902356865961036	DESCRIPTIVE_ONLY_OBSERVER_SCALE_GEOMETRY
4	295	242	3.0164608270079496	DESCRIPTIVE_ONLY_OBSERVER_SCALE_GEOMETRY
4	296	242	3.05317926505415	DESCRIPTIVE_ONLY_OBSERVER_SCALE_GEOMETRY
4	297	242	2.778518364900548	DESCRIPTIVE_ONLY_OBSERVER_SCALE_GEOMETRY
4	298	242	3.030513044203168	DESCRIPTIVE_ONLY_OBSERVER_SCALE_GEOMETRY
4	299	242	2.942545974599628	DESCRIPTIVE_ONLY_OBSERVER_SCALE_GEOMETRY
4	300	242	2.925808437888652	DESCRIPTIVE_ONLY_OBSERVER_SCALE_GEOMETRY
4	301	242	5.172656403113727	DESCRIPTIVE_ONLY_OBSERVER_SCALE_GEOMETRY
4	302	242	4.2624102133193125	DESCRIPTIVE_ONLY_OBSERVER_SCALE_GEOMETRY
4	303	242	4.0460394065157805	DESCRIPTIVE_ONLY_OBSERVER_SCALE_GEOMETRY
4	304	242	4.097701995371627	DESCRIPTIVE_ONLY_OBSERVER_SCALE_GEOMETRY
4	305	242	4.113549192556356	DESCRIPTIVE_ONLY_OBSERVER_SCALE_GEOMETRY
4	306	242	4.187661694660235	DESCRIPTIVE_ONLY_OBSERVER_SCALE_GEOMETRY
4	307	241	3.967993325445298	DESCRIPTIVE_ONLY_OBSERVER_SCALE_GEOMETRY
4	308	241	4.28791671180116	DESCRIPTIVE_ONLY_OBSERVER_SCALE_GEOMETRY
4	309	241	4.038378633982601	DESCRIPTIVE_ONLY_OBSERVER_SCALE_GEOMETRY
4	310	241	4.120556406043581	DESCRIPTIVE_ONLY_OBSERVER_SCALE_GEOMETRY
4	311	241	4.164041651378404	DESCRIPTIVE_ONLY_OBSERVER_SCALE_GEOMETRY
4	312	241	4.160067824804885	DESCRIPTIVE_ONLY_OBSERVER_SCALE_GEOMETRY
4	313	241	4.131856411724745	DESCRIPTIVE_ONLY_OBSERVER_SCALE_GEOMETRY
4	314	241	4.162779291541801	DESCRIPTIVE_ONLY_OBSERVER_SCALE_GEOMETRY
4	315	241	4.117874280655086	DESCRIPTIVE_ONLY_OBSERVER_SCALE_GEOMETRY
4	316	240	4.085493405082806	DESCRIPTIVE_ONLY_OBSERVER_SCALE_GEOMETRY
4	317	240	6.531579387900095	DESCRIPTIVE_ONLY_OBSERVER_SCALE_GEOMETRY
4	318	240	-7.068356868435503	DESCRIPTIVE_ONLY_OBSERVER_SCALE_GEOMETRY
4	319	240	10.936262133099014	DESCRIPTIVE_ONLY_OBSERVER_SCALE_GEOMETRY
4	320	240	6.504420674409015	DESCRIPTIVE_ONLY_OBSERVER_SCALE_GEOMETRY
4	321	239	4.421398778275959	DESCRIPTIVE_ONLY_OBSERVER_SCALE_GEOMETRY
4	322	239	3.9553066330860593	DESCRIPTIVE_ONLY_OBSERVER_SCALE_GEOMETRY
4	323	239	4.098935610158466	DESCRIPTIVE_ONLY_OBSERVER_SCALE_GEOMETRY
4	324	239	4.155762843594462	DESCRIPTIVE_ONLY_OBSERVER_SCALE_GEOMETRY
4	325	239	4.283829700512801	DESCRIPTIVE_ONLY_OBSERVER_SCALE_GEOMETRY
4	326	239	4.125159751877803	DESCRIPTIVE_ONLY_OBSERVER_SCALE_GEOMETRY
4	327	239	4.287740607754272	DESCRIPTIVE_ONLY_OBSERVER_SCALE_GEOMETRY
4	328	239	4.194177123175	DESCRIPTIVE_ONLY_OBSERVER_SCALE_GEOMETRY
4	329	239	4.144102266141821	DESCRIPTIVE_ONLY_OBSERVER_SCALE_GEOMETRY
4	330	239	4.283712269906144	DESCRIPTIVE_ONLY_OBSERVER_SCALE_GEOMETRY
4	331	239	4.2043808004892185	DESCRIPTIVE_ONLY_OBSERVER_SCALE_GEOMETRY
4	332	239	4.1297958911249975	DESCRIPTIVE_ONLY_OBSERVER_SCALE_GEOMETRY
4	333	239	4.235218947569075	DESCRIPTIVE_ONLY_OBSERVER_SCALE_GEOMETRY
4	334	239	4.1518859124651595	DESCRIPTIVE_ONLY_OBSERVER_SCALE_GEOMETRY
4	335	238	4.273271878207192	DESCRIPTIVE_ONLY_OBSERVER_SCALE_GEOMETRY
4	336	237	5.064056259117988	DESCRIPTIVE_ONLY_OBSERVER_SCALE_GEOMETRY
4	337	237	3.4032977095720636	DESCRIPTIVE_ONLY_OBSERVER_SCALE_GEOMETRY
4	338	237	4.246850009571229	DESCRIPTIVE_ONLY_OBSERVER_SCALE_GEOMETRY
4	339	237	4.175845398924843	DESCRIPTIVE_ONLY_OBSERVER_SCALE_GEOMETRY
4	340	237	3.200832441276341	DESCRIPTIVE_ONLY_OBSERVER_SCALE_GEOMETRY
4	341	237	3.0448572058542456	DESCRIPTIVE_ONLY_OBSERVER_SCALE_GEOMETRY
4	342	237	3.0038056157643505	DESCRIPTIVE_ONLY_OBSERVER_SCALE_GEOMETRY
4	343	237	3.1139335718063466	DESCRIPTIVE_ONLY_OBSERVER_SCALE_GEOMETRY
4	344	237	3.1354702402191506	DESCRIPTIVE_ONLY_OBSERVER_SCALE_GEOMETRY
4	345	237	2.9700543715190464	DESCRIPTIVE_ONLY_OBSERVER_SCALE_GEOMETRY
4	346	237	3.1840312002696844	DESCRIPTIVE_ONLY_OBSERVER_SCALE_GEOMETRY
4	347	237	2.949550491395803	DESCRIPTIVE_ONLY_OBSERVER_SCALE_GEOMETRY
4	348	237	3.2086018710712754	DESCRIPTIVE_ONLY_OBSERVER_SCALE_GEOMETRY
4	349	237	3.007556233591976	DESCRIPTIVE_ONLY_OBSERVER_SCALE_GEOMETRY
4	350	237	3.101388355315098	DESCRIPTIVE_ONLY_OBSERVER_SCALE_GEOMETRY
4	351	237	3.0598423627513234	DESCRIPTIVE_ONLY_OBSERVER_SCALE_GEOMETRY
4	352	237	3.1692826374733656	DESCRIPTIVE_ONLY_OBSERVER_SCALE_GEOMETRY
4	353	237	3.0587450610803524	DESCRIPTIVE_ONLY_OBSERVER_SCALE_GEOMETRY
4	354	237	3.0054115658595513	DESCRIPTIVE_ONLY_OBSERVER_SCALE_GEOMETRY
4	355	237	3.1161446718087915	DESCRIPTIVE_ONLY_OBSERVER_SCALE_GEOMETRY
4	356	237	3.0789963238021594	DESCRIPTIVE_ONLY_OBSERVER_SCALE_GEOMETRY
4	357	237	3.119610082552875	DESCRIPTIVE_ONLY_OBSERVER_SCALE_GEOMETRY
4	358	237	3.0863908429082056	DESCRIPTIVE_ONLY_OBSERVER_SCALE_GEOMETRY
4	359	236	3.026607904930666	DESCRIPTIVE_ONLY_OBSERVER_SCALE_GEOMETRY
4	360	236	3.0510175722081327	DESCRIPTIVE_ONLY_OBSERVER_SCALE_GEOMETRY
4	361	236	1.4719567102213735	DESCRIPTIVE_ONLY_OBSERVER_SCALE_GEOMETRY
4	362	236	2.934686179907206	DESCRIPTIVE_ONLY_OBSERVER_SCALE_GEOMETRY
4	363	236	2.736297433357761	DESCRIPTIVE_ONLY_OBSERVER_SCALE_GEOMETRY
4	364	236	1.7187260014093801	DESCRIPTIVE_ONLY_OBSERVER_SCALE_GEOMETRY
4	365	236	2.223473948131683	DESCRIPTIVE_ONLY_OBSERVER_SCALE_GEOMETRY
4	366	236	2.304706003181465	DESCRIPTIVE_ONLY_OBSERVER_SCALE_GEOMETRY
4	367	236	2.1583541632460146	DESCRIPTIVE_ONLY_OBSERVER_SCALE_GEOMETRY
4	368	236	2.077293150402447	DESCRIPTIVE_ONLY_OBSERVER_SCALE_GEOMETRY
4	369	235	2.396946001229545	DESCRIPTIVE_ONLY_OBSERVER_SCALE_GEOMETRY
4	370	235	2.0998116893447585	DESCRIPTIVE_ONLY_OBSERVER_SCALE_GEOMETRY
4	371	235	2.293995774862028	DESCRIPTIVE_ONLY_OBSERVER_SCALE_GEOMETRY
4	372	235	2.0939907403774	DESCRIPTIVE_ONLY_OBSERVER_SCALE_GEOMETRY
4	373	235	2.376813414052378	DESCRIPTIVE_ONLY_OBSERVER_SCALE_GEOMETRY
4	374	235	2.1451998248763697	DESCRIPTIVE_ONLY_OBSERVER_SCALE_GEOMETRY
4	375	235	2.1798381566138594	DESCRIPTIVE_ONLY_OBSERVER_SCALE_GEOMETRY
4	376	235	2.252829603230012	DESCRIPTIVE_ONLY_OBSERVER_SCALE_GEOMETRY
4	377	235	2.225410055509167	DESCRIPTIVE_ONLY_OBSERVER_SCALE_GEOMETRY
4	378	235	2.024136925980643	DESCRIPTIVE_ONLY_OBSERVER_SCALE_GEOMETRY
4	379	235	5.900556064505061	DESCRIPTIVE_ONLY_OBSERVER_SCALE_GEOMETRY
4	380	235	-1.9996029335093413	DESCRIPTIVE_ONLY_OBSERVER_SCALE_GEOMETRY
4	381	235	2.10324908741989	DESCRIPTIVE_ONLY_OBSERVER_SCALE_GEOMETRY
4	382	235	1.8502282869638895	DESCRIPTIVE_ONLY_OBSERVER_SCALE_GEOMETRY
4	383	235	2.126339216892308	DESCRIPTIVE_ONLY_OBSERVER_SCALE_GEOMETRY
4	384	235	1.979607578989664	DESCRIPTIVE_ONLY_OBSERVER_SCALE_GEOMETRY
4	385	235	2.019958167020885	DESCRIPTIVE_ONLY_OBSERVER_SCALE_GEOMETRY
5	1	257	2.2547020706113647	DESCRIPTIVE_ONLY_OBSERVER_SCALE_GEOMETRY
5	2	257	2.2042474555806932	DESCRIPTIVE_ONLY_OBSERVER_SCALE_GEOMETRY
5	3	257	2.16298629806883	DESCRIPTIVE_ONLY_OBSERVER_SCALE_GEOMETRY
5	4	257	2.1726169049795914	DESCRIPTIVE_ONLY_OBSERVER_SCALE_GEOMETRY
5	5	257	2.2023574910807	DESCRIPTIVE_ONLY_OBSERVER_SCALE_GEOMETRY
5	6	257	2.1799078637581415	DESCRIPTIVE_ONLY_OBSERVER_SCALE_GEOMETRY
5	7	257	2.1622130329523173	DESCRIPTIVE_ONLY_OBSERVER_SCALE_GEOMETRY
5	8	257	2.201567460846722	DESCRIPTIVE_ONLY_OBSERVER_SCALE_GEOMETRY
5	9	257	2.1805765308229614	DESCRIPTIVE_ONLY_OBSERVER_SCALE_GEOMETRY
5	10	257	2.2230451858962668	DESCRIPTIVE_ONLY_OBSERVER_SCALE_GEOMETRY
5	11	257	2.128379546156492	DESCRIPTIVE_ONLY_OBSERVER_SCALE_GEOMETRY
5	12	257	2.198392749055625	DESCRIPTIVE_ONLY_OBSERVER_SCALE_GEOMETRY
5	13	257	2.215009308456301	DESCRIPTIVE_ONLY_OBSERVER_SCALE_GEOMETRY
5	14	257	1.9051283843417375	DESCRIPTIVE_ONLY_OBSERVER_SCALE_GEOMETRY
5	15	257	2.815541643200243	DESCRIPTIVE_ONLY_OBSERVER_SCALE_GEOMETRY
5	16	257	1.6212743725254892	DESCRIPTIVE_ONLY_OBSERVER_SCALE_GEOMETRY
5	17	257	1.9704435830634566	DESCRIPTIVE_ONLY_OBSERVER_SCALE_GEOMETRY
5	18	257	4.107138860047868	DESCRIPTIVE_ONLY_OBSERVER_SCALE_GEOMETRY
5	19	257	-0.8386242831044866	DESCRIPTIVE_ONLY_OBSERVER_SCALE_GEOMETRY
5	20	257	1.554534601467602	DESCRIPTIVE_ONLY_OBSERVER_SCALE_GEOMETRY
5	21	257	1.6455632917436234	DESCRIPTIVE_ONLY_OBSERVER_SCALE_GEOMETRY
5	22	257	1.535546179637196	DESCRIPTIVE_ONLY_OBSERVER_SCALE_GEOMETRY
5	23	257	1.6585988016021034	DESCRIPTIVE_ONLY_OBSERVER_SCALE_GEOMETRY
5	24	257	1.5623955940991265	DESCRIPTIVE_ONLY_OBSERVER_SCALE_GEOMETRY
5	25	257	1.5716028129426587	DESCRIPTIVE_ONLY_OBSERVER_SCALE_GEOMETRY
5	26	257	1.5744362014113789	DESCRIPTIVE_ONLY_OBSERVER_SCALE_GEOMETRY
5	27	257	1.5926549489658148	DESCRIPTIVE_ONLY_OBSERVER_SCALE_GEOMETRY
5	28	257	1.6225140937349156	DESCRIPTIVE_ONLY_OBSERVER_SCALE_GEOMETRY
5	29	256	1.571124772449747	DESCRIPTIVE_ONLY_OBSERVER_SCALE_GEOMETRY
5	30	256	1.6166711806514595	DESCRIPTIVE_ONLY_OBSERVER_SCALE_GEOMETRY
5	31	255	1.6584868116806597	DESCRIPTIVE_ONLY_OBSERVER_SCALE_GEOMETRY
5	32	255	1.5058866187120674	DESCRIPTIVE_ONLY_OBSERVER_SCALE_GEOMETRY
5	33	255	1.653380488519944	DESCRIPTIVE_ONLY_OBSERVER_SCALE_GEOMETRY
5	34	255	1.5915853207573631	DESCRIPTIVE_ONLY_OBSERVER_SCALE_GEOMETRY
5	35	255	4.539193992689772	DESCRIPTIVE_ONLY_OBSERVER_SCALE_GEOMETRY
5	36	255	-1.4404510099295802	DESCRIPTIVE_ONLY_OBSERVER_SCALE_GEOMETRY
5	37	255	1.7069092647902766	DESCRIPTIVE_ONLY_OBSERVER_SCALE_GEOMETRY
5	38	255	1.639223037342634	DESCRIPTIVE_ONLY_OBSERVER_SCALE_GEOMETRY
5	39	255	1.5345456256114682	DESCRIPTIVE_ONLY_OBSERVER_SCALE_GEOMETRY
5	40	255	1.693197887091968	DESCRIPTIVE_ONLY_OBSERVER_SCALE_GEOMETRY
5	41	255	9.904108625469531	DESCRIPTIVE_ONLY_OBSERVER_SCALE_GEOMETRY
5	42	255	-5.664311537725499	DESCRIPTIVE_ONLY_OBSERVER_SCALE_GEOMETRY
5	43	255	0.3431616677991199	DESCRIPTIVE_ONLY_OBSERVER_SCALE_GEOMETRY
5	44	255	1.5152798835004837	DESCRIPTIVE_ONLY_OBSERVER_SCALE_GEOMETRY
5	45	255	1.5463386675207653	DESCRIPTIVE_ONLY_OBSERVER_SCALE_GEOMETRY
5	46	255	1.9217854270502837	DESCRIPTIVE_ONLY_OBSERVER_SCALE_GEOMETRY
5	47	254	1.733311443636668	DESCRIPTIVE_ONLY_OBSERVER_SCALE_GEOMETRY
5	48	254	1.5331667229037107	DESCRIPTIVE_ONLY_OBSERVER_SCALE_GEOMETRY
5	49	254	1.619437386036185	DESCRIPTIVE_ONLY_OBSERVER_SCALE_GEOMETRY
5	50	254	1.6057325440415615	DESCRIPTIVE_ONLY_OBSERVER_SCALE_GEOMETRY
5	51	254	1.5888754257421231	DESCRIPTIVE_ONLY_OBSERVER_SCALE_GEOMETRY
5	52	254	1.5206806327757174	DESCRIPTIVE_ONLY_OBSERVER_SCALE_GEOMETRY
5	53	254	1.696306553712009	DESCRIPTIVE_ONLY_OBSERVER_SCALE_GEOMETRY
5	54	254	1.6050360550747775	DESCRIPTIVE_ONLY_OBSERVER_SCALE_GEOMETRY
5	55	254	1.5513250662258862	DESCRIPTIVE_ONLY_OBSERVER_SCALE_GEOMETRY
5	56	254	1.5726730305561292	DESCRIPTIVE_ONLY_OBSERVER_SCALE_GEOMETRY
5	57	254	1.6799049607908736	DESCRIPTIVE_ONLY_OBSERVER_SCALE_GEOMETRY
5	58	254	1.546920464569072	DESCRIPTIVE_ONLY_OBSERVER_SCALE_GEOMETRY
5	59	254	1.6798746119683174	DESCRIPTIVE_ONLY_OBSERVER_SCALE_GEOMETRY
5	60	253	1.5419639375639522	DESCRIPTIVE_ONLY_OBSERVER_SCALE_GEOMETRY
5	61	253	0.9124857634486543	DESCRIPTIVE_ONLY_OBSERVER_SCALE_GEOMETRY
5	62	253	0.4928801857780367	DESCRIPTIVE_ONLY_OBSERVER_SCALE_GEOMETRY
5	63	253	0.5486948233974949	DESCRIPTIVE_ONLY_OBSERVER_SCALE_GEOMETRY
5	64	253	0.5075410295951989	DESCRIPTIVE_ONLY_OBSERVER_SCALE_GEOMETRY
5	65	253	0.5610436683728682	DESCRIPTIVE_ONLY_OBSERVER_SCALE_GEOMETRY
5	66	253	0.47537390567044974	DESCRIPTIVE_ONLY_OBSERVER_SCALE_GEOMETRY
5	67	253	0.5924956184646185	DESCRIPTIVE_ONLY_OBSERVER_SCALE_GEOMETRY
5	68	253	0.4651046591224696	DESCRIPTIVE_ONLY_OBSERVER_SCALE_GEOMETRY
5	69	253	0.5275067495085014	DESCRIPTIVE_ONLY_OBSERVER_SCALE_GEOMETRY
5	70	253	0.5052902766900219	DESCRIPTIVE_ONLY_OBSERVER_SCALE_GEOMETRY
5	71	253	0.48243313292347906	DESCRIPTIVE_ONLY_OBSERVER_SCALE_GEOMETRY
5	72	253	0.5833876340865157	DESCRIPTIVE_ONLY_OBSERVER_SCALE_GEOMETRY
5	73	253	0.5534459440304602	DESCRIPTIVE_ONLY_OBSERVER_SCALE_GEOMETRY
5	74	253	0.5372358804459497	DESCRIPTIVE_ONLY_OBSERVER_SCALE_GEOMETRY
5	75	253	0.3923278743351202	DESCRIPTIVE_ONLY_OBSERVER_SCALE_GEOMETRY
5	76	253	-0.7484778051221863	DESCRIPTIVE_ONLY_OBSERVER_SCALE_GEOMETRY
5	77	253	3.5877480255637537	DESCRIPTIVE_ONLY_OBSERVER_SCALE_GEOMETRY
5	78	253	-4.786892993029228	DESCRIPTIVE_ONLY_OBSERVER_SCALE_GEOMETRY
5	79	252	3.0755237885207367	DESCRIPTIVE_ONLY_OBSERVER_SCALE_GEOMETRY
5	80	252	1.5611007847106189	DESCRIPTIVE_ONLY_OBSERVER_SCALE_GEOMETRY
5	81	252	0.5795639475749675	DESCRIPTIVE_ONLY_OBSERVER_SCALE_GEOMETRY
5	82	252	0.4665355773151945	DESCRIPTIVE_ONLY_OBSERVER_SCALE_GEOMETRY
5	83	252	0.6403075357196715	DESCRIPTIVE_ONLY_OBSERVER_SCALE_GEOMETRY
5	84	252	0.49742312030180785	DESCRIPTIVE_ONLY_OBSERVER_SCALE_GEOMETRY
5	85	252	0.5495557132615106	DESCRIPTIVE_ONLY_OBSERVER_SCALE_GEOMETRY
5	86	252	0.5463810012720283	DESCRIPTIVE_ONLY_OBSERVER_SCALE_GEOMETRY
5	87	252	0.5357837641025205	DESCRIPTIVE_ONLY_OBSERVER_SCALE_GEOMETRY
5	88	252	0.6249056551611921	DESCRIPTIVE_ONLY_OBSERVER_SCALE_GEOMETRY
5	89	252	0.4564718689182408	DESCRIPTIVE_ONLY_OBSERVER_SCALE_GEOMETRY
5	90	252	0.5204820626872221	DESCRIPTIVE_ONLY_OBSERVER_SCALE_GEOMETRY
5	91	252	0.5637748502446494	DESCRIPTIVE_ONLY_OBSERVER_SCALE_GEOMETRY
5	92	252	0.5282551168982831	DESCRIPTIVE_ONLY_OBSERVER_SCALE_GEOMETRY
5	93	252	0.5175708262063285	DESCRIPTIVE_ONLY_OBSERVER_SCALE_GEOMETRY
5	94	252	0.5576473839901671	DESCRIPTIVE_ONLY_OBSERVER_SCALE_GEOMETRY
5	95	252	0.5008791672015631	DESCRIPTIVE_ONLY_OBSERVER_SCALE_GEOMETRY
5	96	252	0.5782142937799737	DESCRIPTIVE_ONLY_OBSERVER_SCALE_GEOMETRY
5	97	252	0.4992222313618728	DESCRIPTIVE_ONLY_OBSERVER_SCALE_GEOMETRY
5	98	252	0.4647049628590957	DESCRIPTIVE_ONLY_OBSERVER_SCALE_GEOMETRY
5	99	252	0.5255893813329957	DESCRIPTIVE_ONLY_OBSERVER_SCALE_GEOMETRY
5	100	252	0.5929015505983032	DESCRIPTIVE_ONLY_OBSERVER_SCALE_GEOMETRY
5	101	252	0.42219417019533373	DESCRIPTIVE_ONLY_OBSERVER_SCALE_GEOMETRY
5	102	252	2.47011698541844	DESCRIPTIVE_ONLY_OBSERVER_SCALE_GEOMETRY
5	103	252	-1.3412104937922367	DESCRIPTIVE_ONLY_OBSERVER_SCALE_GEOMETRY
5	104	252	0.5406430021367209	DESCRIPTIVE_ONLY_OBSERVER_SCALE_GEOMETRY
5	105	252	0.4777290234194046	DESCRIPTIVE_ONLY_OBSERVER_SCALE_GEOMETRY
5	106	252	0.44532901198763775	DESCRIPTIVE_ONLY_OBSERVER_SCALE_GEOMETRY
5	107	252	0.5929294632931766	DESCRIPTIVE_ONLY_OBSERVER_SCALE_GEOMETRY
5	108	252	0.5013789880548509	DESCRIPTIVE_ONLY_OBSERVER_SCALE_GEOMETRY
5	109	252	0.4981197032093706	DESCRIPTIVE_ONLY_OBSERVER_SCALE_GEOMETRY
5	110	252	0.5385314532708539	DESCRIPTIVE_ONLY_OBSERVER_SCALE_GEOMETRY
5	111	252	0.5548634858959255	DESCRIPTIVE_ONLY_OBSERVER_SCALE_GEOMETRY
5	112	252	0.48257228419181003	DESCRIPTIVE_ONLY_OBSERVER_SCALE_GEOMETRY
5	113	252	0.5088336033939496	DESCRIPTIVE_ONLY_OBSERVER_SCALE_GEOMETRY
5	114	252	0.5476097249475513	DESCRIPTIVE_ONLY_OBSERVER_SCALE_GEOMETRY
5	115	252	0.5307749064563118	DESCRIPTIVE_ONLY_OBSERVER_SCALE_GEOMETRY
5	116	252	0.416789595471239	DESCRIPTIVE_ONLY_OBSERVER_SCALE_GEOMETRY
5	117	252	0.566176696490867	DESCRIPTIVE_ONLY_OBSERVER_SCALE_GEOMETRY
5	118	252	0.5653922346036253	DESCRIPTIVE_ONLY_OBSERVER_SCALE_GEOMETRY
5	119	252	0.419713096826691	DESCRIPTIVE_ONLY_OBSERVER_SCALE_GEOMETRY
5	120	252	0.5679286245811477	DESCRIPTIVE_ONLY_OBSERVER_SCALE_GEOMETRY
5	121	252	2.445785677512408	DESCRIPTIVE_ONLY_OBSERVER_SCALE_GEOMETRY
5	122	252	2.4910385137026707	DESCRIPTIVE_ONLY_OBSERVER_SCALE_GEOMETRY
5	123	252	2.542745641021631	DESCRIPTIVE_ONLY_OBSERVER_SCALE_GEOMETRY
5	124	252	2.3430249216306627	DESCRIPTIVE_ONLY_OBSERVER_SCALE_GEOMETRY
5	125	251	2.5198175205855926	DESCRIPTIVE_ONLY_OBSERVER_SCALE_GEOMETRY
5	126	251	2.502376109191501	DESCRIPTIVE_ONLY_OBSERVER_SCALE_GEOMETRY
5	127	251	2.5074985376381034	DESCRIPTIVE_ONLY_OBSERVER_SCALE_GEOMETRY
5	128	251	2.4164272441365373	DESCRIPTIVE_ONLY_OBSERVER_SCALE_GEOMETRY
5	129	251	2.452025552693519	DESCRIPTIVE_ONLY_OBSERVER_SCALE_GEOMETRY
5	130	251	2.5918183587774686	DESCRIPTIVE_ONLY_OBSERVER_SCALE_GEOMETRY
5	131	251	2.368762756217197	DESCRIPTIVE_ONLY_OBSERVER_SCALE_GEOMETRY
5	132	251	2.5559672394445343	DESCRIPTIVE_ONLY_OBSERVER_SCALE_GEOMETRY
5	133	251	2.511012180332014	DESCRIPTIVE_ONLY_OBSERVER_SCALE_GEOMETRY
5	134	250	2.4879396341207993	DESCRIPTIVE_ONLY_OBSERVER_SCALE_GEOMETRY
5	135	250	2.5694229904345076	DESCRIPTIVE_ONLY_OBSERVER_SCALE_GEOMETRY
5	136	250	2.937421697179101	DESCRIPTIVE_ONLY_OBSERVER_SCALE_GEOMETRY
5	137	250	2.0507072247523457	DESCRIPTIVE_ONLY_OBSERVER_SCALE_GEOMETRY
5	138	250	3.4638281687466757	DESCRIPTIVE_ONLY_OBSERVER_SCALE_GEOMETRY
5	139	250	-1.0316932300407975	DESCRIPTIVE_ONLY_OBSERVER_SCALE_GEOMETRY
5	140	250	0.9760446531623332	DESCRIPTIVE_ONLY_OBSERVER_SCALE_GEOMETRY
5	141	250	1.049033450989561	DESCRIPTIVE_ONLY_OBSERVER_SCALE_GEOMETRY
5	142	250	1.2099028911077352	DESCRIPTIVE_ONLY_OBSERVER_SCALE_GEOMETRY
5	143	250	1.2076377192366266	DESCRIPTIVE_ONLY_OBSERVER_SCALE_GEOMETRY
5	144	250	0.950981917051855	DESCRIPTIVE_ONLY_OBSERVER_SCALE_GEOMETRY
5	145	250	1.4938074951859777	DESCRIPTIVE_ONLY_OBSERVER_SCALE_GEOMETRY
5	146	249	1.0488898014541859	DESCRIPTIVE_ONLY_OBSERVER_SCALE_GEOMETRY
5	147	249	0.7986505326376074	DESCRIPTIVE_ONLY_OBSERVER_SCALE_GEOMETRY
5	148	249	1.2442246516218383	DESCRIPTIVE_ONLY_OBSERVER_SCALE_GEOMETRY
5	149	249	1.2139527992344652	DESCRIPTIVE_ONLY_OBSERVER_SCALE_GEOMETRY
5	150	249	1.177684958717295	DESCRIPTIVE_ONLY_OBSERVER_SCALE_GEOMETRY
5	151	249	1.085582576280873	DESCRIPTIVE_ONLY_OBSERVER_SCALE_GEOMETRY
5	152	249	1.2063557635992441	DESCRIPTIVE_ONLY_OBSERVER_SCALE_GEOMETRY
5	153	249	1.1349559928663397	DESCRIPTIVE_ONLY_OBSERVER_SCALE_GEOMETRY
5	154	249	1.1653223205646963	DESCRIPTIVE_ONLY_OBSERVER_SCALE_GEOMETRY
5	155	249	2.259042222163491	DESCRIPTIVE_ONLY_OBSERVER_SCALE_GEOMETRY
5	156	249	0.046495477969217935	DESCRIPTIVE_ONLY_OBSERVER_SCALE_GEOMETRY
5	157	248	1.1722363991958449	DESCRIPTIVE_ONLY_OBSERVER_SCALE_GEOMETRY
5	158	248	1.1594996209780704	DESCRIPTIVE_ONLY_OBSERVER_SCALE_GEOMETRY
5	159	248	1.1313989719250193	DESCRIPTIVE_ONLY_OBSERVER_SCALE_GEOMETRY
5	160	248	1.1313498151506924	DESCRIPTIVE_ONLY_OBSERVER_SCALE_GEOMETRY
5	161	248	1.1530278628638064	DESCRIPTIVE_ONLY_OBSERVER_SCALE_GEOMETRY
5	162	248	0.9865719786399046	DESCRIPTIVE_ONLY_OBSERVER_SCALE_GEOMETRY
5	163	248	1.2099084817335353	DESCRIPTIVE_ONLY_OBSERVER_SCALE_GEOMETRY
5	164	248	1.1759589523832519	DESCRIPTIVE_ONLY_OBSERVER_SCALE_GEOMETRY
5	165	248	1.3045864260119149	DESCRIPTIVE_ONLY_OBSERVER_SCALE_GEOMETRY
5	166	248	1.1743351561418196	DESCRIPTIVE_ONLY_OBSERVER_SCALE_GEOMETRY
5	167	248	1.0227010163544183	DESCRIPTIVE_ONLY_OBSERVER_SCALE_GEOMETRY
5	168	248	1.1350663774525172	DESCRIPTIVE_ONLY_OBSERVER_SCALE_GEOMETRY
5	169	248	1.2137309560048595	DESCRIPTIVE_ONLY_OBSERVER_SCALE_GEOMETRY
5	170	248	1.1064564047502352	DESCRIPTIVE_ONLY_OBSERVER_SCALE_GEOMETRY
5	171	248	1.1918888925747453	DESCRIPTIVE_ONLY_OBSERVER_SCALE_GEOMETRY
5	172	248	1.0977736109704077	DESCRIPTIVE_ONLY_OBSERVER_SCALE_GEOMETRY
5	173	248	1.17143271422603	DESCRIPTIVE_ONLY_OBSERVER_SCALE_GEOMETRY
5	174	248	1.1737368725755357	DESCRIPTIVE_ONLY_OBSERVER_SCALE_GEOMETRY
5	175	248	1.193954159578318	DESCRIPTIVE_ONLY_OBSERVER_SCALE_GEOMETRY
5	176	248	1.1363009866597285	DESCRIPTIVE_ONLY_OBSERVER_SCALE_GEOMETRY
5	177	248	1.142311221876166	DESCRIPTIVE_ONLY_OBSERVER_SCALE_GEOMETRY
5	178	248	1.2176899162657764	DESCRIPTIVE_ONLY_OBSERVER_SCALE_GEOMETRY
5	179	248	1.1371112201735945	DESCRIPTIVE_ONLY_OBSERVER_SCALE_GEOMETRY
5	180	248	1.0744849642815373	DESCRIPTIVE_ONLY_OBSERVER_SCALE_GEOMETRY
5	181	248	1.4314006936831087	DESCRIPTIVE_ONLY_OBSERVER_SCALE_GEOMETRY
5	182	248	1.3522010499088377	DESCRIPTIVE_ONLY_OBSERVER_SCALE_GEOMETRY
5	183	248	1.3196400653699998	DESCRIPTIVE_ONLY_OBSERVER_SCALE_GEOMETRY
5	184	248	1.3995358577711674	DESCRIPTIVE_ONLY_OBSERVER_SCALE_GEOMETRY
5	185	248	1.3131266400882395	DESCRIPTIVE_ONLY_OBSERVER_SCALE_GEOMETRY
5	186	248	1.380842974070144	DESCRIPTIVE_ONLY_OBSERVER_SCALE_GEOMETRY
5	187	248	1.3429549101019176	DESCRIPTIVE_ONLY_OBSERVER_SCALE_GEOMETRY
5	188	248	1.3171817042945348	DESCRIPTIVE_ONLY_OBSERVER_SCALE_GEOMETRY
5	189	248	1.3777871374783224	DESCRIPTIVE_ONLY_OBSERVER_SCALE_GEOMETRY
5	190	248	1.372539023675915	DESCRIPTIVE_ONLY_OBSERVER_SCALE_GEOMETRY
5	191	248	1.3502608591083627	DESCRIPTIVE_ONLY_OBSERVER_SCALE_GEOMETRY
5	192	248	1.3482727675402792	DESCRIPTIVE_ONLY_OBSERVER_SCALE_GEOMETRY
5	193	248	1.363177429303805	DESCRIPTIVE_ONLY_OBSERVER_SCALE_GEOMETRY
5	194	248	1.3152558209976226	DESCRIPTIVE_ONLY_OBSERVER_SCALE_GEOMETRY
5	195	248	1.4014433418170678	DESCRIPTIVE_ONLY_OBSERVER_SCALE_GEOMETRY
5	196	247	2.658513023028351	DESCRIPTIVE_ONLY_OBSERVER_SCALE_GEOMETRY
5	197	247	-4.015648276662589	DESCRIPTIVE_ONLY_OBSERVER_SCALE_GEOMETRY
5	198	247	5.677196774594697	DESCRIPTIVE_ONLY_OBSERVER_SCALE_GEOMETRY
5	199	247	1.2574017853040107	DESCRIPTIVE_ONLY_OBSERVER_SCALE_GEOMETRY
5	200	247	1.1787065625010817	DESCRIPTIVE_ONLY_OBSERVER_SCALE_GEOMETRY
5	201	247	1.0946231357973166	DESCRIPTIVE_ONLY_OBSERVER_SCALE_GEOMETRY
5	202	247	0.9860609267143645	DESCRIPTIVE_ONLY_OBSERVER_SCALE_GEOMETRY
5	203	247	2.069175385331682	DESCRIPTIVE_ONLY_OBSERVER_SCALE_GEOMETRY
5	204	247	1.4731212167266732	DESCRIPTIVE_ONLY_OBSERVER_SCALE_GEOMETRY
5	205	247	0.9577656655944846	DESCRIPTIVE_ONLY_OBSERVER_SCALE_GEOMETRY
5	206	247	1.5839612889915224	DESCRIPTIVE_ONLY_OBSERVER_SCALE_GEOMETRY
5	207	247	1.3292694040696522	DESCRIPTIVE_ONLY_OBSERVER_SCALE_GEOMETRY
5	208	247	1.354076518939972	DESCRIPTIVE_ONLY_OBSERVER_SCALE_GEOMETRY
5	209	247	1.3639732429482472	DESCRIPTIVE_ONLY_OBSERVER_SCALE_GEOMETRY
5	210	246	1.3878354823010353	DESCRIPTIVE_ONLY_OBSERVER_SCALE_GEOMETRY
5	211	246	1.348908353422901	DESCRIPTIVE_ONLY_OBSERVER_SCALE_GEOMETRY
5	212	246	1.3541714977930897	DESCRIPTIVE_ONLY_OBSERVER_SCALE_GEOMETRY
5	213	246	1.3522708648998332	DESCRIPTIVE_ONLY_OBSERVER_SCALE_GEOMETRY
5	214	246	1.3153778041008413	DESCRIPTIVE_ONLY_OBSERVER_SCALE_GEOMETRY
5	215	246	1.3234962002721986	DESCRIPTIVE_ONLY_OBSERVER_SCALE_GEOMETRY
5	216	246	1.5403985686671704	DESCRIPTIVE_ONLY_OBSERVER_SCALE_GEOMETRY
5	217	246	1.2729065052661273	DESCRIPTIVE_ONLY_OBSERVER_SCALE_GEOMETRY
5	218	246	1.4104381230914151	DESCRIPTIVE_ONLY_OBSERVER_SCALE_GEOMETRY
5	219	246	1.313153033153337	DESCRIPTIVE_ONLY_OBSERVER_SCALE_GEOMETRY
5	220	246	1.3045201379901474	DESCRIPTIVE_ONLY_OBSERVER_SCALE_GEOMETRY
5	221	246	1.462740513547119	DESCRIPTIVE_ONLY_OBSERVER_SCALE_GEOMETRY
5	222	246	1.2730773181678239	DESCRIPTIVE_ONLY_OBSERVER_SCALE_GEOMETRY
5	223	246	1.475293731738114	DESCRIPTIVE_ONLY_OBSERVER_SCALE_GEOMETRY
5	224	246	1.2944593906476956	DESCRIPTIVE_ONLY_OBSERVER_SCALE_GEOMETRY
5	225	246	1.3869206486595214	DESCRIPTIVE_ONLY_OBSERVER_SCALE_GEOMETRY
5	226	246	1.438575966075431	DESCRIPTIVE_ONLY_OBSERVER_SCALE_GEOMETRY
5	227	246	1.247524802535097	DESCRIPTIVE_ONLY_OBSERVER_SCALE_GEOMETRY
5	228	246	1.424159529274912	DESCRIPTIVE_ONLY_OBSERVER_SCALE_GEOMETRY
5	229	246	1.3546274373720844	DESCRIPTIVE_ONLY_OBSERVER_SCALE_GEOMETRY
5	230	246	1.3325058765130942	DESCRIPTIVE_ONLY_OBSERVER_SCALE_GEOMETRY
5	231	246	1.5003189287639758	DESCRIPTIVE_ONLY_OBSERVER_SCALE_GEOMETRY
5	232	246	1.2158874810736795	DESCRIPTIVE_ONLY_OBSERVER_SCALE_GEOMETRY
5	233	246	1.2895206784196118	DESCRIPTIVE_ONLY_OBSERVER_SCALE_GEOMETRY
5	234	246	1.4487561084095324	DESCRIPTIVE_ONLY_OBSERVER_SCALE_GEOMETRY
5	235	246	1.411993865140032	DESCRIPTIVE_ONLY_OBSERVER_SCALE_GEOMETRY
5	236	246	1.2182792748868099	DESCRIPTIVE_ONLY_OBSERVER_SCALE_GEOMETRY
5	237	246	1.430676713897726	DESCRIPTIVE_ONLY_OBSERVER_SCALE_GEOMETRY
5	238	246	1.3783410429097205	DESCRIPTIVE_ONLY_OBSERVER_SCALE_GEOMETRY
5	239	246	1.3818930173490966	DESCRIPTIVE_ONLY_OBSERVER_SCALE_GEOMETRY
5	240	246	1.3223733648844977	DESCRIPTIVE_ONLY_OBSERVER_SCALE_GEOMETRY
5	241	246	3.0524839060152367	DESCRIPTIVE_ONLY_OBSERVER_SCALE_GEOMETRY
5	242	246	3.469643945798228	DESCRIPTIVE_ONLY_OBSERVER_SCALE_GEOMETRY
5	243	246	2.981549417239515	DESCRIPTIVE_ONLY_OBSERVER_SCALE_GEOMETRY
5	244	246	3.2487916947972932	DESCRIPTIVE_ONLY_OBSERVER_SCALE_GEOMETRY
5	245	246	3.603536255284031	DESCRIPTIVE_ONLY_OBSERVER_SCALE_GEOMETRY
5	246	246	3.381658750342376	DESCRIPTIVE_ONLY_OBSERVER_SCALE_GEOMETRY
5	247	246	3.442627225771261	DESCRIPTIVE_ONLY_OBSERVER_SCALE_GEOMETRY
5	248	246	3.6199954606403013	DESCRIPTIVE_ONLY_OBSERVER_SCALE_GEOMETRY
5	249	246	3.3444687072898835	DESCRIPTIVE_ONLY_OBSERVER_SCALE_GEOMETRY
5	250	246	3.504629403632906	DESCRIPTIVE_ONLY_OBSERVER_SCALE_GEOMETRY
5	251	246	3.4728319020441973	DESCRIPTIVE_ONLY_OBSERVER_SCALE_GEOMETRY
5	252	246	3.487222499579522	DESCRIPTIVE_ONLY_OBSERVER_SCALE_GEOMETRY
5	253	246	3.410024135555026	DESCRIPTIVE_ONLY_OBSERVER_SCALE_GEOMETRY
5	254	246	3.5174540277811976	DESCRIPTIVE_ONLY_OBSERVER_SCALE_GEOMETRY
5	255	246	3.419463974005679	DESCRIPTIVE_ONLY_OBSERVER_SCALE_GEOMETRY
5	256	246	3.588599873547629	DESCRIPTIVE_ONLY_OBSERVER_SCALE_GEOMETRY
5	257	246	3.342564697281069	DESCRIPTIVE_ONLY_OBSERVER_SCALE_GEOMETRY
5	258	246	1.672472721533772	DESCRIPTIVE_ONLY_OBSERVER_SCALE_GEOMETRY
5	259	246	6.819406936494702	DESCRIPTIVE_ONLY_OBSERVER_SCALE_GEOMETRY
5	260	246	2.960910764563707	DESCRIPTIVE_ONLY_OBSERVER_SCALE_GEOMETRY
5	261	245	3.7865221481273794	DESCRIPTIVE_ONLY_OBSERVER_SCALE_GEOMETRY
5	262	245	3.5478098402236067	DESCRIPTIVE_ONLY_OBSERVER_SCALE_GEOMETRY
5	263	245	3.4049799668654583	DESCRIPTIVE_ONLY_OBSERVER_SCALE_GEOMETRY
5	264	245	3.5501714939568094	DESCRIPTIVE_ONLY_OBSERVER_SCALE_GEOMETRY
5	265	245	3.6902668961636853	DESCRIPTIVE_ONLY_OBSERVER_SCALE_GEOMETRY
5	266	245	3.521109933920822	DESCRIPTIVE_ONLY_OBSERVER_SCALE_GEOMETRY
5	267	245	3.7084091891724236	DESCRIPTIVE_ONLY_OBSERVER_SCALE_GEOMETRY
5	268	245	3.524570374287975	DESCRIPTIVE_ONLY_OBSERVER_SCALE_GEOMETRY
5	269	245	3.6513208614846957	DESCRIPTIVE_ONLY_OBSERVER_SCALE_GEOMETRY
5	270	245	3.5943382039487632	DESCRIPTIVE_ONLY_OBSERVER_SCALE_GEOMETRY
5	271	245	3.5610855697254755	DESCRIPTIVE_ONLY_OBSERVER_SCALE_GEOMETRY
5	272	245	3.7136223862101208	DESCRIPTIVE_ONLY_OBSERVER_SCALE_GEOMETRY
5	273	244	3.4888519310900983	DESCRIPTIVE_ONLY_OBSERVER_SCALE_GEOMETRY
5	274	244	3.7524913102851247	DESCRIPTIVE_ONLY_OBSERVER_SCALE_GEOMETRY
5	275	243	4.125923273245713	DESCRIPTIVE_ONLY_OBSERVER_SCALE_GEOMETRY
5	276	243	3.182937264226738	DESCRIPTIVE_ONLY_OBSERVER_SCALE_GEOMETRY
5	277	242	3.497644948586242	DESCRIPTIVE_ONLY_OBSERVER_SCALE_GEOMETRY
5	278	242	3.7707005497337054	DESCRIPTIVE_ONLY_OBSERVER_SCALE_GEOMETRY
5	279	242	3.433240144741991	DESCRIPTIVE_ONLY_OBSERVER_SCALE_GEOMETRY
5	280	242	3.8737171162969917	DESCRIPTIVE_ONLY_OBSERVER_SCALE_GEOMETRY
5	281	242	3.5102532500830765	DESCRIPTIVE_ONLY_OBSERVER_SCALE_GEOMETRY
5	282	242	3.7577487443604207	DESCRIPTIVE_ONLY_OBSERVER_SCALE_GEOMETRY
5	283	242	3.553471235284303	DESCRIPTIVE_ONLY_OBSERVER_SCALE_GEOMETRY
5	284	242	3.699378286503634	DESCRIPTIVE_ONLY_OBSERVER_SCALE_GEOMETRY
5	285	242	3.6743212774371354	DESCRIPTIVE_ONLY_OBSERVER_SCALE_GEOMETRY
5	286	242	3.689018129133422	DESCRIPTIVE_ONLY_OBSERVER_SCALE_GEOMETRY
5	287	242	3.5886527379106803	DESCRIPTIVE_ONLY_OBSERVER_SCALE_GEOMETRY
5	288	242	3.6871116258979555	DESCRIPTIVE_ONLY_OBSERVER_SCALE_GEOMETRY
5	289	242	3.583776567531119	DESCRIPTIVE_ONLY_OBSERVER_SCALE_GEOMETRY
5	290	242	3.7072589344464246	DESCRIPTIVE_ONLY_OBSERVER_SCALE_GEOMETRY
5	291	242	3.6037908820465128	DESCRIPTIVE_ONLY_OBSERVER_SCALE_GEOMETRY
5	292	242	3.6723988078568466	DESCRIPTIVE_ONLY_OBSERVER_SCALE_GEOMETRY
5	293	242	3.5928052078127877	DESCRIPTIVE_ONLY_OBSERVER_SCALE_GEOMETRY
5	294	242	3.7136244753695493	DESCRIPTIVE_ONLY_OBSERVER_SCALE_GEOMETRY
5	295	242	3.7611616302807103	DESCRIPTIVE_ONLY_OBSERVER_SCALE_GEOMETRY
5	296	242	3.4811851764116173	DESCRIPTIVE_ONLY_OBSERVER_SCALE_GEOMETRY
5	297	242	3.7422531693930847	DESCRIPTIVE_ONLY_OBSERVER_SCALE_GEOMETRY
5	298	242	3.6383074677352467	DESCRIPTIVE_ONLY_OBSERVER_SCALE_GEOMETRY
5	299	242	3.6129642444157644	DESCRIPTIVE_ONLY_OBSERVER_SCALE_GEOMETRY
5	300	242	3.6356089847012147	DESCRIPTIVE_ONLY_OBSERVER_SCALE_GEOMETRY
5	301	242	2.656667117014862	DESCRIPTIVE_ONLY_OBSERVER_SCALE_GEOMETRY
5	302	242	2.4485831078191898	DESCRIPTIVE_ONLY_OBSERVER_SCALE_GEOMETRY
5	303	242	2.497104602068128	DESCRIPTIVE_ONLY_OBSERVER_SCALE_GEOMETRY
5	304	242	2.5023043713874036	DESCRIPTIVE_ONLY_OBSERVER_SCALE_GEOMETRY
5	305	242	2.575572180965645	DESCRIPTIVE_ONLY_OBSERVER_SCALE_GEOMETRY
5	306	241	2.3723217860355272	DESCRIPTIVE_ONLY_OBSERVER_SCALE_GEOMETRY
5	307	241	2.6913956127358105	DESCRIPTIVE_ONLY_OBSERVER_SCALE_GEOMETRY
5	308	241	2.424013058996107	DESCRIPTIVE_ONLY_OBSERVER_SCALE_GEOMETRY
5	309	241	2.517433219375208	DESCRIPTIVE_ONLY_OBSERVER_SCALE_GEOMETRY
5	310	241	2.5599073266937076	DESCRIPTIVE_ONLY_OBSERVER_SCALE_GEOMETRY
5	311	241	2.531237383466691	DESCRIPTIVE_ONLY_OBSERVER_SCALE_GEOMETRY
5	312	241	2.528294600212417	DESCRIPTIVE_ONLY_OBSERVER_SCALE_GEOMETRY
5	313	241	2.5428228174097938	DESCRIPTIVE_ONLY_OBSERVER_SCALE_GEOMETRY
5	314	241	2.5167705542793164	DESCRIPTIVE_ONLY_OBSERVER_SCALE_GEOMETRY
5	315	240	2.4705221683109015	DESCRIPTIVE_ONLY_OBSERVER_SCALE_GEOMETRY
5	316	240	4.900973158212463	DESCRIPTIVE_ONLY_OBSERVER_SCALE_GEOMETRY
5	317	240	-8.705223435391861	DESCRIPTIVE_ONLY_OBSERVER_SCALE_GEOMETRY
5	318	240	9.283854075726127	DESCRIPTIVE_ONLY_OBSERVER_SCALE_GEOMETRY
5	319	240	4.840190194646975	DESCRIPTIVE_ONLY_OBSERVER_SCALE_GEOMETRY
5	320	239	2.763563592041927	DESCRIPTIVE_ONLY_OBSERVER_SCALE_GEOMETRY
5	321	239	2.2996563269718653	DESCRIPTIVE_ONLY_OBSERVER_SCALE_GEOMETRY
5	322	239	2.460358309646271	DESCRIPTIVE_ONLY_OBSERVER_SCALE_GEOMETRY
5	323	239	2.5169695921554593	DESCRIPTIVE_ONLY_OBSERVER_SCALE_GEOMETRY
5	324	239	2.6179463903232985	DESCRIPTIVE_ONLY_OBSERVER_SCALE_GEOMETRY
5	325	239	2.471150892145227	DESCRIPTIVE_ONLY_OBSERVER_SCALE_GEOMETRY
5	326	239	2.629854803017731	DESCRIPTIVE_ONLY_OBSERVER_SCALE_GEOMETRY
5	327	239	2.558542665523272	DESCRIPTIVE_ONLY_OBSERVER_SCALE_GEOMETRY
5	328	239	2.499716739532794	DESCRIPTIVE_ONLY_OBSERVER_SCALE_GEOMETRY
5	329	239	2.6394029235755596	DESCRIPTIVE_ONLY_OBSERVER_SCALE_GEOMETRY
5	330	239	2.5486075060469275	DESCRIPTIVE_ONLY_OBSERVER_SCALE_GEOMETRY
5	331	239	2.4806763702210772	DESCRIPTIVE_ONLY_OBSERVER_SCALE_GEOMETRY
5	332	239	2.595134701461674	DESCRIPTIVE_ONLY_OBSERVER_SCALE_GEOMETRY
5	333	239	2.5089504884981357	DESCRIPTIVE_ONLY_OBSERVER_SCALE_GEOMETRY
5	334	238	2.61477319162915	DESCRIPTIVE_ONLY_OBSERVER_SCALE_GEOMETRY
5	335	237	3.389440109573702	DESCRIPTIVE_ONLY_OBSERVER_SCALE_GEOMETRY
5	336	237	1.7425407048759172	DESCRIPTIVE_ONLY_OBSERVER_SCALE_GEOMETRY
5	337	237	2.5569404972676466	DESCRIPTIVE_ONLY_OBSERVER_SCALE_GEOMETRY
5	338	237	2.49292780742552	DESCRIPTIVE_ONLY_OBSERVER_SCALE_GEOMETRY
5	339	237	2.686385008624476	DESCRIPTIVE_ONLY_OBSERVER_SCALE_GEOMETRY
5	340	237	2.529748063978174	DESCRIPTIVE_ONLY_OBSERVER_SCALE_GEOMETRY
5	341	237	2.505130719616859	DESCRIPTIVE_ONLY_OBSERVER_SCALE_GEOMETRY
5	342	237	2.5888653596967997	DESCRIPTIVE_ONLY_OBSERVER_SCALE_GEOMETRY
5	343	237	2.603114836878217	DESCRIPTIVE_ONLY_OBSERVER_SCALE_GEOMETRY
5	344	237	2.4588005220891307	DESCRIPTIVE_ONLY_OBSERVER_SCALE_GEOMETRY
5	345	237	2.653976591393222	DESCRIPTIVE_ONLY_OBSERVER_SCALE_GEOMETRY
5	346	237	2.41815497250069	DESCRIPTIVE_ONLY_OBSERVER_SCALE_GEOMETRY
5	347	237	2.685628504976702	DESCRIPTIVE_ONLY_OBSERVER_SCALE_GEOMETRY
5	348	237	2.4660772464884673	DESCRIPTIVE_ONLY_OBSERVER_SCALE_GEOMETRY
5	349	237	2.579952785692903	DESCRIPTIVE_ONLY_OBSERVER_SCALE_GEOMETRY
5	350	237	2.516262893273773	DESCRIPTIVE_ONLY_OBSERVER_SCALE_GEOMETRY
5	351	237	2.620100943425488	DESCRIPTIVE_ONLY_OBSERVER_SCALE_GEOMETRY
5	352	237	2.5217106270601435	DESCRIPTIVE_ONLY_OBSERVER_SCALE_GEOMETRY
5	353	237	2.4722604515994493	DESCRIPTIVE_ONLY_OBSERVER_SCALE_GEOMETRY
5	354	237	2.603201863978662	DESCRIPTIVE_ONLY_OBSERVER_SCALE_GEOMETRY
5	355	237	2.5444571974634713	DESCRIPTIVE_ONLY_OBSERVER_SCALE_GEOMETRY
5	356	237	2.6111407842558094	DESCRIPTIVE_ONLY_OBSERVER_SCALE_GEOMETRY
5	357	237	2.5758513967911516	DESCRIPTIVE_ONLY_OBSERVER_SCALE_GEOMETRY
5	358	236	2.5068997607472325	DESCRIPTIVE_ONLY_OBSERVER_SCALE_GEOMETRY
5	359	236	2.533466943868596	DESCRIPTIVE_ONLY_OBSERVER_SCALE_GEOMETRY
5	360	236	2.5992627056502995	DESCRIPTIVE_ONLY_OBSERVER_SCALE_GEOMETRY
5	361	236	3.365463303228678	DESCRIPTIVE_ONLY_OBSERVER_SCALE_GEOMETRY
5	362	236	3.1651672240380013	DESCRIPTIVE_ONLY_OBSERVER_SCALE_GEOMETRY
5	363	236	2.903858947174305	DESCRIPTIVE_ONLY_OBSERVER_SCALE_GEOMETRY
5	364	236	3.451812549545007	DESCRIPTIVE_ONLY_OBSERVER_SCALE_GEOMETRY
5	365	236	3.5431390367335545	DESCRIPTIVE_ONLY_OBSERVER_SCALE_GEOMETRY
5	366	236	3.3868452357738223	DESCRIPTIVE_ONLY_OBSERVER_SCALE_GEOMETRY
5	367	236	3.3202298885911157	DESCRIPTIVE_ONLY_OBSERVER_SCALE_GEOMETRY
5	368	235	3.623652069473621	DESCRIPTIVE_ONLY_OBSERVER_SCALE_GEOMETRY
5	369	235	3.336729898724467	DESCRIPTIVE_ONLY_OBSERVER_SCALE_GEOMETRY
5	370	235	3.5400048588207174	DESCRIPTIVE_ONLY_OBSERVER_SCALE_GEOMETRY
5	371	235	3.3212136002124684	DESCRIPTIVE_ONLY_OBSERVER_SCALE_GEOMETRY
5	372	235	3.5931309797973245	DESCRIPTIVE_ONLY_OBSERVER_SCALE_GEOMETRY
5	373	235	3.3894655112967746	DESCRIPTIVE_ONLY_OBSERVER_SCALE_GEOMETRY
5	374	235	3.4310880681866274	DESCRIPTIVE_ONLY_OBSERVER_SCALE_GEOMETRY
5	375	235	3.489177608221963	DESCRIPTIVE_ONLY_OBSERVER_SCALE_GEOMETRY
5	376	235	3.468727371797812	DESCRIPTIVE_ONLY_OBSERVER_SCALE_GEOMETRY
5	377	235	3.414481136051391	DESCRIPTIVE_ONLY_OBSERVER_SCALE_GEOMETRY
5	378	235	7.504421607540496	DESCRIPTIVE_ONLY_OBSERVER_SCALE_GEOMETRY
5	379	235	-0.40647778256698247	DESCRIPTIVE_ONLY_OBSERVER_SCALE_GEOMETRY
5	380	235	3.7629601467510145	DESCRIPTIVE_ONLY_OBSERVER_SCALE_GEOMETRY
5	381	235	3.459140361658958	DESCRIPTIVE_ONLY_OBSERVER_SCALE_GEOMETRY
5	382	235	3.771947225003162	DESCRIPTIVE_ONLY_OBSERVER_SCALE_GEOMETRY
5	383	235	3.6229698155553165	DESCRIPTIVE_ONLY_OBSERVER_SCALE_GEOMETRY
5	384	235	3.6683919418755835	DESCRIPTIVE_ONLY_OBSERVER_SCALE_GEOMETRY
6	1	257	0.03839694442690157	DESCRIPTIVE_ONLY_OBSERVER_SCALE_GEOMETRY
6	2	257	-0.019615022768409207	DESCRIPTIVE_ONLY_OBSERVER_SCALE_GEOMETRY
6	3	257	-0.017940682842831786	DESCRIPTIVE_ONLY_OBSERVER_SCALE_GEOMETRY
6	4	257	0.009072319574011152	DESCRIPTIVE_ONLY_OBSERVER_SCALE_GEOMETRY
6	5	257	-0.023227107233032597	DESCRIPTIVE_ONLY_OBSERVER_SCALE_GEOMETRY
6	6	257	-0.05031285645320123	DESCRIPTIVE_ONLY_OBSERVER_SCALE_GEOMETRY
6	7	257	0.008056515676055425	DESCRIPTIVE_ONLY_OBSERVER_SCALE_GEOMETRY
6	8	257	-0.005373762805634218	DESCRIPTIVE_ONLY_OBSERVER_SCALE_GEOMETRY
6	9	257	0.020873685013955885	DESCRIPTIVE_ONLY_OBSERVER_SCALE_GEOMETRY
6	10	257	-0.0642961800859241	DESCRIPTIVE_ONLY_OBSERVER_SCALE_GEOMETRY
6	11	257	0.01343273518157678	DESCRIPTIVE_ONLY_OBSERVER_SCALE_GEOMETRY
6	12	257	0.03515803590198492	DESCRIPTIVE_ONLY_OBSERVER_SCALE_GEOMETRY
6	13	257	-0.2864370755047292	DESCRIPTIVE_ONLY_OBSERVER_SCALE_GEOMETRY
6	14	257	0.6236679838529681	DESCRIPTIVE_ONLY_OBSERVER_SCALE_GEOMETRY
6	15	257	-0.5665488602569315	DESCRIPTIVE_ONLY_OBSERVER_SCALE_GEOMETRY
6	16	257	-0.2038313502681122	DESCRIPTIVE_ONLY_OBSERVER_SCALE_GEOMETRY
6	17	257	2.7079293234549175	DESCRIPTIVE_ONLY_OBSERVER_SCALE_GEOMETRY
6	18	257	-2.2444342564122506	DESCRIPTIVE_ONLY_OBSERVER_SCALE_GEOMETRY
6	19	257	-0.045298976880206225	DESCRIPTIVE_ONLY_OBSERVER_SCALE_GEOMETRY
6	20	257	0.049466489828193363	DESCRIPTIVE_ONLY_OBSERVER_SCALE_GEOMETRY
6	21	257	-0.04411393967139607	DESCRIPTIVE_ONLY_OBSERVER_SCALE_GEOMETRY
6	22	257	0.07638941327350343	DESCRIPTIVE_ONLY_OBSERVER_SCALE_GEOMETRY
6	23	257	-0.022221907861653765	DESCRIPTIVE_ONLY_OBSERVER_SCALE_GEOMETRY
6	24	257	-0.013592050136907823	DESCRIPTIVE_ONLY_OBSERVER_SCALE_GEOMETRY
6	25	257	-0.001004065772228408	DESCRIPTIVE_ONLY_OBSERVER_SCALE_GEOMETRY
6	26	257	0.009439382939788155	DESCRIPTIVE_ONLY_OBSERVER_SCALE_GEOMETRY
6	27	257	0.03708956869703616	DESCRIPTIVE_ONLY_OBSERVER_SCALE_GEOMETRY
6	28	256	-0.016212534815946308	DESCRIPTIVE_ONLY_OBSERVER_SCALE_GEOMETRY
6	29	256	0.019671467189417847	DESCRIPTIVE_ONLY_OBSERVER_SCALE_GEOMETRY
6	30	255	0.05419047769301923	DESCRIPTIVE_ONLY_OBSERVER_SCALE_GEOMETRY
6	31	255	-0.09488681101844039	DESCRIPTIVE_ONLY_OBSERVER_SCALE_GEOMETRY
6	32	255	0.05627505605488415	DESCRIPTIVE_ONLY_OBSERVER_SCALE_GEOMETRY
6	33	255	0.0009403162526529157	DESCRIPTIVE_ONLY_OBSERVER_SCALE_GEOMETRY
6	34	255	2.9434795213715907	DESCRIPTIVE_ONLY_OBSERVER_SCALE_GEOMETRY
6	35	255	-3.032841904397373	DESCRIPTIVE_ONLY_OBSERVER_SCALE_GEOMETRY
6	36	255	0.11070096501188954	DESCRIPTIVE_ONLY_OBSERVER_SCALE_GEOMETRY
6	37	255	0.03617031330252465	DESCRIPTIVE_ONLY_OBSERVER_SCALE_GEOMETRY
6	38	255	-0.06072732142573022	DESCRIPTIVE_ONLY_OBSERVER_SCALE_GEOMETRY
6	39	255	0.07792853452789991	DESCRIPTIVE_ONLY_OBSERVER_SCALE_GEOMETRY
6	40	255	8.30048387712586	DESCRIPTIVE_ONLY_OBSERVER_SCALE_GEOMETRY
6	41	255	-7.259926187241623	DESCRIPTIVE_ONLY_OBSERVER_SCALE_GEOMETRY
6	42	255	-1.2569321230197938	DESCRIPTIVE_ONLY_OBSERVER_SCALE_GEOMETRY
6	43	255	-0.09121105019855875	DESCRIPTIVE_ONLY_OBSERVER_SCALE_GEOMETRY
6	44	255	-0.04321955024800943	DESCRIPTIVE_ONLY_OBSERVER_SCALE_GEOMETRY
6	45	255	0.32695177533745423	DESCRIPTIVE_ONLY_OBSERVER_SCALE_GEOMETRY
6	46	254	0.1293980746981852	DESCRIPTIVE_ONLY_OBSERVER_SCALE_GEOMETRY
6	47	254	-0.06253217164053236	DESCRIPTIVE_ONLY_OBSERVER_SCALE_GEOMETRY
6	48	254	0.02608146591592102	DESCRIPTIVE_ONLY_OBSERVER_SCALE_GEOMETRY
6	49	254	0.01836644155628047	DESCRIPTIVE_ONLY_OBSERVER_SCALE_GEOMETRY
6	50	254	0.0018450972108191568	DESCRIPTIVE_ONLY_OBSERVER_SCALE_GEOMETRY
6	51	254	-0.07503023325487222	DESCRIPTIVE_ONLY_OBSERVER_SCALE_GEOMETRY
6	52	254	0.10711163849967828	DESCRIPTIVE_ONLY_OBSERVER_SCALE_GEOMETRY
6	53	254	0.02759105470037645	DESCRIPTIVE_ONLY_OBSERVER_SCALE_GEOMETRY
6	54	254	-0.024562784768913656	DESCRIPTIVE_ONLY_OBSERVER_SCALE_GEOMETRY
6	55	254	-0.01114526425064235	DESCRIPTIVE_ONLY_OBSERVER_SCALE_GEOMETRY
6	56	254	0.09636616653924367	DESCRIPTIVE_ONLY_OBSERVER_SCALE_GEOMETRY
6	57	254	-0.038841075574813456	DESCRIPTIVE_ONLY_OBSERVER_SCALE_GEOMETRY
6	58	254	0.08102407407455285	DESCRIPTIVE_ONLY_OBSERVER_SCALE_GEOMETRY
6	59	253	-0.046985270024280296	DESCRIPTIVE_ONLY_OBSERVER_SCALE_GEOMETRY
6	60	253	0.046541997686158236	DESCRIPTIVE_ONLY_OBSERVER_SCALE_GEOMETRY
6	61	253	0.00323930007344541	DESCRIPTIVE_ONLY_OBSERVER_SCALE_GEOMETRY
6	62	253	0.021846745931917367	DESCRIPTIVE_ONLY_OBSERVER_SCALE_GEOMETRY
6	63	253	0.015676546882598858	DESCRIPTIVE_ONLY_OBSERVER_SCALE_GEOMETRY
6	64	253	0.035166617535232	DESCRIPTIVE_ONLY_OBSERVER_SCALE_GEOMETRY
6	65	253	-0.02138442033529805	DESCRIPTIVE_ONLY_OBSERVER_SCALE_GEOMETRY
6	66	253	0.06624056764012068	DESCRIPTIVE_ONLY_OBSERVER_SCALE_GEOMETRY
6	67	253	-0.0266654956459229	DESCRIPTIVE_ONLY_OBSERVER_SCALE_GEOMETRY
6	68	253	0.006676576450029713	DESCRIPTIVE_ONLY_OBSERVER_SCALE_GEOMETRY
6	69	253	0.01842169883522757	DESCRIPTIVE_ONLY_OBSERVER_SCALE_GEOMETRY
6	70	253	-0.03776004993437144	DESCRIPTIVE_ONLY_OBSERVER_SCALE_GEOMETRY
6	71	253	0.054638716276883936	DESCRIPTIVE_ONLY_OBSERVER_SCALE_GEOMETRY
6	72	253	0.02963641301726075	DESCRIPTIVE_ONLY_OBSERVER_SCALE_GEOMETRY
6	73	253	0.03971267338840934	DESCRIPTIVE_ONLY_OBSERVER_SCALE_GEOMETRY
6	74	253	-0.10263458870924443	DESCRIPTIVE_ONLY_OBSERVER_SCALE_GEOMETRY
6	75	253	-1.246839045620662	DESCRIPTIVE_ONLY_OBSERVER_SCALE_GEOMETRY
6	76	253	3.0669538160050287	DESCRIPTIVE_ONLY_OBSERVER_SCALE_GEOMETRY
6	77	253	-5.314238967599503	DESCRIPTIVE_ONLY_OBSERVER_SCALE_GEOMETRY
6	78	252	2.5791509338403533	DESCRIPTIVE_ONLY_OBSERVER_SCALE_GEOMETRY
6	79	252	1.057448457780143	DESCRIPTIVE_ONLY_OBSERVER_SCALE_GEOMETRY
6	80	252	0.03629102567915896	DESCRIPTIVE_ONLY_OBSERVER_SCALE_GEOMETRY
6	81	252	-0.08303002566298771	DESCRIPTIVE_ONLY_OBSERVER_SCALE_GEOMETRY
6	82	252	0.11456457456529309	DESCRIPTIVE_ONLY_OBSERVER_SCALE_GEOMETRY
6	83	252	-0.060171888439765106	DESCRIPTIVE_ONLY_OBSERVER_SCALE_GEOMETRY
6	84	252	-0.012682663322092766	DESCRIPTIVE_ONLY_OBSERVER_SCALE_GEOMETRY
6	85	252	0.018637650749506317	DESCRIPTIVE_ONLY_OBSERVER_SCALE_GEOMETRY
6	86	252	-0.02819720388448833	DESCRIPTIVE_ONLY_OBSERVER_SCALE_GEOMETRY
6	87	252	0.0618280833517314	DESCRIPTIVE_ONLY_OBSERVER_SCALE_GEOMETRY
6	88	252	-0.07209827513458851	DESCRIPTIVE_ONLY_OBSERVER_SCALE_GEOMETRY
6	89	252	-0.013126882576898832	DESCRIPTIVE_ONLY_OBSERVER_SCALE_GEOMETRY
6	90	252	0.026532916486824983	DESCRIPTIVE_ONLY_OBSERVER_SCALE_GEOMETRY
6	91	252	-0.001781844830257724	DESCRIPTIVE_ONLY_OBSERVER_SCALE_GEOMETRY
6	92	252	-0.03987121371967503	DESCRIPTIVE_ONLY_OBSERVER_SCALE_GEOMETRY
6	93	252	0.038232727731353604	DESCRIPTIVE_ONLY_OBSERVER_SCALE_GEOMETRY
6	94	252	-0.013748052030092144	DESCRIPTIVE_ONLY_OBSERVER_SCALE_GEOMETRY
6	95	252	0.03626164206184786	DESCRIPTIVE_ONLY_OBSERVER_SCALE_GEOMETRY
6	96	252	-0.01131711818427882	DESCRIPTIVE_ONLY_OBSERVER_SCALE_GEOMETRY
6	97	252	-0.0379078403415334	DESCRIPTIVE_ONLY_OBSERVER_SCALE_GEOMETRY
6	98	252	0.00996562353160899	DESCRIPTIVE_ONLY_OBSERVER_SCALE_GEOMETRY
6	99	252	0.047273294319107116	DESCRIPTIVE_ONLY_OBSERVER_SCALE_GEOMETRY
6	100	252	-0.11049034659521083	DESCRIPTIVE_ONLY_OBSERVER_SCALE_GEOMETRY
6	101	252	1.9632856956228901	DESCRIPTIVE_ONLY_OBSERVER_SCALE_GEOMETRY
6	102	252	-1.844470735871551	DESCRIPTIVE_ONLY_OBSERVER_SCALE_GEOMETRY
6	103	252	0.009731354255758934	DESCRIPTIVE_ONLY_OBSERVER_SCALE_GEOMETRY
6	104	252	-0.02219795420107962	DESCRIPTIVE_ONLY_OBSERVER_SCALE_GEOMETRY
6	105	252	-0.08701954861919985	DESCRIPTIVE_ONLY_OBSERVER_SCALE_GEOMETRY
6	106	252	0.0909107274364176	DESCRIPTIVE_ONLY_OBSERVER_SCALE_GEOMETRY
6	107	252	-0.005486884236878089	DESCRIPTIVE_ONLY_OBSERVER_SCALE_GEOMETRY
6	108	252	-0.03300708294705393	DESCRIPTIVE_ONLY_OBSERVER_SCALE_GEOMETRY
6	109	252	0.010474363858992947	DESCRIPTIVE_ONLY_OBSERVER_SCALE_GEOMETRY
6	110	252	0.05865318178075744	DESCRIPTIVE_ONLY_OBSERVER_SCALE_GEOMETRY
6	111	252	-0.04207853075705324	DESCRIPTIVE_ONLY_OBSERVER_SCALE_GEOMETRY
6	112	252	0.007475126542474667	DESCRIPTIVE_ONLY_OBSERVER_SCALE_GEOMETRY
6	113	252	0.02004092096991833	DESCRIPTIVE_ONLY_OBSERVER_SCALE_GEOMETRY
6	114	252	0.028858424732939526	DESCRIPTIVE_ONLY_OBSERVER_SCALE_GEOMETRY
6	115	252	-0.08295906611450868	DESCRIPTIVE_ONLY_OBSERVER_SCALE_GEOMETRY
6	116	252	0.03575596844371557	DESCRIPTIVE_ONLY_OBSERVER_SCALE_GEOMETRY
6	117	252	0.038566518830313756	DESCRIPTIVE_ONLY_OBSERVER_SCALE_GEOMETRY
6	118	252	-0.07616541667854843	DESCRIPTIVE_ONLY_OBSERVER_SCALE_GEOMETRY
6	119	252	0.03785340852257701	DESCRIPTIVE_ONLY_OBSERVER_SCALE_GEOMETRY
6	120	252	-0.03545236670459522	DESCRIPTIVE_ONLY_OBSERVER_SCALE_GEOMETRY
6	121	252	0.03562730338487597	DESCRIPTIVE_ONLY_OBSERVER_SCALE_GEOMETRY
6	122	252	0.052452987931025534	DESCRIPTIVE_ONLY_OBSERVER_SCALE_GEOMETRY
6	123	252	-0.11098752173680726	DESCRIPTIVE_ONLY_OBSERVER_SCALE_GEOMETRY
6	124	251	0.05358400835177995	DESCRIPTIVE_ONLY_OBSERVER_SCALE_GEOMETRY
6	125	251	0.03812792812956325	DESCRIPTIVE_ONLY_OBSERVER_SCALE_GEOMETRY
6	126	251	0.0034630400452278004	DESCRIPTIVE_ONLY_OBSERVER_SCALE_GEOMETRY
6	127	251	-0.05166077243946215	DESCRIPTIVE_ONLY_OBSERVER_SCALE_GEOMETRY
6	128	251	-0.01883815766768715	DESCRIPTIVE_ONLY_OBSERVER_SCALE_GEOMETRY
6	129	251	0.12072028637410866	DESCRIPTIVE_ONLY_OBSERVER_SCALE_GEOMETRY
6	130	251	-0.13456431143727463	DESCRIPTIVE_ONLY_OBSERVER_SCALE_GEOMETRY
6	131	251	0.0500266955303196	DESCRIPTIVE_ONLY_OBSERVER_SCALE_GEOMETRY
6	132	251	0.007705120019647215	DESCRIPTIVE_ONLY_OBSERVER_SCALE_GEOMETRY
6	133	250	-0.023911319343256857	DESCRIPTIVE_ONLY_OBSERVER_SCALE_GEOMETRY
6	134	250	0.09103847966181944	DESCRIPTIVE_ONLY_OBSERVER_SCALE_GEOMETRY
6	135	250	0.4241300002391199	DESCRIPTIVE_ONLY_OBSERVER_SCALE_GEOMETRY
6	136	250	-0.4297995437700814	DESCRIPTIVE_ONLY_OBSERVER_SCALE_GEOMETRY
6	137	250	2.350890892036043	DESCRIPTIVE_ONLY_OBSERVER_SCALE_GEOMETRY
6	138	250	-2.155639709093163	DESCRIPTIVE_ONLY_OBSERVER_SCALE_GEOMETRY
6	139	250	-0.1470901375473729	DESCRIPTIVE_ONLY_OBSERVER_SCALE_GEOMETRY
6	140	250	-0.08106861218675482	DESCRIPTIVE_ONLY_OBSERVER_SCALE_GEOMETRY
6	141	250	0.07168482070192414	DESCRIPTIVE_ONLY_OBSERVER_SCALE_GEOMETRY
6	142	250	0.07434975263207261	DESCRIPTIVE_ONLY_OBSERVER_SCALE_GEOMETRY
6	143	250	-0.1844041348332539	DESCRIPTIVE_ONLY_OBSERVER_SCALE_GEOMETRY
6	144	250	0.3426946279396191	DESCRIPTIVE_ONLY_OBSERVER_SCALE_GEOMETRY
6	145	249	-0.09948660491169398	DESCRIPTIVE_ONLY_OBSERVER_SCALE_GEOMETRY
6	146	249	-0.3552436834436365	DESCRIPTIVE_ONLY_OBSERVER_SCALE_GEOMETRY
6	147	249	0.08920657306857178	DESCRIPTIVE_ONLY_OBSERVER_SCALE_GEOMETRY
6	148	249	0.05909875904979426	DESCRIPTIVE_ONLY_OBSERVER_SCALE_GEOMETRY
6	149	249	0.01064808659683165	DESCRIPTIVE_ONLY_OBSERVER_SCALE_GEOMETRY
6	150	249	-0.07012821848972481	DESCRIPTIVE_ONLY_OBSERVER_SCALE_GEOMETRY
6	151	249	0.04755738698182051	DESCRIPTIVE_ONLY_OBSERVER_SCALE_GEOMETRY
6	152	249	-0.02864685350394605	DESCRIPTIVE_ONLY_OBSERVER_SCALE_GEOMETRY
6	153	249	0.00125927115550134	DESCRIPTIVE_ONLY_OBSERVER_SCALE_GEOMETRY
6	154	249	1.1027927737829761	DESCRIPTIVE_ONLY_OBSERVER_SCALE_GEOMETRY
6	155	249	-1.1053912898219456	DESCRIPTIVE_ONLY_OBSERVER_SCALE_GEOMETRY
6	156	248	0.01658890134611107	DESCRIPTIVE_ONLY_OBSERVER_SCALE_GEOMETRY
6	157	248	0.015829464330849165	DESCRIPTIVE_ONLY_OBSERVER_SCALE_GEOMETRY
6	158	248	-0.014275196286626156	DESCRIPTIVE_ONLY_OBSERVER_SCALE_GEOMETRY
6	159	248	-0.021591902815965767	DESCRIPTIVE_ONLY_OBSERVER_SCALE_GEOMETRY
6	160	248	0.0045187437377122415	DESCRIPTIVE_ONLY_OBSERVER_SCALE_GEOMETRY
6	161	248	-0.1667357889989989	DESCRIPTIVE_ONLY_OBSERVER_SCALE_GEOMETRY
6	162	248	0.06666461841285036	DESCRIPTIVE_ONLY_OBSERVER_SCALE_GEOMETRY
6	163	248	0.029642599434430938	DESCRIPTIVE_ONLY_OBSERVER_SCALE_GEOMETRY
6	164	248	0.15633360533786658	DESCRIPTIVE_ONLY_OBSERVER_SCALE_GEOMETRY
6	165	248	0.01930385565387211	DESCRIPTIVE_ONLY_OBSERVER_SCALE_GEOMETRY
6	166	248	-0.12505795971516764	DESCRIPTIVE_ONLY_OBSERVER_SCALE_GEOMETRY
6	167	248	-0.014286406498672159	DESCRIPTIVE_ONLY_OBSERVER_SCALE_GEOMETRY
6	168	248	0.06112779988275372	DESCRIPTIVE_ONLY_OBSERVER_SCALE_GEOMETRY
6	169	248	-0.0469056381089713	DESCRIPTIVE_ONLY_OBSERVER_SCALE_GEOMETRY
6	170	248	0.02986219352780945	DESCRIPTIVE_ONLY_OBSERVER_SCALE_GEOMETRY
6	171	248	-0.06464488500559785	DESCRIPTIVE_ONLY_OBSERVER_SCALE_GEOMETRY
6	172	248	0.012383529060566858	DESCRIPTIVE_ONLY_OBSERVER_SCALE_GEOMETRY
6	173	248	0.006795917254987501	DESCRIPTIVE_ONLY_OBSERVER_SCALE_GEOMETRY
6	174	248	0.031720791881709065	DESCRIPTIVE_ONLY_OBSERVER_SCALE_GEOMETRY
6	175	248	-0.025555319369607046	DESCRIPTIVE_ONLY_OBSERVER_SCALE_GEOMETRY
6	176	248	-0.013433436349227269	DESCRIPTIVE_ONLY_OBSERVER_SCALE_GEOMETRY
6	177	248	0.05476963480786565	DESCRIPTIVE_ONLY_OBSERVER_SCALE_GEOMETRY
6	178	248	-0.017441315160106254	DESCRIPTIVE_ONLY_OBSERVER_SCALE_GEOMETRY
6	179	248	-0.08518818187553341	DESCRIPTIVE_ONLY_OBSERVER_SCALE_GEOMETRY
6	180	248	0.09173665383555442	DESCRIPTIVE_ONLY_OBSERVER_SCALE_GEOMETRY
6	181	248	0.00982830693703297	DESCRIPTIVE_ONLY_OBSERVER_SCALE_GEOMETRY
6	182	248	-0.046331021029207164	DESCRIPTIVE_ONLY_OBSERVER_SCALE_GEOMETRY
6	183	248	0.05271367161638205	DESCRIPTIVE_ONLY_OBSERVER_SCALE_GEOMETRY
6	184	248	-0.05342756483899374	DESCRIPTIVE_ONLY_OBSERVER_SCALE_GEOMETRY
6	185	248	0.03228100154606034	DESCRIPTIVE_ONLY_OBSERVER_SCALE_GEOMETRY
6	186	248	-0.023191949665506053	DESCRIPTIVE_ONLY_OBSERVER_SCALE_GEOMETRY
6	187	248	-0.04965203828856361	DESCRIPTIVE_ONLY_OBSERVER_SCALE_GEOMETRY
6	188	248	0.028898033893208313	DESCRIPTIVE_ONLY_OBSERVER_SCALE_GEOMETRY
6	189	248	0.004648456225881666	DESCRIPTIVE_ONLY_OBSERVER_SCALE_GEOMETRY
6	190	248	0.0017051789676330372	DESCRIPTIVE_ONLY_OBSERVER_SCALE_GEOMETRY
6	191	248	-0.00581789004286179	DESCRIPTIVE_ONLY_OBSERVER_SCALE_GEOMETRY
6	192	248	-0.003056314515242328	DESCRIPTIVE_ONLY_OBSERVER_SCALE_GEOMETRY
6	193	248	-0.03282701125412661	DESCRIPTIVE_ONLY_OBSERVER_SCALE_GEOMETRY
6	194	248	0.04034904323851791	DESCRIPTIVE_ONLY_OBSERVER_SCALE_GEOMETRY
6	195	247	1.3017962834540366	DESCRIPTIVE_ONLY_OBSERVER_SCALE_GEOMETRY
6	196	247	-5.368764273045007	DESCRIPTIVE_ONLY_OBSERVER_SCALE_GEOMETRY
6	197	247	4.324881807045809	DESCRIPTIVE_ONLY_OBSERVER_SCALE_GEOMETRY
6	198	247	-0.10057314890835588	DESCRIPTIVE_ONLY_OBSERVER_SCALE_GEOMETRY
6	199	247	-0.1776101903192628	DESCRIPTIVE_ONLY_OBSERVER_SCALE_GEOMETRY
6	200	247	-0.2695613564196838	DESCRIPTIVE_ONLY_OBSERVER_SCALE_GEOMETRY
6	201	247	-0.3878254775395793	DESCRIPTIVE_ONLY_OBSERVER_SCALE_GEOMETRY
6	202	247	0.6971397456498116	DESCRIPTIVE_ONLY_OBSERVER_SCALE_GEOMETRY
6	203	247	0.12246645203304836	DESCRIPTIVE_ONLY_OBSERVER_SCALE_GEOMETRY
6	204	247	-0.41223074963476863	DESCRIPTIVE_ONLY_OBSERVER_SCALE_GEOMETRY
6	205	247	0.2140384431895063	DESCRIPTIVE_ONLY_OBSERVER_SCALE_GEOMETRY
6	206	247	-0.030645076824316327	DESCRIPTIVE_ONLY_OBSERVER_SCALE_GEOMETRY
6	207	247	-0.006306771164149797	DESCRIPTIVE_ONLY_OBSERVER_SCALE_GEOMETRY
6	208	247	0.007770298931310169	DESCRIPTIVE_ONLY_OBSERVER_SCALE_GEOMETRY
6	209	246	0.013397725111363282	DESCRIPTIVE_ONLY_OBSERVER_SCALE_GEOMETRY
6	210	246	-0.0273793679111215	DESCRIPTIVE_ONLY_OBSERVER_SCALE_GEOMETRY
6	211	246	-0.024824082820483054	DESCRIPTIVE_ONLY_OBSERVER_SCALE_GEOMETRY
6	212	246	-0.014769075693413816	DESCRIPTIVE_ONLY_OBSERVER_SCALE_GEOMETRY
6	213	246	-0.050356335292414824	DESCRIPTIVE_ONLY_OBSERVER_SCALE_GEOMETRY
6	214	246	-0.04230210123929652	DESCRIPTIVE_ONLY_OBSERVER_SCALE_GEOMETRY
6	215	246	0.17997098884310453	DESCRIPTIVE_ONLY_OBSERVER_SCALE_GEOMETRY
6	216	246	-0.11036015937997506	DESCRIPTIVE_ONLY_OBSERVER_SCALE_GEOMETRY
6	217	246	0.034830063886210134	DESCRIPTIVE_ONLY_OBSERVER_SCALE_GEOMETRY
6	218	246	-0.05229022192664028	DESCRIPTIVE_ONLY_OBSERVER_SCALE_GEOMETRY
6	219	246	-0.06266761380816006	DESCRIPTIVE_ONLY_OBSERVER_SCALE_GEOMETRY
6	220	246	0.10175319033132078	DESCRIPTIVE_ONLY_OBSERVER_SCALE_GEOMETRY
6	221	246	-0.10869305361422785	DESCRIPTIVE_ONLY_OBSERVER_SCALE_GEOMETRY
6	222	246	0.09428525008406612	DESCRIPTIVE_ONLY_OBSERVER_SCALE_GEOMETRY
6	223	246	-0.07896424399907297	DESCRIPTIVE_ONLY_OBSERVER_SCALE_GEOMETRY
6	224	246	0.016089087368890448	DESCRIPTIVE_ONLY_OBSERVER_SCALE_GEOMETRY
6	225	246	0.07622652259611583	DESCRIPTIVE_ONLY_OBSERVER_SCALE_GEOMETRY
6	226	246	-0.09569760280723763	DESCRIPTIVE_ONLY_OBSERVER_SCALE_GEOMETRY
6	227	246	0.06652215866502825	DESCRIPTIVE_ONLY_OBSERVER_SCALE_GEOMETRY
6	228	246	-0.00680997707598308	DESCRIPTIVE_ONLY_OBSERVER_SCALE_GEOMETRY
6	229	246	-0.010210036160011907	DESCRIPTIVE_ONLY_OBSERVER_SCALE_GEOMETRY
6	230	246	0.14410798997205815	DESCRIPTIVE_ONLY_OBSERVER_SCALE_GEOMETRY
6	231	246	-0.14575434084380648	DESCRIPTIVE_ONLY_OBSERVER_SCALE_GEOMETRY
6	232	246	-0.05391828512083911	DESCRIPTIVE_ONLY_OBSERVER_SCALE_GEOMETRY
6	233	246	0.09903972480609072	DESCRIPTIVE_ONLY_OBSERVER_SCALE_GEOMETRY
6	234	246	0.060211663829405335	DESCRIPTIVE_ONLY_OBSERVER_SCALE_GEOMETRY
6	235	246	-0.14809478580850743	DESCRIPTIVE_ONLY_OBSERVER_SCALE_GEOMETRY
6	236	246	0.07889331417305719	DESCRIPTIVE_ONLY_OBSERVER_SCALE_GEOMETRY
6	237	246	0.009413501546381943	DESCRIPTIVE_ONLY_OBSERVER_SCALE_GEOMETRY
6	238	246	0.026219067569665164	DESCRIPTIVE_ONLY_OBSERVER_SCALE_GEOMETRY
6	239	246	-0.049364343267357697	DESCRIPTIVE_ONLY_OBSERVER_SCALE_GEOMETRY
6	240	246	0.07248888753926509	DESCRIPTIVE_ONLY_OBSERVER_SCALE_GEOMETRY
6	241	246	0.017537686082273338	DESCRIPTIVE_ONLY_OBSERVER_SCALE_GEOMETRY
6	242	246	-0.07098593272765139	DESCRIPTIVE_ONLY_OBSERVER_SCALE_GEOMETRY
6	243	246	-0.07698031521081909	DESCRIPTIVE_ONLY_OBSERVER_SCALE_GEOMETRY
6	244	246	0.12037862915492345	DESCRIPTIVE_ONLY_OBSERVER_SCALE_GEOMETRY
6	245	246	-0.0628147453645867	DESCRIPTIVE_ONLY_OBSERVER_SCALE_GEOMETRY
6	246	246	-0.03619016899686424	DESCRIPTIVE_ONLY_OBSERVER_SCALE_GEOMETRY
6	247	246	0.14789163128649063	DESCRIPTIVE_ONLY_OBSERVER_SCALE_GEOMETRY
6	248	246	-0.10524067020951255	DESCRIPTIVE_ONLY_OBSERVER_SCALE_GEOMETRY
6	249	246	0.055308385922608526	DESCRIPTIVE_ONLY_OBSERVER_SCALE_GEOMETRY
6	250	246	-0.010663563031218223	DESCRIPTIVE_ONLY_OBSERVER_SCALE_GEOMETRY
6	251	246	0.005223819123460353	DESCRIPTIVE_ONLY_OBSERVER_SCALE_GEOMETRY
6	252	246	-0.04625474731646536	DESCRIPTIVE_ONLY_OBSERVER_SCALE_GEOMETRY
6	253	246	0.03303329123287947	DESCRIPTIVE_ONLY_OBSERVER_SCALE_GEOMETRY
6	254	246	-0.04154045211463281	DESCRIPTIVE_ONLY_OBSERVER_SCALE_GEOMETRY
6	255	246	0.129698333250558	DESCRIPTIVE_ONLY_OBSERVER_SCALE_GEOMETRY
6	256	246	-0.11907694137265643	DESCRIPTIVE_ONLY_OBSERVER_SCALE_GEOMETRY
6	257	246	-2.295576661162267	DESCRIPTIVE_ONLY_OBSERVER_SCALE_GEOMETRY
6	258	246	3.0394538887346725	DESCRIPTIVE_ONLY_OBSERVER_SCALE_GEOMETRY
6	259	246	-0.6277311301334285	DESCRIPTIVE_ONLY_OBSERVER_SCALE_GEOMETRY
6	260	245	0.18037533310689097	DESCRIPTIVE_ONLY_OBSERVER_SCALE_GEOMETRY
6	261	245	-0.049322912197025184	DESCRIPTIVE_ONLY_OBSERVER_SCALE_GEOMETRY
6	262	245	-0.20579303949634584	DESCRIPTIVE_ONLY_OBSERVER_SCALE_GEOMETRY
6	263	245	-0.04876190348220211	DESCRIPTIVE_ONLY_OBSERVER_SCALE_GEOMETRY
6	264	245	0.07418427225005522	DESCRIPTIVE_ONLY_OBSERVER_SCALE_GEOMETRY
6	265	245	-0.08585282300237798	DESCRIPTIVE_ONLY_OBSERVER_SCALE_GEOMETRY
6	266	245	0.10171716069038157	DESCRIPTIVE_ONLY_OBSERVER_SCALE_GEOMETRY
6	267	245	-0.07959536050618785	DESCRIPTIVE_ONLY_OBSERVER_SCALE_GEOMETRY
6	268	245	0.05790949352990281	DESCRIPTIVE_ONLY_OBSERVER_SCALE_GEOMETRY
6	269	245	0.00007132894061440789	DESCRIPTIVE_ONLY_OBSERVER_SCALE_GEOMETRY
6	270	245	-0.04472195152851824	DESCRIPTIVE_ONLY_OBSERVER_SCALE_GEOMETRY
6	271	245	0.10861651023949401	DESCRIPTIVE_ONLY_OBSERVER_SCALE_GEOMETRY
6	272	244	-0.13443861448154845	DESCRIPTIVE_ONLY_OBSERVER_SCALE_GEOMETRY
6	273	244	0.12403624179270493	DESCRIPTIVE_ONLY_OBSERVER_SCALE_GEOMETRY
6	274	243	0.4945741346403855	DESCRIPTIVE_ONLY_OBSERVER_SCALE_GEOMETRY
6	275	243	-0.4411755530667218	DESCRIPTIVE_ONLY_OBSERVER_SCALE_GEOMETRY
6	276	242	-0.15059896579510268	DESCRIPTIVE_ONLY_OBSERVER_SCALE_GEOMETRY
6	277	242	0.13354627679440315	DESCRIPTIVE_ONLY_OBSERVER_SCALE_GEOMETRY
6	278	242	-0.20547354093657072	DESCRIPTIVE_ONLY_OBSERVER_SCALE_GEOMETRY
6	279	242	0.22552726496176986	DESCRIPTIVE_ONLY_OBSERVER_SCALE_GEOMETRY
6	280	242	-0.13089046560162207	DESCRIPTIVE_ONLY_OBSERVER_SCALE_GEOMETRY
6	281	242	0.10806785036814127	DESCRIPTIVE_ONLY_OBSERVER_SCALE_GEOMETRY
6	282	242	-0.08800633038957897	DESCRIPTIVE_ONLY_OBSERVER_SCALE_GEOMETRY
6	283	242	0.06017572186038382	DESCRIPTIVE_ONLY_OBSERVER_SCALE_GEOMETRY
6	284	242	0.03518714299300628	DESCRIPTIVE_ONLY_OBSERVER_SCALE_GEOMETRY
6	285	242	0.04890763313481199	DESCRIPTIVE_ONLY_OBSERVER_SCALE_GEOMETRY
6	286	242	-0.049254612686259885	DESCRIPTIVE_ONLY_OBSERVER_SCALE_GEOMETRY
6	287	242	0.053042234694469406	DESCRIPTIVE_ONLY_OBSERVER_SCALE_GEOMETRY
6	288	242	-0.04732903262754225	DESCRIPTIVE_ONLY_OBSERVER_SCALE_GEOMETRY
6	289	242	0.07687834747297184	DESCRIPTIVE_ONLY_OBSERVER_SCALE_GEOMETRY
6	290	242	-0.03176926115887879	DESCRIPTIVE_ONLY_OBSERVER_SCALE_GEOMETRY
6	291	242	0.03975749904472472	DESCRIPTIVE_ONLY_OBSERVER_SCALE_GEOMETRY
6	292	242	-0.04777796355268819	DESCRIPTIVE_ONLY_OBSERVER_SCALE_GEOMETRY
6	293	242	0.0848827489108995	DESCRIPTIVE_ONLY_OBSERVER_SCALE_GEOMETRY
6	294	242	0.12999062958774815	DESCRIPTIVE_ONLY_OBSERVER_SCALE_GEOMETRY
6	295	242	-0.1527643783574923	DESCRIPTIVE_ONLY_OBSERVER_SCALE_GEOMETRY
6	296	242	0.11537971670604254	DESCRIPTIVE_ONLY_OBSERVER_SCALE_GEOMETRY
6	297	242	0.0038685613828227	DESCRIPTIVE_ONLY_OBSERVER_SCALE_GEOMETRY
6	298	242	-0.016305080556625953	DESCRIPTIVE_ONLY_OBSERVER_SCALE_GEOMETRY
6	299	242	0.0033968499357509884	DESCRIPTIVE_ONLY_OBSERVER_SCALE_GEOMETRY
6	300	242	0.13879048408962694	DESCRIPTIVE_ONLY_OBSERVER_SCALE_GEOMETRY
6	301	242	-0.03698696030620876	DESCRIPTIVE_ONLY_OBSERVER_SCALE_GEOMETRY
6	302	242	0.010189561407033443	DESCRIPTIVE_ONLY_OBSERVER_SCALE_GEOMETRY
6	303	242	0.01800754038188846	DESCRIPTIVE_ONLY_OBSERVER_SCALE_GEOMETRY
6	304	242	0.09280608476481622	DESCRIPTIVE_ONLY_OBSERVER_SCALE_GEOMETRY
6	305	241	-0.12356864530321758	DESCRIPTIVE_ONLY_OBSERVER_SCALE_GEOMETRY
6	306	241	0.17838764742838323	DESCRIPTIVE_ONLY_OBSERVER_SCALE_GEOMETRY
6	307	241	-0.09879658053164314	DESCRIPTIVE_ONLY_OBSERVER_SCALE_GEOMETRY
6	308	241	0.005076431155824572	DESCRIPTIVE_ONLY_OBSERVER_SCALE_GEOMETRY
6	309	241	0.04535576923925696	DESCRIPTIVE_ONLY_OBSERVER_SCALE_GEOMETRY
6	310	241	0.019009436304459667	DESCRIPTIVE_ONLY_OBSERVER_SCALE_GEOMETRY
6	311	241	0.027556552642343017	DESCRIPTIVE_ONLY_OBSERVER_SCALE_GEOMETRY
6	312	241	0.033167286541039474	DESCRIPTIVE_ONLY_OBSERVER_SCALE_GEOMETRY
6	313	241	0.014784992858075127	DESCRIPTIVE_ONLY_OBSERVER_SCALE_GEOMETRY
6	314	240	-0.05196676131497737	DESCRIPTIVE_ONLY_OBSERVER_SCALE_GEOMETRY
6	315	240	2.3810742744004587	DESCRIPTIVE_ONLY_OBSERVER_SCALE_GEOMETRY
6	316	240	-11.22070203804279	DESCRIPTIVE_ONLY_OBSERVER_SCALE_GEOMETRY
6	317	240	6.770889984333215	DESCRIPTIVE_ONLY_OBSERVER_SCALE_GEOMETRY
6	318	240	2.3325165606879934	DESCRIPTIVE_ONLY_OBSERVER_SCALE_GEOMETRY
6	319	239	0.23852942568904803	DESCRIPTIVE_ONLY_OBSERVER_SCALE_GEOMETRY
6	320	239	-0.22266398797900547	DESCRIPTIVE_ONLY_OBSERVER_SCALE_GEOMETRY
6	321	239	-0.06359623419834372	DESCRIPTIVE_ONLY_OBSERVER_SCALE_GEOMETRY
6	322	239	-0.014560749230338644	DESCRIPTIVE_ONLY_OBSERVER_SCALE_GEOMETRY
6	323	239	0.08093813579391625	DESCRIPTIVE_ONLY_OBSERVER_SCALE_GEOMETRY
6	324	239	-0.0575488077031656	DESCRIPTIVE_ONLY_OBSERVER_SCALE_GEOMETRY
6	325	239	0.0942625295062759	DESCRIPTIVE_ONLY_OBSERVER_SCALE_GEOMETRY
6	326	239	0.02706340347971176	DESCRIPTIVE_ONLY_OBSERVER_SCALE_GEOMETRY
6	327	239	-0.045838219393235576	DESCRIPTIVE_ONLY_OBSERVER_SCALE_GEOMETRY
6	328	239	0.0920111028204515	DESCRIPTIVE_ONLY_OBSERVER_SCALE_GEOMETRY
6	329	239	0.004405694855769823	DESCRIPTIVE_ONLY_OBSERVER_SCALE_GEOMETRY
6	330	239	-0.061598137358329905	DESCRIPTIVE_ONLY_OBSERVER_SCALE_GEOMETRY
6	331	239	0.05127369457144144	DESCRIPTIVE_ONLY_OBSERVER_SCALE_GEOMETRY
6	332	239	-0.04258152503019653	DESCRIPTIVE_ONLY_OBSERVER_SCALE_GEOMETRY
6	333	238	0.06356412852441505	DESCRIPTIVE_ONLY_OBSERVER_SCALE_GEOMETRY
6	334	237	0.8292151443945142	DESCRIPTIVE_ONLY_OBSERVER_SCALE_GEOMETRY
6	335	237	-0.8090298966082967	DESCRIPTIVE_ONLY_OBSERVER_SCALE_GEOMETRY
6	336	237	-0.003977133033736431	DESCRIPTIVE_ONLY_OBSERVER_SCALE_GEOMETRY
6	337	237	-0.053040515776003244	DESCRIPTIVE_ONLY_OBSERVER_SCALE_GEOMETRY
6	338	237	0.14076767429924342	DESCRIPTIVE_ONLY_OBSERVER_SCALE_GEOMETRY
6	339	237	-0.018351139151752453	DESCRIPTIVE_ONLY_OBSERVER_SCALE_GEOMETRY
6	340	237	-0.03826436304878697	DESCRIPTIVE_ONLY_OBSERVER_SCALE_GEOMETRY
6	341	237	0.034992709226284266	DESCRIPTIVE_ONLY_OBSERVER_SCALE_GEOMETRY
6	342	237	0.059142241604345364	DESCRIPTIVE_ONLY_OBSERVER_SCALE_GEOMETRY
6	343	237	-0.07632268980932642	DESCRIPTIVE_ONLY_OBSERVER_SCALE_GEOMETRY
6	344	237	0.10472598062321072	DESCRIPTIVE_ONLY_OBSERVER_SCALE_GEOMETRY
6	345	237	-0.11991856344021859	DESCRIPTIVE_ONLY_OBSERVER_SCALE_GEOMETRY
6	346	237	0.15184274644059192	DESCRIPTIVE_ONLY_OBSERVER_SCALE_GEOMETRY
6	347	237	-0.0782596039163883	DESCRIPTIVE_ONLY_OBSERVER_SCALE_GEOMETRY
6	348	237	0.04533288500208541	DESCRIPTIVE_ONLY_OBSERVER_SCALE_GEOMETRY
6	349	237	-0.030160081746625	DESCRIPTIVE_ONLY_OBSERVER_SCALE_GEOMETRY
6	350	237	0.08717451255873633	DESCRIPTIVE_ONLY_OBSERVER_SCALE_GEOMETRY
6	351	237	-0.0033071364104172497	DESCRIPTIVE_ONLY_OBSERVER_SCALE_GEOMETRY
6	352	237	-0.058181004863350844	DESCRIPTIVE_ONLY_OBSERVER_SCALE_GEOMETRY
6	353	237	0.06500234408122059	DESCRIPTIVE_ONLY_OBSERVER_SCALE_GEOMETRY
6	354	237	-0.007117269232795696	DESCRIPTIVE_ONLY_OBSERVER_SCALE_GEOMETRY
6	355	237	0.06941244523562254	DESCRIPTIVE_ONLY_OBSERVER_SCALE_GEOMETRY
6	356	237	0.0243870305950706	DESCRIPTIVE_ONLY_OBSERVER_SCALE_GEOMETRY
6	357	236	-0.060945625385577025	DESCRIPTIVE_ONLY_OBSERVER_SCALE_GEOMETRY
6	358	236	-0.023698955576044213	DESCRIPTIVE_ONLY_OBSERVER_SCALE_GEOMETRY
6	359	236	0.04213467374074275	DESCRIPTIVE_ONLY_OBSERVER_SCALE_GEOMETRY
6	360	236	-0.017652222553363604	DESCRIPTIVE_ONLY_OBSERVER_SCALE_GEOMETRY
6	361	236	0.12953166137901184	DESCRIPTIVE_ONLY_OBSERVER_SCALE_GEOMETRY
6	362	236	-0.12835389819564857	DESCRIPTIVE_ONLY_OBSERVER_SCALE_GEOMETRY
6	363	236	0.03829018477416406	DESCRIPTIVE_ONLY_OBSERVER_SCALE_GEOMETRY
6	364	236	0.10282517831914108	DESCRIPTIVE_ONLY_OBSERVER_SCALE_GEOMETRY
6	365	236	-0.04726543333955592	DESCRIPTIVE_ONLY_OBSERVER_SCALE_GEOMETRY
6	366	236	-0.10496311215394714	DESCRIPTIVE_ONLY_OBSERVER_SCALE_GEOMETRY
6	367	235	0.17123738817926074	DESCRIPTIVE_ONLY_OBSERVER_SCALE_GEOMETRY
6	368	235	-0.09427495804437562	DESCRIPTIVE_ONLY_OBSERVER_SCALE_GEOMETRY
6	369	235	0.09834598453117514	DESCRIPTIVE_ONLY_OBSERVER_SCALE_GEOMETRY
6	370	235	-0.13014722063034487	DESCRIPTIVE_ONLY_OBSERVER_SCALE_GEOMETRY
6	371	235	0.15350382116829114	DESCRIPTIVE_ONLY_OBSERVER_SCALE_GEOMETRY
6	372	235	-0.050097809639528874	DESCRIPTIVE_ONLY_OBSERVER_SCALE_GEOMETRY
6	373	235	-0.013466257482385979	DESCRIPTIVE_ONLY_OBSERVER_SCALE_GEOMETRY
6	374	235	0.03682154453577208	DESCRIPTIVE_ONLY_OBSERVER_SCALE_GEOMETRY
6	375	235	0.03168568534070301	DESCRIPTIVE_ONLY_OBSERVER_SCALE_GEOMETRY
6	376	235	-0.026482871958777417	DESCRIPTIVE_ONLY_OBSERVER_SCALE_GEOMETRY
6	377	235	3.9926757663217276	DESCRIPTIVE_ONLY_OBSERVER_SCALE_GEOMETRY
6	378	235	-4.034175008530198	DESCRIPTIVE_ONLY_OBSERVER_SCALE_GEOMETRY
6	379	235	0.1467456603401727	DESCRIPTIVE_ONLY_OBSERVER_SCALE_GEOMETRY
6	380	235	-0.18842804970205057	DESCRIPTIVE_ONLY_OBSERVER_SCALE_GEOMETRY
6	381	235	0.14178394531704122	DESCRIPTIVE_ONLY_OBSERVER_SCALE_GEOMETRY
6	382	235	-0.028780540073889003	DESCRIPTIVE_ONLY_OBSERVER_SCALE_GEOMETRY
6	383	235	0.01651346114219419	DESCRIPTIVE_ONLY_OBSERVER_SCALE_GEOMETRY
7	1	257	-0.03586442828775906	DESCRIPTIVE_ONLY_OBSERVER_SCALE_GEOMETRY
7	2	257	-0.019759618164774402	DESCRIPTIVE_ONLY_OBSERVER_SCALE_GEOMETRY
7	3	257	0.004404639069359945	DESCRIPTIVE_ONLY_OBSERVER_SCALE_GEOMETRY
7	4	257	-0.03037404768784953	DESCRIPTIVE_ONLY_OBSERVER_SCALE_GEOMETRY
7	5	257	-0.05149657334367332	DESCRIPTIVE_ONLY_OBSERVER_SCALE_GEOMETRY
7	6	257	0.010280694745285845	DESCRIPTIVE_ONLY_OBSERVER_SCALE_GEOMETRY
7	7	257	-0.010359986962418853	DESCRIPTIVE_ONLY_OBSERVER_SCALE_GEOMETRY
7	8	257	0.008040893083901017	DESCRIPTIVE_ONLY_OBSERVER_SCALE_GEOMETRY
7	9	257	-0.07491331093210611	DESCRIPTIVE_ONLY_OBSERVER_SCALE_GEOMETRY
7	10	257	-0.005362661805830799	DESCRIPTIVE_ONLY_OBSERVER_SCALE_GEOMETRY
7	11	257	0.01313723843258849	DESCRIPTIVE_ONLY_OBSERVER_SCALE_GEOMETRY
7	12	257	-0.3172373488875146	DESCRIPTIVE_ONLY_OBSERVER_SCALE_GEOMETRY
7	13	257	0.59216329334265	DESCRIPTIVE_ONLY_OBSERVER_SCALE_GEOMETRY
7	14	257	-0.5980940089897246	DESCRIPTIVE_ONLY_OBSERVER_SCALE_GEOMETRY
7	15	257	-0.23489114150310933	DESCRIPTIVE_ONLY_OBSERVER_SCALE_GEOMETRY
7	16	257	2.6790726354063445	DESCRIPTIVE_ONLY_OBSERVER_SCALE_GEOMETRY
7	17	257	-2.268353242617742	DESCRIPTIVE_ONLY_OBSERVER_SCALE_GEOMETRY
7	18	257	-0.06853546238037783	DESCRIPTIVE_ONLY_OBSERVER_SCALE_GEOMETRY
7	19	257	0.021919668211375438	DESCRIPTIVE_ONLY_OBSERVER_SCALE_GEOMETRY
7	20	257	-0.06808633850885693	DESCRIPTIVE_ONLY_OBSERVER_SCALE_GEOMETRY
7	21	257	0.0417920419050895	DESCRIPTIVE_ONLY_OBSERVER_SCALE_GEOMETRY
7	22	257	-0.05446211701285938	DESCRIPTIVE_ONLY_OBSERVER_SCALE_GEOMETRY
7	23	257	-0.046498592580241575	DESCRIPTIVE_ONLY_OBSERVER_SCALE_GEOMETRY
7	24	257	-0.031270240203971574	DESCRIPTIVE_ONLY_OBSERVER_SCALE_GEOMETRY
7	25	257	-0.03260846093591943	DESCRIPTIVE_ONLY_OBSERVER_SCALE_GEOMETRY
7	26	257	0.00029999009967262175	DESCRIPTIVE_ONLY_OBSERVER_SCALE_GEOMETRY
7	27	256	-0.056233032473401175	DESCRIPTIVE_ONLY_OBSERVER_SCALE_GEOMETRY
7	28	256	-0.02091651399436724	DESCRIPTIVE_ONLY_OBSERVER_SCALE_GEOMETRY
7	29	255	0.017346309248813033	DESCRIPTIVE_ONLY_OBSERVER_SCALE_GEOMETRY
7	30	255	-0.12529099855239278	DESCRIPTIVE_ONLY_OBSERVER_SCALE_GEOMETRY
7	31	255	0.011438868004599305	DESCRIPTIVE_ONLY_OBSERVER_SCALE_GEOMETRY
7	32	255	-0.042566658745621495	DESCRIPTIVE_ONLY_OBSERVER_SCALE_GEOMETRY
7	33	255	2.8924361180083826	DESCRIPTIVE_ONLY_OBSERVER_SCALE_GEOMETRY
7	34	255	-3.0785733568493394	DESCRIPTIVE_ONLY_OBSERVER_SCALE_GEOMETRY
7	35	255	0.06520912685817849	DESCRIPTIVE_ONLY_OBSERVER_SCALE_GEOMETRY
7	36	255	-0.00922926891786454	DESCRIPTIVE_ONLY_OBSERVER_SCALE_GEOMETRY
7	37	255	-0.09734138888051927	DESCRIPTIVE_ONLY_OBSERVER_SCALE_GEOMETRY
7	38	255	0.03854978555470623	DESCRIPTIVE_ONLY_OBSERVER_SCALE_GEOMETRY
7	39	255	8.26292584404081	DESCRIPTIVE_ONLY_OBSERVER_SCALE_GEOMETRY
7	40	255	-7.295900243528468	DESCRIPTIVE_ONLY_OBSERVER_SCALE_GEOMETRY
7	41	255	-1.2928703937293669	DESCRIPTIVE_ONLY_OBSERVER_SCALE_GEOMETRY
7	42	255	-0.12896168410563974	DESCRIPTIVE_ONLY_OBSERVER_SCALE_GEOMETRY
7	43	255	-0.08430412176369975	DESCRIPTIVE_ONLY_OBSERVER_SCALE_GEOMETRY
7	44	255	0.28476549749231456	DESCRIPTIVE_ONLY_OBSERVER_SCALE_GEOMETRY
7	45	254	0.09551762565842126	DESCRIPTIVE_ONLY_OBSERVER_SCALE_GEOMETRY
7	46	254	-0.09589516278472779	DESCRIPTIVE_ONLY_OBSERVER_SCALE_GEOMETRY
7	47	254	-0.012874210645545416	DESCRIPTIVE_ONLY_OBSERVER_SCALE_GEOMETRY
7	48	254	-0.025976159087075342	DESCRIPTIVE_ONLY_OBSERVER_SCALE_GEOMETRY
7	49	254	-0.04221948385058545	DESCRIPTIVE_ONLY_OBSERVER_SCALE_GEOMETRY
7	50	254	-0.11793096980932355	DESCRIPTIVE_ONLY_OBSERVER_SCALE_GEOMETRY
7	51	254	0.06073933234030761	DESCRIPTIVE_ONLY_OBSERVER_SCALE_GEOMETRY
7	52	254	-0.01719699967151898	DESCRIPTIVE_ONLY_OBSERVER_SCALE_GEOMETRY
7	53	254	-0.07607253153236615	DESCRIPTIVE_ONLY_OBSERVER_SCALE_GEOMETRY
7	54	254	-0.062202560079491466	DESCRIPTIVE_ONLY_OBSERVER_SCALE_GEOMETRY
7	55	254	0.04773340924904278	DESCRIPTIVE_ONLY_OBSERVER_SCALE_GEOMETRY
7	56	254	-0.08952062387476487	DESCRIPTIVE_ONLY_OBSERVER_SCALE_GEOMETRY
7	57	254	0.03534455645992369	DESCRIPTIVE_ONLY_OBSERVER_SCALE_GEOMETRY
7	58	253	-0.0897552113238256	DESCRIPTIVE_ONLY_OBSERVER_SCALE_GEOMETRY
7	59	253	-0.005235126814966682	DESCRIPTIVE_ONLY_OBSERVER_SCALE_GEOMETRY
7	60	253	-0.03907357691794227	DESCRIPTIVE_ONLY_OBSERVER_SCALE_GEOMETRY
7	61	253	-0.019782566996652186	DESCRIPTIVE_ONLY_OBSERVER_SCALE_GEOMETRY
7	62	253	-0.025612021550272108	DESCRIPTIVE_ONLY_OBSERVER_SCALE_GEOMETRY
7	63	253	-0.011587506901798812	DESCRIPTIVE_ONLY_OBSERVER_SCALE_GEOMETRY
7	64	253	-0.0664483023028461	DESCRIPTIVE_ONLY_OBSERVER_SCALE_GEOMETRY
7	65	253	0.022728706890233465	DESCRIPTIVE_ONLY_OBSERVER_SCALE_GEOMETRY
7	66	253	-0.07304362454663872	DESCRIPTIVE_ONLY_OBSERVER_SCALE_GEOMETRY
7	67	253	-0.03964676688776333	DESCRIPTIVE_ONLY_OBSERVER_SCALE_GEOMETRY
7	68	253	-0.029626170664135903	DESCRIPTIVE_ONLY_OBSERVER_SCALE_GEOMETRY
7	69	253	-0.08358755919057366	DESCRIPTIVE_ONLY_OBSERVER_SCALE_GEOMETRY
7	70	253	0.006671649756781192	DESCRIPTIVE_ONLY_OBSERVER_SCALE_GEOMETRY
7	71	253	-0.015319965937540895	DESCRIPTIVE_ONLY_OBSERVER_SCALE_GEOMETRY
7	72	253	-0.0038237748200221104	DESCRIPTIVE_ONLY_OBSERVER_SCALE_GEOMETRY
7	73	253	-0.1369360030951201	DESCRIPTIVE_ONLY_OBSERVER_SCALE_GEOMETRY
7	74	253	-1.2846567969591334	DESCRIPTIVE_ONLY_OBSERVER_SCALE_GEOMETRY
7	75	253	3.029293024993678	DESCRIPTIVE_ONLY_OBSERVER_SCALE_GEOMETRY
7	76	253	-5.358310418920055	DESCRIPTIVE_ONLY_OBSERVER_SCALE_GEOMETRY
7	77	252	2.539325771535432	DESCRIPTIVE_ONLY_OBSERVER_SCALE_GEOMETRY
7	78	252	1.0211522556708605	DESCRIPTIVE_ONLY_OBSERVER_SCALE_GEOMETRY
7	79	252	0.00267221207669433	DESCRIPTIVE_ONLY_OBSERVER_SCALE_GEOMETRY
7	80	252	-0.11614094105585623	DESCRIPTIVE_ONLY_OBSERVER_SCALE_GEOMETRY
7	81	252	0.08389932252227046	DESCRIPTIVE_ONLY_OBSERVER_SCALE_GEOMETRY
7	82	252	-0.08328534391456718	DESCRIPTIVE_ONLY_OBSERVER_SCALE_GEOMETRY
7	83	252	-0.032982845328875715	DESCRIPTIVE_ONLY_OBSERVER_SCALE_GEOMETRY
7	84	252	0.0033148017239288475	DESCRIPTIVE_ONLY_OBSERVER_SCALE_GEOMETRY
7	85	252	-0.04721135327576468	DESCRIPTIVE_ONLY_OBSERVER_SCALE_GEOMETRY
7	86	252	0.04391809637903975	DESCRIPTIVE_ONLY_OBSERVER_SCALE_GEOMETRY
7	87	252	-0.08952714162993337	DESCRIPTIVE_ONLY_OBSERVER_SCALE_GEOMETRY
7	88	252	-0.033837373877773094	DESCRIPTIVE_ONLY_OBSERVER_SCALE_GEOMETRY
7	89	252	0.008122384165178548	DESCRIPTIVE_ONLY_OBSERVER_SCALE_GEOMETRY
7	90	252	-0.012434841661303615	DESCRIPTIVE_ONLY_OBSERVER_SCALE_GEOMETRY
7	91	252	-0.05207472663563645	DESCRIPTIVE_ONLY_OBSERVER_SCALE_GEOMETRY
7	92	252	0.02345908271103154	DESCRIPTIVE_ONLY_OBSERVER_SCALE_GEOMETRY
7	93	252	-0.035096535332359714	DESCRIPTIVE_ONLY_OBSERVER_SCALE_GEOMETRY
7	94	252	0.016175804885540535	DESCRIPTIVE_ONLY_OBSERVER_SCALE_GEOMETRY
7	95	252	-0.03490972283386452	DESCRIPTIVE_ONLY_OBSERVER_SCALE_GEOMETRY
7	96	252	-0.06541809821964452	DESCRIPTIVE_ONLY_OBSERVER_SCALE_GEOMETRY
7	97	252	-0.01881483429124618	DESCRIPTIVE_ONLY_OBSERVER_SCALE_GEOMETRY
7	98	252	0.023140268075089305	DESCRIPTIVE_ONLY_OBSERVER_SCALE_GEOMETRY
7	99	252	-0.1349258415144291	DESCRIPTIVE_ONLY_OBSERVER_SCALE_GEOMETRY
7	100	252	1.936637494635724	DESCRIPTIVE_ONLY_OBSERVER_SCALE_GEOMETRY
7	101	252	-1.8711867004430904	DESCRIPTIVE_ONLY_OBSERVER_SCALE_GEOMETRY
7	102	252	-0.014902942534105531	DESCRIPTIVE_ONLY_OBSERVER_SCALE_GEOMETRY
7	103	252	-0.04546420437014399	DESCRIPTIVE_ONLY_OBSERVER_SCALE_GEOMETRY
7	104	252	-0.10632566781848687	DESCRIPTIVE_ONLY_OBSERVER_SCALE_GEOMETRY
7	105	252	0.06793471850719404	DESCRIPTIVE_ONLY_OBSERVER_SCALE_GEOMETRY
7	106	252	-0.029161977099807865	DESCRIPTIVE_ONLY_OBSERVER_SCALE_GEOMETRY
7	107	252	-0.05253703360348901	DESCRIPTIVE_ONLY_OBSERVER_SCALE_GEOMETRY
7	108	252	-0.011676132032421164	DESCRIPTIVE_ONLY_OBSERVER_SCALE_GEOMETRY
7	109	252	0.035075961649800334	DESCRIPTIVE_ONLY_OBSERVER_SCALE_GEOMETRY
7	110	252	-0.06141645652182199	DESCRIPTIVE_ONLY_OBSERVER_SCALE_GEOMETRY
7	111	252	-0.011584427659561353	DESCRIPTIVE_ONLY_OBSERVER_SCALE_GEOMETRY
7	112	252	0.00716788051967929	DESCRIPTIVE_ONLY_OBSERVER_SCALE_GEOMETRY
7	113	252	0.014748272466280653	DESCRIPTIVE_ONLY_OBSERVER_SCALE_GEOMETRY
7	114	252	-0.09049892218206877	DESCRIPTIVE_ONLY_OBSERVER_SCALE_GEOMETRY
7	115	252	0.029914239492144355	DESCRIPTIVE_ONLY_OBSERVER_SCALE_GEOMETRY
7	116	252	0.028421435279250132	DESCRIPTIVE_ONLY_OBSERVER_SCALE_GEOMETRY
7	117	252	-0.09232522247533435	DESCRIPTIVE_ONLY_OBSERVER_SCALE_GEOMETRY
7	118	252	0.019888483888094884	DESCRIPTIVE_ONLY_OBSERVER_SCALE_GEOMETRY
7	119	252	-0.04992477496221974	DESCRIPTIVE_ONLY_OBSERVER_SCALE_GEOMETRY
7	120	252	0.022547033621826904	DESCRIPTIVE_ONLY_OBSERVER_SCALE_GEOMETRY
7	121	252	0.035314662481603136	DESCRIPTIVE_ONLY_OBSERVER_SCALE_GEOMETRY
7	122	252	-0.126221893743617	DESCRIPTIVE_ONLY_OBSERVER_SCALE_GEOMETRY
7	123	251	0.034466589332866414	DESCRIPTIVE_ONLY_OBSERVER_SCALE_GEOMETRY
7	124	251	0.01824310463401799	DESCRIPTIVE_ONLY_OBSERVER_SCALE_GEOMETRY
7	125	251	-0.015560775180987007	DESCRIPTIVE_ONLY_OBSERVER_SCALE_GEOMETRY
7	126	251	-0.06563430852184021	DESCRIPTIVE_ONLY_OBSERVER_SCALE_GEOMETRY
7	127	251	-0.03571011550913765	DESCRIPTIVE_ONLY_OBSERVER_SCALE_GEOMETRY
7	128	251	0.10765316005780072	DESCRIPTIVE_ONLY_OBSERVER_SCALE_GEOMETRY
7	129	251	-0.14613559008432997	DESCRIPTIVE_ONLY_OBSERVER_SCALE_GEOMETRY
7	130	251	0.03749200597872417	DESCRIPTIVE_ONLY_OBSERVER_SCALE_GEOMETRY
7	131	251	-0.0001891274749554573	DESCRIPTIVE_ONLY_OBSERVER_SCALE_GEOMETRY
7	132	250	-0.03373988788477651	DESCRIPTIVE_ONLY_OBSERVER_SCALE_GEOMETRY
7	133	250	0.07836613886154079	DESCRIPTIVE_ONLY_OBSERVER_SCALE_GEOMETRY
7	134	250	0.4089268636666496	DESCRIPTIVE_ONLY_OBSERVER_SCALE_GEOMETRY
7	135	250	-0.44388117843737224	DESCRIPTIVE_ONLY_OBSERVER_SCALE_GEOMETRY
7	136	250	2.3325518139801957	DESCRIPTIVE_ONLY_OBSERVER_SCALE_GEOMETRY
7	137	250	-2.17203600427761	DESCRIPTIVE_ONLY_OBSERVER_SCALE_GEOMETRY
7	138	250	-0.16537893249180677	DESCRIPTIVE_ONLY_OBSERVER_SCALE_GEOMETRY
7	139	250	-0.1031071742966605	DESCRIPTIVE_ONLY_OBSERVER_SCALE_GEOMETRY
7	140	250	0.05202893618154574	DESCRIPTIVE_ONLY_OBSERVER_SCALE_GEOMETRY
7	141	250	0.05579913253037665	DESCRIPTIVE_ONLY_OBSERVER_SCALE_GEOMETRY
7	142	250	-0.19887182527638783	DESCRIPTIVE_ONLY_OBSERVER_SCALE_GEOMETRY
7	143	250	0.32708514880408973	DESCRIPTIVE_ONLY_OBSERVER_SCALE_GEOMETRY
7	144	249	-0.1133508699412686	DESCRIPTIVE_ONLY_OBSERVER_SCALE_GEOMETRY
7	145	249	-0.36581033140058083	DESCRIPTIVE_ONLY_OBSERVER_SCALE_GEOMETRY
7	146	249	0.08131708395783016	DESCRIPTIVE_ONLY_OBSERVER_SCALE_GEOMETRY
7	147	249	0.051706951862519876	DESCRIPTIVE_ONLY_OBSERVER_SCALE_GEOMETRY
7	148	249	0.0022696639322525554	DESCRIPTIVE_ONLY_OBSERVER_SCALE_GEOMETRY
7	149	249	-0.07645265505890123	DESCRIPTIVE_ONLY_OBSERVER_SCALE_GEOMETRY
7	150	249	0.036085759761161386	DESCRIPTIVE_ONLY_OBSERVER_SCALE_GEOMETRY
7	151	249	-0.0398821453312339	DESCRIPTIVE_ONLY_OBSERVER_SCALE_GEOMETRY
7	152	249	-0.007363760228909995	DESCRIPTIVE_ONLY_OBSERVER_SCALE_GEOMETRY
7	153	249	1.090748491094154	DESCRIPTIVE_ONLY_OBSERVER_SCALE_GEOMETRY
7	154	249	-1.122036035932464	DESCRIPTIVE_ONLY_OBSERVER_SCALE_GEOMETRY
7	155	248	-0.0009250223919682036	DESCRIPTIVE_ONLY_OBSERVER_SCALE_GEOMETRY
7	156	248	-0.0031316420987225354	DESCRIPTIVE_ONLY_OBSERVER_SCALE_GEOMETRY
7	157	248	-0.035458664784199505	DESCRIPTIVE_ONLY_OBSERVER_SCALE_GEOMETRY
7	158	248	-0.03866055395472318	DESCRIPTIVE_ONLY_OBSERVER_SCALE_GEOMETRY
7	159	248	-0.013375005739792918	DESCRIPTIVE_ONLY_OBSERVER_SCALE_GEOMETRY
7	160	248	-0.17988280901245665	DESCRIPTIVE_ONLY_OBSERVER_SCALE_GEOMETRY
7	161	248	0.05283439748789594	DESCRIPTIVE_ONLY_OBSERVER_SCALE_GEOMETRY
7	162	248	0.01543218775493097	DESCRIPTIVE_ONLY_OBSERVER_SCALE_GEOMETRY
7	163	248	0.14294101569182682	DESCRIPTIVE_ONLY_OBSERVER_SCALE_GEOMETRY
7	164	248	0.007925307101712619	DESCRIPTIVE_ONLY_OBSERVER_SCALE_GEOMETRY
7	165	248	-0.13443488020041952	DESCRIPTIVE_ONLY_OBSERVER_SCALE_GEOMETRY
7	166	248	-0.028339208820702462	DESCRIPTIVE_ONLY_OBSERVER_SCALE_GEOMETRY
7	167	248	0.048101876777988536	DESCRIPTIVE_ONLY_OBSERVER_SCALE_GEOMETRY
7	168	248	-0.05991588194096108	DESCRIPTIVE_ONLY_OBSERVER_SCALE_GEOMETRY
7	169	248	0.01792129554349826	DESCRIPTIVE_ONLY_OBSERVER_SCALE_GEOMETRY
7	170	248	-0.07817325692891613	DESCRIPTIVE_ONLY_OBSERVER_SCALE_GEOMETRY
7	171	248	-0.0009906699059884778	DESCRIPTIVE_ONLY_OBSERVER_SCALE_GEOMETRY
7	172	248	-0.00845884864945783	DESCRIPTIVE_ONLY_OBSERVER_SCALE_GEOMETRY
7	173	248	0.021276685937533745	DESCRIPTIVE_ONLY_OBSERVER_SCALE_GEOMETRY
7	174	248	-0.04176400610120377	DESCRIPTIVE_ONLY_OBSERVER_SCALE_GEOMETRY
7	175	248	-0.03238096499029573	DESCRIPTIVE_ONLY_OBSERVER_SCALE_GEOMETRY
7	176	248	0.03772808675246562	DESCRIPTIVE_ONLY_OBSERVER_SCALE_GEOMETRY
7	177	248	-0.03210747200775849	DESCRIPTIVE_ONLY_OBSERVER_SCALE_GEOMETRY
7	178	248	-0.10537996651856528	DESCRIPTIVE_ONLY_OBSERVER_SCALE_GEOMETRY
7	179	248	0.07391850330717287	DESCRIPTIVE_ONLY_OBSERVER_SCALE_GEOMETRY
7	180	248	-0.00827629662730526	DESCRIPTIVE_ONLY_OBSERVER_SCALE_GEOMETRY
7	181	248	-0.06664924882827718	DESCRIPTIVE_ONLY_OBSERVER_SCALE_GEOMETRY
7	182	248	0.036107278809377356	DESCRIPTIVE_ONLY_OBSERVER_SCALE_GEOMETRY
7	183	248	-0.06805949641424161	DESCRIPTIVE_ONLY_OBSERVER_SCALE_GEOMETRY
7	184	248	0.020164823278575692	DESCRIPTIVE_ONLY_OBSERVER_SCALE_GEOMETRY
7	185	248	-0.03546620945122357	DESCRIPTIVE_ONLY_OBSERVER_SCALE_GEOMETRY
7	186	248	-0.0630850455625241	DESCRIPTIVE_ONLY_OBSERVER_SCALE_GEOMETRY
7	187	248	0.01835918091930363	DESCRIPTIVE_ONLY_OBSERVER_SCALE_GEOMETRY
7	188	248	-0.007686022165677997	DESCRIPTIVE_ONLY_OBSERVER_SCALE_GEOMETRY
7	189	248	-0.009397057194437617	DESCRIPTIVE_ONLY_OBSERVER_SCALE_GEOMETRY
7	190	248	-0.023527640039329684	DESCRIPTIVE_ONLY_OBSERVER_SCALE_GEOMETRY
7	191	248	-0.020386263330434834	DESCRIPTIVE_ONLY_OBSERVER_SCALE_GEOMETRY
7	192	248	-0.05274523212269356	DESCRIPTIVE_ONLY_OBSERVER_SCALE_GEOMETRY
7	193	248	0.02203487416554959	DESCRIPTIVE_ONLY_OBSERVER_SCALE_GEOMETRY
7	194	247	1.2821750554571287	DESCRIPTIVE_ONLY_OBSERVER_SCALE_GEOMETRY
7	195	247	-5.385724396903116	DESCRIPTIVE_ONLY_OBSERVER_SCALE_GEOMETRY
7	196	247	4.305974410804987	DESCRIPTIVE_ONLY_OBSERVER_SCALE_GEOMETRY
7	197	247	-0.1241036177513506	DESCRIPTIVE_ONLY_OBSERVER_SCALE_GEOMETRY
7	198	247	-0.1974088018107005	DESCRIPTIVE_ONLY_OBSERVER_SCALE_GEOMETRY
7	199	247	-0.28639696477467214	DESCRIPTIVE_ONLY_OBSERVER_SCALE_GEOMETRY
7	200	247	-0.4091644881021578	DESCRIPTIVE_ONLY_OBSERVER_SCALE_GEOMETRY
7	201	247	0.6785370316403568	DESCRIPTIVE_ONLY_OBSERVER_SCALE_GEOMETRY
7	202	247	0.1070694202228092	DESCRIPTIVE_ONLY_OBSERVER_SCALE_GEOMETRY
7	203	247	-0.4269997613456301	DESCRIPTIVE_ONLY_OBSERVER_SCALE_GEOMETRY
7	204	247	0.19912393289389813	DESCRIPTIVE_ONLY_OBSERVER_SCALE_GEOMETRY
7	205	247	-0.04530960465611019	DESCRIPTIVE_ONLY_OBSERVER_SCALE_GEOMETRY
7	206	247	-0.01635278721792876	DESCRIPTIVE_ONLY_OBSERVER_SCALE_GEOMETRY
7	207	247	-0.002436879616987975	DESCRIPTIVE_ONLY_OBSERVER_SCALE_GEOMETRY
7	208	246	0.004791642781124983	DESCRIPTIVE_ONLY_OBSERVER_SCALE_GEOMETRY
7	209	246	-0.03728297530292531	DESCRIPTIVE_ONLY_OBSERVER_SCALE_GEOMETRY
7	210	246	-0.03826723626184363	DESCRIPTIVE_ONLY_OBSERVER_SCALE_GEOMETRY
7	211	246	-0.02691372228960994	DESCRIPTIVE_ONLY_OBSERVER_SCALE_GEOMETRY
7	212	246	-0.05939002071466476	DESCRIPTIVE_ONLY_OBSERVER_SCALE_GEOMETRY
7	213	246	-0.049242721959073796	DESCRIPTIVE_ONLY_OBSERVER_SCALE_GEOMETRY
7	214	246	0.1744119357810449	DESCRIPTIVE_ONLY_OBSERVER_SCALE_GEOMETRY
7	215	246	-0.12043815076383646	DESCRIPTIVE_ONLY_OBSERVER_SCALE_GEOMETRY
7	216	246	0.028343637778209713	DESCRIPTIVE_ONLY_OBSERVER_SCALE_GEOMETRY
7	217	246	-0.062162234287747184	DESCRIPTIVE_ONLY_OBSERVER_SCALE_GEOMETRY
7	218	246	-0.07010317101346006	DESCRIPTIVE_ONLY_OBSERVER_SCALE_GEOMETRY
7	219	246	0.09175109429392676	DESCRIPTIVE_ONLY_OBSERVER_SCALE_GEOMETRY
7	220	246	-0.12395194571347665	DESCRIPTIVE_ONLY_OBSERVER_SCALE_GEOMETRY
7	221	246	0.07908582663394993	DESCRIPTIVE_ONLY_OBSERVER_SCALE_GEOMETRY
7	222	246	-0.09348974227722062	DESCRIPTIVE_ONLY_OBSERVER_SCALE_GEOMETRY
7	223	246	-0.0021397095002808216	DESCRIPTIVE_ONLY_OBSERVER_SCALE_GEOMETRY
7	224	246	0.05730367701741663	DESCRIPTIVE_ONLY_OBSERVER_SCALE_GEOMETRY
7	225	246	-0.11676839397767216	DESCRIPTIVE_ONLY_OBSERVER_SCALE_GEOMETRY
7	226	246	0.04441934985569499	DESCRIPTIVE_ONLY_OBSERVER_SCALE_GEOMETRY
7	227	246	-0.030774637785671716	DESCRIPTIVE_ONLY_OBSERVER_SCALE_GEOMETRY
7	228	246	-0.033667816962474305	DESCRIPTIVE_ONLY_OBSERVER_SCALE_GEOMETRY
7	229	246	0.11988329392390186	DESCRIPTIVE_ONLY_OBSERVER_SCALE_GEOMETRY
7	230	246	-0.16979072243942347	DESCRIPTIVE_ONLY_OBSERVER_SCALE_GEOMETRY
7	231	246	-0.07173144469102104	DESCRIPTIVE_ONLY_OBSERVER_SCALE_GEOMETRY
7	232	246	0.08636909544825805	DESCRIPTIVE_ONLY_OBSERVER_SCALE_GEOMETRY
7	233	246	0.058862009269255486	DESCRIPTIVE_ONLY_OBSERVER_SCALE_GEOMETRY
7	234	246	-0.14658698287691635	DESCRIPTIVE_ONLY_OBSERVER_SCALE_GEOMETRY
7	235	246	0.07674235519953301	DESCRIPTIVE_ONLY_OBSERVER_SCALE_GEOMETRY
7	236	246	0.00954995424799199	DESCRIPTIVE_ONLY_OBSERVER_SCALE_GEOMETRY
7	237	246	0.025040043100375893	DESCRIPTIVE_ONLY_OBSERVER_SCALE_GEOMETRY
7	238	246	-0.043702071394939264	DESCRIPTIVE_ONLY_OBSERVER_SCALE_GEOMETRY
7	239	246	0.07527154571568856	DESCRIPTIVE_ONLY_OBSERVER_SCALE_GEOMETRY
7	240	246	0.023597621775733824	DESCRIPTIVE_ONLY_OBSERVER_SCALE_GEOMETRY
7	241	246	-0.0653609592928946	DESCRIPTIVE_ONLY_OBSERVER_SCALE_GEOMETRY
7	242	246	-0.0670463134315504	DESCRIPTIVE_ONLY_OBSERVER_SCALE_GEOMETRY
7	243	246	0.12701638904311086	DESCRIPTIVE_ONLY_OBSERVER_SCALE_GEOMETRY
7	244	246	-0.05401149806432348	DESCRIPTIVE_ONLY_OBSERVER_SCALE_GEOMETRY
7	245	246	-0.03550593033034881	DESCRIPTIVE_ONLY_OBSERVER_SCALE_GEOMETRY
7	246	246	0.15266901952795556	DESCRIPTIVE_ONLY_OBSERVER_SCALE_GEOMETRY
7	247	246	-0.10267536859746151	DESCRIPTIVE_ONLY_OBSERVER_SCALE_GEOMETRY
7	248	246	0.0640394807006206	DESCRIPTIVE_ONLY_OBSERVER_SCALE_GEOMETRY
7	249	246	0.0010665912179432676	DESCRIPTIVE_ONLY_OBSERVER_SCALE_GEOMETRY
7	250	246	0.020104196067309937	DESCRIPTIVE_ONLY_OBSERVER_SCALE_GEOMETRY
7	251	246	-0.03189159978409807	DESCRIPTIVE_ONLY_OBSERVER_SCALE_GEOMETRY
7	252	246	0.050440241043933756	DESCRIPTIVE_ONLY_OBSERVER_SCALE_GEOMETRY
7	253	246	-0.027151924365499177	DESCRIPTIVE_ONLY_OBSERVER_SCALE_GEOMETRY
7	254	246	0.14992740351641334	DESCRIPTIVE_ONLY_OBSERVER_SCALE_GEOMETRY
7	255	246	-0.09829525661791019	DESCRIPTIVE_ONLY_OBSERVER_SCALE_GEOMETRY
7	256	246	-2.2746950427596357	DESCRIPTIVE_ONLY_OBSERVER_SCALE_GEOMETRY
7	257	246	3.056499954409499	DESCRIPTIVE_ONLY_OBSERVER_SCALE_GEOMETRY
7	258	246	-0.6133732635787372	DESCRIPTIVE_ONLY_OBSERVER_SCALE_GEOMETRY
7	259	245	0.1970793141780488	DESCRIPTIVE_ONLY_OBSERVER_SCALE_GEOMETRY
7	260	245	-0.03402369185472557	DESCRIPTIVE_ONLY_OBSERVER_SCALE_GEOMETRY
7	261	245	-0.19197854309570522	DESCRIPTIVE_ONLY_OBSERVER_SCALE_GEOMETRY
7	262	245	-0.03145334473009037	DESCRIPTIVE_ONLY_OBSERVER_SCALE_GEOMETRY
7	263	245	0.08782589710095004	DESCRIPTIVE_ONLY_OBSERVER_SCALE_GEOMETRY
7	264	245	-0.06742005276522882	DESCRIPTIVE_ONLY_OBSERVER_SCALE_GEOMETRY
7	265	245	0.12196856171234342	DESCRIPTIVE_ONLY_OBSERVER_SCALE_GEOMETRY
7	266	245	-0.060445226497206114	DESCRIPTIVE_ONLY_OBSERVER_SCALE_GEOMETRY
7	267	245	0.06834913237679177	DESCRIPTIVE_ONLY_OBSERVER_SCALE_GEOMETRY
7	268	245	0.010763351657454007	DESCRIPTIVE_ONLY_OBSERVER_SCALE_GEOMETRY
7	269	245	-0.03303298512748407	DESCRIPTIVE_ONLY_OBSERVER_SCALE_GEOMETRY
7	270	245	0.12159902299163684	DESCRIPTIVE_ONLY_OBSERVER_SCALE_GEOMETRY
7	271	244	-0.11667929802362677	DESCRIPTIVE_ONLY_OBSERVER_SCALE_GEOMETRY
7	272	244	0.1412283884125525	DESCRIPTIVE_ONLY_OBSERVER_SCALE_GEOMETRY
7	273	243	0.5085952595871306	DESCRIPTIVE_ONLY_OBSERVER_SCALE_GEOMETRY
7	274	243	-0.4224971563006095	DESCRIPTIVE_ONLY_OBSERVER_SCALE_GEOMETRY
7	275	242	-0.13776036658856053	DESCRIPTIVE_ONLY_OBSERVER_SCALE_GEOMETRY
7	276	242	0.1486377825752609	DESCRIPTIVE_ONLY_OBSERVER_SCALE_GEOMETRY
7	277	242	-0.18248451536755694	DESCRIPTIVE_ONLY_OBSERVER_SCALE_GEOMETRY
7	278	242	0.24073313088467085	DESCRIPTIVE_ONLY_OBSERVER_SCALE_GEOMETRY
7	279	242	-0.10440235138089922	DESCRIPTIVE_ONLY_OBSERVER_SCALE_GEOMETRY
7	280	242	0.13535630154905848	DESCRIPTIVE_ONLY_OBSERVER_SCALE_GEOMETRY
7	281	242	-0.06084172206344222	DESCRIPTIVE_ONLY_OBSERVER_SCALE_GEOMETRY
7	282	242	0.08419514197545096	DESCRIPTIVE_ONLY_OBSERVER_SCALE_GEOMETRY
7	283	242	0.05577701586088931	DESCRIPTIVE_ONLY_OBSERVER_SCALE_GEOMETRY
7	284	242	0.0723404511903879	DESCRIPTIVE_ONLY_OBSERVER_SCALE_GEOMETRY
7	285	242	-0.0340240883772553	DESCRIPTIVE_ONLY_OBSERVER_SCALE_GEOMETRY
7	286	242	0.0707489961830561	DESCRIPTIVE_ONLY_OBSERVER_SCALE_GEOMETRY
7	287	242	-0.03314536970228044	DESCRIPTIVE_ONLY_OBSERVER_SCALE_GEOMETRY
7	288	242	0.09097186767102852	DESCRIPTIVE_ONLY_OBSERVER_SCALE_GEOMETRY
7	289	242	-0.015968225550588105	DESCRIPTIVE_ONLY_OBSERVER_SCALE_GEOMETRY
7	290	242	0.06502282326774439	DESCRIPTIVE_ONLY_OBSERVER_SCALE_GEOMETRY
7	291	242	-0.022013945769342777	DESCRIPTIVE_ONLY_OBSERVER_SCALE_GEOMETRY
7	292	242	0.10794011937704538	DESCRIPTIVE_ONLY_OBSERVER_SCALE_GEOMETRY
7	293	242	0.147806825985784	DESCRIPTIVE_ONLY_OBSERVER_SCALE_GEOMETRY
7	294	242	-0.1317409828842266	DESCRIPTIVE_ONLY_OBSERVER_SCALE_GEOMETRY
7	295	242	0.13680051963042994	DESCRIPTIVE_ONLY_OBSERVER_SCALE_GEOMETRY
7	296	242	0.020343862873605408	DESCRIPTIVE_ONLY_OBSERVER_SCALE_GEOMETRY
7	297	242	0.0014451919779103445	DESCRIPTIVE_ONLY_OBSERVER_SCALE_GEOMETRY
7	298	242	0.019927075957754795	DESCRIPTIVE_ONLY_OBSERVER_SCALE_GEOMETRY
7	299	242	0.15503016238692927	DESCRIPTIVE_ONLY_OBSERVER_SCALE_GEOMETRY
7	300	242	-0.023509688672788465	DESCRIPTIVE_ONLY_OBSERVER_SCALE_GEOMETRY
7	301	242	0.02382199563957948	DESCRIPTIVE_ONLY_OBSERVER_SCALE_GEOMETRY
7	302	242	0.03136666851082081	DESCRIPTIVE_ONLY_OBSERVER_SCALE_GEOMETRY
7	303	242	0.10703787279737294	DESCRIPTIVE_ONLY_OBSERVER_SCALE_GEOMETRY
7	304	241	-0.10849209876127783	DESCRIPTIVE_ONLY_OBSERVER_SCALE_GEOMETRY
7	305	241	0.19180624836923824	DESCRIPTIVE_ONLY_OBSERVER_SCALE_GEOMETRY
7	306	241	-0.08439819281879134	DESCRIPTIVE_ONLY_OBSERVER_SCALE_GEOMETRY
7	307	241	0.030575505476315948	DESCRIPTIVE_ONLY_OBSERVER_SCALE_GEOMETRY
7	308	241	0.060876336706064925	DESCRIPTIVE_ONLY_OBSERVER_SCALE_GEOMETRY
7	309	241	0.030411009247582513	DESCRIPTIVE_ONLY_OBSERVER_SCALE_GEOMETRY
7	310	241	0.035478319041885656	DESCRIPTIVE_ONLY_OBSERVER_SCALE_GEOMETRY
7	311	241	0.040795115290045036	DESCRIPTIVE_ONLY_OBSERVER_SCALE_GEOMETRY
7	312	241	0.020027578274028394	DESCRIPTIVE_ONLY_OBSERVER_SCALE_GEOMETRY
7	313	240	-0.04585604111942796	DESCRIPTIVE_ONLY_OBSERVER_SCALE_GEOMETRY
7	314	240	2.38932569991526	DESCRIPTIVE_ONLY_OBSERVER_SCALE_GEOMETRY
7	315	240	-11.211254710311959	DESCRIPTIVE_ONLY_OBSERVER_SCALE_GEOMETRY
7	316	240	6.776361047192749	DESCRIPTIVE_ONLY_OBSERVER_SCALE_GEOMETRY
7	317	240	2.3387619711833256	DESCRIPTIVE_ONLY_OBSERVER_SCALE_GEOMETRY
7	318	239	0.25024291191964054	DESCRIPTIVE_ONLY_OBSERVER_SCALE_GEOMETRY
7	319	239	-0.2132466378539478	DESCRIPTIVE_ONLY_OBSERVER_SCALE_GEOMETRY
7	320	239	-0.05379134307689558	DESCRIPTIVE_ONLY_OBSERVER_SCALE_GEOMETRY
7	321	239	-0.003403076127971155	DESCRIPTIVE_ONLY_OBSERVER_SCALE_GEOMETRY
7	322	239	0.08969882014573666	DESCRIPTIVE_ONLY_OBSERVER_SCALE_GEOMETRY
7	323	239	-0.044867199524332615	DESCRIPTIVE_ONLY_OBSERVER_SCALE_GEOMETRY
7	324	239	0.10976938248463038	DESCRIPTIVE_ONLY_OBSERVER_SCALE_GEOMETRY
7	325	239	0.04319052181886199	DESCRIPTIVE_ONLY_OBSERVER_SCALE_GEOMETRY
7	326	239	-0.021800278923677793	DESCRIPTIVE_ONLY_OBSERVER_SCALE_GEOMETRY
7	327	239	0.11851839513807587	DESCRIPTIVE_ONLY_OBSERVER_SCALE_GEOMETRY
7	328	239	0.03280330105536195	DESCRIPTIVE_ONLY_OBSERVER_SCALE_GEOMETRY
7	329	239	-0.031826700349122675	DESCRIPTIVE_ONLY_OBSERVER_SCALE_GEOMETRY
7	330	239	0.08266620798299568	DESCRIPTIVE_ONLY_OBSERVER_SCALE_GEOMETRY
7	331	239	-0.014101330817223232	DESCRIPTIVE_ONLY_OBSERVER_SCALE_GEOMETRY
7	332	238	0.09448330341585508	DESCRIPTIVE_ONLY_OBSERVER_SCALE_GEOMETRY
7	333	237	0.8576672612148379	DESCRIPTIVE_ONLY_OBSERVER_SCALE_GEOMETRY
7	334	237	-0.7779953290448154	DESCRIPTIVE_ONLY_OBSERVER_SCALE_GEOMETRY
7	335	237	0.021816693804613974	DESCRIPTIVE_ONLY_OBSERVER_SCALE_GEOMETRY
7	336	237	-0.020644908170418984	DESCRIPTIVE_ONLY_OBSERVER_SCALE_GEOMETRY
7	337	237	0.16912983444901936	DESCRIPTIVE_ONLY_OBSERVER_SCALE_GEOMETRY
7	338	237	0.007410502388129397	DESCRIPTIVE_ONLY_OBSERVER_SCALE_GEOMETRY
7	339	237	-0.007080290398459069	DESCRIPTIVE_ONLY_OBSERVER_SCALE_GEOMETRY
7	340	237	0.06845947442256847	DESCRIPTIVE_ONLY_OBSERVER_SCALE_GEOMETRY
7	341	237	0.09342799015579137	DESCRIPTIVE_ONLY_OBSERVER_SCALE_GEOMETRY
7	342	237	-0.03912114370175803	DESCRIPTIVE_ONLY_OBSERVER_SCALE_GEOMETRY
7	343	237	0.1369176347244848	DESCRIPTIVE_ONLY_OBSERVER_SCALE_GEOMETRY
7	344	237	-0.08385394062567554	DESCRIPTIVE_ONLY_OBSERVER_SCALE_GEOMETRY
7	345	237	0.1890629334272288	DESCRIPTIVE_ONLY_OBSERVER_SCALE_GEOMETRY
7	346	237	-0.044251787154554904	DESCRIPTIVE_ONLY_OBSERVER_SCALE_GEOMETRY
7	347	237	0.0786490133827188	DESCRIPTIVE_ONLY_OBSERVER_SCALE_GEOMETRY
7	348	237	0.004195175245660077	DESCRIPTIVE_ONLY_OBSERVER_SCALE_GEOMETRY
7	349	237	0.1199393553396781	DESCRIPTIVE_ONLY_OBSERVER_SCALE_GEOMETRY
7	350	237	0.03154651353029744	DESCRIPTIVE_ONLY_OBSERVER_SCALE_GEOMETRY
7	351	237	-0.026375207305402944	DESCRIPTIVE_ONLY_OBSERVER_SCALE_GEOMETRY
7	352	237	0.09359497221601491	DESCRIPTIVE_ONLY_OBSERVER_SCALE_GEOMETRY
7	353	237	0.023012761542244357	DESCRIPTIVE_ONLY_OBSERVER_SCALE_GEOMETRY
7	354	237	0.10419898898352815	DESCRIPTIVE_ONLY_OBSERVER_SCALE_GEOMETRY
7	355	237	0.05702093022445989	DESCRIPTIVE_ONLY_OBSERVER_SCALE_GEOMETRY
7	356	236	-0.024181711233534353	DESCRIPTIVE_ONLY_OBSERVER_SCALE_GEOMETRY
7	357	236	0.021328880655974294	DESCRIPTIVE_ONLY_OBSERVER_SCALE_GEOMETRY
7	358	236	0.08683777579290346	DESCRIPTIVE_ONLY_OBSERVER_SCALE_GEOMETRY
7	359	236	0.022841673225729713	DESCRIPTIVE_ONLY_OBSERVER_SCALE_GEOMETRY
7	360	236	0.16711152842816474	DESCRIPTIVE_ONLY_OBSERVER_SCALE_GEOMETRY
7	361	236	-0.08624796476758338	DESCRIPTIVE_ONLY_OBSERVER_SCALE_GEOMETRY
7	362	236	0.0784559534478118	DESCRIPTIVE_ONLY_OBSERVER_SCALE_GEOMETRY
7	363	236	0.14340733538844702	DESCRIPTIVE_ONLY_OBSERVER_SCALE_GEOMETRY
7	364	236	0.00030689497502420037	DESCRIPTIVE_ONLY_OBSERVER_SCALE_GEOMETRY
7	365	236	-0.06346319210864154	DESCRIPTIVE_ONLY_OBSERVER_SCALE_GEOMETRY
7	366	235	0.2122289552224021	DESCRIPTIVE_ONLY_OBSERVER_SCALE_GEOMETRY
7	367	235	-0.04853786959539494	DESCRIPTIVE_ONLY_OBSERVER_SCALE_GEOMETRY
7	368	235	0.12737817010494049	DESCRIPTIVE_ONLY_OBSERVER_SCALE_GEOMETRY
7	369	235	-0.09577152191245278	DESCRIPTIVE_ONLY_OBSERVER_SCALE_GEOMETRY
7	370	235	0.19235979225958041	DESCRIPTIVE_ONLY_OBSERVER_SCALE_GEOMETRY
7	371	235	-0.01459782022620674	DESCRIPTIVE_ONLY_OBSERVER_SCALE_GEOMETRY
7	372	235	0.020822823774105926	DESCRIPTIVE_ONLY_OBSERVER_SCALE_GEOMETRY
7	373	235	0.06696222456080092	DESCRIPTIVE_ONLY_OBSERVER_SCALE_GEOMETRY
7	374	235	0.06663715515663299	DESCRIPTIVE_ONLY_OBSERVER_SCALE_GEOMETRY
7	375	235	0.0015528382173859415	DESCRIPTIVE_ONLY_OBSERVER_SCALE_GEOMETRY
7	376	235	4.021552442270703	DESCRIPTIVE_ONLY_OBSERVER_SCALE_GEOMETRY
7	377	235	-4.016354784629727	DESCRIPTIVE_ONLY_OBSERVER_SCALE_GEOMETRY
7	378	235	0.18264497298161736	DESCRIPTIVE_ONLY_OBSERVER_SCALE_GEOMETRY
7	379	235	-0.15279409411139724	DESCRIPTIVE_ONLY_OBSERVER_SCALE_GEOMETRY
7	380	235	0.17909304960254488	DESCRIPTIVE_ONLY_OBSERVER_SCALE_GEOMETRY
7	381	235	0.01375913803595655	DESCRIPTIVE_ONLY_OBSERVER_SCALE_GEOMETRY
7	382	235	0.05914657683749039	DESCRIPTIVE_ONLY_OBSERVER_SCALE_GEOMETRY
8	1	257	-0.00783740486432716	DESCRIPTIVE_ONLY_OBSERVER_SCALE_GEOMETRY
8	2	257	0.008839379372630837	DESCRIPTIVE_ONLY_OBSERVER_SCALE_GEOMETRY
8	3	257	-0.023190138907386335	DESCRIPTIVE_ONLY_OBSERVER_SCALE_GEOMETRY
8	4	257	-0.03975446321072828	DESCRIPTIVE_ONLY_OBSERVER_SCALE_GEOMETRY
8	5	257	0.014560070972850274	DESCRIPTIVE_ONLY_OBSERVER_SCALE_GEOMETRY
8	6	257	-0.00731740330155851	DESCRIPTIVE_ONLY_OBSERVER_SCALE_GEOMETRY
8	7	257	0.0169577045907591	DESCRIPTIVE_ONLY_OBSERVER_SCALE_GEOMETRY
8	8	257	-0.05992721073472144	DESCRIPTIVE_ONLY_OBSERVER_SCALE_GEOMETRY
8	9	257	0.006655084518072649	DESCRIPTIVE_ONLY_OBSERVER_SCALE_GEOMETRY
8	10	257	0.02548731925165269	DESCRIPTIVE_ONLY_OBSERVER_SCALE_GEOMETRY
8	11	257	-0.299204686593338	DESCRIPTIVE_ONLY_OBSERVER_SCALE_GEOMETRY
8	12	257	0.6168466487911971	DESCRIPTIVE_ONLY_OBSERVER_SCALE_GEOMETRY
8	13	257	-0.5713078152915385	DESCRIPTIVE_ONLY_OBSERVER_SCALE_GEOMETRY
8	14	257	-0.2067610545494578	DESCRIPTIVE_ONLY_OBSERVER_SCALE_GEOMETRY
8	15	257	2.703241084092674	DESCRIPTIVE_ONLY_OBSERVER_SCALE_GEOMETRY
8	16	257	-2.243448641206226	DESCRIPTIVE_ONLY_OBSERVER_SCALE_GEOMETRY
8	17	257	-0.049204218651911755	DESCRIPTIVE_ONLY_OBSERVER_SCALE_GEOMETRY
8	18	257	0.03797615158383362	DESCRIPTIVE_ONLY_OBSERVER_SCALE_GEOMETRY
8	19	257	-0.04000680373179516	DESCRIPTIVE_ONLY_OBSERVER_SCALE_GEOMETRY
8	20	257	0.06485098718832637	DESCRIPTIVE_ONLY_OBSERVER_SCALE_GEOMETRY
8	21	257	-0.02573171325805819	DESCRIPTIVE_ONLY_OBSERVER_SCALE_GEOMETRY
8	22	257	-0.01750984236878772	DESCRIPTIVE_ONLY_OBSERVER_SCALE_GEOMETRY
8	23	257	-0.0012709454696563747	DESCRIPTIVE_ONLY_OBSERVER_SCALE_GEOMETRY
8	24	257	-0.005619878231284284	DESCRIPTIVE_ONLY_OBSERVER_SCALE_GEOMETRY
8	25	257	0.03364270983176036	DESCRIPTIVE_ONLY_OBSERVER_SCALE_GEOMETRY
8	26	256	-0.025182371195155765	DESCRIPTIVE_ONLY_OBSERVER_SCALE_GEOMETRY
8	27	256	0.018748446610658748	DESCRIPTIVE_ONLY_OBSERVER_SCALE_GEOMETRY
8	28	255	0.05767207819616282	DESCRIPTIVE_ONLY_OBSERVER_SCALE_GEOMETRY
8	29	255	-0.08070699447273733	DESCRIPTIVE_ONLY_OBSERVER_SCALE_GEOMETRY
8	30	255	0.046943964261320255	DESCRIPTIVE_ONLY_OBSERVER_SCALE_GEOMETRY
8	31	255	0.003601980945039787	DESCRIPTIVE_ONLY_OBSERVER_SCALE_GEOMETRY
8	32	255	2.9340085763854424	DESCRIPTIVE_ONLY_OBSERVER_SCALE_GEOMETRY
8	33	255	-3.034179671396921	DESCRIPTIVE_ONLY_OBSERVER_SCALE_GEOMETRY
8	34	255	0.10971742381157512	DESCRIPTIVE_ONLY_OBSERVER_SCALE_GEOMETRY
8	35	255	0.0352222860308763	DESCRIPTIVE_ONLY_OBSERVER_SCALE_GEOMETRY
8	36	255	-0.0490240597922398	DESCRIPTIVE_ONLY_OBSERVER_SCALE_GEOMETRY
8	37	255	0.07857085596225326	DESCRIPTIVE_ONLY_OBSERVER_SCALE_GEOMETRY
8	38	255	8.299451949684778	DESCRIPTIVE_ONLY_OBSERVER_SCALE_GEOMETRY
8	39	255	-7.2589271384825205	DESCRIPTIVE_ONLY_OBSERVER_SCALE_GEOMETRY
8	40	255	-1.2597881033492737	DESCRIPTIVE_ONLY_OBSERVER_SCALE_GEOMETRY
8	41	255	-0.09699558618121494	DESCRIPTIVE_ONLY_OBSERVER_SCALE_GEOMETRY
8	42	255	-0.050923909915509304	DESCRIPTIVE_ONLY_OBSERVER_SCALE_GEOMETRY
8	43	255	0.31743980297241514	DESCRIPTIVE_ONLY_OBSERVER_SCALE_GEOMETRY
8	44	254	0.11525735243721476	DESCRIPTIVE_ONLY_OBSERVER_SCALE_GEOMETRY
8	45	254	-0.07381169852703137	DESCRIPTIVE_ONLY_OBSERVER_SCALE_GEOMETRY
8	46	254	0.009254288066474891	DESCRIPTIVE_ONLY_OBSERVER_SCALE_GEOMETRY
8	47	254	-0.002625345411670773	DESCRIPTIVE_ONLY_OBSERVER_SCALE_GEOMETRY
8	48	254	-0.015678527234048813	DESCRIPTIVE_ONLY_OBSERVER_SCALE_GEOMETRY
8	49	254	-0.08734364760119637	DESCRIPTIVE_ONLY_OBSERVER_SCALE_GEOMETRY
8	50	254	0.09098097970187259	DESCRIPTIVE_ONLY_OBSERVER_SCALE_GEOMETRY
8	51	254	0.015476407021584027	DESCRIPTIVE_ONLY_OBSERVER_SCALE_GEOMETRY
8	52	254	-0.04647011837332963	DESCRIPTIVE_ONLY_OBSERVER_SCALE_GEOMETRY
8	53	254	-0.031382451152910454	DESCRIPTIVE_ONLY_OBSERVER_SCALE_GEOMETRY
8	54	254	0.07669493317914182	DESCRIPTIVE_ONLY_OBSERVER_SCALE_GEOMETRY
8	55	254	-0.06442259669083784	DESCRIPTIVE_ONLY_OBSERVER_SCALE_GEOMETRY
8	56	254	0.06439057186039995	DESCRIPTIVE_ONLY_OBSERVER_SCALE_GEOMETRY
8	57	253	-0.061470777365780306	DESCRIPTIVE_ONLY_OBSERVER_SCALE_GEOMETRY
8	58	253	0.022524989710690856	DESCRIPTIVE_ONLY_OBSERVER_SCALE_GEOMETRY
8	59	253	-0.00943770276337688	DESCRIPTIVE_ONLY_OBSERVER_SCALE_GEOMETRY
8	60	253	0.009505334782235473	DESCRIPTIVE_ONLY_OBSERVER_SCALE_GEOMETRY
8	61	253	0.0007323728258139087	DESCRIPTIVE_ONLY_OBSERVER_SCALE_GEOMETRY
8	62	253	0.01599444317650609	DESCRIPTIVE_ONLY_OBSERVER_SCALE_GEOMETRY
8	63	253	-0.033251014935499236	DESCRIPTIVE_ONLY_OBSERVER_SCALE_GEOMETRY
8	64	253	0.052979400458993485	DESCRIPTIVE_ONLY_OBSERVER_SCALE_GEOMETRY
8	65	253	-0.04234477703342569	DESCRIPTIVE_ONLY_OBSERVER_SCALE_GEOMETRY
8	66	253	-0.005585620092318742	DESCRIPTIVE_ONLY_OBSERVER_SCALE_GEOMETRY
8	67	253	0.003842988924927964	DESCRIPTIVE_ONLY_OBSERVER_SCALE_GEOMETRY
8	68	253	-0.04748534892005167	DESCRIPTIVE_ONLY_OBSERVER_SCALE_GEOMETRY
8	69	253	0.0402116760509729	DESCRIPTIVE_ONLY_OBSERVER_SCALE_GEOMETRY
8	70	253	0.020751886697567248	DESCRIPTIVE_ONLY_OBSERVER_SCALE_GEOMETRY
8	71	253	0.03143853560018501	DESCRIPTIVE_ONLY_OBSERVER_SCALE_GEOMETRY
8	72	253	-0.10341488398280821	DESCRIPTIVE_ONLY_OBSERVER_SCALE_GEOMETRY
8	73	253	-1.262085092046237	DESCRIPTIVE_ONLY_OBSERVER_SCALE_GEOMETRY
8	74	253	3.0568301663776305	DESCRIPTIVE_ONLY_OBSERVER_SCALE_GEOMETRY
8	75	253	-5.330899490286589	DESCRIPTIVE_ONLY_OBSERVER_SCALE_GEOMETRY
8	76	252	2.5684888744807526	DESCRIPTIVE_ONLY_OBSERVER_SCALE_GEOMETRY
8	77	252	1.0498953820896462	DESCRIPTIVE_ONLY_OBSERVER_SCALE_GEOMETRY
8	78	252	0.028059347111855423	DESCRIPTIVE_ONLY_OBSERVER_SCALE_GEOMETRY
8	79	252	-0.0914610741365169	DESCRIPTIVE_ONLY_OBSERVER_SCALE_GEOMETRY
8	80	252	0.10998990009063074	DESCRIPTIVE_ONLY_OBSERVER_SCALE_GEOMETRY
8	81	252	-0.05417672206365801	DESCRIPTIVE_ONLY_OBSERVER_SCALE_GEOMETRY
8	82	252	-0.005913946870698273	DESCRIPTIVE_ONLY_OBSERVER_SCALE_GEOMETRY
8	83	252	0.029627766850671124	DESCRIPTIVE_ONLY_OBSERVER_SCALE_GEOMETRY
8	84	252	-0.02718746226928241	DESCRIPTIVE_ONLY_OBSERVER_SCALE_GEOMETRY
8	85	252	0.06415495854009907	DESCRIPTIVE_ONLY_OBSERVER_SCALE_GEOMETRY
8	86	252	-0.06773667761984915	DESCRIPTIVE_ONLY_OBSERVER_SCALE_GEOMETRY
8	87	252	-0.01240526684039377	DESCRIPTIVE_ONLY_OBSERVER_SCALE_GEOMETRY
8	88	252	0.03006729865648237	DESCRIPTIVE_ONLY_OBSERVER_SCALE_GEOMETRY
8	89	252	0.01016911339751048	DESCRIPTIVE_ONLY_OBSERVER_SCALE_GEOMETRY
8	90	252	-0.03399354620379676	DESCRIPTIVE_ONLY_OBSERVER_SCALE_GEOMETRY
8	91	252	0.04225062016858673	DESCRIPTIVE_ONLY_OBSERVER_SCALE_GEOMETRY
8	92	252	-0.019365172275955123	DESCRIPTIVE_ONLY_OBSERVER_SCALE_GEOMETRY
8	93	252	0.03666163786111317	DESCRIPTIVE_ONLY_OBSERVER_SCALE_GEOMETRY
8	94	252	-0.014931180382058104	DESCRIPTIVE_ONLY_OBSERVER_SCALE_GEOMETRY
8	95	252	-0.045180852370062134	DESCRIPTIVE_ONLY_OBSERVER_SCALE_GEOMETRY
8	96	252	0.005448808429022924	DESCRIPTIVE_ONLY_OBSERVER_SCALE_GEOMETRY
8	97	252	0.044856148692302575	DESCRIPTIVE_ONLY_OBSERVER_SCALE_GEOMETRY
8	98	252	-0.11659468278252912	DESCRIPTIVE_ONLY_OBSERVER_SCALE_GEOMETRY
8	99	252	1.9544992620847021	DESCRIPTIVE_ONLY_OBSERVER_SCALE_GEOMETRY
8	100	252	-1.8546420621462347	DESCRIPTIVE_ONLY_OBSERVER_SCALE_GEOMETRY
8	101	252	0.0047178344659273425	DESCRIPTIVE_ONLY_OBSERVER_SCALE_GEOMETRY
8	102	252	-0.029433701707070666	DESCRIPTIVE_ONLY_OBSERVER_SCALE_GEOMETRY
8	103	252	-0.09030274907613048	DESCRIPTIVE_ONLY_OBSERVER_SCALE_GEOMETRY
8	104	252	0.07888798827820934	DESCRIPTIVE_ONLY_OBSERVER_SCALE_GEOMETRY
8	105	252	-0.015172125241836625	DESCRIPTIVE_ONLY_OBSERVER_SCALE_GEOMETRY
8	106	252	-0.0396385401910035	DESCRIPTIVE_ONLY_OBSERVER_SCALE_GEOMETRY
8	107	252	0.0004942978375901082	DESCRIPTIVE_ONLY_OBSERVER_SCALE_GEOMETRY
8	108	252	0.04877349931802206	DESCRIPTIVE_ONLY_OBSERVER_SCALE_GEOMETRY
8	109	252	-0.048208812656030366	DESCRIPTIVE_ONLY_OBSERVER_SCALE_GEOMETRY
8	110	252	-0.003652647975605184	DESCRIPTIVE_ONLY_OBSERVER_SCALE_GEOMETRY
8	111	252	0.013395944588568688	DESCRIPTIVE_ONLY_OBSERVER_SCALE_GEOMETRY
8	112	252	0.02054713205080777	DESCRIPTIVE_ONLY_OBSERVER_SCALE_GEOMETRY
8	113	252	-0.08736249172525626	DESCRIPTIVE_ONLY_OBSERVER_SCALE_GEOMETRY
8	114	252	0.02817181313542015	DESCRIPTIVE_ONLY_OBSERVER_SCALE_GEOMETRY
8	115	252	0.023261433022366492	DESCRIPTIVE_ONLY_OBSERVER_SCALE_GEOMETRY
8	116	252	-0.09316030116466541	DESCRIPTIVE_ONLY_OBSERVER_SCALE_GEOMETRY
8	117	252	0.024060323255760758	DESCRIPTIVE_ONLY_OBSERVER_SCALE_GEOMETRY
8	118	252	-0.04376350399746298	DESCRIPTIVE_ONLY_OBSERVER_SCALE_GEOMETRY
8	119	252	0.027195683279312113	DESCRIPTIVE_ONLY_OBSERVER_SCALE_GEOMETRY
8	120	252	0.03707915222263066	DESCRIPTIVE_ONLY_OBSERVER_SCALE_GEOMETRY
8	121	252	-0.1212696329195732	DESCRIPTIVE_ONLY_OBSERVER_SCALE_GEOMETRY
8	122	251	0.03755687355635711	DESCRIPTIVE_ONLY_OBSERVER_SCALE_GEOMETRY
8	123	251	0.02142988796054936	DESCRIPTIVE_ONLY_OBSERVER_SCALE_GEOMETRY
8	124	251	-0.010726260850724036	DESCRIPTIVE_ONLY_OBSERVER_SCALE_GEOMETRY
8	125	251	-0.06292516643450141	DESCRIPTIVE_ONLY_OBSERVER_SCALE_GEOMETRY
8	126	251	-0.03420505219016335	DESCRIPTIVE_ONLY_OBSERVER_SCALE_GEOMETRY
8	127	251	0.11056241335931946	DESCRIPTIVE_ONLY_OBSERVER_SCALE_GEOMETRY
8	128	251	-0.14502968402021665	DESCRIPTIVE_ONLY_OBSERVER_SCALE_GEOMETRY
8	129	251	0.0324137676355113	DESCRIPTIVE_ONLY_OBSERVER_SCALE_GEOMETRY
8	130	251	-0.00648777384136088	DESCRIPTIVE_ONLY_OBSERVER_SCALE_GEOMETRY
8	131	250	-0.03920747118180592	DESCRIPTIVE_ONLY_OBSERVER_SCALE_GEOMETRY
8	132	250	0.06883665418457172	DESCRIPTIVE_ONLY_OBSERVER_SCALE_GEOMETRY
8	133	250	0.4026310214831427	DESCRIPTIVE_ONLY_OBSERVER_SCALE_GEOMETRY
8	134	250	-0.4479779362208708	DESCRIPTIVE_ONLY_OBSERVER_SCALE_GEOMETRY
8	135	250	2.328370175796115	DESCRIPTIVE_ONLY_OBSERVER_SCALE_GEOMETRY
8	136	250	-2.1725665221134247	DESCRIPTIVE_ONLY_OBSERVER_SCALE_GEOMETRY
8	137	250	-0.16440028183107477	DESCRIPTIVE_ONLY_OBSERVER_SCALE_GEOMETRY
8	138	250	-0.10101237895258841	DESCRIPTIVE_ONLY_OBSERVER_SCALE_GEOMETRY
8	139	250	0.05582058370563829	DESCRIPTIVE_ONLY_OBSERVER_SCALE_GEOMETRY
8	140	250	0.05857170113685836	DESCRIPTIVE_ONLY_OBSERVER_SCALE_GEOMETRY
8	141	250	-0.19588529587051576	DESCRIPTIVE_ONLY_OBSERVER_SCALE_GEOMETRY
8	142	250	0.3265513627931212	DESCRIPTIVE_ONLY_OBSERVER_SCALE_GEOMETRY
8	143	249	-0.1147862686555556	DESCRIPTIVE_ONLY_OBSERVER_SCALE_GEOMETRY
8	144	249	-0.368551118310046	DESCRIPTIVE_ONLY_OBSERVER_SCALE_GEOMETRY
8	145	249	0.07871743469840399	DESCRIPTIVE_ONLY_OBSERVER_SCALE_GEOMETRY
8	146	249	0.048441007381601196	DESCRIPTIVE_ONLY_OBSERVER_SCALE_GEOMETRY
8	147	249	0.0009179983611561984	DESCRIPTIVE_ONLY_OBSERVER_SCALE_GEOMETRY
8	148	249	-0.07644013879924873	DESCRIPTIVE_ONLY_OBSERVER_SCALE_GEOMETRY
8	149	249	0.03307790574086084	DESCRIPTIVE_ONLY_OBSERVER_SCALE_GEOMETRY
8	150	249	-0.04156084198666061	DESCRIPTIVE_ONLY_OBSERVER_SCALE_GEOMETRY
8	151	249	-0.006416735415934699	DESCRIPTIVE_ONLY_OBSERVER_SCALE_GEOMETRY
8	152	249	1.0896877526372257	DESCRIPTIVE_ONLY_OBSERVER_SCALE_GEOMETRY
8	153	249	-1.117714341539728	DESCRIPTIVE_ONLY_OBSERVER_SCALE_GEOMETRY
8	154	248	0.007314369613644904	DESCRIPTIVE_ONLY_OBSERVER_SCALE_GEOMETRY
8	155	248	-0.00422423357562473	DESCRIPTIVE_ONLY_OBSERVER_SCALE_GEOMETRY
8	156	248	-0.033474072447393775	DESCRIPTIVE_ONLY_OBSERVER_SCALE_GEOMETRY
8	157	248	-0.03544040147152198	DESCRIPTIVE_ONLY_OBSERVER_SCALE_GEOMETRY
8	158	248	-0.012495522191895685	DESCRIPTIVE_ONLY_OBSERVER_SCALE_GEOMETRY
8	159	248	-0.1785718884833028	DESCRIPTIVE_ONLY_OBSERVER_SCALE_GEOMETRY
8	160	248	0.05091808287324855	DESCRIPTIVE_ONLY_OBSERVER_SCALE_GEOMETRY
8	161	248	0.010580113856700121	DESCRIPTIVE_ONLY_OBSERVER_SCALE_GEOMETRY
8	162	248	0.13771007589647874	DESCRIPTIVE_ONLY_OBSERVER_SCALE_GEOMETRY
8	163	248	0.0036244169682400846	DESCRIPTIVE_ONLY_OBSERVER_SCALE_GEOMETRY
8	164	248	-0.13860005091624428	DESCRIPTIVE_ONLY_OBSERVER_SCALE_GEOMETRY
8	165	248	-0.034611070173505974	DESCRIPTIVE_ONLY_OBSERVER_SCALE_GEOMETRY
8	166	248	0.044002422331161244	DESCRIPTIVE_ONLY_OBSERVER_SCALE_GEOMETRY
8	167	248	-0.06338775307874721	DESCRIPTIVE_ONLY_OBSERVER_SCALE_GEOMETRY
8	168	248	0.015885037732802268	DESCRIPTIVE_ONLY_OBSERVER_SCALE_GEOMETRY
8	169	248	-0.08106298966241895	DESCRIPTIVE_ONLY_OBSERVER_SCALE_GEOMETRY
8	170	248	-0.002538980254702438	DESCRIPTIVE_ONLY_OBSERVER_SCALE_GEOMETRY
8	171	248	-0.00984836746848354	DESCRIPTIVE_ONLY_OBSERVER_SCALE_GEOMETRY
8	172	248	0.02011002559400581	DESCRIPTIVE_ONLY_OBSERVER_SCALE_GEOMETRY
8	173	248	-0.04386146257123551	DESCRIPTIVE_ONLY_OBSERVER_SCALE_GEOMETRY
8	174	248	-0.03565917123632909	DESCRIPTIVE_ONLY_OBSERVER_SCALE_GEOMETRY
8	175	248	0.03550842545534577	DESCRIPTIVE_ONLY_OBSERVER_SCALE_GEOMETRY
8	176	248	-0.03455143375377233	DESCRIPTIVE_ONLY_OBSERVER_SCALE_GEOMETRY
8	177	248	-0.11242999192445115	DESCRIPTIVE_ONLY_OBSERVER_SCALE_GEOMETRY
8	178	248	0.07320371377092082	DESCRIPTIVE_ONLY_OBSERVER_SCALE_GEOMETRY
8	179	248	-0.007165518412531895	DESCRIPTIVE_ONLY_OBSERVER_SCALE_GEOMETRY
8	180	248	-0.06853276088820184	DESCRIPTIVE_ONLY_OBSERVER_SCALE_GEOMETRY
8	181	248	0.03783446922771227	DESCRIPTIVE_ONLY_OBSERVER_SCALE_GEOMETRY
8	182	248	-0.06680961985897145	DESCRIPTIVE_ONLY_OBSERVER_SCALE_GEOMETRY
8	183	248	0.020198591081109593	DESCRIPTIVE_ONLY_OBSERVER_SCALE_GEOMETRY
8	184	248	-0.03632913039111255	DESCRIPTIVE_ONLY_OBSERVER_SCALE_GEOMETRY
8	185	248	-0.06330144842043041	DESCRIPTIVE_ONLY_OBSERVER_SCALE_GEOMETRY
8	186	248	0.018615225181759128	DESCRIPTIVE_ONLY_OBSERVER_SCALE_GEOMETRY
8	187	248	-0.00816268366462951	DESCRIPTIVE_ONLY_OBSERVER_SCALE_GEOMETRY
8	188	248	-0.009737759388086433	DESCRIPTIVE_ONLY_OBSERVER_SCALE_GEOMETRY
8	189	248	-0.025131407435684178	DESCRIPTIVE_ONLY_OBSERVER_SCALE_GEOMETRY
8	190	248	-0.017786375969564793	DESCRIPTIVE_ONLY_OBSERVER_SCALE_GEOMETRY
8	191	248	-0.049820037713929885	DESCRIPTIVE_ONLY_OBSERVER_SCALE_GEOMETRY
8	192	248	0.025682767830998623	DESCRIPTIVE_ONLY_OBSERVER_SCALE_GEOMETRY
8	193	247	1.2862766341212768	DESCRIPTIVE_ONLY_OBSERVER_SCALE_GEOMETRY
8	194	247	-5.381409794170283	DESCRIPTIVE_ONLY_OBSERVER_SCALE_GEOMETRY
8	195	247	4.308641425839799	DESCRIPTIVE_ONLY_OBSERVER_SCALE_GEOMETRY
8	196	247	-0.12255206816565956	DESCRIPTIVE_ONLY_OBSERVER_SCALE_GEOMETRY
8	197	247	-0.19140303837602105	DESCRIPTIVE_ONLY_OBSERVER_SCALE_GEOMETRY
8	198	247	-0.2776852116109589	DESCRIPTIVE_ONLY_OBSERVER_SCALE_GEOMETRY
8	199	247	-0.4040147648983891	DESCRIPTIVE_ONLY_OBSERVER_SCALE_GEOMETRY
8	200	247	0.6828520362425787	DESCRIPTIVE_ONLY_OBSERVER_SCALE_GEOMETRY
8	201	247	0.1124586065133976	DESCRIPTIVE_ONLY_OBSERVER_SCALE_GEOMETRY
8	202	247	-0.4229182157825765	DESCRIPTIVE_ONLY_OBSERVER_SCALE_GEOMETRY
8	203	247	0.19862300241136327	DESCRIPTIVE_ONLY_OBSERVER_SCALE_GEOMETRY
8	204	247	-0.044191193981771563	DESCRIPTIVE_ONLY_OBSERVER_SCALE_GEOMETRY
8	205	247	-0.015102148468767547	DESCRIPTIVE_ONLY_OBSERVER_SCALE_GEOMETRY
8	206	247	-0.0035288839039953894	DESCRIPTIVE_ONLY_OBSERVER_SCALE_GEOMETRY
8	207	246	0.0022221313392536287	DESCRIPTIVE_ONLY_OBSERVER_SCALE_GEOMETRY
8	208	246	-0.04120417613352867	DESCRIPTIVE_ONLY_OBSERVER_SCALE_GEOMETRY
8	209	246	-0.043954740921989664	DESCRIPTIVE_ONLY_OBSERVER_SCALE_GEOMETRY
8	210	246	-0.029061925921202967	DESCRIPTIVE_ONLY_OBSERVER_SCALE_GEOMETRY
8	211	246	-0.057198219981846175	DESCRIPTIVE_ONLY_OBSERVER_SCALE_GEOMETRY
8	212	246	-0.04778568565072457	DESCRIPTIVE_ONLY_OBSERVER_SCALE_GEOMETRY
8	213	246	0.17308065721829546	DESCRIPTIVE_ONLY_OBSERVER_SCALE_GEOMETRY
8	214	246	-0.12468265039446527	DESCRIPTIVE_ONLY_OBSERVER_SCALE_GEOMETRY
8	215	246	0.02599536689325963	DESCRIPTIVE_ONLY_OBSERVER_SCALE_GEOMETRY
8	216	246	-0.0655926186763898	DESCRIPTIVE_ONLY_OBSERVER_SCALE_GEOMETRY
8	217	246	-0.06899707522270096	DESCRIPTIVE_ONLY_OBSERVER_SCALE_GEOMETRY
8	218	246	0.08707220275189355	DESCRIPTIVE_ONLY_OBSERVER_SCALE_GEOMETRY
8	219	246	-0.1271513437608747	DESCRIPTIVE_ONLY_OBSERVER_SCALE_GEOMETRY
8	220	246	0.07786970811863647	DESCRIPTIVE_ONLY_OBSERVER_SCALE_GEOMETRY
8	221	246	-0.10002793476703233	DESCRIPTIVE_ONLY_OBSERVER_SCALE_GEOMETRY
8	222	246	-0.007898861397804054	DESCRIPTIVE_ONLY_OBSERVER_SCALE_GEOMETRY
8	223	246	0.052808067766560066	DESCRIPTIVE_ONLY_OBSERVER_SCALE_GEOMETRY
8	224	246	-0.12407352515654643	DESCRIPTIVE_ONLY_OBSERVER_SCALE_GEOMETRY
8	225	246	0.03462643576286847	DESCRIPTIVE_ONLY_OBSERVER_SCALE_GEOMETRY
8	226	246	-0.04408363457081872	DESCRIPTIVE_ONLY_OBSERVER_SCALE_GEOMETRY
8	227	246	-0.049235255072635056	DESCRIPTIVE_ONLY_OBSERVER_SCALE_GEOMETRY
8	228	246	0.10499815930253888	DESCRIPTIVE_ONLY_OBSERVER_SCALE_GEOMETRY
8	229	246	-0.18360510080194486	DESCRIPTIVE_ONLY_OBSERVER_SCALE_GEOMETRY
8	230	246	-0.08577220892290077	DESCRIPTIVE_ONLY_OBSERVER_SCALE_GEOMETRY
8	231	246	0.07057861454966216	DESCRIPTIVE_ONLY_OBSERVER_SCALE_GEOMETRY
8	232	246	0.0346563781745185	DESCRIPTIVE_ONLY_OBSERVER_SCALE_GEOMETRY
8	233	246	-0.1834894257194326	DESCRIPTIVE_ONLY_OBSERVER_SCALE_GEOMETRY
8	234	246	0.03138207278023142	DESCRIPTIVE_ONLY_OBSERVER_SCALE_GEOMETRY
8	235	246	-0.03164398073037336	DESCRIPTIVE_ONLY_OBSERVER_SCALE_GEOMETRY
8	236	246	-0.02486079051279238	DESCRIPTIVE_ONLY_OBSERVER_SCALE_GEOMETRY
8	237	246	-0.09148836137057624	DESCRIPTIVE_ONLY_OBSERVER_SCALE_GEOMETRY
8	238	246	0.022705083802030766	DESCRIPTIVE_ONLY_OBSERVER_SCALE_GEOMETRY
8	239	246	-0.02488023876764581	DESCRIPTIVE_ONLY_OBSERVER_SCALE_GEOMETRY
8	240	246	-0.12196894514189353	DESCRIPTIVE_ONLY_OBSERVER_SCALE_GEOMETRY
8	241	246	-0.1182316942176279	DESCRIPTIVE_ONLY_OBSERVER_SCALE_GEOMETRY
8	242	246	0.07089451099236774	DESCRIPTIVE_ONLY_OBSERVER_SCALE_GEOMETRY
8	243	246	-0.10722671910173018	DESCRIPTIVE_ONLY_OBSERVER_SCALE_GEOMETRY
8	244	246	-0.09153290142002363	DESCRIPTIVE_ONLY_OBSERVER_SCALE_GEOMETRY
8	245	246	0.09889298737947644	DESCRIPTIVE_ONLY_OBSERVER_SCALE_GEOMETRY
8	246	246	-0.15801656361751604	DESCRIPTIVE_ONLY_OBSERVER_SCALE_GEOMETRY
8	247	246	0.008106624354976848	DESCRIPTIVE_ONLY_OBSERVER_SCALE_GEOMETRY
8	248	246	-0.0600585904178615	DESCRIPTIVE_ONLY_OBSERVER_SCALE_GEOMETRY
8	249	246	-0.04234932788358458	DESCRIPTIVE_ONLY_OBSERVER_SCALE_GEOMETRY
8	250	246	-0.10021570442215273	DESCRIPTIVE_ONLY_OBSERVER_SCALE_GEOMETRY
8	251	246	-0.01810180193817556	DESCRIPTIVE_ONLY_OBSERVER_SCALE_GEOMETRY
8	252	246	-0.09955794783202691	DESCRIPTIVE_ONLY_OBSERVER_SCALE_GEOMETRY
8	253	246	0.07970396746732221	DESCRIPTIVE_ONLY_OBSERVER_SCALE_GEOMETRY
8	254	246	-0.17175811857725784	DESCRIPTIVE_ONLY_OBSERVER_SCALE_GEOMETRY
8	255	246	-2.3503247413423023	DESCRIPTIVE_ONLY_OBSERVER_SCALE_GEOMETRY
8	256	246	2.983537795104971	DESCRIPTIVE_ONLY_OBSERVER_SCALE_GEOMETRY
8	257	246	-0.6803422182864132	DESCRIPTIVE_ONLY_OBSERVER_SCALE_GEOMETRY
8	258	245	0.13313844750021347	DESCRIPTIVE_ONLY_OBSERVER_SCALE_GEOMETRY
8	259	245	-0.09741418076387927	DESCRIPTIVE_ONLY_OBSERVER_SCALE_GEOMETRY
8	260	245	-0.257098834028287	DESCRIPTIVE_ONLY_OBSERVER_SCALE_GEOMETRY
8	261	245	-0.09743705762777073	DESCRIPTIVE_ONLY_OBSERVER_SCALE_GEOMETRY
8	262	245	0.019322170333329	DESCRIPTIVE_ONLY_OBSERVER_SCALE_GEOMETRY
8	263	245	-0.1329885736408417	DESCRIPTIVE_ONLY_OBSERVER_SCALE_GEOMETRY
8	264	245	0.05282653346001705	DESCRIPTIVE_ONLY_OBSERVER_SCALE_GEOMETRY
8	265	245	-0.13476979336903258	DESCRIPTIVE_ONLY_OBSERVER_SCALE_GEOMETRY
8	266	245	-0.008301390240724146	DESCRIPTIVE_ONLY_OBSERVER_SCALE_GEOMETRY
8	267	245	-0.05607047737195321	DESCRIPTIVE_ONLY_OBSERVER_SCALE_GEOMETRY
8	268	245	-0.09820738279409046	DESCRIPTIVE_ONLY_OBSERVER_SCALE_GEOMETRY
8	269	245	0.05328368752773591	DESCRIPTIVE_ONLY_OBSERVER_SCALE_GEOMETRY
8	270	244	-0.18182649641838478	DESCRIPTIVE_ONLY_OBSERVER_SCALE_GEOMETRY
8	271	244	0.07247698693670031	DESCRIPTIVE_ONLY_OBSERVER_SCALE_GEOMETRY
8	272	243	0.4424506680404049	DESCRIPTIVE_ONLY_OBSERVER_SCALE_GEOMETRY
8	273	243	-0.4889442370808442	DESCRIPTIVE_ONLY_OBSERVER_SCALE_GEOMETRY
8	274	242	-0.20537082982008384	DESCRIPTIVE_ONLY_OBSERVER_SCALE_GEOMETRY
8	275	242	0.08097472423464055	DESCRIPTIVE_ONLY_OBSERVER_SCALE_GEOMETRY
8	276	242	-0.2516971437172955	DESCRIPTIVE_ONLY_OBSERVER_SCALE_GEOMETRY
8	277	242	0.15831610758850206	DESCRIPTIVE_ONLY_OBSERVER_SCALE_GEOMETRY
8	278	242	-0.1819986961459977	DESCRIPTIVE_ONLY_OBSERVER_SCALE_GEOMETRY
8	279	242	0.0507321040182706	DESCRIPTIVE_ONLY_OBSERVER_SCALE_GEOMETRY
8	280	242	-0.15087970538822626	DESCRIPTIVE_ONLY_OBSERVER_SCALE_GEOMETRY
8	281	242	-0.01014521011327884	DESCRIPTIVE_ONLY_OBSERVER_SCALE_GEOMETRY
8	282	242	-0.03678838877224643	DESCRIPTIVE_ONLY_OBSERVER_SCALE_GEOMETRY
8	283	242	-0.01674265860482484	DESCRIPTIVE_ONLY_OBSERVER_SCALE_GEOMETRY
8	284	242	-0.12827481498295182	DESCRIPTIVE_ONLY_OBSERVER_SCALE_GEOMETRY
8	285	242	-0.019724830989817838	DESCRIPTIVE_ONLY_OBSERVER_SCALE_GEOMETRY
8	286	242	-0.1279923407125001	DESCRIPTIVE_ONLY_OBSERVER_SCALE_GEOMETRY
8	287	242	-0.003907204386047363	DESCRIPTIVE_ONLY_OBSERVER_SCALE_GEOMETRY
8	288	242	-0.10642215823337046	DESCRIPTIVE_ONLY_OBSERVER_SCALE_GEOMETRY
8	289	242	-0.02478520093855419	DESCRIPTIVE_ONLY_OBSERVER_SCALE_GEOMETRY
8	290	242	-0.12441176290525062	DESCRIPTIVE_ONLY_OBSERVER_SCALE_GEOMETRY
8	291	242	0.00009051857668057285	DESCRIPTIVE_ONLY_OBSERVER_SCALE_GEOMETRY
8	292	242	0.03743473615814182	DESCRIPTIVE_ONLY_OBSERVER_SCALE_GEOMETRY
8	293	242	-0.23539904980554688	DESCRIPTIVE_ONLY_OBSERVER_SCALE_GEOMETRY
8	294	242	0.03308813195285775	DESCRIPTIVE_ONLY_OBSERVER_SCALE_GEOMETRY
8	295	242	-0.08646351199423705	DESCRIPTIVE_ONLY_OBSERVER_SCALE_GEOMETRY
8	296	242	-0.10042458639299652	DESCRIPTIVE_ONLY_OBSERVER_SCALE_GEOMETRY
8	297	242	-0.0864869455728189	DESCRIPTIVE_ONLY_OBSERVER_SCALE_GEOMETRY
8	298	242	0.05272896115344507	DESCRIPTIVE_ONLY_OBSERVER_SCALE_GEOMETRY
8	299	242	-0.123148371451782	DESCRIPTIVE_ONLY_OBSERVER_SCALE_GEOMETRY
8	300	242	-0.0729945788021298	DESCRIPTIVE_ONLY_OBSERVER_SCALE_GEOMETRY
8	301	242	-0.06478614544461997	DESCRIPTIVE_ONLY_OBSERVER_SCALE_GEOMETRY
8	302	242	0.013398888505289258	DESCRIPTIVE_ONLY_OBSERVER_SCALE_GEOMETRY
8	303	241	-0.20789893798745246	DESCRIPTIVE_ONLY_OBSERVER_SCALE_GEOMETRY
8	304	241	0.09513690218893685	DESCRIPTIVE_ONLY_OBSERVER_SCALE_GEOMETRY
8	305	241	-0.18081174956802876	DESCRIPTIVE_ONLY_OBSERVER_SCALE_GEOMETRY
8	306	241	-0.061846963722294826	DESCRIPTIVE_ONLY_OBSERVER_SCALE_GEOMETRY
8	307	241	-0.04349268380860909	DESCRIPTIVE_ONLY_OBSERVER_SCALE_GEOMETRY
8	308	241	-0.06727031196594978	DESCRIPTIVE_ONLY_OBSERVER_SCALE_GEOMETRY
8	309	241	-0.05570384736253836	DESCRIPTIVE_ONLY_OBSERVER_SCALE_GEOMETRY
8	310	241	-0.048255722942132304	DESCRIPTIVE_ONLY_OBSERVER_SCALE_GEOMETRY
8	311	241	-0.07180934170029554	DESCRIPTIVE_ONLY_OBSERVER_SCALE_GEOMETRY
8	312	240	-0.1358595257993424	DESCRIPTIVE_ONLY_OBSERVER_SCALE_GEOMETRY
8	313	240	2.298527898118082	DESCRIPTIVE_ONLY_OBSERVER_SCALE_GEOMETRY
8	314	240	-11.302867615498545	DESCRIPTIVE_ONLY_OBSERVER_SCALE_GEOMETRY
8	315	240	6.681606980313431	DESCRIPTIVE_ONLY_OBSERVER_SCALE_GEOMETRY
8	316	240	2.246682522594861	DESCRIPTIVE_ONLY_OBSERVER_SCALE_GEOMETRY
8	317	239	0.16822680208646326	DESCRIPTIVE_ONLY_OBSERVER_SCALE_GEOMETRY
8	318	239	-0.2955972578048263	DESCRIPTIVE_ONLY_OBSERVER_SCALE_GEOMETRY
8	319	239	-0.1339566307033751	DESCRIPTIVE_ONLY_OBSERVER_SCALE_GEOMETRY
8	320	239	-0.08354978602122	DESCRIPTIVE_ONLY_OBSERVER_SCALE_GEOMETRY
8	321	239	0.006994483051405734	DESCRIPTIVE_ONLY_OBSERVER_SCALE_GEOMETRY
8	322	239	-0.12785600058286392	DESCRIPTIVE_ONLY_OBSERVER_SCALE_GEOMETRY
8	323	239	0.021585332545336365	DESCRIPTIVE_ONLY_OBSERVER_SCALE_GEOMETRY
8	324	239	-0.04580230590002209	DESCRIPTIVE_ONLY_OBSERVER_SCALE_GEOMETRY
8	325	239	-0.10926747138215383	DESCRIPTIVE_ONLY_OBSERVER_SCALE_GEOMETRY
8	326	239	0.024268487630900788	DESCRIPTIVE_ONLY_OBSERVER_SCALE_GEOMETRY
8	327	239	-0.0648161800115661	DESCRIPTIVE_ONLY_OBSERVER_SCALE_GEOMETRY
8	328	239	-0.12346092524651678	DESCRIPTIVE_ONLY_OBSERVER_SCALE_GEOMETRY
8	329	239	-0.01068057199431194	DESCRIPTIVE_ONLY_OBSERVER_SCALE_GEOMETRY
8	330	239	-0.10658685573666572	DESCRIPTIVE_ONLY_OBSERVER_SCALE_GEOMETRY
8	331	238	0.005361903136579715	DESCRIPTIVE_ONLY_OBSERVER_SCALE_GEOMETRY
8	332	237	0.7634998993687754	DESCRIPTIVE_ONLY_OBSERVER_SCALE_GEOMETRY
8	333	237	-0.8748409556877945	DESCRIPTIVE_ONLY_OBSERVER_SCALE_GEOMETRY
8	334	237	-0.07626354071706543	DESCRIPTIVE_ONLY_OBSERVER_SCALE_GEOMETRY
8	335	237	-0.11693802072994736	DESCRIPTIVE_ONLY_OBSERVER_SCALE_GEOMETRY
8	336	237	0.07035793240418829	DESCRIPTIVE_ONLY_OBSERVER_SCALE_GEOMETRY
8	337	237	-0.09096796587776342	DESCRIPTIVE_ONLY_OBSERVER_SCALE_GEOMETRY
8	338	237	-0.10330610310813869	DESCRIPTIVE_ONLY_OBSERVER_SCALE_GEOMETRY
8	339	237	-0.031839259670499914	DESCRIPTIVE_ONLY_OBSERVER_SCALE_GEOMETRY
8	340	237	-0.010738973963571218	DESCRIPTIVE_ONLY_OBSERVER_SCALE_GEOMETRY
8	341	237	-0.14182287139490493	DESCRIPTIVE_ONLY_OBSERVER_SCALE_GEOMETRY
8	342	237	0.032521590378715305	DESCRIPTIVE_ONLY_OBSERVER_SCALE_GEOMETRY
8	343	237	-0.1817529157393083	DESCRIPTIVE_ONLY_OBSERVER_SCALE_GEOMETRY
8	344	237	0.08853590288528271	DESCRIPTIVE_ONLY_OBSERVER_SCALE_GEOMETRY
8	345	237	-0.1486569292218355	DESCRIPTIVE_ONLY_OBSERVER_SCALE_GEOMETRY
8	346	237	-0.02579492102720856	DESCRIPTIVE_ONLY_OBSERVER_SCALE_GEOMETRY
8	347	237	-0.09701122401440834	DESCRIPTIVE_ONLY_OBSERVER_SCALE_GEOMETRY
8	348	237	0.01639861128480615	DESCRIPTIVE_ONLY_OBSERVER_SCALE_GEOMETRY
8	349	237	-0.06882374746166231	DESCRIPTIVE_ONLY_OBSERVER_SCALE_GEOMETRY
8	350	237	-0.1307115153428929	DESCRIPTIVE_ONLY_OBSERVER_SCALE_GEOMETRY
8	351	237	-0.01197890562690384	DESCRIPTIVE_ONLY_OBSERVER_SCALE_GEOMETRY
8	352	237	-0.08203675605251838	DESCRIPTIVE_ONLY_OBSERVER_SCALE_GEOMETRY
8	353	237	0.0016695343862591634	DESCRIPTIVE_ONLY_OBSERVER_SCALE_GEOMETRY
8	354	237	-0.047457453176095475	DESCRIPTIVE_ONLY_OBSERVER_SCALE_GEOMETRY
8	355	236	-0.1284191976689833	DESCRIPTIVE_ONLY_OBSERVER_SCALE_GEOMETRY
8	356	236	-0.08308856399708946	DESCRIPTIVE_ONLY_OBSERVER_SCALE_GEOMETRY
8	357	236	-0.025058615276788664	DESCRIPTIVE_ONLY_OBSERVER_SCALE_GEOMETRY
8	358	236	-0.0919217633684958	DESCRIPTIVE_ONLY_OBSERVER_SCALE_GEOMETRY
8	359	236	0.051099130985843295	DESCRIPTIVE_ONLY_OBSERVER_SCALE_GEOMETRY
8	360	236	-0.19299262003025236	DESCRIPTIVE_ONLY_OBSERVER_SCALE_GEOMETRY
8	361	236	-0.03177776445952447	DESCRIPTIVE_ONLY_OBSERVER_SCALE_GEOMETRY
8	362	236	0.033200703447476575	DESCRIPTIVE_ONLY_OBSERVER_SCALE_GEOMETRY
8	363	236	-0.10424692943564391	DESCRIPTIVE_ONLY_OBSERVER_SCALE_GEOMETRY
8	364	236	-0.174056382390159	DESCRIPTIVE_ONLY_OBSERVER_SCALE_GEOMETRY
8	365	235	0.10197355314947919	DESCRIPTIVE_ONLY_OBSERVER_SCALE_GEOMETRY
8	366	235	-0.15584305495885312	DESCRIPTIVE_ONLY_OBSERVER_SCALE_GEOMETRY
8	367	235	0.014929062078706753	DESCRIPTIVE_ONLY_OBSERVER_SCALE_GEOMETRY
8	368	235	-0.19583577566851698	DESCRIPTIVE_ONLY_OBSERVER_SCALE_GEOMETRY
8	369	235	0.08810188327859664	DESCRIPTIVE_ONLY_OBSERVER_SCALE_GEOMETRY
8	370	235	-0.12241860469256564	DESCRIPTIVE_ONLY_OBSERVER_SCALE_GEOMETRY
8	371	235	-0.08472078534918236	DESCRIPTIVE_ONLY_OBSERVER_SCALE_GEOMETRY
8	372	235	-0.03417600537263481	DESCRIPTIVE_ONLY_OBSERVER_SCALE_GEOMETRY
8	373	235	-0.03186749984988625	DESCRIPTIVE_ONLY_OBSERVER_SCALE_GEOMETRY
8	374	235	-0.10042734457276244	DESCRIPTIVE_ONLY_OBSERVER_SCALE_GEOMETRY
8	375	235	3.9245328981594834	DESCRIPTIVE_ONLY_OBSERVER_SCALE_GEOMETRY
8	376	235	-4.120871487303849	DESCRIPTIVE_ONLY_OBSERVER_SCALE_GEOMETRY
8	377	235	0.09267035918623215	DESCRIPTIVE_ONLY_OBSERVER_SCALE_GEOMETRY
8	378	235	-0.25351618703631296	DESCRIPTIVE_ONLY_OBSERVER_SCALE_GEOMETRY
8	379	235	0.07347956156313618	DESCRIPTIVE_ONLY_OBSERVER_SCALE_GEOMETRY
8	380	235	-0.09240681553945256	DESCRIPTIVE_ONLY_OBSERVER_SCALE_GEOMETRY
8	381	235	-0.05377078213821757	DESCRIPTIVE_ONLY_OBSERVER_SCALE_GEOMETRY
9	1	257	0.020661014632658285	DESCRIPTIVE_ONLY_OBSERVER_SCALE_GEOMETRY
9	2	257	-0.010430086372674362	DESCRIPTIVE_ONLY_OBSERVER_SCALE_GEOMETRY
9	3	257	-0.027444165614462793	DESCRIPTIVE_ONLY_OBSERVER_SCALE_GEOMETRY
9	4	257	0.023179752654142204	DESCRIPTIVE_ONLY_OBSERVER_SCALE_GEOMETRY
9	5	257	0.007301484421304213	DESCRIPTIVE_ONLY_OBSERVER_SCALE_GEOMETRY
9	6	257	0.03150694437993932	DESCRIPTIVE_ONLY_OBSERVER_SCALE_GEOMETRY
9	7	257	-0.04398658075184821	DESCRIPTIVE_ONLY_OBSERVER_SCALE_GEOMETRY
9	8	257	0.020369101420235926	DESCRIPTIVE_ONLY_OBSERVER_SCALE_GEOMETRY
9	9	257	0.0409080068858758	DESCRIPTIVE_ONLY_OBSERVER_SCALE_GEOMETRY
9	10	257	-0.28044275178400413	DESCRIPTIVE_ONLY_OBSERVER_SCALE_GEOMETRY
9	11	257	0.6347936633587711	DESCRIPTIVE_ONLY_OBSERVER_SCALE_GEOMETRY
9	12	257	-0.557022829660439	DESCRIPTIVE_ONLY_OBSERVER_SCALE_GEOMETRY
9	13	257	-0.19384494462152535	DESCRIPTIVE_ONLY_OBSERVER_SCALE_GEOMETRY
9	14	257	2.717213609944137	DESCRIPTIVE_ONLY_OBSERVER_SCALE_GEOMETRY
9	15	257	-2.2268102133492045	DESCRIPTIVE_ONLY_OBSERVER_SCALE_GEOMETRY
9	16	257	-0.03620741232429083	DESCRIPTIVE_ONLY_OBSERVER_SCALE_GEOMETRY
9	17	257	0.050315663394754157	DESCRIPTIVE_ONLY_OBSERVER_SCALE_GEOMETRY
9	18	257	-0.01710459596903638	DESCRIPTIVE_ONLY_OBSERVER_SCALE_GEOMETRY
9	19	257	0.07640537847726321	DESCRIPTIVE_ONLY_OBSERVER_SCALE_GEOMETRY
9	20	257	-0.012753038781388079	DESCRIPTIVE_ONLY_OBSERVER_SCALE_GEOMETRY
9	21	257	-0.005870899124316063	DESCRIPTIVE_ONLY_OBSERVER_SCALE_GEOMETRY
9	22	257	0.014434582491956536	DESCRIPTIVE_ONLY_OBSERVER_SCALE_GEOMETRY
9	23	257	0.005132972866393487	DESCRIPTIVE_ONLY_OBSERVER_SCALE_GEOMETRY
9	24	257	0.04114657048103496	DESCRIPTIVE_ONLY_OBSERVER_SCALE_GEOMETRY
9	25	256	-0.018694771140529975	DESCRIPTIVE_ONLY_OBSERVER_SCALE_GEOMETRY
9	26	256	0.02922840450347298	DESCRIPTIVE_ONLY_OBSERVER_SCALE_GEOMETRY
9	27	255	0.060824116338799854	DESCRIPTIVE_ONLY_OBSERVER_SCALE_GEOMETRY
9	28	255	-0.07528951767971077	DESCRIPTIVE_ONLY_OBSERVER_SCALE_GEOMETRY
9	29	255	0.04771793912402724	DESCRIPTIVE_ONLY_OBSERVER_SCALE_GEOMETRY
9	30	255	0.010139444094625206	DESCRIPTIVE_ONLY_OBSERVER_SCALE_GEOMETRY
9	31	255	2.9355454953749733	DESCRIPTIVE_ONLY_OBSERVER_SCALE_GEOMETRY
9	32	255	-3.0258474131853164	DESCRIPTIVE_ONLY_OBSERVER_SCALE_GEOMETRY
9	33	255	0.11957463270118972	DESCRIPTIVE_ONLY_OBSERVER_SCALE_GEOMETRY
9	34	255	0.04658586145692259	DESCRIPTIVE_ONLY_OBSERVER_SCALE_GEOMETRY
9	35	255	-0.032619350987137	DESCRIPTIVE_ONLY_OBSERVER_SCALE_GEOMETRY
9	36	255	0.0907559013671772	DESCRIPTIVE_ONLY_OBSERVER_SCALE_GEOMETRY
9	37	255	8.314115283473772	DESCRIPTIVE_ONLY_OBSERVER_SCALE_GEOMETRY
9	38	255	-7.237086720230315	DESCRIPTIVE_ONLY_OBSERVER_SCALE_GEOMETRY
9	39	255	-1.2358051429147174	DESCRIPTIVE_ONLY_OBSERVER_SCALE_GEOMETRY
9	40	255	-0.07339700194395087	DESCRIPTIVE_ONLY_OBSERVER_SCALE_GEOMETRY
9	41	255	-0.027400012970879628	DESCRIPTIVE_ONLY_OBSERVER_SCALE_GEOMETRY
9	42	255	0.3369603751850976	DESCRIPTIVE_ONLY_OBSERVER_SCALE_GEOMETRY
9	43	254	0.13886415775946756	DESCRIPTIVE_ONLY_OBSERVER_SCALE_GEOMETRY
9	44	254	-0.04862338560419707	DESCRIPTIVE_ONLY_OBSERVER_SCALE_GEOMETRY
9	45	254	0.030162273122698095	DESCRIPTIVE_ONLY_OBSERVER_SCALE_GEOMETRY
9	46	254	0.015706954539376535	DESCRIPTIVE_ONLY_OBSERVER_SCALE_GEOMETRY
9	47	254	0.004783157988724672	DESCRIPTIVE_ONLY_OBSERVER_SCALE_GEOMETRY
9	48	254	-0.06514578353955483	DESCRIPTIVE_ONLY_OBSERVER_SCALE_GEOMETRY
9	49	254	0.10894748887361529	DESCRIPTIVE_ONLY_OBSERVER_SCALE_GEOMETRY
9	50	254	0.032122371233274584	DESCRIPTIVE_ONLY_OBSERVER_SCALE_GEOMETRY
9	51	254	-0.03097853922010033	DESCRIPTIVE_ONLY_OBSERVER_SCALE_GEOMETRY
9	52	254	-0.015492127483636525	DESCRIPTIVE_ONLY_OBSERVER_SCALE_GEOMETRY
9	53	254	0.0950889123606482	DESCRIPTIVE_ONLY_OBSERVER_SCALE_GEOMETRY
9	54	254	-0.04648294466959102	DESCRIPTIVE_ONLY_OBSERVER_SCALE_GEOMETRY
9	55	254	0.0853823955107281	DESCRIPTIVE_ONLY_OBSERVER_SCALE_GEOMETRY
9	56	253	-0.04036997539283089	DESCRIPTIVE_ONLY_OBSERVER_SCALE_GEOMETRY
9	57	253	0.041713424094270805	DESCRIPTIVE_ONLY_OBSERVER_SCALE_GEOMETRY
9	58	253	0.00992772585488766	DESCRIPTIVE_ONLY_OBSERVER_SCALE_GEOMETRY
9	59	253	0.03263880646158644	DESCRIPTIVE_ONLY_OBSERVER_SCALE_GEOMETRY
9	60	253	0.020066450545954163	DESCRIPTIVE_ONLY_OBSERVER_SCALE_GEOMETRY
9	61	253	0.04043652881766214	DESCRIPTIVE_ONLY_OBSERVER_SCALE_GEOMETRY
9	62	253	-0.011498077610578632	DESCRIPTIVE_ONLY_OBSERVER_SCALE_GEOMETRY
9	63	253	0.0715086472969351	DESCRIPTIVE_ONLY_OBSERVER_SCALE_GEOMETRY
9	64	253	-0.01956313381264191	DESCRIPTIVE_ONLY_OBSERVER_SCALE_GEOMETRY
9	65	253	0.018329069164226327	DESCRIPTIVE_ONLY_OBSERVER_SCALE_GEOMETRY
9	66	253	0.030325612117180222	DESCRIPTIVE_ONLY_OBSERVER_SCALE_GEOMETRY
9	67	253	-0.01902830057281873	DESCRIPTIVE_ONLY_OBSERVER_SCALE_GEOMETRY
9	68	253	0.07082036111042286	DESCRIPTIVE_ONLY_OBSERVER_SCALE_GEOMETRY
9	69	253	0.04660019829926596	DESCRIPTIVE_ONLY_OBSERVER_SCALE_GEOMETRY
9	70	253	0.05629995673132397	DESCRIPTIVE_ONLY_OBSERVER_SCALE_GEOMETRY
9	71	253	-0.07962319198642942	DESCRIPTIVE_ONLY_OBSERVER_SCALE_GEOMETRY
9	72	253	-1.2422103559985105	DESCRIPTIVE_ONLY_OBSERVER_SCALE_GEOMETRY
9	73	253	3.0829315552556036	DESCRIPTIVE_ONLY_OBSERVER_SCALE_GEOMETRY
9	74	253	-5.310750003034535	DESCRIPTIVE_ONLY_OBSERVER_SCALE_GEOMETRY
9	75	252	2.5910792093055277	DESCRIPTIVE_ONLY_OBSERVER_SCALE_GEOMETRY
9	76	252	1.072571521971677	DESCRIPTIVE_ONLY_OBSERVER_SCALE_GEOMETRY
9	77	252	0.048740018138327124	DESCRIPTIVE_ONLY_OBSERVER_SCALE_GEOMETRY
9	78	252	-0.0719111026981593	DESCRIPTIVE_ONLY_OBSERVER_SCALE_GEOMETRY
9	79	252	0.12911974914187677	DESCRIPTIVE_ONLY_OBSERVER_SCALE_GEOMETRY
9	80	252	-0.034418285833073145	DESCRIPTIVE_ONLY_OBSERVER_SCALE_GEOMETRY
9	81	252	0.01135308025896999	DESCRIPTIVE_ONLY_OBSERVER_SCALE_GEOMETRY
9	82	252	0.044972789694635154	DESCRIPTIVE_ONLY_OBSERVER_SCALE_GEOMETRY
9	83	252	-0.013601446577937555	DESCRIPTIVE_ONLY_OBSERVER_SCALE_GEOMETRY
9	84	252	0.07977399347986185	DESCRIPTIVE_ONLY_OBSERVER_SCALE_GEOMETRY
9	85	252	-0.05144502210120047	DESCRIPTIVE_ONLY_OBSERVER_SCALE_GEOMETRY
9	86	252	0.005309995102872492	DESCRIPTIVE_ONLY_OBSERVER_SCALE_GEOMETRY
9	87	252	0.04887242018006261	DESCRIPTIVE_ONLY_OBSERVER_SCALE_GEOMETRY
9	88	252	0.030050094943865603	DESCRIPTIVE_ONLY_OBSERVER_SCALE_GEOMETRY
9	89	252	-0.01459622929030482	DESCRIPTIVE_ONLY_OBSERVER_SCALE_GEOMETRY
9	90	252	0.06182716404097633	DESCRIPTIVE_ONLY_OBSERVER_SCALE_GEOMETRY
9	91	252	-0.001929911275767595	DESCRIPTIVE_ONLY_OBSERVER_SCALE_GEOMETRY
9	92	252	0.05926960795830617	DESCRIPTIVE_ONLY_OBSERVER_SCALE_GEOMETRY
9	93	252	0.007536607858943308	DESCRIPTIVE_ONLY_OBSERVER_SCALE_GEOMETRY
9	94	252	-0.026127639881237397	DESCRIPTIVE_ONLY_OBSERVER_SCALE_GEOMETRY
9	95	252	0.025538764918824782	DESCRIPTIVE_ONLY_OBSERVER_SCALE_GEOMETRY
9	96	252	0.06002496243810332	DESCRIPTIVE_ONLY_OBSERVER_SCALE_GEOMETRY
9	97	252	-0.09900962848851076	DESCRIPTIVE_ONLY_OBSERVER_SCALE_GEOMETRY
9	98	252	1.9747310216684792	DESCRIPTIVE_ONLY_OBSERVER_SCALE_GEOMETRY
9	99	252	-1.8356999546569068	DESCRIPTIVE_ONLY_OBSERVER_SCALE_GEOMETRY
9	100	252	0.02529734441999352	DESCRIPTIVE_ONLY_OBSERVER_SCALE_GEOMETRY
9	101	252	-0.011970997791973435	DESCRIPTIVE_ONLY_OBSERVER_SCALE_GEOMETRY
9	102	252	-0.07206391575138509	DESCRIPTIVE_ONLY_OBSERVER_SCALE_GEOMETRY
9	103	252	0.09577285590296276	DESCRIPTIVE_ONLY_OBSERVER_SCALE_GEOMETRY
9	104	252	0.004023679778292112	DESCRIPTIVE_ONLY_OBSERVER_SCALE_GEOMETRY
9	105	252	-0.020822503083785592	DESCRIPTIVE_ONLY_OBSERVER_SCALE_GEOMETRY
9	106	252	0.02076799010342608	DESCRIPTIVE_ONLY_OBSERVER_SCALE_GEOMETRY
9	107	252	0.06987497673540369	DESCRIPTIVE_ONLY_OBSERVER_SCALE_GEOMETRY
9	108	252	-0.02720281535024162	DESCRIPTIVE_ONLY_OBSERVER_SCALE_GEOMETRY
9	109	252	0.017852533402640498	DESCRIPTIVE_ONLY_OBSERVER_SCALE_GEOMETRY
9	110	252	0.03721278848519047	DESCRIPTIVE_ONLY_OBSERVER_SCALE_GEOMETRY
9	111	252	0.04663177714702352	DESCRIPTIVE_ONLY_OBSERVER_SCALE_GEOMETRY
9	112	252	-0.06217578925600286	DESCRIPTIVE_ONLY_OBSERVER_SCALE_GEOMETRY
9	113	252	0.05449003894508142	DESCRIPTIVE_ONLY_OBSERVER_SCALE_GEOMETRY
9	114	252	0.051965323842596015	DESCRIPTIVE_ONLY_OBSERVER_SCALE_GEOMETRY
9	115	252	-0.06224302882314722	DESCRIPTIVE_ONLY_OBSERVER_SCALE_GEOMETRY
9	116	252	0.05311222239725454	DESCRIPTIVE_ONLY_OBSERVER_SCALE_GEOMETRY
9	117	252	-0.01633732031918239	DESCRIPTIVE_ONLY_OBSERVER_SCALE_GEOMETRY
9	118	252	0.05617502192836332	DESCRIPTIVE_ONLY_OBSERVER_SCALE_GEOMETRY
9	119	252	0.06654528566957764	DESCRIPTIVE_ONLY_OBSERVER_SCALE_GEOMETRY
9	120	252	-0.09082505638736259	DESCRIPTIVE_ONLY_OBSERVER_SCALE_GEOMETRY
9	121	251	0.060783457996545	DESCRIPTIVE_ONLY_OBSERVER_SCALE_GEOMETRY
9	122	251	0.052012367277477135	DESCRIPTIVE_ONLY_OBSERVER_SCALE_GEOMETRY
9	123	251	0.018445593123995078	DESCRIPTIVE_ONLY_OBSERVER_SCALE_GEOMETRY
9	124	251	-0.034254527331419544	DESCRIPTIVE_ONLY_OBSERVER_SCALE_GEOMETRY
9	125	251	-0.004806319155297642	DESCRIPTIVE_ONLY_OBSERVER_SCALE_GEOMETRY
9	126	251	0.13967836015376858	DESCRIPTIVE_ONLY_OBSERVER_SCALE_GEOMETRY
9	127	251	-0.11737754156443121	DESCRIPTIVE_ONLY_OBSERVER_SCALE_GEOMETRY
9	128	251	0.05716304119251123	DESCRIPTIVE_ONLY_OBSERVER_SCALE_GEOMETRY
9	129	251	0.023064324502446196	DESCRIPTIVE_ONLY_OBSERVER_SCALE_GEOMETRY
9	130	250	-0.010562914873160217	DESCRIPTIVE_ONLY_OBSERVER_SCALE_GEOMETRY
9	131	250	0.09584354897165578	DESCRIPTIVE_ONLY_OBSERVER_SCALE_GEOMETRY
9	132	250	0.4368522476293653	DESCRIPTIVE_ONLY_OBSERVER_SCALE_GEOMETRY
9	133	250	-0.41437616924147774	DESCRIPTIVE_ONLY_OBSERVER_SCALE_GEOMETRY
9	134	250	2.360624557201559	DESCRIPTIVE_ONLY_OBSERVER_SCALE_GEOMETRY
9	135	250	-2.139531361373786	DESCRIPTIVE_ONLY_OBSERVER_SCALE_GEOMETRY
9	136	250	-0.1319792519094661	DESCRIPTIVE_ONLY_OBSERVER_SCALE_GEOMETRY
9	137	250	-0.06906440000113998	DESCRIPTIVE_ONLY_OBSERVER_SCALE_GEOMETRY
9	138	250	0.08539742764731516	DESCRIPTIVE_ONLY_OBSERVER_SCALE_GEOMETRY
9	139	250	0.08643516102460043	DESCRIPTIVE_ONLY_OBSERVER_SCALE_GEOMETRY
9	140	250	-0.16721616402041276	DESCRIPTIVE_ONLY_OBSERVER_SCALE_GEOMETRY
9	141	250	0.35430164387603463	DESCRIPTIVE_ONLY_OBSERVER_SCALE_GEOMETRY
9	142	249	-0.08696417798628323	DESCRIPTIVE_ONLY_OBSERVER_SCALE_GEOMETRY
9	143	249	-0.3424092351799744	DESCRIPTIVE_ONLY_OBSERVER_SCALE_GEOMETRY
9	144	249	0.10777954121904146	DESCRIPTIVE_ONLY_OBSERVER_SCALE_GEOMETRY
9	145	249	0.07445063478787296	DESCRIPTIVE_ONLY_OBSERVER_SCALE_GEOMETRY
9	146	249	0.027836404448265503	DESCRIPTIVE_ONLY_OBSERVER_SCALE_GEOMETRY
9	147	249	-0.051094570107728936	DESCRIPTIVE_ONLY_OBSERVER_SCALE_GEOMETRY
9	148	249	0.05781861068418482	DESCRIPTIVE_ONLY_OBSERVER_SCALE_GEOMETRY
9	149	249	-0.013958368343154885	DESCRIPTIVE_ONLY_OBSERVER_SCALE_GEOMETRY
9	150	249	0.024709548041300093	DESCRIPTIVE_ONLY_OBSERVER_SCALE_GEOMETRY
9	151	249	1.118304662959551	DESCRIPTIVE_ONLY_OBSERVER_SCALE_GEOMETRY
9	152	249	-1.0880794461228185	DESCRIPTIVE_ONLY_OBSERVER_SCALE_GEOMETRY
9	153	248	0.038544712800913004	DESCRIPTIVE_ONLY_OBSERVER_SCALE_GEOMETRY
9	154	248	0.023558641933209706	DESCRIPTIVE_ONLY_OBSERVER_SCALE_GEOMETRY
9	155	248	0.00006534421232265318	DESCRIPTIVE_ONLY_OBSERVER_SCALE_GEOMETRY
9	156	248	-0.003039783394805125	DESCRIPTIVE_ONLY_OBSERVER_SCALE_GEOMETRY
9	157	248	0.016883038874858453	DESCRIPTIVE_ONLY_OBSERVER_SCALE_GEOMETRY
9	158	248	-0.1490122013166413	DESCRIPTIVE_ONLY_OBSERVER_SCALE_GEOMETRY
9	159	248	0.07874206799142877	DESCRIPTIVE_ONLY_OBSERVER_SCALE_GEOMETRY
9	160	248	0.03933739896466667	DESCRIPTIVE_ONLY_OBSERVER_SCALE_GEOMETRY
9	161	248	0.1686930255164366	DESCRIPTIVE_ONLY_OBSERVER_SCALE_GEOMETRY
9	162	248	0.032474066375476	DESCRIPTIVE_ONLY_OBSERVER_SCALE_GEOMETRY
9	163	248	-0.10815785062262959	DESCRIPTIVE_ONLY_OBSERVER_SCALE_GEOMETRY
9	164	248	-0.005525082259605205	DESCRIPTIVE_ONLY_OBSERVER_SCALE_GEOMETRY
9	165	248	0.07393155506069236	DESCRIPTIVE_ONLY_OBSERVER_SCALE_GEOMETRY
9	166	248	-0.03265849037475383	DESCRIPTIVE_ONLY_OBSERVER_SCALE_GEOMETRY
9	167	248	0.04728327758466707	DESCRIPTIVE_ONLY_OBSERVER_SCALE_GEOMETRY
9	168	248	-0.04916852308841655	DESCRIPTIVE_ONLY_OBSERVER_SCALE_GEOMETRY
9	169	248	0.03088921645310161	DESCRIPTIVE_ONLY_OBSERVER_SCALE_GEOMETRY
9	170	248	0.02093619271312205	DESCRIPTIVE_ONLY_OBSERVER_SCALE_GEOMETRY
9	171	248	0.04979628832047222	DESCRIPTIVE_ONLY_OBSERVER_SCALE_GEOMETRY
9	172	248	-0.015218353993953554	DESCRIPTIVE_ONLY_OBSERVER_SCALE_GEOMETRY
9	173	248	-0.007921713776721016	DESCRIPTIVE_ONLY_OBSERVER_SCALE_GEOMETRY
9	174	248	0.06556534246562241	DESCRIPTIVE_ONLY_OBSERVER_SCALE_GEOMETRY
9	175	248	-0.0025304591034887884	DESCRIPTIVE_ONLY_OBSERVER_SCALE_GEOMETRY
9	176	248	-0.07887036010293244	DESCRIPTIVE_ONLY_OBSERVER_SCALE_GEOMETRY
9	177	248	0.110157673069843	DESCRIPTIVE_ONLY_OBSERVER_SCALE_GEOMETRY
9	178	248	0.02635156297264752	DESCRIPTIVE_ONLY_OBSERVER_SCALE_GEOMETRY
9	179	248	-0.036875332863975964	DESCRIPTIVE_ONLY_OBSERVER_SCALE_GEOMETRY
9	180	248	0.07235905735693278	DESCRIPTIVE_ONLY_OBSERVER_SCALE_GEOMETRY
9	181	248	-0.03457480357938863	DESCRIPTIVE_ONLY_OBSERVER_SCALE_GEOMETRY
9	182	248	0.05385485471930286	DESCRIPTIVE_ONLY_OBSERVER_SCALE_GEOMETRY
9	183	248	-0.0042815479688133335	DESCRIPTIVE_ONLY_OBSERVER_SCALE_GEOMETRY
9	184	248	-0.03003066920656403	DESCRIPTIVE_ONLY_OBSERVER_SCALE_GEOMETRY
9	185	248	0.049704830233676896	DESCRIPTIVE_ONLY_OBSERVER_SCALE_GEOMETRY
9	186	248	0.025170230082776204	DESCRIPTIVE_ONLY_OBSERVER_SCALE_GEOMETRY
9	187	248	0.02438602948213221	DESCRIPTIVE_ONLY_OBSERVER_SCALE_GEOMETRY
9	188	248	0.009691112007205443	DESCRIPTIVE_ONLY_OBSERVER_SCALE_GEOMETRY
9	189	248	0.02033281307387976	DESCRIPTIVE_ONLY_OBSERVER_SCALE_GEOMETRY
9	190	248	-0.013487220978667676	DESCRIPTIVE_ONLY_OBSERVER_SCALE_GEOMETRY
9	191	248	0.06425297474330413	DESCRIPTIVE_ONLY_OBSERVER_SCALE_GEOMETRY
9	192	247	1.3266200819173464	DESCRIPTIVE_ONLY_OBSERVER_SCALE_GEOMETRY
9	193	247	-5.341086888922307	DESCRIPTIVE_ONLY_OBSERVER_SCALE_GEOMETRY
9	194	247	4.346313993993874	DESCRIPTIVE_ONLY_OBSERVER_SCALE_GEOMETRY
9	195	247	-0.08280409044654412	DESCRIPTIVE_ONLY_OBSERVER_SCALE_GEOMETRY
9	196	247	-0.1483303827663809	DESCRIPTIVE_ONLY_OBSERVER_SCALE_GEOMETRY
9	197	247	-0.2365583789529303	DESCRIPTIVE_ONLY_OBSERVER_SCALE_GEOMETRY
9	198	247	-0.3631213370024981	DESCRIPTIVE_ONLY_OBSERVER_SCALE_GEOMETRY
9	199	247	0.7219121365268059	DESCRIPTIVE_ONLY_OBSERVER_SCALE_GEOMETRY
9	200	247	0.15157137752136396	DESCRIPTIVE_ONLY_OBSERVER_SCALE_GEOMETRY
9	201	247	-0.384006202754179	DESCRIPTIVE_ONLY_OBSERVER_SCALE_GEOMETRY
9	202	247	0.23894530110977538	DESCRIPTIVE_ONLY_OBSERVER_SCALE_GEOMETRY
9	203	247	0.000416980354478265	DESCRIPTIVE_ONLY_OBSERVER_SCALE_GEOMETRY
9	204	247	0.02751366607232949	DESCRIPTIVE_ONLY_OBSERVER_SCALE_GEOMETRY
9	205	247	0.03920807589656068	DESCRIPTIVE_ONLY_OBSERVER_SCALE_GEOMETRY
9	206	246	0.04497758959871968	DESCRIPTIVE_ONLY_OBSERVER_SCALE_GEOMETRY
9	207	246	0.001966176793928092	DESCRIPTIVE_ONLY_OBSERVER_SCALE_GEOMETRY
9	208	246	-0.0015325963331895799	DESCRIPTIVE_ONLY_OBSERVER_SCALE_GEOMETRY
9	209	246	0.011596486146431982	DESCRIPTIVE_ONLY_OBSERVER_SCALE_GEOMETRY
9	210	246	-0.014959096211201919	DESCRIPTIVE_ONLY_OBSERVER_SCALE_GEOMETRY
9	211	246	-0.009678348170336951	DESCRIPTIVE_ONLY_OBSERVER_SCALE_GEOMETRY
9	212	246	0.20850381868956572	DESCRIPTIVE_ONLY_OBSERVER_SCALE_GEOMETRY
9	213	246	-0.0900642594705136	DESCRIPTIVE_ONLY_OBSERVER_SCALE_GEOMETRY
9	214	246	0.06360004163294798	DESCRIPTIVE_ONLY_OBSERVER_SCALE_GEOMETRY
9	215	246	-0.028984873095007545	DESCRIPTIVE_ONLY_OBSERVER_SCALE_GEOMETRY
9	216	246	-0.02998431703483091	DESCRIPTIVE_ONLY_OBSERVER_SCALE_GEOMETRY
9	217	246	0.12124873648642619	DESCRIPTIVE_ONLY_OBSERVER_SCALE_GEOMETRY
9	218	246	-0.08880857807880271	DESCRIPTIVE_ONLY_OBSERVER_SCALE_GEOMETRY
9	219	246	0.11434757126795268	DESCRIPTIVE_ONLY_OBSERVER_SCALE_GEOMETRY
9	220	246	-0.06764073960147951	DESCRIPTIVE_ONLY_OBSERVER_SCALE_GEOMETRY
9	221	246	0.03494413287698	DESCRIPTIVE_ONLY_OBSERVER_SCALE_GEOMETRY
9	222	246	0.0939820751570914	DESCRIPTIVE_ONLY_OBSERVER_SCALE_GEOMETRY
9	223	246	-0.0825432928620679	DESCRIPTIVE_ONLY_OBSERVER_SCALE_GEOMETRY
9	224	246	0.08037633088854564	DESCRIPTIVE_ONLY_OBSERVER_SCALE_GEOMETRY
9	225	246	0.002698844154385147	DESCRIPTIVE_ONLY_OBSERVER_SCALE_GEOMETRY
9	226	246	-0.0006372862063868465	DESCRIPTIVE_ONLY_OBSERVER_SCALE_GEOMETRY
9	227	246	0.15695087196454063	DESCRIPTIVE_ONLY_OBSERVER_SCALE_GEOMETRY
9	228	246	-0.12883834480676715	DESCRIPTIVE_ONLY_OBSERVER_SCALE_GEOMETRY
9	229	246	-0.030370943925495004	DESCRIPTIVE_ONLY_OBSERVER_SCALE_GEOMETRY
9	230	246	0.12305550524315902	DESCRIPTIVE_ONLY_OBSERVER_SCALE_GEOMETRY
9	231	246	0.08544803888343558	DESCRIPTIVE_ONLY_OBSERVER_SCALE_GEOMETRY
9	232	246	-0.1314802073640966	DESCRIPTIVE_ONLY_OBSERVER_SCALE_GEOMETRY
9	233	246	0.09109137525598826	DESCRIPTIVE_ONLY_OBSERVER_SCALE_GEOMETRY
9	234	246	0.035306754196200184	DESCRIPTIVE_ONLY_OBSERVER_SCALE_GEOMETRY
9	235	246	0.038081182222037546	DESCRIPTIVE_ONLY_OBSERVER_SCALE_GEOMETRY
9	236	246	-0.020646662025568637	DESCRIPTIVE_ONLY_OBSERVER_SCALE_GEOMETRY
9	237	246	0.09490441313916265	DESCRIPTIVE_ONLY_OBSERVER_SCALE_GEOMETRY
9	238	246	0.049177123048702316	DESCRIPTIVE_ONLY_OBSERVER_SCALE_GEOMETRY
9	239	246	-0.04926512174120184	DESCRIPTIVE_ONLY_OBSERVER_SCALE_GEOMETRY
9	240	246	-0.04137467468205372	DESCRIPTIVE_ONLY_OBSERVER_SCALE_GEOMETRY
9	241	246	0.14508419675526302	DESCRIPTIVE_ONLY_OBSERVER_SCALE_GEOMETRY
9	242	246	-0.033091840877454835	DESCRIPTIVE_ONLY_OBSERVER_SCALE_GEOMETRY
9	243	246	-0.019439128577550275	DESCRIPTIVE_ONLY_OBSERVER_SCALE_GEOMETRY
9	244	246	0.1716311059606881	DESCRIPTIVE_ONLY_OBSERVER_SCALE_GEOMETRY
9	245	246	-0.0863193726772479	DESCRIPTIVE_ONLY_OBSERVER_SCALE_GEOMETRY
9	246	246	0.07971340873522419	DESCRIPTIVE_ONLY_OBSERVER_SCALE_GEOMETRY
9	247	246	0.01289899506830423	DESCRIPTIVE_ONLY_OBSERVER_SCALE_GEOMETRY
9	248	246	0.035999063064533376	DESCRIPTIVE_ONLY_OBSERVER_SCALE_GEOMETRY
9	249	246	-0.025144150596894028	DESCRIPTIVE_ONLY_OBSERVER_SCALE_GEOMETRY
9	250	246	0.06070157881940214	DESCRIPTIVE_ONLY_OBSERVER_SCALE_GEOMETRY
9	251	246	-0.022757506438073907	DESCRIPTIVE_ONLY_OBSERVER_SCALE_GEOMETRY
9	252	246	0.15830790501489828	DESCRIPTIVE_ONLY_OBSERVER_SCALE_GEOMETRY
9	253	246	-0.09474545477224153	DESCRIPTIVE_ONLY_OBSERVER_SCALE_GEOMETRY
9	254	246	-2.272878191691493	DESCRIPTIVE_ONLY_OBSERVER_SCALE_GEOMETRY
9	255	246	3.06325217860099	DESCRIPTIVE_ONLY_OBSERVER_SCALE_GEOMETRY
9	256	246	-0.5992589557177127	DESCRIPTIVE_ONLY_OBSERVER_SCALE_GEOMETRY
9	257	245	0.20909104210537127	DESCRIPTIVE_ONLY_OBSERVER_SCALE_GEOMETRY
9	258	245	-0.022280075921951942	DESCRIPTIVE_ONLY_OBSERVER_SCALE_GEOMETRY
9	259	245	-0.18386603467865892	DESCRIPTIVE_ONLY_OBSERVER_SCALE_GEOMETRY
9	260	245	-0.021140491599973076	DESCRIPTIVE_ONLY_OBSERVER_SCALE_GEOMETRY
9	261	245	0.0987214630538966	DESCRIPTIVE_ONLY_OBSERVER_SCALE_GEOMETRY
9	262	245	-0.05223489874978551	DESCRIPTIVE_ONLY_OBSERVER_SCALE_GEOMETRY
9	263	245	0.130568635847223	DESCRIPTIVE_ONLY_OBSERVER_SCALE_GEOMETRY
9	264	245	-0.0545249745441457	DESCRIPTIVE_ONLY_OBSERVER_SCALE_GEOMETRY
9	265	245	0.07664137938269987	DESCRIPTIVE_ONLY_OBSERVER_SCALE_GEOMETRY
9	266	245	0.03215884711688861	DESCRIPTIVE_ONLY_OBSERVER_SCALE_GEOMETRY
9	267	245	-0.015235637428857392	DESCRIPTIVE_ONLY_OBSERVER_SCALE_GEOMETRY
9	268	245	0.13414048089748676	DESCRIPTIVE_ONLY_OBSERVER_SCALE_GEOMETRY
9	269	244	-0.09814838392983719	DESCRIPTIVE_ONLY_OBSERVER_SCALE_GEOMETRY
9	270	244	0.15049804804119543	DESCRIPTIVE_ONLY_OBSERVER_SCALE_GEOMETRY
9	271	243	0.5237979478002267	DESCRIPTIVE_ONLY_OBSERVER_SCALE_GEOMETRY
9	272	243	-0.40478154450282333	DESCRIPTIVE_ONLY_OBSERVER_SCALE_GEOMETRY
9	273	242	-0.12235501517891925	DESCRIPTIVE_ONLY_OBSERVER_SCALE_GEOMETRY
9	274	242	0.16333624468371966	DESCRIPTIVE_ONLY_OBSERVER_SCALE_GEOMETRY
9	275	242	-0.1667614541372162	DESCRIPTIVE_ONLY_OBSERVER_SCALE_GEOMETRY
9	276	242	0.24159623170118463	DESCRIPTIVE_ONLY_OBSERVER_SCALE_GEOMETRY
9	277	242	-0.0915100733409448	DESCRIPTIVE_ONLY_OBSERVER_SCALE_GEOMETRY
9	278	242	0.13897090319655447	DESCRIPTIVE_ONLY_OBSERVER_SCALE_GEOMETRY
9	279	242	-0.06113544023087681	DESCRIPTIVE_ONLY_OBSERVER_SCALE_GEOMETRY
9	280	242	0.08285039066704462	DESCRIPTIVE_ONLY_OBSERVER_SCALE_GEOMETRY
9	281	242	0.05627140593467273	DESCRIPTIVE_ONLY_OBSERVER_SCALE_GEOMETRY
9	282	242	0.07587191888905506	DESCRIPTIVE_ONLY_OBSERVER_SCALE_GEOMETRY
9	283	242	-0.03664124925316615	DESCRIPTIVE_ONLY_OBSERVER_SCALE_GEOMETRY
9	284	242	0.07528627598475789	DESCRIPTIVE_ONLY_OBSERVER_SCALE_GEOMETRY
9	285	242	-0.03248337144220892	DESCRIPTIVE_ONLY_OBSERVER_SCALE_GEOMETRY
9	286	242	0.09407040483259337	DESCRIPTIVE_ONLY_OBSERVER_SCALE_GEOMETRY
9	287	242	-0.0066340094909866755	DESCRIPTIVE_ONLY_OBSERVER_SCALE_GEOMETRY
9	288	242	0.0721498571624304	DESCRIPTIVE_ONLY_OBSERVER_SCALE_GEOMETRY
9	289	242	-0.03025232145924809	DESCRIPTIVE_ONLY_OBSERVER_SCALE_GEOMETRY
9	290	242	0.09954000269556933	DESCRIPTIVE_ONLY_OBSERVER_SCALE_GEOMETRY
9	291	242	0.1394071377128882	DESCRIPTIVE_ONLY_OBSERVER_SCALE_GEOMETRY
9	292	242	-0.12995974251717626	DESCRIPTIVE_ONLY_OBSERVER_SCALE_GEOMETRY
9	293	242	0.13403696289837125	DESCRIPTIVE_ONLY_OBSERVER_SCALE_GEOMETRY
9	294	242	0.014815939130514924	DESCRIPTIVE_ONLY_OBSERVER_SCALE_GEOMETRY
9	295	242	0.0014941824489599284	DESCRIPTIVE_ONLY_OBSERVER_SCALE_GEOMETRY
9	296	242	0.010962095306082473	DESCRIPTIVE_ONLY_OBSERVER_SCALE_GEOMETRY
9	297	242	0.15347361136761334	DESCRIPTIVE_ONLY_OBSERVER_SCALE_GEOMETRY
9	298	242	-0.022932870951453833	DESCRIPTIVE_ONLY_OBSERVER_SCALE_GEOMETRY
9	299	242	0.026976989218247285	DESCRIPTIVE_ONLY_OBSERVER_SCALE_GEOMETRY
9	300	242	0.031914188226126516	DESCRIPTIVE_ONLY_OBSERVER_SCALE_GEOMETRY
9	301	242	0.11059384239163438	DESCRIPTIVE_ONLY_OBSERVER_SCALE_GEOMETRY
9	302	241	-0.11214386819680047	DESCRIPTIVE_ONLY_OBSERVER_SCALE_GEOMETRY
9	303	241	0.1981257925800531	DESCRIPTIVE_ONLY_OBSERVER_SCALE_GEOMETRY
9	304	241	-0.08223710800608586	DESCRIPTIVE_ONLY_OBSERVER_SCALE_GEOMETRY
9	305	241	0.03980885865181664	DESCRIPTIVE_ONLY_OBSERVER_SCALE_GEOMETRY
9	306	241	0.050833956600853436	DESCRIPTIVE_ONLY_OBSERVER_SCALE_GEOMETRY
9	307	241	0.0343164642105606	DESCRIPTIVE_ONLY_OBSERVER_SCALE_GEOMETRY
9	308	241	0.04850492548445003	DESCRIPTIVE_ONLY_OBSERVER_SCALE_GEOMETRY
9	309	241	0.051464081599123176	DESCRIPTIVE_ONLY_OBSERVER_SCALE_GEOMETRY
9	310	241	0.026652729565709767	DESCRIPTIVE_ONLY_OBSERVER_SCALE_GEOMETRY
9	311	240	-0.035882399420692775	DESCRIPTIVE_ONLY_OBSERVER_SCALE_GEOMETRY
9	312	240	2.3980366705870337	DESCRIPTIVE_ONLY_OBSERVER_SCALE_GEOMETRY
9	313	240	-11.202945396276885	DESCRIPTIVE_ONLY_OBSERVER_SCALE_GEOMETRY
9	314	240	6.781983356803187	DESCRIPTIVE_ONLY_OBSERVER_SCALE_GEOMETRY
9	315	240	2.3488003178348027	DESCRIPTIVE_ONLY_OBSERVER_SCALE_GEOMETRY
9	316	239	0.2507064816062992	DESCRIPTIVE_ONLY_OBSERVER_SCALE_GEOMETRY
9	317	239	-0.2111806315303904	DESCRIPTIVE_ONLY_OBSERVER_SCALE_GEOMETRY
9	318	239	-0.04931499626149946	DESCRIPTIVE_ONLY_OBSERVER_SCALE_GEOMETRY
9	319	239	0.0012629319196515777	DESCRIPTIVE_ONLY_OBSERVER_SCALE_GEOMETRY
9	320	239	0.09178014052603643	DESCRIPTIVE_ONLY_OBSERVER_SCALE_GEOMETRY
9	321	239	-0.04071065324934444	DESCRIPTIVE_ONLY_OBSERVER_SCALE_GEOMETRY
9	322	239	0.10981889397011502	DESCRIPTIVE_ONLY_OBSERVER_SCALE_GEOMETRY
9	323	239	0.0447722809038782	DESCRIPTIVE_ONLY_OBSERVER_SCALE_GEOMETRY
9	324	239	-0.016436832977585546	DESCRIPTIVE_ONLY_OBSERVER_SCALE_GEOMETRY
9	325	239	0.1150576569456541	DESCRIPTIVE_ONLY_OBSERVER_SCALE_GEOMETRY
9	326	239	0.02801589745313073	DESCRIPTIVE_ONLY_OBSERVER_SCALE_GEOMETRY
9	327	239	-0.02662425288644379	DESCRIPTIVE_ONLY_OBSERVER_SCALE_GEOMETRY
9	328	239	0.08100243541972553	DESCRIPTIVE_ONLY_OBSERVER_SCALE_GEOMETRY
9	329	239	-0.015581881842709153	DESCRIPTIVE_ONLY_OBSERVER_SCALE_GEOMETRY
9	330	238	0.09658591398781036	DESCRIPTIVE_ONLY_OBSERVER_SCALE_GEOMETRY
9	331	237	0.8529693027020244	DESCRIPTIVE_ONLY_OBSERVER_SCALE_GEOMETRY
9	332	237	-0.7836305196752145	DESCRIPTIVE_ONLY_OBSERVER_SCALE_GEOMETRY
9	333	237	0.015167907228687409	DESCRIPTIVE_ONLY_OBSERVER_SCALE_GEOMETRY
9	334	237	-0.024217904464132467	DESCRIPTIVE_ONLY_OBSERVER_SCALE_GEOMETRY
9	335	237	0.1611349742987037	DESCRIPTIVE_ONLY_OBSERVER_SCALE_GEOMETRY
9	336	237	0.00008816719347752398	DESCRIPTIVE_ONLY_OBSERVER_SCALE_GEOMETRY
9	337	237	-0.010305441210002384	DESCRIPTIVE_ONLY_OBSERVER_SCALE_GEOMETRY
9	338	237	0.06374874505504649	DESCRIPTIVE_ONLY_OBSERVER_SCALE_GEOMETRY
9	339	237	0.08723192059118422	DESCRIPTIVE_ONLY_OBSERVER_SCALE_GEOMETRY
9	340	237	-0.0433299418642603	DESCRIPTIVE_ONLY_OBSERVER_SCALE_GEOMETRY
9	341	237	0.13191145723667264	DESCRIPTIVE_ONLY_OBSERVER_SCALE_GEOMETRY
9	342	237	-0.08232813761899226	DESCRIPTIVE_ONLY_OBSERVER_SCALE_GEOMETRY
9	343	237	0.18336867582881677	DESCRIPTIVE_ONLY_OBSERVER_SCALE_GEOMETRY
9	344	237	-0.055552784239925525	DESCRIPTIVE_ONLY_OBSERVER_SCALE_GEOMETRY
9	345	237	0.07086081471313098	DESCRIPTIVE_ONLY_OBSERVER_SCALE_GEOMETRY
9	346	237	0.00034135382095823056	DESCRIPTIVE_ONLY_OBSERVER_SCALE_GEOMETRY
9	347	237	0.11283916442513191	DESCRIPTIVE_ONLY_OBSERVER_SCALE_GEOMETRY
9	348	237	0.02741997072254478	DESCRIPTIVE_ONLY_OBSERVER_SCALE_GEOMETRY
9	349	237	-0.0343451759858522	DESCRIPTIVE_ONLY_OBSERVER_SCALE_GEOMETRY
9	350	237	0.0868955498918804	DESCRIPTIVE_ONLY_OBSERVER_SCALE_GEOMETRY
9	351	237	0.015721097129266833	DESCRIPTIVE_ONLY_OBSERVER_SCALE_GEOMETRY
9	352	237	0.10047148307692595	DESCRIPTIVE_ONLY_OBSERVER_SCALE_GEOMETRY
9	353	237	0.05011378801094734	DESCRIPTIVE_ONLY_OBSERVER_SCALE_GEOMETRY
9	354	236	-0.030535237370601234	DESCRIPTIVE_ONLY_OBSERVER_SCALE_GEOMETRY
9	355	236	0.01625387506463258	DESCRIPTIVE_ONLY_OBSERVER_SCALE_GEOMETRY
9	356	236	0.07491279309185185	DESCRIPTIVE_ONLY_OBSERVER_SCALE_GEOMETRY
9	357	236	0.010579841501904915	DESCRIPTIVE_ONLY_OBSERVER_SCALE_GEOMETRY
9	358	236	0.15283912065277253	DESCRIPTIVE_ONLY_OBSERVER_SCALE_GEOMETRY
9	359	236	-0.0867777413225714	DESCRIPTIVE_ONLY_OBSERVER_SCALE_GEOMETRY
9	360	236	0.06798172387089513	DESCRIPTIVE_ONLY_OBSERVER_SCALE_GEOMETRY
9	361	236	0.1314554998351469	DESCRIPTIVE_ONLY_OBSERVER_SCALE_GEOMETRY
9	362	236	-0.0068508666633328025	DESCRIPTIVE_ONLY_OBSERVER_SCALE_GEOMETRY
9	363	236	-0.08025035501734888	DESCRIPTIVE_ONLY_OBSERVER_SCALE_GEOMETRY
9	364	235	0.19699689315627056	DESCRIPTIVE_ONLY_OBSERVER_SCALE_GEOMETRY
9	365	235	-0.0596315451619259	DESCRIPTIVE_ONLY_OBSERVER_SCALE_GEOMETRY
9	366	235	0.10747261146760964	DESCRIPTIVE_ONLY_OBSERVER_SCALE_GEOMETRY
9	367	235	-0.09485958400534229	DESCRIPTIVE_ONLY_OBSERVER_SCALE_GEOMETRY
9	368	235	0.18017593964968426	DESCRIPTIVE_ONLY_OBSERVER_SCALE_GEOMETRY
9	369	235	-0.02639636821715805	DESCRIPTIVE_ONLY_OBSERVER_SCALE_GEOMETRY
9	370	235	0.013704792190660354	DESCRIPTIVE_ONLY_OBSERVER_SCALE_GEOMETRY
9	371	235	0.06872374102504385	DESCRIPTIVE_ONLY_OBSERVER_SCALE_GEOMETRY
9	372	235	0.07018629211385541	DESCRIPTIVE_ONLY_OBSERVER_SCALE_GEOMETRY
9	373	235	0.0017078797233056288	DESCRIPTIVE_ONLY_OBSERVER_SCALE_GEOMETRY
9	374	235	4.028558303041994	DESCRIPTIVE_ONLY_OBSERVER_SCALE_GEOMETRY
9	375	235	-4.02243845606745	DESCRIPTIVE_ONLY_OBSERVER_SCALE_GEOMETRY
9	376	235	0.19859781018556952	DESCRIPTIVE_ONLY_OBSERVER_SCALE_GEOMETRY
9	377	235	-0.1505439084075079	DESCRIPTIVE_ONLY_OBSERVER_SCALE_GEOMETRY
9	378	235	0.17924782442699433	DESCRIPTIVE_ONLY_OBSERVER_SCALE_GEOMETRY
9	379	235	0.014360860045275342	DESCRIPTIVE_ONLY_OBSERVER_SCALE_GEOMETRY
9	380	235	0.05016334073673015	DESCRIPTIVE_ONLY_OBSERVER_SCALE_GEOMETRY
10	1	257	-0.02149143019171534	DESCRIPTIVE_ONLY_OBSERVER_SCALE_GEOMETRY
10	2	257	-0.03404134916315526	DESCRIPTIVE_ONLY_OBSERVER_SCALE_GEOMETRY
10	3	257	0.01471966302411843	DESCRIPTIVE_ONLY_OBSERVER_SCALE_GEOMETRY
10	4	257	-0.002514413457421271	DESCRIPTIVE_ONLY_OBSERVER_SCALE_GEOMETRY
10	5	257	0.015166919112204197	DESCRIPTIVE_ONLY_OBSERVER_SCALE_GEOMETRY
10	6	257	-0.05646741710677787	DESCRIPTIVE_ONLY_OBSERVER_SCALE_GEOMETRY
10	7	257	0.0015762997545315986	DESCRIPTIVE_ONLY_OBSERVER_SCALE_GEOMETRY
10	8	257	0.020162977088310465	DESCRIPTIVE_ONLY_OBSERVER_SCALE_GEOMETRY
10	9	257	-0.30238582076806225	DESCRIPTIVE_ONLY_OBSERVER_SCALE_GEOMETRY
10	10	257	0.6111126957983625	DESCRIPTIVE_ONLY_OBSERVER_SCALE_GEOMETRY
10	11	257	-0.584652475687093	DESCRIPTIVE_ONLY_OBSERVER_SCALE_GEOMETRY
10	12	257	-0.2211474601388763	DESCRIPTIVE_ONLY_OBSERVER_SCALE_GEOMETRY
10	13	257	2.691920274532557	DESCRIPTIVE_ONLY_OBSERVER_SCALE_GEOMETRY
10	14	257	-2.2511999115920207	DESCRIPTIVE_ONLY_OBSERVER_SCALE_GEOMETRY
10	15	257	-0.06304839618632553	DESCRIPTIVE_ONLY_OBSERVER_SCALE_GEOMETRY
10	16	257	0.021360012187852304	DESCRIPTIVE_ONLY_OBSERVER_SCALE_GEOMETRY
10	17	257	-0.04052273094346263	DESCRIPTIVE_ONLY_OBSERVER_SCALE_GEOMETRY
10	18	257	0.04002102723405854	DESCRIPTIVE_ONLY_OBSERVER_SCALE_GEOMETRY
10	19	257	-0.04120275559629895	DESCRIPTIVE_ONLY_OBSERVER_SCALE_GEOMETRY
10	20	257	-0.03373895386324173	DESCRIPTIVE_ONLY_OBSERVER_SCALE_GEOMETRY
10	21	257	-0.00943567877788696	DESCRIPTIVE_ONLY_OBSERVER_SCALE_GEOMETRY
10	22	257	-0.026933381681969022	DESCRIPTIVE_ONLY_OBSERVER_SCALE_GEOMETRY
10	23	257	0.011115675436729734	DESCRIPTIVE_ONLY_OBSERVER_SCALE_GEOMETRY
10	24	256	-0.04515166878075892	DESCRIPTIVE_ONLY_OBSERVER_SCALE_GEOMETRY
10	25	256	-0.0010274790704048612	DESCRIPTIVE_ONLY_OBSERVER_SCALE_GEOMETRY
10	26	255	0.028240159034762378	DESCRIPTIVE_ONLY_OBSERVER_SCALE_GEOMETRY
10	27	255	-0.10430514992078112	DESCRIPTIVE_ONLY_OBSERVER_SCALE_GEOMETRY
10	28	255	0.014248648151230149	DESCRIPTIVE_ONLY_OBSERVER_SCALE_GEOMETRY
10	29	255	-0.021338527811598985	DESCRIPTIVE_ONLY_OBSERVER_SCALE_GEOMETRY
10	30	255	2.9007041160683085	DESCRIPTIVE_ONLY_OBSERVER_SCALE_GEOMETRY
10	31	255	-3.0594139283887434	DESCRIPTIVE_ONLY_OBSERVER_SCALE_GEOMETRY
10	32	255	0.08205114671106734	DESCRIPTIVE_ONLY_OBSERVER_SCALE_GEOMETRY
10	33	255	0.009331760361265673	DESCRIPTIVE_ONLY_OBSERVER_SCALE_GEOMETRY
10	34	255	-0.07427445562215107	DESCRIPTIVE_ONLY_OBSERVER_SCALE_GEOMETRY
10	35	255	0.043549649923369585	DESCRIPTIVE_ONLY_OBSERVER_SCALE_GEOMETRY
10	36	255	8.265629829675596	DESCRIPTIVE_ONLY_OBSERVER_SCALE_GEOMETRY
10	37	255	-7.285488929787604	DESCRIPTIVE_ONLY_OBSERVER_SCALE_GEOMETRY
10	38	255	-1.28711623647729	DESCRIPTIVE_ONLY_OBSERVER_SCALE_GEOMETRY
10	39	255	-0.1250722420074954	DESCRIPTIVE_ONLY_OBSERVER_SCALE_GEOMETRY
10	40	255	-0.07651383565244989	DESCRIPTIVE_ONLY_OBSERVER_SCALE_GEOMETRY
10	41	255	0.2881030594552056	DESCRIPTIVE_ONLY_OBSERVER_SCALE_GEOMETRY
10	42	254	0.09467220761267722	DESCRIPTIVE_ONLY_OBSERVER_SCALE_GEOMETRY
10	43	254	-0.08831176603213517	DESCRIPTIVE_ONLY_OBSERVER_SCALE_GEOMETRY
10	44	254	-0.00977098726015491	DESCRIPTIVE_ONLY_OBSERVER_SCALE_GEOMETRY
10	45	254	-0.02183526463806708	DESCRIPTIVE_ONLY_OBSERVER_SCALE_GEOMETRY
10	46	254	-0.027432627363497344	DESCRIPTIVE_ONLY_OBSERVER_SCALE_GEOMETRY
10	47	254	-0.09765814340460244	DESCRIPTIVE_ONLY_OBSERVER_SCALE_GEOMETRY
10	48	254	0.07190561195061837	DESCRIPTIVE_ONLY_OBSERVER_SCALE_GEOMETRY
10	49	254	-0.0034749877362536224	DESCRIPTIVE_ONLY_OBSERVER_SCALE_GEOMETRY
10	50	254	-0.06480717011794511	DESCRIPTIVE_ONLY_OBSERVER_SCALE_GEOMETRY
10	51	254	-0.050428534169899064	DESCRIPTIVE_ONLY_OBSERVER_SCALE_GEOMETRY
10	52	254	0.06217467234951511	DESCRIPTIVE_ONLY_OBSERVER_SCALE_GEOMETRY
10	53	254	-0.08428352755028201	DESCRIPTIVE_ONLY_OBSERVER_SCALE_GEOMETRY
10	54	254	0.051723918700118915	DESCRIPTIVE_ONLY_OBSERVER_SCALE_GEOMETRY
10	55	253	-0.07410903497532445	DESCRIPTIVE_ONLY_OBSERVER_SCALE_GEOMETRY
10	56	253	0.005636675109754378	DESCRIPTIVE_ONLY_OBSERVER_SCALE_GEOMETRY
10	57	253	-0.026134001722481308	DESCRIPTIVE_ONLY_OBSERVER_SCALE_GEOMETRY
10	58	253	-0.0033288525354713545	DESCRIPTIVE_ONLY_OBSERVER_SCALE_GEOMETRY
10	59	253	-0.019777260627729915	DESCRIPTIVE_ONLY_OBSERVER_SCALE_GEOMETRY
10	60	253	0.0019956766669484128	DESCRIPTIVE_ONLY_OBSERVER_SCALE_GEOMETRY
10	61	253	-0.05501730743476108	DESCRIPTIVE_ONLY_OBSERVER_SCALE_GEOMETRY
10	62	253	0.033984181436013096	DESCRIPTIVE_ONLY_OBSERVER_SCALE_GEOMETRY
10	63	253	-0.0570500842226037	DESCRIPTIVE_ONLY_OBSERVER_SCALE_GEOMETRY
10	64	253	-0.022333787954154156	DESCRIPTIVE_ONLY_OBSERVER_SCALE_GEOMETRY
10	65	253	-0.011339984336898258	DESCRIPTIVE_ONLY_OBSERVER_SCALE_GEOMETRY
10	66	253	-0.06470318943247229	DESCRIPTIVE_ONLY_OBSERVER_SCALE_GEOMETRY
10	67	253	0.023197481124600093	DESCRIPTIVE_ONLY_OBSERVER_SCALE_GEOMETRY
10	68	253	-0.00862523106785103	DESCRIPTIVE_ONLY_OBSERVER_SCALE_GEOMETRY
10	69	253	0.006444347551216441	DESCRIPTIVE_ONLY_OBSERVER_SCALE_GEOMETRY
10	70	253	-0.12810682042199142	DESCRIPTIVE_ONLY_OBSERVER_SCALE_GEOMETRY
10	71	253	-1.2899625901312213	DESCRIPTIVE_ONLY_OBSERVER_SCALE_GEOMETRY
10	72	253	3.040095856512316	DESCRIPTIVE_ONLY_OBSERVER_SCALE_GEOMETRY
10	73	253	-5.355797085959248	DESCRIPTIVE_ONLY_OBSERVER_SCALE_GEOMETRY
10	74	252	2.5488529482125064	DESCRIPTIVE_ONLY_OBSERVER_SCALE_GEOMETRY
10	75	252	1.03009324157559	DESCRIPTIVE_ONLY_OBSERVER_SCALE_GEOMETRY
10	76	252	0.008648525770656421	DESCRIPTIVE_ONLY_OBSERVER_SCALE_GEOMETRY
10	77	252	-0.11223459813349886	DESCRIPTIVE_ONLY_OBSERVER_SCALE_GEOMETRY
10	78	252	0.09038040000998955	DESCRIPTIVE_ONLY_OBSERVER_SCALE_GEOMETRY
10	79	252	-0.07079856053754935	DESCRIPTIVE_ONLY_OBSERVER_SCALE_GEOMETRY
10	80	252	-0.02641787535978248	DESCRIPTIVE_ONLY_OBSERVER_SCALE_GEOMETRY
10	81	252	0.009479568890992784	DESCRIPTIVE_ONLY_OBSERVER_SCALE_GEOMETRY
10	82	252	-0.04630436885303774	DESCRIPTIVE_ONLY_OBSERVER_SCALE_GEOMETRY
10	83	252	0.047375195964870505	DESCRIPTIVE_ONLY_OBSERVER_SCALE_GEOMETRY
10	84	252	-0.08154459386906762	DESCRIPTIVE_ONLY_OBSERVER_SCALE_GEOMETRY
10	85	252	-0.02224024299880377	DESCRIPTIVE_ONLY_OBSERVER_SCALE_GEOMETRY
10	86	252	0.01770142925398339	DESCRIPTIVE_ONLY_OBSERVER_SCALE_GEOMETRY
10	87	252	-0.0012113702404195276	DESCRIPTIVE_ONLY_OBSERVER_SCALE_GEOMETRY
10	88	252	-0.048300218039415234	DESCRIPTIVE_ONLY_OBSERVER_SCALE_GEOMETRY
10	89	252	0.026828416452764868	DESCRIPTIVE_ONLY_OBSERVER_SCALE_GEOMETRY
10	90	252	-0.03595964762848867	DESCRIPTIVE_ONLY_OBSERVER_SCALE_GEOMETRY
10	91	252	0.02747710058641415	DESCRIPTIVE_ONLY_OBSERVER_SCALE_GEOMETRY
10	92	252	-0.027061446128443446	DESCRIPTIVE_ONLY_OBSERVER_SCALE_GEOMETRY
10	93	252	-0.06172964991072663	DESCRIPTIVE_ONLY_OBSERVER_SCALE_GEOMETRY
10	94	252	-0.006635794825857953	DESCRIPTIVE_ONLY_OBSERVER_SCALE_GEOMETRY
10	95	252	0.02748934501352834	DESCRIPTIVE_ONLY_OBSERVER_SCALE_GEOMETRY
10	96	252	-0.12683281760106313	DESCRIPTIVE_ONLY_OBSERVER_SCALE_GEOMETRY
10	97	252	1.9477246039594924	DESCRIPTIVE_ONLY_OBSERVER_SCALE_GEOMETRY
10	98	252	-1.8640200846030446	DESCRIPTIVE_ONLY_OBSERVER_SCALE_GEOMETRY
10	99	252	-0.0015492542304952992	DESCRIPTIVE_ONLY_OBSERVER_SCALE_GEOMETRY
10	100	252	-0.039301169757152095	DESCRIPTIVE_ONLY_OBSERVER_SCALE_GEOMETRY
10	101	252	-0.09564985328779149	DESCRIPTIVE_ONLY_OBSERVER_SCALE_GEOMETRY
10	102	252	0.07381628454748891	DESCRIPTIVE_ONLY_OBSERVER_SCALE_GEOMETRY
10	103	252	-0.021289437673698067	DESCRIPTIVE_ONLY_OBSERVER_SCALE_GEOMETRY
10	104	252	-0.046824244764823525	DESCRIPTIVE_ONLY_OBSERVER_SCALE_GEOMETRY
10	105	252	-0.0029876331191347667	DESCRIPTIVE_ONLY_OBSERVER_SCALE_GEOMETRY
10	106	252	0.044355403413703864	DESCRIPTIVE_ONLY_OBSERVER_SCALE_GEOMETRY
10	107	252	-0.051580909409737696	DESCRIPTIVE_ONLY_OBSERVER_SCALE_GEOMETRY
10	108	252	-0.005800954416189851	DESCRIPTIVE_ONLY_OBSERVER_SCALE_GEOMETRY
10	109	252	0.014393682868384015	DESCRIPTIVE_ONLY_OBSERVER_SCALE_GEOMETRY
10	110	252	0.024158633881863067	DESCRIPTIVE_ONLY_OBSERVER_SCALE_GEOMETRY
10	111	252	-0.08597749268497791	DESCRIPTIVE_ONLY_OBSERVER_SCALE_GEOMETRY
10	112	252	0.03307783627876077	DESCRIPTIVE_ONLY_OBSERVER_SCALE_GEOMETRY
10	113	252	0.03229372691754913	DESCRIPTIVE_ONLY_OBSERVER_SCALE_GEOMETRY
10	114	252	-0.0829431132011985	DESCRIPTIVE_ONLY_OBSERVER_SCALE_GEOMETRY
10	115	252	0.029800295843576966	DESCRIPTIVE_ONLY_OBSERVER_SCALE_GEOMETRY
10	116	252	-0.04069335031391357	DESCRIPTIVE_ONLY_OBSERVER_SCALE_GEOMETRY
10	117	252	0.03374108596232699	DESCRIPTIVE_ONLY_OBSERVER_SCALE_GEOMETRY
10	118	252	0.04215133789532411	DESCRIPTIVE_ONLY_OBSERVER_SCALE_GEOMETRY
10	119	252	-0.11300822513342644	DESCRIPTIVE_ONLY_OBSERVER_SCALE_GEOMETRY
10	120	251	0.045334323749789296	DESCRIPTIVE_ONLY_OBSERVER_SCALE_GEOMETRY
10	121	251	0.04018454174698342	DESCRIPTIVE_ONLY_OBSERVER_SCALE_GEOMETRY
10	122	251	-0.0013359599788097122	DESCRIPTIVE_ONLY_OBSERVER_SCALE_GEOMETRY
10	123	251	-0.05210750402987084	DESCRIPTIVE_ONLY_OBSERVER_SCALE_GEOMETRY
10	124	251	-0.024618793486720286	DESCRIPTIVE_ONLY_OBSERVER_SCALE_GEOMETRY
10	125	251	0.12104189954655119	DESCRIPTIVE_ONLY_OBSERVER_SCALE_GEOMETRY
10	126	251	-0.1353974822787587	DESCRIPTIVE_ONLY_OBSERVER_SCALE_GEOMETRY
10	127	251	0.03994070325998893	DESCRIPTIVE_ONLY_OBSERVER_SCALE_GEOMETRY
10	128	251	0.009259483889700711	DESCRIPTIVE_ONLY_OBSERVER_SCALE_GEOMETRY
10	129	250	-0.027166653188312913	DESCRIPTIVE_ONLY_OBSERVER_SCALE_GEOMETRY
10	130	250	0.07940670516242014	DESCRIPTIVE_ONLY_OBSERVER_SCALE_GEOMETRY
10	131	250	0.4209047733474172	DESCRIPTIVE_ONLY_OBSERVER_SCALE_GEOMETRY
10	132	250	-0.43484438600311365	DESCRIPTIVE_ONLY_OBSERVER_SCALE_GEOMETRY
10	133	250	2.3375172291291317	DESCRIPTIVE_ONLY_OBSERVER_SCALE_GEOMETRY
10	134	250	-2.162651746265479	DESCRIPTIVE_ONLY_OBSERVER_SCALE_GEOMETRY
10	135	250	-0.1546690644796731	DESCRIPTIVE_ONLY_OBSERVER_SCALE_GEOMETRY
10	136	250	-0.09176120100849831	DESCRIPTIVE_ONLY_OBSERVER_SCALE_GEOMETRY
10	137	250	0.060834561159700574	DESCRIPTIVE_ONLY_OBSERVER_SCALE_GEOMETRY
10	138	250	0.06333565783531028	DESCRIPTIVE_ONLY_OBSERVER_SCALE_GEOMETRY
10	139	250	-0.18851301108624155	DESCRIPTIVE_ONLY_OBSERVER_SCALE_GEOMETRY
10	140	250	0.33278185688911854	DESCRIPTIVE_ONLY_OBSERVER_SCALE_GEOMETRY
10	141	249	-0.10616568835523088	DESCRIPTIVE_ONLY_OBSERVER_SCALE_GEOMETRY
10	142	249	-0.3573155004991249	DESCRIPTIVE_ONLY_OBSERVER_SCALE_GEOMETRY
10	143	249	0.09540515088967509	DESCRIPTIVE_ONLY_OBSERVER_SCALE_GEOMETRY
10	144	249	0.05936410614301589	DESCRIPTIVE_ONLY_OBSERVER_SCALE_GEOMETRY
10	145	249	0.013898873078847733	DESCRIPTIVE_ONLY_OBSERVER_SCALE_GEOMETRY
10	146	249	-0.06805404190778043	DESCRIPTIVE_ONLY_OBSERVER_SCALE_GEOMETRY
10	147	249	0.04017317817910874	DESCRIPTIVE_ONLY_OBSERVER_SCALE_GEOMETRY
10	148	249	-0.03165991495881634	DESCRIPTIVE_ONLY_OBSERVER_SCALE_GEOMETRY
10	149	249	0.005991151047996773	DESCRIPTIVE_ONLY_OBSERVER_SCALE_GEOMETRY
10	150	249	1.0947656075927314	DESCRIPTIVE_ONLY_OBSERVER_SCALE_GEOMETRY
10	151	249	-1.1100047053251356	DESCRIPTIVE_ONLY_OBSERVER_SCALE_GEOMETRY
10	152	248	0.010546749815521098	DESCRIPTIVE_ONLY_OBSERVER_SCALE_GEOMETRY
10	153	248	-0.002593612217652456	DESCRIPTIVE_ONLY_OBSERVER_SCALE_GEOMETRY
10	154	248	-0.024844897640494617	DESCRIPTIVE_ONLY_OBSERVER_SCALE_GEOMETRY
10	155	248	-0.02721265781364549	DESCRIPTIVE_ONLY_OBSERVER_SCALE_GEOMETRY
10	156	248	-0.008203600415468422	DESCRIPTIVE_ONLY_OBSERVER_SCALE_GEOMETRY
10	157	248	-0.17206757516281637	DESCRIPTIVE_ONLY_OBSERVER_SCALE_GEOMETRY
10	158	248	0.056223613689444785	DESCRIPTIVE_ONLY_OBSERVER_SCALE_GEOMETRY
10	159	248	0.018874970330523485	DESCRIPTIVE_ONLY_OBSERVER_SCALE_GEOMETRY
10	160	248	0.14787165486653908	DESCRIPTIVE_ONLY_OBSERVER_SCALE_GEOMETRY
10	161	248	0.009418973326768295	DESCRIPTIVE_ONLY_OBSERVER_SCALE_GEOMETRY
10	162	248	-0.12685297683597588	DESCRIPTIVE_ONLY_OBSERVER_SCALE_GEOMETRY
10	163	248	-0.026341939335737186	DESCRIPTIVE_ONLY_OBSERVER_SCALE_GEOMETRY
10	164	248	0.05269717388768481	DESCRIPTIVE_ONLY_OBSERVER_SCALE_GEOMETRY
10	165	248	-0.05505602998960269	DESCRIPTIVE_ONLY_OBSERVER_SCALE_GEOMETRY
10	166	248	0.024563486416359394	DESCRIPTIVE_ONLY_OBSERVER_SCALE_GEOMETRY
10	167	248	-0.07410026403899908	DESCRIPTIVE_ONLY_OBSERVER_SCALE_GEOMETRY
10	168	248	0.004928976026169476	DESCRIPTIVE_ONLY_OBSERVER_SCALE_GEOMETRY
10	169	248	-0.00833187056811728	DESCRIPTIVE_ONLY_OBSERVER_SCALE_GEOMETRY
10	170	248	0.023764004421252732	DESCRIPTIVE_ONLY_OBSERVER_SCALE_GEOMETRY
10	171	248	-0.040515780006792776	DESCRIPTIVE_ONLY_OBSERVER_SCALE_GEOMETRY
10	172	248	-0.032076885641142173	DESCRIPTIVE_ONLY_OBSERVER_SCALE_GEOMETRY
10	173	248	0.04294833180543161	DESCRIPTIVE_ONLY_OBSERVER_SCALE_GEOMETRY
10	174	248	-0.02477298653934181	DESCRIPTIVE_ONLY_OBSERVER_SCALE_GEOMETRY
10	175	248	-0.10441889006385899	DESCRIPTIVE_ONLY_OBSERVER_SCALE_GEOMETRY
10	176	248	0.08174506887856375	DESCRIPTIVE_ONLY_OBSERVER_SCALE_GEOMETRY
10	177	248	-0.004032273337634822	DESCRIPTIVE_ONLY_OBSERVER_SCALE_GEOMETRY
10	178	248	-0.0658451206884887	DESCRIPTIVE_ONLY_OBSERVER_SCALE_GEOMETRY
10	179	248	0.04434791541711745	DESCRIPTIVE_ONLY_OBSERVER_SCALE_GEOMETRY
10	180	248	-0.06392978259451829	DESCRIPTIVE_ONLY_OBSERVER_SCALE_GEOMETRY
10	181	248	0.026065579898970376	DESCRIPTIVE_ONLY_OBSERVER_SCALE_GEOMETRY
10	182	248	-0.03487481323228815	DESCRIPTIVE_ONLY_OBSERVER_SCALE_GEOMETRY
10	183	248	-0.058250916049839195	DESCRIPTIVE_ONLY_OBSERVER_SCALE_GEOMETRY
10	184	248	0.019934950725052785	DESCRIPTIVE_ONLY_OBSERVER_SCALE_GEOMETRY
10	185	248	-0.0025960884894887094	DESCRIPTIVE_ONLY_OBSERVER_SCALE_GEOMETRY
10	186	248	-0.005495029066920635	DESCRIPTIVE_ONLY_OBSERVER_SCALE_GEOMETRY
10	187	248	-0.023362684144348105	DESCRIPTIVE_ONLY_OBSERVER_SCALE_GEOMETRY
10	188	248	-0.012451360621769596	DESCRIPTIVE_ONLY_OBSERVER_SCALE_GEOMETRY
10	189	248	-0.049991482442195194	DESCRIPTIVE_ONLY_OBSERVER_SCALE_GEOMETRY
10	190	248	0.028814072418079796	DESCRIPTIVE_ONLY_OBSERVER_SCALE_GEOMETRY
10	191	247	1.2894727477776153	DESCRIPTIVE_ONLY_OBSERVER_SCALE_GEOMETRY
10	192	247	-5.379039715957846	DESCRIPTIVE_ONLY_OBSERVER_SCALE_GEOMETRY
10	193	247	4.306672355703093	DESCRIPTIVE_ONLY_OBSERVER_SCALE_GEOMETRY
10	194	247	-0.119217419338443	DESCRIPTIVE_ONLY_OBSERVER_SCALE_GEOMETRY
10	195	247	-0.18563080671771914	DESCRIPTIVE_ONLY_OBSERVER_SCALE_GEOMETRY
10	196	247	-0.27444814549855195	DESCRIPTIVE_ONLY_OBSERVER_SCALE_GEOMETRY
10	197	247	-0.3988533458448117	DESCRIPTIVE_ONLY_OBSERVER_SCALE_GEOMETRY
10	198	247	0.6805334570118062	DESCRIPTIVE_ONLY_OBSERVER_SCALE_GEOMETRY
10	199	247	0.11194032900369122	DESCRIPTIVE_ONLY_OBSERVER_SCALE_GEOMETRY
10	200	247	-0.42209191662949935	DESCRIPTIVE_ONLY_OBSERVER_SCALE_GEOMETRY
10	201	247	0.20211655587752125	DESCRIPTIVE_ONLY_OBSERVER_SCALE_GEOMETRY
10	202	247	-0.03710909404144665	DESCRIPTIVE_ONLY_OBSERVER_SCALE_GEOMETRY
10	203	247	-0.011217465269826893	DESCRIPTIVE_ONLY_OBSERVER_SCALE_GEOMETRY
10	204	247	0.0025323249377677366	DESCRIPTIVE_ONLY_OBSERVER_SCALE_GEOMETRY
10	205	246	0.008032869335806088	DESCRIPTIVE_ONLY_OBSERVER_SCALE_GEOMETRY
10	206	246	-0.03508053244062314	DESCRIPTIVE_ONLY_OBSERVER_SCALE_GEOMETRY
10	207	246	-0.038808517075509585	DESCRIPTIVE_ONLY_OBSERVER_SCALE_GEOMETRY
10	208	246	-0.025819234797243983	DESCRIPTIVE_ONLY_OBSERVER_SCALE_GEOMETRY
10	209	246	-0.04790346283003044	DESCRIPTIVE_ONLY_OBSERVER_SCALE_GEOMETRY
10	210	246	-0.04572011969875543	DESCRIPTIVE_ONLY_OBSERVER_SCALE_GEOMETRY
10	211	246	0.1738142393590714	DESCRIPTIVE_ONLY_OBSERVER_SCALE_GEOMETRY
10	212	246	-0.12454045445180657	DESCRIPTIVE_ONLY_OBSERVER_SCALE_GEOMETRY
10	213	246	0.03175579940758959	DESCRIPTIVE_ONLY_OBSERVER_SCALE_GEOMETRY
10	214	246	-0.06330797099100467	DESCRIPTIVE_ONLY_OBSERVER_SCALE_GEOMETRY
10	215	246	-0.06088162335958704	DESCRIPTIVE_ONLY_OBSERVER_SCALE_GEOMETRY
10	216	246	0.08673461672845813	DESCRIPTIVE_ONLY_OBSERVER_SCALE_GEOMETRY
10	217	246	-0.12079830718273826	DESCRIPTIVE_ONLY_OBSERVER_SCALE_GEOMETRY
10	218	246	0.07999443246476491	DESCRIPTIVE_ONLY_OBSERVER_SCALE_GEOMETRY
10	219	246	-0.10079072184706311	DESCRIPTIVE_ONLY_OBSERVER_SCALE_GEOMETRY
10	220	246	0.007925942409262681	DESCRIPTIVE_ONLY_OBSERVER_SCALE_GEOMETRY
10	221	246	0.06388811143001899	DESCRIPTIVE_ONLY_OBSERVER_SCALE_GEOMETRY
10	222	246	-0.10956395913352715	DESCRIPTIVE_ONLY_OBSERVER_SCALE_GEOMETRY
10	223	246	0.05368702733792527	DESCRIPTIVE_ONLY_OBSERVER_SCALE_GEOMETRY
10	224	246	-0.025906111144928645	DESCRIPTIVE_ONLY_OBSERVER_SCALE_GEOMETRY
10	225	246	-0.02772120576714281	DESCRIPTIVE_ONLY_OBSERVER_SCALE_GEOMETRY
10	226	246	0.12953205980429236	DESCRIPTIVE_ONLY_OBSERVER_SCALE_GEOMETRY
10	227	246	-0.15436852569039358	DESCRIPTIVE_ONLY_OBSERVER_SCALE_GEOMETRY
10	228	246	-0.05534954427334889	DESCRIPTIVE_ONLY_OBSERVER_SCALE_GEOMETRY
10	229	246	0.09563264081551373	DESCRIPTIVE_ONLY_OBSERVER_SCALE_GEOMETRY
10	230	246	0.05831840612750064	DESCRIPTIVE_ONLY_OBSERVER_SCALE_GEOMETRY
10	231	246	-0.15676762561779478	DESCRIPTIVE_ONLY_OBSERVER_SCALE_GEOMETRY
10	232	246	0.06946863048956009	DESCRIPTIVE_ONLY_OBSERVER_SCALE_GEOMETRY
10	233	246	0.010482120530945991	DESCRIPTIVE_ONLY_OBSERVER_SCALE_GEOMETRY
10	234	246	0.011019133400560419	DESCRIPTIVE_ONLY_OBSERVER_SCALE_GEOMETRY
10	235	246	-0.04488432248135996	DESCRIPTIVE_ONLY_OBSERVER_SCALE_GEOMETRY
10	236	246	0.07060296828316383	DESCRIPTIVE_ONLY_OBSERVER_SCALE_GEOMETRY
10	237	246	0.024077016294427243	DESCRIPTIVE_ONLY_OBSERVER_SCALE_GEOMETRY
10	238	246	-0.07549318557507315	DESCRIPTIVE_ONLY_OBSERVER_SCALE_GEOMETRY
10	239	246	-0.06871260315077897	DESCRIPTIVE_ONLY_OBSERVER_SCALE_GEOMETRY
10	240	246	0.11759806900921424	DESCRIPTIVE_ONLY_OBSERVER_SCALE_GEOMETRY
10	241	246	-0.06362076494011455	DESCRIPTIVE_ONLY_OBSERVER_SCALE_GEOMETRY
10	242	246	-0.051421272056331936	DESCRIPTIVE_ONLY_OBSERVER_SCALE_GEOMETRY
10	243	246	0.14030711558861614	DESCRIPTIVE_ONLY_OBSERVER_SCALE_GEOMETRY
10	244	246	-0.11839249869438338	DESCRIPTIVE_ONLY_OBSERVER_SCALE_GEOMETRY
10	245	246	0.047584801531703504	DESCRIPTIVE_ONLY_OBSERVER_SCALE_GEOMETRY
10	246	246	-0.01645143019974196	DESCRIPTIVE_ONLY_OBSERVER_SCALE_GEOMETRY
10	247	246	0.005713384570358961	DESCRIPTIVE_ONLY_OBSERVER_SCALE_GEOMETRY
10	248	246	-0.05847409499958848	DESCRIPTIVE_ONLY_OBSERVER_SCALE_GEOMETRY
10	249	246	0.029906529787897353	DESCRIPTIVE_ONLY_OBSERVER_SCALE_GEOMETRY
10	250	246	-0.057533914712816325	DESCRIPTIVE_ONLY_OBSERVER_SCALE_GEOMETRY
10	251	246	0.12513756573083948	DESCRIPTIVE_ONLY_OBSERVER_SCALE_GEOMETRY
10	252	246	-0.12757357024481342	DESCRIPTIVE_ONLY_OBSERVER_SCALE_GEOMETRY
10	253	246	-2.3066666112085197	DESCRIPTIVE_ONLY_OBSERVER_SCALE_GEOMETRY
10	254	246	3.0295307790488444	DESCRIPTIVE_ONLY_OBSERVER_SCALE_GEOMETRY
10	255	246	-0.6331858044071222	DESCRIPTIVE_ONLY_OBSERVER_SCALE_GEOMETRY
10	256	245	0.1720352529678172	DESCRIPTIVE_ONLY_OBSERVER_SCALE_GEOMETRY
10	257	245	-0.05749722884977077	DESCRIPTIVE_ONLY_OBSERVER_SCALE_GEOMETRY
10	258	245	-0.22042411225833217	DESCRIPTIVE_ONLY_OBSERVER_SCALE_GEOMETRY
10	259	245	-0.05598870345379478	DESCRIPTIVE_ONLY_OBSERVER_SCALE_GEOMETRY
10	260	245	0.060864197135606965	DESCRIPTIVE_ONLY_OBSERVER_SCALE_GEOMETRY
10	261	245	-0.09288854160510315	DESCRIPTIVE_ONLY_OBSERVER_SCALE_GEOMETRY
10	262	245	0.09146393973537424	DESCRIPTIVE_ONLY_OBSERVER_SCALE_GEOMETRY
10	263	245	-0.0903009677744334	DESCRIPTIVE_ONLY_OBSERVER_SCALE_GEOMETRY
10	264	245	0.03704649067890468	DESCRIPTIVE_ONLY_OBSERVER_SCALE_GEOMETRY
10	265	245	-0.009560934333522618	DESCRIPTIVE_ONLY_OBSERVER_SCALE_GEOMETRY
10	266	245	-0.061655506384605	DESCRIPTIVE_ONLY_OBSERVER_SCALE_GEOMETRY
10	267	245	0.08839831259388609	DESCRIPTIVE_ONLY_OBSERVER_SCALE_GEOMETRY
10	268	244	-0.14307591182337984	DESCRIPTIVE_ONLY_OBSERVER_SCALE_GEOMETRY
10	269	244	0.10433668934461561	DESCRIPTIVE_ONLY_OBSERVER_SCALE_GEOMETRY
10	270	243	0.47396805111919815	DESCRIPTIVE_ONLY_OBSERVER_SCALE_GEOMETRY
10	271	243	-0.45853986421547666	DESCRIPTIVE_ONLY_OBSERVER_SCALE_GEOMETRY
10	272	242	-0.17801974298077433	DESCRIPTIVE_ONLY_OBSERVER_SCALE_GEOMETRY
10	273	242	0.110712215993339	DESCRIPTIVE_ONLY_OBSERVER_SCALE_GEOMETRY
10	274	242	-0.2172802836053048	DESCRIPTIVE_ONLY_OBSERVER_SCALE_GEOMETRY
10	275	242	0.1862462727427849	DESCRIPTIVE_ONLY_OBSERVER_SCALE_GEOMETRY
10	276	242	-0.14546232527491862	DESCRIPTIVE_ONLY_OBSERVER_SCALE_GEOMETRY
10	277	242	0.0817120457610009	DESCRIPTIVE_ONLY_OBSERVER_SCALE_GEOMETRY
10	278	242	-0.11633598409727663	DESCRIPTIVE_ONLY_OBSERVER_SCALE_GEOMETRY
10	279	242	0.02795173035780903	DESCRIPTIVE_ONLY_OBSERVER_SCALE_GEOMETRY
10	280	242	0.0009314782964671473	DESCRIPTIVE_ONLY_OBSERVER_SCALE_GEOMETRY
10	281	242	0.023144493088837193	DESCRIPTIVE_ONLY_OBSERVER_SCALE_GEOMETRY
10	282	242	-0.08912404520064582	DESCRIPTIVE_ONLY_OBSERVER_SCALE_GEOMETRY
10	283	242	0.02235848275804682	DESCRIPTIVE_ONLY_OBSERVER_SCALE_GEOMETRY
10	284	242	-0.08497139927193476	DESCRIPTIVE_ONLY_OBSERVER_SCALE_GEOMETRY
10	285	242	0.03955897662170877	DESCRIPTIVE_ONLY_OBSERVER_SCALE_GEOMETRY
10	286	242	-0.06223663157240146	DESCRIPTIVE_ONLY_OBSERVER_SCALE_GEOMETRY
10	287	242	0.018164940714227723	DESCRIPTIVE_ONLY_OBSERVER_SCALE_GEOMETRY
10	288	242	-0.08556944910002143	DESCRIPTIVE_ONLY_OBSERVER_SCALE_GEOMETRY
10	289	242	0.048100987247489034	DESCRIPTIVE_ONLY_OBSERVER_SCALE_GEOMETRY
10	290	242	0.08246789289650763	DESCRIPTIVE_ONLY_OBSERVER_SCALE_GEOMETRY
10	291	242	-0.1875404519113867	DESCRIPTIVE_ONLY_OBSERVER_SCALE_GEOMETRY
10	292	242	0.07716308844452197	DESCRIPTIVE_ONLY_OBSERVER_SCALE_GEOMETRY
10	293	242	-0.03991006028587661	DESCRIPTIVE_ONLY_OBSERVER_SCALE_GEOMETRY
10	294	242	-0.05599104850682957	DESCRIPTIVE_ONLY_OBSERVER_SCALE_GEOMETRY
10	295	242	-0.0456517799917563	DESCRIPTIVE_ONLY_OBSERVER_SCALE_GEOMETRY
10	296	242	0.09989835504782646	DESCRIPTIVE_ONLY_OBSERVER_SCALE_GEOMETRY
10	297	242	-0.0751630948019673	DESCRIPTIVE_ONLY_OBSERVER_SCALE_GEOMETRY
10	298	242	-0.02838422972686043	DESCRIPTIVE_ONLY_OBSERVER_SCALE_GEOMETRY
10	299	242	-0.024453721906648216	DESCRIPTIVE_ONLY_OBSERVER_SCALE_GEOMETRY
10	300	242	0.05560511036528317	DESCRIPTIVE_ONLY_OBSERVER_SCALE_GEOMETRY
10	301	241	-0.16827974365400664	DESCRIPTIVE_ONLY_OBSERVER_SCALE_GEOMETRY
10	302	241	0.1439406880387841	DESCRIPTIVE_ONLY_OBSERVER_SCALE_GEOMETRY
10	303	241	-0.14318628230835154	DESCRIPTIVE_ONLY_OBSERVER_SCALE_GEOMETRY
10	304	241	-0.01796831749143682	DESCRIPTIVE_ONLY_OBSERVER_SCALE_GEOMETRY
10	305	241	-0.010210666136932426	DESCRIPTIVE_ONLY_OBSERVER_SCALE_GEOMETRY
10	306	241	-0.021827740489226328	DESCRIPTIVE_ONLY_OBSERVER_SCALE_GEOMETRY
10	307	241	-0.009130386218596052	DESCRIPTIVE_ONLY_OBSERVER_SCALE_GEOMETRY
10	308	241	-0.010724722206626352	DESCRIPTIVE_ONLY_OBSERVER_SCALE_GEOMETRY
10	309	241	-0.034495017203415246	DESCRIPTIVE_ONLY_OBSERVER_SCALE_GEOMETRY
10	310	240	-0.0975428016927182	DESCRIPTIVE_ONLY_OBSERVER_SCALE_GEOMETRY
10	311	240	2.3398268430337157	DESCRIPTIVE_ONLY_OBSERVER_SCALE_GEOMETRY
10	312	240	-11.261320009443347	DESCRIPTIVE_ONLY_OBSERVER_SCALE_GEOMETRY
10	313	240	6.722342088680823	DESCRIPTIVE_ONLY_OBSERVER_SCALE_GEOMETRY
10	314	240	2.2868250139450867	DESCRIPTIVE_ONLY_OBSERVER_SCALE_GEOMETRY
10	315	239	0.18788672115367774	DESCRIPTIVE_ONLY_OBSERVER_SCALE_GEOMETRY
10	316	239	-0.27775879093907974	DESCRIPTIVE_ONLY_OBSERVER_SCALE_GEOMETRY
10	317	239	-0.11579328573115603	DESCRIPTIVE_ONLY_OBSERVER_SCALE_GEOMETRY
10	318	239	-0.06370641510873801	DESCRIPTIVE_ONLY_OBSERVER_SCALE_GEOMETRY
10	319	239	0.02566486388301197	DESCRIPTIVE_ONLY_OBSERVER_SCALE_GEOMETRY
10	320	239	-0.1091677705723144	DESCRIPTIVE_ONLY_OBSERVER_SCALE_GEOMETRY
10	321	239	0.039163881845974184	DESCRIPTIVE_ONLY_OBSERVER_SCALE_GEOMETRY
10	322	239	-0.029613341289082572	DESCRIPTIVE_ONLY_OBSERVER_SCALE_GEOMETRY
10	323	239	-0.0895083562958754	DESCRIPTIVE_ONLY_OBSERVER_SCALE_GEOMETRY
10	324	239	0.03918038645720211	DESCRIPTIVE_ONLY_OBSERVER_SCALE_GEOMETRY
10	325	239	-0.04719222187486528	DESCRIPTIVE_ONLY_OBSERVER_SCALE_GEOMETRY
10	326	239	-0.10136129714429573	DESCRIPTIVE_ONLY_OBSERVER_SCALE_GEOMETRY
10	327	239	0.007125790028595915	DESCRIPTIVE_ONLY_OBSERVER_SCALE_GEOMETRY
10	328	239	-0.09018246070150299	DESCRIPTIVE_ONLY_OBSERVER_SCALE_GEOMETRY
10	329	238	0.026516284733514462	DESCRIPTIVE_ONLY_OBSERVER_SCALE_GEOMETRY
10	330	237	0.7838187060756537	DESCRIPTIVE_ONLY_OBSERVER_SCALE_GEOMETRY
10	331	237	-0.8501039638692618	DESCRIPTIVE_ONLY_OBSERVER_SCALE_GEOMETRY
10	332	237	-0.053310633999396936	DESCRIPTIVE_ONLY_OBSERVER_SCALE_GEOMETRY
10	333	237	-0.09220083829205948	DESCRIPTIVE_ONLY_OBSERVER_SCALE_GEOMETRY
10	334	237	0.09116187017793874	DESCRIPTIVE_ONLY_OBSERVER_SCALE_GEOMETRY
10	335	237	-0.06944976958320702	DESCRIPTIVE_ONLY_OBSERVER_SCALE_GEOMETRY
10	336	237	-0.08156847606542253	DESCRIPTIVE_ONLY_OBSERVER_SCALE_GEOMETRY
10	337	237	-0.008805229861400787	DESCRIPTIVE_ONLY_OBSERVER_SCALE_GEOMETRY
10	338	237	0.008666333592316559	DESCRIPTIVE_ONLY_OBSERVER_SCALE_GEOMETRY
10	339	237	-0.12305817022972912	DESCRIPTIVE_ONLY_OBSERVER_SCALE_GEOMETRY
10	340	237	0.053253462698460485	DESCRIPTIVE_ONLY_OBSERVER_SCALE_GEOMETRY
10	341	237	-0.16347114223438244	DESCRIPTIVE_ONLY_OBSERVER_SCALE_GEOMETRY
10	342	237	0.10142225471909115	DESCRIPTIVE_ONLY_OBSERVER_SCALE_GEOMETRY
10	343	237	-0.13684955892617742	DESCRIPTIVE_ONLY_OBSERVER_SCALE_GEOMETRY
10	344	237	-0.007151735873973885	DESCRIPTIVE_ONLY_OBSERVER_SCALE_GEOMETRY
10	345	237	-0.07876221879849349	DESCRIPTIVE_ONLY_OBSERVER_SCALE_GEOMETRY
10	346	237	0.034455925324339005	DESCRIPTIVE_ONLY_OBSERVER_SCALE_GEOMETRY
10	347	237	-0.05239014319311773	DESCRIPTIVE_ONLY_OBSERVER_SCALE_GEOMETRY
10	348	237	-0.11270601045349828	DESCRIPTIVE_ONLY_OBSERVER_SCALE_GEOMETRY
10	349	237	0.008447540167092133	DESCRIPTIVE_ONLY_OBSERVER_SCALE_GEOMETRY
10	350	237	-0.06372224199117818	DESCRIPTIVE_ONLY_OBSERVER_SCALE_GEOMETRY
10	351	237	0.02214671330001596	DESCRIPTIVE_ONLY_OBSERVER_SCALE_GEOMETRY
10	352	237	-0.02899786293728824	DESCRIPTIVE_ONLY_OBSERVER_SCALE_GEOMETRY
10	353	236	-0.10994494096422432	DESCRIPTIVE_ONLY_OBSERVER_SCALE_GEOMETRY
10	354	236	-0.06069049105574879	DESCRIPTIVE_ONLY_OBSERVER_SCALE_GEOMETRY
10	355	236	-0.0013737939184938072	DESCRIPTIVE_ONLY_OBSERVER_SCALE_GEOMETRY
10	356	236	-0.06838896687277185	DESCRIPTIVE_ONLY_OBSERVER_SCALE_GEOMETRY
10	357	236	0.07162416543466169	DESCRIPTIVE_ONLY_OBSERVER_SCALE_GEOMETRY
10	358	236	-0.16383706786184332	DESCRIPTIVE_ONLY_OBSERVER_SCALE_GEOMETRY
10	359	236	-0.010922650180901307	DESCRIPTIVE_ONLY_OBSERVER_SCALE_GEOMETRY
10	360	236	0.055024030402958626	DESCRIPTIVE_ONLY_OBSERVER_SCALE_GEOMETRY
10	361	236	-0.08028093705717673	DESCRIPTIVE_ONLY_OBSERVER_SCALE_GEOMETRY
10	362	236	-0.1497115864221555	DESCRIPTIVE_ONLY_OBSERVER_SCALE_GEOMETRY
10	363	235	0.12621867586954394	DESCRIPTIVE_ONLY_OBSERVER_SCALE_GEOMETRY
10	364	235	-0.12769541704188753	DESCRIPTIVE_ONLY_OBSERVER_SCALE_GEOMETRY
10	365	235	0.03498450971162733	DESCRIPTIVE_ONLY_OBSERVER_SCALE_GEOMETRY
10	366	235	-0.16428952209119904	DESCRIPTIVE_ONLY_OBSERVER_SCALE_GEOMETRY
10	367	235	0.1027301540313504	DESCRIPTIVE_ONLY_OBSERVER_SCALE_GEOMETRY
10	368	235	-0.09758625670369517	DESCRIPTIVE_ONLY_OBSERVER_SCALE_GEOMETRY
10	369	235	-0.058348729307746955	DESCRIPTIVE_ONLY_OBSERVER_SCALE_GEOMETRY
10	370	235	-0.002966324978298146	DESCRIPTIVE_ONLY_OBSERVER_SCALE_GEOMETRY
10	371	235	-0.009044283310453764	DESCRIPTIVE_ONLY_OBSERVER_SCALE_GEOMETRY
10	372	235	-0.07945150128844286	DESCRIPTIVE_ONLY_OBSERVER_SCALE_GEOMETRY
10	373	235	3.9475478964601094	DESCRIPTIVE_ONLY_OBSERVER_SCALE_GEOMETRY
10	374	235	-4.105394601431433	DESCRIPTIVE_ONLY_OBSERVER_SCALE_GEOMETRY
10	375	235	0.121134231942723	DESCRIPTIVE_ONLY_OBSERVER_SCALE_GEOMETRY
10	376	235	-0.2276512784863298	DESCRIPTIVE_ONLY_OBSERVER_SCALE_GEOMETRY
10	377	235	0.10028288549146944	DESCRIPTIVE_ONLY_OBSERVER_SCALE_GEOMETRY
10	378	235	-0.06708574021405876	DESCRIPTIVE_ONLY_OBSERVER_SCALE_GEOMETRY
10	379	235	-0.028523945100732515	DESCRIPTIVE_ONLY_OBSERVER_SCALE_GEOMETRY
11	1	257	-0.031056418670830855	DESCRIPTIVE_ONLY_OBSERVER_SCALE_GEOMETRY
11	2	257	0.014018307707514045	DESCRIPTIVE_ONLY_OBSERVER_SCALE_GEOMETRY
11	3	257	-0.0037705077471446493	DESCRIPTIVE_ONLY_OBSERVER_SCALE_GEOMETRY
11	4	257	0.012450071945664797	DESCRIPTIVE_ONLY_OBSERVER_SCALE_GEOMETRY
11	5	257	-0.05203375352985776	DESCRIPTIVE_ONLY_OBSERVER_SCALE_GEOMETRY
11	6	257	-0.0010549906880596995	DESCRIPTIVE_ONLY_OBSERVER_SCALE_GEOMETRY
11	7	257	0.02161474670769348	DESCRIPTIVE_ONLY_OBSERVER_SCALE_GEOMETRY
11	8	257	-0.29808776071721793	DESCRIPTIVE_ONLY_OBSERVER_SCALE_GEOMETRY
11	9	257	0.6134235224933479	DESCRIPTIVE_ONLY_OBSERVER_SCALE_GEOMETRY
11	10	257	-0.5820294703860364	DESCRIPTIVE_ONLY_OBSERVER_SCALE_GEOMETRY
11	11	257	-0.216439615720889	DESCRIPTIVE_ONLY_OBSERVER_SCALE_GEOMETRY
11	12	257	2.698058170576488	DESCRIPTIVE_ONLY_OBSERVER_SCALE_GEOMETRY
11	13	257	-2.246085873893497	DESCRIPTIVE_ONLY_OBSERVER_SCALE_GEOMETRY
11	14	257	-0.06095838460440636	DESCRIPTIVE_ONLY_OBSERVER_SCALE_GEOMETRY
11	15	257	0.024761360522875992	DESCRIPTIVE_ONLY_OBSERVER_SCALE_GEOMETRY
11	16	257	-0.03125158166507651	DESCRIPTIVE_ONLY_OBSERVER_SCALE_GEOMETRY
11	17	257	0.04481157706938621	DESCRIPTIVE_ONLY_OBSERVER_SCALE_GEOMETRY
11	18	257	-0.028190373891677327	DESCRIPTIVE_ONLY_OBSERVER_SCALE_GEOMETRY
11	19	257	-0.02881983908543834	DESCRIPTIVE_ONLY_OBSERVER_SCALE_GEOMETRY
11	20	257	-0.00450439336972467	DESCRIPTIVE_ONLY_OBSERVER_SCALE_GEOMETRY
11	21	257	-0.0247351495442623	DESCRIPTIVE_ONLY_OBSERVER_SCALE_GEOMETRY
11	22	257	0.017113450799802192	DESCRIPTIVE_ONLY_OBSERVER_SCALE_GEOMETRY
11	23	256	-0.03585859657968256	DESCRIPTIVE_ONLY_OBSERVER_SCALE_GEOMETRY
11	24	256	0.010178395084701582	DESCRIPTIVE_ONLY_OBSERVER_SCALE_GEOMETRY
11	25	255	0.04495562637640271	DESCRIPTIVE_ONLY_OBSERVER_SCALE_GEOMETRY
11	26	255	-0.0870828841955316	DESCRIPTIVE_ONLY_OBSERVER_SCALE_GEOMETRY
11	27	255	0.02996601224287104	DESCRIPTIVE_ONLY_OBSERVER_SCALE_GEOMETRY
11	28	255	-0.002676051251436846	DESCRIPTIVE_ONLY_OBSERVER_SCALE_GEOMETRY
11	29	255	2.9159909792792207	DESCRIPTIVE_ONLY_OBSERVER_SCALE_GEOMETRY
11	30	255	-3.0411855469150417	DESCRIPTIVE_ONLY_OBSERVER_SCALE_GEOMETRY
11	31	255	0.09891540992053441	DESCRIPTIVE_ONLY_OBSERVER_SCALE_GEOMETRY
11	32	255	0.02760871592584617	DESCRIPTIVE_ONLY_OBSERVER_SCALE_GEOMETRY
11	33	255	-0.05715162510851353	DESCRIPTIVE_ONLY_OBSERVER_SCALE_GEOMETRY
11	34	255	0.06168285844421345	DESCRIPTIVE_ONLY_OBSERVER_SCALE_GEOMETRY
11	35	255	8.28426005711032	DESCRIPTIVE_ONLY_OBSERVER_SCALE_GEOMETRY
11	36	255	-7.264735394480594	DESCRIPTIVE_ONLY_OBSERVER_SCALE_GEOMETRY
11	37	255	-1.2659405732507027	DESCRIPTIVE_ONLY_OBSERVER_SCALE_GEOMETRY
11	38	255	-0.10651101740079152	DESCRIPTIVE_ONLY_OBSERVER_SCALE_GEOMETRY
11	39	255	-0.05970762420255605	DESCRIPTIVE_ONLY_OBSERVER_SCALE_GEOMETRY
11	40	255	0.30328541868557174	DESCRIPTIVE_ONLY_OBSERVER_SCALE_GEOMETRY
11	41	254	0.11009469860218181	DESCRIPTIVE_ONLY_OBSERVER_SCALE_GEOMETRY
11	42	254	-0.07317462232530322	DESCRIPTIVE_ONLY_OBSERVER_SCALE_GEOMETRY
11	43	254	-0.00045701571908370405	DESCRIPTIVE_ONLY_OBSERVER_SCALE_GEOMETRY
11	44	254	-0.012545328201770333	DESCRIPTIVE_ONLY_OBSERVER_SCALE_GEOMETRY
11	45	254	-0.017057839492678643	DESCRIPTIVE_ONLY_OBSERVER_SCALE_GEOMETRY
11	46	254	-0.08887773687186219	DESCRIPTIVE_ONLY_OBSERVER_SCALE_GEOMETRY
11	47	254	0.07880760327080312	DESCRIPTIVE_ONLY_OBSERVER_SCALE_GEOMETRY
11	48	254	0.006093463216515611	DESCRIPTIVE_ONLY_OBSERVER_SCALE_GEOMETRY
11	49	254	-0.0542701637741342	DESCRIPTIVE_ONLY_OBSERVER_SCALE_GEOMETRY
11	50	254	-0.040373231007267966	DESCRIPTIVE_ONLY_OBSERVER_SCALE_GEOMETRY
11	51	254	0.07352575127693431	DESCRIPTIVE_ONLY_OBSERVER_SCALE_GEOMETRY
11	52	254	-0.07519441701350506	DESCRIPTIVE_ONLY_OBSERVER_SCALE_GEOMETRY
11	53	254	0.06289859932526877	DESCRIPTIVE_ONLY_OBSERVER_SCALE_GEOMETRY
11	54	253	-0.06467266192643932	DESCRIPTIVE_ONLY_OBSERVER_SCALE_GEOMETRY
11	55	253	0.012266459709759316	DESCRIPTIVE_ONLY_OBSERVER_SCALE_GEOMETRY
11	56	253	-0.01829663132739632	DESCRIPTIVE_ONLY_OBSERVER_SCALE_GEOMETRY
11	57	253	0.005050968307049484	DESCRIPTIVE_ONLY_OBSERVER_SCALE_GEOMETRY
11	58	253	-0.012898860199410184	DESCRIPTIVE_ONLY_OBSERVER_SCALE_GEOMETRY
11	59	253	0.012694739128372134	DESCRIPTIVE_ONLY_OBSERVER_SCALE_GEOMETRY
11	60	253	-0.044780245398054905	DESCRIPTIVE_ONLY_OBSERVER_SCALE_GEOMETRY
11	61	253	0.046366147941318415	DESCRIPTIVE_ONLY_OBSERVER_SCALE_GEOMETRY
11	62	253	-0.04970693148729314	DESCRIPTIVE_ONLY_OBSERVER_SCALE_GEOMETRY
11	63	253	-0.01538455122341934	DESCRIPTIVE_ONLY_OBSERVER_SCALE_GEOMETRY
11	64	253	-0.00229888628236996	DESCRIPTIVE_ONLY_OBSERVER_SCALE_GEOMETRY
11	65	253	-0.057142552901424525	DESCRIPTIVE_ONLY_OBSERVER_SCALE_GEOMETRY
11	66	253	0.03083689469921857	DESCRIPTIVE_ONLY_OBSERVER_SCALE_GEOMETRY
11	67	253	-0.0006646662039162324	DESCRIPTIVE_ONLY_OBSERVER_SCALE_GEOMETRY
11	68	253	0.020905788199026915	DESCRIPTIVE_ONLY_OBSERVER_SCALE_GEOMETRY
11	69	253	-0.1124297125684186	DESCRIPTIVE_ONLY_OBSERVER_SCALE_GEOMETRY
11	70	253	-1.2769917666864796	DESCRIPTIVE_ONLY_OBSERVER_SCALE_GEOMETRY
11	71	253	3.0551773043083426	DESCRIPTIVE_ONLY_OBSERVER_SCALE_GEOMETRY
11	72	253	-5.344454053261688	DESCRIPTIVE_ONLY_OBSERVER_SCALE_GEOMETRY
11	73	252	2.563339559187836	DESCRIPTIVE_ONLY_OBSERVER_SCALE_GEOMETRY
11	74	252	1.0446543011539347	DESCRIPTIVE_ONLY_OBSERVER_SCALE_GEOMETRY
11	75	252	0.022067571021865028	DESCRIPTIVE_ONLY_OBSERVER_SCALE_GEOMETRY
11	76	252	-0.10202297856043045	DESCRIPTIVE_ONLY_OBSERVER_SCALE_GEOMETRY
11	77	252	0.10114199521379388	DESCRIPTIVE_ONLY_OBSERVER_SCALE_GEOMETRY
11	78	252	-0.057462957828041755	DESCRIPTIVE_ONLY_OBSERVER_SCALE_GEOMETRY
11	79	252	-0.015224716077869915	DESCRIPTIVE_ONLY_OBSERVER_SCALE_GEOMETRY
11	80	252	0.022213259952430255	DESCRIPTIVE_ONLY_OBSERVER_SCALE_GEOMETRY
11	81	252	-0.03574759408112602	DESCRIPTIVE_ONLY_OBSERVER_SCALE_GEOMETRY
11	82	252	0.05626947710429178	DESCRIPTIVE_ONLY_OBSERVER_SCALE_GEOMETRY
11	83	252	-0.07199731938867827	DESCRIPTIVE_ONLY_OBSERVER_SCALE_GEOMETRY
11	84	252	-0.01476617081206935	DESCRIPTIVE_ONLY_OBSERVER_SCALE_GEOMETRY
11	85	252	0.02225463567336693	DESCRIPTIVE_ONLY_OBSERVER_SCALE_GEOMETRY
11	86	252	0.004356293945837568	DESCRIPTIVE_ONLY_OBSERVER_SCALE_GEOMETRY
11	87	252	-0.04323463865956801	DESCRIPTIVE_ONLY_OBSERVER_SCALE_GEOMETRY
11	88	252	0.032039065426213605	DESCRIPTIVE_ONLY_OBSERVER_SCALE_GEOMETRY
11	89	252	-0.030313704520229367	DESCRIPTIVE_ONLY_OBSERVER_SCALE_GEOMETRY
11	90	252	0.03344403853166826	DESCRIPTIVE_ONLY_OBSERVER_SCALE_GEOMETRY
11	91	252	-0.022882853424385882	DESCRIPTIVE_ONLY_OBSERVER_SCALE_GEOMETRY
11	92	252	-0.05825793524447082	DESCRIPTIVE_ONLY_OBSERVER_SCALE_GEOMETRY
11	93	252	-0.005362426555627382	DESCRIPTIVE_ONLY_OBSERVER_SCALE_GEOMETRY
11	94	252	0.025626880808156054	DESCRIPTIVE_ONLY_OBSERVER_SCALE_GEOMETRY
11	95	252	-0.12867600061716372	DESCRIPTIVE_ONLY_OBSERVER_SCALE_GEOMETRY
11	96	252	1.9443847482058865	DESCRIPTIVE_ONLY_OBSERVER_SCALE_GEOMETRY
11	97	252	-1.8698088867473037	DESCRIPTIVE_ONLY_OBSERVER_SCALE_GEOMETRY
11	98	252	-0.008426235050426957	DESCRIPTIVE_ONLY_OBSERVER_SCALE_GEOMETRY
11	99	252	-0.04619541018987288	DESCRIPTIVE_ONLY_OBSERVER_SCALE_GEOMETRY
11	100	252	-0.10326261548170482	DESCRIPTIVE_ONLY_OBSERVER_SCALE_GEOMETRY
11	101	252	0.06455660084203785	DESCRIPTIVE_ONLY_OBSERVER_SCALE_GEOMETRY
11	102	252	-0.03343355136961475	DESCRIPTIVE_ONLY_OBSERVER_SCALE_GEOMETRY
11	103	252	-0.05526587240885108	DESCRIPTIVE_ONLY_OBSERVER_SCALE_GEOMETRY
11	104	252	-0.010670211985598158	DESCRIPTIVE_ONLY_OBSERVER_SCALE_GEOMETRY
11	105	252	0.033599904130737254	DESCRIPTIVE_ONLY_OBSERVER_SCALE_GEOMETRY
11	106	252	-0.059766939242123944	DESCRIPTIVE_ONLY_OBSERVER_SCALE_GEOMETRY
11	107	252	-0.016317160388713378	DESCRIPTIVE_ONLY_OBSERVER_SCALE_GEOMETRY
11	108	252	0.0009043681777006097	DESCRIPTIVE_ONLY_OBSERVER_SCALE_GEOMETRY
11	109	252	0.010648554513410985	DESCRIPTIVE_ONLY_OBSERVER_SCALE_GEOMETRY
11	110	252	-0.1020593126702047	DESCRIPTIVE_ONLY_OBSERVER_SCALE_GEOMETRY
11	111	252	0.016433004541565724	DESCRIPTIVE_ONLY_OBSERVER_SCALE_GEOMETRY
11	112	252	0.012759367436880416	DESCRIPTIVE_ONLY_OBSERVER_SCALE_GEOMETRY
11	113	252	-0.10190795035901874	DESCRIPTIVE_ONLY_OBSERVER_SCALE_GEOMETRY
11	114	252	0.011292766248849123	DESCRIPTIVE_ONLY_OBSERVER_SCALE_GEOMETRY
11	115	252	-0.05772625760792217	DESCRIPTIVE_ONLY_OBSERVER_SCALE_GEOMETRY
11	116	252	0.018665111684349242	DESCRIPTIVE_ONLY_OBSERVER_SCALE_GEOMETRY
11	117	252	0.024012301718539117	DESCRIPTIVE_ONLY_OBSERVER_SCALE_GEOMETRY
11	118	252	-0.12961707117007668	DESCRIPTIVE_ONLY_OBSERVER_SCALE_GEOMETRY
11	119	251	0.0216806330470586	DESCRIPTIVE_ONLY_OBSERVER_SCALE_GEOMETRY
11	120	251	0.016779861910994433	DESCRIPTIVE_ONLY_OBSERVER_SCALE_GEOMETRY
11	121	251	-0.027475970838928075	DESCRIPTIVE_ONLY_OBSERVER_SCALE_GEOMETRY
11	122	251	-0.07603806896037757	DESCRIPTIVE_ONLY_OBSERVER_SCALE_GEOMETRY
11	123	251	-0.049993960994122	DESCRIPTIVE_ONLY_OBSERVER_SCALE_GEOMETRY
11	124	251	0.0973321130243418	DESCRIPTIVE_ONLY_OBSERVER_SCALE_GEOMETRY
11	125	251	-0.15995016439908166	DESCRIPTIVE_ONLY_OBSERVER_SCALE_GEOMETRY
11	126	251	0.014694599703878063	DESCRIPTIVE_ONLY_OBSERVER_SCALE_GEOMETRY
11	127	251	-0.01691655925677369	DESCRIPTIVE_ONLY_OBSERVER_SCALE_GEOMETRY
11	128	250	-0.052473565270666524	DESCRIPTIVE_ONLY_OBSERVER_SCALE_GEOMETRY
11	129	250	0.05374043828092202	DESCRIPTIVE_ONLY_OBSERVER_SCALE_GEOMETRY
11	130	250	0.39461320721845766	DESCRIPTIVE_ONLY_OBSERVER_SCALE_GEOMETRY
11	131	250	-0.4602823614419671	DESCRIPTIVE_ONLY_OBSERVER_SCALE_GEOMETRY
11	132	250	2.313041151913525	DESCRIPTIVE_ONLY_OBSERVER_SCALE_GEOMETRY
11	133	250	-2.184234105108426	DESCRIPTIVE_ONLY_OBSERVER_SCALE_GEOMETRY
11	134	250	-0.17364863407470504	DESCRIPTIVE_ONLY_OBSERVER_SCALE_GEOMETRY
11	135	250	-0.11201151633774045	DESCRIPTIVE_ONLY_OBSERVER_SCALE_GEOMETRY
11	136	250	0.039652481712293255	DESCRIPTIVE_ONLY_OBSERVER_SCALE_GEOMETRY
11	137	250	0.04296201202726871	DESCRIPTIVE_ONLY_OBSERVER_SCALE_GEOMETRY
11	138	250	-0.2079500792416584	DESCRIPTIVE_ONLY_OBSERVER_SCALE_GEOMETRY
11	139	250	0.312226766409988	DESCRIPTIVE_ONLY_OBSERVER_SCALE_GEOMETRY
11	140	249	-0.1253918823800525	DESCRIPTIVE_ONLY_OBSERVER_SCALE_GEOMETRY
11	141	249	-0.3770029928575924	DESCRIPTIVE_ONLY_OBSERVER_SCALE_GEOMETRY
11	142	249	0.07326166852699573	DESCRIPTIVE_ONLY_OBSERVER_SCALE_GEOMETRY
11	143	249	0.036098027526691195	DESCRIPTIVE_ONLY_OBSERVER_SCALE_GEOMETRY
11	144	249	-0.008596207463768754	DESCRIPTIVE_ONLY_OBSERVER_SCALE_GEOMETRY
11	145	249	-0.08961493249466482	DESCRIPTIVE_ONLY_OBSERVER_SCALE_GEOMETRY
11	146	249	0.022676910733963405	DESCRIPTIVE_ONLY_OBSERVER_SCALE_GEOMETRY
11	147	249	-0.049501156644294705	DESCRIPTIVE_ONLY_OBSERVER_SCALE_GEOMETRY
11	148	249	-0.011817155139977862	DESCRIPTIVE_ONLY_OBSERVER_SCALE_GEOMETRY
11	149	249	1.0760660912210425	DESCRIPTIVE_ONLY_OBSERVER_SCALE_GEOMETRY
11	150	249	-1.1234127686991915	DESCRIPTIVE_ONLY_OBSERVER_SCALE_GEOMETRY
11	151	248	-0.0024112330167977156	DESCRIPTIVE_ONLY_OBSERVER_SCALE_GEOMETRY
11	152	248	-0.01660855515250931	DESCRIPTIVE_ONLY_OBSERVER_SCALE_GEOMETRY
11	153	248	-0.03858083933648514	DESCRIPTIVE_ONLY_OBSERVER_SCALE_GEOMETRY
11	154	248	-0.03888967546659793	DESCRIPTIVE_ONLY_OBSERVER_SCALE_GEOMETRY
11	155	248	-0.021382687430056998	DESCRIPTIVE_ONLY_OBSERVER_SCALE_GEOMETRY
11	156	248	-0.18473169882941037	DESCRIPTIVE_ONLY_OBSERVER_SCALE_GEOMETRY
11	157	248	0.043832287430783386	DESCRIPTIVE_ONLY_OBSERVER_SCALE_GEOMETRY
11	158	248	0.005404502386054154	DESCRIPTIVE_ONLY_OBSERVER_SCALE_GEOMETRY
11	159	248	0.13268404301774311	DESCRIPTIVE_ONLY_OBSERVER_SCALE_GEOMETRY
11	160	248	-0.005944244869258173	DESCRIPTIVE_ONLY_OBSERVER_SCALE_GEOMETRY
11	161	248	-0.13807222536812255	DESCRIPTIVE_ONLY_OBSERVER_SCALE_GEOMETRY
11	162	248	-0.03871156299737102	DESCRIPTIVE_ONLY_OBSERVER_SCALE_GEOMETRY
11	163	248	0.03871099744553971	DESCRIPTIVE_ONLY_OBSERVER_SCALE_GEOMETRY
11	164	248	-0.0665792613730866	DESCRIPTIVE_ONLY_OBSERVER_SCALE_GEOMETRY
11	165	248	0.014485889646653306	DESCRIPTIVE_ONLY_OBSERVER_SCALE_GEOMETRY
11	166	248	-0.08414811889389776	DESCRIPTIVE_ONLY_OBSERVER_SCALE_GEOMETRY
11	167	248	-0.004849180915698413	DESCRIPTIVE_ONLY_OBSERVER_SCALE_GEOMETRY
11	168	248	-0.01728149805770463	DESCRIPTIVE_ONLY_OBSERVER_SCALE_GEOMETRY
11	169	248	0.017031805107058675	DESCRIPTIVE_ONLY_OBSERVER_SCALE_GEOMETRY
11	170	248	-0.04841477237077555	DESCRIPTIVE_ONLY_OBSERVER_SCALE_GEOMETRY
11	171	248	-0.039956291778906174	DESCRIPTIVE_ONLY_OBSERVER_SCALE_GEOMETRY
11	172	248	0.03457844999707272	DESCRIPTIVE_ONLY_OBSERVER_SCALE_GEOMETRY
11	173	248	-0.033679731815908956	DESCRIPTIVE_ONLY_OBSERVER_SCALE_GEOMETRY
11	174	248	-0.11390329687806829	DESCRIPTIVE_ONLY_OBSERVER_SCALE_GEOMETRY
11	175	248	0.07316559526897276	DESCRIPTIVE_ONLY_OBSERVER_SCALE_GEOMETRY
11	176	248	-0.010806186978084479	DESCRIPTIVE_ONLY_OBSERVER_SCALE_GEOMETRY
11	177	248	-0.07242076518997104	DESCRIPTIVE_ONLY_OBSERVER_SCALE_GEOMETRY
11	178	248	0.03773995039419902	DESCRIPTIVE_ONLY_OBSERVER_SCALE_GEOMETRY
11	179	248	-0.0722016972035617	DESCRIPTIVE_ONLY_OBSERVER_SCALE_GEOMETRY
11	180	248	0.018712590100627865	DESCRIPTIVE_ONLY_OBSERVER_SCALE_GEOMETRY
11	181	248	-0.04244800610903001	DESCRIPTIVE_ONLY_OBSERVER_SCALE_GEOMETRY
11	182	248	-0.06439325726740211	DESCRIPTIVE_ONLY_OBSERVER_SCALE_GEOMETRY
11	183	248	0.012671906764757329	DESCRIPTIVE_ONLY_OBSERVER_SCALE_GEOMETRY
11	184	248	-0.009701531164851618	DESCRIPTIVE_ONLY_OBSERVER_SCALE_GEOMETRY
11	185	248	-0.012592390864454786	DESCRIPTIVE_ONLY_OBSERVER_SCALE_GEOMETRY
11	186	248	-0.030466893639724085	DESCRIPTIVE_ONLY_OBSERVER_SCALE_GEOMETRY
11	187	248	-0.016428689542786198	DESCRIPTIVE_ONLY_OBSERVER_SCALE_GEOMETRY
11	188	248	-0.055301634226005626	DESCRIPTIVE_ONLY_OBSERVER_SCALE_GEOMETRY
11	189	248	0.024424220241505225	DESCRIPTIVE_ONLY_OBSERVER_SCALE_GEOMETRY
11	190	247	1.2845211206744074	DESCRIPTIVE_ONLY_OBSERVER_SCALE_GEOMETRY
11	191	247	-5.3834910111586245	DESCRIPTIVE_ONLY_OBSERVER_SCALE_GEOMETRY
11	192	247	4.30063329331172	DESCRIPTIVE_ONLY_OBSERVER_SCALE_GEOMETRY
11	193	247	-0.12438516509083024	DESCRIPTIVE_ONLY_OBSERVER_SCALE_GEOMETRY
11	194	247	-0.19191037570251457	DESCRIPTIVE_ONLY_OBSERVER_SCALE_GEOMETRY
11	195	247	-0.27981110723900776	DESCRIPTIVE_ONLY_OBSERVER_SCALE_GEOMETRY
11	196	247	-0.4072439744528919	DESCRIPTIVE_ONLY_OBSERVER_SCALE_GEOMETRY
11	197	247	0.6675991050836307	DESCRIPTIVE_ONLY_OBSERVER_SCALE_GEOMETRY
11	198	247	0.10313303046780221	DESCRIPTIVE_ONLY_OBSERVER_SCALE_GEOMETRY
11	199	247	-0.4291407504342371	DESCRIPTIVE_ONLY_OBSERVER_SCALE_GEOMETRY
11	200	247	0.1939767684728042	DESCRIPTIVE_ONLY_OBSERVER_SCALE_GEOMETRY
11	201	247	-0.0473735208928471	DESCRIPTIVE_ONLY_OBSERVER_SCALE_GEOMETRY
11	202	247	-0.02120771740414212	DESCRIPTIVE_ONLY_OBSERVER_SCALE_GEOMETRY
11	203	247	-0.007251317442755632	DESCRIPTIVE_ONLY_OBSERVER_SCALE_GEOMETRY
11	204	246	-0.0034153982072531435	DESCRIPTIVE_ONLY_OBSERVER_SCALE_GEOMETRY
11	205	246	-0.04758799222886411	DESCRIPTIVE_ONLY_OBSERVER_SCALE_GEOMETRY
11	206	246	-0.05033761044977376	DESCRIPTIVE_ONLY_OBSERVER_SCALE_GEOMETRY
11	207	246	-0.03692481293892486	DESCRIPTIVE_ONLY_OBSERVER_SCALE_GEOMETRY
11	208	246	-0.05654667860427374	DESCRIPTIVE_ONLY_OBSERVER_SCALE_GEOMETRY
11	209	246	-0.05653448425890153	DESCRIPTIVE_ONLY_OBSERVER_SCALE_GEOMETRY
11	210	246	0.1639637452293029	DESCRIPTIVE_ONLY_OBSERVER_SCALE_GEOMETRY
11	211	246	-0.1363425219615405	DESCRIPTIVE_ONLY_OBSERVER_SCALE_GEOMETRY
11	212	246	0.02288943109915316	DESCRIPTIVE_ONLY_OBSERVER_SCALE_GEOMETRY
11	213	246	-0.07360656379980081	DESCRIPTIVE_ONLY_OBSERVER_SCALE_GEOMETRY
11	214	246	-0.06833992228081925	DESCRIPTIVE_ONLY_OBSERVER_SCALE_GEOMETRY
11	215	246	0.07552195561525177	DESCRIPTIVE_ONLY_OBSERVER_SCALE_GEOMETRY
11	216	246	-0.1297852585132793	DESCRIPTIVE_ONLY_OBSERVER_SCALE_GEOMETRY
11	217	246	0.06866505089782526	DESCRIPTIVE_ONLY_OBSERVER_SCALE_GEOMETRY
11	218	246	-0.1138064166372202	DESCRIPTIVE_ONLY_OBSERVER_SCALE_GEOMETRY
11	219	246	-0.003995930098410268	DESCRIPTIVE_ONLY_OBSERVER_SCALE_GEOMETRY
11	220	246	0.04877294394426792	DESCRIPTIVE_ONLY_OBSERVER_SCALE_GEOMETRY
11	221	246	-0.12813280926408752	DESCRIPTIVE_ONLY_OBSERVER_SCALE_GEOMETRY
11	222	246	0.03220329343663085	DESCRIPTIVE_ONLY_OBSERVER_SCALE_GEOMETRY
11	223	246	-0.05013646064991839	DESCRIPTIVE_ONLY_OBSERVER_SCALE_GEOMETRY
11	224	246	-0.05210306067000865	DESCRIPTIVE_ONLY_OBSERVER_SCALE_GEOMETRY
11	225	246	0.10330367446770462	DESCRIPTIVE_ONLY_OBSERVER_SCALE_GEOMETRY
11	226	246	-0.177974323537822	DESCRIPTIVE_ONLY_OBSERVER_SCALE_GEOMETRY
11	227	246	-0.08138379525858047	DESCRIPTIVE_ONLY_OBSERVER_SCALE_GEOMETRY
11	228	246	0.06628036731146518	DESCRIPTIVE_ONLY_OBSERVER_SCALE_GEOMETRY
11	229	246	0.026478605685149106	DESCRIPTIVE_ONLY_OBSERVER_SCALE_GEOMETRY
11	230	246	-0.18723892867056036	DESCRIPTIVE_ONLY_OBSERVER_SCALE_GEOMETRY
11	231	246	0.037940668478610724	DESCRIPTIVE_ONLY_OBSERVER_SCALE_GEOMETRY
11	232	246	-0.022464208827491377	DESCRIPTIVE_ONLY_OBSERVER_SCALE_GEOMETRY
11	233	246	-0.021495539748704846	DESCRIPTIVE_ONLY_OBSERVER_SCALE_GEOMETRY
11	234	246	-0.07868701397885254	DESCRIPTIVE_ONLY_OBSERVER_SCALE_GEOMETRY
11	235	246	0.03632681392889044	DESCRIPTIVE_ONLY_OBSERVER_SCALE_GEOMETRY
11	236	246	-0.01267700277203193	DESCRIPTIVE_ONLY_OBSERVER_SCALE_GEOMETRY
11	237	246	-0.1145850260146641	DESCRIPTIVE_ONLY_OBSERVER_SCALE_GEOMETRY
11	238	246	-0.10586459817045554	DESCRIPTIVE_ONLY_OBSERVER_SCALE_GEOMETRY
11	239	246	0.0811159850181824	DESCRIPTIVE_ONLY_OBSERVER_SCALE_GEOMETRY
11	240	246	-0.10077230178456681	DESCRIPTIVE_ONLY_OBSERVER_SCALE_GEOMETRY
11	241	246	-0.08641633570776926	DESCRIPTIVE_ONLY_OBSERVER_SCALE_GEOMETRY
11	242	246	0.10869098878365933	DESCRIPTIVE_ONLY_OBSERVER_SCALE_GEOMETRY
11	243	246	-0.15117975952186535	DESCRIPTIVE_ONLY_OBSERVER_SCALE_GEOMETRY
11	244	246	0.01448311022094996	DESCRIPTIVE_ONLY_OBSERVER_SCALE_GEOMETRY
11	245	246	-0.04632696708700445	DESCRIPTIVE_ONLY_OBSERVER_SCALE_GEOMETRY
11	246	246	-0.027870247786935958	DESCRIPTIVE_ONLY_OBSERVER_SCALE_GEOMETRY
11	247	246	-0.09274343724663578	DESCRIPTIVE_ONLY_OBSERVER_SCALE_GEOMETRY
11	248	246	-0.0020601217713146353	DESCRIPTIVE_ONLY_OBSERVER_SCALE_GEOMETRY
11	249	246	-0.08986514433679824	DESCRIPTIVE_ONLY_OBSERVER_SCALE_GEOMETRY
11	250	246	0.09756840526401762	DESCRIPTIVE_ONLY_OBSERVER_SCALE_GEOMETRY
11	251	246	-0.1554475560107802	DESCRIPTIVE_ONLY_OBSERVER_SCALE_GEOMETRY
11	252	246	-2.3343518386986664	DESCRIPTIVE_ONLY_OBSERVER_SCALE_GEOMETRY
11	253	246	3.003551368473449	DESCRIPTIVE_ONLY_OBSERVER_SCALE_GEOMETRY
11	254	246	-0.6581837158409434	DESCRIPTIVE_ONLY_OBSERVER_SCALE_GEOMETRY
11	255	245	0.1451439890352268	DESCRIPTIVE_ONLY_OBSERVER_SCALE_GEOMETRY
11	256	245	-0.084069526013207	DESCRIPTIVE_ONLY_OBSERVER_SCALE_GEOMETRY
11	257	245	-0.24791971070461954	DESCRIPTIVE_ONLY_OBSERVER_SCALE_GEOMETRY
11	258	245	-0.08188612742000836	DESCRIPTIVE_ONLY_OBSERVER_SCALE_GEOMETRY
11	259	245	0.033466120484833516	DESCRIPTIVE_ONLY_OBSERVER_SCALE_GEOMETRY
11	260	245	-0.11882711938817207	DESCRIPTIVE_ONLY_OBSERVER_SCALE_GEOMETRY
11	261	245	0.0662778545298123	DESCRIPTIVE_ONLY_OBSERVER_SCALE_GEOMETRY
11	262	245	-0.11994643855091615	DESCRIPTIVE_ONLY_OBSERVER_SCALE_GEOMETRY
11	263	245	0.0037952444459050604	DESCRIPTIVE_ONLY_OBSERVER_SCALE_GEOMETRY
11	264	245	-0.036649115467277824	DESCRIPTIVE_ONLY_OBSERVER_SCALE_GEOMETRY
11	265	245	-0.08970046781826313	DESCRIPTIVE_ONLY_OBSERVER_SCALE_GEOMETRY
11	266	245	0.06351012668329477	DESCRIPTIVE_ONLY_OBSERVER_SCALE_GEOMETRY
11	267	244	-0.16772287847032788	DESCRIPTIVE_ONLY_OBSERVER_SCALE_GEOMETRY
11	268	244	0.07914065202863392	DESCRIPTIVE_ONLY_OBSERVER_SCALE_GEOMETRY
11	269	243	0.45332792670926303	DESCRIPTIVE_ONLY_OBSERVER_SCALE_GEOMETRY
11	270	243	-0.47992057633346663	DESCRIPTIVE_ONLY_OBSERVER_SCALE_GEOMETRY
11	271	242	-0.19825529214189774	DESCRIPTIVE_ONLY_OBSERVER_SCALE_GEOMETRY
11	272	242	0.09184578039941184	DESCRIPTIVE_ONLY_OBSERVER_SCALE_GEOMETRY
11	273	242	-0.24023374957608426	DESCRIPTIVE_ONLY_OBSERVER_SCALE_GEOMETRY
11	274	242	0.15775359252283497	DESCRIPTIVE_ONLY_OBSERVER_SCALE_GEOMETRY
11	275	242	-0.1722560399010727	DESCRIPTIVE_ONLY_OBSERVER_SCALE_GEOMETRY
11	276	242	0.05371760228917397	DESCRIPTIVE_ONLY_OBSERVER_SCALE_GEOMETRY
11	277	242	-0.1410623426000414	DESCRIPTIVE_ONLY_OBSERVER_SCALE_GEOMETRY
11	278	242	0.0012985965115967855	DESCRIPTIVE_ONLY_OBSERVER_SCALE_GEOMETRY
11	279	242	-0.02647880266611059	DESCRIPTIVE_ONLY_OBSERVER_SCALE_GEOMETRY
11	280	242	-0.004766400546878978	DESCRIPTIVE_ONLY_OBSERVER_SCALE_GEOMETRY
11	281	242	-0.11804892257865	DESCRIPTIVE_ONLY_OBSERVER_SCALE_GEOMETRY
11	282	242	-0.006186938218378527	DESCRIPTIVE_ONLY_OBSERVER_SCALE_GEOMETRY
11	283	242	-0.11152359967823895	DESCRIPTIVE_ONLY_OBSERVER_SCALE_GEOMETRY
11	284	242	0.01171098079199026	DESCRIPTIVE_ONLY_OBSERVER_SCALE_GEOMETRY
11	285	242	-0.0893955767902637	DESCRIPTIVE_ONLY_OBSERVER_SCALE_GEOMETRY
11	286	242	-0.009568389231680258	DESCRIPTIVE_ONLY_OBSERVER_SCALE_GEOMETRY
11	287	242	-0.11868399332417774	DESCRIPTIVE_ONLY_OBSERVER_SCALE_GEOMETRY
11	288	242	0.017783201084836026	DESCRIPTIVE_ONLY_OBSERVER_SCALE_GEOMETRY
11	289	242	0.04576036825043843	DESCRIPTIVE_ONLY_OBSERVER_SCALE_GEOMETRY
11	290	242	-0.21566211870270988	DESCRIPTIVE_ONLY_OBSERVER_SCALE_GEOMETRY
11	291	242	0.04994082572686868	DESCRIPTIVE_ONLY_OBSERVER_SCALE_GEOMETRY
11	292	242	-0.06898597275495598	DESCRIPTIVE_ONLY_OBSERVER_SCALE_GEOMETRY
11	293	242	-0.08627836289918193	DESCRIPTIVE_ONLY_OBSERVER_SCALE_GEOMETRY
11	294	242	-0.07410680666984859	DESCRIPTIVE_ONLY_OBSERVER_SCALE_GEOMETRY
11	295	242	0.07190919761689855	DESCRIPTIVE_ONLY_OBSERVER_SCALE_GEOMETRY
11	296	242	-0.10316485286639673	DESCRIPTIVE_ONLY_OBSERVER_SCALE_GEOMETRY
11	297	242	-0.0584745643740232	DESCRIPTIVE_ONLY_OBSERVER_SCALE_GEOMETRY
11	298	242	-0.051738467260166586	DESCRIPTIVE_ONLY_OBSERVER_SCALE_GEOMETRY
11	299	242	0.02970592158069632	DESCRIPTIVE_ONLY_OBSERVER_SCALE_GEOMETRY
11	300	241	-0.1943689696735852	DESCRIPTIVE_ONLY_OBSERVER_SCALE_GEOMETRY
11	301	241	0.11902761478242743	DESCRIPTIVE_ONLY_OBSERVER_SCALE_GEOMETRY
11	302	241	-0.1705533580416912	DESCRIPTIVE_ONLY_OBSERVER_SCALE_GEOMETRY
11	303	241	-0.041992407848033306	DESCRIPTIVE_ONLY_OBSERVER_SCALE_GEOMETRY
11	304	241	-0.034732974218332074	DESCRIPTIVE_ONLY_OBSERVER_SCALE_GEOMETRY
11	305	241	-0.04566122436872533	DESCRIPTIVE_ONLY_OBSERVER_SCALE_GEOMETRY
11	306	241	-0.033771969133797694	DESCRIPTIVE_ONLY_OBSERVER_SCALE_GEOMETRY
11	307	241	-0.0370499402286236	DESCRIPTIVE_ONLY_OBSERVER_SCALE_GEOMETRY
11	308	241	-0.06049223467982517	DESCRIPTIVE_ONLY_OBSERVER_SCALE_GEOMETRY
11	309	240	-0.12457097095724845	DESCRIPTIVE_ONLY_OBSERVER_SCALE_GEOMETRY
11	310	240	2.3134747620865284	DESCRIPTIVE_ONLY_OBSERVER_SCALE_GEOMETRY
11	311	240	-11.292193502313488	DESCRIPTIVE_ONLY_OBSERVER_SCALE_GEOMETRY
11	312	240	6.691155444289344	DESCRIPTIVE_ONLY_OBSERVER_SCALE_GEOMETRY
11	313	240	2.2565686227616673	DESCRIPTIVE_ONLY_OBSERVER_SCALE_GEOMETRY
11	314	239	0.16848673295190467	DESCRIPTIVE_ONLY_OBSERVER_SCALE_GEOMETRY
11	315	239	-0.2952049186612622	DESCRIPTIVE_ONLY_OBSERVER_SCALE_GEOMETRY
11	316	239	-0.1310806840879783	DESCRIPTIVE_ONLY_OBSERVER_SCALE_GEOMETRY
11	317	239	-0.07807387861520883	DESCRIPTIVE_ONLY_OBSERVER_SCALE_GEOMETRY
11	318	239	0.011500846123113055	DESCRIPTIVE_ONLY_OBSERVER_SCALE_GEOMETRY
11	319	239	-0.12484330257222924	DESCRIPTIVE_ONLY_OBSERVER_SCALE_GEOMETRY
11	320	239	0.026478770903990693	DESCRIPTIVE_ONLY_OBSERVER_SCALE_GEOMETRY
11	321	239	-0.04343208416156703	DESCRIPTIVE_ONLY_OBSERVER_SCALE_GEOMETRY
11	322	239	-0.09837488163251394	DESCRIPTIVE_ONLY_OBSERVER_SCALE_GEOMETRY
11	323	239	0.02812351553866631	DESCRIPTIVE_ONLY_OBSERVER_SCALE_GEOMETRY
11	324	239	-0.056073299989407334	DESCRIPTIVE_ONLY_OBSERVER_SCALE_GEOMETRY
11	325	239	-0.10938748108520391	DESCRIPTIVE_ONLY_OBSERVER_SCALE_GEOMETRY
11	326	239	-0.00018026032544130985	DESCRIPTIVE_ONLY_OBSERVER_SCALE_GEOMETRY
11	327	239	-0.10075334485158413	DESCRIPTIVE_ONLY_OBSERVER_SCALE_GEOMETRY
11	328	238	0.012633535623287812	DESCRIPTIVE_ONLY_OBSERVER_SCALE_GEOMETRY
11	329	237	0.7674637233099981	DESCRIPTIVE_ONLY_OBSERVER_SCALE_GEOMETRY
11	330	237	-0.865970373973137	DESCRIPTIVE_ONLY_OBSERVER_SCALE_GEOMETRY
11	331	237	-0.07200651848105186	DESCRIPTIVE_ONLY_OBSERVER_SCALE_GEOMETRY
11	332	237	-0.10891119563842691	DESCRIPTIVE_ONLY_OBSERVER_SCALE_GEOMETRY
11	333	237	0.07508980422408097	DESCRIPTIVE_ONLY_OBSERVER_SCALE_GEOMETRY
11	334	237	-0.08483902763026288	DESCRIPTIVE_ONLY_OBSERVER_SCALE_GEOMETRY
11	335	237	-0.09477477347928855	DESCRIPTIVE_ONLY_OBSERVER_SCALE_GEOMETRY
11	336	237	-0.02064210634867827	DESCRIPTIVE_ONLY_OBSERVER_SCALE_GEOMETRY
11	337	237	-0.004107401496771916	DESCRIPTIVE_ONLY_OBSERVER_SCALE_GEOMETRY
11	338	237	-0.13349337101111983	DESCRIPTIVE_ONLY_OBSERVER_SCALE_GEOMETRY
11	339	237	0.04411815728606064	DESCRIPTIVE_ONLY_OBSERVER_SCALE_GEOMETRY
11	340	237	-0.1729068439541045	DESCRIPTIVE_ONLY_OBSERVER_SCALE_GEOMETRY
11	341	237	0.09316099604761222	DESCRIPTIVE_ONLY_OBSERVER_SCALE_GEOMETRY
11	342	237	-0.14366310148315387	DESCRIPTIVE_ONLY_OBSERVER_SCALE_GEOMETRY
11	343	237	-0.014721372704703695	DESCRIPTIVE_ONLY_OBSERVER_SCALE_GEOMETRY
11	344	237	-0.08651795203173583	DESCRIPTIVE_ONLY_OBSERVER_SCALE_GEOMETRY
11	345	237	0.025714390352909525	DESCRIPTIVE_ONLY_OBSERVER_SCALE_GEOMETRY
11	346	237	-0.061287485896634436	DESCRIPTIVE_ONLY_OBSERVER_SCALE_GEOMETRY
11	347	237	-0.12115020005420386	DESCRIPTIVE_ONLY_OBSERVER_SCALE_GEOMETRY
11	348	237	0.0003261855260903379	DESCRIPTIVE_ONLY_OBSERVER_SCALE_GEOMETRY
11	349	237	-0.07271606829490783	DESCRIPTIVE_ONLY_OBSERVER_SCALE_GEOMETRY
11	350	237	0.011375196269500256	DESCRIPTIVE_ONLY_OBSERVER_SCALE_GEOMETRY
11	351	237	-0.03934569109081015	DESCRIPTIVE_ONLY_OBSERVER_SCALE_GEOMETRY
11	352	236	-0.11812226235208831	DESCRIPTIVE_ONLY_OBSERVER_SCALE_GEOMETRY
11	353	236	-0.06936795144715613	DESCRIPTIVE_ONLY_OBSERVER_SCALE_GEOMETRY
11	354	236	-0.010910299026646345	DESCRIPTIVE_ONLY_OBSERVER_SCALE_GEOMETRY
11	355	236	-0.08082700851432624	DESCRIPTIVE_ONLY_OBSERVER_SCALE_GEOMETRY
11	356	236	0.05772431848317482	DESCRIPTIVE_ONLY_OBSERVER_SCALE_GEOMETRY
11	357	236	-0.1742761202302629	DESCRIPTIVE_ONLY_OBSERVER_SCALE_GEOMETRY
11	358	236	-0.024592130269452655	DESCRIPTIVE_ONLY_OBSERVER_SCALE_GEOMETRY
11	359	236	0.03939655963234304	DESCRIPTIVE_ONLY_OBSERVER_SCALE_GEOMETRY
11	360	236	-0.09595801533229202	DESCRIPTIVE_ONLY_OBSERVER_SCALE_GEOMETRY
11	361	236	-0.16366907151937218	DESCRIPTIVE_ONLY_OBSERVER_SCALE_GEOMETRY
11	362	235	0.10815907590136695	DESCRIPTIVE_ONLY_OBSERVER_SCALE_GEOMETRY
11	363	235	-0.14356925062230777	DESCRIPTIVE_ONLY_OBSERVER_SCALE_GEOMETRY
11	364	235	0.015651081366578917	DESCRIPTIVE_ONLY_OBSERVER_SCALE_GEOMETRY
11	365	235	-0.1782895972478795	DESCRIPTIVE_ONLY_OBSERVER_SCALE_GEOMETRY
11	366	235	0.08671038597367096	DESCRIPTIVE_ONLY_OBSERVER_SCALE_GEOMETRY
11	367	235	-0.11004362746397457	DESCRIPTIVE_ONLY_OBSERVER_SCALE_GEOMETRY
11	368	235	-0.07157840851417635	DESCRIPTIVE_ONLY_OBSERVER_SCALE_GEOMETRY
11	369	235	-0.017611371053753627	DESCRIPTIVE_ONLY_OBSERVER_SCALE_GEOMETRY
11	370	235	-0.024983296809548878	DESCRIPTIVE_ONLY_OBSERVER_SCALE_GEOMETRY
11	371	235	-0.09222276110022976	DESCRIPTIVE_ONLY_OBSERVER_SCALE_GEOMETRY
11	372	235	3.9366205232994744	DESCRIPTIVE_ONLY_OBSERVER_SCALE_GEOMETRY
11	373	235	-4.118811738193952	DESCRIPTIVE_ONLY_OBSERVER_SCALE_GEOMETRY
11	374	235	0.11119736690275567	DESCRIPTIVE_ONLY_OBSERVER_SCALE_GEOMETRY
11	375	235	-0.2415644163793567	DESCRIPTIVE_ONLY_OBSERVER_SCALE_GEOMETRY
11	376	235	0.08323102471092389	DESCRIPTIVE_ONLY_OBSERVER_SCALE_GEOMETRY
11	377	235	-0.08432752601863819	DESCRIPTIVE_ONLY_OBSERVER_SCALE_GEOMETRY
11	378	235	-0.04437959903084786	DESCRIPTIVE_ONLY_OBSERVER_SCALE_GEOMETRY
12	1	257	0.0347814353179904	DESCRIPTIVE_ONLY_OBSERVER_SCALE_GEOMETRY
12	2	257	0.01745531703844752	DESCRIPTIVE_ONLY_OBSERVER_SCALE_GEOMETRY
12	3	257	0.03567756923103736	DESCRIPTIVE_ONLY_OBSERVER_SCALE_GEOMETRY
12	4	257	-0.0233452200764175	DESCRIPTIVE_ONLY_OBSERVER_SCALE_GEOMETRY
12	5	257	0.021934310184810884	DESCRIPTIVE_ONLY_OBSERVER_SCALE_GEOMETRY
12	6	257	0.049542470789902884	DESCRIPTIVE_ONLY_OBSERVER_SCALE_GEOMETRY
12	7	257	-0.27208600896509466	DESCRIPTIVE_ONLY_OBSERVER_SCALE_GEOMETRY
12	8	257	0.6375634681539677	DESCRIPTIVE_ONLY_OBSERVER_SCALE_GEOMETRY
12	9	257	-0.5547938776505618	DESCRIPTIVE_ONLY_OBSERVER_SCALE_GEOMETRY
12	10	257	-0.19070177433211968	DESCRIPTIVE_ONLY_OBSERVER_SCALE_GEOMETRY
12	11	257	2.723676201810021	DESCRIPTIVE_ONLY_OBSERVER_SCALE_GEOMETRY
12	12	257	-2.2191235531377123	DESCRIPTIVE_ONLY_OBSERVER_SCALE_GEOMETRY
12	13	257	-0.03569965242562463	DESCRIPTIVE_ONLY_OBSERVER_SCALE_GEOMETRY
12	14	257	0.05151153482471763	DESCRIPTIVE_ONLY_OBSERVER_SCALE_GEOMETRY
12	15	257	-0.002390410537732491	DESCRIPTIVE_ONLY_OBSERVER_SCALE_GEOMETRY
12	16	257	0.07036407678677324	DESCRIPTIVE_ONLY_OBSERVER_SCALE_GEOMETRY
12	17	257	-0.0009853288961121582	DESCRIPTIVE_ONLY_OBSERVER_SCALE_GEOMETRY
12	18	257	-0.003065569582141937	DESCRIPTIVE_ONLY_OBSERVER_SCALE_GEOMETRY
12	19	257	0.02933338793482954	DESCRIPTIVE_ONLY_OBSERVER_SCALE_GEOMETRY
12	20	257	0.007957522202180399	DESCRIPTIVE_ONLY_OBSERVER_SCALE_GEOMETRY
12	21	257	0.048070897962990716	DESCRIPTIVE_ONLY_OBSERVER_SCALE_GEOMETRY
12	22	256	-0.004912151378905929	DESCRIPTIVE_ONLY_OBSERVER_SCALE_GEOMETRY
12	23	256	0.0383338959731933	DESCRIPTIVE_ONLY_OBSERVER_SCALE_GEOMETRY
12	24	255	0.06583823353394497	DESCRIPTIVE_ONLY_OBSERVER_SCALE_GEOMETRY
12	25	255	-0.06602395341063268	DESCRIPTIVE_ONLY_OBSERVER_SCALE_GEOMETRY
12	26	255	0.050942062674745554	DESCRIPTIVE_ONLY_OBSERVER_SCALE_GEOMETRY
12	27	255	0.018836384031732926	DESCRIPTIVE_ONLY_OBSERVER_SCALE_GEOMETRY
12	28	255	2.9353798369967716	DESCRIPTIVE_ONLY_OBSERVER_SCALE_GEOMETRY
12	29	255	-3.019880391036155	DESCRIPTIVE_ONLY_OBSERVER_SCALE_GEOMETRY
12	30	255	0.11758181361482142	DESCRIPTIVE_ONLY_OBSERVER_SCALE_GEOMETRY
12	31	255	0.045264586969042085	DESCRIPTIVE_ONLY_OBSERVER_SCALE_GEOMETRY
12	32	255	-0.039747579895310935	DESCRIPTIVE_ONLY_OBSERVER_SCALE_GEOMETRY
12	33	255	0.07752223264961143	DESCRIPTIVE_ONLY_OBSERVER_SCALE_GEOMETRY
12	34	255	8.297818513427526	DESCRIPTIVE_ONLY_OBSERVER_SCALE_GEOMETRY
12	35	255	-7.249947034586724	DESCRIPTIVE_ONLY_OBSERVER_SCALE_GEOMETRY
12	36	255	-1.2476811192990875	DESCRIPTIVE_ONLY_OBSERVER_SCALE_GEOMETRY
12	37	255	-0.0887996064419921	DESCRIPTIVE_ONLY_OBSERVER_SCALE_GEOMETRY
12	38	255	-0.03749986259824939	DESCRIPTIVE_ONLY_OBSERVER_SCALE_GEOMETRY
12	39	255	0.3266020053499521	DESCRIPTIVE_ONLY_OBSERVER_SCALE_GEOMETRY
12	40	254	0.13460324718498495	DESCRIPTIVE_ONLY_OBSERVER_SCALE_GEOMETRY
12	41	254	-0.046754221845032584	DESCRIPTIVE_ONLY_OBSERVER_SCALE_GEOMETRY
12	42	254	0.024172952504294454	DESCRIPTIVE_ONLY_OBSERVER_SCALE_GEOMETRY
12	43	254	0.015551707003522089	DESCRIPTIVE_ONLY_OBSERVER_SCALE_GEOMETRY
12	44	254	0.011601848432093545	DESCRIPTIVE_ONLY_OBSERVER_SCALE_GEOMETRY
12	45	254	-0.060025642577302175	DESCRIPTIVE_ONLY_OBSERVER_SCALE_GEOMETRY
12	46	254	0.10737398542516027	DESCRIPTIVE_ONLY_OBSERVER_SCALE_GEOMETRY
12	47	254	0.0364602900766356	DESCRIPTIVE_ONLY_OBSERVER_SCALE_GEOMETRY
12	48	254	-0.023639589344841398	DESCRIPTIVE_ONLY_OBSERVER_SCALE_GEOMETRY
12	49	254	-0.011026149008214348	DESCRIPTIVE_ONLY_OBSERVER_SCALE_GEOMETRY
12	50	254	0.10304514693223274	DESCRIPTIVE_ONLY_OBSERVER_SCALE_GEOMETRY
12	51	254	-0.046099386918547126	DESCRIPTIVE_ONLY_OBSERVER_SCALE_GEOMETRY
12	52	254	0.09394076753414585	DESCRIPTIVE_ONLY_OBSERVER_SCALE_GEOMETRY
12	53	253	-0.029949145779603198	DESCRIPTIVE_ONLY_OBSERVER_SCALE_GEOMETRY
12	54	253	0.046130795826438496	DESCRIPTIVE_ONLY_OBSERVER_SCALE_GEOMETRY
12	55	253	0.018416583953674258	DESCRIPTIVE_ONLY_OBSERVER_SCALE_GEOMETRY
12	56	253	0.04055914039042491	DESCRIPTIVE_ONLY_OBSERVER_SCALE_GEOMETRY
12	57	253	0.024261646604912326	DESCRIPTIVE_ONLY_OBSERVER_SCALE_GEOMETRY
12	58	253	0.05355026622035869	DESCRIPTIVE_ONLY_OBSERVER_SCALE_GEOMETRY
12	59	253	-0.007222250312856283	DESCRIPTIVE_ONLY_OBSERVER_SCALE_GEOMETRY
12	60	253	0.08314309370888612	DESCRIPTIVE_ONLY_OBSERVER_SCALE_GEOMETRY
12	61	253	-0.013443579310414353	DESCRIPTIVE_ONLY_OBSERVER_SCALE_GEOMETRY
12	62	253	0.02304411484502727	DESCRIPTIVE_ONLY_OBSERVER_SCALE_GEOMETRY
12	63	253	0.03658044666062429	DESCRIPTIVE_ONLY_OBSERVER_SCALE_GEOMETRY
12	64	253	-0.017594869106511493	DESCRIPTIVE_ONLY_OBSERVER_SCALE_GEOMETRY
12	65	253	0.07197788467319102	DESCRIPTIVE_ONLY_OBSERVER_SCALE_GEOMETRY
12	66	253	0.04055957434057041	DESCRIPTIVE_ONLY_OBSERVER_SCALE_GEOMETRY
12	67	253	0.060990507931244754	DESCRIPTIVE_ONLY_OBSERVER_SCALE_GEOMETRY
12	68	253	-0.07345615995567678	DESCRIPTIVE_ONLY_OBSERVER_SCALE_GEOMETRY
12	69	253	-1.2438486818172712	DESCRIPTIVE_ONLY_OBSERVER_SCALE_GEOMETRY
12	70	253	3.092291024884461	DESCRIPTIVE_ONLY_OBSERVER_SCALE_GEOMETRY
12	71	253	-5.310633381773028	DESCRIPTIVE_ONLY_OBSERVER_SCALE_GEOMETRY
12	72	252	2.598459142304352	DESCRIPTIVE_ONLY_OBSERVER_SCALE_GEOMETRY
12	73	252	1.0787009844914595	DESCRIPTIVE_ONLY_OBSERVER_SCALE_GEOMETRY
12	74	252	0.05544274529315038	DESCRIPTIVE_ONLY_OBSERVER_SCALE_GEOMETRY
12	75	252	-0.06757375643458871	DESCRIPTIVE_ONLY_OBSERVER_SCALE_GEOMETRY
12	76	252	0.13608595953015046	DESCRIPTIVE_ONLY_OBSERVER_SCALE_GEOMETRY
12	77	252	-0.021063915167515226	DESCRIPTIVE_ONLY_OBSERVER_SCALE_GEOMETRY
12	78	252	0.019166132187192632	DESCRIPTIVE_ONLY_OBSERVER_SCALE_GEOMETRY
12	79	252	0.05601478281784195	DESCRIPTIVE_ONLY_OBSERVER_SCALE_GEOMETRY
12	80	252	-0.002660737758984062	DESCRIPTIVE_ONLY_OBSERVER_SCALE_GEOMETRY
12	81	252	0.08868113599785557	DESCRIPTIVE_ONLY_OBSERVER_SCALE_GEOMETRY
12	82	252	-0.03879296288367907	DESCRIPTIVE_ONLY_OBSERVER_SCALE_GEOMETRY
12	83	252	0.019125038663001047	DESCRIPTIVE_ONLY_OBSERVER_SCALE_GEOMETRY
12	84	252	0.05748629316231629	DESCRIPTIVE_ONLY_OBSERVER_SCALE_GEOMETRY
12	85	252	0.040487028489900274	DESCRIPTIVE_ONLY_OBSERVER_SCALE_GEOMETRY
12	86	252	-0.005658620730813665	DESCRIPTIVE_ONLY_OBSERVER_SCALE_GEOMETRY
12	87	252	0.06796765931995757	DESCRIPTIVE_ONLY_OBSERVER_SCALE_GEOMETRY
12	88	252	0.006593862604791786	DESCRIPTIVE_ONLY_OBSERVER_SCALE_GEOMETRY
12	89	252	0.07304024014531454	DESCRIPTIVE_ONLY_OBSERVER_SCALE_GEOMETRY
12	90	252	0.015947533125664003	DESCRIPTIVE_ONLY_OBSERVER_SCALE_GEOMETRY
12	91	252	-0.01910600720896241	DESCRIPTIVE_ONLY_OBSERVER_SCALE_GEOMETRY
12	92	252	0.037173878339829346	DESCRIPTIVE_ONLY_OBSERVER_SCALE_GEOMETRY
12	93	252	0.07248635064701224	DESCRIPTIVE_ONLY_OBSERVER_SCALE_GEOMETRY
12	94	252	-0.08049198649774636	DESCRIPTIVE_ONLY_OBSERVER_SCALE_GEOMETRY
12	95	252	1.991453974709157	DESCRIPTIVE_ONLY_OBSERVER_SCALE_GEOMETRY
12	96	252	-1.8223726193927288	DESCRIPTIVE_ONLY_OBSERVER_SCALE_GEOMETRY
12	97	252	0.040979048431702136	DESCRIPTIVE_ONLY_OBSERVER_SCALE_GEOMETRY
12	98	252	0.004023556885731881	DESCRIPTIVE_ONLY_OBSERVER_SCALE_GEOMETRY
12	99	252	-0.05323154551057229	DESCRIPTIVE_ONLY_OBSERVER_SCALE_GEOMETRY
12	100	252	0.11565034730755933	DESCRIPTIVE_ONLY_OBSERVER_SCALE_GEOMETRY
12	101	252	0.016977671382875224	DESCRIPTIVE_ONLY_OBSERVER_SCALE_GEOMETRY
12	102	252	-0.0021365904590936314	DESCRIPTIVE_ONLY_OBSERVER_SCALE_GEOMETRY
12	103	252	0.041841072158514764	DESCRIPTIVE_ONLY_OBSERVER_SCALE_GEOMETRY
12	104	252	0.0849203209258285	DESCRIPTIVE_ONLY_OBSERVER_SCALE_GEOMETRY
12	105	252	-0.008116097054551916	DESCRIPTIVE_ONLY_OBSERVER_SCALE_GEOMETRY
12	106	252	0.034498032211074565	DESCRIPTIVE_ONLY_OBSERVER_SCALE_GEOMETRY
12	107	252	0.05231204817619926	DESCRIPTIVE_ONLY_OBSERVER_SCALE_GEOMETRY
12	108	252	0.06430231365155181	DESCRIPTIVE_ONLY_OBSERVER_SCALE_GEOMETRY
12	109	252	-0.05026067465527483	DESCRIPTIVE_ONLY_OBSERVER_SCALE_GEOMETRY
12	110	252	0.07153567070086543	DESCRIPTIVE_ONLY_OBSERVER_SCALE_GEOMETRY
12	111	252	0.06914429915649138	DESCRIPTIVE_ONLY_OBSERVER_SCALE_GEOMETRY
12	112	252	-0.04458645180286839	DESCRIPTIVE_ONLY_OBSERVER_SCALE_GEOMETRY
12	113	252	0.0653086142767648	DESCRIPTIVE_ONLY_OBSERVER_SCALE_GEOMETRY
12	114	252	-0.004034457241258038	DESCRIPTIVE_ONLY_OBSERVER_SCALE_GEOMETRY
12	115	252	0.07230465756951283	DESCRIPTIVE_ONLY_OBSERVER_SCALE_GEOMETRY
12	116	252	0.07585661520925384	DESCRIPTIVE_ONLY_OBSERVER_SCALE_GEOMETRY
12	117	252	-0.07493164488684353	DESCRIPTIVE_ONLY_OBSERVER_SCALE_GEOMETRY
12	118	251	0.07339819453322467	DESCRIPTIVE_ONLY_OBSERVER_SCALE_GEOMETRY
12	119	251	0.07242962030646816	DESCRIPTIVE_ONLY_OBSERVER_SCALE_GEOMETRY
12	120	251	0.026823039235407006	DESCRIPTIVE_ONLY_OBSERVER_SCALE_GEOMETRY
12	121	251	-0.021710256729323137	DESCRIPTIVE_ONLY_OBSERVER_SCALE_GEOMETRY
12	122	251	0.004671335719668889	DESCRIPTIVE_ONLY_OBSERVER_SCALE_GEOMETRY
12	123	251	0.1535390882056912	DESCRIPTIVE_ONLY_OBSERVER_SCALE_GEOMETRY
12	124	251	-0.10292361665686284	DESCRIPTIVE_ONLY_OBSERVER_SCALE_GEOMETRY
12	125	251	0.07040909344694445	DESCRIPTIVE_ONLY_OBSERVER_SCALE_GEOMETRY
12	126	251	0.03909855956452526	DESCRIPTIVE_ONLY_OBSERVER_SCALE_GEOMETRY
12	127	250	0.004237278294973905	DESCRIPTIVE_ONLY_OBSERVER_SCALE_GEOMETRY
12	128	250	0.11039482822330407	DESCRIPTIVE_ONLY_OBSERVER_SCALE_GEOMETRY
12	129	250	0.4524389722485659	DESCRIPTIVE_ONLY_OBSERVER_SCALE_GEOMETRY
12	130	250	-0.402874297860422	DESCRIPTIVE_ONLY_OBSERVER_SCALE_GEOMETRY
12	131	250	2.3707959149774362	DESCRIPTIVE_ONLY_OBSERVER_SCALE_GEOMETRY
12	132	250	-2.125640884947886	DESCRIPTIVE_ONLY_OBSERVER_SCALE_GEOMETRY
12	133	250	-0.1163049327920237	DESCRIPTIVE_ONLY_OBSERVER_SCALE_GEOMETRY
12	134	250	-0.057062897523336466	DESCRIPTIVE_ONLY_OBSERVER_SCALE_GEOMETRY
12	135	250	0.09434115014663821	DESCRIPTIVE_ONLY_OBSERVER_SCALE_GEOMETRY
12	136	250	0.09798913792715251	DESCRIPTIVE_ONLY_OBSERVER_SCALE_GEOMETRY
12	137	250	-0.150951346144398	DESCRIPTIVE_ONLY_OBSERVER_SCALE_GEOMETRY
12	138	250	0.3690004821239754	DESCRIPTIVE_ONLY_OBSERVER_SCALE_GEOMETRY
12	139	249	-0.06556409666344756	DESCRIPTIVE_ONLY_OBSERVER_SCALE_GEOMETRY
12	140	249	-0.3192890301285623	DESCRIPTIVE_ONLY_OBSERVER_SCALE_GEOMETRY
12	141	249	0.1306415317546973	DESCRIPTIVE_ONLY_OBSERVER_SCALE_GEOMETRY
12	142	249	0.09389744787013961	DESCRIPTIVE_ONLY_OBSERVER_SCALE_GEOMETRY
12	143	249	0.049486965521919814	DESCRIPTIVE_ONLY_OBSERVER_SCALE_GEOMETRY
12	144	249	-0.03030771245950785	DESCRIPTIVE_ONLY_OBSERVER_SCALE_GEOMETRY
12	145	249	0.08265785370429599	DESCRIPTIVE_ONLY_OBSERVER_SCALE_GEOMETRY
12	146	249	0.007897358813087072	DESCRIPTIVE_ONLY_OBSERVER_SCALE_GEOMETRY
12	147	249	0.04630407716578847	DESCRIPTIVE_ONLY_OBSERVER_SCALE_GEOMETRY
12	148	249	1.1343628680607298	DESCRIPTIVE_ONLY_OBSERVER_SCALE_GEOMETRY
12	149	249	-1.0642573175096763	DESCRIPTIVE_ONLY_OBSERVER_SCALE_GEOMETRY
12	150	248	0.05574827536307757	DESCRIPTIVE_ONLY_OBSERVER_SCALE_GEOMETRY
12	151	248	0.042611801359666454	DESCRIPTIVE_ONLY_OBSERVER_SCALE_GEOMETRY
12	152	248	0.021264760684315345	DESCRIPTIVE_ONLY_OBSERVER_SCALE_GEOMETRY
12	153	248	0.020710054341869247	DESCRIPTIVE_ONLY_OBSERVER_SCALE_GEOMETRY
12	154	248	0.037383392886769354	DESCRIPTIVE_ONLY_OBSERVER_SCALE_GEOMETRY
12	155	248	-0.12532765995575695	DESCRIPTIVE_ONLY_OBSERVER_SCALE_GEOMETRY
12	156	248	0.10413095081910231	DESCRIPTIVE_ONLY_OBSERVER_SCALE_GEOMETRY
12	157	248	0.0652050864459199	DESCRIPTIVE_ONLY_OBSERVER_SCALE_GEOMETRY
12	158	248	0.19321022359541623	DESCRIPTIVE_ONLY_OBSERVER_SCALE_GEOMETRY
12	159	248	0.05614953625791544	DESCRIPTIVE_ONLY_OBSERVER_SCALE_GEOMETRY
12	160	248	-0.07461919698837466	DESCRIPTIVE_ONLY_OBSERVER_SCALE_GEOMETRY
12	161	248	0.02256450382115769	DESCRIPTIVE_ONLY_OBSERVER_SCALE_GEOMETRY
12	162	248	0.09770330400660034	DESCRIPTIVE_ONLY_OBSERVER_SCALE_GEOMETRY
12	163	248	-0.0055859969973442915	DESCRIPTIVE_ONLY_OBSERVER_SCALE_GEOMETRY
12	164	248	0.07277428799719009	DESCRIPTIVE_ONLY_OBSERVER_SCALE_GEOMETRY
12	165	248	-0.0262464187417676	DESCRIPTIVE_ONLY_OBSERVER_SCALE_GEOMETRY
12	166	248	0.05230158356092122	DESCRIPTIVE_ONLY_OBSERVER_SCALE_GEOMETRY
12	167	248	0.04056657125729708	DESCRIPTIVE_ONLY_OBSERVER_SCALE_GEOMETRY
12	168	248	0.07411689104364952	DESCRIPTIVE_ONLY_OBSERVER_SCALE_GEOMETRY
12	169	248	0.007876297880241426	DESCRIPTIVE_ONLY_OBSERVER_SCALE_GEOMETRY
12	170	248	0.015389152950381508	DESCRIPTIVE_ONLY_OBSERVER_SCALE_GEOMETRY
12	171	248	0.08996358136396101	DESCRIPTIVE_ONLY_OBSERVER_SCALE_GEOMETRY
12	172	248	0.022134253751843573	DESCRIPTIVE_ONLY_OBSERVER_SCALE_GEOMETRY
12	173	248	-0.05880181041682972	DESCRIPTIVE_ONLY_OBSERVER_SCALE_GEOMETRY
12	174	248	0.12811233533618074	DESCRIPTIVE_ONLY_OBSERVER_SCALE_GEOMETRY
12	175	248	0.04489937245130653	DESCRIPTIVE_ONLY_OBSERVER_SCALE_GEOMETRY
12	176	248	-0.017821360679525014	DESCRIPTIVE_ONLY_OBSERVER_SCALE_GEOMETRY
12	177	248	0.09415537418488899	DESCRIPTIVE_ONLY_OBSERVER_SCALE_GEOMETRY
12	178	248	-0.01713536904473116	DESCRIPTIVE_ONLY_OBSERVER_SCALE_GEOMETRY
12	179	248	0.07524794974235184	DESCRIPTIVE_ONLY_OBSERVER_SCALE_GEOMETRY
12	180	248	0.01397527925169995	DESCRIPTIVE_ONLY_OBSERVER_SCALE_GEOMETRY
12	181	248	-0.008638741621419815	DESCRIPTIVE_ONLY_OBSERVER_SCALE_GEOMETRY
12	182	248	0.0693914388004412	DESCRIPTIVE_ONLY_OBSERVER_SCALE_GEOMETRY
12	183	248	0.046694151493013744	DESCRIPTIVE_ONLY_OBSERVER_SCALE_GEOMETRY
12	184	248	0.04514070352984733	DESCRIPTIVE_ONLY_OBSERVER_SCALE_GEOMETRY
12	185	248	0.026878599783425106	DESCRIPTIVE_ONLY_OBSERVER_SCALE_GEOMETRY
12	186	248	0.040513774472833115	DESCRIPTIVE_ONLY_OBSERVER_SCALE_GEOMETRY
12	187	248	0.000524233121347404	DESCRIPTIVE_ONLY_OBSERVER_SCALE_GEOMETRY
12	188	248	0.08115513506700686	DESCRIPTIVE_ONLY_OBSERVER_SCALE_GEOMETRY
12	189	247	1.342143300729742	DESCRIPTIVE_ONLY_OBSERVER_SCALE_GEOMETRY
12	190	247	-5.32508991291035	DESCRIPTIVE_ONLY_OBSERVER_SCALE_GEOMETRY
12	191	247	4.359523236501223	DESCRIPTIVE_ONLY_OBSERVER_SCALE_GEOMETRY
12	192	247	-0.06480780006072033	DESCRIPTIVE_ONLY_OBSERVER_SCALE_GEOMETRY
12	193	247	-0.13039092661189586	DESCRIPTIVE_ONLY_OBSERVER_SCALE_GEOMETRY
12	194	247	-0.21748012902799113	DESCRIPTIVE_ONLY_OBSERVER_SCALE_GEOMETRY
12	195	247	-0.34612771344609433	DESCRIPTIVE_ONLY_OBSERVER_SCALE_GEOMETRY
12	196	247	0.7291859009909415	DESCRIPTIVE_ONLY_OBSERVER_SCALE_GEOMETRY
12	197	247	0.16768554443116496	DESCRIPTIVE_ONLY_OBSERVER_SCALE_GEOMETRY
12	198	247	-0.36647278713915254	DESCRIPTIVE_ONLY_OBSERVER_SCALE_GEOMETRY
12	199	247	0.2544488029995525	DESCRIPTIVE_ONLY_OBSERVER_SCALE_GEOMETRY
12	200	247	0.013574342617037485	DESCRIPTIVE_ONLY_OBSERVER_SCALE_GEOMETRY
12	201	247	0.04256448665664583	DESCRIPTIVE_ONLY_OBSERVER_SCALE_GEOMETRY
12	202	247	0.05474306685532422	DESCRIPTIVE_ONLY_OBSERVER_SCALE_GEOMETRY
12	203	246	0.0608337734993472	DESCRIPTIVE_ONLY_OBSERVER_SCALE_GEOMETRY
12	204	246	0.017263204867678683	DESCRIPTIVE_ONLY_OBSERVER_SCALE_GEOMETRY
12	205	246	0.01599673760119334	DESCRIPTIVE_ONLY_OBSERVER_SCALE_GEOMETRY
12	206	246	0.02852894962905027	DESCRIPTIVE_ONLY_OBSERVER_SCALE_GEOMETRY
12	207	246	0.008789193337545832	DESCRIPTIVE_ONLY_OBSERVER_SCALE_GEOMETRY
12	208	246	0.0056370844960192115	DESCRIPTIVE_ONLY_OBSERVER_SCALE_GEOMETRY
12	209	246	0.2258483298366936	DESCRIPTIVE_ONLY_OBSERVER_SCALE_GEOMETRY
12	210	246	-0.07526970599111574	DESCRIPTIVE_ONLY_OBSERVER_SCALE_GEOMETRY
12	211	246	0.08531585209646367	DESCRIPTIVE_ONLY_OBSERVER_SCALE_GEOMETRY
12	212	246	-0.014064225163844403	DESCRIPTIVE_ONLY_OBSERVER_SCALE_GEOMETRY
12	213	246	-0.007851773441478601	DESCRIPTIVE_ONLY_OBSERVER_SCALE_GEOMETRY
12	214	246	0.1342127416899323	DESCRIPTIVE_ONLY_OBSERVER_SCALE_GEOMETRY
12	215	246	-0.06939568388965295	DESCRIPTIVE_ONLY_OBSERVER_SCALE_GEOMETRY
12	216	246	0.1278291332495994	DESCRIPTIVE_ONLY_OBSERVER_SCALE_GEOMETRY
12	217	246	-0.05292536375814108	DESCRIPTIVE_ONLY_OBSERVER_SCALE_GEOMETRY
12	218	246	0.0612518831163181	DESCRIPTIVE_ONLY_OBSERVER_SCALE_GEOMETRY
12	219	246	0.11346396991267989	DESCRIPTIVE_ONLY_OBSERVER_SCALE_GEOMETRY
12	220	246	-0.06223942744043308	DESCRIPTIVE_ONLY_OBSERVER_SCALE_GEOMETRY
12	221	246	0.10054604951673936	DESCRIPTIVE_ONLY_OBSERVER_SCALE_GEOMETRY
12	222	246	0.01917040560058217	DESCRIPTIVE_ONLY_OBSERVER_SCALE_GEOMETRY
12	223	246	0.02006441842267356	DESCRIPTIVE_ONLY_OBSERVER_SCALE_GEOMETRY
12	224	246	0.1758762050536617	DESCRIPTIVE_ONLY_OBSERVER_SCALE_GEOMETRY
12	225	246	-0.10409440851103677	DESCRIPTIVE_ONLY_OBSERVER_SCALE_GEOMETRY
12	226	246	-0.009664574564255885	DESCRIPTIVE_ONLY_OBSERVER_SCALE_GEOMETRY
12	227	246	0.1373046618974934	DESCRIPTIVE_ONLY_OBSERVER_SCALE_GEOMETRY
12	228	246	0.09750444369986985	DESCRIPTIVE_ONLY_OBSERVER_SCALE_GEOMETRY
12	229	246	-0.11127464676025461	DESCRIPTIVE_ONLY_OBSERVER_SCALE_GEOMETRY
12	230	246	0.11390333362668963	DESCRIPTIVE_ONLY_OBSERVER_SCALE_GEOMETRY
12	231	246	0.05435727047225966	DESCRIPTIVE_ONLY_OBSERVER_SCALE_GEOMETRY
12	232	246	0.05530122183290635	DESCRIPTIVE_ONLY_OBSERVER_SCALE_GEOMETRY
12	233	246	-0.0007499568118311187	DESCRIPTIVE_ONLY_OBSERVER_SCALE_GEOMETRY
12	234	246	0.11692264247687185	DESCRIPTIVE_ONLY_OBSERVER_SCALE_GEOMETRY
12	235	246	0.06575003290132628	DESCRIPTIVE_ONLY_OBSERVER_SCALE_GEOMETRY
12	236	246	-0.03605563217546465	DESCRIPTIVE_ONLY_OBSERVER_SCALE_GEOMETRY
12	237	246	-0.025763198685662132	DESCRIPTIVE_ONLY_OBSERVER_SCALE_GEOMETRY
12	238	246	0.1607532798347306	DESCRIPTIVE_ONLY_OBSERVER_SCALE_GEOMETRY
12	239	246	-0.02137273576871783	DESCRIPTIVE_ONLY_OBSERVER_SCALE_GEOMETRY
12	240	246	-0.006902119539225885	DESCRIPTIVE_ONLY_OBSERVER_SCALE_GEOMETRY
12	241	246	0.18768562130945157	DESCRIPTIVE_ONLY_OBSERVER_SCALE_GEOMETRY
12	242	246	-0.07357753738916256	DESCRIPTIVE_ONLY_OBSERVER_SCALE_GEOMETRY
12	243	246	0.09234146866292729	DESCRIPTIVE_ONLY_OBSERVER_SCALE_GEOMETRY
12	244	246	0.033134052826108935	DESCRIPTIVE_ONLY_OBSERVER_SCALE_GEOMETRY
12	245	246	0.050480453969432806	DESCRIPTIVE_ONLY_OBSERVER_SCALE_GEOMETRY
12	246	246	-0.013016720828652257	DESCRIPTIVE_ONLY_OBSERVER_SCALE_GEOMETRY
12	247	246	0.07958728493770041	DESCRIPTIVE_ONLY_OBSERVER_SCALE_GEOMETRY
12	248	246	-0.01113798873423341	DESCRIPTIVE_ONLY_OBSERVER_SCALE_GEOMETRY
12	249	246	0.17696939547997798	DESCRIPTIVE_ONLY_OBSERVER_SCALE_GEOMETRY
12	250	246	-0.07737987605646252	DESCRIPTIVE_ONLY_OBSERVER_SCALE_GEOMETRY
12	251	246	-2.2570540309499147	DESCRIPTIVE_ONLY_OBSERVER_SCALE_GEOMETRY
12	252	246	3.080335324266549	DESCRIPTIVE_ONLY_OBSERVER_SCALE_GEOMETRY
12	253	246	-0.5811873203403414	DESCRIPTIVE_ONLY_OBSERVER_SCALE_GEOMETRY
12	254	245	0.22183473848720353	DESCRIPTIVE_ONLY_OBSERVER_SCALE_GEOMETRY
12	255	245	-0.007215819608418592	DESCRIPTIVE_ONLY_OBSERVER_SCALE_GEOMETRY
12	256	245	-0.17098255567614612	DESCRIPTIVE_ONLY_OBSERVER_SCALE_GEOMETRY
12	257	245	-0.0032546346473905493	DESCRIPTIVE_ONLY_OBSERVER_SCALE_GEOMETRY
12	258	245	0.11076577034820087	DESCRIPTIVE_ONLY_OBSERVER_SCALE_GEOMETRY
12	259	245	-0.04019662908325207	DESCRIPTIVE_ONLY_OBSERVER_SCALE_GEOMETRY
12	260	245	0.14587264382246806	DESCRIPTIVE_ONLY_OBSERVER_SCALE_GEOMETRY
12	261	245	-0.04066633418451327	DESCRIPTIVE_ONLY_OBSERVER_SCALE_GEOMETRY
12	262	245	0.08576836451144129	DESCRIPTIVE_ONLY_OBSERVER_SCALE_GEOMETRY
12	263	245	0.048558896110149984	DESCRIPTIVE_ONLY_OBSERVER_SCALE_GEOMETRY
12	264	245	-0.008253985133091396	DESCRIPTIVE_ONLY_OBSERVER_SCALE_GEOMETRY
12	265	245	0.1471702813821198	DESCRIPTIVE_ONLY_OBSERVER_SCALE_GEOMETRY
12	266	244	-0.08163111176892307	DESCRIPTIVE_ONLY_OBSERVER_SCALE_GEOMETRY
12	267	244	0.16485523923537748	DESCRIPTIVE_ONLY_OBSERVER_SCALE_GEOMETRY
12	268	243	0.5353141461338181	DESCRIPTIVE_ONLY_OBSERVER_SCALE_GEOMETRY
12	269	243	-0.39363504405660066	DESCRIPTIVE_ONLY_OBSERVER_SCALE_GEOMETRY
12	270	242	-0.11201850493573168	DESCRIPTIVE_ONLY_OBSERVER_SCALE_GEOMETRY
12	271	242	0.17919153964585885	DESCRIPTIVE_ONLY_OBSERVER_SCALE_GEOMETRY
12	272	242	-0.15340027818849386	DESCRIPTIVE_ONLY_OBSERVER_SCALE_GEOMETRY
12	273	242	0.24696569804854246	DESCRIPTIVE_ONLY_OBSERVER_SCALE_GEOMETRY
12	274	242	-0.07908967137703653	DESCRIPTIVE_ONLY_OBSERVER_SCALE_GEOMETRY
12	275	242	0.14750533617540584	DESCRIPTIVE_ONLY_OBSERVER_SCALE_GEOMETRY
12	276	242	-0.047527332861726425	DESCRIPTIVE_ONLY_OBSERVER_SCALE_GEOMETRY
12	277	242	0.09243456897967252	DESCRIPTIVE_ONLY_OBSERVER_SCALE_GEOMETRY
12	278	242	0.06631983770903918	DESCRIPTIVE_ONLY_OBSERVER_SCALE_GEOMETRY
12	279	242	0.08982782890776052	DESCRIPTIVE_ONLY_OBSERVER_SCALE_GEOMETRY
12	280	242	-0.02412026477549644	DESCRIPTIVE_ONLY_OBSERVER_SCALE_GEOMETRY
12	281	242	0.08893487814379403	DESCRIPTIVE_ONLY_OBSERVER_SCALE_GEOMETRY
12	282	242	-0.016001790558087224	DESCRIPTIVE_ONLY_OBSERVER_SCALE_GEOMETRY
12	283	242	0.10583544396843929	DESCRIPTIVE_ONLY_OBSERVER_SCALE_GEOMETRY
12	284	242	0.004671297629978551	DESCRIPTIVE_ONLY_OBSERVER_SCALE_GEOMETRY
12	285	242	0.08525834014306388	DESCRIPTIVE_ONLY_OBSERVER_SCALE_GEOMETRY
12	286	242	-0.02304099408439848	DESCRIPTIVE_ONLY_OBSERVER_SCALE_GEOMETRY
12	287	242	0.11735382660881928	DESCRIPTIVE_ONLY_OBSERVER_SCALE_GEOMETRY
12	288	242	0.14313431936205734	DESCRIPTIVE_ONLY_OBSERVER_SCALE_GEOMETRY
12	289	242	-0.11319010544280644	DESCRIPTIVE_ONLY_OBSERVER_SCALE_GEOMETRY
12	290	242	0.14897875207689767	DESCRIPTIVE_ONLY_OBSERVER_SCALE_GEOMETRY
12	291	242	0.03072019708457608	DESCRIPTIVE_ONLY_OBSERVER_SCALE_GEOMETRY
12	292	242	0.012647149467155476	DESCRIPTIVE_ONLY_OBSERVER_SCALE_GEOMETRY
12	293	242	0.02486222009107652	DESCRIPTIVE_ONLY_OBSERVER_SCALE_GEOMETRY
12	294	242	0.16972495350916267	DESCRIPTIVE_ONLY_OBSERVER_SCALE_GEOMETRY
12	295	242	-0.00555743268210404	DESCRIPTIVE_ONLY_OBSERVER_SCALE_GEOMETRY
12	296	242	0.03767622966016369	DESCRIPTIVE_ONLY_OBSERVER_SCALE_GEOMETRY
12	297	242	0.04487306605068035	DESCRIPTIVE_ONLY_OBSERVER_SCALE_GEOMETRY
12	298	242	0.12637445259457547	DESCRIPTIVE_ONLY_OBSERVER_SCALE_GEOMETRY
12	299	241	-0.09921462575882509	DESCRIPTIVE_ONLY_OBSERVER_SCALE_GEOMETRY
12	300	241	0.2150088359225798	DESCRIPTIVE_ONLY_OBSERVER_SCALE_GEOMETRY
12	301	241	-0.07560902968268664	DESCRIPTIVE_ONLY_OBSERVER_SCALE_GEOMETRY
12	302	241	0.055169360737104364	DESCRIPTIVE_ONLY_OBSERVER_SCALE_GEOMETRY
12	303	241	0.06165772851354456	DESCRIPTIVE_ONLY_OBSERVER_SCALE_GEOMETRY
12	304	241	0.04930540588651238	DESCRIPTIVE_ONLY_OBSERVER_SCALE_GEOMETRY
12	305	241	0.06219602832260752	DESCRIPTIVE_ONLY_OBSERVER_SCALE_GEOMETRY
12	306	241	0.05866287291468573	DESCRIPTIVE_ONLY_OBSERVER_SCALE_GEOMETRY
12	307	241	0.03762788006871126	DESCRIPTIVE_ONLY_OBSERVER_SCALE_GEOMETRY
12	308	240	-0.02631197794924384	DESCRIPTIVE_ONLY_OBSERVER_SCALE_GEOMETRY
12	309	240	2.415205951497484	DESCRIPTIVE_ONLY_OBSERVER_SCALE_GEOMETRY
12	310	240	-11.1924597390033	DESCRIPTIVE_ONLY_OBSERVER_SCALE_GEOMETRY
12	311	240	6.79345587261905	DESCRIPTIVE_ONLY_OBSERVER_SCALE_GEOMETRY
12	312	240	2.3583407194529635	DESCRIPTIVE_ONLY_OBSERVER_SCALE_GEOMETRY
12	313	239	0.2606212440579687	DESCRIPTIVE_ONLY_OBSERVER_SCALE_GEOMETRY
12	314	239	-0.20246612789782983	DESCRIPTIVE_ONLY_OBSERVER_SCALE_GEOMETRY
12	315	239	-0.0411341685417295	DESCRIPTIVE_ONLY_OBSERVER_SCALE_GEOMETRY
12	316	239	0.01199250448383015	DESCRIPTIVE_ONLY_OBSERVER_SCALE_GEOMETRY
12	317	239	0.10128538163376848	DESCRIPTIVE_ONLY_OBSERVER_SCALE_GEOMETRY
12	318	239	-0.03683232411427065	DESCRIPTIVE_ONLY_OBSERVER_SCALE_GEOMETRY
12	319	239	0.11749380740301422	DESCRIPTIVE_ONLY_OBSERVER_SCALE_GEOMETRY
12	320	239	0.04568600407158803	DESCRIPTIVE_ONLY_OBSERVER_SCALE_GEOMETRY
12	321	239	-0.006584724377303054	DESCRIPTIVE_ONLY_OBSERVER_SCALE_GEOMETRY
12	322	239	0.11847361730170408	DESCRIPTIVE_ONLY_OBSERVER_SCALE_GEOMETRY
12	323	239	0.035036214400930646	DESCRIPTIVE_ONLY_OBSERVER_SCALE_GEOMETRY
12	324	239	-0.01849964622569989	DESCRIPTIVE_ONLY_OBSERVER_SCALE_GEOMETRY
12	325	239	0.0906451716749747	DESCRIPTIVE_ONLY_OBSERVER_SCALE_GEOMETRY
12	326	239	-0.011159456238852259	DESCRIPTIVE_ONLY_OBSERVER_SCALE_GEOMETRY
12	327	238	0.10463380520827997	DESCRIPTIVE_ONLY_OBSERVER_SCALE_GEOMETRY
12	328	237	0.8577323394664514	DESCRIPTIVE_ONLY_OBSERVER_SCALE_GEOMETRY
12	329	237	-0.7714886707051402	DESCRIPTIVE_ONLY_OBSERVER_SCALE_GEOMETRY
12	330	237	0.02059854232299342	DESCRIPTIVE_ONLY_OBSERVER_SCALE_GEOMETRY
12	331	237	-0.014809283541192104	DESCRIPTIVE_ONLY_OBSERVER_SCALE_GEOMETRY
12	332	237	0.16908031115418415	DESCRIPTIVE_ONLY_OBSERVER_SCALE_GEOMETRY
12	333	237	0.0072545972088971684	DESCRIPTIVE_ONLY_OBSERVER_SCALE_GEOMETRY
12	334	237	-0.0023694223766106744	DESCRIPTIVE_ONLY_OBSERVER_SCALE_GEOMETRY
12	335	237	0.06950549561441406	DESCRIPTIVE_ONLY_OBSERVER_SCALE_GEOMETRY
12	336	237	0.08594290237230161	DESCRIPTIVE_ONLY_OBSERVER_SCALE_GEOMETRY
12	337	237	-0.0412305606585335	DESCRIPTIVE_ONLY_OBSERVER_SCALE_GEOMETRY
12	338	237	0.13733867783123582	DESCRIPTIVE_ONLY_OBSERVER_SCALE_GEOMETRY
12	339	237	-0.08113890418017504	DESCRIPTIVE_ONLY_OBSERVER_SCALE_GEOMETRY
12	340	237	0.1847803426630273	DESCRIPTIVE_ONLY_OBSERVER_SCALE_GEOMETRY
12	341	237	-0.05183150288451671	DESCRIPTIVE_ONLY_OBSERVER_SCALE_GEOMETRY
12	342	237	0.07687172491790649	DESCRIPTIVE_ONLY_OBSERVER_SCALE_GEOMETRY
12	343	237	0.007217596241605744	DESCRIPTIVE_ONLY_OBSERVER_SCALE_GEOMETRY
12	344	237	0.11814895184012347	DESCRIPTIVE_ONLY_OBSERVER_SCALE_GEOMETRY
12	345	237	0.031081426653076834	DESCRIPTIVE_ONLY_OBSERVER_SCALE_GEOMETRY
12	346	237	-0.03010879478477619	DESCRIPTIVE_ONLY_OBSERVER_SCALE_GEOMETRY
12	347	237	0.09217008662767934	DESCRIPTIVE_ONLY_OBSERVER_SCALE_GEOMETRY
12	348	237	0.01710228091806947	DESCRIPTIVE_ONLY_OBSERVER_SCALE_GEOMETRY
12	349	237	0.10055339279671785	DESCRIPTIVE_ONLY_OBSERVER_SCALE_GEOMETRY
12	350	237	0.05056324515268632	DESCRIPTIVE_ONLY_OBSERVER_SCALE_GEOMETRY
12	351	236	-0.02782665743340176	DESCRIPTIVE_ONLY_OBSERVER_SCALE_GEOMETRY
12	352	236	0.021944427325541863	DESCRIPTIVE_ONLY_OBSERVER_SCALE_GEOMETRY
12	353	236	0.0806730184629754	DESCRIPTIVE_ONLY_OBSERVER_SCALE_GEOMETRY
12	354	236	0.008681847532672468	DESCRIPTIVE_ONLY_OBSERVER_SCALE_GEOMETRY
12	355	236	0.14917775983676973	DESCRIPTIVE_ONLY_OBSERVER_SCALE_GEOMETRY
12	356	236	-0.07962943064661501	DESCRIPTIVE_ONLY_OBSERVER_SCALE_GEOMETRY
12	357	236	0.06907118196138705	DESCRIPTIVE_ONLY_OBSERVER_SCALE_GEOMETRY
12	358	236	0.13412283971814637	DESCRIPTIVE_ONLY_OBSERVER_SCALE_GEOMETRY
12	359	236	0.0025832244144952344	DESCRIPTIVE_ONLY_OBSERVER_SCALE_GEOMETRY
12	360	236	-0.06393904493098519	DESCRIPTIVE_ONLY_OBSERVER_SCALE_GEOMETRY
12	361	235	0.20530849871699894	DESCRIPTIVE_ONLY_OBSERVER_SCALE_GEOMETRY
12	362	235	-0.045595369501898506	DESCRIPTIVE_ONLY_OBSERVER_SCALE_GEOMETRY
12	363	235	0.1135270962303557	DESCRIPTIVE_ONLY_OBSERVER_SCALE_GEOMETRY
12	364	235	-0.07827439269578183	DESCRIPTIVE_ONLY_OBSERVER_SCALE_GEOMETRY
12	365	235	0.18398721794832495	DESCRIPTIVE_ONLY_OBSERVER_SCALE_GEOMETRY
12	366	235	-0.012812006860186102	DESCRIPTIVE_ONLY_OBSERVER_SCALE_GEOMETRY
12	367	235	0.025766584839498473	DESCRIPTIVE_ONLY_OBSERVER_SCALE_GEOMETRY
12	368	235	0.07872425479633563	DESCRIPTIVE_ONLY_OBSERVER_SCALE_GEOMETRY
12	369	235	0.07255556157696096	DESCRIPTIVE_ONLY_OBSERVER_SCALE_GEOMETRY
12	370	235	0.0068202038998855605	DESCRIPTIVE_ONLY_OBSERVER_SCALE_GEOMETRY
12	371	235	4.036043983271473	DESCRIPTIVE_ONLY_OBSERVER_SCALE_GEOMETRY
12	372	235	-4.022708585172645	DESCRIPTIVE_ONLY_OBSERVER_SCALE_GEOMETRY
12	373	235	0.20963657058531876	DESCRIPTIVE_ONLY_OBSERVER_SCALE_GEOMETRY
12	374	235	-0.14256908131840154	DESCRIPTIVE_ONLY_OBSERVER_SCALE_GEOMETRY
12	375	235	0.1844363552146189	DESCRIPTIVE_ONLY_OBSERVER_SCALE_GEOMETRY
12	376	235	0.017662231423312684	DESCRIPTIVE_ONLY_OBSERVER_SCALE_GEOMETRY
12	377	235	0.055317327483380016	DESCRIPTIVE_ONLY_OBSERVER_SCALE_GEOMETRY
13	1	257	0.005888795670886337	DESCRIPTIVE_ONLY_OBSERVER_SCALE_GEOMETRY
13	2	257	0.0218307169579074	DESCRIPTIVE_ONLY_OBSERVER_SCALE_GEOMETRY
13	3	257	-0.036237706628246345	DESCRIPTIVE_ONLY_OBSERVER_SCALE_GEOMETRY
13	4	257	0.0049835869935448114	DESCRIPTIVE_ONLY_OBSERVER_SCALE_GEOMETRY
13	5	257	0.03407483360226231	DESCRIPTIVE_ONLY_OBSERVER_SCALE_GEOMETRY
13	6	257	-0.28803478166183644	DESCRIPTIVE_ONLY_OBSERVER_SCALE_GEOMETRY
13	7	257	0.6192414089234901	DESCRIPTIVE_ONLY_OBSERVER_SCALE_GEOMETRY
13	8	257	-0.5723621854309312	DESCRIPTIVE_ONLY_OBSERVER_SCALE_GEOMETRY
13	9	257	-0.20945632959348942	DESCRIPTIVE_ONLY_OBSERVER_SCALE_GEOMETRY
13	10	257	2.7079977379557336	DESCRIPTIVE_ONLY_OBSERVER_SCALE_GEOMETRY
13	11	257	-2.233792784260607	DESCRIPTIVE_ONLY_OBSERVER_SCALE_GEOMETRY
13	12	257	-0.051694492990628726	DESCRIPTIVE_ONLY_OBSERVER_SCALE_GEOMETRY
13	13	257	0.03727242852964169	DESCRIPTIVE_ONLY_OBSERVER_SCALE_GEOMETRY
13	14	257	-0.01521640132581397	DESCRIPTIVE_ONLY_OBSERVER_SCALE_GEOMETRY
13	15	257	0.05333604062916166	DESCRIPTIVE_ONLY_OBSERVER_SCALE_GEOMETRY
13	16	257	-0.017713454748415104	DESCRIPTIVE_ONLY_OBSERVER_SCALE_GEOMETRY
13	17	257	-0.019298853118871816	DESCRIPTIVE_ONLY_OBSERVER_SCALE_GEOMETRY
13	18	257	0.01220747278480421	DESCRIPTIVE_ONLY_OBSERVER_SCALE_GEOMETRY
13	19	257	-0.015123532024990519	DESCRIPTIVE_ONLY_OBSERVER_SCALE_GEOMETRY
13	20	257	0.0256574673499736	DESCRIPTIVE_ONLY_OBSERVER_SCALE_GEOMETRY
13	21	256	-0.027069445354180988	DESCRIPTIVE_ONLY_OBSERVER_SCALE_GEOMETRY
13	22	256	0.015874016564033828	DESCRIPTIVE_ONLY_OBSERVER_SCALE_GEOMETRY
13	23	255	0.04487115006679726	DESCRIPTIVE_ONLY_OBSERVER_SCALE_GEOMETRY
13	24	255	-0.08761717727893209	DESCRIPTIVE_ONLY_OBSERVER_SCALE_GEOMETRY
13	25	255	0.027951681246350765	DESCRIPTIVE_ONLY_OBSERVER_SCALE_GEOMETRY
13	26	255	-0.003255383273592211	DESCRIPTIVE_ONLY_OBSERVER_SCALE_GEOMETRY
13	27	255	2.913742625914749	DESCRIPTIVE_ONLY_OBSERVER_SCALE_GEOMETRY
13	28	255	-3.0353465946022338	DESCRIPTIVE_ONLY_OBSERVER_SCALE_GEOMETRY
13	29	255	0.10406775732931083	DESCRIPTIVE_ONLY_OBSERVER_SCALE_GEOMETRY
13	30	255	0.031237276905984778	DESCRIPTIVE_ONLY_OBSERVER_SCALE_GEOMETRY
13	31	255	-0.049277353999922294	DESCRIPTIVE_ONLY_OBSERVER_SCALE_GEOMETRY
13	32	255	0.06485268610812922	DESCRIPTIVE_ONLY_OBSERVER_SCALE_GEOMETRY
13	33	255	8.287214697981526	DESCRIPTIVE_ONLY_OBSERVER_SCALE_GEOMETRY
13	34	255	-7.255300308478847	DESCRIPTIVE_ONLY_OBSERVER_SCALE_GEOMETRY
13	35	255	-1.251696999989528	DESCRIPTIVE_ONLY_OBSERVER_SCALE_GEOMETRY
13	36	255	-0.09832991648477832	DESCRIPTIVE_ONLY_OBSERVER_SCALE_GEOMETRY
13	37	255	-0.04578836095633971	DESCRIPTIVE_ONLY_OBSERVER_SCALE_GEOMETRY
13	38	255	0.3135117411868469	DESCRIPTIVE_ONLY_OBSERVER_SCALE_GEOMETRY
13	39	254	0.11814826244518344	DESCRIPTIVE_ONLY_OBSERVER_SCALE_GEOMETRY
13	40	254	-0.06406378839026612	DESCRIPTIVE_ONLY_OBSERVER_SCALE_GEOMETRY
13	41	254	0.0003179906004748757	DESCRIPTIVE_ONLY_OBSERVER_SCALE_GEOMETRY
13	42	254	-0.006500141244973879	DESCRIPTIVE_ONLY_OBSERVER_SCALE_GEOMETRY
13	43	254	-0.01116129293932498	DESCRIPTIVE_ONLY_OBSERVER_SCALE_GEOMETRY
13	44	254	-0.08179298821278239	DESCRIPTIVE_ONLY_OBSERVER_SCALE_GEOMETRY
13	45	254	0.08226654160919748	DESCRIPTIVE_ONLY_OBSERVER_SCALE_GEOMETRY
13	46	254	0.009117835642589476	DESCRIPTIVE_ONLY_OBSERVER_SCALE_GEOMETRY
13	47	254	-0.05439699228429843	DESCRIPTIVE_ONLY_OBSERVER_SCALE_GEOMETRY
13	48	254	-0.043630105492856244	DESCRIPTIVE_ONLY_OBSERVER_SCALE_GEOMETRY
13	49	254	0.07105922121743932	DESCRIPTIVE_ONLY_OBSERVER_SCALE_GEOMETRY
13	50	254	-0.07730601846942285	DESCRIPTIVE_ONLY_OBSERVER_SCALE_GEOMETRY
13	51	254	0.06347973415489111	DESCRIPTIVE_ONLY_OBSERVER_SCALE_GEOMETRY
13	52	253	-0.06061677251245816	DESCRIPTIVE_ONLY_OBSERVER_SCALE_GEOMETRY
13	53	253	0.009550182915105346	DESCRIPTIVE_ONLY_OBSERVER_SCALE_GEOMETRY
13	54	253	-0.018982046527854277	DESCRIPTIVE_ONLY_OBSERVER_SCALE_GEOMETRY
13	55	253	-0.0002993605857723083	DESCRIPTIVE_ONLY_OBSERVER_SCALE_GEOMETRY
13	56	253	-0.015090168695989014	DESCRIPTIVE_ONLY_OBSERVER_SCALE_GEOMETRY
13	57	253	0.012206573082033522	DESCRIPTIVE_ONLY_OBSERVER_SCALE_GEOMETRY
13	58	253	-0.05209614814561339	DESCRIPTIVE_ONLY_OBSERVER_SCALE_GEOMETRY
13	59	253	0.03942595582709713	DESCRIPTIVE_ONLY_OBSERVER_SCALE_GEOMETRY
13	60	253	-0.05535292163795171	DESCRIPTIVE_ONLY_OBSERVER_SCALE_GEOMETRY
13	61	253	-0.018536265369872802	DESCRIPTIVE_ONLY_OBSERVER_SCALE_GEOMETRY
13	62	253	-0.005796694359387081	DESCRIPTIVE_ONLY_OBSERVER_SCALE_GEOMETRY
13	63	253	-0.05758874681089666	DESCRIPTIVE_ONLY_OBSERVER_SCALE_GEOMETRY
13	64	253	0.02818227715694654	DESCRIPTIVE_ONLY_OBSERVER_SCALE_GEOMETRY
13	65	253	-0.005190819085569503	DESCRIPTIVE_ONLY_OBSERVER_SCALE_GEOMETRY
13	66	253	0.015271522872839055	DESCRIPTIVE_ONLY_OBSERVER_SCALE_GEOMETRY
13	67	253	-0.11668575543713809	DESCRIPTIVE_ONLY_OBSERVER_SCALE_GEOMETRY
13	68	253	-1.2905905070950696	DESCRIPTIVE_ONLY_OBSERVER_SCALE_GEOMETRY
13	69	253	3.0508462288458906	DESCRIPTIVE_ONLY_OBSERVER_SCALE_GEOMETRY
13	70	253	-5.35464633544982	DESCRIPTIVE_ONLY_OBSERVER_SCALE_GEOMETRY
13	71	252	2.5561591142376288	DESCRIPTIVE_ONLY_OBSERVER_SCALE_GEOMETRY
13	72	252	1.0395080140532387	DESCRIPTIVE_ONLY_OBSERVER_SCALE_GEOMETRY
13	73	252	0.014776363830065474	DESCRIPTIVE_ONLY_OBSERVER_SCALE_GEOMETRY
13	74	252	-0.10852137282997452	DESCRIPTIVE_ONLY_OBSERVER_SCALE_GEOMETRY
13	75	252	0.09120814231478014	DESCRIPTIVE_ONLY_OBSERVER_SCALE_GEOMETRY
13	76	252	-0.06630795255948393	DESCRIPTIVE_ONLY_OBSERVER_SCALE_GEOMETRY
13	77	252	-0.02833458199947486	DESCRIPTIVE_ONLY_OBSERVER_SCALE_GEOMETRY
13	78	252	0.009183023001007689	DESCRIPTIVE_ONLY_OBSERVER_SCALE_GEOMETRY
13	79	252	-0.04857684485434237	DESCRIPTIVE_ONLY_OBSERVER_SCALE_GEOMETRY
13	80	252	0.040784935797286176	DESCRIPTIVE_ONLY_OBSERVER_SCALE_GEOMETRY
13	81	252	-0.08464260152036565	DESCRIPTIVE_ONLY_OBSERVER_SCALE_GEOMETRY
13	82	252	-0.028963385151909736	DESCRIPTIVE_ONLY_OBSERVER_SCALE_GEOMETRY
13	83	252	0.008043525682843297	DESCRIPTIVE_ONLY_OBSERVER_SCALE_GEOMETRY
13	84	252	-0.01037656670960299	DESCRIPTIVE_ONLY_OBSERVER_SCALE_GEOMETRY
13	85	252	-0.05833865515470319	DESCRIPTIVE_ONLY_OBSERVER_SCALE_GEOMETRY
13	86	252	0.015519150047145266	DESCRIPTIVE_ONLY_OBSERVER_SCALE_GEOMETRY
13	87	252	-0.0453951625455666	DESCRIPTIVE_ONLY_OBSERVER_SCALE_GEOMETRY
13	88	252	0.022591453883089467	DESCRIPTIVE_ONLY_OBSERVER_SCALE_GEOMETRY
13	89	252	-0.0364516297940632	DESCRIPTIVE_ONLY_OBSERVER_SCALE_GEOMETRY
13	90	252	-0.07141838318544337	DESCRIPTIVE_ONLY_OBSERVER_SCALE_GEOMETRY
13	91	252	-0.013238657203300407	DESCRIPTIVE_ONLY_OBSERVER_SCALE_GEOMETRY
13	92	252	0.018166815295874612	DESCRIPTIVE_ONLY_OBSERVER_SCALE_GEOMETRY
13	93	252	-0.1388755864677584	DESCRIPTIVE_ONLY_OBSERVER_SCALE_GEOMETRY
13	94	252	1.9360473314016573	DESCRIPTIVE_ONLY_OBSERVER_SCALE_GEOMETRY
13	95	252	-1.8753360884502877	DESCRIPTIVE_ONLY_OBSERVER_SCALE_GEOMETRY
13	96	252	-0.01213314170869015	DESCRIPTIVE_ONLY_OBSERVER_SCALE_GEOMETRY
13	97	252	-0.051019177450078085	DESCRIPTIVE_ONLY_OBSERVER_SCALE_GEOMETRY
13	98	252	-0.10576664053209246	DESCRIPTIVE_ONLY_OBSERVER_SCALE_GEOMETRY
13	99	252	0.06256441285876069	DESCRIPTIVE_ONLY_OBSERVER_SCALE_GEOMETRY
13	100	252	-0.03749258774750563	DESCRIPTIVE_ONLY_OBSERVER_SCALE_GEOMETRY
13	101	252	-0.05601380613457093	DESCRIPTIVE_ONLY_OBSERVER_SCALE_GEOMETRY
13	102	252	-0.014544320268372008	DESCRIPTIVE_ONLY_OBSERVER_SCALE_GEOMETRY
13	103	252	0.027838242514058458	DESCRIPTIVE_ONLY_OBSERVER_SCALE_GEOMETRY
13	104	252	-0.06412560765371234	DESCRIPTIVE_ONLY_OBSERVER_SCALE_GEOMETRY
13	105	252	-0.020000994498905317	DESCRIPTIVE_ONLY_OBSERVER_SCALE_GEOMETRY
13	106	252	-0.0038906164952531206	DESCRIPTIVE_ONLY_OBSERVER_SCALE_GEOMETRY
13	107	252	0.007855379215773813	DESCRIPTIVE_ONLY_OBSERVER_SCALE_GEOMETRY
13	108	252	-0.10648081885048603	DESCRIPTIVE_ONLY_OBSERVER_SCALE_GEOMETRY
13	109	252	0.016802458556447807	DESCRIPTIVE_ONLY_OBSERVER_SCALE_GEOMETRY
13	110	252	0.012668315590429394	DESCRIPTIVE_ONLY_OBSERVER_SCALE_GEOMETRY
13	111	252	-0.10045275393445983	DESCRIPTIVE_ONLY_OBSERVER_SCALE_GEOMETRY
13	112	252	0.009333409738175433	DESCRIPTIVE_ONLY_OBSERVER_SCALE_GEOMETRY
13	113	252	-0.05634495999640536	DESCRIPTIVE_ONLY_OBSERVER_SCALE_GEOMETRY
13	114	252	0.02069053086549063	DESCRIPTIVE_ONLY_OBSERVER_SCALE_GEOMETRY
13	115	252	0.024518143677143795	DESCRIPTIVE_ONLY_OBSERVER_SCALE_GEOMETRY
13	116	252	-0.12424850456776639	DESCRIPTIVE_ONLY_OBSERVER_SCALE_GEOMETRY
13	117	251	0.021246201128953625	DESCRIPTIVE_ONLY_OBSERVER_SCALE_GEOMETRY
13	118	251	0.02186318949016789	DESCRIPTIVE_ONLY_OBSERVER_SCALE_GEOMETRY
13	119	251	-0.024676081031058932	DESCRIPTIVE_ONLY_OBSERVER_SCALE_GEOMETRY
13	120	251	-0.07334795279692358	DESCRIPTIVE_ONLY_OBSERVER_SCALE_GEOMETRY
13	121	251	-0.04582200315340526	DESCRIPTIVE_ONLY_OBSERVER_SCALE_GEOMETRY
13	122	251	0.10490113069621147	DESCRIPTIVE_ONLY_OBSERVER_SCALE_GEOMETRY
13	123	251	-0.15267223606202934	DESCRIPTIVE_ONLY_OBSERVER_SCALE_GEOMETRY
13	124	251	0.01863980462273689	DESCRIPTIVE_ONLY_OBSERVER_SCALE_GEOMETRY
13	125	251	-0.010978390454557639	DESCRIPTIVE_ONLY_OBSERVER_SCALE_GEOMETRY
13	126	250	-0.045293090169497015	DESCRIPTIVE_ONLY_OBSERVER_SCALE_GEOMETRY
13	127	250	0.060053980329908455	DESCRIPTIVE_ONLY_OBSERVER_SCALE_GEOMETRY
13	128	250	0.4020942421605547	DESCRIPTIVE_ONLY_OBSERVER_SCALE_GEOMETRY
13	129	250	-0.45315847657700575	DESCRIPTIVE_ONLY_OBSERVER_SCALE_GEOMETRY
13	130	250	2.321286560536662	DESCRIPTIVE_ONLY_OBSERVER_SCALE_GEOMETRY
13	131	250	-2.176525477610135	DESCRIPTIVE_ONLY_OBSERVER_SCALE_GEOMETRY
13	132	250	-0.1666009555464209	DESCRIPTIVE_ONLY_OBSERVER_SCALE_GEOMETRY
13	133	250	-0.1071978925109447	DESCRIPTIVE_ONLY_OBSERVER_SCALE_GEOMETRY
13	134	250	0.04568714515345786	DESCRIPTIVE_ONLY_OBSERVER_SCALE_GEOMETRY
13	135	250	0.049383775621444505	DESCRIPTIVE_ONLY_OBSERVER_SCALE_GEOMETRY
13	136	250	-0.1985829887756391	DESCRIPTIVE_ONLY_OBSERVER_SCALE_GEOMETRY
13	137	250	0.3188906704234317	DESCRIPTIVE_ONLY_OBSERVER_SCALE_GEOMETRY
13	138	249	-0.11746007304551594	DESCRIPTIVE_ONLY_OBSERVER_SCALE_GEOMETRY
13	139	249	-0.37394767679257357	DESCRIPTIVE_ONLY_OBSERVER_SCALE_GEOMETRY
13	140	249	0.07871826502626085	DESCRIPTIVE_ONLY_OBSERVER_SCALE_GEOMETRY
13	141	249	0.041853256059727686	DESCRIPTIVE_ONLY_OBSERVER_SCALE_GEOMETRY
13	142	249	-0.0026880778548411827	DESCRIPTIVE_ONLY_OBSERVER_SCALE_GEOMETRY
13	143	249	-0.08256307528360386	DESCRIPTIVE_ONLY_OBSERVER_SCALE_GEOMETRY
13	144	249	0.029282024748052186	DESCRIPTIVE_ONLY_OBSERVER_SCALE_GEOMETRY
13	145	249	-0.045656689370927594	DESCRIPTIVE_ONLY_OBSERVER_SCALE_GEOMETRY
13	146	249	-0.006409295140225568	DESCRIPTIVE_ONLY_OBSERVER_SCALE_GEOMETRY
13	147	249	1.0824955767135456	DESCRIPTIVE_ONLY_OBSERVER_SCALE_GEOMETRY
13	148	249	-1.11601597259345	DESCRIPTIVE_ONLY_OBSERVER_SCALE_GEOMETRY
13	149	248	0.0017483430924149488	DESCRIPTIVE_ONLY_OBSERVER_SCALE_GEOMETRY
13	150	248	-0.012500540819816696	DESCRIPTIVE_ONLY_OBSERVER_SCALE_GEOMETRY
13	151	248	-0.03479017308350265	DESCRIPTIVE_ONLY_OBSERVER_SCALE_GEOMETRY
13	152	248	-0.03472384623764655	DESCRIPTIVE_ONLY_OBSERVER_SCALE_GEOMETRY
13	153	248	-0.020035239605981678	DESCRIPTIVE_ONLY_OBSERVER_SCALE_GEOMETRY
13	154	248	-0.1822515014814253	DESCRIPTIVE_ONLY_OBSERVER_SCALE_GEOMETRY
13	155	248	0.04681488548448061	DESCRIPTIVE_ONLY_OBSERVER_SCALE_GEOMETRY
13	156	248	0.005130273700608584	DESCRIPTIVE_ONLY_OBSERVER_SCALE_GEOMETRY
13	157	248	0.13256626670448568	DESCRIPTIVE_ONLY_OBSERVER_SCALE_GEOMETRY
13	158	248	-0.00363050716644687	DESCRIPTIVE_ONLY_OBSERVER_SCALE_GEOMETRY
13	159	248	-0.1348583732369107	DESCRIPTIVE_ONLY_OBSERVER_SCALE_GEOMETRY
13	160	248	-0.03772224070172163	DESCRIPTIVE_ONLY_OBSERVER_SCALE_GEOMETRY
13	161	248	0.037043442908344236	DESCRIPTIVE_ONLY_OBSERVER_SCALE_GEOMETRY
13	162	248	-0.06330762451556662	DESCRIPTIVE_ONLY_OBSERVER_SCALE_GEOMETRY
13	163	248	0.015114569941030841	DESCRIPTIVE_ONLY_OBSERVER_SCALE_GEOMETRY
13	164	248	-0.08180365194783341	DESCRIPTIVE_ONLY_OBSERVER_SCALE_GEOMETRY
13	165	248	-0.004487580998668102	DESCRIPTIVE_ONLY_OBSERVER_SCALE_GEOMETRY
13	166	248	-0.01531367476100399	DESCRIPTIVE_ONLY_OBSERVER_SCALE_GEOMETRY
13	167	248	0.018537865988146364	DESCRIPTIVE_ONLY_OBSERVER_SCALE_GEOMETRY
13	168	248	-0.04773344703807497	DESCRIPTIVE_ONLY_OBSERVER_SCALE_GEOMETRY
13	169	248	-0.040951126083223495	DESCRIPTIVE_ONLY_OBSERVER_SCALE_GEOMETRY
13	170	248	0.03378906533336736	DESCRIPTIVE_ONLY_OBSERVER_SCALE_GEOMETRY
13	171	248	-0.03435447404635857	DESCRIPTIVE_ONLY_OBSERVER_SCALE_GEOMETRY
13	172	248	-0.11593477158713222	DESCRIPTIVE_ONLY_OBSERVER_SCALE_GEOMETRY
13	173	248	0.07087447703911325	DESCRIPTIVE_ONLY_OBSERVER_SCALE_GEOMETRY
13	174	248	-0.01064547656494814	DESCRIPTIVE_ONLY_OBSERVER_SCALE_GEOMETRY
13	175	248	-0.07356567776179498	DESCRIPTIVE_ONLY_OBSERVER_SCALE_GEOMETRY
13	176	248	0.040385369961272205	DESCRIPTIVE_ONLY_OBSERVER_SCALE_GEOMETRY
13	177	248	-0.07397676896042353	DESCRIPTIVE_ONLY_OBSERVER_SCALE_GEOMETRY
13	178	248	0.018294440304364657	DESCRIPTIVE_ONLY_OBSERVER_SCALE_GEOMETRY
13	179	248	-0.04240463028564435	DESCRIPTIVE_ONLY_OBSERVER_SCALE_GEOMETRY
13	180	248	-0.0648092352915101	DESCRIPTIVE_ONLY_OBSERVER_SCALE_GEOMETRY
13	181	248	0.014726933316280218	DESCRIPTIVE_ONLY_OBSERVER_SCALE_GEOMETRY
13	182	248	-0.00965491354501929	DESCRIPTIVE_ONLY_OBSERVER_SCALE_GEOMETRY
13	183	248	-0.009934616400936843	DESCRIPTIVE_ONLY_OBSERVER_SCALE_GEOMETRY
13	184	248	-0.029534696243750054	DESCRIPTIVE_ONLY_OBSERVER_SCALE_GEOMETRY
13	185	248	-0.014387711966563193	DESCRIPTIVE_ONLY_OBSERVER_SCALE_GEOMETRY
13	186	248	-0.05368581162884149	DESCRIPTIVE_ONLY_OBSERVER_SCALE_GEOMETRY
13	187	248	0.024976039870423766	DESCRIPTIVE_ONLY_OBSERVER_SCALE_GEOMETRY
13	188	247	1.284655941582159	DESCRIPTIVE_ONLY_OBSERVER_SCALE_GEOMETRY
13	189	247	-5.381673836203674	DESCRIPTIVE_ONLY_OBSERVER_SCALE_GEOMETRY
13	190	247	4.301302562704868	DESCRIPTIVE_ONLY_OBSERVER_SCALE_GEOMETRY
13	191	247	-0.12618120408152303	DESCRIPTIVE_ONLY_OBSERVER_SCALE_GEOMETRY
13	192	247	-0.1905304467548558	DESCRIPTIVE_ONLY_OBSERVER_SCALE_GEOMETRY
13	193	247	-0.2794274643878943	DESCRIPTIVE_ONLY_OBSERVER_SCALE_GEOMETRY
13	194	247	-0.4089833456247176	DESCRIPTIVE_ONLY_OBSERVER_SCALE_GEOMETRY
13	195	247	0.6659999352581999	DESCRIPTIVE_ONLY_OBSERVER_SCALE_GEOMETRY
13	196	247	0.10574282550937117	DESCRIPTIVE_ONLY_OBSERVER_SCALE_GEOMETRY
13	197	247	-0.4291584471657407	DESCRIPTIVE_ONLY_OBSERVER_SCALE_GEOMETRY
13	198	247	0.1919609284086542	DESCRIPTIVE_ONLY_OBSERVER_SCALE_GEOMETRY
13	199	247	-0.047578803103656114	DESCRIPTIVE_ONLY_OBSERVER_SCALE_GEOMETRY
13	200	247	-0.018401804249839192	DESCRIPTIVE_ONLY_OBSERVER_SCALE_GEOMETRY
13	201	247	-0.009127522751912871	DESCRIPTIVE_ONLY_OBSERVER_SCALE_GEOMETRY
13	202	246	-0.0018992081420954854	DESCRIPTIVE_ONLY_OBSERVER_SCALE_GEOMETRY
13	203	246	-0.048177601006932004	DESCRIPTIVE_ONLY_OBSERVER_SCALE_GEOMETRY
13	204	246	-0.051490797238620274	DESCRIPTIVE_ONLY_OBSERVER_SCALE_GEOMETRY
13	205	246	-0.040261467053781454	DESCRIPTIVE_ONLY_OBSERVER_SCALE_GEOMETRY
13	206	246	-0.059801472376663715	DESCRIPTIVE_ONLY_OBSERVER_SCALE_GEOMETRY
13	207	246	-0.06366172625527637	DESCRIPTIVE_ONLY_OBSERVER_SCALE_GEOMETRY
13	208	246	0.15965161340287184	DESCRIPTIVE_ONLY_OBSERVER_SCALE_GEOMETRY
13	209	246	-0.14334188693431715	DESCRIPTIVE_ONLY_OBSERVER_SCALE_GEOMETRY
13	210	246	0.019039595573923648	DESCRIPTIVE_ONLY_OBSERVER_SCALE_GEOMETRY
13	211	246	-0.08051023346643013	DESCRIPTIVE_ONLY_OBSERVER_SCALE_GEOMETRY
13	212	246	-0.07193081665646879	DESCRIPTIVE_ONLY_OBSERVER_SCALE_GEOMETRY
13	213	246	0.07042661918684201	DESCRIPTIVE_ONLY_OBSERVER_SCALE_GEOMETRY
13	214	246	-0.13235364502133026	DESCRIPTIVE_ONLY_OBSERVER_SCALE_GEOMETRY
13	215	246	0.06492673414287385	DESCRIPTIVE_ONLY_OBSERVER_SCALE_GEOMETRY
13	216	246	-0.11487983489900679	DESCRIPTIVE_ONLY_OBSERVER_SCALE_GEOMETRY
13	217	246	-0.0004913833922634876	DESCRIPTIVE_ONLY_OBSERVER_SCALE_GEOMETRY
13	218	246	0.04949118424229406	DESCRIPTIVE_ONLY_OBSERVER_SCALE_GEOMETRY
13	219	246	-0.12480591401636432	DESCRIPTIVE_ONLY_OBSERVER_SCALE_GEOMETRY
13	220	246	0.0373416227374088	DESCRIPTIVE_ONLY_OBSERVER_SCALE_GEOMETRY
13	221	246	-0.044790802384802555	DESCRIPTIVE_ONLY_OBSERVER_SCALE_GEOMETRY
13	222	246	-0.045559074270532414	DESCRIPTIVE_ONLY_OBSERVER_SCALE_GEOMETRY
13	223	246	0.10927046389218442	DESCRIPTIVE_ONLY_OBSERVER_SCALE_GEOMETRY
13	224	246	-0.1706444944755818	DESCRIPTIVE_ONLY_OBSERVER_SCALE_GEOMETRY
13	225	246	-0.0766811118027506	DESCRIPTIVE_ONLY_OBSERVER_SCALE_GEOMETRY
13	226	246	0.07159462512297803	DESCRIPTIVE_ONLY_OBSERVER_SCALE_GEOMETRY
13	227	246	0.03184032430689102	DESCRIPTIVE_ONLY_OBSERVER_SCALE_GEOMETRY
13	228	246	-0.1763581216165405	DESCRIPTIVE_ONLY_OBSERVER_SCALE_GEOMETRY
13	229	246	0.0463054606953485	DESCRIPTIVE_ONLY_OBSERVER_SCALE_GEOMETRY
13	230	246	-0.012593293961174692	DESCRIPTIVE_ONLY_OBSERVER_SCALE_GEOMETRY
13	231	246	-0.013711774648485914	DESCRIPTIVE_ONLY_OBSERVER_SCALE_GEOMETRY
13	232	246	-0.06835868785226916	DESCRIPTIVE_ONLY_OBSERVER_SCALE_GEOMETRY
13	233	246	0.04843572063970441	DESCRIPTIVE_ONLY_OBSERVER_SCALE_GEOMETRY
13	234	246	-0.0026879740455130656	DESCRIPTIVE_ONLY_OBSERVER_SCALE_GEOMETRY
13	235	246	-0.10376656084369264	DESCRIPTIVE_ONLY_OBSERVER_SCALE_GEOMETRY
13	236	246	-0.09211496482604636	DESCRIPTIVE_ONLY_OBSERVER_SCALE_GEOMETRY
13	237	246	0.09520425621445104	DESCRIPTIVE_ONLY_OBSERVER_SCALE_GEOMETRY
13	238	246	-0.08651829880120467	DESCRIPTIVE_ONLY_OBSERVER_SCALE_GEOMETRY
13	239	246	-0.07137099223840676	DESCRIPTIVE_ONLY_OBSERVER_SCALE_GEOMETRY
13	240	246	0.12258499238731282	DESCRIPTIVE_ONLY_OBSERVER_SCALE_GEOMETRY
13	241	246	-0.13843038267656094	DESCRIPTIVE_ONLY_OBSERVER_SCALE_GEOMETRY
13	242	246	0.026787755500920434	DESCRIPTIVE_ONLY_OBSERVER_SCALE_GEOMETRY
13	243	246	-0.03086811284579945	DESCRIPTIVE_ONLY_OBSERVER_SCALE_GEOMETRY
13	244	246	-0.01261181211820967	DESCRIPTIVE_ONLY_OBSERVER_SCALE_GEOMETRY
13	245	246	-0.07667696021837897	DESCRIPTIVE_ONLY_OBSERVER_SCALE_GEOMETRY
13	246	246	0.01752080447574022	DESCRIPTIVE_ONLY_OBSERVER_SCALE_GEOMETRY
13	247	246	-0.07604668968451911	DESCRIPTIVE_ONLY_OBSERVER_SCALE_GEOMETRY
13	248	246	0.11446663270620329	DESCRIPTIVE_ONLY_OBSERVER_SCALE_GEOMETRY
13	249	246	-0.140725019154141	DESCRIPTIVE_ONLY_OBSERVER_SCALE_GEOMETRY
13	250	246	-2.3225195695123757	DESCRIPTIVE_ONLY_OBSERVER_SCALE_GEOMETRY
13	251	246	3.0175872740814813	DESCRIPTIVE_ONLY_OBSERVER_SCALE_GEOMETRY
13	252	246	-0.6450234931567564	DESCRIPTIVE_ONLY_OBSERVER_SCALE_GEOMETRY
13	253	245	0.15798821572588106	DESCRIPTIVE_ONLY_OBSERVER_SCALE_GEOMETRY
13	254	245	-0.07165181662396243	DESCRIPTIVE_ONLY_OBSERVER_SCALE_GEOMETRY
13	255	245	-0.23547992922792127	DESCRIPTIVE_ONLY_OBSERVER_SCALE_GEOMETRY
13	256	245	-0.06697773389865425	DESCRIPTIVE_ONLY_OBSERVER_SCALE_GEOMETRY
13	257	245	0.04647195945435763	DESCRIPTIVE_ONLY_OBSERVER_SCALE_GEOMETRY
13	258	245	-0.10398220146473271	DESCRIPTIVE_ONLY_OBSERVER_SCALE_GEOMETRY
13	259	245	0.0826348957566683	DESCRIPTIVE_ONLY_OBSERVER_SCALE_GEOMETRY
13	260	245	-0.10596741612555312	DESCRIPTIVE_ONLY_OBSERVER_SCALE_GEOMETRY
13	261	245	0.019431372925844334	DESCRIPTIVE_ONLY_OBSERVER_SCALE_GEOMETRY
13	262	245	-0.017712923351386297	DESCRIPTIVE_ONLY_OBSERVER_SCALE_GEOMETRY
13	263	245	-0.0770687716068428	DESCRIPTIVE_ONLY_OBSERVER_SCALE_GEOMETRY
13	264	245	0.07706534670374872	DESCRIPTIVE_ONLY_OBSERVER_SCALE_GEOMETRY
13	265	244	-0.15314611466084327	DESCRIPTIVE_ONLY_OBSERVER_SCALE_GEOMETRY
13	266	244	0.09095163001529516	DESCRIPTIVE_ONLY_OBSERVER_SCALE_GEOMETRY
13	267	243	0.45882557529043405	DESCRIPTIVE_ONLY_OBSERVER_SCALE_GEOMETRY
13	268	243	-0.46566421299167793	DESCRIPTIVE_ONLY_OBSERVER_SCALE_GEOMETRY
13	269	242	-0.18708787704970087	DESCRIPTIVE_ONLY_OBSERVER_SCALE_GEOMETRY
13	270	242	0.10581116152109396	DESCRIPTIVE_ONLY_OBSERVER_SCALE_GEOMETRY
13	271	242	-0.22575938333985326	DESCRIPTIVE_ONLY_OBSERVER_SCALE_GEOMETRY
13	272	242	0.17218004022339933	DESCRIPTIVE_ONLY_OBSERVER_SCALE_GEOMETRY
13	273	242	-0.1525989539493982	DESCRIPTIVE_ONLY_OBSERVER_SCALE_GEOMETRY
13	274	242	0.07016952110405872	DESCRIPTIVE_ONLY_OBSERVER_SCALE_GEOMETRY
13	275	242	-0.12373872330632149	DESCRIPTIVE_ONLY_OBSERVER_SCALE_GEOMETRY
13	276	242	0.018439197371670078	DESCRIPTIVE_ONLY_OBSERVER_SCALE_GEOMETRY
13	277	242	-0.0054362344332624145	DESCRIPTIVE_ONLY_OBSERVER_SCALE_GEOMETRY
13	278	242	0.018236345304386753	DESCRIPTIVE_ONLY_OBSERVER_SCALE_GEOMETRY
13	279	242	-0.0966977917217543	DESCRIPTIVE_ONLY_OBSERVER_SCALE_GEOMETRY
13	280	242	0.018825011039797272	DESCRIPTIVE_ONLY_OBSERVER_SCALE_GEOMETRY
13	281	242	-0.08814944286965296	DESCRIPTIVE_ONLY_OBSERVER_SCALE_GEOMETRY
13	282	242	0.031716332521456087	DESCRIPTIVE_ONLY_OBSERVER_SCALE_GEOMETRY
13	283	242	-0.07026645744962451	DESCRIPTIVE_ONLY_OBSERVER_SCALE_GEOMETRY
13	284	242	0.012501521132614088	DESCRIPTIVE_ONLY_OBSERVER_SCALE_GEOMETRY
13	285	242	-0.09770593520154483	DESCRIPTIVE_ONLY_OBSERVER_SCALE_GEOMETRY
13	286	242	0.04334980003535882	DESCRIPTIVE_ONLY_OBSERVER_SCALE_GEOMETRY
13	287	242	0.06707218354025793	DESCRIPTIVE_ONLY_OBSERVER_SCALE_GEOMETRY
13	288	242	-0.1880460489576275	DESCRIPTIVE_ONLY_OBSERVER_SCALE_GEOMETRY
13	289	242	0.0730868953574077	DESCRIPTIVE_ONLY_OBSERVER_SCALE_GEOMETRY
13	290	242	-0.0451900891716868	DESCRIPTIVE_ONLY_OBSERVER_SCALE_GEOMETRY
13	291	242	-0.06413093987661397	DESCRIPTIVE_ONLY_OBSERVER_SCALE_GEOMETRY
13	292	242	-0.05055133948488687	DESCRIPTIVE_ONLY_OBSERVER_SCALE_GEOMETRY
13	293	242	0.09534388846372824	DESCRIPTIVE_ONLY_OBSERVER_SCALE_GEOMETRY
13	294	242	-0.07969846638389975	DESCRIPTIVE_ONLY_OBSERVER_SCALE_GEOMETRY
13	295	242	-0.03735701672053162	DESCRIPTIVE_ONLY_OBSERVER_SCALE_GEOMETRY
13	296	242	-0.028787017236125118	DESCRIPTIVE_ONLY_OBSERVER_SCALE_GEOMETRY
13	297	242	0.05230151721644161	DESCRIPTIVE_ONLY_OBSERVER_SCALE_GEOMETRY
13	298	241	-0.17444668635365365	DESCRIPTIVE_ONLY_OBSERVER_SCALE_GEOMETRY
13	299	241	0.14102776864400055	DESCRIPTIVE_ONLY_OBSERVER_SCALE_GEOMETRY
13	300	241	-0.1506697038951186	DESCRIPTIVE_ONLY_OBSERVER_SCALE_GEOMETRY
13	301	241	-0.01997910190371687	DESCRIPTIVE_ONLY_OBSERVER_SCALE_GEOMETRY
13	302	241	-0.014132895745538398	DESCRIPTIVE_ONLY_OBSERVER_SCALE_GEOMETRY
13	303	241	-0.026831105701326935	DESCRIPTIVE_ONLY_OBSERVER_SCALE_GEOMETRY
13	304	241	-0.01120362056421979	DESCRIPTIVE_ONLY_OBSERVER_SCALE_GEOMETRY
13	305	241	-0.01581418306652284	DESCRIPTIVE_ONLY_OBSERVER_SCALE_GEOMETRY
13	306	241	-0.035057912960552474	DESCRIPTIVE_ONLY_OBSERVER_SCALE_GEOMETRY
13	307	240	-0.10115975126333045	DESCRIPTIVE_ONLY_OBSERVER_SCALE_GEOMETRY
13	308	240	2.3415697244228344	DESCRIPTIVE_ONLY_OBSERVER_SCALE_GEOMETRY
13	309	240	-11.270384133053023	DESCRIPTIVE_ONLY_OBSERVER_SCALE_GEOMETRY
13	310	240	6.718042587348213	DESCRIPTIVE_ONLY_OBSERVER_SCALE_GEOMETRY
13	311	240	2.2831823463282057	DESCRIPTIVE_ONLY_OBSERVER_SCALE_GEOMETRY
13	312	239	0.19194118000150664	DESCRIPTIVE_ONLY_OBSERVER_SCALE_GEOMETRY
13	313	239	-0.2715151808695235	DESCRIPTIVE_ONLY_OBSERVER_SCALE_GEOMETRY
13	314	239	-0.11091869561125708	DESCRIPTIVE_ONLY_OBSERVER_SCALE_GEOMETRY
13	315	239	-0.0551141515494593	DESCRIPTIVE_ONLY_OBSERVER_SCALE_GEOMETRY
13	316	239	0.036059069102954075	DESCRIPTIVE_ONLY_OBSERVER_SCALE_GEOMETRY
13	317	239	-0.10281505843626054	DESCRIPTIVE_ONLY_OBSERVER_SCALE_GEOMETRY
13	318	239	0.05267114602474085	DESCRIPTIVE_ONLY_OBSERVER_SCALE_GEOMETRY
13	319	239	-0.02107874181708084	DESCRIPTIVE_ONLY_OBSERVER_SCALE_GEOMETRY
13	320	239	-0.0730895416915142	DESCRIPTIVE_ONLY_OBSERVER_SCALE_GEOMETRY
13	321	239	0.0509532524782709	DESCRIPTIVE_ONLY_OBSERVER_SCALE_GEOMETRY
13	322	239	-0.03349644002324539	DESCRIPTIVE_ONLY_OBSERVER_SCALE_GEOMETRY
13	323	239	-0.08619072693824233	DESCRIPTIVE_ONLY_OBSERVER_SCALE_GEOMETRY
13	324	239	0.02260689406564871	DESCRIPTIVE_ONLY_OBSERVER_SCALE_GEOMETRY
13	325	239	-0.08093410978050587	DESCRIPTIVE_ONLY_OBSERVER_SCALE_GEOMETRY
13	326	238	0.046516563178590174	DESCRIPTIVE_ONLY_OBSERVER_SCALE_GEOMETRY
13	327	237	0.7980008768645185	DESCRIPTIVE_ONLY_OBSERVER_SCALE_GEOMETRY
13	328	237	-0.828378562403394	DESCRIPTIVE_ONLY_OBSERVER_SCALE_GEOMETRY
13	329	237	-0.03946130013715838	DESCRIPTIVE_ONLY_OBSERVER_SCALE_GEOMETRY
13	330	237	-0.07246332622185954	DESCRIPTIVE_ONLY_OBSERVER_SCALE_GEOMETRY
13	331	237	0.1111355829602665	DESCRIPTIVE_ONLY_OBSERVER_SCALE_GEOMETRY
13	332	237	-0.053214608001296154	DESCRIPTIVE_ONLY_OBSERVER_SCALE_GEOMETRY
13	333	237	-0.05904114047889673	DESCRIPTIVE_ONLY_OBSERVER_SCALE_GEOMETRY
13	334	237	0.01210433192315467	DESCRIPTIVE_ONLY_OBSERVER_SCALE_GEOMETRY
13	335	237	0.02879710267091242	DESCRIPTIVE_ONLY_OBSERVER_SCALE_GEOMETRY
13	336	237	-0.09791053792610716	DESCRIPTIVE_ONLY_OBSERVER_SCALE_GEOMETRY
13	337	237	0.07948098865753202	DESCRIPTIVE_ONLY_OBSERVER_SCALE_GEOMETRY
13	338	237	-0.13957792522410742	DESCRIPTIVE_ONLY_OBSERVER_SCALE_GEOMETRY
13	339	237	0.1276285068400457	DESCRIPTIVE_ONLY_OBSERVER_SCALE_GEOMETRY
13	340	237	-0.10919850805500621	DESCRIPTIVE_ONLY_OBSERVER_SCALE_GEOMETRY
13	341	237	0.01939055997968485	DESCRIPTIVE_ONLY_OBSERVER_SCALE_GEOMETRY
13	342	237	-0.049174964771107645	DESCRIPTIVE_ONLY_OBSERVER_SCALE_GEOMETRY
13	343	237	0.05874872091239935	DESCRIPTIVE_ONLY_OBSERVER_SCALE_GEOMETRY
13	344	237	-0.027990119426716722	DESCRIPTIVE_ONLY_OBSERVER_SCALE_GEOMETRY
13	345	237	-0.08802253974416306	DESCRIPTIVE_ONLY_OBSERVER_SCALE_GEOMETRY
13	346	237	0.03694285630800153	DESCRIPTIVE_ONLY_OBSERVER_SCALE_GEOMETRY
13	347	237	-0.03926666804122279	DESCRIPTIVE_ONLY_OBSERVER_SCALE_GEOMETRY
13	348	237	0.04484628549417881	DESCRIPTIVE_ONLY_OBSERVER_SCALE_GEOMETRY
13	349	237	-0.004503672468353393	DESCRIPTIVE_ONLY_OBSERVER_SCALE_GEOMETRY
13	350	236	-0.08109477648472387	DESCRIPTIVE_ONLY_OBSERVER_SCALE_GEOMETRY
13	351	236	-0.03099121895345923	DESCRIPTIVE_ONLY_OBSERVER_SCALE_GEOMETRY
13	352	236	0.02516034876876042	DESCRIPTIVE_ONLY_OBSERVER_SCALE_GEOMETRY
13	353	236	-0.047982646390535184	DESCRIPTIVE_ONLY_OBSERVER_SCALE_GEOMETRY
13	354	236	0.09324847028172828	DESCRIPTIVE_ONLY_OBSERVER_SCALE_GEOMETRY
13	355	236	-0.13500168910838067	DESCRIPTIVE_ONLY_OBSERVER_SCALE_GEOMETRY
13	356	236	0.01338901747704	DESCRIPTIVE_ONLY_OBSERVER_SCALE_GEOMETRY
13	357	236	0.07719505462870627	DESCRIPTIVE_ONLY_OBSERVER_SCALE_GEOMETRY
13	358	236	-0.05435471946976	DESCRIPTIVE_ONLY_OBSERVER_SCALE_GEOMETRY
13	359	236	-0.12262166694278682	DESCRIPTIVE_ONLY_OBSERVER_SCALE_GEOMETRY
13	360	235	0.14404100255542243	DESCRIPTIVE_ONLY_OBSERVER_SCALE_GEOMETRY
13	361	235	-0.10500600430334205	DESCRIPTIVE_ONLY_OBSERVER_SCALE_GEOMETRY
13	362	235	0.05455761904062498	DESCRIPTIVE_ONLY_OBSERVER_SCALE_GEOMETRY
13	363	235	-0.1379053186641417	DESCRIPTIVE_ONLY_OBSERVER_SCALE_GEOMETRY
13	364	235	0.12395848320250953	DESCRIPTIVE_ONLY_OBSERVER_SCALE_GEOMETRY
13	365	235	-0.07329703051128868	DESCRIPTIVE_ONLY_OBSERVER_SCALE_GEOMETRY
13	366	235	-0.03342171945070188	DESCRIPTIVE_ONLY_OBSERVER_SCALE_GEOMETRY
13	367	235	0.02048703924417467	DESCRIPTIVE_ONLY_OBSERVER_SCALE_GEOMETRY
13	368	235	0.013925152564984366	DESCRIPTIVE_ONLY_OBSERVER_SCALE_GEOMETRY
13	369	235	-0.05071972900541453	DESCRIPTIVE_ONLY_OBSERVER_SCALE_GEOMETRY
13	370	235	3.977749349437152	DESCRIPTIVE_ONLY_OBSERVER_SCALE_GEOMETRY
13	371	235	-4.084778281149408	DESCRIPTIVE_ONLY_OBSERVER_SCALE_GEOMETRY
13	372	235	0.15248828422395877	DESCRIPTIVE_ONLY_OBSERVER_SCALE_GEOMETRY
13	373	235	-0.19763096742923142	DESCRIPTIVE_ONLY_OBSERVER_SCALE_GEOMETRY
13	374	235	0.12675532757535704	DESCRIPTIVE_ONLY_OBSERVER_SCALE_GEOMETRY
13	375	235	-0.04114234066739166	DESCRIPTIVE_ONLY_OBSERVER_SCALE_GEOMETRY
13	376	235	-0.001705671867129898	DESCRIPTIVE_ONLY_OBSERVER_SCALE_GEOMETRY
14	1	257	0.01278658225129706	DESCRIPTIVE_ONLY_OBSERVER_SCALE_GEOMETRY
14	2	257	-0.03817559073987861	DESCRIPTIVE_ONLY_OBSERVER_SCALE_GEOMETRY
14	3	257	-0.0005283105793416162	DESCRIPTIVE_ONLY_OBSERVER_SCALE_GEOMETRY
14	4	257	0.032382459574243176	DESCRIPTIVE_ONLY_OBSERVER_SCALE_GEOMETRY
14	5	257	-0.2873133206911951	DESCRIPTIVE_ONLY_OBSERVER_SCALE_GEOMETRY
14	6	257	0.6174982807543141	DESCRIPTIVE_ONLY_OBSERVER_SCALE_GEOMETRY
14	7	257	-0.5674748847745846	DESCRIPTIVE_ONLY_OBSERVER_SCALE_GEOMETRY
14	8	257	-0.20478264197197346	DESCRIPTIVE_ONLY_OBSERVER_SCALE_GEOMETRY
14	9	257	2.714259615330317	DESCRIPTIVE_ONLY_OBSERVER_SCALE_GEOMETRY
14	10	257	-2.2287255670904753	DESCRIPTIVE_ONLY_OBSERVER_SCALE_GEOMETRY
14	11	257	-0.047538151869178806	DESCRIPTIVE_ONLY_OBSERVER_SCALE_GEOMETRY
14	12	257	0.04165596422540803	DESCRIPTIVE_ONLY_OBSERVER_SCALE_GEOMETRY
14	13	257	-0.009901285337206408	DESCRIPTIVE_ONLY_OBSERVER_SCALE_GEOMETRY
14	14	257	0.05484381722417262	DESCRIPTIVE_ONLY_OBSERVER_SCALE_GEOMETRY
14	15	257	-0.012721498842631783	DESCRIPTIVE_ONLY_OBSERVER_SCALE_GEOMETRY
14	16	257	-0.01279375255411723	DESCRIPTIVE_ONLY_OBSERVER_SCALE_GEOMETRY
14	17	257	0.017243558323608472	DESCRIPTIVE_ONLY_OBSERVER_SCALE_GEOMETRY
14	18	257	-0.01121223498540342	DESCRIPTIVE_ONLY_OBSERVER_SCALE_GEOMETRY
14	19	257	0.03279732498483251	DESCRIPTIVE_ONLY_OBSERVER_SCALE_GEOMETRY
14	20	256	-0.019982828340858835	DESCRIPTIVE_ONLY_OBSERVER_SCALE_GEOMETRY
14	21	256	0.025360506332216266	DESCRIPTIVE_ONLY_OBSERVER_SCALE_GEOMETRY
14	22	255	0.053594200221925306	DESCRIPTIVE_ONLY_OBSERVER_SCALE_GEOMETRY
14	23	255	-0.0766976627399058	DESCRIPTIVE_ONLY_OBSERVER_SCALE_GEOMETRY
14	24	255	0.0389858750156396	DESCRIPTIVE_ONLY_OBSERVER_SCALE_GEOMETRY
14	25	255	0.010038817145773891	DESCRIPTIVE_ONLY_OBSERVER_SCALE_GEOMETRY
14	26	255	2.9259822789375547	DESCRIPTIVE_ONLY_OBSERVER_SCALE_GEOMETRY
14	27	255	-3.0224936036778973	DESCRIPTIVE_ONLY_OBSERVER_SCALE_GEOMETRY
14	28	255	0.1105405856153471	DESCRIPTIVE_ONLY_OBSERVER_SCALE_GEOMETRY
14	29	255	0.03410655077943931	DESCRIPTIVE_ONLY_OBSERVER_SCALE_GEOMETRY
14	30	255	-0.042626753030500716	DESCRIPTIVE_ONLY_OBSERVER_SCALE_GEOMETRY
14	31	255	0.06731782383895929	DESCRIPTIVE_ONLY_OBSERVER_SCALE_GEOMETRY
14	32	255	8.293102283053804	DESCRIPTIVE_ONLY_OBSERVER_SCALE_GEOMETRY
14	33	255	-7.249841679250145	DESCRIPTIVE_ONLY_OBSERVER_SCALE_GEOMETRY
14	34	255	-1.2486052462809196	DESCRIPTIVE_ONLY_OBSERVER_SCALE_GEOMETRY
14	35	255	-0.09880176376091492	DESCRIPTIVE_ONLY_OBSERVER_SCALE_GEOMETRY
14	36	255	-0.04202410007377538	DESCRIPTIVE_ONLY_OBSERVER_SCALE_GEOMETRY
14	37	255	0.31569551400399876	DESCRIPTIVE_ONLY_OBSERVER_SCALE_GEOMETRY
14	38	254	0.12324140428133244	DESCRIPTIVE_ONLY_OBSERVER_SCALE_GEOMETRY
14	39	254	-0.05505731014245218	DESCRIPTIVE_ONLY_OBSERVER_SCALE_GEOMETRY
14	40	254	0.008269868716611305	DESCRIPTIVE_ONLY_OBSERVER_SCALE_GEOMETRY
14	41	254	0.00882680115104349	DESCRIPTIVE_ONLY_OBSERVER_SCALE_GEOMETRY
14	42	254	0.00307980492026011	DESCRIPTIVE_ONLY_OBSERVER_SCALE_GEOMETRY
14	43	254	-0.0661015345810327	DESCRIPTIVE_ONLY_OBSERVER_SCALE_GEOMETRY
14	44	254	0.09552239386586032	DESCRIPTIVE_ONLY_OBSERVER_SCALE_GEOMETRY
14	45	254	0.025591895462763265	DESCRIPTIVE_ONLY_OBSERVER_SCALE_GEOMETRY
14	46	254	-0.03529437170938291	DESCRIPTIVE_ONLY_OBSERVER_SCALE_GEOMETRY
14	47	254	-0.020265634025517502	DESCRIPTIVE_ONLY_OBSERVER_SCALE_GEOMETRY
14	48	254	0.09627306444314854	DESCRIPTIVE_ONLY_OBSERVER_SCALE_GEOMETRY
14	49	254	-0.05286289240164031	DESCRIPTIVE_ONLY_OBSERVER_SCALE_GEOMETRY
14	50	254	0.08763661036032991	DESCRIPTIVE_ONLY_OBSERVER_SCALE_GEOMETRY
14	51	253	-0.03690228351438062	DESCRIPTIVE_ONLY_OBSERVER_SCALE_GEOMETRY
14	52	253	0.03655025577303318	DESCRIPTIVE_ONLY_OBSERVER_SCALE_GEOMETRY
14	53	253	0.008161713754050698	DESCRIPTIVE_ONLY_OBSERVER_SCALE_GEOMETRY
14	54	253	0.02722258346655398	DESCRIPTIVE_ONLY_OBSERVER_SCALE_GEOMETRY
14	55	253	0.01612793793215235	DESCRIPTIVE_ONLY_OBSERVER_SCALE_GEOMETRY
14	56	253	0.043299345617294774	DESCRIPTIVE_ONLY_OBSERVER_SCALE_GEOMETRY
14	57	253	-0.019664815053002233	DESCRIPTIVE_ONLY_OBSERVER_SCALE_GEOMETRY
14	58	253	0.07542760221916167	DESCRIPTIVE_ONLY_OBSERVER_SCALE_GEOMETRY
14	59	253	-0.01997442679812209	DESCRIPTIVE_ONLY_OBSERVER_SCALE_GEOMETRY
14	60	253	0.016707763898511304	DESCRIPTIVE_ONLY_OBSERVER_SCALE_GEOMETRY
14	61	253	0.029757261699585695	DESCRIPTIVE_ONLY_OBSERVER_SCALE_GEOMETRY
14	62	253	-0.02027474242821928	DESCRIPTIVE_ONLY_OBSERVER_SCALE_GEOMETRY
14	63	253	0.06237432613950994	DESCRIPTIVE_ONLY_OBSERVER_SCALE_GEOMETRY
14	64	253	0.031790919342975434	DESCRIPTIVE_ONLY_OBSERVER_SCALE_GEOMETRY
14	65	253	0.05546937885962235	DESCRIPTIVE_ONLY_OBSERVER_SCALE_GEOMETRY
14	66	253	-0.07531195868079346	DESCRIPTIVE_ONLY_OBSERVER_SCALE_GEOMETRY
14	67	253	-1.2527541054081934	DESCRIPTIVE_ONLY_OBSERVER_SCALE_GEOMETRY
14	68	253	3.091751955586246	DESCRIPTIVE_ONLY_OBSERVER_SCALE_GEOMETRY
14	69	253	-5.315161300677766	DESCRIPTIVE_ONLY_OBSERVER_SCALE_GEOMETRY
14	70	252	2.5962445678076578	DESCRIPTIVE_ONLY_OBSERVER_SCALE_GEOMETRY
14	71	252	1.0810893944037046	DESCRIPTIVE_ONLY_OBSERVER_SCALE_GEOMETRY
14	72	252	0.05248511278109334	DESCRIPTIVE_ONLY_OBSERVER_SCALE_GEOMETRY
14	73	252	-0.07049580338171609	DESCRIPTIVE_ONLY_OBSERVER_SCALE_GEOMETRY
14	74	252	0.12976242387457	DESCRIPTIVE_ONLY_OBSERVER_SCALE_GEOMETRY
14	75	252	-0.02401979855708897	DESCRIPTIVE_ONLY_OBSERVER_SCALE_GEOMETRY
14	76	252	0.016179841534923183	DESCRIPTIVE_ONLY_OBSERVER_SCALE_GEOMETRY
14	77	252	0.05750851325702817	DESCRIPTIVE_ONLY_OBSERVER_SCALE_GEOMETRY
14	78	252	-0.0016600989429235043	DESCRIPTIVE_ONLY_OBSERVER_SCALE_GEOMETRY
14	79	252	0.08831654492149467	DESCRIPTIVE_ONLY_OBSERVER_SCALE_GEOMETRY
14	80	252	-0.03315915787128343	DESCRIPTIVE_ONLY_OBSERVER_SCALE_GEOMETRY
14	81	252	0.02081827518343977	DESCRIPTIVE_ONLY_OBSERVER_SCALE_GEOMETRY
14	82	252	0.06082881740353713	DESCRIPTIVE_ONLY_OBSERVER_SCALE_GEOMETRY
14	83	252	0.04304099158202207	DESCRIPTIVE_ONLY_OBSERVER_SCALE_GEOMETRY
14	84	252	-0.005196235727921733	DESCRIPTIVE_ONLY_OBSERVER_SCALE_GEOMETRY
14	85	252	0.07193835017333403	DESCRIPTIVE_ONLY_OBSERVER_SCALE_GEOMETRY
14	86	252	0.007162686215922465	DESCRIPTIVE_ONLY_OBSERVER_SCALE_GEOMETRY
14	87	252	0.07856261018208127	DESCRIPTIVE_ONLY_OBSERVER_SCALE_GEOMETRY
14	88	252	0.018315907760603933	DESCRIPTIVE_ONLY_OBSERVER_SCALE_GEOMETRY
14	89	252	-0.016058457013519743	DESCRIPTIVE_ONLY_OBSERVER_SCALE_GEOMETRY
14	90	252	0.04237722165353822	DESCRIPTIVE_ONLY_OBSERVER_SCALE_GEOMETRY
14	91	252	0.07215938341702555	DESCRIPTIVE_ONLY_OBSERVER_SCALE_GEOMETRY
14	92	252	-0.08370615795432011	DESCRIPTIVE_ONLY_OBSERVER_SCALE_GEOMETRY
14	93	252	1.9929843273283663	DESCRIPTIVE_ONLY_OBSERVER_SCALE_GEOMETRY
14	94	252	-1.821654895865297	DESCRIPTIVE_ONLY_OBSERVER_SCALE_GEOMETRY
14	95	252	0.039418415032870205	DESCRIPTIVE_ONLY_OBSERVER_SCALE_GEOMETRY
14	96	252	-0.0009368845236181786	DESCRIPTIVE_ONLY_OBSERVER_SCALE_GEOMETRY
14	97	252	-0.05410159408763148	DESCRIPTIVE_ONLY_OBSERVER_SCALE_GEOMETRY
14	98	252	0.11078010725314906	DESCRIPTIVE_ONLY_OBSERVER_SCALE_GEOMETRY
14	99	252	0.011783374960136733	DESCRIPTIVE_ONLY_OBSERVER_SCALE_GEOMETRY
14	100	252	-0.005442213991680249	DESCRIPTIVE_ONLY_OBSERVER_SCALE_GEOMETRY
14	101	252	0.034652153451989555	DESCRIPTIVE_ONLY_OBSERVER_SCALE_GEOMETRY
14	102	252	0.07901974674394459	DESCRIPTIVE_ONLY_OBSERVER_SCALE_GEOMETRY
14	103	252	-0.010432966010615077	DESCRIPTIVE_ONLY_OBSERVER_SCALE_GEOMETRY
14	104	252	0.033064116520016416	DESCRIPTIVE_ONLY_OBSERVER_SCALE_GEOMETRY
14	105	252	0.04696257776374466	DESCRIPTIVE_ONLY_OBSERVER_SCALE_GEOMETRY
14	106	252	0.059319130056081804	DESCRIPTIVE_ONLY_OBSERVER_SCALE_GEOMETRY
14	107	252	-0.05344854973017003	DESCRIPTIVE_ONLY_OBSERVER_SCALE_GEOMETRY
14	108	252	0.06891367234149842	DESCRIPTIVE_ONLY_OBSERVER_SCALE_GEOMETRY
14	109	252	0.06515257463741073	DESCRIPTIVE_ONLY_OBSERVER_SCALE_GEOMETRY
14	110	252	-0.047310269880560744	DESCRIPTIVE_ONLY_OBSERVER_SCALE_GEOMETRY
14	111	252	0.0602138888138961	DESCRIPTIVE_ONLY_OBSERVER_SCALE_GEOMETRY
14	112	252	-0.004615054966454844	DESCRIPTIVE_ONLY_OBSERVER_SCALE_GEOMETRY
14	113	252	0.06931732266963338	DESCRIPTIVE_ONLY_OBSERVER_SCALE_GEOMETRY
14	114	252	0.0723530336260954	DESCRIPTIVE_ONLY_OBSERVER_SCALE_GEOMETRY
14	115	252	-0.07603809340069105	DESCRIPTIVE_ONLY_OBSERVER_SCALE_GEOMETRY
14	116	251	0.06797014678303506	DESCRIPTIVE_ONLY_OBSERVER_SCALE_GEOMETRY
14	117	251	0.07046317533344239	DESCRIPTIVE_ONLY_OBSERVER_SCALE_GEOMETRY
14	118	251	0.02418454275948474	DESCRIPTIVE_ONLY_OBSERVER_SCALE_GEOMETRY
14	119	251	-0.02428523008152764	DESCRIPTIVE_ONLY_OBSERVER_SCALE_GEOMETRY
14	120	251	0.0034275709828204257	DESCRIPTIVE_ONLY_OBSERVER_SCALE_GEOMETRY
14	121	251	0.15499389738918745	DESCRIPTIVE_ONLY_OBSERVER_SCALE_GEOMETRY
14	122	251	-0.10505384634459737	DESCRIPTIVE_ONLY_OBSERVER_SCALE_GEOMETRY
14	123	251	0.06720939296611311	DESCRIPTIVE_ONLY_OBSERVER_SCALE_GEOMETRY
14	124	251	0.0397916668607992	DESCRIPTIVE_ONLY_OBSERVER_SCALE_GEOMETRY
14	125	250	0.005715469068509269	DESCRIPTIVE_ONLY_OBSERVER_SCALE_GEOMETRY
14	126	250	0.10910304739783828	DESCRIPTIVE_ONLY_OBSERVER_SCALE_GEOMETRY
14	127	250	0.45074200278712906	DESCRIPTIVE_ONLY_OBSERVER_SCALE_GEOMETRY
14	128	250	-0.4042316659865001	DESCRIPTIVE_ONLY_OBSERVER_SCALE_GEOMETRY
14	129	250	2.368354867141607	DESCRIPTIVE_ONLY_OBSERVER_SCALE_GEOMETRY
14	130	250	-2.1286101394150667	DESCRIPTIVE_ONLY_OBSERVER_SCALE_GEOMETRY
14	131	250	-0.11759681827348027	DESCRIPTIVE_ONLY_OBSERVER_SCALE_GEOMETRY
14	132	250	-0.06043624078879754	DESCRIPTIVE_ONLY_OBSERVER_SCALE_GEOMETRY
14	133	250	0.09195289739312366	DESCRIPTIVE_ONLY_OBSERVER_SCALE_GEOMETRY
14	134	250	0.09351118247102252	DESCRIPTIVE_ONLY_OBSERVER_SCALE_GEOMETRY
14	135	250	-0.1532164838480463	DESCRIPTIVE_ONLY_OBSERVER_SCALE_GEOMETRY
14	136	250	0.3623334677785964	DESCRIPTIVE_ONLY_OBSERVER_SCALE_GEOMETRY
14	137	249	-0.07274884013955463	DESCRIPTIVE_ONLY_OBSERVER_SCALE_GEOMETRY
14	138	249	-0.32745074744851593	DESCRIPTIVE_ONLY_OBSERVER_SCALE_GEOMETRY
14	139	249	0.1252328368788001	DESCRIPTIVE_ONLY_OBSERVER_SCALE_GEOMETRY
14	140	249	0.08525013164950904	DESCRIPTIVE_ONLY_OBSERVER_SCALE_GEOMETRY
14	141	249	0.04040857636827065	DESCRIPTIVE_ONLY_OBSERVER_SCALE_GEOMETRY
14	142	249	-0.03873742574930097	DESCRIPTIVE_ONLY_OBSERVER_SCALE_GEOMETRY
14	143	249	0.07202536890235012	DESCRIPTIVE_ONLY_OBSERVER_SCALE_GEOMETRY
14	144	249	-0.001519817010720258	DESCRIPTIVE_ONLY_OBSERVER_SCALE_GEOMETRY
14	145	249	0.035961577650706525	DESCRIPTIVE_ONLY_OBSERVER_SCALE_GEOMETRY
14	146	249	1.1240953615507687	DESCRIPTIVE_ONLY_OBSERVER_SCALE_GEOMETRY
14	147	249	-1.0753025415656992	DESCRIPTIVE_ONLY_OBSERVER_SCALE_GEOMETRY
14	148	248	0.042856355027624415	DESCRIPTIVE_ONLY_OBSERVER_SCALE_GEOMETRY
14	149	248	0.02514337775267448	DESCRIPTIVE_ONLY_OBSERVER_SCALE_GEOMETRY
14	150	248	0.006619616137215632	DESCRIPTIVE_ONLY_OBSERVER_SCALE_GEOMETRY
14	151	248	0.00932618277157408	DESCRIPTIVE_ONLY_OBSERVER_SCALE_GEOMETRY
14	152	248	0.0245473822011593	DESCRIPTIVE_ONLY_OBSERVER_SCALE_GEOMETRY
14	153	248	-0.1365787963471349	DESCRIPTIVE_ONLY_OBSERVER_SCALE_GEOMETRY
14	154	248	0.09078665405889912	DESCRIPTIVE_ONLY_OBSERVER_SCALE_GEOMETRY
14	155	248	0.048634432950872566	DESCRIPTIVE_ONLY_OBSERVER_SCALE_GEOMETRY
14	156	248	0.17950036842337452	DESCRIPTIVE_ONLY_OBSERVER_SCALE_GEOMETRY
14	157	248	0.044928010200810845	DESCRIPTIVE_ONLY_OBSERVER_SCALE_GEOMETRY
14	158	248	-0.08685106164796937	DESCRIPTIVE_ONLY_OBSERVER_SCALE_GEOMETRY
14	159	248	0.010819328030899255	DESCRIPTIVE_ONLY_OBSERVER_SCALE_GEOMETRY
14	160	248	0.08343863611984258	DESCRIPTIVE_ONLY_OBSERVER_SCALE_GEOMETRY
14	161	248	-0.014792787263322995	DESCRIPTIVE_ONLY_OBSERVER_SCALE_GEOMETRY
14	162	248	0.06085894559663884	DESCRIPTIVE_ONLY_OBSERVER_SCALE_GEOMETRY
14	163	248	-0.035461006831780786	DESCRIPTIVE_ONLY_OBSERVER_SCALE_GEOMETRY
14	164	248	0.040897423260965696	DESCRIPTIVE_ONLY_OBSERVER_SCALE_GEOMETRY
14	165	248	0.0316672061860558	DESCRIPTIVE_ONLY_OBSERVER_SCALE_GEOMETRY
14	166	248	0.06424763070103334	DESCRIPTIVE_ONLY_OBSERVER_SCALE_GEOMETRY
14	167	248	-0.004249270411256941	DESCRIPTIVE_ONLY_OBSERVER_SCALE_GEOMETRY
14	168	248	0.0017954813506922567	DESCRIPTIVE_ONLY_OBSERVER_SCALE_GEOMETRY
14	169	248	0.07956271066352859	DESCRIPTIVE_ONLY_OBSERVER_SCALE_GEOMETRY
14	170	248	0.011795967949126539	DESCRIPTIVE_ONLY_OBSERVER_SCALE_GEOMETRY
14	171	248	-0.06947287342964953	DESCRIPTIVE_ONLY_OBSERVER_SCALE_GEOMETRY
14	172	248	0.11790283953014379	DESCRIPTIVE_ONLY_OBSERVER_SCALE_GEOMETRY
14	173	248	0.03840230499721492	DESCRIPTIVE_ONLY_OBSERVER_SCALE_GEOMETRY
14	174	248	-0.026374097373384756	DESCRIPTIVE_ONLY_OBSERVER_SCALE_GEOMETRY
14	175	248	0.08736906304642714	DESCRIPTIVE_ONLY_OBSERVER_SCALE_GEOMETRY
14	176	248	-0.030089491944989846	DESCRIPTIVE_ONLY_OBSERVER_SCALE_GEOMETRY
14	177	248	0.06443617400385311	DESCRIPTIVE_ONLY_OBSERVER_SCALE_GEOMETRY
14	178	248	0.005865159791945358	DESCRIPTIVE_ONLY_OBSERVER_SCALE_GEOMETRY
14	179	248	-0.019270367901892328	DESCRIPTIVE_ONLY_OBSERVER_SCALE_GEOMETRY
14	180	248	0.05959330171408415	DESCRIPTIVE_ONLY_OBSERVER_SCALE_GEOMETRY
14	181	248	0.03350429375192934	DESCRIPTIVE_ONLY_OBSERVER_SCALE_GEOMETRY
14	182	248	0.035415828842711064	DESCRIPTIVE_ONLY_OBSERVER_SCALE_GEOMETRY
14	183	248	0.014946808258076526	DESCRIPTIVE_ONLY_OBSERVER_SCALE_GEOMETRY
14	184	248	0.03104911862253094	DESCRIPTIVE_ONLY_OBSERVER_SCALE_GEOMETRY
14	185	248	-0.009422044099630955	DESCRIPTIVE_ONLY_OBSERVER_SCALE_GEOMETRY
14	186	248	0.06965134353187755	DESCRIPTIVE_ONLY_OBSERVER_SCALE_GEOMETRY
14	187	247	1.3324404662131648	DESCRIPTIVE_ONLY_OBSERVER_SCALE_GEOMETRY
14	188	247	-5.332470308368908	DESCRIPTIVE_ONLY_OBSERVER_SCALE_GEOMETRY
14	189	247	4.34939064226858	DESCRIPTIVE_ONLY_OBSERVER_SCALE_GEOMETRY
14	190	247	-0.07616959060954073	DESCRIPTIVE_ONLY_OBSERVER_SCALE_GEOMETRY
14	191	247	-0.13696982462534987	DESCRIPTIVE_ONLY_OBSERVER_SCALE_GEOMETRY
14	192	247	-0.22606330924038998	DESCRIPTIVE_ONLY_OBSERVER_SCALE_GEOMETRY
14	193	247	-0.3565798108591751	DESCRIPTIVE_ONLY_OBSERVER_SCALE_GEOMETRY
14	194	247	0.7172344254504429	DESCRIPTIVE_ONLY_OBSERVER_SCALE_GEOMETRY
14	195	247	0.15837760005230397	DESCRIPTIVE_ONLY_OBSERVER_SCALE_GEOMETRY
14	196	247	-0.3766428696776471	DESCRIPTIVE_ONLY_OBSERVER_SCALE_GEOMETRY
14	197	247	0.24408230725043403	DESCRIPTIVE_ONLY_OBSERVER_SCALE_GEOMETRY
14	198	247	0.007117312262387934	DESCRIPTIVE_ONLY_OBSERVER_SCALE_GEOMETRY
14	199	247	0.03616070992305143	DESCRIPTIVE_ONLY_OBSERVER_SCALE_GEOMETRY
14	200	247	0.04458231215692057	DESCRIPTIVE_ONLY_OBSERVER_SCALE_GEOMETRY
14	201	246	0.05520483700844786	DESCRIPTIVE_ONLY_OBSERVER_SCALE_GEOMETRY
14	202	246	0.0072247597966925165	DESCRIPTIVE_ONLY_OBSERVER_SCALE_GEOMETRY
14	203	246	0.006444466083593749	DESCRIPTIVE_ONLY_OBSERVER_SCALE_GEOMETRY
14	204	246	0.01993829270753327	DESCRIPTIVE_ONLY_OBSERVER_SCALE_GEOMETRY
14	205	246	0.0010082105497315975	DESCRIPTIVE_ONLY_OBSERVER_SCALE_GEOMETRY
14	206	246	-0.0025743138829688855	DESCRIPTIVE_ONLY_OBSERVER_SCALE_GEOMETRY
14	207	246	0.22223786064713683	DESCRIPTIVE_ONLY_OBSERVER_SCALE_GEOMETRY
14	208	246	-0.0845083017384298	DESCRIPTIVE_ONLY_OBSERVER_SCALE_GEOMETRY
14	209	246	0.08047560924345473	DESCRIPTIVE_ONLY_OBSERVER_SCALE_GEOMETRY
14	210	246	-0.02007116465404001	DESCRIPTIVE_ONLY_OBSERVER_SCALE_GEOMETRY
14	211	246	-0.00999340485193534	DESCRIPTIVE_ONLY_OBSERVER_SCALE_GEOMETRY
14	212	246	0.13232813550648848	DESCRIPTIVE_ONLY_OBSERVER_SCALE_GEOMETRY
14	213	246	-0.07228606821580152	DESCRIPTIVE_ONLY_OBSERVER_SCALE_GEOMETRY
14	214	246	0.12352929773562965	DESCRIPTIVE_ONLY_OBSERVER_SCALE_GEOMETRY
14	215	246	-0.05704498361209236	DESCRIPTIVE_ONLY_OBSERVER_SCALE_GEOMETRY
14	216	246	0.057569034445484765	DESCRIPTIVE_ONLY_OBSERVER_SCALE_GEOMETRY
14	217	246	0.1062495485727384	DESCRIPTIVE_ONLY_OBSERVER_SCALE_GEOMETRY
14	218	246	-0.06842196367570863	DESCRIPTIVE_ONLY_OBSERVER_SCALE_GEOMETRY
14	219	246	0.09006533958655528	DESCRIPTIVE_ONLY_OBSERVER_SCALE_GEOMETRY
14	220	246	0.008465703680758985	DESCRIPTIVE_ONLY_OBSERVER_SCALE_GEOMETRY
14	221	246	0.006931884086746728	DESCRIPTIVE_ONLY_OBSERVER_SCALE_GEOMETRY
14	222	246	0.16427143972849015	DESCRIPTIVE_ONLY_OBSERVER_SCALE_GEOMETRY
14	223	246	-0.1156639214507945	DESCRIPTIVE_ONLY_OBSERVER_SCALE_GEOMETRY
14	224	246	-0.02177300798660947	DESCRIPTIVE_ONLY_OBSERVER_SCALE_GEOMETRY
14	225	246	0.1266320858838838	DESCRIPTIVE_ONLY_OBSERVER_SCALE_GEOMETRY
14	226	246	0.08446817694284207	DESCRIPTIVE_ONLY_OBSERVER_SCALE_GEOMETRY
14	227	246	-0.12299036898910173	DESCRIPTIVE_ONLY_OBSERVER_SCALE_GEOMETRY
14	228	246	0.10090293024283468	DESCRIPTIVE_ONLY_OBSERVER_SCALE_GEOMETRY
14	229	246	0.04432267725480715	DESCRIPTIVE_ONLY_OBSERVER_SCALE_GEOMETRY
14	230	246	0.04140918934283246	DESCRIPTIVE_ONLY_OBSERVER_SCALE_GEOMETRY
14	231	246	-0.010847160014627356	DESCRIPTIVE_ONLY_OBSERVER_SCALE_GEOMETRY
14	232	246	0.10451680472487661	DESCRIPTIVE_ONLY_OBSERVER_SCALE_GEOMETRY
14	233	246	0.05281241421002119	DESCRIPTIVE_ONLY_OBSERVER_SCALE_GEOMETRY
14	234	246	-0.050388528396906676	DESCRIPTIVE_ONLY_OBSERVER_SCALE_GEOMETRY
14	235	246	-0.03763614318188504	DESCRIPTIVE_ONLY_OBSERVER_SCALE_GEOMETRY
14	236	246	0.14920199391613645	DESCRIPTIVE_ONLY_OBSERVER_SCALE_GEOMETRY
14	237	246	-0.032138967616479545	DESCRIPTIVE_ONLY_OBSERVER_SCALE_GEOMETRY
14	238	246	-0.01884668598473121	DESCRIPTIVE_ONLY_OBSERVER_SCALE_GEOMETRY
14	239	246	0.17408878724845933	DESCRIPTIVE_ONLY_OBSERVER_SCALE_GEOMETRY
14	240	246	-0.08515686659446069	DESCRIPTIVE_ONLY_OBSERVER_SCALE_GEOMETRY
14	241	246	0.08047342469092802	DESCRIPTIVE_ONLY_OBSERVER_SCALE_GEOMETRY
14	242	246	0.02422291161403454	DESCRIPTIVE_ONLY_OBSERVER_SCALE_GEOMETRY
14	243	246	0.04233427170529913	DESCRIPTIVE_ONLY_OBSERVER_SCALE_GEOMETRY
14	244	246	-0.023124111311574616	DESCRIPTIVE_ONLY_OBSERVER_SCALE_GEOMETRY
14	245	246	0.07106502519987333	DESCRIPTIVE_ONLY_OBSERVER_SCALE_GEOMETRY
14	246	246	-0.025475185708201484	DESCRIPTIVE_ONLY_OBSERVER_SCALE_GEOMETRY
14	247	246	0.1684539164845278	DESCRIPTIVE_ONLY_OBSERVER_SCALE_GEOMETRY
14	248	246	-0.08635105564615994	DESCRIPTIVE_ONLY_OBSERVER_SCALE_GEOMETRY
14	249	246	-2.268000981455099	DESCRIPTIVE_ONLY_OBSERVER_SCALE_GEOMETRY
14	250	246	3.0755696528639254	DESCRIPTIVE_ONLY_OBSERVER_SCALE_GEOMETRY
14	251	246	-0.5902654916064218	DESCRIPTIVE_ONLY_OBSERVER_SCALE_GEOMETRY
14	252	245	0.21453545985506675	DESCRIPTIVE_ONLY_OBSERVER_SCALE_GEOMETRY
14	253	245	-0.01801299720158341	DESCRIPTIVE_ONLY_OBSERVER_SCALE_GEOMETRY
14	254	245	-0.18088869486359124	DESCRIPTIVE_ONLY_OBSERVER_SCALE_GEOMETRY
14	255	245	-0.011090786038299735	DESCRIPTIVE_ONLY_OBSERVER_SCALE_GEOMETRY
14	256	245	0.10233124050212014	DESCRIPTIVE_ONLY_OBSERVER_SCALE_GEOMETRY
14	257	245	-0.048794721001374344	DESCRIPTIVE_ONLY_OBSERVER_SCALE_GEOMETRY
14	258	245	0.1394680797663232	DESCRIPTIVE_ONLY_OBSERVER_SCALE_GEOMETRY
14	259	245	-0.05212720958492005	DESCRIPTIVE_ONLY_OBSERVER_SCALE_GEOMETRY
14	260	245	0.07376209918697792	DESCRIPTIVE_ONLY_OBSERVER_SCALE_GEOMETRY
14	261	245	0.039810283468722216	DESCRIPTIVE_ONLY_OBSERVER_SCALE_GEOMETRY
14	262	245	-0.01796242422197084	DESCRIPTIVE_ONLY_OBSERVER_SCALE_GEOMETRY
14	263	245	0.13752779653140082	DESCRIPTIVE_ONLY_OBSERVER_SCALE_GEOMETRY
14	264	244	-0.08803264335450624	DESCRIPTIVE_ONLY_OBSERVER_SCALE_GEOMETRY
14	265	244	0.15575142035938447	DESCRIPTIVE_ONLY_OBSERVER_SCALE_GEOMETRY
14	266	243	0.5255252109995103	DESCRIPTIVE_ONLY_OBSERVER_SCALE_GEOMETRY
14	267	243	-0.3922676301138351	DESCRIPTIVE_ONLY_OBSERVER_SCALE_GEOMETRY
14	268	242	-0.1174647490991744	DESCRIPTIVE_ONLY_OBSERVER_SCALE_GEOMETRY
14	269	242	0.1765875173827555	DESCRIPTIVE_ONLY_OBSERVER_SCALE_GEOMETRY
14	270	242	-0.15637411755704209	DESCRIPTIVE_ONLY_OBSERVER_SCALE_GEOMETRY
14	271	242	0.23746710220310685	DESCRIPTIVE_ONLY_OBSERVER_SCALE_GEOMETRY
14	272	242	-0.08397298447004785	DESCRIPTIVE_ONLY_OBSERVER_SCALE_GEOMETRY
14	273	242	0.1342208987971735	DESCRIPTIVE_ONLY_OBSERVER_SCALE_GEOMETRY
14	274	242	-0.055730439337411945	DESCRIPTIVE_ONLY_OBSERVER_SCALE_GEOMETRY
14	275	242	0.08553364164259998	DESCRIPTIVE_ONLY_OBSERVER_SCALE_GEOMETRY
14	276	242	0.05956933725848802	DESCRIPTIVE_ONLY_OBSERVER_SCALE_GEOMETRY
14	277	242	0.08218471060890102	DESCRIPTIVE_ONLY_OBSERVER_SCALE_GEOMETRY
14	278	242	-0.035080691656099665	DESCRIPTIVE_ONLY_OBSERVER_SCALE_GEOMETRY
14	279	242	0.0803441126122886	DESCRIPTIVE_ONLY_OBSERVER_SCALE_GEOMETRY
14	280	242	-0.027688270788314415	DESCRIPTIVE_ONLY_OBSERVER_SCALE_GEOMETRY
14	281	242	0.09302995059304477	DESCRIPTIVE_ONLY_OBSERVER_SCALE_GEOMETRY
14	282	242	-0.006021222208622418	DESCRIPTIVE_ONLY_OBSERVER_SCALE_GEOMETRY
14	283	242	0.07881294002439528	DESCRIPTIVE_ONLY_OBSERVER_SCALE_GEOMETRY
14	284	242	-0.03350309681017357	DESCRIPTIVE_ONLY_OBSERVER_SCALE_GEOMETRY
14	285	242	0.11025611023019163	DESCRIPTIVE_ONLY_OBSERVER_SCALE_GEOMETRY
14	286	242	0.13399264662786087	DESCRIPTIVE_ONLY_OBSERVER_SCALE_GEOMETRY
14	287	242	-0.11995462313378982	DESCRIPTIVE_ONLY_OBSERVER_SCALE_GEOMETRY
14	288	242	0.1420300663915847	DESCRIPTIVE_ONLY_OBSERVER_SCALE_GEOMETRY
14	289	242	0.021394351104690363	DESCRIPTIVE_ONLY_OBSERVER_SCALE_GEOMETRY
14	290	242	0.0024906825837168038	DESCRIPTIVE_ONLY_OBSERVER_SCALE_GEOMETRY
14	291	242	0.01605688839582013	DESCRIPTIVE_ONLY_OBSERVER_SCALE_GEOMETRY
14	292	242	0.16180067399114326	DESCRIPTIVE_ONLY_OBSERVER_SCALE_GEOMETRY
14	293	242	-0.01583993712932337	DESCRIPTIVE_ONLY_OBSERVER_SCALE_GEOMETRY
14	294	242	0.02765996860681099	DESCRIPTIVE_ONLY_OBSERVER_SCALE_GEOMETRY
14	295	242	0.038816940096151484	DESCRIPTIVE_ONLY_OBSERVER_SCALE_GEOMETRY
14	296	242	0.11772574596543377	DESCRIPTIVE_ONLY_OBSERVER_SCALE_GEOMETRY
14	297	241	-0.10486890974230428	DESCRIPTIVE_ONLY_OBSERVER_SCALE_GEOMETRY
14	298	241	0.21163786933365653	DESCRIPTIVE_ONLY_OBSERVER_SCALE_GEOMETRY
14	299	241	-0.08012258874777846	DESCRIPTIVE_ONLY_OBSERVER_SCALE_GEOMETRY
14	300	241	0.053441009492249274	DESCRIPTIVE_ONLY_OBSERVER_SCALE_GEOMETRY
14	301	241	0.05924452999326653	DESCRIPTIVE_ONLY_OBSERVER_SCALE_GEOMETRY
14	302	241	0.044387662837344376	DESCRIPTIVE_ONLY_OBSERVER_SCALE_GEOMETRY
14	303	241	0.06139184634329738	DESCRIPTIVE_ONLY_OBSERVER_SCALE_GEOMETRY
14	304	241	0.05364207980841401	DESCRIPTIVE_ONLY_OBSERVER_SCALE_GEOMETRY
14	305	241	0.036689423295412985	DESCRIPTIVE_ONLY_OBSERVER_SCALE_GEOMETRY
14	306	240	-0.03232084498791506	DESCRIPTIVE_ONLY_OBSERVER_SCALE_GEOMETRY
14	307	240	2.41225319404891	DESCRIPTIVE_ONLY_OBSERVER_SCALE_GEOMETRY
14	308	240	-11.199247815496822	DESCRIPTIVE_ONLY_OBSERVER_SCALE_GEOMETRY
14	309	240	6.790155380037002	DESCRIPTIVE_ONLY_OBSERVER_SCALE_GEOMETRY
14	310	240	2.3549634871788143	DESCRIPTIVE_ONLY_OBSERVER_SCALE_GEOMETRY
14	311	239	0.26380912775609705	DESCRIPTIVE_ONLY_OBSERVER_SCALE_GEOMETRY
14	312	239	-0.20024076927788323	DESCRIPTIVE_ONLY_OBSERVER_SCALE_GEOMETRY
14	313	239	-0.03888739690803724	DESCRIPTIVE_ONLY_OBSERVER_SCALE_GEOMETRY
14	314	239	0.016836611922682647	DESCRIPTIVE_ONLY_OBSERVER_SCALE_GEOMETRY
14	315	239	0.10798461853213835	DESCRIPTIVE_ONLY_OBSERVER_SCALE_GEOMETRY
14	316	239	-0.03201520119703361	DESCRIPTIVE_ONLY_OBSERVER_SCALE_GEOMETRY
14	317	239	0.1236069646744388	DESCRIPTIVE_ONLY_OBSERVER_SCALE_GEOMETRY
14	318	239	0.049228431068809586	DESCRIPTIVE_ONLY_OBSERVER_SCALE_GEOMETRY
14	319	239	-0.003202879538886501	DESCRIPTIVE_ONLY_OBSERVER_SCALE_GEOMETRY
14	320	239	0.12207564797995325	DESCRIPTIVE_ONLY_OBSERVER_SCALE_GEOMETRY
14	321	239	0.037164201053697374	DESCRIPTIVE_ONLY_OBSERVER_SCALE_GEOMETRY
14	322	239	-0.014073397937105077	DESCRIPTIVE_ONLY_OBSERVER_SCALE_GEOMETRY
14	323	239	0.09581200977615316	DESCRIPTIVE_ONLY_OBSERVER_SCALE_GEOMETRY
14	324	239	-0.009283144999609293	DESCRIPTIVE_ONLY_OBSERVER_SCALE_GEOMETRY
14	325	238	0.1044560161028937	DESCRIPTIVE_ONLY_OBSERVER_SCALE_GEOMETRY
14	326	237	0.8560979849560167	DESCRIPTIVE_ONLY_OBSERVER_SCALE_GEOMETRY
14	327	237	-0.7699294731052901	DESCRIPTIVE_ONLY_OBSERVER_SCALE_GEOMETRY
14	328	237	0.016670831305194186	DESCRIPTIVE_ONLY_OBSERVER_SCALE_GEOMETRY
14	329	237	-0.016061392010756573	DESCRIPTIVE_ONLY_OBSERVER_SCALE_GEOMETRY
14	330	237	0.1660882088884445	DESCRIPTIVE_ONLY_OBSERVER_SCALE_GEOMETRY
14	331	237	0.0011091339749612133	DESCRIPTIVE_ONLY_OBSERVER_SCALE_GEOMETRY
14	332	237	-0.0019299245722382802	DESCRIPTIVE_ONLY_OBSERVER_SCALE_GEOMETRY
14	333	237	0.06587333269046994	DESCRIPTIVE_ONLY_OBSERVER_SCALE_GEOMETRY
14	334	237	0.08292224530436489	DESCRIPTIVE_ONLY_OBSERVER_SCALE_GEOMETRY
14	335	237	-0.041801424751268135	DESCRIPTIVE_ONLY_OBSERVER_SCALE_GEOMETRY
14	336	237	0.13492491850010332	DESCRIPTIVE_ONLY_OBSERVER_SCALE_GEOMETRY
14	337	237	-0.08386523442403647	DESCRIPTIVE_ONLY_OBSERVER_SCALE_GEOMETRY
14	338	237	0.18368133449123838	DESCRIPTIVE_ONLY_OBSERVER_SCALE_GEOMETRY
14	339	237	-0.05352289406773176	DESCRIPTIVE_ONLY_OBSERVER_SCALE_GEOMETRY
14	340	237	0.07632151895953869	DESCRIPTIVE_ONLY_OBSERVER_SCALE_GEOMETRY
14	341	237	0.0068214807989346714	DESCRIPTIVE_ONLY_OBSERVER_SCALE_GEOMETRY
14	342	237	0.11157149169061287	DESCRIPTIVE_ONLY_OBSERVER_SCALE_GEOMETRY
14	343	237	0.02775986340257519	DESCRIPTIVE_ONLY_OBSERVER_SCALE_GEOMETRY
14	344	237	-0.032901808654672286	DESCRIPTIVE_ONLY_OBSERVER_SCALE_GEOMETRY
14	345	237	0.09135586844281582	DESCRIPTIVE_ONLY_OBSERVER_SCALE_GEOMETRY
14	346	237	0.012098739636433218	DESCRIPTIVE_ONLY_OBSERVER_SCALE_GEOMETRY
14	347	237	0.09626800662988239	DESCRIPTIVE_ONLY_OBSERVER_SCALE_GEOMETRY
14	348	237	0.047922640901468784	DESCRIPTIVE_ONLY_OBSERVER_SCALE_GEOMETRY
14	349	236	-0.027966980311801053	DESCRIPTIVE_ONLY_OBSERVER_SCALE_GEOMETRY
14	350	236	0.022396244434593326	DESCRIPTIVE_ONLY_OBSERVER_SCALE_GEOMETRY
14	351	236	0.07796082458020702	DESCRIPTIVE_ONLY_OBSERVER_SCALE_GEOMETRY
14	352	236	0.005351850027429095	DESCRIPTIVE_ONLY_OBSERVER_SCALE_GEOMETRY
14	353	236	0.14941508580129337	DESCRIPTIVE_ONLY_OBSERVER_SCALE_GEOMETRY
14	354	236	-0.07680170960827776	DESCRIPTIVE_ONLY_OBSERVER_SCALE_GEOMETRY
14	355	236	0.07017813053726574	DESCRIPTIVE_ONLY_OBSERVER_SCALE_GEOMETRY
14	356	236	0.13190496838325128	DESCRIPTIVE_ONLY_OBSERVER_SCALE_GEOMETRY
14	357	236	0.003506571012240937	DESCRIPTIVE_ONLY_OBSERVER_SCALE_GEOMETRY
14	358	236	-0.06481822269470078	DESCRIPTIVE_ONLY_OBSERVER_SCALE_GEOMETRY
14	359	235	0.2012341359138037	DESCRIPTIVE_ONLY_OBSERVER_SCALE_GEOMETRY
14	360	235	-0.047501315782976054	DESCRIPTIVE_ONLY_OBSERVER_SCALE_GEOMETRY
14	361	235	0.10993985283787633	DESCRIPTIVE_ONLY_OBSERVER_SCALE_GEOMETRY
14	362	235	-0.08077979483120618	DESCRIPTIVE_ONLY_OBSERVER_SCALE_GEOMETRY
14	363	235	0.1808347470627579	DESCRIPTIVE_ONLY_OBSERVER_SCALE_GEOMETRY
14	364	235	-0.017868340771566394	DESCRIPTIVE_ONLY_OBSERVER_SCALE_GEOMETRY
14	365	235	0.02314445233290928	DESCRIPTIVE_ONLY_OBSERVER_SCALE_GEOMETRY
14	366	235	0.07659362768333167	DESCRIPTIVE_ONLY_OBSERVER_SCALE_GEOMETRY
14	367	235	0.06495932193250906	DESCRIPTIVE_ONLY_OBSERVER_SCALE_GEOMETRY
14	368	235	-0.000112332933253279	DESCRIPTIVE_ONLY_OBSERVER_SCALE_GEOMETRY
14	369	235	4.02864838868894	DESCRIPTIVE_ONLY_OBSERVER_SCALE_GEOMETRY
14	370	235	-4.036196612277138	DESCRIPTIVE_ONLY_OBSERVER_SCALE_GEOMETRY
14	371	235	0.2056732779303056	DESCRIPTIVE_ONLY_OBSERVER_SCALE_GEOMETRY
14	372	235	-0.14518222485992852	DESCRIPTIVE_ONLY_OBSERVER_SCALE_GEOMETRY
14	373	235	0.17413956754097054	DESCRIPTIVE_ONLY_OBSERVER_SCALE_GEOMETRY
14	374	235	0.00707149963610698	DESCRIPTIVE_ONLY_OBSERVER_SCALE_GEOMETRY
14	375	235	0.04484577136842574	DESCRIPTIVE_ONLY_OBSERVER_SCALE_GEOMETRY
15	1	257	-0.03747846458517539	DESCRIPTIVE_ONLY_OBSERVER_SCALE_GEOMETRY
15	2	257	-0.00479176465400762	DESCRIPTIVE_ONLY_OBSERVER_SCALE_GEOMETRY
15	3	257	0.030210682658732276	DESCRIPTIVE_ONLY_OBSERVER_SCALE_GEOMETRY
15	4	257	-0.291851617439196	DESCRIPTIVE_ONLY_OBSERVER_SCALE_GEOMETRY
15	5	257	0.6137873570355105	DESCRIPTIVE_ONLY_OBSERVER_SCALE_GEOMETRY
15	6	257	-0.5705584118060996	DESCRIPTIVE_ONLY_OBSERVER_SCALE_GEOMETRY
15	7	257	-0.21187813744590395	DESCRIPTIVE_ONLY_OBSERVER_SCALE_GEOMETRY
15	8	257	2.7073050657690763	DESCRIPTIVE_ONLY_OBSERVER_SCALE_GEOMETRY
15	9	257	-2.2375860183541807	DESCRIPTIVE_ONLY_OBSERVER_SCALE_GEOMETRY
15	10	257	-0.05843221147225705	DESCRIPTIVE_ONLY_OBSERVER_SCALE_GEOMETRY
15	11	257	0.0329961533280812	DESCRIPTIVE_ONLY_OBSERVER_SCALE_GEOMETRY
15	12	257	-0.01808816294438809	DESCRIPTIVE_ONLY_OBSERVER_SCALE_GEOMETRY
15	13	257	0.04170047862004314	DESCRIPTIVE_ONLY_OBSERVER_SCALE_GEOMETRY
15	14	257	-0.025143815577564548	DESCRIPTIVE_ONLY_OBSERVER_SCALE_GEOMETRY
15	15	257	-0.02408006816847858	DESCRIPTIVE_ONLY_OBSERVER_SCALE_GEOMETRY
15	16	257	0.005744009834842684	DESCRIPTIVE_ONLY_OBSERVER_SCALE_GEOMETRY
15	17	257	-0.020612206031765962	DESCRIPTIVE_ONLY_OBSERVER_SCALE_GEOMETRY
15	18	257	0.0274006359301517	DESCRIPTIVE_ONLY_OBSERVER_SCALE_GEOMETRY
15	19	256	-0.023796177483149866	DESCRIPTIVE_ONLY_OBSERVER_SCALE_GEOMETRY
15	20	256	0.020446523991287317	DESCRIPTIVE_ONLY_OBSERVER_SCALE_GEOMETRY
15	21	255	0.0450331764916292	DESCRIPTIVE_ONLY_OBSERVER_SCALE_GEOMETRY
15	22	255	-0.082806775640185	DESCRIPTIVE_ONLY_OBSERVER_SCALE_GEOMETRY
15	23	255	0.03265463582993097	DESCRIPTIVE_ONLY_OBSERVER_SCALE_GEOMETRY
15	24	255	0.008353042133774493	DESCRIPTIVE_ONLY_OBSERVER_SCALE_GEOMETRY
15	25	255	2.9223551187871917	DESCRIPTIVE_ONLY_OBSERVER_SCALE_GEOMETRY
15	26	255	-3.0257514515275403	DESCRIPTIVE_ONLY_OBSERVER_SCALE_GEOMETRY
15	27	255	0.1056745338079482	DESCRIPTIVE_ONLY_OBSERVER_SCALE_GEOMETRY
15	28	255	0.03168385808618469	DESCRIPTIVE_ONLY_OBSERVER_SCALE_GEOMETRY
15	29	255	-0.04139612556040188	DESCRIPTIVE_ONLY_OBSERVER_SCALE_GEOMETRY
15	30	255	0.06481827797410702	DESCRIPTIVE_ONLY_OBSERVER_SCALE_GEOMETRY
15	31	255	8.291707189846536	DESCRIPTIVE_ONLY_OBSERVER_SCALE_GEOMETRY
15	32	255	-7.25248238462485	DESCRIPTIVE_ONLY_OBSERVER_SCALE_GEOMETRY
15	33	255	-1.2512681294918595	DESCRIPTIVE_ONLY_OBSERVER_SCALE_GEOMETRY
15	34	255	-0.10105551322782182	DESCRIPTIVE_ONLY_OBSERVER_SCALE_GEOMETRY
15	35	255	-0.04188009004286636	DESCRIPTIVE_ONLY_OBSERVER_SCALE_GEOMETRY
15	36	255	0.31283583559376865	DESCRIPTIVE_ONLY_OBSERVER_SCALE_GEOMETRY
15	37	254	0.11954222042397941	DESCRIPTIVE_ONLY_OBSERVER_SCALE_GEOMETRY
15	38	254	-0.059946460616981945	DESCRIPTIVE_ONLY_OBSERVER_SCALE_GEOMETRY
15	39	254	0.0014521849978629102	DESCRIPTIVE_ONLY_OBSERVER_SCALE_GEOMETRY
15	40	254	0.003125865488878609	DESCRIPTIVE_ONLY_OBSERVER_SCALE_GEOMETRY
15	41	254	-0.005796154598282936	DESCRIPTIVE_ONLY_OBSERVER_SCALE_GEOMETRY
15	42	254	-0.07511072694910836	DESCRIPTIVE_ONLY_OBSERVER_SCALE_GEOMETRY
15	43	254	0.08361404809486817	DESCRIPTIVE_ONLY_OBSERVER_SCALE_GEOMETRY
15	44	254	0.015341546392844496	DESCRIPTIVE_ONLY_OBSERVER_SCALE_GEOMETRY
15	45	254	-0.047171166970654446	DESCRIPTIVE_ONLY_OBSERVER_SCALE_GEOMETRY
15	46	254	-0.035234458523758574	DESCRIPTIVE_ONLY_OBSERVER_SCALE_GEOMETRY
15	47	254	0.0824488393028023	DESCRIPTIVE_ONLY_OBSERVER_SCALE_GEOMETRY
15	48	254	-0.06810110117394412	DESCRIPTIVE_ONLY_OBSERVER_SCALE_GEOMETRY
15	49	254	0.07216111131020699	DESCRIPTIVE_ONLY_OBSERVER_SCALE_GEOMETRY
15	50	253	-0.05395128359756763	DESCRIPTIVE_ONLY_OBSERVER_SCALE_GEOMETRY
15	51	253	0.019235088931227943	DESCRIPTIVE_ONLY_OBSERVER_SCALE_GEOMETRY
15	52	253	-0.014330153991369566	DESCRIPTIVE_ONLY_OBSERVER_SCALE_GEOMETRY
15	53	253	0.003765389685187195	DESCRIPTIVE_ONLY_OBSERVER_SCALE_GEOMETRY
15	54	253	-0.008707311722968378	DESCRIPTIVE_ONLY_OBSERVER_SCALE_GEOMETRY
15	55	253	0.01799854916933562	DESCRIPTIVE_ONLY_OBSERVER_SCALE_GEOMETRY
15	56	253	-0.046564614733364484	DESCRIPTIVE_ONLY_OBSERVER_SCALE_GEOMETRY
15	57	253	0.04920303295832028	DESCRIPTIVE_ONLY_OBSERVER_SCALE_GEOMETRY
15	58	253	-0.050458917622211066	DESCRIPTIVE_ONLY_OBSERVER_SCALE_GEOMETRY
15	59	253	-0.01341016110766468	DESCRIPTIVE_ONLY_OBSERVER_SCALE_GEOMETRY
15	60	253	0.00005147043865684832	DESCRIPTIVE_ONLY_OBSERVER_SCALE_GEOMETRY
15	61	253	-0.049373072487125254	DESCRIPTIVE_ONLY_OBSERVER_SCALE_GEOMETRY
15	62	253	0.03082966634380468	DESCRIPTIVE_ONLY_OBSERVER_SCALE_GEOMETRY
15	63	253	0.0006939682230456682	DESCRIPTIVE_ONLY_OBSERVER_SCALE_GEOMETRY
15	64	253	0.021926115076589356	DESCRIPTIVE_ONLY_OBSERVER_SCALE_GEOMETRY
15	65	253	-0.10992298477605268	DESCRIPTIVE_ONLY_OBSERVER_SCALE_GEOMETRY
15	66	253	-1.2880037682960523	DESCRIPTIVE_ONLY_OBSERVER_SCALE_GEOMETRY
15	67	253	3.0600868995731294	DESCRIPTIVE_ONLY_OBSERVER_SCALE_GEOMETRY
15	68	253	-5.3473184861939	DESCRIPTIVE_ONLY_OBSERVER_SCALE_GEOMETRY
15	69	252	2.562513597577224	DESCRIPTIVE_ONLY_OBSERVER_SCALE_GEOMETRY
15	70	252	1.047067643684174	DESCRIPTIVE_ONLY_OBSERVER_SCALE_GEOMETRY
15	71	252	0.014574822645504472	DESCRIPTIVE_ONLY_OBSERVER_SCALE_GEOMETRY
15	72	252	-0.10812489157157809	DESCRIPTIVE_ONLY_OBSERVER_SCALE_GEOMETRY
15	73	252	0.09355021011130685	DESCRIPTIVE_ONLY_OBSERVER_SCALE_GEOMETRY
15	74	252	-0.060441246055571496	DESCRIPTIVE_ONLY_OBSERVER_SCALE_GEOMETRY
15	75	252	-0.01870899290993552	DESCRIPTIVE_ONLY_OBSERVER_SCALE_GEOMETRY
15	76	252	0.023369652105190916	DESCRIPTIVE_ONLY_OBSERVER_SCALE_GEOMETRY
15	77	252	-0.037983036508977275	DESCRIPTIVE_ONLY_OBSERVER_SCALE_GEOMETRY
15	78	252	0.05167288771241526	DESCRIPTIVE_ONLY_OBSERVER_SCALE_GEOMETRY
15	79	252	-0.07035674092725125	DESCRIPTIVE_ONLY_OBSERVER_SCALE_GEOMETRY
15	80	252	-0.01740790933018532	DESCRIPTIVE_ONLY_OBSERVER_SCALE_GEOMETRY
15	81	252	0.024249027735112883	DESCRIPTIVE_ONLY_OBSERVER_SCALE_GEOMETRY
15	82	252	0.006139334854201316	DESCRIPTIVE_ONLY_OBSERVER_SCALE_GEOMETRY
15	83	252	-0.041725752349111946	DESCRIPTIVE_ONLY_OBSERVER_SCALE_GEOMETRY
15	84	252	0.037631529482966025	DESCRIPTIVE_ONLY_OBSERVER_SCALE_GEOMETRY
15	85	252	-0.029635477046020667	DESCRIPTIVE_ONLY_OBSERVER_SCALE_GEOMETRY
15	86	252	0.045863765852537354	DESCRIPTIVE_ONLY_OBSERVER_SCALE_GEOMETRY
15	87	252	-0.01871829014038929	DESCRIPTIVE_ONLY_OBSERVER_SCALE_GEOMETRY
15	88	252	-0.05317047759880292	DESCRIPTIVE_ONLY_OBSERVER_SCALE_GEOMETRY
15	89	252	0.005699784078925916	DESCRIPTIVE_ONLY_OBSERVER_SCALE_GEOMETRY
15	90	252	0.03418151645257643	DESCRIPTIVE_ONLY_OBSERVER_SCALE_GEOMETRY
15	91	252	-0.12137587225378754	DESCRIPTIVE_ONLY_OBSERVER_SCALE_GEOMETRY
15	92	252	1.9567767475159674	DESCRIPTIVE_ONLY_OBSERVER_SCALE_GEOMETRY
15	93	252	-1.8575407379757385	DESCRIPTIVE_ONLY_OBSERVER_SCALE_GEOMETRY
15	94	252	0.003943510224267399	DESCRIPTIVE_ONLY_OBSERVER_SCALE_GEOMETRY
15	95	252	-0.03543265735483702	DESCRIPTIVE_ONLY_OBSERVER_SCALE_GEOMETRY
15	96	252	-0.08650319109663847	DESCRIPTIVE_ONLY_OBSERVER_SCALE_GEOMETRY
15	97	252	0.0782342305728696	DESCRIPTIVE_ONLY_OBSERVER_SCALE_GEOMETRY
15	98	252	-0.019099881670146417	DESCRIPTIVE_ONLY_OBSERVER_SCALE_GEOMETRY
15	99	252	-0.03816511535875742	DESCRIPTIVE_ONLY_OBSERVER_SCALE_GEOMETRY
15	100	252	0.0004950395114796158	DESCRIPTIVE_ONLY_OBSERVER_SCALE_GEOMETRY
15	101	252	0.04755765984451432	DESCRIPTIVE_ONLY_OBSERVER_SCALE_GEOMETRY
15	102	252	-0.042717517308401336	DESCRIPTIVE_ONLY_OBSERVER_SCALE_GEOMETRY
15	103	252	-0.0034017396673344325	DESCRIPTIVE_ONLY_OBSERVER_SCALE_GEOMETRY
15	104	252	0.01075412842194953	DESCRIPTIVE_ONLY_OBSERVER_SCALE_GEOMETRY
15	105	252	0.026109538276357508	DESCRIPTIVE_ONLY_OBSERVER_SCALE_GEOMETRY
15	106	252	-0.08499569825514165	DESCRIPTIVE_ONLY_OBSERVER_SCALE_GEOMETRY
15	107	252	0.035696228878747335	DESCRIPTIVE_ONLY_OBSERVER_SCALE_GEOMETRY
15	108	252	0.031332577535117555	DESCRIPTIVE_ONLY_OBSERVER_SCALE_GEOMETRY
15	109	252	-0.08030209184649918	DESCRIPTIVE_ONLY_OBSERVER_SCALE_GEOMETRY
15	110	252	0.026308626939611307	DESCRIPTIVE_ONLY_OBSERVER_SCALE_GEOMETRY
15	111	252	-0.036289025132428585	DESCRIPTIVE_ONLY_OBSERVER_SCALE_GEOMETRY
15	112	252	0.03584572933067629	DESCRIPTIVE_ONLY_OBSERVER_SCALE_GEOMETRY
15	113	252	0.040171764371952995	DESCRIPTIVE_ONLY_OBSERVER_SCALE_GEOMETRY
15	114	252	-0.1069786999444566	DESCRIPTIVE_ONLY_OBSERVER_SCALE_GEOMETRY
15	115	251	0.036201294859515815	DESCRIPTIVE_ONLY_OBSERVER_SCALE_GEOMETRY
15	116	251	0.040685925276870094	DESCRIPTIVE_ONLY_OBSERVER_SCALE_GEOMETRY
15	117	251	-0.0066213478958678145	DESCRIPTIVE_ONLY_OBSERVER_SCALE_GEOMETRY
15	118	251	-0.05483471321471639	DESCRIPTIVE_ONLY_OBSERVER_SCALE_GEOMETRY
15	119	251	-0.027485898491652564	DESCRIPTIVE_ONLY_OBSERVER_SCALE_GEOMETRY
15	120	251	0.12525160640679844	DESCRIPTIVE_ONLY_OBSERVER_SCALE_GEOMETRY
15	121	251	-0.13607718395772936	DESCRIPTIVE_ONLY_OBSERVER_SCALE_GEOMETRY
15	122	251	0.03805672378007952	DESCRIPTIVE_ONLY_OBSERVER_SCALE_GEOMETRY
15	123	251	0.009201722031616736	DESCRIPTIVE_ONLY_OBSERVER_SCALE_GEOMETRY
15	124	250	-0.027312750548901282	DESCRIPTIVE_ONLY_OBSERVER_SCALE_GEOMETRY
15	125	250	0.07433109654364936	DESCRIPTIVE_ONLY_OBSERVER_SCALE_GEOMETRY
15	126	250	0.41681155696052175	DESCRIPTIVE_ONLY_OBSERVER_SCALE_GEOMETRY
15	127	250	-0.4373208286808554	DESCRIPTIVE_ONLY_OBSERVER_SCALE_GEOMETRY
15	128	250	2.3360655628765907	DESCRIPTIVE_ONLY_OBSERVER_SCALE_GEOMETRY
15	129	250	-2.1586937728722804	DESCRIPTIVE_ONLY_OBSERVER_SCALE_GEOMETRY
15	130	250	-0.1493008256776443	DESCRIPTIVE_ONLY_OBSERVER_SCALE_GEOMETRY
15	131	250	-0.09354389418430005	DESCRIPTIVE_ONLY_OBSERVER_SCALE_GEOMETRY
15	132	250	0.060594362506495206	DESCRIPTIVE_ONLY_OBSERVER_SCALE_GEOMETRY
15	133	250	0.06220074382923515	DESCRIPTIVE_ONLY_OBSERVER_SCALE_GEOMETRY
15	134	250	-0.18263867259069452	DESCRIPTIVE_ONLY_OBSERVER_SCALE_GEOMETRY
15	135	250	0.3322574185695294	DESCRIPTIVE_ONLY_OBSERVER_SCALE_GEOMETRY
15	136	249	-0.10098922150506477	DESCRIPTIVE_ONLY_OBSERVER_SCALE_GEOMETRY
15	137	249	-0.35628641125131777	DESCRIPTIVE_ONLY_OBSERVER_SCALE_GEOMETRY
15	138	249	0.09523746643382075	DESCRIPTIVE_ONLY_OBSERVER_SCALE_GEOMETRY
15	139	249	0.05453122971446117	DESCRIPTIVE_ONLY_OBSERVER_SCALE_GEOMETRY
15	140	249	0.01134309628244735	DESCRIPTIVE_ONLY_OBSERVER_SCALE_GEOMETRY
15	141	249	-0.06709654723070349	DESCRIPTIVE_ONLY_OBSERVER_SCALE_GEOMETRY
15	142	249	0.0417455469047353	DESCRIPTIVE_ONLY_OBSERVER_SCALE_GEOMETRY
15	143	249	-0.030344344479125054	DESCRIPTIVE_ONLY_OBSERVER_SCALE_GEOMETRY
15	144	249	0.005530469698290262	DESCRIPTIVE_ONLY_OBSERVER_SCALE_GEOMETRY
15	145	249	1.0937532261558425	DESCRIPTIVE_ONLY_OBSERVER_SCALE_GEOMETRY
15	146	249	-1.1044262314038493	DESCRIPTIVE_ONLY_OBSERVER_SCALE_GEOMETRY
15	147	248	0.014890262681647901	DESCRIPTIVE_ONLY_OBSERVER_SCALE_GEOMETRY
15	148	248	-0.003245461433876762	DESCRIPTIVE_ONLY_OBSERVER_SCALE_GEOMETRY
15	149	248	-0.020108886744737313	DESCRIPTIVE_ONLY_OBSERVER_SCALE_GEOMETRY
15	150	248	-0.019722158841203506	DESCRIPTIVE_ONLY_OBSERVER_SCALE_GEOMETRY
15	151	248	-0.006514750670389978	DESCRIPTIVE_ONLY_OBSERVER_SCALE_GEOMETRY
15	152	248	-0.1691776230974346	DESCRIPTIVE_ONLY_OBSERVER_SCALE_GEOMETRY
15	153	248	0.059094806202704755	DESCRIPTIVE_ONLY_OBSERVER_SCALE_GEOMETRY
15	154	248	0.01806205582962939	DESCRIPTIVE_ONLY_OBSERVER_SCALE_GEOMETRY
15	155	248	0.14948284788813007	DESCRIPTIVE_ONLY_OBSERVER_SCALE_GEOMETRY
15	156	248	0.013803904352754337	DESCRIPTIVE_ONLY_OBSERVER_SCALE_GEOMETRY
15	157	248	-0.11946152134597035	DESCRIPTIVE_ONLY_OBSERVER_SCALE_GEOMETRY
15	158	248	-0.022371780321953878	DESCRIPTIVE_ONLY_OBSERVER_SCALE_GEOMETRY
15	159	248	0.04810058784870243	DESCRIPTIVE_ONLY_OBSERVER_SCALE_GEOMETRY
15	160	248	-0.048693950978691704	DESCRIPTIVE_ONLY_OBSERVER_SCALE_GEOMETRY
15	161	248	0.025646604459241638	DESCRIPTIVE_ONLY_OBSERVER_SCALE_GEOMETRY
15	162	248	-0.06856641391827963	DESCRIPTIVE_ONLY_OBSERVER_SCALE_GEOMETRY
15	163	248	0.006191844584945837	DESCRIPTIVE_ONLY_OBSERVER_SCALE_GEOMETRY
15	164	248	-0.0029626241850194703	DESCRIPTIVE_ONLY_OBSERVER_SCALE_GEOMETRY
15	165	248	0.027935222366543316	DESCRIPTIVE_ONLY_OBSERVER_SCALE_GEOMETRY
15	166	248	-0.03958271357363201	DESCRIPTIVE_ONLY_OBSERVER_SCALE_GEOMETRY
15	167	248	-0.03266913520010854	DESCRIPTIVE_ONLY_OBSERVER_SCALE_GEOMETRY
15	168	248	0.04797690756491119	DESCRIPTIVE_ONLY_OBSERVER_SCALE_GEOMETRY
15	169	248	-0.021305675795681215	DESCRIPTIVE_ONLY_OBSERVER_SCALE_GEOMETRY
15	170	248	-0.10277228573614684	DESCRIPTIVE_ONLY_OBSERVER_SCALE_GEOMETRY
15	171	248	0.08416399056676832	DESCRIPTIVE_ONLY_OBSERVER_SCALE_GEOMETRY
15	172	248	0.00507851450659593	DESCRIPTIVE_ONLY_OBSERVER_SCALE_GEOMETRY
15	173	248	-0.06193747960905333	DESCRIPTIVE_ONLY_OBSERVER_SCALE_GEOMETRY
15	174	248	0.05290503825594197	DESCRIPTIVE_ONLY_OBSERVER_SCALE_GEOMETRY
15	175	248	-0.0645864311281344	DESCRIPTIVE_ONLY_OBSERVER_SCALE_GEOMETRY
15	176	248	0.032686792086688676	DESCRIPTIVE_ONLY_OBSERVER_SCALE_GEOMETRY
15	177	248	-0.026038839078502834	DESCRIPTIVE_ONLY_OBSERVER_SCALE_GEOMETRY
15	178	248	-0.05147310558774797	DESCRIPTIVE_ONLY_OBSERVER_SCALE_GEOMETRY
15	179	248	0.030107461968960823	DESCRIPTIVE_ONLY_OBSERVER_SCALE_GEOMETRY
15	180	248	0.0032433242762538554	DESCRIPTIVE_ONLY_OBSERVER_SCALE_GEOMETRY
15	181	248	0.005643616388049119	DESCRIPTIVE_ONLY_OBSERVER_SCALE_GEOMETRY
15	182	248	-0.01625868704844918	DESCRIPTIVE_ONLY_OBSERVER_SCALE_GEOMETRY
15	183	248	0.0013214248766923358	DESCRIPTIVE_ONLY_OBSERVER_SCALE_GEOMETRY
15	184	248	-0.04013387536651321	DESCRIPTIVE_ONLY_OBSERVER_SCALE_GEOMETRY
15	185	248	0.037844276218700935	DESCRIPTIVE_ONLY_OBSERVER_SCALE_GEOMETRY
15	186	247	1.2994413445134942	DESCRIPTIVE_ONLY_OBSERVER_SCALE_GEOMETRY
15	187	247	-5.366294332294224	DESCRIPTIVE_ONLY_OBSERVER_SCALE_GEOMETRY
15	188	247	4.31429772060902	DESCRIPTIVE_ONLY_OBSERVER_SCALE_GEOMETRY
15	189	247	-0.11007057317626008	DESCRIPTIVE_ONLY_OBSERVER_SCALE_GEOMETRY
15	190	247	-0.17099469286120483	DESCRIPTIVE_ONLY_OBSERVER_SCALE_GEOMETRY
15	191	247	-0.26087133337057006	DESCRIPTIVE_ONLY_OBSERVER_SCALE_GEOMETRY
15	192	247	-0.3919463950897055	DESCRIPTIVE_ONLY_OBSERVER_SCALE_GEOMETRY
15	193	247	0.6831122958951877	DESCRIPTIVE_ONLY_OBSERVER_SCALE_GEOMETRY
15	194	247	0.12502981590590628	DESCRIPTIVE_ONLY_OBSERVER_SCALE_GEOMETRY
15	195	247	-0.40968163389102946	DESCRIPTIVE_ONLY_OBSERVER_SCALE_GEOMETRY
15	196	247	0.21056710566489326	DESCRIPTIVE_ONLY_OBSERVER_SCALE_GEOMETRY
15	197	247	-0.026568676015773035	DESCRIPTIVE_ONLY_OBSERVER_SCALE_GEOMETRY
15	198	247	0.0010383760312152898	DESCRIPTIVE_ONLY_OBSERVER_SCALE_GEOMETRY
15	199	247	0.007156707528541821	DESCRIPTIVE_ONLY_OBSERVER_SCALE_GEOMETRY
15	200	246	0.01999666559342694	DESCRIPTIVE_ONLY_OBSERVER_SCALE_GEOMETRY
15	201	246	-0.029125734531931253	DESCRIPTIVE_ONLY_OBSERVER_SCALE_GEOMETRY
15	202	246	-0.028686087661021778	DESCRIPTIVE_ONLY_OBSERVER_SCALE_GEOMETRY
15	203	246	-0.016302922214145622	DESCRIPTIVE_ONLY_OBSERVER_SCALE_GEOMETRY
15	204	246	-0.036324091707470876	DESCRIPTIVE_ONLY_OBSERVER_SCALE_GEOMETRY
15	205	246	-0.03901920706131364	DESCRIPTIVE_ONLY_OBSERVER_SCALE_GEOMETRY
15	206	246	0.1853702416458582	DESCRIPTIVE_ONLY_OBSERVER_SCALE_GEOMETRY
15	207	246	-0.12210741176117663	DESCRIPTIVE_ONLY_OBSERVER_SCALE_GEOMETRY
15	208	246	0.046298070953132285	DESCRIPTIVE_ONLY_OBSERVER_SCALE_GEOMETRY
15	209	246	-0.054280153345098274	DESCRIPTIVE_ONLY_OBSERVER_SCALE_GEOMETRY
15	210	246	-0.04291083988066202	DESCRIPTIVE_ONLY_OBSERVER_SCALE_GEOMETRY
15	211	246	0.0974305972801255	DESCRIPTIVE_ONLY_OBSERVER_SCALE_GEOMETRY
15	212	246	-0.10835529209999893	DESCRIPTIVE_ONLY_OBSERVER_SCALE_GEOMETRY
15	213	246	0.09004999576184483	DESCRIPTIVE_ONLY_OBSERVER_SCALE_GEOMETRY
15	214	246	-0.08942099976823974	DESCRIPTIVE_ONLY_OBSERVER_SCALE_GEOMETRY
15	215	246	0.02697471690823641	DESCRIPTIVE_ONLY_OBSERVER_SCALE_GEOMETRY
15	216	246	0.073019688221139	DESCRIPTIVE_ONLY_OBSERVER_SCALE_GEOMETRY
15	217	246	-0.10026189195040718	DESCRIPTIVE_ONLY_OBSERVER_SCALE_GEOMETRY
15	218	246	0.05908828592210297	DESCRIPTIVE_ONLY_OBSERVER_SCALE_GEOMETRY
15	219	246	-0.019965474312261196	DESCRIPTIVE_ONLY_OBSERVER_SCALE_GEOMETRY
15	220	246	-0.023278896168868943	DESCRIPTIVE_ONLY_OBSERVER_SCALE_GEOMETRY
15	221	246	0.1345805793447995	DESCRIPTIVE_ONLY_OBSERVER_SCALE_GEOMETRY
15	222	246	-0.1476894344665243	DESCRIPTIVE_ONLY_OBSERVER_SCALE_GEOMETRY
15	223	246	-0.05332672900314857	DESCRIPTIVE_ONLY_OBSERVER_SCALE_GEOMETRY
15	224	246	0.09519131148663264	DESCRIPTIVE_ONLY_OBSERVER_SCALE_GEOMETRY
15	225	246	0.05465381945082364	DESCRIPTIVE_ONLY_OBSERVER_SCALE_GEOMETRY
15	226	246	-0.15074428845240676	DESCRIPTIVE_ONLY_OBSERVER_SCALE_GEOMETRY
15	227	246	0.07495295498752025	DESCRIPTIVE_ONLY_OBSERVER_SCALE_GEOMETRY
15	228	246	0.01548377725789516	DESCRIPTIVE_ONLY_OBSERVER_SCALE_GEOMETRY
15	229	246	0.00969379352900265	DESCRIPTIVE_ONLY_OBSERVER_SCALE_GEOMETRY
15	230	246	-0.04175872499878502	DESCRIPTIVE_ONLY_OBSERVER_SCALE_GEOMETRY
15	231	246	0.07332816543889682	DESCRIPTIVE_ONLY_OBSERVER_SCALE_GEOMETRY
15	232	246	0.02015249354246518	DESCRIPTIVE_ONLY_OBSERVER_SCALE_GEOMETRY
15	233	246	-0.0834198692562882	DESCRIPTIVE_ONLY_OBSERVER_SCALE_GEOMETRY
15	234	246	-0.06800343434337247	DESCRIPTIVE_ONLY_OBSERVER_SCALE_GEOMETRY
15	235	246	0.1187193356895102	DESCRIPTIVE_ONLY_OBSERVER_SCALE_GEOMETRY
15	236	246	-0.06244970366105152	DESCRIPTIVE_ONLY_OBSERVER_SCALE_GEOMETRY
15	237	246	-0.052305996241290384	DESCRIPTIVE_ONLY_OBSERVER_SCALE_GEOMETRY
15	238	246	0.14061540174104517	DESCRIPTIVE_ONLY_OBSERVER_SCALE_GEOMETRY
15	239	246	-0.11792705121315054	DESCRIPTIVE_ONLY_OBSERVER_SCALE_GEOMETRY
15	240	246	0.046706153069707004	DESCRIPTIVE_ONLY_OBSERVER_SCALE_GEOMETRY
15	241	246	-0.009499306375093075	DESCRIPTIVE_ONLY_OBSERVER_SCALE_GEOMETRY
15	242	246	0.008601449355599004	DESCRIPTIVE_ONLY_OBSERVER_SCALE_GEOMETRY
15	243	246	-0.058904738869239075	DESCRIPTIVE_ONLY_OBSERVER_SCALE_GEOMETRY
15	244	246	0.036176553533270976	DESCRIPTIVE_ONLY_OBSERVER_SCALE_GEOMETRY
15	245	246	-0.063044127715824	DESCRIPTIVE_ONLY_OBSERVER_SCALE_GEOMETRY
15	246	246	0.1321530660877722	DESCRIPTIVE_ONLY_OBSERVER_SCALE_GEOMETRY
15	247	246	-0.12681453186126274	DESCRIPTIVE_ONLY_OBSERVER_SCALE_GEOMETRY
15	248	246	-2.310623763258216	DESCRIPTIVE_ONLY_OBSERVER_SCALE_GEOMETRY
15	249	246	3.0328766940278085	DESCRIPTIVE_ONLY_OBSERVER_SCALE_GEOMETRY
15	250	246	-0.6353618726109508	DESCRIPTIVE_ONLY_OBSERVER_SCALE_GEOMETRY
15	251	245	0.1706557011009862	DESCRIPTIVE_ONLY_OBSERVER_SCALE_GEOMETRY
15	252	245	-0.06206901093584113	DESCRIPTIVE_ONLY_OBSERVER_SCALE_GEOMETRY
15	253	245	-0.2238165116006598	DESCRIPTIVE_ONLY_OBSERVER_SCALE_GEOMETRY
15	254	245	-0.05393127325618502	DESCRIPTIVE_ONLY_OBSERVER_SCALE_GEOMETRY
15	255	245	0.059194096863592865	DESCRIPTIVE_ONLY_OBSERVER_SCALE_GEOMETRY
15	256	245	-0.09211366576436933	DESCRIPTIVE_ONLY_OBSERVER_SCALE_GEOMETRY
15	257	245	0.09584609297126717	DESCRIPTIVE_ONLY_OBSERVER_SCALE_GEOMETRY
15	258	245	-0.09783951242639774	DESCRIPTIVE_ONLY_OBSERVER_SCALE_GEOMETRY
15	259	245	0.03001803136703761	DESCRIPTIVE_ONLY_OBSERVER_SCALE_GEOMETRY
15	260	245	-0.0045883819276320735	DESCRIPTIVE_ONLY_OBSERVER_SCALE_GEOMETRY
15	261	245	-0.06448450255539102	DESCRIPTIVE_ONLY_OBSERVER_SCALE_GEOMETRY
15	262	245	0.0872068461101083	DESCRIPTIVE_ONLY_OBSERVER_SCALE_GEOMETRY
15	263	244	-0.14555726214747053	DESCRIPTIVE_ONLY_OBSERVER_SCALE_GEOMETRY
15	264	244	0.09414396575073186	DESCRIPTIVE_ONLY_OBSERVER_SCALE_GEOMETRY
15	265	243	0.4638433002693502	DESCRIPTIVE_ONLY_OBSERVER_SCALE_GEOMETRY
15	266	243	-0.4543743711013444	DESCRIPTIVE_ONLY_OBSERVER_SCALE_GEOMETRY
15	267	242	-0.1843678165636571	DESCRIPTIVE_ONLY_OBSERVER_SCALE_GEOMETRY
15	268	242	0.11328633430396352	DESCRIPTIVE_ONLY_OBSERVER_SCALE_GEOMETRY
15	269	242	-0.2202389147595703	DESCRIPTIVE_ONLY_OBSERVER_SCALE_GEOMETRY
15	270	242	0.17025317028124726	DESCRIPTIVE_ONLY_OBSERVER_SCALE_GEOMETRY
15	271	242	-0.14731699462932465	DESCRIPTIVE_ONLY_OBSERVER_SCALE_GEOMETRY
15	272	242	0.06832547767338809	DESCRIPTIVE_ONLY_OBSERVER_SCALE_GEOMETRY
15	273	242	-0.11737092168092447	DESCRIPTIVE_ONLY_OBSERVER_SCALE_GEOMETRY
15	274	242	0.022336865629403825	DESCRIPTIVE_ONLY_OBSERVER_SCALE_GEOMETRY
15	275	242	-0.0032691780497203947	DESCRIPTIVE_ONLY_OBSERVER_SCALE_GEOMETRY
15	276	242	0.021174155741584585	DESCRIPTIVE_ONLY_OBSERVER_SCALE_GEOMETRY
15	277	242	-0.09668797831353476	DESCRIPTIVE_ONLY_OBSERVER_SCALE_GEOMETRY
15	278	242	0.02093034440516354	DESCRIPTIVE_ONLY_OBSERVER_SCALE_GEOMETRY
15	279	242	-0.08696704889527547	DESCRIPTIVE_ONLY_OBSERVER_SCALE_GEOMETRY
15	280	242	0.031200840975386265	DESCRIPTIVE_ONLY_OBSERVER_SCALE_GEOMETRY
15	281	242	-0.06698422920089205	DESCRIPTIVE_ONLY_OBSERVER_SCALE_GEOMETRY
15	282	242	0.01737182914476325	DESCRIPTIVE_ONLY_OBSERVER_SCALE_GEOMETRY
15	283	242	-0.09765542925836984	DESCRIPTIVE_ONLY_OBSERVER_SCALE_GEOMETRY
15	284	242	0.045420262099403634	DESCRIPTIVE_ONLY_OBSERVER_SCALE_GEOMETRY
15	285	242	0.06559387754798714	DESCRIPTIVE_ONLY_OBSERVER_SCALE_GEOMETRY
15	286	242	-0.18973940019331514	DESCRIPTIVE_ONLY_OBSERVER_SCALE_GEOMETRY
15	287	242	0.07256533638963382	DESCRIPTIVE_ONLY_OBSERVER_SCALE_GEOMETRY
15	288	242	-0.04994353193055841	DESCRIPTIVE_ONLY_OBSERVER_SCALE_GEOMETRY
15	289	242	-0.06613865486972964	DESCRIPTIVE_ONLY_OBSERVER_SCALE_GEOMETRY
15	290	242	-0.05227605200316492	DESCRIPTIVE_ONLY_OBSERVER_SCALE_GEOMETRY
15	291	242	0.09328156963521944	DESCRIPTIVE_ONLY_OBSERVER_SCALE_GEOMETRY
15	292	242	-0.08289280907772487	DESCRIPTIVE_ONLY_OBSERVER_SCALE_GEOMETRY
15	293	242	-0.03583870868361743	DESCRIPTIVE_ONLY_OBSERVER_SCALE_GEOMETRY
15	294	242	-0.026754637700801095	DESCRIPTIVE_ONLY_OBSERVER_SCALE_GEOMETRY
15	295	242	0.04871001351045553	DESCRIPTIVE_ONLY_OBSERVER_SCALE_GEOMETRY
15	296	241	-0.17733442633420066	DESCRIPTIVE_ONLY_OBSERVER_SCALE_GEOMETRY
15	297	241	0.14036214361163046	DESCRIPTIVE_ONLY_OBSERVER_SCALE_GEOMETRY
15	298	241	-0.15259706277022486	DESCRIPTIVE_ONLY_OBSERVER_SCALE_GEOMETRY
15	299	241	-0.01821842331636087	DESCRIPTIVE_ONLY_OBSERVER_SCALE_GEOMETRY
15	300	241	-0.01666741521188103	DESCRIPTIVE_ONLY_OBSERVER_SCALE_GEOMETRY
15	301	241	-0.0298016265723154	DESCRIPTIVE_ONLY_OBSERVER_SCALE_GEOMETRY
15	302	241	-0.010565399896549041	DESCRIPTIVE_ONLY_OBSERVER_SCALE_GEOMETRY
15	303	241	-0.018775620977896205	DESCRIPTIVE_ONLY_OBSERVER_SCALE_GEOMETRY
15	304	241	-0.03276296156869326	DESCRIPTIVE_ONLY_OBSERVER_SCALE_GEOMETRY
15	305	240	-0.10438755984727871	DESCRIPTIVE_ONLY_OBSERVER_SCALE_GEOMETRY
15	306	240	2.3431776004278335	DESCRIPTIVE_ONLY_OBSERVER_SCALE_GEOMETRY
15	307	240	-11.269654794551032	DESCRIPTIVE_ONLY_OBSERVER_SCALE_GEOMETRY
15	308	240	6.716891579530198	DESCRIPTIVE_ONLY_OBSERVER_SCALE_GEOMETRY
15	309	240	2.2823403244603946	DESCRIPTIVE_ONLY_OBSERVER_SCALE_GEOMETRY
15	310	239	0.18971605858241497	DESCRIPTIVE_ONLY_OBSERVER_SCALE_GEOMETRY
15	311	239	-0.277025070242616	DESCRIPTIVE_ONLY_OBSERVER_SCALE_GEOMETRY
15	312	239	-0.11354513935270166	DESCRIPTIVE_ONLY_OBSERVER_SCALE_GEOMETRY
15	313	239	-0.05867774764790051	DESCRIPTIVE_ONLY_OBSERVER_SCALE_GEOMETRY
15	314	239	0.03314575717782659	DESCRIPTIVE_ONLY_OBSERVER_SCALE_GEOMETRY
15	315	239	-0.10614860314425618	DESCRIPTIVE_ONLY_OBSERVER_SCALE_GEOMETRY
15	316	239	0.04663729149542095	DESCRIPTIVE_ONLY_OBSERVER_SCALE_GEOMETRY
15	317	239	-0.029846435091317267	DESCRIPTIVE_ONLY_OBSERVER_SCALE_GEOMETRY
15	318	239	-0.0817182876622757	DESCRIPTIVE_ONLY_OBSERVER_SCALE_GEOMETRY
15	319	239	0.044560922501152844	DESCRIPTIVE_ONLY_OBSERVER_SCALE_GEOMETRY
15	320	239	-0.04096635811999916	DESCRIPTIVE_ONLY_OBSERVER_SCALE_GEOMETRY
15	321	239	-0.08924369067024585	DESCRIPTIVE_ONLY_OBSERVER_SCALE_GEOMETRY
15	322	239	0.021328588329431467	DESCRIPTIVE_ONLY_OBSERVER_SCALE_GEOMETRY
15	323	239	-0.08527197630706969	DESCRIPTIVE_ONLY_OBSERVER_SCALE_GEOMETRY
15	324	238	0.037630806574361596	DESCRIPTIVE_ONLY_OBSERVER_SCALE_GEOMETRY
15	325	237	0.787963492339289	DESCRIPTIVE_ONLY_OBSERVER_SCALE_GEOMETRY
15	326	237	-0.8379375878798988	DESCRIPTIVE_ONLY_OBSERVER_SCALE_GEOMETRY
15	327	237	-0.05135758123620409	DESCRIPTIVE_ONLY_OBSERVER_SCALE_GEOMETRY
15	328	237	-0.08486381739500254	DESCRIPTIVE_ONLY_OBSERVER_SCALE_GEOMETRY
15	329	237	0.09939069157753266	DESCRIPTIVE_ONLY_OBSERVER_SCALE_GEOMETRY
15	330	237	-0.06500232511663569	DESCRIPTIVE_ONLY_OBSERVER_SCALE_GEOMETRY
15	331	237	-0.06658202648088135	DESCRIPTIVE_ONLY_OBSERVER_SCALE_GEOMETRY
15	332	237	0.0002987307487491452	DESCRIPTIVE_ONLY_OBSERVER_SCALE_GEOMETRY
15	333	237	0.01856370599887832	DESCRIPTIVE_ONLY_OBSERVER_SCALE_GEOMETRY
15	334	237	-0.10447164811816753	DESCRIPTIVE_ONLY_OBSERVER_SCALE_GEOMETRY
15	335	237	0.070765887250822	DESCRIPTIVE_ONLY_OBSERVER_SCALE_GEOMETRY
15	336	237	-0.1478739367905179	DESCRIPTIVE_ONLY_OBSERVER_SCALE_GEOMETRY
15	337	237	0.11992565665890323	DESCRIPTIVE_ONLY_OBSERVER_SCALE_GEOMETRY
15	338	237	-0.11567843134926756	DESCRIPTIVE_ONLY_OBSERVER_SCALE_GEOMETRY
15	339	237	0.01374392167721358	DESCRIPTIVE_ONLY_OBSERVER_SCALE_GEOMETRY
15	340	237	-0.05742790319357636	DESCRIPTIVE_ONLY_OBSERVER_SCALE_GEOMETRY
15	341	237	0.049371546774334536	DESCRIPTIVE_ONLY_OBSERVER_SCALE_GEOMETRY
15	342	237	-0.03182700763384371	DESCRIPTIVE_ONLY_OBSERVER_SCALE_GEOMETRY
15	343	237	-0.09316531189229602	DESCRIPTIVE_ONLY_OBSERVER_SCALE_GEOMETRY
15	344	237	0.03280335316410294	DESCRIPTIVE_ONLY_OBSERVER_SCALE_GEOMETRY
15	345	237	-0.04708994297905821	DESCRIPTIVE_ONLY_OBSERVER_SCALE_GEOMETRY
15	346	237	0.03687261909897609	DESCRIPTIVE_ONLY_OBSERVER_SCALE_GEOMETRY
15	347	237	-0.010005798002364412	DESCRIPTIVE_ONLY_OBSERVER_SCALE_GEOMETRY
15	348	236	-0.08754496600216127	DESCRIPTIVE_ONLY_OBSERVER_SCALE_GEOMETRY
15	349	236	-0.03889153194104388	DESCRIPTIVE_ONLY_OBSERVER_SCALE_GEOMETRY
15	350	236	0.015055748766744464	DESCRIPTIVE_ONLY_OBSERVER_SCALE_GEOMETRY
15	351	236	-0.057382013159629014	DESCRIPTIVE_ONLY_OBSERVER_SCALE_GEOMETRY
15	352	236	0.08634813377857348	DESCRIPTIVE_ONLY_OBSERVER_SCALE_GEOMETRY
15	353	236	-0.14249469805830553	DESCRIPTIVE_ONLY_OBSERVER_SCALE_GEOMETRY
15	354	236	0.0014841204988451924	DESCRIPTIVE_ONLY_OBSERVER_SCALE_GEOMETRY
15	355	236	0.06101547010579014	DESCRIPTIVE_ONLY_OBSERVER_SCALE_GEOMETRY
15	356	236	-0.06520363577401185	DESCRIPTIVE_ONLY_OBSERVER_SCALE_GEOMETRY
15	357	236	-0.1377185885519357	DESCRIPTIVE_ONLY_OBSERVER_SCALE_GEOMETRY
15	358	235	0.1288398509238421	DESCRIPTIVE_ONLY_OBSERVER_SCALE_GEOMETRY
15	359	235	-0.11809169369202986	DESCRIPTIVE_ONLY_OBSERVER_SCALE_GEOMETRY
15	360	235	0.04094827621237032	DESCRIPTIVE_ONLY_OBSERVER_SCALE_GEOMETRY
15	361	235	-0.14752966935155948	DESCRIPTIVE_ONLY_OBSERVER_SCALE_GEOMETRY
15	362	235	0.11227158810317658	DESCRIPTIVE_ONLY_OBSERVER_SCALE_GEOMETRY
15	363	235	-0.08693709337637555	DESCRIPTIVE_ONLY_OBSERVER_SCALE_GEOMETRY
15	364	235	-0.04334355705554727	DESCRIPTIVE_ONLY_OBSERVER_SCALE_GEOMETRY
15	365	235	0.011107903812887255	DESCRIPTIVE_ONLY_OBSERVER_SCALE_GEOMETRY
15	366	235	-0.0016502184586641119	DESCRIPTIVE_ONLY_OBSERVER_SCALE_GEOMETRY
15	367	235	-0.062024685172195185	DESCRIPTIVE_ONLY_OBSERVER_SCALE_GEOMETRY
15	368	235	3.9710364316678612	DESCRIPTIVE_ONLY_OBSERVER_SCALE_GEOMETRY
15	369	235	-4.097994286641361	DESCRIPTIVE_ONLY_OBSERVER_SCALE_GEOMETRY
15	370	235	0.14829246254494954	DESCRIPTIVE_ONLY_OBSERVER_SCALE_GEOMETRY
15	371	235	-0.20001883253992203	DESCRIPTIVE_ONLY_OBSERVER_SCALE_GEOMETRY
15	372	235	0.11498815267155782	DESCRIPTIVE_ONLY_OBSERVER_SCALE_GEOMETRY
15	373	235	-0.04998929058512753	DESCRIPTIVE_ONLY_OBSERVER_SCALE_GEOMETRY
15	374	235	-0.014384331895794815	DESCRIPTIVE_ONLY_OBSERVER_SCALE_GEOMETRY
16	1	257	-0.003830818622566877	DESCRIPTIVE_ONLY_OBSERVER_SCALE_GEOMETRY
16	2	257	0.029408313457690183	DESCRIPTIVE_ONLY_OBSERVER_SCALE_GEOMETRY
16	3	257	-0.291170277199665	DESCRIPTIVE_ONLY_OBSERVER_SCALE_GEOMETRY
16	4	257	0.6143920803285756	DESCRIPTIVE_ONLY_OBSERVER_SCALE_GEOMETRY
16	5	257	-0.5744265325152997	DESCRIPTIVE_ONLY_OBSERVER_SCALE_GEOMETRY
16	6	257	-0.21348095646718276	DESCRIPTIVE_ONLY_OBSERVER_SCALE_GEOMETRY
16	7	257	2.707747151144865	DESCRIPTIVE_ONLY_OBSERVER_SCALE_GEOMETRY
16	8	257	-2.236805938307594	DESCRIPTIVE_ONLY_OBSERVER_SCALE_GEOMETRY
16	9	257	-0.057963333259807515	DESCRIPTIVE_ONLY_OBSERVER_SCALE_GEOMETRY
16	10	257	0.036290211351383155	DESCRIPTIVE_ONLY_OBSERVER_SCALE_GEOMETRY
16	11	257	-0.01741305096034486	DESCRIPTIVE_ONLY_OBSERVER_SCALE_GEOMETRY
16	12	257	0.039689175542484675	DESCRIPTIVE_ONLY_OBSERVER_SCALE_GEOMETRY
16	13	257	-0.023110870517753276	DESCRIPTIVE_ONLY_OBSERVER_SCALE_GEOMETRY
16	14	257	-0.017451085711625396	DESCRIPTIVE_ONLY_OBSERVER_SCALE_GEOMETRY
16	15	257	0.008978168556263044	DESCRIPTIVE_ONLY_OBSERVER_SCALE_GEOMETRY
16	16	257	-0.02030766341654682	DESCRIPTIVE_ONLY_OBSERVER_SCALE_GEOMETRY
16	17	257	0.02682632590911249	DESCRIPTIVE_ONLY_OBSERVER_SCALE_GEOMETRY
16	18	256	-0.029415067150730684	DESCRIPTIVE_ONLY_OBSERVER_SCALE_GEOMETRY
16	19	256	0.009029341812173356	DESCRIPTIVE_ONLY_OBSERVER_SCALE_GEOMETRY
16	20	255	0.032628254831734683	DESCRIPTIVE_ONLY_OBSERVER_SCALE_GEOMETRY
16	21	255	-0.08974498481432511	DESCRIPTIVE_ONLY_OBSERVER_SCALE_GEOMETRY
16	22	255	0.02378041504057043	DESCRIPTIVE_ONLY_OBSERVER_SCALE_GEOMETRY
16	23	255	-0.0006750512149965318	DESCRIPTIVE_ONLY_OBSERVER_SCALE_GEOMETRY
16	24	255	2.9065367628132295	DESCRIPTIVE_ONLY_OBSERVER_SCALE_GEOMETRY
16	25	255	-3.0392264291091458	DESCRIPTIVE_ONLY_OBSERVER_SCALE_GEOMETRY
16	26	255	0.08989407629710262	DESCRIPTIVE_ONLY_OBSERVER_SCALE_GEOMETRY
16	27	255	0.016594655577953595	DESCRIPTIVE_ONLY_OBSERVER_SCALE_GEOMETRY
16	28	255	-0.05648967554410671	DESCRIPTIVE_ONLY_OBSERVER_SCALE_GEOMETRY
16	29	255	0.046629834967744255	DESCRIPTIVE_ONLY_OBSERVER_SCALE_GEOMETRY
16	30	255	8.275656786393728	DESCRIPTIVE_ONLY_OBSERVER_SCALE_GEOMETRY
16	31	255	-7.26880070181766	DESCRIPTIVE_ONLY_OBSERVER_SCALE_GEOMETRY
16	32	255	-1.2658679610466208	DESCRIPTIVE_ONLY_OBSERVER_SCALE_GEOMETRY
16	33	255	-0.11495741957474674	DESCRIPTIVE_ONLY_OBSERVER_SCALE_GEOMETRY
16	34	255	-0.05610741542912736	DESCRIPTIVE_ONLY_OBSERVER_SCALE_GEOMETRY
16	35	255	0.2996748463212813	DESCRIPTIVE_ONLY_OBSERVER_SCALE_GEOMETRY
16	36	254	0.1068415169855426	DESCRIPTIVE_ONLY_OBSERVER_SCALE_GEOMETRY
16	37	254	-0.0717741771033824	DESCRIPTIVE_ONLY_OBSERVER_SCALE_GEOMETRY
16	38	254	-0.01094393683842252	DESCRIPTIVE_ONLY_OBSERVER_SCALE_GEOMETRY
16	39	254	-0.00816437943721966	DESCRIPTIVE_ONLY_OBSERVER_SCALE_GEOMETRY
16	40	254	-0.016229795346893845	DESCRIPTIVE_ONLY_OBSERVER_SCALE_GEOMETRY
16	41	254	-0.08446888016988939	DESCRIPTIVE_ONLY_OBSERVER_SCALE_GEOMETRY
16	42	254	0.07463217876147694	DESCRIPTIVE_ONLY_OBSERVER_SCALE_GEOMETRY
16	43	254	0.009191479278183416	DESCRIPTIVE_ONLY_OBSERVER_SCALE_GEOMETRY
16	44	254	-0.05403117846279402	DESCRIPTIVE_ONLY_OBSERVER_SCALE_GEOMETRY
16	45	254	-0.04226294990575685	DESCRIPTIVE_ONLY_OBSERVER_SCALE_GEOMETRY
16	46	254	0.07851341572782368	DESCRIPTIVE_ONLY_OBSERVER_SCALE_GEOMETRY
16	47	254	-0.07683699301960258	DESCRIPTIVE_ONLY_OBSERVER_SCALE_GEOMETRY
16	48	254	0.06327030999904346	DESCRIPTIVE_ONLY_OBSERVER_SCALE_GEOMETRY
16	49	253	-0.06107436590137053	DESCRIPTIVE_ONLY_OBSERVER_SCALE_GEOMETRY
16	50	253	0.01175585876576424	DESCRIPTIVE_ONLY_OBSERVER_SCALE_GEOMETRY
16	51	253	-0.021185487997131925	DESCRIPTIVE_ONLY_OBSERVER_SCALE_GEOMETRY
16	52	253	-0.0016891948397304022	DESCRIPTIVE_ONLY_OBSERVER_SCALE_GEOMETRY
16	53	253	-0.009998989336191224	DESCRIPTIVE_ONLY_OBSERVER_SCALE_GEOMETRY
16	54	253	0.020750780985609233	DESCRIPTIVE_ONLY_OBSERVER_SCALE_GEOMETRY
16	55	253	-0.04628166834310911	DESCRIPTIVE_ONLY_OBSERVER_SCALE_GEOMETRY
16	56	253	0.05247145519723721	DESCRIPTIVE_ONLY_OBSERVER_SCALE_GEOMETRY
16	57	253	-0.04990414659139062	DESCRIPTIVE_ONLY_OBSERVER_SCALE_GEOMETRY
16	58	253	-0.009776198895105887	DESCRIPTIVE_ONLY_OBSERVER_SCALE_GEOMETRY
16	59	253	0.005257001352956466	DESCRIPTIVE_ONLY_OBSERVER_SCALE_GEOMETRY
16	60	253	-0.04634268538924435	DESCRIPTIVE_ONLY_OBSERVER_SCALE_GEOMETRY
16	61	253	0.03160441458779045	DESCRIPTIVE_ONLY_OBSERVER_SCALE_GEOMETRY
16	62	253	0.0014434438606097987	DESCRIPTIVE_ONLY_OBSERVER_SCALE_GEOMETRY
16	63	253	0.02320908065300815	DESCRIPTIVE_ONLY_OBSERVER_SCALE_GEOMETRY
16	64	253	-0.10526261250372271	DESCRIPTIVE_ONLY_OBSERVER_SCALE_GEOMETRY
16	65	253	-1.2833711460761517	DESCRIPTIVE_ONLY_OBSERVER_SCALE_GEOMETRY
16	66	253	3.065265190667802	DESCRIPTIVE_ONLY_OBSERVER_SCALE_GEOMETRY
16	67	253	-5.344567721376164	DESCRIPTIVE_ONLY_OBSERVER_SCALE_GEOMETRY
16	68	252	2.5645476728086254	DESCRIPTIVE_ONLY_OBSERVER_SCALE_GEOMETRY
16	69	252	1.050570021551533	DESCRIPTIVE_ONLY_OBSERVER_SCALE_GEOMETRY
16	70	252	0.018054326665459454	DESCRIPTIVE_ONLY_OBSERVER_SCALE_GEOMETRY
16	71	252	-0.10115424525039625	DESCRIPTIVE_ONLY_OBSERVER_SCALE_GEOMETRY
16	72	252	0.10221695170956652	DESCRIPTIVE_ONLY_OBSERVER_SCALE_GEOMETRY
16	73	252	-0.05238646391937208	DESCRIPTIVE_ONLY_OBSERVER_SCALE_GEOMETRY
16	74	252	-0.010528806277510913	DESCRIPTIVE_ONLY_OBSERVER_SCALE_GEOMETRY
16	75	252	0.0292125694013389	DESCRIPTIVE_ONLY_OBSERVER_SCALE_GEOMETRY
16	76	252	-0.03616027094931612	DESCRIPTIVE_ONLY_OBSERVER_SCALE_GEOMETRY
16	77	252	0.050905210661682535	DESCRIPTIVE_ONLY_OBSERVER_SCALE_GEOMETRY
16	78	252	-0.06964071876041315	DESCRIPTIVE_ONLY_OBSERVER_SCALE_GEOMETRY
16	79	252	-0.01682374526329501	DESCRIPTIVE_ONLY_OBSERVER_SCALE_GEOMETRY
16	80	252	0.02244222213685289	DESCRIPTIVE_ONLY_OBSERVER_SCALE_GEOMETRY
16	81	252	0.004207604663729654	DESCRIPTIVE_ONLY_OBSERVER_SCALE_GEOMETRY
16	82	252	-0.044650431554280674	DESCRIPTIVE_ONLY_OBSERVER_SCALE_GEOMETRY
16	83	252	0.03434910145841011	DESCRIPTIVE_ONLY_OBSERVER_SCALE_GEOMETRY
16	84	252	-0.03604200331641173	DESCRIPTIVE_ONLY_OBSERVER_SCALE_GEOMETRY
16	85	252	0.04108912691411237	DESCRIPTIVE_ONLY_OBSERVER_SCALE_GEOMETRY
16	86	252	-0.025441477794481977	DESCRIPTIVE_ONLY_OBSERVER_SCALE_GEOMETRY
16	87	252	-0.05795024973877169	DESCRIPTIVE_ONLY_OBSERVER_SCALE_GEOMETRY
16	88	252	0.0019197331893948324	DESCRIPTIVE_ONLY_OBSERVER_SCALE_GEOMETRY
16	89	252	0.027379513024447407	DESCRIPTIVE_ONLY_OBSERVER_SCALE_GEOMETRY
16	90	252	-0.12562787232467734	DESCRIPTIVE_ONLY_OBSERVER_SCALE_GEOMETRY
16	91	252	1.95369360842689	DESCRIPTIVE_ONLY_OBSERVER_SCALE_GEOMETRY
16	92	252	-1.8628488236116745	DESCRIPTIVE_ONLY_OBSERVER_SCALE_GEOMETRY
16	93	252	-0.0025023582616038953	DESCRIPTIVE_ONLY_OBSERVER_SCALE_GEOMETRY
16	94	252	-0.04024719401032349	DESCRIPTIVE_ONLY_OBSERVER_SCALE_GEOMETRY
16	95	252	-0.09088565444074463	DESCRIPTIVE_ONLY_OBSERVER_SCALE_GEOMETRY
16	96	252	0.07320483889606805	DESCRIPTIVE_ONLY_OBSERVER_SCALE_GEOMETRY
16	97	252	-0.024967471303867325	DESCRIPTIVE_ONLY_OBSERVER_SCALE_GEOMETRY
16	98	252	-0.0442031167528652	DESCRIPTIVE_ONLY_OBSERVER_SCALE_GEOMETRY
16	99	252	-0.003375035857556629	DESCRIPTIVE_ONLY_OBSERVER_SCALE_GEOMETRY
16	100	252	0.04551043573010195	DESCRIPTIVE_ONLY_OBSERVER_SCALE_GEOMETRY
16	101	252	-0.04617351217106737	DESCRIPTIVE_ONLY_OBSERVER_SCALE_GEOMETRY
16	102	252	-0.006177692936756976	DESCRIPTIVE_ONLY_OBSERVER_SCALE_GEOMETRY
16	103	252	0.01193828514143375	DESCRIPTIVE_ONLY_OBSERVER_SCALE_GEOMETRY
16	104	252	0.02677101658069219	DESCRIPTIVE_ONLY_OBSERVER_SCALE_GEOMETRY
16	105	252	-0.08644611125430247	DESCRIPTIVE_ONLY_OBSERVER_SCALE_GEOMETRY
16	106	252	0.03322760203282976	DESCRIPTIVE_ONLY_OBSERVER_SCALE_GEOMETRY
16	107	252	0.029204473649542626	DESCRIPTIVE_ONLY_OBSERVER_SCALE_GEOMETRY
16	108	252	-0.08028452783824397	DESCRIPTIVE_ONLY_OBSERVER_SCALE_GEOMETRY
16	109	252	0.024385813141531723	DESCRIPTIVE_ONLY_OBSERVER_SCALE_GEOMETRY
16	110	252	-0.037517817245531375	DESCRIPTIVE_ONLY_OBSERVER_SCALE_GEOMETRY
16	111	252	0.03243079282895953	DESCRIPTIVE_ONLY_OBSERVER_SCALE_GEOMETRY
16	112	252	0.03771114066762571	DESCRIPTIVE_ONLY_OBSERVER_SCALE_GEOMETRY
16	113	252	-0.10813848397828345	DESCRIPTIVE_ONLY_OBSERVER_SCALE_GEOMETRY
16	114	251	0.03371200564400823	DESCRIPTIVE_ONLY_OBSERVER_SCALE_GEOMETRY
16	115	251	0.03824212431368113	DESCRIPTIVE_ONLY_OBSERVER_SCALE_GEOMETRY
16	116	251	-0.01203980079523931	DESCRIPTIVE_ONLY_OBSERVER_SCALE_GEOMETRY
16	117	251	-0.059569387871106466	DESCRIPTIVE_ONLY_OBSERVER_SCALE_GEOMETRY
16	118	251	-0.0332633826081958	DESCRIPTIVE_ONLY_OBSERVER_SCALE_GEOMETRY
16	119	251	0.11984805894256681	DESCRIPTIVE_ONLY_OBSERVER_SCALE_GEOMETRY
16	120	251	-0.14243205361905698	DESCRIPTIVE_ONLY_OBSERVER_SCALE_GEOMETRY
16	121	251	0.03185102686313856	DESCRIPTIVE_ONLY_OBSERVER_SCALE_GEOMETRY
16	122	251	0.00130057083165448	DESCRIPTIVE_ONLY_OBSERVER_SCALE_GEOMETRY
16	123	250	-0.034350091864468975	DESCRIPTIVE_ONLY_OBSERVER_SCALE_GEOMETRY
16	124	250	0.06762044451098081	DESCRIPTIVE_ONLY_OBSERVER_SCALE_GEOMETRY
16	125	250	0.41305121090502445	DESCRIPTIVE_ONLY_OBSERVER_SCALE_GEOMETRY
16	126	250	-0.44013726151352084	DESCRIPTIVE_ONLY_OBSERVER_SCALE_GEOMETRY
16	127	250	2.3328764514076243	DESCRIPTIVE_ONLY_OBSERVER_SCALE_GEOMETRY
16	128	250	-2.1635795533460755	DESCRIPTIVE_ONLY_OBSERVER_SCALE_GEOMETRY
16	129	250	-0.15500851611450311	DESCRIPTIVE_ONLY_OBSERVER_SCALE_GEOMETRY
16	130	250	-0.09795127971967882	DESCRIPTIVE_ONLY_OBSERVER_SCALE_GEOMETRY
16	131	250	0.05714013515923369	DESCRIPTIVE_ONLY_OBSERVER_SCALE_GEOMETRY
16	132	250	0.058132615702046884	DESCRIPTIVE_ONLY_OBSERVER_SCALE_GEOMETRY
16	133	250	-0.18536752050978011	DESCRIPTIVE_ONLY_OBSERVER_SCALE_GEOMETRY
16	134	250	0.32795097735552453	DESCRIPTIVE_ONLY_OBSERVER_SCALE_GEOMETRY
16	135	249	-0.10616334710019275	DESCRIPTIVE_ONLY_OBSERVER_SCALE_GEOMETRY
16	136	249	-0.36204693744870486	DESCRIPTIVE_ONLY_OBSERVER_SCALE_GEOMETRY
16	137	249	0.09029509647895442	DESCRIPTIVE_ONLY_OBSERVER_SCALE_GEOMETRY
16	138	249	0.04909369723987909	DESCRIPTIVE_ONLY_OBSERVER_SCALE_GEOMETRY
16	139	249	0.00805900453516945	DESCRIPTIVE_ONLY_OBSERVER_SCALE_GEOMETRY
16	140	249	-0.0706972633492662	DESCRIPTIVE_ONLY_OBSERVER_SCALE_GEOMETRY
16	141	249	0.03748370052215658	DESCRIPTIVE_ONLY_OBSERVER_SCALE_GEOMETRY
16	142	249	-0.03291850791049991	DESCRIPTIVE_ONLY_OBSERVER_SCALE_GEOMETRY
16	143	249	0.0031795333802737396	DESCRIPTIVE_ONLY_OBSERVER_SCALE_GEOMETRY
16	144	249	1.0909659818151949	DESCRIPTIVE_ONLY_OBSERVER_SCALE_GEOMETRY
16	145	249	-1.1047763223533051	DESCRIPTIVE_ONLY_OBSERVER_SCALE_GEOMETRY
16	146	248	0.01437893111159137	DESCRIPTIVE_ONLY_OBSERVER_SCALE_GEOMETRY
16	147	248	-0.004611398096668876	DESCRIPTIVE_ONLY_OBSERVER_SCALE_GEOMETRY
16	148	248	-0.02130647459115834	DESCRIPTIVE_ONLY_OBSERVER_SCALE_GEOMETRY
16	149	248	-0.01899029094217925	DESCRIPTIVE_ONLY_OBSERVER_SCALE_GEOMETRY
16	150	248	-0.005394549933387399	DESCRIPTIVE_ONLY_OBSERVER_SCALE_GEOMETRY
16	151	248	-0.16769639305130932	DESCRIPTIVE_ONLY_OBSERVER_SCALE_GEOMETRY
16	152	248	0.06159921506316476	DESCRIPTIVE_ONLY_OBSERVER_SCALE_GEOMETRY
16	153	248	0.019788505860487974	DESCRIPTIVE_ONLY_OBSERVER_SCALE_GEOMETRY
16	154	248	0.14985773997362384	DESCRIPTIVE_ONLY_OBSERVER_SCALE_GEOMETRY
16	155	248	0.0150277416265835	DESCRIPTIVE_ONLY_OBSERVER_SCALE_GEOMETRY
16	156	248	-0.11853416558729082	DESCRIPTIVE_ONLY_OBSERVER_SCALE_GEOMETRY
16	157	248	-0.021257044858185196	DESCRIPTIVE_ONLY_OBSERVER_SCALE_GEOMETRY
16	158	248	0.04883326251196614	DESCRIPTIVE_ONLY_OBSERVER_SCALE_GEOMETRY
16	159	248	-0.046228887060620324	DESCRIPTIVE_ONLY_OBSERVER_SCALE_GEOMETRY
16	160	248	0.028821930084892533	DESCRIPTIVE_ONLY_OBSERVER_SCALE_GEOMETRY
16	161	248	-0.06637254798184557	DESCRIPTIVE_ONLY_OBSERVER_SCALE_GEOMETRY
16	162	248	0.006814536191623043	DESCRIPTIVE_ONLY_OBSERVER_SCALE_GEOMETRY
16	163	248	-0.0021111782890665476	DESCRIPTIVE_ONLY_OBSERVER_SCALE_GEOMETRY
16	164	248	0.029623791524278048	DESCRIPTIVE_ONLY_OBSERVER_SCALE_GEOMETRY
16	165	248	-0.037057191887298925	DESCRIPTIVE_ONLY_OBSERVER_SCALE_GEOMETRY
16	166	248	-0.030994770995528366	DESCRIPTIVE_ONLY_OBSERVER_SCALE_GEOMETRY
16	167	248	0.052253495691202675	DESCRIPTIVE_ONLY_OBSERVER_SCALE_GEOMETRY
16	168	248	-0.019187625863203075	DESCRIPTIVE_ONLY_OBSERVER_SCALE_GEOMETRY
16	169	248	-0.10169740396336105	DESCRIPTIVE_ONLY_OBSERVER_SCALE_GEOMETRY
16	170	248	0.08584660614089074	DESCRIPTIVE_ONLY_OBSERVER_SCALE_GEOMETRY
16	171	248	0.007198278812970166	DESCRIPTIVE_ONLY_OBSERVER_SCALE_GEOMETRY
16	172	248	-0.060971964413041334	DESCRIPTIVE_ONLY_OBSERVER_SCALE_GEOMETRY
16	173	248	0.054810824336226444	DESCRIPTIVE_ONLY_OBSERVER_SCALE_GEOMETRY
16	174	248	-0.06472919746772278	DESCRIPTIVE_ONLY_OBSERVER_SCALE_GEOMETRY
16	175	248	0.032610544414975455	DESCRIPTIVE_ONLY_OBSERVER_SCALE_GEOMETRY
16	176	248	-0.026744252010946698	DESCRIPTIVE_ONLY_OBSERVER_SCALE_GEOMETRY
16	177	248	-0.053440998242166964	DESCRIPTIVE_ONLY_OBSERVER_SCALE_GEOMETRY
16	178	248	0.02692717495259146	DESCRIPTIVE_ONLY_OBSERVER_SCALE_GEOMETRY
16	179	248	-0.0017680269648546406	DESCRIPTIVE_ONLY_OBSERVER_SCALE_GEOMETRY
16	180	248	0.001998482154715277	DESCRIPTIVE_ONLY_OBSERVER_SCALE_GEOMETRY
16	181	248	-0.018609563122077937	DESCRIPTIVE_ONLY_OBSERVER_SCALE_GEOMETRY
16	182	248	-0.0012889343999556387	DESCRIPTIVE_ONLY_OBSERVER_SCALE_GEOMETRY
16	183	248	-0.045045464679220215	DESCRIPTIVE_ONLY_OBSERVER_SCALE_GEOMETRY
16	184	248	0.034312632153373226	DESCRIPTIVE_ONLY_OBSERVER_SCALE_GEOMETRY
16	185	247	1.2963307932040375	DESCRIPTIVE_ONLY_OBSERVER_SCALE_GEOMETRY
16	186	247	-5.367492207821193	DESCRIPTIVE_ONLY_OBSERVER_SCALE_GEOMETRY
16	187	247	4.313124439569676	DESCRIPTIVE_ONLY_OBSERVER_SCALE_GEOMETRY
16	188	247	-0.10857197041003736	DESCRIPTIVE_ONLY_OBSERVER_SCALE_GEOMETRY
16	189	247	-0.17087423680206723	DESCRIPTIVE_ONLY_OBSERVER_SCALE_GEOMETRY
16	190	247	-0.2614140607267	DESCRIPTIVE_ONLY_OBSERVER_SCALE_GEOMETRY
16	191	247	-0.39179631073953863	DESCRIPTIVE_ONLY_OBSERVER_SCALE_GEOMETRY
16	192	247	0.6826255876903877	DESCRIPTIVE_ONLY_OBSERVER_SCALE_GEOMETRY
16	193	247	0.1241756993716769	DESCRIPTIVE_ONLY_OBSERVER_SCALE_GEOMETRY
16	194	247	-0.4081258653247256	DESCRIPTIVE_ONLY_OBSERVER_SCALE_GEOMETRY
16	195	247	0.21023993451748324	DESCRIPTIVE_ONLY_OBSERVER_SCALE_GEOMETRY
16	196	247	-0.02703643095144037	DESCRIPTIVE_ONLY_OBSERVER_SCALE_GEOMETRY
16	197	247	0.0023394754274005313	DESCRIPTIVE_ONLY_OBSERVER_SCALE_GEOMETRY
16	198	247	0.0089463182976696	DESCRIPTIVE_ONLY_OBSERVER_SCALE_GEOMETRY
16	199	246	0.024412053691006547	DESCRIPTIVE_ONLY_OBSERVER_SCALE_GEOMETRY
16	200	246	-0.029169031367918603	DESCRIPTIVE_ONLY_OBSERVER_SCALE_GEOMETRY
16	201	246	-0.029897830268456518	DESCRIPTIVE_ONLY_OBSERVER_SCALE_GEOMETRY
16	202	246	-0.01747296309892038	DESCRIPTIVE_ONLY_OBSERVER_SCALE_GEOMETRY
16	203	246	-0.036127644636226273	DESCRIPTIVE_ONLY_OBSERVER_SCALE_GEOMETRY
16	204	246	-0.03838863445512529	DESCRIPTIVE_ONLY_OBSERVER_SCALE_GEOMETRY
16	205	246	0.18464907469328168	DESCRIPTIVE_ONLY_OBSERVER_SCALE_GEOMETRY
16	206	246	-0.12272191352499062	DESCRIPTIVE_ONLY_OBSERVER_SCALE_GEOMETRY
16	207	246	0.04580597951945747	DESCRIPTIVE_ONLY_OBSERVER_SCALE_GEOMETRY
16	208	246	-0.05697082024215075	DESCRIPTIVE_ONLY_OBSERVER_SCALE_GEOMETRY
16	209	246	-0.04629783983725557	DESCRIPTIVE_ONLY_OBSERVER_SCALE_GEOMETRY
16	210	246	0.09242779206064565	DESCRIPTIVE_ONLY_OBSERVER_SCALE_GEOMETRY
16	211	246	-0.1122253044227448	DESCRIPTIVE_ONLY_OBSERVER_SCALE_GEOMETRY
16	212	246	0.08634273389225386	DESCRIPTIVE_ONLY_OBSERVER_SCALE_GEOMETRY
16	213	246	-0.09563779819225605	DESCRIPTIVE_ONLY_OBSERVER_SCALE_GEOMETRY
16	214	246	0.02204328455229543	DESCRIPTIVE_ONLY_OBSERVER_SCALE_GEOMETRY
16	215	246	0.06576483967775915	DESCRIPTIVE_ONLY_OBSERVER_SCALE_GEOMETRY
16	216	246	-0.10487572791182737	DESCRIPTIVE_ONLY_OBSERVER_SCALE_GEOMETRY
16	217	246	0.052726974782770906	DESCRIPTIVE_ONLY_OBSERVER_SCALE_GEOMETRY
16	218	246	-0.026885497273562015	DESCRIPTIVE_ONLY_OBSERVER_SCALE_GEOMETRY
16	219	246	-0.03193225558701178	DESCRIPTIVE_ONLY_OBSERVER_SCALE_GEOMETRY
16	220	246	0.12793450709147314	DESCRIPTIVE_ONLY_OBSERVER_SCALE_GEOMETRY
16	221	246	-0.1541609086545402	DESCRIPTIVE_ONLY_OBSERVER_SCALE_GEOMETRY
16	222	246	-0.056077278664520426	DESCRIPTIVE_ONLY_OBSERVER_SCALE_GEOMETRY
16	223	246	0.09205113223582666	DESCRIPTIVE_ONLY_OBSERVER_SCALE_GEOMETRY
16	224	246	0.0510623879073898	DESCRIPTIVE_ONLY_OBSERVER_SCALE_GEOMETRY
16	225	246	-0.15812131825469666	DESCRIPTIVE_ONLY_OBSERVER_SCALE_GEOMETRY
16	226	246	0.06787403824805975	DESCRIPTIVE_ONLY_OBSERVER_SCALE_GEOMETRY
16	227	246	0.005515011468207095	DESCRIPTIVE_ONLY_OBSERVER_SCALE_GEOMETRY
16	228	246	0.0013484107891517255	DESCRIPTIVE_ONLY_OBSERVER_SCALE_GEOMETRY
16	229	246	-0.048554735766535975	DESCRIPTIVE_ONLY_OBSERVER_SCALE_GEOMETRY
16	230	246	0.06819627723754815	DESCRIPTIVE_ONLY_OBSERVER_SCALE_GEOMETRY
16	231	246	0.011783805439506977	DESCRIPTIVE_ONLY_OBSERVER_SCALE_GEOMETRY
16	232	246	-0.0896327562077892	DESCRIPTIVE_ONLY_OBSERVER_SCALE_GEOMETRY
16	233	246	-0.07043936739015172	DESCRIPTIVE_ONLY_OBSERVER_SCALE_GEOMETRY
16	234	246	0.11411582868837575	DESCRIPTIVE_ONLY_OBSERVER_SCALE_GEOMETRY
16	235	246	-0.0663069391097196	DESCRIPTIVE_ONLY_OBSERVER_SCALE_GEOMETRY
16	236	246	-0.05702337178647562	DESCRIPTIVE_ONLY_OBSERVER_SCALE_GEOMETRY
16	237	246	0.13879669836620087	DESCRIPTIVE_ONLY_OBSERVER_SCALE_GEOMETRY
16	238	246	-0.11888019644555847	DESCRIPTIVE_ONLY_OBSERVER_SCALE_GEOMETRY
16	239	246	0.04555329113822292	DESCRIPTIVE_ONLY_OBSERVER_SCALE_GEOMETRY
16	240	246	-0.01011433940544144	DESCRIPTIVE_ONLY_OBSERVER_SCALE_GEOMETRY
16	241	246	0.00838886686046895	DESCRIPTIVE_ONLY_OBSERVER_SCALE_GEOMETRY
16	242	246	-0.058707663203212954	DESCRIPTIVE_ONLY_OBSERVER_SCALE_GEOMETRY
16	243	246	0.03818178575310848	DESCRIPTIVE_ONLY_OBSERVER_SCALE_GEOMETRY
16	244	246	-0.062351214355044544	DESCRIPTIVE_ONLY_OBSERVER_SCALE_GEOMETRY
16	245	246	0.13606571710514426	DESCRIPTIVE_ONLY_OBSERVER_SCALE_GEOMETRY
16	246	246	-0.12353317908570957	DESCRIPTIVE_ONLY_OBSERVER_SCALE_GEOMETRY
16	247	246	-2.3046031353678886	DESCRIPTIVE_ONLY_OBSERVER_SCALE_GEOMETRY
16	248	246	3.0404080164112637	DESCRIPTIVE_ONLY_OBSERVER_SCALE_GEOMETRY
16	249	246	-0.6268901978878688	DESCRIPTIVE_ONLY_OBSERVER_SCALE_GEOMETRY
16	250	245	0.17943035812437536	DESCRIPTIVE_ONLY_OBSERVER_SCALE_GEOMETRY
16	251	245	-0.05304515618194934	DESCRIPTIVE_ONLY_OBSERVER_SCALE_GEOMETRY
16	252	245	-0.21575552437405052	DESCRIPTIVE_ONLY_OBSERVER_SCALE_GEOMETRY
16	253	245	-0.044031213337360584	DESCRIPTIVE_ONLY_OBSERVER_SCALE_GEOMETRY
16	254	245	0.0686614525905888	DESCRIPTIVE_ONLY_OBSERVER_SCALE_GEOMETRY
16	255	245	-0.08312588027767397	DESCRIPTIVE_ONLY_OBSERVER_SCALE_GEOMETRY
16	256	245	0.10452857846551104	DESCRIPTIVE_ONLY_OBSERVER_SCALE_GEOMETRY
16	257	245	-0.08884996038404909	DESCRIPTIVE_ONLY_OBSERVER_SCALE_GEOMETRY
16	258	245	0.038645628074911426	DESCRIPTIVE_ONLY_OBSERVER_SCALE_GEOMETRY
16	259	245	0.004546390984802628	DESCRIPTIVE_ONLY_OBSERVER_SCALE_GEOMETRY
16	260	245	-0.05221232108431243	DESCRIPTIVE_ONLY_OBSERVER_SCALE_GEOMETRY
16	261	245	0.09942901805226184	DESCRIPTIVE_ONLY_OBSERVER_SCALE_GEOMETRY
16	262	244	-0.12453327231986969	DESCRIPTIVE_ONLY_OBSERVER_SCALE_GEOMETRY
16	263	244	0.11366603710665692	DESCRIPTIVE_ONLY_OBSERVER_SCALE_GEOMETRY
16	264	243	0.48640223462596444	DESCRIPTIVE_ONLY_OBSERVER_SCALE_GEOMETRY
16	265	243	-0.43157508487006924	DESCRIPTIVE_ONLY_OBSERVER_SCALE_GEOMETRY
16	266	242	-0.16086331102201273	DESCRIPTIVE_ONLY_OBSERVER_SCALE_GEOMETRY
16	267	242	0.13866241664375645	DESCRIPTIVE_ONLY_OBSERVER_SCALE_GEOMETRY
16	268	242	-0.1988192931190538	DESCRIPTIVE_ONLY_OBSERVER_SCALE_GEOMETRY
16	269	242	0.19070855721748	DESCRIPTIVE_ONLY_OBSERVER_SCALE_GEOMETRY
16	270	242	-0.12165584064896845	DESCRIPTIVE_ONLY_OBSERVER_SCALE_GEOMETRY
16	271	242	0.09078252346165763	DESCRIPTIVE_ONLY_OBSERVER_SCALE_GEOMETRY
16	272	242	-0.0933362999601237	DESCRIPTIVE_ONLY_OBSERVER_SCALE_GEOMETRY
16	273	242	0.0439201016929834	DESCRIPTIVE_ONLY_OBSERVER_SCALE_GEOMETRY
16	274	242	0.020145297136756727	DESCRIPTIVE_ONLY_OBSERVER_SCALE_GEOMETRY
16	275	242	0.04349007665307428	DESCRIPTIVE_ONLY_OBSERVER_SCALE_GEOMETRY
16	276	242	-0.07444029795826103	DESCRIPTIVE_ONLY_OBSERVER_SCALE_GEOMETRY
16	277	242	0.0426677625690414	DESCRIPTIVE_ONLY_OBSERVER_SCALE_GEOMETRY
16	278	242	-0.06581786425517532	DESCRIPTIVE_ONLY_OBSERVER_SCALE_GEOMETRY
16	279	242	0.051718089331331714	DESCRIPTIVE_ONLY_OBSERVER_SCALE_GEOMETRY
16	280	242	-0.042860932605736736	DESCRIPTIVE_ONLY_OBSERVER_SCALE_GEOMETRY
16	281	242	0.041918969342700445	DESCRIPTIVE_ONLY_OBSERVER_SCALE_GEOMETRY
16	282	242	-0.07421079370290999	DESCRIPTIVE_ONLY_OBSERVER_SCALE_GEOMETRY
16	283	242	0.07146442495683175	DESCRIPTIVE_ONLY_OBSERVER_SCALE_GEOMETRY
16	284	242	0.09438505513080114	DESCRIPTIVE_ONLY_OBSERVER_SCALE_GEOMETRY
16	285	242	-0.15792191261122931	DESCRIPTIVE_ONLY_OBSERVER_SCALE_GEOMETRY
16	286	242	0.10458291378614432	DESCRIPTIVE_ONLY_OBSERVER_SCALE_GEOMETRY
16	287	242	-0.018770127905840542	DESCRIPTIVE_ONLY_OBSERVER_SCALE_GEOMETRY
16	288	242	-0.033592949312234915	DESCRIPTIVE_ONLY_OBSERVER_SCALE_GEOMETRY
16	289	242	-0.020550162966923725	DESCRIPTIVE_ONLY_OBSERVER_SCALE_GEOMETRY
16	290	242	0.1250198777477918	DESCRIPTIVE_ONLY_OBSERVER_SCALE_GEOMETRY
16	291	242	-0.049519167691318644	DESCRIPTIVE_ONLY_OBSERVER_SCALE_GEOMETRY
16	292	242	-0.0042714307804806615	DESCRIPTIVE_ONLY_OBSERVER_SCALE_GEOMETRY
16	293	242	0.0029993522002448743	DESCRIPTIVE_ONLY_OBSERVER_SCALE_GEOMETRY
16	294	242	0.08069833231336203	DESCRIPTIVE_ONLY_OBSERVER_SCALE_GEOMETRY
16	295	241	-0.139641199671721	DESCRIPTIVE_ONLY_OBSERVER_SCALE_GEOMETRY
16	296	241	0.1776101930875963	DESCRIPTIVE_ONLY_OBSERVER_SCALE_GEOMETRY
16	297	241	-0.11832933729041321	DESCRIPTIVE_ONLY_OBSERVER_SCALE_GEOMETRY
16	298	241	0.017021052517575127	DESCRIPTIVE_ONLY_OBSERVER_SCALE_GEOMETRY
16	299	241	0.01677956623750086	DESCRIPTIVE_ONLY_OBSERVER_SCALE_GEOMETRY
16	300	241	0.005165815531082215	DESCRIPTIVE_ONLY_OBSERVER_SCALE_GEOMETRY
16	301	241	0.022707277389349162	DESCRIPTIVE_ONLY_OBSERVER_SCALE_GEOMETRY
16	302	241	0.014205816953921148	DESCRIPTIVE_ONLY_OBSERVER_SCALE_GEOMETRY
16	303	241	-0.0007806225336016245	DESCRIPTIVE_ONLY_OBSERVER_SCALE_GEOMETRY
16	304	240	-0.07300112486377727	DESCRIPTIVE_ONLY_OBSERVER_SCALE_GEOMETRY
16	305	240	2.375059588792871	DESCRIPTIVE_ONLY_OBSERVER_SCALE_GEOMETRY
16	306	240	-11.239606329628648	DESCRIPTIVE_ONLY_OBSERVER_SCALE_GEOMETRY
16	307	240	6.747145057518133	DESCRIPTIVE_ONLY_OBSERVER_SCALE_GEOMETRY
16	308	240	2.315631064584247	DESCRIPTIVE_ONLY_OBSERVER_SCALE_GEOMETRY
16	309	239	0.2233586558651661	DESCRIPTIVE_ONLY_OBSERVER_SCALE_GEOMETRY
16	310	239	-0.24421154063815795	DESCRIPTIVE_ONLY_OBSERVER_SCALE_GEOMETRY
16	311	239	-0.07891849868117976	DESCRIPTIVE_ONLY_OBSERVER_SCALE_GEOMETRY
16	312	239	-0.024909351749680536	DESCRIPTIVE_ONLY_OBSERVER_SCALE_GEOMETRY
16	313	239	0.06801026256824937	DESCRIPTIVE_ONLY_OBSERVER_SCALE_GEOMETRY
16	314	239	-0.06981134431906307	DESCRIPTIVE_ONLY_OBSERVER_SCALE_GEOMETRY
16	315	239	0.07843102397075592	DESCRIPTIVE_ONLY_OBSERVER_SCALE_GEOMETRY
16	316	239	0.0019984858210509407	DESCRIPTIVE_ONLY_OBSERVER_SCALE_GEOMETRY
16	317	239	-0.04610062559417385	DESCRIPTIVE_ONLY_OBSERVER_SCALE_GEOMETRY
16	318	239	0.07995047331307654	DESCRIPTIVE_ONLY_OBSERVER_SCALE_GEOMETRY
16	319	239	-0.005673342104374039	DESCRIPTIVE_ONLY_OBSERVER_SCALE_GEOMETRY
16	320	239	-0.054051360842473875	DESCRIPTIVE_ONLY_OBSERVER_SCALE_GEOMETRY
16	321	239	0.053592448884995966	DESCRIPTIVE_ONLY_OBSERVER_SCALE_GEOMETRY
16	322	239	-0.055257930441168314	DESCRIPTIVE_ONLY_OBSERVER_SCALE_GEOMETRY
16	323	238	0.06361572631351013	DESCRIPTIVE_ONLY_OBSERVER_SCALE_GEOMETRY
16	324	237	0.8152276437347168	DESCRIPTIVE_ONLY_OBSERVER_SCALE_GEOMETRY
16	325	237	-0.8089981711426064	DESCRIPTIVE_ONLY_OBSERVER_SCALE_GEOMETRY
16	326	237	-0.023473560164946134	DESCRIPTIVE_ONLY_OBSERVER_SCALE_GEOMETRY
16	327	237	-0.05716589218273286	DESCRIPTIVE_ONLY_OBSERVER_SCALE_GEOMETRY
16	328	237	0.13010409837066683	DESCRIPTIVE_ONLY_OBSERVER_SCALE_GEOMETRY
16	329	237	-0.03738808995572157	DESCRIPTIVE_ONLY_OBSERVER_SCALE_GEOMETRY
16	330	237	-0.03980337152491789	DESCRIPTIVE_ONLY_OBSERVER_SCALE_GEOMETRY
16	331	237	0.026529703661269523	DESCRIPTIVE_ONLY_OBSERVER_SCALE_GEOMETRY
16	332	237	0.043844932815556716	DESCRIPTIVE_ONLY_OBSERVER_SCALE_GEOMETRY
16	333	237	-0.07975563550558003	DESCRIPTIVE_ONLY_OBSERVER_SCALE_GEOMETRY
16	334	237	0.09469894263061572	DESCRIPTIVE_ONLY_OBSERVER_SCALE_GEOMETRY
16	335	237	-0.12326176425389271	DESCRIPTIVE_ONLY_OBSERVER_SCALE_GEOMETRY
16	336	237	0.14506309682512653	DESCRIPTIVE_ONLY_OBSERVER_SCALE_GEOMETRY
16	337	237	-0.0918438117566283	DESCRIPTIVE_ONLY_OBSERVER_SCALE_GEOMETRY
16	338	237	0.03473217551236956	DESCRIPTIVE_ONLY_OBSERVER_SCALE_GEOMETRY
16	339	237	-0.035805620182853506	DESCRIPTIVE_ONLY_OBSERVER_SCALE_GEOMETRY
16	340	237	0.07148449990279687	DESCRIPTIVE_ONLY_OBSERVER_SCALE_GEOMETRY
16	341	237	-0.010657218890140405	DESCRIPTIVE_ONLY_OBSERVER_SCALE_GEOMETRY
16	342	237	-0.07259448016831993	DESCRIPTIVE_ONLY_OBSERVER_SCALE_GEOMETRY
16	343	237	0.052003579803793276	DESCRIPTIVE_ONLY_OBSERVER_SCALE_GEOMETRY
16	344	237	-0.02928149725374146	DESCRIPTIVE_ONLY_OBSERVER_SCALE_GEOMETRY
16	345	237	0.05611311063793477	DESCRIPTIVE_ONLY_OBSERVER_SCALE_GEOMETRY
16	346	237	0.011990759891971384	DESCRIPTIVE_ONLY_OBSERVER_SCALE_GEOMETRY
16	347	236	-0.06678443858738355	DESCRIPTIVE_ONLY_OBSERVER_SCALE_GEOMETRY
16	348	236	-0.015646961134002334	DESCRIPTIVE_ONLY_OBSERVER_SCALE_GEOMETRY
16	349	236	0.04201883510453776	DESCRIPTIVE_ONLY_OBSERVER_SCALE_GEOMETRY
16	350	236	-0.030779610583572252	DESCRIPTIVE_ONLY_OBSERVER_SCALE_GEOMETRY
16	351	236	0.1114814172202348	DESCRIPTIVE_ONLY_OBSERVER_SCALE_GEOMETRY
16	352	236	-0.11639501607320177	DESCRIPTIVE_ONLY_OBSERVER_SCALE_GEOMETRY
16	353	236	0.02918975110683501	DESCRIPTIVE_ONLY_OBSERVER_SCALE_GEOMETRY
16	354	236	0.09069785402582575	DESCRIPTIVE_ONLY_OBSERVER_SCALE_GEOMETRY
16	355	236	-0.0304450152289186	DESCRIPTIVE_ONLY_OBSERVER_SCALE_GEOMETRY
16	356	236	-0.10383987965916266	DESCRIPTIVE_ONLY_OBSERVER_SCALE_GEOMETRY
16	357	235	0.16450839800511885	DESCRIPTIVE_ONLY_OBSERVER_SCALE_GEOMETRY
16	358	235	-0.08337377663052929	DESCRIPTIVE_ONLY_OBSERVER_SCALE_GEOMETRY
16	359	235	0.07310856083261878	DESCRIPTIVE_ONLY_OBSERVER_SCALE_GEOMETRY
16	360	235	-0.115353110032223	DESCRIPTIVE_ONLY_OBSERVER_SCALE_GEOMETRY
16	361	235	0.14284702105064245	DESCRIPTIVE_ONLY_OBSERVER_SCALE_GEOMETRY
16	362	235	-0.05696812353459801	DESCRIPTIVE_ONLY_OBSERVER_SCALE_GEOMETRY
16	363	235	-0.01185466577960118	DESCRIPTIVE_ONLY_OBSERVER_SCALE_GEOMETRY
16	364	235	0.04114357067241279	DESCRIPTIVE_ONLY_OBSERVER_SCALE_GEOMETRY
16	365	235	0.02640812330741947	DESCRIPTIVE_ONLY_OBSERVER_SCALE_GEOMETRY
16	366	235	-0.03225600656777479	DESCRIPTIVE_ONLY_OBSERVER_SCALE_GEOMETRY
16	367	235	4.000918084092007	DESCRIPTIVE_ONLY_OBSERVER_SCALE_GEOMETRY
16	368	235	-4.075711536764682	DESCRIPTIVE_ONLY_OBSERVER_SCALE_GEOMETRY
16	369	235	0.17468379639884993	DESCRIPTIVE_ONLY_OBSERVER_SCALE_GEOMETRY
16	370	235	-0.1747038890061404	DESCRIPTIVE_ONLY_OBSERVER_SCALE_GEOMETRY
16	371	235	0.13461992838488412	DESCRIPTIVE_ONLY_OBSERVER_SCALE_GEOMETRY
16	372	235	-0.028818968585431183	DESCRIPTIVE_ONLY_OBSERVER_SCALE_GEOMETRY
16	373	235	0.005456669176134561	DESCRIPTIVE_ONLY_OBSERVER_SCALE_GEOMETRY
17	1	257	0.04553322597554911	DESCRIPTIVE_ONLY_OBSERVER_SCALE_GEOMETRY
17	2	257	-0.27135857968904487	DESCRIPTIVE_ONLY_OBSERVER_SCALE_GEOMETRY
17	3	257	0.6310022222994454	DESCRIPTIVE_ONLY_OBSERVER_SCALE_GEOMETRY
17	4	257	-0.5585899265554402	DESCRIPTIVE_ONLY_OBSERVER_SCALE_GEOMETRY
17	5	257	-0.1975055549075842	DESCRIPTIVE_ONLY_OBSERVER_SCALE_GEOMETRY
17	6	257	2.722857871065801	DESCRIPTIVE_ONLY_OBSERVER_SCALE_GEOMETRY
17	7	257	-2.224787613395378	DESCRIPTIVE_ONLY_OBSERVER_SCALE_GEOMETRY
17	8	257	-0.04675897631322898	DESCRIPTIVE_ONLY_OBSERVER_SCALE_GEOMETRY
17	9	257	0.048913460846772366	DESCRIPTIVE_ONLY_OBSERVER_SCALE_GEOMETRY
17	10	257	-0.005130557196735218	DESCRIPTIVE_ONLY_OBSERVER_SCALE_GEOMETRY
17	11	257	0.05110110237096483	DESCRIPTIVE_ONLY_OBSERVER_SCALE_GEOMETRY
17	12	257	-0.009017060036073204	DESCRIPTIVE_ONLY_OBSERVER_SCALE_GEOMETRY
17	13	257	0.0016947694698622433	DESCRIPTIVE_ONLY_OBSERVER_SCALE_GEOMETRY
17	14	257	0.02627176810280151	DESCRIPTIVE_ONLY_OBSERVER_SCALE_GEOMETRY
17	15	257	-0.00195543393905781	DESCRIPTIVE_ONLY_OBSERVER_SCALE_GEOMETRY
17	16	257	0.048642014347147405	DESCRIPTIVE_ONLY_OBSERVER_SCALE_GEOMETRY
17	17	256	-0.006226477411211092	DESCRIPTIVE_ONLY_OBSERVER_SCALE_GEOMETRY
17	18	256	0.03336404246518924	DESCRIPTIVE_ONLY_OBSERVER_SCALE_GEOMETRY
17	19	255	0.06179179644407642	DESCRIPTIVE_ONLY_OBSERVER_SCALE_GEOMETRY
17	20	255	-0.05689643984468302	DESCRIPTIVE_ONLY_OBSERVER_SCALE_GEOMETRY
17	21	255	0.054813268725073784	DESCRIPTIVE_ONLY_OBSERVER_SCALE_GEOMETRY
17	22	255	0.031185719222204075	DESCRIPTIVE_ONLY_OBSERVER_SCALE_GEOMETRY
17	23	255	2.9385409672758382	DESCRIPTIVE_ONLY_OBSERVER_SCALE_GEOMETRY
17	24	255	-3.0029506037242015	DESCRIPTIVE_ONLY_OBSERVER_SCALE_GEOMETRY
17	25	255	0.12108255387773646	DESCRIPTIVE_ONLY_OBSERVER_SCALE_GEOMETRY
17	26	255	0.05228498857948834	DESCRIPTIVE_ONLY_OBSERVER_SCALE_GEOMETRY
17	27	255	-0.019625137463106044	DESCRIPTIVE_ONLY_OBSERVER_SCALE_GEOMETRY
17	28	255	0.08158846326592396	DESCRIPTIVE_ONLY_OBSERVER_SCALE_GEOMETRY
17	29	255	8.312633846905266	DESCRIPTIVE_ONLY_OBSERVER_SCALE_GEOMETRY
17	30	255	-7.231192554278056	DESCRIPTIVE_ONLY_OBSERVER_SCALE_GEOMETRY
17	31	255	-1.2280333308035623	DESCRIPTIVE_ONLY_OBSERVER_SCALE_GEOMETRY
17	32	255	-0.08016288517965549	DESCRIPTIVE_ONLY_OBSERVER_SCALE_GEOMETRY
17	33	255	-0.0213141506972295	DESCRIPTIVE_ONLY_OBSERVER_SCALE_GEOMETRY
17	34	255	0.33247035665816005	DESCRIPTIVE_ONLY_OBSERVER_SCALE_GEOMETRY
17	35	254	0.13555568819683503	DESCRIPTIVE_ONLY_OBSERVER_SCALE_GEOMETRY
17	36	254	-0.04147069208425279	DESCRIPTIVE_ONLY_OBSERVER_SCALE_GEOMETRY
17	37	254	0.020036006144714243	DESCRIPTIVE_ONLY_OBSERVER_SCALE_GEOMETRY
17	38	254	0.022385645562553628	DESCRIPTIVE_ONLY_OBSERVER_SCALE_GEOMETRY
17	39	254	0.014089657091199725	DESCRIPTIVE_ONLY_OBSERVER_SCALE_GEOMETRY
17	40	254	-0.05195578844997947	DESCRIPTIVE_ONLY_OBSERVER_SCALE_GEOMETRY
17	41	254	0.10510101494985208	DESCRIPTIVE_ONLY_OBSERVER_SCALE_GEOMETRY
17	42	254	0.03922871057904552	DESCRIPTIVE_ONLY_OBSERVER_SCALE_GEOMETRY
17	43	254	-0.024612249156612684	DESCRIPTIVE_ONLY_OBSERVER_SCALE_GEOMETRY
17	44	254	-0.013589601146044069	DESCRIPTIVE_ONLY_OBSERVER_SCALE_GEOMETRY
17	45	254	0.10889040855374056	DESCRIPTIVE_ONLY_OBSERVER_SCALE_GEOMETRY
17	46	254	-0.04842030834469751	DESCRIPTIVE_ONLY_OBSERVER_SCALE_GEOMETRY
17	47	254	0.09371834455698115	DESCRIPTIVE_ONLY_OBSERVER_SCALE_GEOMETRY
17	48	253	-0.02953295510075358	DESCRIPTIVE_ONLY_OBSERVER_SCALE_GEOMETRY
17	49	253	0.03975819060494797	DESCRIPTIVE_ONLY_OBSERVER_SCALE_GEOMETRY
17	50	253	0.00957783680073646	DESCRIPTIVE_ONLY_OBSERVER_SCALE_GEOMETRY
17	51	253	0.03019328136334287	DESCRIPTIVE_ONLY_OBSERVER_SCALE_GEOMETRY
17	52	253	0.025420494343069828	DESCRIPTIVE_ONLY_OBSERVER_SCALE_GEOMETRY
17	53	253	0.053440081979807166	DESCRIPTIVE_ONLY_OBSERVER_SCALE_GEOMETRY
17	54	253	-0.01709332374253654	DESCRIPTIVE_ONLY_OBSERVER_SCALE_GEOMETRY
17	55	253	0.08467083027108176	DESCRIPTIVE_ONLY_OBSERVER_SCALE_GEOMETRY
17	56	253	-0.021071195519856124	DESCRIPTIVE_ONLY_OBSERVER_SCALE_GEOMETRY
17	57	253	0.020805541159253964	DESCRIPTIVE_ONLY_OBSERVER_SCALE_GEOMETRY
17	58	253	0.0366802401719301	DESCRIPTIVE_ONLY_OBSERVER_SCALE_GEOMETRY
17	59	253	-0.015249878368409178	DESCRIPTIVE_ONLY_OBSERVER_SCALE_GEOMETRY
17	60	253	0.06434214910317305	DESCRIPTIVE_ONLY_OBSERVER_SCALE_GEOMETRY
17	61	253	0.03397287170925998	DESCRIPTIVE_ONLY_OBSERVER_SCALE_GEOMETRY
17	62	253	0.05680771110532052	DESCRIPTIVE_ONLY_OBSERVER_SCALE_GEOMETRY
17	63	253	-0.0717611280223655	DESCRIPTIVE_ONLY_OBSERVER_SCALE_GEOMETRY
17	64	253	-1.251159055370122	DESCRIPTIVE_ONLY_OBSERVER_SCALE_GEOMETRY
17	65	253	3.097224933401947	DESCRIPTIVE_ONLY_OBSERVER_SCALE_GEOMETRY
17	66	253	-5.313162896228611	DESCRIPTIVE_ONLY_OBSERVER_SCALE_GEOMETRY
17	67	252	2.5971475626242513	DESCRIPTIVE_ONLY_OBSERVER_SCALE_GEOMETRY
17	68	252	1.0824528686921706	DESCRIPTIVE_ONLY_OBSERVER_SCALE_GEOMETRY
17	69	252	0.04938939997836776	DESCRIPTIVE_ONLY_OBSERVER_SCALE_GEOMETRY
17	70	252	-0.0696738563836368	DESCRIPTIVE_ONLY_OBSERVER_SCALE_GEOMETRY
17	71	252	0.13224071961156766	DESCRIPTIVE_ONLY_OBSERVER_SCALE_GEOMETRY
17	72	252	-0.02326351294341822	DESCRIPTIVE_ONLY_OBSERVER_SCALE_GEOMETRY
17	73	252	0.017589797500252403	DESCRIPTIVE_ONLY_OBSERVER_SCALE_GEOMETRY
17	74	252	0.05713944215190989	DESCRIPTIVE_ONLY_OBSERVER_SCALE_GEOMETRY
17	75	252	-0.008804235303523679	DESCRIPTIVE_ONLY_OBSERVER_SCALE_GEOMETRY
17	76	252	0.07909589482929077	DESCRIPTIVE_ONLY_OBSERVER_SCALE_GEOMETRY
17	77	252	-0.039428503741906894	DESCRIPTIVE_ONLY_OBSERVER_SCALE_GEOMETRY
17	78	252	0.0146819482172134	DESCRIPTIVE_ONLY_OBSERVER_SCALE_GEOMETRY
17	79	252	0.052189411017608996	DESCRIPTIVE_ONLY_OBSERVER_SCALE_GEOMETRY
17	80	252	0.03526179499708154	DESCRIPTIVE_ONLY_OBSERVER_SCALE_GEOMETRY
17	81	252	-0.01362018222323073	DESCRIPTIVE_ONLY_OBSERVER_SCALE_GEOMETRY
17	82	252	0.0650221659089898	DESCRIPTIVE_ONLY_OBSERVER_SCALE_GEOMETRY
17	83	252	-0.00663634946009065	DESCRIPTIVE_ONLY_OBSERVER_SCALE_GEOMETRY
17	84	252	0.07414716139678394	DESCRIPTIVE_ONLY_OBSERVER_SCALE_GEOMETRY
17	85	252	0.005934593736610162	DESCRIPTIVE_ONLY_OBSERVER_SCALE_GEOMETRY
17	86	252	-0.025930700638374292	DESCRIPTIVE_ONLY_OBSERVER_SCALE_GEOMETRY
17	87	252	0.03522288741514123	DESCRIPTIVE_ONLY_OBSERVER_SCALE_GEOMETRY
17	88	252	0.05896329966174271	DESCRIPTIVE_ONLY_OBSERVER_SCALE_GEOMETRY
17	89	252	-0.09056761299675398	DESCRIPTIVE_ONLY_OBSERVER_SCALE_GEOMETRY
17	90	252	1.9890226507933109	DESCRIPTIVE_ONLY_OBSERVER_SCALE_GEOMETRY
17	91	252	-1.8291563463834903	DESCRIPTIVE_ONLY_OBSERVER_SCALE_GEOMETRY
17	92	252	0.032993144446478634	DESCRIPTIVE_ONLY_OBSERVER_SCALE_GEOMETRY
17	93	252	-0.003446005866044301	DESCRIPTIVE_ONLY_OBSERVER_SCALE_GEOMETRY
17	94	252	-0.055303758185344956	DESCRIPTIVE_ONLY_OBSERVER_SCALE_GEOMETRY
17	95	252	0.10866279886392835	DESCRIPTIVE_ONLY_OBSERVER_SCALE_GEOMETRY
17	96	252	0.010916233480391262	DESCRIPTIVE_ONLY_OBSERVER_SCALE_GEOMETRY
17	97	252	-0.007062889454720749	DESCRIPTIVE_ONLY_OBSERVER_SCALE_GEOMETRY
17	98	252	0.032848863167015206	DESCRIPTIVE_ONLY_OBSERVER_SCALE_GEOMETRY
17	99	252	0.0801579277775267	DESCRIPTIVE_ONLY_OBSERVER_SCALE_GEOMETRY
17	100	252	-0.013029641592595152	DESCRIPTIVE_ONLY_OBSERVER_SCALE_GEOMETRY
17	101	252	0.02551694600441803	DESCRIPTIVE_ONLY_OBSERVER_SCALE_GEOMETRY
17	102	252	0.04434373023837515	DESCRIPTIVE_ONLY_OBSERVER_SCALE_GEOMETRY
17	103	252	0.05820969435089812	DESCRIPTIVE_ONLY_OBSERVER_SCALE_GEOMETRY
17	104	252	-0.05423530807017427	DESCRIPTIVE_ONLY_OBSERVER_SCALE_GEOMETRY
17	105	252	0.06438611374162295	DESCRIPTIVE_ONLY_OBSERVER_SCALE_GEOMETRY
17	106	252	0.05960421674068635	DESCRIPTIVE_ONLY_OBSERVER_SCALE_GEOMETRY
17	107	252	-0.04838487358585375	DESCRIPTIVE_ONLY_OBSERVER_SCALE_GEOMETRY
17	108	252	0.055389132217268426	DESCRIPTIVE_ONLY_OBSERVER_SCALE_GEOMETRY
17	109	252	-0.006971831093750279	DESCRIPTIVE_ONLY_OBSERVER_SCALE_GEOMETRY
17	110	252	0.06129534831569268	DESCRIPTIVE_ONLY_OBSERVER_SCALE_GEOMETRY
17	111	252	0.06857609121598277	DESCRIPTIVE_ONLY_OBSERVER_SCALE_GEOMETRY
17	112	252	-0.07794982576098922	DESCRIPTIVE_ONLY_OBSERVER_SCALE_GEOMETRY
17	113	251	0.06220348818838278	DESCRIPTIVE_ONLY_OBSERVER_SCALE_GEOMETRY
17	114	251	0.06942396754481613	DESCRIPTIVE_ONLY_OBSERVER_SCALE_GEOMETRY
17	115	251	0.018727794017363984	DESCRIPTIVE_ONLY_OBSERVER_SCALE_GEOMETRY
17	116	251	-0.026197770399385614	DESCRIPTIVE_ONLY_OBSERVER_SCALE_GEOMETRY
17	117	251	-0.0003863704259544742	DESCRIPTIVE_ONLY_OBSERVER_SCALE_GEOMETRY
17	118	251	0.1524963616972171	DESCRIPTIVE_ONLY_OBSERVER_SCALE_GEOMETRY
17	119	251	-0.10961373186661819	DESCRIPTIVE_ONLY_OBSERVER_SCALE_GEOMETRY
17	120	251	0.06460779410182374	DESCRIPTIVE_ONLY_OBSERVER_SCALE_GEOMETRY
17	121	251	0.03426567939989093	DESCRIPTIVE_ONLY_OBSERVER_SCALE_GEOMETRY
17	122	250	0.00011134469354471754	DESCRIPTIVE_ONLY_OBSERVER_SCALE_GEOMETRY
17	123	250	0.10229006588132683	DESCRIPTIVE_ONLY_OBSERVER_SCALE_GEOMETRY
17	124	250	0.4490152239564239	DESCRIPTIVE_ONLY_OBSERVER_SCALE_GEOMETRY
17	125	250	-0.40519911027353595	DESCRIPTIVE_ONLY_OBSERVER_SCALE_GEOMETRY
17	126	250	2.3664695789647565	DESCRIPTIVE_ONLY_OBSERVER_SCALE_GEOMETRY
17	127	250	-2.1298095127933925	DESCRIPTIVE_ONLY_OBSERVER_SCALE_GEOMETRY
17	128	250	-0.11912970473902398	DESCRIPTIVE_ONLY_OBSERVER_SCALE_GEOMETRY
17	129	250	-0.06333969866849816	DESCRIPTIVE_ONLY_OBSERVER_SCALE_GEOMETRY
17	130	250	0.09180164016434621	DESCRIPTIVE_ONLY_OBSERVER_SCALE_GEOMETRY
17	131	250	0.09358196043516392	DESCRIPTIVE_ONLY_OBSERVER_SCALE_GEOMETRY
17	132	250	-0.14901666229334948	DESCRIPTIVE_ONLY_OBSERVER_SCALE_GEOMETRY
17	133	250	0.3616080534476234	DESCRIPTIVE_ONLY_OBSERVER_SCALE_GEOMETRY
17	134	249	-0.07160280875819808	DESCRIPTIVE_ONLY_OBSERVER_SCALE_GEOMETRY
17	135	249	-0.32630884930289733	DESCRIPTIVE_ONLY_OBSERVER_SCALE_GEOMETRY
17	136	249	0.126333873866986	DESCRIPTIVE_ONLY_OBSERVER_SCALE_GEOMETRY
17	137	249	0.08485633067711765	DESCRIPTIVE_ONLY_OBSERVER_SCALE_GEOMETRY
17	138	249	0.045132732023700044	DESCRIPTIVE_ONLY_OBSERVER_SCALE_GEOMETRY
17	139	249	-0.03188782939088124	DESCRIPTIVE_ONLY_OBSERVER_SCALE_GEOMETRY
17	140	249	0.07655556024210546	DESCRIPTIVE_ONLY_OBSERVER_SCALE_GEOMETRY
17	141	249	0.005781118374761076	DESCRIPTIVE_ONLY_OBSERVER_SCALE_GEOMETRY
17	142	249	0.04236139309971809	DESCRIPTIVE_ONLY_OBSERVER_SCALE_GEOMETRY
17	143	249	1.129233920709949	DESCRIPTIVE_ONLY_OBSERVER_SCALE_GEOMETRY
17	144	249	-1.0640772974133614	DESCRIPTIVE_ONLY_OBSERVER_SCALE_GEOMETRY
17	145	248	0.050977716602439396	DESCRIPTIVE_ONLY_OBSERVER_SCALE_GEOMETRY
17	146	248	0.032588958947842105	DESCRIPTIVE_ONLY_OBSERVER_SCALE_GEOMETRY
17	147	248	0.014371863082518426	DESCRIPTIVE_ONLY_OBSERVER_SCALE_GEOMETRY
17	148	248	0.017991309202333668	DESCRIPTIVE_ONLY_OBSERVER_SCALE_GEOMETRY
17	149	248	0.02924741542058837	DESCRIPTIVE_ONLY_OBSERVER_SCALE_GEOMETRY
17	150	248	-0.13352091739457975	DESCRIPTIVE_ONLY_OBSERVER_SCALE_GEOMETRY
17	151	248	0.09601655976349255	DESCRIPTIVE_ONLY_OBSERVER_SCALE_GEOMETRY
17	152	248	0.05350513153984378	DESCRIPTIVE_ONLY_OBSERVER_SCALE_GEOMETRY
17	153	248	0.18294815587388985	DESCRIPTIVE_ONLY_OBSERVER_SCALE_GEOMETRY
17	154	248	0.04959586366765921	DESCRIPTIVE_ONLY_OBSERVER_SCALE_GEOMETRY
17	155	248	-0.08384131240446846	DESCRIPTIVE_ONLY_OBSERVER_SCALE_GEOMETRY
17	156	248	0.012888119978786795	DESCRIPTIVE_ONLY_OBSERVER_SCALE_GEOMETRY
17	157	248	0.08389524404944415	DESCRIPTIVE_ONLY_OBSERVER_SCALE_GEOMETRY
17	158	248	-0.00960420656957661	DESCRIPTIVE_ONLY_OBSERVER_SCALE_GEOMETRY
17	159	248	0.06565372152291694	DESCRIPTIVE_ONLY_OBSERVER_SCALE_GEOMETRY
17	160	248	-0.030279045905272566	DESCRIPTIVE_ONLY_OBSERVER_SCALE_GEOMETRY
17	161	248	0.044263509203158934	DESCRIPTIVE_ONLY_OBSERVER_SCALE_GEOMETRY
17	162	248	0.034912444479107234	DESCRIPTIVE_ONLY_OBSERVER_SCALE_GEOMETRY
17	163	248	0.06839838725708385	DESCRIPTIVE_ONLY_OBSERVER_SCALE_GEOMETRY
17	164	248	-0.0010513476644000927	DESCRIPTIVE_ONLY_OBSERVER_SCALE_GEOMETRY
17	165	248	0.004972607693498718	DESCRIPTIVE_ONLY_OBSERVER_SCALE_GEOMETRY
17	166	248	0.08745796720024136	DESCRIPTIVE_ONLY_OBSERVER_SCALE_GEOMETRY
17	167	248	0.015213273058361863	DESCRIPTIVE_ONLY_OBSERVER_SCALE_GEOMETRY
17	168	248	-0.0669694621557398	DESCRIPTIVE_ONLY_OBSERVER_SCALE_GEOMETRY
17	169	248	0.12236639033975757	DESCRIPTIVE_ONLY_OBSERVER_SCALE_GEOMETRY
17	170	248	0.04443106564108329	DESCRIPTIVE_ONLY_OBSERVER_SCALE_GEOMETRY
17	171	248	-0.02404854733417999	DESCRIPTIVE_ONLY_OBSERVER_SCALE_GEOMETRY
17	172	248	0.0920540573433052	DESCRIPTIVE_ONLY_OBSERVER_SCALE_GEOMETRY
17	173	248	-0.028027931625479136	DESCRIPTIVE_ONLY_OBSERVER_SCALE_GEOMETRY
17	174	248	0.07089278262981477	DESCRIPTIVE_ONLY_OBSERVER_SCALE_GEOMETRY
17	175	248	0.012541833376936224	DESCRIPTIVE_ONLY_OBSERVER_SCALE_GEOMETRY
17	176	248	-0.014644355880084925	DESCRIPTIVE_ONLY_OBSERVER_SCALE_GEOMETRY
17	177	248	0.06823677584301738	DESCRIPTIVE_ONLY_OBSERVER_SCALE_GEOMETRY
17	178	248	0.04018850147280194	DESCRIPTIVE_ONLY_OBSERVER_SCALE_GEOMETRY
17	179	248	0.044841542789208565	DESCRIPTIVE_ONLY_OBSERVER_SCALE_GEOMETRY
17	180	248	0.024531957642287282	DESCRIPTIVE_ONLY_OBSERVER_SCALE_GEOMETRY
17	181	248	0.039760040356707285	DESCRIPTIVE_ONLY_OBSERVER_SCALE_GEOMETRY
17	182	248	-0.00289479364418911	DESCRIPTIVE_ONLY_OBSERVER_SCALE_GEOMETRY
17	183	248	0.07803161414540537	DESCRIPTIVE_ONLY_OBSERVER_SCALE_GEOMETRY
17	184	247	1.3393302347777687	DESCRIPTIVE_ONLY_OBSERVER_SCALE_GEOMETRY
17	185	247	-5.324512096875494	DESCRIPTIVE_ONLY_OBSERVER_SCALE_GEOMETRY
17	186	247	4.354278896120458	DESCRIPTIVE_ONLY_OBSERVER_SCALE_GEOMETRY
17	187	247	-0.06626143975482415	DESCRIPTIVE_ONLY_OBSERVER_SCALE_GEOMETRY
17	188	247	-0.12951166488141283	DESCRIPTIVE_ONLY_OBSERVER_SCALE_GEOMETRY
17	189	247	-0.21988771591399112	DESCRIPTIVE_ONLY_OBSERVER_SCALE_GEOMETRY
17	190	247	-0.3493132212609325	DESCRIPTIVE_ONLY_OBSERVER_SCALE_GEOMETRY
17	191	247	0.7218849583777769	DESCRIPTIVE_ONLY_OBSERVER_SCALE_GEOMETRY
17	192	247	0.16405962959180231	DESCRIPTIVE_ONLY_OBSERVER_SCALE_GEOMETRY
17	193	247	-0.36798587241663094	DESCRIPTIVE_ONLY_OBSERVER_SCALE_GEOMETRY
17	194	247	0.2471353510900298	DESCRIPTIVE_ONLY_OBSERVER_SCALE_GEOMETRY
17	195	247	0.010453499600090866	DESCRIPTIVE_ONLY_OBSERVER_SCALE_GEOMETRY
17	196	247	0.04088486320209802	DESCRIPTIVE_ONLY_OBSERVER_SCALE_GEOMETRY
17	197	247	0.04672318275995448	DESCRIPTIVE_ONLY_OBSERVER_SCALE_GEOMETRY
17	198	246	0.06135877345507303	DESCRIPTIVE_ONLY_OBSERVER_SCALE_GEOMETRY
17	199	246	0.005453536029040032	DESCRIPTIVE_ONLY_OBSERVER_SCALE_GEOMETRY
17	200	246	0.007070712290814045	DESCRIPTIVE_ONLY_OBSERVER_SCALE_GEOMETRY
17	201	246	0.020128828593141947	DESCRIPTIVE_ONLY_OBSERVER_SCALE_GEOMETRY
17	202	246	0.0017467286629773704	DESCRIPTIVE_ONLY_OBSERVER_SCALE_GEOMETRY
17	203	246	-0.001689888815156024	DESCRIPTIVE_ONLY_OBSERVER_SCALE_GEOMETRY
17	204	246	0.2209811306543998	DESCRIPTIVE_ONLY_OBSERVER_SCALE_GEOMETRY
17	205	246	-0.08426041078445368	DESCRIPTIVE_ONLY_OBSERVER_SCALE_GEOMETRY
17	206	246	0.0854674811467963	DESCRIPTIVE_ONLY_OBSERVER_SCALE_GEOMETRY
17	207	246	-0.01850591614163536	DESCRIPTIVE_ONLY_OBSERVER_SCALE_GEOMETRY
17	208	246	-0.006763254416933681	DESCRIPTIVE_ONLY_OBSERVER_SCALE_GEOMETRY
17	209	246	0.13282057762361407	DESCRIPTIVE_ONLY_OBSERVER_SCALE_GEOMETRY
17	210	246	-0.07156824968835385	DESCRIPTIVE_ONLY_OBSERVER_SCALE_GEOMETRY
17	211	246	0.12701999228952868	DESCRIPTIVE_ONLY_OBSERVER_SCALE_GEOMETRY
17	212	246	-0.055521588023000557	DESCRIPTIVE_ONLY_OBSERVER_SCALE_GEOMETRY
17	213	246	0.0636534060475743	DESCRIPTIVE_ONLY_OBSERVER_SCALE_GEOMETRY
17	214	246	0.10540263841146483	DESCRIPTIVE_ONLY_OBSERVER_SCALE_GEOMETRY
17	215	246	-0.06503848358922538	DESCRIPTIVE_ONLY_OBSERVER_SCALE_GEOMETRY
17	216	246	0.09139341048623488	DESCRIPTIVE_ONLY_OBSERVER_SCALE_GEOMETRY
17	217	246	0.012586746367912575	DESCRIPTIVE_ONLY_OBSERVER_SCALE_GEOMETRY
17	218	246	0.007793966751331676	DESCRIPTIVE_ONLY_OBSERVER_SCALE_GEOMETRY
17	219	246	0.17009021471740388	DESCRIPTIVE_ONLY_OBSERVER_SCALE_GEOMETRY
17	220	246	-0.11402963893273653	DESCRIPTIVE_ONLY_OBSERVER_SCALE_GEOMETRY
17	221	246	-0.014025937772089781	DESCRIPTIVE_ONLY_OBSERVER_SCALE_GEOMETRY
17	222	246	0.13200848150166766	DESCRIPTIVE_ONLY_OBSERVER_SCALE_GEOMETRY
17	223	246	0.09380912693384562	DESCRIPTIVE_ONLY_OBSERVER_SCALE_GEOMETRY
17	224	246	-0.11483149177577859	DESCRIPTIVE_ONLY_OBSERVER_SCALE_GEOMETRY
17	225	246	0.11373219231941266	DESCRIPTIVE_ONLY_OBSERVER_SCALE_GEOMETRY
17	226	246	0.04983272871540718	DESCRIPTIVE_ONLY_OBSERVER_SCALE_GEOMETRY
17	227	246	0.04596475220675798	DESCRIPTIVE_ONLY_OBSERVER_SCALE_GEOMETRY
17	228	246	-0.0042811897060628995	DESCRIPTIVE_ONLY_OBSERVER_SCALE_GEOMETRY
17	229	246	0.11411685671783073	DESCRIPTIVE_ONLY_OBSERVER_SCALE_GEOMETRY
17	230	246	0.05339113543214662	DESCRIPTIVE_ONLY_OBSERVER_SCALE_GEOMETRY
17	231	246	-0.044670396230084175	DESCRIPTIVE_ONLY_OBSERVER_SCALE_GEOMETRY
17	232	246	-0.02505299996258025	DESCRIPTIVE_ONLY_OBSERVER_SCALE_GEOMETRY
17	233	246	0.15711591389623145	DESCRIPTIVE_ONLY_OBSERVER_SCALE_GEOMETRY
17	234	246	-0.022347162416004384	DESCRIPTIVE_ONLY_OBSERVER_SCALE_GEOMETRY
17	235	246	-0.015669726238909106	DESCRIPTIVE_ONLY_OBSERVER_SCALE_GEOMETRY
17	236	246	0.18189277683266203	DESCRIPTIVE_ONLY_OBSERVER_SCALE_GEOMETRY
17	237	246	-0.07600115658714149	DESCRIPTIVE_ONLY_OBSERVER_SCALE_GEOMETRY
17	238	246	0.08869175692595144	DESCRIPTIVE_ONLY_OBSERVER_SCALE_GEOMETRY
17	239	246	0.033881805403625564	DESCRIPTIVE_ONLY_OBSERVER_SCALE_GEOMETRY
17	240	246	0.05142828224463438	DESCRIPTIVE_ONLY_OBSERVER_SCALE_GEOMETRY
17	241	246	-0.016477959304243162	DESCRIPTIVE_ONLY_OBSERVER_SCALE_GEOMETRY
17	242	246	0.07924768913344624	DESCRIPTIVE_ONLY_OBSERVER_SCALE_GEOMETRY
17	243	246	-0.022357160350463194	DESCRIPTIVE_ONLY_OBSERVER_SCALE_GEOMETRY
17	244	246	0.17575304036463596	DESCRIPTIVE_ONLY_OBSERVER_SCALE_GEOMETRY
17	245	246	-0.08538249442462947	DESCRIPTIVE_ONLY_OBSERVER_SCALE_GEOMETRY
17	246	246	-2.2646105008912856	DESCRIPTIVE_ONLY_OBSERVER_SCALE_GEOMETRY
17	247	246	3.081339434447049	DESCRIPTIVE_ONLY_OBSERVER_SCALE_GEOMETRY
17	248	246	-0.5862332087352456	DESCRIPTIVE_ONLY_OBSERVER_SCALE_GEOMETRY
17	249	245	0.21937792505897522	DESCRIPTIVE_ONLY_OBSERVER_SCALE_GEOMETRY
17	250	245	-0.013180184411973586	DESCRIPTIVE_ONLY_OBSERVER_SCALE_GEOMETRY
17	251	245	-0.17690310294082118	DESCRIPTIVE_ONLY_OBSERVER_SCALE_GEOMETRY
17	252	245	-0.00389848388833971	DESCRIPTIVE_ONLY_OBSERVER_SCALE_GEOMETRY
17	253	245	0.10739138921408098	DESCRIPTIVE_ONLY_OBSERVER_SCALE_GEOMETRY
17	254	245	-0.04350570760635316	DESCRIPTIVE_ONLY_OBSERVER_SCALE_GEOMETRY
17	255	245	0.14307933486746482	DESCRIPTIVE_ONLY_OBSERVER_SCALE_GEOMETRY
17	256	245	-0.05093920067877391	DESCRIPTIVE_ONLY_OBSERVER_SCALE_GEOMETRY
17	257	245	0.07713611817108444	DESCRIPTIVE_ONLY_OBSERVER_SCALE_GEOMETRY
17	258	245	0.04466156147020158	DESCRIPTIVE_ONLY_OBSERVER_SCALE_GEOMETRY
17	259	245	-0.012552505757998985	DESCRIPTIVE_ONLY_OBSERVER_SCALE_GEOMETRY
17	260	245	0.13454406422001883	DESCRIPTIVE_ONLY_OBSERVER_SCALE_GEOMETRY
17	261	244	-0.09242044278081499	DESCRIPTIVE_ONLY_OBSERVER_SCALE_GEOMETRY
17	262	244	0.14289880495020088	DESCRIPTIVE_ONLY_OBSERVER_SCALE_GEOMETRY
17	263	243	0.5167641294645599	DESCRIPTIVE_ONLY_OBSERVER_SCALE_GEOMETRY
17	264	243	-0.40411507561217713	DESCRIPTIVE_ONLY_OBSERVER_SCALE_GEOMETRY
17	265	242	-0.13461374171527615	DESCRIPTIVE_ONLY_OBSERVER_SCALE_GEOMETRY
17	266	242	0.16639790235569665	DESCRIPTIVE_ONLY_OBSERVER_SCALE_GEOMETRY
17	267	242	-0.17252480161690012	DESCRIPTIVE_ONLY_OBSERVER_SCALE_GEOMETRY
17	268	242	0.2181836293445933	DESCRIPTIVE_ONLY_OBSERVER_SCALE_GEOMETRY
17	269	242	-0.09272654009946123	DESCRIPTIVE_ONLY_OBSERVER_SCALE_GEOMETRY
17	270	242	0.11699518633595987	DESCRIPTIVE_ONLY_OBSERVER_SCALE_GEOMETRY
17	271	242	-0.06434413519851216	DESCRIPTIVE_ONLY_OBSERVER_SCALE_GEOMETRY
17	272	242	0.07083749341888827	DESCRIPTIVE_ONLY_OBSERVER_SCALE_GEOMETRY
17	273	242	0.04959803034597942	DESCRIPTIVE_ONLY_OBSERVER_SCALE_GEOMETRY
17	274	242	0.07128921960251323	DESCRIPTIVE_ONLY_OBSERVER_SCALE_GEOMETRY
17	275	242	-0.0451244443634965	DESCRIPTIVE_ONLY_OBSERVER_SCALE_GEOMETRY
17	276	242	0.07100496973676321	DESCRIPTIVE_ONLY_OBSERVER_SCALE_GEOMETRY
17	277	242	-0.03581491502151998	DESCRIPTIVE_ONLY_OBSERVER_SCALE_GEOMETRY
17	278	242	0.0801675223097802	DESCRIPTIVE_ONLY_OBSERVER_SCALE_GEOMETRY
17	279	242	-0.013451444725254379	DESCRIPTIVE_ONLY_OBSERVER_SCALE_GEOMETRY
17	280	242	0.0711089696475852	DESCRIPTIVE_ONLY_OBSERVER_SCALE_GEOMETRY
17	281	242	-0.04511823534973583	DESCRIPTIVE_ONLY_OBSERVER_SCALE_GEOMETRY
17	282	242	0.09964282097231839	DESCRIPTIVE_ONLY_OBSERVER_SCALE_GEOMETRY
17	283	242	0.12123319907180591	DESCRIPTIVE_ONLY_OBSERVER_SCALE_GEOMETRY
17	284	242	-0.13432768494402283	DESCRIPTIVE_ONLY_OBSERVER_SCALE_GEOMETRY
17	285	242	0.1269169237034661	DESCRIPTIVE_ONLY_OBSERVER_SCALE_GEOMETRY
17	286	242	0.0033707545312153826	DESCRIPTIVE_ONLY_OBSERVER_SCALE_GEOMETRY
17	287	242	-0.011802203033625905	DESCRIPTIVE_ONLY_OBSERVER_SCALE_GEOMETRY
17	288	242	-0.0004211717084262435	DESCRIPTIVE_ONLY_OBSERVER_SCALE_GEOMETRY
17	289	242	0.146042749934638	DESCRIPTIVE_ONLY_OBSERVER_SCALE_GEOMETRY
17	290	242	-0.028545980174318607	DESCRIPTIVE_ONLY_OBSERVER_SCALE_GEOMETRY
17	291	242	0.014506457856263748	DESCRIPTIVE_ONLY_OBSERVER_SCALE_GEOMETRY
17	292	242	0.02308903721878944	DESCRIPTIVE_ONLY_OBSERVER_SCALE_GEOMETRY
17	293	242	0.1024352800060922	DESCRIPTIVE_ONLY_OBSERVER_SCALE_GEOMETRY
17	294	241	-0.11911442603461826	DESCRIPTIVE_ONLY_OBSERVER_SCALE_GEOMETRY
17	295	241	0.196892315805109	DESCRIPTIVE_ONLY_OBSERVER_SCALE_GEOMETRY
17	296	241	-0.10212657367293101	DESCRIPTIVE_ONLY_OBSERVER_SCALE_GEOMETRY
17	297	241	0.033434792302584004	DESCRIPTIVE_ONLY_OBSERVER_SCALE_GEOMETRY
17	298	241	0.03229278563585631	DESCRIPTIVE_ONLY_OBSERVER_SCALE_GEOMETRY
17	299	241	0.0228841997512744	DESCRIPTIVE_ONLY_OBSERVER_SCALE_GEOMETRY
17	300	241	0.04143487684188279	DESCRIPTIVE_ONLY_OBSERVER_SCALE_GEOMETRY
17	301	241	0.03319475430651805	DESCRIPTIVE_ONLY_OBSERVER_SCALE_GEOMETRY
17	302	241	0.019140334561659346	DESCRIPTIVE_ONLY_OBSERVER_SCALE_GEOMETRY
17	303	240	-0.05186327040976839	DESCRIPTIVE_ONLY_OBSERVER_SCALE_GEOMETRY
17	304	240	2.3946719947093182	DESCRIPTIVE_ONLY_OBSERVER_SCALE_GEOMETRY
17	305	240	-11.219576245460814	DESCRIPTIVE_ONLY_OBSERVER_SCALE_GEOMETRY
17	306	240	6.766958611309657	DESCRIPTIVE_ONLY_OBSERVER_SCALE_GEOMETRY
17	307	240	2.337890609114725	DESCRIPTIVE_ONLY_OBSERVER_SCALE_GEOMETRY
17	308	239	0.24378875730609897	DESCRIPTIVE_ONLY_OBSERVER_SCALE_GEOMETRY
17	309	239	-0.22301138253351338	DESCRIPTIVE_ONLY_OBSERVER_SCALE_GEOMETRY
17	310	239	-0.05605100479788602	DESCRIPTIVE_ONLY_OBSERVER_SCALE_GEOMETRY
17	311	239	0.000021710556716359187	DESCRIPTIVE_ONLY_OBSERVER_SCALE_GEOMETRY
17	312	239	0.09217082125831957	DESCRIPTIVE_ONLY_OBSERVER_SCALE_GEOMETRY
17	313	239	-0.0441973350475155	DESCRIPTIVE_ONLY_OBSERVER_SCALE_GEOMETRY
17	314	239	0.10055518386443404	DESCRIPTIVE_ONLY_OBSERVER_SCALE_GEOMETRY
17	315	239	0.027501465656449783	DESCRIPTIVE_ONLY_OBSERVER_SCALE_GEOMETRY
17	316	239	-0.017801984297665874	DESCRIPTIVE_ONLY_OBSERVER_SCALE_GEOMETRY
17	317	239	0.10697195948610828	DESCRIPTIVE_ONLY_OBSERVER_SCALE_GEOMETRY
17	318	239	0.019674221274792868	DESCRIPTIVE_ONLY_OBSERVER_SCALE_GEOMETRY
17	319	239	-0.02760645164792683	DESCRIPTIVE_ONLY_OBSERVER_SCALE_GEOMETRY
17	320	239	0.07915161233541228	DESCRIPTIVE_ONLY_OBSERVER_SCALE_GEOMETRY
17	321	239	-0.0294370938166658	DESCRIPTIVE_ONLY_OBSERVER_SCALE_GEOMETRY
17	322	238	0.0883613507170898	DESCRIPTIVE_ONLY_OBSERVER_SCALE_GEOMETRY
17	323	237	0.8434976305669759	DESCRIPTIVE_ONLY_OBSERVER_SCALE_GEOMETRY
17	324	237	-0.7822037451840725	DESCRIPTIVE_ONLY_OBSERVER_SCALE_GEOMETRY
17	325	237	0.0007370477112189003	DESCRIPTIVE_ONLY_OBSERVER_SCALE_GEOMETRY
17	326	237	-0.031343213878517115	DESCRIPTIVE_ONLY_OBSERVER_SCALE_GEOMETRY
17	327	237	0.15603057502440398	DESCRIPTIVE_ONLY_OBSERVER_SCALE_GEOMETRY
17	328	237	-0.01379673101410105	DESCRIPTIVE_ONLY_OBSERVER_SCALE_GEOMETRY
17	329	237	-0.015090029222835836	DESCRIPTIVE_ONLY_OBSERVER_SCALE_GEOMETRY
17	330	237	0.051982096618650386	DESCRIPTIVE_ONLY_OBSERVER_SCALE_GEOMETRY
17	331	237	0.06829798153330792	DESCRIPTIVE_ONLY_OBSERVER_SCALE_GEOMETRY
17	332	237	-0.05381570473436793	DESCRIPTIVE_ONLY_OBSERVER_SCALE_GEOMETRY
17	333	237	0.12148301428201667	DESCRIPTIVE_ONLY_OBSERVER_SCALE_GEOMETRY
17	334	237	-0.0967468628718643	DESCRIPTIVE_ONLY_OBSERVER_SCALE_GEOMETRY
17	335	237	0.17200226006031086	DESCRIPTIVE_ONLY_OBSERVER_SCALE_GEOMETRY
17	336	237	-0.06668710703132436	DESCRIPTIVE_ONLY_OBSERVER_SCALE_GEOMETRY
17	337	237	0.061662398357372805	DESCRIPTIVE_ONLY_OBSERVER_SCALE_GEOMETRY
17	338	237	-0.007443134333399622	DESCRIPTIVE_ONLY_OBSERVER_SCALE_GEOMETRY
17	339	237	0.09985334620353652	DESCRIPTIVE_ONLY_OBSERVER_SCALE_GEOMETRY
17	340	237	0.01881273197565096	DESCRIPTIVE_ONLY_OBSERVER_SCALE_GEOMETRY
17	341	237	-0.043338666548213216	DESCRIPTIVE_ONLY_OBSERVER_SCALE_GEOMETRY
17	342	237	0.08091390490570555	DESCRIPTIVE_ONLY_OBSERVER_SCALE_GEOMETRY
17	343	237	-0.0013357597027639483	DESCRIPTIVE_ONLY_OBSERVER_SCALE_GEOMETRY
17	344	237	0.08569325117566155	DESCRIPTIVE_ONLY_OBSERVER_SCALE_GEOMETRY
17	345	237	0.040581928905438866	DESCRIPTIVE_ONLY_OBSERVER_SCALE_GEOMETRY
17	346	236	-0.04091720629758399	DESCRIPTIVE_ONLY_OBSERVER_SCALE_GEOMETRY
17	347	236	0.013208710468360094	DESCRIPTIVE_ONLY_OBSERVER_SCALE_GEOMETRY
17	348	236	0.07321779991013228	DESCRIPTIVE_ONLY_OBSERVER_SCALE_GEOMETRY
17	349	236	-0.0033479842951496855	DESCRIPTIVE_ONLY_OBSERVER_SCALE_GEOMETRY
17	350	236	0.13898248693288554	DESCRIPTIVE_ONLY_OBSERVER_SCALE_GEOMETRY
17	351	236	-0.08688519082451741	DESCRIPTIVE_ONLY_OBSERVER_SCALE_GEOMETRY
17	352	236	0.05669346123360597	DESCRIPTIVE_ONLY_OBSERVER_SCALE_GEOMETRY
17	353	236	0.11674710286676936	DESCRIPTIVE_ONLY_OBSERVER_SCALE_GEOMETRY
17	354	236	-0.00480925851959069	DESCRIPTIVE_ONLY_OBSERVER_SCALE_GEOMETRY
17	355	236	-0.08108650326658337	DESCRIPTIVE_ONLY_OBSERVER_SCALE_GEOMETRY
17	356	235	0.18676157168261018	DESCRIPTIVE_ONLY_OBSERVER_SCALE_GEOMETRY
17	357	235	-0.06012657849118099	DESCRIPTIVE_ONLY_OBSERVER_SCALE_GEOMETRY
17	358	235	0.09758421428523711	DESCRIPTIVE_ONLY_OBSERVER_SCALE_GEOMETRY
17	359	235	-0.08680109178502478	DESCRIPTIVE_ONLY_OBSERVER_SCALE_GEOMETRY
17	360	235	0.16987744733076865	DESCRIPTIVE_ONLY_OBSERVER_SCALE_GEOMETRY
17	361	235	-0.030581878656991152	DESCRIPTIVE_ONLY_OBSERVER_SCALE_GEOMETRY
17	362	235	0.015849108762049684	DESCRIPTIVE_ONLY_OBSERVER_SCALE_GEOMETRY
17	363	235	0.06782199119816187	DESCRIPTIVE_ONLY_OBSERVER_SCALE_GEOMETRY
17	364	235	0.05202212030131868	DESCRIPTIVE_ONLY_OBSERVER_SCALE_GEOMETRY
17	365	235	-0.0045823272064353495	DESCRIPTIVE_ONLY_OBSERVER_SCALE_GEOMETRY
17	366	235	4.028315009208343	DESCRIPTIVE_ONLY_OBSERVER_SCALE_GEOMETRY
17	367	235	-4.052513223243982	DESCRIPTIVE_ONLY_OBSERVER_SCALE_GEOMETRY
17	368	235	0.20435837466526324	DESCRIPTIVE_ONLY_OBSERVER_SCALE_GEOMETRY
17	369	235	-0.14596548868766662	DESCRIPTIVE_ONLY_OBSERVER_SCALE_GEOMETRY
17	370	235	0.16167254792385283	DESCRIPTIVE_ONLY_OBSERVER_SCALE_GEOMETRY
17	371	235	0.0003306943009396757	DESCRIPTIVE_ONLY_OBSERVER_SCALE_GEOMETRY
17	372	235	0.031509752464104646	DESCRIPTIVE_ONLY_OBSERVER_SCALE_GEOMETRY
18	1	257	-0.2994599808751757	DESCRIPTIVE_ONLY_OBSERVER_SCALE_GEOMETRY
18	2	257	0.6005496883480989	DESCRIPTIVE_ONLY_OBSERVER_SCALE_GEOMETRY
18	3	257	-0.5898123223388764	DESCRIPTIVE_ONLY_OBSERVER_SCALE_GEOMETRY
18	4	257	-0.2263555076828656	DESCRIPTIVE_ONLY_OBSERVER_SCALE_GEOMETRY
18	5	257	2.6993701126524603	DESCRIPTIVE_ONLY_OBSERVER_SCALE_GEOMETRY
18	6	257	-2.2475562810671526	DESCRIPTIVE_ONLY_OBSERVER_SCALE_GEOMETRY
18	7	257	-0.06817648490910999	DESCRIPTIVE_ONLY_OBSERVER_SCALE_GEOMETRY
18	8	257	0.026226168809317326	DESCRIPTIVE_ONLY_OBSERVER_SCALE_GEOMETRY
18	9	257	-0.0281241357021824	DESCRIPTIVE_ONLY_OBSERVER_SCALE_GEOMETRY
18	10	257	0.026920215028114952	DESCRIPTIVE_ONLY_OBSERVER_SCALE_GEOMETRY
18	11	257	-0.03125207100324831	DESCRIPTIVE_ONLY_OBSERVER_SCALE_GEOMETRY
18	12	257	-0.0214105286103753	DESCRIPTIVE_ONLY_OBSERVER_SCALE_GEOMETRY
18	13	257	-0.005807369406972248	DESCRIPTIVE_ONLY_OBSERVER_SCALE_GEOMETRY
18	14	257	-0.03708963046128075	DESCRIPTIVE_ONLY_OBSERVER_SCALE_GEOMETRY
18	15	257	0.013889294447985291	DESCRIPTIVE_ONLY_OBSERVER_SCALE_GEOMETRY
18	16	256	-0.04467272671738626	DESCRIPTIVE_ONLY_OBSERVER_SCALE_GEOMETRY
18	17	256	-0.007401459388891069	DESCRIPTIVE_ONLY_OBSERVER_SCALE_GEOMETRY
18	18	255	0.02153659557350861	DESCRIPTIVE_ONLY_OBSERVER_SCALE_GEOMETRY
18	19	255	-0.09792030529587417	DESCRIPTIVE_ONLY_OBSERVER_SCALE_GEOMETRY
18	20	255	0.007000958391126868	DESCRIPTIVE_ONLY_OBSERVER_SCALE_GEOMETRY
18	21	255	-0.01719561631397216	DESCRIPTIVE_ONLY_OBSERVER_SCALE_GEOMETRY
18	22	255	2.8894612664291035	DESCRIPTIVE_ONLY_OBSERVER_SCALE_GEOMETRY
18	23	255	-3.0521427365545466	DESCRIPTIVE_ONLY_OBSERVER_SCALE_GEOMETRY
18	24	255	0.06783149293237747	DESCRIPTIVE_ONLY_OBSERVER_SCALE_GEOMETRY
18	25	255	0.0033065803977412826	DESCRIPTIVE_ONLY_OBSERVER_SCALE_GEOMETRY
18	26	255	-0.07131398159270193	DESCRIPTIVE_ONLY_OBSERVER_SCALE_GEOMETRY
18	27	255	0.026226457068941385	DESCRIPTIVE_ONLY_OBSERVER_SCALE_GEOMETRY
18	28	255	8.259339750311087	DESCRIPTIVE_ONLY_OBSERVER_SCALE_GEOMETRY
18	29	255	-7.283954181011788	DESCRIPTIVE_ONLY_OBSERVER_SCALE_GEOMETRY
18	30	255	-1.2820797317031758	DESCRIPTIVE_ONLY_OBSERVER_SCALE_GEOMETRY
18	31	255	-0.1333783946233085	DESCRIPTIVE_ONLY_OBSERVER_SCALE_GEOMETRY
18	32	255	-0.07126951433231059	DESCRIPTIVE_ONLY_OBSERVER_SCALE_GEOMETRY
18	33	255	0.2801537762093278	DESCRIPTIVE_ONLY_OBSERVER_SCALE_GEOMETRY
18	34	254	0.08472830707347169	DESCRIPTIVE_ONLY_OBSERVER_SCALE_GEOMETRY
18	35	254	-0.08890146266473252	DESCRIPTIVE_ONLY_OBSERVER_SCALE_GEOMETRY
18	36	254	-0.02935256400183306	DESCRIPTIVE_ONLY_OBSERVER_SCALE_GEOMETRY
18	37	254	-0.026809281190595655	DESCRIPTIVE_ONLY_OBSERVER_SCALE_GEOMETRY
18	38	254	-0.030344851250800435	DESCRIPTIVE_ONLY_OBSERVER_SCALE_GEOMETRY
18	39	254	-0.095702246611132	DESCRIPTIVE_ONLY_OBSERVER_SCALE_GEOMETRY
18	40	254	0.055608923922938855	DESCRIPTIVE_ONLY_OBSERVER_SCALE_GEOMETRY
18	41	254	-0.008297266410614967	DESCRIPTIVE_ONLY_OBSERVER_SCALE_GEOMETRY
18	42	254	-0.07155632614389365	DESCRIPTIVE_ONLY_OBSERVER_SCALE_GEOMETRY
18	43	254	-0.06240185085411446	DESCRIPTIVE_ONLY_OBSERVER_SCALE_GEOMETRY
18	44	254	0.061247276111883006	DESCRIPTIVE_ONLY_OBSERVER_SCALE_GEOMETRY
18	45	254	-0.0980084393760054	DESCRIPTIVE_ONLY_OBSERVER_SCALE_GEOMETRY
18	46	254	0.04468795155710862	DESCRIPTIVE_ONLY_OBSERVER_SCALE_GEOMETRY
18	47	253	-0.07789266905977223	DESCRIPTIVE_ONLY_OBSERVER_SCALE_GEOMETRY
18	48	253	-0.007752277722637417	DESCRIPTIVE_ONLY_OBSERVER_SCALE_GEOMETRY
18	49	253	-0.03522299362405764	DESCRIPTIVE_ONLY_OBSERVER_SCALE_GEOMETRY
18	50	253	-0.01726482020397768	DESCRIPTIVE_ONLY_OBSERVER_SCALE_GEOMETRY
18	51	253	-0.025912515912022534	DESCRIPTIVE_ONLY_OBSERVER_SCALE_GEOMETRY
18	52	253	-0.000711881419405086	DESCRIPTIVE_ONLY_OBSERVER_SCALE_GEOMETRY
18	53	253	-0.07046053496039226	DESCRIPTIVE_ONLY_OBSERVER_SCALE_GEOMETRY
18	54	253	0.0333352656368585	DESCRIPTIVE_ONLY_OBSERVER_SCALE_GEOMETRY
18	55	253	-0.07413456123460423	DESCRIPTIVE_ONLY_OBSERVER_SCALE_GEOMETRY
18	56	253	-0.029534885217403335	DESCRIPTIVE_ONLY_OBSERVER_SCALE_GEOMETRY
18	57	253	-0.01291242028533346	DESCRIPTIVE_ONLY_OBSERVER_SCALE_GEOMETRY
18	58	253	-0.06742268650983695	DESCRIPTIVE_ONLY_OBSERVER_SCALE_GEOMETRY
18	59	253	0.008364075909287446	DESCRIPTIVE_ONLY_OBSERVER_SCALE_GEOMETRY
18	60	253	-0.022325352799154978	DESCRIPTIVE_ONLY_OBSERVER_SCALE_GEOMETRY
18	61	253	0.004808045292029277	DESCRIPTIVE_ONLY_OBSERVER_SCALE_GEOMETRY
18	62	253	-0.12397214405770172	DESCRIPTIVE_ONLY_OBSERVER_SCALE_GEOMETRY
18	63	253	-1.3034295824695816	DESCRIPTIVE_ONLY_OBSERVER_SCALE_GEOMETRY
18	64	253	3.0447759533189305	DESCRIPTIVE_ONLY_OBSERVER_SCALE_GEOMETRY
18	65	253	-5.36591390928858	DESCRIPTIVE_ONLY_OBSERVER_SCALE_GEOMETRY
18	66	252	2.543849907330209	DESCRIPTIVE_ONLY_OBSERVER_SCALE_GEOMETRY
18	67	252	1.0297999716664172	DESCRIPTIVE_ONLY_OBSERVER_SCALE_GEOMETRY
18	68	252	-0.0010247609162840371	DESCRIPTIVE_ONLY_OBSERVER_SCALE_GEOMETRY
18	69	252	-0.12081046873417788	DESCRIPTIVE_ONLY_OBSERVER_SCALE_GEOMETRY
18	70	252	0.08108791076664379	DESCRIPTIVE_ONLY_OBSERVER_SCALE_GEOMETRY
18	71	252	-0.07341264887579019	DESCRIPTIVE_ONLY_OBSERVER_SCALE_GEOMETRY
18	72	252	-0.03225390733039018	DESCRIPTIVE_ONLY_OBSERVER_SCALE_GEOMETRY
18	73	252	0.009070818297073367	DESCRIPTIVE_ONLY_OBSERVER_SCALE_GEOMETRY
18	74	252	-0.05429924892549476	DESCRIPTIVE_ONLY_OBSERVER_SCALE_GEOMETRY
18	75	252	0.0343622814305495	DESCRIPTIVE_ONLY_OBSERVER_SCALE_GEOMETRY
18	76	252	-0.08093923480150665	DESCRIPTIVE_ONLY_OBSERVER_SCALE_GEOMETRY
18	77	252	-0.026284424604601234	DESCRIPTIVE_ONLY_OBSERVER_SCALE_GEOMETRY
18	78	252	0.006568293770412203	DESCRIPTIVE_ONLY_OBSERVER_SCALE_GEOMETRY
18	79	252	-0.007553175780413331	DESCRIPTIVE_ONLY_OBSERVER_SCALE_GEOMETRY
18	80	252	-0.0556893767994399	DESCRIPTIVE_ONLY_OBSERVER_SCALE_GEOMETRY
18	81	252	0.021268563056605322	DESCRIPTIVE_ONLY_OBSERVER_SCALE_GEOMETRY
18	82	252	-0.051020614195979044	DESCRIPTIVE_ONLY_OBSERVER_SCALE_GEOMETRY
18	83	252	0.03264024333554785	DESCRIPTIVE_ONLY_OBSERVER_SCALE_GEOMETRY
18	84	252	-0.038774298564146166	DESCRIPTIVE_ONLY_OBSERVER_SCALE_GEOMETRY
18	85	252	-0.06929495646684078	DESCRIPTIVE_ONLY_OBSERVER_SCALE_GEOMETRY
18	86	252	-0.00804915657041615	DESCRIPTIVE_ONLY_OBSERVER_SCALE_GEOMETRY
18	87	252	0.013464016612231431	DESCRIPTIVE_ONLY_OBSERVER_SCALE_GEOMETRY
18	88	252	-0.13495582740640485	DESCRIPTIVE_ONLY_OBSERVER_SCALE_GEOMETRY
18	89	252	1.9434051323217831	DESCRIPTIVE_ONLY_OBSERVER_SCALE_GEOMETRY
18	90	252	-1.8791955319867708	DESCRIPTIVE_ONLY_OBSERVER_SCALE_GEOMETRY
18	91	252	-0.016491297041892544	DESCRIPTIVE_ONLY_OBSERVER_SCALE_GEOMETRY
18	92	252	-0.05497988358366336	DESCRIPTIVE_ONLY_OBSERVER_SCALE_GEOMETRY
18	93	252	-0.10631809326016324	DESCRIPTIVE_ONLY_OBSERVER_SCALE_GEOMETRY
18	94	252	0.056436510626968805	DESCRIPTIVE_ONLY_OBSERVER_SCALE_GEOMETRY
18	95	252	-0.04398791244295171	DESCRIPTIVE_ONLY_OBSERVER_SCALE_GEOMETRY
18	96	252	-0.06259845913138452	DESCRIPTIVE_ONLY_OBSERVER_SCALE_GEOMETRY
18	97	252	-0.024719842640666054	DESCRIPTIVE_ONLY_OBSERVER_SCALE_GEOMETRY
18	98	252	0.02430110696805252	DESCRIPTIVE_ONLY_OBSERVER_SCALE_GEOMETRY
18	99	252	-0.06778493394760736	DESCRIPTIVE_ONLY_OBSERVER_SCALE_GEOMETRY
18	100	252	-0.02918184773361897	DESCRIPTIVE_ONLY_OBSERVER_SCALE_GEOMETRY
18	101	252	-0.007378547742036157	DESCRIPTIVE_ONLY_OBSERVER_SCALE_GEOMETRY
18	102	252	0.005384341503142301	DESCRIPTIVE_ONLY_OBSERVER_SCALE_GEOMETRY
18	103	252	-0.10718186119944914	DESCRIPTIVE_ONLY_OBSERVER_SCALE_GEOMETRY
18	104	252	0.010288248553484059	DESCRIPTIVE_ONLY_OBSERVER_SCALE_GEOMETRY
18	105	252	0.00727286430354371	DESCRIPTIVE_ONLY_OBSERVER_SCALE_GEOMETRY
18	106	252	-0.09835072199653096	DESCRIPTIVE_ONLY_OBSERVER_SCALE_GEOMETRY
18	107	252	0.002591231581019144	DESCRIPTIVE_ONLY_OBSERVER_SCALE_GEOMETRY
18	108	252	-0.06140755980512751	DESCRIPTIVE_ONLY_OBSERVER_SCALE_GEOMETRY
18	109	252	0.00822256454274448	DESCRIPTIVE_ONLY_OBSERVER_SCALE_GEOMETRY
18	110	252	0.018902614313522265	DESCRIPTIVE_ONLY_OBSERVER_SCALE_GEOMETRY
18	111	252	-0.12942546427596027	DESCRIPTIVE_ONLY_OBSERVER_SCALE_GEOMETRY
18	112	251	0.013031657396390955	DESCRIPTIVE_ONLY_OBSERVER_SCALE_GEOMETRY
18	113	251	0.0207335677223712	DESCRIPTIVE_ONLY_OBSERVER_SCALE_GEOMETRY
18	114	251	-0.034177250731925374	DESCRIPTIVE_ONLY_OBSERVER_SCALE_GEOMETRY
18	115	251	-0.07853982613732957	DESCRIPTIVE_ONLY_OBSERVER_SCALE_GEOMETRY
18	116	251	-0.05384864151638594	DESCRIPTIVE_ONLY_OBSERVER_SCALE_GEOMETRY
18	117	251	0.09920917227108013	DESCRIPTIVE_ONLY_OBSERVER_SCALE_GEOMETRY
18	118	251	-0.16196472774458767	DESCRIPTIVE_ONLY_OBSERVER_SCALE_GEOMETRY
18	119	251	0.011779088967409078	DESCRIPTIVE_ONLY_OBSERVER_SCALE_GEOMETRY
18	120	251	-0.01800963063959198	DESCRIPTIVE_ONLY_OBSERVER_SCALE_GEOMETRY
18	121	250	-0.05290222087636931	DESCRIPTIVE_ONLY_OBSERVER_SCALE_GEOMETRY
18	122	250	0.04989374805923701	DESCRIPTIVE_ONLY_OBSERVER_SCALE_GEOMETRY
18	123	250	0.395317801624689	DESCRIPTIVE_ONLY_OBSERVER_SCALE_GEOMETRY
18	124	250	-0.45974734022607544	DESCRIPTIVE_ONLY_OBSERVER_SCALE_GEOMETRY
18	125	250	2.3102169270595536	DESCRIPTIVE_ONLY_OBSERVER_SCALE_GEOMETRY
18	126	250	-2.1842698635160636	DESCRIPTIVE_ONLY_OBSERVER_SCALE_GEOMETRY
18	127	250	-0.17247377656841417	DESCRIPTIVE_ONLY_OBSERVER_SCALE_GEOMETRY
18	128	250	-0.11903646189895782	DESCRIPTIVE_ONLY_OBSERVER_SCALE_GEOMETRY
18	129	250	0.03726781511649338	DESCRIPTIVE_ONLY_OBSERVER_SCALE_GEOMETRY
18	130	250	0.036944437523041745	DESCRIPTIVE_ONLY_OBSERVER_SCALE_GEOMETRY
18	131	250	-0.20601803001993993	DESCRIPTIVE_ONLY_OBSERVER_SCALE_GEOMETRY
18	132	250	0.3033053771435369	DESCRIPTIVE_ONLY_OBSERVER_SCALE_GEOMETRY
18	133	249	-0.12700729772737684	DESCRIPTIVE_ONLY_OBSERVER_SCALE_GEOMETRY
18	134	249	-0.3813826760799296	DESCRIPTIVE_ONLY_OBSERVER_SCALE_GEOMETRY
18	135	249	0.07088212760607143	DESCRIPTIVE_ONLY_OBSERVER_SCALE_GEOMETRY
18	136	249	0.028912312711670312	DESCRIPTIVE_ONLY_OBSERVER_SCALE_GEOMETRY
18	137	249	-0.010155638992252079	DESCRIPTIVE_ONLY_OBSERVER_SCALE_GEOMETRY
18	138	249	-0.08646157189707623	DESCRIPTIVE_ONLY_OBSERVER_SCALE_GEOMETRY
18	139	249	0.017758277459504576	DESCRIPTIVE_ONLY_OBSERVER_SCALE_GEOMETRY
18	140	249	-0.053620120553717794	DESCRIPTIVE_ONLY_OBSERVER_SCALE_GEOMETRY
18	141	249	-0.016428732392457842	DESCRIPTIVE_ONLY_OBSERVER_SCALE_GEOMETRY
18	142	249	1.0689680647125215	DESCRIPTIVE_ONLY_OBSERVER_SCALE_GEOMETRY
18	143	249	-1.1238665176635942	DESCRIPTIVE_ONLY_OBSERVER_SCALE_GEOMETRY
18	144	248	-0.01036368086894173	DESCRIPTIVE_ONLY_OBSERVER_SCALE_GEOMETRY
18	145	248	-0.027951353324942904	DESCRIPTIVE_ONLY_OBSERVER_SCALE_GEOMETRY
18	146	248	-0.04571604682473134	DESCRIPTIVE_ONLY_OBSERVER_SCALE_GEOMETRY
18	147	248	-0.03779125712652722	DESCRIPTIVE_ONLY_OBSERVER_SCALE_GEOMETRY
18	148	248	-0.028068556704381856	DESCRIPTIVE_ONLY_OBSERVER_SCALE_GEOMETRY
18	149	248	-0.18939945087767449	DESCRIPTIVE_ONLY_OBSERVER_SCALE_GEOMETRY
18	150	248	0.041440138243719275	DESCRIPTIVE_ONLY_OBSERVER_SCALE_GEOMETRY
18	151	248	-0.0009453453817258349	DESCRIPTIVE_ONLY_OBSERVER_SCALE_GEOMETRY
18	152	248	0.1290032418155416	DESCRIPTIVE_ONLY_OBSERVER_SCALE_GEOMETRY
18	153	248	-0.0025399508174559302	DESCRIPTIVE_ONLY_OBSERVER_SCALE_GEOMETRY
18	154	248	-0.13651493803585932	DESCRIPTIVE_ONLY_OBSERVER_SCALE_GEOMETRY
18	155	248	-0.04280719603895399	DESCRIPTIVE_ONLY_OBSERVER_SCALE_GEOMETRY
18	156	248	0.028043338132747012	DESCRIPTIVE_ONLY_OBSERVER_SCALE_GEOMETRY
18	157	248	-0.06706580942522071	DESCRIPTIVE_ONLY_OBSERVER_SCALE_GEOMETRY
18	158	248	0.00759896198619595	DESCRIPTIVE_ONLY_OBSERVER_SCALE_GEOMETRY
18	159	248	-0.08943043184516189	DESCRIPTIVE_ONLY_OBSERVER_SCALE_GEOMETRY
18	160	248	-0.015195318790111342	DESCRIPTIVE_ONLY_OBSERVER_SCALE_GEOMETRY
18	161	248	-0.026035709727740428	DESCRIPTIVE_ONLY_OBSERVER_SCALE_GEOMETRY
18	162	248	0.009740064116192096	DESCRIPTIVE_ONLY_OBSERVER_SCALE_GEOMETRY
18	163	248	-0.06185861004894604	DESCRIPTIVE_ONLY_OBSERVER_SCALE_GEOMETRY
18	164	248	-0.05435213361501313	DESCRIPTIVE_ONLY_OBSERVER_SCALE_GEOMETRY
18	165	248	0.028101189054050756	DESCRIPTIVE_ONLY_OBSERVER_SCALE_GEOMETRY
18	166	248	-0.04026271310344608	DESCRIPTIVE_ONLY_OBSERVER_SCALE_GEOMETRY
18	167	248	-0.12433626885793224	DESCRIPTIVE_ONLY_OBSERVER_SCALE_GEOMETRY
18	168	248	0.06455655469167318	DESCRIPTIVE_ONLY_OBSERVER_SCALE_GEOMETRY
18	169	248	-0.015119780768612387	DESCRIPTIVE_ONLY_OBSERVER_SCALE_GEOMETRY
18	170	248	-0.08635211566051124	DESCRIPTIVE_ONLY_OBSERVER_SCALE_GEOMETRY
18	171	248	0.02923529407982213	DESCRIPTIVE_ONLY_OBSERVER_SCALE_GEOMETRY
18	172	248	-0.08982359476357436	DESCRIPTIVE_ONLY_OBSERVER_SCALE_GEOMETRY
18	173	248	0.008381385762395848	DESCRIPTIVE_ONLY_OBSERVER_SCALE_GEOMETRY
18	174	248	-0.049522804937342846	DESCRIPTIVE_ONLY_OBSERVER_SCALE_GEOMETRY
18	175	248	-0.07889476039374081	DESCRIPTIVE_ONLY_OBSERVER_SCALE_GEOMETRY
18	176	248	0.003924696150468256	DESCRIPTIVE_ONLY_OBSERVER_SCALE_GEOMETRY
18	177	248	-0.027036136417870837	DESCRIPTIVE_ONLY_OBSERVER_SCALE_GEOMETRY
18	178	248	-0.022693680807222887	DESCRIPTIVE_ONLY_OBSERVER_SCALE_GEOMETRY
18	179	248	-0.042364935292118946	DESCRIPTIVE_ONLY_OBSERVER_SCALE_GEOMETRY
18	180	248	-0.029045768448913958	DESCRIPTIVE_ONLY_OBSERVER_SCALE_GEOMETRY
18	181	248	-0.07043577507902289	DESCRIPTIVE_ONLY_OBSERVER_SCALE_GEOMETRY
18	182	248	0.009682939018452838	DESCRIPTIVE_ONLY_OBSERVER_SCALE_GEOMETRY
18	183	247	1.2691345528635867	DESCRIPTIVE_ONLY_OBSERVER_SCALE_GEOMETRY
18	184	247	-5.394318487281982	DESCRIPTIVE_ONLY_OBSERVER_SCALE_GEOMETRY
18	185	247	4.285810707437972	DESCRIPTIVE_ONLY_OBSERVER_SCALE_GEOMETRY
18	186	247	-0.13320975760879317	DESCRIPTIVE_ONLY_OBSERVER_SCALE_GEOMETRY
18	187	247	-0.19774580730178118	DESCRIPTIVE_ONLY_OBSERVER_SCALE_GEOMETRY
18	188	247	-0.29000313760691593	DESCRIPTIVE_ONLY_OBSERVER_SCALE_GEOMETRY
18	189	247	-0.4189443500073315	DESCRIPTIVE_ONLY_OBSERVER_SCALE_GEOMETRY
18	190	247	0.6511832129794394	DESCRIPTIVE_ONLY_OBSERVER_SCALE_GEOMETRY
18	191	247	0.09655341956815826	DESCRIPTIVE_ONLY_OBSERVER_SCALE_GEOMETRY
18	192	247	-0.43419764982480064	DESCRIPTIVE_ONLY_OBSERVER_SCALE_GEOMETRY
18	193	247	0.1802280632089388	DESCRIPTIVE_ONLY_OBSERVER_SCALE_GEOMETRY
18	194	247	-0.055328286337557285	DESCRIPTIVE_ONLY_OBSERVER_SCALE_GEOMETRY
18	195	247	-0.024197438684392544	DESCRIPTIVE_ONLY_OBSERVER_SCALE_GEOMETRY
18	196	247	-0.019818650282524993	DESCRIPTIVE_ONLY_OBSERVER_SCALE_GEOMETRY
18	197	246	-0.004217670360469042	DESCRIPTIVE_ONLY_OBSERVER_SCALE_GEOMETRY
18	198	246	-0.06006790850442679	DESCRIPTIVE_ONLY_OBSERVER_SCALE_GEOMETRY
18	199	246	-0.0555895472121866	DESCRIPTIVE_ONLY_OBSERVER_SCALE_GEOMETRY
18	200	246	-0.04121221851682524	DESCRIPTIVE_ONLY_OBSERVER_SCALE_GEOMETRY
18	201	246	-0.057740665725457135	DESCRIPTIVE_ONLY_OBSERVER_SCALE_GEOMETRY
18	202	246	-0.06087583463744568	DESCRIPTIVE_ONLY_OBSERVER_SCALE_GEOMETRY
18	203	246	0.16094348709161568	DESCRIPTIVE_ONLY_OBSERVER_SCALE_GEOMETRY
18	204	246	-0.1444790335919738	DESCRIPTIVE_ONLY_OBSERVER_SCALE_GEOMETRY
18	205	246	0.023088223981263013	DESCRIPTIVE_ONLY_OBSERVER_SCALE_GEOMETRY
18	206	246	-0.08281602717692833	DESCRIPTIVE_ONLY_OBSERVER_SCALE_GEOMETRY
18	207	246	-0.07014911101600713	DESCRIPTIVE_ONLY_OBSERVER_SCALE_GEOMETRY
18	208	246	0.0694057678550092	DESCRIPTIVE_ONLY_OBSERVER_SCALE_GEOMETRY
18	209	246	-0.13625230680405126	DESCRIPTIVE_ONLY_OBSERVER_SCALE_GEOMETRY
18	210	246	0.06233088750187609	DESCRIPTIVE_ONLY_OBSERVER_SCALE_GEOMETRY
18	211	246	-0.12168410911189545	DESCRIPTIVE_ONLY_OBSERVER_SCALE_GEOMETRY
18	212	246	-0.001001136109005556	DESCRIPTIVE_ONLY_OBSERVER_SCALE_GEOMETRY
18	213	246	0.03882257223407588	DESCRIPTIVE_ONLY_OBSERVER_SCALE_GEOMETRY
18	214	246	-0.13173282837491013	DESCRIPTIVE_ONLY_OBSERVER_SCALE_GEOMETRY
18	215	246	0.025432808525271248	DESCRIPTIVE_ONLY_OBSERVER_SCALE_GEOMETRY
18	216	246	-0.053183061948835264	DESCRIPTIVE_ONLY_OBSERVER_SCALE_GEOMETRY
18	217	246	-0.056971381390336494	DESCRIPTIVE_ONLY_OBSERVER_SCALE_GEOMETRY
18	218	246	0.1040401432149119	DESCRIPTIVE_ONLY_OBSERVER_SCALE_GEOMETRY
18	219	246	-0.18340758633030274	DESCRIPTIVE_ONLY_OBSERVER_SCALE_GEOMETRY
18	220	246	-0.08109511189570981	DESCRIPTIVE_ONLY_OBSERVER_SCALE_GEOMETRY
18	221	246	0.06172244647508504	DESCRIPTIVE_ONLY_OBSERVER_SCALE_GEOMETRY
18	222	246	0.022897378477970846	DESCRIPTIVE_ONLY_OBSERVER_SCALE_GEOMETRY
18	223	246	-0.19104038297191764	DESCRIPTIVE_ONLY_OBSERVER_SCALE_GEOMETRY
18	224	246	0.03729628272542485	DESCRIPTIVE_ONLY_OBSERVER_SCALE_GEOMETRY
18	225	246	-0.026860614100707104	DESCRIPTIVE_ONLY_OBSERVER_SCALE_GEOMETRY
18	226	246	-0.029490497753042962	DESCRIPTIVE_ONLY_OBSERVER_SCALE_GEOMETRY
18	227	246	-0.07905528134875228	DESCRIPTIVE_ONLY_OBSERVER_SCALE_GEOMETRY
18	228	246	0.041228856739534865	DESCRIPTIVE_ONLY_OBSERVER_SCALE_GEOMETRY
18	229	246	-0.024241005550748637	DESCRIPTIVE_ONLY_OBSERVER_SCALE_GEOMETRY
18	230	246	-0.11901321717315833	DESCRIPTIVE_ONLY_OBSERVER_SCALE_GEOMETRY
18	231	246	-0.09976533667853277	DESCRIPTIVE_ONLY_OBSERVER_SCALE_GEOMETRY
18	232	246	0.08189083576418242	DESCRIPTIVE_ONLY_OBSERVER_SCALE_GEOMETRY
18	233	246	-0.09880908828924673	DESCRIPTIVE_ONLY_OBSERVER_SCALE_GEOMETRY
18	234	246	-0.09378168274494378	DESCRIPTIVE_ONLY_OBSERVER_SCALE_GEOMETRY
18	235	246	0.10684244451890376	DESCRIPTIVE_ONLY_OBSERVER_SCALE_GEOMETRY
18	236	246	-0.15366798766275708	DESCRIPTIVE_ONLY_OBSERVER_SCALE_GEOMETRY
18	237	246	0.00979983921517085	DESCRIPTIVE_ONLY_OBSERVER_SCALE_GEOMETRY
18	238	246	-0.04371687371923086	DESCRIPTIVE_ONLY_OBSERVER_SCALE_GEOMETRY
18	239	246	-0.02634725069767467	DESCRIPTIVE_ONLY_OBSERVER_SCALE_GEOMETRY
18	240	246	-0.09432426660884936	DESCRIPTIVE_ONLY_OBSERVER_SCALE_GEOMETRY
18	241	246	0.0009741248970070981	DESCRIPTIVE_ONLY_OBSERVER_SCALE_GEOMETRY
18	242	246	-0.10188661394358395	DESCRIPTIVE_ONLY_OBSERVER_SCALE_GEOMETRY
18	243	246	0.0964467667814554	DESCRIPTIVE_ONLY_OBSERVER_SCALE_GEOMETRY
18	244	246	-0.16347837165261433	DESCRIPTIVE_ONLY_OBSERVER_SCALE_GEOMETRY
18	245	246	-2.3415762293223232	DESCRIPTIVE_ONLY_OBSERVER_SCALE_GEOMETRY
18	246	246	3.003415389214114	DESCRIPTIVE_ONLY_OBSERVER_SCALE_GEOMETRY
18	247	246	-0.6650177675424573	DESCRIPTIVE_ONLY_OBSERVER_SCALE_GEOMETRY
18	248	245	0.13981849088713533	DESCRIPTIVE_ONLY_OBSERVER_SCALE_GEOMETRY
18	249	245	-0.09165633601551565	DESCRIPTIVE_ONLY_OBSERVER_SCALE_GEOMETRY
18	250	245	-0.2545916683999828	DESCRIPTIVE_ONLY_OBSERVER_SCALE_GEOMETRY
18	251	245	-0.08050382687164612	DESCRIPTIVE_ONLY_OBSERVER_SCALE_GEOMETRY
18	252	245	0.02968276787294088	DESCRIPTIVE_ONLY_OBSERVER_SCALE_GEOMETRY
18	253	245	-0.12044537659469726	DESCRIPTIVE_ONLY_OBSERVER_SCALE_GEOMETRY
18	254	245	0.06322627859274908	DESCRIPTIVE_ONLY_OBSERVER_SCALE_GEOMETRY
18	255	245	-0.12963652198207115	DESCRIPTIVE_ONLY_OBSERVER_SCALE_GEOMETRY
18	256	245	-0.0005704488217005226	DESCRIPTIVE_ONLY_OBSERVER_SCALE_GEOMETRY
18	257	245	-0.033332559980380566	DESCRIPTIVE_ONLY_OBSERVER_SCALE_GEOMETRY
18	258	245	-0.09171337730490667	DESCRIPTIVE_ONLY_OBSERVER_SCALE_GEOMETRY
18	259	245	0.05440808769911095	DESCRIPTIVE_ONLY_OBSERVER_SCALE_GEOMETRY
18	260	244	-0.14604220587481836	DESCRIPTIVE_ONLY_OBSERVER_SCALE_GEOMETRY
18	261	244	0.08838929384817033	DESCRIPTIVE_ONLY_OBSERVER_SCALE_GEOMETRY
18	262	243	0.46292627132587344	DESCRIPTIVE_ONLY_OBSERVER_SCALE_GEOMETRY
18	263	243	-0.456982434825997	DESCRIPTIVE_ONLY_OBSERVER_SCALE_GEOMETRY
18	264	242	-0.18648792446008514	DESCRIPTIVE_ONLY_OBSERVER_SCALE_GEOMETRY
18	265	242	0.1155634837952821	DESCRIPTIVE_ONLY_OBSERVER_SCALE_GEOMETRY
18	266	242	-0.2265345180370768	DESCRIPTIVE_ONLY_OBSERVER_SCALE_GEOMETRY
18	267	242	0.16339895225234405	DESCRIPTIVE_ONLY_OBSERVER_SCALE_GEOMETRY
18	268	242	-0.14667065990451617	DESCRIPTIVE_ONLY_OBSERVER_SCALE_GEOMETRY
18	269	242	0.06164651824540383	DESCRIPTIVE_ONLY_OBSERVER_SCALE_GEOMETRY
18	270	242	-0.12023937053655032	DESCRIPTIVE_ONLY_OBSERVER_SCALE_GEOMETRY
18	271	242	0.01293736158881032	DESCRIPTIVE_ONLY_OBSERVER_SCALE_GEOMETRY
18	272	242	-0.006667635860375937	DESCRIPTIVE_ONLY_OBSERVER_SCALE_GEOMETRY
18	273	242	0.012026395677182214	DESCRIPTIVE_ONLY_OBSERVER_SCALE_GEOMETRY
18	274	242	-0.10369453496925465	DESCRIPTIVE_ONLY_OBSERVER_SCALE_GEOMETRY
18	275	242	0.011565912389989977	DESCRIPTIVE_ONLY_OBSERVER_SCALE_GEOMETRY
18	276	242	-0.09476698195478947	DESCRIPTIVE_ONLY_OBSERVER_SCALE_GEOMETRY
18	277	242	0.019484594779593547	DESCRIPTIVE_ONLY_OBSERVER_SCALE_GEOMETRY
18	278	242	-0.07143800972472311	DESCRIPTIVE_ONLY_OBSERVER_SCALE_GEOMETRY
18	279	242	0.013134274694888835	DESCRIPTIVE_ONLY_OBSERVER_SCALE_GEOMETRY
18	280	242	-0.10531018274637552	DESCRIPTIVE_ONLY_OBSERVER_SCALE_GEOMETRY
18	281	242	0.03624843545346618	DESCRIPTIVE_ONLY_OBSERVER_SCALE_GEOMETRY
18	282	242	0.05827160712507113	DESCRIPTIVE_ONLY_OBSERVER_SCALE_GEOMETRY
18	283	242	-0.19756324299013672	DESCRIPTIVE_ONLY_OBSERVER_SCALE_GEOMETRY
18	284	242	0.06492093930807162	DESCRIPTIVE_ONLY_OBSERVER_SCALE_GEOMETRY
18	285	242	-0.05823005043159491	DESCRIPTIVE_ONLY_OBSERVER_SCALE_GEOMETRY
18	286	242	-0.07322149604111369	DESCRIPTIVE_ONLY_OBSERVER_SCALE_GEOMETRY
18	287	242	-0.06018559221331822	DESCRIPTIVE_ONLY_OBSERVER_SCALE_GEOMETRY
18	288	242	0.08680573837426811	DESCRIPTIVE_ONLY_OBSERVER_SCALE_GEOMETRY
18	289	242	-0.08741505504637782	DESCRIPTIVE_ONLY_OBSERVER_SCALE_GEOMETRY
18	290	242	-0.04439776388364676	DESCRIPTIVE_ONLY_OBSERVER_SCALE_GEOMETRY
18	291	242	-0.03454130009042241	DESCRIPTIVE_ONLY_OBSERVER_SCALE_GEOMETRY
18	292	242	0.04295991955755882	DESCRIPTIVE_ONLY_OBSERVER_SCALE_GEOMETRY
18	293	241	-0.18142326197281133	DESCRIPTIVE_ONLY_OBSERVER_SCALE_GEOMETRY
18	294	241	0.13594558955407923	DESCRIPTIVE_ONLY_OBSERVER_SCALE_GEOMETRY
18	295	241	-0.16335552029730363	DESCRIPTIVE_ONLY_OBSERVER_SCALE_GEOMETRY
18	296	241	-0.023164526377023997	DESCRIPTIVE_ONLY_OBSERVER_SCALE_GEOMETRY
18	297	241	-0.02178844337902437	DESCRIPTIVE_ONLY_OBSERVER_SCALE_GEOMETRY
18	298	241	-0.031705739512586845	DESCRIPTIVE_ONLY_OBSERVER_SCALE_GEOMETRY
18	299	241	-0.015681124198681694	DESCRIPTIVE_ONLY_OBSERVER_SCALE_GEOMETRY
18	300	241	-0.025517960861611483	DESCRIPTIVE_ONLY_OBSERVER_SCALE_GEOMETRY
18	301	241	-0.03848323461535187	DESCRIPTIVE_ONLY_OBSERVER_SCALE_GEOMETRY
18	302	240	-0.11068493418320749	DESCRIPTIVE_ONLY_OBSERVER_SCALE_GEOMETRY
18	303	240	2.3351212373650836	DESCRIPTIVE_ONLY_OBSERVER_SCALE_GEOMETRY
18	304	240	-11.278151147784216	DESCRIPTIVE_ONLY_OBSERVER_SCALE_GEOMETRY
18	305	240	6.707971800604597	DESCRIPTIVE_ONLY_OBSERVER_SCALE_GEOMETRY
18	306	240	2.2809537661619896	DESCRIPTIVE_ONLY_OBSERVER_SCALE_GEOMETRY
18	307	239	0.1828996207925114	DESCRIPTIVE_ONLY_OBSERVER_SCALE_GEOMETRY
18	308	239	-0.2818731321212956	DESCRIPTIVE_ONLY_OBSERVER_SCALE_GEOMETRY
18	309	239	-0.11687534171669632	DESCRIPTIVE_ONLY_OBSERVER_SCALE_GEOMETRY
18	310	239	-0.05944187531325636	DESCRIPTIVE_ONLY_OBSERVER_SCALE_GEOMETRY
18	311	239	0.029900443156790555	DESCRIPTIVE_ONLY_OBSERVER_SCALE_GEOMETRY
18	312	239	-0.10504470994603447	DESCRIPTIVE_ONLY_OBSERVER_SCALE_GEOMETRY
18	313	239	0.035243434104478645	DESCRIPTIVE_ONLY_OBSERVER_SCALE_GEOMETRY
18	314	239	-0.03757329798087625	DESCRIPTIVE_ONLY_OBSERVER_SCALE_GEOMETRY
18	315	239	-0.08284006388972076	DESCRIPTIVE_ONLY_OBSERVER_SCALE_GEOMETRY
18	316	239	0.04115127583706336	DESCRIPTIVE_ONLY_OBSERVER_SCALE_GEOMETRY
18	317	239	-0.04893270698515416	DESCRIPTIVE_ONLY_OBSERVER_SCALE_GEOMETRY
18	318	239	-0.09167854993412791	DESCRIPTIVE_ONLY_OBSERVER_SCALE_GEOMETRY
18	319	239	0.014072249715211036	DESCRIPTIVE_ONLY_OBSERVER_SCALE_GEOMETRY
18	320	239	-0.09351100493251203	DESCRIPTIVE_ONLY_OBSERVER_SCALE_GEOMETRY
18	321	238	0.027290187214231428	DESCRIPTIVE_ONLY_OBSERVER_SCALE_GEOMETRY
18	322	237	0.7833201418874358	DESCRIPTIVE_ONLY_OBSERVER_SCALE_GEOMETRY
18	323	237	-0.8441122462471435	DESCRIPTIVE_ONLY_OBSERVER_SCALE_GEOMETRY
18	324	237	-0.061995367779890946	DESCRIPTIVE_ONLY_OBSERVER_SCALE_GEOMETRY
18	325	237	-0.09169869142689131	DESCRIPTIVE_ONLY_OBSERVER_SCALE_GEOMETRY
18	326	237	0.09493618709602807	DESCRIPTIVE_ONLY_OBSERVER_SCALE_GEOMETRY
18	327	237	-0.07487461404675934	DESCRIPTIVE_ONLY_OBSERVER_SCALE_GEOMETRY
18	328	237	-0.07550494865334635	DESCRIPTIVE_ONLY_OBSERVER_SCALE_GEOMETRY
18	329	237	-0.008800085338278708	DESCRIPTIVE_ONLY_OBSERVER_SCALE_GEOMETRY
18	330	237	0.006470685367421147	DESCRIPTIVE_ONLY_OBSERVER_SCALE_GEOMETRY
18	331	237	-0.11552891731940303	DESCRIPTIVE_ONLY_OBSERVER_SCALE_GEOMETRY
18	332	237	0.058682803887932886	DESCRIPTIVE_ONLY_OBSERVER_SCALE_GEOMETRY
18	333	237	-0.16066587712221597	DESCRIPTIVE_ONLY_OBSERVER_SCALE_GEOMETRY
18	334	237	0.10711872868586525	DESCRIPTIVE_ONLY_OBSERVER_SCALE_GEOMETRY
18	335	237	-0.13358996170933254	DESCRIPTIVE_ONLY_OBSERVER_SCALE_GEOMETRY
18	336	237	-0.002889125315798209	DESCRIPTIVE_ONLY_OBSERVER_SCALE_GEOMETRY
18	337	237	-0.07320671032766417	DESCRIPTIVE_ONLY_OBSERVER_SCALE_GEOMETRY
18	338	237	0.033198075743592965	DESCRIPTIVE_ONLY_OBSERVER_SCALE_GEOMETRY
18	339	237	-0.04836104481392191	DESCRIPTIVE_ONLY_OBSERVER_SCALE_GEOMETRY
18	340	237	-0.11178116044423832	DESCRIPTIVE_ONLY_OBSERVER_SCALE_GEOMETRY
18	341	237	0.011941637309157978	DESCRIPTIVE_ONLY_OBSERVER_SCALE_GEOMETRY
18	342	237	-0.07092910853074899	DESCRIPTIVE_ONLY_OBSERVER_SCALE_GEOMETRY
18	343	237	0.020554989926413084	DESCRIPTIVE_ONLY_OBSERVER_SCALE_GEOMETRY
18	344	237	-0.02780836980685832	DESCRIPTIVE_ONLY_OBSERVER_SCALE_GEOMETRY
18	345	236	-0.10881411816550626	DESCRIPTIVE_ONLY_OBSERVER_SCALE_GEOMETRY
18	346	236	-0.051680272668720675	DESCRIPTIVE_ONLY_OBSERVER_SCALE_GEOMETRY
18	347	236	0.005623341673778426	DESCRIPTIVE_ONLY_OBSERVER_SCALE_GEOMETRY
18	348	236	-0.07745223291103794	DESCRIPTIVE_ONLY_OBSERVER_SCALE_GEOMETRY
18	349	236	0.06527115859679046	DESCRIPTIVE_ONLY_OBSERVER_SCALE_GEOMETRY
18	350	236	-0.15901796013479264	DESCRIPTIVE_ONLY_OBSERVER_SCALE_GEOMETRY
18	351	236	-0.0153049716113726	DESCRIPTIVE_ONLY_OBSERVER_SCALE_GEOMETRY
18	352	236	0.047784821649654724	DESCRIPTIVE_ONLY_OBSERVER_SCALE_GEOMETRY
18	353	236	-0.07253892598720639	DESCRIPTIVE_ONLY_OBSERVER_SCALE_GEOMETRY
18	354	236	-0.14940563661302936	DESCRIPTIVE_ONLY_OBSERVER_SCALE_GEOMETRY
18	355	235	0.11851600342541449	DESCRIPTIVE_ONLY_OBSERVER_SCALE_GEOMETRY
18	356	235	-0.12579704957938243	DESCRIPTIVE_ONLY_OBSERVER_SCALE_GEOMETRY
18	357	235	0.030937396518247787	DESCRIPTIVE_ONLY_OBSERVER_SCALE_GEOMETRY
18	358	235	-0.15377425746584256	DESCRIPTIVE_ONLY_OBSERVER_SCALE_GEOMETRY
18	359	235	0.09906720695439061	DESCRIPTIVE_ONLY_OBSERVER_SCALE_GEOMETRY
18	360	235	-0.10237887200894388	DESCRIPTIVE_ONLY_OBSERVER_SCALE_GEOMETRY
18	361	235	-0.05400918503952106	DESCRIPTIVE_ONLY_OBSERVER_SCALE_GEOMETRY
18	362	235	-0.0038797135309757425	DESCRIPTIVE_ONLY_OBSERVER_SCALE_GEOMETRY
18	363	235	-0.020139252542317288	DESCRIPTIVE_ONLY_OBSERVER_SCALE_GEOMETRY
18	364	235	-0.07428389829104103	DESCRIPTIVE_ONLY_OBSERVER_SCALE_GEOMETRY
18	365	235	3.9578173845881643	DESCRIPTIVE_ONLY_OBSERVER_SCALE_GEOMETRY
18	366	235	-4.123952364835306	DESCRIPTIVE_ONLY_OBSERVER_SCALE_GEOMETRY
18	367	235	0.13671738782818477	DESCRIPTIVE_ONLY_OBSERVER_SCALE_GEOMETRY
18	368	235	-0.21525096650999803	DESCRIPTIVE_ONLY_OBSERVER_SCALE_GEOMETRY
18	369	235	0.0929007628042876	DESCRIPTIVE_ONLY_OBSERVER_SCALE_GEOMETRY
18	370	235	-0.0687409525662667	DESCRIPTIVE_ONLY_OBSERVER_SCALE_GEOMETRY
18	371	235	-0.04079783075366715	DESCRIPTIVE_ONLY_OBSERVER_SCALE_GEOMETRY
19	1	257	0.546649707781629	DESCRIPTIVE_ONLY_OBSERVER_SCALE_GEOMETRY
19	2	257	-0.6429363476312643	DESCRIPTIVE_ONLY_OBSERVER_SCALE_GEOMETRY
19	3	257	-0.27593275835975084	DESCRIPTIVE_ONLY_OBSERVER_SCALE_GEOMETRY
19	4	257	2.6591737424552084	DESCRIPTIVE_ONLY_OBSERVER_SCALE_GEOMETRY
19	5	257	-2.2927371831962597	DESCRIPTIVE_ONLY_OBSERVER_SCALE_GEOMETRY
19	6	257	-0.114418544848976	DESCRIPTIVE_ONLY_OBSERVER_SCALE_GEOMETRY
19	7	257	-0.019429690960500432	DESCRIPTIVE_ONLY_OBSERVER_SCALE_GEOMETRY
19	8	257	-0.06918868452480235	DESCRIPTIVE_ONLY_OBSERVER_SCALE_GEOMETRY
19	9	257	-0.01388755624850874	DESCRIPTIVE_ONLY_OBSERVER_SCALE_GEOMETRY
19	10	257	-0.07227573242416122	DESCRIPTIVE_ONLY_OBSERVER_SCALE_GEOMETRY
19	11	257	-0.062392385411959385	DESCRIPTIVE_ONLY_OBSERVER_SCALE_GEOMETRY
19	12	257	-0.04656943892878854	DESCRIPTIVE_ONLY_OBSERVER_SCALE_GEOMETRY
19	13	257	-0.07581081256841626	DESCRIPTIVE_ONLY_OBSERVER_SCALE_GEOMETRY
19	14	257	-0.023361340953716298	DESCRIPTIVE_ONLY_OBSERVER_SCALE_GEOMETRY
19	15	256	-0.08383786392457039	DESCRIPTIVE_ONLY_OBSERVER_SCALE_GEOMETRY
19	16	256	-0.043899072981703174	DESCRIPTIVE_ONLY_OBSERVER_SCALE_GEOMETRY
19	17	255	-0.012970620854798632	DESCRIPTIVE_ONLY_OBSERVER_SCALE_GEOMETRY
19	18	255	-0.13158415130903894	DESCRIPTIVE_ONLY_OBSERVER_SCALE_GEOMETRY
19	19	255	-0.027129770585759917	DESCRIPTIVE_ONLY_OBSERVER_SCALE_GEOMETRY
19	20	255	-0.046352292431424615	DESCRIPTIVE_ONLY_OBSERVER_SCALE_GEOMETRY
19	21	255	2.858334393388503	DESCRIPTIVE_ONLY_OBSERVER_SCALE_GEOMETRY
19	22	255	-3.082281717849132	DESCRIPTIVE_ONLY_OBSERVER_SCALE_GEOMETRY
19	23	255	0.03481905622521332	DESCRIPTIVE_ONLY_OBSERVER_SCALE_GEOMETRY
19	24	255	-0.027131725605219974	DESCRIPTIVE_ONLY_OBSERVER_SCALE_GEOMETRY
19	25	255	-0.1009088408365699	DESCRIPTIVE_ONLY_OBSERVER_SCALE_GEOMETRY
19	26	255	-0.0031068562466861037	DESCRIPTIVE_ONLY_OBSERVER_SCALE_GEOMETRY
19	27	255	8.232166367991022	DESCRIPTIVE_ONLY_OBSERVER_SCALE_GEOMETRY
19	28	255	-7.311183215591584	DESCRIPTIVE_ONLY_OBSERVER_SCALE_GEOMETRY
19	29	255	-1.3110175970358409	DESCRIPTIVE_ONLY_OBSERVER_SCALE_GEOMETRY
19	30	255	-0.16241876132395608	DESCRIPTIVE_ONLY_OBSERVER_SCALE_GEOMETRY
19	31	255	-0.10086049008567578	DESCRIPTIVE_ONLY_OBSERVER_SCALE_GEOMETRY
19	32	255	0.24815828215895375	DESCRIPTIVE_ONLY_OBSERVER_SCALE_GEOMETRY
19	33	254	0.05550489017231751	DESCRIPTIVE_ONLY_OBSERVER_SCALE_GEOMETRY
19	34	254	-0.11665743210011313	DESCRIPTIVE_ONLY_OBSERVER_SCALE_GEOMETRY
19	35	254	-0.05785225797696645	DESCRIPTIVE_ONLY_OBSERVER_SCALE_GEOMETRY
19	36	254	-0.05370038559085671	DESCRIPTIVE_ONLY_OBSERVER_SCALE_GEOMETRY
19	37	254	-0.05779557482615454	DESCRIPTIVE_ONLY_OBSERVER_SCALE_GEOMETRY
19	38	254	-0.12678439440097944	DESCRIPTIVE_ONLY_OBSERVER_SCALE_GEOMETRY
19	39	254	0.02328104421691731	DESCRIPTIVE_ONLY_OBSERVER_SCALE_GEOMETRY
19	40	254	-0.03690658132720506	DESCRIPTIVE_ONLY_OBSERVER_SCALE_GEOMETRY
19	41	254	-0.10106413277722258	DESCRIPTIVE_ONLY_OBSERVER_SCALE_GEOMETRY
19	42	254	-0.09205731824098752	DESCRIPTIVE_ONLY_OBSERVER_SCALE_GEOMETRY
19	43	254	0.03258863687304754	DESCRIPTIVE_ONLY_OBSERVER_SCALE_GEOMETRY
19	44	254	-0.12633009011890436	DESCRIPTIVE_ONLY_OBSERVER_SCALE_GEOMETRY
19	45	254	0.017204419508097656	DESCRIPTIVE_ONLY_OBSERVER_SCALE_GEOMETRY
19	46	253	-0.10477280740111729	DESCRIPTIVE_ONLY_OBSERVER_SCALE_GEOMETRY
19	47	253	-0.036756237781604466	DESCRIPTIVE_ONLY_OBSERVER_SCALE_GEOMETRY
19	48	253	-0.06642499498664144	DESCRIPTIVE_ONLY_OBSERVER_SCALE_GEOMETRY
19	49	253	-0.04746623199464583	DESCRIPTIVE_ONLY_OBSERVER_SCALE_GEOMETRY
19	50	253	-0.05386895850959557	DESCRIPTIVE_ONLY_OBSERVER_SCALE_GEOMETRY
19	51	253	-0.025573154731510568	DESCRIPTIVE_ONLY_OBSERVER_SCALE_GEOMETRY
19	52	253	-0.09560064634384077	DESCRIPTIVE_ONLY_OBSERVER_SCALE_GEOMETRY
19	53	253	0.009403612385556826	DESCRIPTIVE_ONLY_OBSERVER_SCALE_GEOMETRY
19	54	253	-0.09975855855101573	DESCRIPTIVE_ONLY_OBSERVER_SCALE_GEOMETRY
19	55	253	-0.05514806428921518	DESCRIPTIVE_ONLY_OBSERVER_SCALE_GEOMETRY
19	56	253	-0.04010300530099697	DESCRIPTIVE_ONLY_OBSERVER_SCALE_GEOMETRY
19	57	253	-0.09558195022820684	DESCRIPTIVE_ONLY_OBSERVER_SCALE_GEOMETRY
19	58	253	-0.019236980663809577	DESCRIPTIVE_ONLY_OBSERVER_SCALE_GEOMETRY
19	59	253	-0.0469484173444552	DESCRIPTIVE_ONLY_OBSERVER_SCALE_GEOMETRY
19	60	253	-0.01942624469735207	DESCRIPTIVE_ONLY_OBSERVER_SCALE_GEOMETRY
19	61	253	-0.15144619505869775	DESCRIPTIVE_ONLY_OBSERVER_SCALE_GEOMETRY
19	62	253	-1.332241542048208	DESCRIPTIVE_ONLY_OBSERVER_SCALE_GEOMETRY
19	63	253	3.016895906067216	DESCRIPTIVE_ONLY_OBSERVER_SCALE_GEOMETRY
19	64	253	-5.393078666846335	DESCRIPTIVE_ONLY_OBSERVER_SCALE_GEOMETRY
19	65	252	2.5169361021651238	DESCRIPTIVE_ONLY_OBSERVER_SCALE_GEOMETRY
19	66	252	1.0040169402877712	DESCRIPTIVE_ONLY_OBSERVER_SCALE_GEOMETRY
19	67	252	-0.02954798613545608	DESCRIPTIVE_ONLY_OBSERVER_SCALE_GEOMETRY
19	68	252	-0.15009735048775538	DESCRIPTIVE_ONLY_OBSERVER_SCALE_GEOMETRY
19	69	252	0.052784270555622376	DESCRIPTIVE_ONLY_OBSERVER_SCALE_GEOMETRY
19	70	252	-0.10143285739015125	DESCRIPTIVE_ONLY_OBSERVER_SCALE_GEOMETRY
19	71	252	-0.06195499655185513	DESCRIPTIVE_ONLY_OBSERVER_SCALE_GEOMETRY
19	72	252	-0.019407083276218325	DESCRIPTIVE_ONLY_OBSERVER_SCALE_GEOMETRY
19	73	252	-0.08405791005077892	DESCRIPTIVE_ONLY_OBSERVER_SCALE_GEOMETRY
19	74	252	0.0010926473262334014	DESCRIPTIVE_ONLY_OBSERVER_SCALE_GEOMETRY
19	75	252	-0.11392577456189093	DESCRIPTIVE_ONLY_OBSERVER_SCALE_GEOMETRY
19	76	252	-0.06294607617860568	DESCRIPTIVE_ONLY_OBSERVER_SCALE_GEOMETRY
19	77	252	-0.031432547242366375	DESCRIPTIVE_ONLY_OBSERVER_SCALE_GEOMETRY
19	78	252	-0.04109479224581542	DESCRIPTIVE_ONLY_OBSERVER_SCALE_GEOMETRY
19	79	252	-0.08946300447049046	DESCRIPTIVE_ONLY_OBSERVER_SCALE_GEOMETRY
19	80	252	-0.013491728771798465	DESCRIPTIVE_ONLY_OBSERVER_SCALE_GEOMETRY
19	81	252	-0.08409187191860451	DESCRIPTIVE_ONLY_OBSERVER_SCALE_GEOMETRY
19	82	252	0.002133553634170939	DESCRIPTIVE_ONLY_OBSERVER_SCALE_GEOMETRY
19	83	252	-0.07116900555707811	DESCRIPTIVE_ONLY_OBSERVER_SCALE_GEOMETRY
19	84	252	-0.0994257462238888	DESCRIPTIVE_ONLY_OBSERVER_SCALE_GEOMETRY
19	85	252	-0.038269126230073586	DESCRIPTIVE_ONLY_OBSERVER_SCALE_GEOMETRY
19	86	252	-0.016699672377944806	DESCRIPTIVE_ONLY_OBSERVER_SCALE_GEOMETRY
19	87	252	-0.16511554390321748	DESCRIPTIVE_ONLY_OBSERVER_SCALE_GEOMETRY
19	88	252	1.9129606842737426	DESCRIPTIVE_ONLY_OBSERVER_SCALE_GEOMETRY
19	89	252	-1.9105732352854938	DESCRIPTIVE_ONLY_OBSERVER_SCALE_GEOMETRY
19	90	252	-0.04436228219922335	DESCRIPTIVE_ONLY_OBSERVER_SCALE_GEOMETRY
19	91	252	-0.08343415665928514	DESCRIPTIVE_ONLY_OBSERVER_SCALE_GEOMETRY
19	92	252	-0.1320456865280481	DESCRIPTIVE_ONLY_OBSERVER_SCALE_GEOMETRY
19	93	252	0.028638825471851086	DESCRIPTIVE_ONLY_OBSERVER_SCALE_GEOMETRY
19	94	252	-0.06971619283336655	DESCRIPTIVE_ONLY_OBSERVER_SCALE_GEOMETRY
19	95	252	-0.08476601881219935	DESCRIPTIVE_ONLY_OBSERVER_SCALE_GEOMETRY
19	96	252	-0.0472583476600438	DESCRIPTIVE_ONLY_OBSERVER_SCALE_GEOMETRY
19	97	252	0.003733794631972038	DESCRIPTIVE_ONLY_OBSERVER_SCALE_GEOMETRY
19	98	252	-0.08835190553368227	DESCRIPTIVE_ONLY_OBSERVER_SCALE_GEOMETRY
19	99	252	-0.05106002585906418	DESCRIPTIVE_ONLY_OBSERVER_SCALE_GEOMETRY
19	100	252	-0.027137675957578367	DESCRIPTIVE_ONLY_OBSERVER_SCALE_GEOMETRY
19	101	252	-0.016730718533891617	DESCRIPTIVE_ONLY_OBSERVER_SCALE_GEOMETRY
19	102	252	-0.12984550368915593	DESCRIPTIVE_ONLY_OBSERVER_SCALE_GEOMETRY
19	103	252	-0.014353705962760718	DESCRIPTIVE_ONLY_OBSERVER_SCALE_GEOMETRY
19	104	252	-0.016138886400843464	DESCRIPTIVE_ONLY_OBSERVER_SCALE_GEOMETRY
19	105	252	-0.12159251173448563	DESCRIPTIVE_ONLY_OBSERVER_SCALE_GEOMETRY
19	106	252	-0.0228180068606557	DESCRIPTIVE_ONLY_OBSERVER_SCALE_GEOMETRY
19	107	252	-0.08497023901642012	DESCRIPTIVE_ONLY_OBSERVER_SCALE_GEOMETRY
19	108	252	-0.01387283489491948	DESCRIPTIVE_ONLY_OBSERVER_SCALE_GEOMETRY
19	109	252	-0.003648142086056188	DESCRIPTIVE_ONLY_OBSERVER_SCALE_GEOMETRY
19	110	252	-0.15517800958687056	DESCRIPTIVE_ONLY_OBSERVER_SCALE_GEOMETRY
19	111	251	-0.011427956615812267	DESCRIPTIVE_ONLY_OBSERVER_SCALE_GEOMETRY
19	112	251	-0.017589892795680098	DESCRIPTIVE_ONLY_OBSERVER_SCALE_GEOMETRY
19	113	251	-0.07163566897776114	DESCRIPTIVE_ONLY_OBSERVER_SCALE_GEOMETRY
19	114	251	-0.1138886753773895	DESCRIPTIVE_ONLY_OBSERVER_SCALE_GEOMETRY
19	115	251	-0.08931764453837797	DESCRIPTIVE_ONLY_OBSERVER_SCALE_GEOMETRY
19	116	251	0.06322513044314225	DESCRIPTIVE_ONLY_OBSERVER_SCALE_GEOMETRY
19	117	251	-0.18643636511660483	DESCRIPTIVE_ONLY_OBSERVER_SCALE_GEOMETRY
19	118	251	-0.012812102987301741	DESCRIPTIVE_ONLY_OBSERVER_SCALE_GEOMETRY
19	119	251	-0.04264025004333821	DESCRIPTIVE_ONLY_OBSERVER_SCALE_GEOMETRY
19	120	250	-0.07829906798835658	DESCRIPTIVE_ONLY_OBSERVER_SCALE_GEOMETRY
19	121	250	0.025053756929406836	DESCRIPTIVE_ONLY_OBSERVER_SCALE_GEOMETRY
19	122	250	0.3687217719727657	DESCRIPTIVE_ONLY_OBSERVER_SCALE_GEOMETRY
19	123	250	-0.4846682278176633	DESCRIPTIVE_ONLY_OBSERVER_SCALE_GEOMETRY
19	124	250	2.2845776722480027	DESCRIPTIVE_ONLY_OBSERVER_SCALE_GEOMETRY
19	125	250	-2.207243635721493	DESCRIPTIVE_ONLY_OBSERVER_SCALE_GEOMETRY
19	126	250	-0.19545597924828373	DESCRIPTIVE_ONLY_OBSERVER_SCALE_GEOMETRY
19	127	250	-0.14344793714723683	DESCRIPTIVE_ONLY_OBSERVER_SCALE_GEOMETRY
19	128	250	0.014282392209616244	DESCRIPTIVE_ONLY_OBSERVER_SCALE_GEOMETRY
19	129	250	0.01418328595594572	DESCRIPTIVE_ONLY_OBSERVER_SCALE_GEOMETRY
19	130	250	-0.22612304685794396	DESCRIPTIVE_ONLY_OBSERVER_SCALE_GEOMETRY
19	131	250	0.28148017126391783	DESCRIPTIVE_ONLY_OBSERVER_SCALE_GEOMETRY
19	132	249	-0.14828782633178772	DESCRIPTIVE_ONLY_OBSERVER_SCALE_GEOMETRY
19	133	249	-0.40423088743767066	DESCRIPTIVE_ONLY_OBSERVER_SCALE_GEOMETRY
19	134	249	0.048108764373086074	DESCRIPTIVE_ONLY_OBSERVER_SCALE_GEOMETRY
19	135	249	0.005272665192655639	DESCRIPTIVE_ONLY_OBSERVER_SCALE_GEOMETRY
19	136	249	-0.03315142322777985	DESCRIPTIVE_ONLY_OBSERVER_SCALE_GEOMETRY
19	137	249	-0.11042084659220304	DESCRIPTIVE_ONLY_OBSERVER_SCALE_GEOMETRY
19	138	249	-0.007989755126653175	DESCRIPTIVE_ONLY_OBSERVER_SCALE_GEOMETRY
19	139	249	-0.07779169880890864	DESCRIPTIVE_ONLY_OBSERVER_SCALE_GEOMETRY
19	140	249	-0.039882608230191685	DESCRIPTIVE_ONLY_OBSERVER_SCALE_GEOMETRY
19	141	249	1.0458198991383962	DESCRIPTIVE_ONLY_OBSERVER_SCALE_GEOMETRY
19	142	249	-1.1460182282565117	DESCRIPTIVE_ONLY_OBSERVER_SCALE_GEOMETRY
19	143	248	-0.033728071610397474	DESCRIPTIVE_ONLY_OBSERVER_SCALE_GEOMETRY
19	144	248	-0.05165539999591961	DESCRIPTIVE_ONLY_OBSERVER_SCALE_GEOMETRY
19	145	248	-0.0697015404333154	DESCRIPTIVE_ONLY_OBSERVER_SCALE_GEOMETRY
19	146	248	-0.06280266552348429	DESCRIPTIVE_ONLY_OBSERVER_SCALE_GEOMETRY
19	147	248	-0.055190074855702514	DESCRIPTIVE_ONLY_OBSERVER_SCALE_GEOMETRY
19	148	248	-0.21567355450868833	DESCRIPTIVE_ONLY_OBSERVER_SCALE_GEOMETRY
19	149	248	0.015264341887955248	DESCRIPTIVE_ONLY_OBSERVER_SCALE_GEOMETRY
19	150	248	-0.028124905429557274	DESCRIPTIVE_ONLY_OBSERVER_SCALE_GEOMETRY
19	151	248	0.1010154543283772	DESCRIPTIVE_ONLY_OBSERVER_SCALE_GEOMETRY
19	152	248	-0.030599350658144214	DESCRIPTIVE_ONLY_OBSERVER_SCALE_GEOMETRY
19	153	248	-0.1659233602952728	DESCRIPTIVE_ONLY_OBSERVER_SCALE_GEOMETRY
19	154	248	-0.07199516126398658	DESCRIPTIVE_ONLY_OBSERVER_SCALE_GEOMETRY
19	155	248	0.0010627234456810938	DESCRIPTIVE_ONLY_OBSERVER_SCALE_GEOMETRY
19	156	248	-0.09198170117235951	DESCRIPTIVE_ONLY_OBSERVER_SCALE_GEOMETRY
19	157	248	-0.016310451433929295	DESCRIPTIVE_ONLY_OBSERVER_SCALE_GEOMETRY
19	158	248	-0.11380847581543294	DESCRIPTIVE_ONLY_OBSERVER_SCALE_GEOMETRY
19	159	248	-0.038711505626735136	DESCRIPTIVE_ONLY_OBSERVER_SCALE_GEOMETRY
19	160	248	-0.049327270816302185	DESCRIPTIVE_ONLY_OBSERVER_SCALE_GEOMETRY
19	161	248	-0.012823482308576752	DESCRIPTIVE_ONLY_OBSERVER_SCALE_GEOMETRY
19	162	248	-0.08575912138607938	DESCRIPTIVE_ONLY_OBSERVER_SCALE_GEOMETRY
19	163	248	-0.07728263135170559	DESCRIPTIVE_ONLY_OBSERVER_SCALE_GEOMETRY
19	164	248	0.0063983186188540965	DESCRIPTIVE_ONLY_OBSERVER_SCALE_GEOMETRY
19	165	248	-0.06106633790595211	DESCRIPTIVE_ONLY_OBSERVER_SCALE_GEOMETRY
19	166	248	-0.14822992190761805	DESCRIPTIVE_ONLY_OBSERVER_SCALE_GEOMETRY
19	167	248	0.028903497332982184	DESCRIPTIVE_ONLY_OBSERVER_SCALE_GEOMETRY
19	168	248	-0.04997949570583618	DESCRIPTIVE_ONLY_OBSERVER_SCALE_GEOMETRY
19	169	248	-0.121314360125141	DESCRIPTIVE_ONLY_OBSERVER_SCALE_GEOMETRY
19	170	248	-0.0034333740278691053	DESCRIPTIVE_ONLY_OBSERVER_SCALE_GEOMETRY
19	171	248	-0.12151898658467514	DESCRIPTIVE_ONLY_OBSERVER_SCALE_GEOMETRY
19	172	248	-0.02584927254159383	DESCRIPTIVE_ONLY_OBSERVER_SCALE_GEOMETRY
19	173	248	-0.08174516447212997	DESCRIPTIVE_ONLY_OBSERVER_SCALE_GEOMETRY
19	174	248	-0.11230937586550009	DESCRIPTIVE_ONLY_OBSERVER_SCALE_GEOMETRY
19	175	248	-0.027023794249851508	DESCRIPTIVE_ONLY_OBSERVER_SCALE_GEOMETRY
19	176	248	-0.05809629992769334	DESCRIPTIVE_ONLY_OBSERVER_SCALE_GEOMETRY
19	177	248	-0.051993970564577614	DESCRIPTIVE_ONLY_OBSERVER_SCALE_GEOMETRY
19	178	248	-0.07199545071899865	DESCRIPTIVE_ONLY_OBSERVER_SCALE_GEOMETRY
19	179	248	-0.06037964201398909	DESCRIPTIVE_ONLY_OBSERVER_SCALE_GEOMETRY
19	180	248	-0.09947006212909312	DESCRIPTIVE_ONLY_OBSERVER_SCALE_GEOMETRY
19	181	248	-0.019911471981464843	DESCRIPTIVE_ONLY_OBSERVER_SCALE_GEOMETRY
19	182	247	1.2390896763055625	DESCRIPTIVE_ONLY_OBSERVER_SCALE_GEOMETRY
19	183	247	-5.422526264171575	DESCRIPTIVE_ONLY_OBSERVER_SCALE_GEOMETRY
19	184	247	4.256211736558003	DESCRIPTIVE_ONLY_OBSERVER_SCALE_GEOMETRY
19	185	247	-0.16328357422806555	DESCRIPTIVE_ONLY_OBSERVER_SCALE_GEOMETRY
19	186	247	-0.2286960568377013	DESCRIPTIVE_ONLY_OBSERVER_SCALE_GEOMETRY
19	187	247	-0.3206185453303211	DESCRIPTIVE_ONLY_OBSERVER_SCALE_GEOMETRY
19	188	247	-0.44808630701134716	DESCRIPTIVE_ONLY_OBSERVER_SCALE_GEOMETRY
19	189	247	0.6223434476277588	DESCRIPTIVE_ONLY_OBSERVER_SCALE_GEOMETRY
19	190	247	0.0663817330192766	DESCRIPTIVE_ONLY_OBSERVER_SCALE_GEOMETRY
19	191	247	-0.4651448460710678	DESCRIPTIVE_ONLY_OBSERVER_SCALE_GEOMETRY
19	192	247	0.14644684602521277	DESCRIPTIVE_ONLY_OBSERVER_SCALE_GEOMETRY
19	193	247	-0.087785443345652	DESCRIPTIVE_ONLY_OBSERVER_SCALE_GEOMETRY
19	194	247	-0.05624709060986066	DESCRIPTIVE_ONLY_OBSERVER_SCALE_GEOMETRY
19	195	247	-0.0521303611639879	DESCRIPTIVE_ONLY_OBSERVER_SCALE_GEOMETRY
19	196	246	-0.0351292961323659	DESCRIPTIVE_ONLY_OBSERVER_SCALE_GEOMETRY
19	197	246	-0.0918525824064504	DESCRIPTIVE_ONLY_OBSERVER_SCALE_GEOMETRY
19	198	246	-0.08745342397572321	DESCRIPTIVE_ONLY_OBSERVER_SCALE_GEOMETRY
19	199	246	-0.07481827777543422	DESCRIPTIVE_ONLY_OBSERVER_SCALE_GEOMETRY
19	200	246	-0.0932189642434966	DESCRIPTIVE_ONLY_OBSERVER_SCALE_GEOMETRY
19	201	246	-0.09802936555770511	DESCRIPTIVE_ONLY_OBSERVER_SCALE_GEOMETRY
19	202	246	0.12254497420764987	DESCRIPTIVE_ONLY_OBSERVER_SCALE_GEOMETRY
19	203	246	-0.1816615309262708	DESCRIPTIVE_ONLY_OBSERVER_SCALE_GEOMETRY
19	204	246	-0.01398214758243578	DESCRIPTIVE_ONLY_OBSERVER_SCALE_GEOMETRY
19	205	246	-0.11973866822954576	DESCRIPTIVE_ONLY_OBSERVER_SCALE_GEOMETRY
19	206	246	-0.10510495283229494	DESCRIPTIVE_ONLY_OBSERVER_SCALE_GEOMETRY
19	207	246	0.03490490413224015	DESCRIPTIVE_ONLY_OBSERVER_SCALE_GEOMETRY
19	208	246	-0.17135003779229255	DESCRIPTIVE_ONLY_OBSERVER_SCALE_GEOMETRY
19	209	246	0.027337892862073027	DESCRIPTIVE_ONLY_OBSERVER_SCALE_GEOMETRY
19	210	246	-0.15643286387272332	DESCRIPTIVE_ONLY_OBSERVER_SCALE_GEOMETRY
19	211	246	-0.03391839443171928	DESCRIPTIVE_ONLY_OBSERVER_SCALE_GEOMETRY
19	212	246	0.0032091958827048473	DESCRIPTIVE_ONLY_OBSERVER_SCALE_GEOMETRY
19	213	246	-0.1659838906133087	DESCRIPTIVE_ONLY_OBSERVER_SCALE_GEOMETRY
19	214	246	-0.007663415746425166	DESCRIPTIVE_ONLY_OBSERVER_SCALE_GEOMETRY
19	215	246	-0.08589475891252905	DESCRIPTIVE_ONLY_OBSERVER_SCALE_GEOMETRY
19	216	246	-0.08937053091331475	DESCRIPTIVE_ONLY_OBSERVER_SCALE_GEOMETRY
19	217	246	0.0701864218265554	DESCRIPTIVE_ONLY_OBSERVER_SCALE_GEOMETRY
19	218	246	-0.21497435102438853	DESCRIPTIVE_ONLY_OBSERVER_SCALE_GEOMETRY
19	219	246	-0.10871957053958003	DESCRIPTIVE_ONLY_OBSERVER_SCALE_GEOMETRY
19	220	246	0.03310524813873268	DESCRIPTIVE_ONLY_OBSERVER_SCALE_GEOMETRY
19	221	246	-0.004561278767789248	DESCRIPTIVE_ONLY_OBSERVER_SCALE_GEOMETRY
19	222	246	-0.21876395016653913	DESCRIPTIVE_ONLY_OBSERVER_SCALE_GEOMETRY
19	223	246	0.01138494977927598	DESCRIPTIVE_ONLY_OBSERVER_SCALE_GEOMETRY
19	224	246	-0.053145428062362166	DESCRIPTIVE_ONLY_OBSERVER_SCALE_GEOMETRY
19	225	246	-0.05800024857477748	DESCRIPTIVE_ONLY_OBSERVER_SCALE_GEOMETRY
19	226	246	-0.10803917340378746	DESCRIPTIVE_ONLY_OBSERVER_SCALE_GEOMETRY
19	227	246	0.024932277911285782	DESCRIPTIVE_ONLY_OBSERVER_SCALE_GEOMETRY
19	228	246	-0.05417327855815643	DESCRIPTIVE_ONLY_OBSERVER_SCALE_GEOMETRY
19	229	246	-0.14486672866413286	DESCRIPTIVE_ONLY_OBSERVER_SCALE_GEOMETRY
19	230	246	-0.12427327241624946	DESCRIPTIVE_ONLY_OBSERVER_SCALE_GEOMETRY
19	231	246	0.056963881381514044	DESCRIPTIVE_ONLY_OBSERVER_SCALE_GEOMETRY
19	232	246	-0.12445517698490711	DESCRIPTIVE_ONLY_OBSERVER_SCALE_GEOMETRY
19	233	246	-0.11835755832730284	DESCRIPTIVE_ONLY_OBSERVER_SCALE_GEOMETRY
19	234	246	0.08373340823135547	DESCRIPTIVE_ONLY_OBSERVER_SCALE_GEOMETRY
19	235	246	-0.17862030457267744	DESCRIPTIVE_ONLY_OBSERVER_SCALE_GEOMETRY
19	236	246	-0.013824673572100673	DESCRIPTIVE_ONLY_OBSERVER_SCALE_GEOMETRY
19	237	246	-0.06618558984870772	DESCRIPTIVE_ONLY_OBSERVER_SCALE_GEOMETRY
19	238	246	-0.05105588696031211	DESCRIPTIVE_ONLY_OBSERVER_SCALE_GEOMETRY
19	239	246	-0.12057370060316276	DESCRIPTIVE_ONLY_OBSERVER_SCALE_GEOMETRY
19	240	246	-0.02439265348695172	DESCRIPTIVE_ONLY_OBSERVER_SCALE_GEOMETRY
19	241	246	-0.12690814923698684	DESCRIPTIVE_ONLY_OBSERVER_SCALE_GEOMETRY
19	242	246	0.07365057592993368	DESCRIPTIVE_ONLY_OBSERVER_SCALE_GEOMETRY
19	243	246	-0.1850789574730018	DESCRIPTIVE_ONLY_OBSERVER_SCALE_GEOMETRY
19	244	246	-2.3632527633579814	DESCRIPTIVE_ONLY_OBSERVER_SCALE_GEOMETRY
19	245	246	2.98182450328857	DESCRIPTIVE_ONLY_OBSERVER_SCALE_GEOMETRY
19	246	246	-0.6857334210219007	DESCRIPTIVE_ONLY_OBSERVER_SCALE_GEOMETRY
19	247	245	0.11819889615990518	DESCRIPTIVE_ONLY_OBSERVER_SCALE_GEOMETRY
19	248	245	-0.11309794940462133	DESCRIPTIVE_ONLY_OBSERVER_SCALE_GEOMETRY
19	249	245	-0.2782791754323226	DESCRIPTIVE_ONLY_OBSERVER_SCALE_GEOMETRY
19	250	245	-0.10463533573851769	DESCRIPTIVE_ONLY_OBSERVER_SCALE_GEOMETRY
19	251	245	0.004872796127668942	DESCRIPTIVE_ONLY_OBSERVER_SCALE_GEOMETRY
19	252	245	-0.14531657980245022	DESCRIPTIVE_ONLY_OBSERVER_SCALE_GEOMETRY
19	253	245	0.037516211962197156	DESCRIPTIVE_ONLY_OBSERVER_SCALE_GEOMETRY
19	254	245	-0.1518112479497093	DESCRIPTIVE_ONLY_OBSERVER_SCALE_GEOMETRY
19	255	245	-0.022455847635466635	DESCRIPTIVE_ONLY_OBSERVER_SCALE_GEOMETRY
19	256	245	-0.055573511620514736	DESCRIPTIVE_ONLY_OBSERVER_SCALE_GEOMETRY
19	257	245	-0.11304695028883814	DESCRIPTIVE_ONLY_OBSERVER_SCALE_GEOMETRY
19	258	245	0.033851049547542034	DESCRIPTIVE_ONLY_OBSERVER_SCALE_GEOMETRY
19	259	244	-0.18252151057728241	DESCRIPTIVE_ONLY_OBSERVER_SCALE_GEOMETRY
19	260	244	0.050059167071705324	DESCRIPTIVE_ONLY_OBSERVER_SCALE_GEOMETRY
19	261	243	0.424775853893589	DESCRIPTIVE_ONLY_OBSERVER_SCALE_GEOMETRY
19	262	243	-0.4948938243924992	DESCRIPTIVE_ONLY_OBSERVER_SCALE_GEOMETRY
19	263	242	-0.22544831155368011	DESCRIPTIVE_ONLY_OBSERVER_SCALE_GEOMETRY
19	264	242	0.0762948653593479	DESCRIPTIVE_ONLY_OBSERVER_SCALE_GEOMETRY
19	265	242	-0.26615538734659944	DESCRIPTIVE_ONLY_OBSERVER_SCALE_GEOMETRY
19	266	242	0.1249001740689438	DESCRIPTIVE_ONLY_OBSERVER_SCALE_GEOMETRY
19	267	242	-0.1830087380953112	DESCRIPTIVE_ONLY_OBSERVER_SCALE_GEOMETRY
19	268	242	0.025085158686224348	DESCRIPTIVE_ONLY_OBSERVER_SCALE_GEOMETRY
19	269	242	-0.1569235629511177	DESCRIPTIVE_ONLY_OBSERVER_SCALE_GEOMETRY
19	270	242	-0.021817216780704963	DESCRIPTIVE_ONLY_OBSERVER_SCALE_GEOMETRY
19	271	242	-0.04029312977737232	DESCRIPTIVE_ONLY_OBSERVER_SCALE_GEOMETRY
19	272	242	-0.021013147938263553	DESCRIPTIVE_ONLY_OBSERVER_SCALE_GEOMETRY
19	273	242	-0.13494636333246177	DESCRIPTIVE_ONLY_OBSERVER_SCALE_GEOMETRY
19	274	242	-0.019821321864700366	DESCRIPTIVE_ONLY_OBSERVER_SCALE_GEOMETRY
19	275	242	-0.1255894450965299	DESCRIPTIVE_ONLY_OBSERVER_SCALE_GEOMETRY
19	276	242	-0.01169006614620485	DESCRIPTIVE_ONLY_OBSERVER_SCALE_GEOMETRY
19	277	242	-0.10036029780898655	DESCRIPTIVE_ONLY_OBSERVER_SCALE_GEOMETRY
19	278	242	-0.017371769623492298	DESCRIPTIVE_ONLY_OBSERVER_SCALE_GEOMETRY
19	279	242	-0.13600607585174687	DESCRIPTIVE_ONLY_OBSERVER_SCALE_GEOMETRY
19	280	242	0.006994407111124194	DESCRIPTIVE_ONLY_OBSERVER_SCALE_GEOMETRY
19	281	242	0.03198490636578692	DESCRIPTIVE_ONLY_OBSERVER_SCALE_GEOMETRY
19	282	242	-0.22256696853409516	DESCRIPTIVE_ONLY_OBSERVER_SCALE_GEOMETRY
19	283	242	0.039610106645957814	DESCRIPTIVE_ONLY_OBSERVER_SCALE_GEOMETRY
19	284	242	-0.0830960278950993	DESCRIPTIVE_ONLY_OBSERVER_SCALE_GEOMETRY
19	285	242	-0.09805319185779629	DESCRIPTIVE_ONLY_OBSERVER_SCALE_GEOMETRY
19	286	242	-0.08381089602592402	DESCRIPTIVE_ONLY_OBSERVER_SCALE_GEOMETRY
19	287	242	0.06215590894235994	DESCRIPTIVE_ONLY_OBSERVER_SCALE_GEOMETRY
19	288	242	-0.11067855581470164	DESCRIPTIVE_ONLY_OBSERVER_SCALE_GEOMETRY
19	289	242	-0.07035994759265962	DESCRIPTIVE_ONLY_OBSERVER_SCALE_GEOMETRY
19	290	242	-0.06043543621627911	DESCRIPTIVE_ONLY_OBSERVER_SCALE_GEOMETRY
19	291	242	0.017088437053423534	DESCRIPTIVE_ONLY_OBSERVER_SCALE_GEOMETRY
19	292	241	-0.20641742964065424	DESCRIPTIVE_ONLY_OBSERVER_SCALE_GEOMETRY
19	293	241	0.11174837825485616	DESCRIPTIVE_ONLY_OBSERVER_SCALE_GEOMETRY
19	294	241	-0.1889414176211639	DESCRIPTIVE_ONLY_OBSERVER_SCALE_GEOMETRY
19	295	241	-0.0480639471962867	DESCRIPTIVE_ONLY_OBSERVER_SCALE_GEOMETRY
19	296	241	-0.049114754152705956	DESCRIPTIVE_ONLY_OBSERVER_SCALE_GEOMETRY
19	297	241	-0.060982087548655674	DESCRIPTIVE_ONLY_OBSERVER_SCALE_GEOMETRY
19	298	241	-0.04342224325134799	DESCRIPTIVE_ONLY_OBSERVER_SCALE_GEOMETRY
19	299	241	-0.05199485981238399	DESCRIPTIVE_ONLY_OBSERVER_SCALE_GEOMETRY
19	300	241	-0.06322037117270146	DESCRIPTIVE_ONLY_OBSERVER_SCALE_GEOMETRY
19	301	240	-0.13791008115015094	DESCRIPTIVE_ONLY_OBSERVER_SCALE_GEOMETRY
19	302	240	2.307005716787231	DESCRIPTIVE_ONLY_OBSERVER_SCALE_GEOMETRY
19	303	240	-11.305737959472134	DESCRIPTIVE_ONLY_OBSERVER_SCALE_GEOMETRY
19	304	240	6.679508050470825	DESCRIPTIVE_ONLY_OBSERVER_SCALE_GEOMETRY
19	305	240	2.2540055886413635	DESCRIPTIVE_ONLY_OBSERVER_SCALE_GEOMETRY
19	306	239	0.15351785692772696	DESCRIPTIVE_ONLY_OBSERVER_SCALE_GEOMETRY
19	307	239	-0.3091952462828687	DESCRIPTIVE_ONLY_OBSERVER_SCALE_GEOMETRY
19	308	239	-0.14641068231452578	DESCRIPTIVE_ONLY_OBSERVER_SCALE_GEOMETRY
19	309	239	-0.08633046109357077	DESCRIPTIVE_ONLY_OBSERVER_SCALE_GEOMETRY
19	310	239	0.0008986105598244121	DESCRIPTIVE_ONLY_OBSERVER_SCALE_GEOMETRY
19	311	239	-0.12022181210390216	DESCRIPTIVE_ONLY_OBSERVER_SCALE_GEOMETRY
19	312	239	0.01747015035707523	DESCRIPTIVE_ONLY_OBSERVER_SCALE_GEOMETRY
19	313	239	-0.05292690283033257	DESCRIPTIVE_ONLY_OBSERVER_SCALE_GEOMETRY
19	314	239	-0.09676950049206061	DESCRIPTIVE_ONLY_OBSERVER_SCALE_GEOMETRY
19	315	239	0.0262425629780733	DESCRIPTIVE_ONLY_OBSERVER_SCALE_GEOMETRY
19	316	239	-0.06502729804542545	DESCRIPTIVE_ONLY_OBSERVER_SCALE_GEOMETRY
19	317	239	-0.1036864670642959	DESCRIPTIVE_ONLY_OBSERVER_SCALE_GEOMETRY
19	318	239	-0.001418403303135126	DESCRIPTIVE_ONLY_OBSERVER_SCALE_GEOMETRY
19	319	239	-0.10858641992181445	DESCRIPTIVE_ONLY_OBSERVER_SCALE_GEOMETRY
19	320	238	0.00952758263868886	DESCRIPTIVE_ONLY_OBSERVER_SCALE_GEOMETRY
19	321	237	0.7658197591926015	DESCRIPTIVE_ONLY_OBSERVER_SCALE_GEOMETRY
19	322	237	-0.8624246822064303	DESCRIPTIVE_ONLY_OBSERVER_SCALE_GEOMETRY
19	323	237	-0.08078302220340296	DESCRIPTIVE_ONLY_OBSERVER_SCALE_GEOMETRY
19	324	237	-0.1084624476421764	DESCRIPTIVE_ONLY_OBSERVER_SCALE_GEOMETRY
19	325	237	0.07757996973569854	DESCRIPTIVE_ONLY_OBSERVER_SCALE_GEOMETRY
19	326	237	-0.09285774307130887	DESCRIPTIVE_ONLY_OBSERVER_SCALE_GEOMETRY
19	327	237	-0.09341841969518089	DESCRIPTIVE_ONLY_OBSERVER_SCALE_GEOMETRY
19	328	237	-0.026984644050820825	DESCRIPTIVE_ONLY_OBSERVER_SCALE_GEOMETRY
19	329	237	-0.011277626013026227	DESCRIPTIVE_ONLY_OBSERVER_SCALE_GEOMETRY
19	330	237	-0.13359366297440461	DESCRIPTIVE_ONLY_OBSERVER_SCALE_GEOMETRY
19	331	237	0.041353110177061336	DESCRIPTIVE_ONLY_OBSERVER_SCALE_GEOMETRY
19	332	237	-0.177757502448654	DESCRIPTIVE_ONLY_OBSERVER_SCALE_GEOMETRY
19	333	237	0.09024502471771241	DESCRIPTIVE_ONLY_OBSERVER_SCALE_GEOMETRY
19	334	237	-0.14945143789207962	DESCRIPTIVE_ONLY_OBSERVER_SCALE_GEOMETRY
19	335	237	-0.01805271066027376	DESCRIPTIVE_ONLY_OBSERVER_SCALE_GEOMETRY
19	336	237	-0.08936962239235875	DESCRIPTIVE_ONLY_OBSERVER_SCALE_GEOMETRY
19	337	237	0.004835106725985165	DESCRIPTIVE_ONLY_OBSERVER_SCALE_GEOMETRY
19	338	237	-0.06407031251690494	DESCRIPTIVE_ONLY_OBSERVER_SCALE_GEOMETRY
19	339	237	-0.12716403758588704	DESCRIPTIVE_ONLY_OBSERVER_SCALE_GEOMETRY
19	340	237	-0.002479124646777448	DESCRIPTIVE_ONLY_OBSERVER_SCALE_GEOMETRY
19	341	237	-0.08522686383295697	DESCRIPTIVE_ONLY_OBSERVER_SCALE_GEOMETRY
19	342	237	0.007687655987283042	DESCRIPTIVE_ONLY_OBSERVER_SCALE_GEOMETRY
19	343	237	-0.04418255209699237	DESCRIPTIVE_ONLY_OBSERVER_SCALE_GEOMETRY
19	344	236	-0.12202622372757067	DESCRIPTIVE_ONLY_OBSERVER_SCALE_GEOMETRY
19	345	236	-0.06499829599730049	DESCRIPTIVE_ONLY_OBSERVER_SCALE_GEOMETRY
19	346	236	-0.008144791125715688	DESCRIPTIVE_ONLY_OBSERVER_SCALE_GEOMETRY
19	347	236	-0.09212458507302836	DESCRIPTIVE_ONLY_OBSERVER_SCALE_GEOMETRY
19	348	236	0.0522109987687802	DESCRIPTIVE_ONLY_OBSERVER_SCALE_GEOMETRY
19	349	236	-0.17058107952794005	DESCRIPTIVE_ONLY_OBSERVER_SCALE_GEOMETRY
19	350	236	-0.02809049659209476	DESCRIPTIVE_ONLY_OBSERVER_SCALE_GEOMETRY
19	351	236	0.03426516574181718	DESCRIPTIVE_ONLY_OBSERVER_SCALE_GEOMETRY
19	352	236	-0.08786163771550212	DESCRIPTIVE_ONLY_OBSERVER_SCALE_GEOMETRY
19	353	236	-0.16521263667357775	DESCRIPTIVE_ONLY_OBSERVER_SCALE_GEOMETRY
19	354	235	0.10349095329434596	DESCRIPTIVE_ONLY_OBSERVER_SCALE_GEOMETRY
19	355	235	-0.1408814412796296	DESCRIPTIVE_ONLY_OBSERVER_SCALE_GEOMETRY
19	356	235	0.013349809028002911	DESCRIPTIVE_ONLY_OBSERVER_SCALE_GEOMETRY
19	357	235	-0.17081951649068086	DESCRIPTIVE_ONLY_OBSERVER_SCALE_GEOMETRY
19	358	235	0.07956197485587624	DESCRIPTIVE_ONLY_OBSERVER_SCALE_GEOMETRY
19	359	235	-0.12111411514299751	DESCRIPTIVE_ONLY_OBSERVER_SCALE_GEOMETRY
19	360	235	-0.0697414019828893	DESCRIPTIVE_ONLY_OBSERVER_SCALE_GEOMETRY
19	361	235	-0.019149811326387607	DESCRIPTIVE_ONLY_OBSERVER_SCALE_GEOMETRY
19	362	235	-0.032213561394105014	DESCRIPTIVE_ONLY_OBSERVER_SCALE_GEOMETRY
19	363	235	-0.08508417794385298	DESCRIPTIVE_ONLY_OBSERVER_SCALE_GEOMETRY
19	364	235	3.946532271452578	DESCRIPTIVE_ONLY_OBSERVER_SCALE_GEOMETRY
19	365	235	-4.136871690639409	DESCRIPTIVE_ONLY_OBSERVER_SCALE_GEOMETRY
19	366	235	0.12396430934213815	DESCRIPTIVE_ONLY_OBSERVER_SCALE_GEOMETRY
19	367	235	-0.2286649775859312	DESCRIPTIVE_ONLY_OBSERVER_SCALE_GEOMETRY
19	368	235	0.07812236496073499	DESCRIPTIVE_ONLY_OBSERVER_SCALE_GEOMETRY
19	369	235	-0.08535179424886456	DESCRIPTIVE_ONLY_OBSERVER_SCALE_GEOMETRY
19	370	235	-0.059127333201107656	DESCRIPTIVE_ONLY_OBSERVER_SCALE_GEOMETRY
20	1	257	-0.5083096981552447	DESCRIPTIVE_ONLY_OBSERVER_SCALE_GEOMETRY
20	2	257	-0.14108518366611103	DESCRIPTIVE_ONLY_OBSERVER_SCALE_GEOMETRY
20	3	257	2.793277240727563	DESCRIPTIVE_ONLY_OBSERVER_SCALE_GEOMETRY
20	4	257	-2.180606604825467	DESCRIPTIVE_ONLY_OBSERVER_SCALE_GEOMETRY
20	5	257	-0.0005852754646527924	DESCRIPTIVE_ONLY_OBSERVER_SCALE_GEOMETRY
20	6	257	0.09430328442119042	DESCRIPTIVE_ONLY_OBSERVER_SCALE_GEOMETRY
20	7	257	0.046253702536932714	DESCRIPTIVE_ONLY_OBSERVER_SCALE_GEOMETRY
20	8	257	0.09891217393057768	DESCRIPTIVE_ONLY_OBSERVER_SCALE_GEOMETRY
20	9	257	0.040554843616789515	DESCRIPTIVE_ONLY_OBSERVER_SCALE_GEOMETRY
20	10	257	0.05019005315426006	DESCRIPTIVE_ONLY_OBSERVER_SCALE_GEOMETRY
20	11	257	0.0662885673973143	DESCRIPTIVE_ONLY_OBSERVER_SCALE_GEOMETRY
20	12	257	0.03782210475150543	DESCRIPTIVE_ONLY_OBSERVER_SCALE_GEOMETRY
20	13	257	0.09214963874058484	DESCRIPTIVE_ONLY_OBSERVER_SCALE_GEOMETRY
20	14	256	0.03167492375316636	DESCRIPTIVE_ONLY_OBSERVER_SCALE_GEOMETRY
20	15	256	0.0738209463206193	DESCRIPTIVE_ONLY_OBSERVER_SCALE_GEOMETRY
20	16	255	0.10346330684878541	DESCRIPTIVE_ONLY_OBSERVER_SCALE_GEOMETRY
20	17	255	-0.015767239185472445	DESCRIPTIVE_ONLY_OBSERVER_SCALE_GEOMETRY
20	18	255	0.08713489107925478	DESCRIPTIVE_ONLY_OBSERVER_SCALE_GEOMETRY
20	19	255	0.06990302478269278	DESCRIPTIVE_ONLY_OBSERVER_SCALE_GEOMETRY
20	20	255	2.9744686811315986	DESCRIPTIVE_ONLY_OBSERVER_SCALE_GEOMETRY
20	21	255	-2.9645458259130097	DESCRIPTIVE_ONLY_OBSERVER_SCALE_GEOMETRY
20	22	255	0.1513930632769048	DESCRIPTIVE_ONLY_OBSERVER_SCALE_GEOMETRY
20	23	255	0.09116593451802754	DESCRIPTIVE_ONLY_OBSERVER_SCALE_GEOMETRY
20	24	255	0.018316387651822	DESCRIPTIVE_ONLY_OBSERVER_SCALE_GEOMETRY
20	25	255	0.11491676345927326	DESCRIPTIVE_ONLY_OBSERVER_SCALE_GEOMETRY
20	26	255	8.349612486038296	DESCRIPTIVE_ONLY_OBSERVER_SCALE_GEOMETRY
20	27	255	-7.192745288942982	DESCRIPTIVE_ONLY_OBSERVER_SCALE_GEOMETRY
20	28	255	-1.1930421106299078	DESCRIPTIVE_ONLY_OBSERVER_SCALE_GEOMETRY
20	29	255	-0.04303735242552628	DESCRIPTIVE_ONLY_OBSERVER_SCALE_GEOMETRY
20	30	255	0.01923890177617819	DESCRIPTIVE_ONLY_OBSERVER_SCALE_GEOMETRY
20	31	255	0.3686443577373632	DESCRIPTIVE_ONLY_OBSERVER_SCALE_GEOMETRY
20	32	254	0.17666809982493922	DESCRIPTIVE_ONLY_OBSERVER_SCALE_GEOMETRY
20	33	254	0.004228380040933139	DESCRIPTIVE_ONLY_OBSERVER_SCALE_GEOMETRY
20	34	254	0.06129349213328205	DESCRIPTIVE_ONLY_OBSERVER_SCALE_GEOMETRY
20	35	254	0.06548997498357809	DESCRIPTIVE_ONLY_OBSERVER_SCALE_GEOMETRY
20	36	254	0.061909551679795526	DESCRIPTIVE_ONLY_OBSERVER_SCALE_GEOMETRY
20	37	254	-0.006448275415871168	DESCRIPTIVE_ONLY_OBSERVER_SCALE_GEOMETRY
20	38	254	0.1441771014870689	DESCRIPTIVE_ONLY_OBSERVER_SCALE_GEOMETRY
20	39	254	0.08458513147285161	DESCRIPTIVE_ONLY_OBSERVER_SCALE_GEOMETRY
20	40	254	0.018040932467614818	DESCRIPTIVE_ONLY_OBSERVER_SCALE_GEOMETRY
20	41	254	0.026057291805926135	DESCRIPTIVE_ONLY_OBSERVER_SCALE_GEOMETRY
20	42	254	0.15123099016626945	DESCRIPTIVE_ONLY_OBSERVER_SCALE_GEOMETRY
20	43	254	-0.007706065671827566	DESCRIPTIVE_ONLY_OBSERVER_SCALE_GEOMETRY
20	44	254	0.13542463381133085	DESCRIPTIVE_ONLY_OBSERVER_SCALE_GEOMETRY
20	45	253	0.013301716855510298	DESCRIPTIVE_ONLY_OBSERVER_SCALE_GEOMETRY
20	46	253	0.0803389708180444	DESCRIPTIVE_ONLY_OBSERVER_SCALE_GEOMETRY
20	47	253	0.04982915310611395	DESCRIPTIVE_ONLY_OBSERVER_SCALE_GEOMETRY
20	48	253	0.06943987188953439	DESCRIPTIVE_ONLY_OBSERVER_SCALE_GEOMETRY
20	49	253	0.06177260243491893	DESCRIPTIVE_ONLY_OBSERVER_SCALE_GEOMETRY
20	50	253	0.08847336527173841	DESCRIPTIVE_ONLY_OBSERVER_SCALE_GEOMETRY
20	51	253	0.016540001004128224	DESCRIPTIVE_ONLY_OBSERVER_SCALE_GEOMETRY
20	52	253	0.1227688253833093	DESCRIPTIVE_ONLY_OBSERVER_SCALE_GEOMETRY
20	53	253	0.011951455371910925	DESCRIPTIVE_ONLY_OBSERVER_SCALE_GEOMETRY
20	54	253	0.0572066652591285	DESCRIPTIVE_ONLY_OBSERVER_SCALE_GEOMETRY
20	55	253	0.07210008655997337	DESCRIPTIVE_ONLY_OBSERVER_SCALE_GEOMETRY
20	56	253	0.018325797363836317	DESCRIPTIVE_ONLY_OBSERVER_SCALE_GEOMETRY
20	57	253	0.09473849621438207	DESCRIPTIVE_ONLY_OBSERVER_SCALE_GEOMETRY
20	58	253	0.06686059124877065	DESCRIPTIVE_ONLY_OBSERVER_SCALE_GEOMETRY
20	59	253	0.09478452787809985	DESCRIPTIVE_ONLY_OBSERVER_SCALE_GEOMETRY
20	60	253	-0.03638237756538349	DESCRIPTIVE_ONLY_OBSERVER_SCALE_GEOMETRY
20	61	253	-1.2180527881779668	DESCRIPTIVE_ONLY_OBSERVER_SCALE_GEOMETRY
20	62	253	3.1327759722141284	DESCRIPTIVE_ONLY_OBSERVER_SCALE_GEOMETRY
20	63	253	-5.278924249230779	DESCRIPTIVE_ONLY_OBSERVER_SCALE_GEOMETRY
20	64	252	2.6303200380114427	DESCRIPTIVE_ONLY_OBSERVER_SCALE_GEOMETRY
20	65	252	1.116842377148377	DESCRIPTIVE_ONLY_OBSERVER_SCALE_GEOMETRY
20	66	252	0.08136832938119772	DESCRIPTIVE_ONLY_OBSERVER_SCALE_GEOMETRY
20	67	252	-0.036429994093958355	DESCRIPTIVE_ONLY_OBSERVER_SCALE_GEOMETRY
20	68	252	0.16644237310776824	DESCRIPTIVE_ONLY_OBSERVER_SCALE_GEOMETRY
20	69	252	0.012218216676550962	DESCRIPTIVE_ONLY_OBSERVER_SCALE_GEOMETRY
20	70	252	0.051340983485840486	DESCRIPTIVE_ONLY_OBSERVER_SCALE_GEOMETRY
20	71	252	0.09576033375792814	DESCRIPTIVE_ONLY_OBSERVER_SCALE_GEOMETRY
20	72	252	0.029045549348159297	DESCRIPTIVE_ONLY_OBSERVER_SCALE_GEOMETRY
20	73	252	0.11431494036403592	DESCRIPTIVE_ONLY_OBSERVER_SCALE_GEOMETRY
20	74	252	0.0006766940960587784	DESCRIPTIVE_ONLY_OBSERVER_SCALE_GEOMETRY
20	75	252	0.050931920751727734	DESCRIPTIVE_ONLY_OBSERVER_SCALE_GEOMETRY
20	76	252	0.08349358113250711	DESCRIPTIVE_ONLY_OBSERVER_SCALE_GEOMETRY
20	77	252	0.07722224615178931	DESCRIPTIVE_ONLY_OBSERVER_SCALE_GEOMETRY
20	78	252	0.027196825413691065	DESCRIPTIVE_ONLY_OBSERVER_SCALE_GEOMETRY
20	79	252	0.10230307502376437	DESCRIPTIVE_ONLY_OBSERVER_SCALE_GEOMETRY
20	80	252	0.03178722835128902	DESCRIPTIVE_ONLY_OBSERVER_SCALE_GEOMETRY
20	81	252	0.11809425886770317	DESCRIPTIVE_ONLY_OBSERVER_SCALE_GEOMETRY
20	82	252	0.042532344768915036	DESCRIPTIVE_ONLY_OBSERVER_SCALE_GEOMETRY
20	83	252	0.015498275756470292	DESCRIPTIVE_ONLY_OBSERVER_SCALE_GEOMETRY
20	84	252	0.07513578241289734	DESCRIPTIVE_ONLY_OBSERVER_SCALE_GEOMETRY
20	85	252	0.09661768226260142	DESCRIPTIVE_ONLY_OBSERVER_SCALE_GEOMETRY
20	86	252	-0.05259554029698078	DESCRIPTIVE_ONLY_OBSERVER_SCALE_GEOMETRY
20	87	252	2.0268617149150314	DESCRIPTIVE_ONLY_OBSERVER_SCALE_GEOMETRY
20	88	252	-1.796617552018727	DESCRIPTIVE_ONLY_OBSERVER_SCALE_GEOMETRY
20	89	252	0.07142925680824204	DESCRIPTIVE_ONLY_OBSERVER_SCALE_GEOMETRY
20	90	252	0.031467644756387164	DESCRIPTIVE_ONLY_OBSERVER_SCALE_GEOMETRY
20	91	252	-0.015765965176170234	DESCRIPTIVE_ONLY_OBSERVER_SCALE_GEOMETRY
20	92	252	0.14319900079788422	DESCRIPTIVE_ONLY_OBSERVER_SCALE_GEOMETRY
20	93	252	0.0463772310366752	DESCRIPTIVE_ONLY_OBSERVER_SCALE_GEOMETRY
20	94	252	0.030447934148846716	DESCRIPTIVE_ONLY_OBSERVER_SCALE_GEOMETRY
20	95	252	0.06601451966332109	DESCRIPTIVE_ONLY_OBSERVER_SCALE_GEOMETRY
20	96	252	0.11748688210313546	DESCRIPTIVE_ONLY_OBSERVER_SCALE_GEOMETRY
20	97	252	0.024941735731410883	DESCRIPTIVE_ONLY_OBSERVER_SCALE_GEOMETRY
20	98	252	0.06058917612621793	DESCRIPTIVE_ONLY_OBSERVER_SCALE_GEOMETRY
20	99	252	0.0862241871471709	DESCRIPTIVE_ONLY_OBSERVER_SCALE_GEOMETRY
20	100	252	0.09494606643351691	DESCRIPTIVE_ONLY_OBSERVER_SCALE_GEOMETRY
20	101	252	-0.017110646796079484	DESCRIPTIVE_ONLY_OBSERVER_SCALE_GEOMETRY
20	102	252	0.09952379624258047	DESCRIPTIVE_ONLY_OBSERVER_SCALE_GEOMETRY
20	103	252	0.09943240069614952	DESCRIPTIVE_ONLY_OBSERVER_SCALE_GEOMETRY
20	104	252	-0.0058795089522040885	DESCRIPTIVE_ONLY_OBSERVER_SCALE_GEOMETRY
20	105	252	0.0920006412732833	DESCRIPTIVE_ONLY_OBSERVER_SCALE_GEOMETRY
20	106	252	0.029730757534061767	DESCRIPTIVE_ONLY_OBSERVER_SCALE_GEOMETRY
20	107	252	0.10113879795337315	DESCRIPTIVE_ONLY_OBSERVER_SCALE_GEOMETRY
20	108	252	0.11238413038739169	DESCRIPTIVE_ONLY_OBSERVER_SCALE_GEOMETRY
20	109	252	-0.038463308030335784	DESCRIPTIVE_ONLY_OBSERVER_SCALE_GEOMETRY
20	110	251	0.108560582288996	DESCRIPTIVE_ONLY_OBSERVER_SCALE_GEOMETRY
20	111	251	0.1024137758653774	DESCRIPTIVE_ONLY_OBSERVER_SCALE_GEOMETRY
20	112	251	0.07198435684973783	DESCRIPTIVE_ONLY_OBSERVER_SCALE_GEOMETRY
20	113	251	0.02919013621861594	DESCRIPTIVE_ONLY_OBSERVER_SCALE_GEOMETRY
20	114	251	0.05424961572339497	DESCRIPTIVE_ONLY_OBSERVER_SCALE_GEOMETRY
20	115	251	0.20763296177040863	DESCRIPTIVE_ONLY_OBSERVER_SCALE_GEOMETRY
20	116	251	-0.04138168197603284	DESCRIPTIVE_ONLY_OBSERVER_SCALE_GEOMETRY
20	117	251	0.10992356120403708	DESCRIPTIVE_ONLY_OBSERVER_SCALE_GEOMETRY
20	118	251	0.08082230869319852	DESCRIPTIVE_ONLY_OBSERVER_SCALE_GEOMETRY
20	119	250	0.045327710291622844	DESCRIPTIVE_ONLY_OBSERVER_SCALE_GEOMETRY
20	120	250	0.14859161306254473	DESCRIPTIVE_ONLY_OBSERVER_SCALE_GEOMETRY
20	121	250	0.4916061733124935	DESCRIPTIVE_ONLY_OBSERVER_SCALE_GEOMETRY
20	122	250	-0.36150413052300956	DESCRIPTIVE_ONLY_OBSERVER_SCALE_GEOMETRY
20	123	250	2.4069358607182894	DESCRIPTIVE_ONLY_OBSERVER_SCALE_GEOMETRY
20	124	250	-2.0833473000783473	DESCRIPTIVE_ONLY_OBSERVER_SCALE_GEOMETRY
20	125	250	-0.07232539661260895	DESCRIPTIVE_ONLY_OBSERVER_SCALE_GEOMETRY
20	126	250	-0.021232180855038744	DESCRIPTIVE_ONLY_OBSERVER_SCALE_GEOMETRY
20	127	250	0.13658661471599212	DESCRIPTIVE_ONLY_OBSERVER_SCALE_GEOMETRY
20	128	250	0.13559384014135767	DESCRIPTIVE_ONLY_OBSERVER_SCALE_GEOMETRY
20	129	250	-0.10473292401979041	DESCRIPTIVE_ONLY_OBSERVER_SCALE_GEOMETRY
20	130	250	0.4017942431302293	DESCRIPTIVE_ONLY_OBSERVER_SCALE_GEOMETRY
20	131	249	-0.026675442291722643	DESCRIPTIVE_ONLY_OBSERVER_SCALE_GEOMETRY
20	132	249	-0.28374668001214615	DESCRIPTIVE_ONLY_OBSERVER_SCALE_GEOMETRY
20	133	249	0.1683829918157618	DESCRIPTIVE_ONLY_OBSERVER_SCALE_GEOMETRY
20	134	249	0.12541764145015552	DESCRIPTIVE_ONLY_OBSERVER_SCALE_GEOMETRY
20	135	249	0.08925129691531489	DESCRIPTIVE_ONLY_OBSERVER_SCALE_GEOMETRY
20	136	249	0.011048882011313306	DESCRIPTIVE_ONLY_OBSERVER_SCALE_GEOMETRY
20	137	249	0.11376667084074493	DESCRIPTIVE_ONLY_OBSERVER_SCALE_GEOMETRY
20	138	249	0.04407678902701528	DESCRIPTIVE_ONLY_OBSERVER_SCALE_GEOMETRY
20	139	249	0.08093611828092095	DESCRIPTIVE_ONLY_OBSERVER_SCALE_GEOMETRY
20	140	249	1.1659613191523164	DESCRIPTIVE_ONLY_OBSERVER_SCALE_GEOMETRY
20	141	249	-1.0257535428657742	DESCRIPTIVE_ONLY_OBSERVER_SCALE_GEOMETRY
20	142	248	0.08631910302656826	DESCRIPTIVE_ONLY_OBSERVER_SCALE_GEOMETRY
20	143	248	0.07089112036856217	DESCRIPTIVE_ONLY_OBSERVER_SCALE_GEOMETRY
20	144	248	0.053255305358642084	DESCRIPTIVE_ONLY_OBSERVER_SCALE_GEOMETRY
20	145	248	0.06075271828008371	DESCRIPTIVE_ONLY_OBSERVER_SCALE_GEOMETRY
20	146	248	0.06942858331456953	DESCRIPTIVE_ONLY_OBSERVER_SCALE_GEOMETRY
20	147	248	-0.09172867739874437	DESCRIPTIVE_ONLY_OBSERVER_SCALE_GEOMETRY
20	148	248	0.1399982535043899	DESCRIPTIVE_ONLY_OBSERVER_SCALE_GEOMETRY
20	149	248	0.09563005620434792	DESCRIPTIVE_ONLY_OBSERVER_SCALE_GEOMETRY
20	150	248	0.22532302473062887	DESCRIPTIVE_ONLY_OBSERVER_SCALE_GEOMETRY
20	151	248	0.09447456007395401	DESCRIPTIVE_ONLY_OBSERVER_SCALE_GEOMETRY
20	152	248	-0.040600220263830256	DESCRIPTIVE_ONLY_OBSERVER_SCALE_GEOMETRY
20	153	248	0.05271675876568237	DESCRIPTIVE_ONLY_OBSERVER_SCALE_GEOMETRY
20	154	248	0.12536130571307091	DESCRIPTIVE_ONLY_OBSERVER_SCALE_GEOMETRY
20	155	248	0.032876276049449746	DESCRIPTIVE_ONLY_OBSERVER_SCALE_GEOMETRY
20	156	248	0.10613690814602303	DESCRIPTIVE_ONLY_OBSERVER_SCALE_GEOMETRY
20	157	248	0.008070694188553931	DESCRIPTIVE_ONLY_OBSERVER_SCALE_GEOMETRY
20	158	248	0.0831651593288499	DESCRIPTIVE_ONLY_OBSERVER_SCALE_GEOMETRY
20	159	248	0.07164599339979816	DESCRIPTIVE_ONLY_OBSERVER_SCALE_GEOMETRY
20	160	248	0.10851496099153364	DESCRIPTIVE_ONLY_OBSERVER_SCALE_GEOMETRY
20	161	248	0.03643133210455994	DESCRIPTIVE_ONLY_OBSERVER_SCALE_GEOMETRY
20	162	248	0.04530556043914977	DESCRIPTIVE_ONLY_OBSERVER_SCALE_GEOMETRY
20	163	248	0.12901915581403214	DESCRIPTIVE_ONLY_OBSERVER_SCALE_GEOMETRY
20	164	248	0.0610504869304992	DESCRIPTIVE_ONLY_OBSERVER_SCALE_GEOMETRY
20	165	248	-0.02679324158834416	DESCRIPTIVE_ONLY_OBSERVER_SCALE_GEOMETRY
20	166	248	0.1498050640251749	DESCRIPTIVE_ONLY_OBSERVER_SCALE_GEOMETRY
20	167	248	0.09634097765268088	DESCRIPTIVE_ONLY_OBSERVER_SCALE_GEOMETRY
20	168	248	0.02454580307287308	DESCRIPTIVE_ONLY_OBSERVER_SCALE_GEOMETRY
20	169	248	0.14386745279604563	DESCRIPTIVE_ONLY_OBSERVER_SCALE_GEOMETRY
20	170	248	0.024821547611608926	DESCRIPTIVE_ONLY_OBSERVER_SCALE_GEOMETRY
20	171	248	0.11960298057200071	DESCRIPTIVE_ONLY_OBSERVER_SCALE_GEOMETRY
20	172	248	0.06611932789173673	DESCRIPTIVE_ONLY_OBSERVER_SCALE_GEOMETRY
20	173	248	0.034726792359784306	DESCRIPTIVE_ONLY_OBSERVER_SCALE_GEOMETRY
20	174	248	0.12116555081805659	DESCRIPTIVE_ONLY_OBSERVER_SCALE_GEOMETRY
20	175	248	0.08851296249947642	DESCRIPTIVE_ONLY_OBSERVER_SCALE_GEOMETRY
20	176	248	0.09555584009050472	DESCRIPTIVE_ONLY_OBSERVER_SCALE_GEOMETRY
20	177	248	0.07550211276979579	DESCRIPTIVE_ONLY_OBSERVER_SCALE_GEOMETRY
20	178	248	0.08808362064393292	DESCRIPTIVE_ONLY_OBSERVER_SCALE_GEOMETRY
20	179	248	0.05014723704574752	DESCRIPTIVE_ONLY_OBSERVER_SCALE_GEOMETRY
20	180	248	0.12803872426388638	DESCRIPTIVE_ONLY_OBSERVER_SCALE_GEOMETRY
20	181	247	1.3878577211462388	DESCRIPTIVE_ONLY_OBSERVER_SCALE_GEOMETRY
20	182	247	-5.272666778953301	DESCRIPTIVE_ONLY_OBSERVER_SCALE_GEOMETRY
20	183	247	4.4042419965447905	DESCRIPTIVE_ONLY_OBSERVER_SCALE_GEOMETRY
20	184	247	-0.013387728757951975	DESCRIPTIVE_ONLY_OBSERVER_SCALE_GEOMETRY
20	185	247	-0.07880306906743907	DESCRIPTIVE_ONLY_OBSERVER_SCALE_GEOMETRY
20	186	247	-0.1703081502229018	DESCRIPTIVE_ONLY_OBSERVER_SCALE_GEOMETRY
20	187	247	-0.29793601521540164	DESCRIPTIVE_ONLY_OBSERVER_SCALE_GEOMETRY
20	188	247	0.7717375673444521	DESCRIPTIVE_ONLY_OBSERVER_SCALE_GEOMETRY
20	189	247	0.21435615797215785	DESCRIPTIVE_ONLY_OBSERVER_SCALE_GEOMETRY
20	190	247	-0.3149498279012077	DESCRIPTIVE_ONLY_OBSERVER_SCALE_GEOMETRY
20	191	247	0.2969119668938511	DESCRIPTIVE_ONLY_OBSERVER_SCALE_GEOMETRY
20	192	247	0.06458808322938896	DESCRIPTIVE_ONLY_OBSERVER_SCALE_GEOMETRY
20	193	247	0.09499637043138984	DESCRIPTIVE_ONLY_OBSERVER_SCALE_GEOMETRY
20	194	247	0.09859125551502364	DESCRIPTIVE_ONLY_OBSERVER_SCALE_GEOMETRY
20	195	246	0.11664180322688067	DESCRIPTIVE_ONLY_OBSERVER_SCALE_GEOMETRY
20	196	246	0.05890719590315626	DESCRIPTIVE_ONLY_OBSERVER_SCALE_GEOMETRY
20	197	246	0.06317336477464583	DESCRIPTIVE_ONLY_OBSERVER_SCALE_GEOMETRY
20	198	246	0.07546925692935538	DESCRIPTIVE_ONLY_OBSERVER_SCALE_GEOMETRY
20	199	246	0.05782218420546579	DESCRIPTIVE_ONLY_OBSERVER_SCALE_GEOMETRY
20	200	246	0.05351740210788175	DESCRIPTIVE_ONLY_OBSERVER_SCALE_GEOMETRY
20	201	246	0.2750979211970916	DESCRIPTIVE_ONLY_OBSERVER_SCALE_GEOMETRY
20	202	246	-0.029576835037500065	DESCRIPTIVE_ONLY_OBSERVER_SCALE_GEOMETRY
20	203	246	0.1381929081736353	DESCRIPTIVE_ONLY_OBSERVER_SCALE_GEOMETRY
20	204	246	0.0331053138249794	DESCRIPTIVE_ONLY_OBSERVER_SCALE_GEOMETRY
20	205	246	0.04865562717478205	DESCRIPTIVE_ONLY_OBSERVER_SCALE_GEOMETRY
20	206	246	0.18668792330827313	DESCRIPTIVE_ONLY_OBSERVER_SCALE_GEOMETRY
20	207	246	-0.01976277126965986	DESCRIPTIVE_ONLY_OBSERVER_SCALE_GEOMETRY
20	208	246	0.17941897716586683	DESCRIPTIVE_ONLY_OBSERVER_SCALE_GEOMETRY
20	209	246	-0.004211762019242202	DESCRIPTIVE_ONLY_OBSERVER_SCALE_GEOMETRY
20	210	246	0.11830999220136791	DESCRIPTIVE_ONLY_OBSERVER_SCALE_GEOMETRY
20	211	246	0.15355420268756007	DESCRIPTIVE_ONLY_OBSERVER_SCALE_GEOMETRY
20	212	246	-0.01298010319132187	DESCRIPTIVE_ONLY_OBSERVER_SCALE_GEOMETRY
20	213	246	0.14625174053765816	DESCRIPTIVE_ONLY_OBSERVER_SCALE_GEOMETRY
20	214	246	0.0671504242991451	DESCRIPTIVE_ONLY_OBSERVER_SCALE_GEOMETRY
20	215	246	0.06338449411312845	DESCRIPTIVE_ONLY_OBSERVER_SCALE_GEOMETRY
20	216	246	0.22179747559278537	DESCRIPTIVE_ONLY_OBSERVER_SCALE_GEOMETRY
20	217	246	-0.06289164138377432	DESCRIPTIVE_ONLY_OBSERVER_SCALE_GEOMETRY
20	218	246	0.04294809754037225	DESCRIPTIVE_ONLY_OBSERVER_SCALE_GEOMETRY
20	219	246	0.1825362545426562	DESCRIPTIVE_ONLY_OBSERVER_SCALE_GEOMETRY
20	220	246	0.14500840057044304	DESCRIPTIVE_ONLY_OBSERVER_SCALE_GEOMETRY
20	221	246	-0.06820269902502314	DESCRIPTIVE_ONLY_OBSERVER_SCALE_GEOMETRY
20	222	246	0.16274659727866977	DESCRIPTIVE_ONLY_OBSERVER_SCALE_GEOMETRY
20	223	246	0.09915655053849703	DESCRIPTIVE_ONLY_OBSERVER_SCALE_GEOMETRY
20	224	246	0.09367840953961683	DESCRIPTIVE_ONLY_OBSERVER_SCALE_GEOMETRY
20	225	246	0.04571780699395102	DESCRIPTIVE_ONLY_OBSERVER_SCALE_GEOMETRY
20	226	246	0.17852589150438802	DESCRIPTIVE_ONLY_OBSERVER_SCALE_GEOMETRY
20	227	246	0.074072313592115	DESCRIPTIVE_ONLY_OBSERVER_SCALE_GEOMETRY
20	228	246	0.007653631791105299	DESCRIPTIVE_ONLY_OBSERVER_SCALE_GEOMETRY
20	229	246	0.02910640910583595	DESCRIPTIVE_ONLY_OBSERVER_SCALE_GEOMETRY
20	230	246	0.2080340564316739	DESCRIPTIVE_ONLY_OBSERVER_SCALE_GEOMETRY
20	231	246	0.026776891680230855	DESCRIPTIVE_ONLY_OBSERVER_SCALE_GEOMETRY
20	232	246	0.03261215192483248	DESCRIPTIVE_ONLY_OBSERVER_SCALE_GEOMETRY
20	233	246	0.2340248700482092	DESCRIPTIVE_ONLY_OBSERVER_SCALE_GEOMETRY
20	234	246	-0.028446314337659033	DESCRIPTIVE_ONLY_OBSERVER_SCALE_GEOMETRY
20	235	246	0.13667094336862276	DESCRIPTIVE_ONLY_OBSERVER_SCALE_GEOMETRY
20	236	246	0.08518625226354257	DESCRIPTIVE_ONLY_OBSERVER_SCALE_GEOMETRY
20	237	246	0.09929244241704818	DESCRIPTIVE_ONLY_OBSERVER_SCALE_GEOMETRY
20	238	246	0.03081303727123435	DESCRIPTIVE_ONLY_OBSERVER_SCALE_GEOMETRY
20	239	246	0.12786384349212318	DESCRIPTIVE_ONLY_OBSERVER_SCALE_GEOMETRY
20	240	246	0.024416524300922986	DESCRIPTIVE_ONLY_OBSERVER_SCALE_GEOMETRY
20	241	246	0.22499693072884414	DESCRIPTIVE_ONLY_OBSERVER_SCALE_GEOMETRY
20	242	246	-0.03456910977821	DESCRIPTIVE_ONLY_OBSERVER_SCALE_GEOMETRY
20	243	246	-2.213683282540689	DESCRIPTIVE_ONLY_OBSERVER_SCALE_GEOMETRY
20	244	246	3.1311995126213743	DESCRIPTIVE_ONLY_OBSERVER_SCALE_GEOMETRY
20	245	246	-0.5365928794736184	DESCRIPTIVE_ONLY_OBSERVER_SCALE_GEOMETRY
20	246	245	0.2660660700661497	DESCRIPTIVE_ONLY_OBSERVER_SCALE_GEOMETRY
20	247	245	0.0357055498578608	DESCRIPTIVE_ONLY_OBSERVER_SCALE_GEOMETRY
20	248	245	-0.1291139606470471	DESCRIPTIVE_ONLY_OBSERVER_SCALE_GEOMETRY
20	249	245	0.04590842495161692	DESCRIPTIVE_ONLY_OBSERVER_SCALE_GEOMETRY
20	250	245	0.1553184743497903	DESCRIPTIVE_ONLY_OBSERVER_SCALE_GEOMETRY
20	251	245	0.005231969585083724	DESCRIPTIVE_ONLY_OBSERVER_SCALE_GEOMETRY
20	252	245	0.18803924538301164	DESCRIPTIVE_ONLY_OBSERVER_SCALE_GEOMETRY
20	253	245	-0.0006808817267573181	DESCRIPTIVE_ONLY_OBSERVER_SCALE_GEOMETRY
20	254	245	0.1268710799650839	DESCRIPTIVE_ONLY_OBSERVER_SCALE_GEOMETRY
20	255	245	0.09258897744774719	DESCRIPTIVE_ONLY_OBSERVER_SCALE_GEOMETRY
20	256	245	0.035315281913265495	DESCRIPTIVE_ONLY_OBSERVER_SCALE_GEOMETRY
20	257	245	0.18150176014069047	DESCRIPTIVE_ONLY_OBSERVER_SCALE_GEOMETRY
20	258	244	-0.03537933705553956	DESCRIPTIVE_ONLY_OBSERVER_SCALE_GEOMETRY
20	259	244	0.19772288346338238	DESCRIPTIVE_ONLY_OBSERVER_SCALE_GEOMETRY
20	260	243	0.5753104614096223	DESCRIPTIVE_ONLY_OBSERVER_SCALE_GEOMETRY
20	261	243	-0.3438247664866822	DESCRIPTIVE_ONLY_OBSERVER_SCALE_GEOMETRY
20	262	242	-0.07449241671643866	DESCRIPTIVE_ONLY_OBSERVER_SCALE_GEOMETRY
20	263	242	0.229037895793984	DESCRIPTIVE_ONLY_OBSERVER_SCALE_GEOMETRY
20	264	242	-0.11340057109584399	DESCRIPTIVE_ONLY_OBSERVER_SCALE_GEOMETRY
20	265	242	0.2767605939651856	DESCRIPTIVE_ONLY_OBSERVER_SCALE_GEOMETRY
20	266	242	-0.030503615205503196	DESCRIPTIVE_ONLY_OBSERVER_SCALE_GEOMETRY
20	267	242	0.1763614057888127	DESCRIPTIVE_ONLY_OBSERVER_SCALE_GEOMETRY
20	268	242	-0.0055098767311031385	DESCRIPTIVE_ONLY_OBSERVER_SCALE_GEOMETRY
20	269	242	0.1309212396753785	DESCRIPTIVE_ONLY_OBSERVER_SCALE_GEOMETRY
20	270	242	0.11115461513428622	DESCRIPTIVE_ONLY_OBSERVER_SCALE_GEOMETRY
20	271	242	0.13141546067958665	DESCRIPTIVE_ONLY_OBSERVER_SCALE_GEOMETRY
20	272	242	0.015953815771563355	DESCRIPTIVE_ONLY_OBSERVER_SCALE_GEOMETRY
20	273	242	0.13039650702748012	DESCRIPTIVE_ONLY_OBSERVER_SCALE_GEOMETRY
20	274	242	0.02481443913596461	DESCRIPTIVE_ONLY_OBSERVER_SCALE_GEOMETRY
20	275	242	0.13753205047096878	DESCRIPTIVE_ONLY_OBSERVER_SCALE_GEOMETRY
20	276	242	0.049805240784911525	DESCRIPTIVE_ONLY_OBSERVER_SCALE_GEOMETRY
20	277	242	0.13247592976793907	DESCRIPTIVE_ONLY_OBSERVER_SCALE_GEOMETRY
20	278	242	0.014418187887038492	DESCRIPTIVE_ONLY_OBSERVER_SCALE_GEOMETRY
20	279	242	0.15652364531861493	DESCRIPTIVE_ONLY_OBSERVER_SCALE_GEOMETRY
20	280	242	0.1800581699761536	DESCRIPTIVE_ONLY_OBSERVER_SCALE_GEOMETRY
20	281	242	-0.07425831422130807	DESCRIPTIVE_ONLY_OBSERVER_SCALE_GEOMETRY
20	282	242	0.18713878274331125	DESCRIPTIVE_ONLY_OBSERVER_SCALE_GEOMETRY
20	283	242	0.06521434469905567	DESCRIPTIVE_ONLY_OBSERVER_SCALE_GEOMETRY
20	284	242	0.05053013063099037	DESCRIPTIVE_ONLY_OBSERVER_SCALE_GEOMETRY
20	285	242	0.06423871935606908	DESCRIPTIVE_ONLY_OBSERVER_SCALE_GEOMETRY
20	286	242	0.2090176140901078	DESCRIPTIVE_ONLY_OBSERVER_SCALE_GEOMETRY
20	287	242	0.03668163886622756	DESCRIPTIVE_ONLY_OBSERVER_SCALE_GEOMETRY
20	288	242	0.07580834238960416	DESCRIPTIVE_ONLY_OBSERVER_SCALE_GEOMETRY
20	289	242	0.08731109323423705	DESCRIPTIVE_ONLY_OBSERVER_SCALE_GEOMETRY
20	290	242	0.1638255984897416	DESCRIPTIVE_ONLY_OBSERVER_SCALE_GEOMETRY
20	291	241	-0.0591993619703715	DESCRIPTIVE_ONLY_OBSERVER_SCALE_GEOMETRY
20	292	241	0.2599065483061165	DESCRIPTIVE_ONLY_OBSERVER_SCALE_GEOMETRY
20	293	241	-0.04012616977770858	DESCRIPTIVE_ONLY_OBSERVER_SCALE_GEOMETRY
20	294	241	0.10153547275983973	DESCRIPTIVE_ONLY_OBSERVER_SCALE_GEOMETRY
20	295	241	0.09990233957633075	DESCRIPTIVE_ONLY_OBSERVER_SCALE_GEOMETRY
20	296	241	0.08840049862951044	DESCRIPTIVE_ONLY_OBSERVER_SCALE_GEOMETRY
20	297	241	0.10664203963051169	DESCRIPTIVE_ONLY_OBSERVER_SCALE_GEOMETRY
20	298	241	0.09695707497196099	DESCRIPTIVE_ONLY_OBSERVER_SCALE_GEOMETRY
20	299	241	0.08642645093233997	DESCRIPTIVE_ONLY_OBSERVER_SCALE_GEOMETRY
20	300	240	0.01081681715946364	DESCRIPTIVE_ONLY_OBSERVER_SCALE_GEOMETRY
20	301	240	2.456672721168006	DESCRIPTIVE_ONLY_OBSERVER_SCALE_GEOMETRY
20	302	240	-11.155076612040448	DESCRIPTIVE_ONLY_OBSERVER_SCALE_GEOMETRY
20	303	240	6.8295830672263484	DESCRIPTIVE_ONLY_OBSERVER_SCALE_GEOMETRY
20	304	240	2.4053727834142262	DESCRIPTIVE_ONLY_OBSERVER_SCALE_GEOMETRY
20	305	239	0.3039239539022458	DESCRIPTIVE_ONLY_OBSERVER_SCALE_GEOMETRY
20	306	239	-0.15733349632501328	DESCRIPTIVE_ONLY_OBSERVER_SCALE_GEOMETRY
20	307	239	0.004443422327676278	DESCRIPTIVE_ONLY_OBSERVER_SCALE_GEOMETRY
20	308	239	0.06554071056386755	DESCRIPTIVE_ONLY_OBSERVER_SCALE_GEOMETRY
20	309	239	0.15000493559497416	DESCRIPTIVE_ONLY_OBSERVER_SCALE_GEOMETRY
20	310	239	0.02932804671542994	DESCRIPTIVE_ONLY_OBSERVER_SCALE_GEOMETRY
20	311	239	0.14051930907480842	DESCRIPTIVE_ONLY_OBSERVER_SCALE_GEOMETRY
20	312	239	0.07046195491654628	DESCRIPTIVE_ONLY_OBSERVER_SCALE_GEOMETRY
20	313	239	0.027225963104961975	DESCRIPTIVE_ONLY_OBSERVER_SCALE_GEOMETRY
20	314	239	0.1506163066332148	DESCRIPTIVE_ONLY_OBSERVER_SCALE_GEOMETRY
20	315	239	0.05901592858540315	DESCRIPTIVE_ONLY_OBSERVER_SCALE_GEOMETRY
20	316	239	0.022901023220382725	DESCRIPTIVE_ONLY_OBSERVER_SCALE_GEOMETRY
20	317	239	0.12325660543803998	DESCRIPTIVE_ONLY_OBSERVER_SCALE_GEOMETRY
20	318	239	0.016715860555260396	DESCRIPTIVE_ONLY_OBSERVER_SCALE_GEOMETRY
20	319	238	0.13588979785417465	DESCRIPTIVE_ONLY_OBSERVER_SCALE_GEOMETRY
20	320	237	0.8926456259526416	DESCRIPTIVE_ONLY_OBSERVER_SCALE_GEOMETRY
20	321	237	-0.7360349775110112	DESCRIPTIVE_ONLY_OBSERVER_SCALE_GEOMETRY
20	322	237	0.04529629527572709	DESCRIPTIVE_ONLY_OBSERVER_SCALE_GEOMETRY
20	323	237	0.019462469802963962	DESCRIPTIVE_ONLY_OBSERVER_SCALE_GEOMETRY
20	324	237	0.2053269604942764	DESCRIPTIVE_ONLY_OBSERVER_SCALE_GEOMETRY
20	325	237	0.03406417631566532	DESCRIPTIVE_ONLY_OBSERVER_SCALE_GEOMETRY
20	326	237	0.033908876298410426	DESCRIPTIVE_ONLY_OBSERVER_SCALE_GEOMETRY
20	327	237	0.10052306550738707	DESCRIPTIVE_ONLY_OBSERVER_SCALE_GEOMETRY
20	328	237	0.11690512910334079	DESCRIPTIVE_ONLY_OBSERVER_SCALE_GEOMETRY
20	329	237	-0.005905030728845068	DESCRIPTIVE_ONLY_OBSERVER_SCALE_GEOMETRY
20	330	237	0.17043007924652379	DESCRIPTIVE_ONLY_OBSERVER_SCALE_GEOMETRY
20	331	237	-0.04828053529906382	DESCRIPTIVE_ONLY_OBSERVER_SCALE_GEOMETRY
20	332	237	0.220708056333288	DESCRIPTIVE_ONLY_OBSERVER_SCALE_GEOMETRY
20	333	237	-0.018367348740335163	DESCRIPTIVE_ONLY_OBSERVER_SCALE_GEOMETRY
20	334	237	0.11148717698335449	DESCRIPTIVE_ONLY_OBSERVER_SCALE_GEOMETRY
20	335	237	0.04103997856300962	DESCRIPTIVE_ONLY_OBSERVER_SCALE_GEOMETRY
20	336	237	0.13525656159139857	DESCRIPTIVE_ONLY_OBSERVER_SCALE_GEOMETRY
20	337	237	0.09131665215977887	DESCRIPTIVE_ONLY_OBSERVER_SCALE_GEOMETRY
20	338	237	0.004897142870897707	DESCRIPTIVE_ONLY_OBSERVER_SCALE_GEOMETRY
20	339	237	0.1294907547419295	DESCRIPTIVE_ONLY_OBSERVER_SCALE_GEOMETRY
20	340	237	0.04624405295926971	DESCRIPTIVE_ONLY_OBSERVER_SCALE_GEOMETRY
20	341	237	0.14008046556246043	DESCRIPTIVE_ONLY_OBSERVER_SCALE_GEOMETRY
20	342	237	0.08631381438986975	DESCRIPTIVE_ONLY_OBSERVER_SCALE_GEOMETRY
20	343	236	0.00947217207743078	DESCRIPTIVE_ONLY_OBSERVER_SCALE_GEOMETRY
20	344	236	0.06564150214030334	DESCRIPTIVE_ONLY_OBSERVER_SCALE_GEOMETRY
20	345	236	0.12383572347940636	DESCRIPTIVE_ONLY_OBSERVER_SCALE_GEOMETRY
20	346	236	0.03802654235539767	DESCRIPTIVE_ONLY_OBSERVER_SCALE_GEOMETRY
20	347	236	0.18244645338987076	DESCRIPTIVE_ONLY_OBSERVER_SCALE_GEOMETRY
20	348	236	-0.03847720668518538	DESCRIPTIVE_ONLY_OBSERVER_SCALE_GEOMETRY
20	349	236	0.10348073366363651	DESCRIPTIVE_ONLY_OBSERVER_SCALE_GEOMETRY
20	350	236	0.1655600690637553	DESCRIPTIVE_ONLY_OBSERVER_SCALE_GEOMETRY
20	351	236	0.04353807833669763	DESCRIPTIVE_ONLY_OBSERVER_SCALE_GEOMETRY
20	352	236	-0.03344663691682508	DESCRIPTIVE_ONLY_OBSERVER_SCALE_GEOMETRY
20	353	235	0.23564415208511133	DESCRIPTIVE_ONLY_OBSERVER_SCALE_GEOMETRY
20	354	235	-0.008645340344987146	DESCRIPTIVE_ONLY_OBSERVER_SCALE_GEOMETRY
20	355	235	0.14568064075274323	DESCRIPTIVE_ONLY_OBSERVER_SCALE_GEOMETRY
20	356	235	-0.03767464378218418	DESCRIPTIVE_ONLY_OBSERVER_SCALE_GEOMETRY
20	357	235	0.21244823613837438	DESCRIPTIVE_ONLY_OBSERVER_SCALE_GEOMETRY
20	358	235	0.013730459571756736	DESCRIPTIVE_ONLY_OBSERVER_SCALE_GEOMETRY
20	359	235	0.06556367189399367	DESCRIPTIVE_ONLY_OBSERVER_SCALE_GEOMETRY
20	360	235	0.11547500871761116	DESCRIPTIVE_ONLY_OBSERVER_SCALE_GEOMETRY
20	361	235	0.09928021960603862	DESCRIPTIVE_ONLY_OBSERVER_SCALE_GEOMETRY
20	362	235	0.045655250952771766	DESCRIPTIVE_ONLY_OBSERVER_SCALE_GEOMETRY
20	363	235	4.078231444274177	DESCRIPTIVE_ONLY_OBSERVER_SCALE_GEOMETRY
20	364	235	-4.007167685465317	DESCRIPTIVE_ONLY_OBSERVER_SCALE_GEOMETRY
20	365	235	0.25504166036022713	DESCRIPTIVE_ONLY_OBSERVER_SCALE_GEOMETRY
20	366	235	-0.09632079590672321	DESCRIPTIVE_ONLY_OBSERVER_SCALE_GEOMETRY
20	367	235	0.20995191756640125	DESCRIPTIVE_ONLY_OBSERVER_SCALE_GEOMETRY
20	368	235	0.046403665051402115	DESCRIPTIVE_ONLY_OBSERVER_SCALE_GEOMETRY
20	369	235	0.07159863682078052	DESCRIPTIVE_ONLY_OBSERVER_SCALE_GEOMETRY
21	1	257	0.5158954662317548	DESCRIPTIVE_ONLY_OBSERVER_SCALE_GEOMETRY
21	2	257	3.4494914955578357	DESCRIPTIVE_ONLY_OBSERVER_SCALE_GEOMETRY
21	3	257	-1.547670715935868	DESCRIPTIVE_ONLY_OBSERVER_SCALE_GEOMETRY
21	4	257	0.6666258050652085	DESCRIPTIVE_ONLY_OBSERVER_SCALE_GEOMETRY
21	5	257	0.7614878382417636	DESCRIPTIVE_ONLY_OBSERVER_SCALE_GEOMETRY
21	6	257	0.7146203352100995	DESCRIPTIVE_ONLY_OBSERVER_SCALE_GEOMETRY
21	7	257	0.741879720087371	DESCRIPTIVE_ONLY_OBSERVER_SCALE_GEOMETRY
21	8	257	0.7058563411580503	DESCRIPTIVE_ONLY_OBSERVER_SCALE_GEOMETRY
21	9	257	0.7140129593944191	DESCRIPTIVE_ONLY_OBSERVER_SCALE_GEOMETRY
21	10	257	0.7316994825204679	DESCRIPTIVE_ONLY_OBSERVER_SCALE_GEOMETRY
21	11	257	0.70157693514757	DESCRIPTIVE_ONLY_OBSERVER_SCALE_GEOMETRY
21	12	257	0.7315222442267054	DESCRIPTIVE_ONLY_OBSERVER_SCALE_GEOMETRY
21	13	256	0.6730087124664514	DESCRIPTIVE_ONLY_OBSERVER_SCALE_GEOMETRY
21	14	256	0.7392356036461191	DESCRIPTIVE_ONLY_OBSERVER_SCALE_GEOMETRY
21	15	255	0.7469989277640268	DESCRIPTIVE_ONLY_OBSERVER_SCALE_GEOMETRY
21	16	255	0.62893603947803	DESCRIPTIVE_ONLY_OBSERVER_SCALE_GEOMETRY
21	17	255	0.754272835725722	DESCRIPTIVE_ONLY_OBSERVER_SCALE_GEOMETRY
21	18	255	0.7167643540934838	DESCRIPTIVE_ONLY_OBSERVER_SCALE_GEOMETRY
21	19	255	3.641405464595047	DESCRIPTIVE_ONLY_OBSERVER_SCALE_GEOMETRY
21	20	255	-2.3002009118107987	DESCRIPTIVE_ONLY_OBSERVER_SCALE_GEOMETRY
21	21	255	0.7929380932951386	DESCRIPTIVE_ONLY_OBSERVER_SCALE_GEOMETRY
21	22	255	0.7324960976080902	DESCRIPTIVE_ONLY_OBSERVER_SCALE_GEOMETRY
21	23	255	0.6616177639280054	DESCRIPTIVE_ONLY_OBSERVER_SCALE_GEOMETRY
21	24	255	0.7797386446991285	DESCRIPTIVE_ONLY_OBSERVER_SCALE_GEOMETRY
21	25	255	9.012976003189243	DESCRIPTIVE_ONLY_OBSERVER_SCALE_GEOMETRY
21	26	255	-7.344178417374585	DESCRIPTIVE_ONLY_OBSERVER_SCALE_GEOMETRY
21	27	255	-1.53893806459536	DESCRIPTIVE_ONLY_OBSERVER_SCALE_GEOMETRY
21	28	255	-0.39266616596241205	DESCRIPTIVE_ONLY_OBSERVER_SCALE_GEOMETRY
21	29	255	-0.33182437501921613	DESCRIPTIVE_ONLY_OBSERVER_SCALE_GEOMETRY
21	30	255	0.016636268065339774	DESCRIPTIVE_ONLY_OBSERVER_SCALE_GEOMETRY
21	31	254	-0.17145903033641502	DESCRIPTIVE_ONLY_OBSERVER_SCALE_GEOMETRY
21	32	254	-0.3497219132622451	DESCRIPTIVE_ONLY_OBSERVER_SCALE_GEOMETRY
21	33	254	-0.28879298266743786	DESCRIPTIVE_ONLY_OBSERVER_SCALE_GEOMETRY
21	34	254	-0.2880947648575919	DESCRIPTIVE_ONLY_OBSERVER_SCALE_GEOMETRY
21	35	254	-0.2907596471797029	DESCRIPTIVE_ONLY_OBSERVER_SCALE_GEOMETRY
21	36	254	-0.35722651268975164	DESCRIPTIVE_ONLY_OBSERVER_SCALE_GEOMETRY
21	37	254	-0.2075373945878168	DESCRIPTIVE_ONLY_OBSERVER_SCALE_GEOMETRY
21	38	254	-0.2718011975824589	DESCRIPTIVE_ONLY_OBSERVER_SCALE_GEOMETRY
21	39	254	-0.3396837065864034	DESCRIPTIVE_ONLY_OBSERVER_SCALE_GEOMETRY
21	40	254	-0.32951346940133897	DESCRIPTIVE_ONLY_OBSERVER_SCALE_GEOMETRY
21	41	254	-0.1987238975768511	DESCRIPTIVE_ONLY_OBSERVER_SCALE_GEOMETRY
21	42	254	-0.3587959871087759	DESCRIPTIVE_ONLY_OBSERVER_SCALE_GEOMETRY
21	43	254	-0.21481397612486475	DESCRIPTIVE_ONLY_OBSERVER_SCALE_GEOMETRY
21	44	253	-0.3385326860867597	DESCRIPTIVE_ONLY_OBSERVER_SCALE_GEOMETRY
21	45	253	-0.27062517090968186	DESCRIPTIVE_ONLY_OBSERVER_SCALE_GEOMETRY
21	46	253	-0.3048109967387366	DESCRIPTIVE_ONLY_OBSERVER_SCALE_GEOMETRY
21	47	253	-0.2819346747945287	DESCRIPTIVE_ONLY_OBSERVER_SCALE_GEOMETRY
21	48	253	-0.28893424116430283	DESCRIPTIVE_ONLY_OBSERVER_SCALE_GEOMETRY
21	49	253	-0.26280551705765814	DESCRIPTIVE_ONLY_OBSERVER_SCALE_GEOMETRY
21	50	253	-0.33084364008734424	DESCRIPTIVE_ONLY_OBSERVER_SCALE_GEOMETRY
21	51	253	-0.22205870117281915	DESCRIPTIVE_ONLY_OBSERVER_SCALE_GEOMETRY
21	52	253	-0.3336508438248367	DESCRIPTIVE_ONLY_OBSERVER_SCALE_GEOMETRY
21	53	253	-0.2882403452180248	DESCRIPTIVE_ONLY_OBSERVER_SCALE_GEOMETRY
21	54	253	-0.27281293072096885	DESCRIPTIVE_ONLY_OBSERVER_SCALE_GEOMETRY
21	55	253	-0.3291230324112161	DESCRIPTIVE_ONLY_OBSERVER_SCALE_GEOMETRY
21	56	253	-0.2510442970256966	DESCRIPTIVE_ONLY_OBSERVER_SCALE_GEOMETRY
21	57	253	-0.2839443841731526	DESCRIPTIVE_ONLY_OBSERVER_SCALE_GEOMETRY
21	58	253	-0.25541337946917225	DESCRIPTIVE_ONLY_OBSERVER_SCALE_GEOMETRY
21	59	253	-0.3872613114738441	DESCRIPTIVE_ONLY_OBSERVER_SCALE_GEOMETRY
21	60	253	-1.5683771656529633	DESCRIPTIVE_ONLY_OBSERVER_SCALE_GEOMETRY
21	61	253	2.7848157315028623	DESCRIPTIVE_ONLY_OBSERVER_SCALE_GEOMETRY
21	62	253	-5.627037289163283	DESCRIPTIVE_ONLY_OBSERVER_SCALE_GEOMETRY
21	63	252	2.282882232376751	DESCRIPTIVE_ONLY_OBSERVER_SCALE_GEOMETRY
21	64	252	0.7659591240828778	DESCRIPTIVE_ONLY_OBSERVER_SCALE_GEOMETRY
21	65	252	-0.2693833096071216	DESCRIPTIVE_ONLY_OBSERVER_SCALE_GEOMETRY
21	66	252	-0.3826965817732497	DESCRIPTIVE_ONLY_OBSERVER_SCALE_GEOMETRY
21	67	252	-0.18104102824034618	DESCRIPTIVE_ONLY_OBSERVER_SCALE_GEOMETRY
21	68	252	-0.3355373848959383	DESCRIPTIVE_ONLY_OBSERVER_SCALE_GEOMETRY
21	69	252	-0.2967051254602147	DESCRIPTIVE_ONLY_OBSERVER_SCALE_GEOMETRY
21	70	252	-0.2513887598283595	DESCRIPTIVE_ONLY_OBSERVER_SCALE_GEOMETRY
21	71	252	-0.3232427900716016	DESCRIPTIVE_ONLY_OBSERVER_SCALE_GEOMETRY
21	72	252	-0.2365916879066637	DESCRIPTIVE_ONLY_OBSERVER_SCALE_GEOMETRY
21	73	252	-0.3501388884034022	DESCRIPTIVE_ONLY_OBSERVER_SCALE_GEOMETRY
21	74	252	-0.30048061703732826	DESCRIPTIVE_ONLY_OBSERVER_SCALE_GEOMETRY
21	75	252	-0.26786518670483517	DESCRIPTIVE_ONLY_OBSERVER_SCALE_GEOMETRY
21	76	252	-0.2722433775764634	DESCRIPTIVE_ONLY_OBSERVER_SCALE_GEOMETRY
21	77	252	-0.3260478530914797	DESCRIPTIVE_ONLY_OBSERVER_SCALE_GEOMETRY
21	78	252	-0.25115180265448506	DESCRIPTIVE_ONLY_OBSERVER_SCALE_GEOMETRY
21	79	252	-0.31755597319458373	DESCRIPTIVE_ONLY_OBSERVER_SCALE_GEOMETRY
21	80	252	-0.23101069622738693	DESCRIPTIVE_ONLY_OBSERVER_SCALE_GEOMETRY
21	81	252	-0.306972867363567	DESCRIPTIVE_ONLY_OBSERVER_SCALE_GEOMETRY
21	82	252	-0.3375492275926133	DESCRIPTIVE_ONLY_OBSERVER_SCALE_GEOMETRY
21	83	252	-0.27989918941298086	DESCRIPTIVE_ONLY_OBSERVER_SCALE_GEOMETRY
21	84	252	-0.2531744952070049	DESCRIPTIVE_ONLY_OBSERVER_SCALE_GEOMETRY
21	85	252	-0.40314387642958505	DESCRIPTIVE_ONLY_OBSERVER_SCALE_GEOMETRY
21	86	252	-0.14715117460597588	DESCRIPTIVE_ONLY_OBSERVER_SCALE_GEOMETRY
21	87	252	-4.0600192969884805	DESCRIPTIVE_ONLY_OBSERVER_SCALE_GEOMETRY
21	88	252	-2.1958004261954853	DESCRIPTIVE_ONLY_OBSERVER_SCALE_GEOMETRY
21	89	252	-2.2377360045031938	DESCRIPTIVE_ONLY_OBSERVER_SCALE_GEOMETRY
21	90	252	-2.284552969620783	DESCRIPTIVE_ONLY_OBSERVER_SCALE_GEOMETRY
21	91	252	-2.12695479357411	DESCRIPTIVE_ONLY_OBSERVER_SCALE_GEOMETRY
21	92	252	-2.223367596580794	DESCRIPTIVE_ONLY_OBSERVER_SCALE_GEOMETRY
21	93	252	-2.2365139543348667	DESCRIPTIVE_ONLY_OBSERVER_SCALE_GEOMETRY
21	94	252	-2.2012923030270137	DESCRIPTIVE_ONLY_OBSERVER_SCALE_GEOMETRY
21	95	252	-2.152516311728009	DESCRIPTIVE_ONLY_OBSERVER_SCALE_GEOMETRY
21	96	252	-2.244993618606503	DESCRIPTIVE_ONLY_OBSERVER_SCALE_GEOMETRY
21	97	252	-2.2054028664775633	DESCRIPTIVE_ONLY_OBSERVER_SCALE_GEOMETRY
21	98	252	-2.1824991633655806	DESCRIPTIVE_ONLY_OBSERVER_SCALE_GEOMETRY
21	99	252	-2.174436561807515	DESCRIPTIVE_ONLY_OBSERVER_SCALE_GEOMETRY
21	100	252	-2.28666256447557	DESCRIPTIVE_ONLY_OBSERVER_SCALE_GEOMETRY
21	101	252	-2.1675856581126336	DESCRIPTIVE_ONLY_OBSERVER_SCALE_GEOMETRY
21	102	252	-2.1689246055581957	DESCRIPTIVE_ONLY_OBSERVER_SCALE_GEOMETRY
21	103	252	-2.274611059348269	DESCRIPTIVE_ONLY_OBSERVER_SCALE_GEOMETRY
21	104	252	-2.1781597908496484	DESCRIPTIVE_ONLY_OBSERVER_SCALE_GEOMETRY
21	105	252	-2.243360982955	DESCRIPTIVE_ONLY_OBSERVER_SCALE_GEOMETRY
21	106	252	-2.17035816919138	DESCRIPTIVE_ONLY_OBSERVER_SCALE_GEOMETRY
21	107	252	-2.155539549452011	DESCRIPTIVE_ONLY_OBSERVER_SCALE_GEOMETRY
21	108	252	-2.3082210048046243	DESCRIPTIVE_ONLY_OBSERVER_SCALE_GEOMETRY
21	109	251	-2.1709327571684685	DESCRIPTIVE_ONLY_OBSERVER_SCALE_GEOMETRY
21	110	251	-2.1826908401999923	DESCRIPTIVE_ONLY_OBSERVER_SCALE_GEOMETRY
21	111	251	-2.209779206034258	DESCRIPTIVE_ONLY_OBSERVER_SCALE_GEOMETRY
21	112	251	-2.2630110446355527	DESCRIPTIVE_ONLY_OBSERVER_SCALE_GEOMETRY
21	113	251	-2.238089503542391	DESCRIPTIVE_ONLY_OBSERVER_SCALE_GEOMETRY
21	114	251	-2.0848535084617663	DESCRIPTIVE_ONLY_OBSERVER_SCALE_GEOMETRY
21	115	251	-2.3351776757299483	DESCRIPTIVE_ONLY_OBSERVER_SCALE_GEOMETRY
21	116	251	-2.1840725370505933	DESCRIPTIVE_ONLY_OBSERVER_SCALE_GEOMETRY
21	117	251	-2.2025035277904195	DESCRIPTIVE_ONLY_OBSERVER_SCALE_GEOMETRY
21	118	250	-2.253086738035826	DESCRIPTIVE_ONLY_OBSERVER_SCALE_GEOMETRY
21	119	250	-2.1452897019177177	DESCRIPTIVE_ONLY_OBSERVER_SCALE_GEOMETRY
21	120	250	-2.241151542060504	DESCRIPTIVE_ONLY_OBSERVER_SCALE_GEOMETRY
21	121	250	-3.1397348827878364	DESCRIPTIVE_ONLY_OBSERVER_SCALE_GEOMETRY
21	122	250	-0.3751769082006655	DESCRIPTIVE_ONLY_OBSERVER_SCALE_GEOMETRY
21	123	250	-4.892751470692762	DESCRIPTIVE_ONLY_OBSERVER_SCALE_GEOMETRY
21	124	250	-3.0144989434420153	DESCRIPTIVE_ONLY_OBSERVER_SCALE_GEOMETRY
21	125	250	-2.948054954235705	DESCRIPTIVE_ONLY_OBSERVER_SCALE_GEOMETRY
21	126	250	-2.8301713291837816	DESCRIPTIVE_ONLY_OBSERVER_SCALE_GEOMETRY
21	127	250	-3.010329244343634	DESCRIPTIVE_ONLY_OBSERVER_SCALE_GEOMETRY
21	128	250	-3.2264072398713695	DESCRIPTIVE_ONLY_OBSERVER_SCALE_GEOMETRY
21	129	250	-2.9537835042502962	DESCRIPTIVE_ONLY_OBSERVER_SCALE_GEOMETRY
21	130	249	-3.5915456686302862	DESCRIPTIVE_ONLY_OBSERVER_SCALE_GEOMETRY
21	131	249	-3.682981432471918	DESCRIPTIVE_ONLY_OBSERVER_SCALE_GEOMETRY
21	132	249	-3.1824463613192924	DESCRIPTIVE_ONLY_OBSERVER_SCALE_GEOMETRY
21	133	249	-3.1615903621115393	DESCRIPTIVE_ONLY_OBSERVER_SCALE_GEOMETRY
21	134	249	-3.2084581106784333	DESCRIPTIVE_ONLY_OBSERVER_SCALE_GEOMETRY
21	135	249	-3.2925700792078367	DESCRIPTIVE_ONLY_OBSERVER_SCALE_GEOMETRY
21	136	249	-3.189181694383805	DESCRIPTIVE_ONLY_OBSERVER_SCALE_GEOMETRY
21	137	249	-3.255427586614899	DESCRIPTIVE_ONLY_OBSERVER_SCALE_GEOMETRY
21	138	249	-3.2181767250778597	DESCRIPTIVE_ONLY_OBSERVER_SCALE_GEOMETRY
21	139	249	-2.131061669050023	DESCRIPTIVE_ONLY_OBSERVER_SCALE_GEOMETRY
21	140	249	-4.322315409758562	DESCRIPTIVE_ONLY_OBSERVER_SCALE_GEOMETRY
21	141	248	-3.2279145075077853	DESCRIPTIVE_ONLY_OBSERVER_SCALE_GEOMETRY
21	142	248	-3.2392985195278445	DESCRIPTIVE_ONLY_OBSERVER_SCALE_GEOMETRY
21	143	248	-3.2625126499197026	DESCRIPTIVE_ONLY_OBSERVER_SCALE_GEOMETRY
21	144	248	-3.2505007383229967	DESCRIPTIVE_ONLY_OBSERVER_SCALE_GEOMETRY
21	145	248	-3.246529727260109	DESCRIPTIVE_ONLY_OBSERVER_SCALE_GEOMETRY
21	146	248	-3.2480121872653163	DESCRIPTIVE_ONLY_OBSERVER_SCALE_GEOMETRY
21	147	248	-2.9088161553174996	DESCRIPTIVE_ONLY_OBSERVER_SCALE_GEOMETRY
21	148	248	-2.8767308196292096	DESCRIPTIVE_ONLY_OBSERVER_SCALE_GEOMETRY
21	149	248	-2.841399006145628	DESCRIPTIVE_ONLY_OBSERVER_SCALE_GEOMETRY
21	150	248	-3.082631275428316	DESCRIPTIVE_ONLY_OBSERVER_SCALE_GEOMETRY
21	151	248	-3.218053257858146	DESCRIPTIVE_ONLY_OBSERVER_SCALE_GEOMETRY
21	152	248	-3.117308582795036	DESCRIPTIVE_ONLY_OBSERVER_SCALE_GEOMETRY
21	153	248	-3.0517344094108503	DESCRIPTIVE_ONLY_OBSERVER_SCALE_GEOMETRY
21	154	248	-3.1433561694865597	DESCRIPTIVE_ONLY_OBSERVER_SCALE_GEOMETRY
21	155	248	-3.071379243940599	DESCRIPTIVE_ONLY_OBSERVER_SCALE_GEOMETRY
21	156	248	-3.1679285717987917	DESCRIPTIVE_ONLY_OBSERVER_SCALE_GEOMETRY
21	157	248	-3.0922785929422694	DESCRIPTIVE_ONLY_OBSERVER_SCALE_GEOMETRY
21	158	248	-3.095688799429296	DESCRIPTIVE_ONLY_OBSERVER_SCALE_GEOMETRY
21	159	248	-3.057595955178271	DESCRIPTIVE_ONLY_OBSERVER_SCALE_GEOMETRY
21	160	248	-3.1299136968289054	DESCRIPTIVE_ONLY_OBSERVER_SCALE_GEOMETRY
21	161	248	-3.1224594687451392	DESCRIPTIVE_ONLY_OBSERVER_SCALE_GEOMETRY
21	162	248	-3.039139633887135	DESCRIPTIVE_ONLY_OBSERVER_SCALE_GEOMETRY
21	163	248	-3.1148583083276566	DESCRIPTIVE_ONLY_OBSERVER_SCALE_GEOMETRY
21	164	248	-3.195410575338054	DESCRIPTIVE_ONLY_OBSERVER_SCALE_GEOMETRY
21	165	248	-3.0196666372442125	DESCRIPTIVE_ONLY_OBSERVER_SCALE_GEOMETRY
21	166	248	-3.079131420131684	DESCRIPTIVE_ONLY_OBSERVER_SCALE_GEOMETRY
21	167	248	-3.156401154572407	DESCRIPTIVE_ONLY_OBSERVER_SCALE_GEOMETRY
21	168	248	-3.0448823323926635	DESCRIPTIVE_ONLY_OBSERVER_SCALE_GEOMETRY
21	169	248	-3.1642886351724737	DESCRIPTIVE_ONLY_OBSERVER_SCALE_GEOMETRY
21	170	248	-3.061812254769973	DESCRIPTIVE_ONLY_OBSERVER_SCALE_GEOMETRY
21	171	248	-3.1225657183562427	DESCRIPTIVE_ONLY_OBSERVER_SCALE_GEOMETRY
21	172	248	-3.155009971888132	DESCRIPTIVE_ONLY_OBSERVER_SCALE_GEOMETRY
21	173	248	-3.069222938842432	DESCRIPTIVE_ONLY_OBSERVER_SCALE_GEOMETRY
21	174	248	-3.102626220208337	DESCRIPTIVE_ONLY_OBSERVER_SCALE_GEOMETRY
21	175	248	-3.095217964663403	DESCRIPTIVE_ONLY_OBSERVER_SCALE_GEOMETRY
21	176	248	-3.1161206017604175	DESCRIPTIVE_ONLY_OBSERVER_SCALE_GEOMETRY
21	177	248	-3.1046399288610225	DESCRIPTIVE_ONLY_OBSERVER_SCALE_GEOMETRY
21	178	248	-3.143643134988806	DESCRIPTIVE_ONLY_OBSERVER_SCALE_GEOMETRY
21	179	248	-3.065976401615865	DESCRIPTIVE_ONLY_OBSERVER_SCALE_GEOMETRY
21	180	247	-1.8190077052091584	DESCRIPTIVE_ONLY_OBSERVER_SCALE_GEOMETRY
21	181	247	-8.479140493689233	DESCRIPTIVE_ONLY_OBSERVER_SCALE_GEOMETRY
21	182	247	1.1965844597214066	DESCRIPTIVE_ONLY_OBSERVER_SCALE_GEOMETRY
21	183	247	-3.207564795148913	DESCRIPTIVE_ONLY_OBSERVER_SCALE_GEOMETRY
21	184	247	-3.2748684191752786	DESCRIPTIVE_ONLY_OBSERVER_SCALE_GEOMETRY
21	185	247	-3.366956500927877	DESCRIPTIVE_ONLY_OBSERVER_SCALE_GEOMETRY
21	186	247	-3.4952320949100977	DESCRIPTIVE_ONLY_OBSERVER_SCALE_GEOMETRY
21	187	247	-2.4259775147506284	DESCRIPTIVE_ONLY_OBSERVER_SCALE_GEOMETRY
21	188	247	-2.98315739492789	DESCRIPTIVE_ONLY_OBSERVER_SCALE_GEOMETRY
21	189	247	-3.5108355528386923	DESCRIPTIVE_ONLY_OBSERVER_SCALE_GEOMETRY
21	190	247	-2.9004060277436894	DESCRIPTIVE_ONLY_OBSERVER_SCALE_GEOMETRY
21	191	247	-3.1336502026181328	DESCRIPTIVE_ONLY_OBSERVER_SCALE_GEOMETRY
21	192	247	-3.1036572156733984	DESCRIPTIVE_ONLY_OBSERVER_SCALE_GEOMETRY
21	193	247	-3.099038834412487	DESCRIPTIVE_ONLY_OBSERVER_SCALE_GEOMETRY
21	194	246	-3.1055659683527614	DESCRIPTIVE_ONLY_OBSERVER_SCALE_GEOMETRY
21	195	246	-3.164260252865029	DESCRIPTIVE_ONLY_OBSERVER_SCALE_GEOMETRY
21	196	246	-3.160513853406382	DESCRIPTIVE_ONLY_OBSERVER_SCALE_GEOMETRY
21	197	246	-3.1476468762558802	DESCRIPTIVE_ONLY_OBSERVER_SCALE_GEOMETRY
21	198	246	-3.1641437448781558	DESCRIPTIVE_ONLY_OBSERVER_SCALE_GEOMETRY
21	199	246	-3.156936736356006	DESCRIPTIVE_ONLY_OBSERVER_SCALE_GEOMETRY
21	200	246	-2.9390601709827004	DESCRIPTIVE_ONLY_OBSERVER_SCALE_GEOMETRY
21	201	246	-3.245366551315555	DESCRIPTIVE_ONLY_OBSERVER_SCALE_GEOMETRY
21	202	246	-3.0762972667410122	DESCRIPTIVE_ONLY_OBSERVER_SCALE_GEOMETRY
21	203	246	-3.181967909548012	DESCRIPTIVE_ONLY_OBSERVER_SCALE_GEOMETRY
21	204	246	-3.1675600335953265	DESCRIPTIVE_ONLY_OBSERVER_SCALE_GEOMETRY
21	205	246	-3.030278279779337	DESCRIPTIVE_ONLY_OBSERVER_SCALE_GEOMETRY
21	206	246	-3.2354191015604115	DESCRIPTIVE_ONLY_OBSERVER_SCALE_GEOMETRY
21	207	246	-3.0364921005309684	DESCRIPTIVE_ONLY_OBSERVER_SCALE_GEOMETRY
21	208	246	-3.220511948467491	DESCRIPTIVE_ONLY_OBSERVER_SCALE_GEOMETRY
21	209	246	-3.104827250898457	DESCRIPTIVE_ONLY_OBSERVER_SCALE_GEOMETRY
21	210	246	-3.069747110560116	DESCRIPTIVE_ONLY_OBSERVER_SCALE_GEOMETRY
21	211	246	-3.234394732158161	DESCRIPTIVE_ONLY_OBSERVER_SCALE_GEOMETRY
21	212	246	-3.075174059143672	DESCRIPTIVE_ONLY_OBSERVER_SCALE_GEOMETRY
21	213	246	-3.155673861079883	DESCRIPTIVE_ONLY_OBSERVER_SCALE_GEOMETRY
21	214	246	-3.1590293109447134	DESCRIPTIVE_ONLY_OBSERVER_SCALE_GEOMETRY
21	215	246	-3.001251550747065	DESCRIPTIVE_ONLY_OBSERVER_SCALE_GEOMETRY
21	216	246	-3.2845332671240524	DESCRIPTIVE_ONLY_OBSERVER_SCALE_GEOMETRY
21	217	246	-3.1779751702253427	DESCRIPTIVE_ONLY_OBSERVER_SCALE_GEOMETRY
21	218	246	-3.040224768611412	DESCRIPTIVE_ONLY_OBSERVER_SCALE_GEOMETRY
21	219	246	-3.0773921192637737	DESCRIPTIVE_ONLY_OBSERVER_SCALE_GEOMETRY
21	220	246	-3.2789540614664348	DESCRIPTIVE_ONLY_OBSERVER_SCALE_GEOMETRY
21	221	246	-3.0611909459612696	DESCRIPTIVE_ONLY_OBSERVER_SCALE_GEOMETRY
21	222	246	-3.12494202227983	DESCRIPTIVE_ONLY_OBSERVER_SCALE_GEOMETRY
21	223	246	-3.1308160193354135	DESCRIPTIVE_ONLY_OBSERVER_SCALE_GEOMETRY
21	224	246	-3.1697015533078114	DESCRIPTIVE_ONLY_OBSERVER_SCALE_GEOMETRY
21	225	246	-3.0451919612986766	DESCRIPTIVE_ONLY_OBSERVER_SCALE_GEOMETRY
21	226	246	-3.150270487597798	DESCRIPTIVE_ONLY_OBSERVER_SCALE_GEOMETRY
21	227	246	-3.203528002829943	DESCRIPTIVE_ONLY_OBSERVER_SCALE_GEOMETRY
21	228	246	-3.1930911404705493	DESCRIPTIVE_ONLY_OBSERVER_SCALE_GEOMETRY
21	229	246	-3.0169948936282416	DESCRIPTIVE_ONLY_OBSERVER_SCALE_GEOMETRY
21	230	246	-3.197604819427963	DESCRIPTIVE_ONLY_OBSERVER_SCALE_GEOMETRY
21	231	246	-3.1924728081657188	DESCRIPTIVE_ONLY_OBSERVER_SCALE_GEOMETRY
21	232	246	-2.9906825942190385	DESCRIPTIVE_ONLY_OBSERVER_SCALE_GEOMETRY
21	233	246	-3.252961471491441	DESCRIPTIVE_ONLY_OBSERVER_SCALE_GEOMETRY
21	234	246	-3.0876929690647206	DESCRIPTIVE_ONLY_OBSERVER_SCALE_GEOMETRY
21	235	246	-3.138877649999181	DESCRIPTIVE_ONLY_OBSERVER_SCALE_GEOMETRY
21	236	246	-3.1253311571327456	DESCRIPTIVE_ONLY_OBSERVER_SCALE_GEOMETRY
21	237	246	-3.181513336443543	DESCRIPTIVE_ONLY_OBSERVER_SCALE_GEOMETRY
21	238	246	-3.0844750549878475	DESCRIPTIVE_ONLY_OBSERVER_SCALE_GEOMETRY
21	239	246	-3.188320263263716	DESCRIPTIVE_ONLY_OBSERVER_SCALE_GEOMETRY
21	240	246	-2.9910428421286466	DESCRIPTIVE_ONLY_OBSERVER_SCALE_GEOMETRY
21	241	246	-3.249997008929595	DESCRIPTIVE_ONLY_OBSERVER_SCALE_GEOMETRY
21	242	246	-5.436356661875217	DESCRIPTIVE_ONLY_OBSERVER_SCALE_GEOMETRY
21	243	246	-0.09145405596770373	DESCRIPTIVE_ONLY_OBSERVER_SCALE_GEOMETRY
21	244	246	-3.75899324918402	DESCRIPTIVE_ONLY_OBSERVER_SCALE_GEOMETRY
21	245	245	-2.97016966086584	DESCRIPTIVE_ONLY_OBSERVER_SCALE_GEOMETRY
21	246	245	-3.198670504620199	DESCRIPTIVE_ONLY_OBSERVER_SCALE_GEOMETRY
21	247	245	-3.352959334787112	DESCRIPTIVE_ONLY_OBSERVER_SCALE_GEOMETRY
21	248	245	-3.1788265025924485	DESCRIPTIVE_ONLY_OBSERVER_SCALE_GEOMETRY
21	249	245	-3.069870741684212	DESCRIPTIVE_ONLY_OBSERVER_SCALE_GEOMETRY
21	250	245	-3.2198721669865056	DESCRIPTIVE_ONLY_OBSERVER_SCALE_GEOMETRY
21	251	245	-3.037070772178568	DESCRIPTIVE_ONLY_OBSERVER_SCALE_GEOMETRY
21	252	245	-3.224036326402701	DESCRIPTIVE_ONLY_OBSERVER_SCALE_GEOMETRY
21	253	245	-3.0964986603004574	DESCRIPTIVE_ONLY_OBSERVER_SCALE_GEOMETRY
21	254	245	-3.131147078279026	DESCRIPTIVE_ONLY_OBSERVER_SCALE_GEOMETRY
21	255	245	-3.1873245982773377	DESCRIPTIVE_ONLY_OBSERVER_SCALE_GEOMETRY
21	256	245	-3.041001138604212	DESCRIPTIVE_ONLY_OBSERVER_SCALE_GEOMETRY
21	257	244	-3.271788447975835	DESCRIPTIVE_ONLY_OBSERVER_SCALE_GEOMETRY
21	258	244	-3.0376600364364057	DESCRIPTIVE_ONLY_OBSERVER_SCALE_GEOMETRY
21	259	243	-2.6804426936759764	DESCRIPTIVE_ONLY_OBSERVER_SCALE_GEOMETRY
21	260	243	-3.6002219351601172	DESCRIPTIVE_ONLY_OBSERVER_SCALE_GEOMETRY
21	261	242	-3.342949692813824	DESCRIPTIVE_ONLY_OBSERVER_SCALE_GEOMETRY
21	262	242	-3.0391895986920576	DESCRIPTIVE_ONLY_OBSERVER_SCALE_GEOMETRY
21	263	242	-3.382529362711241	DESCRIPTIVE_ONLY_OBSERVER_SCALE_GEOMETRY
21	264	242	-2.9935788501348215	DESCRIPTIVE_ONLY_OBSERVER_SCALE_GEOMETRY
21	265	242	-3.29901229939675	DESCRIPTIVE_ONLY_OBSERVER_SCALE_GEOMETRY
21	266	242	-3.099880124740368	DESCRIPTIVE_ONLY_OBSERVER_SCALE_GEOMETRY
21	267	242	-3.2815227143387986	DESCRIPTIVE_ONLY_OBSERVER_SCALE_GEOMETRY
21	268	242	-3.1449966412157973	DESCRIPTIVE_ONLY_OBSERVER_SCALE_GEOMETRY
21	269	242	-3.1656551651070357	DESCRIPTIVE_ONLY_OBSERVER_SCALE_GEOMETRY
21	270	242	-3.1442991244160283	DESCRIPTIVE_ONLY_OBSERVER_SCALE_GEOMETRY
21	271	242	-3.2619091307929144	DESCRIPTIVE_ONLY_OBSERVER_SCALE_GEOMETRY
21	272	242	-3.1465031822962963	DESCRIPTIVE_ONLY_OBSERVER_SCALE_GEOMETRY
21	273	242	-3.2504002315407803	DESCRIPTIVE_ONLY_OBSERVER_SCALE_GEOMETRY
21	274	242	-3.1390883730891197	DESCRIPTIVE_ONLY_OBSERVER_SCALE_GEOMETRY
21	275	242	-3.213540600804403	DESCRIPTIVE_ONLY_OBSERVER_SCALE_GEOMETRY
21	276	242	-3.1314502459336673	DESCRIPTIVE_ONLY_OBSERVER_SCALE_GEOMETRY
21	277	242	-3.25424681916679	DESCRIPTIVE_ONLY_OBSERVER_SCALE_GEOMETRY
21	278	242	-3.1080157464933555	DESCRIPTIVE_ONLY_OBSERVER_SCALE_GEOMETRY
21	279	242	-3.083783199194807	DESCRIPTIVE_ONLY_OBSERVER_SCALE_GEOMETRY
21	280	242	-3.336575128238278	DESCRIPTIVE_ONLY_OBSERVER_SCALE_GEOMETRY
21	281	242	-3.0772043469248986	DESCRIPTIVE_ONLY_OBSERVER_SCALE_GEOMETRY
21	282	242	-3.198919242195743	DESCRIPTIVE_ONLY_OBSERVER_SCALE_GEOMETRY
21	283	242	-3.2136179120547395	DESCRIPTIVE_ONLY_OBSERVER_SCALE_GEOMETRY
21	284	242	-3.200932569800406	DESCRIPTIVE_ONLY_OBSERVER_SCALE_GEOMETRY
21	285	242	-3.0554536816166493	DESCRIPTIVE_ONLY_OBSERVER_SCALE_GEOMETRY
21	286	242	-3.22635013022528	DESCRIPTIVE_ONLY_OBSERVER_SCALE_GEOMETRY
21	287	242	-3.187811970605093	DESCRIPTIVE_ONLY_OBSERVER_SCALE_GEOMETRY
21	288	242	-3.1767651598744404	DESCRIPTIVE_ONLY_OBSERVER_SCALE_GEOMETRY
21	289	242	-3.1040096463275426	DESCRIPTIVE_ONLY_OBSERVER_SCALE_GEOMETRY
21	290	241	-3.3472907782842647	DESCRIPTIVE_ONLY_OBSERVER_SCALE_GEOMETRY
21	291	241	-3.0281693517462442	DESCRIPTIVE_ONLY_OBSERVER_SCALE_GEOMETRY
21	292	241	-3.329531753632926	DESCRIPTIVE_ONLY_OBSERVER_SCALE_GEOMETRY
21	293	241	-3.1877271613312947	DESCRIPTIVE_ONLY_OBSERVER_SCALE_GEOMETRY
21	294	241	-3.1902936706782072	DESCRIPTIVE_ONLY_OBSERVER_SCALE_GEOMETRY
21	295	241	-3.1932391175613977	DESCRIPTIVE_ONLY_OBSERVER_SCALE_GEOMETRY
21	296	241	-3.175154423315947	DESCRIPTIVE_ONLY_OBSERVER_SCALE_GEOMETRY
21	297	241	-3.180795817118066	DESCRIPTIVE_ONLY_OBSERVER_SCALE_GEOMETRY
21	298	241	-3.1905727369007697	DESCRIPTIVE_ONLY_OBSERVER_SCALE_GEOMETRY
21	299	240	-3.285418083283053	DESCRIPTIVE_ONLY_OBSERVER_SCALE_GEOMETRY
21	300	240	-0.8389256200384729	DESCRIPTIVE_ONLY_OBSERVER_SCALE_GEOMETRY
21	301	240	-14.449387077527355	DESCRIPTIVE_ONLY_OBSERVER_SCALE_GEOMETRY
21	302	240	3.5343346554969717	DESCRIPTIVE_ONLY_OBSERVER_SCALE_GEOMETRY
21	303	240	-0.8891125211635137	DESCRIPTIVE_ONLY_OBSERVER_SCALE_GEOMETRY
21	304	239	-3.005304187033504	DESCRIPTIVE_ONLY_OBSERVER_SCALE_GEOMETRY
21	305	239	-3.4629141969690203	DESCRIPTIVE_ONLY_OBSERVER_SCALE_GEOMETRY
21	306	239	-3.302176229901912	DESCRIPTIVE_ONLY_OBSERVER_SCALE_GEOMETRY
21	307	239	-3.240419635222606	DESCRIPTIVE_ONLY_OBSERVER_SCALE_GEOMETRY
21	308	239	-3.156424572875978	DESCRIPTIVE_ONLY_OBSERVER_SCALE_GEOMETRY
21	309	239	-3.2759490943802936	DESCRIPTIVE_ONLY_OBSERVER_SCALE_GEOMETRY
21	310	239	-3.1650402463567477	DESCRIPTIVE_ONLY_OBSERVER_SCALE_GEOMETRY
21	311	239	-3.233445177524808	DESCRIPTIVE_ONLY_OBSERVER_SCALE_GEOMETRY
21	312	239	-3.2619000086588716	DESCRIPTIVE_ONLY_OBSERVER_SCALE_GEOMETRY
21	313	239	-3.139317247943998	DESCRIPTIVE_ONLY_OBSERVER_SCALE_GEOMETRY
21	314	239	-3.2319737885623105	DESCRIPTIVE_ONLY_OBSERVER_SCALE_GEOMETRY
21	315	239	-3.26599856091453	DESCRIPTIVE_ONLY_OBSERVER_SCALE_GEOMETRY
21	316	239	-3.1675159502867913	DESCRIPTIVE_ONLY_OBSERVER_SCALE_GEOMETRY
21	317	239	-3.2737515744818735	DESCRIPTIVE_ONLY_OBSERVER_SCALE_GEOMETRY
21	318	238	-3.1686154693036466	DESCRIPTIVE_ONLY_OBSERVER_SCALE_GEOMETRY
21	319	237	-2.4297736260940246	DESCRIPTIVE_ONLY_OBSERVER_SCALE_GEOMETRY
21	320	237	-4.057874482462017	DESCRIPTIVE_ONLY_OBSERVER_SCALE_GEOMETRY
21	321	237	-3.2771154102779048	DESCRIPTIVE_ONLY_OBSERVER_SCALE_GEOMETRY
21	322	237	-3.301713687588818	DESCRIPTIVE_ONLY_OBSERVER_SCALE_GEOMETRY
21	323	237	-3.1168843136370485	DESCRIPTIVE_ONLY_OBSERVER_SCALE_GEOMETRY
21	324	237	-3.290325239778825	DESCRIPTIVE_ONLY_OBSERVER_SCALE_GEOMETRY
21	325	237	-3.289547798645825	DESCRIPTIVE_ONLY_OBSERVER_SCALE_GEOMETRY
21	326	237	-3.2225847872489215	DESCRIPTIVE_ONLY_OBSERVER_SCALE_GEOMETRY
21	327	237	-3.2060435308021673	DESCRIPTIVE_ONLY_OBSERVER_SCALE_GEOMETRY
21	328	237	-3.329736100602622	DESCRIPTIVE_ONLY_OBSERVER_SCALE_GEOMETRY
21	329	237	-3.152603558387209	DESCRIPTIVE_ONLY_OBSERVER_SCALE_GEOMETRY
21	330	237	-3.371067977905587	DESCRIPTIVE_ONLY_OBSERVER_SCALE_GEOMETRY
21	331	237	-3.103044790105399	DESCRIPTIVE_ONLY_OBSERVER_SCALE_GEOMETRY
21	332	237	-3.338505587367047	DESCRIPTIVE_ONLY_OBSERVER_SCALE_GEOMETRY
21	333	237	-3.2093822264683562	DESCRIPTIVE_ONLY_OBSERVER_SCALE_GEOMETRY
21	334	237	-3.27691460798648	DESCRIPTIVE_ONLY_OBSERVER_SCALE_GEOMETRY
21	335	237	-3.1841068399757573	DESCRIPTIVE_ONLY_OBSERVER_SCALE_GEOMETRY
21	336	237	-3.232168058994722	DESCRIPTIVE_ONLY_OBSERVER_SCALE_GEOMETRY
21	337	237	-3.33079430114843	DESCRIPTIVE_ONLY_OBSERVER_SCALE_GEOMETRY
21	338	237	-3.1956935935415727	DESCRIPTIVE_ONLY_OBSERVER_SCALE_GEOMETRY
21	339	237	-3.2795682483381228	DESCRIPTIVE_ONLY_OBSERVER_SCALE_GEOMETRY
21	340	237	-3.1856177874434106	DESCRIPTIVE_ONLY_OBSERVER_SCALE_GEOMETRY
21	341	237	-3.2409047291540714	DESCRIPTIVE_ONLY_OBSERVER_SCALE_GEOMETRY
21	342	236	-3.329856716372508	DESCRIPTIVE_ONLY_OBSERVER_SCALE_GEOMETRY
21	343	236	-3.2723262041045027	DESCRIPTIVE_ONLY_OBSERVER_SCALE_GEOMETRY
21	344	236	-3.2148611948212036	DESCRIPTIVE_ONLY_OBSERVER_SCALE_GEOMETRY
21	345	236	-3.3035330687091187	DESCRIPTIVE_ONLY_OBSERVER_SCALE_GEOMETRY
21	346	236	-3.158994637501212	DESCRIPTIVE_ONLY_OBSERVER_SCALE_GEOMETRY
21	347	236	-3.377496148630672	DESCRIPTIVE_ONLY_OBSERVER_SCALE_GEOMETRY
21	348	236	-3.237115792576386	DESCRIPTIVE_ONLY_OBSERVER_SCALE_GEOMETRY
21	349	236	-3.1719883152859567	DESCRIPTIVE_ONLY_OBSERVER_SCALE_GEOMETRY
21	350	236	-3.293078442255086	DESCRIPTIVE_ONLY_OBSERVER_SCALE_GEOMETRY
21	351	236	-3.369817108310868	DESCRIPTIVE_ONLY_OBSERVER_SCALE_GEOMETRY
21	352	235	-3.115234241271603	DESCRIPTIVE_ONLY_OBSERVER_SCALE_GEOMETRY
21	353	235	-3.358146721132526	DESCRIPTIVE_ONLY_OBSERVER_SCALE_GEOMETRY
21	354	235	-3.2052575756507333	DESCRIPTIVE_ONLY_OBSERVER_SCALE_GEOMETRY
21	355	235	-3.3876292638091656	DESCRIPTIVE_ONLY_OBSERVER_SCALE_GEOMETRY
21	356	235	-3.141986288096095	DESCRIPTIVE_ONLY_OBSERVER_SCALE_GEOMETRY
21	357	235	-3.337207783503501	DESCRIPTIVE_ONLY_OBSERVER_SCALE_GEOMETRY
21	358	235	-3.285224755835056	DESCRIPTIVE_ONLY_OBSERVER_SCALE_GEOMETRY
21	359	235	-3.2364449378075535	DESCRIPTIVE_ONLY_OBSERVER_SCALE_GEOMETRY
21	360	235	-3.2545278279363714	DESCRIPTIVE_ONLY_OBSERVER_SCALE_GEOMETRY
21	361	235	-3.3048724511566703	DESCRIPTIVE_ONLY_OBSERVER_SCALE_GEOMETRY
21	362	235	0.7262346154707893	DESCRIPTIVE_ONLY_OBSERVER_SCALE_GEOMETRY
21	363	235	-7.362153008696266	DESCRIPTIVE_ONLY_OBSERVER_SCALE_GEOMETRY
21	364	235	-3.0975814171203178	DESCRIPTIVE_ONLY_OBSERVER_SCALE_GEOMETRY
21	365	235	-3.4609826368807304	DESCRIPTIVE_ONLY_OBSERVER_SCALE_GEOMETRY
21	366	235	-3.155238904700664	DESCRIPTIVE_ONLY_OBSERVER_SCALE_GEOMETRY
21	367	235	-3.3193079918747546	DESCRIPTIVE_ONLY_OBSERVER_SCALE_GEOMETRY
21	368	235	-3.293664449719526	DESCRIPTIVE_ONLY_OBSERVER_SCALE_GEOMETRY
22	1	257	2.007905120912408	DESCRIPTIVE_ONLY_OBSERVER_SCALE_GEOMETRY
22	2	257	-2.9886521129797434	DESCRIPTIVE_ONLY_OBSERVER_SCALE_GEOMETRY
22	3	257	-0.728249949240829	DESCRIPTIVE_ONLY_OBSERVER_SCALE_GEOMETRY
22	4	257	-0.6787735843550535	DESCRIPTIVE_ONLY_OBSERVER_SCALE_GEOMETRY
22	5	257	-0.7247290222107499	DESCRIPTIVE_ONLY_OBSERVER_SCALE_GEOMETRY
22	6	257	-0.699412685236279	DESCRIPTIVE_ONLY_OBSERVER_SCALE_GEOMETRY
22	7	257	-0.6893727905035262	DESCRIPTIVE_ONLY_OBSERVER_SCALE_GEOMETRY
22	8	257	-0.727551949861443	DESCRIPTIVE_ONLY_OBSERVER_SCALE_GEOMETRY
22	9	257	-0.7090120428561731	DESCRIPTIVE_ONLY_OBSERVER_SCALE_GEOMETRY
22	10	257	-0.740435032060395	DESCRIPTIVE_ONLY_OBSERVER_SCALE_GEOMETRY
22	11	257	-0.7098833123940358	DESCRIPTIVE_ONLY_OBSERVER_SCALE_GEOMETRY
22	12	256	-0.7268066505114363	DESCRIPTIVE_ONLY_OBSERVER_SCALE_GEOMETRY
22	13	256	-0.6611600593871875	DESCRIPTIVE_ONLY_OBSERVER_SCALE_GEOMETRY
22	14	255	-0.7060164318035744	DESCRIPTIVE_ONLY_OBSERVER_SCALE_GEOMETRY
22	15	255	-0.7765472593796159	DESCRIPTIVE_ONLY_OBSERVER_SCALE_GEOMETRY
22	16	255	-0.6513473644817234	DESCRIPTIVE_ONLY_OBSERVER_SCALE_GEOMETRY
22	17	255	-0.7333202676829514	DESCRIPTIVE_ONLY_OBSERVER_SCALE_GEOMETRY
22	18	255	2.235114781100855	DESCRIPTIVE_ONLY_OBSERVER_SCALE_GEOMETRY
22	19	255	-3.7519831476114627	DESCRIPTIVE_ONLY_OBSERVER_SCALE_GEOMETRY
22	20	255	-0.6570924377456815	DESCRIPTIVE_ONLY_OBSERVER_SCALE_GEOMETRY
22	21	255	-0.672720938306495	DESCRIPTIVE_ONLY_OBSERVER_SCALE_GEOMETRY
22	22	255	-0.7420451123192398	DESCRIPTIVE_ONLY_OBSERVER_SCALE_GEOMETRY
22	23	255	-0.6257217726400406	DESCRIPTIVE_ONLY_OBSERVER_SCALE_GEOMETRY
22	24	255	7.5617843352928	DESCRIPTIVE_ONLY_OBSERVER_SCALE_GEOMETRY
22	25	255	-8.80910847674981	DESCRIPTIVE_ONLY_OBSERVER_SCALE_GEOMETRY
22	26	255	-1.376147580327179	DESCRIPTIVE_ONLY_OBSERVER_SCALE_GEOMETRY
22	27	255	0.1583193273960749	DESCRIPTIVE_ONLY_OBSERVER_SCALE_GEOMETRY
22	28	255	0.22631054244969948	DESCRIPTIVE_ONLY_OBSERVER_SCALE_GEOMETRY
22	29	255	0.575922543417757	DESCRIPTIVE_ONLY_OBSERVER_SCALE_GEOMETRY
22	30	254	0.38797103924455234	DESCRIPTIVE_ONLY_OBSERVER_SCALE_GEOMETRY
22	31	254	0.202034484554919	DESCRIPTIVE_ONLY_OBSERVER_SCALE_GEOMETRY
22	32	254	0.27229367796598153	DESCRIPTIVE_ONLY_OBSERVER_SCALE_GEOMETRY
22	33	254	0.264208796026044	DESCRIPTIVE_ONLY_OBSERVER_SCALE_GEOMETRY
22	34	254	0.27013185225126457	DESCRIPTIVE_ONLY_OBSERVER_SCALE_GEOMETRY
22	35	254	0.2020941174930371	DESCRIPTIVE_ONLY_OBSERVER_SCALE_GEOMETRY
22	36	254	0.34544432465780917	DESCRIPTIVE_ONLY_OBSERVER_SCALE_GEOMETRY
22	37	254	0.2817258048965383	DESCRIPTIVE_ONLY_OBSERVER_SCALE_GEOMETRY
22	38	254	0.2223558479570603	DESCRIPTIVE_ONLY_OBSERVER_SCALE_GEOMETRY
22	39	254	0.2340048582045612	DESCRIPTIVE_ONLY_OBSERVER_SCALE_GEOMETRY
22	40	254	0.36426208316937614	DESCRIPTIVE_ONLY_OBSERVER_SCALE_GEOMETRY
22	41	254	0.1962666885846409	DESCRIPTIVE_ONLY_OBSERVER_SCALE_GEOMETRY
22	42	254	0.3411823218664552	DESCRIPTIVE_ONLY_OBSERVER_SCALE_GEOMETRY
22	43	253	0.21871281795841196	DESCRIPTIVE_ONLY_OBSERVER_SCALE_GEOMETRY
22	44	253	0.2870238611008523	DESCRIPTIVE_ONLY_OBSERVER_SCALE_GEOMETRY
22	45	253	0.2531654928732509	DESCRIPTIVE_ONLY_OBSERVER_SCALE_GEOMETRY
22	46	253	0.2840840285489609	DESCRIPTIVE_ONLY_OBSERVER_SCALE_GEOMETRY
22	47	253	0.2766482788719633	DESCRIPTIVE_ONLY_OBSERVER_SCALE_GEOMETRY
22	48	253	0.30209303311717456	DESCRIPTIVE_ONLY_OBSERVER_SCALE_GEOMETRY
22	49	253	0.23444029466747876	DESCRIPTIVE_ONLY_OBSERVER_SCALE_GEOMETRY
22	50	253	0.3367460330988897	DESCRIPTIVE_ONLY_OBSERVER_SCALE_GEOMETRY
22	51	253	0.22236517125533384	DESCRIPTIVE_ONLY_OBSERVER_SCALE_GEOMETRY
22	52	253	0.2681975675972456	DESCRIPTIVE_ONLY_OBSERVER_SCALE_GEOMETRY
22	53	253	0.2837991173612059	DESCRIPTIVE_ONLY_OBSERVER_SCALE_GEOMETRY
22	54	253	0.22739279562685916	DESCRIPTIVE_ONLY_OBSERVER_SCALE_GEOMETRY
22	55	253	0.31132353039908445	DESCRIPTIVE_ONLY_OBSERVER_SCALE_GEOMETRY
22	56	253	0.271756338296975	DESCRIPTIVE_ONLY_OBSERVER_SCALE_GEOMETRY
22	57	253	0.30969633741071206	DESCRIPTIVE_ONLY_OBSERVER_SCALE_GEOMETRY
22	58	253	0.17818621984059452	DESCRIPTIVE_ONLY_OBSERVER_SCALE_GEOMETRY
22	59	253	-1.0038069934029468	DESCRIPTIVE_ONLY_OBSERVER_SCALE_GEOMETRY
22	60	253	3.344941068245976	DESCRIPTIVE_ONLY_OBSERVER_SCALE_GEOMETRY
22	61	253	-5.068153779749258	DESCRIPTIVE_ONLY_OBSERVER_SCALE_GEOMETRY
22	62	252	2.845456645246505	DESCRIPTIVE_ONLY_OBSERVER_SCALE_GEOMETRY
22	63	252	1.3279118370198817	DESCRIPTIVE_ONLY_OBSERVER_SCALE_GEOMETRY
22	64	252	0.2990843600536965	DESCRIPTIVE_ONLY_OBSERVER_SCALE_GEOMETRY
22	65	252	0.18646303934453848	DESCRIPTIVE_ONLY_OBSERVER_SCALE_GEOMETRY
22	66	252	0.3812732714904874	DESCRIPTIVE_ONLY_OBSERVER_SCALE_GEOMETRY
22	67	252	0.22707892447299977	DESCRIPTIVE_ONLY_OBSERVER_SCALE_GEOMETRY
22	68	252	0.2662975304188646	DESCRIPTIVE_ONLY_OBSERVER_SCALE_GEOMETRY
22	69	252	0.3126419762623874	DESCRIPTIVE_ONLY_OBSERVER_SCALE_GEOMETRY
22	70	252	0.24067462996005567	DESCRIPTIVE_ONLY_OBSERVER_SCALE_GEOMETRY
22	71	252	0.33532253317043426	DESCRIPTIVE_ONLY_OBSERVER_SCALE_GEOMETRY
22	72	252	0.22138488967229544	DESCRIPTIVE_ONLY_OBSERVER_SCALE_GEOMETRY
22	73	252	0.2709724140855497	DESCRIPTIVE_ONLY_OBSERVER_SCALE_GEOMETRY
22	74	252	0.3038818622807551	DESCRIPTIVE_ONLY_OBSERVER_SCALE_GEOMETRY
22	75	252	0.3002908025490021	DESCRIPTIVE_ONLY_OBSERVER_SCALE_GEOMETRY
22	76	252	0.24473595304707818	DESCRIPTIVE_ONLY_OBSERVER_SCALE_GEOMETRY
22	77	252	0.3207867889618754	DESCRIPTIVE_ONLY_OBSERVER_SCALE_GEOMETRY
22	78	252	0.25546580908679284	DESCRIPTIVE_ONLY_OBSERVER_SCALE_GEOMETRY
22	79	252	0.3350323241703678	DESCRIPTIVE_ONLY_OBSERVER_SCALE_GEOMETRY
22	80	252	0.2596779147302396	DESCRIPTIVE_ONLY_OBSERVER_SCALE_GEOMETRY
22	81	252	0.22817951044469348	DESCRIPTIVE_ONLY_OBSERVER_SCALE_GEOMETRY
22	82	252	0.29356880192095364	DESCRIPTIVE_ONLY_OBSERVER_SCALE_GEOMETRY
22	83	252	0.3215008819899294	DESCRIPTIVE_ONLY_OBSERVER_SCALE_GEOMETRY
22	84	252	0.16205637810392617	DESCRIPTIVE_ONLY_OBSERVER_SCALE_GEOMETRY
22	85	252	0.38559988753481017	DESCRIPTIVE_ONLY_OBSERVER_SCALE_GEOMETRY
22	86	252	0.11959641337398345	DESCRIPTIVE_ONLY_OBSERVER_SCALE_GEOMETRY
22	87	252	2.1614252649664234	DESCRIPTIVE_ONLY_OBSERVER_SCALE_GEOMETRY
22	88	252	2.126458218704426	DESCRIPTIVE_ONLY_OBSERVER_SCALE_GEOMETRY
22	89	252	2.081452392977049	DESCRIPTIVE_ONLY_OBSERVER_SCALE_GEOMETRY
22	90	252	2.2384143324666432	DESCRIPTIVE_ONLY_OBSERVER_SCALE_GEOMETRY
22	91	252	2.143107608637878	DESCRIPTIVE_ONLY_OBSERVER_SCALE_GEOMETRY
22	92	252	2.1298312323704245	DESCRIPTIVE_ONLY_OBSERVER_SCALE_GEOMETRY
22	93	252	2.1575168302362995	DESCRIPTIVE_ONLY_OBSERVER_SCALE_GEOMETRY
22	94	252	2.2068568993656923	DESCRIPTIVE_ONLY_OBSERVER_SCALE_GEOMETRY
22	95	252	2.1214892191451535	DESCRIPTIVE_ONLY_OBSERVER_SCALE_GEOMETRY
22	96	252	2.1614943127827995	DESCRIPTIVE_ONLY_OBSERVER_SCALE_GEOMETRY
22	97	252	2.176801686560811	DESCRIPTIVE_ONLY_OBSERVER_SCALE_GEOMETRY
22	98	252	2.1917256139705406	DESCRIPTIVE_ONLY_OBSERVER_SCALE_GEOMETRY
22	99	252	2.0789858359892173	DESCRIPTIVE_ONLY_OBSERVER_SCALE_GEOMETRY
22	100	252	2.197732007964339	DESCRIPTIVE_ONLY_OBSERVER_SCALE_GEOMETRY
22	101	252	2.1903190255361573	DESCRIPTIVE_ONLY_OBSERVER_SCALE_GEOMETRY
22	102	252	2.085352471967678	DESCRIPTIVE_ONLY_OBSERVER_SCALE_GEOMETRY
22	103	252	2.182117485972429	DESCRIPTIVE_ONLY_OBSERVER_SCALE_GEOMETRY
22	104	252	2.1181254160186747	DESCRIPTIVE_ONLY_OBSERVER_SCALE_GEOMETRY
22	105	252	2.198446964204529	DESCRIPTIVE_ONLY_OBSERVER_SCALE_GEOMETRY
22	106	252	2.212952417137299	DESCRIPTIVE_ONLY_OBSERVER_SCALE_GEOMETRY
22	107	252	2.051327142198026	DESCRIPTIVE_ONLY_OBSERVER_SCALE_GEOMETRY
22	108	251	2.207240630789569	DESCRIPTIVE_ONLY_OBSERVER_SCALE_GEOMETRY
22	109	251	2.195790707095281	DESCRIPTIVE_ONLY_OBSERVER_SCALE_GEOMETRY
22	110	251	2.1768025007657887	DESCRIPTIVE_ONLY_OBSERVER_SCALE_GEOMETRY
22	111	251	2.1166001821172538	DESCRIPTIVE_ONLY_OBSERVER_SCALE_GEOMETRY
22	112	251	2.1399033764434185	DESCRIPTIVE_ONLY_OBSERVER_SCALE_GEOMETRY
22	113	251	2.2929984234740632	DESCRIPTIVE_ONLY_OBSERVER_SCALE_GEOMETRY
22	114	251	2.0419410728594474	DESCRIPTIVE_ONLY_OBSERVER_SCALE_GEOMETRY
22	115	251	2.1939236536943882	DESCRIPTIVE_ONLY_OBSERVER_SCALE_GEOMETRY
22	116	251	2.1756332824315154	DESCRIPTIVE_ONLY_OBSERVER_SCALE_GEOMETRY
22	117	250	2.142162579430764	DESCRIPTIVE_ONLY_OBSERVER_SCALE_GEOMETRY
22	118	250	2.259013232590632	DESCRIPTIVE_ONLY_OBSERVER_SCALE_GEOMETRY
22	119	250	2.1467466236545425	DESCRIPTIVE_ONLY_OBSERVER_SCALE_GEOMETRY
22	120	250	2.126710957673974	DESCRIPTIVE_ONLY_OBSERVER_SCALE_GEOMETRY
22	121	250	4.983147918277658	DESCRIPTIVE_ONLY_OBSERVER_SCALE_GEOMETRY
22	122	250	0.47332723524001824	DESCRIPTIVE_ONLY_OBSERVER_SCALE_GEOMETRY
22	123	250	2.403895303648721	DESCRIPTIVE_ONLY_OBSERVER_SCALE_GEOMETRY
22	124	250	2.7353611655447825	DESCRIPTIVE_ONLY_OBSERVER_SCALE_GEOMETRY
22	125	250	2.8210434432195	DESCRIPTIVE_ONLY_OBSERVER_SCALE_GEOMETRY
22	126	250	2.7159925117937678	DESCRIPTIVE_ONLY_OBSERVER_SCALE_GEOMETRY
22	127	250	2.858791190395665	DESCRIPTIVE_ONLY_OBSERVER_SCALE_GEOMETRY
22	128	250	3.0801013859172706	DESCRIPTIVE_ONLY_OBSERVER_SCALE_GEOMETRY
22	129	249	2.93083419684724	DESCRIPTIVE_ONLY_OBSERVER_SCALE_GEOMETRY
22	130	249	3.2338888592593764	DESCRIPTIVE_ONLY_OBSERVER_SCALE_GEOMETRY
22	131	249	3.405677786443003	DESCRIPTIVE_ONLY_OBSERVER_SCALE_GEOMETRY
22	132	249	3.33374375157395	DESCRIPTIVE_ONLY_OBSERVER_SCALE_GEOMETRY
22	133	249	3.161057206997661	DESCRIPTIVE_ONLY_OBSERVER_SCALE_GEOMETRY
22	134	249	3.0979579942807702	DESCRIPTIVE_ONLY_OBSERVER_SCALE_GEOMETRY
22	135	249	3.2092380621759435	DESCRIPTIVE_ONLY_OBSERVER_SCALE_GEOMETRY
22	136	249	3.1426888625269886	DESCRIPTIVE_ONLY_OBSERVER_SCALE_GEOMETRY
22	137	249	3.1727262097736277	DESCRIPTIVE_ONLY_OBSERVER_SCALE_GEOMETRY
22	138	249	4.2598295021105255	DESCRIPTIVE_ONLY_OBSERVER_SCALE_GEOMETRY
22	139	249	2.0670245673841268	DESCRIPTIVE_ONLY_OBSERVER_SCALE_GEOMETRY
22	140	248	3.1883980833660237	DESCRIPTIVE_ONLY_OBSERVER_SCALE_GEOMETRY
22	141	248	3.184274602327063	DESCRIPTIVE_ONLY_OBSERVER_SCALE_GEOMETRY
22	142	248	3.152759959508212	DESCRIPTIVE_ONLY_OBSERVER_SCALE_GEOMETRY
22	143	248	3.173277486524253	DESCRIPTIVE_ONLY_OBSERVER_SCALE_GEOMETRY
22	144	248	3.168301565656809	DESCRIPTIVE_ONLY_OBSERVER_SCALE_GEOMETRY
22	145	248	3.1775835480649675	DESCRIPTIVE_ONLY_OBSERVER_SCALE_GEOMETRY
22	146	248	3.1988402737109003	DESCRIPTIVE_ONLY_OBSERVER_SCALE_GEOMETRY
22	147	248	3.0196031363203097	DESCRIPTIVE_ONLY_OBSERVER_SCALE_GEOMETRY
22	148	248	2.8973949258715193	DESCRIPTIVE_ONLY_OBSERVER_SCALE_GEOMETRY
22	149	248	2.843054635723171	DESCRIPTIVE_ONLY_OBSERVER_SCALE_GEOMETRY
22	150	248	2.926967815220005	DESCRIPTIVE_ONLY_OBSERVER_SCALE_GEOMETRY
22	151	248	3.0275879291518284	DESCRIPTIVE_ONLY_OBSERVER_SCALE_GEOMETRY
22	152	248	3.077129144056331	DESCRIPTIVE_ONLY_OBSERVER_SCALE_GEOMETRY
22	153	248	3.0014630804203866	DESCRIPTIVE_ONLY_OBSERVER_SCALE_GEOMETRY
22	154	248	3.072538690930616	DESCRIPTIVE_ONLY_OBSERVER_SCALE_GEOMETRY
22	155	248	2.976931276059346	DESCRIPTIVE_ONLY_OBSERVER_SCALE_GEOMETRY
22	156	248	3.051363652693362	DESCRIPTIVE_ONLY_OBSERVER_SCALE_GEOMETRY
22	157	248	3.0481532776936464	DESCRIPTIVE_ONLY_OBSERVER_SCALE_GEOMETRY
22	158	248	3.070770078432494	DESCRIPTIVE_ONLY_OBSERVER_SCALE_GEOMETRY
22	159	248	2.9985367876426086	DESCRIPTIVE_ONLY_OBSERVER_SCALE_GEOMETRY
22	160	248	3.005541079329731	DESCRIPTIVE_ONLY_OBSERVER_SCALE_GEOMETRY
22	161	248	3.0900707575658783	DESCRIPTIVE_ONLY_OBSERVER_SCALE_GEOMETRY
22	162	248	3.015172000930442	DESCRIPTIVE_ONLY_OBSERVER_SCALE_GEOMETRY
22	163	248	2.9497637316706316	DESCRIPTIVE_ONLY_OBSERVER_SCALE_GEOMETRY
22	164	248	3.109379746879086	DESCRIPTIVE_ONLY_OBSERVER_SCALE_GEOMETRY
22	165	248	3.050860461790455	DESCRIPTIVE_ONLY_OBSERVER_SCALE_GEOMETRY
22	166	248	2.9883785476412053	DESCRIPTIVE_ONLY_OBSERVER_SCALE_GEOMETRY
22	167	248	3.0851565924968343	DESCRIPTIVE_ONLY_OBSERVER_SCALE_GEOMETRY
22	168	248	2.981486798889676	DESCRIPTIVE_ONLY_OBSERVER_SCALE_GEOMETRY
22	169	248	3.08310718497253	DESCRIPTIVE_ONLY_OBSERVER_SCALE_GEOMETRY
22	170	248	3.0074002791089876	DESCRIPTIVE_ONLY_OBSERVER_SCALE_GEOMETRY
22	171	248	2.989893753756379	DESCRIPTIVE_ONLY_OBSERVER_SCALE_GEOMETRY
22	172	248	3.07633334804942	DESCRIPTIVE_ONLY_OBSERVER_SCALE_GEOMETRY
22	173	248	3.0435307744525457	DESCRIPTIVE_ONLY_OBSERVER_SCALE_GEOMETRY
22	174	248	3.0504896823651704	DESCRIPTIVE_ONLY_OBSERVER_SCALE_GEOMETRY
22	175	248	3.0302797286394423	DESCRIPTIVE_ONLY_OBSERVER_SCALE_GEOMETRY
22	176	248	3.041494839298474	DESCRIPTIVE_ONLY_OBSERVER_SCALE_GEOMETRY
22	177	248	3.003429903092386	DESCRIPTIVE_ONLY_OBSERVER_SCALE_GEOMETRY
22	178	248	3.0817605043335794	DESCRIPTIVE_ONLY_OBSERVER_SCALE_GEOMETRY
22	179	247	4.353770506568783	DESCRIPTIVE_ONLY_OBSERVER_SCALE_GEOMETRY
22	180	247	-2.305360719683116	DESCRIPTIVE_ONLY_OBSERVER_SCALE_GEOMETRY
22	181	247	7.3693425201527925	DESCRIPTIVE_ONLY_OBSERVER_SCALE_GEOMETRY
22	182	247	2.966416853213032	DESCRIPTIVE_ONLY_OBSERVER_SCALE_GEOMETRY
22	183	247	2.874221119645823	DESCRIPTIVE_ONLY_OBSERVER_SCALE_GEOMETRY
22	184	247	2.7842885673947917	DESCRIPTIVE_ONLY_OBSERVER_SCALE_GEOMETRY
22	185	247	2.656097468551573	DESCRIPTIVE_ONLY_OBSERVER_SCALE_GEOMETRY
22	186	247	3.7256305187222907	DESCRIPTIVE_ONLY_OBSERVER_SCALE_GEOMETRY
22	187	247	3.168557217404176	DESCRIPTIVE_ONLY_OBSERVER_SCALE_GEOMETRY
22	188	247	2.6411408399131178	DESCRIPTIVE_ONLY_OBSERVER_SCALE_GEOMETRY
22	189	247	3.250152461417437	DESCRIPTIVE_ONLY_OBSERVER_SCALE_GEOMETRY
22	190	247	3.0181749745010227	DESCRIPTIVE_ONLY_OBSERVER_SCALE_GEOMETRY
22	191	247	3.0479393727553945	DESCRIPTIVE_ONLY_OBSERVER_SCALE_GEOMETRY
22	192	247	3.0530785276639096	DESCRIPTIVE_ONLY_OBSERVER_SCALE_GEOMETRY
22	193	246	3.0703620152733926	DESCRIPTIVE_ONLY_OBSERVER_SCALE_GEOMETRY
22	194	246	3.0354575968614723	DESCRIPTIVE_ONLY_OBSERVER_SCALE_GEOMETRY
22	195	246	3.0392484258442196	DESCRIPTIVE_ONLY_OBSERVER_SCALE_GEOMETRY
22	196	246	3.0524265950205316	DESCRIPTIVE_ONLY_OBSERVER_SCALE_GEOMETRY
22	197	246	3.035679371314895	DESCRIPTIVE_ONLY_OBSERVER_SCALE_GEOMETRY
22	198	246	3.0424400474950106	DESCRIPTIVE_ONLY_OBSERVER_SCALE_GEOMETRY
22	199	246	3.2365324489415106	DESCRIPTIVE_ONLY_OBSERVER_SCALE_GEOMETRY
22	200	246	2.937294925832148	DESCRIPTIVE_ONLY_OBSERVER_SCALE_GEOMETRY
22	201	246	3.1078696140658155	DESCRIPTIVE_ONLY_OBSERVER_SCALE_GEOMETRY
22	202	246	3.001422570782916	DESCRIPTIVE_ONLY_OBSERVER_SCALE_GEOMETRY
22	203	246	3.0158827078236317	DESCRIPTIVE_ONLY_OBSERVER_SCALE_GEOMETRY
22	204	246	3.153742580226411	DESCRIPTIVE_ONLY_OBSERVER_SCALE_GEOMETRY
22	205	246	2.9492730392110813	DESCRIPTIVE_ONLY_OBSERVER_SCALE_GEOMETRY
22	206	246	3.1482129765576263	DESCRIPTIVE_ONLY_OBSERVER_SCALE_GEOMETRY
22	207	246	2.9643494996010826	DESCRIPTIVE_ONLY_OBSERVER_SCALE_GEOMETRY
22	208	246	3.0803492970987745	DESCRIPTIVE_ONLY_OBSERVER_SCALE_GEOMETRY
22	209	246	3.1295554000912884	DESCRIPTIVE_ONLY_OBSERVER_SCALE_GEOMETRY
22	210	246	2.9647293327585897	DESCRIPTIVE_ONLY_OBSERVER_SCALE_GEOMETRY
22	211	246	3.123295629835912	DESCRIPTIVE_ONLY_OBSERVER_SCALE_GEOMETRY
22	212	246	3.0414045015891773	DESCRIPTIVE_ONLY_OBSERVER_SCALE_GEOMETRY
22	213	246	3.0383812699807926	DESCRIPTIVE_ONLY_OBSERVER_SCALE_GEOMETRY
22	214	246	3.1964295749629925	DESCRIPTIVE_ONLY_OBSERVER_SCALE_GEOMETRY
22	215	246	2.913616647419721	DESCRIPTIVE_ONLY_OBSERVER_SCALE_GEOMETRY
22	216	246	3.0202338609796806	DESCRIPTIVE_ONLY_OBSERVER_SCALE_GEOMETRY
22	217	246	3.1575560897962918	DESCRIPTIVE_ONLY_OBSERVER_SCALE_GEOMETRY
22	218	246	3.121615422286024	DESCRIPTIVE_ONLY_OBSERVER_SCALE_GEOMETRY
22	219	246	2.920009572199977	DESCRIPTIVE_ONLY_OBSERVER_SCALE_GEOMETRY
22	220	246	3.1125612512223424	DESCRIPTIVE_ONLY_OBSERVER_SCALE_GEOMETRY
22	221	246	3.073475130040745	DESCRIPTIVE_ONLY_OBSERVER_SCALE_GEOMETRY
22	222	246	3.0669215649923753	DESCRIPTIVE_ONLY_OBSERVER_SCALE_GEOMETRY
22	223	246	3.0278861314650296	DESCRIPTIVE_ONLY_OBSERVER_SCALE_GEOMETRY
22	224	246	3.1362371815143804	DESCRIPTIVE_ONLY_OBSERVER_SCALE_GEOMETRY
22	225	246	3.046642247108789	DESCRIPTIVE_ONLY_OBSERVER_SCALE_GEOMETRY
22	226	246	2.994058367957348	DESCRIPTIVE_ONLY_OBSERVER_SCALE_GEOMETRY
22	227	246	3.0042789962429293	DESCRIPTIVE_ONLY_OBSERVER_SCALE_GEOMETRY
22	228	246	3.178795751210669	DESCRIPTIVE_ONLY_OBSERVER_SCALE_GEOMETRY
22	229	246	2.99926326810281	DESCRIPTIVE_ONLY_OBSERVER_SCALE_GEOMETRY
22	230	246	3.003992605340902	DESCRIPTIVE_ONLY_OBSERVER_SCALE_GEOMETRY
22	231	246	3.2057844204151618	DESCRIPTIVE_ONLY_OBSERVER_SCALE_GEOMETRY
22	232	246	2.9439783730019298	DESCRIPTIVE_ONLY_OBSERVER_SCALE_GEOMETRY
22	233	246	3.1098658245587902	DESCRIPTIVE_ONLY_OBSERVER_SCALE_GEOMETRY
22	234	246	3.0579582231587	DESCRIPTIVE_ONLY_OBSERVER_SCALE_GEOMETRY
22	235	246	3.0716476539001034	DESCRIPTIVE_ONLY_OBSERVER_SCALE_GEOMETRY
22	236	246	3.014697250750452	DESCRIPTIVE_ONLY_OBSERVER_SCALE_GEOMETRY
22	237	246	3.0884153559286323	DESCRIPTIVE_ONLY_OBSERVER_SCALE_GEOMETRY
22	238	246	2.984232848075012	DESCRIPTIVE_ONLY_OBSERVER_SCALE_GEOMETRY
22	239	246	3.181448252103312	DESCRIPTIVE_ONLY_OBSERVER_SCALE_GEOMETRY
22	240	246	2.9305081550488543	DESCRIPTIVE_ONLY_OBSERVER_SCALE_GEOMETRY
22	241	246	0.7437375851602903	DESCRIPTIVE_ONLY_OBSERVER_SCALE_GEOMETRY
22	242	246	6.1032274464767164	DESCRIPTIVE_ONLY_OBSERVER_SCALE_GEOMETRY
22	243	246	2.4352783930123794	DESCRIPTIVE_ONLY_OBSERVER_SCALE_GEOMETRY
22	244	245	3.248809750025882	DESCRIPTIVE_ONLY_OBSERVER_SCALE_GEOMETRY
22	245	245	3.0207812880352845	DESCRIPTIVE_ONLY_OBSERVER_SCALE_GEOMETRY
22	246	245	2.8651090199118743	DESCRIPTIVE_ONLY_OBSERVER_SCALE_GEOMETRY
22	247	245	3.0163325457260215	DESCRIPTIVE_ONLY_OBSERVER_SCALE_GEOMETRY
22	248	245	3.1260313531343273	DESCRIPTIVE_ONLY_OBSERVER_SCALE_GEOMETRY
22	249	245	2.976641322493597	DESCRIPTIVE_ONLY_OBSERVER_SCALE_GEOMETRY
22	250	245	3.1593241678655515	DESCRIPTIVE_ONLY_OBSERVER_SCALE_GEOMETRY
22	251	245	2.973200724099507	DESCRIPTIVE_ONLY_OBSERVER_SCALE_GEOMETRY
22	252	245	3.099393540882512	DESCRIPTIVE_ONLY_OBSERVER_SCALE_GEOMETRY
22	253	245	3.064344862232439	DESCRIPTIVE_ONLY_OBSERVER_SCALE_GEOMETRY
22	254	245	3.0091331078688923	DESCRIPTIVE_ONLY_OBSERVER_SCALE_GEOMETRY
22	255	245	3.155044521305513	DESCRIPTIVE_ONLY_OBSERVER_SCALE_GEOMETRY
22	256	244	2.9490656516653955	DESCRIPTIVE_ONLY_OBSERVER_SCALE_GEOMETRY
22	257	244	3.184546248433603	DESCRIPTIVE_ONLY_OBSERVER_SCALE_GEOMETRY
22	258	243	3.5685802482200812	DESCRIPTIVE_ONLY_OBSERVER_SCALE_GEOMETRY
22	259	243	2.656391405424392	DESCRIPTIVE_ONLY_OBSERVER_SCALE_GEOMETRY
22	260	242	2.9381813687430176	DESCRIPTIVE_ONLY_OBSERVER_SCALE_GEOMETRY
22	261	242	3.241376335465846	DESCRIPTIVE_ONLY_OBSERVER_SCALE_GEOMETRY
22	262	242	2.897871783009763	DESCRIPTIVE_ONLY_OBSERVER_SCALE_GEOMETRY
22	263	242	3.286165261807564	DESCRIPTIVE_ONLY_OBSERVER_SCALE_GEOMETRY
22	264	242	2.981727227609719	DESCRIPTIVE_ONLY_OBSERVER_SCALE_GEOMETRY
22	265	242	3.179283143831379	DESCRIPTIVE_ONLY_OBSERVER_SCALE_GEOMETRY
22	266	242	3.0127781515100476	DESCRIPTIVE_ONLY_OBSERVER_SCALE_GEOMETRY
22	267	242	3.149873813844083	DESCRIPTIVE_ONLY_OBSERVER_SCALE_GEOMETRY
22	268	242	3.1290277038567007	DESCRIPTIVE_ONLY_OBSERVER_SCALE_GEOMETRY
22	269	242	3.1509962547090633	DESCRIPTIVE_ONLY_OBSERVER_SCALE_GEOMETRY
22	270	242	3.032995911341892	DESCRIPTIVE_ONLY_OBSERVER_SCALE_GEOMETRY
22	271	242	3.149481681115592	DESCRIPTIVE_ONLY_OBSERVER_SCALE_GEOMETRY
22	272	242	3.0462337023708286	DESCRIPTIVE_ONLY_OBSERVER_SCALE_GEOMETRY
22	273	242	3.155469713359251	DESCRIPTIVE_ONLY_OBSERVER_SCALE_GEOMETRY
22	274	242	3.0826368283622507	DESCRIPTIVE_ONLY_OBSERVER_SCALE_GEOMETRY
22	275	242	3.1408552473713978	DESCRIPTIVE_ONLY_OBSERVER_SCALE_GEOMETRY
22	276	242	3.0181327938276534	DESCRIPTIVE_ONLY_OBSERVER_SCALE_GEOMETRY
22	277	242	3.1723443665563194	DESCRIPTIVE_ONLY_OBSERVER_SCALE_GEOMETRY
22	278	242	3.1879970947761196	DESCRIPTIVE_ONLY_OBSERVER_SCALE_GEOMETRY
22	279	242	2.934959594852425	DESCRIPTIVE_ONLY_OBSERVER_SCALE_GEOMETRY
22	280	242	3.193630534291089	DESCRIPTIVE_ONLY_OBSERVER_SCALE_GEOMETRY
22	281	242	3.072509184710284	DESCRIPTIVE_ONLY_OBSERVER_SCALE_GEOMETRY
22	282	242	3.0574077015125436	DESCRIPTIVE_ONLY_OBSERVER_SCALE_GEOMETRY
22	283	242	3.0700520708191625	DESCRIPTIVE_ONLY_OBSERVER_SCALE_GEOMETRY
22	284	242	3.215805104666977	DESCRIPTIVE_ONLY_OBSERVER_SCALE_GEOMETRY
22	285	242	3.0450483004357665	DESCRIPTIVE_ONLY_OBSERVER_SCALE_GEOMETRY
22	286	242	3.081913960050096	DESCRIPTIVE_ONLY_OBSERVER_SCALE_GEOMETRY
22	287	242	3.0928864315103026	DESCRIPTIVE_ONLY_OBSERVER_SCALE_GEOMETRY
22	288	242	3.1666025637136173	DESCRIPTIVE_ONLY_OBSERVER_SCALE_GEOMETRY
22	289	241	2.957073863042313	DESCRIPTIVE_ONLY_OBSERVER_SCALE_GEOMETRY
22	290	241	3.291633931509888	DESCRIPTIVE_ONLY_OBSERVER_SCALE_GEOMETRY
22	291	241	2.990021908868393	DESCRIPTIVE_ONLY_OBSERVER_SCALE_GEOMETRY
22	292	241	3.132566602056786	DESCRIPTIVE_ONLY_OBSERVER_SCALE_GEOMETRY
22	293	241	3.129407349706938	DESCRIPTIVE_ONLY_OBSERVER_SCALE_GEOMETRY
22	294	241	3.1278257826027214	DESCRIPTIVE_ONLY_OBSERVER_SCALE_GEOMETRY
22	295	241	3.1293886504480986	DESCRIPTIVE_ONLY_OBSERVER_SCALE_GEOMETRY
22	296	241	3.1240119262066846	DESCRIPTIVE_ONLY_OBSERVER_SCALE_GEOMETRY
22	297	241	3.1062222556864305	DESCRIPTIVE_ONLY_OBSERVER_SCALE_GEOMETRY
22	298	240	3.0372341363158366	DESCRIPTIVE_ONLY_OBSERVER_SCALE_GEOMETRY
22	299	240	5.492957633735888	DESCRIPTIVE_ONLY_OBSERVER_SCALE_GEOMETRY
22	300	240	-8.117333623959547	DESCRIPTIVE_ONLY_OBSERVER_SCALE_GEOMETRY
22	301	240	9.865561051079412	DESCRIPTIVE_ONLY_OBSERVER_SCALE_GEOMETRY
22	302	240	5.443427329021431	DESCRIPTIVE_ONLY_OBSERVER_SCALE_GEOMETRY
22	303	239	3.353749122632411	DESCRIPTIVE_ONLY_OBSERVER_SCALE_GEOMETRY
22	304	239	2.896936371552956	DESCRIPTIVE_ONLY_OBSERVER_SCALE_GEOMETRY
22	305	239	3.0506721790419893	DESCRIPTIVE_ONLY_OBSERVER_SCALE_GEOMETRY
22	306	239	3.1135109775664382	DESCRIPTIVE_ONLY_OBSERVER_SCALE_GEOMETRY
22	307	239	3.1975061380642558	DESCRIPTIVE_ONLY_OBSERVER_SCALE_GEOMETRY
22	308	239	3.07904714936122	DESCRIPTIVE_ONLY_OBSERVER_SCALE_GEOMETRY
22	309	239	3.1909909697293792	DESCRIPTIVE_ONLY_OBSERVER_SCALE_GEOMETRY
22	310	239	3.1225082568589584	DESCRIPTIVE_ONLY_OBSERVER_SCALE_GEOMETRY
22	311	239	3.1187360237391397	DESCRIPTIVE_ONLY_OBSERVER_SCALE_GEOMETRY
22	312	239	3.215528551269748	DESCRIPTIVE_ONLY_OBSERVER_SCALE_GEOMETRY
22	313	239	3.121609531645175	DESCRIPTIVE_ONLY_OBSERVER_SCALE_GEOMETRY
22	314	239	3.0886919035901483	DESCRIPTIVE_ONLY_OBSERVER_SCALE_GEOMETRY
22	315	239	3.1859412084856564	DESCRIPTIVE_ONLY_OBSERVER_SCALE_GEOMETRY
22	316	239	3.07912649667184	DESCRIPTIVE_ONLY_OBSERVER_SCALE_GEOMETRY
22	317	238	3.2107644877679373	DESCRIPTIVE_ONLY_OBSERVER_SCALE_GEOMETRY
22	318	237	3.9766876446780453	DESCRIPTIVE_ONLY_OBSERVER_SCALE_GEOMETRY
22	319	237	2.356851717086353	DESCRIPTIVE_ONLY_OBSERVER_SCALE_GEOMETRY
22	320	237	3.1367183188604013	DESCRIPTIVE_ONLY_OBSERVER_SCALE_GEOMETRY
22	321	237	3.1137263157617237	DESCRIPTIVE_ONLY_OBSERVER_SCALE_GEOMETRY
22	322	237	3.2982272679643563	DESCRIPTIVE_ONLY_OBSERVER_SCALE_GEOMETRY
22	323	237	3.1239137727546495	DESCRIPTIVE_ONLY_OBSERVER_SCALE_GEOMETRY
22	324	237	3.127035606316563	DESCRIPTIVE_ONLY_OBSERVER_SCALE_GEOMETRY
22	325	237	3.193298531159959	DESCRIPTIVE_ONLY_OBSERVER_SCALE_GEOMETRY
22	326	237	3.209390912946663	DESCRIPTIVE_ONLY_OBSERVER_SCALE_GEOMETRY
22	327	237	3.085005886624753	DESCRIPTIVE_ONLY_OBSERVER_SCALE_GEOMETRY
22	328	237	3.262696962917798	DESCRIPTIVE_ONLY_OBSERVER_SCALE_GEOMETRY
22	329	237	3.044097855373184	DESCRIPTIVE_ONLY_OBSERVER_SCALE_GEOMETRY
22	330	237	3.31147350098025	DESCRIPTIVE_ONLY_OBSERVER_SCALE_GEOMETRY
22	331	237	3.075987924612598	DESCRIPTIVE_ONLY_OBSERVER_SCALE_GEOMETRY
22	332	237	3.195768533479912	DESCRIPTIVE_ONLY_OBSERVER_SCALE_GEOMETRY
22	333	237	3.1297772372495865	DESCRIPTIVE_ONLY_OBSERVER_SCALE_GEOMETRY
22	334	237	3.2205104484274374	DESCRIPTIVE_ONLY_OBSERVER_SCALE_GEOMETRY
22	335	237	3.1736802043661787	DESCRIPTIVE_ONLY_OBSERVER_SCALE_GEOMETRY
22	336	237	3.0830638440403364	DESCRIPTIVE_ONLY_OBSERVER_SCALE_GEOMETRY
22	337	237	3.2179042469371146	DESCRIPTIVE_ONLY_OBSERVER_SCALE_GEOMETRY
22	338	237	3.1348413905750467	DESCRIPTIVE_ONLY_OBSERVER_SCALE_GEOMETRY
22	339	237	3.2302717469468005	DESCRIPTIVE_ONLY_OBSERVER_SCALE_GEOMETRY
22	340	237	3.173888352188862	DESCRIPTIVE_ONLY_OBSERVER_SCALE_GEOMETRY
22	341	236	3.1132140847102243	DESCRIPTIVE_ONLY_OBSERVER_SCALE_GEOMETRY
22	342	236	3.170518745714061	DESCRIPTIVE_ONLY_OBSERVER_SCALE_GEOMETRY
22	343	236	3.2273431209493517	DESCRIPTIVE_ONLY_OBSERVER_SCALE_GEOMETRY
22	344	236	3.1391222156600707	DESCRIPTIVE_ONLY_OBSERVER_SCALE_GEOMETRY
22	345	236	3.2841104156669676	DESCRIPTIVE_ONLY_OBSERVER_SCALE_GEOMETRY
22	346	236	3.0670693228200117	DESCRIPTIVE_ONLY_OBSERVER_SCALE_GEOMETRY
22	347	236	3.206197981587188	DESCRIPTIVE_ONLY_OBSERVER_SCALE_GEOMETRY
22	348	236	3.2716872375357013	DESCRIPTIVE_ONLY_OBSERVER_SCALE_GEOMETRY
22	349	236	3.144550488392668	DESCRIPTIVE_ONLY_OBSERVER_SCALE_GEOMETRY
22	350	236	3.067913894499892	DESCRIPTIVE_ONLY_OBSERVER_SCALE_GEOMETRY
22	351	235	3.3485790143248773	DESCRIPTIVE_ONLY_OBSERVER_SCALE_GEOMETRY
22	352	235	3.105954736837745	DESCRIPTIVE_ONLY_OBSERVER_SCALE_GEOMETRY
22	353	235	3.2568438832280706	DESCRIPTIVE_ONLY_OBSERVER_SCALE_GEOMETRY
22	354	235	3.076560616883954	DESCRIPTIVE_ONLY_OBSERVER_SCALE_GEOMETRY
22	355	235	3.3199291076825284	DESCRIPTIVE_ONLY_OBSERVER_SCALE_GEOMETRY
22	356	235	3.1325249330549947	DESCRIPTIVE_ONLY_OBSERVER_SCALE_GEOMETRY
22	357	235	3.176665338679414	DESCRIPTIVE_ONLY_OBSERVER_SCALE_GEOMETRY
22	358	235	3.223843662979234	DESCRIPTIVE_ONLY_OBSERVER_SCALE_GEOMETRY
22	359	235	3.208335412283702	DESCRIPTIVE_ONLY_OBSERVER_SCALE_GEOMETRY
22	360	235	3.1598464968020963	DESCRIPTIVE_ONLY_OBSERVER_SCALE_GEOMETRY
22	361	235	7.1898444457075925	DESCRIPTIVE_ONLY_OBSERVER_SCALE_GEOMETRY
22	362	235	-0.8983912017058585	DESCRIPTIVE_ONLY_OBSERVER_SCALE_GEOMETRY
22	363	235	3.368407901661776	DESCRIPTIVE_ONLY_OBSERVER_SCALE_GEOMETRY
22	364	235	3.003534105660007	DESCRIPTIVE_ONLY_OBSERVER_SCALE_GEOMETRY
22	365	235	3.334728870571795	DESCRIPTIVE_ONLY_OBSERVER_SCALE_GEOMETRY
22	366	235	3.1696538701250145	DESCRIPTIVE_ONLY_OBSERVER_SCALE_GEOMETRY
22	367	235	3.194887735502704	DESCRIPTIVE_ONLY_OBSERVER_SCALE_GEOMETRY
23	1	257	-4.536703959180855	DESCRIPTIVE_ONLY_OBSERVER_SCALE_GEOMETRY
23	2	257	-2.275330177536574	DESCRIPTIVE_ONLY_OBSERVER_SCALE_GEOMETRY
23	3	257	-2.25079930705145	DESCRIPTIVE_ONLY_OBSERVER_SCALE_GEOMETRY
23	4	257	-2.2745666672759217	DESCRIPTIVE_ONLY_OBSERVER_SCALE_GEOMETRY
23	5	257	-2.250575878018456	DESCRIPTIVE_ONLY_OBSERVER_SCALE_GEOMETRY
23	6	257	-2.2386032405976297	DESCRIPTIVE_ONLY_OBSERVER_SCALE_GEOMETRY
23	7	257	-2.2994851157811955	DESCRIPTIVE_ONLY_OBSERVER_SCALE_GEOMETRY
23	8	257	-2.2557625643070525	DESCRIPTIVE_ONLY_OBSERVER_SCALE_GEOMETRY
23	9	257	-2.2871799818890666	DESCRIPTIVE_ONLY_OBSERVER_SCALE_GEOMETRY
23	10	257	-2.2558676582215145	DESCRIPTIVE_ONLY_OBSERVER_SCALE_GEOMETRY
23	11	256	-2.2773004577673595	DESCRIPTIVE_ONLY_OBSERVER_SCALE_GEOMETRY
23	12	256	-2.2514377960137915	DESCRIPTIVE_ONLY_OBSERVER_SCALE_GEOMETRY
23	13	255	-2.3009789536156036	DESCRIPTIVE_ONLY_OBSERVER_SCALE_GEOMETRY
23	14	255	-2.3314033241369523	DESCRIPTIVE_ONLY_OBSERVER_SCALE_GEOMETRY
23	15	255	-2.2463572044011286	DESCRIPTIVE_ONLY_OBSERVER_SCALE_GEOMETRY
23	16	255	-2.329095813740272	DESCRIPTIVE_ONLY_OBSERVER_SCALE_GEOMETRY
23	17	255	0.6620427654792657	DESCRIPTIVE_ONLY_OBSERVER_SCALE_GEOMETRY
23	18	255	-5.348906814281663	DESCRIPTIVE_ONLY_OBSERVER_SCALE_GEOMETRY
23	19	255	-2.214352699184483	DESCRIPTIVE_ONLY_OBSERVER_SCALE_GEOMETRY
23	20	255	-2.231307312357676	DESCRIPTIVE_ONLY_OBSERVER_SCALE_GEOMETRY
23	21	255	-2.321910542348299	DESCRIPTIVE_ONLY_OBSERVER_SCALE_GEOMETRY
23	22	255	-2.2225506775190156	DESCRIPTIVE_ONLY_OBSERVER_SCALE_GEOMETRY
23	23	255	5.964845886347163	DESCRIPTIVE_ONLY_OBSERVER_SCALE_GEOMETRY
23	24	255	-10.3664537534983	DESCRIPTIVE_ONLY_OBSERVER_SCALE_GEOMETRY
23	25	255	-2.90382894159356	DESCRIPTIVE_ONLY_OBSERVER_SCALE_GEOMETRY
23	26	255	-2.1777365217136317	DESCRIPTIVE_ONLY_OBSERVER_SCALE_GEOMETRY
23	27	255	-2.304004212264696	DESCRIPTIVE_ONLY_OBSERVER_SCALE_GEOMETRY
23	28	255	-1.9735606720030594	DESCRIPTIVE_ONLY_OBSERVER_SCALE_GEOMETRY
23	29	254	-2.171841476754954	DESCRIPTIVE_ONLY_OBSERVER_SCALE_GEOMETRY
23	30	254	-2.35836783407199	DESCRIPTIVE_ONLY_OBSERVER_SCALE_GEOMETRY
23	31	254	-2.283146794799051	DESCRIPTIVE_ONLY_OBSERVER_SCALE_GEOMETRY
23	32	254	-2.296688187818719	DESCRIPTIVE_ONLY_OBSERVER_SCALE_GEOMETRY
23	33	254	-2.2852990935562305	DESCRIPTIVE_ONLY_OBSERVER_SCALE_GEOMETRY
23	34	254	-2.3584584034774467	DESCRIPTIVE_ONLY_OBSERVER_SCALE_GEOMETRY
23	35	254	-2.2138075345021324	DESCRIPTIVE_ONLY_OBSERVER_SCALE_GEOMETRY
23	36	254	-2.274471190995603	DESCRIPTIVE_ONLY_OBSERVER_SCALE_GEOMETRY
23	37	254	-2.333635302841801	DESCRIPTIVE_ONLY_OBSERVER_SCALE_GEOMETRY
23	38	254	-2.310619643295016	DESCRIPTIVE_ONLY_OBSERVER_SCALE_GEOMETRY
23	39	254	-2.1810955660423565	DESCRIPTIVE_ONLY_OBSERVER_SCALE_GEOMETRY
23	40	254	-2.3490446958911866	DESCRIPTIVE_ONLY_OBSERVER_SCALE_GEOMETRY
23	41	254	-2.216711918610496	DESCRIPTIVE_ONLY_OBSERVER_SCALE_GEOMETRY
23	42	253	-2.349867554112281	DESCRIPTIVE_ONLY_OBSERVER_SCALE_GEOMETRY
23	43	253	-2.2817470374286706	DESCRIPTIVE_ONLY_OBSERVER_SCALE_GEOMETRY
23	44	253	-2.3002551886831015	DESCRIPTIVE_ONLY_OBSERVER_SCALE_GEOMETRY
23	45	253	-2.270934656686889	DESCRIPTIVE_ONLY_OBSERVER_SCALE_GEOMETRY
23	46	253	-2.281643249439772	DESCRIPTIVE_ONLY_OBSERVER_SCALE_GEOMETRY
23	47	253	-2.258374291747198	DESCRIPTIVE_ONLY_OBSERVER_SCALE_GEOMETRY
23	48	253	-2.325832547296658	DESCRIPTIVE_ONLY_OBSERVER_SCALE_GEOMETRY
23	49	253	-2.223526197544728	DESCRIPTIVE_ONLY_OBSERVER_SCALE_GEOMETRY
23	50	253	-2.335695445404151	DESCRIPTIVE_ONLY_OBSERVER_SCALE_GEOMETRY
23	51	253	-2.2874903315220356	DESCRIPTIVE_ONLY_OBSERVER_SCALE_GEOMETRY
23	52	253	-2.2721270357846	DESCRIPTIVE_ONLY_OBSERVER_SCALE_GEOMETRY
23	53	253	-2.34433060186648	DESCRIPTIVE_ONLY_OBSERVER_SCALE_GEOMETRY
23	54	253	-2.261189104581155	DESCRIPTIVE_ONLY_OBSERVER_SCALE_GEOMETRY
23	55	253	-2.302890575451762	DESCRIPTIVE_ONLY_OBSERVER_SCALE_GEOMETRY
23	56	253	-2.2615443766116066	DESCRIPTIVE_ONLY_OBSERVER_SCALE_GEOMETRY
23	57	253	-2.3973732572560578	DESCRIPTIVE_ONLY_OBSERVER_SCALE_GEOMETRY
23	58	253	-3.5807004553324133	DESCRIPTIVE_ONLY_OBSERVER_SCALE_GEOMETRY
23	59	253	0.7692930121234719	DESCRIPTIVE_ONLY_OBSERVER_SCALE_GEOMETRY
23	60	253	-3.765741460654424	DESCRIPTIVE_ONLY_OBSERVER_SCALE_GEOMETRY
23	61	252	4.595993192475466	DESCRIPTIVE_ONLY_OBSERVER_SCALE_GEOMETRY
23	62	252	3.078446808659042	DESCRIPTIVE_ONLY_OBSERVER_SCALE_GEOMETRY
23	63	252	2.0479594617889556	DESCRIPTIVE_ONLY_OBSERVER_SCALE_GEOMETRY
23	64	252	1.9337795287847772	DESCRIPTIVE_ONLY_OBSERVER_SCALE_GEOMETRY
23	65	252	2.1271662082442635	DESCRIPTIVE_ONLY_OBSERVER_SCALE_GEOMETRY
23	66	252	1.9759650562939215	DESCRIPTIVE_ONLY_OBSERVER_SCALE_GEOMETRY
23	67	252	2.0153419368843304	DESCRIPTIVE_ONLY_OBSERVER_SCALE_GEOMETRY
23	68	252	2.0613134600236576	DESCRIPTIVE_ONLY_OBSERVER_SCALE_GEOMETRY
23	69	252	1.9882309702220182	DESCRIPTIVE_ONLY_OBSERVER_SCALE_GEOMETRY
23	70	252	2.0818386585517854	DESCRIPTIVE_ONLY_OBSERVER_SCALE_GEOMETRY
23	71	252	1.963196098135608	DESCRIPTIVE_ONLY_OBSERVER_SCALE_GEOMETRY
23	72	252	2.013110858787199	DESCRIPTIVE_ONLY_OBSERVER_SCALE_GEOMETRY
23	73	252	2.0458123969363746	DESCRIPTIVE_ONLY_OBSERVER_SCALE_GEOMETRY
23	74	252	2.0429978964536346	DESCRIPTIVE_ONLY_OBSERVER_SCALE_GEOMETRY
23	75	252	1.9871644646828985	DESCRIPTIVE_ONLY_OBSERVER_SCALE_GEOMETRY
23	76	252	2.0637367221937333	DESCRIPTIVE_ONLY_OBSERVER_SCALE_GEOMETRY
23	77	252	1.9987076682320166	DESCRIPTIVE_ONLY_OBSERVER_SCALE_GEOMETRY
23	78	252	2.0773130169129415	DESCRIPTIVE_ONLY_OBSERVER_SCALE_GEOMETRY
23	79	252	2.004678423123066	DESCRIPTIVE_ONLY_OBSERVER_SCALE_GEOMETRY
23	80	252	1.972457329101382	DESCRIPTIVE_ONLY_OBSERVER_SCALE_GEOMETRY
23	81	252	2.0394894277504747	DESCRIPTIVE_ONLY_OBSERVER_SCALE_GEOMETRY
23	82	252	2.0646549961767886	DESCRIPTIVE_ONLY_OBSERVER_SCALE_GEOMETRY
23	83	252	1.9050614245082007	DESCRIPTIVE_ONLY_OBSERVER_SCALE_GEOMETRY
23	84	252	2.1342664795710555	DESCRIPTIVE_ONLY_OBSERVER_SCALE_GEOMETRY
23	85	252	1.966036960050536	DESCRIPTIVE_ONLY_OBSERVER_SCALE_GEOMETRY
23	86	252	2.1868156286616305	DESCRIPTIVE_ONLY_OBSERVER_SCALE_GEOMETRY
23	87	252	2.0625009590358525	DESCRIPTIVE_ONLY_OBSERVER_SCALE_GEOMETRY
23	88	252	2.014840949732412	DESCRIPTIVE_ONLY_OBSERVER_SCALE_GEOMETRY
23	89	252	2.170304318597352	DESCRIPTIVE_ONLY_OBSERVER_SCALE_GEOMETRY
23	90	252	2.0756020598421694	DESCRIPTIVE_ONLY_OBSERVER_SCALE_GEOMETRY
23	91	252	2.0617591590988287	DESCRIPTIVE_ONLY_OBSERVER_SCALE_GEOMETRY
23	92	252	2.089177383457736	DESCRIPTIVE_ONLY_OBSERVER_SCALE_GEOMETRY
23	93	252	2.1432152162647604	DESCRIPTIVE_ONLY_OBSERVER_SCALE_GEOMETRY
23	94	252	2.0582763137995004	DESCRIPTIVE_ONLY_OBSERVER_SCALE_GEOMETRY
23	95	252	2.094464629262303	DESCRIPTIVE_ONLY_OBSERVER_SCALE_GEOMETRY
23	96	252	2.1089808675788455	DESCRIPTIVE_ONLY_OBSERVER_SCALE_GEOMETRY
23	97	252	2.0952440321126073	DESCRIPTIVE_ONLY_OBSERVER_SCALE_GEOMETRY
23	98	252	1.9803623718375967	DESCRIPTIVE_ONLY_OBSERVER_SCALE_GEOMETRY
23	99	252	2.098730502139554	DESCRIPTIVE_ONLY_OBSERVER_SCALE_GEOMETRY
23	100	252	2.092253856625937	DESCRIPTIVE_ONLY_OBSERVER_SCALE_GEOMETRY
23	101	252	1.990411788369446	DESCRIPTIVE_ONLY_OBSERVER_SCALE_GEOMETRY
23	102	252	2.087078903479862	DESCRIPTIVE_ONLY_OBSERVER_SCALE_GEOMETRY
23	103	252	2.022439833504827	DESCRIPTIVE_ONLY_OBSERVER_SCALE_GEOMETRY
23	104	252	2.101876939384607	DESCRIPTIVE_ONLY_OBSERVER_SCALE_GEOMETRY
23	105	252	2.1127986187272954	DESCRIPTIVE_ONLY_OBSERVER_SCALE_GEOMETRY
23	106	252	1.949487872186644	DESCRIPTIVE_ONLY_OBSERVER_SCALE_GEOMETRY
23	107	251	2.1096664683875828	DESCRIPTIVE_ONLY_OBSERVER_SCALE_GEOMETRY
23	108	251	2.098232790032731	DESCRIPTIVE_ONLY_OBSERVER_SCALE_GEOMETRY
23	109	251	2.079201455249156	DESCRIPTIVE_ONLY_OBSERVER_SCALE_GEOMETRY
23	110	251	2.0150414151874547	DESCRIPTIVE_ONLY_OBSERVER_SCALE_GEOMETRY
23	111	251	2.0725681033116676	DESCRIPTIVE_ONLY_OBSERVER_SCALE_GEOMETRY
23	112	251	2.1949004241166556	DESCRIPTIVE_ONLY_OBSERVER_SCALE_GEOMETRY
23	113	251	1.9432434679437782	DESCRIPTIVE_ONLY_OBSERVER_SCALE_GEOMETRY
23	114	251	2.0962236644745085	DESCRIPTIVE_ONLY_OBSERVER_SCALE_GEOMETRY
23	115	251	2.0777331428803736	DESCRIPTIVE_ONLY_OBSERVER_SCALE_GEOMETRY
23	116	250	2.04359856892571	DESCRIPTIVE_ONLY_OBSERVER_SCALE_GEOMETRY
23	117	250	2.1610345506513235	DESCRIPTIVE_ONLY_OBSERVER_SCALE_GEOMETRY
23	118	250	2.0440412064977327	DESCRIPTIVE_ONLY_OBSERVER_SCALE_GEOMETRY
23	119	250	2.0449585681521136	DESCRIPTIVE_ONLY_OBSERVER_SCALE_GEOMETRY
23	120	250	2.1026024829602985	DESCRIPTIVE_ONLY_OBSERVER_SCALE_GEOMETRY
23	121	250	-2.651638517268927	DESCRIPTIVE_ONLY_OBSERVER_SCALE_GEOMETRY
23	122	250	-0.723663505412601	DESCRIPTIVE_ONLY_OBSERVER_SCALE_GEOMETRY
23	123	250	-0.41475858076492583	DESCRIPTIVE_ONLY_OBSERVER_SCALE_GEOMETRY
23	124	250	-0.46303239095590076	DESCRIPTIVE_ONLY_OBSERVER_SCALE_GEOMETRY
23	125	250	-0.5512267260080852	DESCRIPTIVE_ONLY_OBSERVER_SCALE_GEOMETRY
23	126	250	-0.43987528195030506	DESCRIPTIVE_ONLY_OBSERVER_SCALE_GEOMETRY
23	127	250	-0.3987205494280383	DESCRIPTIVE_ONLY_OBSERVER_SCALE_GEOMETRY
23	128	249	-0.5377222479995507	DESCRIPTIVE_ONLY_OBSERVER_SCALE_GEOMETRY
23	129	249	-0.46036937115364995	DESCRIPTIVE_ONLY_OBSERVER_SCALE_GEOMETRY
23	130	249	-0.482331585414034	DESCRIPTIVE_ONLY_OBSERVER_SCALE_GEOMETRY
23	131	249	-0.3908268100137869	DESCRIPTIVE_ONLY_OBSERVER_SCALE_GEOMETRY
23	132	249	-0.5269575607344176	DESCRIPTIVE_ONLY_OBSERVER_SCALE_GEOMETRY
23	133	249	-0.5279497112038226	DESCRIPTIVE_ONLY_OBSERVER_SCALE_GEOMETRY
23	134	249	-0.4263237855082029	DESCRIPTIVE_ONLY_OBSERVER_SCALE_GEOMETRY
23	135	249	-0.49631881314883836	DESCRIPTIVE_ONLY_OBSERVER_SCALE_GEOMETRY
23	136	249	-0.4667354406100022	DESCRIPTIVE_ONLY_OBSERVER_SCALE_GEOMETRY
23	137	249	0.6235314014822242	DESCRIPTIVE_ONLY_OBSERVER_SCALE_GEOMETRY
23	138	249	-1.5612569068751911	DESCRIPTIVE_ONLY_OBSERVER_SCALE_GEOMETRY
23	139	248	-0.4532792331826708	DESCRIPTIVE_ONLY_OBSERVER_SCALE_GEOMETRY
23	140	248	-0.458083070541789	DESCRIPTIVE_ONLY_OBSERVER_SCALE_GEOMETRY
23	141	248	-0.4931956330363917	DESCRIPTIVE_ONLY_OBSERVER_SCALE_GEOMETRY
23	142	248	-0.46709025661952336	DESCRIPTIVE_ONLY_OBSERVER_SCALE_GEOMETRY
23	143	248	-0.48406910882795556	DESCRIPTIVE_ONLY_OBSERVER_SCALE_GEOMETRY
23	144	248	-0.4699105285002228	DESCRIPTIVE_ONLY_OBSERVER_SCALE_GEOMETRY
23	145	248	-0.45818267304044324	DESCRIPTIVE_ONLY_OBSERVER_SCALE_GEOMETRY
23	146	248	-0.47348027541007787	DESCRIPTIVE_ONLY_OBSERVER_SCALE_GEOMETRY
23	147	248	-0.49345859944409687	DESCRIPTIVE_ONLY_OBSERVER_SCALE_GEOMETRY
23	148	248	-0.465590970217266	DESCRIPTIVE_ONLY_OBSERVER_SCALE_GEOMETRY
23	149	248	-0.4717236559443585	DESCRIPTIVE_ONLY_OBSERVER_SCALE_GEOMETRY
23	150	248	-0.48786833232612337	DESCRIPTIVE_ONLY_OBSERVER_SCALE_GEOMETRY
23	151	248	-0.4382163946258452	DESCRIPTIVE_ONLY_OBSERVER_SCALE_GEOMETRY
23	152	248	-0.5047632655341368	DESCRIPTIVE_ONLY_OBSERVER_SCALE_GEOMETRY
23	153	248	-0.4422011962971789	DESCRIPTIVE_ONLY_OBSERVER_SCALE_GEOMETRY
23	154	248	-0.5371856441928956	DESCRIPTIVE_ONLY_OBSERVER_SCALE_GEOMETRY
23	155	248	-0.45502517320207	DESCRIPTIVE_ONLY_OBSERVER_SCALE_GEOMETRY
23	156	248	-0.45692072962188296	DESCRIPTIVE_ONLY_OBSERVER_SCALE_GEOMETRY
23	157	248	-0.4345818290891619	DESCRIPTIVE_ONLY_OBSERVER_SCALE_GEOMETRY
23	158	248	-0.5071201919229491	DESCRIPTIVE_ONLY_OBSERVER_SCALE_GEOMETRY
23	159	248	-0.4932808485025602	DESCRIPTIVE_ONLY_OBSERVER_SCALE_GEOMETRY
23	160	248	-0.40799918188728834	DESCRIPTIVE_ONLY_OBSERVER_SCALE_GEOMETRY
23	161	248	-0.4911332376431754	DESCRIPTIVE_ONLY_OBSERVER_SCALE_GEOMETRY
23	162	248	-0.5574478817782701	DESCRIPTIVE_ONLY_OBSERVER_SCALE_GEOMETRY
23	163	248	-0.39760167758468146	DESCRIPTIVE_ONLY_OBSERVER_SCALE_GEOMETRY
23	164	248	-0.44687679026761157	DESCRIPTIVE_ONLY_OBSERVER_SCALE_GEOMETRY
23	165	248	-0.5100297547340958	DESCRIPTIVE_ONLY_OBSERVER_SCALE_GEOMETRY
23	166	248	-0.42900523660126877	DESCRIPTIVE_ONLY_OBSERVER_SCALE_GEOMETRY
23	167	248	-0.5168739988717791	DESCRIPTIVE_ONLY_OBSERVER_SCALE_GEOMETRY
23	168	248	-0.4236960314806673	DESCRIPTIVE_ONLY_OBSERVER_SCALE_GEOMETRY
23	169	248	-0.49857813225433595	DESCRIPTIVE_ONLY_OBSERVER_SCALE_GEOMETRY
23	170	248	-0.5085465955938744	DESCRIPTIVE_ONLY_OBSERVER_SCALE_GEOMETRY
23	171	248	-0.4282698085583772	DESCRIPTIVE_ONLY_OBSERVER_SCALE_GEOMETRY
23	172	248	-0.46223545029686414	DESCRIPTIVE_ONLY_OBSERVER_SCALE_GEOMETRY
23	173	248	-0.45563293202959065	DESCRIPTIVE_ONLY_OBSERVER_SCALE_GEOMETRY
23	174	248	-0.482558930278122	DESCRIPTIVE_ONLY_OBSERVER_SCALE_GEOMETRY
23	175	248	-0.4721322332272171	DESCRIPTIVE_ONLY_OBSERVER_SCALE_GEOMETRY
23	176	248	-0.508977246575158	DESCRIPTIVE_ONLY_OBSERVER_SCALE_GEOMETRY
23	177	248	-0.4310778506941864	DESCRIPTIVE_ONLY_OBSERVER_SCALE_GEOMETRY
23	178	247	0.8259995389176048	DESCRIPTIVE_ONLY_OBSERVER_SCALE_GEOMETRY
23	179	247	-5.832893673113537	DESCRIPTIVE_ONLY_OBSERVER_SCALE_GEOMETRY
23	180	247	3.9050797725551787	DESCRIPTIVE_ONLY_OBSERVER_SCALE_GEOMETRY
23	181	247	-0.6262775418195545	DESCRIPTIVE_ONLY_OBSERVER_SCALE_GEOMETRY
23	182	247	-0.864681533519976	DESCRIPTIVE_ONLY_OBSERVER_SCALE_GEOMETRY
23	183	247	-0.7801604676104208	DESCRIPTIVE_ONLY_OBSERVER_SCALE_GEOMETRY
23	184	247	-0.45844392363932845	DESCRIPTIVE_ONLY_OBSERVER_SCALE_GEOMETRY
23	185	247	0.6107068721575526	DESCRIPTIVE_ONLY_OBSERVER_SCALE_GEOMETRY
23	186	247	0.0540406757294944	DESCRIPTIVE_ONLY_OBSERVER_SCALE_GEOMETRY
23	187	247	-0.4724753566458234	DESCRIPTIVE_ONLY_OBSERVER_SCALE_GEOMETRY
23	188	247	0.13602679793269037	DESCRIPTIVE_ONLY_OBSERVER_SCALE_GEOMETRY
23	189	247	-0.09453435318065852	DESCRIPTIVE_ONLY_OBSERVER_SCALE_GEOMETRY
23	190	247	-0.06623287888105078	DESCRIPTIVE_ONLY_OBSERVER_SCALE_GEOMETRY
23	191	247	-0.05962410738820698	DESCRIPTIVE_ONLY_OBSERVER_SCALE_GEOMETRY
23	192	246	-0.06350022915016026	DESCRIPTIVE_ONLY_OBSERVER_SCALE_GEOMETRY
23	193	246	-0.09835472929746375	DESCRIPTIVE_ONLY_OBSERVER_SCALE_GEOMETRY
23	194	246	-0.10645945480079441	DESCRIPTIVE_ONLY_OBSERVER_SCALE_GEOMETRY
23	195	246	-0.09271316567717004	DESCRIPTIVE_ONLY_OBSERVER_SCALE_GEOMETRY
23	196	246	-0.10906050544007233	DESCRIPTIVE_ONLY_OBSERVER_SCALE_GEOMETRY
23	197	246	-0.1019773314469332	DESCRIPTIVE_ONLY_OBSERVER_SCALE_GEOMETRY
23	198	246	0.10012266267267489	DESCRIPTIVE_ONLY_OBSERVER_SCALE_GEOMETRY
23	199	246	-0.18805674043798581	DESCRIPTIVE_ONLY_OBSERVER_SCALE_GEOMETRY
23	200	246	-0.02026222867370429	DESCRIPTIVE_ONLY_OBSERVER_SCALE_GEOMETRY
23	201	246	-0.12755381325351497	DESCRIPTIVE_ONLY_OBSERVER_SCALE_GEOMETRY
23	202	246	-0.11294514957748295	DESCRIPTIVE_ONLY_OBSERVER_SCALE_GEOMETRY
23	203	246	0.016343948293741535	DESCRIPTIVE_ONLY_OBSERVER_SCALE_GEOMETRY
23	204	246	-0.18726744259668263	DESCRIPTIVE_ONLY_OBSERVER_SCALE_GEOMETRY
23	205	246	0.019630559285027657	DESCRIPTIVE_ONLY_OBSERVER_SCALE_GEOMETRY
23	206	246	-0.16506650352413796	DESCRIPTIVE_ONLY_OBSERVER_SCALE_GEOMETRY
23	207	246	-0.04965317438484526	DESCRIPTIVE_ONLY_OBSERVER_SCALE_GEOMETRY
23	208	246	-0.0003445289924942415	DESCRIPTIVE_ONLY_OBSERVER_SCALE_GEOMETRY
23	209	246	-0.17171002691999485	DESCRIPTIVE_ONLY_OBSERVER_SCALE_GEOMETRY
23	210	246	-0.012420666968265584	DESCRIPTIVE_ONLY_OBSERVER_SCALE_GEOMETRY
23	211	246	-0.1031177474802747	DESCRIPTIVE_ONLY_OBSERVER_SCALE_GEOMETRY
23	212	246	-0.10638296859654325	DESCRIPTIVE_ONLY_OBSERVER_SCALE_GEOMETRY
23	213	246	0.05205255736785706	DESCRIPTIVE_ONLY_OBSERVER_SCALE_GEOMETRY
23	214	246	-0.23030534843266198	DESCRIPTIVE_ONLY_OBSERVER_SCALE_GEOMETRY
23	215	246	-0.12368142331716817	DESCRIPTIVE_ONLY_OBSERVER_SCALE_GEOMETRY
23	216	246	0.02171919164052258	DESCRIPTIVE_ONLY_OBSERVER_SCALE_GEOMETRY
23	217	246	-0.02311223125958863	DESCRIPTIVE_ONLY_OBSERVER_SCALE_GEOMETRY
23	218	246	-0.2246706689477184	DESCRIPTIVE_ONLY_OBSERVER_SCALE_GEOMETRY
23	219	246	-0.03281764035115902	DESCRIPTIVE_ONLY_OBSERVER_SCALE_GEOMETRY
23	220	246	-0.05790605359368628	DESCRIPTIVE_ONLY_OBSERVER_SCALE_GEOMETRY
23	221	246	-0.0769276169630186	DESCRIPTIVE_ONLY_OBSERVER_SCALE_GEOMETRY
23	222	246	-0.11535872292069402	DESCRIPTIVE_ONLY_OBSERVER_SCALE_GEOMETRY
23	223	246	-0.006804792709550717	DESCRIPTIVE_ONLY_OBSERVER_SCALE_GEOMETRY
23	224	246	-0.08843177553719864	DESCRIPTIVE_ONLY_OBSERVER_SCALE_GEOMETRY
23	225	246	-0.14825183980252818	DESCRIPTIVE_ONLY_OBSERVER_SCALE_GEOMETRY
23	226	246	-0.1375164769493146	DESCRIPTIVE_ONLY_OBSERVER_SCALE_GEOMETRY
23	227	246	0.0445908513187261	DESCRIPTIVE_ONLY_OBSERVER_SCALE_GEOMETRY
23	228	246	-0.14113259573573403	DESCRIPTIVE_ONLY_OBSERVER_SCALE_GEOMETRY
23	229	246	-0.12912643414556368	DESCRIPTIVE_ONLY_OBSERVER_SCALE_GEOMETRY
23	230	246	0.06381035900838235	DESCRIPTIVE_ONLY_OBSERVER_SCALE_GEOMETRY
23	231	246	-0.1965270085707611	DESCRIPTIVE_ONLY_OBSERVER_SCALE_GEOMETRY
23	232	246	-0.031107545422675673	DESCRIPTIVE_ONLY_OBSERVER_SCALE_GEOMETRY
23	233	246	-0.0839786229116528	DESCRIPTIVE_ONLY_OBSERVER_SCALE_GEOMETRY
23	234	246	-0.06096060852991555	DESCRIPTIVE_ONLY_OBSERVER_SCALE_GEOMETRY
23	235	246	-0.12627622874070166	DESCRIPTIVE_ONLY_OBSERVER_SCALE_GEOMETRY
23	236	246	-0.04389164007215783	DESCRIPTIVE_ONLY_OBSERVER_SCALE_GEOMETRY
23	237	246	-0.13671832309826773	DESCRIPTIVE_ONLY_OBSERVER_SCALE_GEOMETRY
23	238	246	0.06030363470162492	DESCRIPTIVE_ONLY_OBSERVER_SCALE_GEOMETRY
23	239	246	-0.18998883334669145	DESCRIPTIVE_ONLY_OBSERVER_SCALE_GEOMETRY
23	240	246	-0.04762067577272794	DESCRIPTIVE_ONLY_OBSERVER_SCALE_GEOMETRY
23	241	246	4.566609150807408	DESCRIPTIVE_ONLY_OBSERVER_SCALE_GEOMETRY
23	242	246	0.7787292711228471	DESCRIPTIVE_ONLY_OBSERVER_SCALE_GEOMETRY
23	243	245	1.341882564887121	DESCRIPTIVE_ONLY_OBSERVER_SCALE_GEOMETRY
23	244	245	0.8867873973484703	DESCRIPTIVE_ONLY_OBSERVER_SCALE_GEOMETRY
23	245	245	0.7308975258712807	DESCRIPTIVE_ONLY_OBSERVER_SCALE_GEOMETRY
23	246	245	0.8822042005895684	DESCRIPTIVE_ONLY_OBSERVER_SCALE_GEOMETRY
23	247	245	1.0029784116110692	DESCRIPTIVE_ONLY_OBSERVER_SCALE_GEOMETRY
23	248	245	0.8690161025760936	DESCRIPTIVE_ONLY_OBSERVER_SCALE_GEOMETRY
23	249	245	1.051305282086968	DESCRIPTIVE_ONLY_OBSERVER_SCALE_GEOMETRY
23	250	245	0.8654263945794977	DESCRIPTIVE_ONLY_OBSERVER_SCALE_GEOMETRY
23	251	245	0.9907356935079356	DESCRIPTIVE_ONLY_OBSERVER_SCALE_GEOMETRY
23	252	245	0.9559875842571349	DESCRIPTIVE_ONLY_OBSERVER_SCALE_GEOMETRY
23	253	245	0.8843696721006661	DESCRIPTIVE_ONLY_OBSERVER_SCALE_GEOMETRY
23	254	245	1.0304548037174484	DESCRIPTIVE_ONLY_OBSERVER_SCALE_GEOMETRY
23	255	244	0.816137298451649	DESCRIPTIVE_ONLY_OBSERVER_SCALE_GEOMETRY
23	256	244	1.0524610677731971	DESCRIPTIVE_ONLY_OBSERVER_SCALE_GEOMETRY
23	257	243	1.4270979703888216	DESCRIPTIVE_ONLY_OBSERVER_SCALE_GEOMETRY
23	258	243	0.5163599231943726	DESCRIPTIVE_ONLY_OBSERVER_SCALE_GEOMETRY
23	259	242	0.8034951345834973	DESCRIPTIVE_ONLY_OBSERVER_SCALE_GEOMETRY
23	260	242	1.089304278520888	DESCRIPTIVE_ONLY_OBSERVER_SCALE_GEOMETRY
23	261	242	0.7465234255522474	DESCRIPTIVE_ONLY_OBSERVER_SCALE_GEOMETRY
23	262	242	1.1342992385717034	DESCRIPTIVE_ONLY_OBSERVER_SCALE_GEOMETRY
23	263	242	0.8310238756256105	DESCRIPTIVE_ONLY_OBSERVER_SCALE_GEOMETRY
23	264	242	1.0283665849867023	DESCRIPTIVE_ONLY_OBSERVER_SCALE_GEOMETRY
23	265	242	0.8788406630221854	DESCRIPTIVE_ONLY_OBSERVER_SCALE_GEOMETRY
23	266	242	1.008685626431698	DESCRIPTIVE_ONLY_OBSERVER_SCALE_GEOMETRY
23	267	242	0.9869640226319535	DESCRIPTIVE_ONLY_OBSERVER_SCALE_GEOMETRY
23	268	242	1.0083228034931908	DESCRIPTIVE_ONLY_OBSERVER_SCALE_GEOMETRY
23	269	242	0.8900049418552846	DESCRIPTIVE_ONLY_OBSERVER_SCALE_GEOMETRY
23	270	242	0.9900810090276003	DESCRIPTIVE_ONLY_OBSERVER_SCALE_GEOMETRY
23	271	242	0.8871401335169962	DESCRIPTIVE_ONLY_OBSERVER_SCALE_GEOMETRY
23	272	242	0.9947188547210135	DESCRIPTIVE_ONLY_OBSERVER_SCALE_GEOMETRY
23	273	242	0.9400262450347324	DESCRIPTIVE_ONLY_OBSERVER_SCALE_GEOMETRY
23	274	242	0.9979758293346693	DESCRIPTIVE_ONLY_OBSERVER_SCALE_GEOMETRY
23	275	242	0.886546830241046	DESCRIPTIVE_ONLY_OBSERVER_SCALE_GEOMETRY
23	276	242	1.0404242146780636	DESCRIPTIVE_ONLY_OBSERVER_SCALE_GEOMETRY
23	277	242	1.0506786487021331	DESCRIPTIVE_ONLY_OBSERVER_SCALE_GEOMETRY
23	278	242	0.8016428434787681	DESCRIPTIVE_ONLY_OBSERVER_SCALE_GEOMETRY
23	279	242	1.0606822207895479	DESCRIPTIVE_ONLY_OBSERVER_SCALE_GEOMETRY
23	280	242	0.9394108164638875	DESCRIPTIVE_ONLY_OBSERVER_SCALE_GEOMETRY
23	281	242	0.9250618948920053	DESCRIPTIVE_ONLY_OBSERVER_SCALE_GEOMETRY
23	282	242	0.9381004766465215	DESCRIPTIVE_ONLY_OBSERVER_SCALE_GEOMETRY
23	283	242	1.0838487006058344	DESCRIPTIVE_ONLY_OBSERVER_SCALE_GEOMETRY
23	284	242	0.9131129403771787	DESCRIPTIVE_ONLY_OBSERVER_SCALE_GEOMETRY
23	285	242	0.9488484338149658	DESCRIPTIVE_ONLY_OBSERVER_SCALE_GEOMETRY
23	286	242	0.9606122711604065	DESCRIPTIVE_ONLY_OBSERVER_SCALE_GEOMETRY
23	287	242	1.0345513419317116	DESCRIPTIVE_ONLY_OBSERVER_SCALE_GEOMETRY
23	288	241	0.8157535958031839	DESCRIPTIVE_ONLY_OBSERVER_SCALE_GEOMETRY
23	289	241	1.1302062111036002	DESCRIPTIVE_ONLY_OBSERVER_SCALE_GEOMETRY
23	290	241	0.8207222552574677	DESCRIPTIVE_ONLY_OBSERVER_SCALE_GEOMETRY
23	291	241	0.9634593301700407	DESCRIPTIVE_ONLY_OBSERVER_SCALE_GEOMETRY
23	292	241	0.9595989788041038	DESCRIPTIVE_ONLY_OBSERVER_SCALE_GEOMETRY
23	293	241	0.9583573313803625	DESCRIPTIVE_ONLY_OBSERVER_SCALE_GEOMETRY
23	294	241	0.9756142120358271	DESCRIPTIVE_ONLY_OBSERVER_SCALE_GEOMETRY
23	295	241	0.9780836425653233	DESCRIPTIVE_ONLY_OBSERVER_SCALE_GEOMETRY
23	296	241	0.9603874338116676	DESCRIPTIVE_ONLY_OBSERVER_SCALE_GEOMETRY
23	297	240	0.8862696979321892	DESCRIPTIVE_ONLY_OBSERVER_SCALE_GEOMETRY
23	298	240	3.3416617798631267	DESCRIPTIVE_ONLY_OBSERVER_SCALE_GEOMETRY
23	299	240	-10.289778685453676	DESCRIPTIVE_ONLY_OBSERVER_SCALE_GEOMETRY
23	300	240	9.884913007121346	DESCRIPTIVE_ONLY_OBSERVER_SCALE_GEOMETRY
23	301	240	5.363338795378982	DESCRIPTIVE_ONLY_OBSERVER_SCALE_GEOMETRY
23	302	239	2.9714969902878114	DESCRIPTIVE_ONLY_OBSERVER_SCALE_GEOMETRY
23	303	239	2.439088075634761	DESCRIPTIVE_ONLY_OBSERVER_SCALE_GEOMETRY
23	304	239	2.5921994745085604	DESCRIPTIVE_ONLY_OBSERVER_SCALE_GEOMETRY
23	305	239	2.658700917162232	DESCRIPTIVE_ONLY_OBSERVER_SCALE_GEOMETRY
23	306	239	2.7422677379537554	DESCRIPTIVE_ONLY_OBSERVER_SCALE_GEOMETRY
23	307	239	2.6234935506569	DESCRIPTIVE_ONLY_OBSERVER_SCALE_GEOMETRY
23	308	239	2.734124690653564	DESCRIPTIVE_ONLY_OBSERVER_SCALE_GEOMETRY
23	309	239	2.66368382257201	DESCRIPTIVE_ONLY_OBSERVER_SCALE_GEOMETRY
23	310	239	2.6610941423217627	DESCRIPTIVE_ONLY_OBSERVER_SCALE_GEOMETRY
23	311	239	2.7196598492353643	DESCRIPTIVE_ONLY_OBSERVER_SCALE_GEOMETRY
23	312	239	2.6371436253445535	DESCRIPTIVE_ONLY_OBSERVER_SCALE_GEOMETRY
23	313	239	2.606700973637077	DESCRIPTIVE_ONLY_OBSERVER_SCALE_GEOMETRY
23	314	239	2.703432803233629	DESCRIPTIVE_ONLY_OBSERVER_SCALE_GEOMETRY
23	315	239	2.5963030332919357	DESCRIPTIVE_ONLY_OBSERVER_SCALE_GEOMETRY
23	316	238	2.7277460613781015	DESCRIPTIVE_ONLY_OBSERVER_SCALE_GEOMETRY
23	317	237	3.4915044666276436	DESCRIPTIVE_ONLY_OBSERVER_SCALE_GEOMETRY
23	318	237	1.8716556923436187	DESCRIPTIVE_ONLY_OBSERVER_SCALE_GEOMETRY
23	319	237	2.646984683508883	DESCRIPTIVE_ONLY_OBSERVER_SCALE_GEOMETRY
23	320	237	2.650886696708948	DESCRIPTIVE_ONLY_OBSERVER_SCALE_GEOMETRY
23	321	237	2.8349745703555747	DESCRIPTIVE_ONLY_OBSERVER_SCALE_GEOMETRY
23	322	237	2.6595166998796573	DESCRIPTIVE_ONLY_OBSERVER_SCALE_GEOMETRY
23	323	237	2.639454641943648	DESCRIPTIVE_ONLY_OBSERVER_SCALE_GEOMETRY
23	324	237	2.704476089683768	DESCRIPTIVE_ONLY_OBSERVER_SCALE_GEOMETRY
23	325	237	2.7208412809980955	DESCRIPTIVE_ONLY_OBSERVER_SCALE_GEOMETRY
23	326	237	2.5964857969820616	DESCRIPTIVE_ONLY_OBSERVER_SCALE_GEOMETRY
23	327	237	2.774917445684502	DESCRIPTIVE_ONLY_OBSERVER_SCALE_GEOMETRY
23	328	237	2.581324282814923	DESCRIPTIVE_ONLY_OBSERVER_SCALE_GEOMETRY
23	329	237	2.849343689590936	DESCRIPTIVE_ONLY_OBSERVER_SCALE_GEOMETRY
23	330	237	2.6133401141410295	DESCRIPTIVE_ONLY_OBSERVER_SCALE_GEOMETRY
23	331	237	2.73372111994358	DESCRIPTIVE_ONLY_OBSERVER_SCALE_GEOMETRY
23	332	237	2.673808921286181	DESCRIPTIVE_ONLY_OBSERVER_SCALE_GEOMETRY
23	333	237	2.763070704043313	DESCRIPTIVE_ONLY_OBSERVER_SCALE_GEOMETRY
23	334	237	2.71652869940228	DESCRIPTIVE_ONLY_OBSERVER_SCALE_GEOMETRY
23	335	237	2.625796087096829	DESCRIPTIVE_ONLY_OBSERVER_SCALE_GEOMETRY
23	336	237	2.7571100870308465	DESCRIPTIVE_ONLY_OBSERVER_SCALE_GEOMETRY
23	337	237	2.6741015369510355	DESCRIPTIVE_ONLY_OBSERVER_SCALE_GEOMETRY
23	338	237	2.769718937039099	DESCRIPTIVE_ONLY_OBSERVER_SCALE_GEOMETRY
23	339	237	2.711608000574092	DESCRIPTIVE_ONLY_OBSERVER_SCALE_GEOMETRY
23	340	236	2.650395592980025	DESCRIPTIVE_ONLY_OBSERVER_SCALE_GEOMETRY
23	341	236	2.7080363637683416	DESCRIPTIVE_ONLY_OBSERVER_SCALE_GEOMETRY
23	342	236	2.7642854877049743	DESCRIPTIVE_ONLY_OBSERVER_SCALE_GEOMETRY
23	343	236	2.6753464857829665	DESCRIPTIVE_ONLY_OBSERVER_SCALE_GEOMETRY
23	344	236	2.7941129894574335	DESCRIPTIVE_ONLY_OBSERVER_SCALE_GEOMETRY
23	345	236	2.6042057905449716	DESCRIPTIVE_ONLY_OBSERVER_SCALE_GEOMETRY
23	346	236	2.7423469526580377	DESCRIPTIVE_ONLY_OBSERVER_SCALE_GEOMETRY
23	347	236	2.806718216406369	DESCRIPTIVE_ONLY_OBSERVER_SCALE_GEOMETRY
23	348	236	2.6550516561087174	DESCRIPTIVE_ONLY_OBSERVER_SCALE_GEOMETRY
23	349	236	2.606143398680083	DESCRIPTIVE_ONLY_OBSERVER_SCALE_GEOMETRY
23	350	235	2.8848749287146616	DESCRIPTIVE_ONLY_OBSERVER_SCALE_GEOMETRY
23	351	235	2.644094296482373	DESCRIPTIVE_ONLY_OBSERVER_SCALE_GEOMETRY
23	352	235	2.7689302229145505	DESCRIPTIVE_ONLY_OBSERVER_SCALE_GEOMETRY
23	353	235	2.6153723982506305	DESCRIPTIVE_ONLY_OBSERVER_SCALE_GEOMETRY
23	354	235	2.856932302001934	DESCRIPTIVE_ONLY_OBSERVER_SCALE_GEOMETRY
23	355	235	2.6707572336230374	DESCRIPTIVE_ONLY_OBSERVER_SCALE_GEOMETRY
23	356	235	2.7115003185453115	DESCRIPTIVE_ONLY_OBSERVER_SCALE_GEOMETRY
23	357	235	2.763767446688518	DESCRIPTIVE_ONLY_OBSERVER_SCALE_GEOMETRY
23	358	235	2.7512783170405872	DESCRIPTIVE_ONLY_OBSERVER_SCALE_GEOMETRY
23	359	235	2.701921941722837	DESCRIPTIVE_ONLY_OBSERVER_SCALE_GEOMETRY
23	360	235	2.7450227165888528	DESCRIPTIVE_ONLY_OBSERVER_SCALE_GEOMETRY
23	361	235	-5.284643306131536	DESCRIPTIVE_ONLY_OBSERVER_SCALE_GEOMETRY
23	362	235	-1.0093489160743117	DESCRIPTIVE_ONLY_OBSERVER_SCALE_GEOMETRY
23	363	235	-1.3746092253931486	DESCRIPTIVE_ONLY_OBSERVER_SCALE_GEOMETRY
23	364	235	-1.041621005173813	DESCRIPTIVE_ONLY_OBSERVER_SCALE_GEOMETRY
23	365	235	-1.220580399524269	DESCRIPTIVE_ONLY_OBSERVER_SCALE_GEOMETRY
23	366	235	-1.1945379088111234	DESCRIPTIVE_ONLY_OBSERVER_SCALE_GEOMETRY
24	1	257	2.2451410654681863	DESCRIPTIVE_ONLY_OBSERVER_SCALE_GEOMETRY
24	2	257	2.2686435917881	DESCRIPTIVE_ONLY_OBSERVER_SCALE_GEOMETRY
24	3	257	2.2479746054112466	DESCRIPTIVE_ONLY_OBSERVER_SCALE_GEOMETRY
24	4	257	2.2718879283936957	DESCRIPTIVE_ONLY_OBSERVER_SCALE_GEOMETRY
24	5	257	2.283439829297424	DESCRIPTIVE_ONLY_OBSERVER_SCALE_GEOMETRY
24	6	257	2.2221136958694707	DESCRIPTIVE_ONLY_OBSERVER_SCALE_GEOMETRY
24	7	257	2.2660091031172946	DESCRIPTIVE_ONLY_OBSERVER_SCALE_GEOMETRY
24	8	257	2.2319432185841936	DESCRIPTIVE_ONLY_OBSERVER_SCALE_GEOMETRY
24	9	257	2.2643858889908275	DESCRIPTIVE_ONLY_OBSERVER_SCALE_GEOMETRY
24	10	256	2.260594804907618	DESCRIPTIVE_ONLY_OBSERVER_SCALE_GEOMETRY
24	11	256	2.2839335276427306	DESCRIPTIVE_ONLY_OBSERVER_SCALE_GEOMETRY
24	12	255	2.280107682717785	DESCRIPTIVE_ONLY_OBSERVER_SCALE_GEOMETRY
24	13	255	2.2517746033758304	DESCRIPTIVE_ONLY_OBSERVER_SCALE_GEOMETRY
24	14	255	2.3054697863716855	DESCRIPTIVE_ONLY_OBSERVER_SCALE_GEOMETRY
24	15	255	2.2547191296642533	DESCRIPTIVE_ONLY_OBSERVER_SCALE_GEOMETRY
24	16	255	5.24667568111371	DESCRIPTIVE_ONLY_OBSERVER_SCALE_GEOMETRY
24	17	255	-0.7655109505036156	DESCRIPTIVE_ONLY_OBSERVER_SCALE_GEOMETRY
24	18	255	2.3705876351715647	DESCRIPTIVE_ONLY_OBSERVER_SCALE_GEOMETRY
24	19	255	2.3217398670520093	DESCRIPTIVE_ONLY_OBSERVER_SCALE_GEOMETRY
24	20	255	2.2332972555533885	DESCRIPTIVE_ONLY_OBSERVER_SCALE_GEOMETRY
24	21	255	2.3303297311234368	DESCRIPTIVE_ONLY_OBSERVER_SCALE_GEOMETRY
24	22	255	10.549715077189065	DESCRIPTIVE_ONLY_OBSERVER_SCALE_GEOMETRY
24	23	255	-5.780906840697417	DESCRIPTIVE_ONLY_OBSERVER_SCALE_GEOMETRY
24	24	255	1.6498540108516673	DESCRIPTIVE_ONLY_OBSERVER_SCALE_GEOMETRY
24	25	255	2.362095674088955	DESCRIPTIVE_ONLY_OBSERVER_SCALE_GEOMETRY
24	26	255	2.2310987691606132	DESCRIPTIVE_ONLY_OBSERVER_SCALE_GEOMETRY
24	27	255	2.561149095658109	DESCRIPTIVE_ONLY_OBSERVER_SCALE_GEOMETRY
24	28	254	2.4109723251558415	DESCRIPTIVE_ONLY_OBSERVER_SCALE_GEOMETRY
24	29	254	2.2260352274540467	DESCRIPTIVE_ONLY_OBSERVER_SCALE_GEOMETRY
24	30	254	2.302670164230301	DESCRIPTIVE_ONLY_OBSERVER_SCALE_GEOMETRY
24	31	254	2.289886580608266	DESCRIPTIVE_ONLY_OBSERVER_SCALE_GEOMETRY
24	32	254	2.3026302655389967	DESCRIPTIVE_ONLY_OBSERVER_SCALE_GEOMETRY
24	33	254	2.228702632786212	DESCRIPTIVE_ONLY_OBSERVER_SCALE_GEOMETRY
24	34	254	2.374260396969291	DESCRIPTIVE_ONLY_OBSERVER_SCALE_GEOMETRY
24	35	254	2.313294119610019	DESCRIPTIVE_ONLY_OBSERVER_SCALE_GEOMETRY
24	36	254	2.254227390849039	DESCRIPTIVE_ONLY_OBSERVER_SCALE_GEOMETRY
24	37	254	2.276189416945307	DESCRIPTIVE_ONLY_OBSERVER_SCALE_GEOMETRY
24	38	254	2.3747308642874008	DESCRIPTIVE_ONLY_OBSERVER_SCALE_GEOMETRY
24	39	254	2.208135723663569	DESCRIPTIVE_ONLY_OBSERVER_SCALE_GEOMETRY
24	40	254	2.3400831091796475	DESCRIPTIVE_ONLY_OBSERVER_SCALE_GEOMETRY
24	41	253	2.257194551311889	DESCRIPTIVE_ONLY_OBSERVER_SCALE_GEOMETRY
24	42	253	2.3241459996755838	DESCRIPTIVE_ONLY_OBSERVER_SCALE_GEOMETRY
24	43	253	2.306659632838732	DESCRIPTIVE_ONLY_OBSERVER_SCALE_GEOMETRY
24	44	253	2.3046210904735633	DESCRIPTIVE_ONLY_OBSERVER_SCALE_GEOMETRY
24	45	253	2.294793293347996	DESCRIPTIVE_ONLY_OBSERVER_SCALE_GEOMETRY
24	46	253	2.317179043360165	DESCRIPTIVE_ONLY_OBSERVER_SCALE_GEOMETRY
24	47	253	2.250523304515652	DESCRIPTIVE_ONLY_OBSERVER_SCALE_GEOMETRY
24	48	253	2.35329463156323	DESCRIPTIVE_ONLY_OBSERVER_SCALE_GEOMETRY
24	49	253	2.2409949633879473	DESCRIPTIVE_ONLY_OBSERVER_SCALE_GEOMETRY
24	50	253	2.290767378060133	DESCRIPTIVE_ONLY_OBSERVER_SCALE_GEOMETRY
24	51	253	2.304907591225392	DESCRIPTIVE_ONLY_OBSERVER_SCALE_GEOMETRY
24	52	253	2.2332360435917065	DESCRIPTIVE_ONLY_OBSERVER_SCALE_GEOMETRY
24	53	253	2.348400757185134	DESCRIPTIVE_ONLY_OBSERVER_SCALE_GEOMETRY
24	54	253	2.3067459516070117	DESCRIPTIVE_ONLY_OBSERVER_SCALE_GEOMETRY
24	55	253	2.3470399374892743	DESCRIPTIVE_ONLY_OBSERVER_SCALE_GEOMETRY
24	56	253	2.2124876928969543	DESCRIPTIVE_ONLY_OBSERVER_SCALE_GEOMETRY
24	57	253	1.0273546094881925	DESCRIPTIVE_ONLY_OBSERVER_SCALE_GEOMETRY
24	58	253	5.378865003314082	DESCRIPTIVE_ONLY_OBSERVER_SCALE_GEOMETRY
24	59	253	0.8440626016349078	DESCRIPTIVE_ONLY_OBSERVER_SCALE_GEOMETRY
24	60	252	1.43836266712414	DESCRIPTIVE_ONLY_OBSERVER_SCALE_GEOMETRY
24	61	252	-0.9654386230776443	DESCRIPTIVE_ONLY_OBSERVER_SCALE_GEOMETRY
24	62	252	-1.9966219072946472	DESCRIPTIVE_ONLY_OBSERVER_SCALE_GEOMETRY
24	63	252	-2.109351742572124	DESCRIPTIVE_ONLY_OBSERVER_SCALE_GEOMETRY
24	64	252	-1.917539553091069	DESCRIPTIVE_ONLY_OBSERVER_SCALE_GEOMETRY
24	65	252	-2.067214308495425	DESCRIPTIVE_ONLY_OBSERVER_SCALE_GEOMETRY
24	66	252	-2.0263246826645447	DESCRIPTIVE_ONLY_OBSERVER_SCALE_GEOMETRY
24	67	252	-1.9795858574298224	DESCRIPTIVE_ONLY_OBSERVER_SCALE_GEOMETRY
24	68	252	-2.052383478702593	DESCRIPTIVE_ONLY_OBSERVER_SCALE_GEOMETRY
24	69	252	-1.9589301214921744	DESCRIPTIVE_ONLY_OBSERVER_SCALE_GEOMETRY
24	70	252	-2.076874001642115	DESCRIPTIVE_ONLY_OBSERVER_SCALE_GEOMETRY
24	71	252	-2.0253796277028813	DESCRIPTIVE_ONLY_OBSERVER_SCALE_GEOMETRY
24	72	252	-1.9931443144845338	DESCRIPTIVE_ONLY_OBSERVER_SCALE_GEOMETRY
24	73	252	-1.995451516467001	DESCRIPTIVE_ONLY_OBSERVER_SCALE_GEOMETRY
24	74	252	-2.05146024449637	DESCRIPTIVE_ONLY_OBSERVER_SCALE_GEOMETRY
24	75	252	-1.975130524159041	DESCRIPTIVE_ONLY_OBSERVER_SCALE_GEOMETRY
24	76	252	-2.040332489495068	DESCRIPTIVE_ONLY_OBSERVER_SCALE_GEOMETRY
24	77	252	-1.9611377120613414	DESCRIPTIVE_ONLY_OBSERVER_SCALE_GEOMETRY
24	78	252	-2.0335946792353194	DESCRIPTIVE_ONLY_OBSERVER_SCALE_GEOMETRY
24	79	252	-2.066321285844592	DESCRIPTIVE_ONLY_OBSERVER_SCALE_GEOMETRY
24	80	252	-1.999263706593863	DESCRIPTIVE_ONLY_OBSERVER_SCALE_GEOMETRY
24	81	252	-1.9756957329049483	DESCRIPTIVE_ONLY_OBSERVER_SCALE_GEOMETRY
24	82	252	-2.1372054935128157	DESCRIPTIVE_ONLY_OBSERVER_SCALE_GEOMETRY
24	83	252	-1.9082553356202892	DESCRIPTIVE_ONLY_OBSERVER_SCALE_GEOMETRY
24	84	252	-2.07736296850435	DESCRIPTIVE_ONLY_OBSERVER_SCALE_GEOMETRY
24	85	252	-1.9523761641690167	DESCRIPTIVE_ONLY_OBSERVER_SCALE_GEOMETRY
24	86	252	-2.0791055671477006	DESCRIPTIVE_ONLY_OBSERVER_SCALE_GEOMETRY
24	87	252	-2.125726183673441	DESCRIPTIVE_ONLY_OBSERVER_SCALE_GEOMETRY
24	88	252	-1.9712561923855705	DESCRIPTIVE_ONLY_OBSERVER_SCALE_GEOMETRY
24	89	252	-2.0653235257464093	DESCRIPTIVE_ONLY_OBSERVER_SCALE_GEOMETRY
24	90	252	-2.080398662714534	DESCRIPTIVE_ONLY_OBSERVER_SCALE_GEOMETRY
24	91	252	-2.0533415915598674	DESCRIPTIVE_ONLY_OBSERVER_SCALE_GEOMETRY
24	92	252	-1.998764531762867	DESCRIPTIVE_ONLY_OBSERVER_SCALE_GEOMETRY
24	93	252	-2.083460121905273	DESCRIPTIVE_ONLY_OBSERVER_SCALE_GEOMETRY
24	94	252	-2.0480333419493175	DESCRIPTIVE_ONLY_OBSERVER_SCALE_GEOMETRY
24	95	252	-2.0334185483455784	DESCRIPTIVE_ONLY_OBSERVER_SCALE_GEOMETRY
24	96	252	-2.046377351167672	DESCRIPTIVE_ONLY_OBSERVER_SCALE_GEOMETRY
24	97	252	-2.096760366341106	DESCRIPTIVE_ONLY_OBSERVER_SCALE_GEOMETRY
24	98	252	-1.9800054813037997	DESCRIPTIVE_ONLY_OBSERVER_SCALE_GEOMETRY
24	99	252	-1.9852960457009192	DESCRIPTIVE_ONLY_OBSERVER_SCALE_GEOMETRY
24	100	252	-2.08836473996671	DESCRIPTIVE_ONLY_OBSERVER_SCALE_GEOMETRY
24	101	252	-1.9917529617472423	DESCRIPTIVE_ONLY_OBSERVER_SCALE_GEOMETRY
24	102	252	-2.0562390726952677	DESCRIPTIVE_ONLY_OBSERVER_SCALE_GEOMETRY
24	103	252	-1.9762123877879942	DESCRIPTIVE_ONLY_OBSERVER_SCALE_GEOMETRY
24	104	252	-1.9643623948980087	DESCRIPTIVE_ONLY_OBSERVER_SCALE_GEOMETRY
24	105	252	-2.1286805094242993	DESCRIPTIVE_ONLY_OBSERVER_SCALE_GEOMETRY
24	106	251	-1.9809247937746515	DESCRIPTIVE_ONLY_OBSERVER_SCALE_GEOMETRY
24	107	251	-1.9934508516566574	DESCRIPTIVE_ONLY_OBSERVER_SCALE_GEOMETRY
24	108	251	-2.013513754714741	DESCRIPTIVE_ONLY_OBSERVER_SCALE_GEOMETRY
24	109	251	-2.078432594246854	DESCRIPTIVE_ONLY_OBSERVER_SCALE_GEOMETRY
24	110	251	-2.021306477761444	DESCRIPTIVE_ONLY_OBSERVER_SCALE_GEOMETRY
24	111	251	-1.96093611764988	DESCRIPTIVE_ONLY_OBSERVER_SCALE_GEOMETRY
24	112	251	-2.150247250372487	DESCRIPTIVE_ONLY_OBSERVER_SCALE_GEOMETRY
24	113	251	-1.995217664981483	DESCRIPTIVE_ONLY_OBSERVER_SCALE_GEOMETRY
24	114	251	-2.0143829493074272	DESCRIPTIVE_ONLY_OBSERVER_SCALE_GEOMETRY
24	115	250	-2.065619079199923	DESCRIPTIVE_ONLY_OBSERVER_SCALE_GEOMETRY
24	116	250	-1.9477651203404265	DESCRIPTIVE_ONLY_OBSERVER_SCALE_GEOMETRY
24	117	250	-2.065070886064304	DESCRIPTIVE_ONLY_OBSERVER_SCALE_GEOMETRY
24	118	250	-2.062242991480491	DESCRIPTIVE_ONLY_OBSERVER_SCALE_GEOMETRY
24	119	250	-2.013486993939531	DESCRIPTIVE_ONLY_OBSERVER_SCALE_GEOMETRY
24	120	250	-2.048330107524101	DESCRIPTIVE_ONLY_OBSERVER_SCALE_GEOMETRY
24	121	250	0.27737525156689674	DESCRIPTIVE_ONLY_OBSERVER_SCALE_GEOMETRY
24	122	250	0.5850157985314348	DESCRIPTIVE_ONLY_OBSERVER_SCALE_GEOMETRY
24	123	250	0.5341524663530341	DESCRIPTIVE_ONLY_OBSERVER_SCALE_GEOMETRY
24	124	250	0.4478975850167104	DESCRIPTIVE_ONLY_OBSERVER_SCALE_GEOMETRY
24	125	250	0.5588044437616352	DESCRIPTIVE_ONLY_OBSERVER_SCALE_GEOMETRY
24	126	250	0.5962063470443162	DESCRIPTIVE_ONLY_OBSERVER_SCALE_GEOMETRY
24	127	249	0.46232022461793465	DESCRIPTIVE_ONLY_OBSERVER_SCALE_GEOMETRY
24	128	249	0.5508750881496496	DESCRIPTIVE_ONLY_OBSERVER_SCALE_GEOMETRY
24	129	249	0.5245286102624784	DESCRIPTIVE_ONLY_OBSERVER_SCALE_GEOMETRY
24	130	249	0.603573441790267	DESCRIPTIVE_ONLY_OBSERVER_SCALE_GEOMETRY
24	131	249	0.4681093341723732	DESCRIPTIVE_ONLY_OBSERVER_SCALE_GEOMETRY
24	132	249	0.48400800027269475	DESCRIPTIVE_ONLY_OBSERVER_SCALE_GEOMETRY
24	133	249	0.5857860865412992	DESCRIPTIVE_ONLY_OBSERVER_SCALE_GEOMETRY
24	134	249	0.515011545537913	DESCRIPTIVE_ONLY_OBSERVER_SCALE_GEOMETRY
24	135	249	0.5440646384417225	DESCRIPTIVE_ONLY_OBSERVER_SCALE_GEOMETRY
24	136	249	1.63443658304511	DESCRIPTIVE_ONLY_OBSERVER_SCALE_GEOMETRY
24	137	249	-0.5497872796880392	DESCRIPTIVE_ONLY_OBSERVER_SCALE_GEOMETRY
24	138	248	0.5450541899520205	DESCRIPTIVE_ONLY_OBSERVER_SCALE_GEOMETRY
24	139	248	0.5389955391870473	DESCRIPTIVE_ONLY_OBSERVER_SCALE_GEOMETRY
24	140	248	0.5036351025958108	DESCRIPTIVE_ONLY_OBSERVER_SCALE_GEOMETRY
24	141	248	0.5298893504079133	DESCRIPTIVE_ONLY_OBSERVER_SCALE_GEOMETRY
24	142	248	0.5112957738924665	DESCRIPTIVE_ONLY_OBSERVER_SCALE_GEOMETRY
24	143	248	0.5417605087834392	DESCRIPTIVE_ONLY_OBSERVER_SCALE_GEOMETRY
24	144	248	0.5533190466741696	DESCRIPTIVE_ONLY_OBSERVER_SCALE_GEOMETRY
24	145	248	0.5411976649942901	DESCRIPTIVE_ONLY_OBSERVER_SCALE_GEOMETRY
24	146	248	0.5066743840912379	DESCRIPTIVE_ONLY_OBSERVER_SCALE_GEOMETRY
24	147	248	0.5371884472407354	DESCRIPTIVE_ONLY_OBSERVER_SCALE_GEOMETRY
24	148	248	0.5285273795971748	DESCRIPTIVE_ONLY_OBSERVER_SCALE_GEOMETRY
24	149	248	0.5099732819972206	DESCRIPTIVE_ONLY_OBSERVER_SCALE_GEOMETRY
24	150	248	0.5747090969058881	DESCRIPTIVE_ONLY_OBSERVER_SCALE_GEOMETRY
24	151	248	0.5086409901932807	DESCRIPTIVE_ONLY_OBSERVER_SCALE_GEOMETRY
24	152	248	0.5696394136022734	DESCRIPTIVE_ONLY_OBSERVER_SCALE_GEOMETRY
24	153	248	0.47584529934515424	DESCRIPTIVE_ONLY_OBSERVER_SCALE_GEOMETRY
24	154	248	0.5571984155151661	DESCRIPTIVE_ONLY_OBSERVER_SCALE_GEOMETRY
24	155	248	0.5391254447332535	DESCRIPTIVE_ONLY_OBSERVER_SCALE_GEOMETRY
24	156	248	0.5615451357682757	DESCRIPTIVE_ONLY_OBSERVER_SCALE_GEOMETRY
24	157	248	0.48892565801763194	DESCRIPTIVE_ONLY_OBSERVER_SCALE_GEOMETRY
24	158	248	0.5193769535331784	DESCRIPTIVE_ONLY_OBSERVER_SCALE_GEOMETRY
24	159	248	0.5896483541741834	DESCRIPTIVE_ONLY_OBSERVER_SCALE_GEOMETRY
24	160	248	0.5065021012430624	DESCRIPTIVE_ONLY_OBSERVER_SCALE_GEOMETRY
24	161	248	0.4551569078669798	DESCRIPTIVE_ONLY_OBSERVER_SCALE_GEOMETRY
24	162	248	0.6147271749010703	DESCRIPTIVE_ONLY_OBSERVER_SCALE_GEOMETRY
24	163	248	0.5499457115186037	DESCRIPTIVE_ONLY_OBSERVER_SCALE_GEOMETRY
24	164	248	0.48608121987700803	DESCRIPTIVE_ONLY_OBSERVER_SCALE_GEOMETRY
24	165	248	0.5680137327018271	DESCRIPTIVE_ONLY_OBSERVER_SCALE_GEOMETRY
24	166	248	0.49580913327380927	DESCRIPTIVE_ONLY_OBSERVER_SCALE_GEOMETRY
24	167	248	0.5720030802534741	DESCRIPTIVE_ONLY_OBSERVER_SCALE_GEOMETRY
24	168	248	0.49784903976161965	DESCRIPTIVE_ONLY_OBSERVER_SCALE_GEOMETRY
24	169	248	0.4872684843415139	DESCRIPTIVE_ONLY_OBSERVER_SCALE_GEOMETRY
24	170	248	0.567631593712462	DESCRIPTIVE_ONLY_OBSERVER_SCALE_GEOMETRY
24	171	248	0.5325935855285967	DESCRIPTIVE_ONLY_OBSERVER_SCALE_GEOMETRY
24	172	248	0.5397542113231606	DESCRIPTIVE_ONLY_OBSERVER_SCALE_GEOMETRY
24	173	248	0.5137589660825134	DESCRIPTIVE_ONLY_OBSERVER_SCALE_GEOMETRY
24	174	248	0.5390905640666941	DESCRIPTIVE_ONLY_OBSERVER_SCALE_GEOMETRY
24	175	248	0.5021985229683747	DESCRIPTIVE_ONLY_OBSERVER_SCALE_GEOMETRY
24	176	248	0.5790721101112656	DESCRIPTIVE_ONLY_OBSERVER_SCALE_GEOMETRY
24	177	247	1.8404640654161453	DESCRIPTIVE_ONLY_OBSERVER_SCALE_GEOMETRY
24	178	247	-4.81774656200018	DESCRIPTIVE_ONLY_OBSERVER_SCALE_GEOMETRY
24	179	247	4.91954916390108	DESCRIPTIVE_ONLY_OBSERVER_SCALE_GEOMETRY
24	180	247	0.26032383489045036	DESCRIPTIVE_ONLY_OBSERVER_SCALE_GEOMETRY
24	181	247	0.280435929679178	DESCRIPTIVE_ONLY_OBSERVER_SCALE_GEOMETRY
24	182	247	0.65582936289494	DESCRIPTIVE_ONLY_OBSERVER_SCALE_GEOMETRY
24	183	247	0.6537353827454324	DESCRIPTIVE_ONLY_OBSERVER_SCALE_GEOMETRY
24	184	247	0.8200200920288155	DESCRIPTIVE_ONLY_OBSERVER_SCALE_GEOMETRY
24	185	247	0.2644503769229931	DESCRIPTIVE_ONLY_OBSERVER_SCALE_GEOMETRY
24	186	247	-0.26321604422094036	DESCRIPTIVE_ONLY_OBSERVER_SCALE_GEOMETRY
24	187	247	0.34375098940375765	DESCRIPTIVE_ONLY_OBSERVER_SCALE_GEOMETRY
24	188	247	0.11308065753472013	DESCRIPTIVE_ONLY_OBSERVER_SCALE_GEOMETRY
24	189	247	0.13982008403456325	DESCRIPTIVE_ONLY_OBSERVER_SCALE_GEOMETRY
24	190	247	0.14861787655240072	DESCRIPTIVE_ONLY_OBSERVER_SCALE_GEOMETRY
24	191	246	0.1443344275850807	DESCRIPTIVE_ONLY_OBSERVER_SCALE_GEOMETRY
24	192	246	0.12521572141276413	DESCRIPTIVE_ONLY_OBSERVER_SCALE_GEOMETRY
24	193	246	0.11752910861253285	DESCRIPTIVE_ONLY_OBSERVER_SCALE_GEOMETRY
24	194	246	0.13215382863629088	DESCRIPTIVE_ONLY_OBSERVER_SCALE_GEOMETRY
24	195	246	0.11645780282906057	DESCRIPTIVE_ONLY_OBSERVER_SCALE_GEOMETRY
24	196	246	0.12342105421175484	DESCRIPTIVE_ONLY_OBSERVER_SCALE_GEOMETRY
24	197	246	0.3258139113891444	DESCRIPTIVE_ONLY_OBSERVER_SCALE_GEOMETRY
24	198	246	0.020590658730966303	DESCRIPTIVE_ONLY_OBSERVER_SCALE_GEOMETRY
24	199	246	0.18963656789084726	DESCRIPTIVE_ONLY_OBSERVER_SCALE_GEOMETRY
24	200	246	0.08196435497827133	DESCRIPTIVE_ONLY_OBSERVER_SCALE_GEOMETRY
24	201	246	0.09744431132528852	DESCRIPTIVE_ONLY_OBSERVER_SCALE_GEOMETRY
24	202	246	0.22701341752945184	DESCRIPTIVE_ONLY_OBSERVER_SCALE_GEOMETRY
24	203	246	0.041422243354561294	DESCRIPTIVE_ONLY_OBSERVER_SCALE_GEOMETRY
24	204	246	0.24767018104593103	DESCRIPTIVE_ONLY_OBSERVER_SCALE_GEOMETRY
24	205	246	0.04570521745536309	DESCRIPTIVE_ONLY_OBSERVER_SCALE_GEOMETRY
24	206	246	0.16221411767029625	DESCRIPTIVE_ONLY_OBSERVER_SCALE_GEOMETRY
24	207	246	0.21198908494860752	DESCRIPTIVE_ONLY_OBSERVER_SCALE_GEOMETRY
24	208	246	0.04113064118636802	DESCRIPTIVE_ONLY_OBSERVER_SCALE_GEOMETRY
24	209	246	0.1996525812436131	DESCRIPTIVE_ONLY_OBSERVER_SCALE_GEOMETRY
24	210	246	0.1092242667542729	DESCRIPTIVE_ONLY_OBSERVER_SCALE_GEOMETRY
24	211	246	0.12272519485389635	DESCRIPTIVE_ONLY_OBSERVER_SCALE_GEOMETRY
24	212	246	0.2820785923058666	DESCRIPTIVE_ONLY_OBSERVER_SCALE_GEOMETRY
24	213	246	-0.0001272989596854812	DESCRIPTIVE_ONLY_OBSERVER_SCALE_GEOMETRY
24	214	246	0.10597497640398405	DESCRIPTIVE_ONLY_OBSERVER_SCALE_GEOMETRY
24	215	246	0.2523161717500787	DESCRIPTIVE_ONLY_OBSERVER_SCALE_GEOMETRY
24	216	246	0.1907094115178406	DESCRIPTIVE_ONLY_OBSERVER_SCALE_GEOMETRY
24	217	246	0.005651322333666658	DESCRIPTIVE_ONLY_OBSERVER_SCALE_GEOMETRY
24	218	246	0.19791392507345984	DESCRIPTIVE_ONLY_OBSERVER_SCALE_GEOMETRY
24	219	246	0.1735006130624856	DESCRIPTIVE_ONLY_OBSERVER_SCALE_GEOMETRY
24	220	246	0.15367144442352643	DESCRIPTIVE_ONLY_OBSERVER_SCALE_GEOMETRY
24	221	246	0.11462026168773731	DESCRIPTIVE_ONLY_OBSERVER_SCALE_GEOMETRY
24	222	246	0.22357050613094667	DESCRIPTIVE_ONLY_OBSERVER_SCALE_GEOMETRY
24	223	246	0.14126406334839844	DESCRIPTIVE_ONLY_OBSERVER_SCALE_GEOMETRY
24	224	246	0.08092436655913338	DESCRIPTIVE_ONLY_OBSERVER_SCALE_GEOMETRY
24	225	246	0.09138846006816224	DESCRIPTIVE_ONLY_OBSERVER_SCALE_GEOMETRY
24	226	246	0.2727814438561043	DESCRIPTIVE_ONLY_OBSERVER_SCALE_GEOMETRY
24	227	246	0.07276586794743695	DESCRIPTIVE_ONLY_OBSERVER_SCALE_GEOMETRY
24	228	246	0.09901704743885763	DESCRIPTIVE_ONLY_OBSERVER_SCALE_GEOMETRY
24	229	246	0.2763829459199171	DESCRIPTIVE_ONLY_OBSERVER_SCALE_GEOMETRY
24	230	246	0.03406711447585102	DESCRIPTIVE_ONLY_OBSERVER_SCALE_GEOMETRY
24	231	246	0.1978418418278496	DESCRIPTIVE_ONLY_OBSERVER_SCALE_GEOMETRY
24	232	246	0.1444062691625492	DESCRIPTIVE_ONLY_OBSERVER_SCALE_GEOMETRY
24	233	246	0.1693055391265838	DESCRIPTIVE_ONLY_OBSERVER_SCALE_GEOMETRY
24	234	246	0.08667912601633009	DESCRIPTIVE_ONLY_OBSERVER_SCALE_GEOMETRY
24	235	246	0.184946391282625	DESCRIPTIVE_ONLY_OBSERVER_SCALE_GEOMETRY
24	236	246	0.07553860882734104	DESCRIPTIVE_ONLY_OBSERVER_SCALE_GEOMETRY
24	237	246	0.272119312525533	DESCRIPTIVE_ONLY_OBSERVER_SCALE_GEOMETRY
24	238	246	0.02254980239173229	DESCRIPTIVE_ONLY_OBSERVER_SCALE_GEOMETRY
24	239	246	0.1641204424037067	DESCRIPTIVE_ONLY_OBSERVER_SCALE_GEOMETRY
24	240	246	0.11267441154097707	DESCRIPTIVE_ONLY_OBSERVER_SCALE_GEOMETRY
24	241	246	-2.1837577995959148	DESCRIPTIVE_ONLY_OBSERVER_SCALE_GEOMETRY
24	242	245	-1.405551620361189	DESCRIPTIVE_ONLY_OBSERVER_SCALE_GEOMETRY
24	243	245	-1.3719871272654016	DESCRIPTIVE_ONLY_OBSERVER_SCALE_GEOMETRY
24	244	245	-1.073251043676185	DESCRIPTIVE_ONLY_OBSERVER_SCALE_GEOMETRY
24	245	245	-0.9218141286903266	DESCRIPTIVE_ONLY_OBSERVER_SCALE_GEOMETRY
24	246	245	-0.8006002093521951	DESCRIPTIVE_ONLY_OBSERVER_SCALE_GEOMETRY
24	247	245	-0.9328460985784272	DESCRIPTIVE_ONLY_OBSERVER_SCALE_GEOMETRY
24	248	245	-0.7823584730008011	DESCRIPTIVE_ONLY_OBSERVER_SCALE_GEOMETRY
24	249	245	-0.9683300952886598	DESCRIPTIVE_ONLY_OBSERVER_SCALE_GEOMETRY
24	250	245	-0.8434432606762648	DESCRIPTIVE_ONLY_OBSERVER_SCALE_GEOMETRY
24	251	245	-0.8774992015256204	DESCRIPTIVE_ONLY_OBSERVER_SCALE_GEOMETRY
24	252	245	-0.9502483169671161	DESCRIPTIVE_ONLY_OBSERVER_SCALE_GEOMETRY
24	253	245	-0.7702679588260045	DESCRIPTIVE_ONLY_OBSERVER_SCALE_GEOMETRY
24	254	244	-0.992343913142884	DESCRIPTIVE_ONLY_OBSERVER_SCALE_GEOMETRY
24	255	244	-0.7566035597659843	DESCRIPTIVE_ONLY_OBSERVER_SCALE_GEOMETRY
24	256	243	-0.3914776203811929	DESCRIPTIVE_ONLY_OBSERVER_SCALE_GEOMETRY
24	257	243	-1.2999860650503445	DESCRIPTIVE_ONLY_OBSERVER_SCALE_GEOMETRY
24	258	242	-1.025266038066506	DESCRIPTIVE_ONLY_OBSERVER_SCALE_GEOMETRY
24	259	242	-0.7727467742873948	DESCRIPTIVE_ONLY_OBSERVER_SCALE_GEOMETRY
24	260	242	-1.082460572175077	DESCRIPTIVE_ONLY_OBSERVER_SCALE_GEOMETRY
24	261	242	-0.6958713658138441	DESCRIPTIVE_ONLY_OBSERVER_SCALE_GEOMETRY
24	262	242	-0.9973490159222835	DESCRIPTIVE_ONLY_OBSERVER_SCALE_GEOMETRY
24	263	242	-0.8002493695408925	DESCRIPTIVE_ONLY_OBSERVER_SCALE_GEOMETRY
24	264	242	-0.9491710389687084	DESCRIPTIVE_ONLY_OBSERVER_SCALE_GEOMETRY
24	265	242	-0.85202648528782	DESCRIPTIVE_ONLY_OBSERVER_SCALE_GEOMETRY
24	266	242	-0.8733270601269869	DESCRIPTIVE_ONLY_OBSERVER_SCALE_GEOMETRY
24	267	242	-0.8520104656841009	DESCRIPTIVE_ONLY_OBSERVER_SCALE_GEOMETRY
24	268	242	-0.970459672008895	DESCRIPTIVE_ONLY_OBSERVER_SCALE_GEOMETRY
24	269	242	-0.8704943591156037	DESCRIPTIVE_ONLY_OBSERVER_SCALE_GEOMETRY
24	270	242	-0.9403663099984386	DESCRIPTIVE_ONLY_OBSERVER_SCALE_GEOMETRY
24	271	242	-0.8347086536223915	DESCRIPTIVE_ONLY_OBSERVER_SCALE_GEOMETRY
24	272	242	-0.8883953163235201	DESCRIPTIVE_ONLY_OBSERVER_SCALE_GEOMETRY
24	273	242	-0.8634011998747646	DESCRIPTIVE_ONLY_OBSERVER_SCALE_GEOMETRY
24	274	242	-0.9755450781893574	DESCRIPTIVE_ONLY_OBSERVER_SCALE_GEOMETRY
24	275	242	-0.8215361077400732	DESCRIPTIVE_ONLY_OBSERVER_SCALE_GEOMETRY
24	276	242	-0.8118371992981467	DESCRIPTIVE_ONLY_OBSERVER_SCALE_GEOMETRY
24	277	242	-1.059531976367177	DESCRIPTIVE_ONLY_OBSERVER_SCALE_GEOMETRY
24	278	242	-0.8000297174893256	DESCRIPTIVE_ONLY_OBSERVER_SCALE_GEOMETRY
24	279	242	-0.9223138902889824	DESCRIPTIVE_ONLY_OBSERVER_SCALE_GEOMETRY
24	280	242	-0.9361399589915674	DESCRIPTIVE_ONLY_OBSERVER_SCALE_GEOMETRY
24	281	242	-0.923043395362484	DESCRIPTIVE_ONLY_OBSERVER_SCALE_GEOMETRY
24	282	242	-0.7778378327097418	DESCRIPTIVE_ONLY_OBSERVER_SCALE_GEOMETRY
24	283	242	-0.9485113032964038	DESCRIPTIVE_ONLY_OBSERVER_SCALE_GEOMETRY
24	284	242	-0.9111037446138031	DESCRIPTIVE_ONLY_OBSERVER_SCALE_GEOMETRY
24	285	242	-0.898656129374627	DESCRIPTIVE_ONLY_OBSERVER_SCALE_GEOMETRY
24	286	242	-0.8247872939128394	DESCRIPTIVE_ONLY_OBSERVER_SCALE_GEOMETRY
24	287	241	-1.0517756638272084	DESCRIPTIVE_ONLY_OBSERVER_SCALE_GEOMETRY
24	288	241	-0.7362634718328457	DESCRIPTIVE_ONLY_OBSERVER_SCALE_GEOMETRY
24	289	241	-1.0130774626000254	DESCRIPTIVE_ONLY_OBSERVER_SCALE_GEOMETRY
24	290	241	-0.8704646269065087	DESCRIPTIVE_ONLY_OBSERVER_SCALE_GEOMETRY
24	291	241	-0.8744890308818777	DESCRIPTIVE_ONLY_OBSERVER_SCALE_GEOMETRY
24	292	241	-0.8751882800277607	DESCRIPTIVE_ONLY_OBSERVER_SCALE_GEOMETRY
24	293	241	-0.85746212037192	DESCRIPTIVE_ONLY_OBSERVER_SCALE_GEOMETRY
24	294	241	-0.8883977354304544	DESCRIPTIVE_ONLY_OBSERVER_SCALE_GEOMETRY
24	295	241	-0.9044669757341866	DESCRIPTIVE_ONLY_OBSERVER_SCALE_GEOMETRY
24	296	240	-0.9850377536067108	DESCRIPTIVE_ONLY_OBSERVER_SCALE_GEOMETRY
24	297	240	1.4697631281348802	DESCRIPTIVE_ONLY_OBSERVER_SCALE_GEOMETRY
24	298	240	-12.161113633334276	DESCRIPTIVE_ONLY_OBSERVER_SCALE_GEOMETRY
24	299	240	8.047211358655154	DESCRIPTIVE_ONLY_OBSERVER_SCALE_GEOMETRY
24	300	240	-0.8586145302746238	DESCRIPTIVE_ONLY_OBSERVER_SCALE_GEOMETRY
24	301	239	-3.07676840432001	DESCRIPTIVE_ONLY_OBSERVER_SCALE_GEOMETRY
24	302	239	-3.0075380798694145	DESCRIPTIVE_ONLY_OBSERVER_SCALE_GEOMETRY
24	303	239	-2.7046453292768047	DESCRIPTIVE_ONLY_OBSERVER_SCALE_GEOMETRY
24	304	239	-2.6379320445055203	DESCRIPTIVE_ONLY_OBSERVER_SCALE_GEOMETRY
24	305	239	-2.5546740996450006	DESCRIPTIVE_ONLY_OBSERVER_SCALE_GEOMETRY
24	306	239	-2.674112751697801	DESCRIPTIVE_ONLY_OBSERVER_SCALE_GEOMETRY
24	307	239	-2.564107197601648	DESCRIPTIVE_ONLY_OBSERVER_SCALE_GEOMETRY
24	308	239	-2.6347944048839946	DESCRIPTIVE_ONLY_OBSERVER_SCALE_GEOMETRY
24	309	239	-2.6355377818615193	DESCRIPTIVE_ONLY_OBSERVER_SCALE_GEOMETRY
24	310	239	-2.5778038352621606	DESCRIPTIVE_ONLY_OBSERVER_SCALE_GEOMETRY
24	311	239	-2.610811201962364	DESCRIPTIVE_ONLY_OBSERVER_SCALE_GEOMETRY
24	312	239	-2.6389966564642897	DESCRIPTIVE_ONLY_OBSERVER_SCALE_GEOMETRY
24	313	239	-2.5431598052900366	DESCRIPTIVE_ONLY_OBSERVER_SCALE_GEOMETRY
24	314	239	-2.6510004672358694	DESCRIPTIVE_ONLY_OBSERVER_SCALE_GEOMETRY
24	315	238	-2.5409265949988726	DESCRIPTIVE_ONLY_OBSERVER_SCALE_GEOMETRY
24	316	237	-1.8005795295758669	DESCRIPTIVE_ONLY_OBSERVER_SCALE_GEOMETRY
24	317	237	-3.4200529601206373	DESCRIPTIVE_ONLY_OBSERVER_SCALE_GEOMETRY
24	318	237	-2.6454360204205716	DESCRIPTIVE_ONLY_OBSERVER_SCALE_GEOMETRY
24	319	237	-2.640796344532933	DESCRIPTIVE_ONLY_OBSERVER_SCALE_GEOMETRY
24	320	237	-2.507566136423997	DESCRIPTIVE_ONLY_OBSERVER_SCALE_GEOMETRY
24	321	237	-2.6838806303510565	DESCRIPTIVE_ONLY_OBSERVER_SCALE_GEOMETRY
24	322	237	-2.7022404431306883	DESCRIPTIVE_ONLY_OBSERVER_SCALE_GEOMETRY
24	323	237	-2.588112021113247	DESCRIPTIVE_ONLY_OBSERVER_SCALE_GEOMETRY
24	324	237	-2.571213342770541	DESCRIPTIVE_ONLY_OBSERVER_SCALE_GEOMETRY
24	325	237	-2.6955554146597804	DESCRIPTIVE_ONLY_OBSERVER_SCALE_GEOMETRY
24	326	237	-2.5171807985345285	DESCRIPTIVE_ONLY_OBSERVER_SCALE_GEOMETRY
24	327	237	-2.710836009970235	DESCRIPTIVE_ONLY_OBSERVER_SCALE_GEOMETRY
24	328	237	-2.492300895321393	DESCRIPTIVE_ONLY_OBSERVER_SCALE_GEOMETRY
24	329	237	-2.729513867893117	DESCRIPTIVE_ONLY_OBSERVER_SCALE_GEOMETRY
24	330	237	-2.607448996076688	DESCRIPTIVE_ONLY_OBSERVER_SCALE_GEOMETRY
24	331	237	-2.667280927538374	DESCRIPTIVE_ONLY_OBSERVER_SCALE_GEOMETRY
24	332	237	-2.5791647701480636	DESCRIPTIVE_ONLY_OBSERVER_SCALE_GEOMETRY
24	333	237	-2.625961492085919	DESCRIPTIVE_ONLY_OBSERVER_SCALE_GEOMETRY
24	334	237	-2.716297204276471	DESCRIPTIVE_ONLY_OBSERVER_SCALE_GEOMETRY
24	335	237	-2.585511426961784	DESCRIPTIVE_ONLY_OBSERVER_SCALE_GEOMETRY
24	336	237	-2.6692976237434136	DESCRIPTIVE_ONLY_OBSERVER_SCALE_GEOMETRY
24	337	237	-2.574061170209163	DESCRIPTIVE_ONLY_OBSERVER_SCALE_GEOMETRY
24	338	237	-2.633710726813132	DESCRIPTIVE_ONLY_OBSERVER_SCALE_GEOMETRY
24	339	236	-2.716946278626376	DESCRIPTIVE_ONLY_OBSERVER_SCALE_GEOMETRY
24	340	236	-2.659255346136091	DESCRIPTIVE_ONLY_OBSERVER_SCALE_GEOMETRY
24	341	236	-2.6034018953632874	DESCRIPTIVE_ONLY_OBSERVER_SCALE_GEOMETRY
24	342	236	-2.692519696821084	DESCRIPTIVE_ONLY_OBSERVER_SCALE_GEOMETRY
24	343	236	-2.5729921208301847	DESCRIPTIVE_ONLY_OBSERVER_SCALE_GEOMETRY
24	344	236	-2.7108469485129643	DESCRIPTIVE_ONLY_OBSERVER_SCALE_GEOMETRY
24	345	236	-2.6253705916859267	DESCRIPTIVE_ONLY_OBSERVER_SCALE_GEOMETRY
24	346	236	-2.56245731294112	DESCRIPTIVE_ONLY_OBSERVER_SCALE_GEOMETRY
24	347	236	-2.7129106296954695	DESCRIPTIVE_ONLY_OBSERVER_SCALE_GEOMETRY
24	348	236	-2.7111115306220026	DESCRIPTIVE_ONLY_OBSERVER_SCALE_GEOMETRY
24	349	235	-2.5091707796599136	DESCRIPTIVE_ONLY_OBSERVER_SCALE_GEOMETRY
24	350	235	-2.748391024114594	DESCRIPTIVE_ONLY_OBSERVER_SCALE_GEOMETRY
24	351	235	-2.6240151773326432	DESCRIPTIVE_ONLY_OBSERVER_SCALE_GEOMETRY
24	352	235	-2.7253104102334635	DESCRIPTIVE_ONLY_OBSERVER_SCALE_GEOMETRY
24	353	235	-2.53507159405844	DESCRIPTIVE_ONLY_OBSERVER_SCALE_GEOMETRY
24	354	235	-2.721077466603116	DESCRIPTIVE_ONLY_OBSERVER_SCALE_GEOMETRY
24	355	235	-2.6801369077741195	DESCRIPTIVE_ONLY_OBSERVER_SCALE_GEOMETRY
24	356	235	-2.6283520305040127	DESCRIPTIVE_ONLY_OBSERVER_SCALE_GEOMETRY
24	357	235	-2.6413339896040218	DESCRIPTIVE_ONLY_OBSERVER_SCALE_GEOMETRY
24	358	235	-2.692371198537689	DESCRIPTIVE_ONLY_OBSERVER_SCALE_GEOMETRY
24	359	235	-2.6484880934760895	DESCRIPTIVE_ONLY_OBSERVER_SCALE_GEOMETRY
24	360	235	-2.7063809631318305	DESCRIPTIVE_ONLY_OBSERVER_SCALE_GEOMETRY
24	361	235	1.4512568112372262	DESCRIPTIVE_ONLY_OBSERVER_SCALE_GEOMETRY
24	362	235	1.0694930129796592	DESCRIPTIVE_ONLY_OBSERVER_SCALE_GEOMETRY
24	363	235	1.4027443737682357	DESCRIPTIVE_ONLY_OBSERVER_SCALE_GEOMETRY
24	364	235	1.2215574465583856	DESCRIPTIVE_ONLY_OBSERVER_SCALE_GEOMETRY
24	365	235	1.2490436120705406	DESCRIPTIVE_ONLY_OBSERVER_SCALE_GEOMETRY
25	1	257	0.017250200731037474	DESCRIPTIVE_ONLY_OBSERVER_SCALE_GEOMETRY
25	2	257	-0.0036585220516634274	DESCRIPTIVE_ONLY_OBSERVER_SCALE_GEOMETRY
25	3	257	0.0182173399712381	DESCRIPTIVE_ONLY_OBSERVER_SCALE_GEOMETRY
25	4	257	0.02890451188760227	DESCRIPTIVE_ONLY_OBSERVER_SCALE_GEOMETRY
25	5	257	-0.0313517953347172	DESCRIPTIVE_ONLY_OBSERVER_SCALE_GEOMETRY
25	6	257	0.011858162927125786	DESCRIPTIVE_ONLY_OBSERVER_SCALE_GEOMETRY
25	7	257	-0.021987103973307668	DESCRIPTIVE_ONLY_OBSERVER_SCALE_GEOMETRY
25	8	257	0.01354778545551402	DESCRIPTIVE_ONLY_OBSERVER_SCALE_GEOMETRY
25	9	256	0.0004232377625970938	DESCRIPTIVE_ONLY_OBSERVER_SCALE_GEOMETRY
25	10	256	0.02283420651742485	DESCRIPTIVE_ONLY_OBSERVER_SCALE_GEOMETRY
25	11	255	0.013747832244714287	DESCRIPTIVE_ONLY_OBSERVER_SCALE_GEOMETRY
25	12	255	-0.028679167072158646	DESCRIPTIVE_ONLY_OBSERVER_SCALE_GEOMETRY
25	13	255	0.022785852625261484	DESCRIPTIVE_ONLY_OBSERVER_SCALE_GEOMETRY
25	14	255	-0.013494180135448721	DESCRIPTIVE_ONLY_OBSERVER_SCALE_GEOMETRY
25	15	255	2.962178462049342	DESCRIPTIVE_ONLY_OBSERVER_SCALE_GEOMETRY
25	16	255	-3.0509194950817955	DESCRIPTIVE_ONLY_OBSERVER_SCALE_GEOMETRY
25	17	255	0.08564151063309672	DESCRIPTIVE_ONLY_OBSERVER_SCALE_GEOMETRY
25	18	255	0.0359192387598739	DESCRIPTIVE_ONLY_OBSERVER_SCALE_GEOMETRY
25	19	255	-0.03620015042646469	DESCRIPTIVE_ONLY_OBSERVER_SCALE_GEOMETRY
25	20	255	0.05873416223999072	DESCRIPTIVE_ONLY_OBSERVER_SCALE_GEOMETRY
25	21	255	8.281641838614483	DESCRIPTIVE_ONLY_OBSERVER_SCALE_GEOMETRY
25	22	255	-8.064603160817994	DESCRIPTIVE_ONLY_OBSERVER_SCALE_GEOMETRY
25	23	255	-0.6335341057293992	DESCRIPTIVE_ONLY_OBSERVER_SCALE_GEOMETRY
25	24	255	0.09457218663979253	DESCRIPTIVE_ONLY_OBSERVER_SCALE_GEOMETRY
25	25	255	-0.038676770724837536	DESCRIPTIVE_ONLY_OBSERVER_SCALE_GEOMETRY
25	26	255	0.29286928812119467	DESCRIPTIVE_ONLY_OBSERVER_SCALE_GEOMETRY
25	27	254	0.133546718724611	DESCRIPTIVE_ONLY_OBSERVER_SCALE_GEOMETRY
25	28	254	-0.06684140049156041	DESCRIPTIVE_ONLY_OBSERVER_SCALE_GEOMETRY
25	29	254	0.009543467820908277	DESCRIPTIVE_ONLY_OBSERVER_SCALE_GEOMETRY
25	30	254	-0.004036274875131721	DESCRIPTIVE_ONLY_OBSERVER_SCALE_GEOMETRY
25	31	254	0.007463816352197897	DESCRIPTIVE_ONLY_OBSERVER_SCALE_GEOMETRY
25	32	254	-0.06777714845909172	DESCRIPTIVE_ONLY_OBSERVER_SCALE_GEOMETRY
25	33	254	0.0779737582448509	DESCRIPTIVE_ONLY_OBSERVER_SCALE_GEOMETRY
25	34	254	0.01625327347335677	DESCRIPTIVE_ONLY_OBSERVER_SCALE_GEOMETRY
25	35	254	-0.04439210428845097	DESCRIPTIVE_ONLY_OBSERVER_SCALE_GEOMETRY
25	36	254	-0.021659351081090465	DESCRIPTIVE_ONLY_OBSERVER_SCALE_GEOMETRY
25	37	254	0.07781406358689842	DESCRIPTIVE_ONLY_OBSERVER_SCALE_GEOMETRY
25	38	254	-0.07301640848229972	DESCRIPTIVE_ONLY_OBSERVER_SCALE_GEOMETRY
25	39	254	0.05720661187567268	DESCRIPTIVE_ONLY_OBSERVER_SCALE_GEOMETRY
25	40	253	-0.034101330490274466	DESCRIPTIVE_ONLY_OBSERVER_SCALE_GEOMETRY
25	41	253	0.01623879026842302	DESCRIPTIVE_ONLY_OBSERVER_SCALE_GEOMETRY
25	42	253	0.0008163198307684318	DESCRIPTIVE_ONLY_OBSERVER_SCALE_GEOMETRY
25	43	253	-0.0021150977677833575	DESCRIPTIVE_ONLY_OBSERVER_SCALE_GEOMETRY
25	44	253	0.004064472577576737	DESCRIPTIVE_ONLY_OBSERVER_SCALE_GEOMETRY
25	45	253	0.02662212651801845	DESCRIPTIVE_ONLY_OBSERVER_SCALE_GEOMETRY
25	46	253	-0.040649305486775665	DESCRIPTIVE_ONLY_OBSERVER_SCALE_GEOMETRY
25	47	253	0.06394456752297809	DESCRIPTIVE_ONLY_OBSERVER_SCALE_GEOMETRY
25	48	253	-0.0483895565095726	DESCRIPTIVE_ONLY_OBSERVER_SCALE_GEOMETRY
25	49	253	0.002491620859342424	DESCRIPTIVE_ONLY_OBSERVER_SCALE_GEOMETRY
25	50	253	0.015231354148935247	DESCRIPTIVE_ONLY_OBSERVER_SCALE_GEOMETRY
25	51	253	-0.05548238415250551	DESCRIPTIVE_ONLY_OBSERVER_SCALE_GEOMETRY
25	52	253	0.059662724033233486	DESCRIPTIVE_ONLY_OBSERVER_SCALE_GEOMETRY
25	53	253	0.0014504517055276475	DESCRIPTIVE_ONLY_OBSERVER_SCALE_GEOMETRY
25	54	253	0.04251293379317824	DESCRIPTIVE_ONLY_OBSERVER_SCALE_GEOMETRY
25	55	253	-0.09131442265570339	DESCRIPTIVE_ONLY_OBSERVER_SCALE_GEOMETRY
25	56	253	-1.2781401942232058	DESCRIPTIVE_ONLY_OBSERVER_SCALE_GEOMETRY
25	57	253	3.0762325947045834	DESCRIPTIVE_ONLY_OBSERVER_SCALE_GEOMETRY
25	58	253	-1.459781872743132	DESCRIPTIVE_ONLY_OBSERVER_SCALE_GEOMETRY
25	59	252	-0.8728417369276616	DESCRIPTIVE_ONLY_OBSERVER_SCALE_GEOMETRY
25	60	252	0.6145517118974315	DESCRIPTIVE_ONLY_OBSERVER_SCALE_GEOMETRY
25	61	252	0.026199891569973262	DESCRIPTIVE_ONLY_OBSERVER_SCALE_GEOMETRY
25	62	252	-0.08522424327581703	DESCRIPTIVE_ONLY_OBSERVER_SCALE_GEOMETRY
25	63	252	0.1067291436008497	DESCRIPTIVE_ONLY_OBSERVER_SCALE_GEOMETRY
25	64	252	-0.04200123680928676	DESCRIPTIVE_ONLY_OBSERVER_SCALE_GEOMETRY
25	65	252	-0.0020453790823531173	DESCRIPTIVE_ONLY_OBSERVER_SCALE_GEOMETRY
25	66	252	0.043321845984501735	DESCRIPTIVE_ONLY_OBSERVER_SCALE_GEOMETRY
25	67	252	-0.03142926138217499	DESCRIPTIVE_ONLY_OBSERVER_SCALE_GEOMETRY
25	68	252	0.061061799438207554	DESCRIPTIVE_ONLY_OBSERVER_SCALE_GEOMETRY
25	69	252	-0.05655035862064681	DESCRIPTIVE_ONLY_OBSERVER_SCALE_GEOMETRY
25	70	252	-0.005884363372092925	DESCRIPTIVE_ONLY_OBSERVER_SCALE_GEOMETRY
25	71	252	0.0251069021130994	DESCRIPTIVE_ONLY_OBSERVER_SCALE_GEOMETRY
25	72	252	0.02255483002495349	DESCRIPTIVE_ONLY_OBSERVER_SCALE_GEOMETRY
25	73	252	-0.03289177993433704	DESCRIPTIVE_ONLY_OBSERVER_SCALE_GEOMETRY
25	74	252	0.04191538684495686	DESCRIPTIVE_ONLY_OBSERVER_SCALE_GEOMETRY
25	75	252	-0.024128569643174776	DESCRIPTIVE_ONLY_OBSERVER_SCALE_GEOMETRY
25	76	252	0.05539545264129797	DESCRIPTIVE_ONLY_OBSERVER_SCALE_GEOMETRY
25	77	252	-0.0181868379649282	DESCRIPTIVE_ONLY_OBSERVER_SCALE_GEOMETRY
25	78	252	-0.05103509651205872	DESCRIPTIVE_ONLY_OBSERVER_SCALE_GEOMETRY
25	79	252	0.01678903821961376	DESCRIPTIVE_ONLY_OBSERVER_SCALE_GEOMETRY
25	80	252	0.04037432667917301	DESCRIPTIVE_ONLY_OBSERVER_SCALE_GEOMETRY
25	81	252	-0.12025504036913895	DESCRIPTIVE_ONLY_OBSERVER_SCALE_GEOMETRY
25	82	252	0.11116531463707864	DESCRIPTIVE_ONLY_OBSERVER_SCALE_GEOMETRY
25	83	252	-0.05779444114293526	DESCRIPTIVE_ONLY_OBSERVER_SCALE_GEOMETRY
25	84	252	0.06702117402909417	DESCRIPTIVE_ONLY_OBSERVER_SCALE_GEOMETRY
25	85	252	-0.02959210869623871	DESCRIPTIVE_ONLY_OBSERVER_SCALE_GEOMETRY
25	86	252	-0.07530468274527316	DESCRIPTIVE_ONLY_OBSERVER_SCALE_GEOMETRY
25	87	252	0.07863701566758571	DESCRIPTIVE_ONLY_OBSERVER_SCALE_GEOMETRY
25	88	252	-0.01483177675076336	DESCRIPTIVE_ONLY_OBSERVER_SCALE_GEOMETRY
25	89	252	-0.030361549127471636	DESCRIPTIVE_ONLY_OBSERVER_SCALE_GEOMETRY
25	90	252	-0.0015298080498497048	DESCRIPTIVE_ONLY_OBSERVER_SCALE_GEOMETRY
25	91	252	0.05333203159516723	DESCRIPTIVE_ONLY_OBSERVER_SCALE_GEOMETRY
25	92	252	-0.031088152797287858	DESCRIPTIVE_ONLY_OBSERVER_SCALE_GEOMETRY
25	93	252	0.0028456563290994203	DESCRIPTIVE_ONLY_OBSERVER_SCALE_GEOMETRY
25	94	252	0.017756536199084107	DESCRIPTIVE_ONLY_OBSERVER_SCALE_GEOMETRY
25	95	252	0.004721419237299779	DESCRIPTIVE_ONLY_OBSERVER_SCALE_GEOMETRY
25	96	252	-0.046987108156234955	DESCRIPTIVE_ONLY_OBSERVER_SCALE_GEOMETRY
25	97	252	0.03621893140662288	DESCRIPTIVE_ONLY_OBSERVER_SCALE_GEOMETRY
25	98	252	0.03156948050580975	DESCRIPTIVE_ONLY_OBSERVER_SCALE_GEOMETRY
25	99	252	-0.07196922134898698	DESCRIPTIVE_ONLY_OBSERVER_SCALE_GEOMETRY
25	100	252	0.02634118106407659	DESCRIPTIVE_ONLY_OBSERVER_SCALE_GEOMETRY
25	101	252	-0.03765989198172861	DESCRIPTIVE_ONLY_OBSERVER_SCALE_GEOMETRY
25	102	252	0.04251743430644933	DESCRIPTIVE_ONLY_OBSERVER_SCALE_GEOMETRY
25	103	252	0.054313144090310066	DESCRIPTIVE_ONLY_OBSERVER_SCALE_GEOMETRY
25	104	252	-0.11058895884466895	DESCRIPTIVE_ONLY_OBSERVER_SCALE_GEOMETRY
25	105	251	0.04593699637861086	DESCRIPTIVE_ONLY_OBSERVER_SCALE_GEOMETRY
25	106	251	0.03346102682578462	DESCRIPTIVE_ONLY_OBSERVER_SCALE_GEOMETRY
25	107	251	0.012658901480030705	DESCRIPTIVE_ONLY_OBSERVER_SCALE_GEOMETRY
25	108	251	-0.05264221338007087	DESCRIPTIVE_ONLY_OBSERVER_SCALE_GEOMETRY
25	109	251	0.005466301528670351	DESCRIPTIVE_ONLY_OBSERVER_SCALE_GEOMETRY
25	110	251	0.06688403315559885	DESCRIPTIVE_ONLY_OBSERVER_SCALE_GEOMETRY
25	111	251	-0.09164832687886597	DESCRIPTIVE_ONLY_OBSERVER_SCALE_GEOMETRY
25	112	251	0.03293340597111829	DESCRIPTIVE_ONLY_OBSERVER_SCALE_GEOMETRY
25	113	251	0.012002700874961794	DESCRIPTIVE_ONLY_OBSERVER_SCALE_GEOMETRY
25	114	250	-0.03149195712369263	DESCRIPTIVE_ONLY_OBSERVER_SCALE_GEOMETRY
25	115	250	0.08688781299140086	DESCRIPTIVE_ONLY_OBSERVER_SCALE_GEOMETRY
25	116	250	-0.030642200395760426	DESCRIPTIVE_ONLY_OBSERVER_SCALE_GEOMETRY
25	117	250	-0.02739730972804243	DESCRIPTIVE_ONLY_OBSERVER_SCALE_GEOMETRY
25	118	250	0.01961120136305029	DESCRIPTIVE_ONLY_OBSERVER_SCALE_GEOMETRY
25	119	250	-0.014420453520192469	DESCRIPTIVE_ONLY_OBSERVER_SCALE_GEOMETRY
25	120	250	-0.04810852337363253	DESCRIPTIVE_ONLY_OBSERVER_SCALE_GEOMETRY
25	121	250	0.060733279948770494	DESCRIPTIVE_ONLY_OBSERVER_SCALE_GEOMETRY
25	122	250	0.010577591726707273	DESCRIPTIVE_ONLY_OBSERVER_SCALE_GEOMETRY
25	123	250	-0.0755084226918902	DESCRIPTIVE_ONLY_OBSERVER_SCALE_GEOMETRY
25	124	250	0.03392089975689022	DESCRIPTIVE_ONLY_OBSERVER_SCALE_GEOMETRY
25	125	250	0.07140112011417783	DESCRIPTIVE_ONLY_OBSERVER_SCALE_GEOMETRY
25	126	249	-0.06521636869929327	DESCRIPTIVE_ONLY_OBSERVER_SCALE_GEOMETRY
25	127	249	0.022120470819329364	DESCRIPTIVE_ONLY_OBSERVER_SCALE_GEOMETRY
25	128	249	-0.01175855134736048	DESCRIPTIVE_ONLY_OBSERVER_SCALE_GEOMETRY
25	129	249	0.06727606173360363	DESCRIPTIVE_ONLY_OBSERVER_SCALE_GEOMETRY
25	130	249	-0.06006587679574474	DESCRIPTIVE_ONLY_OBSERVER_SCALE_GEOMETRY
25	131	249	-0.04486834753159244	DESCRIPTIVE_ONLY_OBSERVER_SCALE_GEOMETRY
25	132	249	0.048363819926513986	DESCRIPTIVE_ONLY_OBSERVER_SCALE_GEOMETRY
25	133	249	-0.02221651016031955	DESCRIPTIVE_ONLY_OBSERVER_SCALE_GEOMETRY
25	134	249	0.006606367531237529	DESCRIPTIVE_ONLY_OBSERVER_SCALE_GEOMETRY
25	135	249	1.0977586002136956	DESCRIPTIVE_ONLY_OBSERVER_SCALE_GEOMETRY
25	136	249	-1.085306050723215	DESCRIPTIVE_ONLY_OBSERVER_SCALE_GEOMETRY
25	137	248	0.008875596957161629	DESCRIPTIVE_ONLY_OBSERVER_SCALE_GEOMETRY
25	138	248	0.010388991360382781	DESCRIPTIVE_ONLY_OBSERVER_SCALE_GEOMETRY
25	139	248	-0.02386398436681125	DESCRIPTIVE_ONLY_OBSERVER_SCALE_GEOMETRY
25	140	248	0.003924137044531021	DESCRIPTIVE_ONLY_OBSERVER_SCALE_GEOMETRY
25	141	248	-0.014514290587923199	DESCRIPTIVE_ONLY_OBSERVER_SCALE_GEOMETRY
25	142	248	0.017008411484207033	DESCRIPTIVE_ONLY_OBSERVER_SCALE_GEOMETRY
25	143	248	0.01996178906635217	DESCRIPTIVE_ONLY_OBSERVER_SCALE_GEOMETRY
25	144	248	0.007406016241814289	DESCRIPTIVE_ONLY_OBSERVER_SCALE_GEOMETRY
25	145	248	-0.027215957393134992	DESCRIPTIVE_ONLY_OBSERVER_SCALE_GEOMETRY
25	146	248	0.012062531364054555	DESCRIPTIVE_ONLY_OBSERVER_SCALE_GEOMETRY
25	147	248	0.0031476505580308135	DESCRIPTIVE_ONLY_OBSERVER_SCALE_GEOMETRY
25	148	248	-0.014567015438585918	DESCRIPTIVE_ONLY_OBSERVER_SCALE_GEOMETRY
25	149	248	0.05012734515224861	DESCRIPTIVE_ONLY_OBSERVER_SCALE_GEOMETRY
25	150	248	-0.0234181345326737	DESCRIPTIVE_ONLY_OBSERVER_SCALE_GEOMETRY
25	151	248	0.036997787211694846	DESCRIPTIVE_ONLY_OBSERVER_SCALE_GEOMETRY
25	152	248	-0.056216447027634314	DESCRIPTIVE_ONLY_OBSERVER_SCALE_GEOMETRY
25	153	248	0.02344064676956404	DESCRIPTIVE_ONLY_OBSERVER_SCALE_GEOMETRY
25	154	248	0.006396791206260683	DESCRIPTIVE_ONLY_OBSERVER_SCALE_GEOMETRY
25	155	248	0.036900296009209035	DESCRIPTIVE_ONLY_OBSERVER_SCALE_GEOMETRY
25	156	248	-0.03729431535307162	DESCRIPTIVE_ONLY_OBSERVER_SCALE_GEOMETRY
25	157	248	-0.0069991156348757876	DESCRIPTIVE_ONLY_OBSERVER_SCALE_GEOMETRY
25	158	248	0.05353521054275064	DESCRIPTIVE_ONLY_OBSERVER_SCALE_GEOMETRY
25	159	248	-0.022537300512096597	DESCRIPTIVE_ONLY_OBSERVER_SCALE_GEOMETRY
25	160	248	-0.07503249003746028	DESCRIPTIVE_ONLY_OBSERVER_SCALE_GEOMETRY
25	161	248	0.07740653120034212	DESCRIPTIVE_ONLY_OBSERVER_SCALE_GEOMETRY
25	162	248	0.013396340329050075	DESCRIPTIVE_ONLY_OBSERVER_SCALE_GEOMETRY
25	163	248	-0.04245811363145985	DESCRIPTIVE_ONLY_OBSERVER_SCALE_GEOMETRY
25	164	248	0.0388974031307177	DESCRIPTIVE_ONLY_OBSERVER_SCALE_GEOMETRY
25	165	248	-0.03368829534280828	DESCRIPTIVE_ONLY_OBSERVER_SCALE_GEOMETRY
25	166	248	0.03540579538076352	DESCRIPTIVE_ONLY_OBSERVER_SCALE_GEOMETRY
25	167	248	-0.029524726572368563	DESCRIPTIVE_ONLY_OBSERVER_SCALE_GEOMETRY
25	168	248	-0.03961636544368386	DESCRIPTIVE_ONLY_OBSERVER_SCALE_GEOMETRY
25	169	248	0.04137980921723149	DESCRIPTIVE_ONLY_OBSERVER_SCALE_GEOMETRY
25	170	248	0.006062850464086067	DESCRIPTIVE_ONLY_OBSERVER_SCALE_GEOMETRY
25	171	248	0.012970907168745525	DESCRIPTIVE_ONLY_OBSERVER_SCALE_GEOMETRY
25	172	248	-0.011447813216360729	DESCRIPTIVE_ONLY_OBSERVER_SCALE_GEOMETRY
25	173	248	0.012847466522626125	DESCRIPTIVE_ONLY_OBSERVER_SCALE_GEOMETRY
25	174	248	-0.031544272555208	DESCRIPTIVE_ONLY_OBSERVER_SCALE_GEOMETRY
25	175	248	0.04551422167259092	DESCRIPTIVE_ONLY_OBSERVER_SCALE_GEOMETRY
25	176	247	1.3052788445243297	DESCRIPTIVE_ONLY_OBSERVER_SCALE_GEOMETRY
25	177	247	-5.353281651340803	DESCRIPTIVE_ONLY_OBSERVER_SCALE_GEOMETRY
25	178	247	4.383862029915871	DESCRIPTIVE_ONLY_OBSERVER_SCALE_GEOMETRY
25	179	247	-0.27545691555865015	DESCRIPTIVE_ONLY_OBSERVER_SCALE_GEOMETRY
25	180	247	-0.19130001605018807	DESCRIPTIVE_ONLY_OBSERVER_SCALE_GEOMETRY
25	181	247	0.054612893497142836	DESCRIPTIVE_ONLY_OBSERVER_SCALE_GEOMETRY
25	182	247	-0.09269950096254981	DESCRIPTIVE_ONLY_OBSERVER_SCALE_GEOMETRY
25	183	247	0.23573408218046024	DESCRIPTIVE_ONLY_OBSERVER_SCALE_GEOMETRY
25	184	247	0.13242392131721334	DESCRIPTIVE_ONLY_OBSERVER_SCALE_GEOMETRY
25	185	247	-0.39626193818776095	DESCRIPTIVE_ONLY_OBSERVER_SCALE_GEOMETRY
25	186	247	0.21196032572241583	DESCRIPTIVE_ONLY_OBSERVER_SCALE_GEOMETRY
25	187	247	-0.017411794262886245	DESCRIPTIVE_ONLY_OBSERVER_SCALE_GEOMETRY
25	188	247	0.010856335320441222	DESCRIPTIVE_ONLY_OBSERVER_SCALE_GEOMETRY
25	189	247	0.020810338646565875	DESCRIPTIVE_ONLY_OBSERVER_SCALE_GEOMETRY
25	190	246	0.013772360628770823	DESCRIPTIVE_ONLY_OBSERVER_SCALE_GEOMETRY
25	191	246	-0.004511586332217048	DESCRIPTIVE_ONLY_OBSERVER_SCALE_GEOMETRY
25	192	246	-0.01853246642125196	DESCRIPTIVE_ONLY_OBSERVER_SCALE_GEOMETRY
25	193	246	-0.003321550746890409	DESCRIPTIVE_ONLY_OBSERVER_SCALE_GEOMETRY
25	194	246	-0.020305807872329246	DESCRIPTIVE_ONLY_OBSERVER_SCALE_GEOMETRY
25	195	246	-0.014869040748429574	DESCRIPTIVE_ONLY_OBSERVER_SCALE_GEOMETRY
25	196	246	0.187909189468912	DESCRIPTIVE_ONLY_OBSERVER_SCALE_GEOMETRY
25	197	246	-0.1192615856445209	DESCRIPTIVE_ONLY_OBSERVER_SCALE_GEOMETRY
25	198	246	0.0584895398601035	DESCRIPTIVE_ONLY_OBSERVER_SCALE_GEOMETRY
25	199	246	-0.0497829958652542	DESCRIPTIVE_ONLY_OBSERVER_SCALE_GEOMETRY
25	200	246	-0.03455001894328233	DESCRIPTIVE_ONLY_OBSERVER_SCALE_GEOMETRY
25	201	246	0.09377804258560106	DESCRIPTIVE_ONLY_OBSERVER_SCALE_GEOMETRY
25	202	246	-0.09194177713777775	DESCRIPTIVE_ONLY_OBSERVER_SCALE_GEOMETRY
25	203	246	0.10395643981373931	DESCRIPTIVE_ONLY_OBSERVER_SCALE_GEOMETRY
25	204	246	-0.09880327172414081	DESCRIPTIVE_ONLY_OBSERVER_SCALE_GEOMETRY
25	205	246	0.026896999067121296	DESCRIPTIVE_ONLY_OBSERVER_SCALE_GEOMETRY
25	206	246	0.0753435479466376	DESCRIPTIVE_ONLY_OBSERVER_SCALE_GEOMETRY
25	207	246	-0.09475656860206796	DESCRIPTIVE_ONLY_OBSERVER_SCALE_GEOMETRY
25	208	246	0.062274696705871206	DESCRIPTIVE_ONLY_OBSERVER_SCALE_GEOMETRY
25	209	246	-0.02742926894436883	DESCRIPTIVE_ONLY_OBSERVER_SCALE_GEOMETRY
25	210	246	-0.015302427751216978	DESCRIPTIVE_ONLY_OBSERVER_SCALE_GEOMETRY
25	211	246	0.1357248819377831	DESCRIPTIVE_ONLY_OBSERVER_SCALE_GEOMETRY
25	212	246	-0.14604673307485064	DESCRIPTIVE_ONLY_OBSERVER_SCALE_GEOMETRY
25	213	246	-0.04092356768840615	DESCRIPTIVE_ONLY_OBSERVER_SCALE_GEOMETRY
25	214	246	0.10449964763216402	DESCRIPTIVE_ONLY_OBSERVER_SCALE_GEOMETRY
25	215	246	0.04131014031558714	DESCRIPTIVE_ONLY_OBSERVER_SCALE_GEOMETRY
25	216	246	-0.13593183058753852	DESCRIPTIVE_ONLY_OBSERVER_SCALE_GEOMETRY
25	217	246	0.04970650706311679	DESCRIPTIVE_ONLY_OBSERVER_SCALE_GEOMETRY
25	218	246	0.024842764049193476	DESCRIPTIVE_ONLY_OBSERVER_SCALE_GEOMETRY
25	219	246	0.005089197958927707	DESCRIPTIVE_ONLY_OBSERVER_SCALE_GEOMETRY
25	220	246	-0.03425518057055258	DESCRIPTIVE_ONLY_OBSERVER_SCALE_GEOMETRY
25	221	246	0.07639543659143891	DESCRIPTIVE_ONLY_OBSERVER_SCALE_GEOMETRY
25	222	246	-0.006162538480137933	DESCRIPTIVE_ONLY_OBSERVER_SCALE_GEOMETRY
25	223	246	-0.06526815525774743	DESCRIPTIVE_ONLY_OBSERVER_SCALE_GEOMETRY
25	224	246	-0.05313863656134889	DESCRIPTIVE_ONLY_OBSERVER_SCALE_GEOMETRY
25	225	246	0.12863593293091793	DESCRIPTIVE_ONLY_OBSERVER_SCALE_GEOMETRY
25	226	246	-0.07035054747595132	DESCRIPTIVE_ONLY_OBSERVER_SCALE_GEOMETRY
25	227	246	-0.03898839468065574	DESCRIPTIVE_ONLY_OBSERVER_SCALE_GEOMETRY
25	228	246	0.1306082664240367	DESCRIPTIVE_ONLY_OBSERVER_SCALE_GEOMETRY
25	229	246	-0.10343929035435591	DESCRIPTIVE_ONLY_OBSERVER_SCALE_GEOMETRY
25	230	246	0.05154939690235847	DESCRIPTIVE_ONLY_OBSERVER_SCALE_GEOMETRY
25	231	246	-0.0011053991810121015	DESCRIPTIVE_ONLY_OBSERVER_SCALE_GEOMETRY
25	232	246	0.025187896152810793	DESCRIPTIVE_ONLY_OBSERVER_SCALE_GEOMETRY
25	233	246	-0.059215087066959965	DESCRIPTIVE_ONLY_OBSERVER_SCALE_GEOMETRY
25	234	246	0.046919904331835634	DESCRIPTIVE_ONLY_OBSERVER_SCALE_GEOMETRY
25	235	246	-0.0707678809337064	DESCRIPTIVE_ONLY_OBSERVER_SCALE_GEOMETRY
25	236	246	0.13417083231584742	DESCRIPTIVE_ONLY_OBSERVER_SCALE_GEOMETRY
25	237	246	-0.11443164123552074	DESCRIPTIVE_ONLY_OBSERVER_SCALE_GEOMETRY
25	238	246	0.02614668031678875	DESCRIPTIVE_ONLY_OBSERVER_SCALE_GEOMETRY
25	239	246	-0.023752584718948134	DESCRIPTIVE_ONLY_OBSERVER_SCALE_GEOMETRY
25	240	246	0.01197075664138729	DESCRIPTIVE_ONLY_OBSERVER_SCALE_GEOMETRY
25	241	245	0.04963529192081927	DESCRIPTIVE_ONLY_OBSERVER_SCALE_GEOMETRY
25	242	245	-0.03090327432779417	DESCRIPTIVE_ONLY_OBSERVER_SCALE_GEOMETRY
25	243	245	0.022588069584920937	DESCRIPTIVE_ONLY_OBSERVER_SCALE_GEOMETRY
25	244	245	-0.05331590258708773	DESCRIPTIVE_ONLY_OBSERVER_SCALE_GEOMETRY
25	245	245	0.06699426018997436	DESCRIPTIVE_ONLY_OBSERVER_SCALE_GEOMETRY
25	246	245	-0.06618527106027702	DESCRIPTIVE_ONLY_OBSERVER_SCALE_GEOMETRY
25	247	245	0.08275345367007848	DESCRIPTIVE_ONLY_OBSERVER_SCALE_GEOMETRY
25	248	245	-0.08731874196006394	DESCRIPTIVE_ONLY_OBSERVER_SCALE_GEOMETRY
25	249	245	0.03803079798435094	DESCRIPTIVE_ONLY_OBSERVER_SCALE_GEOMETRY
25	250	245	0.003983284342146866	DESCRIPTIVE_ONLY_OBSERVER_SCALE_GEOMETRY
25	251	245	-0.06977724932254296	DESCRIPTIVE_ONLY_OBSERVER_SCALE_GEOMETRY
25	252	245	0.11186452892408373	DESCRIPTIVE_ONLY_OBSERVER_SCALE_GEOMETRY
25	253	244	-0.12449195092960227	DESCRIPTIVE_ONLY_OBSERVER_SCALE_GEOMETRY
25	254	244	0.11092963520404892	DESCRIPTIVE_ONLY_OBSERVER_SCALE_GEOMETRY
25	255	243	0.4797344184439157	DESCRIPTIVE_ONLY_OBSERVER_SCALE_GEOMETRY
25	256	243	-0.4288392104681923	DESCRIPTIVE_ONLY_OBSERVER_SCALE_GEOMETRY
25	257	242	-0.14973650667249985	DESCRIPTIVE_ONLY_OBSERVER_SCALE_GEOMETRY
25	258	242	0.10335413078999274	DESCRIPTIVE_ONLY_OBSERVER_SCALE_GEOMETRY
25	259	242	-0.18935389450338386	DESCRIPTIVE_ONLY_OBSERVER_SCALE_GEOMETRY
25	260	242	0.18113370732198686	DESCRIPTIVE_ONLY_OBSERVER_SCALE_GEOMETRY
25	261	242	-0.11899787228306734	DESCRIPTIVE_ONLY_OBSERVER_SCALE_GEOMETRY
25	262	242	0.0760300416152166	DESCRIPTIVE_ONLY_OBSERVER_SCALE_GEOMETRY
25	263	242	-0.07294524513075992	DESCRIPTIVE_ONLY_OBSERVER_SCALE_GEOMETRY
25	264	242	0.023684867095830533	DESCRIPTIVE_ONLY_OBSERVER_SCALE_GEOMETRY
25	265	242	0.0182426667546253	DESCRIPTIVE_ONLY_OBSERVER_SCALE_GEOMETRY
25	266	242	0.03788201627337156	DESCRIPTIVE_ONLY_OBSERVER_SCALE_GEOMETRY
25	267	242	-0.07994233754157708	DESCRIPTIVE_ONLY_OBSERVER_SCALE_GEOMETRY
25	268	242	0.021349580283758697	DESCRIPTIVE_ONLY_OBSERVER_SCALE_GEOMETRY
25	269	242	-0.047968287641624856	DESCRIPTIVE_ONLY_OBSERVER_SCALE_GEOMETRY
25	270	242	0.039976075871161046	DESCRIPTIVE_ONLY_OBSERVER_SCALE_GEOMETRY
25	271	242	-0.010957350898209291	DESCRIPTIVE_ONLY_OBSERVER_SCALE_GEOMETRY
25	272	242	0.014990248298644203	DESCRIPTIVE_ONLY_OBSERVER_SCALE_GEOMETRY
25	273	242	-0.0828000429514367	DESCRIPTIVE_ONLY_OBSERVER_SCALE_GEOMETRY
25	274	242	0.07081587145032466	DESCRIPTIVE_ONLY_OBSERVER_SCALE_GEOMETRY
25	275	242	0.08039503260617323	DESCRIPTIVE_ONLY_OBSERVER_SCALE_GEOMETRY
25	276	242	-0.16638447629409472	DESCRIPTIVE_ONLY_OBSERVER_SCALE_GEOMETRY
25	277	242	0.09258641148477512	DESCRIPTIVE_ONLY_OBSERVER_SCALE_GEOMETRY
25	278	242	-0.02946101399122812	DESCRIPTIVE_ONLY_OBSERVER_SCALE_GEOMETRY
25	279	242	-0.04125323939176993	DESCRIPTIVE_ONLY_OBSERVER_SCALE_GEOMETRY
25	280	242	-0.027888609589882832	DESCRIPTIVE_ONLY_OBSERVER_SCALE_GEOMETRY
25	281	242	0.11679640105856791	DESCRIPTIVE_ONLY_OBSERVER_SCALE_GEOMETRY
25	282	242	-0.05402438976210634	DESCRIPTIVE_ONLY_OBSERVER_SCALE_GEOMETRY
25	283	242	-0.016985732584462298	DESCRIPTIVE_ONLY_OBSERVER_SCALE_GEOMETRY
25	284	242	-0.006921008126245438	DESCRIPTIVE_ONLY_OBSERVER_SCALE_GEOMETRY
25	285	242	0.06688105025460546	DESCRIPTIVE_ONLY_OBSERVER_SCALE_GEOMETRY
25	286	241	-0.15650736045391048	DESCRIPTIVE_ONLY_OBSERVER_SCALE_GEOMETRY
25	287	241	0.16028843929840228	DESCRIPTIVE_ONLY_OBSERVER_SCALE_GEOMETRY
25	288	241	-0.11813820595181682	DESCRIPTIVE_ONLY_OBSERVER_SCALE_GEOMETRY
25	289	241	0.007837701485338997	DESCRIPTIVE_ONLY_OBSERVER_SCALE_GEOMETRY
25	290	241	0.0037116826841564685	DESCRIPTIVE_ONLY_OBSERVER_SCALE_GEOMETRY
25	291	241	0.0023687838284740035	DESCRIPTIVE_ONLY_OBSERVER_SCALE_GEOMETRY
25	292	241	0.020363870794745227	DESCRIPTIVE_ONLY_OBSERVER_SCALE_GEOMETRY
25	293	241	-0.011861657016135283	DESCRIPTIVE_ONLY_OBSERVER_SCALE_GEOMETRY
25	294	241	-0.01153597620304503	DESCRIPTIVE_ONLY_OBSERVER_SCALE_GEOMETRY
25	295	240	-0.09090866761946884	DESCRIPTIVE_ONLY_OBSERVER_SCALE_GEOMETRY
25	296	240	2.361484546598032	DESCRIPTIVE_ONLY_OBSERVER_SCALE_GEOMETRY
25	297	240	-11.26844300656264	DESCRIPTIVE_ONLY_OBSERVER_SCALE_GEOMETRY
25	298	240	8.938693734873853	DESCRIPTIVE_ONLY_OBSERVER_SCALE_GEOMETRY
25	299	240	0.015791560769100304	DESCRIPTIVE_ONLY_OBSERVER_SCALE_GEOMETRY
25	300	239	0.0022113483491950398	DESCRIPTIVE_ONLY_OBSERVER_SCALE_GEOMETRY
25	301	239	-0.02803157889441906	DESCRIPTIVE_ONLY_OBSERVER_SCALE_GEOMETRY
25	302	239	-0.025596579680844993	DESCRIPTIVE_ONLY_OBSERVER_SCALE_GEOMETRY
25	303	239	-0.03270918370156385	DESCRIPTIVE_ONLY_OBSERVER_SCALE_GEOMETRY
25	304	239	0.05057266885281746	DESCRIPTIVE_ONLY_OBSERVER_SCALE_GEOMETRY
25	305	239	-0.06841823653569155	DESCRIPTIVE_ONLY_OBSERVER_SCALE_GEOMETRY
25	306	239	0.042483711608319145	DESCRIPTIVE_ONLY_OBSERVER_SCALE_GEOMETRY
25	307	239	-0.027557245288680657	DESCRIPTIVE_ONLY_OBSERVER_SCALE_GEOMETRY
25	308	239	-0.026217648291678483	DESCRIPTIVE_ONLY_OBSERVER_SCALE_GEOMETRY
25	309	239	0.03084626820236617	DESCRIPTIVE_ONLY_OBSERVER_SCALE_GEOMETRY
25	310	239	-0.0030206329027837914	DESCRIPTIVE_ONLY_OBSERVER_SCALE_GEOMETRY
25	311	239	-0.05386210229815632	DESCRIPTIVE_ONLY_OBSERVER_SCALE_GEOMETRY
25	312	239	0.03873194529134835	DESCRIPTIVE_ONLY_OBSERVER_SCALE_GEOMETRY
25	313	239	-0.07001886518578693	DESCRIPTIVE_ONLY_OBSERVER_SCALE_GEOMETRY
25	314	238	0.05196190157941127	DESCRIPTIVE_ONLY_OBSERVER_SCALE_GEOMETRY
25	315	237	0.802052965143473	DESCRIPTIVE_ONLY_OBSERVER_SCALE_GEOMETRY
25	316	237	-0.8173069749132826	DESCRIPTIVE_ONLY_OBSERVER_SCALE_GEOMETRY
25	317	237	-0.04365556104825959	DESCRIPTIVE_ONLY_OBSERVER_SCALE_GEOMETRY
25	318	237	-0.03713320148080635	DESCRIPTIVE_ONLY_OBSERVER_SCALE_GEOMETRY
25	319	237	0.09634720436950972	DESCRIPTIVE_ONLY_OBSERVER_SCALE_GEOMETRY
25	320	237	-0.05624903626897122	DESCRIPTIVE_ONLY_OBSERVER_SCALE_GEOMETRY
25	321	237	-0.07404123708460573	DESCRIPTIVE_ONLY_OBSERVER_SCALE_GEOMETRY
25	322	237	0.03893432230531589	DESCRIPTIVE_ONLY_OBSERVER_SCALE_GEOMETRY
25	323	237	0.03125260052273087	DESCRIPTIVE_ONLY_OBSERVER_SCALE_GEOMETRY
25	324	237	-0.0930387216965582	DESCRIPTIVE_ONLY_OBSERVER_SCALE_GEOMETRY
25	325	237	0.08520050721561247	DESCRIPTIVE_ONLY_OBSERVER_SCALE_GEOMETRY
25	326	237	-0.10744128521889497	DESCRIPTIVE_ONLY_OBSERVER_SCALE_GEOMETRY
25	327	237	0.11084829117952535	DESCRIPTIVE_ONLY_OBSERVER_SCALE_GEOMETRY
25	328	237	-0.1023882569394921	DESCRIPTIVE_ONLY_OBSERVER_SCALE_GEOMETRY
25	329	237	0.020741432038539235	DESCRIPTIVE_ONLY_OBSERVER_SCALE_GEOMETRY
25	330	237	-0.04048533808520346	DESCRIPTIVE_ONLY_OBSERVER_SCALE_GEOMETRY
25	331	237	0.04811257025926558	DESCRIPTIVE_ONLY_OBSERVER_SCALE_GEOMETRY
25	332	237	0.0014890240164192345	DESCRIPTIVE_ONLY_OBSERVER_SCALE_GEOMETRY
25	333	237	-0.08706400519516357	DESCRIPTIVE_ONLY_OBSERVER_SCALE_GEOMETRY
25	334	237	0.04323289704838372	DESCRIPTIVE_ONLY_OBSERVER_SCALE_GEOMETRY
25	335	237	-0.039491452592615606	DESCRIPTIVE_ONLY_OBSERVER_SCALE_GEOMETRY
25	336	237	0.05579185282262685	DESCRIPTIVE_ONLY_OBSERVER_SCALE_GEOMETRY
25	337	237	-0.003735176197892327	DESCRIPTIVE_ONLY_OBSERVER_SCALE_GEOMETRY
25	338	236	-0.07409037423969712	DESCRIPTIVE_ONLY_OBSERVER_SCALE_GEOMETRY
25	339	236	-0.015356945230857209	DESCRIPTIVE_ONLY_OBSERVER_SCALE_GEOMETRY
25	340	236	0.039405301262999265	DESCRIPTIVE_ONLY_OBSERVER_SCALE_GEOMETRY
25	341	236	-0.04956090185374288	DESCRIPTIVE_ONLY_OBSERVER_SCALE_GEOMETRY
25	342	236	0.0697518438887533	DESCRIPTIVE_ONLY_OBSERVER_SCALE_GEOMETRY
25	343	236	-0.0681994444996939	DESCRIPTIVE_ONLY_OBSERVER_SCALE_GEOMETRY
25	344	236	-0.008897479711803798	DESCRIPTIVE_ONLY_OBSERVER_SCALE_GEOMETRY
25	345	236	0.07980460734037108	DESCRIPTIVE_ONLY_OBSERVER_SCALE_GEOMETRY
25	346	236	-0.06786561037047124	DESCRIPTIVE_ONLY_OBSERVER_SCALE_GEOMETRY
25	347	236	-0.06643227885221344	DESCRIPTIVE_ONLY_OBSERVER_SCALE_GEOMETRY
25	348	235	0.12200585020841301	DESCRIPTIVE_ONLY_OBSERVER_SCALE_GEOMETRY
25	349	235	-0.0907014613717138	DESCRIPTIVE_ONLY_OBSERVER_SCALE_GEOMETRY
25	350	235	0.033112579123673755	DESCRIPTIVE_ONLY_OBSERVER_SCALE_GEOMETRY
25	351	235	-0.06942636739280872	DESCRIPTIVE_ONLY_OBSERVER_SCALE_GEOMETRY
25	352	235	0.09449320178604362	DESCRIPTIVE_ONLY_OBSERVER_SCALE_GEOMETRY
25	353	235	-0.06653478881791956	DESCRIPTIVE_ONLY_OBSERVER_SCALE_GEOMETRY
25	354	235	-0.024576806319614074	DESCRIPTIVE_ONLY_OBSERVER_SCALE_GEOMETRY
25	355	235	0.028334566144664647	DESCRIPTIVE_ONLY_OBSERVER_SCALE_GEOMETRY
25	356	235	0.0172779008012141	DESCRIPTIVE_ONLY_OBSERVER_SCALE_GEOMETRY
25	357	235	-0.03440337069154323	DESCRIPTIVE_ONLY_OBSERVER_SCALE_GEOMETRY
25	358	235	0.009661594563755148	DESCRIPTIVE_ONLY_OBSERVER_SCALE_GEOMETRY
25	359	235	-0.05260375672031148	DESCRIPTIVE_ONLY_OBSERVER_SCALE_GEOMETRY
25	360	235	0.11965578282758246	DESCRIPTIVE_ONLY_OBSERVER_SCALE_GEOMETRY
25	361	235	-0.20315590694046134	DESCRIPTIVE_ONLY_OBSERVER_SCALE_GEOMETRY
25	362	235	0.1387994249429163	DESCRIPTIVE_ONLY_OBSERVER_SCALE_GEOMETRY
25	363	235	-0.043820807141922664	DESCRIPTIVE_ONLY_OBSERVER_SCALE_GEOMETRY
25	364	235	-0.016070091487593783	DESCRIPTIVE_ONLY_OBSERVER_SCALE_GEOMETRY
26	1	257	-0.01623488918608793	DESCRIPTIVE_ONLY_OBSERVER_SCALE_GEOMETRY
26	2	257	0.005534259901948274	DESCRIPTIVE_ONLY_OBSERVER_SCALE_GEOMETRY
26	3	257	0.015662705384615103	DESCRIPTIVE_ONLY_OBSERVER_SCALE_GEOMETRY
26	4	257	-0.043691182455255786	DESCRIPTIVE_ONLY_OBSERVER_SCALE_GEOMETRY
26	5	257	0.000881594969431712	DESCRIPTIVE_ONLY_OBSERVER_SCALE_GEOMETRY
26	6	257	-0.03237571459518366	DESCRIPTIVE_ONLY_OBSERVER_SCALE_GEOMETRY
26	7	257	0.004230708971193561	DESCRIPTIVE_ONLY_OBSERVER_SCALE_GEOMETRY
26	8	256	-0.011767130880424893	DESCRIPTIVE_ONLY_OBSERVER_SCALE_GEOMETRY
26	9	256	0.008908219134175784	DESCRIPTIVE_ONLY_OBSERVER_SCALE_GEOMETRY
26	10	255	0.0009258753045062774	DESCRIPTIVE_ONLY_OBSERVER_SCALE_GEOMETRY
26	11	255	-0.04175058243830733	DESCRIPTIVE_ONLY_OBSERVER_SCALE_GEOMETRY
26	12	255	0.008445883892999852	DESCRIPTIVE_ONLY_OBSERVER_SCALE_GEOMETRY
26	13	255	-0.02753735502437994	DESCRIPTIVE_ONLY_OBSERVER_SCALE_GEOMETRY
26	14	255	2.9480600484678496	DESCRIPTIVE_ONLY_OBSERVER_SCALE_GEOMETRY
26	15	255	-3.0642383182903536	DESCRIPTIVE_ONLY_OBSERVER_SCALE_GEOMETRY
26	16	255	0.07242759197602419	DESCRIPTIVE_ONLY_OBSERVER_SCALE_GEOMETRY
26	17	255	0.021917484963182143	DESCRIPTIVE_ONLY_OBSERVER_SCALE_GEOMETRY
26	18	255	-0.0498264079459297	DESCRIPTIVE_ONLY_OBSERVER_SCALE_GEOMETRY
26	19	255	0.04476263116202634	DESCRIPTIVE_ONLY_OBSERVER_SCALE_GEOMETRY
26	20	255	8.269352048374754	DESCRIPTIVE_ONLY_OBSERVER_SCALE_GEOMETRY
26	21	255	-8.080906740579511	DESCRIPTIVE_ONLY_OBSERVER_SCALE_GEOMETRY
26	22	255	-0.6493043424652497	DESCRIPTIVE_ONLY_OBSERVER_SCALE_GEOMETRY
26	23	255	0.07887440975244643	DESCRIPTIVE_ONLY_OBSERVER_SCALE_GEOMETRY
26	24	255	-0.0551047256648498	DESCRIPTIVE_ONLY_OBSERVER_SCALE_GEOMETRY
26	25	255	0.2786887081807566	DESCRIPTIVE_ONLY_OBSERVER_SCALE_GEOMETRY
26	26	254	0.11931134093709887	DESCRIPTIVE_ONLY_OBSERVER_SCALE_GEOMETRY
26	27	254	-0.08094520308926946	DESCRIPTIVE_ONLY_OBSERVER_SCALE_GEOMETRY
26	28	254	-0.005365309681934825	DESCRIPTIVE_ONLY_OBSERVER_SCALE_GEOMETRY
26	29	254	-0.018785843616283507	DESCRIPTIVE_ONLY_OBSERVER_SCALE_GEOMETRY
26	30	254	-0.007054154852445299	DESCRIPTIVE_ONLY_OBSERVER_SCALE_GEOMETRY
26	31	254	-0.08359995712697403	DESCRIPTIVE_ONLY_OBSERVER_SCALE_GEOMETRY
26	32	254	0.06378180507714895	DESCRIPTIVE_ONLY_OBSERVER_SCALE_GEOMETRY
26	33	254	0.0012183391079712772	DESCRIPTIVE_ONLY_OBSERVER_SCALE_GEOMETRY
26	34	254	-0.059163713329061014	DESCRIPTIVE_ONLY_OBSERVER_SCALE_GEOMETRY
26	35	254	-0.03472688593596505	DESCRIPTIVE_ONLY_OBSERVER_SCALE_GEOMETRY
26	36	254	0.06318391352993821	DESCRIPTIVE_ONLY_OBSERVER_SCALE_GEOMETRY
26	37	254	-0.08830780758812881	DESCRIPTIVE_ONLY_OBSERVER_SCALE_GEOMETRY
26	38	254	0.04091617155051447	DESCRIPTIVE_ONLY_OBSERVER_SCALE_GEOMETRY
26	39	253	-0.050035912686109685	DESCRIPTIVE_ONLY_OBSERVER_SCALE_GEOMETRY
26	40	253	-0.0015056813586616182	DESCRIPTIVE_ONLY_OBSERVER_SCALE_GEOMETRY
26	41	253	-0.016718016693120518	DESCRIPTIVE_ONLY_OBSERVER_SCALE_GEOMETRY
26	42	253	-0.020142698512138638	DESCRIPTIVE_ONLY_OBSERVER_SCALE_GEOMETRY
26	43	253	-0.013351940805183224	DESCRIPTIVE_ONLY_OBSERVER_SCALE_GEOMETRY
26	44	253	0.00844408679782869	DESCRIPTIVE_ONLY_OBSERVER_SCALE_GEOMETRY
26	45	253	-0.05915889206951145	DESCRIPTIVE_ONLY_OBSERVER_SCALE_GEOMETRY
26	46	253	0.0456391788180233	DESCRIPTIVE_ONLY_OBSERVER_SCALE_GEOMETRY
26	47	253	-0.06817601179372096	DESCRIPTIVE_ONLY_OBSERVER_SCALE_GEOMETRY
26	48	253	-0.017470103688704757	DESCRIPTIVE_ONLY_OBSERVER_SCALE_GEOMETRY
26	49	253	-0.0064848175945878845	DESCRIPTIVE_ONLY_OBSERVER_SCALE_GEOMETRY
26	50	253	-0.07604951050759215	DESCRIPTIVE_ONLY_OBSERVER_SCALE_GEOMETRY
26	51	253	0.03867753351250115	DESCRIPTIVE_ONLY_OBSERVER_SCALE_GEOMETRY
26	52	253	-0.02066868107243581	DESCRIPTIVE_ONLY_OBSERVER_SCALE_GEOMETRY
26	53	253	0.02057833527119362	DESCRIPTIVE_ONLY_OBSERVER_SCALE_GEOMETRY
26	54	253	-0.11265737199679361	DESCRIPTIVE_ONLY_OBSERVER_SCALE_GEOMETRY
26	55	253	-1.3004060793859231	DESCRIPTIVE_ONLY_OBSERVER_SCALE_GEOMETRY
26	56	253	3.056249838150386	DESCRIPTIVE_ONLY_OBSERVER_SCALE_GEOMETRY
26	57	253	-1.4817441306109214	DESCRIPTIVE_ONLY_OBSERVER_SCALE_GEOMETRY
26	58	252	-0.8931364134242644	DESCRIPTIVE_ONLY_OBSERVER_SCALE_GEOMETRY
26	59	252	0.5947000896263117	DESCRIPTIVE_ONLY_OBSERVER_SCALE_GEOMETRY
26	60	252	0.005204389017367244	DESCRIPTIVE_ONLY_OBSERVER_SCALE_GEOMETRY
26	61	252	-0.10645988154314062	DESCRIPTIVE_ONLY_OBSERVER_SCALE_GEOMETRY
26	62	252	0.084826766055614	DESCRIPTIVE_ONLY_OBSERVER_SCALE_GEOMETRY
26	63	252	-0.06469894758061226	DESCRIPTIVE_ONLY_OBSERVER_SCALE_GEOMETRY
26	64	252	-0.025118408288524352	DESCRIPTIVE_ONLY_OBSERVER_SCALE_GEOMETRY
26	65	252	0.021230036157085606	DESCRIPTIVE_ONLY_OBSERVER_SCALE_GEOMETRY
26	66	252	-0.053607592873959935	DESCRIPTIVE_ONLY_OBSERVER_SCALE_GEOMETRY
26	67	252	0.0392959264487454	DESCRIPTIVE_ONLY_OBSERVER_SCALE_GEOMETRY
26	68	252	-0.07705087856481774	DESCRIPTIVE_ONLY_OBSERVER_SCALE_GEOMETRY
26	69	252	-0.026428989201427434	DESCRIPTIVE_ONLY_OBSERVER_SCALE_GEOMETRY
26	70	252	0.0054600277156801255	DESCRIPTIVE_ONLY_OBSERVER_SCALE_GEOMETRY
26	71	252	0.003909713090525415	DESCRIPTIVE_ONLY_OBSERVER_SCALE_GEOMETRY
26	72	252	-0.05151985414682759	DESCRIPTIVE_ONLY_OBSERVER_SCALE_GEOMETRY
26	73	252	0.022265060405711988	DESCRIPTIVE_ONLY_OBSERVER_SCALE_GEOMETRY
26	74	252	-0.04311262080358549	DESCRIPTIVE_ONLY_OBSERVER_SCALE_GEOMETRY
26	75	252	0.03755426455148431	DESCRIPTIVE_ONLY_OBSERVER_SCALE_GEOMETRY
26	76	252	-0.0365323762633022	DESCRIPTIVE_ONLY_OBSERVER_SCALE_GEOMETRY
26	77	252	-0.06882326055603287	DESCRIPTIVE_ONLY_OBSERVER_SCALE_GEOMETRY
26	78	252	-0.0005372574195296024	DESCRIPTIVE_ONLY_OBSERVER_SCALE_GEOMETRY
26	79	252	0.023409021776543686	DESCRIPTIVE_ONLY_OBSERVER_SCALE_GEOMETRY
26	80	252	-0.1366526473991778	DESCRIPTIVE_ONLY_OBSERVER_SCALE_GEOMETRY
26	81	252	0.09457495524094242	DESCRIPTIVE_ONLY_OBSERVER_SCALE_GEOMETRY
26	82	252	-0.0761662859714731	DESCRIPTIVE_ONLY_OBSERVER_SCALE_GEOMETRY
26	83	252	0.04967331093070262	DESCRIPTIVE_ONLY_OBSERVER_SCALE_GEOMETRY
26	84	252	-0.047546720539419184	DESCRIPTIVE_ONLY_OBSERVER_SCALE_GEOMETRY
26	85	252	-0.09196332517320578	DESCRIPTIVE_ONLY_OBSERVER_SCALE_GEOMETRY
26	86	252	0.06125256668127554	DESCRIPTIVE_ONLY_OBSERVER_SCALE_GEOMETRY
26	87	252	-0.03255687074148412	DESCRIPTIVE_ONLY_OBSERVER_SCALE_GEOMETRY
26	88	252	-0.04865700352181097	DESCRIPTIVE_ONLY_OBSERVER_SCALE_GEOMETRY
26	89	252	-0.01881936564412093	DESCRIPTIVE_ONLY_OBSERVER_SCALE_GEOMETRY
26	90	252	0.03477297774719755	DESCRIPTIVE_ONLY_OBSERVER_SCALE_GEOMETRY
26	91	252	-0.049178346256388415	DESCRIPTIVE_ONLY_OBSERVER_SCALE_GEOMETRY
26	92	252	-0.01613158075051358	DESCRIPTIVE_ONLY_OBSERVER_SCALE_GEOMETRY
26	93	252	0.00014796915526809248	DESCRIPTIVE_ONLY_OBSERVER_SCALE_GEOMETRY
26	94	252	-0.013037134353644855	DESCRIPTIVE_ONLY_OBSERVER_SCALE_GEOMETRY
26	95	252	-0.06522689612987456	DESCRIPTIVE_ONLY_OBSERVER_SCALE_GEOMETRY
26	96	252	0.01884449273395083	DESCRIPTIVE_ONLY_OBSERVER_SCALE_GEOMETRY
26	97	252	0.016102406960448668	DESCRIPTIVE_ONLY_OBSERVER_SCALE_GEOMETRY
26	98	252	-0.0880369596655003	DESCRIPTIVE_ONLY_OBSERVER_SCALE_GEOMETRY
26	99	252	0.00981883520690898	DESCRIPTIVE_ONLY_OBSERVER_SCALE_GEOMETRY
26	100	252	-0.055269084062074016	DESCRIPTIVE_ONLY_OBSERVER_SCALE_GEOMETRY
26	101	252	0.02439322788547572	DESCRIPTIVE_ONLY_OBSERVER_SCALE_GEOMETRY
26	102	252	0.035234516690145885	DESCRIPTIVE_ONLY_OBSERVER_SCALE_GEOMETRY
26	103	252	-0.1296612936776984	DESCRIPTIVE_ONLY_OBSERVER_SCALE_GEOMETRY
26	104	251	0.027066620173837687	DESCRIPTIVE_ONLY_OBSERVER_SCALE_GEOMETRY
26	105	251	0.013169106972330506	DESCRIPTIVE_ONLY_OBSERVER_SCALE_GEOMETRY
26	106	251	-0.00866803436244005	DESCRIPTIVE_ONLY_OBSERVER_SCALE_GEOMETRY
26	107	251	-0.07318149748048128	DESCRIPTIVE_ONLY_OBSERVER_SCALE_GEOMETRY
26	108	251	-0.013615755103219652	DESCRIPTIVE_ONLY_OBSERVER_SCALE_GEOMETRY
26	109	251	0.047894400647969695	DESCRIPTIVE_ONLY_OBSERVER_SCALE_GEOMETRY
26	110	251	-0.11161292110034676	DESCRIPTIVE_ONLY_OBSERVER_SCALE_GEOMETRY
26	111	251	0.013155173592991766	DESCRIPTIVE_ONLY_OBSERVER_SCALE_GEOMETRY
26	112	251	-0.008029726697375146	DESCRIPTIVE_ONLY_OBSERVER_SCALE_GEOMETRY
26	113	250	-0.05119792886915762	DESCRIPTIVE_ONLY_OBSERVER_SCALE_GEOMETRY
26	114	250	0.06818965705581445	DESCRIPTIVE_ONLY_OBSERVER_SCALE_GEOMETRY
26	115	250	-0.04935972920676629	DESCRIPTIVE_ONLY_OBSERVER_SCALE_GEOMETRY
26	116	250	-0.04601376540434704	DESCRIPTIVE_ONLY_OBSERVER_SCALE_GEOMETRY
26	117	250	0.0007260627367964838	DESCRIPTIVE_ONLY_OBSERVER_SCALE_GEOMETRY
26	118	250	-0.032551476046391525	DESCRIPTIVE_ONLY_OBSERVER_SCALE_GEOMETRY
26	119	250	-0.06660340228639447	DESCRIPTIVE_ONLY_OBSERVER_SCALE_GEOMETRY
26	120	250	0.04192163256955126	DESCRIPTIVE_ONLY_OBSERVER_SCALE_GEOMETRY
26	121	250	-0.009385904790092136	DESCRIPTIVE_ONLY_OBSERVER_SCALE_GEOMETRY
26	122	250	-0.09631412444026043	DESCRIPTIVE_ONLY_OBSERVER_SCALE_GEOMETRY
26	123	250	0.013167455097310139	DESCRIPTIVE_ONLY_OBSERVER_SCALE_GEOMETRY
26	124	250	0.05050145396048669	DESCRIPTIVE_ONLY_OBSERVER_SCALE_GEOMETRY
26	125	249	-0.08601694351328802	DESCRIPTIVE_ONLY_OBSERVER_SCALE_GEOMETRY
26	126	249	0.002341936968848031	DESCRIPTIVE_ONLY_OBSERVER_SCALE_GEOMETRY
26	127	249	-0.030076887057542252	DESCRIPTIVE_ONLY_OBSERVER_SCALE_GEOMETRY
26	128	249	0.048844863505034676	DESCRIPTIVE_ONLY_OBSERVER_SCALE_GEOMETRY
26	129	249	-0.0780131031463282	DESCRIPTIVE_ONLY_OBSERVER_SCALE_GEOMETRY
26	130	249	-0.06313448836780866	DESCRIPTIVE_ONLY_OBSERVER_SCALE_GEOMETRY
26	131	249	0.030278884037510424	DESCRIPTIVE_ONLY_OBSERVER_SCALE_GEOMETRY
26	132	249	-0.04013325665577952	DESCRIPTIVE_ONLY_OBSERVER_SCALE_GEOMETRY
26	133	249	-0.011208361907367967	DESCRIPTIVE_ONLY_OBSERVER_SCALE_GEOMETRY
26	134	249	1.0800164890735495	DESCRIPTIVE_ONLY_OBSERVER_SCALE_GEOMETRY
26	135	249	-1.1036647080895388	DESCRIPTIVE_ONLY_OBSERVER_SCALE_GEOMETRY
26	136	248	-0.010024058178504363	DESCRIPTIVE_ONLY_OBSERVER_SCALE_GEOMETRY
26	137	248	-0.009686827032602003	DESCRIPTIVE_ONLY_OBSERVER_SCALE_GEOMETRY
26	138	248	-0.04476069611816791	DESCRIPTIVE_ONLY_OBSERVER_SCALE_GEOMETRY
26	139	248	-0.01715656340309103	DESCRIPTIVE_ONLY_OBSERVER_SCALE_GEOMETRY
26	140	248	-0.03695466782764383	DESCRIPTIVE_ONLY_OBSERVER_SCALE_GEOMETRY
26	141	248	-0.005265927985493271	DESCRIPTIVE_ONLY_OBSERVER_SCALE_GEOMETRY
26	142	248	-0.0031667288389045627	DESCRIPTIVE_ONLY_OBSERVER_SCALE_GEOMETRY
26	143	248	-0.015678269262999502	DESCRIPTIVE_ONLY_OBSERVER_SCALE_GEOMETRY
26	144	248	-0.04960258101666922	DESCRIPTIVE_ONLY_OBSERVER_SCALE_GEOMETRY
26	145	248	-0.00986437439749604	DESCRIPTIVE_ONLY_OBSERVER_SCALE_GEOMETRY
26	146	248	-0.019566902505736273	DESCRIPTIVE_ONLY_OBSERVER_SCALE_GEOMETRY
26	147	248	-0.03730896871041828	DESCRIPTIVE_ONLY_OBSERVER_SCALE_GEOMETRY
26	148	248	0.026538717604323244	DESCRIPTIVE_ONLY_OBSERVER_SCALE_GEOMETRY
26	149	248	-0.04664204025998075	DESCRIPTIVE_ONLY_OBSERVER_SCALE_GEOMETRY
26	150	248	0.013484297403603813	DESCRIPTIVE_ONLY_OBSERVER_SCALE_GEOMETRY
26	151	248	-0.07976165428595845	DESCRIPTIVE_ONLY_OBSERVER_SCALE_GEOMETRY
26	152	248	0.0004719350930496394	DESCRIPTIVE_ONLY_OBSERVER_SCALE_GEOMETRY
26	153	248	-0.015476693549493938	DESCRIPTIVE_ONLY_OBSERVER_SCALE_GEOMETRY
26	154	248	0.014967205439277083	DESCRIPTIVE_ONLY_OBSERVER_SCALE_GEOMETRY
26	155	248	-0.059296976730803655	DESCRIPTIVE_ONLY_OBSERVER_SCALE_GEOMETRY
26	156	248	-0.028721692145659988	DESCRIPTIVE_ONLY_OBSERVER_SCALE_GEOMETRY
26	157	248	0.03228921854892159	DESCRIPTIVE_ONLY_OBSERVER_SCALE_GEOMETRY
26	158	248	-0.041547115037876683	DESCRIPTIVE_ONLY_OBSERVER_SCALE_GEOMETRY
26	159	248	-0.09392111412524978	DESCRIPTIVE_ONLY_OBSERVER_SCALE_GEOMETRY
26	160	248	0.05872501208585797	DESCRIPTIVE_ONLY_OBSERVER_SCALE_GEOMETRY
26	161	248	-0.005154645074043143	DESCRIPTIVE_ONLY_OBSERVER_SCALE_GEOMETRY
26	162	248	-0.0610393719898941	DESCRIPTIVE_ONLY_OBSERVER_SCALE_GEOMETRY
26	163	248	0.019979132007736013	DESCRIPTIVE_ONLY_OBSERVER_SCALE_GEOMETRY
26	164	248	-0.0514417182379152	DESCRIPTIVE_ONLY_OBSERVER_SCALE_GEOMETRY
26	165	248	0.017457904354313377	DESCRIPTIVE_ONLY_OBSERVER_SCALE_GEOMETRY
26	166	248	-0.0474425802281974	DESCRIPTIVE_ONLY_OBSERVER_SCALE_GEOMETRY
26	167	248	-0.05824420929147825	DESCRIPTIVE_ONLY_OBSERVER_SCALE_GEOMETRY
26	168	248	0.022053789353773716	DESCRIPTIVE_ONLY_OBSERVER_SCALE_GEOMETRY
26	169	248	-0.014106016705983996	DESCRIPTIVE_ONLY_OBSERVER_SCALE_GEOMETRY
26	170	248	-0.007339675124715365	DESCRIPTIVE_ONLY_OBSERVER_SCALE_GEOMETRY
26	171	248	-0.03129937081946768	DESCRIPTIVE_ONLY_OBSERVER_SCALE_GEOMETRY
26	172	248	-0.009327527473743196	DESCRIPTIVE_ONLY_OBSERVER_SCALE_GEOMETRY
26	173	248	-0.05344478816602469	DESCRIPTIVE_ONLY_OBSERVER_SCALE_GEOMETRY
26	174	248	0.024394986070982994	DESCRIPTIVE_ONLY_OBSERVER_SCALE_GEOMETRY
26	175	247	1.2844650442714185	DESCRIPTIVE_ONLY_OBSERVER_SCALE_GEOMETRY
26	176	247	-5.374549895585311	DESCRIPTIVE_ONLY_OBSERVER_SCALE_GEOMETRY
26	177	247	4.3630971757931585	DESCRIPTIVE_ONLY_OBSERVER_SCALE_GEOMETRY
26	178	247	-0.29664414947792955	DESCRIPTIVE_ONLY_OBSERVER_SCALE_GEOMETRY
26	179	247	-0.21159873196441445	DESCRIPTIVE_ONLY_OBSERVER_SCALE_GEOMETRY
26	180	247	0.034694236546877824	DESCRIPTIVE_ONLY_OBSERVER_SCALE_GEOMETRY
26	181	247	-0.11206216909383956	DESCRIPTIVE_ONLY_OBSERVER_SCALE_GEOMETRY
26	182	247	0.21653895988641114	DESCRIPTIVE_ONLY_OBSERVER_SCALE_GEOMETRY
26	183	247	0.11268735268200028	DESCRIPTIVE_ONLY_OBSERVER_SCALE_GEOMETRY
26	184	247	-0.41726941782249044	DESCRIPTIVE_ONLY_OBSERVER_SCALE_GEOMETRY
26	185	247	0.19122858956178013	DESCRIPTIVE_ONLY_OBSERVER_SCALE_GEOMETRY
26	186	247	-0.03849608875638227	DESCRIPTIVE_ONLY_OBSERVER_SCALE_GEOMETRY
26	187	247	-0.010917706040719443	DESCRIPTIVE_ONLY_OBSERVER_SCALE_GEOMETRY
26	188	247	-0.0020335984314696957	DESCRIPTIVE_ONLY_OBSERVER_SCALE_GEOMETRY
26	189	246	-0.009188665235031424	DESCRIPTIVE_ONLY_OBSERVER_SCALE_GEOMETRY
26	190	246	-0.026523698045559898	DESCRIPTIVE_ONLY_OBSERVER_SCALE_GEOMETRY
26	191	246	-0.04184820825591774	DESCRIPTIVE_ONLY_OBSERVER_SCALE_GEOMETRY
26	192	246	-0.027024402276835415	DESCRIPTIVE_ONLY_OBSERVER_SCALE_GEOMETRY
26	193	246	-0.04487790217545302	DESCRIPTIVE_ONLY_OBSERVER_SCALE_GEOMETRY
26	194	246	-0.039199746347576815	DESCRIPTIVE_ONLY_OBSERVER_SCALE_GEOMETRY
26	195	246	0.1648122992849959	DESCRIPTIVE_ONLY_OBSERVER_SCALE_GEOMETRY
26	196	246	-0.14380721954502546	DESCRIPTIVE_ONLY_OBSERVER_SCALE_GEOMETRY
26	197	246	0.035345521886415016	DESCRIPTIVE_ONLY_OBSERVER_SCALE_GEOMETRY
26	198	246	-0.07347228734329554	DESCRIPTIVE_ONLY_OBSERVER_SCALE_GEOMETRY
26	199	246	-0.057894679118670585	DESCRIPTIVE_ONLY_OBSERVER_SCALE_GEOMETRY
26	200	246	0.07042382066556661	DESCRIPTIVE_ONLY_OBSERVER_SCALE_GEOMETRY
26	201	246	-0.11362610742173423	DESCRIPTIVE_ONLY_OBSERVER_SCALE_GEOMETRY
26	202	246	0.08211614508340254	DESCRIPTIVE_ONLY_OBSERVER_SCALE_GEOMETRY
26	203	246	-0.12022476608638002	DESCRIPTIVE_ONLY_OBSERVER_SCALE_GEOMETRY
26	204	246	0.0060702478782673425	DESCRIPTIVE_ONLY_OBSERVER_SCALE_GEOMETRY
26	205	246	0.05408296761872297	DESCRIPTIVE_ONLY_OBSERVER_SCALE_GEOMETRY
26	206	246	-0.11510842960456708	DESCRIPTIVE_ONLY_OBSERVER_SCALE_GEOMETRY
26	207	246	0.04087892111769449	DESCRIPTIVE_ONLY_OBSERVER_SCALE_GEOMETRY
26	208	246	-0.04714195303991062	DESCRIPTIVE_ONLY_OBSERVER_SCALE_GEOMETRY
26	209	246	-0.036305802982081005	DESCRIPTIVE_ONLY_OBSERVER_SCALE_GEOMETRY
26	210	246	0.11462890438764327	DESCRIPTIVE_ONLY_OBSERVER_SCALE_GEOMETRY
26	211	246	-0.16616619976105806	DESCRIPTIVE_ONLY_OBSERVER_SCALE_GEOMETRY
26	212	246	-0.062219798200743234	DESCRIPTIVE_ONLY_OBSERVER_SCALE_GEOMETRY
26	213	246	0.08330115154424338	DESCRIPTIVE_ONLY_OBSERVER_SCALE_GEOMETRY
26	214	246	0.02077806037930144	DESCRIPTIVE_ONLY_OBSERVER_SCALE_GEOMETRY
26	215	246	-0.1550836577940322	DESCRIPTIVE_ONLY_OBSERVER_SCALE_GEOMETRY
26	216	246	0.03086222383848531	DESCRIPTIVE_ONLY_OBSERVER_SCALE_GEOMETRY
26	217	246	0.004884543875815491	DESCRIPTIVE_ONLY_OBSERVER_SCALE_GEOMETRY
26	218	246	-0.015955740805218353	DESCRIPTIVE_ONLY_OBSERVER_SCALE_GEOMETRY
26	219	246	-0.055517675699560357	DESCRIPTIVE_ONLY_OBSERVER_SCALE_GEOMETRY
26	220	246	0.05568419688660928	DESCRIPTIVE_ONLY_OBSERVER_SCALE_GEOMETRY
26	221	246	-0.02774610406960146	DESCRIPTIVE_ONLY_OBSERVER_SCALE_GEOMETRY
26	222	246	-0.08757911354153652	DESCRIPTIVE_ONLY_OBSERVER_SCALE_GEOMETRY
26	223	246	-0.0755165304217751	DESCRIPTIVE_ONLY_OBSERVER_SCALE_GEOMETRY
26	224	246	0.10531235417198147	DESCRIPTIVE_ONLY_OBSERVER_SCALE_GEOMETRY
26	225	246	-0.09303162573415336	DESCRIPTIVE_ONLY_OBSERVER_SCALE_GEOMETRY
26	226	246	-0.0628526288322217	DESCRIPTIVE_ONLY_OBSERVER_SCALE_GEOMETRY
26	227	246	0.10739148937869247	DESCRIPTIVE_ONLY_OBSERVER_SCALE_GEOMETRY
26	228	246	-0.12626553676681646	DESCRIPTIVE_ONLY_OBSERVER_SCALE_GEOMETRY
26	229	246	0.02779310125080176	DESCRIPTIVE_ONLY_OBSERVER_SCALE_GEOMETRY
26	230	246	-0.02576715896147656	DESCRIPTIVE_ONLY_OBSERVER_SCALE_GEOMETRY
26	231	246	0.0014521872795761107	DESCRIPTIVE_ONLY_OBSERVER_SCALE_GEOMETRY
26	232	246	-0.08306822661842533	DESCRIPTIVE_ONLY_OBSERVER_SCALE_GEOMETRY
26	233	246	0.02289559716613572	DESCRIPTIVE_ONLY_OBSERVER_SCALE_GEOMETRY
26	234	246	-0.09404292021509335	DESCRIPTIVE_ONLY_OBSERVER_SCALE_GEOMETRY
26	235	246	0.11195809887084011	DESCRIPTIVE_ONLY_OBSERVER_SCALE_GEOMETRY
26	236	246	-0.1357884530293499	DESCRIPTIVE_ONLY_OBSERVER_SCALE_GEOMETRY
26	237	246	0.0038826487521274153	DESCRIPTIVE_ONLY_OBSERVER_SCALE_GEOMETRY
26	238	246	-0.0450285432832576	DESCRIPTIVE_ONLY_OBSERVER_SCALE_GEOMETRY
26	239	246	-0.009358094024364504	DESCRIPTIVE_ONLY_OBSERVER_SCALE_GEOMETRY
26	240	245	0.02799464574538803	DESCRIPTIVE_ONLY_OBSERVER_SCALE_GEOMETRY
26	241	245	-0.05238700698627991	DESCRIPTIVE_ONLY_OBSERVER_SCALE_GEOMETRY
26	242	245	0.000681390893815022	DESCRIPTIVE_ONLY_OBSERVER_SCALE_GEOMETRY
26	243	245	-0.0748653326043585	DESCRIPTIVE_ONLY_OBSERVER_SCALE_GEOMETRY
26	244	245	0.04555076694888768	DESCRIPTIVE_ONLY_OBSERVER_SCALE_GEOMETRY
26	245	245	-0.08605673365879264	DESCRIPTIVE_ONLY_OBSERVER_SCALE_GEOMETRY
26	246	245	0.06412752108851634	DESCRIPTIVE_ONLY_OBSERVER_SCALE_GEOMETRY
26	247	245	-0.10545105413978975	DESCRIPTIVE_ONLY_OBSERVER_SCALE_GEOMETRY
26	248	245	0.020498746968657687	DESCRIPTIVE_ONLY_OBSERVER_SCALE_GEOMETRY
26	249	245	-0.014419944235478543	DESCRIPTIVE_ONLY_OBSERVER_SCALE_GEOMETRY
26	250	245	-0.08771335818743396	DESCRIPTIVE_ONLY_OBSERVER_SCALE_GEOMETRY
26	251	245	0.09458830913080732	DESCRIPTIVE_ONLY_OBSERVER_SCALE_GEOMETRY
26	252	244	-0.14232504898105786	DESCRIPTIVE_ONLY_OBSERVER_SCALE_GEOMETRY
26	253	244	0.09332857335463722	DESCRIPTIVE_ONLY_OBSERVER_SCALE_GEOMETRY
26	254	243	0.4625290304056609	DESCRIPTIVE_ONLY_OBSERVER_SCALE_GEOMETRY
26	255	243	-0.44533353191441766	DESCRIPTIVE_ONLY_OBSERVER_SCALE_GEOMETRY
26	256	242	-0.16537563370737268	DESCRIPTIVE_ONLY_OBSERVER_SCALE_GEOMETRY
26	257	242	0.0876350285204099	DESCRIPTIVE_ONLY_OBSERVER_SCALE_GEOMETRY
26	258	242	-0.20469794759388643	DESCRIPTIVE_ONLY_OBSERVER_SCALE_GEOMETRY
26	259	242	0.1641180717650687	DESCRIPTIVE_ONLY_OBSERVER_SCALE_GEOMETRY
26	260	242	-0.1357937649394825	DESCRIPTIVE_ONLY_OBSERVER_SCALE_GEOMETRY
26	261	242	0.057837603289074536	DESCRIPTIVE_ONLY_OBSERVER_SCALE_GEOMETRY
26	262	242	-0.09009449332760121	DESCRIPTIVE_ONLY_OBSERVER_SCALE_GEOMETRY
26	263	242	0.006293666923116722	DESCRIPTIVE_ONLY_OBSERVER_SCALE_GEOMETRY
26	264	242	0.0010595199913091711	DESCRIPTIVE_ONLY_OBSERVER_SCALE_GEOMETRY
26	265	242	0.021006508532087156	DESCRIPTIVE_ONLY_OBSERVER_SCALE_GEOMETRY
26	266	242	-0.09613453117597996	DESCRIPTIVE_ONLY_OBSERVER_SCALE_GEOMETRY
26	267	242	0.004972774298826201	DESCRIPTIVE_ONLY_OBSERVER_SCALE_GEOMETRY
26	268	242	-0.0645120256724234	DESCRIPTIVE_ONLY_OBSERVER_SCALE_GEOMETRY
26	269	242	0.022364106384272914	DESCRIPTIVE_ONLY_OBSERVER_SCALE_GEOMETRY
26	270	242	-0.027224510028274473	DESCRIPTIVE_ONLY_OBSERVER_SCALE_GEOMETRY
26	271	242	-0.0023261321274603316	DESCRIPTIVE_ONLY_OBSERVER_SCALE_GEOMETRY
26	272	242	-0.10136931825848196	DESCRIPTIVE_ONLY_OBSERVER_SCALE_GEOMETRY
26	273	242	0.053524992495484904	DESCRIPTIVE_ONLY_OBSERVER_SCALE_GEOMETRY
26	274	242	0.06404165857534994	DESCRIPTIVE_ONLY_OBSERVER_SCALE_GEOMETRY
26	275	242	-0.18258680203150637	DESCRIPTIVE_ONLY_OBSERVER_SCALE_GEOMETRY
26	276	242	0.07628071654951205	DESCRIPTIVE_ONLY_OBSERVER_SCALE_GEOMETRY
26	277	242	-0.04422206804720982	DESCRIPTIVE_ONLY_OBSERVER_SCALE_GEOMETRY
26	278	242	-0.056433232903199855	DESCRIPTIVE_ONLY_OBSERVER_SCALE_GEOMETRY
26	279	242	-0.044035525526886665	DESCRIPTIVE_ONLY_OBSERVER_SCALE_GEOMETRY
26	280	242	0.0998272666991973	DESCRIPTIVE_ONLY_OBSERVER_SCALE_GEOMETRY
26	281	242	-0.07129479199975496	DESCRIPTIVE_ONLY_OBSERVER_SCALE_GEOMETRY
26	282	242	-0.03294868122297378	DESCRIPTIVE_ONLY_OBSERVER_SCALE_GEOMETRY
26	283	242	-0.02288202152533282	DESCRIPTIVE_ONLY_OBSERVER_SCALE_GEOMETRY
26	284	242	0.05168801320869199	DESCRIPTIVE_ONLY_OBSERVER_SCALE_GEOMETRY
26	285	241	-0.1718151515336866	DESCRIPTIVE_ONLY_OBSERVER_SCALE_GEOMETRY
26	286	241	0.14497682164984424	DESCRIPTIVE_ONLY_OBSERVER_SCALE_GEOMETRY
26	287	241	-0.13416206831682073	DESCRIPTIVE_ONLY_OBSERVER_SCALE_GEOMETRY
26	288	241	-0.007467007021978464	DESCRIPTIVE_ONLY_OBSERVER_SCALE_GEOMETRY
26	289	241	-0.011127810812827559	DESCRIPTIVE_ONLY_OBSERVER_SCALE_GEOMETRY
26	290	241	-0.012445469634681893	DESCRIPTIVE_ONLY_OBSERVER_SCALE_GEOMETRY
26	291	241	0.007361368935491377	DESCRIPTIVE_ONLY_OBSERVER_SCALE_GEOMETRY
26	292	241	-0.02635895914811907	DESCRIPTIVE_ONLY_OBSERVER_SCALE_GEOMETRY
26	293	241	-0.026131215488861884	DESCRIPTIVE_ONLY_OBSERVER_SCALE_GEOMETRY
26	294	240	-0.10455320385054659	DESCRIPTIVE_ONLY_OBSERVER_SCALE_GEOMETRY
26	295	240	2.3488434550557318	DESCRIPTIVE_ONLY_OBSERVER_SCALE_GEOMETRY
26	296	240	-11.27989751534461	DESCRIPTIVE_ONLY_OBSERVER_SCALE_GEOMETRY
26	297	240	8.926967898165968	DESCRIPTIVE_ONLY_OBSERVER_SCALE_GEOMETRY
26	298	240	0.005357903120836518	DESCRIPTIVE_ONLY_OBSERVER_SCALE_GEOMETRY
26	299	239	-0.007780800817825509	DESCRIPTIVE_ONLY_OBSERVER_SCALE_GEOMETRY
26	300	239	-0.03733055443202938	DESCRIPTIVE_ONLY_OBSERVER_SCALE_GEOMETRY
26	301	239	-0.03574750572280708	DESCRIPTIVE_ONLY_OBSERVER_SCALE_GEOMETRY
26	302	239	-0.04213060214509987	DESCRIPTIVE_ONLY_OBSERVER_SCALE_GEOMETRY
26	303	239	0.040380468913270295	DESCRIPTIVE_ONLY_OBSERVER_SCALE_GEOMETRY
26	304	239	-0.07927323465668513	DESCRIPTIVE_ONLY_OBSERVER_SCALE_GEOMETRY
26	305	239	0.03127956257362598	DESCRIPTIVE_ONLY_OBSERVER_SCALE_GEOMETRY
26	306	239	-0.040371408685139096	DESCRIPTIVE_ONLY_OBSERVER_SCALE_GEOMETRY
26	307	239	-0.03770310914232172	DESCRIPTIVE_ONLY_OBSERVER_SCALE_GEOMETRY
26	308	239	0.018098512017736833	DESCRIPTIVE_ONLY_OBSERVER_SCALE_GEOMETRY
26	309	239	-0.017375853710908964	DESCRIPTIVE_ONLY_OBSERVER_SCALE_GEOMETRY
26	310	239	-0.06682882362806572	DESCRIPTIVE_ONLY_OBSERVER_SCALE_GEOMETRY
26	311	239	0.024185404177753715	DESCRIPTIVE_ONLY_OBSERVER_SCALE_GEOMETRY
26	312	239	-0.08282433151371114	DESCRIPTIVE_ONLY_OBSERVER_SCALE_GEOMETRY
26	313	238	0.040729109645054905	DESCRIPTIVE_ONLY_OBSERVER_SCALE_GEOMETRY
26	314	237	0.7894332606967096	DESCRIPTIVE_ONLY_OBSERVER_SCALE_GEOMETRY
26	315	237	-0.8286972089222466	DESCRIPTIVE_ONLY_OBSERVER_SCALE_GEOMETRY
26	316	237	-0.05510727804465313	DESCRIPTIVE_ONLY_OBSERVER_SCALE_GEOMETRY
26	317	237	-0.047002431767018654	DESCRIPTIVE_ONLY_OBSERVER_SCALE_GEOMETRY
26	318	237	0.08555050715825578	DESCRIPTIVE_ONLY_OBSERVER_SCALE_GEOMETRY
26	319	237	-0.06806247150404938	DESCRIPTIVE_ONLY_OBSERVER_SCALE_GEOMETRY
26	320	237	-0.08400065085355979	DESCRIPTIVE_ONLY_OBSERVER_SCALE_GEOMETRY
26	321	237	0.028467860575150557	DESCRIPTIVE_ONLY_OBSERVER_SCALE_GEOMETRY
26	322	237	0.02127655012628913	DESCRIPTIVE_ONLY_OBSERVER_SCALE_GEOMETRY
26	323	237	-0.10379135588927514	DESCRIPTIVE_ONLY_OBSERVER_SCALE_GEOMETRY
26	324	237	0.073473033852627	DESCRIPTIVE_ONLY_OBSERVER_SCALE_GEOMETRY
26	325	237	-0.11896014941933222	DESCRIPTIVE_ONLY_OBSERVER_SCALE_GEOMETRY
26	326	237	0.09909763133019497	DESCRIPTIVE_ONLY_OBSERVER_SCALE_GEOMETRY
26	327	237	-0.11444091064747203	DESCRIPTIVE_ONLY_OBSERVER_SCALE_GEOMETRY
26	328	237	0.008851429496480571	DESCRIPTIVE_ONLY_OBSERVER_SCALE_GEOMETRY
26	329	237	-0.05263037351289098	DESCRIPTIVE_ONLY_OBSERVER_SCALE_GEOMETRY
26	330	237	0.03621037419149447	DESCRIPTIVE_ONLY_OBSERVER_SCALE_GEOMETRY
26	331	237	-0.011188866189513327	DESCRIPTIVE_ONLY_OBSERVER_SCALE_GEOMETRY
26	332	237	-0.09980642568437446	DESCRIPTIVE_ONLY_OBSERVER_SCALE_GEOMETRY
26	333	237	0.029259562621407147	DESCRIPTIVE_ONLY_OBSERVER_SCALE_GEOMETRY
26	334	237	-0.05300854553914977	DESCRIPTIVE_ONLY_OBSERVER_SCALE_GEOMETRY
26	335	237	0.041001582397628945	DESCRIPTIVE_ONLY_OBSERVER_SCALE_GEOMETRY
26	336	237	-0.019701330197062054	DESCRIPTIVE_ONLY_OBSERVER_SCALE_GEOMETRY
26	337	236	-0.08918084107938244	DESCRIPTIVE_ONLY_OBSERVER_SCALE_GEOMETRY
26	338	236	-0.030654362849358737	DESCRIPTIVE_ONLY_OBSERVER_SCALE_GEOMETRY
26	339	236	0.02260571265614592	DESCRIPTIVE_ONLY_OBSERVER_SCALE_GEOMETRY
26	340	236	-0.06546288255501204	DESCRIPTIVE_ONLY_OBSERVER_SCALE_GEOMETRY
26	341	236	0.053218213491244844	DESCRIPTIVE_ONLY_OBSERVER_SCALE_GEOMETRY
26	342	236	-0.08308582672593935	DESCRIPTIVE_ONLY_OBSERVER_SCALE_GEOMETRY
26	343	236	-0.024151137354519125	DESCRIPTIVE_ONLY_OBSERVER_SCALE_GEOMETRY
26	344	236	0.06456069935044534	DESCRIPTIVE_ONLY_OBSERVER_SCALE_GEOMETRY
26	345	236	-0.08177278042463372	DESCRIPTIVE_ONLY_OBSERVER_SCALE_GEOMETRY
26	346	236	-0.08170290891701443	DESCRIPTIVE_ONLY_OBSERVER_SCALE_GEOMETRY
26	347	235	0.10643439478529604	DESCRIPTIVE_ONLY_OBSERVER_SCALE_GEOMETRY
26	348	235	-0.1053033033874246	DESCRIPTIVE_ONLY_OBSERVER_SCALE_GEOMETRY
26	349	235	0.01732872381225322	DESCRIPTIVE_ONLY_OBSERVER_SCALE_GEOMETRY
26	350	235	-0.08515200073651083	DESCRIPTIVE_ONLY_OBSERVER_SCALE_GEOMETRY
26	351	235	0.08073406239338285	DESCRIPTIVE_ONLY_OBSERVER_SCALE_GEOMETRY
26	352	235	-0.08119081044123679	DESCRIPTIVE_ONLY_OBSERVER_SCALE_GEOMETRY
26	353	235	-0.03881652048314408	DESCRIPTIVE_ONLY_OBSERVER_SCALE_GEOMETRY
26	354	235	0.013870663726051391	DESCRIPTIVE_ONLY_OBSERVER_SCALE_GEOMETRY
26	355	235	0.001873593952754611	DESCRIPTIVE_ONLY_OBSERVER_SCALE_GEOMETRY
26	356	235	-0.051483323544317665	DESCRIPTIVE_ONLY_OBSERVER_SCALE_GEOMETRY
26	357	235	-0.00597439227904133	DESCRIPTIVE_ONLY_OBSERVER_SCALE_GEOMETRY
26	358	235	-0.0697422540882056	DESCRIPTIVE_ONLY_OBSERVER_SCALE_GEOMETRY
26	359	235	0.10683529295226535	DESCRIPTIVE_ONLY_OBSERVER_SCALE_GEOMETRY
26	360	235	-0.2156161674764788	DESCRIPTIVE_ONLY_OBSERVER_SCALE_GEOMETRY
26	361	235	0.12672159574887598	DESCRIPTIVE_ONLY_OBSERVER_SCALE_GEOMETRY
26	362	235	-0.05652625674519018	DESCRIPTIVE_ONLY_OBSERVER_SCALE_GEOMETRY
26	363	235	-0.028277091818046707	DESCRIPTIVE_ONLY_OBSERVER_SCALE_GEOMETRY
27	1	257	0.027339494449313852	DESCRIPTIVE_ONLY_OBSERVER_SCALE_GEOMETRY
27	2	257	0.03808098840077407	DESCRIPTIVE_ONLY_OBSERVER_SCALE_GEOMETRY
27	3	257	-0.019392818591044213	DESCRIPTIVE_ONLY_OBSERVER_SCALE_GEOMETRY
27	4	257	0.026834246291962956	DESCRIPTIVE_ONLY_OBSERVER_SCALE_GEOMETRY
27	5	257	-0.008156730647369936	DESCRIPTIVE_ONLY_OBSERVER_SCALE_GEOMETRY
27	6	257	0.02775737623365368	DESCRIPTIVE_ONLY_OBSERVER_SCALE_GEOMETRY
27	7	256	0.009422478597441072	DESCRIPTIVE_ONLY_OBSERVER_SCALE_GEOMETRY
27	8	256	0.030884902408322427	DESCRIPTIVE_ONLY_OBSERVER_SCALE_GEOMETRY
27	9	255	0.025965485217674292	DESCRIPTIVE_ONLY_OBSERVER_SCALE_GEOMETRY
27	10	255	-0.016838087955655296	DESCRIPTIVE_ONLY_OBSERVER_SCALE_GEOMETRY
27	11	255	0.032810909170575546	DESCRIPTIVE_ONLY_OBSERVER_SCALE_GEOMETRY
27	12	255	-0.0021754718612370352	DESCRIPTIVE_ONLY_OBSERVER_SCALE_GEOMETRY
27	13	255	2.973542494326784	DESCRIPTIVE_ONLY_OBSERVER_SCALE_GEOMETRY
27	14	255	-3.03728199927559	DESCRIPTIVE_ONLY_OBSERVER_SCALE_GEOMETRY
27	15	255	0.09947624809486579	DESCRIPTIVE_ONLY_OBSERVER_SCALE_GEOMETRY
27	16	255	0.049355610236963846	DESCRIPTIVE_ONLY_OBSERVER_SCALE_GEOMETRY
27	17	255	-0.019338789163408747	DESCRIPTIVE_ONLY_OBSERVER_SCALE_GEOMETRY
27	18	255	0.07446058651921376	DESCRIPTIVE_ONLY_OBSERVER_SCALE_GEOMETRY
27	19	255	8.298828852922338	DESCRIPTIVE_ONLY_OBSERVER_SCALE_GEOMETRY
27	20	255	-8.05240377847409	DESCRIPTIVE_ONLY_OBSERVER_SCALE_GEOMETRY
27	21	255	-0.6165322792000278	DESCRIPTIVE_ONLY_OBSERVER_SCALE_GEOMETRY
27	22	255	0.11035740792340266	DESCRIPTIVE_ONLY_OBSERVER_SCALE_GEOMETRY
27	23	255	-0.024705103741340464	DESCRIPTIVE_ONLY_OBSERVER_SCALE_GEOMETRY
27	24	255	0.3095073791460083	DESCRIPTIVE_ONLY_OBSERVER_SCALE_GEOMETRY
27	25	254	0.14890544089030228	DESCRIPTIVE_ONLY_OBSERVER_SCALE_GEOMETRY
27	26	254	-0.051053340635775275	DESCRIPTIVE_ONLY_OBSERVER_SCALE_GEOMETRY
27	27	254	0.02350624669495868	DESCRIPTIVE_ONLY_OBSERVER_SCALE_GEOMETRY
27	28	254	0.01110083854583048	DESCRIPTIVE_ONLY_OBSERVER_SCALE_GEOMETRY
27	29	254	0.02168362321859707	DESCRIPTIVE_ONLY_OBSERVER_SCALE_GEOMETRY
27	30	254	-0.055357943875257457	DESCRIPTIVE_ONLY_OBSERVER_SCALE_GEOMETRY
27	31	254	0.09492700985784246	DESCRIPTIVE_ONLY_OBSERVER_SCALE_GEOMETRY
27	32	254	0.030021652764462853	DESCRIPTIVE_ONLY_OBSERVER_SCALE_GEOMETRY
27	33	254	-0.02973671691844343	DESCRIPTIVE_ONLY_OBSERVER_SCALE_GEOMETRY
27	34	254	-0.004772957343855197	DESCRIPTIVE_ONLY_OBSERVER_SCALE_GEOMETRY
27	35	254	0.09227511745358827	DESCRIPTIVE_ONLY_OBSERVER_SCALE_GEOMETRY
27	36	254	-0.057578342099903736	DESCRIPTIVE_ONLY_OBSERVER_SCALE_GEOMETRY
27	37	254	0.07276537933501379	DESCRIPTIVE_ONLY_OBSERVER_SCALE_GEOMETRY
27	38	253	-0.016909467448254594	DESCRIPTIVE_ONLY_OBSERVER_SCALE_GEOMETRY
27	39	253	0.03148264770237925	DESCRIPTIVE_ONLY_OBSERVER_SCALE_GEOMETRY
27	40	253	0.01848014474009224	DESCRIPTIVE_ONLY_OBSERVER_SCALE_GEOMETRY
27	41	253	0.01550394981198951	DESCRIPTIVE_ONLY_OBSERVER_SCALE_GEOMETRY
27	42	253	0.021331896542917773	DESCRIPTIVE_ONLY_OBSERVER_SCALE_GEOMETRY
27	43	253	0.04275352219810163	DESCRIPTIVE_ONLY_OBSERVER_SCALE_GEOMETRY
27	44	253	-0.025122309442034692	DESCRIPTIVE_ONLY_OBSERVER_SCALE_GEOMETRY
27	45	253	0.07959430680038652	DESCRIPTIVE_ONLY_OBSERVER_SCALE_GEOMETRY
27	46	253	-0.03244987965654569	DESCRIPTIVE_ONLY_OBSERVER_SCALE_GEOMETRY
27	47	253	0.01802961925866476	DESCRIPTIVE_ONLY_OBSERVER_SCALE_GEOMETRY
27	48	253	0.029664033089566288	DESCRIPTIVE_ONLY_OBSERVER_SCALE_GEOMETRY
27	49	253	-0.03817641324133896	DESCRIPTIVE_ONLY_OBSERVER_SCALE_GEOMETRY
27	50	253	0.07604245073758689	DESCRIPTIVE_ONLY_OBSERVER_SCALE_GEOMETRY
27	51	253	0.01564254496426752	DESCRIPTIVE_ONLY_OBSERVER_SCALE_GEOMETRY
27	52	253	0.05776226106759252	DESCRIPTIVE_ONLY_OBSERVER_SCALE_GEOMETRY
27	53	253	-0.07406321776434482	DESCRIPTIVE_ONLY_OBSERVER_SCALE_GEOMETRY
27	54	253	-1.2638818280567585	DESCRIPTIVE_ONLY_OBSERVER_SCALE_GEOMETRY
27	55	253	3.093781088668245	DESCRIPTIVE_ONLY_OBSERVER_SCALE_GEOMETRY
27	56	253	-1.4474465077738965	DESCRIPTIVE_ONLY_OBSERVER_SCALE_GEOMETRY
27	57	252	-0.8606697702788605	DESCRIPTIVE_ONLY_OBSERVER_SCALE_GEOMETRY
27	58	252	0.6279837371566506	DESCRIPTIVE_ONLY_OBSERVER_SCALE_GEOMETRY
27	59	252	0.038114126740104504	DESCRIPTIVE_ONLY_OBSERVER_SCALE_GEOMETRY
27	60	252	-0.07151023164653167	DESCRIPTIVE_ONLY_OBSERVER_SCALE_GEOMETRY
27	61	252	0.11986925670432305	DESCRIPTIVE_ONLY_OBSERVER_SCALE_GEOMETRY
27	62	252	-0.029992351334306427	DESCRIPTIVE_ONLY_OBSERVER_SCALE_GEOMETRY
27	63	252	0.009863450903531102	DESCRIPTIVE_ONLY_OBSERVER_SCALE_GEOMETRY
27	64	252	0.056536540818689696	DESCRIPTIVE_ONLY_OBSERVER_SCALE_GEOMETRY
27	65	252	-0.019496459207338966	DESCRIPTIVE_ONLY_OBSERVER_SCALE_GEOMETRY
27	66	252	0.07365341246707653	DESCRIPTIVE_ONLY_OBSERVER_SCALE_GEOMETRY
27	67	252	-0.041256780042560115	DESCRIPTIVE_ONLY_OBSERVER_SCALE_GEOMETRY
27	68	252	0.008515942457039497	DESCRIPTIVE_ONLY_OBSERVER_SCALE_GEOMETRY
27	69	252	0.040706781063250964	DESCRIPTIVE_ONLY_OBSERVER_SCALE_GEOMETRY
27	70	252	0.03916383261191839	DESCRIPTIVE_ONLY_OBSERVER_SCALE_GEOMETRY
27	71	252	-0.01585767599384189	DESCRIPTIVE_ONLY_OBSERVER_SCALE_GEOMETRY
27	72	252	0.057816501384322205	DESCRIPTIVE_ONLY_OBSERVER_SCALE_GEOMETRY
27	73	252	-0.007839985575928951	DESCRIPTIVE_ONLY_OBSERVER_SCALE_GEOMETRY
27	74	252	0.07459340450191347	DESCRIPTIVE_ONLY_OBSERVER_SCALE_GEOMETRY
27	75	252	0.00048427356382056496	DESCRIPTIVE_ONLY_OBSERVER_SCALE_GEOMETRY
27	76	252	-0.03190826187436162	DESCRIPTIVE_ONLY_OBSERVER_SCALE_GEOMETRY
27	77	252	0.036758303270078195	DESCRIPTIVE_ONLY_OBSERVER_SCALE_GEOMETRY
27	78	252	0.05991801607223296	DESCRIPTIVE_ONLY_OBSERVER_SCALE_GEOMETRY
27	79	252	-0.1005977074765936	DESCRIPTIVE_ONLY_OBSERVER_SCALE_GEOMETRY
27	80	252	0.1298442087717744	DESCRIPTIVE_ONLY_OBSERVER_SCALE_GEOMETRY
27	81	252	-0.040978531254529015	DESCRIPTIVE_ONLY_OBSERVER_SCALE_GEOMETRY
27	82	252	0.08581264838460327	DESCRIPTIVE_ONLY_OBSERVER_SCALE_GEOMETRY
27	83	252	-0.01303259324481904	DESCRIPTIVE_ONLY_OBSERVER_SCALE_GEOMETRY
27	84	252	-0.0562768860035832	DESCRIPTIVE_ONLY_OBSERVER_SCALE_GEOMETRY
27	85	252	0.09629370143569542	DESCRIPTIVE_ONLY_OBSERVER_SCALE_GEOMETRY
27	86	252	0.003820102667753187	DESCRIPTIVE_ONLY_OBSERVER_SCALE_GEOMETRY
27	87	252	-0.011449580298555109	DESCRIPTIVE_ONLY_OBSERVER_SCALE_GEOMETRY
27	88	252	0.019511058709649916	DESCRIPTIVE_ONLY_OBSERVER_SCALE_GEOMETRY
27	89	252	0.07216536659785094	DESCRIPTIVE_ONLY_OBSERVER_SCALE_GEOMETRY
27	90	252	-0.010566534082901159	DESCRIPTIVE_ONLY_OBSERVER_SCALE_GEOMETRY
27	91	252	0.022633790051791735	DESCRIPTIVE_ONLY_OBSERVER_SCALE_GEOMETRY
27	92	252	0.04014992124650263	DESCRIPTIVE_ONLY_OBSERVER_SCALE_GEOMETRY
27	93	252	0.025727022865698532	DESCRIPTIVE_ONLY_OBSERVER_SCALE_GEOMETRY
27	94	252	-0.02617336208423475	DESCRIPTIVE_ONLY_OBSERVER_SCALE_GEOMETRY
27	95	252	0.058610239990709884	DESCRIPTIVE_ONLY_OBSERVER_SCALE_GEOMETRY
27	96	252	0.056114827986315806	DESCRIPTIVE_ONLY_OBSERVER_SCALE_GEOMETRY
27	97	252	-0.04904363926136531	DESCRIPTIVE_ONLY_OBSERVER_SCALE_GEOMETRY
27	98	252	0.04911820293283665	DESCRIPTIVE_ONLY_OBSERVER_SCALE_GEOMETRY
27	99	252	-0.014568474122627385	DESCRIPTIVE_ONLY_OBSERVER_SCALE_GEOMETRY
27	100	252	0.066107085889257	DESCRIPTIVE_ONLY_OBSERVER_SCALE_GEOMETRY
27	101	252	0.07779613587368521	DESCRIPTIVE_ONLY_OBSERVER_SCALE_GEOMETRY
27	102	252	-0.08584338940501411	DESCRIPTIVE_ONLY_OBSERVER_SCALE_GEOMETRY
27	103	251	0.07061495784473285	DESCRIPTIVE_ONLY_OBSERVER_SCALE_GEOMETRY
27	104	251	0.05595234829280975	DESCRIPTIVE_ONLY_OBSERVER_SCALE_GEOMETRY
27	105	251	0.03462567355842687	DESCRIPTIVE_ONLY_OBSERVER_SCALE_GEOMETRY
27	106	251	-0.02935643438521716	DESCRIPTIVE_ONLY_OBSERVER_SCALE_GEOMETRY
27	107	251	0.030607716179255357	DESCRIPTIVE_ONLY_OBSERVER_SCALE_GEOMETRY
27	108	251	0.09157557606803983	DESCRIPTIVE_ONLY_OBSERVER_SCALE_GEOMETRY
27	109	251	-0.06936206382491839	DESCRIPTIVE_ONLY_OBSERVER_SCALE_GEOMETRY
27	110	251	0.05538217970174266	DESCRIPTIVE_ONLY_OBSERVER_SCALE_GEOMETRY
27	111	251	0.034259527395604235	DESCRIPTIVE_ONLY_OBSERVER_SCALE_GEOMETRY
27	112	250	-0.009114514559787122	DESCRIPTIVE_ONLY_OBSERVER_SCALE_GEOMETRY
27	113	250	0.11008968845728485	DESCRIPTIVE_ONLY_OBSERVER_SCALE_GEOMETRY
27	114	250	-0.008611766010690957	DESCRIPTIVE_ONLY_OBSERVER_SCALE_GEOMETRY
27	115	250	-0.005268866436405721	DESCRIPTIVE_ONLY_OBSERVER_SCALE_GEOMETRY
27	116	250	0.04132743449859261	DESCRIPTIVE_ONLY_OBSERVER_SCALE_GEOMETRY
27	117	250	0.008616914398005972	DESCRIPTIVE_ONLY_OBSERVER_SCALE_GEOMETRY
27	118	250	-0.025396575489012977	DESCRIPTIVE_ONLY_OBSERVER_SCALE_GEOMETRY
27	119	250	0.08203174504094096	DESCRIPTIVE_ONLY_OBSERVER_SCALE_GEOMETRY
27	120	250	0.03026053951992718	DESCRIPTIVE_ONLY_OBSERVER_SCALE_GEOMETRY
27	121	250	-0.055468636570189474	DESCRIPTIVE_ONLY_OBSERVER_SCALE_GEOMETRY
27	122	250	0.05500182143039167	DESCRIPTIVE_ONLY_OBSERVER_SCALE_GEOMETRY
27	123	250	0.0920468956168693	DESCRIPTIVE_ONLY_OBSERVER_SCALE_GEOMETRY
27	124	249	-0.04355541980891042	DESCRIPTIVE_ONLY_OBSERVER_SCALE_GEOMETRY
27	125	249	0.04361814046600223	DESCRIPTIVE_ONLY_OBSERVER_SCALE_GEOMETRY
27	126	249	0.011636434292749747	DESCRIPTIVE_ONLY_OBSERVER_SCALE_GEOMETRY
27	127	249	0.08904794605009801	DESCRIPTIVE_ONLY_OBSERVER_SCALE_GEOMETRY
27	128	249	-0.03824253563502271	DESCRIPTIVE_ONLY_OBSERVER_SCALE_GEOMETRY
27	129	249	-0.02389791477636063	DESCRIPTIVE_ONLY_OBSERVER_SCALE_GEOMETRY
27	130	249	0.06855714841801654	DESCRIPTIVE_ONLY_OBSERVER_SCALE_GEOMETRY
27	131	249	-0.0024271885708013912	DESCRIPTIVE_ONLY_OBSERVER_SCALE_GEOMETRY
27	132	249	0.027605131664021273	DESCRIPTIVE_ONLY_OBSERVER_SCALE_GEOMETRY
27	133	249	1.1183878938369038	DESCRIPTIVE_ONLY_OBSERVER_SCALE_GEOMETRY
27	134	249	-1.065001293515062	DESCRIPTIVE_ONLY_OBSERVER_SCALE_GEOMETRY
27	135	248	0.03018894128255063	DESCRIPTIVE_ONLY_OBSERVER_SCALE_GEOMETRY
27	136	248	0.029556388985904576	DESCRIPTIVE_ONLY_OBSERVER_SCALE_GEOMETRY
27	137	248	-0.004779845630617177	DESCRIPTIVE_ONLY_OBSERVER_SCALE_GEOMETRY
27	138	248	0.024086167974089214	DESCRIPTIVE_ONLY_OBSERVER_SCALE_GEOMETRY
27	139	248	0.003112089771685065	DESCRIPTIVE_ONLY_OBSERVER_SCALE_GEOMETRY
27	140	248	0.035155126310943856	DESCRIPTIVE_ONLY_OBSERVER_SCALE_GEOMETRY
27	141	248	0.036962479565823166	DESCRIPTIVE_ONLY_OBSERVER_SCALE_GEOMETRY
27	142	248	0.024504332104964402	DESCRIPTIVE_ONLY_OBSERVER_SCALE_GEOMETRY
27	143	248	-0.008601452847522551	DESCRIPTIVE_ONLY_OBSERVER_SCALE_GEOMETRY
27	144	248	0.030712893897497436	DESCRIPTIVE_ONLY_OBSERVER_SCALE_GEOMETRY
27	145	248	0.01980510509255756	DESCRIPTIVE_ONLY_OBSERVER_SCALE_GEOMETRY
27	146	248	0.003064579179281631	DESCRIPTIVE_ONLY_OBSERVER_SCALE_GEOMETRY
27	147	248	0.0664582543135572	DESCRIPTIVE_ONLY_OBSERVER_SCALE_GEOMETRY
27	148	248	-0.006545307109144436	DESCRIPTIVE_ONLY_OBSERVER_SCALE_GEOMETRY
27	149	248	0.053184161436910606	DESCRIPTIVE_ONLY_OBSERVER_SCALE_GEOMETRY
27	150	248	-0.04037713119355807	DESCRIPTIVE_ONLY_OBSERVER_SCALE_GEOMETRY
27	151	248	0.040203109520980336	DESCRIPTIVE_ONLY_OBSERVER_SCALE_GEOMETRY
27	152	248	0.024097513056740665	DESCRIPTIVE_ONLY_OBSERVER_SCALE_GEOMETRY
27	153	248	0.05515333208454436	DESCRIPTIVE_ONLY_OBSERVER_SCALE_GEOMETRY
27	154	248	-0.01994472547171487	DESCRIPTIVE_ONLY_OBSERVER_SCALE_GEOMETRY
27	155	248	0.010676121315297615	DESCRIPTIVE_ONLY_OBSERVER_SCALE_GEOMETRY
27	156	248	0.072681150545539	DESCRIPTIVE_ONLY_OBSERVER_SCALE_GEOMETRY
27	157	248	-0.0013689670750119838	DESCRIPTIVE_ONLY_OBSERVER_SCALE_GEOMETRY
27	158	248	-0.05620354598795331	DESCRIPTIVE_ONLY_OBSERVER_SCALE_GEOMETRY
27	159	248	0.09676719408603002	DESCRIPTIVE_ONLY_OBSERVER_SCALE_GEOMETRY
27	160	248	0.034104703695060044	DESCRIPTIVE_ONLY_OBSERVER_SCALE_GEOMETRY
27	161	248	-0.022095736847220857	DESCRIPTIVE_ONLY_OBSERVER_SCALE_GEOMETRY
27	162	248	0.05808821944068926	DESCRIPTIVE_ONLY_OBSERVER_SCALE_GEOMETRY
27	163	248	-0.013056874091049046	DESCRIPTIVE_ONLY_OBSERVER_SCALE_GEOMETRY
27	164	248	0.054847017824400164	DESCRIPTIVE_ONLY_OBSERVER_SCALE_GEOMETRY
27	165	248	-0.009937737237079221	DESCRIPTIVE_ONLY_OBSERVER_SCALE_GEOMETRY
27	166	248	-0.021941409112729692	DESCRIPTIVE_ONLY_OBSERVER_SCALE_GEOMETRY
27	167	248	0.05843944587164869	DESCRIPTIVE_ONLY_OBSERVER_SCALE_GEOMETRY
27	168	248	0.0222642456425571	DESCRIPTIVE_ONLY_OBSERVER_SCALE_GEOMETRY
27	169	248	0.029635864666774623	DESCRIPTIVE_ONLY_OBSERVER_SCALE_GEOMETRY
27	170	248	0.006548189037526872	DESCRIPTIVE_ONLY_OBSERVER_SCALE_GEOMETRY
27	171	248	0.02764905561696745	DESCRIPTIVE_ONLY_OBSERVER_SCALE_GEOMETRY
27	172	248	-0.015622637327220619	DESCRIPTIVE_ONLY_OBSERVER_SCALE_GEOMETRY
27	173	248	0.0622594327523158	DESCRIPTIVE_ONLY_OBSERVER_SCALE_GEOMETRY
27	174	247	1.3208136216821063	DESCRIPTIVE_ONLY_OBSERVER_SCALE_GEOMETRY
27	175	247	-5.339006156597194	DESCRIPTIVE_ONLY_OBSERVER_SCALE_GEOMETRY
27	176	247	4.398722808476906	DESCRIPTIVE_ONLY_OBSERVER_SCALE_GEOMETRY
27	177	247	-0.2614821433593515	DESCRIPTIVE_ONLY_OBSERVER_SCALE_GEOMETRY
27	178	247	-0.1754052664976371	DESCRIPTIVE_ONLY_OBSERVER_SCALE_GEOMETRY
27	179	247	0.07080099684622795	DESCRIPTIVE_ONLY_OBSERVER_SCALE_GEOMETRY
27	180	247	-0.07619286468411726	DESCRIPTIVE_ONLY_OBSERVER_SCALE_GEOMETRY
27	181	247	0.251530597227204	DESCRIPTIVE_ONLY_OBSERVER_SCALE_GEOMETRY
27	182	247	0.1465331745057388	DESCRIPTIVE_ONLY_OBSERVER_SCALE_GEOMETRY
27	183	247	-0.3832000641451578	DESCRIPTIVE_ONLY_OBSERVER_SCALE_GEOMETRY
27	184	247	0.2266891616698736	DESCRIPTIVE_ONLY_OBSERVER_SCALE_GEOMETRY
27	185	247	-0.0026545229188993484	DESCRIPTIVE_ONLY_OBSERVER_SCALE_GEOMETRY
27	186	247	0.02433547677639704	DESCRIPTIVE_ONLY_OBSERVER_SCALE_GEOMETRY
27	187	247	0.033753461745730046	DESCRIPTIVE_ONLY_OBSERVER_SCALE_GEOMETRY
27	188	246	0.02682730814422374	DESCRIPTIVE_ONLY_OBSERVER_SCALE_GEOMETRY
27	189	246	0.009864791076260732	DESCRIPTIVE_ONLY_OBSERVER_SCALE_GEOMETRY
27	190	246	-0.005799936690633671	DESCRIPTIVE_ONLY_OBSERVER_SCALE_GEOMETRY
27	191	246	0.010137134693907675	DESCRIPTIVE_ONLY_OBSERVER_SCALE_GEOMETRY
27	192	246	-0.008480585333383774	DESCRIPTIVE_ONLY_OBSERVER_SCALE_GEOMETRY
27	193	246	-0.0026967173490855334	DESCRIPTIVE_ONLY_OBSERVER_SCALE_GEOMETRY
27	194	246	0.20125399329527205	DESCRIPTIVE_ONLY_OBSERVER_SCALE_GEOMETRY
27	195	246	-0.10864072354384254	DESCRIPTIVE_ONLY_OBSERVER_SCALE_GEOMETRY
27	196	246	0.07170671625067442	DESCRIPTIVE_ONLY_OBSERVER_SCALE_GEOMETRY
27	197	246	-0.03744767778341887	DESCRIPTIVE_ONLY_OBSERVER_SCALE_GEOMETRY
27	198	246	-0.02046161698243286	DESCRIPTIVE_ONLY_OBSERVER_SCALE_GEOMETRY
27	199	246	0.10746511203027384	DESCRIPTIVE_ONLY_OBSERVER_SCALE_GEOMETRY
27	200	246	-0.07633089634895569	DESCRIPTIVE_ONLY_OBSERVER_SCALE_GEOMETRY
27	201	246	0.11700887621484125	DESCRIPTIVE_ONLY_OBSERVER_SCALE_GEOMETRY
27	202	246	-0.08544819478991325	DESCRIPTIVE_ONLY_OBSERVER_SCALE_GEOMETRY
27	203	246	0.042356300629834594	DESCRIPTIVE_ONLY_OBSERVER_SCALE_GEOMETRY
27	204	246	0.09126610103603308	DESCRIPTIVE_ONLY_OBSERVER_SCALE_GEOMETRY
27	205	246	-0.07741557381691654	DESCRIPTIVE_ONLY_OBSERVER_SCALE_GEOMETRY
27	206	246	0.07830746395124041	DESCRIPTIVE_ONLY_OBSERVER_SCALE_GEOMETRY
27	207	246	-0.009559137161779233	DESCRIPTIVE_ONLY_OBSERVER_SCALE_GEOMETRY
27	208	246	-0.00042167881582011956	DESCRIPTIVE_ONLY_OBSERVER_SCALE_GEOMETRY
27	209	246	0.15209293211747946	DESCRIPTIVE_ONLY_OBSERVER_SCALE_GEOMETRY
27	210	246	-0.12676104033231753	DESCRIPTIVE_ONLY_OBSERVER_SCALE_GEOMETRY
27	211	246	-0.023800536877484728	DESCRIPTIVE_ONLY_OBSERVER_SCALE_GEOMETRY
27	212	246	0.12273517129300869	DESCRIPTIVE_ONLY_OBSERVER_SCALE_GEOMETRY
27	213	246	0.06101510843910231	DESCRIPTIVE_ONLY_OBSERVER_SCALE_GEOMETRY
27	214	246	-0.11521883717974955	DESCRIPTIVE_ONLY_OBSERVER_SCALE_GEOMETRY
27	215	246	0.06959017783632584	DESCRIPTIVE_ONLY_OBSERVER_SCALE_GEOMETRY
27	216	246	0.04327383710149811	DESCRIPTIVE_ONLY_OBSERVER_SCALE_GEOMETRY
27	217	246	0.02206825664770344	DESCRIPTIVE_ONLY_OBSERVER_SCALE_GEOMETRY
27	218	246	-0.015763324446996144	DESCRIPTIVE_ONLY_OBSERVER_SCALE_GEOMETRY
27	219	246	0.09605295300795784	DESCRIPTIVE_ONLY_OBSERVER_SCALE_GEOMETRY
27	220	246	0.012548479332704343	DESCRIPTIVE_ONLY_OBSERVER_SCALE_GEOMETRY
27	221	246	-0.04747089732581507	DESCRIPTIVE_ONLY_OBSERVER_SCALE_GEOMETRY
27	222	246	-0.034351927421403715	DESCRIPTIVE_ONLY_OBSERVER_SCALE_GEOMETRY
27	223	246	0.14563098906081529	DESCRIPTIVE_ONLY_OBSERVER_SCALE_GEOMETRY
27	224	246	-0.0528912369525215	DESCRIPTIVE_ONLY_OBSERVER_SCALE_GEOMETRY
27	225	246	-0.02474566953060132	DESCRIPTIVE_ONLY_OBSERVER_SCALE_GEOMETRY
27	226	246	0.14589896876943903	DESCRIPTIVE_ONLY_OBSERVER_SCALE_GEOMETRY
27	227	246	-0.08677312573486379	DESCRIPTIVE_ONLY_OBSERVER_SCALE_GEOMETRY
27	228	246	0.067038670844589	DESCRIPTIVE_ONLY_OBSERVER_SCALE_GEOMETRY
27	229	246	0.014205927667815362	DESCRIPTIVE_ONLY_OBSERVER_SCALE_GEOMETRY
27	230	246	0.04299003700852863	DESCRIPTIVE_ONLY_OBSERVER_SCALE_GEOMETRY
27	231	246	-0.0434004799671029	DESCRIPTIVE_ONLY_OBSERVER_SCALE_GEOMETRY
27	232	246	0.06148439977355474	DESCRIPTIVE_ONLY_OBSERVER_SCALE_GEOMETRY
27	233	246	-0.0548699994349172	DESCRIPTIVE_ONLY_OBSERVER_SCALE_GEOMETRY
27	234	246	0.1513747378899844	DESCRIPTIVE_ONLY_OBSERVER_SCALE_GEOMETRY
27	235	246	-0.09665913149584426	DESCRIPTIVE_ONLY_OBSERVER_SCALE_GEOMETRY
27	236	246	0.04159717647540865	DESCRIPTIVE_ONLY_OBSERVER_SCALE_GEOMETRY
27	237	246	-0.0062279254019563714	DESCRIPTIVE_ONLY_OBSERVER_SCALE_GEOMETRY
27	238	246	0.02943064039778479	DESCRIPTIVE_ONLY_OBSERVER_SCALE_GEOMETRY
27	239	245	0.06519672204245257	DESCRIPTIVE_ONLY_OBSERVER_SCALE_GEOMETRY
27	240	245	-0.014814183219660172	DESCRIPTIVE_ONLY_OBSERVER_SCALE_GEOMETRY
27	241	245	0.037652159820877565	DESCRIPTIVE_ONLY_OBSERVER_SCALE_GEOMETRY
27	242	245	-0.03686692539083885	DESCRIPTIVE_ONLY_OBSERVER_SCALE_GEOMETRY
27	243	245	0.08413031675116941	DESCRIPTIVE_ONLY_OBSERVER_SCALE_GEOMETRY
27	244	245	-0.047769743600682875	DESCRIPTIVE_ONLY_OBSERVER_SCALE_GEOMETRY
27	245	245	0.10179163478519092	DESCRIPTIVE_ONLY_OBSERVER_SCALE_GEOMETRY
27	246	245	-0.06858570969628311	DESCRIPTIVE_ONLY_OBSERVER_SCALE_GEOMETRY
27	247	245	0.05818788288929842	DESCRIPTIVE_ONLY_OBSERVER_SCALE_GEOMETRY
27	248	245	0.022789472223919468	DESCRIPTIVE_ONLY_OBSERVER_SCALE_GEOMETRY
27	249	245	-0.04937352468677907	DESCRIPTIVE_ONLY_OBSERVER_SCALE_GEOMETRY
27	250	245	0.13296171814262397	DESCRIPTIVE_ONLY_OBSERVER_SCALE_GEOMETRY
27	251	244	-0.10406128913522503	DESCRIPTIVE_ONLY_OBSERVER_SCALE_GEOMETRY
27	252	244	0.1312505758177007	DESCRIPTIVE_ONLY_OBSERVER_SCALE_GEOMETRY
27	253	243	0.5002126372005004	DESCRIPTIVE_ONLY_OBSERVER_SCALE_GEOMETRY
27	254	243	-0.40624678062779584	DESCRIPTIVE_ONLY_OBSERVER_SCALE_GEOMETRY
27	255	242	-0.12797749878165854	DESCRIPTIVE_ONLY_OBSERVER_SCALE_GEOMETRY
27	256	242	0.12464922894490195	DESCRIPTIVE_ONLY_OBSERVER_SCALE_GEOMETRY
27	257	242	-0.16679787202190013	DESCRIPTIVE_ONLY_OBSERVER_SCALE_GEOMETRY
27	258	242	0.20148678446855917	DESCRIPTIVE_ONLY_OBSERVER_SCALE_GEOMETRY
27	259	242	-0.09636945711113182	DESCRIPTIVE_ONLY_OBSERVER_SCALE_GEOMETRY
27	260	242	0.09651600392714055	DESCRIPTIVE_ONLY_OBSERVER_SCALE_GEOMETRY
27	261	242	-0.04991474756900821	DESCRIPTIVE_ONLY_OBSERVER_SCALE_GEOMETRY
27	262	242	0.04678763760916702	DESCRIPTIVE_ONLY_OBSERVER_SCALE_GEOMETRY
27	263	242	0.04088537854195354	DESCRIPTIVE_ONLY_OBSERVER_SCALE_GEOMETRY
27	264	242	0.060376030643419364	DESCRIPTIVE_ONLY_OBSERVER_SCALE_GEOMETRY
27	265	242	-0.056065193967783124	DESCRIPTIVE_ONLY_OBSERVER_SCALE_GEOMETRY
27	266	242	0.04488430098605393	DESCRIPTIVE_ONLY_OBSERVER_SCALE_GEOMETRY
27	267	242	-0.024331684308045862	DESCRIPTIVE_ONLY_OBSERVER_SCALE_GEOMETRY
27	268	242	0.06161945663353371	DESCRIPTIVE_ONLY_OBSERVER_SCALE_GEOMETRY
27	269	242	0.013515984350020558	DESCRIPTIVE_ONLY_OBSERVER_SCALE_GEOMETRY
27	270	242	0.038873091037685145	DESCRIPTIVE_ONLY_OBSERVER_SCALE_GEOMETRY
27	271	242	-0.060615680698213	DESCRIPTIVE_ONLY_OBSERVER_SCALE_GEOMETRY
27	272	242	0.09377170051066006	DESCRIPTIVE_ONLY_OBSERVER_SCALE_GEOMETRY
27	273	242	0.10411265464198723	DESCRIPTIVE_ONLY_OBSERVER_SCALE_GEOMETRY
27	274	242	-0.1436573944515867	DESCRIPTIVE_ONLY_OBSERVER_SCALE_GEOMETRY
27	275	242	0.11471327265817785	DESCRIPTIVE_ONLY_OBSERVER_SCALE_GEOMETRY
27	276	242	-0.005559273049110024	DESCRIPTIVE_ONLY_OBSERVER_SCALE_GEOMETRY
27	277	242	-0.018814633196316165	DESCRIPTIVE_ONLY_OBSERVER_SCALE_GEOMETRY
27	278	242	-0.00696345795697451	DESCRIPTIVE_ONLY_OBSERVER_SCALE_GEOMETRY
27	279	242	0.1363262747622647	DESCRIPTIVE_ONLY_OBSERVER_SCALE_GEOMETRY
27	280	242	-0.034699826810963355	DESCRIPTIVE_ONLY_OBSERVER_SCALE_GEOMETRY
27	281	242	0.004116975766064747	DESCRIPTIVE_ONLY_OBSERVER_SCALE_GEOMETRY
27	282	242	0.012268845263487082	DESCRIPTIVE_ONLY_OBSERVER_SCALE_GEOMETRY
27	283	242	0.08708185693874254	DESCRIPTIVE_ONLY_OBSERVER_SCALE_GEOMETRY
27	284	241	-0.13537628868448534	DESCRIPTIVE_ONLY_OBSERVER_SCALE_GEOMETRY
27	285	241	0.18253050093819007	DESCRIPTIVE_ONLY_OBSERVER_SCALE_GEOMETRY
27	286	241	-0.09684406029806986	DESCRIPTIVE_ONLY_OBSERVER_SCALE_GEOMETRY
27	287	241	0.029669821517396222	DESCRIPTIVE_ONLY_OBSERVER_SCALE_GEOMETRY
27	288	241	0.026647692537525094	DESCRIPTIVE_ONLY_OBSERVER_SCALE_GEOMETRY
27	289	241	0.023982077426467633	DESCRIPTIVE_ONLY_OBSERVER_SCALE_GEOMETRY
27	290	241	0.044623012618626265	DESCRIPTIVE_ONLY_OBSERVER_SCALE_GEOMETRY
27	291	241	0.009503877446376931	DESCRIPTIVE_ONLY_OBSERVER_SCALE_GEOMETRY
27	292	241	0.011668452639677215	DESCRIPTIVE_ONLY_OBSERVER_SCALE_GEOMETRY
27	293	240	-0.06466612473469562	DESCRIPTIVE_ONLY_OBSERVER_SCALE_GEOMETRY
27	294	240	2.3896544997536138	DESCRIPTIVE_ONLY_OBSERVER_SCALE_GEOMETRY
27	295	240	-11.239483740602418	DESCRIPTIVE_ONLY_OBSERVER_SCALE_GEOMETRY
27	296	240	8.967371292532276	DESCRIPTIVE_ONLY_OBSERVER_SCALE_GEOMETRY
27	297	240	0.04556307160638063	DESCRIPTIVE_ONLY_OBSERVER_SCALE_GEOMETRY
27	298	239	0.03174158479634588	DESCRIPTIVE_ONLY_OBSERVER_SCALE_GEOMETRY
27	299	239	0.0030299024757284355	DESCRIPTIVE_ONLY_OBSERVER_SCALE_GEOMETRY
27	300	239	0.004500340484832961	DESCRIPTIVE_ONLY_OBSERVER_SCALE_GEOMETRY
27	301	239	-0.0009747852880037332	DESCRIPTIVE_ONLY_OBSERVER_SCALE_GEOMETRY
27	302	239	0.08061230230024471	DESCRIPTIVE_ONLY_OBSERVER_SCALE_GEOMETRY
27	303	239	-0.03840778049853743	DESCRIPTIVE_ONLY_OBSERVER_SCALE_GEOMETRY
27	304	239	0.07394899903915564	DESCRIPTIVE_ONLY_OBSERVER_SCALE_GEOMETRY
27	305	239	0.003650967046137209	DESCRIPTIVE_ONLY_OBSERVER_SCALE_GEOMETRY
27	306	239	0.008593259702875968	DESCRIPTIVE_ONLY_OBSERVER_SCALE_GEOMETRY
27	307	239	0.06215640116482965	DESCRIPTIVE_ONLY_OBSERVER_SCALE_GEOMETRY
27	308	239	0.026091634038776287	DESCRIPTIVE_ONLY_OBSERVER_SCALE_GEOMETRY
27	309	239	-0.02032452137652782	DESCRIPTIVE_ONLY_OBSERVER_SCALE_GEOMETRY
27	310	239	0.06954000173719226	DESCRIPTIVE_ONLY_OBSERVER_SCALE_GEOMETRY
27	311	239	-0.037409432098890756	DESCRIPTIVE_ONLY_OBSERVER_SCALE_GEOMETRY
27	312	238	0.08670649033757567	DESCRIPTIVE_ONLY_OBSERVER_SCALE_GEOMETRY
27	313	237	0.8337975177658656	DESCRIPTIVE_ONLY_OBSERVER_SCALE_GEOMETRY
27	314	237	-0.7818710603262709	DESCRIPTIVE_ONLY_OBSERVER_SCALE_GEOMETRY
27	315	237	-0.009235065322007208	DESCRIPTIVE_ONLY_OBSERVER_SCALE_GEOMETRY
27	316	237	-0.0007940599950675061	DESCRIPTIVE_ONLY_OBSERVER_SCALE_GEOMETRY
27	317	237	0.13128469492645942	DESCRIPTIVE_ONLY_OBSERVER_SCALE_GEOMETRY
27	318	237	-0.022930943168193402	DESCRIPTIVE_ONLY_OBSERVER_SCALE_GEOMETRY
27	319	237	-0.037768549903329236	DESCRIPTIVE_ONLY_OBSERVER_SCALE_GEOMETRY
27	320	237	0.07318264872934682	DESCRIPTIVE_ONLY_OBSERVER_SCALE_GEOMETRY
27	321	237	0.06688491562611648	DESCRIPTIVE_ONLY_OBSERVER_SCALE_GEOMETRY
27	322	237	-0.05823759227640356	DESCRIPTIVE_ONLY_OBSERVER_SCALE_GEOMETRY
27	323	237	0.11802001972402405	DESCRIPTIVE_ONLY_OBSERVER_SCALE_GEOMETRY
27	324	237	-0.07268165381243209	DESCRIPTIVE_ONLY_OBSERVER_SCALE_GEOMETRY
27	325	237	0.1456230397894049	DESCRIPTIVE_ONLY_OBSERVER_SCALE_GEOMETRY
27	326	237	-0.0692211374083584	DESCRIPTIVE_ONLY_OBSERVER_SCALE_GEOMETRY
27	327	237	0.054487911016307344	DESCRIPTIVE_ONLY_OBSERVER_SCALE_GEOMETRY
27	328	237	-0.006104674136190888	DESCRIPTIVE_ONLY_OBSERVER_SCALE_GEOMETRY
27	329	237	0.08178494594913376	DESCRIPTIVE_ONLY_OBSERVER_SCALE_GEOMETRY
27	330	237	0.033971755975709714	DESCRIPTIVE_ONLY_OBSERVER_SCALE_GEOMETRY
27	331	237	-0.05389677155534083	DESCRIPTIVE_ONLY_OBSERVER_SCALE_GEOMETRY
27	332	237	0.07479765021992353	DESCRIPTIVE_ONLY_OBSERVER_SCALE_GEOMETRY
27	333	237	-0.007825300420081532	DESCRIPTIVE_ONLY_OBSERVER_SCALE_GEOMETRY
27	334	237	0.08578404173207325	DESCRIPTIVE_ONLY_OBSERVER_SCALE_GEOMETRY
27	335	237	0.025373924277323393	DESCRIPTIVE_ONLY_OBSERVER_SCALE_GEOMETRY
27	336	236	-0.041036963419821174	DESCRIPTIVE_ONLY_OBSERVER_SCALE_GEOMETRY
27	337	236	0.01721918468274973	DESCRIPTIVE_ONLY_OBSERVER_SCALE_GEOMETRY
27	338	236	0.07090576060894872	DESCRIPTIVE_ONLY_OBSERVER_SCALE_GEOMETRY
27	339	236	-0.016228113835288317	DESCRIPTIVE_ONLY_OBSERVER_SCALE_GEOMETRY
27	340	236	0.10140436080557849	DESCRIPTIVE_ONLY_OBSERVER_SCALE_GEOMETRY
27	341	236	-0.033917721994454815	DESCRIPTIVE_ONLY_OBSERVER_SCALE_GEOMETRY
27	342	236	0.0234241537410851	DESCRIPTIVE_ONLY_OBSERVER_SCALE_GEOMETRY
27	343	236	0.11225564112129607	DESCRIPTIVE_ONLY_OBSERVER_SCALE_GEOMETRY
27	344	236	-0.03348587067966389	DESCRIPTIVE_ONLY_OBSERVER_SCALE_GEOMETRY
27	345	236	-0.03401875718350014	DESCRIPTIVE_ONLY_OBSERVER_SCALE_GEOMETRY
27	346	235	0.15462304015601114	DESCRIPTIVE_ONLY_OBSERVER_SCALE_GEOMETRY
27	347	235	-0.05640774307520153	DESCRIPTIVE_ONLY_OBSERVER_SCALE_GEOMETRY
27	348	235	0.06480962466851972	DESCRIPTIVE_ONLY_OBSERVER_SCALE_GEOMETRY
27	349	235	-0.03642192694063105	DESCRIPTIVE_ONLY_OBSERVER_SCALE_GEOMETRY
27	350	235	0.1288770821700315	DESCRIPTIVE_ONLY_OBSERVER_SCALE_GEOMETRY
27	351	235	-0.0354996651885854	DESCRIPTIVE_ONLY_OBSERVER_SCALE_GEOMETRY
27	352	235	0.008553329660446663	DESCRIPTIVE_ONLY_OBSERVER_SCALE_GEOMETRY
27	353	235	0.062051593060739714	DESCRIPTIVE_ONLY_OBSERVER_SCALE_GEOMETRY
27	354	235	0.050661898270171	DESCRIPTIVE_ONLY_OBSERVER_SCALE_GEOMETRY
27	355	235	-0.004389539704800628	DESCRIPTIVE_ONLY_OBSERVER_SCALE_GEOMETRY
27	356	235	0.041638630663217595	DESCRIPTIVE_ONLY_OBSERVER_SCALE_GEOMETRY
27	357	235	-0.024541438454968496	DESCRIPTIVE_ONLY_OBSERVER_SCALE_GEOMETRY
27	358	235	0.1531784986534808	DESCRIPTIVE_ONLY_OBSERVER_SCALE_GEOMETRY
27	359	235	-0.16934248492421536	DESCRIPTIVE_ONLY_OBSERVER_SCALE_GEOMETRY
27	360	235	0.17202534034984374	DESCRIPTIVE_ONLY_OBSERVER_SCALE_GEOMETRY
27	361	235	-0.012153288725739463	DESCRIPTIVE_ONLY_OBSERVER_SCALE_GEOMETRY
27	362	235	0.0176074921347422	DESCRIPTIVE_ONLY_OBSERVER_SCALE_GEOMETRY
28	1	257	0.013813968026114821	DESCRIPTIVE_ONLY_OBSERVER_SCALE_GEOMETRY
28	2	257	-0.043872446597696665	DESCRIPTIVE_ONLY_OBSERVER_SCALE_GEOMETRY
28	3	257	0.0017771856775722589	DESCRIPTIVE_ONLY_OBSERVER_SCALE_GEOMETRY
28	4	257	-0.03500573113061719	DESCRIPTIVE_ONLY_OBSERVER_SCALE_GEOMETRY
28	5	257	0.0006849913580091393	DESCRIPTIVE_ONLY_OBSERVER_SCALE_GEOMETRY
28	6	256	-0.01793768815572334	DESCRIPTIVE_ONLY_OBSERVER_SCALE_GEOMETRY
28	7	256	0.003644914478436197	DESCRIPTIVE_ONLY_OBSERVER_SCALE_GEOMETRY
28	8	255	-0.0010535018106375797	DESCRIPTIVE_ONLY_OBSERVER_SCALE_GEOMETRY
28	9	255	-0.04538552612860121	DESCRIPTIVE_ONLY_OBSERVER_SCALE_GEOMETRY
28	10	255	0.003895211982746715	DESCRIPTIVE_ONLY_OBSERVER_SCALE_GEOMETRY
28	11	255	-0.030956106118987713	DESCRIPTIVE_ONLY_OBSERVER_SCALE_GEOMETRY
28	12	255	2.9438418774484374	DESCRIPTIVE_ONLY_OBSERVER_SCALE_GEOMETRY
28	13	255	-3.066220807737695	DESCRIPTIVE_ONLY_OBSERVER_SCALE_GEOMETRY
28	14	255	0.06946107638568355	DESCRIPTIVE_ONLY_OBSERVER_SCALE_GEOMETRY
28	15	255	0.01888610682172397	DESCRIPTIVE_ONLY_OBSERVER_SCALE_GEOMETRY
28	16	255	-0.048962253000023784	DESCRIPTIVE_ONLY_OBSERVER_SCALE_GEOMETRY
28	17	255	0.041772941433875374	DESCRIPTIVE_ONLY_OBSERVER_SCALE_GEOMETRY
28	18	255	8.267345013387434	DESCRIPTIVE_ONLY_OBSERVER_SCALE_GEOMETRY
28	19	255	-8.083145888190261	DESCRIPTIVE_ONLY_OBSERVER_SCALE_GEOMETRY
28	20	255	-0.645884246535629	DESCRIPTIVE_ONLY_OBSERVER_SCALE_GEOMETRY
28	21	255	0.07833460650569424	DESCRIPTIVE_ONLY_OBSERVER_SCALE_GEOMETRY
28	22	255	-0.0556291093689094	DESCRIPTIVE_ONLY_OBSERVER_SCALE_GEOMETRY
28	23	255	0.2792001487486184	DESCRIPTIVE_ONLY_OBSERVER_SCALE_GEOMETRY
28	24	254	0.11876880695292769	DESCRIPTIVE_ONLY_OBSERVER_SCALE_GEOMETRY
28	25	254	-0.08098257483201532	DESCRIPTIVE_ONLY_OBSERVER_SCALE_GEOMETRY
28	26	254	-0.00637928492628084	DESCRIPTIVE_ONLY_OBSERVER_SCALE_GEOMETRY
28	27	254	-0.017124891574141893	DESCRIPTIVE_ONLY_OBSERVER_SCALE_GEOMETRY
28	28	254	-0.0065930139647549305	DESCRIPTIVE_ONLY_OBSERVER_SCALE_GEOMETRY
28	29	254	-0.08243050065565102	DESCRIPTIVE_ONLY_OBSERVER_SCALE_GEOMETRY
28	30	254	0.06868156235289984	DESCRIPTIVE_ONLY_OBSERVER_SCALE_GEOMETRY
28	31	254	0.0016503763275008587	DESCRIPTIVE_ONLY_OBSERVER_SCALE_GEOMETRY
28	32	254	-0.05584241406518671	DESCRIPTIVE_ONLY_OBSERVER_SCALE_GEOMETRY
28	33	254	-0.031030948549870332	DESCRIPTIVE_ONLY_OBSERVER_SCALE_GEOMETRY
28	34	254	0.06505939220068369	DESCRIPTIVE_ONLY_OBSERVER_SCALE_GEOMETRY
28	35	254	-0.08404730079822134	DESCRIPTIVE_ONLY_OBSERVER_SCALE_GEOMETRY
28	36	254	0.04593990166895238	DESCRIPTIVE_ONLY_OBSERVER_SCALE_GEOMETRY
28	37	253	-0.04485817407889014	DESCRIPTIVE_ONLY_OBSERVER_SCALE_GEOMETRY
28	38	253	0.002946527015585272	DESCRIPTIVE_ONLY_OBSERVER_SCALE_GEOMETRY
28	39	253	-0.009677361347418399	DESCRIPTIVE_ONLY_OBSERVER_SCALE_GEOMETRY
28	40	253	-0.013392649128602432	DESCRIPTIVE_ONLY_OBSERVER_SCALE_GEOMETRY
28	41	253	-0.0076298217750512265	DESCRIPTIVE_ONLY_OBSERVER_SCALE_GEOMETRY
28	42	253	0.015007250572539342	DESCRIPTIVE_ONLY_OBSERVER_SCALE_GEOMETRY
28	43	253	-0.05268430130643309	DESCRIPTIVE_ONLY_OBSERVER_SCALE_GEOMETRY
28	44	253	0.05298329678852383	DESCRIPTIVE_ONLY_OBSERVER_SCALE_GEOMETRY
28	45	253	-0.05827490733019445	DESCRIPTIVE_ONLY_OBSERVER_SCALE_GEOMETRY
28	46	253	-0.009262299297713947	DESCRIPTIVE_ONLY_OBSERVER_SCALE_GEOMETRY
28	47	253	0.0032604607352605475	DESCRIPTIVE_ONLY_OBSERVER_SCALE_GEOMETRY
28	48	253	-0.06538088054855605	DESCRIPTIVE_ONLY_OBSERVER_SCALE_GEOMETRY
28	49	253	0.0475177983256549	DESCRIPTIVE_ONLY_OBSERVER_SCALE_GEOMETRY
28	50	253	-0.01315489374191511	DESCRIPTIVE_ONLY_OBSERVER_SCALE_GEOMETRY
28	51	253	0.030111645577797618	DESCRIPTIVE_ONLY_OBSERVER_SCALE_GEOMETRY
28	52	253	-0.10117196430229225	DESCRIPTIVE_ONLY_OBSERVER_SCALE_GEOMETRY
28	53	253	-1.2937142749748367	DESCRIPTIVE_ONLY_OBSERVER_SCALE_GEOMETRY
28	54	253	3.06592507723572	DESCRIPTIVE_ONLY_OBSERVER_SCALE_GEOMETRY
28	55	253	-1.476157360905862	DESCRIPTIVE_ONLY_OBSERVER_SCALE_GEOMETRY
28	56	252	-0.8860560155248075	DESCRIPTIVE_ONLY_OBSERVER_SCALE_GEOMETRY
28	57	252	0.6036184153852487	DESCRIPTIVE_ONLY_OBSERVER_SCALE_GEOMETRY
28	58	252	0.01254184460712653	DESCRIPTIVE_ONLY_OBSERVER_SCALE_GEOMETRY
28	59	252	-0.09675123372512671	DESCRIPTIVE_ONLY_OBSERVER_SCALE_GEOMETRY
28	60	252	0.09306440144658783	DESCRIPTIVE_ONLY_OBSERVER_SCALE_GEOMETRY
28	61	252	-0.05622483142597314	DESCRIPTIVE_ONLY_OBSERVER_SCALE_GEOMETRY
28	62	252	-0.016264089486923438	DESCRIPTIVE_ONLY_OBSERVER_SCALE_GEOMETRY
28	63	252	0.031119266298960346	DESCRIPTIVE_ONLY_OBSERVER_SCALE_GEOMETRY
28	64	252	-0.04575023515418021	DESCRIPTIVE_ONLY_OBSERVER_SCALE_GEOMETRY
28	65	252	0.04808730331536327	DESCRIPTIVE_ONLY_OBSERVER_SCALE_GEOMETRY
28	66	252	-0.0661955605832949	DESCRIPTIVE_ONLY_OBSERVER_SCALE_GEOMETRY
28	67	252	-0.017153200274038192	DESCRIPTIVE_ONLY_OBSERVER_SCALE_GEOMETRY
28	68	252	0.015380466820614403	DESCRIPTIVE_ONLY_OBSERVER_SCALE_GEOMETRY
28	69	252	0.013235559038355205	DESCRIPTIVE_ONLY_OBSERVER_SCALE_GEOMETRY
28	70	252	-0.04203515185268406	DESCRIPTIVE_ONLY_OBSERVER_SCALE_GEOMETRY
28	71	252	0.029764706670984218	DESCRIPTIVE_ONLY_OBSERVER_SCALE_GEOMETRY
28	72	252	-0.03545258619692658	DESCRIPTIVE_ONLY_OBSERVER_SCALE_GEOMETRY
28	73	252	0.04842532972287689	DESCRIPTIVE_ONLY_OBSERVER_SCALE_GEOMETRY
28	74	252	-0.027490140418581718	DESCRIPTIVE_ONLY_OBSERVER_SCALE_GEOMETRY
28	75	252	-0.06008310674304705	DESCRIPTIVE_ONLY_OBSERVER_SCALE_GEOMETRY
28	76	252	0.009684436363266812	DESCRIPTIVE_ONLY_OBSERVER_SCALE_GEOMETRY
28	77	252	0.0318843825563687	DESCRIPTIVE_ONLY_OBSERVER_SCALE_GEOMETRY
28	78	252	-0.12809939074278331	DESCRIPTIVE_ONLY_OBSERVER_SCALE_GEOMETRY
28	79	252	0.10243299373670625	DESCRIPTIVE_ONLY_OBSERVER_SCALE_GEOMETRY
28	80	252	-0.06800675502229672	DESCRIPTIVE_ONLY_OBSERVER_SCALE_GEOMETRY
28	81	252	0.05897099703831859	DESCRIPTIVE_ONLY_OBSERVER_SCALE_GEOMETRY
28	82	252	-0.04043891402068638	DESCRIPTIVE_ONLY_OBSERVER_SCALE_GEOMETRY
28	83	252	-0.08307121773313746	DESCRIPTIVE_ONLY_OBSERVER_SCALE_GEOMETRY
28	84	252	0.06947010212196775	DESCRIPTIVE_ONLY_OBSERVER_SCALE_GEOMETRY
28	85	252	-0.02273773176669441	DESCRIPTIVE_ONLY_OBSERVER_SCALE_GEOMETRY
28	86	252	-0.03933882413339878	DESCRIPTIVE_ONLY_OBSERVER_SCALE_GEOMETRY
28	87	252	-0.009145975421182659	DESCRIPTIVE_ONLY_OBSERVER_SCALE_GEOMETRY
28	88	252	0.04221986253782874	DESCRIPTIVE_ONLY_OBSERVER_SCALE_GEOMETRY
28	89	252	-0.03968757287218121	DESCRIPTIVE_ONLY_OBSERVER_SCALE_GEOMETRY
28	90	252	-0.007571930310238605	DESCRIPTIVE_ONLY_OBSERVER_SCALE_GEOMETRY
28	91	252	0.008809448039538186	DESCRIPTIVE_ONLY_OBSERVER_SCALE_GEOMETRY
28	92	252	-0.007187285364857359	DESCRIPTIVE_ONLY_OBSERVER_SCALE_GEOMETRY
28	93	252	-0.057967303453458616	DESCRIPTIVE_ONLY_OBSERVER_SCALE_GEOMETRY
28	94	252	0.026124880796607703	DESCRIPTIVE_ONLY_OBSERVER_SCALE_GEOMETRY
28	95	252	0.023394941142820303	DESCRIPTIVE_ONLY_OBSERVER_SCALE_GEOMETRY
28	96	252	-0.08195346050153599	DESCRIPTIVE_ONLY_OBSERVER_SCALE_GEOMETRY
28	97	252	0.016109279540644665	DESCRIPTIVE_ONLY_OBSERVER_SCALE_GEOMETRY
28	98	252	-0.047089772180347905	DESCRIPTIVE_ONLY_OBSERVER_SCALE_GEOMETRY
28	99	252	0.032061145025027056	DESCRIPTIVE_ONLY_OBSERVER_SCALE_GEOMETRY
28	100	252	0.04281824382801469	DESCRIPTIVE_ONLY_OBSERVER_SCALE_GEOMETRY
28	101	252	-0.12190551959255361	DESCRIPTIVE_ONLY_OBSERVER_SCALE_GEOMETRY
28	102	251	0.033672549784531255	DESCRIPTIVE_ONLY_OBSERVER_SCALE_GEOMETRY
28	103	251	0.019450231337659503	DESCRIPTIVE_ONLY_OBSERVER_SCALE_GEOMETRY
28	104	251	-0.0015805525067270653	DESCRIPTIVE_ONLY_OBSERVER_SCALE_GEOMETRY
28	105	251	-0.06516111774222029	DESCRIPTIVE_ONLY_OBSERVER_SCALE_GEOMETRY
28	106	251	-0.004805169076738714	DESCRIPTIVE_ONLY_OBSERVER_SCALE_GEOMETRY
28	107	251	0.055753713224186874	DESCRIPTIVE_ONLY_OBSERVER_SCALE_GEOMETRY
28	108	251	-0.10575813942504982	DESCRIPTIVE_ONLY_OBSERVER_SCALE_GEOMETRY
28	109	251	0.0203512303305478	DESCRIPTIVE_ONLY_OBSERVER_SCALE_GEOMETRY
28	110	251	-0.000026325380839090915	DESCRIPTIVE_ONLY_OBSERVER_SCALE_GEOMETRY
28	111	250	-0.043920079582592544	DESCRIPTIVE_ONLY_OBSERVER_SCALE_GEOMETRY
28	112	250	0.07567544838842903	DESCRIPTIVE_ONLY_OBSERVER_SCALE_GEOMETRY
28	113	250	-0.04287873952596356	DESCRIPTIVE_ONLY_OBSERVER_SCALE_GEOMETRY
28	114	250	-0.03874939148112241	DESCRIPTIVE_ONLY_OBSERVER_SCALE_GEOMETRY
28	115	250	0.008354038701010218	DESCRIPTIVE_ONLY_OBSERVER_SCALE_GEOMETRY
28	116	250	-0.023963802813386417	DESCRIPTIVE_ONLY_OBSERVER_SCALE_GEOMETRY
28	117	250	-0.05834749992002297	DESCRIPTIVE_ONLY_OBSERVER_SCALE_GEOMETRY
28	118	250	0.048542620717768166	DESCRIPTIVE_ONLY_OBSERVER_SCALE_GEOMETRY
28	119	250	-0.002021936298733028	DESCRIPTIVE_ONLY_OBSERVER_SCALE_GEOMETRY
28	120	250	-0.08750247223586516	DESCRIPTIVE_ONLY_OBSERVER_SCALE_GEOMETRY
28	121	250	0.02244710927848786	DESCRIPTIVE_ONLY_OBSERVER_SCALE_GEOMETRY
28	122	250	0.05858147719945683	DESCRIPTIVE_ONLY_OBSERVER_SCALE_GEOMETRY
28	123	249	-0.07717462791187604	DESCRIPTIVE_ONLY_OBSERVER_SCALE_GEOMETRY
28	124	249	0.010303167391280165	DESCRIPTIVE_ONLY_OBSERVER_SCALE_GEOMETRY
28	125	249	-0.0196738459994878	DESCRIPTIVE_ONLY_OBSERVER_SCALE_GEOMETRY
28	126	249	0.05629361718657508	DESCRIPTIVE_ONLY_OBSERVER_SCALE_GEOMETRY
28	127	249	-0.07047696202667932	DESCRIPTIVE_ONLY_OBSERVER_SCALE_GEOMETRY
28	128	249	-0.0556847379962385	DESCRIPTIVE_ONLY_OBSERVER_SCALE_GEOMETRY
28	129	249	0.03684230410239278	DESCRIPTIVE_ONLY_OBSERVER_SCALE_GEOMETRY
28	130	249	-0.03320869860441095	DESCRIPTIVE_ONLY_OBSERVER_SCALE_GEOMETRY
28	131	249	-0.0019933714496959223	DESCRIPTIVE_ONLY_OBSERVER_SCALE_GEOMETRY
28	132	249	1.08755972401176	DESCRIPTIVE_ONLY_OBSERVER_SCALE_GEOMETRY
28	133	249	-1.09527891562498	DESCRIPTIVE_ONLY_OBSERVER_SCALE_GEOMETRY
28	134	248	-0.00008665205543464187	DESCRIPTIVE_ONLY_OBSERVER_SCALE_GEOMETRY
28	135	248	-0.0016218188552047888	DESCRIPTIVE_ONLY_OBSERVER_SCALE_GEOMETRY
28	136	248	-0.035718124809774154	DESCRIPTIVE_ONLY_OBSERVER_SCALE_GEOMETRY
28	137	248	-0.006601559057356184	DESCRIPTIVE_ONLY_OBSERVER_SCALE_GEOMETRY
28	138	248	-0.028534247024297226	DESCRIPTIVE_ONLY_OBSERVER_SCALE_GEOMETRY
28	139	248	0.004457298438825645	DESCRIPTIVE_ONLY_OBSERVER_SCALE_GEOMETRY
28	140	248	0.006369768242686496	DESCRIPTIVE_ONLY_OBSERVER_SCALE_GEOMETRY
28	141	248	-0.0060247619687861225	DESCRIPTIVE_ONLY_OBSERVER_SCALE_GEOMETRY
28	142	248	-0.0383916255582831	DESCRIPTIVE_ONLY_OBSERVER_SCALE_GEOMETRY
28	143	248	0.00022401246804476795	DESCRIPTIVE_ONLY_OBSERVER_SCALE_GEOMETRY
28	144	248	-0.010933661360548255	DESCRIPTIVE_ONLY_OBSERVER_SCALE_GEOMETRY
28	145	248	-0.02687533824071926	DESCRIPTIVE_ONLY_OBSERVER_SCALE_GEOMETRY
28	146	248	0.03565740048574344	DESCRIPTIVE_ONLY_OBSERVER_SCALE_GEOMETRY
28	147	248	-0.037122185298635486	DESCRIPTIVE_ONLY_OBSERVER_SCALE_GEOMETRY
28	148	248	0.02288430129865403	DESCRIPTIVE_ONLY_OBSERVER_SCALE_GEOMETRY
28	149	248	-0.07041730173067631	DESCRIPTIVE_ONLY_OBSERVER_SCALE_GEOMETRY
28	150	248	0.010910631506540135	DESCRIPTIVE_ONLY_OBSERVER_SCALE_GEOMETRY
28	151	248	-0.005317133621674188	DESCRIPTIVE_ONLY_OBSERVER_SCALE_GEOMETRY
28	152	248	0.025227651009918313	DESCRIPTIVE_ONLY_OBSERVER_SCALE_GEOMETRY
28	153	248	-0.05128511489554643	DESCRIPTIVE_ONLY_OBSERVER_SCALE_GEOMETRY
28	154	248	-0.020397181816260147	DESCRIPTIVE_ONLY_OBSERVER_SCALE_GEOMETRY
28	155	248	0.041647171145259	DESCRIPTIVE_ONLY_OBSERVER_SCALE_GEOMETRY
28	156	248	-0.032739539192934645	DESCRIPTIVE_ONLY_OBSERVER_SCALE_GEOMETRY
28	157	248	-0.08795876743533715	DESCRIPTIVE_ONLY_OBSERVER_SCALE_GEOMETRY
28	158	248	0.06635468145153688	DESCRIPTIVE_ONLY_OBSERVER_SCALE_GEOMETRY
28	159	248	0.003993199174803295	DESCRIPTIVE_ONLY_OBSERVER_SCALE_GEOMETRY
28	160	248	-0.05296596680403033	DESCRIPTIVE_ONLY_OBSERVER_SCALE_GEOMETRY
28	161	248	0.027244012148224327	DESCRIPTIVE_ONLY_OBSERVER_SCALE_GEOMETRY
28	162	248	-0.04302054148965289	DESCRIPTIVE_ONLY_OBSERVER_SCALE_GEOMETRY
28	163	248	0.024598735484872895	DESCRIPTIVE_ONLY_OBSERVER_SCALE_GEOMETRY
28	164	248	-0.03972450705942219	DESCRIPTIVE_ONLY_OBSERVER_SCALE_GEOMETRY
28	165	248	-0.05161575962848979	DESCRIPTIVE_ONLY_OBSERVER_SCALE_GEOMETRY
28	166	248	0.029439678616121536	DESCRIPTIVE_ONLY_OBSERVER_SCALE_GEOMETRY
28	167	248	-0.006864021094210023	DESCRIPTIVE_ONLY_OBSERVER_SCALE_GEOMETRY
28	168	248	0.00015342815760757488	DESCRIPTIVE_ONLY_OBSERVER_SCALE_GEOMETRY
28	169	248	-0.022605664711883647	DESCRIPTIVE_ONLY_OBSERVER_SCALE_GEOMETRY
28	170	248	-0.0022119453992308163	DESCRIPTIVE_ONLY_OBSERVER_SCALE_GEOMETRY
28	171	248	-0.04429325806793966	DESCRIPTIVE_ONLY_OBSERVER_SCALE_GEOMETRY
28	172	248	0.03413881787956117	DESCRIPTIVE_ONLY_OBSERVER_SCALE_GEOMETRY
28	173	247	1.2925950343341768	DESCRIPTIVE_ONLY_OBSERVER_SCALE_GEOMETRY
28	174	247	-5.366148758874802	DESCRIPTIVE_ONLY_OBSERVER_SCALE_GEOMETRY
28	175	247	4.371888462304386	DESCRIPTIVE_ONLY_OBSERVER_SCALE_GEOMETRY
28	176	247	-0.28824452047269494	DESCRIPTIVE_ONLY_OBSERVER_SCALE_GEOMETRY
28	177	247	-0.20174907504440376	DESCRIPTIVE_ONLY_OBSERVER_SCALE_GEOMETRY
28	178	247	0.04420346763455919	DESCRIPTIVE_ONLY_OBSERVER_SCALE_GEOMETRY
28	179	247	-0.10352588864925956	DESCRIPTIVE_ONLY_OBSERVER_SCALE_GEOMETRY
28	180	247	0.22409362923098616	DESCRIPTIVE_ONLY_OBSERVER_SCALE_GEOMETRY
28	181	247	0.11952630199497022	DESCRIPTIVE_ONLY_OBSERVER_SCALE_GEOMETRY
28	182	247	-0.4093094973788183	DESCRIPTIVE_ONLY_OBSERVER_SCALE_GEOMETRY
28	183	247	0.20072787363911762	DESCRIPTIVE_ONLY_OBSERVER_SCALE_GEOMETRY
28	184	247	-0.028688120425214698	DESCRIPTIVE_ONLY_OBSERVER_SCALE_GEOMETRY
28	185	247	-0.0015282641538949	DESCRIPTIVE_ONLY_OBSERVER_SCALE_GEOMETRY
28	186	247	0.008394366107935668	DESCRIPTIVE_ONLY_OBSERVER_SCALE_GEOMETRY
28	187	246	0.0014865704299510745	DESCRIPTIVE_ONLY_OBSERVER_SCALE_GEOMETRY
28	188	246	-0.01584234969122028	DESCRIPTIVE_ONLY_OBSERVER_SCALE_GEOMETRY
28	189	246	-0.03283223021196957	DESCRIPTIVE_ONLY_OBSERVER_SCALE_GEOMETRY
28	190	246	-0.016222019440235182	DESCRIPTIVE_ONLY_OBSERVER_SCALE_GEOMETRY
28	191	246	-0.035237652966992765	DESCRIPTIVE_ONLY_OBSERVER_SCALE_GEOMETRY
28	192	246	-0.029309579120617005	DESCRIPTIVE_ONLY_OBSERVER_SCALE_GEOMETRY
28	193	246	0.17499320478998093	DESCRIPTIVE_ONLY_OBSERVER_SCALE_GEOMETRY
28	194	246	-0.1350206095748968	DESCRIPTIVE_ONLY_OBSERVER_SCALE_GEOMETRY
28	195	246	0.04605864266100595	DESCRIPTIVE_ONLY_OBSERVER_SCALE_GEOMETRY
28	196	246	-0.06376405819964698	DESCRIPTIVE_ONLY_OBSERVER_SCALE_GEOMETRY
28	197	246	-0.04584290226674725	DESCRIPTIVE_ONLY_OBSERVER_SCALE_GEOMETRY
28	198	246	0.08150227668532589	DESCRIPTIVE_ONLY_OBSERVER_SCALE_GEOMETRY
28	199	246	-0.10222756839178085	DESCRIPTIVE_ONLY_OBSERVER_SCALE_GEOMETRY
28	200	246	0.0907018450506883	DESCRIPTIVE_ONLY_OBSERVER_SCALE_GEOMETRY
28	201	246	-0.1103337960857086	DESCRIPTIVE_ONLY_OBSERVER_SCALE_GEOMETRY
28	202	246	0.01787205503271899	DESCRIPTIVE_ONLY_OBSERVER_SCALE_GEOMETRY
28	203	246	0.06573174269247002	DESCRIPTIVE_ONLY_OBSERVER_SCALE_GEOMETRY
28	204	246	-0.10457496654224466	DESCRIPTIVE_ONLY_OBSERVER_SCALE_GEOMETRY
28	205	246	0.05093918891957199	DESCRIPTIVE_ONLY_OBSERVER_SCALE_GEOMETRY
28	206	246	-0.036969930691681405	DESCRIPTIVE_ONLY_OBSERVER_SCALE_GEOMETRY
28	207	246	-0.027467862063421854	DESCRIPTIVE_ONLY_OBSERVER_SCALE_GEOMETRY
28	208	246	0.12587726438438246	DESCRIPTIVE_ONLY_OBSERVER_SCALE_GEOMETRY
28	209	246	-0.15352581344165714	DESCRIPTIVE_ONLY_OBSERVER_SCALE_GEOMETRY
28	210	246	-0.05244525204738149	DESCRIPTIVE_ONLY_OBSERVER_SCALE_GEOMETRY
28	211	246	0.09410122937984168	DESCRIPTIVE_ONLY_OBSERVER_SCALE_GEOMETRY
28	212	246	0.031879406869882464	DESCRIPTIVE_ONLY_OBSERVER_SCALE_GEOMETRY
28	213	246	-0.14420970845943717	DESCRIPTIVE_ONLY_OBSERVER_SCALE_GEOMETRY
28	214	246	0.04150114901893534	DESCRIPTIVE_ONLY_OBSERVER_SCALE_GEOMETRY
28	215	246	0.015231668772015488	DESCRIPTIVE_ONLY_OBSERVER_SCALE_GEOMETRY
28	216	246	-0.0052324991315656115	DESCRIPTIVE_ONLY_OBSERVER_SCALE_GEOMETRY
28	217	246	-0.04254947048060763	DESCRIPTIVE_ONLY_OBSERVER_SCALE_GEOMETRY
28	218	246	0.06864731292334564	DESCRIPTIVE_ONLY_OBSERVER_SCALE_GEOMETRY
28	219	246	-0.015606421870189742	DESCRIPTIVE_ONLY_OBSERVER_SCALE_GEOMETRY
28	220	246	-0.07574339112399611	DESCRIPTIVE_ONLY_OBSERVER_SCALE_GEOMETRY
28	221	246	-0.06226527613561376	DESCRIPTIVE_ONLY_OBSERVER_SCALE_GEOMETRY
28	222	246	0.11749855794737017	DESCRIPTIVE_ONLY_OBSERVER_SCALE_GEOMETRY
28	223	246	-0.08000848652093323	DESCRIPTIVE_ONLY_OBSERVER_SCALE_GEOMETRY
28	224	246	-0.05234960870146135	DESCRIPTIVE_ONLY_OBSERVER_SCALE_GEOMETRY
28	225	246	0.11962025762582301	DESCRIPTIVE_ONLY_OBSERVER_SCALE_GEOMETRY
28	226	246	-0.11316425275908976	DESCRIPTIVE_ONLY_OBSERVER_SCALE_GEOMETRY
28	227	246	0.040750011226576524	DESCRIPTIVE_ONLY_OBSERVER_SCALE_GEOMETRY
28	228	246	-0.011904905212682025	DESCRIPTIVE_ONLY_OBSERVER_SCALE_GEOMETRY
28	229	246	0.017567581324821724	DESCRIPTIVE_ONLY_OBSERVER_SCALE_GEOMETRY
28	230	246	-0.0698172006161703	DESCRIPTIVE_ONLY_OBSERVER_SCALE_GEOMETRY
28	231	246	0.03616370703987612	DESCRIPTIVE_ONLY_OBSERVER_SCALE_GEOMETRY
28	232	246	-0.07999668229490972	DESCRIPTIVE_ONLY_OBSERVER_SCALE_GEOMETRY
28	233	246	0.12705743031065234	DESCRIPTIVE_ONLY_OBSERVER_SCALE_GEOMETRY
28	234	246	-0.12120693746350032	DESCRIPTIVE_ONLY_OBSERVER_SCALE_GEOMETRY
28	235	246	0.016004721009148327	DESCRIPTIVE_ONLY_OBSERVER_SCALE_GEOMETRY
28	236	246	-0.03096919750035298	DESCRIPTIVE_ONLY_OBSERVER_SCALE_GEOMETRY
28	237	246	0.004302795512892263	DESCRIPTIVE_ONLY_OBSERVER_SCALE_GEOMETRY
28	238	245	0.03900834022803829	DESCRIPTIVE_ONLY_OBSERVER_SCALE_GEOMETRY
28	239	245	-0.04017717976370133	DESCRIPTIVE_ONLY_OBSERVER_SCALE_GEOMETRY
28	240	245	0.012100736109074436	DESCRIPTIVE_ONLY_OBSERVER_SCALE_GEOMETRY
28	241	245	-0.06126719654936007	DESCRIPTIVE_ONLY_OBSERVER_SCALE_GEOMETRY
28	242	245	0.0591152842655585	DESCRIPTIVE_ONLY_OBSERVER_SCALE_GEOMETRY
28	243	245	-0.07319363073940645	DESCRIPTIVE_ONLY_OBSERVER_SCALE_GEOMETRY
28	244	245	0.07687443696100951	DESCRIPTIVE_ONLY_OBSERVER_SCALE_GEOMETRY
28	245	245	-0.09351645496190115	DESCRIPTIVE_ONLY_OBSERVER_SCALE_GEOMETRY
28	246	245	0.03438093584609301	DESCRIPTIVE_ONLY_OBSERVER_SCALE_GEOMETRY
28	247	245	-0.0023441314269239894	DESCRIPTIVE_ONLY_OBSERVER_SCALE_GEOMETRY
28	248	245	-0.07442320614835167	DESCRIPTIVE_ONLY_OBSERVER_SCALE_GEOMETRY
28	249	245	0.10719737306735166	DESCRIPTIVE_ONLY_OBSERVER_SCALE_GEOMETRY
28	250	244	-0.13021593064257464	DESCRIPTIVE_ONLY_OBSERVER_SCALE_GEOMETRY
28	251	244	0.10522693542943079	DESCRIPTIVE_ONLY_OBSERVER_SCALE_GEOMETRY
28	252	243	0.47456725267752886	DESCRIPTIVE_ONLY_OBSERVER_SCALE_GEOMETRY
28	253	243	-0.4314632984396776	DESCRIPTIVE_ONLY_OBSERVER_SCALE_GEOMETRY
28	254	242	-0.15465765256492575	DESCRIPTIVE_ONLY_OBSERVER_SCALE_GEOMETRY
28	255	242	0.0979829963678859	DESCRIPTIVE_ONLY_OBSERVER_SCALE_GEOMETRY
28	256	242	-0.19303088369042704	DESCRIPTIVE_ONLY_OBSERVER_SCALE_GEOMETRY
28	257	242	0.17414556218821375	DESCRIPTIVE_ONLY_OBSERVER_SCALE_GEOMETRY
28	258	242	-0.12314163219037817	DESCRIPTIVE_ONLY_OBSERVER_SCALE_GEOMETRY
28	259	242	0.06850619039543888	DESCRIPTIVE_ONLY_OBSERVER_SCALE_GEOMETRY
28	260	242	-0.07750579459575632	DESCRIPTIVE_ONLY_OBSERVER_SCALE_GEOMETRY
28	261	242	0.018593798870725046	DESCRIPTIVE_ONLY_OBSERVER_SCALE_GEOMETRY
28	262	242	0.011757508623642488	DESCRIPTIVE_ONLY_OBSERVER_SCALE_GEOMETRY
28	263	242	0.032518308123499935	DESCRIPTIVE_ONLY_OBSERVER_SCALE_GEOMETRY
28	264	242	-0.08343845824738444	DESCRIPTIVE_ONLY_OBSERVER_SCALE_GEOMETRY
28	265	242	0.016735708642712212	DESCRIPTIVE_ONLY_OBSERVER_SCALE_GEOMETRY
28	266	242	-0.05146315718102034	DESCRIPTIVE_ONLY_OBSERVER_SCALE_GEOMETRY
28	267	242	0.034125271639997595	DESCRIPTIVE_ONLY_OBSERVER_SCALE_GEOMETRY
28	268	242	-0.013287771551912159	DESCRIPTIVE_ONLY_OBSERVER_SCALE_GEOMETRY
28	269	242	0.011364941518059637	DESCRIPTIVE_ONLY_OBSERVER_SCALE_GEOMETRY
28	270	242	-0.09005458340375472	DESCRIPTIVE_ONLY_OBSERVER_SCALE_GEOMETRY
28	271	242	0.064532564049695	DESCRIPTIVE_ONLY_OBSERVER_SCALE_GEOMETRY
28	272	242	0.07526031224989418	DESCRIPTIVE_ONLY_OBSERVER_SCALE_GEOMETRY
28	273	242	-0.1721914847526723	DESCRIPTIVE_ONLY_OBSERVER_SCALE_GEOMETRY
28	274	242	0.08823346574848147	DESCRIPTIVE_ONLY_OBSERVER_SCALE_GEOMETRY
28	275	242	-0.03141837636895213	DESCRIPTIVE_ONLY_OBSERVER_SCALE_GEOMETRY
28	276	242	-0.04518351609295733	DESCRIPTIVE_ONLY_OBSERVER_SCALE_GEOMETRY
28	277	242	-0.033404332275766155	DESCRIPTIVE_ONLY_OBSERVER_SCALE_GEOMETRY
28	278	242	0.11050536049368902	DESCRIPTIVE_ONLY_OBSERVER_SCALE_GEOMETRY
28	279	242	-0.060345809329829546	DESCRIPTIVE_ONLY_OBSERVER_SCALE_GEOMETRY
28	280	242	-0.021085752465273645	DESCRIPTIVE_ONLY_OBSERVER_SCALE_GEOMETRY
28	281	242	-0.012319975904502472	DESCRIPTIVE_ONLY_OBSERVER_SCALE_GEOMETRY
28	282	242	0.06427828205043305	DESCRIPTIVE_ONLY_OBSERVER_SCALE_GEOMETRY
28	283	241	-0.15768121179760053	DESCRIPTIVE_ONLY_OBSERVER_SCALE_GEOMETRY
28	284	241	0.15961118747600012	DESCRIPTIVE_ONLY_OBSERVER_SCALE_GEOMETRY
28	285	241	-0.12140870411365268	DESCRIPTIVE_ONLY_OBSERVER_SCALE_GEOMETRY
28	286	241	0.005837992208493499	DESCRIPTIVE_ONLY_OBSERVER_SCALE_GEOMETRY
28	287	241	0.002984827384274837	DESCRIPTIVE_ONLY_OBSERVER_SCALE_GEOMETRY
28	288	241	-0.0011014743860777545	DESCRIPTIVE_ONLY_OBSERVER_SCALE_GEOMETRY
28	289	241	0.021095167649783652	DESCRIPTIVE_ONLY_OBSERVER_SCALE_GEOMETRY
28	290	241	-0.015141883682553621	DESCRIPTIVE_ONLY_OBSERVER_SCALE_GEOMETRY
28	291	241	-0.013108682358583429	DESCRIPTIVE_ONLY_OBSERVER_SCALE_GEOMETRY
28	292	240	-0.09086964646141565	DESCRIPTIVE_ONLY_OBSERVER_SCALE_GEOMETRY
28	293	240	2.36260486702159	DESCRIPTIVE_ONLY_OBSERVER_SCALE_GEOMETRY
28	294	240	-11.269183672370612	DESCRIPTIVE_ONLY_OBSERVER_SCALE_GEOMETRY
28	295	240	8.937442743474499	DESCRIPTIVE_ONLY_OBSERVER_SCALE_GEOMETRY
28	296	240	0.015577456904536368	DESCRIPTIVE_ONLY_OBSERVER_SCALE_GEOMETRY
28	297	239	0.002188355125983729	DESCRIPTIVE_ONLY_OBSERVER_SCALE_GEOMETRY
28	298	239	-0.02631612107872623	DESCRIPTIVE_ONLY_OBSERVER_SCALE_GEOMETRY
28	299	239	-0.02634470726417949	DESCRIPTIVE_ONLY_OBSERVER_SCALE_GEOMETRY
28	300	239	-0.031654411121193146	DESCRIPTIVE_ONLY_OBSERVER_SCALE_GEOMETRY
28	301	239	0.04940284230508735	DESCRIPTIVE_ONLY_OBSERVER_SCALE_GEOMETRY
28	302	239	-0.06950573844648829	DESCRIPTIVE_ONLY_OBSERVER_SCALE_GEOMETRY
28	303	239	0.041513335475856734	DESCRIPTIVE_ONLY_OBSERVER_SCALE_GEOMETRY
28	304	239	-0.03033912024975447	DESCRIPTIVE_ONLY_OBSERVER_SCALE_GEOMETRY
28	305	239	-0.02736572384249457	DESCRIPTIVE_ONLY_OBSERVER_SCALE_GEOMETRY
28	306	239	0.02516011016306663	DESCRIPTIVE_ONLY_OBSERVER_SCALE_GEOMETRY
28	307	239	-0.009820443013828277	DESCRIPTIVE_ONLY_OBSERVER_SCALE_GEOMETRY
28	308	239	-0.05517459778365856	DESCRIPTIVE_ONLY_OBSERVER_SCALE_GEOMETRY
28	309	239	0.032216745877372686	DESCRIPTIVE_ONLY_OBSERVER_SCALE_GEOMETRY
28	310	239	-0.07401255395907282	DESCRIPTIVE_ONLY_OBSERVER_SCALE_GEOMETRY
28	311	238	0.050335067141012824	DESCRIPTIVE_ONLY_OBSERVER_SCALE_GEOMETRY
28	312	237	0.796526065545812	DESCRIPTIVE_ONLY_OBSERVER_SCALE_GEOMETRY
28	313	237	-0.8179238086123914	DESCRIPTIVE_ONLY_OBSERVER_SCALE_GEOMETRY
28	314	237	-0.04802481327925272	DESCRIPTIVE_ONLY_OBSERVER_SCALE_GEOMETRY
28	315	237	-0.03865041693481465	DESCRIPTIVE_ONLY_OBSERVER_SCALE_GEOMETRY
28	316	237	0.0934253688311743	DESCRIPTIVE_ONLY_OBSERVER_SCALE_GEOMETRY
28	317	237	-0.061962668430235124	DESCRIPTIVE_ONLY_OBSERVER_SCALE_GEOMETRY
28	318	237	-0.07628247137693417	DESCRIPTIVE_ONLY_OBSERVER_SCALE_GEOMETRY
28	319	237	0.03353658603376621	DESCRIPTIVE_ONLY_OBSERVER_SCALE_GEOMETRY
28	320	237	0.027794483490066788	DESCRIPTIVE_ONLY_OBSERVER_SCALE_GEOMETRY
28	321	237	-0.09829510054491669	DESCRIPTIVE_ONLY_OBSERVER_SCALE_GEOMETRY
28	322	237	0.07714810016303235	DESCRIPTIVE_ONLY_OBSERVER_SCALE_GEOMETRY
28	323	237	-0.11114788872663173	DESCRIPTIVE_ONLY_OBSERVER_SCALE_GEOMETRY
28	324	237	0.10629421279441599	DESCRIPTIVE_ONLY_OBSERVER_SCALE_GEOMETRY
28	325	237	-0.10936398729183766	DESCRIPTIVE_ONLY_OBSERVER_SCALE_GEOMETRY
28	326	237	0.015358196162792418	DESCRIPTIVE_ONLY_OBSERVER_SCALE_GEOMETRY
28	327	237	-0.04556366922079356	DESCRIPTIVE_ONLY_OBSERVER_SCALE_GEOMETRY
28	328	237	0.04107706967838053	DESCRIPTIVE_ONLY_OBSERVER_SCALE_GEOMETRY
28	329	237	-0.0062137576833207935	DESCRIPTIVE_ONLY_OBSERVER_SCALE_GEOMETRY
28	330	237	-0.09326587072730456	DESCRIPTIVE_ONLY_OBSERVER_SCALE_GEOMETRY
28	331	237	0.03395902549184122	DESCRIPTIVE_ONLY_OBSERVER_SCALE_GEOMETRY
28	332	237	-0.0484847349144568	DESCRIPTIVE_ONLY_OBSERVER_SCALE_GEOMETRY
28	333	237	0.045642834396843905	DESCRIPTIVE_ONLY_OBSERVER_SCALE_GEOMETRY
28	334	237	-0.014865308396372495	DESCRIPTIVE_ONLY_OBSERVER_SCALE_GEOMETRY
28	335	236	-0.08129164030440017	DESCRIPTIVE_ONLY_OBSERVER_SCALE_GEOMETRY
28	336	236	-0.024687818005152625	DESCRIPTIVE_ONLY_OBSERVER_SCALE_GEOMETRY
28	337	236	0.028636699625954838	DESCRIPTIVE_ONLY_OBSERVER_SCALE_GEOMETRY
28	338	236	-0.05940837937789855	DESCRIPTIVE_ONLY_OBSERVER_SCALE_GEOMETRY
28	339	236	0.05833262153327575	DESCRIPTIVE_ONLY_OBSERVER_SCALE_GEOMETRY
28	340	236	-0.07602373293373231	DESCRIPTIVE_ONLY_OBSERVER_SCALE_GEOMETRY
28	341	236	-0.019611894446577807	DESCRIPTIVE_ONLY_OBSERVER_SCALE_GEOMETRY
28	342	236	0.06954417465604126	DESCRIPTIVE_ONLY_OBSERVER_SCALE_GEOMETRY
28	343	236	-0.07650478415666083	DESCRIPTIVE_ONLY_OBSERVER_SCALE_GEOMETRY
28	344	236	-0.07720491415364712	DESCRIPTIVE_ONLY_OBSERVER_SCALE_GEOMETRY
28	345	235	0.11081797189762753	DESCRIPTIVE_ONLY_OBSERVER_SCALE_GEOMETRY
28	346	235	-0.1002900684563011	DESCRIPTIVE_ONLY_OBSERVER_SCALE_GEOMETRY
28	347	235	0.020031541377934458	DESCRIPTIVE_ONLY_OBSERVER_SCALE_GEOMETRY
28	348	235	-0.07993604706393566	DESCRIPTIVE_ONLY_OBSERVER_SCALE_GEOMETRY
28	349	235	0.0848340095719954	DESCRIPTIVE_ONLY_OBSERVER_SCALE_GEOMETRY
28	350	235	-0.07876300945494119	DESCRIPTIVE_ONLY_OBSERVER_SCALE_GEOMETRY
28	351	235	-0.03315553335935747	DESCRIPTIVE_ONLY_OBSERVER_SCALE_GEOMETRY
28	352	235	0.01955691022992307	DESCRIPTIVE_ONLY_OBSERVER_SCALE_GEOMETRY
28	353	235	0.007042352887018097	DESCRIPTIVE_ONLY_OBSERVER_SCALE_GEOMETRY
28	354	235	-0.049332556254407044	DESCRIPTIVE_ONLY_OBSERVER_SCALE_GEOMETRY
28	355	235	-0.0012040669161464054	DESCRIPTIVE_ONLY_OBSERVER_SCALE_GEOMETRY
28	356	235	-0.068669733545005	DESCRIPTIVE_ONLY_OBSERVER_SCALE_GEOMETRY
28	357	235	0.11027833430727382	DESCRIPTIVE_ONLY_OBSERVER_SCALE_GEOMETRY
28	358	235	-0.21084664203439157	DESCRIPTIVE_ONLY_OBSERVER_SCALE_GEOMETRY
28	359	235	0.12871477641641932	DESCRIPTIVE_ONLY_OBSERVER_SCALE_GEOMETRY
28	360	235	-0.05507762443341533	DESCRIPTIVE_ONLY_OBSERVER_SCALE_GEOMETRY
28	361	235	-0.02531277912201375	DESCRIPTIVE_ONLY_OBSERVER_SCALE_GEOMETRY
29	1	257	-0.026763511895912976	DESCRIPTIVE_ONLY_OBSERVER_SCALE_GEOMETRY
29	2	257	0.018675232640936842	DESCRIPTIVE_ONLY_OBSERVER_SCALE_GEOMETRY
29	3	257	-0.01884998651389542	DESCRIPTIVE_ONLY_OBSERVER_SCALE_GEOMETRY
29	4	257	0.017263182145381677	DESCRIPTIVE_ONLY_OBSERVER_SCALE_GEOMETRY
29	5	256	-0.001423791916359741	DESCRIPTIVE_ONLY_OBSERVER_SCALE_GEOMETRY
29	6	256	0.020206764957345327	DESCRIPTIVE_ONLY_OBSERVER_SCALE_GEOMETRY
29	7	255	0.016446547016798405	DESCRIPTIVE_ONLY_OBSERVER_SCALE_GEOMETRY
29	8	255	-0.027740118571108162	DESCRIPTIVE_ONLY_OBSERVER_SCALE_GEOMETRY
29	9	255	0.021592741220954635	DESCRIPTIVE_ONLY_OBSERVER_SCALE_GEOMETRY
29	10	255	-0.012896449898640165	DESCRIPTIVE_ONLY_OBSERVER_SCALE_GEOMETRY
29	11	255	2.9615658199871167	DESCRIPTIVE_ONLY_OBSERVER_SCALE_GEOMETRY
29	12	255	-3.0485965559745383	DESCRIPTIVE_ONLY_OBSERVER_SCALE_GEOMETRY
29	13	255	0.08708905425792315	DESCRIPTIVE_ONLY_OBSERVER_SCALE_GEOMETRY
29	14	255	0.03717233305960334	DESCRIPTIVE_ONLY_OBSERVER_SCALE_GEOMETRY
29	15	255	-0.029696456945478827	DESCRIPTIVE_ONLY_OBSERVER_SCALE_GEOMETRY
29	16	255	0.059426645642405844	DESCRIPTIVE_ONLY_OBSERVER_SCALE_GEOMETRY
29	17	255	8.286338425256993	DESCRIPTIVE_ONLY_OBSERVER_SCALE_GEOMETRY
29	18	255	-8.064339385043954	DESCRIPTIVE_ONLY_OBSERVER_SCALE_GEOMETRY
29	19	255	-0.627053157910347	DESCRIPTIVE_ONLY_OBSERVER_SCALE_GEOMETRY
29	20	255	0.09555968470524293	DESCRIPTIVE_ONLY_OBSERVER_SCALE_GEOMETRY
29	21	255	-0.03805661726965274	DESCRIPTIVE_ONLY_OBSERVER_SCALE_GEOMETRY
29	22	255	0.29599032458013175	DESCRIPTIVE_ONLY_OBSERVER_SCALE_GEOMETRY
29	23	254	0.1355322444206647	DESCRIPTIVE_ONLY_OBSERVER_SCALE_GEOMETRY
29	24	254	-0.0645085511979608	DESCRIPTIVE_ONLY_OBSERVER_SCALE_GEOMETRY
29	25	254	0.010156228506638923	DESCRIPTIVE_ONLY_OBSERVER_SCALE_GEOMETRY
29	26	254	-0.00048529033235220786	DESCRIPTIVE_ONLY_OBSERVER_SCALE_GEOMETRY
29	27	254	0.00918383919372121	DESCRIPTIVE_ONLY_OBSERVER_SCALE_GEOMETRY
29	28	254	-0.06723333919085946	DESCRIPTIVE_ONLY_OBSERVER_SCALE_GEOMETRY
29	29	254	0.08348631022178536	DESCRIPTIVE_ONLY_OBSERVER_SCALE_GEOMETRY
29	30	254	0.015367387844903161	DESCRIPTIVE_ONLY_OBSERVER_SCALE_GEOMETRY
29	31	254	-0.04138202723873377	DESCRIPTIVE_ONLY_OBSERVER_SCALE_GEOMETRY
29	32	254	-0.017625275402810846	DESCRIPTIVE_ONLY_OBSERVER_SCALE_GEOMETRY
29	33	254	0.07858136871178233	DESCRIPTIVE_ONLY_OBSERVER_SCALE_GEOMETRY
29	34	254	-0.06960370098264827	DESCRIPTIVE_ONLY_OBSERVER_SCALE_GEOMETRY
29	35	254	0.05996179797840681	DESCRIPTIVE_ONLY_OBSERVER_SCALE_GEOMETRY
29	36	253	-0.03149022065957964	DESCRIPTIVE_ONLY_OBSERVER_SCALE_GEOMETRY
29	37	253	0.01668360645949975	DESCRIPTIVE_ONLY_OBSERVER_SCALE_GEOMETRY
29	38	253	0.004271425064016401	DESCRIPTIVE_ONLY_OBSERVER_SCALE_GEOMETRY
29	39	253	0.0004988064087712265	DESCRIPTIVE_ONLY_OBSERVER_SCALE_GEOMETRY
29	40	253	0.006365009615097812	DESCRIPTIVE_ONLY_OBSERVER_SCALE_GEOMETRY
29	41	253	0.028766377759347667	DESCRIPTIVE_ONLY_OBSERVER_SCALE_GEOMETRY
29	42	253	-0.039712836873183215	DESCRIPTIVE_ONLY_OBSERVER_SCALE_GEOMETRY
29	43	253	0.06522605682559789	DESCRIPTIVE_ONLY_OBSERVER_SCALE_GEOMETRY
29	44	253	-0.046029623097453544	DESCRIPTIVE_ONLY_OBSERVER_SCALE_GEOMETRY
29	45	253	0.002358548722975423	DESCRIPTIVE_ONLY_OBSERVER_SCALE_GEOMETRY
29	46	253	0.015538689630865504	DESCRIPTIVE_ONLY_OBSERVER_SCALE_GEOMETRY
29	47	253	-0.05248008211879643	DESCRIPTIVE_ONLY_OBSERVER_SCALE_GEOMETRY
29	48	253	0.06042722964737779	DESCRIPTIVE_ONLY_OBSERVER_SCALE_GEOMETRY
29	49	253	0.00014653522043089938	DESCRIPTIVE_ONLY_OBSERVER_SCALE_GEOMETRY
29	50	253	0.04398771838336435	DESCRIPTIVE_ONLY_OBSERVER_SCALE_GEOMETRY
29	51	253	-0.08740508559162972	DESCRIPTIVE_ONLY_OBSERVER_SCALE_GEOMETRY
29	52	253	-1.2816088087414628	DESCRIPTIVE_ONLY_OBSERVER_SCALE_GEOMETRY
29	53	253	3.0799911586208593	DESCRIPTIVE_ONLY_OBSERVER_SCALE_GEOMETRY
29	54	253	-1.4637304990391944	DESCRIPTIVE_ONLY_OBSERVER_SCALE_GEOMETRY
29	55	252	-0.8731960976831774	DESCRIPTIVE_ONLY_OBSERVER_SCALE_GEOMETRY
29	56	252	0.6165692171730728	DESCRIPTIVE_ONLY_OBSERVER_SCALE_GEOMETRY
29	57	252	0.024418667686208703	DESCRIPTIVE_ONLY_OBSERVER_SCALE_GEOMETRY
29	58	252	-0.08404682952900996	DESCRIPTIVE_ONLY_OBSERVER_SCALE_GEOMETRY
29	59	252	0.10581484830127831	DESCRIPTIVE_ONLY_OBSERVER_SCALE_GEOMETRY
29	60	252	-0.04274920803129868	DESCRIPTIVE_ONLY_OBSERVER_SCALE_GEOMETRY
29	61	252	-0.003275722592309759	DESCRIPTIVE_ONLY_OBSERVER_SCALE_GEOMETRY
29	62	252	0.044872482919658	DESCRIPTIVE_ONLY_OBSERVER_SCALE_GEOMETRY
29	63	252	-0.03249910766418136	DESCRIPTIVE_ONLY_OBSERVER_SCALE_GEOMETRY
29	64	252	0.06189285792788133	DESCRIPTIVE_ONLY_OBSERVER_SCALE_GEOMETRY
29	65	252	-0.05198900868079618	DESCRIPTIVE_ONLY_OBSERVER_SCALE_GEOMETRY
29	66	252	-0.003891386257192725	DESCRIPTIVE_ONLY_OBSERVER_SCALE_GEOMETRY
29	67	252	0.028519922290939966	DESCRIPTIVE_ONLY_OBSERVER_SCALE_GEOMETRY
29	68	252	0.02632257094576176	DESCRIPTIVE_ONLY_OBSERVER_SCALE_GEOMETRY
29	69	252	-0.028478435094166164	DESCRIPTIVE_ONLY_OBSERVER_SCALE_GEOMETRY
29	70	252	0.04325166718685105	DESCRIPTIVE_ONLY_OBSERVER_SCALE_GEOMETRY
29	71	252	-0.021362501306885027	DESCRIPTIVE_ONLY_OBSERVER_SCALE_GEOMETRY
29	72	252	0.06333227601539826	DESCRIPTIVE_ONLY_OBSERVER_SCALE_GEOMETRY
29	73	252	-0.01351555125749428	DESCRIPTIVE_ONLY_OBSERVER_SCALE_GEOMETRY
29	74	252	-0.04578006431775543	DESCRIPTIVE_ONLY_OBSERVER_SCALE_GEOMETRY
29	75	252	0.024234499622186104	DESCRIPTIVE_ONLY_OBSERVER_SCALE_GEOMETRY
29	76	252	0.04551844176490984	DESCRIPTIVE_ONLY_OBSERVER_SCALE_GEOMETRY
29	77	252	-0.11424883404650676	DESCRIPTIVE_ONLY_OBSERVER_SCALE_GEOMETRY
29	78	252	0.11624246178888022	DESCRIPTIVE_ONLY_OBSERVER_SCALE_GEOMETRY
29	79	252	-0.05394896381310929	DESCRIPTIVE_ONLY_OBSERVER_SCALE_GEOMETRY
29	80	252	0.07293377050226359	DESCRIPTIVE_ONLY_OBSERVER_SCALE_GEOMETRY
29	81	252	-0.026581247436848178	DESCRIPTIVE_ONLY_OBSERVER_SCALE_GEOMETRY
29	82	252	-0.06911995680785857	DESCRIPTIVE_ONLY_OBSERVER_SCALE_GEOMETRY
29	83	252	0.08371401079957325	DESCRIPTIVE_ONLY_OBSERVER_SCALE_GEOMETRY
29	84	252	-0.00885724534390227	DESCRIPTIVE_ONLY_OBSERVER_SCALE_GEOMETRY
29	85	252	-0.02571535394716907	DESCRIPTIVE_ONLY_OBSERVER_SCALE_GEOMETRY
29	86	252	0.005271382688927451	DESCRIPTIVE_ONLY_OBSERVER_SCALE_GEOMETRY
29	87	252	0.05670298832859645	DESCRIPTIVE_ONLY_OBSERVER_SCALE_GEOMETRY
29	88	252	-0.02454015869143984	DESCRIPTIVE_ONLY_OBSERVER_SCALE_GEOMETRY
29	89	252	0.007422688412505344	DESCRIPTIVE_ONLY_OBSERVER_SCALE_GEOMETRY
29	90	252	0.024490339316059487	DESCRIPTIVE_ONLY_OBSERVER_SCALE_GEOMETRY
29	91	252	0.009067544950874688	DESCRIPTIVE_ONLY_OBSERVER_SCALE_GEOMETRY
29	92	252	-0.04054621879896942	DESCRIPTIVE_ONLY_OBSERVER_SCALE_GEOMETRY
29	93	252	0.042857519263411935	DESCRIPTIVE_ONLY_OBSERVER_SCALE_GEOMETRY
29	94	252	0.04076328403039323	DESCRIPTIVE_ONLY_OBSERVER_SCALE_GEOMETRY
29	95	252	-0.06449437811475929	DESCRIPTIVE_ONLY_OBSERVER_SCALE_GEOMETRY
29	96	252	0.03324599335385831	DESCRIPTIVE_ONLY_OBSERVER_SCALE_GEOMETRY
29	97	252	-0.029245780101761917	DESCRIPTIVE_ONLY_OBSERVER_SCALE_GEOMETRY
29	98	252	0.04946960811629199	DESCRIPTIVE_ONLY_OBSERVER_SCALE_GEOMETRY
29	99	252	0.06089184908830252	DESCRIPTIVE_ONLY_OBSERVER_SCALE_GEOMETRY
29	100	252	-0.10408209288764622	DESCRIPTIVE_ONLY_OBSERVER_SCALE_GEOMETRY
29	101	251	0.052152260467707594	DESCRIPTIVE_ONLY_OBSERVER_SCALE_GEOMETRY
29	102	251	0.03862652548477816	DESCRIPTIVE_ONLY_OBSERVER_SCALE_GEOMETRY
29	103	251	0.01716933818789192	DESCRIPTIVE_ONLY_OBSERVER_SCALE_GEOMETRY
29	104	251	-0.04616096744060344	DESCRIPTIVE_ONLY_OBSERVER_SCALE_GEOMETRY
29	105	251	0.014084752632069366	DESCRIPTIVE_ONLY_OBSERVER_SCALE_GEOMETRY
29	106	251	0.07451330488649327	DESCRIPTIVE_ONLY_OBSERVER_SCALE_GEOMETRY
29	107	251	-0.0873289610018891	DESCRIPTIVE_ONLY_OBSERVER_SCALE_GEOMETRY
29	108	251	0.03944825918163565	DESCRIPTIVE_ONLY_OBSERVER_SCALE_GEOMETRY
29	109	251	0.0186429944734068	DESCRIPTIVE_ONLY_OBSERVER_SCALE_GEOMETRY
29	110	250	-0.0257472433978103	DESCRIPTIVE_ONLY_OBSERVER_SCALE_GEOMETRY
29	111	250	0.09388871214113267	DESCRIPTIVE_ONLY_OBSERVER_SCALE_GEOMETRY
29	112	250	-0.02483666544592626	DESCRIPTIVE_ONLY_OBSERVER_SCALE_GEOMETRY
29	113	250	-0.020307795972853128	DESCRIPTIVE_ONLY_OBSERVER_SCALE_GEOMETRY
29	114	250	0.026774162226088985	DESCRIPTIVE_ONLY_OBSERVER_SCALE_GEOMETRY
29	115	250	-0.005889271075594927	DESCRIPTIVE_ONLY_OBSERVER_SCALE_GEOMETRY
29	116	250	-0.04048869992536489	DESCRIPTIVE_ONLY_OBSERVER_SCALE_GEOMETRY
29	117	250	0.06614538645881164	DESCRIPTIVE_ONLY_OBSERVER_SCALE_GEOMETRY
29	118	250	0.01598884297519244	DESCRIPTIVE_ONLY_OBSERVER_SCALE_GEOMETRY
29	119	250	-0.06973315384702984	DESCRIPTIVE_ONLY_OBSERVER_SCALE_GEOMETRY
29	120	250	0.04044837023615671	DESCRIPTIVE_ONLY_OBSERVER_SCALE_GEOMETRY
29	121	250	0.07675632781314386	DESCRIPTIVE_ONLY_OBSERVER_SCALE_GEOMETRY
29	122	249	-0.05845835030959783	DESCRIPTIVE_ONLY_OBSERVER_SCALE_GEOMETRY
29	123	249	0.029173779961729387	DESCRIPTIVE_ONLY_OBSERVER_SCALE_GEOMETRY
29	124	249	-0.0011083439042972245	DESCRIPTIVE_ONLY_OBSERVER_SCALE_GEOMETRY
29	125	249	0.07366687699261613	DESCRIPTIVE_ONLY_OBSERVER_SCALE_GEOMETRY
29	126	249	-0.05241920527758899	DESCRIPTIVE_ONLY_OBSERVER_SCALE_GEOMETRY
29	127	249	-0.037475849177500076	DESCRIPTIVE_ONLY_OBSERVER_SCALE_GEOMETRY
29	128	249	0.0551154081226745	DESCRIPTIVE_ONLY_OBSERVER_SCALE_GEOMETRY
29	129	249	-0.014746956967619285	DESCRIPTIVE_ONLY_OBSERVER_SCALE_GEOMETRY
29	130	249	0.016589392833215443	DESCRIPTIVE_ONLY_OBSERVER_SCALE_GEOMETRY
29	131	249	1.1052099451050632	DESCRIPTIVE_ONLY_OBSERVER_SCALE_GEOMETRY
29	132	249	-1.077465193799845	DESCRIPTIVE_ONLY_OBSERVER_SCALE_GEOMETRY
29	133	248	0.018214967792371913	DESCRIPTIVE_ONLY_OBSERVER_SCALE_GEOMETRY
29	134	248	0.015869041616326157	DESCRIPTIVE_ONLY_OBSERVER_SCALE_GEOMETRY
29	135	248	-0.017745670992720144	DESCRIPTIVE_ONLY_OBSERVER_SCALE_GEOMETRY
29	136	248	0.012492649793356406	DESCRIPTIVE_ONLY_OBSERVER_SCALE_GEOMETRY
29	137	248	-0.010812915667125736	DESCRIPTIVE_ONLY_OBSERVER_SCALE_GEOMETRY
29	138	248	0.02241621339337096	DESCRIPTIVE_ONLY_OBSERVER_SCALE_GEOMETRY
29	139	248	0.024197880108465658	DESCRIPTIVE_ONLY_OBSERVER_SCALE_GEOMETRY
29	140	248	0.011401661525073378	DESCRIPTIVE_ONLY_OBSERVER_SCALE_GEOMETRY
29	141	248	-0.020860479440088394	DESCRIPTIVE_ONLY_OBSERVER_SCALE_GEOMETRY
29	142	248	0.017488645392895318	DESCRIPTIVE_ONLY_OBSERVER_SCALE_GEOMETRY
29	143	248	0.00636834169502779	DESCRIPTIVE_ONLY_OBSERVER_SCALE_GEOMETRY
29	144	248	-0.009285961157123135	DESCRIPTIVE_ONLY_OBSERVER_SCALE_GEOMETRY
29	145	248	0.05302520596735285	DESCRIPTIVE_ONLY_OBSERVER_SCALE_GEOMETRY
29	146	248	-0.01926510838058388	DESCRIPTIVE_ONLY_OBSERVER_SCALE_GEOMETRY
29	147	248	0.04091262788647124	DESCRIPTIVE_ONLY_OBSERVER_SCALE_GEOMETRY
29	148	248	-0.05253680086935129	DESCRIPTIVE_ONLY_OBSERVER_SCALE_GEOMETRY
29	149	248	0.028535403818962267	DESCRIPTIVE_ONLY_OBSERVER_SCALE_GEOMETRY
29	150	248	0.012187408810107905	DESCRIPTIVE_ONLY_OBSERVER_SCALE_GEOMETRY
29	151	248	0.043028341473447904	DESCRIPTIVE_ONLY_OBSERVER_SCALE_GEOMETRY
29	152	248	-0.03375936674942436	DESCRIPTIVE_ONLY_OBSERVER_SCALE_GEOMETRY
29	153	248	-0.0023603333979753493	DESCRIPTIVE_ONLY_OBSERVER_SCALE_GEOMETRY
29	154	248	0.0599612486926386	DESCRIPTIVE_ONLY_OBSERVER_SCALE_GEOMETRY
29	155	248	-0.013815363778680114	DESCRIPTIVE_ONLY_OBSERVER_SCALE_GEOMETRY
29	156	248	-0.06942582263894793	DESCRIPTIVE_ONLY_OBSERVER_SCALE_GEOMETRY
29	157	248	0.08481933087848999	DESCRIPTIVE_ONLY_OBSERVER_SCALE_GEOMETRY
29	158	248	0.022792089656514615	DESCRIPTIVE_ONLY_OBSERVER_SCALE_GEOMETRY
29	159	248	-0.0348554753779277	DESCRIPTIVE_ONLY_OBSERVER_SCALE_GEOMETRY
29	160	248	0.04561601906930129	DESCRIPTIVE_ONLY_OBSERVER_SCALE_GEOMETRY
29	161	248	-0.024486422467764616	DESCRIPTIVE_ONLY_OBSERVER_SCALE_GEOMETRY
29	162	248	0.042822374536274785	DESCRIPTIVE_ONLY_OBSERVER_SCALE_GEOMETRY
29	163	248	-0.021213100246761585	DESCRIPTIVE_ONLY_OBSERVER_SCALE_GEOMETRY
29	164	248	-0.03314324148856961	DESCRIPTIVE_ONLY_OBSERVER_SCALE_GEOMETRY
29	165	248	0.04788364161960763	DESCRIPTIVE_ONLY_OBSERVER_SCALE_GEOMETRY
29	166	248	0.01172067490957241	DESCRIPTIVE_ONLY_OBSERVER_SCALE_GEOMETRY
29	167	248	0.01918616093160962	DESCRIPTIVE_ONLY_OBSERVER_SCALE_GEOMETRY
29	168	248	-0.0025292262199657863	DESCRIPTIVE_ONLY_OBSERVER_SCALE_GEOMETRY
29	169	248	0.016913202463096487	DESCRIPTIVE_ONLY_OBSERVER_SCALE_GEOMETRY
29	170	248	-0.02518272884143892	DESCRIPTIVE_ONLY_OBSERVER_SCALE_GEOMETRY
29	171	248	0.05272072753503109	DESCRIPTIVE_ONLY_OBSERVER_SCALE_GEOMETRY
29	172	247	1.3104518680963004	DESCRIPTIVE_ONLY_OBSERVER_SCALE_GEOMETRY
29	173	247	-5.348062684709264	DESCRIPTIVE_ONLY_OBSERVER_SCALE_GEOMETRY
29	174	247	4.38943754277742	DESCRIPTIVE_ONLY_OBSERVER_SCALE_GEOMETRY
29	175	247	-0.2703125991705946	DESCRIPTIVE_ONLY_OBSERVER_SCALE_GEOMETRY
29	176	247	-0.18338231314792788	DESCRIPTIVE_ONLY_OBSERVER_SCALE_GEOMETRY
29	177	247	0.06274362941959112	DESCRIPTIVE_ONLY_OBSERVER_SCALE_GEOMETRY
29	178	247	-0.08552456601098299	DESCRIPTIVE_ONLY_OBSERVER_SCALE_GEOMETRY
29	179	247	0.2429301849355363	DESCRIPTIVE_ONLY_OBSERVER_SCALE_GEOMETRY
29	180	247	0.13797542794620715	DESCRIPTIVE_ONLY_OBSERVER_SCALE_GEOMETRY
29	181	247	-0.3910040223379151	DESCRIPTIVE_ONLY_OBSERVER_SCALE_GEOMETRY
29	182	247	0.21894120465446337	DESCRIPTIVE_ONLY_OBSERVER_SCALE_GEOMETRY
29	183	247	-0.01060050769096953	DESCRIPTIVE_ONLY_OBSERVER_SCALE_GEOMETRY
29	184	247	0.015537425992507034	DESCRIPTIVE_ONLY_OBSERVER_SCALE_GEOMETRY
29	185	247	0.025533093688221275	DESCRIPTIVE_ONLY_OBSERVER_SCALE_GEOMETRY
29	186	246	0.018678870848723307	DESCRIPTIVE_ONLY_OBSERVER_SCALE_GEOMETRY
29	187	246	0.0015064235716105367	DESCRIPTIVE_ONLY_OBSERVER_SCALE_GEOMETRY
29	188	246	-0.015466311081326465	DESCRIPTIVE_ONLY_OBSERVER_SCALE_GEOMETRY
29	189	246	0.002100646652865345	DESCRIPTIVE_ONLY_OBSERVER_SCALE_GEOMETRY
29	190	246	-0.017112570544953257	DESCRIPTIVE_ONLY_OBSERVER_SCALE_GEOMETRY
29	191	246	-0.01106548291653563	DESCRIPTIVE_ONLY_OBSERVER_SCALE_GEOMETRY
29	192	246	0.19373025066982108	DESCRIPTIVE_ONLY_OBSERVER_SCALE_GEOMETRY
29	193	246	-0.11712019523910691	DESCRIPTIVE_ONLY_OBSERVER_SCALE_GEOMETRY
29	194	246	0.0644511177365128	DESCRIPTIVE_ONLY_OBSERVER_SCALE_GEOMETRY
29	195	246	-0.04544056523321627	DESCRIPTIVE_ONLY_OBSERVER_SCALE_GEOMETRY
29	196	246	-0.026672206354814793	DESCRIPTIVE_ONLY_OBSERVER_SCALE_GEOMETRY
29	197	246	0.09990617725794257	DESCRIPTIVE_ONLY_OBSERVER_SCALE_GEOMETRY
29	198	246	-0.08366363936182428	DESCRIPTIVE_ONLY_OBSERVER_SCALE_GEOMETRY
29	199	246	0.10931812354696868	DESCRIPTIVE_ONLY_OBSERVER_SCALE_GEOMETRY
29	200	246	-0.09150341864281737	DESCRIPTIVE_ONLY_OBSERVER_SCALE_GEOMETRY
29	201	246	0.03699773438851279	DESCRIPTIVE_ONLY_OBSERVER_SCALE_GEOMETRY
29	202	246	0.08477625936855945	DESCRIPTIVE_ONLY_OBSERVER_SCALE_GEOMETRY
29	203	246	-0.08564025523272295	DESCRIPTIVE_ONLY_OBSERVER_SCALE_GEOMETRY
29	204	246	0.070638906432451	DESCRIPTIVE_ONLY_OBSERVER_SCALE_GEOMETRY
29	205	246	-0.01746992239933203	DESCRIPTIVE_ONLY_OBSERVER_SCALE_GEOMETRY
29	206	246	-0.007888525432996929	DESCRIPTIVE_ONLY_OBSERVER_SCALE_GEOMETRY
29	207	246	0.14498106720634305	DESCRIPTIVE_ONLY_OBSERVER_SCALE_GEOMETRY
29	208	246	-0.13389386481799878	DESCRIPTIVE_ONLY_OBSERVER_SCALE_GEOMETRY
29	209	246	-0.03313516723042629	DESCRIPTIVE_ONLY_OBSERVER_SCALE_GEOMETRY
29	210	246	0.1139314264705228	DESCRIPTIVE_ONLY_OBSERVER_SCALE_GEOMETRY
29	211	246	0.051599103523153965	DESCRIPTIVE_ONLY_OBSERVER_SCALE_GEOMETRY
29	212	246	-0.12413887392387624	DESCRIPTIVE_ONLY_OBSERVER_SCALE_GEOMETRY
29	213	246	0.06159306580107826	DESCRIPTIVE_ONLY_OBSERVER_SCALE_GEOMETRY
29	214	246	0.034857353068129336	DESCRIPTIVE_ONLY_OBSERVER_SCALE_GEOMETRY
29	215	246	0.01496535397635492	DESCRIPTIVE_ONLY_OBSERVER_SCALE_GEOMETRY
29	216	246	-0.022690741358601735	DESCRIPTIVE_ONLY_OBSERVER_SCALE_GEOMETRY
29	217	246	0.08836212446339828	DESCRIPTIVE_ONLY_OBSERVER_SCALE_GEOMETRY
29	218	246	0.003937583219039356	DESCRIPTIVE_ONLY_OBSERVER_SCALE_GEOMETRY
29	219	246	-0.05586344743484452	DESCRIPTIVE_ONLY_OBSERVER_SCALE_GEOMETRY
29	220	246	-0.04223261549418624	DESCRIPTIVE_ONLY_OBSERVER_SCALE_GEOMETRY
29	221	246	0.13776813325738038	DESCRIPTIVE_ONLY_OBSERVER_SCALE_GEOMETRY
29	222	246	-0.060062364576938504	DESCRIPTIVE_ONLY_OBSERVER_SCALE_GEOMETRY
29	223	246	-0.03345215108965743	DESCRIPTIVE_ONLY_OBSERVER_SCALE_GEOMETRY
29	224	246	0.13907181205604682	DESCRIPTIVE_ONLY_OBSERVER_SCALE_GEOMETRY
29	225	246	-0.09397981746916187	DESCRIPTIVE_ONLY_OBSERVER_SCALE_GEOMETRY
29	226	246	0.05977721494468451	DESCRIPTIVE_ONLY_OBSERVER_SCALE_GEOMETRY
29	227	246	0.006696391558725605	DESCRIPTIVE_ONLY_OBSERVER_SCALE_GEOMETRY
29	228	246	0.0365876283941933	DESCRIPTIVE_ONLY_OBSERVER_SCALE_GEOMETRY
29	229	246	-0.05195533907683256	DESCRIPTIVE_ONLY_OBSERVER_SCALE_GEOMETRY
29	230	246	0.0539860669689321	DESCRIPTIVE_ONLY_OBSERVER_SCALE_GEOMETRY
29	231	246	-0.06267331904100244	DESCRIPTIVE_ONLY_OBSERVER_SCALE_GEOMETRY
29	232	246	0.14508923473755522	DESCRIPTIVE_ONLY_OBSERVER_SCALE_GEOMETRY
29	233	246	-0.10378170355537575	DESCRIPTIVE_ONLY_OBSERVER_SCALE_GEOMETRY
29	234	246	0.0328898503603515	DESCRIPTIVE_ONLY_OBSERVER_SCALE_GEOMETRY
29	235	246	-0.01314412102668338	DESCRIPTIVE_ONLY_OBSERVER_SCALE_GEOMETRY
29	236	246	0.022186765980379546	DESCRIPTIVE_ONLY_OBSERVER_SCALE_GEOMETRY
29	237	245	0.05645101776227764	DESCRIPTIVE_ONLY_OBSERVER_SCALE_GEOMETRY
29	238	245	-0.02239983438396998	DESCRIPTIVE_ONLY_OBSERVER_SCALE_GEOMETRY
29	239	245	0.02973755045857222	DESCRIPTIVE_ONLY_OBSERVER_SCALE_GEOMETRY
29	240	245	-0.04322743764281565	DESCRIPTIVE_ONLY_OBSERVER_SCALE_GEOMETRY
29	241	245	0.07659659955267249	DESCRIPTIVE_ONLY_OBSERVER_SCALE_GEOMETRY
29	242	245	-0.055502015272178705	DESCRIPTIVE_ONLY_OBSERVER_SCALE_GEOMETRY
29	243	245	0.09458544324730259	DESCRIPTIVE_ONLY_OBSERVER_SCALE_GEOMETRY
29	244	245	-0.07620972528197097	DESCRIPTIVE_ONLY_OBSERVER_SCALE_GEOMETRY
29	245	245	0.05200091076713713	DESCRIPTIVE_ONLY_OBSERVER_SCALE_GEOMETRY
29	246	245	0.01465697615728645	DESCRIPTIVE_ONLY_OBSERVER_SCALE_GEOMETRY
29	247	245	-0.0569429240074263	DESCRIPTIVE_ONLY_OBSERVER_SCALE_GEOMETRY
29	248	245	0.12521603553448468	DESCRIPTIVE_ONLY_OBSERVER_SCALE_GEOMETRY
29	249	244	-0.11168466318238006	DESCRIPTIVE_ONLY_OBSERVER_SCALE_GEOMETRY
29	250	244	0.12377285901574865	DESCRIPTIVE_ONLY_OBSERVER_SCALE_GEOMETRY
29	251	243	0.492949268971683	DESCRIPTIVE_ONLY_OBSERVER_SCALE_GEOMETRY
29	252	243	-0.41280350582809155	DESCRIPTIVE_ONLY_OBSERVER_SCALE_GEOMETRY
29	253	242	-0.1352052946607877	DESCRIPTIVE_ONLY_OBSERVER_SCALE_GEOMETRY
29	254	242	0.11762219053232223	DESCRIPTIVE_ONLY_OBSERVER_SCALE_GEOMETRY
29	255	242	-0.17316771634339606	DESCRIPTIVE_ONLY_OBSERVER_SCALE_GEOMETRY
29	256	242	0.19330515410256363	DESCRIPTIVE_ONLY_OBSERVER_SCALE_GEOMETRY
29	257	242	-0.10277997280518045	DESCRIPTIVE_ONLY_OBSERVER_SCALE_GEOMETRY
29	258	242	0.08847241714380666	DESCRIPTIVE_ONLY_OBSERVER_SCALE_GEOMETRY
29	259	242	-0.05698691675837652	DESCRIPTIVE_ONLY_OBSERVER_SCALE_GEOMETRY
29	260	242	0.03926283113098434	DESCRIPTIVE_ONLY_OBSERVER_SCALE_GEOMETRY
29	261	242	0.03236145887645245	DESCRIPTIVE_ONLY_OBSERVER_SCALE_GEOMETRY
29	262	242	0.05313682436251682	DESCRIPTIVE_ONLY_OBSERVER_SCALE_GEOMETRY
29	263	242	-0.06321280681978937	DESCRIPTIVE_ONLY_OBSERVER_SCALE_GEOMETRY
29	264	242	0.036367919496568576	DESCRIPTIVE_ONLY_OBSERVER_SCALE_GEOMETRY
29	265	242	-0.0318175153558138	DESCRIPTIVE_ONLY_OBSERVER_SCALE_GEOMETRY
29	266	242	0.05339715300215796	DESCRIPTIVE_ONLY_OBSERVER_SCALE_GEOMETRY
29	267	242	0.006278242322348343	DESCRIPTIVE_ONLY_OBSERVER_SCALE_GEOMETRY
29	268	242	0.03088336414245818	DESCRIPTIVE_ONLY_OBSERVER_SCALE_GEOMETRY
29	269	242	-0.07096483170478268	DESCRIPTIVE_ONLY_OBSERVER_SCALE_GEOMETRY
29	270	242	0.08506522887530044	DESCRIPTIVE_ONLY_OBSERVER_SCALE_GEOMETRY
29	271	242	0.09553403017894022	DESCRIPTIVE_ONLY_OBSERVER_SCALE_GEOMETRY
29	272	242	-0.15172223599764212	DESCRIPTIVE_ONLY_OBSERVER_SCALE_GEOMETRY
29	273	242	0.10842245191980361	DESCRIPTIVE_ONLY_OBSERVER_SCALE_GEOMETRY
29	274	242	-0.012506784218332699	DESCRIPTIVE_ONLY_OBSERVER_SCALE_GEOMETRY
29	275	242	-0.026469597704656983	DESCRIPTIVE_ONLY_OBSERVER_SCALE_GEOMETRY
29	276	242	-0.014501171898485425	DESCRIPTIVE_ONLY_OBSERVER_SCALE_GEOMETRY
29	277	242	0.12969188033513737	DESCRIPTIVE_ONLY_OBSERVER_SCALE_GEOMETRY
29	278	242	-0.04151135954199315	DESCRIPTIVE_ONLY_OBSERVER_SCALE_GEOMETRY
29	279	242	-0.001891895108225128	DESCRIPTIVE_ONLY_OBSERVER_SCALE_GEOMETRY
29	280	242	0.006664929605925651	DESCRIPTIVE_ONLY_OBSERVER_SCALE_GEOMETRY
29	281	242	0.08228489693567649	DESCRIPTIVE_ONLY_OBSERVER_SCALE_GEOMETRY
29	282	241	-0.14048547462636676	DESCRIPTIVE_ONLY_OBSERVER_SCALE_GEOMETRY
29	283	241	0.17638057427618214	DESCRIPTIVE_ONLY_OBSERVER_SCALE_GEOMETRY
29	284	241	-0.10451524431258367	DESCRIPTIVE_ONLY_OBSERVER_SCALE_GEOMETRY
29	285	241	0.023244708333589614	DESCRIPTIVE_ONLY_OBSERVER_SCALE_GEOMETRY
29	286	241	0.020109298951808397	DESCRIPTIVE_ONLY_OBSERVER_SCALE_GEOMETRY
29	287	241	0.015621512903063864	DESCRIPTIVE_ONLY_OBSERVER_SCALE_GEOMETRY
29	288	241	0.039016794566248035	DESCRIPTIVE_ONLY_OBSERVER_SCALE_GEOMETRY
29	289	241	0.0020568380084729117	DESCRIPTIVE_ONLY_OBSERVER_SCALE_GEOMETRY
29	290	241	0.004455720690419096	DESCRIPTIVE_ONLY_OBSERVER_SCALE_GEOMETRY
29	291	240	-0.07308990613079572	DESCRIPTIVE_ONLY_OBSERVER_SCALE_GEOMETRY
29	292	240	2.3816110288425554	DESCRIPTIVE_ONLY_OBSERVER_SCALE_GEOMETRY
29	293	240	-11.250230488365116	DESCRIPTIVE_ONLY_OBSERVER_SCALE_GEOMETRY
29	294	240	8.957829664293394	DESCRIPTIVE_ONLY_OBSERVER_SCALE_GEOMETRY
29	295	240	0.03578249733885431	DESCRIPTIVE_ONLY_OBSERVER_SCALE_GEOMETRY
29	296	239	0.022309985910394646	DESCRIPTIVE_ONLY_OBSERVER_SCALE_GEOMETRY
29	297	239	-0.00636727462595327	DESCRIPTIVE_ONLY_OBSERVER_SCALE_GEOMETRY
29	298	239	-0.006394203871631369	DESCRIPTIVE_ONLY_OBSERVER_SCALE_GEOMETRY
29	299	239	-0.010875415514109869	DESCRIPTIVE_ONLY_OBSERVER_SCALE_GEOMETRY
29	300	239	0.07031638081747393	DESCRIPTIVE_ONLY_OBSERVER_SCALE_GEOMETRY
29	301	239	-0.048383403324652734	DESCRIPTIVE_ONLY_OBSERVER_SCALE_GEOMETRY
29	302	239	0.06300783178480027	DESCRIPTIVE_ONLY_OBSERVER_SCALE_GEOMETRY
29	303	239	-0.00811159670846189	DESCRIPTIVE_ONLY_OBSERVER_SCALE_GEOMETRY
29	304	239	-0.004626339491313691	DESCRIPTIVE_ONLY_OBSERVER_SCALE_GEOMETRY
29	305	239	0.04852070024868695	DESCRIPTIVE_ONLY_OBSERVER_SCALE_GEOMETRY
29	306	239	0.013127536416198524	DESCRIPTIVE_ONLY_OBSERVER_SCALE_GEOMETRY
29	307	239	-0.03205557594408128	DESCRIPTIVE_ONLY_OBSERVER_SCALE_GEOMETRY
29	308	239	0.0547290824349962	DESCRIPTIVE_ONLY_OBSERVER_SCALE_GEOMETRY
29	309	239	-0.05065633375473427	DESCRIPTIVE_ONLY_OBSERVER_SCALE_GEOMETRY
29	310	238	0.07412531236853509	DESCRIPTIVE_ONLY_OBSERVER_SCALE_GEOMETRY
29	311	237	0.8200274499657486	DESCRIPTIVE_ONLY_OBSERVER_SCALE_GEOMETRY
29	312	237	-0.7939355320059708	DESCRIPTIVE_ONLY_OBSERVER_SCALE_GEOMETRY
29	313	237	-0.024562651538391413	DESCRIPTIVE_ONLY_OBSERVER_SCALE_GEOMETRY
29	314	237	-0.013688639349942843	DESCRIPTIVE_ONLY_OBSERVER_SCALE_GEOMETRY
29	315	237	0.11790901765554757	DESCRIPTIVE_ONLY_OBSERVER_SCALE_GEOMETRY
29	316	237	-0.037794935176658676	DESCRIPTIVE_ONLY_OBSERVER_SCALE_GEOMETRY
29	317	237	-0.05104686816315601	DESCRIPTIVE_ONLY_OBSERVER_SCALE_GEOMETRY
29	318	237	0.058646337447394795	DESCRIPTIVE_ONLY_OBSERVER_SCALE_GEOMETRY
29	319	237	0.054060259898858196	DESCRIPTIVE_ONLY_OBSERVER_SCALE_GEOMETRY
29	320	237	-0.07185145181459517	DESCRIPTIVE_ONLY_OBSERVER_SCALE_GEOMETRY
29	321	237	0.10397601726038194	DESCRIPTIVE_ONLY_OBSERVER_SCALE_GEOMETRY
29	322	237	-0.08345049822303748	DESCRIPTIVE_ONLY_OBSERVER_SCALE_GEOMETRY
29	323	237	0.13310963729253578	DESCRIPTIVE_ONLY_OBSERVER_SCALE_GEOMETRY
29	324	237	-0.08298509811892182	DESCRIPTIVE_ONLY_OBSERVER_SCALE_GEOMETRY
29	325	237	0.042044877149840704	DESCRIPTIVE_ONLY_OBSERVER_SCALE_GEOMETRY
29	326	237	-0.01895261658689024	DESCRIPTIVE_ONLY_OBSERVER_SCALE_GEOMETRY
29	327	237	0.06800746518574609	DESCRIPTIVE_ONLY_OBSERVER_SCALE_GEOMETRY
29	328	237	0.021050618867883213	DESCRIPTIVE_ONLY_OBSERVER_SCALE_GEOMETRY
29	329	237	-0.06545261785507386	DESCRIPTIVE_ONLY_OBSERVER_SCALE_GEOMETRY
29	330	237	0.06135879469767071	DESCRIPTIVE_ONLY_OBSERVER_SCALE_GEOMETRY
29	331	237	-0.02078790207354385	DESCRIPTIVE_ONLY_OBSERVER_SCALE_GEOMETRY
29	332	237	0.07330497727474695	DESCRIPTIVE_ONLY_OBSERVER_SCALE_GEOMETRY
29	333	237	0.012689892268056181	DESCRIPTIVE_ONLY_OBSERVER_SCALE_GEOMETRY
29	334	236	-0.052693275871533954	DESCRIPTIVE_ONLY_OBSERVER_SCALE_GEOMETRY
29	335	236	0.003937494631727496	DESCRIPTIVE_ONLY_OBSERVER_SCALE_GEOMETRY
29	336	236	0.05783679407973536	DESCRIPTIVE_ONLY_OBSERVER_SCALE_GEOMETRY
29	337	236	-0.03022473369645548	DESCRIPTIVE_ONLY_OBSERVER_SCALE_GEOMETRY
29	338	236	0.08790720243321389	DESCRIPTIVE_ONLY_OBSERVER_SCALE_GEOMETRY
29	339	236	-0.04676214484183653	DESCRIPTIVE_ONLY_OBSERVER_SCALE_GEOMETRY
29	340	236	0.009344847882518926	DESCRIPTIVE_ONLY_OBSERVER_SCALE_GEOMETRY
29	341	236	0.0988945655381483	DESCRIPTIVE_ONLY_OBSERVER_SCALE_GEOMETRY
29	342	236	-0.04729287271659785	DESCRIPTIVE_ONLY_OBSERVER_SCALE_GEOMETRY
29	343	236	-0.047722581958310036	DESCRIPTIVE_ONLY_OBSERVER_SCALE_GEOMETRY
29	344	235	0.14003254100447135	DESCRIPTIVE_ONLY_OBSERVER_SCALE_GEOMETRY
29	345	235	-0.07116570016760983	DESCRIPTIVE_ONLY_OBSERVER_SCALE_GEOMETRY
29	346	235	0.0484748464889773	DESCRIPTIVE_ONLY_OBSERVER_SCALE_GEOMETRY
29	347	235	-0.05082946634559154	DESCRIPTIVE_ONLY_OBSERVER_SCALE_GEOMETRY
29	348	235	0.11328016122621373	DESCRIPTIVE_ONLY_OBSERVER_SCALE_GEOMETRY
29	349	235	-0.05042897649823859	DESCRIPTIVE_ONLY_OBSERVER_SCALE_GEOMETRY
29	350	235	-0.005051881745457959	DESCRIPTIVE_ONLY_OBSERVER_SCALE_GEOMETRY
29	351	235	0.04736252984276805	DESCRIPTIVE_ONLY_OBSERVER_SCALE_GEOMETRY
29	352	235	0.03457744036655064	DESCRIPTIVE_ONLY_OBSERVER_SCALE_GEOMETRY
29	353	235	-0.021367890287512722	DESCRIPTIVE_ONLY_OBSERVER_SCALE_GEOMETRY
29	354	235	0.02726268142545559	DESCRIPTIVE_ONLY_OBSERVER_SCALE_GEOMETRY
29	355	235	-0.04139518054146934	DESCRIPTIVE_ONLY_OBSERVER_SCALE_GEOMETRY
29	356	235	0.13781729754099206	DESCRIPTIVE_ONLY_OBSERVER_SCALE_GEOMETRY
29	357	235	-0.18269865774436725	DESCRIPTIVE_ONLY_OBSERVER_SCALE_GEOMETRY
29	358	235	0.15508217072005098	DESCRIPTIVE_ONLY_OBSERVER_SCALE_GEOMETRY
29	359	235	-0.028492318276171	DESCRIPTIVE_ONLY_OBSERVER_SCALE_GEOMETRY
29	360	235	0.0005293820554665559	DESCRIPTIVE_ONLY_OBSERVER_SCALE_GEOMETRY
