run_key,first_snapshot,first_generation,first_market_time,first_atr,node_id,first_evidence_id,first_revision,first_lower,first_price,first_upper,first_member_count,first_family_count,first_family_mask,first_market_epoch,last_snapshot,last_generation,last_market_time,last_atr,last_evidence_id,last_revision,last_lower,last_price,last_upper,last_member_count,last_family_count,last_family_mask,last_market_epoch
RG2_DE40_PERIOD_M5_1765756800_1766181300_3308521111094945957,5244092162775039521,1009,2025.12.17 01:15:03,18.95,10023459711844103717,14111967896228566609,1,24111.7,24112.68,24113.67,2,2,192,1765934103,7159882828331759480,1017,2025.12.17 01:29:22,18.88,14111967896228566609,11,24113.67,24114.57,24115.48,2,2,192,1765934962
RG2_DE40_PERIOD_M5_1765756800_1766181300_3308521111094945957,15538120588889064974,1319,2025.12.17 11:00:00,13.44,10100616406235310460,4636366089778335847,1,24127.03,24133.18,24139.1,3,3,134,1765969200,15538120588889064974,1319,2025.12.17 11:00:00,13.44,4636366089778335847,1,24127.03,24133.18,24139.1,3,3,134,1765969200
RG2_DE40_PERIOD_M5_1765756800_1766181300_3308521111094945957,7618975184439579143,859,2025.12.16 17:25:13,19.08,10255902071087029295,18340817426075924278,1,23826.53,23973.0,24082.0,29,6,978,1765905913,15540119752306609048,864,2025.12.16 17:25:15,19.08,18340817426075924278,6,23826.53,23972.95,24082.0,29,6,978,1765905915
RG2_DE40_PERIOD_M5_1765756800_1766181300_3308521111094945957,1303463318445398055,712,2025.12.16 03:40:00,15.25,10456546432605259808,13599481055551574421,1,24166.2,24167.1,24168.0,2,2,272,1765856400,6691901255224414083,731,2025.12.16 03:49:38,15.08,13599481055551574421,21,24166.2,24167.1,24168.0,2,2,272,1765856978
RG2_DE40_PERIOD_M5_1765756800_1766181300_3308521111094945957,717566480203821795,160,2025.12.15 17:00:00,15.72,10755234556691633514,16904442251508236420,1,24050.8,24050.89,24050.98,2,2,132,1765818000,6394307389597995756,335,2025.12.15 17:25:40,16.32,16904442251508236420,181,24050.8,24050.89,24050.98,2,2,132,1765819540
RG2_DE40_PERIOD_M5_1765756800_1766181300_3308521111094945957,9778463445646443721,666,2025.12.16 03:38:40,14.89,11572101355431265139,4914701257699102447,1,24118.77,24119.44,24120.11,2,2,192,1765856320,3723457637080170260,671,2025.12.16 03:38:44,14.89,4914701257699102447,6,24117.26,24118.01,24118.77,2,2,192,1765856324
RG2_DE40_PERIOD_M5_1765756800_1766181300_3308521111094945957,18067083696210754037,3467,2025.12.19 19:10:00,17.88,11666047046411830196,10696268982695658025,1,23969.27,24002.59,24034.55,8,4,912,1766171400,16669524733806942274,3529,2025.12.19 21:00:00,15.64,10696268982695658025,83,23969.27,24002.59,24034.55,8,4,912,1766178000
RG2_DE40_PERIOD_M5_1765756800_1766181300_3308521111094945957,1562176504073766710,732,2025.12.16 04:00:00,14.9,11867556579514310624,951623611205211328,1,24037.4,24059.22,24082.0,6,4,898,1765857600,16363292742033800696,733,2025.12.16 04:01:11,14.9,951623611205211328,2,24037.4,24059.22,24082.0,6,4,898,1765857671
RG2_DE40_PERIOD_M5_1765756800_1766181300_3308521111094945957,1647693589699898920,1,2025.12.15 01:05:00,17.8,11997994907573390322,11904443213370269456,1,24037.4,24042.63,24047.9,2,2,130,1765760700,7207726855257735411,374,2025.12.15 22:00:00,16.44,11904443213370269456,596,24037.4,24042.63,24047.9,2,2,130,1765836000
RG2_DE40_PERIOD_M5_1765756800_1766181300_3308521111094945957,895232214634994138,156,2025.12.15 13:00:00,12.71,12112057039087068339,16628933830653648507,1,24304.0,24304.5,24305.0,2,1,16,1765803600,895232214634994138,156,2025.12.15 13:00:00,12.71,16628933830653648507,1,24304.0,24304.5,24305.0,2,1,16,1765803600
RG2_DE40_PERIOD_M5_1765756800_1766181300_3308521111094945957,17850685259935887439,980,2025.12.16 22:00:00,19.24,12398471601074372793,6315990450274227044,1,24118.77,24119.29,24119.82,2,2,132,1765922400,17850685259935887439,980,2025.12.16 22:00:00,19.24,6315990450274227044,1,24118.77,24119.29,24119.82,2,2,132,1765922400
RG2_DE40_PERIOD_M5_1765756800_1766181300_3308521111094945957,5702717079772176765,1929,2025.12.18 01:02:00,19.82,12663810780646553804,12480253314364653072,1,23826.53,23901.18,23961.5,13,5,968,1766019720,17678975562247609790,2822,2025.12.18 22:00:00,20.12,13023383924846670029,1115,23826.53,23896.85,23961.5,15,7,986,1766095200
RG2_DE40_PERIOD_M5_1765756800_1766181300_3308521111094945957,9625565009089376439,1024,2025.12.17 01:30:03,18.89,12670538447289477799,10670631610485027026,1,24119.72,24120.72,24121.71,2,2,68,1765935003,6576869115893545075,1039,2025.12.17 01:33:30,18.89,10670631610485027026,16,24121.71,24122.74,24123.77,2,2,68,1765935210
RG2_DE40_PERIOD_M5_1765756800_1766181300_3308521111094945957,15695378741401190241,972,2025.12.16 20:00:00,18.67,12878195158726515131,2501216407554867324,1,24154.2,24154.6,24155.0,2,2,272,1765915200,17850685259935887439,980,2025.12.16 22:00:00,19.24,2501216407554867324,29,24153.0,24153.6,24154.2,2,2,272,1765922400
RG2_DE40_PERIOD_M5_1765756800_1766181300_3308521111094945957,813545856288487790,981,2025.12.17 01:02:00,18.89,1325639207331603289,13282391379689624003,1,24225.23,24225.78,24226.33,2,1,128,1765933320,8611070699809980211,1928,2025.12.17 22:58:15,19.67,13282391379689624003,1186,24225.23,24225.78,24226.33,2,1,128,1766012295
RG2_DE40_PERIOD_M5_1765756800_1766181300_3308521111094945957,18024123705802251809,762,2025.12.16 16:00:00,17.36,13528294362514215339,11119177810238877636,1,24098.42,24099.13,24099.83,2,2,132,1765900800,8721374322963367876,970,2025.12.16 18:00:00,19.94,13179803598930353524,230,24099.83,24100.57,24101.3,2,2,132,1765908000
RG2_DE40_PERIOD_M5_1765756800_1766181300_3308521111094945957,6741483275184960407,1060,2025.12.17 02:00:00,18.74,13685176064346045027,17333215412377001826,1,24113.67,24113.83,24114.0,2,2,144,1765936800,13265036741293877233,1185,2025.12.17 02:33:21,18.63,17333215412377001826,132,24113.67,24113.83,24114.0,2,2,144,1765938801
RG2_DE40_PERIOD_M5_1765756800_1766181300_3308521111094945957,8329747959738687367,2486,2025.12.18 16:45:00,18.13,1371035410563962831,7169435365694336218,1,23969.27,24030.32,24082.0,13,5,914,1766076300,8329747959738687367,2486,2025.12.18 16:45:00,18.13,7169435365694336218,1,23969.27,24030.32,24082.0,13,5,914,1766076300
RG2_DE40_PERIOD_M5_1765756800_1766181300_3308521111094945957,1647693589699898920,1,2025.12.15 01:05:00,17.8,13829496660378265563,7888380898238987382,1,24324.85,24354.19,24369.0,7,5,914,1765760700,17850685259935887439,980,2025.12.16 22:00:00,19.24,168410200243086322,1439,24320.5,24354.34,24405.23,13,5,976,1765922400
RG2_DE40_PERIOD_M5_1765756800_1766181300_3308521111094945957,9154111487585477469,3239,2025.12.19 11:35:00,13.99,14025347342763760006,11718807392516169404,1,24112.0,24112.83,24113.67,2,2,144,1766144100,16669524733806942274,3529,2025.12.19 21:00:00,15.64,11718807392516169404,392,24113.0,24113.33,24113.67,2,2,144,1766178000
RG2_DE40_PERIOD_M5_1765756800_1766181300_3308521111094945957,6276528511582652820,2487,2025.12.18 17:00:00,18.46,14027090438620034096,14651068613808988675,1,24045.23,24065.72,24082.0,5,4,912,1766077200,7489417485938718344,3272,2025.12.19 15:00:00,17.71,13079868184472927237,994,24036.72,24061.68,24082.0,6,4,898,1766156400
RG2_DE40_PERIOD_M5_1765756800_1766181300_3308521111094945957,12737681871749445727,2977,2025.12.19 02:35:59,17.88,14093525272485503910,7953569704765492463,1,24118.77,24119.58,24120.4,2,2,192,1766111759,9274672893136959799,2988,2025.12.19 03:01:00,17.37,14995485646953586575,15,24112.4,24113.03,24113.67,2,2,192,1766113260
RG2_DE40_PERIOD_M5_1765756800_1766181300_3308521111094945957,1265224999257588621,1580,2025.12.17 18:00:00,20.03,14345052701061380962,6737099035994531466,1,24099.83,24100.42,24101.0,2,2,144,1765994400,16669524733806942274,3529,2025.12.19 21:00:00,15.64,7497369414263940746,2448,24099.83,24100.42,24101.0,2,2,144,1766178000
RG2_DE40_PERIOD_M5_1765756800_1766181300_3308521111094945957,5702717079772176765,1929,2025.12.18 01:02:00,19.82,14426554569891633097,6383976816521736508,1,24188.0,24256.44,24331.7,16,5,962,1766019720,13253207293770282308,3266,2025.12.19 11:47:14,14.07,4412010266436860977,1684,24194.75,24270.08,24331.7,15,5,976,1766144834
RG2_DE40_PERIOD_M5_1765756800_1766181300_3308521111094945957,6801783791723675595,133,2025.12.15 06:11:00,10.36,14522099418776504758,6832384099881391729,1,24511.85,24586.64,24650.73,6,3,896,1765779060,2019862803071876151,152,2025.12.15 10:30:00,9.95,6832384099881391729,64,24511.85,24586.64,24650.73,6,3,896,1765794600
RG2_DE40_PERIOD_M5_1765756800_1766181300_3308521111094945957,16618365420919302321,3192,2025.12.19 11:20:00,13.89,14886140702668682663,11718807392516169404,1,24112.0,24112.83,24113.67,2,2,144,1766143200,1685414428051996599,3197,2025.12.19 11:27:14,13.92,11718807392516169404,7,24112.0,24112.83,24113.67,2,2,144,1766143634
RG2_DE40_PERIOD_M5_1765756800_1766181300_3308521111094945957,15240599829166500933,3015,2025.12.19 06:00:00,12.32,15053725491036093973,14039820931118910625,1,24123.05,24126.31,24130.19,2,2,18,1766124000,2404015547045528553,3019,2025.12.19 08:32:39,10.17,14039820931118910625,33,24123.05,24126.31,24130.19,2,2,18,1766133159
RG2_DE40_PERIOD_M5_1765756800_1766181300_3308521111094945957,7008677122284301704,153,2025.12.15 10:55:00,10.43,15131604260776368945,4760938372780360552,1,24510.6,24575.77,24650.73,7,3,896,1765796100,8611070699809980211,1928,2025.12.17 22:58:15,19.67,4760938372780360552,2378,24510.6,24575.77,24650.73,7,3,896,1766012295
RG2_DE40_PERIOD_M5_1765756800_1766181300_3308521111094945957,3207783362816912640,1186,2025.12.17 03:00:00,18.43,15169261124701167199,14257471400251174980,1,23778.52,23781.47,23784.08,2,2,130,1765940400,17172643698057641762,1202,2025.12.17 04:00:13,17.15,14257471400251174980,27,23778.52,23781.47,23784.08,2,2,130,1765944013
RG2_DE40_PERIOD_M5_1765756800_1766181300_3308521111094945957,1647693589699898920,1,2025.12.15 01:05:00,17.8,15226289984396144480,897473015242612734,1,24235.4,24252.54,24276.73,6,5,976,1765760700,17850685259935887439,980,2025.12.16 22:00:00,19.24,768890087789621897,1439,24237.4,24260.71,24280.7,7,4,898,1765922400
RG2_DE40_PERIOD_M5_1765756800_1766181300_3308521111094945957,1562176504073766710,732,2025.12.16 04:00:00,14.9,15324223982289076491,16229025285461028792,1,24084.5,24084.79,24085.08,2,2,68,1765857600,16363292742033800696,733,2025.12.16 04:01:11,14.9,16229025285461028792,2,24083.82,24084.45,24085.08,2,2,68,1765857671
RG2_DE40_PERIOD_M5_1765756800_1766181300_3308521111094945957,581427927539576433,2820,2025.12.18 20:00:00,20.26,15325240068675569520,16051547802854785673,1,24122.8,24128.05,24129.94,2,2,6,1766088000,17265021772592026155,3006,2025.12.19 03:03:15,17.37,1930000979364178729,242,24132.01,24133.0,24134.0,2,2,20,1766113395
RG2_DE40_PERIOD_M5_1765756800_1766181300_3308521111094945957,15038725502183437695,629,2025.12.16 03:35:24,14.89,15340206835862886710,4235280643159509391,1,24139.1,24139.56,24140.01,2,2,192,1765856124,8724150437864118148,631,2025.12.16 03:35:31,14.89,4235280643159509391,3,24137.68,24138.39,24139.1,2,2,192,1765856131
RG2_DE40_PERIOD_M5_1765756800_1766181300_3308521111094945957,18386980505201078269,706,2025.12.16 03:39:38,14.89,15420503410402228291,16647434989184998127,1,24099.83,24100.5,24101.17,2,2,192,1765856378,3357956345570603848,713,2025.12.16 03:40:03,15.25,16647434989184998127,8,24098.25,24099.04,24099.83,2,2,192,1765856403
RG2_DE40_PERIOD_M5_1765756800_1766181300_3308521111094945957,717566480203821795,160,2025.12.15 17:00:00,15.72,15423247794770282627,2655144167823110918,1,24198.07,24199.01,24199.95,2,2,384,1765818000,15039097239676883592,237,2025.12.15 17:22:40,16.12,2178394638025498306,82,24192.01,24192.83,24193.65,2,2,320,1765819360
RG2_DE40_PERIOD_M5_1765756800_1766181300_3308521111094945957,5702717079772176765,1929,2025.12.18 01:02:00,19.82,15575021721760751650,5629817150765151089,1,23969.27,24003.53,24034.55,7,4,912,1766019720,16914933262896489117,2485,2025.12.18 16:00:00,17.36,5629817150765151089,718,23969.27,24003.53,24034.55,7,4,912,1766073600
RG2_DE40_PERIOD_M5_1765756800_1766181300_3308521111094945957,7596448212055233849,2823,2025.12.19 01:02:00,19.96,1562510635420819483,2697038690189963317,1,23905.17,23929.64,23961.5,7,5,914,1766106120,16669524733806942274,3529,2025.12.19 21:00:00,15.64,2697038690189963317,919,23905.17,23929.64,23961.5,7,5,914,1766178000
RG2_DE40_PERIOD_M5_1765756800_1766181300_3308521111094945957,15061853139266531242,2425,2025.12.18 13:13:16,14.45,15892671088120014008,17056401350632087864,1,24035.05,24035.9,24036.75,2,2,320,1766063596,9739643261253365378,2437,2025.12.18 13:14:33,14.45,17056401350632087864,13,24036.75,24037.6,24038.45,2,2,320,1766063673
RG2_DE40_PERIOD_M5_1765756800_1766181300_3308521111094945957,813545856288487790,981,2025.12.17 01:02:00,18.89,16232945166296493564,14257471400251174980,1,23777.94,23781.36,23784.23,2,2,130,1765933320,10890492852610252653,1059,2025.12.17 01:37:12,18.91,14257471400251174980,85,23777.94,23781.36,23784.23,2,2,130,1765935432
RG2_DE40_PERIOD_M5_1765756800_1766181300_3308521111094945957,902473284466843552,1251,2025.12.17 09:14:02,11.67,16383594658260611177,961298425215660510,1,24168.78,24169.39,24170.0,2,2,320,1765962842,13244776253014654139,1254,2025.12.17 09:14:12,11.67,961298425215660510,4,24170.0,24170.51,24171.03,2,2,320,1765962852
RG2_DE40_PERIOD_M5_1765756800_1766181300_3308521111094945957,17296131410686769092,373,2025.12.15 21:00:00,16.39,16383971207871176976,17106696346367273111,1,24071.0,24071.33,24071.66,2,2,260,1765832400,17296131410686769092,373,2025.12.15 21:00:00,16.39,17106696346367273111,1,24071.0,24071.33,24071.66,2,2,260,1765832400
RG2_DE40_PERIOD_M5_1765756800_1766181300_3308521111094945957,9627978870362916802,79,2025.12.15 02:45:00,17.18,16420972769257323451,3189825774165340493,1,24278.8,24279.75,24280.7,2,2,192,1765766700,9750716974039943677,86,2025.12.15 03:00:00,16.92,12494656945352094513,8,24283.0,24283.4,24283.8,2,2,80,1765767600
RG2_DE40_PERIOD_M5_1765756800_1766181300_3308521111094945957,3207783362816912640,1186,2025.12.17 03:00:00,18.43,16639293413658528317,17531824952370342279,1,24089.0,24089.5,24090.0,2,1,16,1765940400,12963098065920495079,1199,2025.12.17 03:59:43,17.26,17531824952370342279,24,24089.0,24089.5,24090.0,2,1,16,1765943983
RG2_DE40_PERIOD_M5_1765756800_1766181300_3308521111094945957,647670008182765336,125,2025.12.15 04:06:34,16.04,16767514943374802630,8270853425188524112,1,24319.3,24319.95,24320.6,2,2,320,1765771594,5800628522319246904,146,2025.12.15 07:13:30,9.07,15312710314935399844,53,24320.6,24320.8,24321.0,2,2,272,1765782810
RG2_DE40_PERIOD_M5_1765756800_1766181300_3308521111094945957,18067083696210754037,3467,2025.12.19 19:10:00,17.88,16825290689336084485,13079868184472927237,1,24036.72,24061.68,24082.0,6,4,898,1766171400,16669524733806942274,3529,2025.12.19 21:00:00,15.64,13079868184472927237,83,24036.72,24061.68,24082.0,6,4,898,1766178000
RG2_DE40_PERIOD_M5_1765756800_1766181300_3308521111094945957,16368028876486068205,158,2025.12.15 15:00:00,13.97,16851784773278086007,15312710314935399844,1,24320.6,24320.8,24321.0,2,2,272,1765810800,17296131410686769092,373,2025.12.15 21:00:00,16.39,15312710314935399844,278,24320.6,24320.8,24321.0,2,2,272,1765832400
RG2_DE40_PERIOD_M5_1765756800_1766181300_3308521111094945957,2647184710680519887,3021,2025.12.19 09:00:38,10.48,16853083151257788665,16673041151146859796,1,24158.9,24159.45,24160.0,2,2,80,1766134838,16998548045162261341,3024,2025.12.19 09:02:29,10.48,16673041151146859796,4,24160.0,24160.17,24160.34,2,2,80,1766134949
RG2_DE40_PERIOD_M5_1765756800_1766181300_3308521111094945957,17697639848795535493,979,2025.12.16 21:00:00,19.31,16920753483175112662,14257471400251174980,1,23778.33,23781.9,23786.02,2,2,130,1765918800,17697639848795535493,979,2025.12.16 21:00:00,19.31,14257471400251174980,1,23778.33,23781.9,23786.02,2,2,130,1765918800
RG2_DE40_PERIOD_M5_1765756800_1766181300_3308521111094945957,16083514337641778804,1000,2025.12.17 01:05:00,18.99,16920920900987845543,10956490969094796527,1,24099.83,24100.67,24101.5,2,2,192,1765933500,16587283010058912328,1005,2025.12.17 01:05:33,18.99,10956490969094796527,6,24097.86,24098.85,24099.83,2,2,192,1765933533
RG2_DE40_PERIOD_M5_1765756800_1766181300_3308521111094945957,15695378741401190241,972,2025.12.16 20:00:00,18.67,16928536158536920833,10797263774948393101,1,24128.6,24136.25,24139.1,2,2,130,1765915200,12963098065920495079,1199,2025.12.17 03:59:43,17.26,17833753047383927080,290,24128.6,24134.5,24139.1,3,3,146,1765943983
RG2_DE40_PERIOD_M5_1765756800_1766181300_3308521111094945957,15536382554928891770,756,2025.12.16 10:00:00,13.2,17397179158710164525,13050081714636333945,1,24087.79,24088.4,24089.0,2,2,20,1765879200,6711120605145719671,759,2025.12.16 13:00:00,15.37,11374781194206422665,37,24089.0,24089.58,24090.16,2,2,20,1765890000
RG2_DE40_PERIOD_M5_1765756800_1766181300_3308521111094945957,8471667794716851108,763,2025.12.16 16:50:00,18.37,17492752209912355976,17257520366067587773,1,24439.8,24440.9,24442.0,2,1,256,1765903800,3207783362816912640,1186,2025.12.17 03:00:00,18.43,17257520366067587773,510,24439.8,24440.9,24442.0,2,1,256,1765940400
RG2_DE40_PERIOD_M5_1765756800_1766181300_3308521111094945957,1647693589699898920,1,2025.12.15 01:05:00,17.8,17662911360190214573,5558950067103874481,1,24463.0,24469.05,24475.1,2,2,80,1765760700,17850685259935887439,980,2025.12.16 22:00:00,19.24,5311754488965250481,1439,24463.0,24469.05,24475.1,2,2,80,1765922400
RG2_DE40_PERIOD_M5_1765756800_1766181300_3308521111094945957,1634811081250653161,1579,2025.12.17 17:55:00,19.9,17744975759923800537,17906433382634638611,1,23826.53,23937.87,24034.55,21,5,962,1765994100,8611070699809980211,1928,2025.12.17 22:58:15,19.67,17661029072184191568,404,23826.53,23934.19,24034.55,22,7,986,1766012295
RG2_DE40_PERIOD_M5_1765756800_1766181300_3308521111094945957,5596678172833140551,398,2025.12.16 01:05:22,16.24,17766904743982608359,10233950474888438750,1,24208.09,24209.0,24209.9,2,2,320,1765847122,8611070699809980211,1928,2025.12.17 22:58:15,19.67,10233950474888438750,2006,24206.7,24209.7,24209.9,2,2,320,1766012295
RG2_DE40_PERIOD_M5_1765756800_1766181300_3308521111094945957,5329396285071564277,1704,2025.12.17 19:00:00,20.17,17845627155954957750,13078588694977917673,1,24122.8,24129.26,24132.15,2,2,6,1765998000,5329396285071564277,1704,2025.12.17 19:00:00,20.17,13078588694977917673,1,24122.8,24129.26,24132.15,2,2,6,1765998000
RG2_DE40_PERIOD_M5_1765756800_1766181300_3308521111094945957,15936902258003856967,375,2025.12.16 01:02:00,16.28,17851863147829594694,4597539305145210612,1,24037.4,24062.13,24082.0,7,5,902,1765846920,11413451379134517732,858,2025.12.16 17:25:13,19.08,3551569704700469771,661,24036.94,24058.15,24082.0,8,6,978,1765905913
RG2_DE40_PERIOD_M5_1765756800_1766181300_3308521111094945957,1634811081250653161,1579,2025.12.17 17:55:00,19.9,17875087843730728065,16958637878433832480,1,24045.23,24064.06,24082.0,7,4,912,1765994100,16914933262896489117,2485,2025.12.18 16:00:00,17.36,1362503642810595660,1122,24036.72,24061.57,24082.0,6,5,914,1766073600
RG2_DE40_PERIOD_M5_1765756800_1766181300_3308521111094945957,10873380505741872751,1207,2025.12.17 09:00:00,11.52,18008126257463748783,17833753047383927080,1,24128.6,24134.5,24139.1,3,3,146,1765962000,7148268617176090663,1257,2025.12.17 09:58:34,11.83,17833753047383927080,62,24128.6,24134.5,24139.1,3,3,146,1765965514
RG2_DE40_PERIOD_M5_1765756800_1766181300_3308521111094945957,18227157516894732644,2021,2025.12.18 02:00:00,19.02,18334469812436468003,6990644347260406737,1,23920.0,23920.1,23920.2,2,2,80,1766023200,1546856544241308954,2111,2025.12.18 02:06:16,19.07,6990644347260406737,91,23920.0,23920.1,23920.2,2,2,80,1766023576
RG2_DE40_PERIOD_M5_1765756800_1766181300_3308521111094945957,7197171436482723083,3009,2025.12.19 04:00:00,15.58,1863336499443939837,3994664191242432932,1,24118.77,24119.38,24120.0,2,2,144,1766116800,2404015547045528553,3019,2025.12.19 08:32:39,10.17,3994664191242432932,60,24118.0,24118.38,24118.77,2,2,144,1766133159
RG2_DE40_PERIOD_M5_1765756800_1766181300_3308521111094945957,1647693589699898920,1,2025.12.15 01:05:00,17.8,2195600883477543849,4716070774028237484,1,24093.77,24094.36,24094.95,2,2,384,1765760700,6801783791723675595,133,2025.12.15 06:11:00,10.36,4716070774028237484,191,24093.77,24094.36,24094.95,2,2,384,1765779060
RG2_DE40_PERIOD_M5_1765756800_1766181300_3308521111094945957,3394358320565359698,2199,2025.12.18 09:00:00,13.06,2458293430180323352,644894745513538473,1,24122.8,24128.81,24131.25,2,2,6,1766048400,7325112379710056848,2747,2025.12.18 17:59:38,19.43,16051547802854785673,644,24122.8,24127.33,24129.94,2,2,6,1766080778
RG2_DE40_PERIOD_M5_1765756800_1766181300_3308521111094945957,1317010847876265875,3267,2025.12.19 12:00:00,14.19,2657471490673662344,13693436952995124673,1,24187.19,24260.82,24331.7,17,6,978,1766145600,16669524733806942274,3529,2025.12.19 21:00:00,15.64,7677149639221595688,359,24194.35,24264.11,24322.17,17,6,922,1766178000
RG2_DE40_PERIOD_M5_1765756800_1766181300_3308521111094945957,801848722891540550,3273,2025.12.19 15:25:00,18.11,2726419926283807287,3603397500116625213,1,23969.27,24027.91,24082.0,14,5,914,1766157900,17414450183437851449,3466,2025.12.19 19:07:15,18.11,3603397500116625213,235,23969.27,24027.91,24082.0,14,5,914,1766171235
RG2_DE40_PERIOD_M5_1765756800_1766181300_3308521111094945957,1647693589699898920,1,2025.12.15 01:05:00,17.8,2808125906201342454,5074016871786758717,1,23826.53,23938.76,24034.55,28,7,982,1765760700,11413451379134517732,858,2025.12.16 17:25:13,19.08,1384390121935595788,1269,23826.53,23940.57,24034.55,21,5,962,1765905913
RG2_DE40_PERIOD_M5_1765756800_1766181300_3308521111094945957,17559896734139887567,1439,2025.12.17 16:45:00,18.41,2880385603092286386,17257520366067587773,1,24439.8,24440.9,24442.0,2,1,256,1765989900,8611070699809980211,1928,2025.12.17 22:58:15,19.67,17257520366067587773,556,24439.8,24440.9,24442.0,2,1,256,1766012295
RG2_DE40_PERIOD_M5_1765756800_1766181300_3308521111094945957,15936902258003856967,375,2025.12.16 01:02:00,16.28,2937700211494733792,15484204937812887520,1,24298.77,24299.38,24300.0,2,2,144,1765846920,17850685259935887439,980,2025.12.16 22:00:00,19.24,15484204937812887520,833,24298.77,24299.38,24300.0,2,2,144,1765922400
RG2_DE40_PERIOD_M5_1765756800_1766181300_3308521111094945957,14282474622215694825,1872,2025.12.17 21:00:00,19.98,302735840530412169,6418817805596384083,1,24156.0,24157.0,24158.0,2,1,16,1766005200,8611070699809980211,1928,2025.12.17 22:58:15,19.67,6418817805596384083,80,24156.0,24157.0,24158.0,2,1,16,1766012295
RG2_DE40_PERIOD_M5_1765756800_1766181300_3308521111094945957,813545856288487790,981,2025.12.17 01:02:00,18.89,3075790444147749565,9211317661610688796,1,24265.47,24329.94,24405.23,19,6,978,1765933320,8611070699809980211,1928,2025.12.17 22:58:15,19.67,2960574953512450458,1186,24274.25,24334.35,24405.23,19,6,978,1766012295
RG2_DE40_PERIOD_M5_1765756800_1766181300_3308521111094945957,1937384409576567125,88,2025.12.15 03:00:36,16.92,3123929623179183840,17155159158726869501,1,24287.3,24287.38,24287.47,2,2,192,1765767636,6602761984679729532,90,2025.12.15 03:15:38,16.8,17155159158726869501,6,24287.47,24287.97,24288.47,2,2,192,1765768538
RG2_DE40_PERIOD_M5_1765756800_1766181300_3308521111094945957,15936902258003856967,375,2025.12.16 01:02:00,16.28,3402717648623523302,2403160818171543071,1,24151.7,24161.7,24172.4,4,2,320,1765846920,4703724331154082128,622,2025.12.16 03:34:33,14.92,17375405158924160570,278,24151.0,24162.83,24174.0,7,3,336,1765856073
RG2_DE40_PERIOD_M5_1765756800_1766181300_3308521111094945957,16543296218010632943,1206,2025.12.17 08:00:00,11.68,3411651762080616507,17531824952370342279,1,24089.0,24089.5,24090.0,2,1,16,1765958400,16543296218010632943,1206,2025.12.17 08:00:00,11.68,17531824952370342279,1,24089.0,24089.5,24090.0,2,1,16,1765958400
RG2_DE40_PERIOD_M5_1765756800_1766181300_3308521111094945957,7195260343123258169,411,2025.12.16 01:26:05,16.06,4139344702165354435,14991166503816169732,1,24193.65,24194.57,24195.5,2,2,320,1765848365,5656119761677920491,424,2025.12.16 01:26:34,16.06,14991166503816169732,14,24191.77,24192.71,24193.65,2,2,320,1765848394
RG2_DE40_PERIOD_M5_1765756800_1766181300_3308521111094945957,5702717079772176765,1929,2025.12.18 01:02:00,19.82,4144346076962214724,1166509856313007902,1,24170.0,24171.0,24172.0,2,2,272,1766019720,10630858749912999957,2141,2025.12.18 04:00:00,18.03,1166509856313007902,244,24170.0,24171.0,24172.0,2,2,272,1766030400
RG2_DE40_PERIOD_M5_1765756800_1766181300_3308521111094945957,6950225039876106145,684,2025.12.16 03:39:17,14.89,431167153921670809,5176497879768462735,1,24110.33,24111.08,24111.83,2,2,192,1765856357,7228768171682065634,691,2025.12.16 03:39:25,14.89,5176497879768462735,8,24108.64,24109.49,24110.33,2,2,192,1765856365
RG2_DE40_PERIOD_M5_1765756800_1766181300_3308521111094945957,18024123705802251809,762,2025.12.16 16:00:00,17.36,4338955746536335233,10156803610456867375,1,24153.0,24153.6,24154.2,2,2,272,1765900800,5332686335410977552,969,2025.12.16 17:39:17,19.27,2501216407554867324,225,24154.0,24154.1,24154.2,2,2,272,1765906757
RG2_DE40_PERIOD_M5_1765756800_1766181300_3308521111094945957,3684929892019947666,1379,2025.12.17 15:00:00,15.84,4574274620679028283,6223589361604212895,1,24192.0,24193.92,24199.23,2,2,66,1765983600,8611070699809980211,1928,2025.12.17 22:58:15,19.67,6223589361604212895,635,24192.0,24193.92,24199.23,2,2,66,1766012295
RG2_DE40_PERIOD_M5_1765756800_1766181300_3308521111094945957,1647693589699898920,1,2025.12.15 01:05:00,17.8,4594982119757822897,2655144167823110918,1,24198.07,24199.01,24199.95,2,2,384,1765760700,647670008182765336,125,2025.12.15 04:06:34,16.04,2655144167823110918,163,24198.07,24199.01,24199.95,2,2,384,1765771594
RG2_DE40_PERIOD_M5_1765756800_1766181300_3308521111094945957,13844199235984187180,3052,2025.12.19 09:06:47,10.65,4985666366765372862,18384532970061335352,1,24182.31,24182.78,24183.25,2,2,320,1766135207,15871101237905201480,3057,2025.12.19 09:06:53,10.65,18384532970061335352,6,24183.25,24183.78,24184.3,2,2,320,1766135213
RG2_DE40_PERIOD_M5_1765756800_1766181300_3308521111094945957,17200099788967661337,3191,2025.12.19 11:00:00,13.17,5103404977726626342,13199695895463727134,1,24170.0,24170.0,24170.0,2,2,272,1766142000,13253207293770282308,3266,2025.12.19 11:47:14,14.07,13199695895463727134,83,24170.0,24170.0,24170.0,2,2,272,1766144834
RG2_DE40_PERIOD_M5_1765756800_1766181300_3308521111094945957,3207783362816912640,1186,2025.12.17 03:00:00,18.43,5138796767193170831,6737099035994531466,1,24098.0,24098.92,24099.83,2,2,144,1765940400,12963098065920495079,1199,2025.12.17 03:59:43,17.26,6737099035994531466,24,24098.0,24098.92,24099.83,2,2,144,1765943983
RG2_DE40_PERIOD_M5_1765756800_1766181300_3308521111094945957,2019862803071876151,152,2025.12.15 10:30:00,9.95,5161268510389571878,4716070774028237484,1,24093.77,24094.36,24094.95,2,2,384,1765794600,17678975562247609790,2822,2025.12.18 22:00:00,20.12,2232647543996658434,3498,24089.0,24089.67,24090.33,2,2,144,1766095200
RG2_DE40_PERIOD_M5_1765756800_1766181300_3308521111094945957,5702717079772176765,1929,2025.12.18 01:02:00,19.82,520458042412555431,4278583549381837114,1,23667.17,23690.89,23720.75,4,3,896,1766019720,17678975562247609790,2822,2025.12.18 22:00:00,20.12,4278583549381837114,1115,23667.17,23690.89,23720.75,4,3,896,1766095200
RG2_DE40_PERIOD_M5_1765756800_1766181300_3308521111094945957,2779495269226856858,865,2025.12.16 17:25:15,19.08,5319041345667216505,13025127476933035944,1,24037.4,24061.19,24082.0,7,5,914,1765905915,17850685259935887439,980,2025.12.16 22:00:00,19.24,5798374658841877574,164,24045.23,24065.25,24082.25,7,5,914,1765922400
RG2_DE40_PERIOD_M5_1765756800_1766181300_3308521111094945957,3684929892019947666,1379,2025.12.17 15:00:00,15.84,5476270548592580217,4862462840157664336,1,23826.53,23975.62,24082.0,30,6,978,1765983600,18405022504862635693,1578,2025.12.17 17:52:39,19.57,11225938737900755187,231,23826.53,23970.5,24082.0,29,6,978,1765993959
RG2_DE40_PERIOD_M5_1765756800_1766181300_3308521111094945957,13005696195518659549,2924,2025.12.19 02:00:00,18.6,5864425590808238854,9918623738020680017,1,24142.0,24142.45,24142.9,2,2,80,1766109600,1171463100254861170,2929,2025.12.19 02:00:04,18.6,9918623738020680017,6,24142.0,24143.0,24144.01,2,2,80,1766109604
RG2_DE40_PERIOD_M5_1765756800_1766181300_3308521111094945957,15695378741401190241,972,2025.12.16 20:00:00,18.67,6044786530599025813,7473543370780940308,1,24110.33,24110.72,24111.1,2,2,132,1765915200,11198649040927462471,978,2025.12.16 20:03:41,18.67,7473543370780940308,7,24110.33,24110.72,24111.1,2,2,132,1765915421
RG2_DE40_PERIOD_M5_1765756800_1766181300_3308521111094945957,1647693589699898920,1,2025.12.15 01:05:00,17.8,6499155957767239439,4760938372780360552,1,24510.6,24575.77,24650.73,7,3,896,1765760700,6618102582692456206,132,2025.12.15 06:00:00,10.91,4760938372780360552,189,24510.6,24575.77,24650.73,7,3,896,1765778400
RG2_DE40_PERIOD_M5_1765756800_1766181300_3308521111094945957,3319245396558692662,3032,2025.12.19 09:04:40,10.48,6517866528124925932,2477276487686577630,1,24169.5,24169.75,24170.0,2,2,320,1766135080,15088912245241396945,3038,2025.12.19 09:05:37,10.65,6556121255767581265,8,24172.0,24172.36,24172.73,2,2,80,1766135137
RG2_DE40_PERIOD_M5_1765756800_1766181300_3308521111094945957,813545856288487790,981,2025.12.17 01:02:00,18.89,6604514947145818902,3680008778002309465,1,23826.53,23970.87,24082.25,28,6,978,1765933320,5219729956816298391,1378,2025.12.17 14:12:38,15.33,2543546037288739276,542,23826.53,23965.73,24082.0,29,6,978,1765980758
RG2_DE40_PERIOD_M5_1765756800_1766181300_3308521111094945957,15538120588889064974,1319,2025.12.17 11:00:00,13.44,7050256800155515279,17531824952370342279,1,24089.0,24089.0,24089.0,2,1,16,1765969200,16770267331898441934,1320,2025.12.17 12:00:00,14.06,17531824952370342279,13,24089.0,24089.5,24090.0,2,1,16,1765972800
RG2_DE40_PERIOD_M5_1765756800_1766181300_3308521111094945957,7596448212055233849,2823,2025.12.19 01:02:00,19.96,7160322056134337845,5955687211154732293,1,24511.85,24558.51,24605.67,4,3,896,1766106120,16669524733806942274,3529,2025.12.19 21:00:00,15.64,5955687211154732293,919,24511.85,24558.51,24605.67,4,3,896,1766178000
RG2_DE40_PERIOD_M5_1765756800_1766181300_3308521111094945957,5702717079772176765,1929,2025.12.18 01:02:00,19.82,7331385478891710142,6832384099881391729,1,24511.85,24586.64,24650.73,6,3,896,1766019720,17678975562247609790,2822,2025.12.18 22:00:00,20.12,6832384099881391729,1115,24511.85,24586.64,24650.73,6,3,896,1766095200
RG2_DE40_PERIOD_M5_1765756800_1766181300_3308521111094945957,2779495269226856858,865,2025.12.16 17:25:15,19.08,8020715589918569593,3065970385084690997,1,23826.53,23944.87,24035.04,22,5,962,1765905915,17850685259935887439,980,2025.12.16 22:00:00,19.24,3065970385084690997,164,23826.53,23943.32,24034.55,22,5,962,1765922400
RG2_DE40_PERIOD_M5_1765756800_1766181300_3308521111094945957,461414640893103465,210,2025.12.15 17:18:36,16.07,8646831187609115262,2655144167823110918,1,24198.07,24199.01,24199.95,2,2,384,1765819116,17761395523033432857,378,2025.12.16 01:02:20,16.28,9059775092530014737,226,24198.07,24198.88,24199.7,2,2,192,1765846940
RG2_DE40_PERIOD_M5_1765756800_1766181300_3308521111094945957,5516986205178797208,1321,2025.12.17 13:00:00,13.95,8666272117930467877,45882431290036663,1,24127.85,24133.45,24139.1,3,3,134,1765976400,5219729956816298391,1378,2025.12.17 14:12:38,15.33,45882431290036663,72,24128.6,24134.32,24139.1,3,3,134,1765980758
RG2_DE40_PERIOD_M5_1765756800_1766181300_3308521111094945957,1647693589699898920,1,2025.12.15 01:05:00,17.8,876984908387787988,2404186345707563124,1,24132.12,24154.16,24173.4,9,6,978,1765760700,7207726855257735411,374,2025.12.15 22:00:00,16.44,2404186345707563124,596,24125.59,24153.47,24173.4,9,6,978,1765836000
RG2_DE40_PERIOD_M5_1765756800_1766181300_3308521111094945957,14597745982439246567,755,2025.12.16 09:00:00,12.08,886338609964670021,2501216407554867324,1,24154.0,24154.1,24154.2,2,2,272,1765875600,14597745982439246567,755,2025.12.16 09:00:00,12.08,2501216407554867324,1,24154.0,24154.1,24154.2,2,2,272,1765875600
RG2_DE40_PERIOD_M5_1765756800_1766181300_3308521111094945957,7596448212055233849,2823,2025.12.19 01:02:00,19.96,9128663421881269757,4252105815422460664,1,24349.32,24393.13,24447.17,14,4,898,1766106120,16669524733806942274,3529,2025.12.19 21:00:00,15.64,15455037824735346004,919,24352.0,24395.97,24447.17,13,3,896,1766178000
RG2_DE40_PERIOD_M5_1765756800_1766181300_3308521111094945957,9356741087037829946,3271,2025.12.19 14:10:00,16.79,9153867953976606925,2519046907792678686,1,24170.0,24171.0,24172.0,2,2,272,1766153400,9646132131107550045,3526,2025.12.19 19:55:00,16.69,2519046907792678686,320,24170.0,24171.0,24172.0,2,2,272,1766174100
RG2_DE40_PERIOD_M5_1765756800_1766181300_3308521111094945957,16329122198069681077,2484,2025.12.18 15:35:00,16.69,9195652018598655240,1166509856313007902,1,24170.0,24171.0,24172.0,2,2,272,1766072100,17265021772592026155,3006,2025.12.19 03:03:15,17.37,2519046907792678686,621,24170.0,24171.0,24172.0,2,2,272,1766113395
RG2_DE40_PERIOD_M5_1765756800_1766181300_3308521111094945957,13472976104802680666,3268,2025.12.19 13:00:00,15.16,9250936284683584597,15810504960880305033,1,24136.06,24136.53,24137.0,2,2,20,1766149200,13855159093691238721,3411,2025.12.19 17:20:41,19.28,7347000576458907097,190,24137.0,24138.03,24139.07,2,2,20,1766164841
RG2_DE40_PERIOD_M5_1765756800_1766181300_3308521111094945957,5961833810287727294,1226,2025.12.17 09:06:02,11.71,9310855770082412381,12319008499199814353,1,24154.9,24155.45,24156.0,2,2,80,1765962362,6691911745498815755,1232,2025.12.17 09:10:01,11.67,12319008499199814353,8,24156.0,24156.67,24157.35,2,2,80,1765962601
RG2_DE40_PERIOD_M5_1765756800_1766181300_3308521111094945957,7596448212055233849,2823,2025.12.19 01:02:00,19.96,934643193105051842,12318315400860751334,1,23667.17,23745.28,23809.33,9,3,896,1766106120,16669524733806942274,3529,2025.12.19 21:00:00,15.64,12318315400860751334,919,23667.17,23745.28,23809.33,9,3,896,1766178000
RG2_DE40_PERIOD_M5_1765756800_1766181300_3308521111094945957,1141417406200609892,2481,2025.12.18 15:30:36,15.94,9355194490469605606,5468671196011753553,1,24113.41,24113.54,24113.67,2,2,192,1766071836,1141417406200609892,2481,2025.12.18 15:30:36,15.94,5468671196011753553,1,24113.41,24113.54,24113.67,2,2,192,1766071836
RG2_DE40_PERIOD_M5_1765756800_1766181300_3308521111094945957,1562176504073766710,732,2025.12.16 04:00:00,14.9,9465624150242272994,9834632131986086716,1,24139.1,24139.55,24140.0,2,2,144,1765857600,15893127960615174153,743,2025.12.16 04:04:17,14.9,9834632131986086716,12,24139.1,24139.55,24140.0,2,2,144,1765857857
RG2_DE40_PERIOD_M5_1765756800_1766181300_3308521111094945957,7596448212055233849,2823,2025.12.19 01:02:00,19.96,9513280393959588051,4825524137750946012,1,23851.5,23854.38,23862.5,2,2,320,1766106120,16669524733806942274,3529,2025.12.19 21:00:00,15.64,4825524137750946012,919,23851.5,23854.38,23862.5,2,2,320,1766178000
RG2_DE40_PERIOD_M5_1765756800_1766181300_3308521111094945957,4687973556777714339,2613,2025.12.18 17:49:37,19.36,9679090825844000334,11396621637880295633,1,24154.03,24155.01,24156.0,2,2,80,1766080177,16165618124899375690,2629,2025.12.18 17:49:54,19.36,11396621637880295633,17,24156.0,24157.13,24158.25,2,2,80,1766080194
RG2_DE40_PERIOD_M5_1765756800_1766181300_3308521111094945957,5702717079772176765,1929,2025.12.18 01:02:00,19.82,9841534338892896832,17335413521823079352,1,24349.32,24372.75,24406.33,9,4,898,1766019720,17678975562247609790,2822,2025.12.18 22:00:00,20.12,17335413521823079352,1115,24349.32,24372.75,24406.33,9,4,898,1766095200
RG2_DE40_PERIOD_M5_1765756800_1766181300_3308521111094945957,13398783281790474825,1104,2025.12.17 02:04:30,18.74,9973177109576100480,12161866657393825478,1,24089.0,24090.11,24091.22,2,2,80,1765937070,13642189421452623738,1139,2025.12.17 02:07:28,18.69,12161866657393825478,38,24086.96,24087.98,24089.0,2,2,80,1765937248
RG2_DE40_PERIOD_M5_1765756800_1766181300_3308521111094945957,6276528511582652820,2487,2025.12.18 17:00:00,18.46,9978433926379444273,5629817150765151089,1,23969.27,24003.53,24034.55,7,4,912,1766077200,7489417485938718344,3272,2025.12.19 15:00:00,17.71,10696268982695658025,994,23969.27,24002.59,24034.55,8,4,912,1766156400
RG2_DE40_PERIOD_M5_1769990400_1770414900_2017222542755637715,4994976555406457885,260,2026.02.02 01:40:00,24.26,10045210928620002661,13978291335086531581,1,24461.3,24462.75,24464.2,2,2,192,1769996400,16069845721243151966,272,2026.02.02 01:44:26,24.26,13978291335086531581,13,24464.2,24465.52,24466.84,2,2,192,1769996666
RG2_DE40_PERIOD_M5_1769990400_1770414900_2017222542755637715,15469655217631610327,1665,2026.02.03 06:31:05,9.76,1024727812623170312,3600164450522940955,1,24917.4,24919.47,24920.9,2,1,64,1770100265,2076854742354583187,1667,2026.02.03 06:31:13,9.76,3600164450522940955,3,24917.4,24921.03,24921.16,2,1,64,1770100273
RG2_DE40_PERIOD_M5_1769990400_1770414900_2017222542755637715,14066876302269491907,1495,2026.02.03 01:02:00,16.22,10384806085379883873,10803277373605046281,1,24853.8,24858.37,24859.3,3,3,336,1770080520,3087640851515416886,1564,2026.02.03 01:04:59,16.22,10803277373605046281,70,24853.8,24858.37,24859.3,3,3,336,1770080699
RG2_DE40_PERIOD_M5_1769990400_1770414900_2017222542755637715,6710032590906560377,1871,2026.02.03 10:10:32,12.63,10486666332735468795,8033071572290895531,1,25026.94,25118.33,25290.37,18,4,960,1770113432,8296527230705437584,2888,2026.02.03 22:25:00,26.22,12303148697982561490,1150,25028.3,25120.78,25290.37,19,5,976,1770157500
RG2_DE40_PERIOD_M5_1769990400_1770414900_2017222542755637715,6486885770330846518,4198,2026.02.05 11:42:30,22.65,10524652394193875738,9852357127467490124,1,24448.88,24450.22,24451.55,2,2,72,1770291750,14967263610146697485,4205,2026.02.05 11:42:39,22.65,9852357127467490124,8,24446.57,24447.72,24448.88,2,2,72,1770291759
RG2_DE40_PERIOD_M5_1769990400_1770414900_2017222542755637715,1310792424543820741,2887,2026.02.03 22:00:00,26.46,11136330241625547913,13278993711800759349,1,24785.4,24785.7,24786.0,2,2,272,1770156000,8296527230705437584,2888,2026.02.03 22:25:00,26.22,13278993711800759349,5,24785.4,24785.7,24786.0,2,2,272,1770157500
RG2_DE40_PERIOD_M5_1769990400_1770414900_2017222542755637715,797778871562847726,4054,2026.02.05 11:00:00,21.05,11268488322693453676,8738453332793770451,1,24668.0,24668.13,24668.27,2,2,144,1770289200,5014370192640149953,4247,2026.02.05 11:48:40,22.94,8738453332793770451,204,24668.0,24668.13,24668.27,2,2,144,1770292120
RG2_DE40_PERIOD_M5_1769990400_1770414900_2017222542755637715,5524128611403547098,2932,2026.02.04 01:13:36,25.82,11490201098659936970,16031390589105990458,1,24742.5,24748.36,24763.9,2,2,66,1770167616,12209885202787464517,2980,2026.02.04 02:19:25,24.84,2976998339990174798,60,24744.55,24754.11,24763.9,2,2,18,1770171565
RG2_DE40_PERIOD_M5_1769990400_1770414900_2017222542755637715,13396215827496612797,1522,2026.02.03 01:03:29,16.22,11561789755210326438,10785305117817898521,1,24869.54,24875.31,24881.08,2,2,10,1770080609,3497520382148927363,1655,2026.02.03 01:39:36,15.71,10785305117817898521,140,24869.54,24875.31,24881.08,2,2,10,1770082776
RG2_DE40_PERIOD_M5_1769990400_1770414900_2017222542755637715,14971451466403723209,4800,2026.02.05 19:00:00,37.17,11988121671450151832,11575578588473579819,1,24666.0,24667.35,24668.27,3,3,148,1770318000,16065924672145855286,5074,2026.02.06 01:54:15,32.2,11548815386188993834,327,24658.14,24660.07,24662.0,2,2,20,1770342855
RG2_DE40_PERIOD_M5_1769990400_1770414900_2017222542755637715,13357495042988788412,2269,2026.02.03 15:47:26,20.93,12032138121087682500,2280734851452379255,1,24799.17,24800.42,24801.67,2,2,192,1770133646,4722576620491871490,2286,2026.02.03 15:50:24,20.86,2280734851452379255,19,24796.95,24798.06,24799.17,2,2,192,1770133824
RG2_DE40_PERIOD_M5_1769990400_1770414900_2017222542755637715,13638197516695271930,4250,2026.02.05 14:00:00,24.59,12262632454264142330,6518716070648695294,1,24518.22,24528.41,24532.25,2,2,258,1770300000,10657833445438184824,4445,2026.02.05 14:55:42,26.71,6518716070648695294,207,24518.22,24528.41,24532.25,2,2,258,1770303342
RG2_DE40_PERIOD_M5_1769990400_1770414900_2017222542755637715,7467723732617211515,1,2026.02.02 01:05:00,23.19,12304204731793099644,6548925398529966743,1,24678.0,24704.35,24739.1,5,4,900,1769994300,14631429406982319608,6151,2026.02.06 21:48:37,19.2,14440946525843760860,7324,24678.0,24704.75,24739.1,4,3,896,1770414517
RG2_DE40_PERIOD_M5_1769990400_1770414900_2017222542755637715,12902667598484713495,3828,2026.02.05 03:00:00,27.56,12617844808483186928,10798945895599786221,1,24635.0,24635.0,24635.0,2,1,16,1770260400,6771346813589775443,3869,2026.02.05 03:53:12,24.9,10798945895599786221,51,24635.0,24635.0,24635.0,2,1,16,1770263592
RG2_DE40_PERIOD_M5_1769990400_1770414900_2017222542755637715,7467723732617211515,1,2026.02.02 01:05:00,23.19,12801683834723045476,239292332566579664,1,24868.2,24871.76,24881.08,2,2,130,1769994300,13871993052837820211,1494,2026.02.02 22:00:00,17.08,239292332566579664,1720,24868.2,24871.76,24881.08,2,2,130,1770069600
RG2_DE40_PERIOD_M5_1769990400_1770414900_2017222542755637715,1494877708314109894,366,2026.02.02 05:14:14,24.95,12891061374588096414,2409811566608819491,1,24311.5,24324.31,24337.11,2,1,64,1770009254,9188683859664521995,386,2026.02.02 05:35:35,24.66,2409811566608819491,25,24309.38,24310.44,24335.5,2,1,64,1770010535
RG2_DE40_PERIOD_M5_1769990400_1770414900_2017222542755637715,979165848123281350,5703,2026.02.06 16:32:41,24.92,13048744734827814492,1070885259354928945,1,24659.06,24660.53,24662.0,2,2,80,1770395561,10069809811710714972,5761,2026.02.06 16:33:39,24.92,17279114728251364433,57,24668.27,24669.74,24671.21,2,2,192,1770395619
RG2_DE40_PERIOD_M5_1769990400_1770414900_2017222542755637715,1394803238294926708,2905,2026.02.04 01:03:14,25.95,13206771810189915976,1835062291008924399,1,24731.13,24732.56,24733.98,2,2,192,1770166994,16478080132969068528,2919,2026.02.04 01:03:35,25.95,1835062291008924399,15,24728.18,24729.66,24731.13,2,2,192,1770167015
RG2_DE40_PERIOD_M5_1769990400_1770414900_2017222542755637715,2245169722728419000,4163,2026.02.05 11:05:29,21.29,13263775730323493972,9863252137555041167,1,24464.2,24465.44,24466.68,2,2,192,1770289529,11237534394434628524,4179,2026.02.05 11:05:38,21.29,9863252137555041167,17,24461.68,24462.94,24464.2,2,2,192,1770289538
RG2_DE40_PERIOD_M5_1769990400_1770414900_2017222542755637715,13061872194636939295,4698,2026.02.05 16:00:00,29.28,13284028326770884420,17149568541354366217,1,24306.87,24387.08,24457.83,14,6,970,1770307200,13396581625698580445,4799,2026.02.05 18:00:00,36.91,4868701964966093860,122,24306.87,24395.65,24457.83,14,6,922,1770314400
RG2_DE40_PERIOD_M5_1769990400_1770414900_2017222542755637715,12047187317165992378,5522,2026.02.06 13:00:00,24.36,13364099355429182554,8491251442989976188,1,24538.0,24539.28,24540.55,2,2,272,1770382800,4206628007437579875,5854,2026.02.06 16:45:42,25.46,8491251442989976188,379,24540.55,24541.78,24543.0,2,2,272,1770396342
RG2_DE40_PERIOD_M5_1769990400_1770414900_2017222542755637715,7467723732617211515,1,2026.02.02 01:05:00,23.19,13397951756276590306,4634823273538310469,1,25028.3,25099.32,25210.97,16,3,896,1769994300,13871993052837820211,1494,2026.02.02 22:00:00,17.08,4634823273538310469,1720,25028.3,25099.32,25210.97,16,3,896,1770069600
RG2_DE40_PERIOD_M5_1769990400_1770414900_2017222542755637715,5286139137512005826,691,2026.02.02 11:22:36,27.24,13459369284439339642,8854793878035306011,1,24575.76,24581.08,24586.4,2,1,64,1770031356,8200787003928270822,720,2026.02.02 11:37:37,26.88,8854793878035306011,33,24578.9,24586.43,24586.46,2,1,64,1770032257
RG2_DE40_PERIOD_M5_1769990400_1770414900_2017222542755637715,15017985354142556655,2224,2026.02.03 14:50:00,20.71,13515389160860149155,6563190032244960020,1,24906.85,24908.09,24909.33,2,2,384,1770130200,8296527230705437584,2888,2026.02.03 22:25:00,26.22,6563190032244960020,744,24906.85,24908.09,24909.33,2,2,384,1770157500
RG2_DE40_PERIOD_M5_1769990400_1770414900_2017222542755637715,7640248869593794384,5266,2026.02.06 04:00:00,27.01,13559276346891164726,463524904097853873,1,24475.0,24475.65,24476.3,2,2,80,1770350400,13829299271507230340,5273,2026.02.06 04:00:34,27.01,5617624814984543229,8,24481.93,24483.2,24484.46,2,2,192,1770350434
RG2_DE40_PERIOD_M5_1769990400_1770414900_2017222542755637715,4461747210472496600,4804,2026.02.06 01:02:00,33.81,13615654380409200729,12256566350371379986,1,25169.15,25229.2,25308.33,7,3,896,1770339720,14631429406982319608,6151,2026.02.06 21:48:37,19.2,12256566350371379986,1577,25169.15,25229.2,25308.33,7,3,896,1770414517
RG2_DE40_PERIOD_M5_1769990400_1770414900_2017222542755637715,11289973294482971747,5173,2026.02.06 03:00:00,30.82,13663131037342397011,8238207977277744906,1,24270.5,24274.25,24284.5,2,2,80,1770346800,17490187062903634625,5265,2026.02.06 03:59:59,27.44,8238207977277744906,103,24270.5,24274.25,24284.5,2,2,80,1770350399
RG2_DE40_PERIOD_M5_1769990400_1770414900_2017222542755637715,8820416291222108694,1491,2026.02.02 20:00:00,19.67,14027050758219458231,9817648671910854330,1,24813.89,24817.64,24825.78,2,2,258,1770062400,13871993052837820211,1494,2026.02.02 22:00:00,17.08,9817648671910854330,25,24813.89,24817.64,24825.78,2,2,258,1770069600
RG2_DE40_PERIOD_M5_1769990400_1770414900_2017222542755637715,5596436333968226025,329,2026.02.02 03:00:00,24.33,1425321256270824723,6816691726067294129,1,24504.0,24505.35,24506.7,2,2,80,1770001200,16530339493801374662,338,2026.02.02 03:48:38,25.59,6816691726067294129,19,24504.0,24505.35,24506.7,2,2,80,1770004118
RG2_DE40_PERIOD_M5_1769990400_1770414900_2017222542755637715,5063450679225567848,1303,2026.02.02 17:13:13,24.08,14344457882102208961,4870127506541520464,1,24812.57,24814.01,24815.45,2,2,320,1770052393,4835996334181489096,1326,2026.02.02 17:16:34,23.71,4870127506541520464,25,24815.45,24816.87,24818.29,2,2,320,1770052594
RG2_DE40_PERIOD_M5_1769990400_1770414900_2017222542755637715,809456084590199099,5251,2026.02.06 03:54:22,27.59,14589008601779185383,3671174264489558097,1,24461.35,24462.78,24464.2,2,2,192,1770350062,16939334925216813031,5256,2026.02.06 03:55:27,27.44,3671174264489558097,7,24464.2,24465.78,24467.35,2,2,192,1770350127
RG2_DE40_PERIOD_M5_1769990400_1770414900_2017222542755637715,9750704667721223197,339,2026.02.02 04:00:00,25.81,1491251864755912300,7621803896647146989,1,24415.0,24416.0,24417.0,2,1,16,1770004800,347775539907405301,361,2026.02.02 04:54:00,25.49,7621803896647146989,33,24415.0,24416.0,24417.0,2,1,16,1770008040
RG2_DE40_PERIOD_M5_1769990400_1770414900_2017222542755637715,4769074364123552302,3789,2026.02.05 02:00:00,29.38,15105891483088953100,4267064250914356102,1,24641.0,24641.13,24641.27,2,2,144,1770256800,12329768800789914287,3827,2026.02.05 02:41:42,28.71,4267064250914356102,46,24641.0,24641.13,24641.27,2,2,144,1770259302
RG2_DE40_PERIOD_M5_1769990400_1770414900_2017222542755637715,2286409057230916898,3200,2026.02.04 11:00:36,15.08,15110544564875265601,538422654907224324,1,24685.35,24686.15,24686.94,2,2,320,1770202836,10543169780366719276,3206,2026.02.04 11:00:38,15.08,538422654907224324,7,24683.62,24684.49,24685.35,2,2,320,1770202838
RG2_DE40_PERIOD_M5_1769990400_1770414900_2017222542755637715,13063405375946963221,3760,2026.02.05 01:05:40,30.25,15124501344834337066,14178770427585276413,1,24665.0,24666.63,24668.27,2,2,192,1770253540,6771346813589775443,3869,2026.02.05 03:53:12,24.9,8738453332793770451,139,24666.0,24667.13,24668.27,2,2,144,1770263592
RG2_DE40_PERIOD_M5_1769990400_1770414900_2017222542755637715,1038125207547809823,801,2026.02.02 12:02:27,26.28,15394709667542992492,18360907001211344717,1,24613.97,24615.44,24616.9,2,2,192,1770033747,14740499394652729375,816,2026.02.02 12:06:34,26.3,18360907001211344717,17,24616.9,24618.34,24619.78,2,2,192,1770033994
RG2_DE40_PERIOD_M5_1769990400_1770414900_2017222542755637715,16213730387053801718,484,2026.02.02 07:00:00,24.41,15428772753547219868,11587591573377181926,1,24342.0,24342.0,24342.0,2,2,144,1770015600,16213730387053801718,484,2026.02.02 07:00:00,24.41,11587591573377181926,1,24342.0,24342.0,24342.0,2,2,144,1770015600
RG2_DE40_PERIOD_M5_1769990400_1770414900_2017222542755637715,12882765533550823911,5310,2026.02.06 11:00:00,22.76,15527441999834020327,6518716070648695294,1,24518.3,24529.12,24533.68,2,2,258,1770375600,8560305950653833482,5700,2026.02.06 14:17:15,24.54,6518716070648695294,431,24518.3,24529.12,24533.68,2,2,258,1770387435
RG2_DE40_PERIOD_M5_1769990400_1770414900_2017222542755637715,8820416291222108694,1491,2026.02.02 20:00:00,19.67,15892071775390424849,17212840611503826195,1,24616.9,24617.95,24619.0,2,2,144,1770062400,593741167419766492,1492,2026.02.02 20:25:00,18.97,17212840611503826195,6,24616.9,24617.95,24619.0,2,2,144,1770063900
RG2_DE40_PERIOD_M5_1769990400_1770414900_2017222542755637715,14971451466403723209,4800,2026.02.05 19:00:00,37.17,16142421226584493315,16251959637458663091,1,24306.87,24378.41,24443.45,11,4,912,1770318000,17729238424567174287,4801,2026.02.05 20:00:00,37.26,16251959637458663091,12,24306.87,24379.04,24443.45,11,4,912,1770321600
RG2_DE40_PERIOD_M5_1769990400_1770414900_2017222542755637715,114866636337830819,1408,2026.02.02 17:19:29,23.71,16409073479584739551,4754068423508486989,1,24843.11,24844.42,24845.73,2,2,192,1770052769,18114874452737754095,1422,2026.02.02 17:19:39,23.71,4754068423508486989,15,24845.73,24846.98,24848.22,2,2,192,1770052779
RG2_DE40_PERIOD_M5_1769990400_1770414900_2017222542755637715,5526001045938776809,3058,2026.02.04 09:23:36,12.35,16428183302543573752,14244320985965569336,1,24855.97,24856.39,24856.8,2,2,320,1770197016,16570494800889358351,3064,2026.02.04 09:29:00,12.22,13795506810710382801,8,24859.0,24859.35,24859.7,2,2,80,1770197340
RG2_DE40_PERIOD_M5_1769990400_1770414900_2017222542755637715,14688849389116754446,1632,2026.02.03 01:36:26,15.71,16522745669358510750,10854156434013076280,1,24904.97,24905.91,24906.85,2,2,320,1770082586,810775929790603098,1658,2026.02.03 04:00:00,11.99,16912224995141473789,53,24909.33,24910.02,24910.7,2,2,192,1770091200
RG2_DE40_PERIOD_M5_1769990400_1770414900_2017222542755637715,6021573623008299870,1660,2026.02.03 05:00:00,10.58,16566501405289274100,486648743534254843,1,24869.54,24876.54,24881.08,3,3,26,1770094800,4701197164491632526,2121,2026.02.03 12:00:00,16.57,10785305117817898521,540,24869.46,24876.03,24884.05,2,2,10,1770120000
RG2_DE40_PERIOD_M5_1769990400_1770414900_2017222542755637715,7467723732617211515,1,2026.02.02 01:05:00,23.19,1675762172772416899,6563190032244960020,1,24906.85,24908.09,24909.33,2,2,384,1769994300,13917635172156007465,1489,2026.02.02 19:00:00,21.33,6563190032244960020,1684,24906.85,24908.09,24909.33,2,2,384,1770058800
RG2_DE40_PERIOD_M5_1769990400_1770414900_2017222542755637715,7952767833166047595,2132,2026.02.03 13:00:30,17.92,16757808967581522214,8735531429147514415,1,24839.67,24840.62,24841.57,2,2,192,1770123630,5567928028019212079,2140,2026.02.03 13:00:38,17.92,8735531429147514415,9,24837.61,24838.64,24839.67,2,2,192,1770123638
RG2_DE40_PERIOD_M5_1769990400_1770414900_2017222542755637715,2328851204329227407,5307,2026.02.06 08:03:24,21.1,16775272046527082297,12740544072371857374,1,24538.8,24539.68,24540.55,2,2,320,1770365004,15438916491570832281,5319,2026.02.06 11:20:58,23.45,12740544072371857374,49,24540.55,24541.72,24542.89,2,2,320,1770376858
RG2_DE40_PERIOD_M5_1769990400_1770414900_2017222542755637715,8799025821297565028,3400,2026.02.04 12:35:00,18.41,17052438898707473750,10882254060947485342,1,24856.8,24857.9,24859.0,2,2,272,1770208500,12134817789699735012,3735,2026.02.04 22:25:00,30.51,10882254060947485342,435,24856.8,24857.9,24859.0,2,2,272,1770243900
RG2_DE40_PERIOD_M5_1769990400_1770414900_2017222542755637715,6008427671028673638,5288,2026.02.06 07:00:00,21.29,17068328171364107031,8913695409751498067,1,24481.93,24482.47,24483.0,2,2,144,1770361200,2328851204329227407,5307,2026.02.06 08:03:24,21.1,8913695409751498067,31,24481.93,24482.47,24483.0,2,2,144,1770365004
RG2_DE40_PERIOD_M5_1769990400_1770414900_2017222542755637715,17257621968332839320,3736,2026.02.05 01:02:00,29.9,17217204900814710705,9719419316716447947,1,24743.75,24746.68,24755.35,2,2,258,1770253320,10657833445438184824,4445,2026.02.05 14:55:42,26.71,9719419316716447947,862,24743.75,24746.68,24755.35,2,2,258,1770303342
RG2_DE40_PERIOD_M5_1769990400_1770414900_2017222542755637715,11827292763458098017,3403,2026.02.04 15:00:00,21.54,1744621331577977308,7240408934414971475,1,24823.0,24823.77,24824.53,2,2,144,1770217200,15648292579435617460,4803,2026.02.05 22:00:00,35.23,15602172387269188888,1705,24815.45,24820.55,24824.53,4,3,400,1770328800
RG2_DE40_PERIOD_M5_1769990400_1770414900_2017222542755637715,7467723732617211515,1,2026.02.02 01:05:00,23.19,17502749517080981799,5080700231979332305,1,24917.4,24920.45,24920.9,2,2,80,1769994300,13871993052837820211,1494,2026.02.02 22:00:00,17.08,5080700231979332305,1720,24917.4,24920.45,24920.9,2,2,80,1770069600
RG2_DE40_PERIOD_M5_1769990400_1770414900_2017222542755637715,17065481132705591308,4249,2026.02.05 13:00:00,24.21,1759677983219478515,2622567399582395270,1,24555.67,24556.83,24558.0,2,2,144,1770296400,17065481132705591308,4249,2026.02.05 13:00:00,24.21,2622567399582395270,1,24555.67,24556.83,24558.0,2,2,144,1770296400
RG2_DE40_PERIOD_M5_1769990400_1770414900_2017222542755637715,4257185951315814414,3942,2026.02.05 06:23:28,20.29,17730673103165983506,13894085867405604079,1,24546.17,24546.62,24547.07,2,2,192,1770272608,4257185951315814414,3942,2026.02.05 06:23:28,20.29,13894085867405604079,1,24546.17,24546.62,24547.07,2,2,192,1770272608
RG2_DE40_PERIOD_M5_1769990400_1770414900_2017222542755637715,8853646718295918777,2325,2026.02.03 16:04:14,21.0,1775648190864932900,16810561294058127042,1,24785.4,24786.6,24787.8,2,2,320,1770134654,6565954605251940851,2341,2026.02.03 16:05:50,21.19,16810561294058127042,18,24782.99,24784.19,24785.4,2,2,320,1770134750
RG2_DE40_PERIOD_M5_1769990400_1770414900_2017222542755637715,321983813567142886,3024,2026.02.04 08:00:00,12.88,17857448470054750646,16483006085906831853,1,24771.0,24771.5,24772.0,2,1,16,1770192000,321983813567142886,3024,2026.02.04 08:00:00,12.88,16483006085906831853,1,24771.0,24771.5,24772.0,2,1,16,1770192000
RG2_DE40_PERIOD_M5_1769990400_1770414900_2017222542755637715,2915636556092589990,3631,2026.02.04 19:27:14,28.88,17943329319476297912,13829659451750844463,1,24555.67,24557.34,24559.02,2,2,192,1770233234,14676773524541932321,3645,2026.02.04 19:29:18,28.88,13829659451750844463,15,24552.28,24553.97,24555.67,2,2,192,1770233358
RG2_DE40_PERIOD_M5_1769990400_1770414900_2017222542755637715,1525488921908682032,5420,2026.02.06 12:00:00,23.84,18245253367878270606,5549460930994688630,1,24641.27,24642.49,24643.71,2,2,132,1770379200,14631429406982319608,6151,2026.02.06 21:48:37,19.2,14683421018995964014,845,24626.38,24635.87,24641.27,4,4,150,1770414517
RG2_DE40_PERIOD_M5_1769990400_1770414900_2017222542755637715,7467723732617211515,1,2026.02.02 01:05:00,23.19,18345357321004942330,4273824250816959668,1,24735.13,24750.43,24767.15,4,3,896,1769994300,8296527230705437584,2888,2026.02.03 22:25:00,26.22,3129926037598798965,3356,24735.13,24751.91,24767.15,4,4,898,1770157500
RG2_DE40_PERIOD_M5_1769990400_1770414900_2017222542755637715,7467723732617211515,1,2026.02.02 01:05:00,23.19,1934989906199458642,13811142086659749828,1,25356.0,25357.15,25358.3,2,2,384,1769994300,8820416291222108694,1491,2026.02.02 20:00:00,19.67,13811142086659749828,1696,25356.0,25357.15,25358.3,2,2,384,1770062400
RG2_DE40_PERIOD_M5_1769990400_1770414900_2017222542755637715,17257621968332839320,3736,2026.02.05 01:02:00,29.9,203180632127780063,11937213702332154042,1,24924.45,25116.9,25308.33,19,5,976,1770253320,14631429406982319608,6151,2026.02.06 21:48:37,19.2,5702392397034487888,2881,25092.4,25104.03,25105.15,2,2,320,1770414517
RG2_DE40_PERIOD_M5_1769990400_1770414900_2017222542755637715,5434890073494552592,3918,2026.02.05 06:00:00,20.92,2288222448765307848,14321662680321275936,1,24641.27,24641.63,24642.0,2,2,144,1770271200,5819366188742027180,3944,2026.02.05 06:24:11,20.29,14321662680321275936,31,24641.27,24641.63,24642.0,2,2,144,1770272651
RG2_DE40_PERIOD_M5_1769990400_1770414900_2017222542755637715,4814843322935793708,4183,2026.02.05 11:05:40,21.29,276196239320217154,1632628535665269879,1,24457.83,24459.09,24460.34,2,2,192,1770289540,225323743729802412,4192,2026.02.05 11:42:28,22.65,1632628535665269879,17,24455.82,24456.83,24457.83,2,2,192,1770291748
RG2_DE40_PERIOD_M5_1769990400_1770414900_2017222542755637715,7134349335969275814,2889,2026.02.04 01:02:00,25.95,3014254910988079342,10653824097747748484,1,25028.3,25145.0,25308.33,18,5,976,1770166920,12134817789699735012,3735,2026.02.04 22:25:00,30.51,10653824097747748484,1075,25028.3,25145.0,25308.33,18,5,976,1770243900
RG2_DE40_PERIOD_M5_1769990400_1770414900_2017222542755637715,15366577191786310144,568,2026.02.02 10:46:04,26.37,3256076413460975455,14753870093343909176,1,24537.7,24539.13,24540.55,2,2,320,1770029164,8631203780109003007,585,2026.02.02 10:51:28,26.33,14753870093343909176,20,24540.55,24542.02,24543.49,2,2,320,1770029488
RG2_DE40_PERIOD_M5_1769990400_1770414900_2017222542755637715,14066876302269491907,1495,2026.02.03 01:02:00,16.22,3330181239806725461,14548994854976895234,1,25028.3,25123.7,25290.37,17,3,896,1770080520,16814158769322589561,1870,2026.02.03 10:10:32,12.63,14548994854976895234,475,25028.3,25123.7,25290.37,17,3,896,1770113432
RG2_DE40_PERIOD_M5_1769990400_1770414900_2017222542755637715,14894965486290807732,1210,2026.02.02 17:00:00,24.01,3340046219018552946,13613710132544922451,1,24528.0,24529.0,24530.0,2,1,16,1770051600,2603003426958666124,1487,2026.02.02 17:25:40,23.43,13613710132544922451,283,24528.0,24529.0,24530.0,2,1,16,1770053140
RG2_DE40_PERIOD_M5_1769990400_1770414900_2017222542755637715,14066876302269491907,1495,2026.02.03 01:02:00,16.22,3462267434988700616,15523432546386371917,1,24845.73,24846.52,24847.3,2,2,192,1770080520,5717996067786045887,1502,2026.02.03 01:02:19,16.22,15523432546386371917,8,24845.73,24846.64,24847.55,2,2,192,1770080539
RG2_DE40_PERIOD_M5_1769990400_1770414900_2017222542755637715,6422912775630963932,2223,2026.02.03 14:00:00,19.24,3694766166485656175,486648743534254843,1,24869.46,24878.69,24884.05,3,3,26,1770127200,6422912775630963932,2225,2026.02.03 14:55:00,20.64,486648743534254843,12,24869.46,24878.69,24884.05,3,3,26,1770130500
RG2_DE40_PERIOD_M5_1769990400_1770414900_2017222542755637715,2370164397881375650,547,2026.02.02 10:43:38,26.26,3741524350995752459,1682471443152525873,1,24525.07,24526.53,24528.0,2,2,80,1770029018,9599245520904862754,557,2026.02.02 10:44:39,26.26,1682471443152525873,11,24528.0,24529.36,24530.73,2,2,80,1770029079
RG2_DE40_PERIOD_M5_1769990400_1770414900_2017222542755637715,8115368252533230887,5075,2026.02.06 02:00:00,31.74,3836280730542481943,463524904097853873,1,24409.0,24409.4,24409.8,2,2,80,1770343200,10513674088004878189,5174,2026.02.06 03:38:23,28.9,463524904097853873,117,24409.0,24410.14,24411.28,2,2,80,1770349103
RG2_DE40_PERIOD_M5_1769990400_1770414900_2017222542755637715,7467723732617211515,1,2026.02.02 01:05:00,23.19,3850883375901714627,11213165919129636851,1,24973.37,24973.7,24974.03,2,1,128,1769994300,8296527230705437584,2888,2026.02.03 22:25:00,26.22,11213165919129636851,3356,24973.37,24973.7,24974.03,2,1,128,1770157500
RG2_DE40_PERIOD_M5_1769990400_1770414900_2017222542755637715,7467723732617211515,1,2026.02.02 01:05:00,23.19,3956582486185657556,10265267532762659347,1,23900.37,23972.88,24045.4,3,3,896,1769994300,13871993052837820211,1494,2026.02.02 22:00:00,17.08,10265267532762659347,1720,23900.37,23972.88,24045.4,3,3,896,1770069600
RG2_DE40_PERIOD_M5_1769990400_1770414900_2017222542755637715,10540784763361180052,76,2026.02.02 01:11:39,24.16,4056898649452444044,14146397713154447554,1,24373.05,24374.43,24375.8,2,2,320,1769994699,16208478091637495933,334,2026.02.02 03:48:24,25.59,14146397713154447554,288,24370.6,24371.83,24373.05,2,2,320,1770004104
RG2_DE40_PERIOD_M5_1769990400_1770414900_2017222542755637715,5079172818442397624,3022,2026.02.04 06:00:00,16.74,4338980495314412681,16483006085906831853,1,24771.0,24771.0,24771.0,2,1,16,1770184800,5079172818442397624,3022,2026.02.04 06:00:00,16.74,16483006085906831853,1,24771.0,24771.0,24771.0,2,1,16,1770184800
RG2_DE40_PERIOD_M5_1769990400_1770414900_2017222542755637715,12573709821945324562,6138,2026.02.06 20:49:29,20.55,4515493819636805729,8702730173661293534,1,24741.65,24742.7,24743.75,2,2,320,1770410969,1971193714639951538,6149,2026.02.06 21:48:33,19.2,8702730173661293534,25,24743.75,24744.61,24745.47,2,2,320,1770414513
RG2_DE40_PERIOD_M5_1769990400_1770414900_2017222542755637715,6647675436959673537,3406,2026.02.04 17:20:00,26.51,4596333862303511292,6518716070648695294,1,24513.2,24526.7,24532.25,2,2,258,1770225600,8603093473566854418,4053,2026.02.05 10:59:42,20.88,1750722434451929095,810,24517.3,24525.14,24532.25,3,3,322,1770289182
RG2_DE40_PERIOD_M5_1769990400_1770414900_2017222542755637715,7394882164710302832,608,2026.02.02 10:52:28,26.33,4745285460837220635,15404467639239317501,1,24552.67,24554.17,24555.67,2,2,192,1770029548,2130701734019449700,627,2026.02.02 10:57:24,26.43,15404467639239317501,21,24555.67,24557.25,24558.83,2,2,192,1770029844
RG2_DE40_PERIOD_M5_1769990400_1770414900_2017222542755637715,10014827805199431939,1602,2026.02.03 01:08:30,16.26,4850812679119177234,17943734478610115121,1,24889.97,24890.89,24891.8,2,2,192,1770080910,11474603348219828512,1612,2026.02.03 01:35:19,15.71,17943734478610115121,17,24891.8,24892.48,24893.16,2,2,192,1770082519
RG2_DE40_PERIOD_M5_1769990400_1770414900_2017222542755637715,15253521633838145555,315,2026.02.02 02:00:00,24.25,4869027959030197686,6816691726067294129,1,24488.0,24488.25,24488.5,2,2,80,1769997600,15253521633838145555,315,2026.02.02 02:00:00,24.25,6816691726067294129,1,24488.0,24488.25,24488.5,2,2,80,1769997600
RG2_DE40_PERIOD_M5_1769990400_1770414900_2017222542755637715,2691482981260226121,3731,2026.02.04 21:55:00,30.62,4901109330972979061,16102303636646252854,1,24542.5,24544.33,24546.17,2,2,384,1770242100,16640955728476240050,3734,2026.02.04 22:15:00,30.63,16102303636646252854,4,24542.5,24544.33,24546.17,2,2,384,1770243300
RG2_DE40_PERIOD_M5_1769990400_1770414900_2017222542755637715,10565333779496638907,4802,2026.02.05 21:00:00,36.34,4945723246557658114,4868701964966093860,1,24306.87,24395.08,24457.83,14,6,922,1770325200,14631429406982319608,6151,2026.02.06 21:48:37,19.2,2607994495507458571,1601,24306.87,24377.85,24443.45,14,6,922,1770414517
RG2_DE40_PERIOD_M5_1769990400_1770414900_2017222542755637715,1087378319735369986,6136,2026.02.06 20:00:00,21.74,5130277446703131420,13966151725160365843,1,24616.0,24616.45,24616.9,2,2,144,1770408000,8602299858477111214,6139,2026.02.06 20:49:30,20.55,13966151725160365843,12,24616.0,24616.45,24616.9,2,2,144,1770410970
RG2_DE40_PERIOD_M5_1769990400_1770414900_2017222542755637715,4065484150351551758,3183,2026.02.04 11:00:00,15.08,5366829058691014629,12874910945300270927,1,24785.4,24786.2,24787.0,2,2,272,1770202800,15433175877304904169,3398,2026.02.04 11:21:40,15.98,12874910945300270927,220,24785.4,24786.2,24787.0,2,2,272,1770204100
RG2_DE40_PERIOD_M5_1769990400_1770414900_2017222542755637715,16247358952546387042,4248,2026.02.05 12:00:00,23.28,5436576195633972648,6518716070648695294,1,24518.22,24528.41,24532.25,2,2,258,1770292800,16247358952546387042,4248,2026.02.05 12:00:00,23.28,6518716070648695294,1,24518.22,24528.41,24532.25,2,2,258,1770292800
RG2_DE40_PERIOD_M5_1769990400_1770414900_2017222542755637715,9432931295485265450,786,2026.02.02 12:00:00,26.28,5474329864982719661,10307847933106402102,1,24503.25,24507.06,24517.68,2,2,258,1770033600,13871993052837820211,1494,2026.02.02 22:00:00,17.08,10307847933106402102,817,24503.25,24507.06,24517.68,2,2,258,1770069600
RG2_DE40_PERIOD_M5_1769990400_1770414900_2017222542755637715,14498417946160418571,2999,2026.02.04 03:21:59,23.11,563427498152032609,7894761102308076564,1,24807.6,24808.8,24810.0,2,2,80,1770175319,4369304708284586000,3010,2026.02.04 03:26:00,22.9,11651554055988568726,13,24815.45,24816.28,24817.1,2,2,320,1770175560
RG2_DE40_PERIOD_M5_1769990400_1770414900_2017222542755637715,4461747210472496600,4804,2026.02.06 01:02:00,33.81,5663188225991896495,8689256084990030082,1,23992.17,24144.58,24265.65,17,4,960,1770339720,14631429406982319608,6151,2026.02.06 21:48:37,19.2,5670784140711552921,1577,23992.17,24147.73,24265.65,18,4,960,1770414517
RG2_DE40_PERIOD_M5_1769990400_1770414900_2017222542755637715,7467723732617211515,1,2026.02.02 01:05:00,23.19,5704702110894230295,9725021124214068702,1,24932.7,24944.78,24948.2,2,2,320,1769994300,6107445684447722313,1701,2026.02.03 09:11:36,11.04,9725021124214068702,2026,24932.7,24944.78,24948.2,2,2,320,1770109896
RG2_DE40_PERIOD_M5_1769990400_1770414900_2017222542755637715,14066876302269491907,1495,2026.02.03 01:02:00,16.22,5740269325247150250,3096239252841182278,1,23900.37,24115.14,24265.65,13,4,960,1770080520,15648292579435617460,4803,2026.02.05 22:00:00,35.23,751554194565034242,4005,23900.37,24121.11,24265.65,17,4,960,1770328800
RG2_DE40_PERIOD_M5_1769990400_1770414900_2017222542755637715,11345762346646418092,2222,2026.02.03 13:15:00,18.44,5842344406259370724,13982062862547530398,1,24856.8,24857.9,24859.0,2,2,272,1770124500,16560639996140915713,3020,2026.02.04 05:00:00,18.62,10882254060947485342,947,24856.8,24857.9,24859.0,2,2,272,1770181200
RG2_DE40_PERIOD_M5_1769990400_1770414900_2017222542755637715,6578860836853891794,3929,2026.02.05 06:21:13,20.29,5904668620407804808,12159854220989419055,1,24555.67,24556.78,24557.9,2,2,192,1770272473,18383409280750617504,3940,2026.02.05 06:23:00,20.29,12159854220989419055,12,24553.9,24554.78,24555.67,2,2,192,1770272580
RG2_DE40_PERIOD_M5_1769990400_1770414900_2017222542755637715,17808788233453093175,5308,2026.02.06 09:00:00,21.37,5993894926693170898,236084576987930784,1,24495.0,24495.0,24495.0,2,1,16,1770368400,17808788233453093175,5308,2026.02.06 09:00:00,21.37,236084576987930784,1,24495.0,24495.0,24495.0,2,1,16,1770368400
RG2_DE40_PERIOD_M5_1769990400_1770414900_2017222542755637715,15746497582721229113,3650,2026.02.04 19:29:20,28.88,6076953145572315207,10443154893964567279,1,24546.17,24547.72,24549.27,2,2,192,1770233360,500804227509310419,3668,2026.02.04 19:29:30,28.88,13060001895125988572,19,24539.04,24540.77,24542.5,2,2,320,1770233370
RG2_DE40_PERIOD_M5_1769990400_1770414900_2017222542755637715,6008427671028673638,5288,2026.02.06 07:00:00,21.29,6098480300572960761,3815498773241798528,1,24457.0,24457.42,24457.83,2,2,144,1770361200,2328851204329227407,5307,2026.02.06 08:03:24,21.1,3815498773241798528,31,24457.0,24457.42,24457.83,2,2,144,1770365004
RG2_DE40_PERIOD_M5_1769990400_1770414900_2017222542755637715,16213730387053801718,484,2026.02.02 07:00:00,24.41,6219828567906049132,6816691726067294129,1,24506.0,24506.35,24506.7,2,2,80,1770015600,2149276257482677390,494,2026.02.02 08:52:35,24.91,6816691726067294129,32,24506.0,24506.35,24506.7,2,2,80,1770022355
RG2_DE40_PERIOD_M5_1769990400_1770414900_2017222542755637715,7134349335969275814,2889,2026.02.04 01:02:00,25.95,6517917781171292118,1959058459976114781,1,24340.73,24386.46,24443.45,8,4,912,1770166920,5014370192640149953,4247,2026.02.05 11:48:40,22.94,3654130022110746818,1711,24306.87,24380.09,24443.45,11,4,960,1770292120
RG2_DE40_PERIOD_M5_1769990400_1770414900_2017222542755637715,2596608404964356262,5280,2026.02.06 04:04:33,27.01,6547820622482443101,12197982514866648446,1,24491.79,24493.4,24495.0,2,2,80,1770350673,14017732962807451467,5289,2026.02.06 07:52:03,20.91,12197982514866648446,52,24495.0,24495.83,24496.67,2,2,80,1770364323
RG2_DE40_PERIOD_M5_1769990400_1770414900_2017222542755637715,4122959980007328383,3107,2026.02.04 10:15:37,13.59,6657612931628613364,6871830239957196414,1,24877.42,24878.21,24879.0,2,2,80,1770200137,15648292579435617460,4803,2026.02.05 22:00:00,35.23,6005955226030284414,2053,24869.2,24878.85,24879.0,2,2,80,1770328800
RG2_DE40_PERIOD_M5_1769990400_1770414900_2017222542755637715,15216298102299768066,2235,2026.02.03 15:43:53,21.06,6980779110176202881,17575191424221064902,1,24810.0,24811.16,24812.32,2,2,80,1770133433,2407820035642258988,2250,2026.02.03 15:45:34,20.93,17575191424221064902,17,24807.56,24808.78,24810.0,2,2,80,1770133534
RG2_DE40_PERIOD_M5_1769990400_1770414900_2017222542755637715,14066876302269491907,1495,2026.02.03 01:02:00,16.22,7126646923803304031,5980484880721644793,1,24596.77,24631.46,24663.95,5,3,896,1770080520,15974931926824673251,3783,2026.02.05 01:56:38,29.44,14737814240485767690,2771,24631.66,24633.33,24635.0,2,2,80,1770256598
RG2_DE40_PERIOD_M5_1769990400_1770414900_2017222542755637715,7467723732617211515,1,2026.02.02 01:05:00,23.19,7139766980203632624,13419202134068307040,1,24563.2,24619.29,24663.95,9,5,914,1769994300,13871993052837820211,1494,2026.02.02 22:00:00,17.08,10661819888665142882,1720,24563.2,24616.93,24663.95,8,4,912,1770069600
RG2_DE40_PERIOD_M5_1769990400_1770414900_2017222542755637715,4441794963247160054,2509,2026.02.03 16:55:29,22.99,7279097012005525057,7381300222901478519,1,24731.13,24731.75,24732.36,2,2,192,1770137729,477649136203923285,2527,2026.02.03 16:55:38,22.99,7381300222901478519,19,24728.59,24729.86,24731.13,2,2,192,1770137738
RG2_DE40_PERIOD_M5_1769990400_1770414900_2017222542755637715,7467723732617211515,1,2026.02.02 01:05:00,23.19,729868249524853505,9464306019598594964,1,24435.51,24442.35,24448.58,4,4,154,1769994300,13871993052837820211,1494,2026.02.02 22:00:00,17.08,7201260446727896316,1720,24442.0,24442.45,24443.3,3,3,152,1770069600
RG2_DE40_PERIOD_M5_1769990400_1770414900_2017222542755637715,9432931295485265450,786,2026.02.02 12:00:00,26.28,7334790339141716719,12044623650259388243,1,24464.2,24465.1,24466.0,2,2,144,1770033600,975354366483219838,843,2026.02.02 12:32:35,25.91,12044623650259388243,65,24464.2,24465.1,24466.0,2,2,144,1770035555
RG2_DE40_PERIOD_M5_1769990400_1770414900_2017222542755637715,16247358952546387042,4248,2026.02.05 12:00:00,23.28,7345748542908265246,17149568541354366217,1,24306.87,24395.47,24457.83,14,6,970,1770292800,10657833445438184824,4445,2026.02.05 14:55:42,26.71,17149568541354366217,230,24306.87,24390.83,24457.83,14,6,970,1770303342
RG2_DE40_PERIOD_M5_1769990400_1770414900_2017222542755637715,8453811608206231158,4446,2026.02.05 15:00:00,27.01,7594445708263060041,3654130022110746818,1,24306.87,24374.18,24443.45,11,4,960,1770303600,11446085831638611619,4697,2026.02.05 15:58:15,29.09,3654130022110746818,262,24306.87,24369.41,24443.45,11,4,960,1770307095
RG2_DE40_PERIOD_M5_1769990400_1770414900_2017222542755637715,15931603992684820791,5548,2026.02.06 13:00:54,24.36,7645765439486094314,5828812948808395281,1,24614.01,24615.46,24616.9,2,2,192,1770382854,3492338693959863071,5567,2026.02.06 13:01:34,24.36,5828812948808395281,20,24616.9,24618.26,24619.61,2,2,192,1770382894
RG2_DE40_PERIOD_M5_1769990400_1770414900_2017222542755637715,7467723732617211515,1,2026.02.02 01:05:00,23.19,7766701503766564184,2945648763226817481,1,24827.1,24836.73,24840.5,2,2,130,1769994300,18101470440361437362,1490,2026.02.02 19:25:00,20.61,2945648763226817481,1689,24825.78,24835.7,24839.67,2,2,130,1770060300
RG2_DE40_PERIOD_M5_1769990400_1770414900_2017222542755637715,6422912775630963932,2223,2026.02.03 14:00:00,19.24,7870929122601827591,9817648671910854330,1,24815.21,24818.33,24827.22,2,2,258,1770127200,2368277290424283112,2304,2026.02.03 15:52:37,20.86,9817648671910854330,100,24815.21,24818.33,24827.22,2,2,258,1770133957
RG2_DE40_PERIOD_M5_1769990400_1770414900_2017222542755637715,1310792424543820741,2887,2026.02.03 22:00:00,26.46,7997480679913640947,6518716070648695294,1,24513.2,24526.7,24532.25,2,2,258,1770156000,1310792424543820741,2887,2026.02.03 22:00:00,26.46,6518716070648695294,1,24513.2,24526.7,24532.25,2,2,258,1770156000
RG2_DE40_PERIOD_M5_1769990400_1770414900_2017222542755637715,4461747210472496600,4804,2026.02.06 01:02:00,33.81,8112619429800088947,10949653447887038487,1,24811.35,24893.93,25029.97,15,5,976,1770339720,14631429406982319608,6151,2026.02.06 21:48:37,19.2,10949653447887038487,1577,24811.35,24893.93,25029.97,15,5,976,1770414517
RG2_DE40_PERIOD_M5_1769990400_1770414900_2017222542755637715,12196317554615797174,1688,2026.02.03 08:00:00,10.92,8182367436980275010,8067746539922338691,1,24909.33,24909.67,24910.0,2,2,144,1770105600,13271238647556911367,1708,2026.02.03 09:38:13,11.49,8067746539922338691,38,24909.33,24909.67,24910.0,2,2,144,1770111493
RG2_DE40_PERIOD_M5_1769990400_1770414900_2017222542755637715,17276807059776655339,2981,2026.02.04 03:00:00,24.28,8742429560123533241,11281677666915122150,1,24731.13,24731.57,24732.0,2,2,144,1770174000,10525512049558854214,3014,2026.02.04 03:27:59,22.9,11281677666915122150,39,24731.13,24731.57,24732.0,2,2,144,1770175679
RG2_DE40_PERIOD_M5_1769990400_1770414900_2017222542755637715,7467723732617211515,1,2026.02.02 01:05:00,23.19,8782964880967445335,16928316431080385865,1,24189.3,24227.69,24281.1,5,4,960,1769994300,13871993052837820211,1494,2026.02.02 22:00:00,17.08,10322315710655004597,1720,24189.3,24218.51,24265.65,6,5,976,1770069600
RG2_DE40_PERIOD_M5_1769990400_1770414900_2017222542755637715,10525512049558854214,3014,2026.02.04 03:27:59,22.9,8802943099476412843,5912972033123824721,1,24823.1,24823.82,24824.53,2,2,192,1770175679,18000798209090449553,3182,2026.02.04 10:55:15,14.91,7240408934414971475,254,24824.0,24824.27,24824.53,2,2,144,1770202515
RG2_DE40_PERIOD_M5_1769990400_1770414900_2017222542755637715,14999405603719316926,359,2026.02.02 04:53:35,25.49,8942745367459336820,13456528951305739895,1,24342.0,24343.2,24344.4,2,2,192,1770008015,15934970770584866283,364,2026.02.02 05:14:12,24.95,13456528951305739895,9,24340.01,24341.0,24342.0,2,2,192,1770009252
RG2_DE40_PERIOD_M5_1769990400_1770414900_2017222542755637715,5214614392799466075,3737,2026.02.05 01:02:05,29.9,9002577986386635340,5727365990120604157,1,24639.4,24640.33,24641.27,2,2,192,1770253325,985526031399067414,3738,2026.02.05 01:02:15,29.9,5727365990120604157,2,24641.27,24641.88,24642.49,2,2,192,1770253335
RG2_DE40_PERIOD_M5_1769990400_1770414900_2017222542755637715,14322473712197111646,5449,2026.02.06 12:48:26,24.3,900268895536012685,13863925825272966456,1,24585.05,24586.35,24587.65,2,2,320,1770382106,1494755263351993491,5476,2026.02.06 12:50:01,24.32,13863925825272966456,29,24587.65,24589.01,24590.38,2,2,320,1770382201
RG2_DE40_PERIOD_M5_1769990400_1770414900_2017222542755637715,17494519550015895919,3036,2026.02.04 09:01:55,12.23,9061516914534730544,9164128726901386321,1,24838.34,24839.0,24839.67,2,2,192,1770195715,12219465299324308758,3038,2026.02.04 09:02:00,12.23,9164128726901386321,3,24839.67,24839.93,24840.2,2,2,192,1770195720
RG2_DE40_PERIOD_M5_1769990400_1770414900_2017222542755637715,14066876302269491907,1495,2026.02.03 01:02:00,16.22,9079531380118874630,15692099117083084181,1,24373.05,24373.53,24374.0,2,2,272,1770080520,8296527230705437584,2888,2026.02.03 22:25:00,26.22,15692099117083084181,1625,24373.05,24373.53,24374.0,2,2,272,1770157500
RG2_DE40_PERIOD_M5_1769990400_1770414900_2017222542755637715,12804785440887187204,2718,2026.02.03 19:13:13,25.0,9132658509145653305,5773076855596812042,1,24680.05,24681.5,24682.96,2,2,320,1770145993,15608092218165970049,2745,2026.02.03 20:13:28,25.49,5773076855596812042,39,24677.04,24678.54,24680.05,2,2,320,1770149608
RG2_DE40_PERIOD_M5_1769990400_1770414900_2017222542755637715,8453811608206231158,4446,2026.02.05 15:00:00,27.01,925403339826635565,8738453332793770451,1,24666.0,24667.13,24668.27,2,2,144,1770303600,11446085831638611619,4697,2026.02.05 15:58:15,29.09,8738453332793770451,262,24666.0,24667.13,24668.27,2,2,144,1770307095
RG2_DE40_PERIOD_M5_1769990400_1770414900_2017222542755637715,9481574689191105115,3946,2026.02.05 08:00:00,18.92,968123753673597679,8738453332793770451,1,24667.0,24667.63,24668.27,2,2,144,1770278400,9481574689191105115,3946,2026.02.05 08:00:00,18.92,8738453332793770451,1,24667.0,24667.63,24668.27,2,2,144,1770278400
RG2_DE40_PERIOD_M5_1769990400_1770414900_2017222542755637715,14121242042054826069,3040,2026.02.04 09:02:04,12.23,9864704173267316316,7640733944078223181,1,24844.7,24845.22,24845.73,2,2,192,1770195724,5219192065841961529,3042,2026.02.04 09:12:22,12.42,7640733944078223181,5,24845.73,24846.34,24846.94,2,2,192,1770196342
RG2_DE40_PERIOD_M5_1769990400_1770414900_2017222542755637715,17239194838093216590,3924,2026.02.05 06:20:41,20.29,994309942194747528,14521403987572602562,1,24562.9,24562.97,24563.05,2,2,320,1770272441,16264745688343344989,3925,2026.02.05 06:21:01,20.29,14521403987572602562,2,24561.65,24562.35,24563.05,2,2,320,1770272461
RG2_DE40_PERIOD_M5_1776038400_1776462900_3312069574877448041,10563862378111027459,995,2026.04.14 11:00:00,14.51,10233269465755338636,11488347677338557174,1,22398.94,22415.34,22421.13,2,2,130,1776164400,13890776911177642647,1086,2026.04.14 12:10:00,16.67,11488347677338557174,101,22398.94,22415.34,22421.13,2,2,130,1776168600
RG2_DE40_PERIOD_M5_1776038400_1776462900_3312069574877448041,5244589748176085665,283,2026.04.13 13:15:00,19.19,1028410978040991158,16922404365786484737,1,24082.95,24174.94,24251.5,10,4,960,1776086100,12483262420264924180,725,2026.04.13 22:58:37,23.33,16922404365786484737,542,24082.95,24174.94,24251.5,10,4,960,1776121117
RG2_DE40_PERIOD_M5_1776038400_1776462900_3312069574877448041,17181760235101315667,1261,2026.04.15 05:00:00,11.35,10309444072693483904,16163113517742730342,1,24031.7,24138.62,24278.33,26,6,978,1776229200,15838892381732520537,1356,2026.04.15 11:42:40,13.81,434638358015332114,172,24031.7,24141.13,24278.33,25,6,978,1776253360
RG2_DE40_PERIOD_M5_1776038400_1776462900_3312069574877448041,7047627933810793918,1565,2026.04.16 08:00:00,9.86,10341246974674069017,8330263542245182822,1,23495.47,23550.02,23591.75,7,3,896,1776326400,2844114418592866961,2988,2026.04.17 21:00:00,32.13,12149412581399683929,1805,23509.4,23546.22,23577.3,4,4,898,1776459600
RG2_DE40_PERIOD_M5_1776038400_1776462900_3312069574877448041,17354848012571327129,284,2026.04.13 13:35:00,19.12,10729301795579024637,289636959312629167,1,24082.95,24166.44,24249.2,9,4,960,1776087300,17354848012571327129,284,2026.04.13 13:35:00,19.12,289636959312629167,1,24082.95,24166.44,24249.2,9,4,960,1776087300
RG2_DE40_PERIOD_M5_1776038400_1776462900_3312069574877448041,18261386698405693138,571,2026.04.13 19:33:38,24.89,11055865365155216771,7785890847928237137,1,23838.93,23840.1,23841.27,2,2,192,1776108818,17429567619928381752,582,2026.04.13 19:33:41,24.89,5855096651826601981,12,23846.5,23847.57,23848.64,2,2,192,1776108821
RG2_DE40_PERIOD_M5_1776038400_1776462900_3312069574877448041,2263946796779923987,726,2026.04.14 01:02:00,23.1,1110198727161503547,3696266958906608447,1,22829.07,22983.97,23131.2,6,3,896,1776128520,9893042740062600529,1113,2026.04.14 22:15:00,18.69,3696266958906608447,613,22829.07,22983.97,23131.2,6,3,896,1776204900
RG2_DE40_PERIOD_M5_1776038400_1776462900_3312069574877448041,10102404495272975947,2737,2026.04.17 16:00:00,22.14,11239059319348178002,2151283490767522038,1,24053.8,24158.03,24278.33,30,6,922,1776441600,2844114418592866961,2988,2026.04.17 21:00:00,32.13,2151283490767522038,306,24038.24,24157.57,24278.33,30,6,922,1776459600
RG2_DE40_PERIOD_M5_1776038400_1776462900_3312069574877448041,1763136262438097015,1802,2026.04.16 18:00:00,21.08,11293472278863642273,9153930804134956374,1,23645.2,23646.06,23646.92,2,2,132,1776362400,1763136262438097015,1802,2026.04.16 18:00:00,21.08,9153930804134956374,1,23645.2,23646.06,23646.92,2,2,132,1776362400
RG2_DE40_PERIOD_M5_1776038400_1776462900_3312069574877448041,8009767464285742600,1397,2026.04.15 20:00:00,22.91,11440479809753535160,12339188898866954887,1,22807.1,22961.07,23131.2,6,4,898,1776283200,15336861796149837777,1400,2026.04.15 22:00:00,19.76,12339188898866954887,24,22807.1,22961.07,23131.2,6,4,898,1776290400
RG2_DE40_PERIOD_M5_1776038400_1776462900_3312069574877448041,8456873993687767214,898,2026.04.14 07:00:00,9.79,11729941429474985243,15079510106869803508,1,23237.0,23349.69,23458.7,12,6,980,1776150000,17524244269709141920,1295,2026.04.15 07:00:00,10.46,13419380586038299906,635,23245.73,23370.35,23426.0,10,6,980,1776236400
RG2_DE40_PERIOD_M5_1776038400_1776462900_3312069574877448041,14094951550640481879,1114,2026.04.15 01:02:00,18.39,11980961576354169581,1089251523648981651,1,23686.03,23687.03,23688.03,2,1,128,1776214920,16656412296869343419,1171,2026.04.15 01:17:38,18.22,1089251523648981651,62,23686.03,23687.03,23688.03,2,1,128,1776215858
RG2_DE40_PERIOD_M5_1776038400_1776462900_3312069574877448041,15479015213311799040,279,2026.04.13 11:05:00,19.25,12013890034907587783,16922404365786484737,1,24082.95,24174.94,24251.5,10,4,960,1776078300,15479015213311799040,279,2026.04.13 11:05:00,19.25,16922404365786484737,1,24082.95,24174.94,24251.5,10,4,960,1776078300
RG2_DE40_PERIOD_M5_1776038400_1776462900_3312069574877448041,3425622373251148248,1112,2026.04.14 22:00:00,19.03,12116913210610068675,7486674976073280607,1,22569.37,22632.18,22723.3,5,4,898,1776204000,9893042740062600529,1113,2026.04.14 22:15:00,18.69,7486674976073280607,4,22569.37,22632.18,22723.3,5,4,898,1776204900
RG2_DE40_PERIOD_M5_1776038400_1776462900_3312069574877448041,14293992593519779677,13,2026.04.13 01:05:25,23.77,12186941482540513510,8816288124287220241,1,23455.45,23456.29,23457.13,2,2,192,1776042325,1022906227083475428,14,2026.04.13 01:05:26,23.77,8816288124287220241,2,23457.13,23457.46,23457.78,2,2,192,1776042326
RG2_DE40_PERIOD_M5_1776038400_1776462900_3312069574877448041,4390599101107411540,1359,2026.04.15 13:00:00,15.71,12340423027293160138,9422368448312454268,1,24075.2,24076.1,24077.0,2,2,272,1776258000,12959210285879541214,1388,2026.04.15 14:46:41,19.08,9422368448312454268,47,24075.2,24076.1,24077.0,2,2,272,1776264401
RG2_DE40_PERIOD_M5_1776038400_1776462900_3312069574877448041,7726638320693569592,1296,2026.04.15 08:00:00,9.75,12362946485429886760,11689009283621246730,1,24008.9,24009.45,24010.0,2,2,80,1776240000,7726638320693569592,1296,2026.04.15 08:00:00,9.75,11689009283621246730,1,24008.9,24009.45,24010.0,2,2,80,1776240000
RG2_DE40_PERIOD_M5_1776038400_1776462900_3312069574877448041,5733970362812420174,1357,2026.04.15 11:50:00,14.21,12489104253718770086,18385418814834362150,1,24035.52,24045.18,24062.23,4,3,146,1776253800,16780883937539424647,1396,2026.04.15 19:00:00,23.57,18385418814834362150,112,24035.52,24050.43,24062.23,4,3,146,1776279600
RG2_DE40_PERIOD_M5_1776038400_1776462900_3312069574877448041,12530660321387774053,288,2026.04.13 16:00:00,21.94,12560389942940442163,484254039358399712,1,23593.15,23665.7,23756.4,7,4,960,1776096000,14585790070187659517,408,2026.04.13 16:50:41,23.56,484254039358399712,131,23593.15,23683.98,23756.4,7,4,960,1776099041
RG2_DE40_PERIOD_M5_1776038400_1776462900_3312069574877448041,18155242781382764817,190,2026.04.13 04:00:00,24.79,12568577133611091659,7306750311501131444,1,23237.0,23369.91,23458.7,8,4,464,1776052800,12483262420264924180,725,2026.04.13 22:58:37,23.33,7306750311501131444,731,23237.0,23369.91,23458.7,8,4,464,1776121117
RG2_DE40_PERIOD_M5_1776038400_1776462900_3312069574877448041,4174802667296352738,1823,2026.04.17 01:02:00,19.79,1272645370777311844,15351797921000377080,1,23910.13,23939.36,23971.3,8,3,896,1776387720,2844114418592866961,2988,2026.04.17 21:00:00,32.13,15351797921000377080,1390,23910.13,23939.36,23971.3,8,3,896,1776459600
RG2_DE40_PERIOD_M5_1776038400_1776462900_3312069574877448041,14101691303089419494,1360,2026.04.15 13:15:00,16.29,12747903066120595073,17653512961167224772,1,24319.4,24320.37,24321.35,2,2,384,1776258900,9125781785358740342,1480,2026.04.16 01:59:59,16.3,17653512961167224772,229,24319.4,24320.37,24321.35,2,2,384,1776304799
RG2_DE40_PERIOD_M5_1776038400_1776462900_3312069574877448041,14231508544331899078,2836,2026.04.17 16:50:00,26.91,12813875256507925686,16761910696571837877,1,24026.85,24028.42,24030.0,2,2,272,1776444600,2844114418592866961,2988,2026.04.17 21:00:00,32.13,16761910696571837877,198,24026.85,24028.42,24030.0,2,2,272,1776459600
RG2_DE40_PERIOD_M5_1776038400_1776462900_3312069574877448041,11909660546772028112,189,2026.04.13 03:55:00,25.07,12854231137322489506,10676143215818806195,1,23473.0,23474.5,23476.0,2,2,144,1776052500,11909660546772028112,189,2026.04.13 03:55:00,25.07,10676143215818806195,1,23473.0,23474.5,23476.0,2,2,144,1776052500
RG2_DE40_PERIOD_M5_1776038400_1776462900_3312069574877448041,13253749835880260858,586,2026.04.13 19:35:00,25.2,13072919813648781652,14011000058946026323,1,23967.0,23968.5,23970.0,2,1,16,1776108900,18042525126075402367,655,2026.04.13 21:00:00,25.06,14011000058946026323,85,23967.0,23968.5,23970.0,2,1,16,1776114000
RG2_DE40_PERIOD_M5_1776038400_1776462900_3312069574877448041,14094951550640481879,1114,2026.04.15 01:02:00,18.39,13192538267717733122,6027899890146376987,1,23776.77,23824.38,23846.5,5,3,896,1776214920,2844114418592866961,2988,2026.04.17 21:00:00,32.13,3162274446113743426,2561,23776.77,23822.53,23846.5,7,4,900,1776459600
RG2_DE40_PERIOD_M5_1776038400_1776462900_3312069574877448041,11909660546772028112,189,2026.04.13 03:55:00,25.07,13410273056265205443,14011000058946026323,1,23967.0,23968.5,23970.0,2,1,16,1776052500,11909660546772028112,189,2026.04.13 03:55:00,25.07,14011000058946026323,1,23967.0,23968.5,23970.0,2,1,16,1776052500
RG2_DE40_PERIOD_M5_1776038400_1776462900_3312069574877448041,7436146457140920045,2403,2026.04.17 15:46:40,18.2,13662348451648569347,6620762590911906384,1,24386.13,24386.92,24387.7,2,2,320,1776440800,8100140708569525825,2407,2026.04.17 15:46:41,18.2,6620762590911906384,5,24387.7,24388.46,24389.23,2,2,320,1776440801
RG2_DE40_PERIOD_M5_1776038400_1776462900_3312069574877448041,4174802667296352738,1823,2026.04.17 01:02:00,19.79,13662416154585421445,6185891363509068508,1,23867.2,23867.35,23870.5,2,2,320,1776387720,2844114418592866961,2988,2026.04.17 21:00:00,32.13,6185891363509068508,1390,23867.2,23867.35,23870.5,2,2,320,1776459600
RG2_DE40_PERIOD_M5_1776038400_1776462900_3312069574877448041,14409058409660635901,1,2026.04.13 01:05:00,23.77,1375752577923444020,10019015680127220750,1,24025.8,24039.11,24047.8,3,2,192,1776042300,1781706823090880707,1105,2026.04.14 16:00:00,23.02,2942720552336148704,1487,24025.8,24044.61,24049.0,3,3,208,1776182400
RG2_DE40_PERIOD_M5_1776038400_1776462900_3312069574877448041,2263946796779923987,726,2026.04.14 01:02:00,23.1,1377827975744292113,6320911365559799530,1,23237.0,23359.47,23458.7,11,5,976,1776128520,15413893629048974172,897,2026.04.14 06:32:32,10.15,6320911365559799530,232,23237.0,23359.47,23458.7,11,5,976,1776148352
RG2_DE40_PERIOD_M5_1776038400_1776462900_3312069574877448041,14809221971074058061,762,2026.04.14 02:00:00,21.15,13983525834282476886,971291459188344625,1,23966.0,23966.2,23966.4,2,2,80,1776132000,13673940394434216105,770,2026.04.14 02:24:03,20.4,613540377691033905,13,23970.0,23970.98,23971.96,2,2,80,1776133443
RG2_DE40_PERIOD_M5_1776038400_1776462900_3312069574877448041,17423042982082092472,871,2026.04.14 05:00:00,14.21,14385477595013908229,971291459188344625,1,23990.0,23990.05,23990.1,2,2,80,1776142800,8456873993687767214,898,2026.04.14 07:00:00,9.79,971291459188344625,50,23990.0,23990.05,23990.1,2,2,80,1776150000
RG2_DE40_PERIOD_M5_1776038400_1776462900_3312069574877448041,14409058409660635901,1,2026.04.13 01:05:00,23.77,14448722240604431437,13146714300335579432,1,22829.07,22969.13,23131.2,10,6,966,1776042300,14585790070187659517,408,2026.04.13 16:50:41,23.56,13738180326460006398,570,22829.07,22978.85,23131.77,9,5,964,1776099041
RG2_DE40_PERIOD_M5_1776038400_1776462900_3312069574877448041,14409058409660635901,1,2026.04.13 01:05:00,23.77,14470655301872591428,16922404365786484737,1,24082.95,24174.94,24251.5,10,4,960,1776042300,15560239496023420629,194,2026.04.13 07:00:00,19.24,16922404365786484737,255,24082.95,24174.94,24251.5,10,4,960,1776063600
RG2_DE40_PERIOD_M5_1776038400_1776462900_3312069574877448041,12119140791137958509,287,2026.04.13 15:00:00,20.82,14494939466845234194,18008893056283884690,1,23287.03,23302.67,23317.24,2,2,258,1776092400,14667232473632788278,1087,2026.04.14 13:00:00,17.73,18008893056283884690,1010,23287.03,23302.67,23317.24,2,2,258,1776171600
RG2_DE40_PERIOD_M5_1776038400_1776462900_3312069574877448041,17524244269709141920,1295,2026.04.15 07:00:00,10.46,14644947453467375976,6663221798724277161,1,22829.07,22987.58,23131.2,5,4,898,1776236400,16780883937539424647,1396,2026.04.15 19:00:00,23.57,6663221798724277161,228,22829.07,22989.51,23131.2,5,4,898,1776279600
RG2_DE40_PERIOD_M5_1776038400_1776462900_3312069574877448041,9337543136997120040,468,2026.04.13 19:10:00,25.01,14699095312427911730,14011000058946026323,1,23967.0,23968.5,23970.0,2,1,16,1776107400,9337543136997120040,468,2026.04.13 19:10:00,25.01,14011000058946026323,1,23967.0,23968.5,23970.0,2,1,16,1776107400
RG2_DE40_PERIOD_M5_1776038400_1776462900_3312069574877448041,13859085440123478525,234,2026.04.13 10:48:36,18.38,14935968392700313039,484254039358399712,1,23591.08,23661.92,23756.4,7,4,960,1776077316,12835920883494826321,281,2026.04.13 12:00:00,18.58,484254039358399712,59,23593.15,23665.7,23756.4,7,4,960,1776081600
RG2_DE40_PERIOD_M5_1776038400_1776462900_3312069574877448041,14094951550640481879,1114,2026.04.15 01:02:00,18.39,15196318299885525585,1451915228465778593,1,24002.9,24134.38,24278.33,25,7,986,1776214920,6357648407550106020,1259,2026.04.15 03:48:34,12.94,13984947994891064118,177,24002.9,24132.42,24278.33,27,7,986,1776224914
RG2_DE40_PERIOD_M5_1776038400_1776462900_3312069574877448041,14409058409660635901,1,2026.04.13 01:05:00,23.77,15780864266164589406,10556615349384949889,1,24649.5,24751.48,24853.47,3,3,896,1776042300,15336861796149837777,1400,2026.04.15 22:00:00,19.76,10556615349384949889,2083,24649.5,24751.48,24853.47,3,3,896,1776290400
RG2_DE40_PERIOD_M5_1776038400_1776462900_3312069574877448041,14094951550640481879,1114,2026.04.15 01:02:00,18.39,16069215650446692209,8188476902888133946,1,22829.07,23003.34,23131.2,4,3,896,1776214920,3990787172903831633,1294,2026.04.15 06:01:00,10.55,8188476902888133946,239,22829.07,23003.34,23131.2,4,3,896,1776232860
RG2_DE40_PERIOD_M5_1776038400_1776462900_3312069574877448041,14409058409660635901,1,2026.04.13 01:05:00,23.77,16458226865780060580,16628545543685047989,1,23774.15,23775.07,23776.0,2,2,272,1776042300,12483262420264924180,725,2026.04.13 22:58:37,23.33,16628545543685047989,949,23774.15,23775.07,23776.0,2,2,272,1776121117
RG2_DE40_PERIOD_M5_1776038400_1776462900_3312069574877448041,1766986523923432896,198,2026.04.13 09:20:00,19.37,16597914537061125329,16922404365786484737,1,24082.95,24174.94,24251.5,10,4,960,1776072000,1766986523923432896,198,2026.04.13 09:20:00,19.37,16922404365786484737,1,24082.95,24174.94,24251.5,10,4,960,1776072000
RG2_DE40_PERIOD_M5_1776038400_1776462900_3312069574877448041,17524244269709141920,1295,2026.04.15 07:00:00,10.46,16882388139688675737,2631240390008410861,1,23733.35,23755.96,23766.44,2,2,130,1776236400,17868983954191342944,1801,2026.04.16 17:00:00,19.65,2631240390008410861,834,23722.94,23751.83,23762.03,2,2,130,1776358800
RG2_DE40_PERIOD_M5_1776038400_1776462900_3312069574877448041,11592346352986722030,103,2026.04.13 02:00:00,25.87,17229733419802861571,14984687074636128433,1,23487.0,23487.35,23487.7,2,2,80,1776045600,6282515286849383244,104,2026.04.13 02:30:00,25.0,14984687074636128433,7,23487.0,23487.35,23487.7,2,2,80,1776047400
RG2_DE40_PERIOD_M5_1776038400_1776462900_3312069574877448041,5768932825387109936,1708,2026.04.16 14:35:00,16.72,17321060234762404393,1089251523648981651,1,23686.03,23687.03,23688.03,2,1,128,1776350100,5768932825387109936,1708,2026.04.16 14:35:00,16.72,1089251523648981651,1,23686.03,23687.03,23688.03,2,1,128,1776350100
RG2_DE40_PERIOD_M5_1776038400_1776462900_3312069574877448041,3621404633044397092,2383,2026.04.17 15:46:30,18.2,17543440294175421019,2253846594606741653,1,24371.45,24372.54,24373.63,2,2,192,1776440790,8035626755800362571,2388,2026.04.17 15:46:31,18.2,2253846594606741653,6,24373.63,24374.47,24375.31,2,2,192,1776440791
RG2_DE40_PERIOD_M5_1776038400_1776462900_3312069574877448041,18335029417483834175,1696,2026.04.16 14:20:00,16.71,17684669829651504804,1089251523648981651,1,23686.03,23687.03,23688.03,2,1,128,1776349200,18335029417483834175,1696,2026.04.16 14:20:00,16.71,1089251523648981651,1,23686.03,23687.03,23688.03,2,1,128,1776349200
RG2_DE40_PERIOD_M5_1776038400_1776462900_3312069574877448041,3999181192421622756,1401,2026.04.16 01:02:00,18.6,17757364252936844422,8408467947524307500,1,23910.13,23930.53,23950.8,5,4,912,1776301320,5245330349955657288,1822,2026.04.16 22:00:00,20.3,8408467947524307500,638,23910.13,23930.53,23950.8,5,4,912,1776376800
RG2_DE40_PERIOD_M5_1776038400_1776462900_3312069574877448041,16938740099249275639,2681,2026.04.17 15:54:41,20.26,1788170176746055661,18421416458902748309,1,24620.23,24621.05,24621.87,2,2,192,1776441281,13736652944295498939,2686,2026.04.17 15:56:17,21.32,18421416458902748309,7,24621.87,24623.01,24624.16,2,2,192,1776441377
RG2_DE40_PERIOD_M5_1776038400_1776462900_3312069574877448041,15871119019873055268,195,2026.04.13 07:10:00,19.13,18255651303729434262,289636959312629167,1,24082.95,24166.44,24249.2,9,4,960,1776064200,9366150342578598238,278,2026.04.13 11:03:16,18.91,289636959312629167,122,24082.95,24166.44,24249.2,9,4,960,1776078196
RG2_DE40_PERIOD_M5_1776038400_1776462900_3312069574877448041,3632270776738521304,2369,2026.04.17 14:00:00,15.74,18408851217024452870,16643649941959671855,1,23731.4,23731.96,23732.53,2,2,260,1776434400,3632270776738521304,2369,2026.04.17 14:00:00,15.74,16643649941959671855,1,23731.4,23731.96,23732.53,2,2,260,1776434400
RG2_DE40_PERIOD_M5_1776038400_1776462900_3312069574877448041,5784993765015021829,1732,2026.04.16 14:50:00,16.76,18426974318965732946,1089251523648981651,1,23686.03,23687.03,23688.03,2,1,128,1776351000,5245330349955657288,1822,2026.04.16 22:00:00,20.3,1089251523648981651,170,23686.03,23687.03,23688.03,2,1,128,1776376800
RG2_DE40_PERIOD_M5_1776038400_1776462900_3312069574877448041,7726638320693569592,1296,2026.04.15 08:00:00,9.75,2255864861225112931,13088313663454303580,1,23245.73,23364.86,23426.0,9,5,976,1776240000,2844114418592866961,2988,2026.04.17 21:00:00,32.13,10380063943105966223,2298,23245.73,23355.03,23426.0,6,4,960,1776459600
RG2_DE40_PERIOD_M5_1776038400_1776462900_3312069574877448041,5370241107030570384,410,2026.04.13 17:25:00,25.04,2347708353267798059,14011000058946026323,1,23967.0,23968.5,23970.0,2,1,16,1776101100,5370241107030570384,410,2026.04.13 17:25:00,25.04,14011000058946026323,1,23967.0,23968.5,23970.0,2,1,16,1776101100
RG2_DE40_PERIOD_M5_1776038400_1776462900_3312069574877448041,3779474235842387358,280,2026.04.13 11:45:00,18.93,2380326274666211798,289636959312629167,1,24082.95,24166.44,24249.2,9,4,960,1776080700,14787319234147013778,282,2026.04.13 13:00:00,18.95,289636959312629167,16,24082.95,24166.44,24249.2,9,4,960,1776085200
RG2_DE40_PERIOD_M5_1776038400_1776462900_3312069574877448041,2969581739502787757,1597,2026.04.16 09:05:00,10.4,2434699388689861874,3206732638863570336,1,24061.0,24061.62,24062.23,2,2,144,1776330300,2969581739502787757,1597,2026.04.16 09:05:00,10.4,3206732638863570336,1,24061.0,24061.62,24062.23,2,2,144,1776330300
RG2_DE40_PERIOD_M5_1776038400_1776462900_3312069574877448041,14212817056035855797,674,2026.04.13 21:52:21,24.26,2502832118757249671,10946621556518713656,1,23911.78,23913.09,23914.4,2,2,320,1776117141,922068350276559327,685,2026.04.13 22:01:05,24.19,10946621556518713656,13,23914.4,23915.72,23917.05,2,2,320,1776117665
RG2_DE40_PERIOD_M5_1776038400_1776462900_3312069574877448041,4404755321373618472,1107,2026.04.14 17:00:00,24.42,250314778567456121,9286732923664298387,1,24052.83,24053.92,24055.0,2,2,144,1776186000,4404755321373618472,1107,2026.04.14 17:00:00,24.42,9286732923664298387,1,24052.83,24053.92,24055.0,2,2,144,1776186000
RG2_DE40_PERIOD_M5_1776038400_1776462900_3312069574877448041,14409058409660635901,1,2026.04.13 01:05:00,23.77,2548693523087582956,17653512961167224772,1,24319.4,24320.37,24321.35,2,2,384,1776042300,8081343275688913017,829,2026.04.14 03:26:00,17.33,17653512961167224772,1079,24319.4,24320.37,24321.35,2,2,384,1776137160
RG2_DE40_PERIOD_M5_1776038400_1776462900_3312069574877448041,13030637630217128989,1361,2026.04.15 13:25:00,16.91,264440335076987507,1089251523648981651,1,23686.03,23687.03,23688.03,2,1,128,1776259500,9537314289490378439,1477,2026.04.16 01:42:35,16.67,1089251523648981651,222,23686.03,23687.03,23688.03,2,1,128,1776303755
RG2_DE40_PERIOD_M5_1776038400_1776462900_3312069574877448041,13619611938090293355,2458,2026.04.17 15:48:39,18.2,2935057322664947212,7167845443223711893,1,24429.85,24430.86,24431.87,2,2,192,1776440919,4814985077822603762,2462,2026.04.17 15:48:40,18.2,7167845443223711893,5,24431.87,24432.73,24433.6,2,2,192,1776440920
RG2_DE40_PERIOD_M5_1776038400_1776462900_3312069574877448041,15560239496023420629,194,2026.04.13 07:00:00,19.24,3072390911432965663,14984687074636128433,1,23578.0,23578.15,23578.3,2,2,80,1776063600,11921751924877347320,199,2026.04.13 09:30:00,16.42,14984687074636128433,30,23577.0,23577.65,23578.3,2,2,80,1776072600
RG2_DE40_PERIOD_M5_1776038400_1776462900_3312069574877448041,2844114418592866961,2988,2026.04.17 21:00:00,32.13,3080874968358915834,15497747614610799731,1,24621.87,24623.43,24625.0,2,2,144,1776459600,2844114418592866961,2988,2026.04.17 21:00:00,32.13,15497747614610799731,1,24621.87,24623.43,24625.0,2,2,144,1776459600
RG2_DE40_PERIOD_M5_1776038400_1776462900_3312069574877448041,3999181192421622756,1401,2026.04.16 01:02:00,18.6,3341705215021261941,3206732638863570336,1,24061.0,24061.62,24062.23,2,2,144,1776301320,4171299739743515097,1560,2026.04.16 06:09:18,10.36,3206732638863570336,214,24061.0,24061.62,24062.23,2,2,144,1776319758
RG2_DE40_PERIOD_M5_1776038400_1776462900_3312069574877448041,14409058409660635901,1,2026.04.13 01:05:00,23.77,3819746694937498594,12187047594051298205,1,23495.47,23543.48,23591.75,6,3,896,1776042300,9849522037270646575,1564,2026.04.16 07:00:00,10.26,4145930410302737374,2317,23495.47,23555.34,23592.61,8,4,900,1776322800
RG2_DE40_PERIOD_M5_1776038400_1776462900_3312069574877448041,7737619270335134146,1061,2026.04.14 12:00:00,16.36,3833339845034322945,17653512961167224772,1,24319.4,24320.37,24321.35,2,2,384,1776168000,9788754203209373018,1172,2026.04.15 01:50:00,16.55,17653512961167224772,239,24319.4,24320.37,24321.35,2,2,384,1776217800
RG2_DE40_PERIOD_M5_1776038400_1776462900_3312069574877448041,7273564237942701272,745,2026.04.14 01:03:29,23.1,3986324432097703494,18055191423630831070,1,23953.98,23955.26,23956.55,2,2,320,1776128609,3164670863058194103,756,2026.04.14 01:05:34,23.08,18055191423630831070,13,23956.55,23957.72,23958.89,2,2,320,1776128734
RG2_DE40_PERIOD_M5_1776038400_1776462900_3312069574877448041,17868983954191342944,1801,2026.04.16 17:00:00,19.65,402522545225413075,1873265189130410227,1,23158.66,23165.86,23186.08,2,2,258,1776358800,17868983954191342944,1801,2026.04.16 17:00:00,19.65,1873265189130410227,1,23158.66,23165.86,23186.08,2,2,258,1776358800
RG2_DE40_PERIOD_M5_1776038400_1776462900_3312069574877448041,2212988806362954506,1110,2026.04.14 20:00:00,21.72,4030934842669266369,392646437576386880,1,24037.03,24038.02,24039.0,2,2,144,1776196800,9893042740062600529,1113,2026.04.14 22:15:00,18.69,3533318497724570790,28,24002.9,24032.18,24039.0,3,3,146,1776204900
RG2_DE40_PERIOD_M5_1776038400_1776462900_3312069574877448041,7231224588192933199,1080,2026.04.14 12:01:37,16.36,4072054608991056120,5740711807915364369,1,24051.62,24052.23,24052.83,2,2,192,1776168097,11628989716567849105,1083,2026.04.14 12:01:39,16.36,5740711807915364369,4,24052.83,24053.45,24054.06,2,2,192,1776168099
RG2_DE40_PERIOD_M5_1776038400_1776462900_3312069574877448041,528980678833492929,1301,2026.04.15 08:00:03,9.75,4190930124380766073,8454871108040314255,1,24005.97,24006.52,24007.08,2,2,192,1776240003,14704415718390641427,1306,2026.04.15 08:00:04,9.75,8454871108040314255,6,24004.95,24005.46,24005.97,2,2,192,1776240004
RG2_DE40_PERIOD_M5_1776038400_1776462900_3312069574877448041,17944067069570172831,831,2026.04.14 04:00:00,16.09,4331168160148802474,14818144318387588015,1,23956.55,23956.77,23957.0,2,2,272,1776139200,4901888898406792130,874,2026.04.14 05:33:30,13.16,14818144318387588015,63,23955.0,23955.77,23956.55,2,2,272,1776144810
RG2_DE40_PERIOD_M5_1776038400_1776462900_3312069574877448041,14409058409660635901,1,2026.04.13 01:05:00,23.77,4488788444901462122,12280028568100749138,1,23237.0,23366.75,23458.7,7,3,448,1776042300,12596546563704359296,102,2026.04.13 01:29:41,26.59,12280028568100749138,105,23237.0,23362.61,23458.7,7,3,448,1776043781
RG2_DE40_PERIOD_M5_1776038400_1776462900_3312069574877448041,4567528905509847143,28,2026.04.13 01:10:00,26.85,4502500440887695011,14011000058946026323,1,23967.0,23968.5,23970.0,2,1,16,1776042600,11592346352986722030,103,2026.04.13 02:00:00,25.87,14011000058946026323,85,23967.0,23968.5,23970.0,2,1,16,1776045600
RG2_DE40_PERIOD_M5_1776038400_1776462900_3312069574877448041,2759537364824391568,1611,2026.04.16 09:20:00,10.3,4581290233672743017,3206732638863570336,1,24061.0,24061.62,24062.23,2,2,144,1776331200,2094975737337923849,2736,2026.04.17 15:56:41,21.32,9011649128875506585,1441,24037.5,24057.87,24062.23,4,4,154,1776441401
RG2_DE40_PERIOD_M5_1776038400_1776462900_3312069574877448041,14409058409660635901,1,2026.04.13 01:05:00,23.77,466292797285623565,12633571240750583542,1,22279.6,22296.49,22311.7,2,2,130,1776042300,2615685204032259615,679,2026.04.13 21:52:36,24.26,12633571240750583542,891,22279.6,22296.49,22311.7,2,2,130,1776117156
RG2_DE40_PERIOD_M5_1776038400_1776462900_3312069574877448041,16863693726668269800,409,2026.04.13 17:00:00,24.51,492416758223957974,13758264503074494272,1,22829.07,22959.74,23131.2,8,4,960,1776099600,12483262420264924180,725,2026.04.13 22:58:37,23.33,13758264503074494272,378,22829.07,22959.74,23131.2,8,4,960,1776121117
RG2_DE40_PERIOD_M5_1776038400_1776462900_3312069574877448041,14409058409660635901,1,2026.04.13 01:05:00,23.77,5097209592000143395,7070842382514978417,1,23593.15,23673.73,23756.4,6,3,896,1776042300,2493947935269970013,233,2026.04.13 10:48:35,18.38,7070842382514978417,333,23593.15,23673.73,23756.4,6,3,896,1776077315
RG2_DE40_PERIOD_M5_1776038400_1776462900_3312069574877448041,14787319234147013778,282,2026.04.13 13:00:00,18.95,5299707786818680165,895655869316659625,1,23593.15,23656.98,23756.4,8,5,976,1776085200,12119140791137958509,287,2026.04.13 15:00:00,20.82,895655869316659625,25,23591.0,23656.36,23756.4,8,5,976,1776092400
RG2_DE40_PERIOD_M5_1776038400_1776462900_3312069574877448041,12119140791137958509,287,2026.04.13 15:00:00,20.82,5772428596454689197,16448033560307223024,1,23138.78,23150.78,23165.82,2,2,130,1776092400,3990787172903831633,1294,2026.04.15 06:01:00,10.55,1873265189130410227,1382,23138.78,23155.83,23165.82,2,2,258,1776232860
RG2_DE40_PERIOD_M5_1776038400_1776462900_3312069574877448041,4174802667296352738,1823,2026.04.17 01:02:00,19.79,5794663790542121653,4046063011214030231,1,23675.65,23676.56,23677.48,2,2,260,1776387720,4717384419635247231,1860,2026.04.17 01:15:59,19.67,4046063011214030231,41,23675.65,23676.56,23677.48,2,2,260,1776388559
RG2_DE40_PERIOD_M5_1776038400_1776462900_3312069574877448041,11592346352986722030,103,2026.04.13 02:00:00,25.87,5908254339116505691,9844467843604461208,1,23237.0,23381.25,23458.7,9,4,464,1776045600,11909660546772028112,189,2026.04.13 03:55:00,25.07,9844467843604461208,107,23237.0,23380.81,23458.7,9,4,464,1776052500
RG2_DE40_PERIOD_M5_1776038400_1776462900_3312069574877448041,16863693726668269800,409,2026.04.13 17:00:00,24.51,6102387581031936488,895655869316659625,1,23593.15,23673.23,23756.4,8,5,976,1776099600,15839304322781919298,445,2026.04.13 18:11:39,25.34,895655869316659625,48,23593.15,23676.18,23759.03,8,5,976,1776103899
RG2_DE40_PERIOD_M5_1776038400_1776462900_3312069574877448041,7150522852315199638,21,2026.04.13 01:05:38,23.77,62264627909632982,8365362993863258957,1,23474.07,23475.03,23476.0,2,2,192,1776042338,14511000585269884276,25,2026.04.13 01:09:38,23.77,8365362993863258957,5,23476.0,23477.24,23478.49,2,2,192,1776042578
RG2_DE40_PERIOD_M5_1776038400_1776462900_3312069574877448041,14809221971074058061,762,2026.04.14 02:00:00,21.15,6582492872476910663,12475112330209222207,1,23956.0,23956.85,23958.0,3,2,272,1776132000,816125722773643058,794,2026.04.14 02:46:14,20.02,12475112330209222207,43,23956.0,23956.85,23958.0,3,2,272,1776134774
RG2_DE40_PERIOD_M5_1776038400_1776462900_3312069574877448041,12354206832069399729,436,2026.04.13 18:00:00,25.01,70996904181648932,14011000058946026323,1,23967.0,23968.5,23970.0,2,1,16,1776103200,1579266686914015355,446,2026.04.13 18:11:39,25.34,14011000058946026323,13,23967.0,23968.5,23970.0,2,1,16,1776103899
RG2_DE40_PERIOD_M5_1776038400_1776462900_3312069574877448041,14409058409660635901,1,2026.04.13 01:05:00,23.77,7188291289266609653,5431858244605449465,1,23871.23,23884.97,23900.3,4,3,274,1776042300,9893042740062600529,1113,2026.04.14 22:15:00,18.69,7375709964489655639,1562,23882.0,23882.55,23883.1,2,2,272,1776204900
RG2_DE40_PERIOD_M5_1776038400_1776462900_3312069574877448041,2986660769417545814,1664,2026.04.16 13:40:00,16.31,7989489734015527512,17653512961167224772,1,24319.4,24320.37,24321.35,2,2,384,1776346800,5245330349955657288,1822,2026.04.16 22:00:00,20.3,17653512961167224772,247,24319.4,24320.37,24321.35,2,2,384,1776376800
RG2_DE40_PERIOD_M5_1776038400_1776462900_3312069574877448041,9405141652134252429,777,2026.04.14 02:24:30,20.4,8288671712717072641,7797806820836236621,1,23980.27,23981.28,23982.3,2,2,192,1776133470,16552865372999991571,780,2026.04.14 02:24:42,20.4,7797806820836236621,4,23982.3,23982.95,23983.6,2,2,192,1776133482
RG2_DE40_PERIOD_M5_1776038400_1776462900_3312069574877448041,1579266686914015355,446,2026.04.13 18:11:39,25.34,8528368391279880227,11597041926236096374,1,23593.15,23664.34,23756.4,7,4,912,1776103899,9893042740062600529,1113,2026.04.14 22:15:00,18.69,13545337227704416188,943,23593.15,23668.37,23729.17,4,4,912,1776204900
RG2_DE40_PERIOD_M5_1776038400_1776462900_3312069574877448041,14409058409660635901,1,2026.04.13 01:05:00,23.77,8588851878520882326,16293543276675365061,1,23956.55,23957.25,23957.95,2,1,256,1776042300,12483262420264924180,725,2026.04.13 22:58:37,23.33,16293543276675365061,949,23956.55,23957.25,23957.95,2,1,256,1776121117
RG2_DE40_PERIOD_M5_1776038400_1776462900_3312069574877448041,4404755321373618472,1107,2026.04.14 17:00:00,24.42,8693626960589535341,18008893056283884690,1,23287.03,23302.67,23317.24,2,2,258,1776186000,9893042740062600529,1113,2026.04.14 22:15:00,18.69,18008893056283884690,64,23287.03,23302.67,23317.24,2,2,258,1776204900
RG2_DE40_PERIOD_M5_1776038400_1776462900_3312069574877448041,2263946796779923987,726,2026.04.14 01:02:00,23.1,8917384733575375599,6063982800902945538,1,22569.37,22655.21,22727.35,5,4,898,1776128520,13213626320380372802,1111,2026.04.14 21:00:00,20.15,6063982800902945538,598,22569.37,22657.73,22739.39,5,4,898,1776200400
RG2_DE40_PERIOD_M5_1776038400_1776462900_3312069574877448041,14409058409660635901,1,2026.04.13 01:05:00,23.77,9000388124444639377,10016426007574830351,1,22389.4,22558.2,22723.3,10,4,898,1776042300,12483262420264924180,725,2026.04.13 22:58:37,23.33,10016426007574830351,949,22389.4,22560.11,22727.35,10,4,898,1776121117
RG2_DE40_PERIOD_M5_1776038400_1776462900_3312069574877448041,4174802667296352738,1823,2026.04.17 01:02:00,19.79,9136504047794055004,6616387644173041915,1,24283.6,24310.03,24343.53,6,3,896,1776387720,2844114418592866961,2988,2026.04.17 21:00:00,32.13,6616387644173041915,1390,24283.6,24310.03,24343.53,6,3,896,1776459600
RG2_DE40_PERIOD_M5_1776038400_1776462900_3312069574877448041,11228335983002676448,1922,2026.04.17 04:00:00,14.35,9142419592007571798,15199415494562230148,1,23685.65,23685.84,23686.03,2,2,132,1776398400,11228335983002676448,1922,2026.04.17 04:00:00,14.35,15199415494562230148,1,23685.65,23685.84,23686.03,2,2,132,1776398400
RG2_DE40_PERIOD_M5_1776038400_1776462900_3312069574877448041,2263946796779923987,726,2026.04.14 01:02:00,23.1,943172259770797495,4282719115027238329,1,24082.95,24184.69,24278.33,13,4,960,1776128520,9893042740062600529,1113,2026.04.14 22:15:00,18.69,1846692328463071098,613,24082.95,24178.4,24278.33,14,4,960,1776204900
RG2_DE40_PERIOD_M5_1776038400_1776462900_3312069574877448041,12808520199277387318,1260,2026.04.15 04:00:00,12.57,9534562510019553813,434638358015332114,1,24031.7,24143.17,24278.33,25,6,978,1776225600,12808520199277387318,1260,2026.04.15 04:00:00,12.57,434638358015332114,1,24031.7,24143.17,24278.33,25,6,978,1776225600
RG2_DE40_PERIOD_M5_1776038400_1776462900_3312069574877448041,14123648067293068704,1562,2026.04.16 06:45:00,10.31,9582261643438374044,3206732638863570336,1,24061.0,24061.62,24062.23,2,2,144,1776321900,14123648067293068704,1562,2026.04.16 06:45:00,10.31,3206732638863570336,1,24061.0,24061.62,24062.23,2,2,144,1776321900
RG2_DE40_PERIOD_M5_1776038400_1776462900_3312069574877448041,5733970362812420174,1357,2026.04.15 11:50:00,14.21,9723288313075294209,14922153638664295022,1,24082.95,24178.8,24278.33,17,4,960,1776253800,2094975737337923849,2736,2026.04.17 15:56:41,21.32,7118886805139063363,1889,24082.95,24180.12,24278.33,26,4,912,1776441401
RG2_DE40_PERIOD_M5_1776038400_1776462900_3312069574877448041,15339681004612455317,2837,2026.04.17 17:00:00,27.42,9873396728895938669,733496606392076403,1,24431.87,24432.43,24433.0,2,2,144,1776445200,17865792232237850337,2984,2026.04.17 17:43:14,29.96,733496606392076403,156,24431.87,24432.43,24433.0,2,2,144,1776447794
RG2_FRA40_PERIOD_M5_1764547200_1764978900_5546118285371728057,1333756821610328305,1,2025.12.01 01:00:00,3.8,10027024272901221928,5489591891456202739,1,7859.3,7871.0,7884.4,4,3,896,1764550800,10972098804395678941,303,2025.12.01 23:45:00,4.4,5489591891456202739,553,7859.3,7871.0,7884.4,4,3,896,1764632700
RG2_FRA40_PERIOD_M5_1764547200_1764978900_5546118285371728057,2832119292658560595,940,2025.12.03 21:44:00,4.9,10363378762797969919,9129185342403868472,1,8108.7,8109.0,8109.3,2,2,320,1764798240,14597499179018756244,949,2025.12.03 21:49:16,4.9,9129185342403868472,12,8109.3,8109.5,8109.8,2,2,320,1764798556
RG2_FRA40_PERIOD_M5_1764547200_1764978900_5546118285371728057,8557071172742068083,971,2025.12.04 01:00:00,4.2,1039170633148659796,215737529246764591,1,8022.0,8037.3,8048.7,12,6,966,1764810000,12612441339551336418,1001,2025.12.04 03:00:00,3.0,215737529246764591,55,8022.0,8037.4,8048.7,12,6,966,1764817200
RG2_FRA40_PERIOD_M5_1764547200_1764978900_5546118285371728057,5604012788865204280,153,2025.12.01 04:00:00,3.8,10562270679761547474,16969524254446679091,1,8119.1,8119.3,8119.4,2,2,144,1764561600,5604012788865204280,153,2025.12.01 04:00:00,3.8,16969524254446679091,1,8119.1,8119.3,8119.4,2,2,144,1764561600
RG2_FRA40_PERIOD_M5_1764547200_1764978900_5546118285371728057,1333756821610328305,1,2025.12.01 01:00:00,3.8,10585716777200912682,7893684166473882804,1,7891.5,7911.2,7932.2,4,3,896,1764550800,9011374641433235591,669,2025.12.02 23:00:00,5.6,14317038762904509147,1163,7891.5,7911.3,7932.2,4,4,898,1764716400
RG2_FRA40_PERIOD_M5_1764547200_1764978900_5546118285371728057,12157627305161756576,1076,2025.12.04 11:15:35,3.7,10904527425468355716,16956006766378675599,1,8099.1,8099.3,8099.5,2,2,192,1764846935,7826296335121289602,1081,2025.12.04 11:15:39,3.7,16956006766378675599,6,8098.7,8098.9,8099.1,2,2,192,1764846939
RG2_FRA40_PERIOD_M5_1764547200_1764978900_5546118285371728057,10486656380079676300,1002,2025.12.04 03:05:00,3.0,11110565087557842857,15279915718442666293,1,8026.8,8038.7,8048.7,11,5,964,1764817500,15532450447925593743,1024,2025.12.04 06:00:00,2.3,1515576036370283621,56,8026.8,8039.1,8048.7,11,5,964,1764828000
RG2_FRA40_PERIOD_M5_1764547200_1764978900_5546118285371728057,10327663032774793498,1283,2025.12.05 16:50:00,5.7,11131549436393326035,7987011196846677981,1,8061.8,8075.4,8089.4,15,5,916,1764953400,2618014370807032025,1354,2025.12.05 18:40:00,5.8,7987011196846677981,89,8061.8,8075.5,8089.4,15,5,916,1764960000
RG2_FRA40_PERIOD_M5_1764547200_1764978900_5546118285371728057,10557314263369064349,1258,2025.12.05 10:55:00,3.1,11564955823977303995,15010359665346815186,1,8094.3,8096.8,8101.5,3,2,192,1764932100,11798748849050274381,1376,2025.12.05 23:05:00,4.4,15010359665346815186,240,8094.3,8096.8,8101.5,3,2,192,1764975900
RG2_FRA40_PERIOD_M5_1764547200_1764978900_5546118285371728057,17937242902928401312,1006,2025.12.04 04:00:00,2.6,11708522966146425435,2300491018897814752,1,7975.6,7978.1,7979.4,2,2,258,1764820800,8218759969673417505,1036,2025.12.04 09:07:33,2.2,2300491018897814752,86,7975.6,7978.1,7979.4,2,2,258,1764839253
RG2_FRA40_PERIOD_M5_1764547200_1764978900_5546118285371728057,8557071172742068083,971,2025.12.04 01:00:00,4.2,11710774511275406696,1913628691955725736,1,8000.3,8010.1,8021.3,6,3,896,1764810000,11798748849050274381,1376,2025.12.05 23:05:00,4.4,1913628691955725736,892,8000.3,8010.1,8021.3,6,3,896,1764975900
RG2_FRA40_PERIOD_M5_1764547200_1764978900_5546118285371728057,8017784619244654542,816,2025.12.03 12:00:00,4.6,11812247532200674739,7969390765524402013,1,8098.0,8099.5,8101.4,3,3,138,1764763200,18347160189811483332,957,2025.12.03 21:52:59,4.9,7969390765524402013,251,8099.1,8099.8,8102.3,3,3,138,1764798779
RG2_FRA40_PERIOD_M5_1764547200_1764978900_5546118285371728057,7670131336231754232,1065,2025.12.04 10:15:00,2.9,11886675318735056149,8296008678045825043,1,8119.1,8119.4,8119.8,3,2,144,1764843300,12405265384485645479,1221,2025.12.05 07:01:59,2.3,6255179582327534818,373,8118.8,8119.0,8119.1,2,2,144,1764918119
RG2_FRA40_PERIOD_M5_1764547200_1764978900_5546118285371728057,10862858427309339219,1154,2025.12.05 01:00:00,4.4,12074133054533233009,15010359665346815186,1,8094.3,8096.8,8101.5,3,2,192,1764896400,15739758869948436172,1188,2025.12.05 03:50:30,3.1,15010359665346815186,75,8094.3,8096.8,8101.5,3,2,192,1764906630
RG2_FRA40_PERIOD_M5_1764547200_1764978900_5546118285371728057,3009442071492207061,127,2025.12.01 03:00:00,3.9,12316702867015176,10818946537503520610,1,8113.5,8113.5,8113.6,2,2,144,1764558000,1824627291623886167,152,2025.12.01 03:10:36,3.8,10818946537503520610,27,8113.5,8113.5,8113.6,2,2,144,1764558636
RG2_FRA40_PERIOD_M5_1764547200_1764978900_5546118285371728057,13279970349628497493,468,2025.12.02 10:36:34,3.3,12719086110275981658,1797174688208519217,1,8110.8,8111.0,8111.1,2,2,80,1764671794,7145405626192870413,469,2025.12.02 10:36:35,3.3,1797174688208519217,2,8111.1,8111.2,8111.3,2,2,80,1764671795
RG2_FRA40_PERIOD_M5_1764547200_1764978900_5546118285371728057,14644261736359520669,759,2025.12.03 10:00:00,2.9,12768941632967763518,10740642319885303795,1,8119.4,8119.6,8119.8,2,1,128,1764756000,15671393933203932574,1004,2025.12.04 03:22:00,2.9,10740642319885303795,431,8119.4,8119.6,8119.8,2,1,128,1764818520
RG2_FRA40_PERIOD_M5_1764547200_1764978900_5546118285371728057,1333756821610328305,1,2025.12.01 01:00:00,3.8,12898612371222060211,13414617771795720153,1,8147.5,8157.1,8165.2,9,3,896,1764550800,9011374641433235591,669,2025.12.02 23:00:00,5.6,3324940686224341342,1163,8147.5,8157.3,8170.5,11,3,896,1764716400
RG2_FRA40_PERIOD_M5_1764547200_1764978900_5546118285371728057,17198971119274810943,356,2025.12.02 04:00:00,3.0,1328458323156997625,16918430576531500554,1,8080.9,8081.1,8081.2,2,2,144,1764648000,10250981108247859609,358,2025.12.02 04:55:00,2.8,16918430576531500554,14,8080.9,8081.1,8081.2,2,2,144,1764651300
RG2_FRA40_PERIOD_M5_1764547200_1764978900_5546118285371728057,10068386596128802862,1189,2025.12.05 03:55:30,3.0,13478736761891695012,15235362309483686519,1,8094.7,8098.1,8101.5,2,2,192,1764906930,2489524471050799313,1257,2025.12.05 10:25:00,2.8,15235362309483686519,143,8094.7,8098.1,8101.5,2,2,192,1764930300
RG2_FRA40_PERIOD_M5_1764547200_1764978900_5546118285371728057,12334643576677856961,991,2025.12.04 02:00:00,3.4,13643922435385854882,18122445332475606737,1,8115.1,8115.1,8115.1,2,2,80,1764813600,12334643576677856961,991,2025.12.04 02:00:00,3.4,18122445332475606737,1,8115.1,8115.1,8115.1,2,2,80,1764813600
RG2_FRA40_PERIOD_M5_1764547200_1764978900_5546118285371728057,18342080084223054066,630,2025.12.02 15:45:00,5.9,13745832143831627992,10052272257299619949,1,8050.8,8051.1,8051.5,2,1,256,1764690300,1319350054244887455,667,2025.12.02 22:00:00,6.0,10052272257299619949,105,8050.8,8051.1,8051.5,2,1,256,1764712800
RG2_FRA40_PERIOD_M5_1764547200_1764978900_5546118285371728057,4588627718958103862,337,2025.12.02 02:00:00,3.9,13761967042174470401,13769472858690539185,1,8081.7,8081.7,8081.7,2,2,80,1764640800,10554328000951636852,339,2025.12.02 02:34:42,3.7,13769472858690539185,10,8081.7,8081.9,8082.0,2,2,80,1764642882
RG2_FRA40_PERIOD_M5_1764547200_1764978900_5546118285371728057,11098261799734711877,632,2025.12.02 16:20:00,6.3,13837643235089680705,16684551946015873725,1,8105.6,8106.0,8106.4,2,1,256,1764692400,1235404217814685340,664,2025.12.02 20:45:00,6.3,16684551946015873725,83,8105.6,8106.0,8106.4,2,1,256,1764708300
RG2_FRA40_PERIOD_M5_1764547200_1764978900_5546118285371728057,2859670186836558671,711,2025.12.03 03:00:00,3.8,1384889984573793275,15520521817169734369,1,8081.7,8081.9,8082.1,2,1,16,1764730800,172174582705416860,715,2025.12.03 03:15:00,3.7,15520521817169734369,9,8081.7,8081.9,8082.1,2,1,16,1764731700
RG2_FRA40_PERIOD_M5_1764547200_1764978900_5546118285371728057,4814540136709172676,1230,2025.12.05 08:00:00,2.0,13855694226598709375,17765997842902270406,1,8108.6,8110.5,8111.9,2,2,10,1764921600,10327663032774793498,1283,2025.12.05 16:50:00,5.7,17765997842902270406,147,8108.1,8110.5,8112.2,2,2,10,1764953400
RG2_FRA40_PERIOD_M5_1764547200_1764978900_5546118285371728057,7733857982643696982,721,2025.12.03 06:40:30,2.4,13932463624740754800,15803315808039136641,1,8026.8,8032.2,8039.5,4,4,900,1764744030,18167176227212106293,744,2025.12.03 09:03:34,2.1,5288556769292508111,47,8026.8,8031.7,8039.5,5,5,902,1764752614
RG2_FRA40_PERIOD_M5_1764547200_1764978900_5546118285371728057,10534550238862712978,1256,2025.12.05 10:20:00,2.7,1408948368332185551,3681979701713257236,1,8113.1,8113.3,8113.5,2,2,384,1764930000,11798748849050274381,1376,2025.12.05 23:05:00,4.4,3681979701713257236,247,8113.1,8113.3,8113.5,2,2,384,1764975900
RG2_FRA40_PERIOD_M5_1764547200_1764978900_5546118285371728057,4760259955701899519,120,2025.12.01 02:53:05,3.9,14116048783242595181,13758851997434951799,1,8091.3,8091.4,8091.5,2,2,192,1764557585,14879806866571941260,121,2025.12.01 02:53:15,3.9,13758851997434951799,2,8091.1,8091.3,8091.5,2,2,192,1764557595
RG2_FRA40_PERIOD_M5_1764547200_1764978900_5546118285371728057,9116853730742058024,1183,2025.12.05 03:03:08,3.4,1415836056137405132,7519970159636175326,1,8130.6,8130.8,8130.9,2,2,320,1764903788,17542774647160429800,1185,2025.12.05 03:16:27,3.3,7519970159636175326,7,8130.9,8131.0,8131.2,2,2,320,1764904587
RG2_FRA40_PERIOD_M5_1764547200_1764978900_5546118285371728057,7770662598943181779,733,2025.12.03 09:00:00,2.1,14205164819928956010,9753782450765331850,1,8080.9,8081.0,8081.1,2,2,144,1764752400,16936291798614401608,815,2025.12.03 11:35:40,4.4,9753782450765331850,113,8080.9,8081.0,8081.1,2,2,144,1764761740
RG2_FRA40_PERIOD_M5_1764547200_1764978900_5546118285371728057,16823555572613630918,387,2025.12.02 10:05:00,2.8,14243986391733356219,3906734084694530514,1,7995.9,8011.6,8025.4,10,5,902,1764669900,6378602882004896073,729,2025.12.03 07:15:25,2.2,9406090727995974959,571,7996.2,8011.1,8025.4,8,4,898,1764746125
RG2_FRA40_PERIOD_M5_1764547200_1764978900_5546118285371728057,1333756821610328305,1,2025.12.01 01:00:00,3.8,14323092880316290439,4617678511950990291,1,7968.2,7971.9,7973.3,2,2,130,1764550800,10474614150762285260,340,2025.12.02 02:34:59,3.7,6066832626942652723,613,7972.9,7975.8,7978.7,3,3,386,1764642899
RG2_FRA40_PERIOD_M5_1764547200_1764978900_5546118285371728057,2879701649209049172,954,2025.12.03 21:51:59,4.9,14573622824598619020,6022435811192608305,1,8110.8,8111.0,8111.1,2,2,80,1764798719,8351714985529017439,959,2025.12.03 22:10:22,4.7,6022435811192608305,11,8111.1,8111.4,8111.6,2,2,80,1764799822
RG2_FRA40_PERIOD_M5_1764547200_1764978900_5546118285371728057,16210984113932676448,820,2025.12.03 14:50:00,5.9,1482999741718754661,10052272257299619949,1,8050.8,8051.1,8051.5,2,1,256,1764773400,6960592893385816848,910,2025.12.03 19:10:00,6.2,10052272257299619949,138,8050.8,8051.1,8051.5,2,1,256,1764789000
RG2_FRA40_PERIOD_M5_1764547200_1764978900_5546118285371728057,10862858427309339219,1154,2025.12.05 01:00:00,4.4,14985911583214003651,10930251911669653306,1,8134.4,8135.7,8136.4,3,2,192,1764896400,14616583969052617946,1211,2025.12.05 04:28:33,2.9,10930251911669653306,106,8134.4,8135.7,8136.4,3,2,192,1764908913
RG2_FRA40_PERIOD_M5_1764547200_1764978900_5546118285371728057,9305495976718818747,304,2025.12.02 01:00:00,4.3,15317312356756656381,588333732642946707,1,8042.2,8042.3,8042.4,2,1,128,1764637200,9642538873734961392,970,2025.12.03 23:00:00,4.6,588333732642946707,1166,8042.2,8042.3,8042.4,2,1,128,1764802800
RG2_FRA40_PERIOD_M5_1764547200_1764978900_5546118285371728057,4845074111068209324,745,2025.12.03 09:25:00,2.4,15338553618109876125,2653189476271714038,1,8026.8,8033.0,8039.8,6,5,902,1764753900,16590459299969860451,822,2025.12.03 15:40:00,6.3,8147496396092016102,146,8022.8,8033.3,8039.8,6,5,902,1764776400
RG2_FRA40_PERIOD_M5_1764547200_1764978900_5546118285371728057,3428463829397112369,359,2025.12.02 05:00:00,2.8,15375383614396951269,847667328416485971,1,8085.4,8085.5,8085.5,2,2,144,1764651600,17101636119482389141,362,2025.12.02 05:55:00,2.8,847667328416485971,12,8085.4,8085.5,8085.5,2,2,144,1764654900
RG2_FRA40_PERIOD_M5_1764547200_1764978900_5546118285371728057,7497957681692678745,1355,2025.12.05 19:00:00,5.7,15396244095018727822,15508369455201284590,1,8061.8,8069.0,8076.6,8,4,912,1764961200,11798748849050274381,1376,2025.12.05 23:05:00,4.4,15508369455201284590,62,8061.8,8069.0,8076.6,8,4,912,1764975900
RG2_FRA40_PERIOD_M5_1764547200_1764978900_5546118285371728057,2339588528956706269,601,2025.12.02 13:00:00,4.6,1567254714816012512,10046964313862102942,1,8109.2,8109.2,8109.3,2,2,272,1764680400,16700585707671732429,627,2025.12.02 13:35:00,4.9,10046964313862102942,36,8109.2,8109.2,8109.3,2,2,272,1764682500
RG2_FRA40_PERIOD_M5_1764547200_1764978900_5546118285371728057,10862858427309339219,1154,2025.12.05 01:00:00,4.4,15791669228491038244,17765997842902270406,1,8109.3,8110.8,8112.3,2,2,10,1764896400,13767080903259419952,1212,2025.12.05 04:30:30,2.9,17765997842902270406,107,8109.3,8110.8,8112.3,2,2,10,1764909030
RG2_FRA40_PERIOD_M5_1764547200_1764978900_5546118285371728057,865167821851059483,1099,2025.12.04 12:00:00,4.1,15911862954363391495,1884429252151219353,1,8099.1,8100.2,8102.3,3,3,138,1764849600,5880350409192717840,1150,2025.12.04 22:00:00,4.8,3966129245893860134,157,8100.3,8101.3,8103.3,2,2,10,1764885600
RG2_FRA40_PERIOD_M5_1764547200_1764978900_5546118285371728057,17052400028635118529,670,2025.12.03 01:00:00,5.1,15956937616810312837,8916579106357620475,1,8140.8,8155.2,8170.5,15,3,896,1764723600,11798748849050274381,1376,2025.12.05 23:05:00,4.4,9702869485139033941,1450,8140.8,8154.1,8170.5,19,5,976,1764975900
RG2_FRA40_PERIOD_M5_1764547200_1764978900_5546118285371728057,2080345455903325706,1177,2025.12.05 02:00:00,3.9,16407080007733003996,14482212937613944839,1,8124.1,8124.1,8124.1,2,1,16,1764900000,12612945581187405525,1179,2025.12.05 02:26:00,3.7,14482212937613944839,9,8124.1,8124.1,8124.1,2,1,16,1764901560
RG2_FRA40_PERIOD_M5_1764547200_1764978900_5546118285371728057,1246107329147954144,165,2025.12.01 07:05:00,3.1,16539711412265825883,15539748756359842468,1,8080.9,8081.0,8081.1,2,2,144,1764572700,1798397299308952188,170,2025.12.01 07:09:17,3.1,15539748756359842468,6,8080.9,8081.0,8081.1,2,2,144,1764572957
RG2_FRA40_PERIOD_M5_1764547200_1764978900_5546118285371728057,17904577817747066532,1356,2025.12.05 19:15:00,5.5,16599715959683499128,15377061585255430682,1,8119.8,8121.1,8124.4,2,2,130,1764962100,9727313637166691811,1375,2025.12.05 23:00:00,4.5,15377061585255430682,56,8119.8,8121.1,8124.4,2,2,130,1764975600
RG2_FRA40_PERIOD_M5_1764547200_1764978900_5546118285371728057,1470650090184782591,823,2025.12.03 16:00:00,6.4,16727957456938615202,15032561973048823023,1,8043.5,8045.5,8047.6,2,2,192,1764777600,2830464291612257162,908,2025.12.03 18:00:00,7.2,15032561973048823023,110,8043.5,8045.5,8047.6,2,2,192,1764784800
RG2_FRA40_PERIOD_M5_1764547200_1764978900_5546118285371728057,3267288796922114521,366,2025.12.02 07:00:00,2.6,16885959627842147460,16918430576531500554,1,8080.9,8081.1,8081.2,2,2,144,1764658800,3267288796922114521,366,2025.12.02 07:00:00,2.6,16918430576531500554,1,8080.9,8081.1,8081.2,2,2,144,1764658800
RG2_FRA40_PERIOD_M5_1764547200_1764978900_5546118285371728057,7670131336231754232,1065,2025.12.04 10:15:00,2.9,16921742080073572252,14641907324178155187,1,8091.5,8091.7,8091.9,2,1,128,1764843300,5572602360221373693,1213,2025.12.05 05:00:00,2.9,14641907324178155187,344,8091.5,8091.7,8091.9,2,1,128,1764910800
RG2_FRA40_PERIOD_M5_1764547200_1764978900_5546118285371728057,10986390553936683789,1153,2025.12.04 23:40:00,4.6,16946636180466020589,14673400338542030375,1,8026.8,8038.1,8048.7,11,5,962,1764891600,7353303910781585836,1263,2025.12.05 14:00:00,4.3,5157350385646439944,265,8026.8,8037.7,8048.7,10,5,962,1764943200
RG2_FRA40_PERIOD_M5_1764547200_1764978900_5546118285371728057,9079738555597137370,443,2025.12.02 10:20:38,3.1,17180379866275483399,12174379210921093086,1,8105.4,8105.5,8105.6,2,2,320,1764670838,3563915737005948788,449,2025.12.02 10:24:35,3.1,14586731197192995128,7,8106.4,8106.5,8106.6,2,2,320,1764671075
RG2_FRA40_PERIOD_M5_1764547200_1764978900_5546118285371728057,1246107329147954144,165,2025.12.01 07:05:00,3.1,17312926094659140737,5722545063959130351,1,8074.6,8098.7,8112.9,16,6,922,1764572700,9011374641433235591,669,2025.12.02 23:00:00,5.6,4415121447180678586,933,8099.1,8099.2,8099.3,3,3,152,1764716400
RG2_FRA40_PERIOD_M5_1764547200_1764978900_5546118285371728057,6009207544974796134,190,2025.12.01 12:55:00,5.9,17315066808869358792,10052272257299619949,1,8050.8,8051.1,8051.5,2,1,256,1764593700,8876365002654749577,299,2025.12.01 21:00:00,6.0,10052272257299619949,204,8050.8,8051.1,8051.5,2,1,256,1764622800
RG2_FRA40_PERIOD_M5_1764547200_1764978900_5546118285371728057,17052400028635118529,670,2025.12.03 01:00:00,5.1,17374791021380216712,17814650109583579764,1,8106.4,8106.7,8107.0,3,2,272,1764723600,11926923937356348124,730,2025.12.03 08:00:00,2.2,8490829577420730748,143,8106.8,8106.9,8107.0,2,2,272,1764748800
RG2_FRA40_PERIOD_M5_1764547200_1764978900_5546118285371728057,1030176022009635781,1011,2025.12.04 04:32:08,2.5,17379298113963880019,5767784779844824593,1,8119.8,8119.8,8119.9,2,2,192,1764822728,1030176022009635781,1011,2025.12.04 04:32:08,2.5,5767784779844824593,1,8119.8,8119.8,8119.9,2,2,192,1764822728
RG2_FRA40_PERIOD_M5_1764547200_1764978900_5546118285371728057,6496860538448411449,921,2025.12.03 21:24:10,5.1,17699766941181831346,17814650109583579764,1,8106.4,8106.7,8107.0,3,2,272,1764797050,10986390553936683789,1153,2025.12.04 23:40:00,4.6,17169732037009627764,509,8106.4,8106.7,8107.0,3,2,272,1764891600
RG2_FRA40_PERIOD_M5_1764547200_1764978900_5546118285371728057,13669792607731689082,633,2025.12.02 16:35:00,6.4,17891973192335680284,16918430576531500554,1,8080.9,8081.3,8081.7,2,2,144,1764693300,15006116715401494925,663,2025.12.02 20:10:00,6.6,16918430576531500554,73,8080.9,8081.3,8081.7,2,2,144,1764706200
RG2_FRA40_PERIOD_M5_1764547200_1764978900_5546118285371728057,15116569262016928599,360,2025.12.02 05:05:30,2.7,17904705221557922367,7842580426924411300,1,7996.2,8013.1,8025.4,9,5,902,1764651930,15116569262016928599,360,2025.12.02 05:05:30,2.7,7842580426924411300,1,7996.2,8013.1,8025.4,9,5,902,1764651930
RG2_FRA40_PERIOD_M5_1764547200_1764978900_5546118285371728057,5042852719198566597,1037,2025.12.04 10:00:00,2.4,18134314648644739185,447166618749795644,1,8113.5,8113.6,8113.7,2,2,144,1764842400,6075726835565503408,1215,2025.12.05 06:00:00,2.7,3681979701713257236,386,8113.1,8113.3,8113.5,2,2,384,1764914400
RG2_FRA40_PERIOD_M5_1764547200_1764978900_5546118285371728057,2755677548720906212,718,2025.12.03 05:00:00,2.8,18186763262208585362,10972283316073377710,1,8084.1,8084.1,8084.2,2,1,16,1764738000,7733857982643696982,721,2025.12.03 06:40:30,2.4,10972283316073377710,22,8084.1,8084.1,8084.2,2,1,16,1764744030
RG2_FRA40_PERIOD_M5_1764547200_1764978900_5546118285371728057,11926923937356348124,730,2025.12.03 08:00:00,2.2,18211756868536580515,6981973062229814869,1,7996.2,8009.3,8021.9,7,3,896,1764748800,16590459299969860451,822,2025.12.03 15:40:00,6.3,6981973062229814869,173,7996.2,8009.3,8021.9,7,3,896,1764776400
RG2_FRA40_PERIOD_M5_1764547200_1764978900_5546118285371728057,1333756821610328305,1,2025.12.01 01:00:00,3.8,18224042200755022040,13843901925575464491,1,8123.3,8133.6,8146.3,12,5,976,1764550800,10986390553936683789,1153,2025.12.04 23:40:00,4.6,13745731992553080163,2158,8128.3,8133.7,8137.6,8,4,960,1764891600
RG2_FRA40_PERIOD_M5_1764547200_1764978900_5546118285371728057,5572602360221373693,1213,2025.12.05 05:00:00,2.9,18301000435911186009,4078672465641507645,1,8106.4,8107.2,8109.6,3,2,258,1764910800,1931030175882821653,1229,2025.12.05 07:59:59,2.0,8185845465901448133,52,8106.6,8107.6,8109.6,2,2,258,1764921599
RG2_FRA40_PERIOD_M5_1764547200_1764978900_5546118285371728057,1333756821610328305,1,2025.12.01 01:00:00,3.8,2152472772280892624,15545457360180570193,1,7942.9,7946.6,7948.0,2,2,258,1764550800,11944180140342187732,187,2025.12.01 10:25:00,4.5,15545457360180570193,288,7942.9,7946.6,7948.0,2,2,258,1764584700
RG2_FRA40_PERIOD_M5_1764547200_1764978900_5546118285371728057,1121683951431604872,1161,2025.12.05 01:00:36,4.4,2439830446568781290,5412662455498680798,1,8127.9,8128.1,8128.3,2,2,320,1764896436,10068386596128802862,1189,2025.12.05 03:55:30,3.0,12155326031067197726,69,8128.3,8128.5,8128.6,2,2,272,1764906930
RG2_FRA40_PERIOD_M5_1764547200_1764978900_5546118285371728057,6174242448281184350,634,2025.12.02 17:00:00,6.8,2458403924789258322,15448822353728829443,1,8113.4,8113.4,8113.5,2,2,144,1764694800,13135890616816284333,651,2025.12.02 17:36:41,7.0,15448822353728829443,26,8113.4,8113.4,8113.5,2,2,144,1764697001
RG2_FRA40_PERIOD_M5_1764547200_1764978900_5546118285371728057,5572602360221373693,1213,2025.12.05 05:00:00,2.9,2488634100245479922,9146073238349675601,1,8139.6,8139.6,8139.6,2,2,80,1764910800,9761449516661825982,1219,2025.12.05 07:01:27,2.3,9146073238349675601,28,8139.6,8139.7,8139.8,2,2,80,1764918087
RG2_FRA40_PERIOD_M5_1764547200_1764978900_5546118285371728057,14275439433539810906,1026,2025.12.04 08:00:00,2.2,2494117440695870621,9400550006502974854,1,7957.1,7957.7,7959.5,2,2,130,1764835200,11400280112539713265,1261,2025.12.05 12:05:00,3.8,9400550006502974854,533,7957.1,7957.7,7959.5,2,2,130,1764936300
RG2_FRA40_PERIOD_M5_1764547200_1764978900_5546118285371728057,10893497507547551999,462,2025.12.02 10:35:37,3.3,2585076904455235567,10722179432576053560,1,8108.9,8109.1,8109.3,2,2,320,1764671737,24869725429778667,463,2025.12.02 10:36:25,3.3,10722179432576053560,2,8109.3,8109.3,8109.3,2,2,320,1764671785
RG2_FRA40_PERIOD_M5_1764547200_1764978900_5546118285371728057,14586399566452612580,1066,2025.12.04 10:20:00,3.0,2698081471376494114,14673400338542030375,1,8022.0,8036.9,8048.7,11,5,962,1764843600,10106460299182530185,1100,2025.12.04 13:00:00,4.4,14673400338542030375,64,8026.5,8037.3,8048.7,11,5,962,1764853200
RG2_FRA40_PERIOD_M5_1764547200_1764978900_5546118285371728057,10862858427309339219,1154,2025.12.05 01:00:00,4.4,2709657231210221624,17953038770752096252,1,8077.3,8083.2,8089.4,6,4,912,1764896400,4348413979397123664,1282,2025.12.05 16:40:00,5.6,821451907511380530,308,8077.3,8082.8,8089.4,7,5,916,1764952800
RG2_FRA40_PERIOD_M5_1764547200_1764978900_5546118285371728057,5538352986866107165,1148,2025.12.04 20:00:00,5.4,2873779464655008467,9687235557457082131,1,8126.8,8127.1,8127.3,2,2,144,1764878400,11798748849050274381,1376,2025.12.05 23:05:00,4.4,17850213559565498131,510,8127.2,8127.3,8127.3,2,2,144,1764975900
RG2_FRA40_PERIOD_M5_1764547200_1764978900_5546118285371728057,14770206622459631364,341,2025.12.02 03:00:00,3.5,3015801612819691371,2300491018897814752,1,7973.4,7977.3,7978.7,2,2,258,1764644400,6222574990598336403,355,2025.12.02 03:27:13,3.3,2300491018897814752,23,7973.4,7977.3,7978.7,2,2,258,1764646033
RG2_FRA40_PERIOD_M5_1764547200_1764978900_5546118285371728057,12612441339551336418,1001,2025.12.04 03:00:00,3.0,3089378642344192710,650933891935281927,1,8110.6,8110.6,8110.6,2,1,16,1764817200,12637440481213019052,1005,2025.12.04 03:50:00,2.8,650933891935281927,16,8110.6,8110.6,8110.6,2,1,16,1764820200
RG2_FRA40_PERIOD_M5_1764547200_1764978900_5546118285371728057,7992014266411386466,963,2025.12.03 22:12:03,4.7,3124082610311179967,2152556201077785085,1,8112.9,8113.2,8113.5,2,2,192,1764799923,9627114587951450831,1022,2025.12.04 04:54:25,2.4,3450049520062424290,126,8113.5,8113.5,8113.6,2,2,144,1764824065
RG2_FRA40_PERIOD_M5_1764547200_1764978900_5546118285371728057,17052400028635118529,670,2025.12.03 01:00:00,5.1,346438473245777986,16545935566279725175,1,8080.6,8080.8,8080.9,2,2,192,1764723600,17118481711010231533,673,2025.12.03 01:00:19,5.1,4180776916954550159,4,8079.6,8079.8,8079.9,2,2,192,1764723619
RG2_FRA40_PERIOD_M5_1764547200_1764978900_5546118285371728057,11566466277270816380,769,2025.12.03 10:44:25,3.7,3581739305190284324,9797037026220153425,1,8093.9,8094.1,8094.3,2,2,192,1764758665,15164787369358182915,772,2025.12.03 10:44:32,3.7,9797037026220153425,4,8094.3,8094.4,8094.5,2,2,192,1764758672
RG2_FRA40_PERIOD_M5_1764547200_1764978900_5546118285371728057,12802692438983954870,681,2025.12.03 01:21:00,4.9,3859914009202450723,11682562622973283070,1,8081.6,8081.6,8081.7,2,2,80,1764724860,9637762449459050061,684,2025.12.03 01:21:59,4.9,11682562622973283070,4,8081.7,8081.9,8082.1,2,2,80,1764724919
RG2_FRA40_PERIOD_M5_1764547200_1764978900_5546118285371728057,17641696376923027610,157,2025.12.01 07:00:00,3.0,4027933162518111869,5464014695588274709,1,8090.0,8090.1,8090.1,2,2,272,1764572400,2885614920744118349,185,2025.12.01 10:00:00,3.9,5464014695588274709,61,8090.0,8090.1,8090.1,2,2,272,1764583200
RG2_FRA40_PERIOD_M5_1764547200_1764978900_5546118285371728057,2489524471050799313,1257,2025.12.05 10:25:00,2.8,4045100845929152165,14641907324178155187,1,8091.5,8091.7,8091.9,2,1,128,1764930300,11798748849050274381,1376,2025.12.05 23:05:00,4.4,14641907324178155187,246,8091.5,8091.7,8091.9,2,1,128,1764975900
RG2_FRA40_PERIOD_M5_1764547200_1764978900_5546118285371728057,8072284060039962906,712,2025.12.03 03:02:00,3.8,4177805634457790524,10339534543936038397,1,8085.1,8085.3,8085.4,2,2,192,1764730920,3667701110806897883,722,2025.12.03 07:00:00,2.3,10339534543936038397,53,8085.4,8085.5,8085.6,2,2,192,1764745200
RG2_FRA40_PERIOD_M5_1764547200_1764978900_5546118285371728057,11400280112539713265,1261,2025.12.05 12:05:00,3.8,439933086981035269,4798670605112603541,1,8110.1,8110.4,8110.6,2,2,272,1764936300,11798748849050274381,1376,2025.12.05 23:05:00,4.4,4798670605112603541,226,8110.1,8110.4,8110.6,2,2,272,1764975900
RG2_FRA40_PERIOD_M5_1764547200_1764978900_5546118285371728057,11948854182626251071,1264,2025.12.05 14:30:00,4.6,4468154073200260957,16830406482506633358,1,8026.8,8040.7,8054.5,13,5,962,1764945000,1265846839178415718,1372,2025.12.05 22:31:35,4.6,16830406482506633358,190,8026.8,8040.7,8054.5,13,5,962,1764973895
RG2_FRA40_PERIOD_M5_1764547200_1764978900_5546118285371728057,8557071172742068083,971,2025.12.04 01:00:00,4.2,4524490085565199607,14641907324178155187,1,8091.5,8091.7,8091.9,2,1,128,1764810000,15671393933203932574,1004,2025.12.04 03:22:00,2.9,14641907324178155187,62,8091.5,8091.7,8091.9,2,1,128,1764818520
RG2_FRA40_PERIOD_M5_1764547200_1764978900_5546118285371728057,10200283157269762576,793,2025.12.03 11:08:17,4.1,4612733026619853923,11813120964897175037,1,8098.6,8098.8,8099.1,2,2,192,1764760097,11781575504780392725,801,2025.12.03 11:08:35,4.1,1652497366168580705,9,8099.7,8099.9,8100.1,2,2,72,1764760115
RG2_FRA40_PERIOD_M5_1764547200_1764978900_5546118285371728057,7497957681692678745,1355,2025.12.05 19:00:00,5.7,4710500407843417093,821451907511380530,1,8077.3,8083.1,8089.4,7,5,916,1764961200,11798748849050274381,1376,2025.12.05 23:05:00,4.4,7082946724119572098,62,8077.3,8083.3,8089.4,7,5,916,1764975900
RG2_FRA40_PERIOD_M5_1764547200_1764978900_5546118285371728057,10407457139282157289,1255,2025.12.05 10:00:00,2.3,4736547659165828410,6255179582327534818,1,8118.8,8119.0,8119.1,2,2,144,1764928800,11798748849050274381,1376,2025.12.05 23:05:00,4.4,6255179582327534818,251,8118.8,8119.0,8119.1,2,2,144,1764975900
RG2_FRA40_PERIOD_M5_1764547200_1764978900_5546118285371728057,10755480098355130496,1373,2025.12.05 22:40:00,4.6,4768169624914476244,5157350385646439944,1,8026.8,8037.7,8048.7,10,5,962,1764974400,11798748849050274381,1376,2025.12.05 23:05:00,4.4,5157350385646439944,6,8026.8,8037.7,8048.7,10,5,962,1764975900
RG2_FRA40_PERIOD_M5_1764547200_1764978900_5546118285371728057,13154198566306388700,1025,2025.12.04 07:00:30,2.2,4861275428339361963,3385256565042302393,1,8026.8,8038.2,8048.7,10,4,960,1764831630,7670131336231754232,1065,2025.12.04 10:15:00,2.9,3385256565042302393,76,8026.8,8038.2,8048.7,10,4,960,1764843300
RG2_FRA40_PERIOD_M5_1764547200_1764978900_5546118285371728057,1149556991674582285,821,2025.12.03 15:00:00,5.9,4898663455961784906,17633897435126082541,1,8076.5,8079.1,8079.9,2,2,130,1764774000,2830464291612257162,908,2025.12.03 18:00:00,7.2,2236857013386898954,122,8080.9,8081.3,8081.7,2,2,144,1764784800
RG2_FRA40_PERIOD_M5_1764547200_1764978900_5546118285371728057,11083979224829164654,657,2025.12.02 19:00:00,6.9,4904140029963196056,7712664406810353235,1,8111.1,8111.3,8111.4,2,1,16,1764702000,916262983219171775,662,2025.12.02 20:00:13,6.7,7712664406810353235,18,8110.3,8110.7,8111.1,2,1,16,1764705613
RG2_FRA40_PERIOD_M5_1764547200_1764978900_5546118285371728057,16746324646148495605,1030,2025.12.04 09:05:36,2.2,5043036154043960967,6207920571183362577,1,8127.3,8127.4,8127.5,2,2,192,1764839136,16746324646148495605,1030,2025.12.04 09:05:36,2.2,6207920571183362577,1,8127.3,8127.4,8127.5,2,2,192,1764839136
RG2_FRA40_PERIOD_M5_1764547200_1764978900_5546118285371728057,15284631704852219778,434,2025.12.02 10:19:27,3.0,5083795130553170917,14290661182554170110,1,8104.0,8104.2,8104.3,2,2,80,1764670767,8740138003277501997,438,2025.12.02 10:19:37,3.0,14290661182554170110,5,8104.3,8104.5,8104.6,2,2,80,1764670777
RG2_FRA40_PERIOD_M5_1764547200_1764978900_5546118285371728057,4806065092957233914,530,2025.12.02 10:40:15,3.4,5482074449586434685,2801501028235305805,1,8119.1,8119.3,8119.4,2,2,192,1764672015,972291925810360217,534,2025.12.02 10:40:26,3.4,2801501028235305805,5,8119.4,8119.6,8119.8,2,2,192,1764672026
RG2_FRA40_PERIOD_M5_1764547200_1764978900_5546118285371728057,9525877091270856514,293,2025.12.01 15:00:00,7.2,5780672337985856126,5464014695588274709,1,8090.0,8090.1,8090.1,2,2,272,1764601200,10972098804395678941,303,2025.12.01 23:45:00,4.4,5464014695588274709,106,8090.0,8090.1,8090.1,2,2,272,1764632700
RG2_FRA40_PERIOD_M5_1764547200_1764978900_5546118285371728057,17642624150781209284,750,2025.12.03 09:40:00,2.5,5982722043920241089,9373652744717196755,1,8085.1,8085.3,8085.4,2,2,144,1764754800,5191922766166133179,784,2025.12.03 10:59:14,3.9,9373652744717196755,48,8085.4,8085.5,8085.6,2,2,144,1764759554
RG2_FRA40_PERIOD_M5_1764547200_1764978900_5546118285371728057,3310424920191694895,95,2025.12.01 02:25:32,3.9,6118242321764106306,132682444175233730,1,8102.5,8102.7,8102.9,2,2,320,1764555932,6727784030339497451,97,2025.12.01 02:38:59,3.8,132682444175233730,5,8102.1,8102.3,8102.5,2,2,320,1764556739
RG2_FRA40_PERIOD_M5_1764547200_1764978900_5546118285371728057,14887832314821872329,1097,2025.12.04 11:17:39,3.7,6219184846373647171,4655567774140514703,1,8094.3,8094.5,8094.7,2,2,192,1764847059,10986390553936683789,1153,2025.12.04 23:40:00,4.6,4655567774140514703,185,8094.3,8094.5,8094.7,2,2,192,1764891600
RG2_FRA40_PERIOD_M5_1764547200_1764978900_5546118285371728057,8557071172742068083,971,2025.12.04 01:00:00,4.2,6801905496601539141,16098425361271944876,1,8080.9,8080.9,8080.9,2,2,384,1764810000,10986390553936683789,1153,2025.12.04 23:40:00,4.6,16098425361271944876,426,8080.9,8080.9,8080.9,2,2,384,1764891600
RG2_FRA40_PERIOD_M5_1764547200_1764978900_5546118285371728057,13733031907382044854,818,2025.12.03 13:05:00,5.2,6810521930801168649,2300491018897814752,1,7973.7,7977.3,7978.7,2,2,258,1764767100,16838657208653971405,914,2025.12.03 21:00:00,5.2,2300491018897814752,183,7973.7,7977.3,7978.7,2,2,258,1764795600
RG2_FRA40_PERIOD_M5_1764547200_1764978900_5546118285371728057,4218162771003355942,52,2025.12.01 01:37:05,3.9,6926378892203253587,12814738863768726063,1,8113.5,8113.7,8113.9,2,2,192,1764553025,12764238887468486302,56,2025.12.01 02:08:26,3.8,12814738863768726063,10,8113.2,8113.3,8113.5,2,2,192,1764554906
RG2_FRA40_PERIOD_M5_1764547200_1764978900_5546118285371728057,2567853999316683159,1358,2025.12.05 21:00:00,5.0,692647813825251214,8974306396711822643,1,8130.8,8130.9,8130.9,2,2,272,1764968400,11798748849050274381,1376,2025.12.05 23:05:00,4.4,8974306396711822643,38,8130.8,8130.9,8130.9,2,2,272,1764975900
RG2_FRA40_PERIOD_M5_1764547200_1764978900_5546118285371728057,12612441339551336418,1001,2025.12.04 03:00:00,3.0,7024494593839114386,2300491018897814752,1,7977.9,7979.3,7981.9,2,2,258,1764817200,12637440481213019052,1005,2025.12.04 03:50:00,2.8,2300491018897814752,16,7977.9,7979.3,7981.9,2,2,258,1764820200
RG2_FRA40_PERIOD_M5_1764547200_1764978900_5546118285371728057,15595285022909253616,1052,2025.12.04 10:01:40,2.4,7206063591105105952,1118650407287650564,1,8102.4,8102.4,8102.5,2,2,320,1764842500,15595285022909253616,1052,2025.12.04 10:01:40,2.4,1118650407287650564,1,8102.4,8102.4,8102.5,2,2,320,1764842500
RG2_FRA40_PERIOD_M5_1764547200_1764978900_5546118285371728057,11383415012326959829,691,2025.12.03 01:58:10,4.5,7417651641510655892,9834574566087332990,1,8084.1,8084.1,8084.2,2,2,80,1764727090,172174582705416860,715,2025.12.03 03:15:00,3.7,10972283316073377710,42,8084.2,8084.4,8084.6,2,1,16,1764731700
RG2_FRA40_PERIOD_M5_1764547200_1764978900_5546118285371728057,4822054905082847119,652,2025.12.02 18:00:00,7.1,7549480929766181848,10857179002185870856,1,8027.8,8028.2,8029.3,2,2,68,1764698400,9011374641433235591,669,2025.12.02 23:00:00,5.6,4260268653581187064,71,8028.6,8028.8,8029.3,2,2,68,1764716400
RG2_FRA40_PERIOD_M5_1764547200_1764978900_5546118285371728057,18140502526939213785,267,2025.12.01 14:08:04,6.5,7580481469438565631,15032561973048823023,1,8047.6,8047.8,8048.1,2,2,192,1764598084,9978536318737629677,273,2025.12.01 14:12:20,6.6,15032561973048823023,9,8046.9,8047.2,8047.6,2,2,192,1764598340
RG2_FRA40_PERIOD_M5_1764547200_1764978900_5546118285371728057,6075726835565503408,1215,2025.12.05 06:00:00,2.7,7611466555378236493,8974306396711822643,1,8130.8,8130.9,8130.9,2,2,272,1764914400,1931030175882821653,1229,2025.12.05 07:59:59,2.0,8974306396711822643,40,8130.8,8130.9,8130.9,2,2,272,1764921599
RG2_FRA40_PERIOD_M5_1764547200_1764978900_5546118285371728057,17430167817082735636,361,2025.12.02 05:45:00,2.8,7679844694742303150,3394881411194407810,1,7995.9,8011.4,8025.4,10,5,902,1764654300,2113647753383028131,364,2025.12.02 06:25:00,2.8,3394881411194407810,8,7995.9,8011.5,8025.4,10,5,902,1764656700
RG2_FRA40_PERIOD_M5_1764547200_1764978900_5546118285371728057,12646787404722358736,313,2025.12.02 01:00:52,4.3,7682073074323692456,528159021490331729,1,8079.5,8079.7,8079.9,2,2,192,1764637252,11303937452134009914,321,2025.12.02 01:02:49,4.3,528159021490331729,9,8079.9,8080.1,8080.3,2,2,192,1764637369
RG2_FRA40_PERIOD_M5_1764547200_1764978900_5546118285371728057,9588171789151474364,692,2025.12.03 02:00:00,4.5,7720033507920168081,7809302716399520646,1,8079.6,8079.8,8079.9,2,2,144,1764727200,6397186723621284733,710,2025.12.03 02:25:00,4.2,7809302716399520646,25,8079.6,8079.8,8079.9,2,2,144,1764728700
RG2_FRA40_PERIOD_M5_1764547200_1764978900_5546118285371728057,2376152867755761379,349,2025.12.02 03:11:21,3.4,7864628759290334069,1932913662676285437,1,8085.2,8085.3,8085.4,2,2,192,1764645081,2273608533269171822,350,2025.12.02 03:15:00,3.4,1932913662676285437,2,8085.4,8085.6,8085.7,2,2,192,1764645300
RG2_FRA40_PERIOD_M5_1764547200_1764978900_5546118285371728057,13218651235876432339,732,2025.12.03 08:55:00,2.1,794900588980007733,8490829577420730748,1,8106.8,8106.9,8107.0,2,2,272,1764752100,3916461431715103397,924,2025.12.03 21:25:00,5.1,3185109725278850526,327,8105.6,8105.7,8105.7,2,2,320,1764797100
RG2_FRA40_PERIOD_M5_1764547200_1764978900_5546118285371728057,8557071172742068083,971,2025.12.04 01:00:00,4.2,7987476354931464973,3183940991591614543,1,8049.3,8051.0,8054.5,4,3,448,1764810000,10106460299182530185,1100,2025.12.04 13:00:00,4.4,3183940991591614543,262,8049.3,8051.0,8054.5,4,3,448,1764853200
RG2_FRA40_PERIOD_M5_1764547200_1764978900_5546118285371728057,17198971119274810943,356,2025.12.02 04:00:00,3.0,8090695628476411156,14617797996082750912,1,7974.8,7978.7,7980.1,3,2,258,1764648000,16936291798614401608,815,2025.12.03 11:35:40,4.4,14617797996082750912,793,7974.8,7978.7,7980.1,3,2,258,1764761740
RG2_FRA40_PERIOD_M5_1764547200_1764978900_5546118285371728057,17052400028635118529,670,2025.12.03 01:00:00,5.1,8259515420419307446,6734915046247133008,1,8026.8,8033.7,8039.8,5,4,900,1764723600,11835646165749059690,720,2025.12.03 06:00:00,2.6,3676611790367199136,109,8026.8,8033.7,8039.8,5,4,900,1764741600
RG2_FRA40_PERIOD_M5_1764547200_1764978900_5546118285371728057,10144648267790991294,481,2025.12.02 10:37:39,3.3,8359109149495268230,1881957861203975165,1,8113.1,8113.3,8113.5,2,2,192,1764671859,14931744026085561799,486,2025.12.02 10:37:50,3.3,1881957861203975165,6,8113.5,8113.6,8113.8,2,2,192,1764671870
RG2_FRA40_PERIOD_M5_1764547200_1764978900_5546118285371728057,1333756821610328305,1,2025.12.01 01:00:00,3.8,8369560083410604891,16158459212039267227,1,8074.6,8095.6,8112.9,17,7,986,1764550800,11064130660304448792,164,2025.12.01 07:04:13,3.0,9464312321696236251,230,8074.6,8095.8,8112.9,19,7,986,1764572653
RG2_FRA40_PERIOD_M5_1764547200_1764978900_5546118285371728057,7818533278389577870,1285,2025.12.05 17:10:00,5.8,8386644914975122992,10043801129517806269,1,8106.4,8106.7,8107.0,2,1,256,1764954600,9407397067008891101,1353,2025.12.05 18:34:41,5.9,10043801129517806269,81,8106.4,8106.7,8107.0,2,1,256,1764959681
RG2_FRA40_PERIOD_M5_1764547200_1764978900_5546118285371728057,10986390553936683789,1153,2025.12.04 23:40:00,4.6,8531786265940511730,3183940991591614543,1,8049.3,8051.0,8054.5,4,3,448,1764891600,7353303910781585836,1263,2025.12.05 14:00:00,4.3,13869588697047270187,265,8049.3,8050.8,8054.5,3,3,448,1764943200
RG2_FRA40_PERIOD_M5_1764547200_1764978900_5546118285371728057,1333756821610328305,1,2025.12.01 01:00:00,3.8,886182864852014659,840469121120796925,1,8060.6,8066.9,8076.6,7,3,896,1764550800,4348413979397123664,1282,2025.12.05 16:40:00,5.6,15508369455201284590,2469,8061.8,8069.0,8076.6,8,4,912,1764952800
RG2_FRA40_PERIOD_M5_1764547200_1764978900_5546118285371728057,11671461993010866108,345,2025.12.02 03:10:39,3.4,8937802986125733851,9068827823853928062,1,8083.8,8084.0,8084.2,2,2,80,1764645039,13459389901598025590,347,2025.12.02 03:11:03,3.4,9068827823853928062,3,8084.2,8084.4,8084.5,2,2,80,1764645063
RG2_FRA40_PERIOD_M5_1764547200_1764978900_5546118285371728057,1333756821610328305,1,2025.12.01 01:00:00,3.8,9162539222848164456,5464014695588274709,1,8090.0,8090.1,8090.1,2,2,272,1764550800,18026323664860139503,154,2025.12.01 05:00:00,3.3,5464014695588274709,201,8090.0,8090.1,8090.1,2,2,272,1764565200
RG2_FRA40_PERIOD_M5_1764547200_1764978900_5546118285371728057,3213631584457495016,1101,2025.12.04 13:20:00,4.6,9250461656712545334,12573911915548298007,1,8026.5,8041.0,8054.5,15,5,962,1764854400,11684478182811893728,1152,2025.12.04 23:25:00,4.7,12573911915548298007,158,8026.8,8041.6,8054.5,15,5,962,1764890700
RG2_FRA40_PERIOD_M5_1764547200_1764978900_5546118285371728057,635001784074361803,1151,2025.12.04 23:00:00,4.9,9267402987357277598,52952899978915713,1,8109.3,8110.0,8112.3,2,2,258,1764889200,2080345455903325706,1177,2025.12.05 02:00:00,3.9,4798670605112603541,52,8110.1,8110.4,8110.6,2,2,272,1764900000
RG2_FRA40_PERIOD_M5_1764547200_1764978900_5546118285371728057,13669792607731689082,633,2025.12.02 16:35:00,6.4,927282714134901092,15032561973048823023,1,8043.5,8045.5,8047.6,2,2,192,1764693300,15006116715401494925,663,2025.12.02 20:10:00,6.6,15032561973048823023,73,8043.5,8045.5,8047.6,2,2,192,1764706200
RG2_FRA40_PERIOD_M5_1764547200_1764978900_5546118285371728057,1470650090184782591,823,2025.12.03 16:00:00,6.4,9280170056883449496,7464436769808161846,1,7996.2,8020.4,8039.8,13,5,902,1764777600,9642538873734961392,970,2025.12.03 23:00:00,4.6,10619667068126768584,229,7996.2,8019.1,8039.8,12,4,898,1764802800
RG2_FRA40_PERIOD_M5_1764547200_1764978900_5546118285371728057,15532450447925593743,1024,2025.12.04 06:00:00,2.3,9299861417554312694,6893165836379255571,1,8119.8,8119.9,8120.0,2,2,144,1764828000,13154198566306388700,1025,2025.12.04 07:00:30,2.2,1708565163432334178,13,8119.4,8119.6,8119.8,3,2,144,1764831630
RG2_FRA40_PERIOD_M5_1764547200_1764978900_5546118285371728057,10755480098355130496,1373,2025.12.05 22:40:00,4.6,9323277301110561212,13869588697047270187,1,8049.3,8050.8,8054.5,3,3,448,1764974400,11798748849050274381,1376,2025.12.05 23:05:00,4.4,13869588697047270187,6,8049.3,8050.8,8054.5,3,3,448,1764975900
RG2_FRA40_PERIOD_M5_1764547200_1764978900_5546118285371728057,17052400028635118529,670,2025.12.03 01:00:00,5.1,94952209163067492,10740642319885303795,1,8119.4,8119.6,8119.8,2,1,128,1764723600,2755677548720906212,718,2025.12.03 05:00:00,2.8,10740642319885303795,98,8119.4,8119.6,8119.8,2,1,128,1764738000
RG2_FRA40_PERIOD_M5_1764547200_1764978900_5546118285371728057,1333756821610328305,1,2025.12.01 01:00:00,3.8,966796068629483467,6650187619650234068,1,7995.9,8008.7,8021.9,7,5,902,1764550800,3428463829397112369,359,2025.12.02 05:00:00,2.8,3394881411194407810,662,7995.9,8011.4,8025.4,10,5,902,1764651600
RG2_FRA40_PERIOD_M5_1764547200_1764978900_5546118285371728057,2497385004491628860,365,2025.12.02 06:30:30,2.7,9877335748672545157,7842580426924411300,1,7996.2,8013.2,8025.4,9,5,902,1764657030,6931491578260580191,386,2025.12.02 10:00:00,2.7,11211817533689897172,59,7996.2,8013.4,8025.4,9,5,902,1764669600
RG2_FRA40_PERIOD_M5_1772409600_1772841300_6520811157212810975,490393857094555132,1491,2026.03.03 18:05:00,15.2,10058560239533889834,12729622217499564691,1,8475.1,8476.0,8476.9,2,1,128,1772561100,490393857094555132,1491,2026.03.03 18:05:00,15.2,12729622217499564691,1,8475.1,8476.0,8476.9,2,1,128,1772561100
RG2_FRA40_PERIOD_M5_1772409600_1772841300_6520811157212810975,11057366367044472491,895,2026.03.03 10:45:30,9.0,10151781183045324030,11419734428024774287,1,8204.1,8204.6,8205.1,2,2,192,1772534730,6817169129795277512,911,2026.03.03 10:46:25,9.0,11419734428024774287,17,8203.0,8203.5,8204.1,2,2,192,1772534785
RG2_FRA40_PERIOD_M5_1772409600_1772841300_6520811157212810975,4413703388981201115,318,2026.03.03 01:00:00,8.0,1020496001593172556,7779496737792440851,1,8285.6,8299.0,8312.5,3,3,896,1772499600,4003969425166027461,546,2026.03.03 07:45:32,6.0,7779496737792440851,311,8285.6,8299.0,8312.5,3,3,896,1772523932
RG2_FRA40_PERIOD_M5_1772409600_1772841300_6520811157212810975,15289126924222037874,947,2026.03.03 10:55:00,9.3,10245879248503218792,13631902696258487294,1,8554.4,8554.9,8555.5,2,2,384,1772535300,9482233241585757033,1932,2026.03.04 21:25:00,9.4,13631902696258487294,1349,8554.4,8554.9,8555.5,2,2,384,1772659500
RG2_FRA40_PERIOD_M5_1772409600_1772841300_6520811157212810975,5201457370043104454,3097,2026.03.06 12:45:00,8.4,10330628418897327724,14635025242652470291,1,8609.7,8610.2,8610.7,2,1,128,1772801100,7120315527133354780,3483,2026.03.06 23:25:00,12.4,14635025242652470291,508,8609.7,8610.2,8610.7,2,1,128,1772839500
RG2_FRA40_PERIOD_M5_1772409600_1772841300_6520811157212810975,7382931118781541493,1494,2026.03.03 19:30:00,14.5,10728440012266970545,8029106404067214669,1,8647.8,8649.5,8649.8,2,2,192,1772566200,9638320631051379077,2738,2026.03.05 23:00:00,11.8,8029106404067214669,1791,8647.8,8649.5,8649.8,2,2,192,1772751600
RG2_FRA40_PERIOD_M5_1772409600_1772841300_6520811157212810975,14511756608021051428,1849,2026.03.04 13:00:00,12.9,10733180190530868019,4028663685989858183,1,8402.8,8403.2,8403.7,2,2,260,1772629200,14041516302792435619,1913,2026.03.04 14:00:00,12.8,4028663685989858183,78,8401.8,8402.3,8402.8,2,2,260,1772632800
RG2_FRA40_PERIOD_M5_1772409600_1772841300_6520811157212810975,17309342359592119143,2001,2026.03.05 02:00:00,6.4,10754571907470662279,9844793762332969809,1,8202.2,8202.2,8202.2,2,2,80,1772676000,8397484858703656674,2003,2026.03.05 02:13:37,6.2,9844793762332969809,7,8202.2,8202.5,8202.9,2,2,80,1772676817
RG2_FRA40_PERIOD_M5_1772409600_1772841300_6520811157212810975,2894507793657371443,1326,2026.03.03 14:00:00,12.6,10876272051302796964,15101707734321216036,1,8204.1,8204.6,8205.2,2,2,144,1772546400,2894507793657371443,1326,2026.03.03 14:00:00,12.6,15101707734321216036,1,8204.1,8204.6,8205.2,2,2,144,1772546400
RG2_FRA40_PERIOD_M5_1772409600_1772841300_6520811157212810975,13080840155195218532,1499,2026.03.04 01:00:00,12.1,10892301749245717844,16803697582513407507,1,7900.4,7933.1,7965.8,3,3,896,1772586000,10430153607998536958,1936,2026.03.04 23:00:00,8.0,16803697582513407507,677,7900.4,7933.1,7965.8,3,3,896,1772665200
RG2_FRA40_PERIOD_M5_1772409600_1772841300_6520811157212810975,3365543674374781565,3096,2026.03.06 12:00:00,7.7,10931477517887364471,17087419826335105159,1,8082.1,8082.6,8083.0,2,1,16,1772798400,7120315527133354780,3483,2026.03.06 23:25:00,12.4,11840679171811640098,517,8080.9,8082.0,8083.0,3,2,144,1772839500
RG2_FRA40_PERIOD_M5_1772409600_1772841300_6520811157212810975,1149355298421022068,3450,2026.03.06 16:00:00,12.4,11235820600603557238,15402307969407098065,1,8101.0,8101.0,8101.0,2,2,80,1772812800,13849346990256147060,3480,2026.03.06 21:00:00,13.9,15402307969407098065,87,8101.0,8101.0,8101.0,2,2,80,1772830800
RG2_FRA40_PERIOD_M5_1772409600_1772841300_6520811157212810975,3510334994250921408,1309,2026.03.03 13:00:00,11.7,1141580472937359644,3932553615861896281,1,8474.5,8474.7,8475.1,3,2,132,1772542800,12052890758194528694,1325,2026.03.03 13:20:38,12.1,3932553615861896281,21,8474.5,8474.7,8475.1,3,2,132,1772544038
RG2_FRA40_PERIOD_M5_1772409600_1772841300_6520811157212810975,1677990334839109880,2739,2026.03.06 01:00:00,11.4,11529525032280469149,15480930979016163847,1,7858.7,7917.6,7965.8,8,3,896,1772758800,5278097990044334699,3288,2026.03.06 13:42:28,9.3,15480930979016163847,706,7858.7,7917.6,7965.8,8,3,896,1772804548
RG2_FRA40_PERIOD_M5_1772409600_1772841300_6520811157212810975,4413703388981201115,318,2026.03.03 01:00:00,8.0,11535117572450592373,3200280978666300195,1,8367.2,8378.0,8387.2,4,4,464,1772499600,13434488798569617072,346,2026.03.03 01:10:31,8.0,3200280978666300195,32,8367.2,8378.0,8387.2,4,4,464,1772500231
RG2_FRA40_PERIOD_M5_1772409600_1772841300_6520811157212810975,13181252432223044415,264,2026.03.02 09:57:33,8.7,11554065540518202306,8526299197518987373,1,8402.6,8402.7,8402.8,2,1,256,1772445453,2296132779857088813,1498,2026.03.03 23:00:00,12.9,8526299197518987373,1622,8402.6,8402.7,8402.8,2,1,256,1772578800
RG2_FRA40_PERIOD_M5_1772409600_1772841300_6520811157212810975,9883573656470607508,3477,2026.03.06 18:00:00,14.6,11662487446005611320,6223273199304140468,1,8236.0,8274.7,8303.1,9,4,900,1772820000,7120315527133354780,3483,2026.03.06 23:25:00,12.4,2369838921177952260,66,8236.0,8273.2,8303.1,9,4,900,1772839500
RG2_FRA40_PERIOD_M5_1772409600_1772841300_6520811157212810975,13096280231001922382,181,2026.03.02 08:00:00,7.8,11679929258258735715,13725044532473739111,1,8485.0,8485.1,8485.2,2,2,260,1772438400,8959095317683584749,309,2026.03.02 20:00:00,10.2,5838491020816656516,249,8486.3,8486.8,8487.4,2,2,384,1772481600
RG2_FRA40_PERIOD_M5_1772409600_1772841300_6520811157212810975,10276800664186450357,1926,2026.03.04 18:00:00,12.7,11751461715427074023,16601314735039977102,1,8407.4,8412.4,8416.6,2,2,18,1772647200,10300994977029514028,1933,2026.03.04 21:55:00,9.1,16601314735039977102,48,8407.4,8412.4,8416.6,2,2,18,1772661300
RG2_FRA40_PERIOD_M5_1772409600_1772841300_6520811157212810975,13352725954760389478,982,2026.03.03 11:00:00,9.4,12183429676182771504,17319915213267754637,1,8285.6,8306.1,8318.6,5,5,914,1772535600,12296635287769476602,1065,2026.03.03 11:45:41,10.6,17319915213267754637,94,8285.6,8306.1,8318.6,5,5,914,1772538341
RG2_FRA40_PERIOD_M5_1772409600_1772841300_6520811157212810975,5908002361875192845,2239,2026.03.05 13:00:00,10.4,12280237759865033067,2940133816773315374,1,8180.2,8180.2,8180.2,2,1,16,1772715600,5908002361875192845,2239,2026.03.05 13:00:00,10.4,2940133816773315374,1,8180.2,8180.2,8180.2,2,1,16,1772715600
RG2_FRA40_PERIOD_M5_1772409600_1772841300_6520811157212810975,16937944898161998384,1986,2026.03.05 01:07:36,7.3,12351983017142419815,16279332821684011832,1,8198.9,8199.2,8199.5,2,2,320,1772672856,4987130308625437239,1992,2026.03.05 01:10:09,7.3,16279332821684011832,8,8199.5,8199.9,8200.2,2,2,320,1772673009
RG2_FRA40_PERIOD_M5_1772409600_1772841300_6520811157212810975,10513653705154380691,1,2026.03.02 01:03:00,7.0,12526858306308087158,17424697275361415375,1,8421.7,8448.2,8465.0,12,5,962,1772413380,8334366563573237206,172,2026.03.02 03:13:13,7.8,13609376714236108323,197,8421.7,8447.4,8465.8,13,6,978,1772421193
RG2_FRA40_PERIOD_M5_1772409600_1772841300_6520811157212810975,7658945184181342840,2226,2026.03.05 10:30:00,8.4,12624080396069958865,12261301409621717457,1,8205.7,8208.0,8210.2,2,2,80,1772706600,7120315527133354780,3483,2026.03.06 23:25:00,12.4,16647757934732116064,1675,8196.6,8209.5,8215.1,6,4,464,1772839500
RG2_FRA40_PERIOD_M5_1772409600_1772841300_6520811157212810975,14749625250850397124,2042,2026.03.05 03:21:30,5.6,13022416794249754224,2969660353281380806,1,8180.2,8180.5,8180.8,2,2,80,1772680890,15639213933962755094,2050,2026.03.05 03:22:12,5.6,17511950478600702306,9,8178.2,8178.5,8178.8,2,2,72,1772680932
RG2_FRA40_PERIOD_M5_1772409600_1772841300_6520811157212810975,5760239164318676684,2950,2026.03.06 07:00:00,5.9,1307870063426027331,17087419826335105159,1,8083.0,8083.3,8083.6,2,1,16,1772780400,5760239164318676684,2950,2026.03.06 07:00:00,5.9,17087419826335105159,1,8083.0,8083.3,8083.6,2,1,16,1772780400
RG2_FRA40_PERIOD_M5_1772409600_1772841300_6520811157212810975,13571895324874271244,625,2026.03.03 10:00:00,7.3,13580001209812844323,14528028213640201142,1,8420.1,8441.6,8465.0,9,4,898,1772532000,2296132779857088813,1498,2026.03.03 23:00:00,12.9,417154453827705647,1015,8420.8,8444.4,8465.0,10,5,902,1772578800
RG2_FRA40_PERIOD_M5_1772409600_1772841300_6520811157212810975,15566835915800975760,2120,2026.03.05 04:00:00,5.4,13601136044089973964,9844793762332969809,1,8211.7,8211.7,8211.7,2,2,80,1772683200,15825888582480012282,2178,2026.03.05 05:39:10,5.4,9844793762332969809,76,8211.7,8211.7,8211.7,2,2,80,1772689150
RG2_FRA40_PERIOD_M5_1772409600_1772841300_6520811157212810975,885208450545201624,2030,2026.03.05 03:19:32,5.5,13763695371765256556,2163686506481371033,1,8184.8,8193.3,8196.8,2,2,18,1772680772,1267656439408326271,2119,2026.03.05 03:56:38,5.5,2163686506481371033,99,8184.8,8193.3,8196.8,2,2,18,1772682998
RG2_FRA40_PERIOD_M5_1772409600_1772841300_6520811157212810975,10192778600343178811,547,2026.03.03 07:45:35,6.0,13766366220339895431,13110147800227008862,1,8285.6,8302.5,8312.9,4,4,960,1772523935,15493579294432249366,590,2026.03.03 09:16:17,6.6,6076807772973363626,62,8285.5,8298.1,8312.5,5,5,976,1772529377
RG2_FRA40_PERIOD_M5_1772409600_1772841300_6520811157212810975,9932773580770458251,1755,2026.03.04 05:00:00,10.2,13782713798049007796,10609230210639311313,1,8187.8,8187.8,8187.8,2,2,80,1772600400,13363661644930902722,1785,2026.03.04 06:00:00,10.0,10609230210639311313,44,8187.8,8187.8,8187.8,2,2,80,1772604000
RG2_FRA40_PERIOD_M5_1772409600_1772841300_6520811157212810975,13080840155195218532,1499,2026.03.04 01:00:00,12.1,13837596042231351343,4623786232569280442,1,8609.1,8609.8,8610.7,3,1,128,1772586000,10430153607998536958,1936,2026.03.04 23:00:00,8.0,13047048341228174355,677,8609.1,8609.4,8609.7,2,1,128,1772665200
RG2_FRA40_PERIOD_M5_1772409600_1772841300_6520811157212810975,18215077696047345253,1411,2026.03.03 16:35:00,14.3,13893916940687642908,10440398727238144963,1,8498.4,8504.4,8508.6,2,2,66,1772555700,7382931118781541493,1494,2026.03.03 19:30:00,14.5,10440398727238144963,112,8498.4,8504.4,8508.6,2,2,66,1772566200
RG2_FRA40_PERIOD_M5_1772409600_1772841300_6520811157212810975,10513653705154380691,1,2026.03.02 01:03:00,7.0,13915075464856189867,8526299197518987373,1,8402.6,8402.7,8402.8,2,1,256,1772413380,13181252432223044415,264,2026.03.02 09:57:33,8.7,3567415841206608015,358,8400.2,8400.5,8400.9,2,2,192,1772445453
RG2_FRA40_PERIOD_M5_1772409600_1772841300_6520811157212810975,3138884849958048876,1555,2026.03.04 01:15:02,12.0,14021554065826504286,1341074168612768148,1,8174.1,8174.7,8175.3,2,2,80,1772586902,16069355799056122886,1691,2026.03.04 03:32:13,11.0,595331728433393824,161,8175.3,8175.8,8176.3,2,1,16,1772595133
RG2_FRA40_PERIOD_M5_1772409600_1772841300_6520811157212810975,12271737287694699928,536,2026.03.03 07:35:00,6.1,14222966836398165344,12530712133076520928,1,8589.3,8596.8,8608.3,5,3,896,1772523300,9527653283008520032,567,2026.03.03 08:51:17,6.0,12530712133076520928,49,8589.3,8596.8,8608.3,5,3,896,1772527877
RG2_FRA40_PERIOD_M5_1772409600_1772841300_6520811157212810975,18187879178423243387,177,2026.03.02 05:00:00,7.5,14497328136349775524,8330165665494654591,1,8482.6,8482.9,8483.2,2,2,260,1772427600,111081399324405771,180,2026.03.02 07:00:00,7.5,8770370235949405327,25,8483.2,8483.2,8483.3,2,2,260,1772434800
RG2_FRA40_PERIOD_M5_1772409600_1772841300_6520811157212810975,6140726453331888482,495,2026.03.03 06:00:30,6.0,14570432956327914522,6103755574531082914,1,8361.9,8362.0,8362.1,2,2,144,1772517630,10860650797149661277,534,2026.03.03 06:58:37,6.2,6103755574531082914,51,8361.9,8362.0,8362.1,2,2,144,1772521117
RG2_FRA40_PERIOD_M5_1772409600_1772841300_6520811157212810975,2599015701135656880,494,2026.03.03 05:00:00,5.8,14688022231872857902,113190548688134225,1,8397.9,8397.9,8397.9,2,2,80,1772514000,2599015701135656880,494,2026.03.03 05:00:00,5.8,113190548688134225,1,8397.9,8397.9,8397.9,2,2,80,1772514000
RG2_FRA40_PERIOD_M5_1772409600_1772841300_6520811157212810975,7007910765812815434,2024,2026.03.05 03:00:00,5.6,14762001150946433818,8961245018722726106,1,8184.8,8191.4,8196.8,3,3,82,1772679600,8670579249999765967,2029,2026.03.05 03:19:30,5.5,8961245018722726106,9,8184.7,8190.4,8196.8,3,3,82,1772680770
RG2_FRA40_PERIOD_M5_1772409600_1772841300_6520811157212810975,9165699251360345596,2171,2026.03.05 05:36:12,5.4,14814565309644768142,5726533956044388668,1,8119.0,8119.3,8119.6,2,2,80,1772688972,15001678592183724126,2174,2026.03.05 05:38:59,5.4,5726533956044388668,4,8118.7,8118.9,8119.0,2,2,80,1772689139
RG2_FRA40_PERIOD_M5_1772409600_1772841300_6520811157212810975,7888495403107503312,423,2026.03.03 03:50:00,6.1,15099217906462144044,13047048341228174355,1,8609.1,8609.4,8609.7,2,1,128,1772509800,9572559275681500174,507,2026.03.03 06:29:36,6.1,13047048341228174355,116,8609.1,8609.4,8609.7,2,1,128,1772519376
RG2_FRA40_PERIOD_M5_1772409600_1772841300_6520811157212810975,7855395404948218505,1066,2026.03.03 12:00:00,10.6,15258381031599439887,7779496737792440851,1,8285.6,8299.0,8312.5,3,3,896,1772539200,17458336437311792074,3346,2026.03.06 13:55:40,9.8,3112865117830197633,3075,8285.6,8301.0,8312.5,4,4,900,1772805340
RG2_FRA40_PERIOD_M5_1772409600_1772841300_6520811157212810975,12271737287694699928,536,2026.03.03 07:35:00,6.1,15443365049673140104,13047048341228174355,1,8609.1,8609.4,8609.7,2,1,128,1772523300,9527653283008520032,567,2026.03.03 08:51:17,6.0,13047048341228174355,49,8609.1,8609.4,8609.7,2,1,128,1772527877
RG2_FRA40_PERIOD_M5_1772409600_1772841300_6520811157212810975,8339712653956884734,2009,2026.03.05 02:14:25,6.2,15508991635524254429,10956121326280343505,1,8205.1,8205.4,8205.7,2,2,80,1772676865,16840844336728972357,2022,2026.03.05 02:16:37,6.2,6784825353971961371,15,8206.7,8210.5,8210.9,2,1,64,1772676997
RG2_FRA40_PERIOD_M5_1772409600_1772841300_6520811157212810975,1449963245627168604,1937,2026.03.05 01:00:00,7.3,15678211156388072468,5614968469795809468,1,7900.4,7938.1,7965.8,4,3,896,1772672400,9638320631051379077,2738,2026.03.05 23:00:00,11.8,5614968469795809468,1049,7900.4,7938.1,7965.8,4,3,896,1772751600
RG2_FRA40_PERIOD_M5_1772409600_1772841300_6520811157212810975,4449580878402589200,3231,2026.03.06 13:40:33,9.3,15836678203722731716,6848251876292034826,1,7980.8,7981.3,7981.8,2,2,320,1772804433,15322524289617158130,3240,2026.03.06 13:40:43,9.3,6848251876292034826,10,7979.8,7980.3,7980.8,2,2,320,1772804443
RG2_FRA40_PERIOD_M5_1772409600_1772841300_6520811157212810975,14705624375851834500,568,2026.03.03 09:00:00,6.2,15956316932769386576,6096833926294520784,1,8421.7,8447.3,8465.0,7,3,896,1772528400,14915215089064793538,624,2026.03.03 09:51:59,7.1,6096833926294520784,68,8421.7,8447.3,8465.0,7,3,896,1772531519
RG2_FRA40_PERIOD_M5_1772409600_1772841300_6520811157212810975,1677990334839109880,2739,2026.03.06 01:00:00,11.4,16549959066579222641,4261108627390449634,1,8651.5,8668.8,8692.4,4,3,896,1772758800,7120315527133354780,3483,2026.03.06 23:25:00,12.4,4261108627390449634,1011,8651.5,8668.8,8692.4,4,3,896,1772839500
RG2_FRA40_PERIOD_M5_1772409600_1772841300_6520811157212810975,17057797468095049569,2678,2026.03.05 19:50:28,11.4,16644327591667609470,1035258347122415042,1,8008.7,8031.2,8053.7,4,3,896,1772740228,14451483294742170131,2820,2026.03.06 01:56:41,10.4,10408472628610209037,203,8008.7,8028.5,8053.7,6,4,960,1772762201
RG2_FRA40_PERIOD_M5_1772409600_1772841300_6520811157212810975,1149355298421022068,3450,2026.03.06 16:00:00,12.4,1675407266100218778,3410996807638970852,1,8183.3,8195.2,8204.1,3,3,138,1772812800,13764200497679438221,3475,2026.03.06 16:41:15,13.2,3410996807638970852,35,8183.3,8195.2,8204.1,3,3,138,1772815275
RG2_FRA40_PERIOD_M5_1772409600_1772841300_6520811157212810975,6964511425117158000,53,2026.03.02 01:06:33,7.6,16766999671436369335,11485608294661805698,1,8480.8,8481.1,8481.3,2,2,68,1772413593,7866494604009343224,56,2026.03.02 01:06:36,7.6,11485608294661805698,4,8481.3,8481.7,8482.0,2,2,68,1772413596
RG2_FRA40_PERIOD_M5_1772409600_1772841300_6520811157212810975,15063264547081115065,2954,2026.03.06 10:40:00,6.4,16962318011748662090,14487490792513524819,1,8390.3,8390.7,8391.1,2,1,128,1772793600,7120315527133354780,3483,2026.03.06 23:25:00,12.4,14487490792513524819,676,8390.3,8390.7,8391.1,2,1,128,1772839500
RG2_FRA40_PERIOD_M5_1772409600_1772841300_6520811157212810975,2540045528984915185,3098,2026.03.06 13:00:00,8.5,17090177740200003087,18411441044598218005,1,8008.7,8028.9,8053.7,7,5,976,1772802000,6681086159265485638,3107,2026.03.06 13:03:29,8.5,18411441044598218005,10,8007.8,8028.3,8053.7,7,5,976,1772802209
RG2_FRA40_PERIOD_M5_1772409600_1772841300_6520811157212810975,18187879178423243387,177,2026.03.02 05:00:00,7.5,17146263923762421522,9437776609352882978,1,8474.4,8474.7,8475.1,2,2,144,1772427600,18187879178423243387,177,2026.03.02 05:00:00,7.5,9437776609352882978,1,8474.4,8474.7,8475.1,2,2,144,1772427600
RG2_FRA40_PERIOD_M5_1772409600_1772841300_6520811157212810975,5514548219129043846,3108,2026.03.06 13:03:30,8.5,1722239621031744985,813010268673793210,1,8008.7,8031.7,8053.7,6,4,912,1772802210,7120315527133354780,3483,2026.03.06 23:25:00,12.4,15446806167649189178,495,8008.7,8027.7,8053.7,5,3,896,1772839500
RG2_FRA40_PERIOD_M5_1772409600_1772841300_6520811157212810975,14254842595973819557,383,2026.03.03 02:00:00,7.5,1735905000130587360,113190548688134225,1,8396.4,8396.4,8396.4,2,2,80,1772503200,15743483261013465393,386,2026.03.03 02:14:42,7.4,113190548688134225,6,8396.4,8396.4,8396.4,2,2,80,1772504082
RG2_FRA40_PERIOD_M5_1772409600_1772841300_6520811157212810975,18274018606574906800,1830,2026.03.04 10:10:00,12.2,17363113374428631172,3862726271289425597,1,8587.9,8588.6,8589.3,2,1,256,1772619000,10276800664186450357,1926,2026.03.04 18:00:00,12.7,3862726271289425597,186,8587.9,8588.6,8589.3,2,1,256,1772647200
RG2_FRA40_PERIOD_M5_1772409600_1772841300_6520811157212810975,7120315527133354780,3483,2026.03.06 23:25:00,12.4,17476440021438957152,359712063250560830,1,7858.7,7914.7,7965.8,9,4,960,1772839500,7120315527133354780,3483,2026.03.06 23:25:00,12.4,359712063250560830,1,7858.7,7914.7,7965.8,9,4,960,1772839500
RG2_FRA40_PERIOD_M5_1772409600_1772841300_6520811157212810975,17595942794816081435,293,2026.03.02 11:00:00,11.1,17489850165745480845,6204773877285314189,1,8416.2,8416.8,8417.3,2,2,272,1772449200,101039594792509587,296,2026.03.02 13:00:00,11.8,6204773877285314189,25,8417.3,8417.6,8418.0,2,2,272,1772456400
RG2_FRA40_PERIOD_M5_1772409600_1772841300_6520811157212810975,12515376069042702129,1925,2026.03.04 17:00:00,12.9,17597067430087202469,2564785528907087419,1,8172.8,8177.0,8184.8,2,2,18,1772643600,16465736805272440712,2023,2026.03.05 02:16:38,6.2,11838302375909070961,189,8172.8,8178.3,8184.8,4,3,26,1772676998
RG2_FRA40_PERIOD_M5_1772409600_1772841300_6520811157212810975,1475406045729721951,227,2026.03.02 08:47:28,7.9,17851961038795072915,18307802875225899228,1,8417.3,8417.7,8418.1,2,2,320,1772441248,4865738432497324063,231,2026.03.02 08:47:36,7.9,18307802875225899228,5,8416.5,8416.9,8417.3,2,2,320,1772441256
RG2_FRA40_PERIOD_M5_1772409600_1772841300_6520811157212810975,17263881845379552634,2911,2026.03.06 04:07:17,8.2,1789219197019872302,8899604176236225533,1,8080.3,8080.6,8080.9,2,2,192,1772770037,11873613027774113580,2916,2026.03.06 04:07:37,8.2,8899604176236225533,6,8080.9,8081.2,8081.5,2,2,192,1772770057
RG2_FRA40_PERIOD_M5_1772409600_1772841300_6520811157212810975,4089798017698537400,2891,2026.03.06 04:00:00,8.2,17950810795292645126,15402307969407098065,1,8073.4,8073.5,8073.6,2,2,80,1772769600,10718937064436742827,2893,2026.03.06 04:01:12,8.2,15402307969407098065,3,8073.4,8073.8,8074.1,2,2,80,1772769672
RG2_FRA40_PERIOD_M5_1772409600_1772841300_6520811157212810975,5760239164318676684,2950,2026.03.06 07:00:00,5.9,18054893533540605292,10408472628610209037,1,8008.7,8028.5,8053.7,6,4,960,1772780400,5201457370043104454,3097,2026.03.06 12:45:00,8.4,10408472628610209037,214,8008.7,8025.1,8053.7,6,4,960,1772801100
RG2_FRA40_PERIOD_M5_1772409600_1772841300_6520811157212810975,9083699573951641385,2203,2026.03.05 08:06:25,6.2,18129821583113758621,9262175096582906999,1,8098.7,8099.0,8099.3,2,2,192,1772697985,8571653436099481879,2204,2026.03.05 08:06:30,6.2,9262175096582906999,2,8098.5,8098.6,8098.7,2,2,192,1772697990
RG2_FRA40_PERIOD_M5_1772409600_1772841300_6520811157212810975,7007910765812815434,2024,2026.03.05 03:00:00,5.6,18153659167422710376,15779946901389777459,1,8199.5,8199.6,8199.7,2,2,272,1772679600,1267656439408326271,2119,2026.03.05 03:56:38,5.5,15779946901389777459,108,8199.5,8199.6,8199.7,2,2,272,1772682998
RG2_FRA40_PERIOD_M5_1772409600_1772841300_6520811157212810975,4956480742898468984,2347,2026.03.05 17:27:02,12.0,18216413438702369496,5744124782986340643,1,8064.4,8070.3,8076.2,2,1,64,1772731622,17919654273834714411,2425,2026.03.05 18:05:41,12.1,5744124782986340643,88,8063.2,8063.8,8074.8,2,1,64,1772733941
RG2_FRA40_PERIOD_M5_1772409600_1772841300_6520811157212810975,16390443061501501204,173,2026.03.02 04:00:00,7.5,18315166215236268085,6631494807485713640,1,8421.7,8450.7,8469.5,15,6,978,1772424000,111081399324405771,180,2026.03.02 07:00:00,7.5,12702016332421447456,37,8421.7,8449.5,8468.6,14,6,978,1772434800
RG2_FRA40_PERIOD_M5_1772409600_1772841300_6520811157212810975,13096280231001922382,181,2026.03.02 08:00:00,7.8,18396749234449937055,4116368107113883821,1,8421.7,8446.3,8465.0,12,5,976,1772438400,9527653283008520032,567,2026.03.03 08:51:17,6.0,14528028213640201142,640,8420.1,8441.6,8465.0,9,4,898,1772527877
RG2_FRA40_PERIOD_M5_1772409600_1772841300_6520811157212810975,12610691839715704165,2164,2026.03.05 05:35:30,5.4,18444909508649577867,13464319271149490882,1,8122.8,8123.1,8123.3,2,2,320,1772688930,5197689238563236213,2166,2026.03.05 05:35:36,5.4,13464319271149490882,3,8122.6,8122.7,8122.8,2,2,320,1772688936
RG2_FRA40_PERIOD_M5_1772409600_1772841300_6520811157212810975,12989927243169984263,446,2026.03.03 04:00:00,6.0,1880152285203074172,9834353316419171009,1,8388.2,8390.1,8391.9,2,2,10,1772510400,15594281144435874169,1930,2026.03.04 21:00:00,9.8,6741423225893248917,1929,8380.1,8380.6,8381.2,2,2,272,1772658000
RG2_FRA40_PERIOD_M5_1772409600_1772841300_6520811157212810975,10476765014391823501,13,2026.03.02 01:03:27,7.0,1977356326754169185,8169409277154184943,1,8468.6,8468.8,8469.1,2,2,192,1772413407,5993946192290215490,16,2026.03.02 01:03:33,7.0,8169409277154184943,4,8468.1,8468.3,8468.6,2,2,192,1772413413
RG2_FRA40_PERIOD_M5_1772409600_1772841300_6520811157212810975,13352725954760389478,982,2026.03.03 11:00:00,9.4,2253968369693875105,9487205386233261350,1,8485.4,8485.8,8486.3,2,2,132,1772535600,2080080406791815358,2224,2026.03.05 09:50:00,7.5,7449216029285786135,1732,8436.9,8485.1,8556.0,15,5,962,1772704200
RG2_FRA40_PERIOD_M5_1772409600_1772841300_6520811157212810975,10513653705154380691,1,2026.03.02 01:03:00,7.0,2376289087176344998,8029106404067214669,1,8647.8,8649.5,8649.8,2,2,192,1772413380,15142286473645853809,1420,2026.03.03 16:49:40,14.6,8029106404067214669,1839,8647.8,8649.5,8649.8,2,2,192,1772556580
RG2_FRA40_PERIOD_M5_1772409600_1772841300_6520811157212810975,3004745595021460306,2054,2026.03.05 03:37:27,5.4,238613289624892306,7023969129266733126,1,8175.3,8175.4,8175.5,2,2,80,1772681847,11555282339914092573,2055,2026.03.05 03:37:33,5.4,7023969129266733126,2,8174.8,8175.1,8175.3,2,2,80,1772681853
RG2_FRA40_PERIOD_M5_1772409600_1772841300_6520811157212810975,1449963245627168604,1937,2026.03.05 01:00:00,7.3,2865257779853904509,1035258347122415042,1,8008.7,8031.2,8053.7,4,3,896,1772672400,14798718676444359280,2677,2026.03.05 19:49:34,11.4,12258013903089157427,954,8007.5,8026.4,8053.7,5,4,960,1772740174
RG2_FRA40_PERIOD_M5_1772409600_1772841300_6520811157212810975,4902928807193000591,2292,2026.03.05 16:40:00,11.8,2946521162910150097,13183807279142409999,1,8178.8,8179.5,8180.2,2,2,24,1772728800,13051957883581862387,3449,2026.03.06 15:56:39,12.3,6449459421343244791,1425,8178.4,8185.3,8196.5,3,3,26,1772812599
RG2_FRA40_PERIOD_M5_1772409600_1772841300_6520811157212810975,7658945184181342840,2226,2026.03.05 10:30:00,8.4,3030047127231892624,14635025242652470291,1,8609.7,8610.2,8610.7,2,1,128,1772706600,5899721633261910402,2881,2026.03.06 03:16:17,9.1,14635025242652470291,840,8609.7,8610.2,8610.7,2,1,128,1772766977
RG2_FRA40_PERIOD_M5_1772409600_1772841300_6520811157212810975,7630653478888766122,2253,2026.03.05 16:20:22,11.7,3094574283388882881,10297068513624156092,1,8089.3,8090.0,8090.6,2,2,80,1772727622,231631912542302523,2270,2026.03.05 16:21:00,11.7,10297068513624156092,18,8088.1,8088.7,8089.3,2,2,80,1772727660
RG2_FRA40_PERIOD_M5_1772409600_1772841300_6520811157212810975,11215910043358318184,91,2026.03.02 02:00:00,7.6,3266240893339991365,219060655940675086,1,8468.4,8468.5,8468.6,3,2,144,1772416800,8334366563573237206,172,2026.03.02 03:13:13,7.8,5751932720831897472,94,8467.9,8468.3,8468.6,2,2,144,1772421193
RG2_FRA40_PERIOD_M5_1772409600_1772841300_6520811157212810975,1677990334839109880,2739,2026.03.06 01:00:00,11.4,3318816289232785129,16918456866570284104,1,8236.0,8274.0,8303.1,8,3,896,1772758800,17458336437311792074,3346,2026.03.06 13:55:40,9.8,16918456866570284104,768,8236.0,8274.0,8303.1,8,3,896,1772805340
RG2_FRA40_PERIOD_M5_1772409600_1772841300_6520811157212810975,12196127373558682300,3289,2026.03.06 13:42:28,9.3,3480439834764657344,359712063250560830,1,7858.7,7923.1,7966.7,9,4,960,1772804548,18070646904626854536,3482,2026.03.06 23:00:00,12.7,10200999587599771510,300,7858.7,7920.0,7967.3,10,5,976,1772838000
RG2_FRA40_PERIOD_M5_1772409600_1772841300_6520811157212810975,13352725954760389478,982,2026.03.03 11:00:00,9.4,3570934326557162346,2268880320552478700,1,8494.6,8519.5,8556.0,16,5,962,1772535600,2296132779857088813,1498,2026.03.03 23:00:00,12.9,9457515985178571022,644,8499.7,8522.9,8556.0,12,3,896,1772578800
RG2_FRA40_PERIOD_M5_1772409600_1772841300_6520811157212810975,10513653705154380691,1,2026.03.02 01:03:00,7.0,3613918366887133061,390534945682268187,1,8651.5,8672.8,8692.4,9,3,896,1772413380,9638320631051379077,2738,2026.03.05 23:00:00,11.8,1653922874386108178,3727,8651.5,8674.3,8692.4,7,3,896,1772751600
RG2_FRA40_PERIOD_M5_1772409600_1772841300_6520811157212810975,7888495403107503312,423,2026.03.03 03:50:00,6.1,3635611040774326260,12530712133076520928,1,8589.3,8596.8,8608.3,5,3,896,1772509800,9572559275681500174,507,2026.03.03 06:29:36,6.1,12530712133076520928,116,8589.3,8596.8,8608.3,5,3,896,1772519376
RG2_FRA40_PERIOD_M5_1772409600_1772841300_6520811157212810975,17707363686234515542,2225,2026.03.05 10:00:00,7.8,379296328385230414,17854864495161190588,1,8443.6,8456.1,8465.0,4,3,896,1772704800,7120315527133354780,3483,2026.03.06 23:25:00,12.4,5756749726861561363,1681,8443.6,8454.3,8465.0,3,3,896,1772839500
RG2_FRA40_PERIOD_M5_1772409600_1772841300_6520811157212810975,17031794810737849793,2862,2026.03.06 03:00:00,9.3,3988491966563891081,15402307969407098065,1,8065.1,8065.1,8065.1,2,2,80,1772766000,12284652725356159284,2866,2026.03.06 03:05:13,9.2,15402307969407098065,6,8065.1,8065.6,8066.2,2,2,80,1772766313
RG2_FRA40_PERIOD_M5_1772409600_1772841300_6520811157212810975,13080840155195218532,1499,2026.03.04 01:00:00,12.1,3989177802035815772,5838491020816656516,1,8486.3,8486.8,8487.4,2,2,384,1772586000,7409960388823581971,1931,2026.03.04 21:20:00,9.6,5838491020816656516,657,8486.3,8486.8,8487.4,2,2,384,1772659200
RG2_FRA40_PERIOD_M5_1772409600_1772841300_6520811157212810975,1669991783385631830,1149,2026.03.03 12:10:00,10.9,4025554890528314309,10360888143900191846,1,8195.2,8201.5,8204.1,2,2,130,1772539800,8890638963430922042,1308,2026.03.03 12:45:00,11.4,10360888143900191846,165,8195.2,8201.5,8204.1,2,2,130,1772541900
RG2_FRA40_PERIOD_M5_1772409600_1772841300_6520811157212810975,7119650617639726759,678,2026.03.03 10:14:29,7.8,4075083783961695357,4865682460935455452,1,8244.9,8245.2,8245.6,2,2,320,1772532869,6129312355339223780,683,2026.03.03 10:14:37,7.8,4865682460935455452,6,8244.1,8244.5,8244.9,2,2,320,1772532877
RG2_FRA40_PERIOD_M5_1772409600_1772841300_6520811157212810975,18295242482826916812,3347,2026.03.06 14:00:00,9.9,4100945101384851815,3013234348553014950,1,8236.0,8282.6,8312.5,12,4,900,1772805600,6229449059213308405,3476,2026.03.06 17:00:00,13.7,9424450324372082070,166,8236.0,8281.2,8312.5,12,4,900,1772816400
RG2_FRA40_PERIOD_M5_1772409600_1772841300_6520811157212810975,13352725954760389478,982,2026.03.03 11:00:00,9.4,4127486823390671441,113190548688134225,1,8397.9,8397.9,8397.9,2,2,80,1772535600,15361668529945912950,1435,2026.03.03 16:54:40,14.6,113190548688134225,519,8397.9,8397.9,8397.9,2,2,80,1772556880
RG2_FRA40_PERIOD_M5_1772409600_1772841300_6520811157212810975,13080840155195218532,1499,2026.03.04 01:00:00,12.1,418981330220685528,14361225485225113765,1,8117.0,8122.6,8128.1,3,3,266,1772586000,10430153607998536958,1936,2026.03.04 23:00:00,8.0,10559671197928014861,677,8122.5,8122.7,8122.8,2,2,264,1772665200
RG2_FRA40_PERIOD_M5_1772409600_1772841300_6520811157212810975,10513653705154380691,1,2026.03.02 01:03:00,7.0,4221974374932517734,3743608103038583848,1,8589.3,8599.6,8609.1,7,3,896,1772413380,6901406661366051343,422,2026.03.03 03:47:13,6.2,18374943735395317800,689,8589.3,8600.4,8609.7,7,3,896,1772509633
RG2_FRA40_PERIOD_M5_1772409600_1772841300_6520811157212810975,13080840155195218532,1499,2026.03.04 01:00:00,12.1,4315376068473382502,9892064131688455100,1,8083.8,8086.6,8090.8,2,2,80,1772586000,522920001620582120,1807,2026.03.04 08:04:37,10.0,15713864551020935676,388,8083.8,8086.1,8090.8,3,2,80,1772611477
RG2_FRA40_PERIOD_M5_1772409600_1772841300_6520811157212810975,13080840155195218532,1499,2026.03.04 01:00:00,12.1,4398541632814180106,3525059170801463501,1,8499.7,8515.8,8530.1,7,3,896,1772586000,10430153607998536958,1936,2026.03.04 23:00:00,8.0,3525059170801463501,677,8499.7,8515.8,8530.1,7,3,896,1772665200
RG2_FRA40_PERIOD_M5_1772409600_1772841300_6520811157212810975,6190957477331070785,2734,2026.03.05 20:00:00,11.3,4514206877133707327,2985077373888828180,1,8338.6,8338.9,8339.3,2,2,132,1772740800,6190957477331070785,2734,2026.03.05 20:00:00,11.3,2985077373888828180,1,8338.6,8338.9,8339.3,2,2,132,1772740800
RG2_FRA40_PERIOD_M5_1772409600_1772841300_6520811157212810975,1172471263041483507,1437,2026.03.03 17:10:00,15.0,45273758536645593,12729622217499564691,1,8475.1,8476.0,8476.9,2,1,128,1772557800,7858029355759089727,1488,2026.03.03 17:37:00,15.1,12729622217499564691,56,8475.1,8476.0,8476.9,2,1,128,1772559420
RG2_FRA40_PERIOD_M5_1772409600_1772841300_6520811157212810975,13303042740018436759,3125,2026.03.06 13:10:36,8.7,465767866429080547,5019950499634932003,1,7992.9,7997.3,8001.6,2,1,64,1772802636,14041881136317683431,3180,2026.03.06 13:36:34,9.3,5019950499634932003,63,7991.8,7992.4,8000.6,2,1,64,1772804194
RG2_FRA40_PERIOD_M5_1772409600_1772841300_6520811157212810975,2639414842397401053,984,2026.03.03 11:10:00,9.7,5055186498160714676,18191047596354527125,1,8380.1,8380.6,8381.2,2,2,272,1772536200,2894507793657371443,1326,2026.03.03 14:00:00,12.6,18191047596354527125,375,8380.1,8380.6,8381.2,2,2,272,1772546400
RG2_FRA40_PERIOD_M5_1772409600_1772841300_6520811157212810975,101039594792509587,296,2026.03.02 13:00:00,11.8,5099613786368500913,15602869113370152310,1,8360.1,8361.9,8364.0,2,2,130,1772456400,11161518862283490108,297,2026.03.02 14:00:00,12.4,15602869113370152310,13,8361.1,8362.3,8364.4,2,2,130,1772460000
RG2_FRA40_PERIOD_M5_1772409600_1772841300_6520811157212810975,75645347513099403,2160,2026.03.05 05:30:36,5.3,5281998251248024054,7163720855531372226,1,8126.5,8126.6,8126.6,2,2,320,1772688636,75645347513099403,2160,2026.03.05 05:30:36,5.3,7163720855531372226,1,8126.5,8126.6,8126.6,2,2,320,1772688636
RG2_FRA40_PERIOD_M5_1772409600_1772841300_6520811157212810975,18043846370766697526,347,2026.03.03 01:10:33,8.0,5290472316924047570,14210610182785890708,1,8367.2,8382.9,8391.9,7,6,474,1772500233,2599015701135656880,494,2026.03.03 05:00:00,5.8,17807320177169134227,195,8379.4,8379.7,8380.1,2,2,272,1772514000
RG2_FRA40_PERIOD_M5_1772409600_1772841300_6520811157212810975,13544936056155643608,591,2026.03.03 09:16:18,6.6,5310990928424505615,11978727570423468991,1,8285.6,8301.3,8312.5,4,4,912,1772529378,2557455368152298484,981,2026.03.03 10:59:42,9.3,11978727570423468991,414,8285.6,8300.8,8312.5,4,4,912,1772535582
RG2_FRA40_PERIOD_M5_1772409600_1772841300_6520811157212810975,17707363686234515542,2225,2026.03.05 10:00:00,7.8,5462709213082960885,18425462973262868712,1,8436.9,8496.5,8556.0,11,5,962,1772704800,7120315527133354780,3483,2026.03.06 23:25:00,12.4,11705920205842862696,1681,8436.9,8501.7,8556.0,11,5,962,1772839500
RG2_FRA40_PERIOD_M5_1772409600_1772841300_6520811157212810975,12161897851058071072,1914,2026.03.04 15:00:00,13.2,5505127113393424753,8510382196353529498,1,8389.0,8396.6,8399.6,2,2,6,1772636400,12515376069042702129,1925,2026.03.04 17:00:00,12.9,9027293839724488593,34,8389.0,8395.2,8398.2,3,3,70,1772643600
RG2_FRA40_PERIOD_M5_1772409600_1772841300_6520811157212810975,1449963245627168604,1937,2026.03.05 01:00:00,7.3,5688044672943988663,14134008607087676029,1,8272.4,8284.7,8300.3,4,3,896,1772672400,9638320631051379077,2738,2026.03.05 23:00:00,11.8,15272049856504018096,1049,8271.5,8282.1,8300.3,5,4,912,1772751600
RG2_FRA40_PERIOD_M5_1772409600_1772841300_6520811157212810975,3844820617807893618,508,2026.03.03 06:30:00,6.2,569471607699228369,18374943735395317800,1,8589.3,8600.4,8609.7,7,3,896,1772519400,14355733045464320874,535,2026.03.03 07:00:00,6.3,18374943735395317800,34,8589.3,8600.4,8609.7,7,3,896,1772521200
RG2_FRA40_PERIOD_M5_1772409600_1772841300_6520811157212810975,13096280231001922382,181,2026.03.02 08:00:00,7.8,5715496879615859785,5751932720831897472,1,8468.6,8469.0,8469.5,2,2,144,1772438400,101039594792509587,296,2026.03.02 13:00:00,11.8,5751932720831897472,166,8468.6,8469.0,8469.4,2,2,144,1772456400
RG2_FRA40_PERIOD_M5_1772409600_1772841300_6520811157212810975,4413703388981201115,318,2026.03.03 01:00:00,8.0,5822486829819526219,708998003941418787,1,8499.7,8524.4,8556.0,13,4,898,1772499600,2557455368152298484,981,2026.03.03 10:59:42,9.3,708998003941418787,787,8499.7,8524.4,8556.0,13,4,898,1772535582
RG2_FRA40_PERIOD_M5_1772409600_1772841300_6520811157212810975,5760239164318676684,2950,2026.03.06 07:00:00,5.9,5886058820968974178,15402307969407098065,1,8095.6,8095.6,8095.6,2,2,80,1772780400,1842959672112933239,2959,2026.03.06 10:46:05,6.4,15402307969407098065,52,8095.6,8096.0,8096.3,2,2,80,1772793965
RG2_FRA40_PERIOD_M5_1772409600_1772841300_6520811157212810975,413278060749497653,1560,2026.03.04 02:00:00,11.4,5981182572513505944,9487300450795975943,1,8161.3,8161.3,8161.3,2,1,16,1772589600,15559454495787511301,1610,2026.03.04 02:35:40,10.9,9487300450795975943,58,8161.3,8161.3,8161.3,2,1,16,1772591740
RG2_FRA40_PERIOD_M5_1772409600_1772841300_6520811157212810975,10513653705154380691,1,2026.03.02 01:03:00,7.0,6011698196772289864,5405372560715856801,1,8619.3,8624.9,8633.7,7,5,914,1772413380,9638320631051379077,2738,2026.03.05 23:00:00,11.8,8185296591285694629,3727,8619.8,8623.1,8624.8,2,2,258,1772751600
RG2_FRA40_PERIOD_M5_1772409600_1772841300_6520811157212810975,4413703388981201115,318,2026.03.03 01:00:00,8.0,6364638003323423348,9834353316419171009,1,8388.2,8390.1,8391.9,2,2,10,1772499600,13434488798569617072,346,2026.03.03 01:10:31,8.0,7892680401296120264,32,8388.2,8389.5,8391.9,3,3,74,1772500231
RG2_FRA40_PERIOD_M5_1772409600_1772841300_6520811157212810975,7007910765812815434,2024,2026.03.05 03:00:00,5.6,6406939231098588483,14549633546440413521,1,8206.7,8210.4,8210.5,2,2,80,1772679600,1267656439408326271,2119,2026.03.05 03:56:38,5.5,14549633546440413521,108,8206.7,8210.4,8210.5,2,2,80,1772682998
RG2_FRA40_PERIOD_M5_1772409600_1772841300_6520811157212810975,13523575864248643149,2092,2026.03.05 03:44:38,5.3,6488647195251149687,10277880709660085807,1,8154.5,8154.6,8154.7,2,2,192,1772682278,17697934857717595043,2095,2026.03.05 03:51:56,5.5,10277880709660085807,6,8154.0,8154.2,8154.5,2,2,192,1772682716
RG2_FRA40_PERIOD_M5_1772409600_1772841300_6520811157212810975,14676096455596673635,1829,2026.03.04 10:00:00,11.9,6651984269930024569,18033386167706506475,1,8100.5,8108.4,8112.6,2,2,18,1772618400,18274018606574906800,1830,2026.03.04 10:10:00,12.2,18033386167706506475,3,8100.5,8108.4,8112.6,2,2,18,1772619000
RG2_FRA40_PERIOD_M5_1772409600_1772841300_6520811157212810975,10513653705154380691,1,2026.03.02 01:03:00,7.0,691092868562122220,1826225818235176003,1,8380.4,8383.0,8384.4,2,2,130,1772413380,4212956429756272263,317,2026.03.02 23:45:00,8.3,7367992939607522726,546,8383.6,8383.9,8384.1,2,2,136,1772495100
RG2_FRA40_PERIOD_M5_1772409600_1772841300_6520811157212810975,6498444238000817689,2188,2026.03.05 08:00:30,6.1,7304523329878356757,8337143919219148295,1,8380.1,8380.1,8380.2,2,2,260,1772697630,10758536723260449525,2222,2026.03.05 08:15:59,6.2,8337143919219148295,38,8380.1,8380.1,8380.2,2,2,260,1772698559
RG2_FRA40_PERIOD_M5_1772409600_1772841300_6520811157212810975,10513653705154380691,1,2026.03.02 01:03:00,7.0,7520403628900635544,17592520897840057595,1,8552.7,8563.5,8569.1,5,3,896,1772413380,4212956429756272263,317,2026.03.02 23:45:00,8.3,17592520897840057595,546,8552.7,8563.5,8569.1,5,3,896,1772495100
RG2_FRA40_PERIOD_M5_1772409600_1772841300_6520811157212810975,14746371734332520559,307,2026.03.02 19:30:00,10.7,7555628182398665585,3790416807082579445,1,8493.4,8495.3,8498.4,3,3,262,1772479800,2557455368152298484,981,2026.03.03 10:59:42,9.3,18148679283906050140,839,8494.6,8498.3,8502.4,3,3,322,1772535582
RG2_FRA40_PERIOD_M5_1772409600_1772841300_6520811157212810975,16897860273866733158,302,2026.03.02 17:00:00,13.6,7829354444608030875,9182194756251713030,1,8400.8,8400.8,8400.9,2,2,144,1772470800,4674187679155460813,303,2026.03.02 17:50:00,13.3,9182194756251713030,9,8400.8,8400.8,8400.9,2,2,144,1772473800
RG2_FRA40_PERIOD_M5_1772409600_1772841300_6520811157212810975,14826040818524681153,493,2026.03.03 04:18:59,5.7,7846236038848501812,17405722748735419631,1,8339.3,8339.5,8339.8,2,2,192,1772511539,9527653283008520032,567,2026.03.03 08:51:17,6.0,7775868613151155364,129,8339.3,8339.5,8339.8,2,2,144,1772527877
RG2_FRA40_PERIOD_M5_1772409600_1772841300_6520811157212810975,14705624375851834500,568,2026.03.03 09:00:00,6.2,8111195583294810747,18374943735395317800,1,8589.3,8600.4,8609.7,7,3,896,1772528400,2296132779857088813,1498,2026.03.03 23:00:00,12.9,4674669509570152979,1084,8587.9,8600.2,8610.7,9,3,896,1772578800
RG2_FRA40_PERIOD_M5_1772409600_1772841300_6520811157212810975,12966355755081446124,350,2026.03.03 01:12:23,8.0,8175440196140339488,9834353316419171009,1,8388.2,8390.1,8391.9,2,2,10,1772500343,16347467256521152593,382,2026.03.03 01:26:32,7.9,9834353316419171009,37,8388.2,8390.1,8391.9,2,2,10,1772501192
RG2_FRA40_PERIOD_M5_1772409600_1772841300_6520811157212810975,7299988808199027979,1617,2026.03.04 03:10:00,10.9,8255193497173174349,8912793128630180739,1,8566.7,8567.4,8568.0,2,1,128,1772593800,16069355799056122886,1691,2026.03.04 03:32:13,11.0,8912793128630180739,80,8566.7,8567.4,8568.0,2,1,128,1772595133
RG2_FRA40_PERIOD_M5_1772409600_1772841300_6520811157212810975,3808693313631068018,2821,2026.03.06 02:00:00,10.3,8325036852213943253,8002631368166481299,1,8008.7,8032.9,8053.7,8,5,976,1772762400,3020086092061835307,2949,2026.03.06 06:15:00,6.4,18411441044598218005,184,8008.7,8031.6,8053.7,7,5,976,1772777700
RG2_FRA40_PERIOD_M5_1772409600_1772841300_6520811157212810975,13254708465481194391,2233,2026.03.05 11:11:41,9.7,8372313111148548646,10550838001647812093,1,8213.5,8214.0,8214.5,2,2,192,1772709101,9638320631051379077,2738,2026.03.05 23:00:00,11.8,10550838001647812093,638,8214.5,8214.8,8215.1,2,2,192,1772751600
RG2_FRA40_PERIOD_M5_1772409600_1772841300_6520811157212810975,9487932230131573871,1828,2026.03.04 09:05:00,10.9,8385438342441356116,8912793128630180739,1,8566.7,8567.4,8568.0,2,1,128,1772615100,11906085412472200101,1928,2026.03.04 20:00:00,11.1,8912793128630180739,223,8566.7,8567.4,8568.0,2,1,128,1772654400
RG2_FRA40_PERIOD_M5_1772409600_1772841300_6520811157212810975,2084614141897839578,291,2026.03.02 10:05:00,9.5,8407303344525595987,13631902696258487294,1,8554.4,8554.9,8555.5,2,2,384,1772445900,2089319944885533346,310,2026.03.02 21:00:00,9.4,13631902696258487294,131,8554.4,8554.9,8555.5,2,2,384,1772485200
RG2_FRA40_PERIOD_M5_1772409600_1772841300_6520811157212810975,10513653705154380691,1,2026.03.02 01:03:00,7.0,8541939521619046506,15635150481927465286,1,8635.9,8636.2,8636.4,2,2,272,1772413380,2296132779857088813,1498,2026.03.03 23:00:00,12.9,16063516636766824774,1979,8635.9,8636.2,8636.4,2,2,272,1772578800
RG2_FRA40_PERIOD_M5_1772409600_1772841300_6520811157212810975,13080840155195218532,1499,2026.03.04 01:00:00,12.1,8599399715153521191,3862726271289425597,1,8587.9,8588.6,8589.3,2,1,256,1772586000,9476916979906119423,1553,2026.03.04 01:14:42,12.1,3862726271289425597,58,8587.9,8588.6,8589.3,2,1,256,1772586882
RG2_FRA40_PERIOD_M5_1772409600_1772841300_6520811157212810975,12633110852819968364,2241,2026.03.05 15:00:00,10.9,8602900973586907322,3365866359740556638,1,8361.9,8362.1,8362.2,2,2,132,1772722800,12633110852819968364,2241,2026.03.05 15:00:00,10.9,3365866359740556638,1,8361.9,8362.1,8362.2,2,2,132,1772722800
RG2_FRA40_PERIOD_M5_1772409600_1772841300_6520811157212810975,1449963245627168604,1937,2026.03.05 01:00:00,7.3,8618029038194792549,7080087528927241508,1,8345.3,8345.3,8345.3,2,2,384,1772672400,7120315527133354780,3483,2026.03.06 23:25:00,12.4,7080087528927241508,2071,8345.3,8345.3,8345.3,2,2,384,1772839500
RG2_FRA40_PERIOD_M5_1772409600_1772841300_6520811157212810975,12930944020642629354,298,2026.03.02 15:00:00,12.9,8768613127924916500,1225280933876183954,1,8540.0,8542.4,8544.5,2,2,258,1772463600,4212956429756272263,317,2026.03.02 23:45:00,8.3,1225280933876183954,103,8540.0,8542.4,8544.5,2,2,258,1772495100
RG2_FRA40_PERIOD_M5_1772409600_1772841300_6520811157212810975,12264810134358864,3362,2026.03.06 15:00:00,10.8,8784775609545632576,8360602770029770880,1,8402.1,8405.0,8412.2,2,2,258,1772809200,7120315527133354780,3483,2026.03.06 23:25:00,12.4,8360602770029770880,217,8402.1,8405.0,8412.2,2,2,258,1772839500
RG2_FRA40_PERIOD_M5_1772409600_1772841300_6520811157212810975,17710113127913780437,2181,2026.03.05 07:20:00,5.9,8862680318160733300,16035385549200550381,1,8119.0,8119.4,8119.7,2,1,16,1772695200,13219975920542077428,2187,2026.03.05 07:49:36,6.1,16035385549200550381,12,8119.0,8119.4,8119.7,2,1,16,1772696976
RG2_FRA40_PERIOD_M5_1772409600_1772841300_6520811157212810975,13363661644930902722,1785,2026.03.04 06:00:00,10.0,8966139107634499268,5841076568553456116,1,8420.6,8420.7,8420.8,2,2,132,1772604000,13363661644930902722,1785,2026.03.04 06:00:00,10.0,5841076568553456116,1,8420.6,8420.7,8420.8,2,2,132,1772604000
RG2_FRA40_PERIOD_M5_1772409600_1772841300_6520811157212810975,14213120224632820385,431,2026.03.03 03:55:34,6.0,9158380660633009359,10415405976333150039,1,8361.9,8362.2,8362.5,2,2,192,1772510134,13478861681957105378,433,2026.03.03 03:56:45,6.0,10415405976333150039,3,8361.2,8361.5,8361.9,2,2,192,1772510205
RG2_FRA40_PERIOD_M5_1772409600_1772841300_6520811157212810975,10513653705154380691,1,2026.03.02 01:03:00,7.0,9195644537132333077,8528686289153204453,1,8499.7,8514.1,8530.1,9,3,896,1772413380,4212956429756272263,317,2026.03.02 23:45:00,8.3,8528686289153204453,546,8499.7,8514.1,8530.1,9,3,896,1772495100
RG2_FRA40_PERIOD_M5_1772409600_1772841300_6520811157212810975,15553807153267808286,2952,2026.03.06 09:00:00,4.9,920802318040507792,3388608673832267490,1,8080.9,8081.0,8081.1,2,2,144,1772787600,14580216403544144122,2993,2026.03.06 10:47:13,6.4,3388608673832267490,61,8080.9,8081.2,8081.5,2,2,144,1772794033
RG2_FRA40_PERIOD_M5_1772409600_1772841300_6520811157212810975,3808693313631068018,2821,2026.03.06 02:00:00,10.3,9226839137071249460,15402307969407098065,1,8054.6,8054.6,8054.6,2,2,80,1772762400,15940231959306053832,2827,2026.03.06 02:01:53,10.3,15402307969407098065,7,8054.6,8055.2,8055.8,2,2,80,1772762513
RG2_FRA40_PERIOD_M5_1772409600_1772841300_6520811157212810975,12717807722130691506,132,2026.03.02 03:00:00,7.7,9241349189190774535,12216328772239565521,1,8489.4,8489.4,8489.4,2,2,80,1772420400,9629242794446150598,134,2026.03.02 03:05:34,7.8,12216328772239565521,4,8489.4,8489.8,8490.2,2,2,80,1772420734
RG2_FRA40_PERIOD_M5_1772409600_1772841300_6520811157212810975,14705624375851834500,568,2026.03.03 09:00:00,6.2,9324791376869773103,12960896184977636942,1,8410.4,8412.8,8415.3,2,2,18,1772528400,14915215089064793538,624,2026.03.03 09:51:59,7.1,12960896184977636942,68,8410.4,8412.8,8415.3,2,2,18,1772531519
RG2_FRA40_PERIOD_M5_1772409600_1772841300_6520811157212810975,1669991783385631830,1149,2026.03.03 12:10:00,10.9,9333823207625893357,8912793128630180739,1,8566.7,8567.4,8568.0,2,1,128,1772539800,4607506001020644357,1611,2026.03.04 03:00:00,10.8,8912793128630180739,609,8566.7,8567.4,8568.0,2,1,128,1772593200
RG2_FRA40_PERIOD_M5_1772409600_1772841300_6520811157212810975,1677990334839109880,2739,2026.03.06 01:00:00,11.4,9439308827222148703,14487490792513524819,1,8390.3,8390.7,8391.1,2,1,128,1772758800,5765268054842795938,2948,2026.03.06 06:11:30,6.4,14487490792513524819,281,8390.3,8390.7,8391.1,2,1,128,1772777490
RG2_FRA40_PERIOD_M5_1772409600_1772841300_6520811157212810975,6229449059213308405,3476,2026.03.06 17:00:00,13.7,9561540711726747234,6449459421343244791,1,8180.2,8186.5,8201.7,3,3,26,1772816400,7120315527133354780,3483,2026.03.06 23:25:00,12.4,6449459421343244791,78,8180.2,8186.5,8201.7,3,3,26,1772839500
RG2_FRA40_PERIOD_M5_1772409600_1772841300_6520811157212810975,1449963245627168604,1937,2026.03.05 01:00:00,7.3,9799244745855531399,13947576836861186411,1,8504.7,8519.8,8530.1,4,3,896,1772672400,9638320631051379077,2738,2026.03.05 23:00:00,11.8,13947576836861186411,1049,8504.7,8519.8,8530.1,4,3,896,1772751600
RG2_FRA40_PERIOD_M5_1772409600_1772841300_6520811157212810975,9883573656470607508,3477,2026.03.06 18:00:00,14.6,9903784633653793780,7779496737792440851,1,8285.6,8299.0,8312.5,3,3,896,1772820000,7120315527133354780,3483,2026.03.06 23:25:00,12.4,7779496737792440851,66,8285.6,8299.0,8312.5,3,3,896,1772839500
RG2_FRA40_PERIOD_M5_1777248000_1777589700_9554760657515700142,15514917451343392079,487,2026.04.28 13:00:00,6.5,10328790504517220083,6197572909711490638,1,8132.0,8135.6,8138.3,3,3,26,1777381200,15514917451343392079,487,2026.04.28 13:00:00,6.5,6197572909711490638,1,8132.0,8135.6,8138.3,3,3,26,1777381200
RG2_FRA40_PERIOD_M5_1777248000_1777589700_9554760657515700142,8478597352036158370,429,2026.04.28 09:18:24,3.8,1040156888429600260,4467775676917645603,1,8098.7,8100.9,8103.4,2,1,64,1777367904,766041786778549588,436,2026.04.28 09:47:30,3.8,4467775676917645603,15,8098.3,8098.5,8103.4,2,1,64,1777369650
RG2_FRA40_PERIOD_M5_1777248000_1777589700_9554760657515700142,9202912127645226130,683,2026.04.29 06:00:00,3.7,10427478814566762316,6947065970810746321,1,8113.5,8113.5,8113.5,2,2,80,1777442400,6340408990477587421,684,2026.04.29 06:20:00,3.6,6947065970810746321,5,8113.5,8113.5,8113.5,2,2,80,1777443600
RG2_FRA40_PERIOD_M5_1777248000_1777589700_9554760657515700142,13439529452113802979,1464,2026.04.30 21:00:00,8.2,10450181321214263121,286674181829165325,1,7955.6,7955.7,7955.8,2,2,272,1777582800,7224772366277435886,1470,2026.04.30 21:17:13,8.0,286674181829165325,12,7955.6,7955.7,7955.8,2,2,272,1777583833
RG2_FRA40_PERIOD_M5_1777248000_1777589700_9554760657515700142,13242345537374954713,348,2026.04.28 02:00:00,5.4,10492310877436582846,13800158830342645809,1,8172.3,8172.3,8172.3,2,2,80,1777341600,1711213507258380594,350,2026.04.28 03:01:59,4.5,13800158830342645809,14,8172.3,8172.6,8172.8,2,2,80,1777345319
RG2_FRA40_PERIOD_M5_1777248000_1777589700_9554760657515700142,2175089350882770629,363,2026.04.28 05:00:00,3.9,10516033136834279553,18412365101475016480,1,8164.3,8164.4,8164.5,2,2,144,1777352400,8859743509030331549,366,2026.04.28 07:35:00,3.6,18412365101475016480,31,8164.3,8164.4,8164.5,2,2,144,1777361700
RG2_FRA40_PERIOD_M5_1777248000_1777589700_9554760657515700142,11489047236171340277,124,2026.04.27 10:00:00,4.4,10550303663047623336,12351827281844276750,1,8234.7,8234.8,8234.9,2,2,132,1777284000,2562178178480572744,143,2026.04.27 10:00:38,4.4,12351827281844276750,20,8234.7,8234.8,8234.9,2,2,132,1777284038
RG2_FRA40_PERIOD_M5_1777248000_1777589700_9554760657515700142,13799105035478654840,257,2026.04.27 18:00:00,7.0,10869483753103842440,16728507034519027773,1,8135.1,8135.2,8135.2,2,2,24,1777312800,7380594542282505532,298,2026.04.27 18:22:36,7.0,16728507034519027773,48,8135.1,8135.2,8135.2,2,2,24,1777314156
RG2_FRA40_PERIOD_M5_1777248000_1777589700_9554760657515700142,2955706590597240216,789,2026.04.29 10:00:00,3.5,11181555771232900875,6947065970810746321,1,8122.5,8122.5,8122.5,2,2,80,1777456800,1335662207732812951,960,2026.04.29 16:00:00,7.5,6947065970810746321,240,8122.5,8122.5,8122.5,2,2,80,1777478400
RG2_FRA40_PERIOD_M5_1777248000_1777589700_9554760657515700142,14796751613334430866,234,2026.04.27 17:53:26,6.9,11262912712677858559,1657805468936365807,1,8113.1,8113.4,8113.6,2,2,192,1777312406,456989375689259959,243,2026.04.27 17:55:35,7.0,4668154128338223735,10,8110.3,8110.6,8110.8,2,2,192,1777312535
RG2_FRA40_PERIOD_M5_1777248000_1777589700_9554760657515700142,18016403860320068288,957,2026.04.29 13:45:00,6.2,11643455247518097484,6848164319772426880,1,8105.5,8105.9,8106.2,2,2,144,1777470300,1335662207732812951,960,2026.04.29 16:00:00,7.5,6848164319772426880,28,8105.5,8105.9,8106.2,2,2,144,1777478400
RG2_FRA40_PERIOD_M5_1777248000_1777589700_9554760657515700142,17846696139172168357,1300,2026.04.30 17:30:36,9.9,11934021032002548765,6774073500525886942,1,8070.1,8070.7,8071.3,2,2,320,1777570236,12153934026111689564,1308,2026.04.30 17:31:12,9.9,6774073500525886942,9,8071.3,8071.8,8072.3,2,2,320,1777570272
RG2_FRA40_PERIOD_M5_1777248000_1777589700_9554760657515700142,2754680242782526001,961,2026.04.29 17:00:00,8.3,12079731120259205447,6810958073403146725,1,8176.9,8180.8,8183.1,3,3,262,1777482000,8099182503452791801,1160,2026.04.30 08:00:00,5.6,15384724442366879610,353,8174.8,8176.8,8180.7,2,2,66,1777536000
RG2_FRA40_PERIOD_M5_1777248000_1777589700_9554760657515700142,12624466906004601160,467,2026.04.28 10:02:32,4.3,12294069158571779612,12222805097069141052,1,8002.8,8048.5,8088.4,20,4,960,1777370552,6654832694003693983,629,2026.04.28 23:00:00,8.0,1444666498606403648,301,8002.8,8044.6,8078.2,19,5,976,1777417200
RG2_FRA40_PERIOD_M5_1777248000_1777589700_9554760657515700142,2211702072762639956,60,2026.04.27 04:00:40,5.8,12556618503704257621,8330965782720077905,1,8185.9,8186.2,8186.6,2,2,192,1777262440,17267654516008781566,70,2026.04.27 04:00:56,5.8,8330965782720077905,11,8186.6,8186.8,8187.1,2,2,192,1777262456
RG2_FRA40_PERIOD_M5_1777248000_1777589700_9554760657515700142,17352959228297151942,609,2026.04.28 17:00:00,9.7,12680227558256509688,12634455132193691650,1,8201.8,8203.7,8204.1,2,2,68,1777395600,5704892216684436941,622,2026.04.28 18:45:15,9.4,12634455132193691650,33,8201.8,8202.7,8203.3,2,2,68,1777401915
RG2_FRA40_PERIOD_M5_1777248000_1777589700_9554760657515700142,16282536959147088234,302,2026.04.27 21:00:00,6.2,12731165793082505416,7222439297547406601,1,8132.0,8135.1,8138.3,2,2,10,1777323600,3286385364152590823,303,2026.04.27 22:00:00,6.1,8106669356081628275,13,8132.0,8134.6,8138.3,3,3,26,1777327200
RG2_FRA40_PERIOD_M5_1777248000_1777589700_9554760657515700142,13806060547005360760,104,2026.04.27 07:00:00,4.5,12796258310524720287,3510359307381009566,1,8193.0,8193.2,8193.3,2,2,272,1777273200,13918647123671570654,105,2026.04.27 08:00:00,4.4,3510359307381009566,12,8192.9,8193.1,8193.3,2,2,272,1777276800
RG2_FRA40_PERIOD_M5_1777248000_1777589700_9554760657515700142,4954236337770363802,306,2026.04.28 01:00:00,5.9,13058996986386262651,322404935832031189,1,8234.7,8246.0,8260.0,7,4,960,1777338000,17021738505889990321,365,2026.04.28 07:00:00,3.6,322404935832031189,128,8234.7,8246.0,8260.0,7,4,960,1777359600
RG2_FRA40_PERIOD_M5_1777248000_1777589700_9554760657515700142,16084023431038442511,962,2026.04.29 17:05:00,8.4,13432814677352001012,4172518823852080068,1,8379.8,8380.3,8380.8,2,2,384,1777482300,16084023431038442511,962,2026.04.29 17:05:00,8.4,4172518823852080068,1,8379.8,8380.3,8380.8,2,2,384,1777482300
RG2_FRA40_PERIOD_M5_1777248000_1777589700_9554760657515700142,13794150874217051500,823,2026.04.29 11:00:00,4.7,13458286157416586234,12149120699146933073,1,8234.7,8249.3,8262.9,7,4,898,1777460400,10929754466436562069,1116,2026.04.30 05:00:38,6.2,4648303736076483291,484,8234.7,8247.5,8260.1,6,3,896,1777525238
RG2_FRA40_PERIOD_M5_1777248000_1777589700_9554760657515700142,6135559997173662212,644,2026.04.29 01:01:31,7.0,13473210053554006397,15274349748054400404,1,8101.5,8101.9,8102.3,2,2,80,1777424491,3607311835240584725,647,2026.04.29 01:08:59,6.9,15274349748054400404,5,8102.3,8102.6,8103.0,2,2,80,1777424939
RG2_FRA40_PERIOD_M5_1777248000_1777589700_9554760657515700142,10119514612656887180,1118,2026.04.30 05:35:00,6.3,13536259060967361219,4648303736076483291,1,8234.7,8247.5,8260.1,6,3,896,1777527300,10388690284429544063,1119,2026.04.30 06:00:00,6.4,4648303736076483291,6,8234.7,8247.5,8260.1,6,3,896,1777528800
RG2_FRA40_PERIOD_M5_1777248000_1777589700_9554760657515700142,2668466076451027927,308,2026.04.28 01:00:07,5.9,13718804034557753307,7460802268581791229,1,8154.3,8154.5,8154.8,2,2,192,1777338007,4866701584836517999,311,2026.04.28 01:00:30,5.9,7460802268581791229,4,8154.8,8154.9,8155.1,2,2,192,1777338030
RG2_FRA40_PERIOD_M5_1777248000_1777589700_9554760657515700142,17217757888781734814,159,2026.04.27 11:02:29,5.2,14019379493223175928,14749444381743643402,1,8125.4,8125.7,8126.0,2,2,80,1777287749,14565640669639051908,164,2026.04.27 11:02:36,5.2,14749444381743643402,6,8124.9,8125.1,8125.4,2,2,80,1777287756
RG2_FRA40_PERIOD_M5_1777248000_1777589700_9554760657515700142,6340408990477587421,684,2026.04.29 06:20:00,3.6,1424893541787392004,2311333645809717980,1,8235.1,8247.6,8259.4,4,3,896,1777443600,2955706590597240216,789,2026.04.29 10:00:00,3.5,2311333645809717980,151,8235.1,8247.6,8259.4,4,3,896,1777456800
RG2_FRA40_PERIOD_M5_1777248000_1777589700_9554760657515700142,15503241027338102494,299,2026.04.27 19:00:00,6.8,1439167392304609861,1116585080548424813,1,8124.6,8125.0,8125.4,2,1,16,1777316400,15503241027338102494,299,2026.04.27 19:00:00,6.8,1116585080548424813,1,8124.6,8125.0,8125.4,2,1,16,1777316400
RG2_FRA40_PERIOD_M5_1777248000_1777589700_9554760657515700142,3189623861554959000,1438,2026.04.30 20:30:14,8.7,14525763639690725079,4947022864344985492,1,8101.3,8101.8,8102.3,2,2,80,1777581014,1751450849167162702,1448,2026.04.30 20:30:26,8.7,4947022864344985492,11,8102.3,8102.8,8103.2,2,2,80,1777581026
RG2_FRA40_PERIOD_M5_1777248000_1777589700_9554760657515700142,6287376699355711895,20,2026.04.27 01:04:14,7.7,14581306267346518954,11066116701586213058,1,8173.9,8174.2,8174.6,2,2,320,1777251854,5553482419612368677,22,2026.04.27 01:04:22,7.7,11066116701586213058,3,8173.4,8173.6,8173.9,2,2,320,1777251862
RG2_FRA40_PERIOD_M5_1777248000_1777589700_9554760657515700142,8171581772823975852,173,2026.04.27 11:03:28,5.2,14800277077271950224,12280948817190486210,1,8122.9,8123.2,8123.5,2,2,320,1777287808,18304027818213971913,181,2026.04.27 11:03:39,5.2,12280948817190486210,9,8122.4,8122.7,8122.9,2,2,320,1777287819
RG2_FRA40_PERIOD_M5_1777248000_1777589700_9554760657515700142,16355327355626978229,630,2026.04.29 01:00:00,7.0,15196038068184986936,9576156863506617256,1,7988.4,8038.5,8078.2,23,5,976,1777424400,7391646127361165377,706,2026.04.29 09:00:00,2.5,9576156863506617256,173,7988.4,8038.5,8078.2,23,5,976,1777453200
RG2_FRA40_PERIOD_M5_1777248000_1777589700_9554760657515700142,471538127321990349,1113,2026.04.30 05:00:00,6.2,15318152348383779179,13162704668433856337,1,8062.0,8062.0,8062.0,2,2,80,1777525200,16659289824481628640,1115,2026.04.30 05:00:27,6.2,13162704668433856337,3,8062.0,8062.3,8062.5,2,2,80,1777525227
RG2_FRA40_PERIOD_M5_1777248000_1777589700_9554760657515700142,3648098202890745108,1,2026.04.27 01:02:00,7.7,15467977393747452932,16793164196069427287,1,8002.8,8044.2,8087.9,15,4,960,1777251720,15578719517912007097,466,2026.04.28 10:02:31,4.3,9720848990427060985,813,8002.8,8046.4,8087.9,19,4,960,1777370551
RG2_FRA40_PERIOD_M5_1777248000_1777589700_9554760657515700142,1153508966355339581,707,2026.04.29 09:01:00,2.5,15476036214579306748,12390568325763726435,1,7988.4,8040.1,8078.2,24,5,976,1777453260,16115171753179530207,1494,2026.04.30 22:39:59,7.0,9372333117205794200,1198,7988.4,8035.2,8078.2,24,5,920,1777588799
RG2_FRA40_PERIOD_M5_1777248000_1777589700_9554760657515700142,17000185798620475327,397,2026.04.28 08:36:49,3.2,15506186406342661707,10006193957552654018,1,8140.5,8140.6,8140.8,2,2,320,1777365409,428746778049870509,398,2026.04.28 08:36:52,3.2,10006193957552654018,2,8140.3,8140.4,8140.5,2,2,320,1777365412
RG2_FRA40_PERIOD_M5_1777248000_1777589700_9554760657515700142,17897816118843924478,1264,2026.04.30 11:00:00,7.1,15690750945508580007,6983407792791595896,1,8127.9,8130.8,8134.4,2,2,258,1777546800,16115171753179530207,1494,2026.04.30 22:39:59,7.0,5437106740370940297,365,8125.5,8130.4,8133.0,4,4,278,1777588799
RG2_FRA40_PERIOD_M5_1777248000_1777589700_9554760657515700142,6257913336654981172,1406,2026.04.30 19:43:35,9.1,15749958790123751096,1105298922003439633,1,8095.6,8096.1,8096.7,2,2,192,1777578215,2263323093798800484,1417,2026.04.30 20:01:40,9.0,1105298922003439633,16,8096.7,8097.1,8097.6,2,2,192,1777579300
RG2_FRA40_PERIOD_M5_1777248000_1777589700_9554760657515700142,16355327355626978229,630,2026.04.29 01:00:00,7.0,15869784767520336264,8354995684862661907,1,8199.2,8212.9,8232.0,9,4,960,1777424400,16115171753179530207,1494,2026.04.30 22:39:59,7.0,12849979819204396637,1371,8198.8,8211.4,8232.0,9,4,960,1777588799
RG2_FRA40_PERIOD_M5_1777248000_1777589700_9554760657515700142,10329834609029867379,225,2026.04.27 17:00:00,6.8,16010813366248561185,1317753624656053554,1,8303.2,8326.3,8339.9,6,4,898,1777309200,1335662207732812951,960,2026.04.29 16:00:00,7.5,17834482200296190192,1235,8303.2,8325.5,8339.9,6,3,896,1777478400
RG2_FRA40_PERIOD_M5_1777248000_1777589700_9554760657515700142,15503241027338102494,299,2026.04.27 19:00:00,6.8,16334792644491738116,1065011378796270671,1,8139.9,8140.2,8140.5,2,2,272,1777316400,16282536959147088234,302,2026.04.27 21:00:00,6.2,8868226978338052057,24,8140.5,8141.0,8141.5,3,2,272,1777323600
RG2_FRA40_PERIOD_M5_1777248000_1777589700_9554760657515700142,3648098202890745108,1,2026.04.27 01:02:00,7.7,16431005142120428843,13885623990091278184,1,8408.0,8433.6,8471.0,7,3,896,1777251720,6654832694003693983,629,2026.04.28 23:00:00,8.0,8795471235278791650,1114,8408.0,8434.5,8471.0,4,3,896,1777417200
RG2_FRA40_PERIOD_M5_1777248000_1777589700_9554760657515700142,3648098202890745108,1,2026.04.27 01:02:00,7.7,16546808401053324031,2409015525492557054,1,8263.8,8280.1,8296.4,9,4,898,1777251720,1335662207732812951,960,2026.04.29 16:00:00,7.5,16939077329649490788,1633,8263.8,8282.7,8300.0,10,4,898,1777478400
RG2_FRA40_PERIOD_M5_1777248000_1777589700_9554760657515700142,4019817775023010515,484,2026.04.28 10:10:00,4.6,16943766102748042090,16723638642393904693,1,8139.9,8140.2,8140.5,2,2,272,1777371000,4019817775023010515,484,2026.04.28 10:10:00,4.6,16723638642393904693,1,8139.9,8140.2,8140.5,2,2,272,1777371000
RG2_FRA40_PERIOD_M5_1777248000_1777589700_9554760657515700142,4844486911751882862,1011,2026.04.30 01:00:00,8.2,17218506734334304034,16205902351366599659,1,8135.0,8156.7,8173.3,9,4,900,1777510800,8099182503452791801,1160,2026.04.30 08:00:00,5.6,13082314842254455131,226,8135.0,8156.4,8173.3,9,4,900,1777536000
RG2_FRA40_PERIOD_M5_1777248000_1777589700_9554760657515700142,12384923112471215148,102,2026.04.27 05:00:00,4.9,17306030671507983130,5877317913409552256,1,8175.6,8179.0,8180.7,2,2,18,1777266000,15329388498832218950,123,2026.04.27 09:05:33,4.4,5877317913409552256,66,8175.6,8179.0,8180.7,2,2,18,1777280733
RG2_FRA40_PERIOD_M5_1777248000_1777589700_9554760657515700142,2754680242782526001,961,2026.04.29 17:00:00,8.3,17419914476939109026,2476167929754451703,1,8263.8,8298.9,8339.9,16,4,898,1777482000,865331278628091356,1010,2026.04.29 23:55:00,8.2,2476167929754451703,127,8263.8,8298.9,8339.9,16,4,898,1777506900
RG2_FRA40_PERIOD_M5_1777248000_1777589700_9554760657515700142,16282536959147088234,302,2026.04.27 21:00:00,6.2,1747086296459203015,4384243355676752789,1,8122.4,8122.7,8122.9,2,2,272,1777323600,3286385364152590823,303,2026.04.27 22:00:00,6.1,4384243355676752789,13,8122.4,8122.7,8122.9,2,2,272,1777327200
RG2_FRA40_PERIOD_M5_1777248000_1777589700_9554760657515700142,16728072862703713709,956,2026.04.29 13:00:00,5.8,17477785130633251969,17995400923448934695,1,8096.0,8100.9,8103.0,2,2,18,1777467600,9074958853294353361,959,2026.04.29 15:00:00,6.7,17995400923448934695,25,8096.0,8100.9,8103.0,2,2,18,1777474800
RG2_FRA40_PERIOD_M5_1777248000_1777589700_9554760657515700142,4037015112187040973,412,2026.04.28 08:38:06,3.2,17572109953496096765,5867791488499623844,1,8136.4,8136.5,8136.5,2,2,80,1777365486,3985861186152179517,414,2026.04.28 09:00:00,3.3,5867791488499623844,6,8136.3,8136.4,8136.4,2,2,80,1777366800
RG2_FRA40_PERIOD_M5_1777248000_1777589700_9554760657515700142,6048145074175593097,82,2026.04.27 04:01:31,5.8,1762020400528406684,14212209714957660472,1,8193.3,8193.3,8193.3,2,2,320,1777262491,4254180336212385900,85,2026.04.27 04:34:30,5.0,18125209285282974769,11,8195.0,8195.1,8195.2,2,2,80,1777264470
RG2_FRA40_PERIOD_M5_1777248000_1777589700_9554760657515700142,13794150874217051500,823,2026.04.29 11:00:00,4.7,17620630822361084707,16811691349001672927,1,8193.0,8193.2,8193.3,2,2,260,1777460400,11921375467992369382,909,2026.04.29 11:40:36,5.2,16811691349001672927,97,8193.0,8193.2,8193.3,2,2,260,1777462836
RG2_FRA40_PERIOD_M5_1777248000_1777589700_9554760657515700142,3209319293226110666,329,2026.04.28 01:06:13,5.9,17927564402836518080,14995791600331868669,1,8163.8,8164.1,8164.3,2,2,192,1777338373,13258094316671836546,332,2026.04.28 01:06:20,5.9,14995791600331868669,4,8164.3,8164.5,8164.6,2,2,192,1777338380
RG2_FRA40_PERIOD_M5_1777248000_1777589700_9554760657515700142,3985861186152179517,414,2026.04.28 09:00:00,3.3,1797075236532579255,17718412458193358901,1,8130.1,8130.3,8130.5,2,2,272,1777366800,6654832694003693983,629,2026.04.28 23:00:00,8.0,17718412458193358901,366,8130.1,8130.3,8130.5,2,2,272,1777417200
RG2_FRA40_PERIOD_M5_1777248000_1777589700_9554760657515700142,4827812399921342929,1009,2026.04.29 23:15:00,8.4,17978267223031059647,4172518823852080068,1,8379.8,8380.3,8380.8,2,2,384,1777504500,4827812399921342929,1009,2026.04.29 23:15:00,8.4,4172518823852080068,1,8379.8,8380.3,8380.8,2,2,384,1777504500
RG2_FRA40_PERIOD_M5_1777248000_1777589700_9554760657515700142,17612993770077368738,1266,2026.04.30 13:00:00,8.3,18119709266960898425,2489007962598174972,1,8174.8,8179.4,8183.3,3,3,322,1777554000,16115171753179530207,1494,2026.04.30 22:39:59,7.0,2489007962598174972,341,8174.8,8179.3,8182.8,3,3,322,1777588799
RG2_FRA40_PERIOD_M5_1777248000_1777589700_9554760657515700142,8004402747418901367,1117,2026.04.30 05:15:00,6.1,18200355193863228450,11106870853691057259,1,8234.7,8245.0,8259.4,5,3,896,1777526100,8004402747418901367,1117,2026.04.30 05:15:00,6.1,11106870853691057259,1,8234.7,8245.0,8259.4,5,3,896,1777526100
RG2_FRA40_PERIOD_M5_1777248000_1777589700_9554760657515700142,7596526082581599907,650,2026.04.29 02:00:00,6.0,1837421079214279744,6947065970810746321,1,8104.0,8104.0,8104.0,2,2,80,1777428000,17573766753311390618,651,2026.04.29 02:42:10,5.4,6947065970810746321,11,8104.0,8104.3,8104.5,2,2,80,1777430530
RG2_FRA40_PERIOD_M5_1777248000_1777589700_9554760657515700142,17267489303170748261,131,2026.04.27 10:00:27,4.4,18419668100628685552,9273880585579032970,1,8130.1,8130.3,8130.5,2,2,80,1777284027,6484502905843972011,136,2026.04.27 10:00:35,4.4,9273880585579032970,6,8129.6,8129.9,8130.1,2,2,80,1777284035
RG2_FRA40_PERIOD_M5_1777248000_1777589700_9554760657515700142,17612993770077368738,1266,2026.04.30 13:00:00,8.3,1887673797074332069,16697180399075286923,1,8135.0,8155.0,8173.3,9,4,900,1777554000,16115171753179530207,1494,2026.04.30 22:39:59,7.0,1708921889387913553,341,8135.0,8154.8,8173.3,8,3,896,1777588799
RG2_FRA40_PERIOD_M5_1777248000_1777589700_9554760657515700142,3808509094586997955,660,2026.04.29 03:00:40,5.2,1937963045298875594,1846946935622151249,1,8109.6,8109.9,8110.2,2,2,192,1777431640,5484544847384865430,662,2026.04.29 03:00:59,5.2,1846946935622151249,3,8110.2,8110.4,8110.5,2,2,192,1777431659
RG2_FRA40_PERIOD_M5_1777248000_1777589700_9554760657515700142,7596526082581599907,650,2026.04.29 02:00:00,6.0,1955382011910469903,11106870853691057259,1,8234.7,8245.0,8259.4,5,3,896,1777428000,9202912127645226130,683,2026.04.29 06:00:00,3.7,11106870853691057259,84,8234.7,8245.0,8259.4,5,3,896,1777442400
RG2_FRA40_PERIOD_M5_1777248000_1777589700_9554760657515700142,3648098202890745108,1,2026.04.27 01:02:00,7.7,2180663131894931254,14886857846208358723,1,8185.7,8187.4,8190.8,2,2,130,1777251720,10675107141816098967,43,2026.04.27 02:55:00,6.2,14886857846208358723,64,8185.7,8187.4,8190.8,2,2,130,1777258500
RG2_FRA40_PERIOD_M5_1777248000_1777589700_9554760657515700142,14373617241029907280,373,2026.04.28 08:17:59,3.6,2256062419049500005,754701430983703300,1,8149.8,8149.8,8149.9,2,2,320,1777364279,777267062518170593,375,2026.04.28 08:30:28,3.1,754701430983703300,4,8149.5,8149.7,8149.9,2,2,320,1777365028
RG2_FRA40_PERIOD_M5_1777248000_1777589700_9554760657515700142,5846444991247644110,447,2026.04.28 10:01:36,4.3,2753546946486121190,18144912363084779639,1,8093.9,8094.0,8094.1,2,2,192,1777370496,11874685711277588475,448,2026.04.28 10:01:37,4.3,18144912363084779639,2,8093.5,8093.7,8093.9,2,2,192,1777370497
RG2_FRA40_PERIOD_M5_1777248000_1777589700_9554760657515700142,3648098202890745108,1,2026.04.27 01:02:00,7.7,2842085240682037527,2149245500817097179,1,8205.7,8209.6,8212.0,3,2,320,1777251720,6654832694003693983,629,2026.04.28 23:00:00,8.0,2295012829607386296,1114,8205.7,8209.9,8212.0,4,3,448,1777417200
RG2_FRA40_PERIOD_M5_1777248000_1777589700_9554760657515700142,17569469673796178693,224,2026.04.27 16:00:00,6.4,2931234628666498351,17942660000692737973,1,8140.0,8140.2,8140.5,2,2,272,1777305600,17569469673796178693,224,2026.04.27 16:00:00,6.4,17942660000692737973,1,8140.0,8140.2,8140.5,2,2,272,1777305600
RG2_FRA40_PERIOD_M5_1777248000_1777589700_9554760657515700142,16085751611854173181,1192,2026.04.30 09:07:32,5.5,3610193428312107745,320203798023522295,1,7918.3,7931.9,7943.8,5,4,960,1777540052,16115171753179530207,1494,2026.04.30 22:39:59,7.0,320203798023522295,458,7918.3,7928.0,7943.8,5,4,960,1777588799
RG2_FRA40_PERIOD_M5_1777248000_1777589700_9554760657515700142,16488997650682031045,958,2026.04.29 14:00:00,6.2,3818823137012346135,7619071023573416404,1,8186.3,8186.4,8186.6,2,2,132,1777471200,16488997650682031045,958,2026.04.29 14:00:00,6.2,7619071023573416404,1,8186.3,8186.4,8186.6,2,2,132,1777471200
RG2_FRA40_PERIOD_M5_1777248000_1777589700_9554760657515700142,4844486911751882862,1011,2026.04.30 01:00:00,8.2,4042073235519110659,5821662786365249315,1,8263.8,8284.8,8303.0,9,4,898,1777510800,16115171753179530207,1494,2026.04.30 22:39:59,7.0,5821662786365249315,725,8263.8,8284.7,8301.7,9,4,898,1777588799
RG2_FRA40_PERIOD_M5_1777248000_1777589700_9554760657515700142,17200921726166620143,1263,2026.04.30 10:05:00,6.2,4078115993645952258,4648303736076483291,1,8234.7,8247.5,8260.1,6,3,896,1777543500,16115171753179530207,1494,2026.04.30 22:39:59,7.0,4648303736076483291,376,8234.7,8247.5,8260.1,6,3,896,1777588799
RG2_FRA40_PERIOD_M5_1777248000_1777589700_9554760657515700142,8986323778089195005,369,2026.04.28 08:12:36,3.6,4093316165885366628,10879249147343639087,1,8151.8,8151.9,8152.0,2,2,192,1777363956,8986323778089195005,369,2026.04.28 08:12:36,3.6,10879249147343639087,1,8151.8,8151.9,8152.0,2,2,192,1777363956
RG2_FRA40_PERIOD_M5_1777248000_1777589700_9554760657515700142,4844486911751882862,1011,2026.04.30 01:00:00,8.2,4117124205195061014,4418608781896835260,1,7918.3,7929.0,7943.8,4,3,896,1777510800,15397910585881189515,1191,2026.04.30 09:07:23,5.5,4418608781896835260,267,7918.3,7929.0,7943.8,4,3,896,1777540043
RG2_FRA40_PERIOD_M5_1777248000_1777589700_9554760657515700142,4640923574044345320,443,2026.04.28 09:55:00,4.2,4202684644246541566,18412365101475016480,1,8163.8,8164.1,8164.3,2,2,144,1777370100,12260136576538028404,628,2026.04.28 22:00:00,8.2,18412365101475016480,314,8163.8,8164.1,8164.3,2,2,144,1777413600
RG2_FRA40_PERIOD_M5_1777248000_1777589700_9554760657515700142,823119453742590309,1163,2026.04.30 09:00:25,5.0,4241386549713145648,17393260105042456284,1,7982.1,7982.3,7982.5,2,2,320,1777539625,823119453742590309,1163,2026.04.30 09:00:25,5.0,17393260105042456284,1,7982.1,7982.3,7982.5,2,2,320,1777539625
RG2_FRA40_PERIOD_M5_1777248000_1777589700_9554760657515700142,2831811773426135780,110,2026.04.27 09:00:32,4.0,4814231869713599908,16030883921556575492,1,8149.8,8149.8,8149.9,2,2,320,1777280432,13006853037644393632,111,2026.04.27 09:00:35,4.0,16030883921556575492,2,8149.7,8149.8,8149.9,2,2,320,1777280435
RG2_FRA40_PERIOD_M5_1777248000_1777589700_9554760657515700142,5291412423829983648,486,2026.04.28 12:00:00,6.0,4993066542260027512,9322375366481594982,1,8116.2,8116.4,8116.6,2,2,144,1777377600,5291412423829983648,486,2026.04.28 12:00:00,6.0,9322375366481594982,1,8116.2,8116.4,8116.6,2,2,144,1777377600
RG2_FRA40_PERIOD_M5_1777248000_1777589700_9554760657515700142,9263750179531780651,1475,2026.04.30 22:06:36,7.4,5015012704780807819,7879075525941175889,1,8109.4,8109.8,8110.2,2,2,192,1777586796,11865809938686456756,1482,2026.04.30 22:10:25,7.4,7879075525941175889,9,8110.2,8110.5,8110.8,2,2,192,1777587025
RG2_FRA40_PERIOD_M5_1777248000_1777589700_9554760657515700142,8906662886678370204,1173,2026.04.30 09:03:17,5.0,5174221340128635645,17157467203797330575,1,7953.1,7953.3,7953.6,2,2,192,1777539797,18082295062132424727,1176,2026.04.30 09:03:27,5.0,17157467203797330575,4,7952.5,7952.8,7953.1,2,2,192,1777539807
RG2_FRA40_PERIOD_M5_1777248000_1777589700_9554760657515700142,4954236337770363802,306,2026.04.28 01:00:00,5.9,530733606062955854,17718412458193358901,1,8130.1,8130.3,8130.5,2,2,272,1777338000,14373617241029907280,373,2026.04.28 08:17:59,3.6,17718412458193358901,148,8130.1,8130.3,8130.5,2,2,272,1777364279
RG2_FRA40_PERIOD_M5_1777248000_1777589700_9554760657515700142,4658716690515598537,623,2026.04.28 19:00:00,9.5,5714458158441970009,936833107050586276,1,8093.8,8093.8,8093.9,2,2,144,1777402800,4711727215460786291,624,2026.04.28 19:25:00,9.3,936833107050586276,6,8093.8,8093.8,8093.9,2,2,144,1777404300
RG2_FRA40_PERIOD_M5_1777248000_1777589700_9554760657515700142,2251854055591656248,564,2026.04.28 15:25:00,8.4,5891985682327338028,4172518823852080068,1,8379.8,8380.3,8380.8,2,2,384,1777389900,17942303680830088315,626,2026.04.28 21:00:00,8.6,4172518823852080068,121,8379.8,8380.3,8380.8,2,2,384,1777410000
RG2_FRA40_PERIOD_M5_1777248000_1777589700_9554760657515700142,16282536959147088234,302,2026.04.27 21:00:00,6.2,5905153519091003995,12068278443845823039,1,8220.7,8220.9,8221.2,2,2,260,1777323600,315437977477700225,304,2026.04.27 23:00:00,6.3,12068278443845823039,25,8219.9,8220.3,8220.7,2,2,260,1777330800
RG2_FRA40_PERIOD_M5_1777248000_1777589700_9554760657515700142,13439529452113802979,1464,2026.04.30 21:00:00,8.2,5925296526727061289,12288895175802893690,1,8314.4,8316.6,8321.2,2,2,130,1777582800,16115171753179530207,1494,2026.04.30 22:39:59,7.0,12288895175802893690,53,8314.6,8316.1,8319.1,2,2,130,1777588799
RG2_FRA40_PERIOD_M5_1777248000_1777589700_9554760657515700142,12103086308224456398,1161,2026.04.30 09:00:00,5.0,6175491348785681336,8210505995322943714,1,8135.0,8160.0,8179.7,11,6,966,1777539600,9609486915787914329,1265,2026.04.30 12:00:00,7.4,8210505995322943714,137,8135.0,8159.0,8177.8,11,6,966,1777550400
RG2_FRA40_PERIOD_M5_1777248000_1777589700_9554760657515700142,9735415584837945008,383,2026.04.28 08:34:30,3.1,6524143533579512251,6807714647753868324,1,8145.1,8145.2,8145.3,2,2,80,1777365270,4398895118808686622,385,2026.04.28 08:35:16,3.2,6807714647753868324,4,8144.8,8145.0,8145.1,2,2,80,1777365316
RG2_FRA40_PERIOD_M5_1777248000_1777589700_9554760657515700142,5921404179557350076,112,2026.04.27 09:00:40,4.0,655117439941939414,7222439297547406601,1,8132.0,8135.1,8138.3,2,2,10,1777280440,2562178178480572744,143,2026.04.27 10:00:38,4.4,7222439297547406601,43,8132.0,8135.1,8138.3,2,2,10,1777284038
RG2_FRA40_PERIOD_M5_1777248000_1777589700_9554760657515700142,9228694679925919000,1120,2026.04.30 06:40:00,6.1,6591194658691739940,11106870853691057259,1,8234.7,8245.0,8259.4,5,3,896,1777531200,15094700772501301307,1262,2026.04.30 10:01:05,6.0,11106870853691057259,179,8234.7,8245.0,8259.4,5,3,896,1777543265
RG2_FRA40_PERIOD_M5_1777248000_1777589700_9554760657515700142,8859743509030331549,366,2026.04.28 07:35:00,3.6,6639187360309371910,790662129078333406,1,8235.1,8247.9,8260.0,6,4,960,1777361700,7125272237219585022,423,2026.04.28 09:04:25,3.3,790662129078333406,70,8235.1,8247.9,8260.0,6,4,960,1777367065
RG2_FRA40_PERIOD_M5_1777248000_1777589700_9554760657515700142,3648098202890745108,1,2026.04.27 01:02:00,7.7,6641726862249705221,9073271298509833747,1,8239.6,8255.4,8271.2,3,3,896,1777251720,15543851638456727890,305,2026.04.27 23:10:00,6.3,9073271298509833747,546,8239.6,8255.4,8271.2,3,3,896,1777331400
RG2_FRA40_PERIOD_M5_1777248000_1777589700_9554760657515700142,950202993301400059,675,2026.04.29 04:08:13,4.2,6952839267485237664,4008875616636677871,1,8093.9,8094.0,8094.2,2,2,192,1777435693,4831206736477065644,679,2026.04.29 04:08:29,4.2,4008875616636677871,5,8093.5,8093.7,8093.9,2,2,192,1777435709
RG2_FRA40_PERIOD_M5_1777248000_1777589700_9554760657515700142,3648098202890745108,1,2026.04.27 01:02:00,7.7,6952915294616605589,14539897555686508525,1,8300.0,8325.8,8340.7,7,4,898,1777251720,17569469673796178693,224,2026.04.27 16:00:00,6.4,11105546034163979826,387,8300.0,8323.4,8339.9,6,4,898,1777305600
RG2_FRA40_PERIOD_M5_1777248000_1777589700_9554760657515700142,4233739264531400360,144,2026.04.27 11:00:00,5.2,7020820973943756485,4487754659927214513,1,8203.3,8203.3,8203.3,2,2,80,1777287600,4933190027220128289,223,2026.04.27 15:00:00,5.8,4487754659927214513,124,8202.8,8203.0,8203.3,2,2,80,1777302000
RG2_FRA40_PERIOD_M5_1777248000_1777589700_9554760657515700142,13896409440253608049,1100,2026.04.30 01:19:32,8.5,7224210842052510306,1337082545433402321,1,8058.0,8058.4,8058.9,2,2,80,1777511972,10237936155609944106,1112,2026.04.30 04:55:40,6.2,15312328150780483411,54,8058.5,8058.7,8058.9,2,1,16,1777524940
RG2_FRA40_PERIOD_M5_1777248000_1777589700_9554760657515700142,4910352487471347800,359,2026.04.28 03:09:36,4.5,7308290698631659579,470495635294946225,1,8175.3,8175.6,8175.8,2,2,80,1777345776,2196311495551424876,964,2026.04.29 18:00:00,8.3,908266575350498225,1024,8174.8,8175.8,8175.8,2,2,80,1777485600
RG2_FRA40_PERIOD_M5_1777248000_1777589700_9554760657515700142,17897816118843924478,1264,2026.04.30 11:00:00,7.1,7370686591826004981,13162704668433856337,1,8063.0,8063.0,8063.0,2,2,80,1777546800,3283113537667091206,1272,2026.04.30 17:29:17,9.9,13162704668433856337,78,8062.1,8062.6,8063.2,2,2,80,1777570157
RG2_FRA40_PERIOD_M5_1777248000_1777589700_9554760657515700142,17569469673796178693,224,2026.04.27 16:00:00,6.4,756708288683428502,12321015464869135699,1,8186.6,8186.7,8186.8,2,2,144,1777305600,7380594542282505532,298,2026.04.27 18:22:36,7.0,12321015464869135699,104,8186.6,8186.7,8186.8,2,2,144,1777314156
RG2_FRA40_PERIOD_M5_1777248000_1777589700_9554760657515700142,11810151871502228676,222,2026.04.27 14:00:00,5.5,7669459985434617397,1966089130191005621,1,8149.9,8149.9,8149.9,2,2,272,1777298400,11810151871502228676,222,2026.04.27 14:00:00,5.5,1966089130191005621,1,8149.9,8149.9,8149.9,2,2,272,1777298400
RG2_FRA40_PERIOD_M5_1777248000_1777589700_9554760657515700142,10053586858628992166,1168,2026.04.30 09:00:38,5.0,7954248787865620122,11664296272646066908,1,7955.4,7955.5,7955.6,2,2,320,1777539638,107354377468745813,1169,2026.04.30 09:02:21,5.0,11664296272646066908,2,7955.2,7955.4,7955.6,2,2,320,1777539741
RG2_FRA40_PERIOD_M5_1777248000_1777589700_9554760657515700142,10329834609029867379,225,2026.04.27 17:00:00,6.8,8031442460791183467,8806498698831352103,1,8226.5,8226.5,8226.6,2,2,260,1777309200,440129022587936300,256,2026.04.27 17:59:38,7.0,8806498698831352103,44,8226.5,8226.5,8226.6,2,2,260,1777312778
RG2_FRA40_PERIOD_M5_1777248000_1777589700_9554760657515700142,16728072862703713709,956,2026.04.29 13:00:00,5.8,8066361571278253971,14938828687574673034,1,8132.8,8137.7,8140.5,3,3,274,1777467600,865331278628091356,1010,2026.04.29 23:55:00,8.2,18370859582863427904,175,8132.0,8135.8,8138.3,2,2,18,1777506900
RG2_FRA40_PERIOD_M5_1777248000_1777589700_9554760657515700142,4730892002891510287,48,2026.04.27 04:00:00,5.8,826344711338590850,3188356412593371215,1,8173.9,8174.1,8174.3,2,2,272,1777262400,15575250475244555453,101,2026.04.27 04:50:59,4.9,3188356412593371215,64,8173.9,8174.1,8174.3,2,2,272,1777265459
RG2_FRA40_PERIOD_M5_1777248000_1777589700_9554760657515700142,4933190027220128289,223,2026.04.27 15:00:00,5.8,8334458797244461180,3188356412593371215,1,8173.9,8174.1,8174.4,2,2,272,1777302000,7380594542282505532,298,2026.04.27 18:22:36,7.0,3188356412593371215,116,8173.9,8174.1,8174.4,2,2,272,1777314156
RG2_FRA40_PERIOD_M5_1777248000_1777589700_9554760657515700142,7705105511991988152,790,2026.04.29 10:05:00,3.7,8494235945002188106,11106870853691057259,1,8234.7,8245.0,8259.4,5,3,896,1777457100,17809833504613036737,822,2026.04.29 10:46:38,4.5,11106870853691057259,42,8234.7,8245.0,8259.4,5,3,896,1777459598
RG2_FRA40_PERIOD_M5_1777248000_1777589700_9554760657515700142,14049846445758232833,425,2026.04.28 09:08:10,3.7,8754846002413963769,17241879435730706551,1,8106.2,8106.3,8106.3,2,2,192,1777367290,3381680608679463653,426,2026.04.28 09:14:13,3.7,17241879435730706551,4,8106.0,8106.1,8106.2,2,2,192,1777367653
RG2_FRA40_PERIOD_M5_1777248000_1777589700_9554760657515700142,13362635667319390679,424,2026.04.28 09:05:00,3.7,8807998060028489480,322404935832031189,1,8234.7,8246.0,8260.0,7,4,960,1777367100,8864249156594034854,649,2026.04.29 01:14:13,6.9,4648303736076483291,389,8234.7,8247.5,8260.1,6,3,896,1777425253
RG2_FRA40_PERIOD_M5_1777248000_1777589700_9554760657515700142,3648098202890745108,1,2026.04.27 01:02:00,7.7,8861793030882404357,17042452743279001502,1,8234.7,8234.8,8235.0,2,2,132,1777251720,13822398104651968368,42,2026.04.27 02:00:00,7.0,17042452743279001502,53,8234.7,8235.0,8235.4,2,2,132,1777255200
RG2_FRA40_PERIOD_M5_1777248000_1777589700_9554760657515700142,2335200754400405067,1270,2026.04.30 16:00:00,9.9,8863672790827838222,1888267428196387174,1,7969.2,7969.2,7969.2,2,2,144,1777564800,2335200754400405067,1270,2026.04.30 16:00:00,9.9,1888267428196387174,1,7969.2,7969.2,7969.2,2,2,144,1777564800
RG2_FRA40_PERIOD_M5_1777248000_1777589700_9554760657515700142,3648098202890745108,1,2026.04.27 01:02:00,7.7,9070521651887110843,9681210227491696561,1,8181.3,8181.6,8181.9,2,2,80,1777251720,991302494477868621,46,2026.04.27 03:58:37,5.8,9681210227491696561,78,8181.9,8182.1,8182.4,2,2,80,1777262317
RG2_FRA40_PERIOD_M5_1777248000_1777589700_9554760657515700142,2477270874966393131,210,2026.04.27 11:09:31,5.3,9525722636916518169,3936193534658123383,1,8116.6,8116.9,8117.2,2,2,192,1777288171,14316975032290179692,216,2026.04.27 11:09:40,5.3,3936193534658123383,7,8116.1,8116.4,8116.6,2,2,192,1777288180
RG2_FRA40_PERIOD_M5_1777248000_1777589700_9554760657515700142,17118742331570903908,607,2026.04.28 16:00:00,9.0,9660963500634175261,7691023691461906022,1,8106.2,8106.5,8106.8,2,2,144,1777392000,15241473358440263519,608,2026.04.28 16:35:00,9.5,7691023691461906022,8,8106.2,8106.5,8106.8,2,2,144,1777394100
RG2_JPN225_PERIOD_M5_1764547200_1764978900_13582613236484951,14434606894345131004,1540,2025.12.04 03:00:00,41.0,10200070597091558067,18122445332475606737,1,50354.0,50354.0,50354.0,2,2,80,1764817200,12369739204886404141,1542,2025.12.04 03:15:13,42.0,18122445332475606737,6,50354.0,50356.0,50357.0,2,2,80,1764818113
RG2_JPN225_PERIOD_M5_1764547200_1764978900_13582613236484951,3725006396599675552,773,2025.12.02 08:43:21,50.0,10280595253128293741,13034437405922047370,1,49204.0,49207.0,49209.0,2,2,80,1764665001,13499700998765319627,775,2025.12.02 08:43:24,50.0,13034437405922047370,3,49200.0,49202.0,49204.0,2,2,80,1764665004
RG2_JPN225_PERIOD_M5_1764547200_1764978900_13582613236484951,12863996749444117419,585,2025.12.02 01:00:00,42.0,10366441340856578111,2055091403867774889,1,50151.0,50318.0,50496.0,18,5,976,1764637200,7808987507690401163,839,2025.12.02 23:00:00,46.0,2055091403867774889,503,50151.0,50318.0,50496.0,18,5,976,1764716400
RG2_JPN225_PERIOD_M5_1764547200_1764978900_13582613236484951,14069649820795420871,871,2025.12.03 02:00:19,45.0,10484179096193439597,7870423868078558385,1,49610.0,49612.0,49614.0,2,2,80,1764727219,12712961225827668317,874,2025.12.03 02:00:20,45.0,7870423868078558385,4,49614.0,49616.0,49617.0,2,2,80,1764727220
RG2_JPN225_PERIOD_M5_1764547200_1764978900_13582613236484951,17555142708969813087,1330,2025.12.04 01:00:00,44.0,10592591994691809467,12135908950230474038,1,50379.0,50566.0,50983.0,18,4,960,1764810000,11631836235575395040,1898,2025.12.04 17:10:00,42.0,5957409352160093917,754,50379.0,50586.0,50983.0,18,4,912,1764868200
RG2_JPN225_PERIOD_M5_1764547200_1764978900_13582613236484951,12547788976142699871,1899,2025.12.04 18:00:00,45.0,10701907305805390322,844491849605496916,1,50379.0,50607.0,50986.0,19,4,912,1764871200,4422730187869865497,1904,2025.12.04 23:00:00,48.0,844491849605496916,61,50379.0,50591.0,50983.0,19,4,912,1764889200
RG2_JPN225_PERIOD_M5_1764547200_1764978900_13582613236484951,17339354214526693107,1905,2025.12.05 01:01:00,45.0,1070711066876679500,14962530795220585615,1,49797.0,49797.0,49811.0,2,2,192,1764896460,9888261765617154670,2184,2025.12.05 23:00:00,41.0,14962530795220585615,526,49797.0,49797.0,49811.0,2,2,192,1764975600
RG2_JPN225_PERIOD_M5_1764547200_1764978900_13582613236484951,15072835065970251140,1,2025.12.01 01:00:00,26.0,10806611419112041658,7027910702926714050,1,50054.0,50256.0,50496.0,27,7,986,1764550800,840150967844082636,584,2025.12.01 23:00:00,43.0,12318719824204634679,830,50054.0,50263.0,50496.0,25,6,984,1764630000
RG2_JPN225_PERIOD_M5_1764547200_1764978900_13582613236484951,7448993514230183192,840,2025.12.03 01:00:00,44.0,11096461379422308024,12081016791694391470,1,49187.0,49246.0,49327.0,7,6,470,1764723600,2657948850545446830,1000,2025.12.03 04:52:59,46.0,5558924035607475326,211,49187.0,49243.0,49327.0,7,6,470,1764737579
RG2_JPN225_PERIOD_M5_1764547200_1764978900_13582613236484951,4147021289448899164,835,2025.12.02 19:00:00,41.0,11390065042567764906,698831509435852464,1,49266.0,49311.0,49327.0,2,2,130,1764702000,7808987507690401163,839,2025.12.02 23:00:00,46.0,698831509435852464,49,49266.0,49311.0,49327.0,2,2,130,1764716400
RG2_JPN225_PERIOD_M5_1764547200_1764978900_13582613236484951,710571900560667180,576,2025.12.01 16:00:00,39.0,11620303352537308203,15867076740127982096,1,49207.0,49244.0,49266.0,2,2,130,1764604800,710571900560667180,576,2025.12.01 16:00:00,39.0,15867076740127982096,1,49207.0,49244.0,49266.0,2,2,130,1764604800
RG2_JPN225_PERIOD_M5_1764547200_1764978900_13582613236484951,12863996749444117419,585,2025.12.02 01:00:00,42.0,11725520351677987874,7780909946615693315,1,50603.0,50792.0,50983.0,9,3,896,1764637200,13380054897692444264,1329,2025.12.03 23:00:00,46.0,9857329378251431971,1248,50603.0,50780.0,50983.0,8,3,896,1764802800
RG2_JPN225_PERIOD_M5_1764547200_1764978900_13582613236484951,17005302218456858960,399,2025.12.01 03:12:37,47.0,12059964413300574942,15032561973048823023,1,49327.0,49330.0,49332.0,2,2,192,1764558757,17197211882947229185,402,2025.12.01 03:12:39,47.0,15032561973048823023,4,49322.0,49325.0,49327.0,2,2,192,1764558759
RG2_JPN225_PERIOD_M5_1764547200_1764978900_13582613236484951,6841416024196892571,1286,2025.12.03 16:08:00,35.0,12105436277222289934,17480845813930500335,1,49327.0,49329.0,49331.0,2,2,192,1764778080,12091933854158575333,1294,2025.12.03 16:08:03,35.0,17480845813930500335,9,49323.0,49325.0,49327.0,2,2,192,1764778083
RG2_JPN225_PERIOD_M5_1764547200_1764978900_13582613236484951,3587879608929708178,935,2025.12.03 02:02:36,45.0,12193529420694488868,1165425749296482321,1,49780.0,49782.0,49784.0,2,2,192,1764727356,5946772617882910890,938,2025.12.03 02:02:38,45.0,1165425749296482321,4,49784.0,49786.0,49789.0,2,2,192,1764727358
RG2_JPN225_PERIOD_M5_1764547200_1764978900_13582613236484951,15072835065970251140,1,2025.12.01 01:00:00,26.0,12295707761495406673,11985674143735176966,1,50545.0,50546.0,50546.0,2,2,384,1764550800,840150967844082636,584,2025.12.01 23:00:00,43.0,11985674143735176966,830,50545.0,50546.0,50546.0,2,2,384,1764630000
RG2_JPN225_PERIOD_M5_1764547200_1764978900_13582613236484951,15072835065970251140,1,2025.12.01 01:00:00,26.0,12507419035412600140,15867076740127982096,1,49207.0,49244.0,49266.0,2,2,130,1764550800,15325216055089940551,470,2025.12.01 11:00:00,55.0,6413614751006934869,582,49207.0,49232.0,49266.0,4,4,210,1764586800
RG2_JPN225_PERIOD_M5_1764547200_1764978900_13582613236484951,15072835065970251140,1,2025.12.01 01:00:00,26.0,12973853594434742443,7354291119652925322,1,50009.0,50018.0,50036.0,2,2,80,1764550800,13409812520814092964,159,2025.12.01 02:24:36,37.0,7354291119652925322,171,50009.0,50018.0,50036.0,2,2,80,1764555876
RG2_JPN225_PERIOD_M5_1764547200_1764978900_13582613236484951,13209728564043063279,1661,2025.12.04 05:00:00,44.0,13028987683024902768,4596987004300603708,1,50105.0,50105.0,50106.0,2,2,144,1764824400,10582456447619731557,1709,2025.12.04 05:59:31,46.0,4596987004300603708,61,50105.0,50105.0,50106.0,2,2,144,1764827971
RG2_JPN225_PERIOD_M5_1764547200_1764978900_13582613236484951,15072835065970251140,1,2025.12.01 01:00:00,26.0,13061788376971806162,3830958778136009601,1,49721.0,49767.0,49801.0,5,3,896,1764550800,4422730187869865497,1904,2025.12.04 23:00:00,48.0,6669191703234628444,2924,49721.0,49773.0,49801.0,6,4,960,1764889200
RG2_JPN225_PERIOD_M5_1764547200_1764978900_13582613236484951,490784972746282338,1862,2025.12.04 08:25:00,56.0,13417256606429792465,430264829723691926,1,48693.0,48696.0,48700.0,2,2,384,1764836700,7147772352738224594,1886,2025.12.04 10:00:00,58.0,430264829723691926,44,48693.0,48696.0,48700.0,2,2,384,1764842400
RG2_JPN225_PERIOD_M5_1764547200_1764978900_13582613236484951,11560213695085003703,102,2025.12.01 02:06:39,35.0,13525615418811371775,13758851997434951799,1,50068.0,50069.0,50070.0,2,2,192,1764554799,14138887551872236188,105,2025.12.01 02:06:40,35.0,13758851997434951799,4,50065.0,50066.0,50068.0,2,2,192,1764554800
RG2_JPN225_PERIOD_M5_1764547200_1764978900_13582613236484951,6780499672948293076,612,2025.12.02 02:00:00,42.0,13761904370011662374,13769472858690539185,1,49588.0,49588.0,49588.0,2,2,80,1764640800,13216708286165800944,632,2025.12.02 02:07:53,43.0,13769472858690539185,23,49588.0,49591.0,49593.0,2,2,80,1764641273
RG2_JPN225_PERIOD_M5_1764547200_1764978900_13582613236484951,15588726757942889126,578,2025.12.01 17:10:00,42.0,13764202528377673492,7925417440924227466,1,49054.0,49057.0,49059.0,2,2,80,1764609000,15588726757942889126,578,2025.12.01 17:10:00,42.0,7925417440924227466,1,49054.0,49057.0,49059.0,2,2,80,1764609000
RG2_JPN225_PERIOD_M5_1764547200_1764978900_13582613236484951,13642046318561317457,778,2025.12.02 08:43:32,50.0,13798670706083853033,14790141279653398888,1,49183.0,49185.0,49187.0,2,2,68,1764665012,13035840195160779851,781,2025.12.02 11:00:00,44.0,14790141279653398888,29,49187.0,49189.0,49191.0,2,2,68,1764673200
RG2_JPN225_PERIOD_M5_1764547200_1764978900_13582613236484951,17555142708969813087,1330,2025.12.04 01:00:00,44.0,13806452541373535434,2915076488502637756,1,48295.0,48455.0,48587.0,4,3,896,1764810000,9827736605536608084,1371,2025.12.04 01:59:38,39.0,2915076488502637756,56,48295.0,48455.0,48587.0,4,3,896,1764813578
RG2_JPN225_PERIOD_M5_1764547200_1764978900_13582613236484951,1518485032530343371,1641,2025.12.04 04:00:00,43.0,13934912001980327821,12663349882243596068,1,50068.0,50068.0,50069.0,2,2,144,1764820800,4270325449083766193,1660,2025.12.04 04:58:17,44.0,12663349882243596068,36,50068.0,50068.0,50069.0,2,2,144,1764824297
RG2_JPN225_PERIOD_M5_1764547200_1764978900_13582613236484951,8266151566461969653,2114,2025.12.05 16:00:00,33.0,13950094870071028087,18230467039423755268,1,48617.0,48650.0,48663.0,2,2,130,1764950400,8266151566461969653,2116,2025.12.05 16:10:00,33.0,18230467039423755268,2,48617.0,48650.0,48663.0,2,2,130,1764951000
RG2_JPN225_PERIOD_M5_1764547200_1764978900_13582613236484951,14620360164270503766,941,2025.12.03 03:00:00,48.0,1419630055321286781,18136183709559548209,1,49793.0,49793.0,49793.0,2,2,80,1764730800,2657948850545446830,1000,2025.12.03 04:52:59,46.0,1281146557379471251,87,49784.0,49786.0,49788.0,2,2,144,1764737579
RG2_JPN225_PERIOD_M5_1764547200_1764978900_13582613236484951,15072835065970251140,1,2025.12.01 01:00:00,26.0,14224310601120877898,2928605119314720815,1,48967.0,48996.0,49028.0,2,2,192,1764550800,15325216055089940551,470,2025.12.01 11:00:00,55.0,2928605119314720815,582,48967.0,48996.0,49028.0,2,2,192,1764586800
RG2_JPN225_PERIOD_M5_1764547200_1764978900_13582613236484951,12863996749444117419,585,2025.12.02 01:00:00,42.0,14337253924703638668,7117540213919091411,1,49639.0,49639.0,49639.0,2,2,144,1764637200,15322253992496471149,2113,2025.12.05 15:07:18,32.0,10416566718742227188,2464,49639.0,49640.0,49640.0,2,2,132,1764947238
RG2_JPN225_PERIOD_M5_1764547200_1764978900_13582613236484951,7448993514230183192,840,2025.12.03 01:00:00,44.0,14704822119080568609,14264528191815186634,1,50379.0,50422.0,50491.0,7,4,960,1764723600,13380054897692444264,1329,2025.12.03 23:00:00,46.0,14264528191815186634,734,50379.0,50422.0,50491.0,7,4,960,1764802800
RG2_JPN225_PERIOD_M5_1764547200_1764978900_13582613236484951,15138867567479816683,1171,2025.12.03 16:04:36,34.0,14820465978624992684,10657293885439690639,1,49485.0,49487.0,49489.0,2,2,192,1764777876,12727580690066300622,1178,2025.12.03 16:04:38,34.0,10657293885439690639,8,49482.0,49484.0,49485.0,2,2,192,1764777878
RG2_JPN225_PERIOD_M5_1764547200_1764978900_13582613236484951,11547994513511722022,1335,2025.12.04 01:03:00,44.0,14921877102922895692,8527283299565063388,1,49851.0,49852.0,49854.0,2,2,320,1764810180,5092729368127108094,1340,2025.12.04 01:03:59,44.0,8527283299565063388,6,49846.0,49848.0,49851.0,2,2,320,1764810239
RG2_JPN225_PERIOD_M5_1764547200_1764978900_13582613236484951,11764367639697906558,1901,2025.12.04 20:00:00,44.0,15015672224442958531,3149208835574145070,1,49496.0,49497.0,49498.0,2,2,132,1764878400,11764367639697906558,1901,2025.12.04 20:00:00,44.0,3149208835574145070,1,49496.0,49497.0,49498.0,2,2,132,1764878400
RG2_JPN225_PERIOD_M5_1764547200_1764978900_13582613236484951,8704375996226664340,1531,2025.12.04 02:43:24,40.0,15061995175969614018,7200033458768845873,1,50325.0,50325.0,50326.0,2,2,192,1764816204,1736815909870418076,1536,2025.12.04 02:44:26,40.0,1415117435091330577,6,50338.0,50339.0,50341.0,2,2,192,1764816266
RG2_JPN225_PERIOD_M5_1764547200_1764978900_13582613236484951,1144783743280844448,1149,2025.12.03 10:45:00,45.0,15119124707293385372,3185109725278850526,1,50151.0,50152.0,50154.0,2,2,320,1764758700,13380054897692444264,1329,2025.12.03 23:00:00,46.0,3185109725278850526,309,50151.0,50152.0,50154.0,2,2,320,1764802800
RG2_JPN225_PERIOD_M5_1764547200_1764978900_13582613236484951,12863996749444117419,585,2025.12.02 01:00:00,42.0,15380292053308477714,3121538433853587534,1,48295.0,48664.0,49028.0,14,5,962,1764637200,97834560234457595,834,2025.12.02 18:00:00,36.0,3121538433853587534,443,48295.0,48665.0,49028.0,14,5,962,1764698400
RG2_JPN225_PERIOD_M5_1764547200_1764978900_13582613236484951,16479997664218650174,833,2025.12.02 17:00:00,32.0,15409501469773435476,13747300858663466914,1,49549.0,49558.0,49587.0,2,2,18,1764694800,97834560234457595,834,2025.12.02 18:00:00,36.0,13747300858663466914,13,49549.0,49558.0,49587.0,2,2,18,1764698400
RG2_JPN225_PERIOD_M5_1764547200_1764978900_13582613236484951,6780499672948293076,612,2025.12.02 02:00:00,42.0,15440703396156455794,13747300858663466914,1,49510.0,49541.0,49553.0,2,2,18,1764640800,12340413459354666931,652,2025.12.02 02:48:36,45.0,13747300858663466914,53,49510.0,49541.0,49553.0,2,2,18,1764643716
RG2_JPN225_PERIOD_M5_1764547200_1764978900_13582613236484951,1830224559194666266,580,2025.12.01 19:00:00,46.0,15530312104943892810,12854668968624516391,1,49138.0,49140.0,49143.0,2,2,20,1764615600,9525769803410748555,581,2025.12.01 20:00:00,45.0,12854668968624516391,13,49145.0,49148.0,49150.0,2,2,20,1764619200
RG2_JPN225_PERIOD_M5_1764547200_1764978900_13582613236484951,3492262836316128933,1372,2025.12.04 02:00:00,38.0,15646145301069795973,12562135957235750542,1,48295.0,48486.0,48630.0,5,4,898,1764813600,15587142076903873151,1890,2025.12.04 13:00:00,45.0,12562135957235750542,649,48295.0,48485.0,48622.0,5,4,898,1764853200
RG2_JPN225_PERIOD_M5_1764547200_1764978900_13582613236484951,7390191291986948641,908,2025.12.03 02:01:28,45.0,15659577621341040793,11291209265992621595,1,49704.0,49717.0,49729.0,2,1,64,1764727288,6470759049886908961,918,2025.12.03 02:01:39,45.0,11291209265992621595,11,49707.0,49731.0,49733.0,2,1,64,1764727299
RG2_JPN225_PERIOD_M5_1764547200_1764978900_13582613236484951,17655448951440865499,1892,2025.12.04 15:00:00,42.0,158554424115379927,15645056677258182375,1,49364.0,49365.0,49367.0,2,2,260,1764860400,4482467370726603664,1895,2025.12.04 15:40:00,42.0,15645056677258182375,9,49364.0,49365.0,49367.0,2,2,260,1764862800
RG2_JPN225_PERIOD_M5_1764547200_1764978900_13582613236484951,2674566184013265619,836,2025.12.02 20:00:00,43.0,15873440775831695338,16345991261006472315,1,49395.0,49397.0,49398.0,2,1,16,1764705600,13380054897692444264,1329,2025.12.03 23:00:00,46.0,11621741485085303931,782,49395.0,49397.0,49399.0,2,1,16,1764802800
RG2_JPN225_PERIOD_M5_1764547200_1764978900_13582613236484951,16793933914906467366,2144,2025.12.05 16:35:00,34.0,15951391850484357046,18230467039423755268,1,48617.0,48650.0,48663.0,2,2,130,1764952500,9888261765617154670,2184,2025.12.05 23:00:00,41.0,18230467039423755268,109,48617.0,48650.0,48663.0,2,2,130,1764975600
RG2_JPN225_PERIOD_M5_1764547200_1764978900_13582613236484951,14186008886330665900,1114,2025.12.03 05:44:28,45.0,16424648748118373463,11813120964897175037,1,50101.0,50103.0,50106.0,2,2,192,1764740668,2263333990848291969,1125,2025.12.03 05:45:15,45.0,11855923460444099136,13,50123.0,50125.0,50127.0,2,2,72,1764740715
RG2_JPN225_PERIOD_M5_1764547200_1764978900_13582613236484951,3073384067974500869,1957,2025.12.05 02:05:27,44.0,16684058443665587059,9783271077997081660,1,50442.0,50444.0,50445.0,2,2,80,1764900327,11105111380062835915,1960,2025.12.05 02:05:29,44.0,9783271077997081660,4,50437.0,50440.0,50442.0,2,2,80,1764900329
RG2_JPN225_PERIOD_M5_1764547200_1764978900_13582613236484951,715317003390628464,868,2025.12.03 02:00:00,45.0,16777376820933223501,14771457512921281597,1,49600.0,49602.0,49603.0,3,2,80,1764727200,14084282555403646579,940,2025.12.03 02:05:00,46.0,16754350890293811886,73,49600.0,49602.0,49603.0,2,1,16,1764727500
RG2_JPN225_PERIOD_M5_1764547200_1764978900_13582613236484951,205263091900126974,1488,2025.12.04 02:06:28,40.0,17239714022285191168,125806452982325214,1,50182.0,50184.0,50186.0,2,2,320,1764813988,9143676044202193440,1490,2025.12.04 02:06:34,40.0,125806452982325214,3,50186.0,50188.0,50190.0,2,2,320,1764813994
RG2_JPN225_PERIOD_M5_1764547200_1764978900_13582613236484951,11153430564074321313,1891,2025.12.04 14:00:00,44.0,17815787622587537433,2915076488502637756,1,48295.0,48455.0,48587.0,4,3,896,1764856800,9888261765617154670,2184,2025.12.05 23:00:00,41.0,2915076488502637756,645,48295.0,48455.0,48587.0,4,3,896,1764975600
RG2_JPN225_PERIOD_M5_1764547200_1764978900_13582613236484951,9081492785716050289,1499,2025.12.04 02:08:37,40.0,18008634516102258505,6207920571183362577,1,50219.0,50221.0,50223.0,2,2,192,1764814117,16711853647266575785,1503,2025.12.04 02:10:24,41.0,6207920571183362577,5,50223.0,50226.0,50228.0,2,2,192,1764814224
RG2_JPN225_PERIOD_M5_1764547200_1764978900_13582613236484951,1686780361257604960,490,2025.12.01 14:00:00,42.0,18086678277544628502,15893319766454721292,1,49266.0,49307.0,49327.0,3,3,146,1764597600,4305104701263759275,575,2025.12.01 15:00:00,41.0,15893319766454721292,100,49266.0,49307.0,49327.0,3,3,146,1764601200
RG2_JPN225_PERIOD_M5_1764547200_1764978900_13582613236484951,10454060623797616186,1001,2025.12.03 05:00:00,45.0,18240594914188138794,5201517578259933425,1,49183.0,49215.0,49274.0,5,5,468,1764738000,4422730187869865497,1904,2025.12.04 23:00:00,48.0,4706312387612282120,1357,49187.0,49242.0,49320.0,4,3,448,1764889200
RG2_JPN225_PERIOD_M5_1764547200_1764978900_13582613236484951,17817064227040293494,1144,2025.12.03 07:31:35,46.0,1974150853049736753,3185109725278850526,1,50150.0,50150.0,50151.0,2,2,320,1764747095,10040312177424298299,1146,2025.12.03 08:00:00,47.0,786624772025383577,8,50151.0,50153.0,50154.0,3,3,336,1764748800
RG2_JPN225_PERIOD_M5_1764547200_1764978900_13582613236484951,7448993514230183192,840,2025.12.03 01:00:00,44.0,212177098762758209,8498550364512350558,1,48943.0,49027.0,49093.0,4,4,960,1764723600,9888261765617154670,2184,2025.12.05 23:00:00,41.0,8647791914179615382,2105,48888.0,49010.0,49131.0,8,4,960,1764975600
RG2_JPN225_PERIOD_M5_1764547200_1764978900_13582613236484951,15443532819443389234,471,2025.12.01 12:00:00,46.0,216233872247085140,5251739228606758739,1,48238.0,48635.0,49028.0,15,5,962,1764590400,840150967844082636,584,2025.12.01 23:00:00,43.0,5251739228606758739,237,48238.0,48632.0,49028.0,15,5,962,1764630000
RG2_JPN225_PERIOD_M5_1764547200_1764978900_13582613236484951,1262498219991710340,792,2025.12.02 16:00:00,30.0,2221194118152714232,16345991261006472315,1,49395.0,49396.0,49396.0,2,1,16,1764691200,16353524757348262462,832,2025.12.02 16:39:17,30.0,16345991261006472315,49,49395.0,49396.0,49396.0,2,1,16,1764693557
RG2_JPN225_PERIOD_M5_1764547200_1764978900_13582613236484951,15072835065970251140,1,2025.12.01 01:00:00,26.0,2315376573777061055,4798401147300589756,1,47554.0,47788.0,47948.0,4,3,896,1764550800,7808987507690401163,839,2025.12.02 23:00:00,46.0,12641628499373684119,1344,47554.0,47792.0,47948.0,4,3,896,1764716400
RG2_JPN225_PERIOD_M5_1764547200_1764978900_13582613236484951,15787033242004320992,298,2025.12.01 03:00:39,44.0,2549595196923632737,8142993155906064132,1,49542.0,49542.0,49543.0,2,2,320,1764558039,4472152733744279416,299,2025.12.01 03:00:40,44.0,8142993155906064132,2,49538.0,49540.0,49542.0,2,2,320,1764558040
RG2_JPN225_PERIOD_M5_1764547200_1764978900_13582613236484951,7448993514230183192,840,2025.12.03 01:00:00,44.0,2866130244047642444,17536390090739419773,1,49906.0,49958.0,50027.0,4,3,896,1764723600,9888261765617154670,2184,2025.12.05 23:00:00,41.0,18194261165048120292,2105,49904.0,49957.0,50027.0,6,4,912,1764975600
RG2_JPN225_PERIOD_M5_1764547200_1764978900_13582613236484951,11869832650891906240,742,2025.12.02 08:20:05,50.0,2927649445903734448,12033937679907594434,1,49259.0,49261.0,49263.0,2,2,320,1764663605,7150182569530261749,750,2025.12.02 08:41:02,50.0,12033937679907594434,14,49253.0,49256.0,49259.0,2,2,320,1764664862
RG2_JPN225_PERIOD_M5_1764547200_1764978900_13582613236484951,4147021289448899164,835,2025.12.02 19:00:00,41.0,3039919401573200654,13277562788169646626,1,48295.0,48594.0,48933.0,12,4,898,1764702000,7808987507690401163,839,2025.12.02 23:00:00,46.0,13277562788169646626,49,48295.0,48594.0,48933.0,12,4,898,1764716400
RG2_JPN225_PERIOD_M5_1764547200_1764978900_13582613236484951,2241332686323450329,1325,2025.12.03 19:00:00,48.0,3139464230228707898,5628514244825642914,1,49541.0,49551.0,49567.0,2,2,18,1764788400,2241332686323450329,1325,2025.12.03 19:00:00,48.0,5628514244825642914,1,49541.0,49551.0,49567.0,2,2,18,1764788400
RG2_JPN225_PERIOD_M5_1764547200_1764978900_13582613236484951,17339354214526693107,1905,2025.12.05 01:01:00,45.0,3552787817951040811,12957066938492817761,1,50391.0,50626.0,50983.0,17,5,976,1764896460,9888261765617154670,2184,2025.12.05 23:00:00,41.0,7194616982844391726,526,50391.0,50642.0,50983.0,20,6,978,1764975600
RG2_JPN225_PERIOD_M5_1764547200_1764978900_13582613236484951,11104941131664158963,1897,2025.12.04 17:00:00,41.0,3567406080999777713,13457992917045232246,1,48700.0,48712.0,48747.0,2,2,130,1764867600,16930564049223839826,2055,2025.12.05 11:00:00,47.0,13807547495178248076,343,48687.0,48699.0,48724.0,3,3,386,1764932400
RG2_JPN225_PERIOD_M5_1764547200_1764978900_13582613236484951,15072835065970251140,1,2025.12.01 01:00:00,26.0,3831611227654240510,8147887640413045076,1,49903.0,49945.0,49986.0,4,4,960,1764550800,9888261765617154670,2184,2025.12.05 23:00:00,41.0,7558909559907477954,3459,49903.0,49938.0,49986.0,4,3,896,1764975600
RG2_JPN225_PERIOD_M5_1764547200_1764978900_13582613236484951,18107146084049155023,93,2025.12.01 02:05:38,35.0,3842252694349548524,14748879398391364618,1,50080.0,50082.0,50083.0,2,2,80,1764554738,12904975358918973504,98,2025.12.01 02:06:37,35.0,14748879398391364618,6,50077.0,50079.0,50080.0,2,2,80,1764554797
RG2_JPN225_PERIOD_M5_1764547200_1764978900_13582613236484951,17886469495736378150,82,2025.12.01 02:04:34,32.0,3931528098452496801,132682444175233730,1,50121.0,50121.0,50122.0,2,2,320,1764554674,12040644583729028680,84,2025.12.01 02:04:35,32.0,132682444175233730,3,50117.0,50119.0,50121.0,2,2,320,1764554675
RG2_JPN225_PERIOD_M5_1764547200_1764978900_13582613236484951,12372345911181541109,1885,2025.12.04 09:00:00,58.0,4176580882976938975,18122445332475606737,1,51053.0,51053.0,51053.0,2,2,80,1764838800,3869185295862710778,1896,2025.12.04 16:00:00,40.0,18122445332475606737,84,51053.0,51053.0,51053.0,2,2,80,1764864000
RG2_JPN225_PERIOD_M5_1764547200_1764978900_13582613236484951,10518960977004952361,1507,2025.12.04 02:10:32,41.0,4556430877223251553,14081042916293442065,1,50243.0,50245.0,50248.0,2,2,192,1764814232,14833335618427371922,1515,2025.12.04 02:15:38,41.0,8764304488500830737,9,50266.0,50268.0,50269.0,2,2,192,1764814538
RG2_JPN225_PERIOD_M5_1764547200_1764978900_13582613236484951,595807526701647100,169,2025.12.01 02:25:29,39.0,468220795572565919,8830018859607059575,1,49881.0,49883.0,49884.0,2,2,192,1764555929,16487409846900158353,171,2025.12.01 02:25:35,39.0,8830018859607059575,3,49879.0,49880.0,49881.0,2,2,192,1764555935
RG2_JPN225_PERIOD_M5_1764547200_1764978900_13582613236484951,12012030920741388826,779,2025.12.02 09:00:00,52.0,4823531710687765491,12976649439566193251,1,49204.0,49233.0,49266.0,3,3,274,1764666000,12012030920741388826,779,2025.12.02 09:00:00,52.0,12976649439566193251,1,49204.0,49233.0,49266.0,3,3,274,1764666000
RG2_JPN225_PERIOD_M5_1764547200_1764978900_13582613236484951,6655660236751792209,716,2025.12.02 06:00:00,49.0,5594038096857088358,221251581200285218,1,49496.0,49499.0,49502.0,2,2,144,1764655200,6655660236751792209,716,2025.12.02 06:00:00,49.0,221251581200285218,1,49496.0,49499.0,49502.0,2,2,144,1764655200
RG2_JPN225_PERIOD_M5_1764547200_1764978900_13582613236484951,13529519530068678939,1156,2025.12.03 16:00:00,34.0,573946787817010876,13844917265923672205,1,49608.0,49608.0,49609.0,2,2,272,1764777600,6350995934613151283,1321,2025.12.03 16:10:16,37.0,13844917265923672205,169,49608.0,49608.0,49609.0,2,2,272,1764778216
RG2_JPN225_PERIOD_M5_1764547200_1764978900_13582613236484951,18423700767192556937,179,2025.12.01 02:27:04,39.0,5780506403209125010,6826865670430555914,1,49851.0,49851.0,49851.0,2,2,320,1764556024,5953923179500346642,180,2025.12.01 02:27:04,39.0,6826865670430555914,2,49846.0,49848.0,49851.0,2,2,320,1764556024
RG2_JPN225_PERIOD_M5_1764547200_1764978900_13582613236484951,97834560234457595,834,2025.12.02 18:00:00,36.0,5963417157160475482,5099052284849851447,1,49202.0,49203.0,49204.0,2,2,20,1764698400,7808987507690401163,839,2025.12.02 23:00:00,46.0,16261264244650320455,61,49204.0,49207.0,49209.0,2,2,20,1764716400
RG2_JPN225_PERIOD_M5_1764547200_1764978900_13582613236484951,17808103230388860937,1268,2025.12.03 16:07:43,35.0,6069280928792518005,7258729102744804100,1,49364.0,49365.0,49367.0,2,2,320,1764778063,12490402337161425924,1271,2025.12.03 16:07:45,35.0,7258729102744804100,4,49364.0,49364.0,49364.0,2,2,320,1764778065
RG2_JPN225_PERIOD_M5_1764547200_1764978900_13582613236484951,12340413459354666931,652,2025.12.02 02:48:36,45.0,6127566109782724518,12305188517822870052,1,49395.0,49397.0,49398.0,2,2,80,1764643716,12915996959830798080,665,2025.12.02 05:30:26,45.0,12305188517822870052,45,49391.0,49393.0,49395.0,2,2,80,1764653426
RG2_JPN225_PERIOD_M5_1764547200_1764978900_13582613236484951,17339354214526693107,1905,2025.12.05 01:01:00,45.0,6172751308630817030,7878227025119177862,1,49187.0,49388.0,49575.0,13,6,980,1764896460,9888261765617154670,2184,2025.12.05 23:00:00,41.0,4516957738287706197,526,49187.0,49370.0,49575.0,13,6,978,1764975600
RG2_JPN225_PERIOD_M5_1764547200_1764978900_13582613236484951,17976076785092407875,699,2025.12.02 05:31:16,45.0,6314190248211853142,8206527727257224943,1,49327.0,49330.0,49332.0,2,2,192,1764653476,397501699233022908,704,2025.12.02 05:31:25,45.0,8206527727257224943,6,49322.0,49325.0,49327.0,2,2,192,1764653485
RG2_JPN225_PERIOD_M5_1764547200_1764978900_13582613236484951,7104542040238380189,541,2025.12.01 14:12:03,42.0,6381788660987318530,6116455506910075432,1,49110.0,49112.0,49115.0,2,2,68,1764598323,6637122918660950383,546,2025.12.01 14:28:30,42.0,6116455506910075432,9,49106.0,49108.0,49110.0,2,2,68,1764599310
RG2_JPN225_PERIOD_M5_1764547200_1764978900_13582613236484951,7448993514230183192,840,2025.12.03 01:00:00,44.0,6948326569374486878,13983327550971241454,1,48295.0,48636.0,48933.0,12,4,898,1764723600,13380054897692444264,1329,2025.12.03 23:00:00,46.0,13983327550971241454,734,48295.0,48636.0,48933.0,12,4,898,1764802800
RG2_JPN225_PERIOD_M5_1764547200_1764978900_13582613236484951,16379152425291669710,2160,2025.12.05 17:05:00,35.0,7057474073789200788,707238602743339796,1,49635.0,49637.0,49639.0,2,2,384,1764954300,9888261765617154670,2184,2025.12.05 23:00:00,41.0,707238602743339796,91,49635.0,49637.0,49639.0,2,2,384,1764975600
RG2_JPN225_PERIOD_M5_1764547200_1764978900_13582613236484951,2297939709301790149,850,2025.12.03 01:15:00,44.0,7598228758919778962,13495230920409962148,1,49548.0,49549.0,49549.0,2,2,80,1764724500,5983108209718354073,852,2025.12.03 01:16:10,44.0,9950263975091217156,3,49542.0,49542.0,49543.0,2,2,320,1764724570
RG2_JPN225_PERIOD_M5_1764547200_1764978900_13582613236484951,2942458746586090849,131,2025.12.01 02:11:27,36.0,7906956933956892667,13650593380056893122,1,49994.0,49995.0,49996.0,2,2,320,1764555087,6793229072528709688,133,2025.12.01 02:11:29,36.0,13650593380056893122,3,49990.0,49992.0,49994.0,2,2,320,1764555089
RG2_JPN225_PERIOD_M5_1764547200_1764978900_13582613236484951,15072835065970251140,1,2025.12.01 01:00:00,26.0,7927151279529586288,13736634947322898222,1,50760.0,50869.0,50974.0,5,3,896,1764550800,840150967844082636,584,2025.12.01 23:00:00,43.0,13736634947322898222,830,50760.0,50869.0,50974.0,5,3,896,1764630000
RG2_JPN225_PERIOD_M5_1764547200_1764978900_13582613236484951,13380054897692444264,1329,2025.12.03 23:00:00,46.0,8055497847450914140,11094721122347657983,1,49542.0,49545.0,49549.0,3,2,272,1764802800,4422730187869865497,1904,2025.12.04 23:00:00,48.0,164477574150030727,836,49545.0,49547.0,49549.0,2,1,16,1764889200
RG2_JPN225_PERIOD_M5_1764547200_1764978900_13582613236484951,2253138856900097990,564,2025.12.01 14:48:32,41.0,8373322553643990810,5672618965038971586,1,49069.0,49070.0,49072.0,2,2,320,1764600512,13597701376339891542,568,2025.12.01 14:48:57,41.0,5672618965038971586,5,49064.0,49066.0,49069.0,2,2,320,1764600537
RG2_JPN225_PERIOD_M5_1764547200_1764978900_13582613236484951,14581967672439971583,1139,2025.12.03 06:00:00,45.0,841263493019669192,14799621374884073053,1,50102.0,50124.0,50145.0,4,4,202,1764741600,1146659703991368140,1539,2025.12.04 02:44:37,40.0,16686577945574221363,611,50102.0,50117.0,50145.0,3,3,138,1764816277
RG2_JPN225_PERIOD_M5_1764547200_1764978900_13582613236484951,565399357449311535,1148,2025.12.03 10:00:00,51.0,8648044984877870256,10050754560390646603,1,49851.0,49851.0,49852.0,2,2,272,1764756000,1144783743280844448,1149,2025.12.03 10:45:00,45.0,10050754560390646603,10,49851.0,49851.0,49852.0,2,2,272,1764758700
RG2_JPN225_PERIOD_M5_1764547200_1764978900_13582613236484951,15072835065970251140,1,2025.12.01 01:00:00,26.0,8832203577411755127,7095881596312905989,1,48238.0,48576.0,48936.0,13,5,962,1764550800,15325216055089940551,470,2025.12.01 11:00:00,55.0,7095881596312905989,582,48238.0,48576.0,48936.0,13,5,962,1764586800
RG2_JPN225_PERIOD_M5_1764547200_1764978900_13582613236484951,17339354214526693107,1905,2025.12.05 01:01:00,45.0,9016035307426162127,3654903524179698658,1,51459.0,51592.0,51742.0,4,3,896,1764896460,9888261765617154670,2184,2025.12.05 23:00:00,41.0,3654903524179698658,526,51459.0,51592.0,51742.0,4,3,896,1764975600
RG2_JPN225_PERIOD_M5_1764547200_1764978900_13582613236484951,4147021289448899164,835,2025.12.02 19:00:00,41.0,9106552412202228864,2928605119314720815,1,48967.0,48996.0,49028.0,2,2,192,1764702000,7808987507690401163,839,2025.12.02 23:00:00,46.0,2928605119314720815,49,48967.0,48996.0,49028.0,2,2,192,1764716400
RG2_JPN225_PERIOD_M5_1764547200_1764978900_13582613236484951,10666158592617870535,273,2025.12.01 02:46:02,42.0,9218777805027200579,1898032532602663690,1,49609.0,49610.0,49611.0,2,2,320,1764557162,8402389388020728181,274,2025.12.01 02:46:02,42.0,1898032532602663690,2,49607.0,49608.0,49609.0,2,2,320,1764557162
RG2_JPN225_PERIOD_M5_1764547200_1764978900_13582613236484951,715317003390628464,868,2025.12.03 02:00:00,45.0,9617045814553219817,17238179546469785996,1,49526.0,49546.0,49558.0,3,2,18,1764727200,6350995934613151283,1321,2025.12.03 16:10:16,37.0,5628514244825642914,611,49541.0,49551.0,49567.0,2,2,18,1764778216
RG2_JPN225_PERIOD_M5_1764547200_1764978900_13582613236484951,7448993514230183192,840,2025.12.03 01:00:00,44.0,9700210016930422048,1941428602035060172,1,50173.0,50175.0,50177.0,2,2,384,1764723600,9888261765617154670,2184,2025.12.05 23:00:00,41.0,1941428602035060172,2105,50173.0,50175.0,50177.0,2,2,384,1764975600
RG2_JPN225_PERIOD_M5_1764547200_1764978900_13582613236484951,4557774318030982929,2145,2025.12.05 16:45:00,35.0,9858395283707300241,707238602743339796,1,49635.0,49637.0,49639.0,2,2,384,1764953100,4557774318030982929,2145,2025.12.05 16:45:00,35.0,707238602743339796,1,49635.0,49637.0,49639.0,2,2,384,1764953100
RG2_JPN225_PERIOD_M5_1764547200_1764978900_13582613236484951,2523932421437535936,1165,2025.12.03 16:04:28,34.0,9923885155380431775,6951574968192400215,1,49495.0,49496.0,49496.0,2,2,192,1764777868,3881374532088417475,1167,2025.12.03 16:04:35,34.0,6951574968192400215,3,49493.0,49495.0,49496.0,2,2,192,1764777875
RG2_JPN225_PERIOD_M5_1764547200_1764978900_13582613236484951,16139259927715226024,314,2025.12.01 03:06:39,45.0,9942323823611485073,5557208343594649431,1,49496.0,49498.0,49499.0,2,2,192,1764558399,11162992176059773986,321,2025.12.01 03:07:53,45.0,5557208343594649431,8,49491.0,49494.0,49496.0,2,2,192,1764558473
RG2_JPN225_PERIOD_M5_1766966400_1767398100_17845446579741474672,14664671567492328219,786,2026.01.02 03:38:36,37.0,10058467808541209387,2726959380465635345,1,50650.0,50652.0,50654.0,2,2,192,1767325116,737994881646404667,788,2026.01.02 03:40:40,37.0,2726959380465635345,4,50654.0,50656.0,50658.0,2,2,192,1767325240
RG2_JPN225_PERIOD_M5_1766966400_1767398100_17845446579741474672,711825113772717565,382,2025.12.30 07:00:00,39.0,10166185471120381435,8139005030056407221,1,50330.0,50332.0,50334.0,2,2,272,1767078000,711825113772717565,382,2025.12.30 07:00:00,39.0,8139005030056407221,1,50330.0,50332.0,50334.0,2,2,272,1767078000
RG2_JPN225_PERIOD_M5_1766966400_1767398100_17845446579741474672,8348782688232643656,1092,2026.01.02 17:05:00,33.0,1045452523269724919,18443930343138234165,1,50334.0,50336.0,50338.0,2,2,272,1767373500,3829433278592335836,1100,2026.01.02 23:00:00,53.0,18443930343138234165,69,50334.0,50336.0,50338.0,2,2,272,1767394800
RG2_JPN225_PERIOD_M5_1766966400_1767398100_17845446579741474672,16540233741177612578,768,2026.01.02 02:17:51,37.0,1048808215892375464,17897357140206672350,1,50611.0,50613.0,50615.0,2,2,320,1767320271,5893201918360924720,771,2026.01.02 02:18:00,37.0,17897357140206672350,4,50615.0,50617.0,50619.0,2,2,320,1767320280
RG2_JPN225_PERIOD_M5_1766966400_1767398100_17845446579741474672,17893125028715031632,1,2025.12.29 01:01:00,25.0,10730053094931616028,1083781770015244429,1,50636.0,50652.0,50664.0,4,4,154,1766970060,17071656739554456884,695,2025.12.31 20:57:36,29.0,10520859303813826115,1423,50625.0,50645.0,50656.0,3,3,138,1767214656
RG2_JPN225_PERIOD_M5_1766966400_1767398100_17845446579741474672,17893125028715031632,1,2025.12.29 01:01:00,25.0,10894622782212932824,2155371862408441523,1,50409.0,50410.0,50411.0,2,2,272,1766970060,7337607202547080082,341,2025.12.30 02:58:36,32.0,14597395093922881474,613,50389.0,50402.0,50410.0,2,2,18,1767063516
RG2_JPN225_PERIOD_M5_1766966400_1767398100_17845446579741474672,6628266422141160713,162,2025.12.29 10:04:38,48.0,10898562418706756000,1670176146665374468,1,50334.0,50336.0,50338.0,2,2,320,1767002678,17723138029996398890,165,2025.12.29 10:05:33,48.0,1670176146665374468,6,50331.0,50333.0,50334.0,2,2,320,1767002733
RG2_JPN225_PERIOD_M5_1766966400_1767398100_17845446579741474672,7533661662386313710,722,2026.01.02 01:15:44,36.0,1096112386597056322,15189159896646003281,1,50456.0,50457.0,50458.0,2,2,192,1767316544,7027831243765389570,723,2026.01.02 01:15:50,36.0,15189159896646003281,2,50458.0,50459.0,50459.0,2,2,192,1767316550
RG2_JPN225_PERIOD_M5_1766966400_1767398100_17845446579741474672,8649104364842109446,299,2025.12.30 02:00:38,29.0,11321809034750523390,10926393969610383441,1,50376.0,50377.0,50378.0,2,2,192,1767060038,5491368234222753272,301,2025.12.30 02:00:39,29.0,10926393969610383441,3,50378.0,50379.0,50380.0,2,2,192,1767060039
RG2_JPN225_PERIOD_M5_1766966400_1767398100_17845446579741474672,7944650873327464525,570,2025.12.31 16:40:00,21.0,11598941414817146900,30201994623596471,1,50765.0,50993.0,51245.0,26,4,960,1767199200,3829433278592335836,1100,2026.01.02 23:00:00,53.0,9019096419709127764,865,50765.0,50998.0,51245.0,26,4,912,1767394800
RG2_JPN225_PERIOD_M5_1766966400_1767398100_17845446579741474672,1851672884579085592,21,2025.12.29 01:40:00,28.0,11603740589435631059,12282784850222605076,1,50490.0,50492.0,50493.0,2,2,384,1766972400,421255221432808948,388,2025.12.30 12:00:00,31.0,12282784850222605076,727,50490.0,50492.0,50493.0,2,2,384,1767096000
RG2_JPN225_PERIOD_M5_1766966400_1767398100_17845446579741474672,11819300717438460892,391,2025.12.30 14:00:00,27.0,11791819766424183577,2419258490171982931,1,50493.0,50494.0,50495.0,2,2,144,1767103200,6278937652626546516,392,2025.12.30 14:40:00,25.0,2419258490171982931,9,50493.0,50494.0,50495.0,2,2,144,1767105600
RG2_JPN225_PERIOD_M5_1766966400_1767398100_17845446579741474672,4464036839325032283,342,2025.12.30 03:00:00,32.0,12034633960490885149,9540130289517407567,1,50334.0,50335.0,50335.0,2,2,272,1767063600,13145558234685986732,346,2025.12.30 03:45:36,33.0,9540130289517407567,14,50334.0,50335.0,50335.0,2,2,272,1767066336
RG2_JPN225_PERIOD_M5_1766966400_1767398100_17845446579741474672,2852850981363925297,418,2025.12.30 16:56:16,22.0,12397261966643890547,6433214069057258462,1,50587.0,50588.0,50590.0,2,2,320,1767113776,8822660743042023084,421,2025.12.30 16:56:27,22.0,6433214069057258462,4,50590.0,50591.0,50592.0,2,2,320,1767113787
RG2_JPN225_PERIOD_M5_1766966400_1767398100_17845446579741474672,10851270953299206815,242,2025.12.29 18:00:00,34.0,12446389250553117356,11829451643613404783,1,49901.0,49902.0,49903.0,2,2,260,1767031200,11881443182082317141,259,2025.12.29 20:00:00,32.0,11829451643613404783,39,49903.0,49904.0,49904.0,2,2,260,1767038400
RG2_JPN225_PERIOD_M5_1766966400_1767398100_17845446579741474672,3479588808443319440,735,2026.01.02 02:00:00,37.0,12633145979062069025,5133995448209104465,1,50534.0,50534.0,50534.0,2,2,80,1767319200,2377176196367438907,744,2026.01.02 02:00:30,37.0,7772683437409773022,10,50550.0,50551.0,50553.0,2,2,320,1767319230
RG2_JPN225_PERIOD_M5_1766966400_1767398100_17845446579741474672,603123238277791359,512,2025.12.31 02:08:00,23.0,1265390804675046218,1058579205362637943,1,50429.0,50430.0,50431.0,2,2,192,1767146880,603123238277791359,512,2025.12.31 02:08:00,23.0,1058579205362637943,1,50429.0,50430.0,50431.0,2,2,192,1767146880
RG2_JPN225_PERIOD_M5_1766966400_1767398100_17845446579741474672,6880874966336264387,15,2025.12.29 01:10:00,26.0,12832306756944452619,13941706658063203678,1,50599.0,50601.0,50602.0,2,2,384,1766970600,11819300717438460892,391,2025.12.30 14:00:00,27.0,13941706658063203678,761,50599.0,50601.0,50602.0,2,2,384,1767103200
RG2_JPN225_PERIOD_M5_1766966400_1767398100_17845446579741474672,2586226476860787134,155,2025.12.29 07:20:00,46.0,12981651400556008395,17309389954147153246,1,50378.0,50381.0,50384.0,2,2,384,1766992800,11147433024738175514,177,2025.12.29 10:12:31,48.0,17309389954147153246,57,50378.0,50381.0,50384.0,2,2,384,1767003151
RG2_JPN225_PERIOD_M5_1766966400_1767398100_17845446579741474672,17893125028715031632,1,2025.12.29 01:01:00,25.0,13177009471963892429,7079832490047613635,1,49648.0,49670.0,49688.0,2,2,130,1766970060,4536511401512569889,390,2025.12.30 13:00:00,28.0,7079832490047613635,765,49659.0,49674.0,49695.0,2,2,130,1767099600
RG2_JPN225_PERIOD_M5_1766966400_1767398100_17845446579741474672,7570786344698737053,131,2025.12.29 02:03:40,29.0,13516159085896896616,17069340933441817348,1,50384.0,50384.0,50385.0,2,2,320,1766973820,16188012476154471908,135,2025.12.29 02:04:30,29.0,5167798894294430607,5,50376.0,50377.0,50378.0,2,2,192,1766973870
RG2_JPN225_PERIOD_M5_1766966400_1767398100_17845446579741474672,2175953183302212046,491,2025.12.31 01:05:00,22.0,13562447066468508338,30201994623596471,1,50765.0,50993.0,51245.0,26,4,960,1767143100,3088108927811305438,563,2025.12.31 13:00:00,22.0,30201994623596471,210,50765.0,50993.0,51245.0,26,4,960,1767186000
RG2_JPN225_PERIOD_M5_1766966400_1767398100_17845446579741474672,11232836691223736522,729,2026.01.02 01:34:16,36.0,13679522936240708999,12426867528371666769,1,50501.0,50503.0,50505.0,2,2,80,1767317656,3366853638948492525,730,2026.01.02 01:34:27,36.0,12426867528371666769,2,50505.0,50506.0,50506.0,2,2,80,1767317667
RG2_JPN225_PERIOD_M5_1766966400_1767398100_17845446579741474672,15897841484425785858,809,2026.01.02 04:00:28,37.0,13829447295806022082,18232326285256908817,1,50718.0,50720.0,50721.0,2,2,192,1767326428,13303153047577833046,811,2026.01.02 04:00:36,37.0,18232326285256908817,3,50721.0,50722.0,50723.0,2,2,192,1767326436
RG2_JPN225_PERIOD_M5_1766966400_1767398100_17845446579741474672,17890021262797493834,488,2025.12.31 01:04:00,21.0,13900097972797502164,1334280358030586965,1,49979.0,50136.0,50292.0,23,7,982,1767143040,14050551582052465870,706,2025.12.31 23:00:00,35.0,15728536071367541492,465,49979.0,50147.0,50292.0,24,7,982,1767222000
RG2_JPN225_PERIOD_M5_1766966400_1767398100_17845446579741474672,9040671288059438856,538,2025.12.31 08:00:00,27.0,13920082066604698780,13837853429655167213,1,50365.0,50366.0,50366.0,2,1,16,1767168000,4585363825212258667,560,2025.12.31 10:39:43,26.0,13837853429655167213,54,50365.0,50366.0,50366.0,2,1,16,1767177583
RG2_JPN225_PERIOD_M5_1766966400_1767398100_17845446579741474672,13582166476892945832,756,2026.01.02 02:01:15,37.0,1436612837011360111,10590367583526827486,1,50589.0,50589.0,50590.0,2,2,320,1767319275,34049564776538507,762,2026.01.02 02:17:24,37.0,13728788615204729809,11,50597.0,50599.0,50600.0,2,2,80,1767320244
RG2_JPN225_PERIOD_M5_1766966400_1767398100_17845446579741474672,17890021262797493834,488,2025.12.31 01:04:00,21.0,14386133896242680835,12840766998053636263,1,50765.0,50933.0,51108.0,20,4,960,1767143040,3527496111634683691,490,2025.12.31 01:04:25,21.0,12840766998053636263,3,50765.0,50933.0,51108.0,20,4,960,1767143065
RG2_JPN225_PERIOD_M5_1766966400_1767398100_17845446579741474672,10851270953299206815,242,2025.12.29 18:00:00,34.0,14435090265053354583,9728017860186511853,1,50302.0,50303.0,50303.0,2,1,16,1767031200,10851270953299206815,242,2025.12.29 18:00:00,34.0,9728017860186511853,1,50302.0,50303.0,50303.0,2,1,16,1767031200
RG2_JPN225_PERIOD_M5_1766966400_1767398100_17845446579741474672,4390226351587205241,487,2025.12.30 23:00:00,22.0,14621538908901178246,7662387388353223313,1,50599.0,50601.0,50602.0,3,3,400,1767135600,14050551582052465870,706,2025.12.31 23:00:00,35.0,7493671840572349308,477,50597.0,50598.0,50599.0,2,2,272,1767222000
RG2_JPN225_PERIOD_M5_1766966400_1767398100_17845446579741474672,10692141926591156513,499,2025.12.31 01:05:31,22.0,14732764921631968933,12950416355697806929,1,50493.0,50493.0,50493.0,2,2,192,1767143131,10692141926591156513,499,2025.12.31 01:05:31,22.0,12950416355697806929,1,50493.0,50493.0,50493.0,2,2,192,1767143131
RG2_JPN225_PERIOD_M5_1766966400_1767398100_17845446579741474672,16536682767874652662,54,2025.12.29 02:00:39,29.0,14797747326376255485,4460864538767775548,1,50583.0,50585.0,50586.0,2,2,80,1766973639,6560585233094823731,56,2025.12.29 02:01:17,29.0,4460864538767775548,3,50581.0,50582.0,50583.0,2,2,80,1766973677
RG2_JPN225_PERIOD_M5_1766966400_1767398100_17845446579741474672,4627219482588443095,754,2026.01.02 02:01:02,37.0,15131310744814802800,13835406334381367821,1,50641.0,50641.0,50642.0,2,2,136,1767319262,3829433278592335836,1100,2026.01.02 23:00:00,53.0,13835406334381367821,583,50641.0,50641.0,50642.0,2,2,136,1767394800
RG2_JPN225_PERIOD_M5_1766966400_1767398100_17845446579741474672,4390226351587205241,487,2025.12.30 23:00:00,22.0,15168949621215126235,13306632494416636451,1,49659.0,49674.0,49695.0,2,2,130,1767135600,4390226351587205241,487,2025.12.30 23:00:00,22.0,13306632494416636451,1,49659.0,49674.0,49695.0,2,2,130,1767135600
RG2_JPN225_PERIOD_M5_1766966400_1767398100_17845446579741474672,2818769572760220020,1086,2026.01.02 12:00:00,29.0,15273393348460080306,5133995448209104465,1,51306.0,51306.0,51306.0,2,2,80,1767355200,6381951585727736058,1093,2026.01.02 17:35:00,39.0,5133995448209104465,66,51306.0,51306.0,51306.0,2,2,80,1767375300
RG2_JPN225_PERIOD_M5_1766966400_1767398100_17845446579741474672,3479588808443319440,735,2026.01.02 02:00:00,37.0,1547713739998923105,9571979059839366820,1,50431.0,50432.0,50432.0,2,2,144,1767319200,9769872802859005723,778,2026.01.02 02:30:00,37.0,9571979059839366820,50,50431.0,50432.0,50432.0,2,2,144,1767321000
RG2_JPN225_PERIOD_M5_1766966400_1767398100_17845446579741474672,17893125028715031632,1,2025.12.29 01:01:00,25.0,15556206366720526976,10085199822507335828,1,50723.0,50819.0,50924.0,13,5,976,1766970060,8433108128323215373,262,2025.12.29 23:00:00,31.0,10085199822507335828,500,50723.0,50827.0,50924.0,13,5,976,1767049200
RG2_JPN225_PERIOD_M5_1766966400_1767398100_17845446579741474672,14183719260874614862,820,2026.01.02 04:04:02,37.0,16341301177072017582,14454951888954950673,1,50752.0,50754.0,50756.0,2,2,192,1767326642,13538341863793957522,821,2026.01.02 04:04:04,37.0,14454951888954950673,2,50756.0,50756.0,50757.0,2,2,192,1767326644
RG2_JPN225_PERIOD_M5_1766966400_1767398100_17845446579741474672,4080751019062928938,544,2025.12.31 10:34:38,26.0,16437827083999218161,15185776286982229764,1,50334.0,50335.0,50335.0,2,2,320,1767177278,8852250273918561164,546,2025.12.31 10:35:12,26.0,15185776286982229764,5,50331.0,50333.0,50334.0,2,2,320,1767177312
RG2_JPN225_PERIOD_M5_1766966400_1767398100_17845446579741474672,17893125028715031632,1,2025.12.29 01:01:00,25.0,16718606501253948636,11056038368172750907,1,48869.0,49094.0,49245.0,4,4,898,1766970060,8433108128323215373,262,2025.12.29 23:00:00,31.0,11056038368172750907,500,48869.0,49094.0,49245.0,4,4,898,1767049200
RG2_JPN225_PERIOD_M5_1766966400_1767398100_17845446579741474672,4232856507282722997,423,2025.12.30 16:56:36,22.0,16742942574286176998,14044570517150747614,1,50597.0,50598.0,50599.0,2,2,320,1767113796,13249092691378213106,427,2025.12.30 17:49:03,22.0,18421203839660728849,14,50602.0,50603.0,50603.0,2,2,192,1767116943
RG2_JPN225_PERIOD_M5_1766966400_1767398100_17845446579741474672,17893125028715031632,1,2025.12.29 01:01:00,25.0,16965242933217174455,11623730960983683990,1,49792.0,49792.0,49793.0,2,2,384,1766970060,4390226351587205241,487,2025.12.30 23:00:00,22.0,11623730960983683990,981,49792.0,49792.0,49793.0,2,2,384,1767135600
RG2_JPN225_PERIOD_M5_1766966400_1767398100_17845446579741474672,2915242110827675242,636,2025.12.31 20:27:59,28.0,17005027874059192874,13110224473491942878,1,50614.0,50615.0,50615.0,2,2,320,1767212879,11274729060753652114,640,2025.12.31 20:28:36,28.0,13110224473491942878,5,50615.0,50617.0,50618.0,2,2,320,1767212916
RG2_JPN225_PERIOD_M5_1766966400_1767398100_17845446579741474672,2862104260508138736,451,2025.12.30 18:16:32,23.0,1726580205082824633,6022354939105527423,1,50639.0,50640.0,50641.0,2,2,72,1767118592,13578260852348030692,454,2025.12.30 18:17:43,23.0,6022354939105527423,4,50641.0,50642.0,50643.0,2,2,72,1767118663
RG2_JPN225_PERIOD_M5_1766966400_1767398100_17845446579741474672,17893125028715031632,1,2025.12.29 01:01:00,25.0,17380553371136447882,6150364931826110304,1,50994.0,51114.0,51244.0,10,3,896,1766970060,8433108128323215373,262,2025.12.29 23:00:00,31.0,6150364931826110304,500,50994.0,51114.0,51244.0,10,3,896,1767049200
RG2_JPN225_PERIOD_M5_1766966400_1767398100_17845446579741474672,17365626726306525505,176,2025.12.29 10:12:29,48.0,17410927006376246716,8986446766628528700,1,50302.0,50304.0,50306.0,2,2,80,1767003149,4360634068900187690,181,2025.12.29 10:49:59,41.0,8986446766628528700,13,50298.0,50300.0,50302.0,2,2,80,1767005399
RG2_JPN225_PERIOD_M5_1766966400_1767398100_17845446579741474672,6269315138344582447,567,2025.12.31 16:00:00,21.0,17690412855273244071,30201994623596471,1,50765.0,50993.0,51245.0,26,4,960,1767196800,6269315138344582447,567,2025.12.31 16:00:00,21.0,30201994623596471,1,50765.0,50993.0,51245.0,26,4,960,1767196800
RG2_JPN225_PERIOD_M5_1766966400_1767398100_17845446579741474672,15140130558146028556,508,2025.12.31 01:27:30,22.0,18231926103947402665,3067668865954548817,1,50543.0,50544.0,50545.0,2,2,80,1767144450,8002412790044617573,568,2025.12.31 16:05:00,21.0,3067668865954548817,222,50543.0,50544.0,50545.0,2,2,80,1767197100
RG2_JPN225_PERIOD_M5_1766966400_1767398100_17845446579741474672,14308808033820026034,524,2025.12.31 03:00:37,23.0,18241993426719714810,15490557893848392452,1,50370.0,50370.0,50371.0,2,2,320,1767150037,805849580733322612,527,2025.12.31 04:00:00,23.0,7844166188828989756,13,50364.0,50365.0,50366.0,2,2,80,1767153600
RG2_JPN225_PERIOD_M5_1766966400_1767398100_17845446579741474672,3829433278592335836,1100,2026.01.02 23:00:00,53.0,18260456782503839544,6499431728194965638,1,50456.0,50457.0,50458.0,2,2,132,1767394800,3829433278592335836,1100,2026.01.02 23:00:00,53.0,6499431728194965638,1,50456.0,50457.0,50458.0,2,2,132,1767394800
RG2_JPN225_PERIOD_M5_1766966400_1767398100_17845446579741474672,8468124732865589162,153,2025.12.29 06:00:00,43.0,18269345265245350076,1928559785762009410,1,50698.0,50701.0,50705.0,3,2,144,1766988000,2586226476860787134,155,2025.12.29 07:20:00,46.0,13316143427056850067,16,50705.0,50705.0,50705.0,2,2,144,1766992800
RG2_JPN225_PERIOD_M5_1766966400_1767398100_17845446579741474672,4881459046830283825,483,2025.12.30 19:00:00,23.0,201148074980101421,13630149163919854240,1,50443.0,50444.0,50445.0,2,2,144,1767121200,3829433278592335836,1100,2026.01.02 23:00:00,53.0,14394675674315926387,1179,50443.0,50444.0,50445.0,3,2,144,1767394800
RG2_JPN225_PERIOD_M5_1766966400_1767398100_17845446579741474672,1692930823655516611,383,2025.12.30 08:00:00,41.0,208830874062659106,14270099469355071498,1,50431.0,50432.0,50432.0,2,2,144,1767081600,3076984272992589799,384,2025.12.30 09:00:00,42.0,14270099469355071498,13,50427.0,50429.0,50431.0,2,2,144,1767085200
RG2_JPN225_PERIOD_M5_1766966400_1767398100_17845446579741474672,421255221432808948,388,2025.12.30 12:00:00,31.0,2293854542566778941,14597395093922881474,1,50389.0,50402.0,50410.0,2,2,18,1767096000,5080477237854884269,534,2025.12.31 04:55:34,25.0,3958160171377202178,333,50389.0,50402.0,50410.0,3,2,18,1767156934
RG2_JPN225_PERIOD_M5_1766966400_1767398100_17845446579741474672,4456149763814766516,804,2026.01.02 04:00:00,37.0,2574720358124523235,6146747986905423755,1,50543.0,50547.0,50550.0,3,2,272,1767326400,11014283327512722944,838,2026.01.02 04:56:34,36.0,6146747986905423755,44,50543.0,50547.0,50550.0,3,2,272,1767329794
RG2_JPN225_PERIOD_M5_1766966400_1767398100_17845446579741474672,16384937856049043459,263,2025.12.30 01:02:00,29.0,290412883394439301,7831841274773441297,1,49808.0,50070.0,50292.0,31,7,982,1767056520,6851808934694195391,292,2025.12.30 01:45:40,29.0,7831841274773441297,39,49808.0,50068.0,50292.0,31,7,982,1767059140
RG2_JPN225_PERIOD_M5_1766966400_1767398100_17845446579741474672,13224491387613982831,1097,2026.01.02 21:00:00,48.0,2926758259048017726,10430104752634912262,1,50431.0,50432.0,50433.0,2,2,132,1767387600,8507462186945420374,1098,2026.01.02 21:30:00,50.0,10430104752634912262,7,50431.0,50432.0,50433.0,2,2,132,1767389400
RG2_JPN225_PERIOD_M5_1766966400_1767398100_17845446579741474672,17531497041297027996,261,2025.12.29 22:00:00,31.0,2963340822256221437,1322628803027377404,1,50549.0,50549.0,50550.0,2,2,272,1767045600,8433108128323215373,262,2025.12.29 23:00:00,31.0,1322628803027377404,13,50546.0,50548.0,50550.0,2,2,272,1767049200
RG2_JPN225_PERIOD_M5_1766966400_1767398100_17845446579741474672,16387160722364145082,425,2025.12.30 17:00:00,22.0,2994193933745073423,16932961031371201432,1,50533.0,50547.0,50564.0,3,3,274,1767114000,4881459046830283825,483,2025.12.30 19:00:00,23.0,6862833129320750771,88,50533.0,50551.0,50564.0,4,3,274,1767121200
RG2_JPN225_PERIOD_M5_1766966400_1767398100_17845446579741474672,522559083270934199,20,2025.12.29 01:20:00,27.0,302272039610415520,6786381757792769316,1,50977.0,50979.0,50981.0,2,2,384,1766971200,8433108128323215373,262,2025.12.29 23:00:00,31.0,6786381757792769316,478,50977.0,50979.0,50981.0,2,2,384,1767049200
RG2_JPN225_PERIOD_M5_1766966400_1767398100_17845446579741474672,1128749425018777444,157,2025.12.29 09:00:00,50.0,305872407457827074,1780170535714899590,1,50439.0,50442.0,50445.0,2,2,144,1766998800,9605323829091340016,187,2025.12.29 10:52:05,40.0,13507840979890570404,55,50427.0,50429.0,50431.0,2,2,144,1767005525
RG2_JPN225_PERIOD_M5_1766966400_1767398100_17845446579741474672,2388386004246443635,707,2026.01.02 01:01:00,36.0,3070596887872951215,5075008631329078737,1,50151.0,50218.0,50292.0,11,5,964,1767315660,3829433278592335836,1100,2026.01.02 23:00:00,53.0,4656739742818839015,644,50151.0,50227.0,50298.0,11,4,960,1767394800
RG2_JPN225_PERIOD_M5_1766966400_1767398100_17845446579741474672,17893125028715031632,1,2025.12.29 01:01:00,25.0,3595038773691242984,8788881572121453126,1,50418.0,50431.0,50453.0,3,2,192,1766970060,786321514105383120,147,2025.12.29 02:04:42,29.0,8788881572121453126,156,50418.0,50431.0,50453.0,3,2,192,1766973882
RG2_JPN225_PERIOD_M5_1766966400_1767398100_17845446579741474672,8859416438490214744,61,2025.12.29 02:01:19,29.0,3614638724570769896,176911657785952962,1,50565.0,50566.0,50567.0,2,2,320,1766973679,15951579618304247544,62,2025.12.29 02:01:19,29.0,176911657785952962,2,50564.0,50564.0,50565.0,2,2,320,1766973679
RG2_JPN225_PERIOD_M5_1766966400_1767398100_17845446579741474672,2388386004246443635,707,2026.01.02 01:01:00,36.0,368853637476234135,9515573727143166328,1,49953.0,50038.0,50126.0,12,4,898,1767315660,3829433278592335836,1100,2026.01.02 23:00:00,53.0,9515573727143166328,644,49953.0,50038.0,50126.0,12,4,898,1767394800
RG2_JPN225_PERIOD_M5_1766966400_1767398100_17845446579741474672,3904448959135868967,800,2026.01.02 03:50:25,37.0,4176331155414420049,17949638548002364925,1,50698.0,50698.0,50698.0,2,2,192,1767325825,345452867640485261,805,2026.01.02 04:00:17,37.0,5133995448209104465,7,50707.0,50708.0,50709.0,2,2,80,1767326417
RG2_JPN225_PERIOD_M5_1766966400_1767398100_17845446579741474672,15963905692465523406,666,2025.12.31 20:45:34,29.0,4440716533727992371,2320330338141670939,1,50676.0,50679.0,50682.0,2,1,64,1767213934,472704649668754127,672,2025.12.31 20:47:33,29.0,2320330338141670939,7,50679.0,50683.0,50683.0,2,1,64,1767214053
RG2_JPN225_PERIOD_M5_1766966400_1767398100_17845446579741474672,805849580733322612,527,2025.12.31 04:00:00,23.0,4466990315420649475,7037370564785518389,1,50384.0,50384.0,50384.0,2,2,272,1767153600,5080477237854884269,534,2025.12.31 04:55:34,25.0,7037370564785518389,20,50384.0,50384.0,50384.0,2,2,272,1767156934
RG2_JPN225_PERIOD_M5_1766966400_1767398100_17845446579741474672,5997323533131166572,535,2025.12.31 05:00:00,25.0,447531896472625797,13837853429655167213,1,50364.0,50365.0,50366.0,2,1,16,1767157200,5997323533131166572,535,2025.12.31 05:00:00,25.0,13837853429655167213,1,50364.0,50365.0,50366.0,2,1,16,1767157200
RG2_JPN225_PERIOD_M5_1766966400_1767398100_17845446579741474672,2388386004246443635,707,2026.01.02 01:01:00,36.0,4711529715886773063,7426886715956357855,1,50387.0,50388.0,50389.0,3,2,80,1767315660,3829433278592335836,1100,2026.01.02 23:00:00,53.0,4844974563566442822,644,50387.0,50388.0,50389.0,2,2,80,1767394800
RG2_JPN225_PERIOD_M5_1766966400_1767398100_17845446579741474672,5002172008191090785,489,2025.12.31 01:04:08,21.0,4787932238589976471,15564565147483952721,1,50458.0,50459.0,50459.0,2,2,192,1767143048,5002172008191090785,489,2025.12.31 01:04:08,21.0,15564565147483952721,1,50458.0,50459.0,50459.0,2,2,192,1767143048
RG2_JPN225_PERIOD_M5_1766966400_1767398100_17845446579741474672,1343429532158347230,348,2025.12.30 05:00:00,35.0,5209255810978020623,14597395093922881474,1,50389.0,50402.0,50410.0,2,2,18,1767070800,3076984272992589799,384,2025.12.30 09:00:00,42.0,14597395093922881474,76,50389.0,50402.0,50410.0,2,2,18,1767085200
RG2_JPN225_PERIOD_M5_1766966400_1767398100_17845446579741474672,12482727207709472861,326,2025.12.30 02:52:30,32.0,5413413264424779639,7585536383151205457,1,50443.0,50444.0,50445.0,2,2,192,1767063150,6480882653217102622,327,2025.12.30 02:53:01,32.0,7585536383151205457,2,50445.0,50445.0,50446.0,2,2,192,1767063181
RG2_JPN225_PERIOD_M5_1766966400_1767398100_17845446579741474672,12111924803247751718,623,2025.12.31 20:12:59,28.0,5656777452175338681,10325353868507668958,1,50589.0,50589.0,50590.0,2,2,320,1767211979,7739555614909564481,624,2025.12.31 20:13:20,28.0,10325353868507668958,2,50590.0,50590.0,50590.0,2,2,320,1767212000
RG2_JPN225_PERIOD_M5_1766966400_1767398100_17845446579741474672,5997323533131166572,535,2025.12.31 05:00:00,25.0,5668056175845617752,5658033786020309635,1,50474.0,50475.0,50476.0,2,2,144,1767157200,5997323533131166572,535,2025.12.31 05:00:00,25.0,5658033786020309635,1,50474.0,50475.0,50476.0,2,2,144,1767157200
RG2_JPN225_PERIOD_M5_1766966400_1767398100_17845446579741474672,15370294657879492329,518,2025.12.31 02:36:05,23.0,5695996196208222701,18360895506868852484,1,50384.0,50384.0,50385.0,2,2,320,1767148565,14435067441545809160,521,2025.12.31 03:00:27,23.0,18360895506868852484,9,50381.0,50382.0,50384.0,2,2,320,1767150027
RG2_JPN225_PERIOD_M5_1766966400_1767398100_17845446579741474672,2393659783236777079,564,2025.12.31 13:40:00,21.0,573508067159972105,12840766998053636263,1,50765.0,50933.0,51108.0,20,4,960,1767188400,711668275423783028,569,2025.12.31 16:35:14,21.0,12840766998053636263,34,50765.0,50933.0,51108.0,20,4,960,1767198914
RG2_JPN225_PERIOD_M5_1766966400_1767398100_17845446579741474672,8841689593541526788,293,2025.12.30 02:00:00,29.0,5826318268561121479,562724479506371025,1,50363.0,50363.0,50363.0,2,2,80,1767060000,17927448186610429945,294,2025.12.30 02:00:36,29.0,562724479506371025,3,50363.0,50364.0,50365.0,2,2,80,1767060036
RG2_JPN225_PERIOD_M5_1766966400_1767398100_17845446579741474672,18024216485429869421,190,2025.12.29 13:00:00,34.0,6041633702799828595,13316143427056850067,1,50705.0,50705.0,50705.0,2,2,144,1767013200,18024216485429869421,190,2025.12.29 13:00:00,34.0,13316143427056850067,1,50705.0,50705.0,50705.0,2,2,144,1767013200
RG2_JPN225_PERIOD_M5_1766966400_1767398100_17845446579741474672,13151668243750388864,814,2026.01.02 04:03:21,37.0,609914088896373788,10359158199556758555,1,50733.0,50735.0,50736.0,2,1,64,1767326601,2616498579942052475,815,2026.01.02 04:03:30,37.0,10359158199556758555,2,50734.0,50737.0,50737.0,2,1,64,1767326610
RG2_JPN225_PERIOD_M5_1766966400_1767398100_17845446579741474672,17893125028715031632,1,2025.12.29 01:01:00,25.0,6364632674728717863,16074962447757572143,1,49913.0,50113.0,50292.0,22,5,962,1766970060,8433108128323215373,262,2025.12.29 23:00:00,31.0,15822278009037078985,500,49913.0,50104.0,50292.0,24,7,982,1767049200
RG2_JPN225_PERIOD_M5_1766966400_1767398100_17845446579741474672,17893125028715031632,1,2025.12.29 01:01:00,25.0,6599415756131122309,12803846620918046358,1,50943.0,50960.0,50964.0,2,2,320,1766970060,4390226351587205241,487,2025.12.30 23:00:00,22.0,14141660174532589475,981,50721.0,50953.0,51244.0,28,5,976,1767135600
RG2_JPN225_PERIOD_M5_1766966400_1767398100_17845446579741474672,3463372747337828215,603,2025.12.31 19:00:00,26.0,6756669585357911734,7913955542949251027,1,50458.0,50458.0,50458.0,2,2,144,1767207600,3463372747337828215,603,2025.12.31 19:00:00,26.0,7913955542949251027,1,50458.0,50458.0,50458.0,2,2,144,1767207600
RG2_JPN225_PERIOD_M5_1766966400_1767398100_17845446579741474672,711825113772717565,382,2025.12.30 07:00:00,39.0,7031947586987326814,15185333284290733391,1,50384.0,50384.0,50384.0,2,2,272,1767078000,711825113772717565,382,2025.12.30 07:00:00,39.0,15185333284290733391,1,50384.0,50384.0,50384.0,2,2,272,1767078000
RG2_JPN225_PERIOD_M5_1766966400_1767398100_17845446579741474672,17890021262797493834,488,2025.12.31 01:04:00,21.0,7156368313125096157,3185302894693812079,1,49808.0,49876.0,49940.0,7,3,896,1767143040,3829433278592335836,1100,2026.01.02 23:00:00,53.0,2864267833389438336,1120,49807.0,49871.0,49940.0,7,3,896,1767394800
RG2_JPN225_PERIOD_M5_1766966400_1767398100_17845446579741474672,7376639810029604911,536,2025.12.31 06:00:30,26.0,7446284399841303055,7913955542949251027,1,50458.0,50459.0,50459.0,2,2,144,1767160830,7376639810029604911,536,2025.12.31 06:00:30,26.0,7913955542949251027,1,50458.0,50459.0,50459.0,2,2,144,1767160830
RG2_JPN225_PERIOD_M5_1766966400_1767398100_17845446579741474672,8841689593541526788,293,2025.12.30 02:00:00,29.0,7465173805776653128,7773786663808662471,1,49808.0,50079.0,50292.0,33,7,982,1767060000,4390226351587205241,487,2025.12.30 23:00:00,22.0,10317338276746041281,429,49808.0,50071.0,50292.0,31,7,982,1767135600
RG2_JPN225_PERIOD_M5_1766966400_1767398100_17845446579741474672,3293436023654127634,682,2025.12.31 20:50:14,29.0,7482845139413349514,15731398290227710461,1,50696.0,50697.0,50698.0,2,2,192,1767214214,9704182302247525482,688,2025.12.31 20:50:36,29.0,14612013775039712273,7,50705.0,50706.0,50708.0,2,2,192,1767214236
RG2_JPN225_PERIOD_M5_1766966400_1767398100_17845446579741474672,17890021262797493834,488,2025.12.31 01:04:00,21.0,7499128728816858588,8153050765082935419,1,51111.0,51192.0,51245.0,6,3,896,1767143040,3527496111634683691,490,2025.12.31 01:04:25,21.0,8153050765082935419,3,51111.0,51192.0,51245.0,6,3,896,1767143065
RG2_JPN225_PERIOD_M5_1766966400_1767398100_17845446579741474672,4418906037668018550,149,2025.12.29 03:00:00,36.0,7845227044536952113,16211243554387857998,1,49884.0,49885.0,49885.0,2,2,132,1766977200,2586226476860787134,155,2025.12.29 07:20:00,46.0,15527751385350945758,52,49885.0,49887.0,49890.0,2,2,132,1766992800
RG2_JPN225_PERIOD_M5_1766966400_1767398100_17845446579741474672,3071328252748617111,1099,2026.01.02 22:00:00,50.0,7861364654927463847,9224566147413083580,1,50698.0,50699.0,50701.0,2,2,144,1767391200,3071328252748617111,1099,2026.01.02 22:00:00,50.0,9224566147413083580,1,50698.0,50699.0,50701.0,2,2,144,1767391200
RG2_JPN225_PERIOD_M5_1766966400_1767398100_17845446579741474672,13677803049512884828,331,2025.12.30 02:57:30,32.0,8102054312741618800,6361786016970529873,1,50455.0,50457.0,50458.0,2,2,192,1767063450,14062511055253660800,333,2025.12.30 02:57:38,32.0,6361786016970529873,3,50458.0,50459.0,50460.0,2,2,192,1767063458
RG2_JPN225_PERIOD_M5_1766966400_1767398100_17845446579741474672,14988484245610370661,493,2025.12.31 01:05:06,22.0,826974610098051203,8317633282367844945,1,50473.0,50474.0,50474.0,2,2,192,1767143106,17551066878735813899,494,2025.12.31 01:05:09,22.0,8317633282367844945,2,50474.0,50474.0,50474.0,2,2,192,1767143109
RG2_JPN225_PERIOD_M5_1766966400_1767398100_17845446579741474672,2393659783236777079,564,2025.12.31 13:40:00,21.0,8355500967061797954,8153050765082935419,1,51111.0,51192.0,51245.0,6,3,896,1767188400,711668275423783028,569,2025.12.31 16:35:14,21.0,8153050765082935419,34,51111.0,51192.0,51245.0,6,3,896,1767198914
RG2_JPN225_PERIOD_M5_1766966400_1767398100_17845446579741474672,3560701863171250150,361,2025.12.30 05:55:00,36.0,8369979618060546440,13630149163919854240,1,50445.0,50447.0,50449.0,2,2,144,1767074100,3560701863171250150,361,2025.12.30 05:55:00,36.0,13630149163919854240,1,50445.0,50447.0,50449.0,2,2,144,1767074100
RG2_JPN225_PERIOD_M5_1766966400_1767398100_17845446579741474672,6381951585727736058,1093,2026.01.02 17:35:00,39.0,8619340374422387980,2927413960171936917,1,50366.0,50368.0,50371.0,2,2,272,1767375300,3829433278592335836,1100,2026.01.02 23:00:00,53.0,2927413960171936917,63,50366.0,50368.0,50371.0,2,2,272,1767394800
RG2_JPN225_PERIOD_M5_1766966400_1767398100_17845446579741474672,1284935451051407855,694,2025.12.31 20:57:28,29.0,9117797934585131905,3062056044654965777,1,50718.0,50720.0,50721.0,2,2,192,1767214648,1949581625847825512,697,2025.12.31 21:00:40,29.0,3062056044654965777,4,50721.0,50723.0,50724.0,2,2,192,1767214840
RG2_JPN225_PERIOD_M5_1766966400_1767398100_17845446579741474672,805849580733322612,527,2025.12.31 04:00:00,23.0,9120142513267263618,16998183489042333651,1,50491.0,50492.0,50493.0,2,2,144,1767153600,5080477237854884269,534,2025.12.31 04:55:34,25.0,16998183489042333651,20,50491.0,50492.0,50493.0,2,2,144,1767156934
RG2_JPN225_PERIOD_M5_1766966400_1767398100_17845446579741474672,2060835402432989416,779,2026.01.02 03:00:00,36.0,9189302936860797898,5133995448209104465,1,50634.0,50634.0,50634.0,2,2,80,1767322800,2060835402432989416,779,2026.01.02 03:00:00,36.0,5133995448209104465,1,50634.0,50634.0,50634.0,2,2,80,1767322800
RG2_JPN225_PERIOD_M5_1766966400_1767398100_17845446579741474672,9040671288059438856,538,2025.12.31 08:00:00,27.0,9330292674925330118,3958160171377202178,1,50389.0,50400.0,50410.0,3,2,18,1767168000,1162700140194258621,566,2025.12.31 15:00:00,20.0,3958160171377202178,107,50387.0,50397.0,50410.0,3,2,18,1767193200
RG2_JPN225_PERIOD_M5_1766966400_1767398100_17845446579741474672,18181799343359750505,376,2025.12.30 06:35:34,38.0,9472270278629055456,13115438471871063633,1,50539.0,50541.0,50543.0,2,2,80,1767076534,10642238661409818055,396,2025.12.30 15:01:16,24.0,6648089167296386014,108,50550.0,50551.0,50552.0,2,2,320,1767106876
RG2_JPN225_PERIOD_M5_1766966400_1767398100_17845446579741474672,2388386004246443635,707,2026.01.02 01:01:00,36.0,9478701212421746264,18443930343138234165,1,50334.0,50336.0,50338.0,2,2,272,1767315660,9159703117224667876,862,2026.01.02 07:22:35,34.0,18443930343138234165,231,50334.0,50336.0,50338.0,2,2,272,1767338555
RG2_JPN225_PERIOD_M5_1766966400_1767398100_17845446579741474672,12027192362952221109,839,2026.01.02 05:00:00,36.0,9494740629529204890,10378225687696702510,1,50597.0,50599.0,50600.0,2,1,16,1767330000,17352403501040850101,850,2026.01.02 05:45:00,35.0,10378225687696702510,21,50597.0,50599.0,50600.0,2,1,16,1767332700
RG2_JPN225_PERIOD_M5_1766966400_1767398100_17845446579741474672,15420453679494849379,589,2025.12.31 18:10:00,25.0,9495030775103441875,3067668865954548817,1,50543.0,50545.0,50546.0,2,2,80,1767204600,16241299278428219504,608,2025.12.31 20:04:15,27.0,8320516278759543262,41,50550.0,50551.0,50552.0,2,2,320,1767211455
RG2_JPN225_PERIOD_M5_1766966400_1767398100_17845446579741474672,1128749425018777444,157,2025.12.29 09:00:00,50.0,9662743310076487551,8122243772570738080,1,50503.0,50504.0,50505.0,2,1,16,1766998800,18024216485429869421,190,2025.12.29 13:00:00,34.0,8122243772570738080,80,50503.0,50504.0,50505.0,2,1,16,1767013200
RG2_JPN225_PERIOD_M5_1766966400_1767398100_17845446579741474672,14051725869182483088,777,2026.01.02 02:25:00,38.0,9814547960467838965,2927413960171936917,1,50366.0,50368.0,50371.0,2,2,272,1767320700,14051725869182483088,777,2026.01.02 02:25:00,38.0,2927413960171936917,1,50366.0,50368.0,50371.0,2,2,272,1767320700
RG2_JPN225_PERIOD_M5_1773619200_1774047300_3195075028303676313,13158947182470223078,1,2026.03.16 00:00:00,100.0,10086180591093587693,6965569471588412473,1,53227.0,53249.0,53303.0,3,3,146,1773619200,2846975277083850916,77,2026.03.16 00:59:12,102.0,6965569471588412473,88,53227.0,53249.0,53303.0,3,3,146,1773622752
RG2_JPN225_PERIOD_M5_1773619200_1774047300_3195075028303676313,16547568816950111041,219,2026.03.16 06:00:00,92.0,10092760189121252741,14226942364487407575,1,54022.0,54057.0,54091.0,3,2,130,1773640800,16233642371004438128,490,2026.03.16 19:35:00,79.0,14226942364487407575,419,54038.0,54063.0,54110.0,3,2,130,1773689700
RG2_JPN225_PERIOD_M5_1773619200_1774047300_3195075028303676313,13158947182470223078,1,2026.03.16 00:00:00,100.0,10121073397512521165,10069444810737233187,1,54169.0,54193.0,54240.0,2,2,258,1773619200,12525658211115598815,218,2026.03.16 05:05:00,94.0,10069444810737233187,268,54160.0,54188.0,54229.0,2,2,258,1773637500
RG2_JPN225_PERIOD_M5_1773619200_1774047300_3195075028303676313,4470802185570182206,492,2026.03.16 21:00:00,72.0,10233323360299359346,14062149995841736211,1,54053.0,54056.0,54059.0,2,2,144,1773694800,16896962213614799278,498,2026.03.16 21:10:14,72.0,14062149995841736211,9,54053.0,54056.0,54059.0,2,2,144,1773695414
RG2_JPN225_PERIOD_M5_1773619200_1774047300_3195075028303676313,10037608503467465151,1411,2026.03.18 18:00:00,81.0,10240368130398156928,15069490730747367982,1,54311.0,54311.0,54311.0,2,1,16,1773856800,948852681306324435,1412,2026.03.18 19:00:00,80.0,15069490730747367982,13,54311.0,54311.0,54311.0,2,1,16,1773860400
RG2_JPN225_PERIOD_M5_1773619200_1774047300_3195075028303676313,3157623295364515698,60,2026.03.16 00:56:03,102.0,10244217111155157441,18032739687872037969,1,53360.0,53365.0,53370.0,2,2,192,1773622563,6521055064663698191,63,2026.03.16 00:56:17,102.0,18032739687872037969,4,53370.0,53374.0,53377.0,2,2,192,1773622577
RG2_JPN225_PERIOD_M5_1773619200_1774047300_3195075028303676313,6621725060598020533,2246,2026.03.20 00:01:00,123.0,10458636394983395100,450742967383107121,1,53322.0,53329.0,53335.0,2,2,80,1773964860,15187041529179891325,2282,2026.03.20 01:08:59,111.0,450742967383107121,49,53335.0,53340.0,53344.0,2,2,80,1773968939
RG2_JPN225_PERIOD_M5_1773619200_1774047300_3195075028303676313,2831831351086607951,1129,2026.03.18 05:00:00,61.0,10841198753525767594,6763936035003654708,1,54469.0,54921.0,55326.0,21,6,978,1773810000,5755704443576876960,1192,2026.03.18 05:58:08,61.0,6763936035003654708,78,54469.0,54928.0,55326.0,21,6,978,1773813488
RG2_JPN225_PERIOD_M5_1773619200_1774047300_3195075028303676313,16384584565197781778,287,2026.03.16 14:00:00,79.0,11599638617406503894,10482195021576060654,1,54500.0,54869.0,55278.0,14,6,966,1773669600,16896962213614799278,498,2026.03.16 21:10:14,72.0,16061421336696647923,295,54500.0,54851.0,55278.0,15,6,966,1773695414
RG2_JPN225_PERIOD_M5_1773619200_1774047300_3195075028303676313,18443795907047149836,2243,2026.03.19 21:10:00,126.0,11648412644887043414,14418017357517361710,1,54296.0,54304.0,54311.0,2,1,16,1773954600,12469182970012769289,2244,2026.03.19 22:00:00,131.0,14418017357517361710,11,54296.0,54304.0,54311.0,2,1,16,1773957600
RG2_JPN225_PERIOD_M5_1773619200_1774047300_3195075028303676313,13069006888931679776,1646,2026.03.19 00:02:00,81.0,11944026301805316425,14028303158244329923,1,54049.0,54051.0,54053.0,2,1,128,1773878520,7572417949886596588,3245,2026.03.20 22:00:00,119.0,14028303158244329923,2109,54049.0,54051.0,54053.0,2,1,128,1774044000
RG2_JPN225_PERIOD_M5_1773619200_1774047300_3195075028303676313,6266597695284237167,764,2026.03.17 08:00:00,70.0,12003621629955697986,12821936762615217250,1,53998.0,54000.0,54001.0,2,2,144,1773734400,2724902748445382147,854,2026.03.17 08:06:35,71.0,12821936762615217250,93,53998.0,54000.0,54001.0,2,2,144,1773734795
RG2_JPN225_PERIOD_M5_1773619200_1774047300_3195075028303676313,948852681306324435,1412,2026.03.18 19:00:00,80.0,12053867729229318560,2151363782230001044,1,54189.0,54191.0,54194.0,2,2,20,1773860400,3880231211091584834,1452,2026.03.18 20:54:37,82.0,12592372147731651092,61,54169.0,54171.0,54173.0,2,2,132,1773867277
RG2_JPN225_PERIOD_M5_1773619200_1774047300_3195075028303676313,5944424823413664589,2369,2026.03.20 07:00:00,69.0,12092322872538998223,17055656282095764895,1,53995.0,53998.0,54001.0,2,2,20,1773990000,16390345375841020996,2370,2026.03.20 08:00:00,65.0,17055656282095764895,13,54001.0,54001.0,54002.0,2,2,20,1773993600
RG2_JPN225_PERIOD_M5_1773619200_1774047300_3195075028303676313,4806806994487609959,500,2026.03.17 00:00:30,71.0,1216347764817174668,6224677749482885381,1,55939.0,56161.0,56359.0,4,3,896,1773705630,3133773963952129106,1645,2026.03.18 22:31:07,84.0,13629075576879218188,1655,55939.0,56137.0,56359.0,5,3,896,1773873067
RG2_JPN225_PERIOD_M5_1773619200_1774047300_3195075028303676313,11092639188143891162,222,2026.03.16 08:00:00,96.0,12302905433516742444,3063970484730388461,1,53245.0,53250.0,53254.0,2,1,16,1773648000,170275833641632098,229,2026.03.16 10:00:00,87.0,3063970484730388461,25,53254.0,53258.0,53261.0,2,1,16,1773655200
RG2_JPN225_PERIOD_M5_1773619200_1774047300_3195075028303676313,6621725060598020533,2246,2026.03.20 00:01:00,123.0,12384961012000434680,15028260546613450799,1,50977.0,51318.0,51547.0,5,3,896,1773964860,7572417949886596588,3245,2026.03.20 22:00:00,119.0,7443761039919337990,1248,50977.0,51283.0,51547.0,6,4,960,1774044000
RG2_JPN225_PERIOD_M5_1773619200_1774047300_3195075028303676313,4470802185570182206,492,2026.03.16 21:00:00,72.0,12435283800142702347,10069444810737233187,1,54160.0,54188.0,54227.0,2,2,258,1773694800,16896962213614799278,498,2026.03.16 21:10:14,72.0,10069444810737233187,9,54160.0,54188.0,54227.0,2,2,258,1773695414
RG2_JPN225_PERIOD_M5_1773619200_1774047300_3195075028303676313,14472254685516922134,2914,2026.03.20 17:35:00,112.0,12734747157804099307,12231820011333477414,1,56198.0,56205.0,56211.0,2,2,384,1774028100,7572417949886596588,3245,2026.03.20 22:00:00,119.0,12231820011333477414,384,56198.0,56205.0,56211.0,2,2,384,1774044000
RG2_JPN225_PERIOD_M5_1773619200_1774047300_3195075028303676313,450563656536627171,581,2026.03.17 02:21:13,67.0,12745669535261086584,16200684585763968239,1,54062.0,54064.0,54067.0,2,2,192,1773714073,15350882239034640870,584,2026.03.17 02:21:17,67.0,16200684585763968239,4,54056.0,54059.0,54062.0,2,2,192,1773714077
RG2_JPN225_PERIOD_M5_1773619200_1774047300_3195075028303676313,5106385013706330553,443,2026.03.16 15:45:25,77.0,12750536321745062293,14396692326179866065,1,54473.0,54477.0,54480.0,2,2,80,1773675925,8689648455436065104,448,2026.03.16 15:45:33,77.0,14396692326179866065,6,54480.0,54484.0,54487.0,2,2,80,1773675933
RG2_JPN225_PERIOD_M5_1773619200_1774047300_3195075028303676313,2133283321725893643,1413,2026.03.18 20:00:00,79.0,13148431095743586141,16396258965523489627,1,55349.0,55532.0,55660.0,6,3,896,1773864000,3133773963952129106,1645,2026.03.18 22:31:07,84.0,16396258965523489627,262,55349.0,55532.0,55660.0,6,3,896,1773873067
RG2_JPN225_PERIOD_M5_1773619200_1774047300_3195075028303676313,13158947182470223078,1,2026.03.16 00:00:00,100.0,13504933365399313909,15290116105542803836,1,52471.0,52787.0,53059.0,12,4,960,1773619200,3913393376007298033,499,2026.03.16 22:00:00,73.0,8843052200597905031,731,52471.0,52794.0,53059.0,13,4,960,1773698400
RG2_JPN225_PERIOD_M5_1773619200_1774047300_3195075028303676313,1737658381350582848,2372,2026.03.20 10:00:00,64.0,13630268203408665376,8561991840403194990,1,53408.0,53428.0,53466.0,2,2,258,1774000800,16351723065318879194,2488,2026.03.20 11:55:40,63.0,8561991840403194990,141,53408.0,53428.0,53466.0,2,2,258,1774007740
RG2_JPN225_PERIOD_M5_1773619200_1774047300_3195075028303676313,4902092322045729969,78,2026.03.16 01:00:00,102.0,13962751681477305319,6627818420960886737,1,53521.0,53521.0,53521.0,2,2,80,1773622800,6591520308493033100,79,2026.03.16 01:45:38,98.0,6627818420960886737,11,53521.0,53524.0,53526.0,2,2,80,1773625538
RG2_JPN225_PERIOD_M5_1773619200_1774047300_3195075028303676313,13474239292091218598,932,2026.03.17 17:00:00,67.0,14463404258207565428,8888961774598382915,1,54429.0,54784.0,55278.0,19,6,966,1773766800,13474239292091218598,932,2026.03.17 17:00:00,67.0,8888961774598382915,1,54429.0,54784.0,55278.0,19,6,966,1773766800
RG2_JPN225_PERIOD_M5_1773619200_1774047300_3195075028303676313,7031611846541736704,1300,2026.03.18 09:00:00,68.0,14485203453044309365,1467777213681932630,1,54469.0,54988.0,55330.0,23,7,986,1773824400,16832101194954363133,1410,2026.03.18 17:00:00,79.0,13542183272830256589,199,54499.0,54990.0,55330.0,22,7,986,1773853200
RG2_JPN225_PERIOD_M5_1773619200_1774047300_3195075028303676313,1606813840718583536,1868,2026.03.19 09:02:34,81.0,14715651486084071381,18100380740674238062,1,53020.0,53255.0,53378.0,6,3,896,1773910954,12107279563383431545,2423,2026.03.20 11:53:56,62.0,1909536916298312833,849,53013.0,53217.0,53378.0,9,5,976,1774007636
RG2_JPN225_PERIOD_M5_1773619200_1774047300_3195075028303676313,3906754894940413991,467,2026.03.16 16:00:00,79.0,14779006630535751056,10821718528559483940,1,53224.0,53226.0,53227.0,2,2,144,1773676800,5598542263480420057,486,2026.03.16 16:08:39,79.0,10821718528559483940,20,53224.0,53226.0,53227.0,2,2,144,1773677319
RG2_JPN225_PERIOD_M5_1773619200_1774047300_3195075028303676313,3268521208082494193,938,2026.03.18 00:00:30,62.0,14780729594212175825,2422483255289626067,1,54499.0,54905.0,55326.0,21,5,962,1773792030,6607204363975662420,1040,2026.03.18 03:04:38,62.0,4976800802427626164,135,54499.0,54895.0,55326.0,22,5,962,1773803078
RG2_JPN225_PERIOD_M5_1773619200_1774047300_3195075028303676313,16832330547124618852,1378,2026.03.18 14:58:38,70.0,14796286938287917246,7616633068216528623,1,54062.0,54065.0,54069.0,2,2,192,1773845918,2834944090779250007,1384,2026.03.18 14:58:41,70.0,7616633068216528623,7,54054.0,54058.0,54062.0,2,2,192,1773845921
RG2_JPN225_PERIOD_M5_1773619200_1774047300_3195075028303676313,13158947182470223078,1,2026.03.16 00:00:00,100.0,14836686754596810904,9438380233870871103,1,53445.0,53629.0,53754.0,8,4,912,1773619200,1117072526467730362,1670,2026.03.19 01:24:30,71.0,12112386233337020693,2441,53650.0,53654.0,53658.0,2,2,272,1773883470
RG2_JPN225_PERIOD_M5_1773619200_1774047300_3195075028303676313,15453048206389829753,933,2026.03.17 18:00:00,70.0,1485980421167170228,15708786266551070121,1,54499.0,54835.0,55278.0,16,5,962,1773770400,5159298564304943892,937,2026.03.17 22:00:00,63.0,15708786266551070121,49,54499.0,54835.0,55278.0,16,5,962,1773784800
RG2_JPN225_PERIOD_M5_1773619200_1774047300_3195075028303676313,1079273930358754345,1714,2026.03.19 02:05:00,72.0,1492020496657443257,12112386233337020693,1,53650.0,53654.0,53658.0,2,2,272,1773885900,1969322663771748351,2245,2026.03.19 22:50:00,124.0,12112386233337020693,772,53650.0,53654.0,53658.0,2,2,272,1773960600
RG2_JPN225_PERIOD_M5_1773619200_1774047300_3195075028303676313,1517339199104479786,2577,2026.03.20 13:00:00,68.0,14941535506650933536,2492606541382904303,1,54001.0,54001.0,54001.0,2,2,20,1774011600,1131314187078398649,2579,2026.03.20 14:10:00,76.0,2492606541382904303,15,53992.0,53997.0,54001.0,2,2,20,1774015800
RG2_JPN225_PERIOD_M5_1773619200_1774047300_3195075028303676313,5159298564304943892,937,2026.03.17 22:00:00,63.0,14945052115932505491,17811646652224390243,1,54206.0,54245.0,54271.0,2,2,258,1773784800,7898673997887576326,1299,2026.03.18 08:30:16,64.0,17333276823985410990,473,54253.0,54255.0,54259.0,4,4,340,1773822616
RG2_JPN225_PERIOD_M5_1773619200_1774047300_3195075028303676313,13069006888931679776,1646,2026.03.19 00:02:00,81.0,1500860197814813513,17274862040991456485,1,55349.0,55621.0,56007.0,10,3,896,1773878520,7572417949886596588,3245,2026.03.20 22:00:00,119.0,9040938134765906632,2109,55349.0,55616.0,56007.0,9,3,896,1774044000
RG2_JPN225_PERIOD_M5_1773619200_1774047300_3195075028303676313,2831831351086607951,1129,2026.03.18 05:00:00,61.0,15340579116467901238,16396258965523489627,1,55349.0,55532.0,55660.0,6,3,896,1773810000,5755704443576876960,1192,2026.03.18 05:58:08,61.0,16396258965523489627,78,55349.0,55532.0,55660.0,6,3,896,1773813488
RG2_JPN225_PERIOD_M5_1773619200_1774047300_3195075028303676313,10397613038364811634,2915,2026.03.20 18:00:00,112.0,15435406146593706861,1943076828408010933,1,52914.0,52919.0,52923.0,2,2,272,1774029600,14484142474664917969,2995,2026.03.20 18:35:00,117.0,1943076828408010933,87,52914.0,52919.0,52923.0,2,2,272,1774031700
RG2_JPN225_PERIOD_M5_1773619200_1774047300_3195075028303676313,13474239292091218598,932,2026.03.17 17:00:00,67.0,15469690309672132481,9723861199911708911,1,55349.0,55545.0,55661.0,7,4,898,1773766800,2789915708709308963,1109,2026.03.18 03:15:36,63.0,9723861199911708911,276,55349.0,55527.0,55660.0,7,4,898,1773803736
RG2_JPN225_PERIOD_M5_1773619200_1774047300_3195075028303676313,13834244661429199270,613,2026.03.17 02:25:38,68.0,15470029527469828769,1159940216120522639,1,53961.0,53965.0,53968.0,2,2,192,1773714338,4352499868084060291,617,2026.03.17 02:27:54,68.0,1159940216120522639,5,53954.0,53958.0,53961.0,2,2,192,1773714474
RG2_JPN225_PERIOD_M5_1773619200_1774047300_3195075028303676313,12445045584489896236,700,2026.03.17 07:00:00,68.0,15594684758334491051,9482237709200236306,1,55701.0,55739.0,55768.0,2,2,66,1773730800,2724902748445382147,854,2026.03.17 08:06:35,71.0,9482237709200236306,168,55701.0,55739.0,55768.0,2,2,66,1773734795
RG2_JPN225_PERIOD_M5_1773619200_1774047300_3195075028303676313,13158947182470223078,1,2026.03.16 00:00:00,100.0,15607762045236508794,8295856214060598310,1,56427.0,56827.0,57304.0,8,3,896,1773619200,3913393376007298033,499,2026.03.16 22:00:00,73.0,8295856214060598310,731,56427.0,56827.0,57304.0,8,3,896,1773698400
RG2_JPN225_PERIOD_M5_1773619200_1774047300_3195075028303676313,16298002251838273870,1914,2026.03.19 10:00:00,89.0,15752842895013554497,5558973600696337698,1,53998.0,54000.0,54001.0,3,2,144,1773914400,1969322663771748351,2245,2026.03.19 22:50:00,124.0,5558973600696337698,477,53998.0,54000.0,54001.0,3,2,144,1773960600
RG2_JPN225_PERIOD_M5_1773619200_1774047300_3195075028303676313,10037608503467465151,1411,2026.03.18 18:00:00,81.0,15761236237138407668,2591486837657282317,1,54499.0,55108.0,55660.0,27,7,986,1773856800,948852681306324435,1412,2026.03.18 19:00:00,80.0,2591486837657282317,13,54499.0,55108.0,55660.0,27,7,986,1773860400
RG2_JPN225_PERIOD_M5_1773619200_1774047300_3195075028303676313,4806806994487609959,500,2026.03.17 00:00:30,71.0,15934372500723915386,15631768390602987510,1,56427.0,56697.0,56961.0,5,3,896,1773705630,5159298564304943892,937,2026.03.17 22:00:00,63.0,15631768390602987510,683,56427.0,56697.0,56961.0,5,3,896,1773784800
RG2_JPN225_PERIOD_M5_1773619200_1774047300_3195075028303676313,16390345375841020996,2370,2026.03.20 08:00:00,65.0,15941743996552481561,8561991840403194990,1,53408.0,53428.0,53466.0,2,2,258,1773993600,16390345375841020996,2370,2026.03.20 08:00:00,65.0,8561991840403194990,1,53408.0,53428.0,53466.0,2,2,258,1773993600
RG2_JPN225_PERIOD_M5_1773619200_1774047300_3195075028303676313,4806806994487609959,500,2026.03.17 00:00:30,71.0,16018290629013773153,16396258965523489627,1,55349.0,55532.0,55660.0,6,3,896,1773705630,2724902748445382147,854,2026.03.17 08:06:35,71.0,16396258965523489627,447,55349.0,55532.0,55660.0,6,3,896,1773734795
RG2_JPN225_PERIOD_M5_1773619200_1774047300_3195075028303676313,9823551368286485526,931,2026.03.17 16:00:00,71.0,16044190523389938422,12821936762615217250,1,53998.0,54000.0,54001.0,2,2,144,1773763200,2789915708709308963,1109,2026.03.18 03:15:36,63.0,2557982525183212642,288,53998.0,54000.0,54001.0,2,2,144,1773803736
RG2_JPN225_PERIOD_M5_1773619200_1774047300_3195075028303676313,5161225655070495292,2298,2026.03.20 02:00:00,103.0,16084389364478765693,8356776272238940755,1,53330.0,53333.0,53335.0,2,1,16,1773972000,7228379011801279320,2321,2026.03.20 02:24:12,105.0,8356776272238940755,29,53330.0,53333.0,53335.0,2,1,16,1773973452
RG2_JPN225_PERIOD_M5_1773619200_1774047300_3195075028303676313,13069006888931679776,1646,2026.03.19 00:02:00,81.0,16111905410643518530,1157979121536004863,1,54499.0,54941.0,55326.0,19,6,978,1773878520,7572417949886596588,3245,2026.03.20 22:00:00,119.0,13754232969819608862,2109,54499.0,54924.0,55326.0,18,6,978,1774044000
RG2_JPN225_PERIOD_M5_1773619200_1774047300_3195075028303676313,2186171284074531416,3059,2026.03.20 20:22:17,115.0,16146331475632671880,2825825313373735255,1,51639.0,51644.0,51649.0,2,2,192,1774038137,10181536078640502444,3063,2026.03.20 20:22:19,115.0,2825825313373735255,5,51628.0,51634.0,51639.0,2,2,192,1774038139
RG2_JPN225_PERIOD_M5_1773619200_1774047300_3195075028303676313,4806806994487609959,500,2026.03.17 00:00:30,71.0,16195110549999989757,18378331260252570753,1,52262.0,52711.0,53059.0,16,4,960,1773705630,5159298564304943892,937,2026.03.17 22:00:00,63.0,18378331260252570753,683,52262.0,52711.0,53059.0,16,4,960,1773784800
RG2_JPN225_PERIOD_M5_1773619200_1774047300_3195075028303676313,7031611846541736704,1300,2026.03.18 09:00:00,68.0,16339257827943930101,16396258965523489627,1,55349.0,55532.0,55660.0,6,3,896,1773824400,16832101194954363133,1410,2026.03.18 17:00:00,79.0,16396258965523489627,199,55349.0,55532.0,55660.0,6,3,896,1773853200
RG2_JPN225_PERIOD_M5_1773619200_1774047300_3195075028303676313,8866850751553674918,855,2026.03.17 09:00:00,75.0,1643280443581729893,15235548975212792930,1,53961.0,53962.0,53962.0,2,2,144,1773738000,8802028738570047828,930,2026.03.17 15:46:35,70.0,15235548975212792930,151,53961.0,53962.0,53962.0,2,2,144,1773762395
RG2_JPN225_PERIOD_M5_1773619200_1774047300_3195075028303676313,5249468379738141386,939,2026.03.18 00:03:30,62.0,16544123294119388951,6713630601339280322,1,54373.0,54377.0,54380.0,2,2,68,1773792210,5249468379738141386,939,2026.03.18 00:03:30,62.0,6713630601339280322,1,54373.0,54377.0,54380.0,2,2,68,1773792210
RG2_JPN225_PERIOD_M5_1773619200_1774047300_3195075028303676313,4170305326716174517,394,2026.03.16 15:00:00,78.0,16654588904355950087,3063970484730388461,1,53249.0,53252.0,53254.0,2,1,16,1773673200,8957212738225488698,466,2026.03.16 15:58:36,78.0,3063970484730388461,86,53249.0,53252.0,53254.0,2,1,16,1773676716
RG2_JPN225_PERIOD_M5_1773619200_1774047300_3195075028303676313,13158947182470223078,1,2026.03.16 00:00:00,100.0,16702262988716171175,15032846041137470942,1,54253.0,54258.0,54264.0,2,2,320,1773619200,4533097615293212655,210,2026.03.16 03:00:00,98.0,15032846041137470942,244,54253.0,54258.0,54264.0,2,2,320,1773630000
RG2_JPN225_PERIOD_M5_1773619200_1774047300_3195075028303676313,2789807998838565703,230,2026.03.16 11:00:00,82.0,16768426030096990399,1103115475001210688,1,55834.0,55880.0,55901.0,2,2,130,1773658800,6433116218455361229,699,2026.03.17 06:00:00,68.0,1103115475001210688,674,55834.0,55880.0,55901.0,2,2,130,1773727200
RG2_JPN225_PERIOD_M5_1773619200_1774047300_3195075028303676313,3268521208082494193,938,2026.03.18 00:00:30,62.0,1681473556413722446,9644945454583764446,1,53020.0,53206.0,53378.0,8,4,912,1773792030,3133773963952129106,1645,2026.03.18 22:31:07,84.0,16399491663318775006,961,53020.0,53222.0,53378.0,10,6,978,1773873067
RG2_JPN225_PERIOD_M5_1773619200_1774047300_3195075028303676313,2831831351086607951,1129,2026.03.18 05:00:00,61.0,17349379993315613543,6111864592592684676,1,54305.0,54308.0,54311.0,2,2,20,1773810000,5755704443576876960,1192,2026.03.18 05:58:08,61.0,6111864592592684676,78,54305.0,54308.0,54311.0,2,2,20,1773813488
RG2_JPN225_PERIOD_M5_1773619200_1774047300_3195075028303676313,13069006888931679776,1646,2026.03.19 00:02:00,81.0,1740740567239097509,11626336503621582954,1,53020.0,53301.0,53438.0,9,5,962,1773878520,12601159453569902709,1845,2026.03.19 07:59:31,75.0,8747335704611669926,289,53020.0,53279.0,53438.0,9,5,962,1773907171
RG2_JPN225_PERIOD_M5_1773619200_1774047300_3195075028303676313,13158947182470223078,1,2026.03.16 00:00:00,100.0,17455733181724397290,18240086636863556354,1,54500.0,54891.0,55289.0,15,6,966,1773619200,2789807998838565703,230,2026.03.16 11:00:00,82.0,10482195021576060654,338,54500.0,54871.0,55278.0,14,6,966,1773658800
RG2_JPN225_PERIOD_M5_1773619200_1774047300_3195075028303676313,1949843708453783410,340,2026.03.16 14:28:17,78.0,18340374993839412252,10756237881967808478,1,54244.0,54248.0,54253.0,2,2,320,1773671297,12077403823874842643,353,2026.03.16 14:37:12,78.0,15746876821173179931,16,54264.0,54269.0,54273.0,2,1,64,1773671832
RG2_JPN225_PERIOD_M5_1773619200_1774047300_3195075028303676313,13158947182470223078,1,2026.03.16 00:00:00,100.0,18346788292515368911,9079233793466045628,1,49818.0,50535.0,51011.0,4,3,896,1773619200,3913393376007298033,499,2026.03.16 22:00:00,73.0,9079233793466045628,731,49818.0,50535.0,51011.0,4,3,896,1773698400
RG2_JPN225_PERIOD_M5_1773619200_1774047300_3195075028303676313,14208137172299825290,2241,2026.03.19 20:00:00,124.0,1920160832006545483,10325710163045610898,1,53924.0,53927.0,53930.0,2,2,68,1773950400,1969322663771748351,2245,2026.03.19 22:50:00,124.0,10325710163045610898,35,53930.0,53932.0,53934.0,2,2,68,1773960600
RG2_JPN225_PERIOD_M5_1773619200_1774047300_3195075028303676313,15566369788879325129,194,2026.03.16 02:16:31,98.0,2022680941431276302,16474706926298404177,1,53915.0,53920.0,53924.0,2,2,80,1773627391,15947860226636454181,201,2026.03.16 02:16:39,98.0,7069061999901022484,8,53943.0,53947.0,53950.0,2,2,80,1773627399
RG2_JPN225_PERIOD_M5_1773619200_1774047300_3195075028303676313,16003560793069271155,488,2026.03.16 18:00:00,84.0,2051908647179376156,9400553993303407955,1,53919.0,53922.0,53924.0,2,1,16,1773684000,16003560793069271155,488,2026.03.16 18:00:00,84.0,9400553993303407955,1,53919.0,53922.0,53924.0,2,1,16,1773684000
RG2_JPN225_PERIOD_M5_1773619200_1774047300_3195075028303676313,5136697069920208123,3124,2026.03.20 21:00:00,115.0,2559414836497643872,15590990383980459185,1,53662.0,53662.0,53662.0,2,2,80,1774040400,7572417949886596588,3245,2026.03.20 22:00:00,119.0,15590990383980459185,135,53662.0,53662.0,53662.0,2,2,80,1774044000
RG2_JPN225_PERIOD_M5_1773619200_1774047300_3195075028303676313,11766463131857110581,212,2026.03.16 03:35:00,97.0,2628995740141479853,15032846041137470942,1,54253.0,54258.0,54264.0,2,2,320,1773632100,13599063366396810869,215,2026.03.16 04:25:00,96.0,15032846041137470942,10,54253.0,54258.0,54264.0,2,2,320,1773635100
RG2_JPN225_PERIOD_M5_1773619200_1774047300_3195075028303676313,13158947182470223078,1,2026.03.16 00:00:00,100.0,27335327077308224,3109743970969654286,1,55708.0,55769.0,55784.0,3,2,192,1773619200,3913393376007298033,499,2026.03.16 22:00:00,73.0,3109743970969654286,731,55708.0,55769.0,55784.0,3,2,192,1773698400
RG2_JPN225_PERIOD_M5_1773619200_1774047300_3195075028303676313,12898409828062787360,1846,2026.03.19 08:00:00,76.0,2734778912178674941,17243569642610185303,1,53020.0,53241.0,53378.0,7,4,960,1773907200,7472893515733256892,1867,2026.03.19 09:02:32,81.0,17243569642610185303,34,53013.0,53221.0,53378.0,7,4,960,1773910952
RG2_JPN225_PERIOD_M5_1773619200_1774047300_3195075028303676313,13158947182470223078,1,2026.03.16 00:00:00,100.0,2927411425762399637,4266973282903934698,1,55487.0,55525.0,55569.0,3,3,386,1773619200,170275833641632098,229,2026.03.16 10:00:00,87.0,4266973282903934698,327,55487.0,55525.0,55569.0,3,3,386,1773655200
RG2_JPN225_PERIOD_M5_1773619200_1774047300_3195075028303676313,16298002251838273870,1914,2026.03.19 10:00:00,89.0,3144474535465385357,13032073076571329585,1,53930.0,53930.0,53930.0,2,2,80,1773914400,3638830698859449326,2235,2026.03.19 15:40:00,126.0,16398038607818992962,391,53923.0,53926.0,53930.0,2,2,68,1773934800
RG2_JPN225_PERIOD_M5_1773619200_1774047300_3195075028303676313,14052355880012495764,491,2026.03.16 20:00:00,78.0,3297148756109763893,5427939024708916019,1,54181.0,54217.0,54253.0,3,2,258,1773691200,14052355880012495764,491,2026.03.16 20:00:00,78.0,5427939024708916019,1,54181.0,54217.0,54253.0,3,2,258,1773691200
RG2_JPN225_PERIOD_M5_1773619200_1774047300_3195075028303676313,16799677272984659862,2467,2026.03.20 11:54:56,62.0,3304743785370400816,17837519342290307332,1,52923.0,52927.0,52930.0,2,2,320,1774007696,7477489352130635741,2475,2026.03.20 11:55:28,63.0,17837519342290307332,10,52916.0,52920.0,52923.0,2,2,320,1774007728
RG2_JPN225_PERIOD_M5_1773619200_1774047300_3195075028303676313,8866850751553674918,855,2026.03.17 09:00:00,75.0,3501217997432961262,10170422201297945064,1,55349.0,55575.0,55743.0,8,5,962,1773738000,9823551368286485526,931,2026.03.17 16:00:00,71.0,10170422201297945064,154,55349.0,55575.0,55743.0,8,5,962,1773763200
RG2_JPN225_PERIOD_M5_1773619200_1774047300_3195075028303676313,3268521208082494193,938,2026.03.18 00:00:30,62.0,3710024159097437313,4976873860156699998,1,53955.0,53958.0,53961.0,2,2,384,1773792030,7572417949886596588,3245,2026.03.20 22:00:00,119.0,11820167397015252043,3075,53874.0,53934.0,53975.0,5,5,454,1774044000
RG2_JPN225_PERIOD_M5_1773619200_1774047300_3195075028303676313,6621725060598020533,2246,2026.03.20 00:01:00,123.0,3772876382253170033,12231820011333477414,1,56198.0,56205.0,56211.0,2,2,384,1773964860,16944381675499517262,2278,2026.03.20 00:54:07,114.0,12231820011333477414,42,56198.0,56205.0,56211.0,2,2,384,1773968047
RG2_JPN225_PERIOD_M5_1773619200_1774047300_3195075028303676313,8381249180858301098,223,2026.03.16 08:15:00,96.0,3964518634946367054,15032846041137470942,1,54253.0,54258.0,54264.0,2,2,320,1773648900,8381249180858301098,223,2026.03.16 08:15:00,96.0,15032846041137470942,1,54253.0,54258.0,54264.0,2,2,320,1773648900
RG2_JPN225_PERIOD_M5_1773619200_1774047300_3195075028303676313,13158947182470223078,1,2026.03.16 00:00:00,100.0,3981678884118552826,8926584639626583924,1,51793.0,51960.0,52135.0,6,4,898,1773619200,3133773963952129106,1645,2026.03.18 22:31:07,84.0,4311569340047509364,2397,51793.0,51963.0,52135.0,6,4,898,1773873067
RG2_JPN225_PERIOD_M5_1773619200_1774047300_3195075028303676313,3799319803305830231,2363,2026.03.20 03:46:13,98.0,4092504245950506304,3274989755696695608,1,53587.0,53591.0,53594.0,2,2,320,1773978373,9628253392631136913,2374,2026.03.20 10:13:25,64.0,3274989755696695608,80,53594.0,53597.0,53600.0,2,2,320,1774001605
RG2_JPN225_PERIOD_M5_1773619200_1774047300_3195075028303676313,3268521208082494193,938,2026.03.18 00:00:30,62.0,4338179473393498433,13165359982637325544,1,52262.0,52674.0,52976.0,14,4,960,1773792030,3133773963952129106,1645,2026.03.18 22:31:07,84.0,13165359982637325544,961,52262.0,52674.0,52976.0,14,4,960,1773873067
RG2_JPN225_PERIOD_M5_1773619200_1774047300_3195075028303676313,3638830698859449326,2235,2026.03.19 15:40:00,126.0,4374775985177248780,14418017357517361710,1,54296.0,54304.0,54311.0,2,1,16,1773934800,10291569984617487447,2239,2026.03.19 19:00:00,133.0,14418017357517361710,41,54296.0,54304.0,54311.0,2,1,16,1773946800
RG2_JPN225_PERIOD_M5_1773619200_1774047300_3195075028303676313,4696918823717793251,1713,2026.03.19 02:00:00,70.0,4652323884076648028,13032073076571329585,1,53868.0,53868.0,53868.0,2,2,80,1773885600,4945275295493081820,1717,2026.03.19 02:11:14,73.0,13032073076571329585,7,53868.0,53871.0,53874.0,2,2,80,1773886274
RG2_JPN225_PERIOD_M5_1773619200_1774047300_3195075028303676313,6621725060598020533,2246,2026.03.20 00:01:00,123.0,5053097640036496736,7804523675819458186,1,51793.0,52337.0,52802.0,20,6,978,1773964860,7572417949886596588,3245,2026.03.20 22:00:00,119.0,6769596175573010793,1248,51793.0,52362.0,52802.0,20,5,920,1774044000
RG2_JPN225_PERIOD_M5_1773619200_1774047300_3195075028303676313,8449458079660472456,124,2026.03.16 02:00:00,98.0,508716085652170636,5746788223616695081,1,53227.0,53260.0,53303.0,4,3,146,1773626400,2013797764430921826,216,2026.03.16 04:35:00,96.0,9297972231876489339,118,53227.0,53248.0,53303.0,4,3,146,1773635700
RG2_JPN225_PERIOD_M5_1773619200_1774047300_3195075028303676313,3055712082390400365,1041,2026.03.18 03:05:00,63.0,513460423344653015,11488727272269678234,1,54499.0,54924.0,55326.0,20,5,962,1773803100,2789915708709308963,1109,2026.03.18 03:15:36,63.0,4698390432475007253,69,54499.0,54940.0,55326.0,19,5,962,1773803736
RG2_JPN225_PERIOD_M5_1773619200_1774047300_3195075028303676313,15023496737417254505,2424,2026.03.20 11:53:57,62.0,5295221950255663028,6992922291175861848,1,53020.0,53242.0,53378.0,8,4,912,1774007637,7572417949886596588,3245,2026.03.20 22:00:00,119.0,16598337986288559540,937,53020.0,53243.0,53378.0,7,4,912,1774044000
RG2_JPN225_PERIOD_M5_1773619200_1774047300_3195075028303676313,3796334491643929820,860,2026.03.17 14:00:00,69.0,5368155375414317239,9710197069809922250,1,54499.0,54836.0,55278.0,16,6,966,1773756000,9823551368286485526,931,2026.03.17 16:00:00,71.0,15986575803506851439,94,54499.0,54823.0,55278.0,17,6,966,1773763200
RG2_JPN225_PERIOD_M5_1773619200_1774047300_3195075028303676313,11131571019987857240,235,2026.03.16 12:50:36,79.0,5434756133608830144,11242056720450562129,1,53994.0,53998.0,54001.0,2,2,192,1773665436,2418844820982130915,240,2026.03.16 12:55:13,79.0,11242056720450562129,8,54001.0,54005.0,54008.0,2,2,192,1773665713
RG2_JPN225_PERIOD_M5_1773619200_1774047300_3195075028303676313,13701632040017044763,598,2026.03.17 02:22:20,67.0,5513470282798069190,16399467535947409295,1,54001.0,54005.0,54008.0,2,2,192,1773714140,8900739032837153195,604,2026.03.17 02:22:34,67.0,16399467535947409295,7,53996.0,53999.0,54001.0,2,2,192,1773714154
RG2_JPN225_PERIOD_M5_1773619200_1774047300_3195075028303676313,4806806994487609959,500,2026.03.17 00:00:30,71.0,559684849675056317,14930159106599846906,1,54499.0,54847.0,55278.0,16,6,966,1773705630,4660801226231820621,543,2026.03.17 01:51:36,64.0,9013750304028971946,65,54499.0,54847.0,55278.0,16,6,966,1773712296
RG2_JPN225_PERIOD_M5_1773619200_1774047300_3195075028303676313,13069006888931679776,1646,2026.03.19 00:02:00,81.0,5609352752549174155,3704266640871067771,1,51793.0,52443.0,52976.0,23,5,962,1773878520,1969322663771748351,2245,2026.03.19 22:50:00,124.0,17933118734561732852,860,51793.0,52393.0,52976.0,25,7,986,1773960600
RG2_JPN225_PERIOD_M5_1773619200_1774047300_3195075028303676313,6433116218455361229,699,2026.03.17 06:00:00,68.0,5651203307326203703,800598129657196832,1,53916.0,53920.0,53924.0,2,1,16,1773727200,6433116218455361229,699,2026.03.17 06:00:00,68.0,800598129657196832,1,53916.0,53920.0,53924.0,2,1,16,1773727200
RG2_JPN225_PERIOD_M5_1773619200_1774047300_3195075028303676313,10857040672227771519,955,2026.03.18 01:00:00,59.0,5799732942705421399,12203799451337722577,1,54436.0,54436.0,54436.0,2,2,80,1773795600,8535939004663573719,958,2026.03.18 01:59:37,57.0,12203799451337722577,15,54436.0,54436.0,54436.0,2,2,80,1773799177
RG2_JPN225_PERIOD_M5_1773619200_1774047300_3195075028303676313,8614797350142947474,1684,2026.03.19 01:37:38,68.0,5949025395520230598,1836036104960380382,1,53708.0,53710.0,53712.0,2,2,320,1773884258,5487240539008232843,1685,2026.03.19 01:39:16,68.0,1836036104960380382,2,53712.0,53713.0,53715.0,2,2,320,1773884356
RG2_JPN225_PERIOD_M5_1773619200_1774047300_3195075028303676313,16771569063749829600,1193,2026.03.18 06:00:00,61.0,6317843727421396114,5840888404503073398,1,54469.0,55066.0,55660.0,27,6,978,1773813600,7898673997887576326,1299,2026.03.18 08:30:16,64.0,11931061557046531248,139,54469.0,55088.0,55660.0,28,7,986,1773822616
RG2_JPN225_PERIOD_M5_1773619200_1774047300_3195075028303676313,8086596086067749139,1720,2026.03.19 03:00:00,76.0,6689385531279002268,7700803757187806895,1,53712.0,53713.0,53715.0,2,2,272,1773889200,2194388333690175155,1734,2026.03.19 04:36:11,81.0,7700803757187806895,34,53708.0,53710.0,53712.0,2,2,272,1773894971
RG2_JPN225_PERIOD_M5_1773619200_1774047300_3195075028303676313,962306332635247589,544,2026.03.17 02:00:00,63.0,6702508948782810499,15542001919096026339,1,54429.0,54788.0,55278.0,19,6,966,1773712800,8265127745536619767,859,2026.03.17 13:00:00,70.0,105929137365066371,440,54429.0,54779.0,55278.0,19,6,966,1773752400
RG2_JPN225_PERIOD_M5_1773619200_1774047300_3195075028303676313,14250025176708655185,550,2026.03.17 02:01:31,63.0,6996664574598816492,11119786948257968900,1,54182.0,54184.0,54187.0,2,2,320,1773712891,6159862691111697392,553,2026.03.17 02:01:39,63.0,11119786948257968900,4,54176.0,54179.0,54182.0,2,2,320,1773712899
RG2_JPN225_PERIOD_M5_1773619200_1774047300_3195075028303676313,10139196079197953271,1110,2026.03.18 04:00:00,61.0,7327982652245071590,5840888404503073398,1,54457.0,55050.0,55660.0,27,6,978,1773806400,2034221700443907093,1128,2026.03.18 04:21:12,62.0,5840888404503073398,25,54457.0,55053.0,55660.0,27,6,978,1773807672
RG2_JPN225_PERIOD_M5_1773619200_1774047300_3195075028303676313,2133283321725893643,1413,2026.03.18 20:00:00,79.0,7516206561222318780,14905650268290285891,1,54499.0,54976.0,55330.0,21,7,986,1773864000,3133773963952129106,1645,2026.03.18 22:31:07,84.0,14905650268290285891,262,54499.0,54977.0,55330.0,21,7,986,1773873067
RG2_JPN225_PERIOD_M5_1773619200_1774047300_3195075028303676313,18102706581191379261,3055,2026.03.20 20:00:00,118.0,7742072828587601151,638942604332444540,1,53594.0,53594.0,53594.0,2,2,272,1774036800,3380214427761172338,3123,2026.03.20 20:57:16,115.0,638942604332444540,83,53594.0,53594.0,53594.0,2,2,272,1774040236
RG2_JPN225_PERIOD_M5_1773619200_1774047300_3195075028303676313,12445045584489896236,700,2026.03.17 07:00:00,68.0,8178543005559969420,15502564028175283230,1,54250.0,54251.0,54253.0,2,2,272,1773730800,2426673498319499021,763,2026.03.17 07:59:13,69.0,15502564028175283230,75,54250.0,54251.0,54253.0,2,2,272,1773734353
RG2_JPN225_PERIOD_M5_1773619200_1774047300_3195075028303676313,10926840832801986963,231,2026.03.16 12:00:00,80.0,8325878283149900928,10577442436492882386,1,54500.0,54929.0,55329.0,16,6,966,1773662400,2699377571978579044,286,2026.03.16 13:55:00,79.0,10577442436492882386,78,54500.0,54928.0,55329.0,16,6,966,1773669300
RG2_JPN225_PERIOD_M5_1773619200_1774047300_3195075028303676313,9289030874464859630,1328,2026.03.18 14:43:38,67.0,8563801618670107909,12288686098347407,1,54173.0,54177.0,54180.0,2,2,192,1773845018,6769047700084447158,1332,2026.03.18 14:43:40,67.0,12288686098347407,5,54168.0,54171.0,54173.0,2,2,192,1773845020
RG2_JPN225_PERIOD_M5_1773619200_1774047300_3195075028303676313,13158947182470223078,1,2026.03.16 00:00:00,100.0,8865925244717961197,17205869027617742556,1,55939.0,56098.0,56359.0,4,3,896,1773619200,3913393376007298033,499,2026.03.16 22:00:00,73.0,17205869027617742556,731,55939.0,56098.0,56359.0,4,3,896,1773698400
RG2_JPN225_PERIOD_M5_1773619200_1774047300_3195075028303676313,2536498519348000655,1453,2026.03.18 21:00:00,83.0,901424573222605915,2557982525183212642,1,53998.0,54000.0,54001.0,2,2,144,1773867600,3579245737384189215,1536,2026.03.18 21:58:36,85.0,2557982525183212642,97,53998.0,54000.0,54001.0,2,2,144,1773871116
RG2_JPN225_PERIOD_M5_1773619200_1774047300_3195075028303676313,6874634684644189249,1664,2026.03.19 01:00:00,75.0,9075634974238703986,13032073076571329585,1,53553.0,53553.0,53553.0,2,2,80,1773882000,10051148520822701431,1665,2026.03.19 01:05:00,73.0,13032073076571329585,2,53553.0,53557.0,53560.0,2,2,80,1773882300
RG2_JPN225_PERIOD_M5_1773619200_1774047300_3195075028303676313,3913393376007298033,499,2026.03.16 22:00:00,73.0,9588777047137788823,9421845096274198468,1,54429.0,54789.0,55278.0,18,7,982,1773698400,3913393376007298033,499,2026.03.16 22:00:00,73.0,9421845096274198468,1,54429.0,54789.0,55278.0,18,7,982,1773698400
RG2_JPN225_PERIOD_M5_1773619200_1774047300_3195075028303676313,15891438707446967328,1310,2026.03.18 14:33:14,65.0,967647070053570685,16820839679577867826,1,54237.0,54241.0,54244.0,2,2,68,1773844394,13650033716971125785,1312,2026.03.18 14:42:40,67.0,16820839679577867826,5,54235.0,54236.0,54237.0,2,2,68,1773844960
RG2_JPN225_PERIOD_M5_1773619200_1774047300_3195075028303676313,6621725060598020533,2246,2026.03.20 00:01:00,123.0,9869522705767404459,12025561925001387459,1,54164.0,54169.0,54173.0,2,1,128,1773964860,8654325938649785869,2367,2026.03.20 06:00:00,84.0,12025561925001387459,190,54164.0,54169.0,54173.0,2,1,128,1773986400
RG2_JPN225_PERIOD_M5_1773619200_1774047300_3195075028303676313,1131314187078398649,2579,2026.03.20 14:10:00,76.0,9946358773705833501,12025561925001387459,1,54164.0,54169.0,54173.0,2,1,128,1774015800,7572417949886596588,3245,2026.03.20 22:00:00,119.0,12025561925001387459,758,54164.0,54169.0,54173.0,2,1,128,1774044000
RG2_JPN225_PERIOD_M5_1773619200_1774047300_3195075028303676313,9602307043924367097,525,2026.03.17 01:00:00,68.0,996345321211670902,3612865878389189639,1,54231.0,54231.0,54231.0,2,1,16,1773709200,4660801226231820621,543,2026.03.17 01:51:36,64.0,3612865878389189639,30,54231.0,54231.0,54231.0,2,1,16,1773712296
RG2_JPN225_PERIOD_M5_1783900800_1784332500_15138704202311374725,5887663050381782023,4860,2026.07.17 03:50:00,116.0,10014150322074394232,9462544608712091981,1,67873.0,67992.0,68240.0,5,5,916,1784260200,5887663050381782023,4860,2026.07.17 03:50:00,116.0,9462544608712091981,1,67873.0,67992.0,68240.0,5,5,916,1784260200
RG2_JPN225_PERIOD_M5_1783900800_1784332500_15138704202311374725,7310770720650438509,3643,2026.07.16 05:10:00,111.0,10023966016185947314,12200980897320242611,1,68619.0,68626.0,68632.0,2,2,144,1784178600,12396723190373004777,3852,2026.07.16 17:00:00,112.0,12200980897320242611,340,68619.0,68626.0,68632.0,2,2,144,1784221200
RG2_JPN225_PERIOD_M5_1783900800_1784332500_15138704202311374725,1075011472206557960,1907,2026.07.14 14:20:46,114.0,1009761591074384632,7776509066849155153,1,67931.0,67936.0,67940.0,2,2,80,1784038846,2993293617235039577,1919,2026.07.14 14:21:04,114.0,7776509066849155153,13,67940.0,67945.0,67949.0,2,2,80,1784038864
RG2_JPN225_PERIOD_M5_1783900800_1784332500_15138704202311374725,13870291404026286140,1169,2026.07.14 01:02:00,101.0,10167430571869434201,2016820781360861926,1,70306.0,70798.0,71240.0,10,3,896,1783990920,5838115679607677480,2020,2026.07.14 23:00:00,98.0,2016820781360861926,1103,70306.0,70798.0,71240.0,10,3,896,1784070000
RG2_JPN225_PERIOD_M5_1783900800_1784332500_15138704202311374725,12753661271856101060,3436,2026.07.16 03:40:15,93.0,10224180632116539653,16647355978346018423,1,66804.0,66810.0,66815.0,2,2,192,1784173215,6333507242206753603,3457,2026.07.16 03:40:28,93.0,16647355978346018423,22,66794.0,66799.0,66804.0,2,2,192,1784173228
RG2_JPN225_PERIOD_M5_1783900800_1784332500_15138704202311374725,5236461118472080757,3122,2026.07.16 03:00:00,83.0,10337051166888392471,4285909246134953681,1,67854.0,67854.0,67854.0,2,2,80,1784170800,10469868749931071976,3636,2026.07.16 04:34:17,102.0,4285909246134953681,537,67854.0,67854.0,67854.0,2,2,80,1784176457
RG2_JPN225_PERIOD_M5_1783900800_1784332500_15138704202311374725,1987964092238546076,1154,2026.07.13 12:00:00,142.0,10401646206215879319,8706556115634404321,1,67630.0,67668.0,67708.0,3,3,386,1783944000,5300460758206220623,1159,2026.07.13 14:00:00,108.0,13851762277823027281,25,67630.0,67673.0,67708.0,4,4,402,1783951200
RG2_JPN225_PERIOD_M5_1783900800_1784332500_15138704202311374725,9590224607939182739,1956,2026.07.14 14:25:41,113.0,10606380239344041744,15019745245639000376,1,68054.0,68061.0,68068.0,2,2,320,1784039141,13941533741456656390,1974,2026.07.14 14:33:01,112.0,15019745245639000376,21,68068.0,68074.0,68080.0,2,2,320,1784039581
RG2_JPN225_PERIOD_M5_1783900800_1784332500_15138704202311374725,10561456079641549279,2021,2026.07.15 00:00:30,87.0,10826595056538198283,10835635310077986007,1,69287.0,69803.0,70270.0,21,5,962,1784073630,12313258472652360889,2894,2026.07.15 23:00:00,96.0,10997289108162374266,1125,69287.0,69783.0,70267.0,20,5,962,1784156400
RG2_JPN225_PERIOD_M5_1783900800_1784332500_15138704202311374725,91615050157477859,5524,2026.07.17 12:10:00,167.0,10992785459821227377,17159988832983247510,1,67686.0,67687.0,67689.0,2,2,384,1784290200,91615050157477859,5524,2026.07.17 12:10:00,167.0,17159988832983247510,1,67686.0,67687.0,67689.0,2,2,384,1784290200
RG2_JPN225_PERIOD_M5_1783900800_1784332500_15138704202311374725,4156703142954747986,2895,2026.07.16 01:05:30,94.0,11018851637368969652,1748063800519943411,1,67570.0,67607.0,67646.0,2,2,130,1784163930,3333204721125595439,3121,2026.07.16 02:59:42,83.0,1748063800519943411,251,67570.0,67607.0,67646.0,2,2,130,1784170782
RG2_JPN225_PERIOD_M5_1783900800_1784332500_15138704202311374725,10561456079641549279,2021,2026.07.15 00:00:30,87.0,11042807910136500618,12994535117353323179,1,66291.0,66349.0,66550.0,3,3,448,1784073630,12313258472652360889,2894,2026.07.15 23:00:00,96.0,12994535117353323179,1125,66291.0,66349.0,66550.0,3,3,448,1784156400
RG2_JPN225_PERIOD_M5_1783900800_1784332500_15138704202311374725,10725451109048461799,2036,2026.07.15 01:23:25,86.0,1104812172665916137,14787207861555558880,1,68322.0,68326.0,68330.0,2,2,68,1784078605,10253472735785671635,2039,2026.07.15 01:24:37,86.0,14787207861555558880,4,68330.0,68334.0,68339.0,2,2,68,1784078677
RG2_JPN225_PERIOD_M5_1783900800_1784332500_15138704202311374725,6476317504638282491,5520,2026.07.17 09:00:00,161.0,11206700736272507369,14759834199689743441,1,65886.0,65886.0,65886.0,2,2,80,1784278800,6476317504638282491,5520,2026.07.17 09:00:00,161.0,14759834199689743441,1,65886.0,65886.0,65886.0,2,2,80,1784278800
RG2_JPN225_PERIOD_M5_1783900800_1784332500_15138704202311374725,14997528951580088626,1,2026.07.13 01:02:30,80.0,11444619820156484103,15605313280941598623,1,68259.0,68487.0,68739.0,8,5,976,1783904550,2071962474583836484,1148,2026.07.13 08:30:41,154.0,358567035205296334,1242,68259.0,68511.0,68739.0,7,4,912,1783931441
RG2_JPN225_PERIOD_M5_1783900800_1784332500_15138704202311374725,4156703142954747986,2895,2026.07.16 01:05:30,94.0,11577565271496928570,13672482907595144248,1,67896.0,68091.0,68245.0,7,5,916,1784163930,5074329917698063236,4155,2026.07.17 02:59:41,94.0,5333539610331235405,1546,67896.0,68025.0,68240.0,4,4,900,1784257181
RG2_JPN225_PERIOD_M5_1783900800_1784332500_15138704202311374725,7152815149066421942,766,2026.07.13 05:00:00,115.0,11622310367855910367,6373821589653552721,1,69122.0,69122.0,69122.0,2,2,80,1783918800,5768405066481204115,1013,2026.07.13 07:52:14,145.0,6373821589653552721,285,69122.0,69122.0,69122.0,2,2,80,1783929134
RG2_JPN225_PERIOD_M5_1783900800_1784332500_15138704202311374725,15000851214533817561,1324,2026.07.14 02:48:40,86.0,11816921981866518866,4774255655227437687,1,66484.0,66489.0,66494.0,2,2,192,1783997320,1956717011482485137,1339,2026.07.14 02:50:30,88.0,8218088047664477378,17,66455.0,66459.0,66463.0,2,2,320,1783997430
RG2_JPN225_PERIOD_M5_1783900800_1784332500_15138704202311374725,7097462213730359637,2013,2026.07.14 18:00:00,110.0,11891862587092005036,16708207500657612869,1,68764.0,68806.0,68833.0,3,3,274,1784052000,17808417393025014740,2382,2026.07.15 05:00:00,94.0,9961594478297295486,478,68764.0,68800.0,68833.0,3,3,322,1784091600
RG2_JPN225_PERIOD_M5_1783900800_1784332500_15138704202311374725,13870291404026286140,1169,2026.07.14 01:02:00,101.0,11970893154120641057,7565010912563563015,1,65167.0,65561.0,65974.0,8,4,960,1783990920,12313258472652360889,2894,2026.07.15 23:00:00,96.0,2358014193923446118,2239,65167.0,65588.0,66060.0,7,3,896,1784156400
RG2_JPN225_PERIOD_M5_1783900800_1784332500_15138704202311374725,12407440793457617512,2101,2026.07.15 03:11:28,71.0,12315975421388628212,9662092341713421645,1,68522.0,68526.0,68529.0,2,2,192,1784085088,3650969396189047411,2106,2026.07.15 03:11:30,71.0,9662092341713421645,6,68529.0,68533.0,68536.0,2,2,192,1784085090
RG2_JPN225_PERIOD_M5_1783900800_1784332500_15138704202311374725,14997528951580088626,1,2026.07.13 01:02:30,80.0,12597735940791076789,11010632937823274010,1,66845.0,67076.0,67378.0,5,4,898,1783904550,10719563279652068422,702,2026.07.13 04:49:56,112.0,11010632937823274010,752,66845.0,67076.0,67378.0,5,4,898,1783918196
RG2_JPN225_PERIOD_M5_1783900800_1784332500_15138704202311374725,6809746277630069885,2081,2026.07.15 03:00:00,68.0,12825725442421245741,12673360247801572605,1,68312.0,68312.0,68312.0,2,2,20,1784084400,3372904126835065662,2238,2026.07.15 03:18:41,73.0,12673360247801572605,161,68312.0,68312.0,68312.0,2,2,20,1784085521
RG2_JPN225_PERIOD_M5_1783900800_1784332500_15138704202311374725,1491124170157389178,1167,2026.07.13 22:00:00,103.0,12859917407661964712,12820728048031545118,1,68025.0,68027.0,68029.0,2,2,272,1783980000,1491124170157389178,1167,2026.07.13 22:00:00,103.0,12820728048031545118,1,68025.0,68027.0,68029.0,2,2,272,1783980000
RG2_JPN225_PERIOD_M5_1783900800_1784332500_15138704202311374725,14997528951580088626,1,2026.07.13 01:02:30,80.0,13178990017602429594,11444726638964647557,1,68816.0,68849.0,68901.0,3,3,274,1783904550,3798482637238676526,9,2026.07.13 01:09:59,83.0,11444726638964647557,9,68816.0,68849.0,68901.0,3,3,274,1783904999
RG2_JPN225_PERIOD_M5_1783900800_1784332500_15138704202311374725,2795970497637490386,966,2026.07.13 07:10:00,139.0,13231212972044051205,17797997491387020109,1,69372.0,69400.0,69427.0,2,2,192,1783926600,4329520019469626178,1155,2026.07.13 12:05:00,140.0,17797997491387020109,244,69372.0,69400.0,69427.0,2,2,192,1783944300
RG2_JPN225_PERIOD_M5_1783900800_1784332500_15138704202311374725,13573306492896603949,5518,2026.07.17 08:00:00,150.0,13742911457092593172,17159988832983247510,1,67686.0,67687.0,67689.0,2,2,384,1784275200,16231804468738306948,5519,2026.07.17 08:25:00,153.0,17159988832983247510,6,67686.0,67687.0,67689.0,2,2,384,1784276700
RG2_JPN225_PERIOD_M5_1783900800_1784332500_15138704202311374725,13870291404026286140,1169,2026.07.14 01:02:00,101.0,13817201891593837920,3144330373769523280,1,69287.0,69784.0,70271.0,19,5,962,1783990920,5838115679607677480,2020,2026.07.14 23:00:00,98.0,4490196886039229438,1103,69287.0,69766.0,70267.0,19,5,962,1784070000
RG2_JPN225_PERIOD_M5_1783900800_1784332500_15138704202311374725,5317203400384222574,3621,2026.07.16 04:13:37,98.0,14082793615913312421,10971808000184776509,1,65167.0,65949.0,66568.0,15,4,960,1784175217,2368270115359366018,3624,2026.07.16 04:13:38,98.0,10971808000184776509,4,65167.0,65949.0,66568.0,15,4,960,1784175218
RG2_JPN225_PERIOD_M5_1783900800_1784332500_15138704202311374725,9254642733856989095,1290,2026.07.14 02:45:42,86.0,143248063541339708,8358549494691282140,1,66568.0,66573.0,66578.0,2,2,320,1783997142,6784561971360054446,1296,2026.07.14 02:46:38,86.0,8358549494691282140,7,66560.0,66564.0,66568.0,2,2,320,1783997198
RG2_JPN225_PERIOD_M5_1783900800_1784332500_15138704202311374725,3097917619804726883,5077,2026.07.17 07:00:00,136.0,14404929589634541226,8821458356028203564,1,66903.0,66961.0,67010.0,2,2,10,1784271600,4495950597327686065,5538,2026.07.17 23:00:00,138.0,8821458356028203564,637,66914.0,66966.0,67018.0,2,2,10,1784329200
RG2_JPN225_PERIOD_M5_1783900800_1784332500_15138704202311374725,1809253899965674511,1149,2026.07.13 08:35:00,157.0,1442370566853651370,7601698097152187865,1,67896.0,68268.0,68739.0,14,4,912,1783931700,589100496905325866,1152,2026.07.13 11:00:00,170.0,7601698097152187865,30,67896.0,68268.0,68739.0,14,4,912,1783940400
RG2_JPN225_PERIOD_M5_1783900800_1784332500_15138704202311374725,18299730445217313831,2087,2026.07.15 03:10:00,71.0,14464876900807787296,3780731813284764710,1,71151.0,71155.0,71160.0,2,2,384,1784085000,12313258472652360889,2894,2026.07.15 23:00:00,96.0,3780731813284764710,1039,71151.0,71155.0,71160.0,2,2,384,1784156400
RG2_JPN225_PERIOD_M5_1783900800_1784332500_15138704202311374725,14997528951580088626,1,2026.07.13 01:02:30,80.0,14604401722905477098,18015005080294405570,1,65464.0,65737.0,65974.0,4,3,896,1783904550,26249841234482217,1168,2026.07.13 23:00:00,103.0,18015005080294405570,1414,65464.0,65737.0,65974.0,4,3,896,1783983600
RG2_JPN225_PERIOD_M5_1783900800_1784332500_15138704202311374725,12067513771816285623,2400,2026.07.15 09:00:00,114.0,14607561776332980312,5590226606169594610,1,68417.0,68459.0,68487.0,2,2,130,1784106000,6629264910013144965,2411,2026.07.15 12:00:00,107.0,5590226606169594610,45,68407.0,68454.0,68480.0,2,2,130,1784116800
RG2_JPN225_PERIOD_M5_1783900800_1784332500_15138704202311374725,7314247870450685409,4156,2026.07.17 03:00:00,96.0,14944048559948617777,9396593049006828051,1,67896.0,68068.0,68240.0,3,3,896,1784257200,4495950597327686065,5538,2026.07.17 23:00:00,138.0,9396593049006828051,1608,67896.0,68068.0,68240.0,3,3,896,1784329200
RG2_JPN225_PERIOD_M5_1783900800_1784332500_15138704202311374725,18239223734029434464,57,2026.07.13 03:00:00,78.0,14952312061693343001,11444726638964647557,1,68816.0,68849.0,68901.0,3,3,274,1783911600,13406686759863318625,353,2026.07.13 03:58:15,99.0,11444726638964647557,311,68816.0,68849.0,68901.0,3,3,274,1783915095
RG2_JPN225_PERIOD_M5_1783900800_1784332500_15138704202311374725,10035741967905001481,5445,2026.07.17 07:38:30,142.0,15196781489617459922,8808127294234553999,1,62899.0,62907.0,62915.0,2,2,192,1784273910,8504112057471790671,5457,2026.07.17 07:38:40,142.0,8808127294234553999,13,62883.0,62891.0,62899.0,2,2,192,1784273920
RG2_JPN225_PERIOD_M5_1783900800_1784332500_15138704202311374725,13820876012243193662,5148,2026.07.17 07:04:39,136.0,15315322060100915207,6315770905464009436,1,63591.0,63599.0,63607.0,2,2,320,1784271879,16993795118309033004,5164,2026.07.17 07:10:34,137.0,6315770905464009436,20,63578.0,63585.0,63591.0,2,2,320,1784272234
RG2_JPN225_PERIOD_M5_1783900800_1784332500_15138704202311374725,5059169884984249620,5532,2026.07.17 18:40:00,155.0,15575236365470436588,12462853750405430269,1,67833.0,67843.0,67854.0,2,2,192,1784313600,4253769214121766665,5533,2026.07.17 19:00:00,155.0,12462853750405430269,5,67833.0,67843.0,67854.0,2,2,192,1784314800
RG2_JPN225_PERIOD_M5_1783900800_1784332500_15138704202311374725,8207493288779733091,1162,2026.07.13 17:00:00,91.0,1560192420825609353,13851762277823027281,1,67623.0,67657.0,67708.0,4,4,402,1783962000,17286284228671929911,1164,2026.07.13 19:00:00,95.0,8706556115634404321,24,67630.0,67668.0,67708.0,3,3,386,1783969200
RG2_JPN225_PERIOD_M5_1783900800_1784332500_15138704202311374725,16068524483393653915,2413,2026.07.15 14:00:00,82.0,15810714698474158631,5029800426256698549,1,68333.0,68366.0,68407.0,3,3,274,1784124000,12123539551895008262,2414,2026.07.15 15:00:00,82.0,5029800426256698549,13,68333.0,68366.0,68407.0,3,3,274,1784127600
RG2_JPN225_PERIOD_M5_1783900800_1784332500_15138704202311374725,17479868675651176497,1397,2026.07.14 03:08:42,96.0,15828637435944349766,1429002259664764047,1,66291.0,66297.0,66302.0,2,2,192,1783998522,5838115679607677480,2020,2026.07.14 23:00:00,98.0,1429002259664764047,849,66291.0,66293.0,66294.0,2,2,192,1784070000
RG2_JPN225_PERIOD_M5_1783900800_1784332500_15138704202311374725,16227489776515992746,2012,2026.07.14 17:00:00,102.0,16025681600007441330,10897318387217532373,1,69150.0,69183.0,69223.0,2,2,18,1784048400,4225899148445669041,2017,2026.07.14 21:00:00,105.0,10897318387217532373,48,69150.0,69183.0,69223.0,2,2,18,1784062800
RG2_JPN225_PERIOD_M5_1783900800_1784332500_15138704202311374725,16086310186663132297,4050,2026.07.17 01:01:30,105.0,16336594330867408669,12205113969208604572,1,64284.0,64458.0,64683.0,5,3,896,1784250090,4495950597327686065,5538,2026.07.17 23:00:00,138.0,1316876564631109074,1737,64284.0,64433.0,64683.0,6,4,912,1784329200
RG2_JPN225_PERIOD_M5_1783900800_1784332500_15138704202311374725,12075170890184909239,1153,2026.07.13 11:35:00,155.0,16463200189553976255,358567035205296334,1,68259.0,68511.0,68739.0,7,4,912,1783942500,26249841234482217,1168,2026.07.13 23:00:00,103.0,2685087956962250704,134,68259.0,68529.0,68739.0,8,5,916,1783983600
RG2_JPN225_PERIOD_M5_1783900800_1784332500_15138704202311374725,12046220662544489926,3647,2026.07.16 09:00:00,139.0,16541641571303831901,5928904616862572301,1,66568.0,66569.0,66569.0,2,2,272,1784192400,12046220662544489926,3647,2026.07.16 09:00:00,139.0,5928904616862572301,1,66568.0,66569.0,66569.0,2,2,272,1784192400
RG2_JPN225_PERIOD_M5_1783900800_1784332500_15138704202311374725,14997528951580088626,1,2026.07.13 01:02:30,80.0,16770816201249695118,5275654850662869814,1,70306.0,70872.0,71397.0,13,3,896,1783904550,7634207244105197493,1166,2026.07.13 21:00:00,100.0,5275654850662869814,1392,70306.0,70872.0,71397.0,13,3,896,1783976400
RG2_JPN225_PERIOD_M5_1783900800_1784332500_15138704202311374725,16086310186663132297,4050,2026.07.17 01:01:30,105.0,16848824070958150359,7667859528389108027,1,66914.0,66966.0,67018.0,2,2,10,1784250090,5887663050381782023,4860,2026.07.17 03:50:00,116.0,7667859528389108027,843,66914.0,66966.0,67018.0,2,2,10,1784260200
RG2_JPN225_PERIOD_M5_1783900800_1784332500_15138704202311374725,212507877519729893,220,2026.07.13 03:52:32,98.0,17036310334603723769,13796521762881681951,1,67864.0,68289.0,68739.0,18,6,978,1783914752,6204040215739368333,221,2026.07.13 03:52:37,98.0,13796521762881681951,2,67864.0,68288.0,68739.0,18,6,978,1783914757
RG2_JPN225_PERIOD_M5_1783900800_1784332500_15138704202311374725,12075170890184909239,1153,2026.07.13 11:35:00,155.0,17051479002292016446,1114572869456825492,1,67896.0,68025.0,68240.0,7,4,912,1783942500,3344980165603001292,1953,2026.07.14 14:24:38,114.0,4784826686174401848,1087,68029.0,68035.0,68041.0,2,2,320,1784039078
RG2_JPN225_PERIOD_M5_1783900800_1784332500_15138704202311374725,11037075348864071441,2607,2026.07.15 17:42:39,84.0,17196682655327406676,5047013067156385623,1,67475.0,67479.0,67484.0,2,2,192,1784137359,6842614522299763192,2621,2026.07.15 18:02:04,86.0,5047013067156385623,19,67465.0,67470.0,67475.0,2,2,192,1784138524
RG2_JPN225_PERIOD_M5_1783900800_1784332500_15138704202311374725,15730929498955997818,2409,2026.07.15 11:00:00,120.0,17246976880850476551,17159988832983247510,1,67686.0,67687.0,67689.0,2,2,384,1784113200,4495950597327686065,5538,2026.07.17 23:00:00,138.0,15111830507405596655,3791,67606.0,67662.0,67714.0,4,3,386,1784329200
RG2_JPN225_PERIOD_M5_1783900800_1784332500_15138704202311374725,1491124170157389178,1167,2026.07.13 22:00:00,103.0,17369548054872515899,7921337710011057534,1,69593.0,70394.0,71397.0,27,5,962,1783980000,1491124170157389178,1167,2026.07.13 22:00:00,103.0,7921337710011057534,1,69593.0,70394.0,71397.0,27,5,962,1783980000
RG2_JPN225_PERIOD_M5_1783900800_1784332500_15138704202311374725,11659831877827454673,532,2026.07.13 04:28:42,106.0,1772389588965887168,8157202142967807754,1,67686.0,67691.0,67697.0,2,2,320,1783916922,9086275539507715269,546,2026.07.13 04:30:24,106.0,8157202142967807754,16,67673.0,67679.0,67686.0,2,2,320,1783917024
RG2_JPN225_PERIOD_M5_1783900800_1784332500_15138704202311374725,7057662415973836099,3855,2026.07.16 18:05:00,111.0,17746239682106559251,12200980897320242611,1,68619.0,68626.0,68632.0,2,2,144,1784225100,16207060083700400575,4048,2026.07.16 23:00:00,114.0,12200980897320242611,255,68619.0,68626.0,68632.0,2,2,144,1784242800
RG2_JPN225_PERIOD_M5_1783900800_1784332500_15138704202311374725,14997528951580088626,1,2026.07.13 01:02:30,80.0,17751189813043861842,8797887248137151859,1,69593.0,69948.0,70291.0,14,5,962,1783904550,7634207244105197493,1166,2026.07.13 21:00:00,100.0,6375692498814813169,1392,69593.0,69948.0,70291.0,14,5,962,1783976400
RG2_JPN225_PERIOD_M5_1783900800_1784332500_15138704202311374725,4156703142954747986,2895,2026.07.16 01:05:30,94.0,1792979394676520477,14795590114189399078,1,70458.0,70459.0,70460.0,2,2,384,1784163930,4495950597327686065,5538,2026.07.17 23:00:00,138.0,14795590114189399078,3156,70458.0,70459.0,70460.0,2,2,384,1784329200
RG2_JPN225_PERIOD_M5_1783900800_1784332500_15138704202311374725,4026248099078813657,1980,2026.07.14 15:00:00,106.0,18388799291051374602,14941672377499476162,1,67623.0,67659.0,67708.0,3,3,274,1784041200,2485792683796748511,2410,2026.07.15 11:35:00,114.0,15065674975463488839,647,67596.0,67621.0,67670.0,3,3,146,1784115300
RG2_JPN225_PERIOD_M5_1783900800_1784332500_15138704202311374725,2051102886840514042,1945,2026.07.14 14:24:34,114.0,1849055752886134408,7242697874632844664,1,67896.0,68061.0,68240.0,5,3,896,1784039074,12313258472652360889,2894,2026.07.15 23:00:00,96.0,6531049121576689614,1306,67896.0,68047.0,68240.0,7,4,912,1784156400
RG2_JPN225_PERIOD_M5_1783900800_1784332500_15138704202311374725,11222041136016110619,1565,2026.07.14 04:00:00,127.0,2048525802630923575,11852265698073313782,1,68575.0,68580.0,68584.0,2,2,132,1784001600,4266332432350697075,1645,2026.07.14 04:27:41,134.0,11852265698073313782,89,68575.0,68580.0,68584.0,2,2,132,1784003261
RG2_JPN225_PERIOD_M5_1783900800_1784332500_15138704202311374725,5933430506829833791,2018,2026.07.14 22:00:00,102.0,206049425020404860,15712888174368390739,1,67940.0,67946.0,67952.0,2,1,16,1784066400,5933430506829833791,2018,2026.07.14 22:00:00,102.0,15712888174368390739,1,67940.0,67946.0,67952.0,2,1,16,1784066400
RG2_JPN225_PERIOD_M5_1783900800_1784332500_15138704202311374725,6277408579751026918,106,2026.07.13 03:06:41,82.0,2295538961456563754,14078902339360731536,1,68955.0,68960.0,68964.0,2,2,68,1783912001,14704501126190192957,117,2026.07.13 03:10:28,84.0,14078902339360731536,13,68964.0,68969.0,68974.0,2,2,68,1783912228
RG2_JPN225_PERIOD_M5_1783900800_1784332500_15138704202311374725,14997528951580088626,1,2026.07.13 01:02:30,80.0,2471491456804254173,9742553285017130127,1,67399.0,67431.0,67475.0,3,3,448,1783904550,10719563279652068422,702,2026.07.13 04:49:56,112.0,1892070690280283980,752,67392.0,67421.0,67475.0,4,3,448,1783918196
RG2_JPN225_PERIOD_M5_1783900800_1784332500_15138704202311374725,16640650520370746474,1647,2026.07.14 06:00:00,152.0,2668891631291834085,1482278606053943309,1,66568.0,66575.0,66581.0,2,2,272,1784008800,16640650520370746474,1647,2026.07.14 06:00:00,152.0,1482278606053943309,1,66568.0,66575.0,66581.0,2,2,272,1784008800
RG2_JPN225_PERIOD_M5_1783900800_1784332500_15138704202311374725,10308536310390576563,2383,2026.07.15 06:00:00,97.0,2694011663927198745,13197570392727479829,1,68417.0,68468.0,68487.0,3,3,146,1784095200,10308536310390576563,2383,2026.07.15 06:00:00,97.0,13197570392727479829,1,68417.0,68468.0,68487.0,3,3,146,1784095200
RG2_JPN225_PERIOD_M5_1783900800_1784332500_15138704202311374725,10971364270221501236,857,2026.07.13 07:00:00,137.0,2764681309600781136,15554975696575823245,1,67672.0,67679.0,67686.0,2,2,272,1783926000,5768405066481204115,1013,2026.07.13 07:52:14,145.0,15554975696575823245,169,67672.0,67679.0,67686.0,2,2,272,1783929134
RG2_JPN225_PERIOD_M5_1783900800_1784332500_15138704202311374725,16231804468738306948,5519,2026.07.17 08:25:00,153.0,2882742434645017732,12462853750405430269,1,67833.0,67843.0,67854.0,2,2,192,1784276700,15932448723123145871,5526,2026.07.17 14:00:00,154.0,12462853750405430269,68,67833.0,67843.0,67854.0,2,2,192,1784296800
RG2_JPN225_PERIOD_M5_1783900800_1784332500_15138704202311374725,11361263181483345780,3773,2026.07.16 13:00:00,129.0,2889538949648146436,5928904616862572301,1,66557.0,66563.0,66568.0,2,2,272,1784206800,11361263181483345780,3773,2026.07.16 13:00:00,129.0,5928904616862572301,1,66557.0,66563.0,66568.0,2,2,272,1784206800
RG2_JPN225_PERIOD_M5_1783900800_1784332500_15138704202311374725,10457377969605079606,1843,2026.07.14 09:00:00,179.0,2902142659336436098,8024048903393978406,1,68465.0,68472.0,68478.0,2,2,132,1784019600,824831746789306335,1846,2026.07.14 11:25:00,176.0,8024048903393978406,30,68452.0,68458.0,68465.0,2,2,132,1784028300
RG2_JPN225_PERIOD_M5_1783900800_1784332500_15138704202311374725,16923614126112628821,4443,2026.07.17 03:11:40,101.0,2914328728177083948,8458498446174985994,1,64897.0,64903.0,64908.0,2,2,320,1784257900,2424214146796653204,4458,2026.07.17 03:12:03,101.0,8458498446174985994,16,64886.0,64892.0,64897.0,2,2,320,1784257923
RG2_JPN225_PERIOD_M5_1783900800_1784332500_15138704202311374725,8556508007767700569,703,2026.07.13 04:49:57,112.0,2920516133001105081,37892652456511013,1,66845.0,67229.0,67475.0,9,5,962,1783918197,11819820913535068559,707,2026.07.13 04:49:58,112.0,37892652456511013,5,66845.0,67228.0,67475.0,9,5,962,1783918198
RG2_JPN225_PERIOD_M5_1783900800_1784332500_15138704202311374725,13790470284563370879,4077,2026.07.17 02:00:00,99.0,29909954669926377,14759834199689743441,1,65885.0,65885.0,65885.0,2,2,80,1784253600,15487591526798551927,4952,2026.07.17 05:37:40,132.0,14759834199689743441,920,65886.0,65886.0,65886.0,2,2,80,1784266660
RG2_JPN225_PERIOD_M5_1783900800_1784332500_15138704202311374725,7634207244105197493,1166,2026.07.13 21:00:00,100.0,3025953524555779285,16977896988700108386,1,67547.0,67587.0,67630.0,3,2,18,1783976400,8245984211597536765,1847,2026.07.14 12:00:00,150.0,18429741218279711586,842,67606.0,67615.0,67623.0,2,2,144,1784030400
RG2_JPN225_PERIOD_M5_1783900800_1784332500_15138704202311374725,1314368593345595072,354,2026.07.13 04:00:00,101.0,3074660755995912924,16078741661935510297,1,68862.0,68916.0,68952.0,5,5,406,1783915200,4030798869660177619,1157,2026.07.13 12:25:00,133.0,13525444026505604093,902,68826.0,68827.0,68827.0,2,2,20,1783945500
RG2_JPN225_PERIOD_M5_1783900800_1784332500_15138704202311374725,5933430506829833791,2018,2026.07.14 22:00:00,102.0,3238188599638421620,17735690075350859798,1,68352.0,68356.0,68360.0,2,2,132,1784066400,5838115679607677480,2020,2026.07.14 23:00:00,98.0,17735690075350859798,13,68350.0,68351.0,68352.0,2,2,132,1784070000
RG2_JPN225_PERIOD_M5_1783900800_1784332500_15138704202311374725,16640650520370746474,1647,2026.07.14 06:00:00,152.0,3248379957999135457,12222793696373222222,1,68529.0,68530.0,68532.0,2,2,132,1784008800,16640650520370746474,1647,2026.07.14 06:00:00,152.0,12222793696373222222,1,68529.0,68530.0,68532.0,2,2,132,1784008800
RG2_JPN225_PERIOD_M5_1783900800_1784332500_15138704202311374725,7798538936418225288,4362,2026.07.17 03:09:37,98.0,3290464415135858506,3707934784383960303,1,65083.0,65088.0,65094.0,2,2,192,1784257777,698408630807499547,4372,2026.07.17 03:09:40,98.0,3707934784383960303,11,65071.0,65077.0,65083.0,2,2,192,1784257780
RG2_JPN225_PERIOD_M5_1783900800_1784332500_15138704202311374725,14991544639472718979,10,2026.07.13 02:00:00,86.0,3567819248940898840,6373821589653552721,1,68936.0,68936.0,68936.0,2,2,80,1783908000,4974017014804703317,101,2026.07.13 03:05:41,82.0,6373821589653552721,106,68936.0,68941.0,68945.0,2,2,80,1783911941
RG2_JPN225_PERIOD_M5_1783900800_1784332500_15138704202311374725,5993581405682324522,3481,2026.07.16 03:41:37,93.0,3583154956233866710,5269246053446169207,1,66757.0,66762.0,66767.0,2,2,192,1784173297,2766243964489660885,3494,2026.07.16 03:41:42,93.0,5269246053446169207,14,66749.0,66753.0,66757.0,2,2,192,1784173302
RG2_JPN225_PERIOD_M5_1783900800_1784332500_15138704202311374725,11956711389451472621,5536,2026.07.17 21:00:00,135.0,3739835728949495915,12039537704911740687,1,67317.0,67318.0,67319.0,2,2,260,1784322000,11956711389451472621,5536,2026.07.17 21:00:00,135.0,12039537704911740687,1,67317.0,67318.0,67319.0,2,2,260,1784322000
RG2_JPN225_PERIOD_M5_1783900800_1784332500_15138704202311374725,26249841234482217,1168,2026.07.13 23:00:00,103.0,3882181461425732053,5275654850662869814,1,70306.0,70872.0,71397.0,13,3,896,1783983600,26249841234482217,1168,2026.07.13 23:00:00,103.0,5275654850662869814,1,70306.0,70872.0,71397.0,13,3,896,1783983600
RG2_JPN225_PERIOD_M5_1783900800_1784332500_15138704202311374725,8924259105443700120,5106,2026.07.17 07:02:29,136.0,3904885401955991031,4745591334384426839,1,63651.0,63659.0,63667.0,2,2,192,1784271749,14064180803864002999,5127,2026.07.17 07:03:24,136.0,4745591334384426839,22,63636.0,63644.0,63651.0,2,2,192,1784271804
RG2_JPN225_PERIOD_M5_1783900800_1784332500_15138704202311374725,6809746277630069885,2081,2026.07.15 03:00:00,68.0,3959988311863674297,15642913538627309598,1,68382.0,68384.0,68386.0,2,2,272,1784084400,3372904126835065662,2238,2026.07.15 03:18:41,73.0,15642913538627309598,161,68382.0,68384.0,68386.0,2,2,272,1784085521
RG2_JPN225_PERIOD_M5_1783900800_1784332500_15138704202311374725,12075170890184909239,1153,2026.07.13 11:35:00,155.0,4068173428111565210,13681102287857915378,1,68862.0,68897.0,68952.0,3,3,386,1783942500,16227489776515992746,2012,2026.07.14 17:00:00,102.0,8465336258228397701,1177,68826.0,68852.0,68903.0,3,3,274,1784048400
RG2_JPN225_PERIOD_M5_1783900800_1784332500_15138704202311374725,8084555417339777156,601,2026.07.13 04:32:14,106.0,4167741329921949484,7409795556338291644,1,67547.0,67553.0,67559.0,2,2,80,1783917134,5572244004387675362,616,2026.07.13 04:44:03,109.0,7409795556338291644,19,67534.0,67541.0,67547.0,2,2,80,1783917843
RG2_JPN225_PERIOD_M5_1783900800_1784332500_15138704202311374725,5838115679607677480,2020,2026.07.14 23:00:00,98.0,4388333604838646596,2969760625110549457,1,68619.0,68620.0,68620.0,2,2,80,1784070000,15464069901443733896,2167,2026.07.15 03:14:42,71.0,11084006916478206929,180,68554.0,68620.0,68620.0,2,2,80,1784085282
RG2_JPN225_PERIOD_M5_1783900800_1784332500_15138704202311374725,7607512120260286067,4335,2026.07.17 03:09:17,98.0,4757519116399944798,16688648318528000030,1,65167.0,65785.0,66405.0,15,4,912,1784257757,4495950597327686065,5538,2026.07.17 23:00:00,138.0,8996527022091299400,1430,65167.0,65803.0,66405.0,13,4,912,1784329200
RG2_JPN225_PERIOD_M5_1783900800_1784332500_15138704202311374725,2315798055240351533,2014,2026.07.14 19:00:00,114.0,4820477407170807682,1439086725455485886,1,66463.0,66473.0,66484.0,3,3,400,1784055600,1079852373989818564,2015,2026.07.14 19:35:00,111.0,9425721094468164245,8,66463.0,66467.0,66471.0,2,2,272,1784057700
RG2_JPN225_PERIOD_M5_1783900800_1784332500_15138704202311374725,14997528951580088626,1,2026.07.13 01:02:30,80.0,4865879264571493786,3037913584127306516,1,68998.0,69002.0,69005.0,2,2,384,1783904550,4495950597327686065,5538,2026.07.17 23:00:00,138.0,3831663811013200890,6831,69005.0,69066.0,69122.0,4,3,448,1784329200
RG2_JPN225_PERIOD_M5_1783900800_1784332500_15138704202311374725,2940673877210168668,4414,2026.07.17 03:11:28,101.0,4889124358084526336,14314807551904216919,1,64976.0,64981.0,64986.0,2,2,192,1784257888,4012649799495424484,4422,2026.07.17 03:11:30,101.0,14314807551904216919,9,64965.0,64971.0,64976.0,2,2,192,1784257890
RG2_JPN225_PERIOD_M5_1783900800_1784332500_15138704202311374725,15730929498955997818,2409,2026.07.15 11:00:00,120.0,5073185537331913493,15319241809920578450,1,68858.0,68891.0,68922.0,3,3,194,1784113200,12313258472652360889,2894,2026.07.15 23:00:00,96.0,5506818305445971505,624,68876.0,68913.0,68934.0,2,2,130,1784156400
RG2_JPN225_PERIOD_M5_1783900800_1784332500_15138704202311374725,16086310186663132297,4050,2026.07.17 01:01:30,105.0,508244677549382216,13340473345994960711,1,67960.0,68345.0,68652.0,9,4,912,1784250090,4495950597327686065,5538,2026.07.17 23:00:00,138.0,9434390625654093850,1737,67960.0,68341.0,68652.0,10,5,914,1784329200
RG2_JPN225_PERIOD_M5_1783900800_1784332500_15138704202311374725,1987964092238546076,1154,2026.07.13 12:00:00,142.0,5204946184756053116,15985479461480778899,1,67401.0,67410.0,67418.0,2,2,272,1783944000,1987964092238546076,1154,2026.07.13 12:00:00,142.0,15985479461480778899,1,67401.0,67410.0,67418.0,2,2,272,1783944000
RG2_JPN225_PERIOD_M5_1783900800_1784332500_15138704202311374725,8742721722328065804,553,2026.07.13 04:30:26,106.0,522603878617429882,541591667083270999,1,67649.0,67655.0,67661.0,2,2,192,1783917026,11848235760698086529,566,2026.07.13 04:30:35,106.0,541591667083270999,14,67638.0,67644.0,67649.0,2,2,192,1783917035
RG2_JPN225_PERIOD_M5_1783900800_1784332500_15138704202311374725,16115615241517234418,3052,2026.07.16 02:52:39,83.0,5267697922006547367,8798533592903927127,1,67475.0,67479.0,67483.0,2,2,192,1784170359,11489591248613587957,3061,2026.07.16 02:52:42,83.0,8798533592903927127,10,67465.0,67470.0,67475.0,2,2,192,1784170362
RG2_JPN225_PERIOD_M5_1783900800_1784332500_15138704202311374725,9715991337356111882,2893,2026.07.15 22:00:00,94.0,5359540041605377200,15065674975463488839,1,67570.0,67612.0,67646.0,3,3,146,1784152800,9715991337356111882,2893,2026.07.15 22:00:00,94.0,15065674975463488839,1,67570.0,67612.0,67646.0,3,3,146,1784152800
RG2_JPN225_PERIOD_M5_1783900800_1784332500_15138704202311374725,636096856878798191,3619,2026.07.16 04:00:00,96.0,5396051426391603825,1748063800519943411,1,67570.0,67607.0,67646.0,2,2,130,1784174400,13927275205542788879,3942,2026.07.16 21:58:15,113.0,1748063800519943411,524,67570.0,67607.0,67646.0,2,2,130,1784239095
RG2_JPN225_PERIOD_M5_1783900800_1784332500_15138704202311374725,26249841234482217,1168,2026.07.13 23:00:00,103.0,5577093198057017749,6375692498814813169,1,69593.0,69948.0,70271.0,14,5,962,1783983600,26249841234482217,1168,2026.07.13 23:00:00,103.0,6375692498814813169,1,69593.0,69948.0,70271.0,14,5,962,1783983600
RG2_JPN225_PERIOD_M5_1783900800_1784332500_15138704202311374725,854114950020211468,3625,2026.07.16 04:13:38,98.0,5736789752821771411,17968860154150662357,1,65167.0,65904.0,66556.0,14,4,960,1784175218,10469868749931071976,3636,2026.07.16 04:34:17,102.0,17968860154150662357,17,65167.0,65903.0,66550.0,14,4,960,1784176457
RG2_JPN225_PERIOD_M5_1783900800_1784332500_15138704202311374725,17663895950336801189,3767,2026.07.16 11:15:00,154.0,5835483547924332227,5928904616862572301,1,66563.0,66566.0,66568.0,2,2,272,1784200500,18011570106646220826,3771,2026.07.16 12:00:00,143.0,5928904616862572301,14,66552.0,66560.0,66568.0,2,2,272,1784203200
RG2_JPN225_PERIOD_M5_1783900800_1784332500_15138704202311374725,11222041136016110619,1565,2026.07.14 04:00:00,127.0,5977495655841175004,1439086725455485886,1,66463.0,66472.0,66484.0,3,3,400,1784001600,4266332432350697075,1645,2026.07.14 04:27:41,134.0,1439086725455485886,89,66463.0,66472.0,66484.0,3,3,400,1784003261
RG2_JPN225_PERIOD_M5_1783900800_1784332500_15138704202311374725,4495950597327686065,5538,2026.07.17 23:00:00,138.0,6308284609378018909,3104088799194040542,1,67267.0,67272.0,67278.0,2,2,132,1784329200,4495950597327686065,5538,2026.07.17 23:00:00,138.0,3104088799194040542,1,67267.0,67272.0,67278.0,2,2,132,1784329200
RG2_JPN225_PERIOD_M5_1783900800_1784332500_15138704202311374725,11154989191369263310,3607,2026.07.16 03:45:42,94.0,6567577464478365469,878633086519554268,1,66568.0,66574.0,66579.0,2,2,320,1784173542,9714911724786365448,3620,2026.07.16 04:13:37,98.0,878633086519554268,19,66562.0,66565.0,66568.0,2,2,320,1784175217
RG2_JPN225_PERIOD_M5_1783900800_1784332500_15138704202311374725,11626086488727512727,2416,2026.07.15 17:00:00,79.0,6723855891201059378,15065674975463488839,1,67570.0,67612.0,67646.0,3,3,146,1784134800,5241536153999064734,2891,2026.07.15 20:00:00,91.0,15065674975463488839,518,67570.0,67612.0,67646.0,3,3,146,1784145600
RG2_JPN225_PERIOD_M5_1783900800_1784332500_15138704202311374725,14775641055226487161,708,2026.07.13 04:49:58,112.0,6984169580270658171,6707598994368340297,1,66845.0,67127.0,67385.0,6,5,962,1783918198,26249841234482217,1168,2026.07.13 23:00:00,103.0,3732599693594917202,657,66845.0,67073.0,67378.0,6,5,920,1783983600
RG2_JPN225_PERIOD_M5_1783900800_1784332500_15138704202311374725,5466366327154112747,3637,2026.07.16 05:00:00,109.0,7091427377054110488,5873528302579147018,1,66757.0,66764.0,66770.0,2,2,144,1784178000,7310770720650438509,3643,2026.07.16 05:10:00,111.0,5873528302579147018,9,66757.0,66764.0,66770.0,2,2,144,1784178600
RG2_JPN225_PERIOD_M5_1783900800_1784332500_15138704202311374725,5300460758206220623,1159,2026.07.13 14:00:00,108.0,7162674373215273094,15889536080057591919,1,68795.0,68796.0,68797.0,2,2,260,1783951200,11940721505342595070,1160,2026.07.13 15:00:00,105.0,15889536080057591919,13,68787.0,68791.0,68795.0,2,2,260,1783954800
RG2_JPN225_PERIOD_M5_1783900800_1784332500_15138704202311374725,17663895950336801189,3767,2026.07.16 11:15:00,154.0,7453366805446578801,2234057567227496546,1,65167.0,65850.0,66405.0,13,4,960,1784200500,7590492958302407147,4334,2026.07.17 03:09:17,98.0,4828663062366999597,735,65156.0,65746.0,66405.0,16,5,976,1784257757
RG2_JPN225_PERIOD_M5_1783900800_1784332500_15138704202311374725,5466366327154112747,3637,2026.07.16 05:00:00,109.0,7603260786577436050,676687265392583009,1,65167.0,65986.0,66568.0,16,5,976,1784178000,14244590612667577346,3766,2026.07.16 11:03:41,154.0,676687265392583009,196,65167.0,65967.0,66568.0,16,5,976,1784199821
RG2_JPN225_PERIOD_M5_1783900800_1784332500_15138704202311374725,4156703142954747986,2895,2026.07.16 01:05:30,94.0,7756181108228478835,10896209023223622354,1,68815.0,68858.0,68901.0,3,3,82,1784163930,4495950597327686065,5538,2026.07.17 23:00:00,138.0,6169897722822818197,3156,68777.0,68838.0,68861.0,3,3,82,1784329200
RG2_JPN225_PERIOD_M5_1783900800_1784332500_15138704202311374725,13870291404026286140,1169,2026.07.14 01:02:00,101.0,7936715706838823471,9851950816174577166,1,66683.0,67013.0,67378.0,10,7,986,1783990920,6249415259800911962,4049,2026.07.16 23:15:00,111.0,1198140483417012350,3661,66845.0,67084.0,67378.0,9,6,922,1784243700
RG2_JPN225_PERIOD_M5_1783900800_1784332500_15138704202311374725,5470886841022623010,2041,2026.07.15 02:00:00,79.0,8149323078658915186,16032873801998489937,1,68343.0,68343.0,68343.0,2,2,80,1784080800,14500678649024156358,2044,2026.07.15 02:40:43,70.0,16032873801998489937,12,68343.0,68347.0,68350.0,2,2,80,1784083243
RG2_JPN225_PERIOD_M5_1783900800_1784332500_15138704202311374725,18072768876639133386,1649,2026.07.14 08:00:00,174.0,8412386329536633183,1482278606053943309,1,66568.0,66575.0,66581.0,2,2,272,1784016000,3346133793935829714,1978,2026.07.14 14:33:17,112.0,1482278606053943309,407,66568.0,66575.0,66581.0,2,2,272,1784039597
RG2_JPN225_PERIOD_M5_1783900800_1784332500_15138704202311374725,16254561089236579882,4953,2026.07.17 06:00:00,131.0,8498665989983341204,12852491590501079143,1,66564.0,66632.0,66738.0,2,2,18,1784268000,10857335360380144563,5076,2026.07.17 06:58:39,135.0,12852491590501079143,138,66564.0,66632.0,66738.0,2,2,18,1784271519
RG2_JPN225_PERIOD_M5_1783900800_1784332500_15138704202311374725,14775641055226487161,708,2026.07.13 04:49:58,112.0,8505698129002145482,9742553285017130127,1,67399.0,67431.0,67475.0,3,3,448,1783918198,12702043043670480040,713,2026.07.13 04:49:59,112.0,9742553285017130127,6,67399.0,67431.0,67475.0,3,3,448,1783918199
RG2_JPN225_PERIOD_M5_1783900800_1784332500_15138704202311374725,12521153853287800136,2900,2026.07.16 02:00:00,89.0,8718853720832973549,4285909246134953681,1,67818.0,67818.0,67818.0,2,2,80,1784167200,14610821182934310878,2907,2026.07.16 02:34:30,84.0,12462853750405430269,15,67833.0,67835.0,67838.0,2,2,192,1784169270
RG2_JPN225_PERIOD_M5_1783900800_1784332500_15138704202311374725,3907887573033513924,5529,2026.07.17 16:00:00,145.0,8761887376063637896,13260951572930326334,1,67475.0,67483.0,67490.0,2,2,132,1784304000,3907887573033513924,5529,2026.07.17 16:00:00,145.0,13260951572930326334,1,67475.0,67483.0,67490.0,2,2,132,1784304000
RG2_JPN225_PERIOD_M5_1783900800_1784332500_15138704202311374725,17989383714964975285,2050,2026.07.15 02:41:04,70.0,876272724470263978,11581443427701812024,1,68379.0,68383.0,68386.0,2,2,320,1784083264,8178191576972332369,2054,2026.07.15 02:45:30,70.0,11581443427701812024,6,68386.0,68389.0,68391.0,2,2,320,1784083530
RG2_JPN225_PERIOD_M5_1783900800_1784332500_15138704202311374725,15730929498955997818,2409,2026.07.15 11:00:00,120.0,9206802336313717152,17070556493433346464,1,68619.0,68626.0,68633.0,2,1,16,1784113200,15730929498955997818,2409,2026.07.15 11:00:00,120.0,17070556493433346464,1,68619.0,68626.0,68633.0,2,1,16,1784113200
RG2_JPN225_PERIOD_M5_1783900800_1784332500_15138704202311374725,4156703142954747986,2895,2026.07.16 01:05:30,94.0,943489097597941978,9851007179740826070,1,69147.0,69721.0,70114.0,21,5,962,1784163930,4495950597327686065,5538,2026.07.17 23:00:00,138.0,12137296875451772831,3156,69147.0,69696.0,70114.0,16,3,896,1784329200
RG2_JPN225_PERIOD_M5_1783900800_1784332500_15138704202311374725,10561456079641549279,2021,2026.07.15 00:00:30,87.0,9454350734994894929,3780731813284764710,1,71151.0,71155.0,71160.0,2,2,384,1784073630,4577797366706623761,2042,2026.07.15 02:35:38,72.0,3780731813284764710,37,71151.0,71155.0,71160.0,2,2,384,1784082938
RG2_JPN225_PERIOD_M5_1783900800_1784332500_15138704202311374725,9725209529310576861,1842,2026.07.14 08:50:00,178.0,9494873850323376499,2442406267751054334,1,66463.0,66474.0,66484.0,2,2,384,1784019000,10695768811816918720,1845,2026.07.14 11:00:00,186.0,2442406267751054334,27,66463.0,66474.0,66484.0,2,2,384,1784026800
RG2_JPN225_PERIOD_M5_1783900800_1784332500_15138704202311374725,7097462213730359637,2013,2026.07.14 18:00:00,110.0,9558420537322315735,1482278606053943309,1,66568.0,66570.0,66571.0,2,2,272,1784052000,7097462213730359637,2013,2026.07.14 18:00:00,110.0,1482278606053943309,1,66568.0,66570.0,66571.0,2,2,272,1784052000
RG2_JPN225_PERIOD_M5_1783900800_1784332500_15138704202311374725,10561456079641549279,2021,2026.07.15 00:00:30,87.0,9562943444084678368,4981365291861102398,1,64005.0,64515.0,64898.0,6,3,896,1784073630,12313258472652360889,2894,2026.07.15 23:00:00,96.0,4981365291861102398,1125,64005.0,64515.0,64898.0,6,3,896,1784156400
RG2_JPN225_PERIOD_M5_1783900800_1784332500_15138704202311374725,7314247870450685409,4156,2026.07.17 03:00:00,96.0,9610690052231770748,6189789985360776375,1,67873.0,67878.0,67883.0,2,2,20,1784257200,3044611255709774458,4863,2026.07.17 04:47:15,129.0,11521288011532838395,727,67833.0,67844.0,67854.0,3,3,196,1784263635
RG2_JPN225_PERIOD_M5_1783900800_1784332500_15138704202311374725,14997528951580088626,1,2026.07.13 01:02:30,80.0,9612407706481836582,12356662269025472059,1,67864.0,68010.0,68240.0,8,5,914,1783904550,2071962474583836484,1148,2026.07.13 08:30:41,154.0,1114572869456825492,1242,67896.0,68025.0,68240.0,7,4,912,1783931441
RG2_JPN225_PERIOD_M5_1783900800_1784332500_15138704202311374725,14997528951580088626,1,2026.07.13 01:02:30,80.0,967920021863232934,5385705919394615703,1,64005.0,64471.0,64898.0,4,3,896,1783904550,5838115679607677480,2020,2026.07.14 23:00:00,98.0,11185814968456644655,2528,64005.0,64458.0,64898.0,5,3,896,1784070000
RG2_JPN225_PERIOD_M5_1783900800_1784332500_15138704202311374725,13850040903941119671,4861,2026.07.17 04:00:00,119.0,9759730189454554114,15474782019594257658,1,66612.0,66689.0,66780.0,3,3,146,1784260800,15487591526798551927,4952,2026.07.17 05:37:40,132.0,15474782019594257658,114,66612.0,66689.0,66779.0,3,3,146,1784266660
RG2_JPN225_PERIOD_M5_1783900800_1784332500_15138704202311374725,18119908053416187139,2384,2026.07.15 07:00:00,101.0,9877133121348753660,12379733882308786483,1,68525.0,68527.0,68529.0,2,2,144,1784098800,18119908053416187139,2384,2026.07.15 07:00:00,101.0,12379733882308786483,1,68525.0,68527.0,68529.0,2,2,144,1784098800
RG2_JPN225_PERIOD_M5_1783900800_1784332500_15138704202311374725,8352669978022921561,1359,2026.07.14 03:00:00,92.0,9914130487351729869,2969760625110549457,1,67113.0,67113.0,67113.0,2,2,80,1783998000,11379537081775236486,1405,2026.07.14 03:12:13,98.0,2969760625110549457,50,67113.0,67118.0,67122.0,2,2,80,1783998733
RG2_JPN225_PERIOD_M5_1783900800_1784332500_15138704202311374725,4156703142954747986,2895,2026.07.16 01:05:30,94.0,9995734472287161626,4775028317563393122,1,65167.0,65854.0,66550.0,13,4,960,1784163930,9714911724786365448,3620,2026.07.16 04:13:37,98.0,4775028317563393122,767,65167.0,65854.0,66550.0,13,4,960,1784175217
RG2_JPN225_PERIOD_M5_1783900800_1784332500_15138704202311374725,10870083908120960657,2075,2026.07.15 02:45:40,70.0,9998474420488319272,7304278272299523665,1,68459.0,68462.0,68465.0,2,2,192,1784083540,6982699695341893770,2079,2026.07.15 02:45:41,70.0,7304278272299523665,5,68465.0,68469.0,68473.0,2,2,192,1784083541
RG2_US30_PERIOD_M5_1765756800_1766184900_14597027152545731016,17228603121219909891,1,2025.12.15 01:00:00,50.55,10261477242986287220,14504485601468232674,1,49258.55,49339.26,49421.0,4,3,896,1765760400,12687323093878349649,6018,2025.12.18 23:00:00,57.75,14504485601468232674,6990,49258.55,49339.26,49421.0,4,3,896,1766098800
RG2_US30_PERIOD_M5_1765756800_1766184900_14597027152545731016,5569979263691791723,349,2025.12.15 09:00:00,15.19,10436869523364161599,15208870818836709022,1,47960.41,48074.5,48186.73,10,4,900,1765789200,14836956594820385816,1793,2025.12.16 12:00:00,17.86,4673353051469451704,1724,47960.55,48066.51,48131.0,11,4,900,1765886400
RG2_US30_PERIOD_M5_1765756800_1766184900_14597027152545731016,10274389012862783845,4066,2025.12.17 17:40:00,28.34,10487074046692981535,6763827921191428335,1,47814.5,47823.7,47832.9,2,2,192,1765993200,5707646276266602092,4316,2025.12.17 19:00:00,36.42,5012553328426707813,263,47814.5,47828.1,47836.9,3,3,448,1765998000
RG2_US30_PERIOD_M5_1765756800_1766184900_14597027152545731016,6147123363127774446,6501,2025.12.19 10:17:37,16.3,10699205633469065241,16673041151146859796,1,47959.27,47960.13,47961.0,2,2,80,1766139457,8640347477668635972,6509,2025.12.19 10:18:27,16.3,16673041151146859796,9,47961.0,47961.85,47962.71,2,2,80,1766139507
RG2_US30_PERIOD_M5_1765756800_1766184900_14597027152545731016,12122060096373970342,5034,2025.12.18 13:00:00,16.69,10706268652554567007,12610317348518276447,1,48141.41,48141.7,48142.0,2,2,20,1766062800,13973749986019613295,5662,2025.12.18 16:31:42,20.22,18410307424769912495,669,48142.0,48143.13,48144.26,2,2,20,1766075502
RG2_US30_PERIOD_M5_1765756800_1766184900_14597027152545731016,7164525896213436655,3578,2025.12.17 15:00:00,16.38,10757341973919045460,17418594863715071135,1,48140.05,48141.02,48142.0,2,2,20,1765983600,12459961619868729117,3622,2025.12.17 15:58:41,17.87,17418594863715071135,56,48140.05,48141.02,48142.0,2,2,20,1765987121
RG2_US30_PERIOD_M5_1765756800_1766184900_14597027152545731016,4353224071257340703,1841,2025.12.16 16:00:00,19.48,10830998026960731619,62956422953812037,1,48394.65,48402.21,48420.2,2,2,18,1765900800,14146396483680589547,2842,2025.12.16 19:58:43,42.65,62956422953812037,1045,48394.65,48414.21,48421.0,2,2,18,1765915123
RG2_US30_PERIOD_M5_1765756800_1766184900_14597027152545731016,4439111196145614411,1801,2025.12.16 15:30:34,17.15,10870146715502343252,16970248762629318737,1,48475.82,48476.16,48476.5,2,2,192,1765899034,4439111196145614411,1801,2025.12.16 15:30:34,17.15,16970248762629318737,1,48475.82,48476.16,48476.5,2,2,192,1765899034
RG2_US30_PERIOD_M5_1765756800_1766184900_14597027152545731016,1876414069457968561,1794,2025.12.16 13:00:00,17.11,10937990405867224548,15294550175872314160,1,47999.6,48080.63,48131.0,8,4,900,1765890000,2354172729924194566,7468,2025.12.19 22:15:00,36.16,10826919903836548897,6499,47999.6,48061.24,48131.0,10,4,912,1766182500
RG2_US30_PERIOD_M5_1765756800_1766184900_14597027152545731016,3080852074504171470,4628,2025.12.18 01:00:00,48.89,10938339276463758689,4671553378900314910,1,48170.25,48172.63,48175.0,2,2,384,1766019600,1624259350615047611,4809,2025.12.18 03:00:00,40.89,4671553378900314910,204,48170.25,48172.63,48175.0,2,2,384,1766026800
RG2_US30_PERIOD_M5_1765756800_1766184900_14597027152545731016,16246470456464722863,265,2025.12.15 04:40:00,37.17,11023297128931969582,8501030365062531772,1,47814.5,47817.25,47829.5,2,2,80,1765773600,7389332654497730590,1227,2025.12.15 20:00:00,34.68,8501030365062531772,1131,47814.5,47817.25,47829.5,2,2,80,1765828800
RG2_US30_PERIOD_M5_1765756800_1766184900_14597027152545731016,17228603121219909891,1,2025.12.15 01:00:00,50.55,11455078531161795527,1032672530175087123,1,47999.6,48056.88,48114.15,3,3,896,1765760400,15023117186262334697,581,2025.12.15 13:53:38,13.21,1032672530175087123,725,47999.6,48056.88,48114.15,3,3,896,1765806818
RG2_US30_PERIOD_M5_1765756800_1766184900_14597027152545731016,12417126087345600209,1232,2025.12.16 01:00:00,43.72,11535849500619389943,12963339933788984751,1,48420.2,48438.99,48445.75,2,2,66,1765846800,7511696603297785037,1264,2025.12.16 01:05:34,43.84,6697306458682766333,34,48455.3,48457.84,48460.38,2,2,192,1765847134
RG2_US30_PERIOD_M5_1765756800_1766184900_14597027152545731016,5302098663512476886,4315,2025.12.17 18:55:00,35.86,120859099237330093,15881843823235704147,1,48228.7,48230.85,48233.0,2,1,128,1765997700,11982323595571386189,4810,2025.12.18 03:15:00,39.08,15881843823235704147,573,48228.7,48230.85,48233.0,2,1,128,1766027700
RG2_US30_PERIOD_M5_1765756800_1766184900_14597027152545731016,12321958600724932984,1324,2025.12.16 02:00:00,42.45,12368539065230833605,5580980417901921489,1,48462.0,48462.0,48462.0,2,2,80,1765850400,1361012539151471837,1400,2025.12.16 02:55:00,37.29,5580980417901921489,87,48462.0,48462.0,48462.0,2,2,80,1765853700
RG2_US30_PERIOD_M5_1765756800_1766184900_14597027152545731016,2464694186256387543,3348,2025.12.17 09:13:33,18.23,12372158285439253861,9134316933670693342,1,48149.38,48150.36,48151.35,2,2,320,1765962813,18336276452723505259,3352,2025.12.17 09:14:02,18.23,9134316933670693342,5,48151.35,48152.27,48153.2,2,2,320,1765962842
RG2_US30_PERIOD_M5_1765756800_1766184900_14597027152545731016,12600164490106867621,5630,2025.12.18 16:31:38,20.22,12496803996744249651,6677256041948723166,1,48293.58,48294.67,48295.75,2,2,320,1766075498,18022905332797269286,5637,2025.12.18 16:31:39,20.22,6677256041948723166,8,48295.75,48296.83,48297.92,2,2,320,1766075499
RG2_US30_PERIOD_M5_1765756800_1766184900_14597027152545731016,17228603121219909891,1,2025.12.15 01:00:00,50.55,12635727803700996574,17748563278526097337,1,47173.87,47514.17,47829.5,29,6,978,1765760400,2645391140054908463,264,2025.12.15 04:36:17,37.8,17748563278526097337,305,47173.87,47514.17,47829.5,29,6,978,1765773377
RG2_US30_PERIOD_M5_1765756800_1766184900_14597027152545731016,12712220764028573265,6723,2025.12.19 11:15:00,16.68,12641111754662605021,17566391522815680143,1,47785.5,47786.5,47787.5,2,2,192,1766142900,12712220764028573265,6723,2025.12.19 11:15:00,16.68,17566391522815680143,1,47785.5,47786.5,47787.5,2,2,192,1766142900
RG2_US30_PERIOD_M5_1765756800_1766184900_14597027152545731016,8137043341539796391,4676,2025.12.18 01:25:00,48.65,1268366999818861816,4403070981167953141,1,47907.25,47908.2,47909.15,2,1,256,1766021100,2354172729924194566,7468,2025.12.19 22:15:00,36.16,17886166138432235082,3252,47897.85,47906.76,47918.97,5,3,274,1766182500
RG2_US30_PERIOD_M5_1765756800_1766184900_14597027152545731016,13382194183661952531,6016,2025.12.18 21:50:00,52.42,13033250953221021602,4173221280952988927,1,48142.0,48145.14,48148.27,2,2,20,1766094600,4413757835543100212,6199,2025.12.19 06:00:00,27.5,13731696260808974399,258,48142.66,48144.1,48145.55,2,2,260,1766124000
RG2_US30_PERIOD_M5_1765756800_1766184900_14597027152545731016,9279171663493240463,583,2025.12.15 15:00:00,13.78,13107362946367527945,2228398750338381744,1,48497.7,48599.39,48668.65,9,6,922,1765810800,14615594608554686819,1015,2025.12.15 17:26:15,21.29,5158453894486832671,459,48522.85,48592.86,48661.6,6,5,920,1765819575
RG2_US30_PERIOD_M5_1765756800_1766184900_14597027152545731016,1221716392248842711,7223,2025.12.19 16:50:00,25.13,13232281529271203656,9395922108282779885,1,47846.0,47847.5,47849.0,2,1,16,1766163000,16133240654776897847,7463,2025.12.19 18:55:00,33.35,9395922108282779885,262,47846.0,47847.5,47849.0,2,1,16,1766170500
RG2_US30_PERIOD_M5_1765756800_1766184900_14597027152545731016,17228603121219909891,1,2025.12.15 01:00:00,50.55,13303261824484175527,10211826255047670904,1,47960.55,48087.17,48186.73,9,3,896,1765760400,10929962210036139887,348,2025.12.15 08:00:00,18.7,10211826255047670904,425,47960.55,48087.17,48186.73,9,3,896,1765785600
RG2_US30_PERIOD_M5_1765756800_1766184900_14597027152545731016,6502692508169292714,3249,2025.12.17 02:35:00,45.48,13329853874066543039,5197032104440669777,1,48117.0,48117.2,48117.4,2,2,80,1765938900,1849780866108831106,3250,2025.12.17 03:00:00,41.95,5197032104440669777,6,48117.0,48117.2,48117.4,2,2,80,1765940400
RG2_US30_PERIOD_M5_1765756800_1766184900_14597027152545731016,6548268385962658102,491,2025.12.15 11:56:48,13.57,13352021902449039374,2897723035128603448,1,48667.04,48667.85,48668.65,2,2,320,1765799808,8020091238232213099,508,2025.12.15 12:11:23,13.41,2897723035128603448,22,48668.65,48669.24,48669.83,2,2,320,1765800683
RG2_US30_PERIOD_M5_1765756800_1766184900_14597027152545731016,376388973521321056,5444,2025.12.18 15:45:04,19.1,13440730547510493571,17056401350632087864,1,48168.19,48169.22,48170.25,2,2,320,1766072704,16503307946753671978,5466,2025.12.18 16:30:29,20.22,5468671196011753553,31,48175.0,48176.07,48177.13,2,2,192,1766075429
RG2_US30_PERIOD_M5_1765756800_1766184900_14597027152545731016,242330076323082815,2988,2025.12.17 01:01:00,53.48,13727794615448748259,6643910439967263104,1,47489.6,47702.34,47836.9,14,5,962,1765933260,16319450136451438819,3251,2025.12.17 04:00:00,38.45,6643910439967263104,296,47489.6,47702.34,47836.9,14,5,962,1765944000
RG2_US30_PERIOD_M5_1765756800_1766184900_14597027152545731016,12417126087345600209,1232,2025.12.16 01:00:00,43.72,13780043693534179109,15881843823235704147,1,48228.7,48230.85,48233.0,2,1,128,1765846800,16379057189261728435,1401,2025.12.16 03:00:00,36.64,15881843823235704147,192,48228.7,48230.85,48233.0,2,1,128,1765854000
RG2_US30_PERIOD_M5_1765756800_1766184900_14597027152545731016,16133240654776897847,7463,2025.12.19 18:55:00,33.35,14453125058150080766,5453492059262609718,1,47832.9,47834.9,47836.9,2,2,384,1766170500,2354172729924194566,7468,2025.12.19 22:15:00,36.16,16539115358045383926,41,47831.0,47833.6,47836.9,3,3,400,1766182500
RG2_US30_PERIOD_M5_1765756800_1766184900_14597027152545731016,13214704511602397183,6436,2025.12.19 10:05:00,16.02,14636661752342632294,13731696260808974399,1,48143.64,48144.59,48145.55,2,2,260,1766138700,7046339711217645805,6785,2025.12.19 12:50:00,16.71,17446888694957844596,377,48149.0,48149.15,48149.31,2,2,20,1766148600
RG2_US30_PERIOD_M5_1765756800_1766184900_14597027152545731016,1871900230011119401,4159,2025.12.17 18:14:36,31.36,14672697765778283132,10893851312660226339,1,47933.5,47956.04,47978.59,2,1,64,1765995276,8476470374927591915,4402,2025.12.17 20:30:24,43.33,10893851312660226339,267,47928.48,47930.99,47974.9,2,1,64,1766003424
RG2_US30_PERIOD_M5_1765756800_1766184900_14597027152545731016,12215030014388819847,1787,2025.12.16 09:00:00,18.8,14673685888717154794,11875165553321137212,1,48249.1,48249.55,48250.0,2,2,80,1765875600,793384340895224014,1789,2025.12.16 09:44:40,19.06,11875165553321137212,11,48248.19,48249.1,48250.0,2,2,80,1765878280
RG2_US30_PERIOD_M5_1765756800_1766184900_14597027152545731016,18059271823915394368,479,2025.12.15 11:55:04,13.57,1475658200313258297,2096004402162128606,1,48497.7,48576.3,48661.6,7,5,914,1765799704,3922389822227415899,582,2025.12.15 14:00:00,13.32,2096004402162128606,129,48497.7,48581.58,48661.6,7,5,914,1765807200
RG2_US30_PERIOD_M5_1765756800_1766184900_14597027152545731016,17228603121219909891,1,2025.12.15 01:00:00,50.55,14812291038390886007,14951579580038863580,1,48945.9,49044.46,49108.6,4,3,896,1765760400,2354172729924194566,7468,2025.12.19 22:15:00,36.16,6639904067973019672,8670,48945.9,49021.57,49108.6,5,3,896,1766182500
RG2_US30_PERIOD_M5_1765756800_1766184900_14597027152545731016,1876414069457968561,1794,2025.12.16 13:00:00,17.11,14989861190837522712,12181169825963331713,1,47960.55,48030.84,48101.13,3,3,896,1765890000,4353224071257340703,1841,2025.12.16 16:00:00,19.48,12181169825963331713,79,47960.55,48030.84,48101.13,3,3,896,1765900800
RG2_US30_PERIOD_M5_1765756800_1766184900_14597027152545731016,8352940609504234380,350,2025.12.15 09:10:00,14.24,15110520849838726861,3449808757641785149,1,47175.6,47503.71,47810.0,26,5,962,1765789800,5501617374558638597,628,2025.12.15 16:05:35,14.43,3449808757641785149,358,47175.6,47503.74,47810.0,26,5,962,1765814735
RG2_US30_PERIOD_M5_1765756800_1766184900_14597027152545731016,9811002619631760394,6019,2025.12.19 01:00:00,55.92,15150509926963933551,4519991152263280155,1,47449.53,47601.49,47712.15,11,3,896,1766106000,2354172729924194566,7468,2025.12.19 22:15:00,36.16,13241629230026348611,1669,47449.53,47598.64,47712.15,12,4,898,1766182500
RG2_US30_PERIOD_M5_1765756800_1766184900_14597027152545731016,4253714757959930521,2843,2025.12.16 20:00:00,43.13,15345239852626571557,12181169825963331713,1,47960.55,48030.84,48101.13,3,3,896,1765915200,5907952916466325132,2987,2025.12.16 23:00:00,54.83,17945979349909332299,178,47947.71,48013.22,48101.13,4,4,898,1765926000
RG2_US30_PERIOD_M5_1765756800_1766184900_14597027152545731016,17926954328180930856,6013,2025.12.18 19:25:00,40.32,15769616496101861020,4671553378900314910,1,48170.25,48172.63,48175.0,2,2,384,1766085900,11682575977875189709,6193,2025.12.19 03:25:00,41.22,4671553378900314910,256,48170.25,48172.63,48175.0,2,2,384,1766114700
RG2_US30_PERIOD_M5_1765756800_1766184900_14597027152545731016,18025500157261044007,54,2025.12.15 02:00:00,51.23,15778538707285736562,13427064392937264302,1,48464.0,48466.0,48468.0,2,1,16,1765764000,3135726599674626345,183,2025.12.15 02:46:35,51.29,13427064392937264302,140,48464.0,48466.0,48468.0,2,1,16,1765766795
RG2_US30_PERIOD_M5_1765756800_1766184900_14597027152545731016,15330720707937274658,6010,2025.12.18 18:05:00,33.44,1581801029397265635,5453492059262609718,1,47832.9,47834.9,47836.9,2,2,384,1766081100,10374473468576916684,6371,2025.12.19 08:44:38,15.01,6873571966157666031,504,47804.4,47818.65,47832.9,2,2,192,1766133878
RG2_US30_PERIOD_M5_1765756800_1766184900_14597027152545731016,539853673987972133,7368,2025.12.19 17:15:41,27.59,15847703997689386155,9122958466154145101,1,48269.37,48270.95,48272.53,2,2,192,1766164541,524868366253119787,7390,2025.12.19 17:16:20,27.59,9122958466154145101,23,48272.53,48274.13,48275.72,2,2,192,1766164580
RG2_US30_PERIOD_M5_1765756800_1766184900_14597027152545731016,11910302523946647837,3677,2025.12.17 16:31:59,18.96,1599301834462941936,961298425215660510,1,48293.9,48294.82,48295.75,2,2,320,1765989119,10504218883321378261,3687,2025.12.17 16:32:00,18.96,961298425215660510,11,48295.75,48296.81,48297.86,2,2,320,1765989120
RG2_US30_PERIOD_M5_1765756800_1766184900_14597027152545731016,7146465138757074486,19,2025.12.15 01:02:51,50.55,16010733055763614389,5194670399485405743,1,48455.3,48457.22,48459.15,2,2,192,1765760571,14769838641199693821,27,2025.12.15 01:03:30,50.55,5194670399485405743,9,48450.38,48452.84,48455.3,2,2,192,1765760610
RG2_US30_PERIOD_M5_1765756800_1766184900_14597027152545731016,242330076323082815,2988,2025.12.17 01:01:00,53.48,16076774659285475987,4325379944844574543,1,48476.5,48617.48,48758.6,15,5,976,1765933260,17809054366105612851,4627,2025.12.17 23:00:00,49.66,4325379944844574543,1872,48476.5,48617.48,48758.6,15,5,976,1766012400
RG2_US30_PERIOD_M5_1765756800_1766184900_14597027152545731016,12417126087345600209,1232,2025.12.16 01:00:00,43.72,16117767432182644042,5375183359081055030,1,47175.6,47305.46,47408.35,8,3,896,1765846800,17809054366105612851,4627,2025.12.17 23:00:00,49.66,14017242905202645518,3872,47175.6,47290.47,47408.35,5,3,896,1766012400
RG2_US30_PERIOD_M5_1765756800_1766184900_14597027152545731016,14562936094212808198,1229,2025.12.15 21:00:00,38.6,16158729990821219630,9023289751788261328,1,48445.75,48459.28,48471.3,3,3,146,1765832400,14562936094212808198,1229,2025.12.15 21:00:00,38.6,9023289751788261328,1,48445.75,48459.28,48471.3,3,3,146,1765832400
RG2_US30_PERIOD_M5_1765756800_1766184900_14597027152545731016,12496843976771766175,1230,2025.12.15 22:00:00,41.08,16195975092368468125,831254075610825564,1,48366.97,48377.65,48394.65,3,2,130,1765836000,12496843976771766175,1230,2025.12.15 22:00:00,41.08,831254075610825564,1,48366.97,48377.65,48394.65,3,2,130,1765836000
RG2_US30_PERIOD_M5_1765756800_1766184900_14597027152545731016,17228603121219909891,1,2025.12.15 01:00:00,50.55,16330263229318090331,7761452034187700053,1,48497.7,48568.42,48661.6,5,4,898,1765760400,16773077418227438248,478,2025.12.15 11:55:03,13.57,15294619593013751083,598,48497.7,48587.15,48663.12,8,6,978,1765799703
RG2_US30_PERIOD_M5_1765756800_1766184900_14597027152545731016,12321958600724932984,1324,2025.12.16 02:00:00,42.45,16438542577842139285,11240297698623387484,1,48418.0,48423.66,48445.75,3,2,18,1765850400,818582391647699757,1767,2025.12.16 03:45:00,34.16,62956422953812037,459,48420.2,48440.99,48449.0,2,2,18,1765856700
RG2_US30_PERIOD_M5_1765756800_1766184900_14597027152545731016,242330076323082815,2988,2025.12.17 01:01:00,53.48,1658875657696289472,12957252475944682209,1,48394.65,48411.96,48420.2,2,2,130,1765933260,2354172729924194566,7468,2025.12.19 22:15:00,36.16,12957252475944682209,5187,48394.65,48411.96,48420.2,2,2,130,1766182500
RG2_US30_PERIOD_M5_1765756800_1766184900_14597027152545731016,3080852074504171470,4628,2025.12.18 01:00:00,48.89,16672720117486122086,18385144414617713556,1,47489.6,47666.12,47810.0,13,4,898,1766019600,12687323093878349649,6018,2025.12.18 23:00:00,57.75,11515680284276935247,1624,47489.6,47676.0,47810.0,14,5,962,1766098800
RG2_US30_PERIOD_M5_1765756800_1766184900_14597027152545731016,8357545948029590569,6011,2025.12.18 18:50:00,35.87,16720579837900840611,15881843823235704147,1,48228.7,48230.85,48233.0,2,1,128,1766083800,4016237727675597830,6194,2025.12.19 04:00:00,39.21,15881843823235704147,270,48228.7,48230.85,48233.0,2,1,128,1766116800
RG2_US30_PERIOD_M5_1765756800_1766184900_14597027152545731016,16462012004650652855,3252,2025.12.17 04:15:00,37.09,16760606708899659759,2960529597734055966,1,47489.6,47668.04,47810.0,11,4,898,1765944900,7683458378549293636,3298,2025.12.17 08:15:40,19.53,2960529597734055966,87,47489.6,47668.87,47810.0,11,4,898,1765959340
RG2_US30_PERIOD_M5_1765756800_1766184900_14597027152545731016,17228603121219909891,1,2025.12.15 01:00:00,50.55,16947393173157164513,5558950067103874481,1,48873.5,48879.25,48879.5,2,2,80,1765760400,2354172729924194566,7468,2025.12.19 22:15:00,36.16,7956406825907804144,8670,48802.25,48862.06,48924.0,5,3,896,1766182500
RG2_US30_PERIOD_M5_1765756800_1766184900_14597027152545731016,17874554877935474999,6992,2025.12.19 16:31:29,21.38,17023976221278567,6562766136744631218,1,48158.62,48159.87,48161.12,2,2,68,1766161889,1311711263754416281,7009,2025.12.19 16:31:31,21.38,6562766136744631218,18,48161.12,48162.27,48163.42,2,2,68,1766161891
RG2_US30_PERIOD_M5_1765756800_1766184900_14597027152545731016,405557529286117119,1444,2025.12.16 03:35:13,34.03,17037816270841420779,6485816766758042884,1,48354.75,48356.67,48358.59,2,2,320,1765856113,8504160336240775573,1470,2025.12.16 03:35:24,34.03,6485816766758042884,27,48350.9,48352.82,48354.75,2,2,320,1765856124
RG2_US30_PERIOD_M5_1765756800_1766184900_14597027152545731016,3030599086732550375,1228,2025.12.15 20:40:00,37.67,17084871400249177606,17748563278526097337,1,47173.87,47513.99,47829.5,29,6,978,1765831200,5015668370400126448,1231,2025.12.15 23:00:00,43.64,17748563278526097337,29,47173.87,47513.99,47829.5,29,6,978,1765839600
RG2_US30_PERIOD_M5_1765756800_1766184900_14597027152545731016,1256932178335473987,629,2025.12.15 16:10:00,14.48,17189422222235900834,10951704960233096686,1,47173.87,47491.52,47810.0,27,5,962,1765815000,7389332654497730590,1227,2025.12.15 20:00:00,34.68,10951704960233096686,640,47173.87,47491.52,47810.0,27,5,962,1765828800
RG2_US30_PERIOD_M5_1765756800_1766184900_14597027152545731016,17228603121219909891,1,2025.12.15 01:00:00,50.55,17198951184972342169,5142682181482440464,1,47910.5,47920.5,47934.3,2,2,130,1765760400,8960683188929256972,1840,2025.12.16 15:31:39,17.15,5142682181482440464,2244,47910.5,47920.5,47934.3,2,2,130,1765899099
RG2_US30_PERIOD_M5_1765756800_1766184900_14597027152545731016,9600984172189710951,4050,2025.12.17 17:06:14,24.15,17329263736004288342,277054652170195985,1,48381.47,48382.79,48384.1,2,2,192,1765991174,17809054366105612851,4627,2025.12.17 23:00:00,49.66,277054652170195985,638,48384.1,48384.85,48385.6,2,2,192,1766012400
RG2_US30_PERIOD_M5_1765756800_1766184900_14597027152545731016,104876039108075823,5592,2025.12.18 16:31:29,20.22,17620991889333969709,1067522014833840973,1,48270.69,48271.61,48272.53,2,2,192,1766075489,9966601510150480481,5598,2025.12.18 16:31:29,20.22,1067522014833840973,7,48272.53,48273.47,48274.4,2,2,192,1766075489
RG2_US30_PERIOD_M5_1765756800_1766184900_14597027152545731016,7482594331447835757,7461,2025.12.19 17:35:00,29.35,17641859464308646959,4804382949948525470,1,48145.55,48147.28,48149.0,2,2,272,1766165700,2354172729924194566,7468,2025.12.19 22:15:00,36.16,4804382949948525470,57,48145.55,48147.28,48149.0,2,2,272,1766182500
RG2_US30_PERIOD_M5_1765756800_1766184900_14597027152545731016,7114893719398569022,3418,2025.12.17 10:48:25,17.75,17992022893870753573,14111967896228566609,1,48172.92,48173.96,48175.0,2,2,192,1765968505,1197596599044209854,3424,2025.12.17 10:48:29,17.75,14111967896228566609,7,48175.0,48176.04,48177.07,2,2,192,1765968509
RG2_US30_PERIOD_M5_1765756800_1766184900_14597027152545731016,10304273411704616619,6221,2025.12.19 07:49:25,18.17,1803427816774174454,11316149233128998716,1,47849.0,47849.75,47850.5,2,2,80,1766130565,13619561305706455417,6226,2025.12.19 07:49:35,18.17,11316149233128998716,6,47847.17,47848.08,47849.0,2,2,80,1766130575
RG2_US30_PERIOD_M5_1765756800_1766184900_14597027152545731016,316602184959155101,2412,2025.12.16 18:25:00,35.97,1806987701397477508,15881843823235704147,1,48228.7,48230.85,48233.0,2,1,128,1765909500,16462012004650652855,3252,2025.12.17 04:15:00,37.09,15881843823235704147,936,48228.7,48230.85,48233.0,2,1,128,1765944900
RG2_US30_PERIOD_M5_1765756800_1766184900_14597027152545731016,15413703108021453614,1016,2025.12.15 18:00:00,25.41,18076867109106545367,1871290777624588702,1,48497.7,48581.21,48661.6,7,6,922,1765821600,5907952916466325132,2987,2025.12.16 23:00:00,54.83,14331250435413707013,2269,48517.1,48570.77,48661.6,7,5,976,1765926000
RG2_US30_PERIOD_M5_1765756800_1766184900_14597027152545731016,1394887367843247952,6765,2025.12.19 12:00:00,16.27,1821873413813287193,1648830953294962084,1,47832.9,47833.45,47834.0,2,2,144,1766145600,12546344731178843304,6787,2025.12.19 14:00:00,17.17,1648830953294962084,42,47831.0,47831.95,47832.9,2,2,144,1766152800
RG2_US30_PERIOD_M5_1765756800_1766184900_14597027152545731016,5204861310957363233,4743,2025.12.18 02:00:00,46.86,18334474210482980847,6990644347260406737,1,47944.0,47944.2,47944.4,2,2,80,1766023200,521658359459463920,4808,2025.12.18 02:06:15,46.37,6990644347260406737,67,47944.0,47944.2,47944.4,2,2,80,1766023575
RG2_US30_PERIOD_M5_1765756800_1766184900_14597027152545731016,9168583598374312780,4317,2025.12.17 19:15:00,37.71,18348940189046695729,4484976017797619316,1,47489.6,47715.99,47836.9,14,5,962,1765998900,17809054366105612851,4627,2025.12.17 23:00:00,49.66,4484976017797619316,351,47489.6,47715.99,47836.9,14,5,962,1766012400
RG2_US30_PERIOD_M5_1765756800_1766184900_14597027152545731016,6489923644514903526,6786,2025.12.19 13:00:00,16.75,18350150272341871430,5057127172948387744,1,47959.0,47960.0,47961.0,2,1,16,1766149200,6489923644514903526,6786,2025.12.19 13:00:00,16.75,5057127172948387744,1,47959.0,47960.0,47961.0,2,1,16,1766149200
RG2_US30_PERIOD_M5_1765756800_1766184900_14597027152545731016,17228603121219909891,1,2025.12.15 01:00:00,50.55,1871144164304419098,8045236118908325811,1,48802.24,48810.95,48821.56,2,2,18,1765760400,3922389822227415899,582,2025.12.15 14:00:00,13.32,8045236118908325811,727,48802.24,48810.95,48821.56,2,2,18,1765807200
RG2_US30_PERIOD_M5_1765756800_1766184900_14597027152545731016,5883621328807587847,1110,2025.12.15 19:50:37,33.78,1873252126887025887,16424476369992329922,1,48292.85,48294.86,48296.88,2,2,320,1765828237,1472090215818987944,1139,2025.12.15 19:51:28,33.78,16424476369992329922,30,48288.85,48290.85,48292.85,2,2,320,1765828288
RG2_US30_PERIOD_M5_1765756800_1766184900_14597027152545731016,9811002619631760394,6019,2025.12.19 01:00:00,55.92,1990105967269194683,4635574570543000260,1,47743.74,47752.23,47764.5,2,2,130,1766106000,2354172729924194566,7468,2025.12.19 22:15:00,36.16,16553237474171341828,1669,47750.33,47752.23,47754.12,2,2,136,1766182500
RG2_US30_PERIOD_M5_1765756800_1766184900_14597027152545731016,3080852074504171470,4628,2025.12.18 01:00:00,48.89,2198302048938580797,4403070981167953141,1,47907.25,47908.2,47909.15,2,1,256,1766019600,9683481553409606866,4712,2025.12.18 01:52:35,48.68,6902343744241113020,95,47893.42,47896.21,47899.0,2,2,80,1766022755
RG2_US30_PERIOD_M5_1765756800_1766184900_14597027152545731016,3080852074504171470,4628,2025.12.18 01:00:00,48.89,2347899918150445918,6897369461913454520,1,48431.35,48584.79,48758.6,16,5,976,1766019600,2354172729924194566,7468,2025.12.19 22:15:00,36.16,10091002793956535182,3304,48431.35,48596.86,48758.6,18,4,960,1766182500
RG2_US30_PERIOD_M5_1765756800_1766184900_14597027152545731016,12417126087345600209,1232,2025.12.16 01:00:00,43.72,2428570347372505899,13186136692283812204,1,47453.1,47663.14,47829.5,13,5,962,1765846800,5907952916466325132,2987,2025.12.16 23:00:00,54.83,8073014684948050741,1989,47453.1,47655.61,47829.5,12,5,962,1765926000
RG2_US30_PERIOD_M5_1765756800_1766184900_14597027152545731016,18303366718966510278,4551,2025.12.17 22:00:00,46.63,2620331463168071421,814462639942560982,1,47940.1,47952.83,47961.22,2,2,18,1766008800,12862783583065474365,4626,2025.12.17 22:58:16,49.29,814462639942560982,87,47940.1,47952.83,47961.22,2,2,18,1766012296
RG2_US30_PERIOD_M5_1765756800_1766184900_14597027152545731016,14757303170274759300,1768,2025.12.16 04:00:00,32.87,2645694081975215729,5580980417901921489,1,48462.0,48462.0,48462.0,2,2,80,1765857600,15459812498743255631,1770,2025.12.16 05:25:00,26.58,5580980417901921489,18,48462.0,48462.0,48462.0,2,2,80,1765862700
RG2_US30_PERIOD_M5_1765756800_1766184900_14597027152545731016,13409026007791798443,1329,2025.12.16 02:09:33,41.92,2715922446123101690,14991166503816169732,1,48391.4,48393.78,48396.17,2,2,320,1765850973,9042479703736433662,1361,2025.12.16 02:10:25,41.36,14991166503816169732,34,48386.57,48388.99,48391.4,2,2,320,1765851025
RG2_US30_PERIOD_M5_1765756800_1766184900_14597027152545731016,8226011311813838906,1786,2025.12.16 08:00:00,20.47,3005632680731431040,11508892828206783667,1,48384.1,48385.05,48386.0,2,2,144,1765872000,8226011311813838906,1786,2025.12.16 08:00:00,20.47,11508892828206783667,1,48384.1,48385.05,48386.0,2,2,144,1765872000
RG2_US30_PERIOD_M5_1765756800_1766184900_14597027152545731016,16391433131580261363,7324,2025.12.19 17:04:39,26.24,3017269073804667346,513527306310560077,1,48256.33,48257.8,48259.27,2,2,192,1766163879,12841996770186950039,7346,2025.12.19 17:15:38,27.59,513527306310560077,26,48259.27,48260.76,48262.25,2,2,192,1766164538
RG2_US30_PERIOD_M5_1765756800_1766184900_14597027152545731016,17482659571294147004,3826,2025.12.17 16:50:00,22.23,3069292056689709866,16970248762629318737,1,48476.5,48496.8,48517.1,2,2,192,1765990200,18303366718966510278,4551,2025.12.17 22:00:00,46.63,16970248762629318737,777,48476.5,48496.8,48517.1,2,2,192,1766008800
RG2_US30_PERIOD_M5_1765756800_1766184900_14597027152545731016,777547390926508828,5608,2025.12.18 16:31:30,20.22,3392832049467193658,10534278012598731796,1,48280.59,48281.79,48283.0,2,2,80,1766075490,14987612388718661133,5615,2025.12.18 16:31:31,20.22,10534278012598731796,8,48283.0,48283.96,48284.93,2,2,80,1766075491
RG2_US30_PERIOD_M5_1765756800_1766184900_14597027152545731016,13316887089792736751,5473,2025.12.18 16:30:30,20.22,3484004335352440477,2439058444696461393,1,48183.12,48184.06,48185.0,2,2,80,1766075430,1693647326701418505,5478,2025.12.18 16:30:30,20.22,2439058444696461393,6,48185.0,48186.19,48187.39,2,2,80,1766075430
RG2_US30_PERIOD_M5_1765756800_1766184900_14597027152545731016,11626694130782407654,1883,2025.12.16 17:16:40,28.68,3838747903537293535,4914701257699102447,1,48233.0,48234.72,48236.44,2,2,192,1765905400,603110781807494677,1922,2025.12.16 17:17:41,28.68,16647434989184998127,40,48225.27,48226.99,48228.7,2,2,192,1765905461
RG2_US30_PERIOD_M5_1765756800_1766184900_14597027152545731016,5756308960737448795,7466,2025.12.19 21:00:00,35.33,3904752372286456872,17471687875619216375,1,48166.23,48168.24,48170.25,2,2,260,1766178000,2354172729924194566,7468,2025.12.19 22:15:00,36.16,17471687875619216375,16,48166.94,48168.6,48170.25,2,2,260,1766182500
RG2_US30_PERIOD_M5_1765756800_1766184900_14597027152545731016,5572988484449675130,7451,2025.12.19 17:16:41,27.59,4077229997230932621,2477276487686577630,1,48292.61,48294.18,48295.75,2,2,320,1766164601,2354172729924194566,7468,2025.12.19 22:15:00,36.16,2477276487686577630,70,48295.2,48295.47,48295.75,2,2,320,1766182500
RG2_US30_PERIOD_M5_1765756800_1766184900_14597027152545731016,3892246391530869213,2414,2025.12.16 19:00:00,38.55,4333411108573884529,9579074767945554963,1,48292.85,48293.42,48294.0,2,2,272,1765911600,14146396483680589547,2842,2025.12.16 19:58:43,42.65,9579074767945554963,441,48292.85,48293.42,48294.0,2,2,272,1765915123
RG2_US30_PERIOD_M5_1765756800_1766184900_14597027152545731016,16246470456464722863,265,2025.12.15 04:40:00,37.17,4368369582464317925,10951704960233096686,1,47173.87,47491.72,47810.0,27,5,962,1765773600,5569979263691791723,349,2025.12.15 09:00:00,15.19,10951704960233096686,132,47173.87,47491.49,47810.0,27,5,962,1765789200
RG2_US30_PERIOD_M5_1765756800_1766184900_14597027152545731016,7046339711217645805,6785,2025.12.19 12:50:00,16.71,4536894122859962508,17566391522815680143,1,47785.5,47786.5,47787.5,2,2,192,1766148600,2354172729924194566,7468,2025.12.19 22:15:00,36.16,17566391522815680143,782,47785.5,47786.5,47787.5,2,2,192,1766182500
RG2_US30_PERIOD_M5_1765756800_1766184900_14597027152545731016,6506647588314716916,788,2025.12.15 17:17:15,20.25,4561760191670099754,2178394638025498306,1,48391.4,48392.6,48393.79,2,2,320,1765819035,2449582233099210348,804,2025.12.15 17:18:41,20.25,2178394638025498306,17,48389.12,48390.26,48391.4,2,2,320,1765819121
RG2_US30_PERIOD_M5_1765756800_1766184900_14597027152545731016,1052725564843076708,3653,2025.12.17 16:31:56,18.96,4668386773978217806,1136296976180210196,1,48280.94,48281.97,48283.0,2,2,80,1765989116,14472023468807726886,3661,2025.12.17 16:31:57,18.96,1136296976180210196,9,48283.0,48284.13,48285.26,2,2,80,1765989117
RG2_US30_PERIOD_M5_1765756800_1766184900_14597027152545731016,2354172729924194566,7468,2025.12.19 22:15:00,36.16,484538050936028337,15881843823235704147,1,48228.7,48230.85,48233.0,2,1,128,1766182500,2354172729924194566,7468,2025.12.19 22:15:00,36.16,15881843823235704147,1,48228.7,48230.85,48233.0,2,1,128,1766182500
RG2_US30_PERIOD_M5_1765756800_1766184900_14597027152545731016,3080852074504171470,4628,2025.12.18 01:00:00,48.89,5563845055862942343,5453492059262609718,1,47832.9,47834.9,47836.9,2,2,384,1766019600,6210270714705249311,4812,2025.12.18 04:00:00,34.74,5453492059262609718,216,47832.9,47834.9,47836.9,2,2,384,1766030400
RG2_US30_PERIOD_M5_1765756800_1766184900_14597027152545731016,4253714757959930521,2843,2025.12.16 20:00:00,43.13,5619827028175394137,5142682181482440464,1,47918.6,47926.83,47947.71,2,2,130,1765915200,9187260338462625510,2986,2025.12.16 22:00:00,51.09,14169443274124668643,166,47918.6,47929.06,47947.71,3,3,194,1765922400
RG2_US30_PERIOD_M5_1765756800_1766184900_14597027152545731016,15895322533531718208,1294,2025.12.16 01:34:04,43.64,5669078541024718000,4787310952356188298,1,48409.0,48411.43,48413.87,2,2,80,1765848844,1850410688836804688,1307,2025.12.16 01:35:13,43.84,4787310952356188298,15,48404.21,48406.6,48409.0,2,2,80,1765848913
RG2_US30_PERIOD_M5_1765756800_1766184900_14597027152545731016,16757678081690133921,6012,2025.12.18 19:00:00,36.58,568389722852841096,16059010897589202515,1,48185.0,48186.5,48188.0,2,1,16,1766084400,17926954328180930856,6013,2025.12.18 19:25:00,40.32,16059010897589202515,6,48185.0,48186.5,48188.0,2,1,16,1766085900
RG2_US30_PERIOD_M5_1765756800_1766184900_14597027152545731016,13040316524891576100,6172,2025.12.19 02:00:00,51.7,5864427789831495276,9918623738020680017,1,47916.0,47916.25,47916.5,2,2,80,1766109600,8390750660550421682,6183,2025.12.19 02:00:14,51.7,9918623738020680017,12,47916.0,47918.75,47921.5,2,2,80,1766109614
RG2_US30_PERIOD_M5_1765756800_1766184900_14597027152545731016,13295703880083389019,4023,2025.12.17 17:00:00,23.65,6022174127024752473,7412820852821927287,1,48149.63,48150.49,48151.35,2,2,260,1765990800,12900435954937983835,4957,2025.12.18 05:17:15,27.98,12881456803529223951,1049,48138.75,48140.37,48142.0,2,2,20,1766035035
RG2_US30_PERIOD_M5_1765756800_1766184900_14597027152545731016,7016593892407391667,3299,2025.12.17 09:00:00,18.17,6074400699091210735,1789299198443744872,1,47489.6,47685.41,47810.0,11,4,898,1765962000,5707646276266602092,4316,2025.12.17 19:00:00,36.42,1789299198443744872,1126,47489.6,47685.41,47810.0,11,4,898,1765998000
RG2_US30_PERIOD_M5_1765756800_1766184900_14597027152545731016,1427632797448757605,907,2025.12.15 17:24:40,20.61,6087201410530263829,14191612459869181219,1,48325.0,48337.69,48350.39,2,1,64,1765819480,13774054730678337012,988,2025.12.15 17:26:03,21.29,14191612459869181219,82,48322.62,48323.81,48348.0,2,1,64,1765819563
RG2_US30_PERIOD_M5_1765756800_1766184900_14597027152545731016,5204861310957363233,4743,2025.12.18 02:00:00,46.86,6395257551092729958,14077619566709041645,1,47899.0,47899.0,47899.0,2,1,16,1766023200,521658359459463920,4808,2025.12.18 02:06:15,46.37,14077619566709041645,67,47899.0,47899.0,47899.0,2,1,16,1766023575
RG2_US30_PERIOD_M5_1765756800_1766184900_14597027152545731016,2935921795358468380,6768,2025.12.19 12:15:00,16.74,6453731018057287091,17566391522815680143,1,47785.5,47786.5,47787.5,2,2,192,1766146500,4078441943819595568,6783,2025.12.19 12:16:13,16.74,17566391522815680143,16,47785.5,47786.5,47787.5,2,2,192,1766146573
RG2_US30_PERIOD_M5_1765756800_1766184900_14597027152545731016,16678589848802878997,6694,2025.12.19 11:00:00,16.25,6544411884749195934,9395922108282779885,1,47849.0,47849.0,47849.0,2,1,16,1766142000,14202201098166546225,6764,2025.12.19 11:58:37,16.44,9395922108282779885,81,47849.0,47849.0,47849.0,2,1,16,1766145517
RG2_US30_PERIOD_M5_1765756800_1766184900_14597027152545731016,3168468572042054937,4717,2025.12.18 01:52:38,48.68,6610381527191923665,8406714102532542755,1,47863.4,47877.15,47890.91,2,1,64,1766022758,13948133008731780588,4828,2025.12.18 05:06:28,28.42,8406714102532542755,143,47860.03,47861.71,47885.2,2,1,64,1766034388
RG2_US30_PERIOD_M5_1765756800_1766184900_14597027152545731016,2902774156824594744,6255,2025.12.19 08:15:55,15.92,6661022278535391389,10001195601883037404,1,47836.9,47837.79,47838.69,2,2,320,1766132155,8155517151799399590,6263,2025.12.19 08:27:14,15.32,10001195601883037404,11,47835.13,47836.01,47836.9,2,2,320,1766132834
RG2_US30_PERIOD_M5_1765756800_1766184900_14597027152545731016,17228603121219909891,1,2025.12.15 01:00:00,50.55,691013180661283453,13258578597666098607,1,47878.0,47878.57,47879.15,2,2,272,1765760400,5015668370400126448,1231,2025.12.15 23:00:00,43.64,13258578597666098607,1472,47878.0,47878.57,47879.15,2,2,272,1765839600
RG2_US30_PERIOD_M5_1765756800_1766184900_14597027152545731016,8350430270682172410,3248,2025.12.17 02:25:00,47.1,7010553056234538122,16970248762629318737,1,48476.5,48496.8,48517.1,2,2,192,1765938300,4982443251817659865,3258,2025.12.17 07:00:00,23.85,16970248762629318737,56,48476.5,48496.8,48517.1,2,2,192,1765954800
RG2_US30_PERIOD_M5_1765756800_1766184900_14597027152545731016,8785642709927530487,7026,2025.12.19 16:31:38,21.38,7815551418026625785,1628191294694000440,1,48167.94,48169.1,48170.25,2,2,320,1766161898,2222457189093389608,7060,2025.12.19 16:31:42,21.38,17594743168484733521,35,48175.0,48176.28,48177.56,2,2,192,1766161902
RG2_US30_PERIOD_M5_1765756800_1766184900_14597027152545731016,9811002619631760394,6019,2025.12.19 01:00:00,55.92,7963194031728010107,7370868392182176405,1,47849.0,47851.7,47854.4,2,2,272,1766106000,13856257308531935537,6192,2025.12.19 03:00:00,43.42,203318404270528194,196,47854.4,47856.9,47859.4,2,2,320,1766113200
RG2_US30_PERIOD_M5_1765756800_1766184900_14597027152545731016,13223166495706814587,6943,2025.12.19 16:30:42,21.38,8068402306191858199,18384532970061335352,1,48143.29,48144.42,48145.55,2,2,320,1766161842,8358665795072693164,6966,2025.12.19 16:31:21,21.38,3299893466691646929,24,48149.0,48150.28,48151.56,2,2,80,1766161881
RG2_US30_PERIOD_M5_1765756800_1766184900_14597027152545731016,14757303170274759300,1768,2025.12.16 04:00:00,32.87,8135412244781008003,11226047291112406674,1,48394.65,48402.71,48420.2,2,2,18,1765857600,2498227203793815357,1785,2025.12.16 07:57:12,20.78,62956422953812037,61,48394.65,48401.71,48420.2,2,2,18,1765871832
RG2_US30_PERIOD_M5_1765756800_1766184900_14597027152545731016,242330076323082815,2988,2025.12.17 01:01:00,53.48,8383925659887546232,3648325224949482278,1,47933.5,47946.93,47974.9,2,2,66,1765933260,12897148653989649474,3259,2025.12.17 07:35:00,21.58,3648325224949482278,339,47933.5,47946.93,47974.9,2,2,66,1765956900
RG2_US30_PERIOD_M5_1765756800_1766184900_14597027152545731016,1675832759720959805,7103,2025.12.19 16:34:30,21.38,840943470098554633,6556121255767581265,1,48182.46,48183.73,48185.0,2,2,80,1766162070,3070392322214636552,7114,2025.12.19 16:34:31,21.38,6556121255767581265,12,48185.0,48186.26,48187.52,2,2,80,1766162071
RG2_US30_PERIOD_M5_1765756800_1766184900_14597027152545731016,17701228674670561983,3825,2025.12.17 16:40:00,20.94,8446112456783652299,17418594863715071135,1,48142.0,48143.25,48144.5,2,2,20,1765989600,13641050898071763646,4022,2025.12.17 16:58:43,22.73,17418594863715071135,200,48142.0,48143.25,48144.5,2,2,20,1765990723
RG2_US30_PERIOD_M5_1765756800_1766184900_14597027152545731016,7853193047375985681,6211,2025.12.19 07:48:24,18.17,8523201804686925922,203318404270528194,1,47854.4,47855.35,47856.29,2,2,320,1766130504,5964816904742930306,6217,2025.12.19 07:49:17,18.17,203318404270528194,7,47853.0,47853.7,47854.4,2,2,320,1766130557
RG2_US30_PERIOD_M5_1765756800_1766184900_14597027152545731016,12417126087345600209,1232,2025.12.16 01:00:00,43.72,8607045055330258571,16424476369992329922,1,48272.5,48282.67,48307.0,2,2,320,1765846800,14743678671681594183,1766,2025.12.16 03:40:16,34.11,16424476369992329922,562,48272.5,48282.67,48307.0,2,2,320,1765856416
RG2_US30_PERIOD_M5_1765756800_1766184900_14597027152545731016,13014614640080300936,5701,2025.12.18 17:37:42,30.12,8611691230727879259,14315174121513245211,1,48334.06,48359.83,48385.6,2,1,64,1766079462,2354172729924194566,7468,2025.12.19 22:15:00,36.16,14315174121513245211,2051,48337.6,48386.15,48386.7,2,1,64,1766182500
RG2_US30_PERIOD_M5_1765756800_1766184900_14597027152545731016,5908298307484438495,4428,2025.12.17 20:30:36,43.33,8727082019678891983,1963645584310868879,1,47918.6,47921.19,47923.79,2,2,192,1766003436,11355957747002853773,4550,2025.12.17 21:00:00,44.76,6683963115966306399,125,47876.72,47887.24,47897.85,2,2,66,1766005200
RG2_US30_PERIOD_M5_1765756800_1766184900_14597027152545731016,10923372858879471995,4894,2025.12.18 05:14:25,28.1,8782133993170574112,5003451442049243356,1,47836.9,47838.36,47839.83,2,2,320,1766034865,6555440732241726739,4913,2025.12.18 05:15:25,27.98,6873571966157666031,21,47830.16,47831.53,47832.9,2,2,192,1766034925
RG2_US30_PERIOD_M5_1765756800_1766184900_14597027152545731016,12417126087345600209,1232,2025.12.16 01:00:00,43.72,9187323813698702184,15220723961045615699,1,49127.1,49127.55,49128.0,2,1,128,1765846800,17809054366105612851,4627,2025.12.17 23:00:00,49.66,15220723961045615699,3872,49127.1,49127.55,49128.0,2,1,128,1766012400
RG2_US30_PERIOD_M5_1765756800_1766184900_14597027152545731016,16462012004650652855,3252,2025.12.17 04:15:00,37.09,9242494627038266589,5012553328426707813,1,47814.5,47828.1,47836.9,3,3,448,1765944900,6875026731703645593,3256,2025.12.17 06:00:00,28.59,6763827921191428335,22,47814.5,47823.7,47832.9,2,2,192,1765951200
RG2_US30_PERIOD_M5_1765756800_1766184900_14597027152545731016,1183766342548599340,1842,2025.12.16 16:30:00,20.54,933064800607718658,17945979349909332299,1,47934.3,48009.68,48101.13,4,4,898,1765902600,14146396483680589547,2842,2025.12.16 19:58:43,42.65,17945979349909332299,1039,47934.3,48009.68,48101.13,4,4,898,1765915123
RG2_US30_PERIOD_M5_1765756800_1766184900_14597027152545731016,3911056532327039706,3576,2025.12.17 13:00:00,15.81,974283218137342270,14663353448069277470,1,48151.35,48151.68,48152.0,2,2,272,1765976400,3911056532327039706,3576,2025.12.17 13:00:00,15.81,14663353448069277470,1,48151.35,48151.68,48152.0,2,2,272,1765976400
RG2_US30_PERIOD_M5_1776038400_1776466500_16278752941905126714,13319047469542259005,1047,2026.04.14 01:00:00,41.38,10045438494448170977,7144248091490227012,1,45935.57,46275.51,46586.12,12,4,898,1776128400,9071485911647912966,1082,2026.04.14 02:13:35,34.85,7144248091490227012,49,45935.57,46275.51,46586.12,12,4,898,1776132815
RG2_US30_PERIOD_M5_1776038400_1776466500_16278752941905126714,8701174353562260579,1530,2026.04.14 18:00:00,30.3,1014957880040398200,13502307558108157185,1,48142.88,48157.97,48171.89,3,3,138,1776189600,17707322776269889250,2350,2026.04.15 23:00:00,35.53,7861216844582660518,1118,48114.03,48132.76,48152.65,2,2,10,1776294000
RG2_US30_PERIOD_M5_1776038400_1776466500_16278752941905126714,13384917578412421111,3166,2026.04.17 15:00:00,13.63,10186217236511201357,17370725273415484596,1,47564.1,47608.91,47646.85,4,3,896,1776438000,9003927660839637041,4483,2026.04.17 22:50:00,48.71,17370725273415484596,1401,47564.1,47608.91,47646.85,4,3,896,1776466200
RG2_US30_PERIOD_M5_1776038400_1776466500_16278752941905126714,13526285723538221218,1709,2026.04.15 01:00:00,32.6,10428971028434878431,11536333896076190830,1,46079.6,46332.22,46586.12,6,4,898,1776214800,12986888644808916780,1766,2026.04.15 01:40:13,32.38,11536333896076190830,66,46079.6,46332.22,46586.12,6,4,898,1776217213
RG2_US30_PERIOD_M5_1776038400_1776466500_16278752941905126714,13319047469542259005,1047,2026.04.14 01:00:00,41.38,1063287344092075295,16536834883936785135,1,46612.9,46720.58,46964.7,3,3,448,1776128400,3052613068572147476,1708,2026.04.14 23:00:00,34.49,16536834883936785135,900,46612.9,46720.58,46964.7,3,3,448,1776207600
RG2_US30_PERIOD_M5_1776038400_1776466500_16278752941905126714,5032762685916481370,1767,2026.04.15 02:00:00,29.32,10740815417961777452,15323330606144408497,1,48555.0,48555.0,48555.0,2,2,80,1776218400,6390235553722741642,1770,2026.04.15 02:34:10,25.92,15323330606144408497,8,48555.0,48555.16,48555.32,2,2,80,1776220450
RG2_US30_PERIOD_M5_1776038400_1776466500_16278752941905126714,14073560363325159259,3771,2026.04.17 16:55:00,26.37,10875419618365221003,17965440154994393212,1,48591.0,48592.52,48594.05,2,2,272,1776444900,9003927660839637041,4483,2026.04.17 22:50:00,48.71,17965440154994393212,776,48591.0,48592.52,48594.05,2,2,272,1776466200
RG2_US30_PERIOD_M5_1776038400_1776466500_16278752941905126714,10777227795065693829,510,2026.04.13 19:00:00,40.49,1092951028337208947,16542546292121535748,1,46971.91,46972.06,46972.2,2,2,132,1776106800,16648854032724080998,684,2026.04.13 19:51:17,44.55,16542546292121535748,187,46971.91,46972.06,46972.2,2,2,132,1776109877
RG2_US30_PERIOD_M5_1776038400_1776466500_16278752941905126714,16833640342507837063,673,2026.04.13 19:51:04,44.55,10990208280924263276,6470307798633797297,1,47961.71,47964.35,47967.0,2,2,80,1776109864,10178836812941199142,695,2026.04.13 21:12:54,45.17,6470307798633797297,36,47967.0,47969.68,47972.37,2,2,80,1776114774
RG2_US30_PERIOD_M5_1776038400_1776466500_16278752941905126714,15191685792285908177,2059,2026.04.15 17:00:00,24.37,11277654273022795289,12455250421034869600,1,48541.2,48542.6,48544.0,2,2,144,1776272400,12809710390670497542,2223,2026.04.15 17:39:38,27.32,12455250421034869600,173,48541.2,48542.6,48544.0,2,2,144,1776274778
RG2_US30_PERIOD_M5_1776038400_1776466500_16278752941905126714,3242857758494730440,1299,2026.04.14 14:00:00,15.86,11666743414085180640,7866897552045101938,1,48136.47,48144.15,48156.98,3,3,26,1776175200,4640407157788159350,1529,2026.04.14 17:55:00,30.25,7866897552045101938,273,48120.88,48139.91,48147.14,3,3,26,1776189300
RG2_US30_PERIOD_M5_1776038400_1776466500_16278752941905126714,13384917578412421111,3166,2026.04.17 15:00:00,13.63,1173325314192048107,9918145784750415876,1,48695.65,48805.79,48907.43,17,5,976,1776438000,3026405811962408406,3269,2026.04.17 15:25:39,14.42,9918145784750415876,110,48695.65,48811.49,48907.98,17,5,976,1776439539
RG2_US30_PERIOD_M5_1776038400_1776466500_16278752941905126714,2928881191238076931,4349,2026.04.17 18:15:00,34.38,11751403787913935068,12152021275787735855,1,48645.9,48647.95,48650.0,2,2,272,1776449700,9003927660839637041,4483,2026.04.17 22:50:00,48.71,12152021275787735855,184,48645.9,48647.95,48650.0,2,2,272,1776466200
RG2_US30_PERIOD_M5_1776038400_1776466500_16278752941905126714,7275500584110340413,1879,2026.04.15 14:00:00,14.67,11892192363267545618,16141703237687770578,1,48563.0,48724.5,48931.4,19,5,976,1776261600,6681220534079751595,1888,2026.04.15 15:00:00,16.92,16141703237687770578,21,48564.0,48726.23,48931.4,19,5,976,1776265200
RG2_US30_PERIOD_M5_1776038400_1776466500_16278752941905126714,3079632953423602532,2887,2026.04.17 01:00:00,34.58,11937467869112665818,17552816474320674498,1,48324.0,48338.22,48359.0,2,2,320,1776387600,9003927660839637041,4483,2026.04.17 22:50:00,48.71,17552816474320674498,1834,48324.0,48338.22,48359.0,2,2,320,1776466200
RG2_US30_PERIOD_M5_1776038400_1776466500_16278752941905126714,15392033780520150317,1860,2026.04.15 13:00:00,12.64,11962028878557901398,4824756402520913471,1,48564.0,48733.47,48931.4,18,4,960,1776258000,15947372634190083489,1878,2026.04.15 13:26:41,13.76,4824756402520913471,25,48564.0,48733.47,48931.4,18,4,960,1776259601
RG2_US30_PERIOD_M5_1776038400_1776466500_16278752941905126714,3549299149211165850,2991,2026.04.17 10:07:30,13.14,11967820979730034664,4184974443063313201,1,48645.0,48661.57,48693.4,4,3,336,1776420450,7882123326896770350,3003,2026.04.17 10:54:36,12.88,4184974443063313201,23,48645.0,48661.57,48693.4,4,3,336,1776423276
RG2_US30_PERIOD_M5_1776038400_1776466500_16278752941905126714,6944470624262947144,1196,2026.04.14 10:09:35,9.99,12023393296708983365,12637433534988133069,1,48213.6,48242.0,48279.0,5,3,336,1776161375,11600276675601492066,1203,2026.04.14 10:32:14,11.01,12637433534988133069,14,48213.6,48242.0,48279.0,5,3,336,1776162734
RG2_US30_PERIOD_M5_1776038400_1776466500_16278752941905126714,312768057842698261,4480,2026.04.17 21:00:00,43.81,12142634718112140148,8109605909539061769,1,48307.15,48447.79,48528.0,8,5,914,1776459600,9003927660839637041,4483,2026.04.17 22:50:00,48.71,8109605909539061769,23,48307.15,48447.79,48528.0,8,5,914,1776466200
RG2_US30_PERIOD_M5_1776038400_1776466500_16278752941905126714,4011034838835692368,1083,2026.04.14 02:35:00,29.91,12265962299849165280,15510551810946780816,1,46529.51,46555.19,46586.12,2,2,130,1776134100,5187909660423927832,1528,2026.04.14 17:15:00,27.37,15510551810946780816,607,46529.51,46555.19,46586.12,2,2,130,1776186900
RG2_US30_PERIOD_M5_1776038400_1776466500_16278752941905126714,3479015293977696435,1,2026.04.13 01:00:00,35.52,12287203857605447253,10803288545045813319,1,45882.2,46260.47,46571.2,18,5,962,1776042000,14682120411991038036,454,2026.04.13 13:00:00,16.7,10803288545045813319,588,45882.2,46260.47,46571.2,18,5,962,1776085200
RG2_US30_PERIOD_M5_1776038400_1776466500_16278752941905126714,12411861286029993497,3600,2026.04.17 16:32:02,20.36,12358931806395371806,2253846594606741653,1,49192.4,49193.5,49194.6,2,2,192,1776443522,17720896569707858341,3608,2026.04.17 16:32:04,20.36,2253846594606741653,9,49194.6,49195.7,49196.8,2,2,192,1776443524
RG2_US30_PERIOD_M5_1776038400_1776466500_16278752941905126714,8157987329589712942,2826,2026.04.16 17:20:01,21.42,12512807112371507021,17552816474320674498,1,48352.45,48353.68,48354.9,2,2,320,1776360001,9732731043657364220,2838,2026.04.16 17:22:37,21.42,17552816474320674498,13,48349.98,48351.21,48352.45,2,2,320,1776360157
RG2_US30_PERIOD_M5_1776038400_1776466500_16278752941905126714,2159120953269493116,289,2026.04.13 09:00:00,24.11,12550288893227434981,14984687074636128433,1,47618.0,47618.0,47618.0,2,2,80,1776070800,10792076934313177669,296,2026.04.13 09:00:44,24.11,14984687074636128433,8,47618.0,47619.4,47620.81,2,2,80,1776070844
RG2_US30_PERIOD_M5_1776038400_1776466500_16278752941905126714,1540737119514005669,3530,2026.04.17 16:09:12,18.19,12582061062002740015,17874333606590942800,1,49154.64,49155.64,49156.65,2,2,320,1776442152,386314772360579319,3539,2026.04.17 16:09:15,18.19,17874333606590942800,10,49156.65,49157.67,49158.69,2,2,320,1776442155
RG2_US30_PERIOD_M5_1776038400_1776466500_16278752941905126714,2392745050613617157,987,2026.04.13 22:55:35,44.23,12843300428819494706,10950329140841679665,1,48193.82,48196.41,48199.0,2,2,80,1776120935,14719327361729974273,1004,2026.04.13 22:56:38,44.23,10950329140841679665,18,48199.0,48201.49,48203.99,2,2,80,1776120998
RG2_US30_PERIOD_M5_1776038400_1776466500_16278752941905126714,12285566493326086152,1282,2026.04.14 13:43:55,15.09,12962024097886500264,18173071163351600420,1,48139.0,48139.69,48140.39,2,2,80,1776174235,10458045620488594387,1287,2026.04.14 13:44:00,15.09,18173071163351600420,6,48137.5,48138.25,48139.0,2,2,80,1776174240
RG2_US30_PERIOD_M5_1776038400_1776466500_16278752941905126714,924721484468038622,2415,2026.04.16 01:39:30,34.22,13004154301734372903,10002601909107127376,1,48523.98,48525.61,48527.25,2,2,320,1776303570,15515201295555238463,2429,2026.04.16 02:56:12,24.77,12877278259524435620,30,48527.25,48528.12,48529.0,2,2,272,1776308172
RG2_US30_PERIOD_M5_1776038400_1776466500_16278752941905126714,9583014448871787573,2971,2026.04.17 08:00:00,13.41,13155863638177776049,1429405574224008076,1,47562.58,47599.64,47646.85,5,4,900,1776412800,11661428428445875091,3165,2026.04.17 14:55:36,13.57,12727537910388344220,273,47564.1,47615.01,47646.85,5,4,900,1776437736
RG2_US30_PERIOD_M5_1776038400_1776466500_16278752941905126714,3479015293977696435,1,2026.04.13 01:00:00,35.52,13176980150653691546,4467336448289948595,1,48136.47,48142.86,48156.98,2,2,18,1776042000,7487819956319055371,1026,2026.04.13 22:59:41,44.23,12130527601456329735,1273,48136.47,48144.15,48156.98,3,3,26,1776121181
RG2_US30_PERIOD_M5_1776038400_1776466500_16278752941905126714,14622568520548902928,2351,2026.04.16 01:00:00,34.47,1337071697291471262,12597493447862481920,1,48485.0,48485.68,48487.03,3,2,192,1776301200,10811152527852410694,2380,2026.04.16 01:03:16,34.47,3805911815005322749,30,48487.03,48489.02,48491.0,2,2,192,1776301396
RG2_US30_PERIOD_M5_1776038400_1776466500_16278752941905126714,5032762685916481370,1767,2026.04.15 02:00:00,29.32,13439086336907463090,12455250421034869600,1,48538.0,48539.6,48541.2,2,2,144,1776218400,11532938610339938635,1768,2026.04.15 02:20:00,27.04,12455250421034869600,5,48538.0,48539.6,48541.2,2,2,144,1776219600
RG2_US30_PERIOD_M5_1776038400_1776466500_16278752941905126714,10003623776128170759,3333,2026.04.17 15:46:38,15.46,13629703951413418407,6620762590911906384,1,48986.67,48987.28,48987.9,2,2,320,1776440798,16669602895620388026,3336,2026.04.17 15:46:39,15.46,6620762590911906384,4,48987.9,48988.59,48989.28,2,2,320,1776440799
RG2_US30_PERIOD_M5_1776038400_1776466500_16278752941905126714,15825187099780524954,3821,2026.04.17 17:00:00,27.05,13697985053172509910,7898947139945322848,1,48133.47,48169.35,48204.32,2,2,130,1776445200,871723160264546038,4347,2026.04.17 17:52:15,32.5,7898947139945322848,538,48133.47,48169.35,48204.32,2,2,130,1776448335
RG2_US30_PERIOD_M5_1776038400_1776466500_16278752941905126714,2603123725404331727,736,2026.04.13 21:21:37,45.17,13808657972995361884,5855096651826601981,1,47999.1,48001.7,48004.3,2,2,192,1776115297,3129288458592303216,756,2026.04.13 21:48:26,45.37,5855096651826601981,27,48004.3,48006.95,48009.6,2,2,192,1776116906
RG2_US30_PERIOD_M5_1776038400_1776466500_16278752941905126714,16615342174214163807,2426,2026.04.16 02:43:12,26.25,14063644271583941093,1242717665642459134,1,48534.4,48535.2,48536.0,2,2,80,1776307392,795082747552581807,2482,2026.04.16 03:50:32,21.85,2481305186055902867,70,48539.0,48540.1,48541.2,2,2,144,1776311432
RG2_US30_PERIOD_M5_1776038400_1776466500_16278752941905126714,2274683408793348201,4481,2026.04.17 21:45:00,45.91,14143094311843205470,96944326340835338,1,48608.5,48611.25,48614.0,2,2,80,1776462300,9003927660839637041,4483,2026.04.17 22:50:00,48.71,96944326340835338,14,48608.5,48611.25,48614.0,2,2,80,1776466200
RG2_US30_PERIOD_M5_1776038400_1776466500_16278752941905126714,3177005066798031200,1127,2026.04.14 05:05:00,18.97,14180836594324753801,8344175640712741747,1,47006.1,47180.75,47312.65,8,4,900,1776143100,12296116979845168026,1128,2026.04.14 05:18:20,17.83,8344175640712741747,4,47006.1,47180.75,47312.65,8,4,900,1776143900
RG2_US30_PERIOD_M5_1776038400_1776466500_16278752941905126714,6382812719332442369,1671,2026.04.14 22:30:37,33.25,14192880725535349818,12908510620597728941,1,48571.28,48726.75,48931.4,12,4,960,1776205837,3052613068572147476,1708,2026.04.14 23:00:00,34.49,12908510620597728941,43,48575.1,48728.48,48931.4,12,4,960,1776207600
RG2_US30_PERIOD_M5_1776038400_1776466500_16278752941905126714,5032762685916481370,1767,2026.04.15 02:00:00,29.32,14199252096981779289,11980392017843390274,1,46079.6,46287.1,46525.9,5,4,898,1776218400,16188756808538050024,1789,2026.04.15 07:00:00,14.86,11980392017843390274,74,46063.2,46282.38,46525.9,5,4,898,1776236400
RG2_US30_PERIOD_M5_1776038400_1776466500_16278752941905126714,14721724109445968014,428,2026.04.13 11:24:34,17.15,14219611871314944534,7877213170803183765,1,47703.28,47704.19,47705.1,2,2,192,1776079474,15303732741853182319,437,2026.04.13 11:25:23,16.75,7877213170803183765,11,47705.1,47706.06,47707.02,2,2,192,1776079523
RG2_US30_PERIOD_M5_1776038400_1776466500_16278752941905126714,5370132757060928416,1814,2026.04.15 12:00:00,11.46,14323973032984979300,10385063653368218624,1,46063.2,46282.38,46525.9,5,4,898,1776254400,13512244716012115204,1859,2026.04.15 12:11:40,12.0,10385063653368218624,48,46063.2,46282.38,46525.9,5,4,898,1776255100
RG2_US30_PERIOD_M5_1776038400_1776466500_16278752941905126714,10308312711752022317,1246,2026.04.14 13:35:00,14.02,14410403329307339220,4026985248556780028,1,48248.35,48249.17,48250.0,2,2,272,1776173700,11227973790672535271,1298,2026.04.14 13:44:16,15.09,4026985248556780028,54,48248.35,48249.17,48250.0,2,2,272,1776174256
RG2_US30_PERIOD_M5_1776038400_1776466500_16278752941905126714,3479015293977696435,1,2026.04.13 01:00:00,35.52,14451693842362034759,6860959782507926906,1,46612.9,46734.05,46964.7,3,3,324,1776042000,8386113334918270883,162,2026.04.13 01:29:40,41.15,6860959782507926906,167,46612.9,46734.05,46964.7,3,3,324,1776043780
RG2_US30_PERIOD_M5_1776038400_1776466500_16278752941905126714,5370132757060928416,1814,2026.04.15 12:00:00,11.46,14668084132549652727,12455250421034869600,1,48540.0,48540.6,48541.2,2,2,144,1776254400,13512244716012115204,1859,2026.04.15 12:11:40,12.0,12455250421034869600,48,48540.0,48540.6,48541.2,2,2,144,1776255100
RG2_US30_PERIOD_M5_1776038400_1776466500_16278752941905126714,13785859955769888329,3488,2026.04.17 16:00:00,17.67,1472880139175465739,725539082450233463,1,48695.65,48814.52,48907.43,16,4,912,1776441600,9003927660839637041,4483,2026.04.17 22:50:00,48.71,5912369996648755976,1067,48695.65,48812.03,48907.43,15,3,896,1776466200
RG2_US30_PERIOD_M5_1776038400_1776466500_16278752941905126714,10947319416986840996,2133,2026.04.15 17:05:04,25.22,14729950496713277448,6535077545423547652,1,48352.45,48353.72,48355.0,2,2,320,1776272704,1523943371308456368,2149,2026.04.15 17:38:42,27.32,6535077545423547652,23,48349.34,48350.89,48352.45,2,2,320,1776274722
RG2_US30_PERIOD_M5_1776038400_1776466500_16278752941905126714,5187909660423927832,1528,2026.04.14 17:15:00,27.37,1497454222196250974,11407634296250264629,1,47398.0,47526.0,47646.85,10,4,912,1776186900,5032762685916481370,1767,2026.04.15 02:00:00,29.32,12209984189538200629,322,47398.0,47526.0,47646.85,10,4,912,1776218400
RG2_US30_PERIOD_M5_1776038400_1776466500_16278752941905126714,3853543677175905909,2968,2026.04.17 05:05:00,18.65,15182006935936224593,2432981623987958558,1,48645.0,48665.3,48693.4,5,3,336,1776402300,2837537117328090580,2990,2026.04.17 10:07:29,13.14,2432981623987958558,75,48645.0,48668.04,48693.88,5,3,336,1776420449
RG2_US30_PERIOD_M5_1776038400_1776466500_16278752941905126714,2952209632044652400,4057,2026.04.17 17:20:31,29.13,15327503583650790823,18421416458902748309,1,49460.95,49462.07,49463.2,2,2,192,1776446431,14641925316362600187,4061,2026.04.17 17:20:37,29.13,18421416458902748309,5,49463.2,49464.82,49466.45,2,2,192,1776446437
RG2_US30_PERIOD_M5_1776038400_1776466500_16278752941905126714,1040463002011841862,1027,2026.04.13 23:00:00,43.74,15333744160443392356,17410848826253835870,1,47015.35,47016.62,47017.9,2,2,132,1776121200,504886650628738182,1046,2026.04.13 23:54:36,41.76,17410848826253835870,29,47015.35,47016.62,47017.9,2,2,132,1776124476
RG2_US30_PERIOD_M5_1776038400_1776466500_16278752941905126714,9075012078411917099,2961,2026.04.17 02:40:00,27.38,15389012740654811322,17965440154994393212,1,48591.0,48592.52,48594.05,2,2,272,1776393600,10350915269933767135,2962,2026.04.17 03:00:00,26.41,17965440154994393212,5,48591.0,48592.52,48594.05,2,2,272,1776394800
RG2_US30_PERIOD_M5_1776038400_1776466500_16278752941905126714,4527305151125819197,2972,2026.04.17 08:25:00,12.64,15398277268420293208,17370725273415484596,1,47564.1,47608.91,47646.85,4,3,896,1776414300,4527305151125819197,2972,2026.04.17 08:25:00,12.64,17370725273415484596,1,47564.1,47608.91,47646.85,4,3,896,1776414300
RG2_US30_PERIOD_M5_1776038400_1776466500_16278752941905126714,14622568520548902928,2351,2026.04.16 01:00:00,34.47,15424540774003299364,9905804500802010124,1,47401.27,47544.57,47646.85,8,3,896,1776301200,795082747552581807,2482,2026.04.16 03:50:32,21.85,9905804500802010124,163,47401.27,47544.57,47646.85,8,3,896,1776311432
RG2_US30_PERIOD_M5_1776038400_1776466500_16278752941905126714,4640407157788159350,1529,2026.04.14 17:55:00,30.25,15453948334613696478,7144248091490227012,1,45935.57,46278.53,46586.12,12,4,898,1776189300,3052613068572147476,1708,2026.04.14 23:00:00,34.49,7144248091490227012,233,45935.57,46278.53,46586.12,12,4,898,1776207600
RG2_US30_PERIOD_M5_1776038400_1776466500_16278752941905126714,262322220666479078,1301,2026.04.14 16:00:00,19.73,15534859284623437927,15767098817108366606,1,47006.1,47177.01,47324.0,12,5,964,1776182400,3052613068572147476,1708,2026.04.14 23:00:00,34.49,5377480299361301230,481,47006.1,47182.53,47324.0,12,5,964,1776207600
RG2_US30_PERIOD_M5_1776038400_1776466500_16278752941905126714,9822317810720626812,229,2026.04.13 07:00:00,26.1,15885726259134220786,16421116930066892322,1,47401.27,47528.43,47646.85,9,4,912,1776063600,8685060129465371017,262,2026.04.13 07:55:35,24.94,16421116930066892322,46,47401.27,47528.43,47646.85,9,4,912,1776066935
RG2_US30_PERIOD_M5_1776038400_1776466500_16278752941905126714,17084740850782478068,363,2026.04.13 10:00:00,16.57,15963382993240212482,14984687074636128433,1,47665.0,47665.0,47665.0,2,2,80,1776074400,8379545666023181505,369,2026.04.13 10:14:32,16.52,14984687074636128433,10,47665.0,47665.61,47666.22,2,2,80,1776075272
RG2_US30_PERIOD_M5_1776038400_1776466500_16278752941905126714,3479015293977696435,1,2026.04.13 01:00:00,35.52,16123986423012959225,10717867803242625726,1,48307.15,48381.43,48444.5,6,4,960,1776042000,8916687641483743284,1233,2026.04.14 11:30:33,12.0,10717867803242625726,1606,48307.15,48381.43,48444.5,6,4,960,1776166233
RG2_US30_PERIOD_M5_1776038400_1776466500_16278752941905126714,11755327856831556359,1011,2026.04.13 22:56:41,44.23,16313659245198581553,11122498865217527859,1,48208.66,48245.34,48279.0,3,2,320,1776121001,5343356381056690737,1133,2026.04.14 09:16:42,9.59,3017600006860135451,223,48213.6,48245.72,48279.0,6,3,336,1776158202
RG2_US30_PERIOD_M5_1776038400_1776466500_16278752941905126714,2669158835140060000,813,2026.04.13 22:22:22,45.25,16409941044463370772,14381582091513118801,1,48049.59,48052.18,48054.77,2,2,192,1776118942,8788578698540093162,828,2026.04.13 22:31:17,44.68,14381582091513118801,18,48054.77,48056.9,48059.04,2,2,192,1776119477
RG2_US30_PERIOD_M5_1776038400_1776466500_16278752941905126714,2151967251848495879,1889,2026.04.15 15:55:00,18.71,16420815240809827373,7476801173410734638,1,48575.1,48743.5,48931.4,17,4,960,1776268500,10585737738272809797,2560,2026.04.16 15:33:19,12.69,11403305240302173836,914,48575.1,48738.96,48907.43,20,5,976,1776353599
RG2_US30_PERIOD_M5_1776038400_1776466500_16278752941905126714,18179828113064082363,2143,2026.04.15 17:35:00,27.32,16546566650360525346,12209984189538200629,1,47398.0,47526.0,47646.85,10,4,912,1776274500,17707322776269889250,2350,2026.04.15 23:00:00,35.53,12209984189538200629,265,47398.0,47526.0,47646.85,10,4,912,1776294000
RG2_US30_PERIOD_M5_1776038400_1776466500_16278752941905126714,13526285723538221218,1709,2026.04.15 01:00:00,32.6,16638637434714211016,719844765417075758,1,48564.0,48742.26,48931.4,17,4,960,1776214800,13512244716012115204,1859,2026.04.15 12:11:40,12.0,16141703237687770578,269,48563.0,48724.5,48931.4,19,5,976,1776255100
RG2_US30_PERIOD_M5_1776038400_1776466500_16278752941905126714,9075012078411917099,2961,2026.04.17 02:40:00,27.38,16704170914358863558,10085517520320387219,1,48645.0,48775.44,48907.43,20,5,976,1776393600,7821961166727341361,2967,2026.04.17 05:00:00,18.96,10085517520320387219,29,48645.0,48775.34,48907.43,20,5,976,1776402000
RG2_US30_PERIOD_M5_1776038400_1776466500_16278752941905126714,3479015293977696435,1,2026.04.13 01:00:00,35.52,16746517842900773478,13795700245926356446,1,48213.6,48263.67,48279.0,2,2,320,1776042000,2245724241170644802,1010,2026.04.13 22:56:41,44.23,13795700245926356446,1257,48213.6,48263.67,48279.0,2,2,320,1776121001
RG2_US30_PERIOD_M5_1776038400_1776466500_16278752941905126714,11046714277373149611,2804,2026.04.16 17:05:00,20.08,16832808929432193977,16973755278633791198,1,47006.1,47212.22,47324.0,7,4,960,1776359100,5199758849776030025,2965,2026.04.17 04:10:00,21.63,3829459647227457873,271,47006.1,47216.5,47324.0,5,4,960,1776399000
RG2_US30_PERIOD_M5_1776038400_1776466500_16278752941905126714,17144799713963686352,4479,2026.04.17 20:00:00,39.01,16981135723763785964,16864064491496981718,1,47729.6,47731.39,47733.17,2,2,132,1776456000,17144799713963686352,4479,2026.04.17 20:00:00,39.01,16864064491496981718,1,47729.6,47731.39,47733.17,2,2,132,1776456000
RG2_US30_PERIOD_M5_1776038400_1776466500_16278752941905126714,7306876865439313416,2555,2026.04.16 15:00:00,12.4,17063952322787101497,5436858159061068934,1,48487.0,48487.02,48487.03,2,2,144,1776351600,18412825893715522703,2589,2026.04.16 15:52:36,13.16,5436858159061068934,46,48487.0,48487.02,48487.03,2,2,144,1776354756
RG2_US30_PERIOD_M5_1776038400_1776466500_16278752941905126714,1589834406394773577,2258,2026.04.15 18:30:00,30.26,17158253596015762004,14627166474627349990,1,46079.6,46381.9,46586.12,5,4,898,1776277800,17707322776269889250,2350,2026.04.15 23:00:00,35.53,14627166474627349990,140,46079.6,46381.9,46586.12,5,4,898,1776294000
RG2_US30_PERIOD_M5_1776038400_1776466500_16278752941905126714,13254256105790800359,163,2026.04.13 02:00:00,40.99,17229729021756348727,14984687074636128433,1,47499.0,47499.0,47499.0,2,2,80,1776045600,13254256105790800359,163,2026.04.13 02:00:00,40.99,14984687074636128433,1,47499.0,47499.0,47499.0,2,2,80,1776045600
RG2_US30_PERIOD_M5_1776038400_1776466500_16278752941905126714,8401444381091719620,3361,2026.04.17 15:47:41,15.46,17334298689431052125,12720980501811971664,1,49013.32,49013.88,49014.45,2,2,320,1776440861,8642409071286809544,3363,2026.04.17 15:47:41,15.46,12720980501811971664,3,49014.45,49015.0,49015.55,2,2,320,1776440861
RG2_US30_PERIOD_M5_1776038400_1776466500_16278752941905126714,15408151790703089335,2424,2026.04.16 02:00:00,31.63,17438590026603035658,5436858159061068934,1,48487.03,48487.52,48488.0,2,2,144,1776304800,15515201295555238463,2429,2026.04.16 02:56:12,24.77,5436858159061068934,17,48487.03,48487.52,48488.0,2,2,144,1776308172
RG2_US30_PERIOD_M5_1776038400_1776466500_16278752941905126714,13319047469542259005,1047,2026.04.14 01:00:00,41.38,17561603085298972734,10274960703090857089,1,47041.1,47105.33,47169.57,3,3,896,1776128400,12296116979845168026,1128,2026.04.14 05:18:20,17.83,10274960703090857089,126,47041.1,47105.33,47169.57,3,3,896,1776143900
RG2_US30_PERIOD_M5_1776038400_1776466500_16278752941905126714,3479015293977696435,1,2026.04.13 01:00:00,35.52,17762048731275545554,5775971158943812212,1,48575.1,48728.89,48931.4,8,3,896,1776042000,17173563559908977152,1670,2026.04.14 22:30:31,33.25,9970980204329064480,2160,48575.1,48740.89,48931.4,11,3,896,1776205831
RG2_US30_PERIOD_M5_1776038400_1776466500_16278752941905126714,13949570957312287646,1382,2026.04.14 16:40:00,23.56,17814260547280352998,16313787400832321726,1,48307.15,48390.58,48444.5,6,4,960,1776184800,17144799713963686352,4479,2026.04.17 20:00:00,39.01,8873445739620908290,3876,48307.15,48389.94,48444.5,4,3,896,1776456000
RG2_US30_PERIOD_M5_1776038400_1776466500_16278752941905126714,2256908952335528160,949,2026.04.13 22:53:39,44.14,18047479381615387931,18013172845136833357,1,48165.31,48167.55,48169.8,2,2,192,1776120819,1293698236282043972,960,2026.04.13 22:54:28,44.14,18013172845136833357,12,48169.8,48172.18,48174.57,2,2,192,1776120868
RG2_US30_PERIOD_M5_1776038400_1776466500_16278752941905126714,3549299149211165850,2991,2026.04.17 10:07:30,13.14,18367243900584489789,15704581870538900781,1,48695.44,48804.74,48907.43,16,4,960,1776420450,11661428428445875091,3165,2026.04.17 14:55:36,13.57,15704581870538900781,235,48695.65,48811.96,48907.43,16,4,960,1776437736
RG2_US30_PERIOD_M5_1776038400_1776466500_16278752941905126714,17796895110218170862,1618,2026.04.14 18:28:30,31.18,1842604765645273584,2209292123171635217,1,48537.99,48539.6,48541.2,2,2,192,1776191310,3123086428268358468,1628,2026.04.14 18:31:35,31.34,2209292123171635217,12,48541.2,48542.72,48544.24,2,2,192,1776191495
RG2_US30_PERIOD_M5_1776038400_1776466500_16278752941905126714,11191793924171262327,4348,2026.04.17 18:00:00,33.09,2030551447482073030,15774570084914312930,1,48087.05,48129.21,48171.7,3,3,386,1776448800,6477431487288104132,4478,2026.04.17 19:51:41,38.83,15774570084914312930,151,48087.05,48129.81,48174.1,3,3,386,1776455501
RG2_US30_PERIOD_M5_1776038400_1776466500_16278752941905126714,4011034838835692368,1083,2026.04.14 02:35:00,29.91,2775087161564965622,12321222109561903319,1,45935.57,46219.57,46525.9,10,4,898,1776134100,5187909660423927832,1528,2026.04.14 17:15:00,27.37,12321222109561903319,607,45935.57,46223.2,46525.9,10,4,898,1776186900
RG2_US30_PERIOD_M5_1776038400_1776466500_16278752941905126714,5573267622317855479,3440,2026.04.17 15:50:42,17.01,2817429369678952685,7167845443223711893,1,49093.27,49094.24,49095.2,2,2,192,1776441042,5758680264712054452,3444,2026.04.17 15:52:37,17.01,7167845443223711893,5,49095.2,49096.09,49096.98,2,2,192,1776441157
RG2_US30_PERIOD_M5_1776038400_1776466500_16278752941905126714,5009948259659379402,3585,2026.04.17 16:30:00,20.36,2840813652266435391,3829459647227457873,1,47006.1,47216.5,47324.0,5,4,960,1776443400,9003927660839637041,4483,2026.04.17 22:50:00,48.71,3829459647227457873,965,47006.1,47216.5,47324.0,5,4,960,1776466200
RG2_US30_PERIOD_M5_1776038400_1776466500_16278752941905126714,9822317810720626812,229,2026.04.13 07:00:00,26.1,3072387612898081030,14984687074636128433,1,47553.0,47553.0,47553.0,2,2,80,1776063600,9822317810720626812,229,2026.04.13 07:00:00,26.1,14984687074636128433,1,47553.0,47553.0,47553.0,2,2,80,1776063600
RG2_US30_PERIOD_M5_1776038400_1776466500_16278752941905126714,13384917578412421111,3166,2026.04.17 15:00:00,13.63,3198495629788115980,7898947139945322848,1,48143.43,48167.74,48187.93,2,2,130,1776438000,14942447244806720927,3487,2026.04.17 15:59:40,17.39,7898947139945322848,334,48143.43,48167.74,48187.93,2,2,130,1776441580
RG2_US30_PERIOD_M5_1776038400_1776466500_16278752941905126714,11342192563015099580,3270,2026.04.17 15:25:39,14.42,3199456442753186446,725539082450233463,1,48695.65,48805.46,48907.43,16,4,912,1776439539,14942447244806720927,3487,2026.04.17 15:59:40,17.39,725539082450233463,224,48695.65,48805.46,48907.43,16,4,912,1776441580
RG2_US30_PERIOD_M5_1776038400_1776466500_16278752941905126714,5498448264719435006,2484,2026.04.16 05:00:00,19.47,336333404294062330,4556678517751275243,1,47006.1,47195.09,47312.65,6,3,896,1776315600,131693110164360288,2803,2026.04.16 17:04:41,19.36,4556678517751275243,451,47006.1,47195.09,47312.65,6,3,896,1776359081
RG2_US30_PERIOD_M5_1776038400_1776466500_16278752941905126714,3853543677175905909,2968,2026.04.17 05:05:00,18.65,3543953741968698550,5912369996648755976,1,48695.65,48812.03,48907.43,15,3,896,1776402300,2837537117328090580,2990,2026.04.17 10:07:29,13.14,5912369996648755976,75,48695.65,48812.03,48907.43,15,3,896,1776420449
RG2_US30_PERIOD_M5_1776038400_1776466500_16278752941905126714,6526344351424115935,3384,2026.04.17 15:49:18,15.46,3566660653380227849,1706763742294936144,1,49042.14,49043.04,49043.95,2,2,320,1776440958,3512473788497436202,3387,2026.04.17 15:49:19,15.46,1706763742294936144,4,49043.95,49044.58,49045.21,2,2,320,1776440959
RG2_US30_PERIOD_M5_1776038400_1776466500_16278752941905126714,170264695507539171,1129,2026.04.14 06:00:00,16.31,3593959287903957000,12444743633052812621,1,47006.1,47160.48,47312.65,11,4,900,1776146400,695189571153011174,1300,2026.04.14 15:00:00,17.39,1100500101280026861,274,47006.1,47163.92,47312.65,11,4,900,1776178800
RG2_US30_PERIOD_M5_1776038400_1776466500_16278752941905126714,7664998204608476524,398,2026.04.13 11:00:00,17.01,3703880018159195999,14984687074636128433,1,47685.0,47685.0,47685.0,2,2,80,1776078000,14761688569690280136,402,2026.04.13 11:02:59,17.01,14984687074636128433,5,47685.0,47686.0,47687.0,2,2,80,1776078179
RG2_US30_PERIOD_M5_1776038400_1776466500_16278752941905126714,11532938610339938635,1768,2026.04.15 02:20:00,27.04,3745950912394208517,13964146570918527557,1,47401.27,47540.23,47646.85,9,3,896,1776219600,3308975653861627190,2142,2026.04.15 17:05:15,25.22,13964146570918527557,533,47401.27,47540.23,47646.85,9,3,896,1776272715
RG2_US30_PERIOD_M5_1776038400_1776466500_16278752941905126714,14570687135779336392,2716,2026.04.16 16:55:03,18.87,3988684558087850684,5968857411794480394,1,48417.0,48417.75,48418.5,2,2,80,1776358503,5871376553726750686,2718,2026.04.16 16:55:03,18.87,5968857411794480394,3,48415.5,48416.25,48417.0,2,2,80,1776358503
RG2_US30_PERIOD_M5_1776038400_1776466500_16278752941905126714,5498448264719435006,2484,2026.04.16 05:00:00,19.47,4048055041295053695,8669209765514084439,1,48527.25,48527.62,48528.0,2,2,272,1776315600,14026481320682899575,2486,2026.04.16 07:00:00,15.12,8669209765514084439,25,48527.25,48527.62,48528.0,2,2,272,1776322800
RG2_US30_PERIOD_M5_1776038400_1776466500_16278752941905126714,11131705621751006699,2483,2026.04.16 04:00:00,21.42,418169728476154026,8209677186383856272,1,47400.59,47528.57,47646.85,9,4,900,1776312000,9502576111511787159,2886,2026.04.16 23:00:00,35.08,11715962254148544576,611,47401.27,47541.15,47646.85,9,4,900,1776380400
RG2_US30_PERIOD_M5_1776038400_1776466500_16278752941905126714,6357617010375754637,1204,2026.04.14 10:40:00,11.22,4247157851872393650,6924185018599201276,1,48234.0,48234.32,48234.65,2,2,272,1776163200,4453511722328845053,1216,2026.04.14 10:40:39,11.22,6924185018599201276,13,48234.0,48234.32,48234.65,2,2,272,1776163239
RG2_US30_PERIOD_M5_1776038400_1776466500_16278752941905126714,16114497208107213177,1134,2026.04.14 10:00:00,9.67,4559069935046257051,15590992754619239475,1,48213.6,48241.33,48279.0,7,3,336,1776160800,13677247755731291061,1195,2026.04.14 10:09:35,9.99,15998090252668926012,62,48213.6,48248.35,48280.1,6,3,336,1776161375
RG2_US30_PERIOD_M5_1776038400_1776466500_16278752941905126714,6522348194319483217,503,2026.04.13 16:50:00,30.96,4590785301273646321,17312947693538965749,1,45882.2,46253.69,46586.12,19,5,962,1776099000,504886650628738182,1046,2026.04.13 23:54:36,41.76,17312947693538965749,625,45882.2,46254.3,46586.12,19,5,962,1776124476
RG2_US30_PERIOD_M5_1776038400_1776466500_16278752941905126714,14622568520548902928,2351,2026.04.16 01:00:00,34.47,472088081487423117,2787147322450192914,1,47971.3,48084.94,48173.65,10,5,976,1776301200,9003927660839637041,4483,2026.04.17 22:50:00,48.71,9299715101146406340,2619,47971.3,48083.77,48173.65,10,4,960,1776466200
RG2_US30_PERIOD_M5_1776038400_1776466500_16278752941905126714,3479015293977696435,1,2026.04.13 01:00:00,35.52,4871468859656800085,7070842382514978417,1,47041.1,47151.13,47256.6,6,3,896,1776042000,504886650628738182,1046,2026.04.13 23:54:36,41.76,7070842382514978417,1302,47041.1,47151.13,47256.6,6,3,896,1776124476
RG2_US30_PERIOD_M5_1776038400_1776466500_16278752941905126714,13254256105790800359,163,2026.04.13 02:00:00,40.99,4929687797728024143,10367216326184016648,1,46612.9,46706.51,46964.7,2,2,68,1776045600,16594922071276160111,509,2026.04.13 18:00:00,38.0,15684489752131056280,522,46612.9,46784.97,46964.7,2,2,68,1776103200
RG2_US30_PERIOD_M5_1776038400_1776466500_16278752941905126714,16680099524946218783,1234,2026.04.14 11:30:34,12.0,4979634989353110450,10622146423992365741,1,48305.84,48370.64,48444.5,7,4,960,1776166234,1140260083500662872,1381,2026.04.14 16:39:40,22.02,10622146423992365741,204,48307.15,48380.66,48444.5,7,4,960,1776184780
RG2_US30_PERIOD_M5_1776038400_1776466500_16278752941905126714,3479015293977696435,1,2026.04.13 01:00:00,35.52,5047690720853143399,3956979078699387524,1,45594.04,45630.2,45643.5,2,2,130,1776042000,4604660517765312902,171,2026.04.13 03:59:37,34.49,3956979078699387524,205,45594.04,45630.2,45643.5,2,2,130,1776052777
RG2_US30_PERIOD_M5_1776038400_1776466500_16278752941905126714,17921390249367881656,55,2026.04.13 01:01:31,35.52,5156399673619341527,10789644699242062416,1,47476.59,47478.72,47480.85,2,2,320,1776042091,15619803512715729144,61,2026.04.13 01:01:38,35.52,10789644699242062416,7,47480.85,47482.92,47484.98,2,2,320,1776042098
RG2_US30_PERIOD_M5_1776038400_1776466500_16278752941905126714,8786739186535121533,455,2026.04.13 14:00:00,17.59,55297298301423548,2896181699173677087,1,45882.2,46193.61,46525.9,16,5,962,1776088800,14789214700861984578,502,2026.04.13 16:00:00,25.67,2896181699173677087,70,45882.2,46196.27,46525.9,16,5,962,1776096000
RG2_US30_PERIOD_M5_1776038400_1776466500_16278752941905126714,3079632953423602532,2887,2026.04.17 01:00:00,34.58,556862810403737902,10536501750860383569,1,48536.0,48538.6,48541.2,3,2,144,1776387600,2207474977523386538,2964,2026.04.17 04:00:00,22.01,10536501750860383569,111,48536.0,48538.6,48541.2,3,2,144,1776398400
RG2_US30_PERIOD_M5_1776038400_1776466500_16278752941905126714,16048485031703554499,263,2026.04.13 08:00:00,24.96,5575752705160765798,7288944483815696176,1,47401.27,47515.58,47646.85,10,4,912,1776067200,14682120411991038036,454,2026.04.13 13:00:00,16.7,13580242766684373692,246,47401.27,47521.21,47646.85,9,4,912,1776085200
RG2_US30_PERIOD_M5_1776038400_1776466500_16278752941905126714,13915000254440874627,1790,2026.04.15 08:00:00,12.3,5629684948131664952,12806883301173826646,1,46079.6,46334.23,46525.9,4,4,898,1776240000,15929950621994371947,1810,2026.04.15 08:52:13,11.65,12806883301173826646,31,46079.6,46334.23,46525.9,4,4,898,1776243133
RG2_US30_PERIOD_M5_1776038400_1776466500_16278752941905126714,8786739186535121533,455,2026.04.13 14:00:00,17.59,5770754394569343441,7288944483815696176,1,47401.27,47534.38,47646.85,10,4,912,1776088800,18178150203554885539,1123,2026.04.14 03:06:35,27.81,11407634296250264629,804,47398.0,47526.0,47646.85,10,4,912,1776135995
RG2_US30_PERIOD_M5_1776038400_1776466500_16278752941905126714,8401053466185192452,1786,2026.04.15 04:55:00,19.58,5850019357356745796,10019158123156598051,1,47006.1,47196.92,47312.65,8,4,900,1776228900,10299775846322978272,1978,2026.04.15 16:31:15,19.2,4448499469327664963,318,47006.1,47211.01,47312.65,8,4,900,1776270675
RG2_US30_PERIOD_M5_1776038400_1776466500_16278752941905126714,8786739186535121533,455,2026.04.13 14:00:00,17.59,5856826730626448389,13779600949837034735,1,46532.14,46561.33,46591.92,3,2,130,1776088800,14789214700861984578,502,2026.04.13 16:00:00,25.67,13779600949837034735,70,46529.51,46559.93,46586.12,3,2,130,1776096000
RG2_US30_PERIOD_M5_1776038400_1776466500_16278752941905126714,5570874450504955762,1811,2026.04.15 09:00:00,11.72,5952167252628534657,10385063653368218624,1,46079.6,46287.1,46525.9,5,4,898,1776243600,5726550763913714314,1813,2026.04.15 11:00:00,11.61,10385063653368218624,25,46079.6,46287.1,46525.9,5,4,898,1776250800
RG2_US30_PERIOD_M5_1776038400_1776466500_16278752941905126714,17839384093646445942,1979,2026.04.15 16:35:00,20.36,6158233012004362882,363921090424813944,1,47006.1,47222.56,47324.0,9,5,964,1776270900,11131705621751006699,2483,2026.04.16 04:00:00,21.42,16973755278633791198,616,47006.1,47212.22,47324.0,7,4,960,1776312000
RG2_US30_PERIOD_M5_1776038400_1776466500_16278752941905126714,17333095455646894862,208,2026.04.13 04:03:32,34.27,6193937411832872560,13860908188205834289,1,47526.33,47527.98,47529.63,2,2,192,1776053012,4878103663069241583,214,2026.04.13 04:10:25,33.3,13860908188205834289,9,47529.63,47531.31,47532.99,2,2,192,1776053425
RG2_US30_PERIOD_M5_1776038400_1776466500_16278752941905126714,15392033780520150317,1860,2026.04.15 13:00:00,12.64,6207311186523839540,12806883301173826646,1,46079.6,46334.23,46525.9,4,4,898,1776258000,15362257068039371461,2257,2026.04.15 18:01:15,29.03,12806883301173826646,454,46079.6,46337.93,46525.9,4,4,898,1776276075
RG2_US30_PERIOD_M5_1776038400_1776466500_16278752941905126714,15195216877817396668,1731,2026.04.15 01:00:28,32.6,6452062624002821813,8218166303063748176,1,48524.45,48525.85,48527.25,2,2,320,1776214828,7085625175256908964,1737,2026.04.15 01:00:37,32.6,8218166303063748176,7,48527.25,48528.67,48530.09,2,2,320,1776214837
RG2_US30_PERIOD_M5_1776038400_1776466500_16278752941905126714,3479015293977696435,1,2026.04.13 01:00:00,35.52,6489814323360987856,6526662104334896930,1,47841.81,47854.5,47874.18,2,2,18,1776042000,16648854032724080998,684,2026.04.13 19:51:17,44.55,6526662104334896930,894,47842.38,47856.11,47880.05,2,2,18,1776109877
RG2_US30_PERIOD_M5_1776038400_1776466500_16278752941905126714,15142539068044209446,14,2026.04.13 01:00:04,35.52,6738546274927670111,14514362506185030798,1,47401.27,47530.36,47646.85,8,3,896,1776042004,221870390497365657,228,2026.04.13 06:00:00,28.54,16421116930066892322,272,47401.27,47517.76,47646.85,9,4,912,1776060000
RG2_US30_PERIOD_M5_1776038400_1776466500_16278752941905126714,13400036449592286908,659,2026.04.13 19:50:37,44.55,6764007883592428693,12165577404546434014,1,47946.74,47949.27,47951.8,2,2,320,1776109837,6322976255343097845,668,2026.04.13 19:51:02,44.55,12165577404546434014,10,47951.8,47954.07,47956.35,2,2,320,1776109862
RG2_US30_PERIOD_M5_1776038400_1776466500_16278752941905126714,7588238297827406128,453,2026.04.13 12:00:00,16.85,7239423429646727137,14984687074636128433,1,47714.0,47714.0,47714.0,2,2,80,1776081600,11260976184298631680,457,2026.04.13 14:00:12,17.59,14984687074636128433,25,47714.0,47714.99,47715.97,2,2,80,1776088812
RG2_US30_PERIOD_M5_1776038400_1776466500_16278752941905126714,2552595516976248303,2339,2026.04.15 19:12:03,31.41,7240765215996056841,6993241117748526831,1,48272.6,48274.47,48276.34,2,2,192,1776280323,9003927660839637041,4483,2026.04.17 22:50:00,48.71,3664538237295533906,2682,48196.6,48262.84,48303.9,6,4,960,1776466200
RG2_US30_PERIOD_M5_1776038400_1776466500_16278752941905126714,16829019601427783632,2966,2026.04.17 04:55:00,19.21,7384947202617539810,12765032733505680698,1,47006.1,47191.88,47312.65,4,3,896,1776401700,2076941609394561979,3584,2026.04.17 16:10:42,18.68,12765032733505680698,745,47006.1,47191.88,47312.65,4,3,896,1776442242
RG2_US30_PERIOD_M5_1776038400_1776466500_16278752941905126714,13526285723538221218,1709,2026.04.15 01:00:00,32.6,7385922761784090360,5931470995139608552,1,47006.1,47208.8,47324.0,9,5,964,1776214800,17251296805910078527,1785,2026.04.15 04:00:00,21.18,4637342595794663832,108,47006.1,47210.04,47324.0,9,5,964,1776225600
RG2_US30_PERIOD_M5_1776038400_1776466500_16278752941905126714,9003927660839637041,4483,2026.04.17 22:50:00,48.71,7515449699771034928,15958426368875566310,1,48411.2,48414.1,48417.0,2,2,144,1776466200,9003927660839637041,4483,2026.04.17 22:50:00,48.71,15958426368875566310,1,48411.2,48414.1,48417.0,2,2,144,1776466200
RG2_US30_PERIOD_M5_1776038400_1776466500_16278752941905126714,7341963558239983050,3736,2026.04.17 16:35:00,22.68,7699625718790310317,10536501750860383569,1,48536.0,48538.6,48541.2,3,2,144,1776443700,9003927660839637041,4483,2026.04.17 22:50:00,48.71,10536501750860383569,814,48536.0,48538.6,48541.2,3,2,144,1776466200
RG2_US30_PERIOD_M5_1776038400_1776466500_16278752941905126714,9268301221281394845,3471,2026.04.17 15:59:29,17.39,8081434319411542533,13268063354123777173,1,49119.79,49120.63,49121.47,2,2,192,1776441569,11414934393537455955,3476,2026.04.17 15:59:36,17.39,13268063354123777173,6,49121.47,49122.45,49123.44,2,2,192,1776441576
RG2_US30_PERIOD_M5_1776038400_1776466500_16278752941905126714,7809997705875504544,1124,2026.04.14 03:20:00,26.95,8301688315384800566,13964146570918527557,1,47401.27,47540.23,47646.85,9,3,896,1776136800,12501952985547754250,1527,2026.04.14 17:14:40,26.91,13964146570918527557,558,47401.27,47540.23,47646.85,9,3,896,1776186880
RG2_US30_PERIOD_M5_1776038400_1776466500_16278752941905126714,3079632953423602532,2887,2026.04.17 01:00:00,34.58,8312134829074091249,17370725273415484596,1,47564.1,47608.91,47646.85,4,3,896,1776387600,13930498051715251854,2970,2026.04.17 07:00:00,14.07,17370725273415484596,147,47564.1,47608.91,47646.85,4,3,896,1776409200
RG2_US30_PERIOD_M5_1776038400_1776466500_16278752941905126714,8146343980797308300,1593,2026.04.14 18:26:57,31.18,8762078364593705565,5584079954078814288,1,48523.6,48525.42,48527.25,2,2,320,1776191217,16625458863196009132,1607,2026.04.14 18:27:38,31.18,5584079954078814288,15,48527.25,48529.0,48530.76,2,2,320,1776191258
RG2_US30_PERIOD_M5_1776038400_1776466500_16278752941905126714,13970809138497683655,1744,2026.04.15 01:00:41,32.6,8779602204604704116,15130648007026451985,1,48538.0,48539.6,48541.2,2,2,192,1776214841,2807524926712454251,1754,2026.04.15 01:07:18,33.07,15130648007026451985,12,48541.2,48542.93,48544.67,2,2,192,1776215238
RG2_US30_PERIOD_M5_1776038400_1776466500_16278752941905126714,16048485031703554499,263,2026.04.13 08:00:00,24.96,9137256365865837296,14984687074636128433,1,47595.0,47595.0,47595.0,2,2,80,1776067200,7538700061739656823,272,2026.04.13 08:45:34,24.34,14984687074636128433,20,47595.0,47596.16,47597.32,2,2,80,1776069934
RG2_US30_PERIOD_M5_1776038400_1776466500_16278752941905126714,16338006621046025439,2763,2026.04.16 17:04:15,19.36,9222054766011042345,1211353174056436418,1,48383.85,48384.84,48385.83,2,2,320,1776359055,7975631232168043778,2776,2026.04.16 17:04:25,19.36,1211353174056436418,14,48381.61,48382.73,48383.85,2,2,320,1776359065
RG2_US30_PERIOD_M5_1776038400_1776466500_16278752941905126714,4511165940322287404,852,2026.04.13 22:32:33,44.68,922631599191051547,10946621556518713656,1,48082.55,48084.8,48087.05,2,2,320,1776119553,3620851247575381319,863,2026.04.13 22:35:37,44.9,10946621556518713656,13,48087.05,48089.57,48092.09,2,2,320,1776119737
RG2_US30_PERIOD_M5_1776038400_1776466500_16278752941905126714,13526285723538221218,1709,2026.04.15 01:00:00,32.6,9302872173349965776,10008882553107116315,1,47971.3,48039.79,48121.95,5,3,896,1776214800,17707322776269889250,2350,2026.04.15 23:00:00,35.53,10008882553107116315,876,47971.3,48039.79,48121.95,5,3,896,1776294000
RG2_US30_PERIOD_M5_1776038400_1776466500_16278752941905126714,3479015293977696435,1,2026.04.13 01:00:00,35.52,9378601928718072234,149668012805937977,1,47401.27,47518.37,47646.85,9,4,960,1776042000,6968051331438044694,13,2026.04.13 01:00:04,35.52,149668012805937977,13,47397.6,47515.61,47646.85,9,4,960,1776042004
RG2_US30_PERIOD_M5_1776038400_1776466500_16278752941905126714,2448736735460673542,4482,2026.04.17 22:00:00,46.56,9653312053752582260,7797770518698079767,1,47771.28,47772.47,47773.65,2,2,260,1776463200,9003927660839637041,4483,2026.04.17 22:50:00,48.71,7797770518698079767,11,47771.28,47772.47,47773.65,2,2,260,1776466200
RG2_US30_PERIOD_M5_1776038400_1776466500_16278752941905126714,13319047469542259005,1047,2026.04.14 01:00:00,41.38,9754657704047402518,12609938574634547192,1,47006.1,47193.89,47324.0,9,5,964,1776128400,10115790788192389608,1126,2026.04.14 05:00:00,19.72,8398361729492957224,122,47006.1,47195.67,47324.0,9,5,964,1776142800
RG2_US30_PERIOD_M5_1776038400_1776466500_16278752941905126714,10481570194217490145,2561,2026.04.16 15:33:20,12.69,9802366302236642989,8255158088844789327,1,48573.67,48731.09,48907.43,21,5,976,1776353600,12696381378913068737,2960,2026.04.17 02:39:59,27.76,3736455155070331753,513,48574.0,48735.65,48907.43,26,5,976,1776393599
RG2_US30_PERIOD_M5_1777248000_1777676100_6859180431116322748,5563191702114670884,1174,2026.04.29 15:55:00,19.51,10017668774208297020,10931591655793864480,1,49227.67,49228.83,49230.0,2,2,144,1777478100,17576494408399790201,1281,2026.04.29 16:32:15,21.03,10931591655793864480,114,49227.67,49228.83,49230.0,2,2,144,1777480335
RG2_US30_PERIOD_M5_1777248000_1777676100_6859180431116322748,11153155149708137623,834,2026.04.29 01:00:00,36.08,10034458125527199284,18038566345185269554,1,48512.1,48625.63,48698.0,7,4,898,1777424400,13590936311263642518,937,2026.04.29 03:45:00,21.69,18038566345185269554,133,48512.1,48625.63,48698.0,7,4,898,1777434300
RG2_US30_PERIOD_M5_1777248000_1777676100_6859180431116322748,5254781192688437698,1,2026.04.27 01:00:00,40.75,10113427234728209712,12158242544731992216,1,49657.65,49792.15,49949.9,16,4,960,1777251600,8634041986609327735,363,2026.04.27 23:00:00,34.01,12158242544731992216,590,49657.65,49792.15,49949.9,16,4,960,1777330800
RG2_US30_PERIOD_M5_1777248000_1777676100_6859180431116322748,6139066702205300958,1067,2026.04.29 12:00:00,14.92,10149780239160524452,7239158848148299672,1,49133.5,49149.66,49165.4,4,4,402,1777464000,5180037685216926836,1700,2026.04.29 19:00:00,33.41,14432464466779617894,705,49157.0,49157.6,49158.2,2,2,144,1777489200
RG2_US30_PERIOD_M5_1777248000_1777676100_6859180431116322748,13269422150191090280,3554,2026.05.01 09:00:00,12.2,10175904802990145426,13327561694286092492,1,49270.05,49420.31,49582.67,22,6,922,1777626000,10079007120751405556,4006,2026.05.01 22:52:38,38.68,2103330166716959242,600,49270.05,49427.19,49585.7,23,6,922,1777675958
RG2_US30_PERIOD_M5_1777248000_1777676100_6859180431116322748,13904838606719482142,3772,2026.05.01 17:10:00,22.99,10199115923793212693,1778597560415793213,1,49103.35,49104.7,49106.05,2,1,256,1777655400,10079007120751405556,4006,2026.05.01 22:52:38,38.68,1778597560415793213,296,49103.35,49104.7,49106.05,2,1,256,1777675958
RG2_US30_PERIOD_M5_1777248000_1777676100_6859180431116322748,1941712021052046955,3707,2026.05.01 15:40:00,13.97,10225986785124617951,2337467254017871648,1,48684.33,48685.17,48686.0,2,2,144,1777650000,10079007120751405556,4006,2026.05.01 22:52:38,38.68,2337467254017871648,375,48684.33,48685.17,48686.0,2,2,144,1777675958
RG2_US30_PERIOD_M5_1777248000_1777676100_6859180431116322748,13867541877190554757,3468,2026.05.01 01:00:00,40.16,10332692204194342119,2337467254017871648,1,48684.33,48685.17,48686.0,2,2,144,1777597200,18436288343414831513,3552,2026.05.01 08:00:00,15.66,2337467254017871648,155,48684.33,48685.17,48686.0,2,2,144,1777622400
RG2_US30_PERIOD_M5_1777248000_1777676100_6859180431116322748,17610230516333655576,2452,2026.04.30 13:37:31,31.69,10381440434329152967,1105298922003439633,1,49062.07,49063.63,49065.2,2,2,192,1777556251,6145969378886368804,2457,2026.04.30 13:37:39,31.69,1105298922003439633,6,49065.2,49066.54,49067.89,2,2,192,1777556259
RG2_US30_PERIOD_M5_1777248000_1777676100_6859180431116322748,1225353401311863541,364,2026.04.28 01:00:00,33.12,1050529782163661151,4377216919256773372,1,49267.0,49268.53,49270.05,2,2,272,1777338000,1006155274805902485,509,2026.04.28 05:40:00,15.73,1979039569235648723,193,49267.0,49267.0,49267.0,2,1,16,1777354800
RG2_US30_PERIOD_M5_1777248000_1777676100_6859180431116322748,5180037685216926836,1700,2026.04.29 19:00:00,33.41,10514984706649416603,6547814555973862275,1,49189.37,49191.35,49193.33,2,1,128,1777489200,5180037685216926836,1700,2026.04.29 19:00:00,33.41,6547814555973862275,1,49189.37,49191.35,49193.33,2,1,128,1777489200
RG2_US30_PERIOD_M5_1777248000_1777676100_6859180431116322748,5631843230021817885,694,2026.04.28 13:00:00,15.89,10677822425547544166,8659368110897816517,1,49133.5,49147.32,49165.4,5,5,466,1777381200,8985506799335643555,832,2026.04.28 22:55:00,38.87,13569381470750116917,243,49133.5,49135.75,49138.0,2,2,272,1777416900
RG2_US30_PERIOD_M5_1777248000_1777676100_6859180431116322748,11349188335349181860,2641,2026.04.30 17:00:00,44.35,10770559771748976258,10471725021603016480,1,49227.67,49228.83,49230.0,2,2,144,1777568400,15575093278457025438,2965,2026.04.30 17:41:00,47.22,10471725021603016480,329,49227.67,49228.83,49230.0,2,2,144,1777570860
RG2_US30_PERIOD_M5_1777248000_1777676100_6859180431116322748,10654500158868285727,20,2026.04.27 01:00:30,40.75,10925170567939510540,2175857074245933524,1,49163.1,49187.47,49198.0,6,5,466,1777251630,11710902761393150292,359,2026.04.27 19:00:00,30.54,4986847617686808289,523,49182.0,49182.5,49183.0,2,1,16,1777316400
RG2_US30_PERIOD_M5_1777248000_1777676100_6859180431116322748,11710902761393150292,359,2026.04.27 19:00:00,30.54,11012327373973829079,12001152329430234331,1,49090.65,49100.19,49108.1,2,2,18,1777316400,1969391213558738991,693,2026.04.28 12:50:00,15.84,4544505330556810851,514,49090.65,49105.14,49110.0,3,3,274,1777380600
RG2_US30_PERIOD_M5_1777248000_1777676100_6859180431116322748,8869520687188909417,1791,2026.04.29 23:15:00,45.29,11047082134221652766,10931591655793864480,1,49227.67,49228.83,49230.0,2,2,144,1777504500,4957721039175310922,2015,2026.04.30 01:09:37,46.87,10471725021603016480,234,49227.67,49228.83,49230.0,2,2,144,1777511377
RG2_US30_PERIOD_M5_1777248000_1777676100_6859180431116322748,11776713069133797898,140,2026.04.27 10:00:00,16.44,11138324776032056676,1065011378796270671,1,49133.0,49133.25,49133.5,2,2,272,1777284000,11776713069133797898,142,2026.04.27 10:55:00,16.53,1065011378796270671,10,49133.0,49133.25,49133.5,2,2,272,1777287300
RG2_US30_PERIOD_M5_1777248000_1777676100_6859180431116322748,9767471412776893555,2167,2026.04.30 08:00:00,28.3,11280082487268536909,16201752774182341201,1,48789.4,48803.07,48811.35,3,3,266,1777536000,14622444852978452022,2609,2026.04.30 13:49:15,33.6,16201752774182341201,506,48785.8,48802.47,48811.4,3,3,266,1777556955
RG2_US30_PERIOD_M5_1777248000_1777676100_6859180431116322748,9135099582162479953,810,2026.04.28 18:00:00,35.96,11625538918309709591,16201519027096832505,1,49205.9,49221.2,49231.0,4,4,150,1777399200,14308865073551975353,2030,2026.04.30 02:00:00,44.83,16122802902189285024,1536,49216.7,49219.35,49222.0,2,2,144,1777514400
RG2_US30_PERIOD_M5_1777248000_1777676100_6859180431116322748,11761081511280449148,1842,2026.04.30 01:00:00,46.25,12082268031255179535,639068919646834127,1,49270.05,49428.25,49585.7,26,6,978,1777510800,5417195029502759961,3553,2026.05.01 08:25:00,13.59,2113080502168962652,2031,49270.05,49425.58,49582.67,23,6,922,1777623900
RG2_US30_PERIOD_M5_1777248000_1777676100_6859180431116322748,10116194643022206582,151,2026.04.27 16:05:00,16.7,12144369836236348659,8644959227028153723,1,49138.0,49139.0,49140.0,2,1,16,1777305900,10403823985317073817,362,2026.04.27 22:00:00,33.47,1436749881100997749,275,49138.0,49140.62,49142.0,3,2,20,1777327200
RG2_US30_PERIOD_M5_1777248000_1777676100_6859180431116322748,4581325612003508178,2171,2026.04.30 09:00:29,23.48,12250662584465100609,12252892134756276271,1,48528.33,48643.79,48698.0,8,4,912,1777539629,17158257091975875741,2264,2026.04.30 10:00:00,22.82,12252892134756276271,105,48528.33,48640.16,48698.0,8,4,912,1777543200
RG2_US30_PERIOD_M5_1777248000_1777676100_6859180431116322748,5180037685216926836,1700,2026.04.29 19:00:00,33.41,12332209489897098336,14621245913259586683,1,49259.0,49259.91,49261.42,3,3,84,1777489200,9378438764622153847,2690,2026.04.30 17:01:16,44.35,18277524462291187153,1211,49251.0,49259.15,49259.3,2,2,80,1777568476
RG2_US30_PERIOD_M5_1777248000_1777676100_6859180431116322748,5254781192688437698,1,2026.04.27 01:00:00,40.75,12630809560087202479,16731183206254121521,1,49383.25,49399.2,49416.0,5,3,194,1777251600,6229174485272042847,1841,2026.04.29 23:58:40,46.14,8968339470041836598,2562,49373.3,49394.42,49416.0,5,3,194,1777507120
RG2_US30_PERIOD_M5_1777248000_1777676100_6859180431116322748,11349188335349181860,2641,2026.04.30 17:00:00,44.35,12703820505277628503,9618097119259661864,1,49086.4,49102.38,49111.0,2,2,258,1777568400,4050894506743571919,3546,2026.05.01 05:00:00,23.39,1778597560415793213,1023,49103.35,49104.7,49106.05,2,1,256,1777611600
RG2_US30_PERIOD_M5_1777248000_1777676100_6859180431116322748,14308865073551975353,2030,2026.04.30 02:00:00,44.83,12812110257839860667,13162704668433856337,1,48793.0,48793.0,48793.0,2,2,80,1777514400,11411900561770924928,2031,2026.04.30 02:05:00,43.96,13162704668433856337,2,48793.0,48793.0,48793.0,2,2,80,1777514700
RG2_US30_PERIOD_M5_1777248000_1777676100_6859180431116322748,6273016902928399493,214,2026.04.27 16:31:40,17.64,13200986407457222401,3877167088815092733,1,49304.99,49305.44,49305.9,2,2,192,1777307500,11625122295917193228,220,2026.04.27 16:31:41,17.64,7281361786924764472,7,49311.0,49312.0,49313.0,2,2,320,1777307501
RG2_US30_PERIOD_M5_1777248000_1777676100_6859180431116322748,18358845925534947701,1679,2026.04.29 18:54:37,31.95,13325084234213025419,16652184043512542351,1,48725.4,48727.25,48729.1,2,2,192,1777488877,17419513346498829714,1708,2026.04.29 21:08:38,35.66,3010779717067906408,51,48714.37,48716.31,48718.25,2,2,72,1777496918
RG2_US30_PERIOD_M5_1777248000_1777676100_6859180431116322748,16933244717903793158,811,2026.04.28 19:00:00,37.97,13327664082970111610,6547814555973862275,1,49189.37,49191.35,49193.33,2,1,128,1777402800,12686738504286011838,951,2026.04.29 04:08:29,20.83,8417394014119650703,227,49187.01,49188.19,49189.37,2,2,192,1777435709
RG2_US30_PERIOD_M5_1777248000_1777676100_6859180431116322748,11115028517085100775,274,2026.04.27 17:00:00,24.58,13352606922759944942,13759898673357803563,1,49191.35,49193.56,49196.0,3,3,400,1777309200,9587717833095644069,809,2026.04.28 17:30:00,33.24,13860486991541414113,783,49182.0,49182.5,49183.0,2,1,16,1777397400
RG2_US30_PERIOD_M5_1777248000_1777676100_6859180431116322748,5268375421472217908,720,2026.04.28 17:00:00,30.35,13477242750096994626,1032472270126319868,1,49311.0,49312.0,49313.0,2,2,272,1777395600,9135099582162479953,810,2026.04.28 18:00:00,35.96,1032472270126319868,100,49311.0,49313.0,49315.0,2,2,272,1777399200
RG2_US30_PERIOD_M5_1777248000_1777676100_6859180431116322748,13458117145205778402,157,2026.04.27 16:30:38,17.64,13545391223370241069,8252433878049971197,1,49227.23,49227.45,49227.67,2,2,192,1777307438,3645507587541648509,158,2026.04.27 16:30:39,17.64,8252433878049971197,2,49227.67,49228.36,49229.06,2,2,192,1777307439
RG2_US30_PERIOD_M5_1777248000_1777676100_6859180431116322748,4748245396237793346,360,2026.04.27 20:00:00,31.0,13701275978772409095,4608298826214187904,1,49158.0,49158.1,49158.2,2,2,144,1777320000,4748245396237793346,360,2026.04.27 20:00:00,31.0,4608298826214187904,1,49158.0,49158.1,49158.2,2,2,144,1777320000
RG2_US30_PERIOD_M5_1777248000_1777676100_6859180431116322748,6715257607067636187,2035,2026.04.30 05:00:00,34.39,13726463465840259375,16611168028075212074,1,48709.0,48717.75,48727.35,3,3,146,1777525200,4734438852277021839,2090,2026.04.30 05:31:43,33.76,16611168028075212074,61,48709.0,48717.75,48727.35,3,3,146,1777527103
RG2_US30_PERIOD_M5_1777248000_1777676100_6859180431116322748,5201775825448725877,524,2026.04.28 09:00:00,11.77,13868699287125544620,7695927602414796884,1,49158.2,49158.83,49159.46,2,2,132,1777366800,5448252575495431450,533,2026.04.28 09:49:37,11.87,7695927602414796884,19,49158.2,49158.83,49159.46,2,2,132,1777369777
RG2_US30_PERIOD_M5_1777248000_1777676100_6859180431116322748,1225353401311863541,364,2026.04.28 01:00:00,33.12,14091748176450017828,958715403385161332,1,48854.0,48900.6,48956.0,10,4,960,1777338000,10079007120751405556,4006,2026.05.01 22:52:38,38.68,13340916217123866030,4598,48861.37,48912.84,48971.05,10,3,896,1777675958
RG2_US30_PERIOD_M5_1777248000_1777676100_6859180431116322748,9587717833095644069,809,2026.04.28 17:30:00,33.24,14200357449926743100,6547814555973862275,1,49189.37,49191.35,49193.33,2,1,128,1777397400,13000517229781522809,814,2026.04.28 21:00:00,39.19,18271615084434752053,43,49172.2,49172.6,49173.0,2,2,272,1777410000
RG2_US30_PERIOD_M5_1777248000_1777676100_6859180431116322748,6098672047059674208,1102,2026.04.29 13:00:00,15.42,14261250926698895829,12629400236365251579,1,49182.0,49182.5,49183.0,2,1,16,1777467600,14106193878277803060,1106,2026.04.29 13:01:13,15.42,12629400236365251579,5,49182.0,49182.5,49183.0,2,1,16,1777467673
RG2_US30_PERIOD_M5_1777248000_1777676100_6859180431116322748,7602740040995468261,137,2026.04.27 09:00:00,18.46,14409394579877587827,8644959227028153723,1,49138.0,49139.0,49140.0,2,1,16,1777280400,7602740040995468261,137,2026.04.27 09:00:00,18.46,8644959227028153723,1,49138.0,49139.0,49140.0,2,1,16,1777280400
RG2_US30_PERIOD_M5_1777248000_1777676100_6859180431116322748,2979874973692689649,3220,2026.04.30 21:00:37,47.6,14446627780548705187,6663621803443579030,1,49607.66,49610.36,49613.05,2,2,320,1777582837,13386633886646721996,3241,2026.04.30 21:02:13,47.6,6663621803443579030,22,49613.05,49615.81,49618.57,2,2,320,1777582933
RG2_US30_PERIOD_M5_1777248000_1777676100_6859180431116322748,4050894506743571919,3546,2026.05.01 05:00:00,23.39,14512658577535910872,3635873975758538419,1,49763.35,49764.68,49766.0,2,2,272,1777611600,2697306700436371987,3547,2026.05.01 05:20:00,22.49,3635873975758538419,5,49763.35,49764.68,49766.0,2,2,272,1777612800
RG2_US30_PERIOD_M5_1777248000_1777676100_6859180431116322748,11761081511280449148,1842,2026.04.30 01:00:00,46.25,14660139090038713098,10338786257500713491,1,48218.3,48272.7,48327.1,3,3,896,1777510800,18183737605022246577,3467,2026.04.30 23:55:11,40.19,10338786257500713491,1871,48218.3,48272.7,48327.1,3,3,896,1777593311
RG2_US30_PERIOD_M5_1777248000_1777676100_6859180431116322748,1225353401311863541,364,2026.04.28 01:00:00,33.12,15065774311039845493,13331603136413953192,1,48774.2,48776.92,48778.5,3,2,384,1777338000,16170386716668614074,1603,2026.04.29 18:53:29,31.95,13849119288620870799,1671,48771.01,48772.6,48774.2,2,2,192,1777488809
RG2_US30_PERIOD_M5_1777248000_1777676100_6859180431116322748,5254781192688437698,1,2026.04.27 01:00:00,40.75,15105798209932629433,15446186807342375806,1,49984.2,50112.34,50209.8,6,3,896,1777251600,16787753266442348820,833,2026.04.28 23:00:00,38.84,4269747053808169774,1300,49984.2,50103.33,50209.8,5,3,896,1777417200
RG2_US30_PERIOD_M5_1777248000_1777676100_6859180431116322748,11818867755720904296,3535,2026.05.01 02:00:00,36.16,15227204188273191663,8098824165008833918,1,49747.0,49747.78,49749.33,3,2,144,1777600800,11818867755720904296,3535,2026.05.01 02:00:00,36.16,8098824165008833918,1,49747.0,49747.78,49749.33,3,2,144,1777600800
RG2_US30_PERIOD_M5_1777248000_1777676100_6859180431116322748,6545189086419744457,1070,2026.04.29 12:49:13,15.1,15311879424675719294,11318971724130914876,1,49110.0,49110.5,49111.0,2,2,80,1777466953,4134273723445987213,1080,2026.04.29 12:56:14,15.23,8298689997183528196,13,49104.45,49105.25,49106.05,2,2,320,1777467374
RG2_US30_PERIOD_M5_1777248000_1777676100_6859180431116322748,5362766124977879525,2029,2026.04.30 01:50:00,47.18,15357778369778006099,10471725021603016480,1,49227.67,49228.83,49230.0,2,2,144,1777513800,14622444852978452022,2609,2026.04.30 13:49:15,33.6,3455709856009323028,709,49216.33,49216.51,49216.7,2,2,132,1777556955
RG2_US30_PERIOD_M5_1777248000_1777676100_6859180431116322748,7602740040995468261,137,2026.04.27 09:00:00,18.46,15455407783181745784,11832096571208784301,1,48365.0,48369.19,48380.75,2,2,258,1777280400,8546690248662003416,145,2026.04.27 11:30:00,16.49,11832096571208784301,29,48365.5,48369.29,48378.97,2,2,258,1777289400
RG2_US30_PERIOD_M5_1777248000_1777676100_6859180431116322748,5254781192688437698,1,2026.04.27 01:00:00,40.75,1581959724281722437,10771612785455560304,1,49488.5,49536.52,49582.67,8,4,960,1777251600,8634041986609327735,363,2026.04.27 23:00:00,34.01,10771612785455560304,590,49488.5,49536.52,49582.67,8,4,960,1777330800
RG2_US30_PERIOD_M5_1777248000_1777676100_6859180431116322748,10116194643022206582,151,2026.04.27 16:05:00,16.7,1588286148444655303,8426771362849866868,1,49191.35,49192.34,49193.33,2,2,384,1777305900,4527871222666268947,272,2026.04.27 16:33:40,17.64,8426771362849866868,127,49191.35,49192.34,49193.33,2,2,384,1777307620
RG2_US30_PERIOD_M5_1777248000_1777676100_6859180431116322748,17709947427363049638,490,2026.04.28 03:09:35,20.2,16394794843431959478,9598721094156119864,1,49269.46,49269.76,49270.05,2,2,320,1777345775,2972352834222379490,495,2026.04.28 03:10:38,19.92,9598721094156119864,7,49270.05,49271.21,49272.38,2,2,320,1777345838
RG2_US30_PERIOD_M5_1777248000_1777676100_6859180431116322748,14465311441545270304,3573,2026.05.01 11:00:00,10.69,16400836940563523566,16385629634522240170,1,49743.0,49756.32,49764.2,4,4,402,1777633200,1339406495748225322,3585,2026.05.01 12:00:00,10.06,16385629634522240170,23,49743.0,49756.32,49764.2,4,4,402,1777636800
RG2_US30_PERIOD_M5_1777248000_1777676100_6859180431116322748,7981380123489936758,3962,2026.05.01 21:20:00,36.41,16429212909192007408,3635873975758538419,1,49759.0,49761.18,49763.35,2,2,272,1777670400,10079007120751405556,4006,2026.05.01 22:52:38,38.68,3635873975758538419,61,49759.0,49761.18,49763.35,2,2,272,1777675958
RG2_US30_PERIOD_M5_1777248000_1777676100_6859180431116322748,5631843230021817885,694,2026.04.28 13:00:00,15.89,16494734133483591234,1979039569235648723,1,49267.0,49267.0,49267.0,2,1,16,1777381200,2311991798984788001,716,2026.04.28 14:05:00,17.63,1979039569235648723,34,49267.0,49267.0,49267.0,2,1,16,1777385100
RG2_US30_PERIOD_M5_1777248000_1777676100_6859180431116322748,8959035817811270597,3709,2026.05.01 16:35:00,17.39,16600774132210968231,17745196077428712509,1,49131.55,49132.53,49133.5,2,1,256,1777653300,10079007120751405556,4006,2026.05.01 22:52:38,38.68,17745196077428712509,364,49131.55,49132.53,49133.5,2,1,256,1777675958
RG2_US30_PERIOD_M5_1777248000_1777676100_6859180431116322748,3910443851553569922,3710,2026.05.01 17:00:00,21.57,16634460068118923675,16385629634522240170,1,49736.4,49755.26,49763.35,4,4,402,1777654800,14420270046848930108,3853,2026.05.01 18:50:41,29.99,16385629634522240170,164,49735.2,49755.25,49763.4,4,4,402,1777661441
RG2_US30_PERIOD_M5_1777248000_1777676100_6859180431116322748,4297865451179353230,3184,2026.04.30 19:00:05,48.4,16785299539280031226,14356839288617225366,1,49592.25,49595.15,49598.05,2,2,320,1777575605,6204011685343053965,3211,2026.04.30 19:14:13,48.36,14356839288617225366,32,49598.05,49600.88,49603.71,2,2,320,1777576453
RG2_US30_PERIOD_M5_1777248000_1777676100_6859180431116322748,3136548155680069319,843,2026.04.29 01:00:05,36.08,17069812422782234102,3381324399865588433,1,49197.75,49197.88,49198.0,2,2,80,1777424405,16172382304740300817,858,2026.04.29 01:00:26,36.08,3381324399865588433,16,49198.0,49200.15,49202.31,2,2,80,1777424426
RG2_US30_PERIOD_M5_1777248000_1777676100_6859180431116322748,5254781192688437698,1,2026.04.27 01:00:00,40.75,17345893316920438561,12753221768627620917,1,49133.5,49135.75,49138.0,2,2,272,1777251600,3266909637390223101,113,2026.04.27 02:35:00,37.46,8644959227028153723,128,49138.0,49138.0,49138.0,2,1,16,1777257300
RG2_US30_PERIOD_M5_1777248000_1777676100_6859180431116322748,667399281967107686,380,2026.04.28 01:00:31,33.12,17395523731008962029,470495635294946225,1,49197.45,49197.72,49198.0,2,2,80,1777338031,10158106312665999815,386,2026.04.28 01:03:28,33.12,470495635294946225,7,49198.0,49199.68,49201.35,2,2,80,1777338208
RG2_US30_PERIOD_M5_1777248000_1777676100_6859180431116322748,5254781192688437698,1,2026.04.27 01:00:00,40.75,17744100809435095922,2101497797964986509,1,48360.2,48366.57,48383.0,3,2,258,1777251600,11417231116439082582,135,2026.04.27 07:00:00,21.89,11832096571208784301,198,48365.0,48369.75,48383.0,2,2,258,1777273200
RG2_US30_PERIOD_M5_1777248000_1777676100_6859180431116322748,11117937227463101580,423,2026.04.28 01:06:19,33.0,17925732616464297004,14995791600331868669,1,49224.0,49225.83,49227.67,2,2,192,1777338379,2173741492102536193,430,2026.04.28 01:06:27,33.0,14995791600331868669,8,49227.67,49229.2,49230.74,2,2,192,1777338387
RG2_US30_PERIOD_M5_1777248000_1777676100_6859180431116322748,5448252575495431450,533,2026.04.28 09:49:37,11.87,17929840281273349568,17189331032106398402,1,49172.2,49172.6,49173.0,2,2,320,1777369777,1125779718894742402,539,2026.04.28 10:03:38,12.03,17189331032106398402,9,49170.97,49171.58,49172.2,2,2,320,1777370618
RG2_US30_PERIOD_M5_1777248000_1777676100_6859180431116322748,16083607289768526639,115,2026.04.27 04:00:00,28.92,17938416049321951593,1065011378796270671,1,49132.0,49132.75,49133.5,2,2,272,1777262400,5405130015640290934,134,2026.04.27 06:00:00,23.61,8644959227028153723,42,49138.0,49139.0,49140.0,2,1,16,1777269600
RG2_US30_PERIOD_M5_1777248000_1777676100_6859180431116322748,6474773981665084452,2369,2026.04.30 13:30:37,29.7,18359565875537758049,6774073500525886942,1,48955.05,48955.72,48956.4,2,2,320,1777555837,12385657155338893027,2371,2026.04.30 13:30:38,29.7,6774073500525886942,3,48956.4,48957.96,48959.52,2,2,320,1777555838
RG2_US30_PERIOD_M5_1777248000_1777676100_6859180431116322748,1225353401311863541,364,2026.04.28 01:00:00,33.12,18402662851823236012,2094417713086117582,1,48519.1,48641.79,48766.2,9,4,898,1777338000,16787753266442348820,833,2026.04.28 23:00:00,38.84,2024998435398127110,699,48512.1,48640.74,48766.2,10,4,898,1777417200
RG2_US30_PERIOD_M5_1777248000_1777676100_6859180431116322748,18374554373426359190,111,2026.04.27 02:00:00,39.47,1921808481933218446,10465623267452990674,1,49191.35,49195.17,49198.0,4,4,464,1777255200,7218666310954068447,138,2026.04.27 09:30:00,16.61,8426771362849866868,108,49191.35,49192.34,49193.33,2,2,384,1777282200
RG2_US30_PERIOD_M5_1777248000_1777676100_6859180431116322748,2023111717280614752,970,2026.04.29 09:00:00,11.78,2235749696777824240,4376381757995870774,1,49226.44,49227.05,49227.67,2,2,132,1777453200,8262370352463443130,1007,2026.04.29 10:47:13,12.37,4376381757995870774,59,49227.67,49227.97,49228.28,2,2,132,1777459633
RG2_US30_PERIOD_M5_1777248000_1777676100_6859180431116322748,11115028517085100775,274,2026.04.27 17:00:00,24.58,2390693320091646430,4608298826214187904,1,49158.2,49159.1,49160.0,2,2,144,1777309200,11115028517085100775,274,2026.04.27 17:00:00,24.58,4608298826214187904,1,49158.2,49159.1,49160.0,2,2,144,1777309200
RG2_US30_PERIOD_M5_1777248000_1777676100_6859180431116322748,3979908537361074198,812,2026.04.28 20:00:00,38.34,2461510147051491857,13860486991541414113,1,49182.0,49182.5,49183.0,2,1,16,1777406400,16787753266442348820,833,2026.04.28 23:00:00,38.84,13860486991541414113,53,49182.0,49182.5,49183.0,2,1,16,1777417200
RG2_US30_PERIOD_M5_1777248000_1777676100_6859180431116322748,7373136897581516856,955,2026.04.29 04:08:36,20.83,2534100363997803538,2814730772080431814,1,49183.0,49184.18,49185.36,2,2,80,1777435716,14795908321215101516,971,2026.04.29 10:00:00,11.73,2814730772080431814,80,49182.0,49182.5,49183.0,2,2,80,1777456800
RG2_US30_PERIOD_M5_1777248000_1777676100_6859180431116322748,3167576898535367608,144,2026.04.27 11:05:00,16.73,2673868276461489058,8644959227028153723,1,49138.0,49139.0,49140.0,2,1,16,1777287900,3167576898535367608,144,2026.04.27 11:05:00,16.73,8644959227028153723,1,49138.0,49139.0,49140.0,2,1,16,1777287900
RG2_US30_PERIOD_M5_1777248000_1777676100_6859180431116322748,55903038056546398,2266,2026.04.30 12:00:00,25.38,3049454501182912934,12252892134756276271,1,48528.33,48640.54,48698.0,8,4,912,1777550400,18183737605022246577,3467,2026.04.30 23:55:11,40.19,12252892134756276271,1332,48526.0,48634.04,48698.0,8,4,912,1777593311
RG2_US30_PERIOD_M5_1777248000_1777676100_6859180431116322748,13260718702752673882,256,2026.04.27 16:33:36,17.64,3212931716920895246,9681210227491696561,1,49339.97,49340.99,49342.0,2,2,80,1777307616,4383021647250315969,260,2026.04.27 16:33:37,17.64,9681210227491696561,5,49342.0,49342.99,49343.98,2,2,80,1777307617
RG2_US30_PERIOD_M5_1777248000_1777676100_6859180431116322748,11153155149708137623,834,2026.04.29 01:00:00,36.08,3273786813468648832,15457922794908117572,1,49214.63,49215.67,49216.7,2,2,132,1777424400,729051377198026554,904,2026.04.29 02:58:30,25.3,15457922794908117572,92,49215.18,49215.94,49216.7,2,2,132,1777431510
RG2_US30_PERIOD_M5_1777248000_1777676100_6859180431116322748,55903038056546398,2266,2026.04.30 12:00:00,25.38,3840604073267038400,10471725021603016480,1,49227.67,49228.83,49230.0,2,2,144,1777550400,268548992254950837,2598,2026.04.30 13:49:03,33.6,4035367951722119573,353,49222.0,49226.31,49230.0,4,3,208,1777556943
RG2_US30_PERIOD_M5_1777248000_1777676100_6859180431116322748,12971749463516605190,1502,2026.04.29 18:00:00,29.72,4080924345825779575,7667538958067775931,1,49103.5,49120.01,49134.45,5,3,274,1777485600,6229174485272042847,1841,2026.04.29 23:58:40,46.14,8340538676613223349,401,49106.05,49108.03,49110.0,2,2,272,1777507120
RG2_US30_PERIOD_M5_1777248000_1777676100_6859180431116322748,13867541877190554757,3468,2026.05.01 01:00:00,40.16,4092780020202021655,6639620073431296129,1,50423.35,50534.96,50646.57,3,3,896,1777597200,10079007120751405556,4006,2026.05.01 22:52:38,38.68,6639620073431296129,766,50423.35,50534.96,50646.57,3,3,896,1777675958
RG2_US30_PERIOD_M5_1777248000_1777676100_6859180431116322748,6098672047059674208,1102,2026.04.29 13:00:00,15.42,4449530624060683339,14168616912614189226,1,49251.13,49251.57,49252.0,2,2,20,1777467600,14106193878277803060,1106,2026.04.29 13:01:13,15.42,14168616912614189226,5,49251.13,49251.57,49252.0,2,2,20,1777467673
RG2_US30_PERIOD_M5_1777248000_1777676100_6859180431116322748,3692006569122549553,1701,2026.04.29 20:00:00,33.91,4524392539470033756,17745196077428712509,1,49131.55,49132.53,49133.5,2,1,256,1777492800,10255015162044096224,3550,2026.05.01 07:00:00,18.34,17745196077428712509,2197,49131.55,49132.53,49133.5,2,1,256,1777618800
RG2_US30_PERIOD_M5_1777248000_1777676100_6859180431116322748,8365113872269293996,2265,2026.04.30 11:00:00,24.6,4606645544559154921,12252892134756276271,1,48527.0,48622.91,48698.0,8,4,912,1777546800,8365113872269293996,2265,2026.04.30 11:00:00,24.6,12252892134756276271,1,48527.0,48622.91,48698.0,8,4,912,1777546800
RG2_US30_PERIOD_M5_1777248000_1777676100_6859180431116322748,12382369091286168608,1501,2026.04.29 17:00:00,25.99,4656631890209821145,3920168975744112707,1,48711.6,48721.48,48725.4,2,2,130,1777482000,12382369091286168608,1501,2026.04.29 17:00:00,25.99,3920168975744112707,1,48711.6,48721.48,48725.4,2,2,130,1777482000
RG2_US30_PERIOD_M5_1777248000_1777676100_6859180431116322748,10710040074294535123,141,2026.04.27 10:05:00,16.54,4702592368894792718,8426771362849866868,1,49191.35,49192.34,49193.33,2,2,384,1777284300,3167576898535367608,144,2026.04.27 11:05:00,16.73,8426771362849866868,10,49191.35,49192.34,49193.33,2,2,384,1777287900
RG2_US30_PERIOD_M5_1777248000_1777676100_6859180431116322748,13896455656729845760,3537,2026.05.01 04:00:00,25.4,4828221256137085742,6483034218756101806,1,49775.0,49776.5,49778.0,2,1,16,1777608000,17267142090767791532,3538,2026.05.01 04:10:00,25.12,6483034218756101806,3,49775.0,49776.5,49778.0,2,1,16,1777608600
RG2_US30_PERIOD_M5_1777248000_1777676100_6859180431116322748,5631843230021817885,694,2026.04.28 13:00:00,15.89,5048628266623931513,11486598738186921839,1,49185.18,49192.37,49205.9,6,4,150,1777381200,17422554990570365332,719,2026.04.28 16:25:00,25.46,11486598738186921839,62,49186.8,49194.64,49205.9,6,4,150,1777393500
RG2_US30_PERIOD_M5_1777248000_1777676100_6859180431116322748,4731952523317152069,3305,2026.04.30 21:30:31,46.97,5067941421171746651,11099799608705323158,1,49660.41,49663.21,49666.0,2,2,320,1777584631,565783226217986296,3341,2026.04.30 21:38:39,46.83,5002884554733293105,36,49688.32,49688.36,49688.4,2,2,192,1777585119
RG2_US30_PERIOD_M5_1777248000_1777676100_6859180431116322748,9587717833095644069,809,2026.04.28 17:30:00,33.24,5268086322840541913,9109745028698215349,1,49106.05,49108.03,49110.0,2,2,272,1777397400,8761505074711836507,901,2026.04.29 01:40:07,34.64,8340538676613223349,170,49106.05,49108.03,49110.0,2,2,272,1777426807
RG2_US30_PERIOD_M5_1777248000_1777676100_6859180431116322748,12827322436879363085,2594,2026.04.30 13:47:39,33.6,5550008204238765759,10471725021603016480,1,49227.67,49228.83,49230.0,2,2,144,1777556859,726273932548304304,3549,2026.05.01 06:00:00,20.63,8353767390949560342,1113,49227.67,49228.74,49229.82,2,2,132,1777615200
RG2_US30_PERIOD_M5_1777248000_1777676100_6859180431116322748,12382369091286168608,1501,2026.04.29 17:00:00,25.99,5553046698186907040,12615151775488892451,1,48528.33,48644.17,48698.0,6,4,898,1777482000,16129095633905057451,2170,2026.04.30 09:00:29,23.48,11852713842141780854,824,48525.89,48630.69,48698.0,9,5,976,1777539629
RG2_US30_PERIOD_M5_1777248000_1777676100_6859180431116322748,10670077774034416449,557,2026.04.28 10:13:37,12.29,5554929558828019152,12904425590317267183,1,49158.2,49158.93,49159.67,2,2,192,1777371217,1969391213558738991,693,2026.04.28 12:50:00,15.84,12904425590317267183,165,49157.0,49157.6,49158.2,2,2,192,1777380600
RG2_US30_PERIOD_M5_1777248000_1777676100_6859180431116322748,12382369091286168608,1501,2026.04.29 17:00:00,25.99,5659933096632301578,2332209123328871415,1,49267.6,49268.83,49270.05,2,2,260,1777482000,12382369091286168608,1501,2026.04.29 17:00:00,25.99,2332209123328871415,1,49267.6,49268.83,49270.05,2,2,260,1777482000
RG2_US30_PERIOD_M5_1777248000_1777676100_6859180431116322748,14058166124847064800,1744,2026.04.29 21:35:00,36.9,5776674340055848513,17775489119893153118,1,49363.0,49365.2,49367.4,2,2,384,1777498500,6229174485272042847,1841,2026.04.29 23:58:40,46.14,17775489119893153118,123,49363.0,49365.2,49367.4,2,2,384,1777507120
RG2_US30_PERIOD_M5_1777248000_1777676100_6859180431116322748,13269422150191090280,3554,2026.05.01 09:00:00,12.2,5985421681111780071,16385629634522240170,1,49743.0,49756.57,49764.2,4,4,402,1777626000,5922539429833802966,3571,2026.05.01 09:43:59,10.84,16385629634522240170,26,49743.0,49756.57,49764.2,4,4,402,1777628639
RG2_US30_PERIOD_M5_1777248000_1777676100_6859180431116322748,11153155149708137623,834,2026.04.29 01:00:00,36.08,6329817035510612260,17745196077428712509,1,49131.55,49132.53,49133.5,2,1,256,1777424400,17145165857383525132,966,2026.04.29 06:00:00,16.96,17745196077428712509,186,49131.55,49132.53,49133.5,2,1,256,1777442400
RG2_US30_PERIOD_M5_1777248000_1777676100_6859180431116322748,15447473778818252593,112,2026.04.27 02:10:00,38.69,6390236743393099442,4487754659927214513,1,49198.0,49198.0,49198.0,2,2,80,1777255800,3266909637390223101,113,2026.04.27 02:35:00,37.46,4487754659927214513,6,49198.0,49198.0,49198.0,2,2,80,1777257300
RG2_US30_PERIOD_M5_1777248000_1777676100_6859180431116322748,16469865533749021864,938,2026.04.29 04:00:00,20.79,6623851889942218055,18143860634958318614,1,48528.33,48643.13,48698.0,6,4,898,1777435200,16512316740993983980,968,2026.04.29 07:00:00,15.07,18143860634958318614,63,48528.33,48643.13,48698.0,6,4,898,1777446000
RG2_US30_PERIOD_M5_1777248000_1777676100_6859180431116322748,1225353401311863541,364,2026.04.28 01:00:00,33.12,6707449377159242535,12555876264666509301,1,49300.0,49339.24,49356.0,3,3,448,1777338000,8338990956013209158,605,2026.04.28 12:18:26,15.09,12555876264666509301,361,49300.0,49339.24,49356.0,3,3,448,1777378706
RG2_US30_PERIOD_M5_1777248000_1777676100_6859180431116322748,8114735734494927949,763,2026.04.28 17:14:36,31.06,6821236982521791043,4466666229038623498,1,49110.0,49111.76,49113.53,2,2,80,1777396476,6383963524844062894,774,2026.04.28 17:15:18,31.95,11683910813928487618,13,49102.93,49104.49,49106.05,2,2,320,1777396518
RG2_US30_PERIOD_M5_1777248000_1777676100_6859180431116322748,9480287804503008693,969,2026.04.29 08:00:00,13.37,7093422368368907175,2299018114850605332,1,48528.33,48630.52,48698.0,7,4,898,1777449600,277674173607258792,1500,2026.04.29 16:48:15,24.52,4741115046280475092,627,48528.33,48632.31,48698.0,7,4,898,1777481295
RG2_US30_PERIOD_M5_1777248000_1777676100_6859180431116322748,4424251364043438288,3342,2026.04.30 21:38:39,46.83,7403935955073389679,3761719965995605013,1,49688.4,49736.0,49858.33,7,4,960,1777585119,3624709691838618377,3517,2026.05.01 01:09:32,40.09,11326872509604624184,204,49763.35,49768.18,49773.0,2,2,320,1777597772
RG2_US30_PERIOD_M5_1777248000_1777676100_6859180431116322748,5180037685216926836,1700,2026.04.29 19:00:00,33.41,7462938481584731394,7875232547650799868,1,49307.0,49309.0,49311.0,2,2,272,1777489200,6229174485272042847,1841,2026.04.29 23:58:40,46.14,7875232547650799868,194,49307.0,49309.0,49311.0,2,2,272,1777507120
RG2_US30_PERIOD_M5_1777248000_1777676100_6859180431116322748,2272231694063615248,815,2026.04.28 22:00:00,39.79,747133449278641201,701770110072306278,1,49158.2,49159.1,49160.0,2,2,144,1777413600,16153835606878078846,1066,2026.04.29 11:39:42,14.16,14432464466779617894,390,49157.0,49157.6,49158.2,2,2,144,1777462782
RG2_US30_PERIOD_M5_1777248000_1777676100_6859180431116322748,5254781192688437698,1,2026.04.27 01:00:00,40.75,7490933737048328677,11670366200255433847,1,48519.1,48751.39,48956.0,21,5,962,1777251600,8634041986609327735,363,2026.04.27 23:00:00,34.01,11670366200255433847,590,48519.1,48751.39,48956.0,21,5,962,1777330800
RG2_US30_PERIOD_M5_1777248000_1777676100_6859180431116322748,15172170956352146542,29,2026.04.27 01:00:42,40.75,7674303560541354348,1657805468936365807,1,49158.2,49160.08,49161.97,2,2,192,1777251642,8910594990554538406,34,2026.04.27 01:00:45,40.75,1657805468936365807,6,49153.77,49155.99,49158.2,2,2,192,1777251645
RG2_US30_PERIOD_M5_1777248000_1777676100_6859180431116322748,13867541877190554757,3468,2026.05.01 01:00:00,40.16,77939745536403908,1239151583051914960,1,48006.57,48242.67,48443.35,8,3,896,1777597200,10079007120751405556,4006,2026.05.01 22:52:38,38.68,1239151583051914960,766,48006.57,48242.67,48443.35,8,3,896,1777675958
RG2_US30_PERIOD_M5_1777248000_1777676100_6859180431116322748,11153155149708137623,834,2026.04.29 01:00:00,36.08,7912914751343137755,7875232547650799868,1,49307.0,49309.0,49311.0,2,2,272,1777424400,8761505074711836507,901,2026.04.29 01:40:07,34.64,7875232547650799868,76,49307.0,49309.0,49311.0,2,2,272,1777426807
RG2_US30_PERIOD_M5_1777248000_1777676100_6859180431116322748,5737494548164486224,562,2026.04.28 11:00:00,13.49,7933359483865705185,18412365101475016480,1,49227.67,49228.33,49229.0,2,2,144,1777374000,4258484009155219580,592,2026.04.28 11:32:36,15.04,18412365101475016480,36,49227.67,49228.33,49229.0,2,2,144,1777375956
RG2_US30_PERIOD_M5_1777248000_1777676100_6859180431116322748,5254781192688437698,1,2026.04.27 01:00:00,40.75,7969216450778168169,15493443551865104576,1,49005.1,49060.95,49123.0,10,7,982,1777251600,6229174485272042847,1841,2026.04.29 23:58:40,46.14,15369080114529961188,2562,49005.1,49038.44,49081.65,7,3,896,1777507120
RG2_US30_PERIOD_M5_1777248000_1777676100_6859180431116322748,1225353401311863541,364,2026.04.28 01:00:00,33.12,8308836929204678838,901445983104747714,1,49657.65,49743.56,49858.33,11,3,896,1777338000,565783226217986296,3341,2026.04.30 21:38:39,46.83,43953290945620427,3678,49694.5,49754.92,49858.33,5,3,896,1777585119
RG2_US30_PERIOD_M5_1777248000_1777676100_6859180431116322748,9511062283419710478,3296,2026.04.30 21:25:00,47.09,8451464352075949463,10471725021603016480,1,49227.67,49228.83,49230.0,2,2,144,1777584300,18183737605022246577,3467,2026.04.30 23:55:11,40.19,10471725021603016480,202,49227.67,49228.83,49230.0,2,2,144,1777593311
RG2_US30_PERIOD_M5_1777248000_1777676100_6859180431116322748,4686150668181780025,606,2026.04.28 12:18:32,15.09,8489641620482528292,12395956253782133944,1,49298.8,49329.13,49356.0,4,3,448,1777378712,4325270890089442760,715,2026.04.28 14:04:34,16.78,12555876264666509301,127,49300.0,49339.24,49356.0,3,3,448,1777385074
RG2_US30_PERIOD_M5_1777248000_1777676100_6859180431116322748,444312757165887114,2320,2026.04.30 13:30:02,29.7,8567736164262537840,4313234583929217617,1,48845.63,48846.61,48847.6,2,2,192,1777555802,7218614736925428037,2322,2026.04.30 13:30:03,29.7,4313234583929217617,3,48847.6,48848.85,48850.09,2,2,192,1777555803
RG2_US30_PERIOD_M5_1777248000_1777676100_6859180431116322748,3692006569122549553,1701,2026.04.29 20:00:00,33.91,890017733451521730,3067491288712292182,1,49157.0,49176.05,49193.33,6,3,146,1777492800,18183737605022246577,3467,2026.04.30 23:55:11,40.19,6547814555973862275,2054,49189.37,49191.35,49193.33,2,1,128,1777593311
RG2_US30_PERIOD_M5_1777248000_1777676100_6859180431116322748,5254781192688437698,1,2026.04.27 01:00:00,40.75,8912306507540367026,4613467816236342753,1,49163.1,49184.98,49193.33,7,5,466,1777251600,200462800067008984,25,2026.04.27 01:00:34,40.75,11066116701586213058,25,49168.51,49170.35,49172.2,2,2,320,1777251634
RG2_US30_PERIOD_M5_1777248000_1777676100_6859180431116322748,17841896475981831270,700,2026.04.28 14:00:37,16.78,9196188317541788693,12285561527147020088,1,49362.54,49362.77,49363.0,2,2,320,1777384837,17841896475981831270,700,2026.04.28 14:00:37,16.78,12285561527147020088,1,49362.54,49362.77,49363.0,2,2,320,1777384837
RG2_US30_PERIOD_M5_1777248000_1777676100_6859180431116322748,9776738559003565825,183,2026.04.27 16:31:27,17.64,9364289616922670823,18125209285282974769,1,49264.99,49265.99,49267.0,2,2,80,1777307487,12138060886217806716,186,2026.04.27 16:31:28,17.64,18125209285282974769,4,49267.0,49268.0,49269.0,2,2,80,1777307488
RG2_US30_PERIOD_M5_1777248000_1777676100_6859180431116322748,1225353401311863541,364,2026.04.28 01:00:00,33.12,9509612048916138455,7262473175231704906,1,49434.05,49515.6,49582.67,11,4,960,1777338000,6229174485272042847,1841,2026.04.29 23:58:40,46.14,8418416086582159422,1961,49434.05,49507.82,49582.67,14,5,962,1777507120
RG2_US30_PERIOD_M5_1777248000_1777676100_6859180431116322748,17422554990570365332,719,2026.04.28 16:25:00,25.46,9510128274778608931,4377216919256773372,1,49267.0,49268.53,49270.05,2,2,272,1777393500,16787753266442348820,833,2026.04.28 23:00:00,38.84,4377216919256773372,183,49267.0,49268.53,49270.05,2,2,272,1777417200
RG2_US30_PERIOD_M5_1777248000_1777676100_6859180431116322748,14730418583774601210,1548,2026.04.29 18:33:39,31.0,9516866080368468192,11798642372255139036,1,48810.55,48812.28,48814.01,2,2,320,1777487619,8407531532270267980,1558,2026.04.29 18:34:28,31.0,11798642372255139036,11,48807.41,48808.98,48810.55,2,2,320,1777487668
RG2_US30_PERIOD_M5_1777248000_1777676100_6859180431116322748,13004816182253434546,1036,2026.04.29 11:16:39,13.54,9640694369380443774,12156787712655773956,1,49133.5,49133.85,49134.2,2,2,320,1777461399,17251599209272428536,1041,2026.04.29 11:34:24,13.69,18214375734587918596,9,49130.45,49131.0,49131.55,2,2,320,1777462464
RG2_US30_PERIOD_M5_1777248000_1777676100_6859180431116322748,5055042238950319396,1600,2026.04.29 18:53:28,31.95,9907320854154106499,8627293364787947629,1,48778.05,48778.28,48778.5,2,1,256,1777488808,10079007120751405556,4006,2026.05.01 22:52:38,38.68,8627293364787947629,2931,48778.05,48778.28,48778.5,2,1,256,1777675958
RG2_US500_PERIOD_M5_1764547200_1764975300_7828061311987021760,14652169835775784197,816,2025.12.01 17:00:00,3.93,10313891572991095997,14819032519337577427,1,6817.65,6818.11,6818.57,3,3,400,1764608400,14652169835775784197,816,2025.12.01 17:00:00,3.93,14819032519337577427,1,6817.65,6818.11,6818.57,3,3,400,1764608400
RG2_US500_PERIOD_M5_1764547200_1764975300_7828061311987021760,9422610349222295814,1998,2025.12.03 16:08:27,2.52,10332083235825969883,12406050303888546314,1,6814.7,6814.84,6814.97,2,2,80,1764778107,17754839028717398719,2006,2025.12.03 16:08:29,2.52,12406050303888546314,9,6814.4,6814.55,6814.7,2,2,80,1764778109
RG2_US500_PERIOD_M5_1764547200_1764975300_7828061311987021760,8008506532900202884,2257,2025.12.04 01:00:00,5.09,10336126785741887458,11860145108557120035,1,6819.33,6819.63,6819.93,2,1,128,1764810000,8609600338439389993,2306,2025.12.04 01:03:38,5.09,11860145108557120035,50,6819.33,6819.63,6819.93,2,1,128,1764810218
RG2_US500_PERIOD_M5_1764547200_1764975300_7828061311987021760,11956834407890506528,1134,2025.12.02 12:44:00,2.33,1038372131078793424,14401626501482218178,1,6829.5,6842.06,6852.6,12,5,976,1764679440,12746706689228192096,1644,2025.12.03 04:00:00,4.27,8490829577420730748,670,6841.7,6841.95,6842.2,2,2,272,1764734400
RG2_US500_PERIOD_M5_1764547200_1764975300_7828061311987021760,3719127861263869800,527,2025.12.01 02:53:05,3.56,10547658752662698267,9604369098096420131,1,6815.2,6815.59,6815.97,2,1,64,1764557585,6431544876411384683,544,2025.12.01 02:56:04,3.59,9604369098096420131,19,6814.8,6815.0,6815.6,2,1,64,1764557764
RG2_US500_PERIOD_M5_1764547200_1764975300_7828061311987021760,8161085866776179503,207,2025.12.01 02:00:00,3.25,10564657148049126045,16483241264813204017,1,6852.6,6852.6,6852.6,2,2,80,1764554400,12138288755382771780,652,2025.12.01 04:52:30,4.38,16483241264813204017,480,6852.6,6852.6,6852.6,2,2,80,1764564750
RG2_US500_PERIOD_M5_1764547200_1764975300_7828061311987021760,7874898223711262686,1728,2025.12.03 12:00:00,1.83,11005612409216081087,10030407865021032208,1,6702.3,6706.29,6709.05,2,2,130,1764763200,5890254456837580112,2256,2025.12.03 23:41:00,5.16,10030407865021032208,655,6702.3,6706.29,6709.05,2,2,130,1764805260
RG2_US500_PERIOD_M5_1764547200_1764975300_7828061311987021760,2778708584170563330,1,2025.12.01 01:00:00,2.92,11393911340830720276,8519624120064265100,1,6821.1,6822.61,6823.63,6,4,912,1764550800,10333453335674971831,2794,2025.12.04 23:50:00,5.55,15442639778207998081,3809,6821.1,6822.37,6823.63,3,3,896,1764892200
RG2_US500_PERIOD_M5_1764547200_1764975300_7828061311987021760,14822735005108112292,2361,2025.12.04 04:00:00,2.76,11945238116783706732,11407911851601077408,1,6850.8,6850.95,6851.1,2,1,16,1764820800,12573281331473553066,2366,2025.12.04 04:20:14,2.61,11407911851601077408,10,6850.8,6850.95,6851.1,2,1,16,1764822014
RG2_US500_PERIOD_M5_1764547200_1764975300_7828061311987021760,13118031918251089299,1474,2025.12.03 01:00:00,6.14,11997515076554808388,15442391438578499947,1,6847.7,6850.51,6852.7,5,3,448,1764723600,1534733492365733743,2194,2025.12.03 20:00:00,4.86,15768909051572099611,932,6850.4,6852.65,6852.7,2,1,64,1764792000
RG2_US500_PERIOD_M5_1764547200_1764975300_7828061311987021760,2778708584170563330,1,2025.12.01 01:00:00,2.92,12226079538831330301,10872983000847592751,1,6615.2,6638.87,6652.65,6,5,902,1764550800,11447746396395058049,808,2025.12.01 09:00:00,3.36,14800480661024793023,902,6615.2,6638.24,6652.87,6,5,902,1764579600
RG2_US500_PERIOD_M5_1764547200_1764975300_7828061311987021760,17030891296248583233,14,2025.12.01 01:00:40,2.92,12491777139565402292,16310469970493160085,1,6851.6,6851.73,6851.87,2,2,192,1764550840,13426132675452301984,95,2025.12.01 01:25:04,3.07,16310469970493160085,87,6851.87,6852.04,6852.22,2,2,192,1764552304
RG2_US500_PERIOD_M5_1764547200_1764975300_7828061311987021760,15062646193558277026,1748,2025.12.03 15:00:00,2.08,12569005058432408598,10013407665492694716,1,6836.87,6836.98,6837.1,2,2,144,1764774000,11022962273253527084,2160,2025.12.03 16:10:16,2.69,10013407665492694716,426,6836.8,6836.83,6836.87,2,2,144,1764778216
RG2_US500_PERIOD_M5_1764547200_1764975300_7828061311987021760,15348690081250056469,1035,2025.12.02 09:00:00,2.2,12611221011632479624,5475534740591216051,1,6818.5,6818.53,6818.57,2,2,144,1764666000,15348690081250056469,1035,2025.12.02 09:00:00,2.2,5475534740591216051,1,6818.5,6818.53,6818.57,2,2,144,1764666000
RG2_US500_PERIOD_M5_1764547200_1764975300_7828061311987021760,17180470007809293340,2461,2025.12.04 13:00:00,1.8,13133498931363379017,6893165836379255571,1,6855.13,6855.22,6855.3,2,2,144,1764853200,15590739873478279728,2472,2025.12.04 15:00:00,1.96,6893165836379255571,35,6855.13,6855.22,6855.3,2,2,144,1764860400
RG2_US500_PERIOD_M5_1764547200_1764975300_7828061311987021760,2778708584170563330,1,2025.12.01 01:00:00,2.92,13518579941350032203,6756289338737982608,1,6829.65,6843.52,6851.2,9,5,976,1764550800,10577032495736919444,809,2025.12.01 10:00:00,3.16,12284843244603855668,913,6829.65,6841.26,6851.2,9,5,976,1764583200
RG2_US500_PERIOD_M5_1764547200_1764975300_7828061311987021760,12746706689228192096,1644,2025.12.03 04:00:00,4.27,13751409409694918709,10361418207172687970,1,6836.87,6836.88,6836.9,2,2,144,1764734400,8908808113333024412,1718,2025.12.03 05:35:59,3.13,10361418207172687970,93,6836.87,6836.88,6836.9,2,2,144,1764740159
RG2_US500_PERIOD_M5_1764547200_1764975300_7828061311987021760,7210223090162305057,911,2025.12.02 02:00:00,5.17,13761970340709355034,13769472858690539185,1,6820.0,6820.0,6820.0,2,2,80,1764640800,8637362894177407880,912,2025.12.02 02:30:00,4.69,13769472858690539185,8,6820.0,6820.0,6820.0,2,2,80,1764642600
RG2_US500_PERIOD_M5_1764547200_1764975300_7828061311987021760,2778708584170563330,1,2025.12.01 01:00:00,2.92,13771740960148954742,12212835691831665277,1,6764.6,6773.18,6783.43,4,3,896,1764550800,1996762645229345204,824,2025.12.01 23:30:00,5.54,12212835691831665277,1073,6764.6,6773.18,6783.43,4,3,896,1764631800
RG2_US500_PERIOD_M5_1764547200_1764975300_7828061311987021760,12044814355586671571,1720,2025.12.03 07:00:00,2.26,14050388625503395109,18136183709559548209,1,6845.9,6845.9,6845.9,2,2,80,1764745200,17298840957417520272,1721,2025.12.03 07:15:24,2.1,18136183709559548209,7,6845.9,6845.99,6846.07,2,2,80,1764746124
RG2_US500_PERIOD_M5_1764547200_1764975300_7828061311987021760,14396811653957302697,1668,2025.12.03 04:21:23,4.04,14076535941926226719,10876439153828278289,1,6843.07,6843.28,6843.5,2,2,192,1764735683,15770001362518540117,1678,2025.12.03 04:26:39,3.96,10876439153828278289,12,6843.5,6843.73,6843.96,2,2,192,1764735999
RG2_US500_PERIOD_M5_1764547200_1764975300_7828061311987021760,10157399306412117017,2986,2025.12.05 07:00:00,2.31,14380648176591019776,15346583532077476792,1,6757.03,6764.45,6771.55,5,3,896,1764918000,10292137687719724069,3393,2025.12.05 22:00:00,4.6,15346583532077476792,575,6757.03,6764.45,6771.55,5,3,896,1764972000
RG2_US500_PERIOD_M5_1764547200_1764975300_7828061311987021760,9105869914853938549,1466,2025.12.02 18:15:00,3.95,14468896449769927431,2210728932662194835,1,6786.07,6786.3,6786.53,2,1,128,1764699300,5890254456837580112,2256,2025.12.03 23:41:00,5.16,16876968728036945088,1104,6776.97,6786.19,6792.3,7,4,960,1764805260
RG2_US500_PERIOD_M5_1764547200_1764975300_7828061311987021760,7084021253556247,1287,2025.12.02 17:00:00,2.95,14504571985627791258,7712664406810353235,1,6827.6,6827.65,6827.7,2,1,16,1764694800,13457384096642378100,1432,2025.12.02 17:55:00,3.67,7712664406810353235,157,6827.6,6827.65,6827.7,2,1,16,1764698100
RG2_US500_PERIOD_M5_1764547200_1764975300_7828061311987021760,356264290669383434,1874,2025.12.03 16:04:27,2.29,14591612817183005721,5526563237622187127,1,6822.53,6822.67,6822.8,2,2,192,1764777867,15038692963365260245,1885,2025.12.03 16:04:28,2.29,5526563237622187127,12,6822.27,6822.4,6822.53,2,2,192,1764777868
RG2_US500_PERIOD_M5_1764547200_1764975300_7828061311987021760,2778708584170563330,1,2025.12.01 01:00:00,2.92,14816748526841468253,643834776973790474,1,6571.23,6586.15,6605.45,5,3,896,1764550800,1996762645229345204,824,2025.12.01 23:30:00,5.54,643834776973790474,1073,6571.23,6586.15,6605.45,5,3,896,1764631800
RG2_US500_PERIOD_M5_1764547200_1764975300_7828061311987021760,8065927164970528012,2891,2025.12.05 03:00:45,4.33,1493502259004018314,7519970159636175326,1,6862.34,6862.59,6862.85,2,2,320,1764903645,9705935110676818652,2907,2025.12.05 03:03:03,4.33,7519970159636175326,17,6862.85,6863.09,6863.34,2,2,320,1764903783
RG2_US500_PERIOD_M5_1764547200_1764975300_7828061311987021760,15839109301352740462,3047,2025.12.05 15:45:40,1.76,15129071154939362289,9845485571786566543,1,6850.57,6850.66,6850.76,2,2,192,1764949540,2435471465491953311,3052,2025.12.05 15:46:30,1.76,9845485571786566543,6,6850.38,6850.47,6850.57,2,2,192,1764949590
RG2_US500_PERIOD_M5_1764547200_1764975300_7828061311987021760,10292137687719724069,3393,2025.12.05 22:00:00,4.6,15245552199744721180,6332297426501314510,1,6851.8,6853.61,6855.7,3,3,146,1764972000,10292137687719724069,3393,2025.12.05 22:00:00,4.6,6332297426501314510,1,6851.8,6853.61,6855.7,3,3,146,1764972000
RG2_US500_PERIOD_M5_1764547200_1764975300_7828061311987021760,17631807758944776037,772,2025.12.01 07:04:14,3.83,15646359377306845031,6826865670430555914,1,6793.7,6793.9,6794.11,2,2,320,1764572654,7041016328612621822,784,2025.12.01 07:06:32,3.82,6826865670430555914,15,6793.35,6793.52,6793.7,2,2,320,1764572792
RG2_US500_PERIOD_M5_1764547200_1764975300_7828061311987021760,17233850064512186033,1631,2025.12.03 03:00:00,5.26,15663228191542689991,1505238671592910255,1,6833.3,6833.58,6833.85,2,2,272,1764730800,16697707542140924061,1642,2025.12.03 03:40:00,4.67,1505238671592910255,21,6833.3,6833.58,6833.85,2,2,272,1764733200
RG2_US500_PERIOD_M5_1764547200_1764975300_7828061311987021760,14586428536373847592,3210,2025.12.05 17:02:18,2.37,15986834947975545741,2823535196577847446,1,6883.48,6883.59,6883.7,2,2,320,1764954138,6830022183067379787,3214,2025.12.05 17:02:20,2.37,2823535196577847446,5,6883.7,6883.82,6883.95,2,2,320,1764954140
RG2_US500_PERIOD_M5_1764547200_1764975300_7828061311987021760,2778708584170563330,1,2025.12.01 01:00:00,2.92,16162066071673618287,7251766258576926402,1,6658.3,6658.4,6662.0,2,2,320,1764550800,1996762645229345204,824,2025.12.01 23:30:00,5.54,7251766258576926402,1073,6658.3,6658.4,6662.0,2,2,320,1764631800
RG2_US500_PERIOD_M5_1764547200_1764975300_7828061311987021760,4684623284924903554,2863,2025.12.05 02:00:00,5.08,16407043723849273033,14482212937613944839,1,6854.0,6854.15,6854.3,2,1,16,1764900000,8382353013026487513,2883,2025.12.05 02:50:00,4.43,14482212937613944839,31,6854.0,6854.15,6854.3,2,1,16,1764903000
RG2_US500_PERIOD_M5_1764547200_1764975300_7828061311987021760,18037043172328807112,2467,2025.12.04 14:52:23,1.93,17438509602805929357,239512498380046875,1,6860.09,6861.15,6862.2,2,1,64,1764859943,1456284091203181308,2494,2025.12.04 16:07:23,2.18,239512498380046875,41,6860.2,6862.29,6862.38,2,1,64,1764864443
RG2_US500_PERIOD_M5_1764547200_1764975300_7828061311987021760,3759577054508948465,1061,2025.12.02 11:00:00,2.27,17478348870922477121,5475534740591216051,1,6818.5,6818.53,6818.57,2,2,144,1764673200,16093375065999407050,1095,2025.12.02 11:26:11,2.33,5475534740591216051,42,6818.5,6818.53,6818.57,2,2,144,1764674771
RG2_US500_PERIOD_M5_1764547200_1764975300_7828061311987021760,7602913355512313692,3388,2025.12.05 18:00:00,2.97,17814947140241493982,15068748255887320722,1,6838.01,6840.68,6842.46,4,4,402,1764957600,10292137687719724069,3393,2025.12.05 22:00:00,4.6,18124795055387143518,49,6840.7,6840.88,6841.07,2,2,384,1764972000
RG2_US500_PERIOD_M5_1764547200_1764975300_7828061311987021760,15033519710652706330,825,2025.12.02 01:00:00,5.39,1804292698058743961,2210728932662194835,1,6786.07,6786.3,6786.53,2,1,128,1764637200,17074396178631693492,939,2025.12.02 03:07:14,4.24,2210728932662194835,138,6786.07,6786.3,6786.53,2,1,128,1764644834
RG2_US500_PERIOD_M5_1764547200_1764975300_7828061311987021760,14822735005108112292,2361,2025.12.04 04:00:00,2.76,18085181426571258916,6893165836379255571,1,6855.13,6855.22,6855.3,2,2,144,1764820800,632514246152185838,2367,2025.12.04 04:35:00,2.45,6893165836379255571,13,6855.13,6855.22,6855.3,2,2,144,1764822900
RG2_US500_PERIOD_M5_1764547200_1764975300_7828061311987021760,3469219563327875684,1470,2025.12.02 20:55:00,5.56,1815040039153891332,16779008694333013510,1,6819.33,6819.67,6820.0,2,2,144,1764708900,11677577328939664780,1471,2025.12.02 21:00:00,5.6,15941426349613719554,2,6818.5,6818.53,6818.57,2,2,144,1764709200
RG2_US500_PERIOD_M5_1764547200_1764975300_7828061311987021760,7351779330724473139,2857,2025.12.05 01:46:28,5.32,18228092143787063929,15478527907324884166,1,6851.8,6852.1,6852.4,2,2,80,1764899188,11438271186626305801,3041,2025.12.05 15:45:30,1.76,15478527907324884166,341,6851.71,6851.76,6851.8,2,2,80,1764949530
RG2_US500_PERIOD_M5_1764547200_1764975300_7828061311987021760,15033519710652706330,825,2025.12.02 01:00:00,5.39,18350883405527739183,282649680666838868,1,6757.03,6764.09,6771.55,4,4,960,1764637200,9947801929742404205,2985,2025.12.05 06:05:00,2.92,1917520828540384300,2981,6757.03,6765.63,6771.55,6,4,900,1764914700
RG2_US500_PERIOD_M5_1764547200_1764975300_7828061311987021760,11964822187898234289,2162,2025.12.03 18:00:00,4.18,2084905071926880285,8490829577420730748,1,6841.7,6841.95,6842.2,2,2,272,1764784800,9833056885679959010,2308,2025.12.04 02:00:00,4.21,8033724904996794748,223,6841.7,6841.95,6842.2,2,2,272,1764813600
RG2_US500_PERIOD_M5_1764547200_1764975300_7828061311987021760,11677577328939664780,1471,2025.12.02 21:00:00,5.6,2109595905758452299,16779008694333013510,1,6819.33,6819.67,6820.0,2,2,144,1764709200,1747457837240057079,1473,2025.12.02 23:00:00,6.26,16779008694333013510,25,6819.33,6819.67,6820.0,2,2,144,1764716400
RG2_US500_PERIOD_M5_1764547200_1764975300_7828061311987021760,5226488548876898375,713,2025.12.01 05:39:40,4.38,2242697883608114899,5557208343594649431,1,6799.17,6799.43,6799.69,2,2,192,1764567580,9804311524839301696,728,2025.12.01 06:53:35,3.85,5557208343594649431,32,6798.71,6798.94,6799.17,2,2,192,1764572015
RG2_US500_PERIOD_M5_1764547200_1764975300_7828061311987021760,8008506532900202884,2257,2025.12.04 01:00:00,5.09,2529675161341553391,11531477836600675833,1,6776.97,6798.4,6811.7,24,4,960,1764810000,11315600313074154971,3034,2025.12.05 10:21:13,1.58,8108862592876274046,1140,6776.97,6798.28,6818.55,23,4,960,1764930073
RG2_US500_PERIOD_M5_1764547200_1764975300_7828061311987021760,8008506532900202884,2257,2025.12.04 01:00:00,5.09,2596970534823256795,13435318098046951096,1,6865.0,6872.34,6881.63,10,3,896,1764810000,10292137687719724069,3393,2025.12.05 22:00:00,4.6,6781310740292139500,1622,6865.0,6872.96,6881.63,13,4,912,1764972000
RG2_US500_PERIOD_M5_1764547200_1764975300_7828061311987021760,6802572511849381012,1468,2025.12.02 19:20:00,4.74,2903478699460280352,15830147449736318707,1,6827.7,6827.98,6828.27,2,2,144,1764703200,678397644100519515,2754,2025.12.04 21:21:38,4.78,2734056779507560179,1814,6828.27,6828.27,6828.27,2,1,128,1764883298
RG2_US500_PERIOD_M5_1764547200_1764975300_7828061311987021760,3379772502988187586,2375,2025.12.04 07:00:00,1.89,3238628451638961520,10106065320830189309,1,6701.78,6704.05,6705.74,2,2,6,1764831600,1100068377592217911,2376,2025.12.04 08:00:00,1.76,10106065320830189309,12,6701.78,6704.75,6705.74,2,2,6,1764835200
RG2_US500_PERIOD_M5_1764547200_1764975300_7828061311987021760,3364663088558471655,2431,2025.12.04 11:00:00,1.73,3584627567472509851,11407911851601077408,1,6851.1,6851.2,6851.3,2,1,16,1764846000,740277601675019169,2459,2025.12.04 11:41:37,1.78,11407911851601077408,38,6851.1,6851.2,6851.3,2,1,16,1764848497
RG2_US500_PERIOD_M5_1764547200_1764975300_7828061311987021760,8742419989359341880,1096,2025.12.02 12:00:00,2.3,3597791095605453751,847667328416485971,1,6819.33,6819.42,6819.5,2,2,144,1764676800,14540256336257251180,1194,2025.12.02 12:57:36,2.36,847667328416485971,113,6819.33,6819.42,6819.5,2,2,144,1764680256
RG2_US500_PERIOD_M5_1764547200_1764975300_7828061311987021760,16484103644162590865,2589,2025.12.04 16:52:14,2.76,3738489361117460477,3665358394189915535,1,6841.07,6841.23,6841.39,2,2,192,1764867134,4299575917803041460,2602,2025.12.04 16:58:05,2.83,3665358394189915535,15,6840.78,6840.92,6841.07,2,2,192,1764867485
RG2_US500_PERIOD_M5_1764547200_1764975300_7828061311987021760,3424950695551387977,2795,2025.12.05 01:00:00,5.48,3830340969419584327,1711329579742395523,1,6850.57,6850.83,6851.1,2,2,144,1764896400,11469342983626326657,2882,2025.12.05 02:38:15,4.67,1711329579742395523,109,6850.57,6850.83,6851.1,2,2,144,1764902295
RG2_US500_PERIOD_M5_1764547200_1764975300_7828061311987021760,15007127017975321813,1021,2025.12.02 07:00:00,2.83,3948492151090326258,5475534740591216051,1,6818.5,6818.53,6818.57,2,2,144,1764658800,15007127017975321813,1021,2025.12.02 07:00:00,2.83,5475534740591216051,1,6818.5,6818.53,6818.57,2,2,144,1764658800
RG2_US500_PERIOD_M5_1764547200_1764975300_7828061311987021760,4970468293863939203,2649,2025.12.04 17:25:32,3.23,4096161889755343522,9145596407592466831,1,6836.87,6837.02,6837.17,2,2,192,1764869132,11266571324984678082,2656,2025.12.04 17:25:38,3.23,9145596407592466831,8,6836.51,6836.69,6836.87,2,2,192,1764869138
RG2_US500_PERIOD_M5_1764547200_1764975300_7828061311987021760,2778708584170563330,1,2025.12.01 01:00:00,2.92,4403051166354892487,4723748075003066899,1,6735.2,6745.2,6755.2,3,3,896,1764550800,5890254456837580112,2256,2025.12.03 23:41:00,5.16,15343855043743949326,3021,6735.2,6745.71,6755.2,5,3,896,1764805260
RG2_US500_PERIOD_M5_1764547200_1764975300_7828061311987021760,14016618447432572734,1525,2025.12.03 01:56:32,6.01,4695135931388689467,2152556201077785085,1,6836.28,6836.57,6836.87,2,2,192,1764726992,10175554694890127409,1630,2025.12.03 02:53:13,5.37,17469117968283208835,118,6836.87,6836.88,6836.9,2,2,144,1764730393
RG2_US500_PERIOD_M5_1764547200_1764975300_7828061311987021760,8008506532900202884,2257,2025.12.04 01:00:00,5.09,4854884324119769772,12494602482610520220,1,6858.15,6858.34,6858.53,2,2,384,1764810000,10173344157880040356,2359,2025.12.04 03:00:00,3.31,12494602482610520220,126,6858.15,6858.34,6858.53,2,2,384,1764817200
RG2_US500_PERIOD_M5_1764547200_1764975300_7828061311987021760,9739558999888711066,350,2025.12.01 02:20:59,3.37,4873736995875475250,132682444175233730,1,6829.7,6829.9,6830.1,2,2,320,1764555659,8149299996171880296,358,2025.12.01 02:21:20,3.37,132682444175233730,9,6829.3,6829.5,6829.7,2,2,320,1764555680
RG2_US500_PERIOD_M5_1764547200_1764975300_7828061311987021760,13605707284057141355,819,2025.12.01 20:00:00,4.97,5066998118367626079,9943890281104806214,1,6825.8,6825.88,6825.95,2,2,272,1764619200,13605707284057141355,819,2025.12.01 20:00:00,4.97,9943890281104806214,1,6825.8,6825.88,6825.95,2,2,272,1764619200
RG2_US500_PERIOD_M5_1764547200_1764975300_7828061311987021760,16469513891216449721,2690,2025.12.04 19:05:00,4.17,5099501704304643472,8033724904996794748,1,6841.7,6841.95,6842.2,2,2,272,1764875100,5182606250081224378,2982,2025.12.05 05:00:00,3.29,18124795055387143518,392,6840.7,6840.88,6841.07,2,2,384,1764910800
RG2_US500_PERIOD_M5_1764547200_1764975300_7828061311987021760,11654508595918397073,1564,2025.12.03 02:21:05,5.66,5221328998567597970,11496309928028151490,1,6829.7,6830.02,6830.35,2,2,320,1764728465,11420480316782269603,1574,2025.12.03 02:21:22,5.66,11496309928028151490,11,6829.64,6829.67,6829.7,2,2,320,1764728482
RG2_US500_PERIOD_M5_1764547200_1764975300_7828061311987021760,4692680564929185526,467,2025.12.01 02:44:38,3.46,5751886681573828526,14748879398391364618,1,6820.0,6820.18,6820.36,2,2,80,1764557078,14414160040910533263,476,2025.12.01 02:45:26,3.51,14748879398391364618,11,6819.65,6819.83,6820.0,2,2,80,1764557126
RG2_US500_PERIOD_M5_1764547200_1764975300_7828061311987021760,2728332422611932871,2632,2025.12.04 17:25:00,3.23,5811026243839821818,12494602482610520220,1,6858.15,6858.34,6858.53,2,2,384,1764869100,10292137687719724069,3393,2025.12.05 22:00:00,4.6,7588309305398824747,1067,6858.15,6858.39,6858.53,3,3,400,1764972000
RG2_US500_PERIOD_M5_1764547200_1764975300_7828061311987021760,14571966256467011518,810,2025.12.01 11:00:00,3.18,5845489944710349010,17246357616426847623,1,6829.65,6842.56,6851.2,8,5,976,1764586800,13577957970492596120,1133,2025.12.02 12:43:59,2.33,328851421788857771,598,6829.65,6843.21,6852.6,11,5,976,1764679439
RG2_US500_PERIOD_M5_1764547200_1764975300_7828061311987021760,14652169835775784197,816,2025.12.01 17:00:00,3.93,5990487912726307949,3516021504001788190,1,6815.8,6816.02,6816.25,2,2,272,1764608400,14652169835775784197,816,2025.12.01 17:00:00,3.93,3516021504001788190,1,6815.8,6816.02,6816.25,2,2,272,1764608400
RG2_US500_PERIOD_M5_1764547200_1764975300_7828061311987021760,1375902347306038118,1983,2025.12.03 16:07:41,2.52,6067474431187745782,7258729102744804100,1,6816.05,6816.19,6816.34,2,2,320,1764778061,9505877886306798313,1992,2025.12.03 16:07:42,2.52,7258729102744804100,10,6815.77,6815.91,6816.05,2,2,320,1764778062
RG2_US500_PERIOD_M5_1764547200_1764975300_7828061311987021760,4308289332572353269,2268,2025.12.04 01:01:25,5.09,6262970572647254893,5767784779844824593,1,6854.62,6854.88,6855.13,2,2,192,1764810085,10675933653976996231,2358,2025.12.04 02:55:15,3.36,6893165836379255571,114,6855.13,6855.22,6855.3,2,2,144,1764816915
RG2_US500_PERIOD_M5_1764547200_1764975300_7828061311987021760,2778708584170563330,1,2025.12.01 01:00:00,2.92,6311223266715279556,15526297842874018105,1,6811.4,6813.55,6815.38,4,4,154,1764550800,10333453335674971831,2794,2025.12.04 23:50:00,5.55,1884429252151219353,3809,6810.63,6813.46,6814.14,3,3,138,1764892200
RG2_US500_PERIOD_M5_1764547200_1764975300_7828061311987021760,15033519710652706330,825,2025.12.02 01:00:00,5.39,6323101885305907860,2801501028235305805,1,6818.3,6818.43,6818.57,2,2,192,1764637200,4975631127754671622,909,2025.12.02 01:13:38,5.43,1932913662676285437,87,6819.33,6819.62,6819.9,2,2,192,1764638018
RG2_US500_PERIOD_M5_1764547200_1764975300_7828061311987021760,953360255097338849,2790,2025.12.04 21:35:00,5.02,6451804006799834517,11860145108557120035,1,6819.33,6819.63,6819.93,2,1,128,1764884100,4684623284924903554,2863,2025.12.05 02:00:00,5.08,11860145108557120035,111,6819.33,6819.63,6819.93,2,1,128,1764900000
RG2_US500_PERIOD_M5_1764547200_1764975300_7828061311987021760,2444218733933879146,2374,2025.12.04 06:00:00,2.09,6682159232537820723,10106065320830189309,1,6701.78,6703.24,6705.74,2,2,6,1764828000,2444218733933879146,2374,2025.12.04 06:00:00,2.09,10106065320830189309,1,6701.78,6703.24,6705.74,2,2,6,1764828000
RG2_US500_PERIOD_M5_1764547200_1764975300_7828061311987021760,11198137138884906600,2191,2025.12.03 19:56:40,4.84,7140771250438259541,1165425749296482321,1,6854.64,6854.89,6855.13,2,2,192,1764791800,8844369262407700178,2198,2025.12.03 20:40:12,4.96,1165425749296482321,16,6855.13,6855.42,6855.7,2,2,192,1764794412
RG2_US500_PERIOD_M5_1764547200_1764975300_7828061311987021760,11535354663100320081,3392,2025.12.05 21:30:00,4.46,7159968928131963956,1711329579742395523,1,6850.57,6850.83,6851.1,2,2,144,1764970200,10292137687719724069,3393,2025.12.05 22:00:00,4.6,1711329579742395523,7,6850.57,6850.83,6851.1,2,2,144,1764972000
RG2_US500_PERIOD_M5_1764547200_1764975300_7828061311987021760,2778708584170563330,1,2025.12.01 01:00:00,2.92,771417211856627410,14475220024442913584,1,6800.87,6806.74,6811.7,12,5,976,1764550800,5890254456837580112,2256,2025.12.03 23:41:00,5.16,6549743030730900972,3021,6800.87,6805.39,6811.7,15,5,976,1764805260
RG2_US500_PERIOD_M5_1764547200_1764975300_7828061311987021760,3920723690696875685,2390,2025.12.04 09:07:15,1.6,7761659447942736125,18269649113978370014,1,6858.1,6858.13,6858.15,2,2,320,1764839235,3538449597433855743,2439,2025.12.04 11:41:11,1.78,1415117435091330577,81,6858.53,6858.63,6858.73,2,2,192,1764848471
RG2_US500_PERIOD_M5_1764547200_1764975300_7828061311987021760,17536027559688852091,2793,2025.12.04 23:00:00,5.63,7851817821875426971,10186779429700302174,1,6847.7,6848.03,6848.37,2,2,384,1764889200,17536027559688852091,2793,2025.12.04 23:00:00,5.63,10186779429700302174,1,6847.7,6848.03,6848.37,2,2,384,1764889200
RG2_US500_PERIOD_M5_1764547200_1764975300_7828061311987021760,13118031918251089299,1474,2025.12.03 01:00:00,6.14,8005332028157993404,14483057305150547768,1,6833.85,6834.13,6834.4,2,2,320,1764723600,9591762437490801778,1476,2025.12.03 01:00:03,6.14,14483057305150547768,3,6833.85,6834.2,6834.55,2,2,320,1764723603
RG2_US500_PERIOD_M5_1764547200_1764975300_7828061311987021760,2778708584170563330,1,2025.12.01 01:00:00,2.92,8009940228276606106,1327516072119893676,1,6857.65,6865.79,6872.87,7,3,896,1764550800,1996762645229345204,824,2025.12.01 23:30:00,5.54,1327516072119893676,1073,6857.65,6865.79,6872.87,7,3,896,1764631800
RG2_US500_PERIOD_M5_1764547200_1764975300_7828061311987021760,10577032495736919444,809,2025.12.01 10:00:00,3.16,8217374621047746527,11919371723310268749,1,6615.2,6635.31,6652.65,5,4,898,1764583200,1747457837240057079,1473,2025.12.02 23:00:00,6.26,13026695912457796060,1063,6615.2,6633.62,6652.65,4,4,898,1764716400
RG2_US500_PERIOD_M5_1764547200_1764975300_7828061311987021760,340108337046034368,1022,2025.12.02 08:00:00,2.44,8392290710659280683,847667328416485971,1,6819.1,6819.22,6819.33,2,2,144,1764662400,2648519158143702219,1034,2025.12.02 08:25:59,2.19,847667328416485971,18,6819.1,6819.22,6819.33,2,2,144,1764663959
RG2_US500_PERIOD_M5_1764547200_1764975300_7828061311987021760,5470373371384856754,1934,2025.12.03 16:05:02,2.52,8445905371212587185,13830939569059265071,1,6819.33,6819.45,6819.57,2,2,192,1764777902,10703473449572817132,1940,2025.12.03 16:05:03,2.52,13830939569059265071,7,6819.08,6819.21,6819.33,2,2,192,1764777903
RG2_US500_PERIOD_M5_1764547200_1764975300_7828061311987021760,4248685914799782098,3035,2025.12.05 11:00:00,1.57,8556808231352094049,6124783720899061254,1,6776.87,6797.39,6818.55,24,5,964,1764932400,10292137687719724069,3393,2025.12.05 22:00:00,4.6,6704258115661177992,475,6776.97,6797.82,6818.55,25,6,966,1764972000
RG2_US500_PERIOD_M5_1764547200_1764975300_7828061311987021760,8008506532900202884,2257,2025.12.04 01:00:00,5.09,8568676791459267858,16072364605620062620,1,6885.8,6892.82,6896.37,6,3,896,1764810000,10292137687719724069,3393,2025.12.05 22:00:00,4.6,8610043195917238155,1622,6885.0,6892.25,6896.37,10,4,960,1764972000
RG2_US500_PERIOD_M5_1764547200_1764975300_7828061311987021760,906349399774574168,2713,2025.12.04 21:20:41,4.78,8794899388645991450,4326032007101068476,1,6831.2,6831.47,6831.74,2,2,80,1764883241,10292137687719724069,3393,2025.12.05 22:00:00,4.6,9938724036413241692,944,6826.0,6829.42,6831.2,6,4,464,1764972000
RG2_US500_PERIOD_M5_1764547200_1764975300_7828061311987021760,6668805466256394290,2617,2025.12.04 17:13:38,3.02,8808101131001825587,472320451687275846,1,6839.7,6839.88,6840.05,2,2,80,1764868418,8651298764775623914,2626,2025.12.04 17:13:41,3.02,472320451687275846,10,6839.38,6839.54,6839.7,2,2,80,1764868421
RG2_US500_PERIOD_M5_1764547200_1764975300_7828061311987021760,3588560937688610512,1649,2025.12.03 04:12:42,4.15,8812764004605577530,8095815270229517790,1,6841.4,6841.55,6841.7,2,2,320,1764735162,13847829161664984631,1663,2025.12.03 04:18:34,4.12,7870423868078558385,16,6842.2,6842.32,6842.43,2,2,80,1764735514
RG2_US500_PERIOD_M5_1764547200_1764975300_7828061311987021760,16427244050027030847,821,2025.12.01 22:00:00,5.39,896429894805803683,9117080675077770995,1,6828.27,6828.53,6828.8,2,2,144,1764626400,7210223090162305057,911,2025.12.02 02:00:00,5.17,15830147449736318707,121,6827.7,6827.98,6828.27,2,2,144,1764640800
RG2_US500_PERIOD_M5_1764547200_1764975300_7828061311987021760,8944645234847634878,1108,2025.12.02 12:31:32,2.32,901326229041553278,1797174688208519217,1,6827.49,6827.59,6827.7,2,2,80,1764678692,13444972305393351421,1124,2025.12.02 12:33:40,2.32,17975425789839421589,17,6828.27,6828.39,6828.52,2,2,192,1764678820
RG2_US500_PERIOD_M5_1764547200_1764975300_7828061311987021760,1978038674605879029,1020,2025.12.02 06:00:00,3.26,9218751819980126965,847667328416485971,1,6819.3,6819.32,6819.33,2,2,144,1764655200,1978038674605879029,1020,2025.12.02 06:00:00,3.26,847667328416485971,1,6819.3,6819.32,6819.33,2,2,144,1764655200
RG2_US500_PERIOD_M5_1764547200_1764975300_7828061311987021760,14820201425761099642,814,2025.12.01 15:00:00,3.17,933709749382674168,6983071809648799396,1,6817.65,6817.77,6817.9,2,2,272,1764601200,14820201425761099642,814,2025.12.01 15:00:00,3.17,6983071809648799396,1,6817.65,6817.77,6817.9,2,2,272,1764601200
RG2_US500_PERIOD_M5_1764547200_1764975300_7828061311987021760,620099409757591854,1094,2025.12.02 11:26:03,2.33,9432403041465193254,17428342937527616080,1,6825.72,6825.84,6825.95,2,2,320,1764674763,17379336510381336716,1098,2025.12.02 12:09:49,2.29,17428342937527616080,12,6825.95,6826.06,6826.16,2,2,320,1764677389
RG2_US500_PERIOD_M5_1764547200_1764975300_7828061311987021760,15033519710652706330,825,2025.12.02 01:00:00,5.39,959103378059214880,16615290960638510724,1,6857.65,6868.05,6881.63,10,3,896,1764637200,5890254456837580112,2256,2025.12.03 23:41:00,5.16,2368626750454187657,1943,6857.65,6868.79,6881.63,14,4,960,1764805260
RG2_US500_PERIOD_M5_1764547200_1764975300_7828061311987021760,994773735405052947,2222,2025.12.03 21:00:00,5.04,9645433399403725685,14708735330122360862,1,6847.3,6847.5,6847.7,2,2,272,1764795600,14210903836638304126,2253,2025.12.03 22:12:18,5.11,3401765303076324243,48,6848.37,6848.48,6848.6,2,2,144,1764799938
RG2_US500_PERIOD_M5_1766361600_1766789700_6275432351093221649,9313485699131734564,1060,2025.12.24 14:20:00,0.86,10260184624054897837,8738617906226119195,1,6908.6,6909.65,6910.7,2,1,64,1766586000,3449850997514231350,1085,2025.12.24 15:52:59,0.96,8738617906226119195,44,6908.6,6910.75,6910.8,2,1,64,1766591579
RG2_US500_PERIOD_M5_1766361600_1766789700_6275432351093221649,13875313470762233227,960,2025.12.24 01:00:00,2.75,10270090866991904167,13367179907168013557,1,6832.15,6848.0,6866.83,20,6,978,1766538000,574894746020086551,1362,2025.12.24 20:00:00,1.75,13367179907168013557,625,6832.15,6848.0,6866.83,20,6,978,1766606400
RG2_US500_PERIOD_M5_1766361600_1766789700_6275432351093221649,8214933037703501066,1626,2025.12.26 19:10:56,2.28,10381626334238215194,10128045345872099727,1,6922.3,6922.4,6922.49,2,2,192,1766776256,3884871896515966287,1631,2025.12.26 20:23:25,2.46,10128045345872099727,22,6922.09,6922.19,6922.3,2,2,192,1766780605
RG2_US500_PERIOD_M5_1766361600_1766789700_6275432351093221649,15120921452186083843,1391,2025.12.26 01:01:12,1.87,10532048291012589161,15028052550812604450,1,6932.9,6935.86,6942.5,7,4,960,1766710872,4040003176437412852,1392,2025.12.26 01:01:13,1.87,15028052550812604450,2,6932.9,6935.87,6942.5,7,4,960,1766710873
RG2_US500_PERIOD_M5_1766361600_1766789700_6275432351093221649,2885985392182961797,1388,2025.12.26 01:00:38,1.87,10666611004827226572,1491870737800322014,1,6932.7,6932.8,6932.9,2,2,320,1766710838,2345526868638120239,1390,2025.12.26 01:00:39,1.87,1491870737800322014,3,6932.9,6932.9,6932.9,2,2,320,1766710839
RG2_US500_PERIOD_M5_1766361600_1766789700_6275432351093221649,17674278798615739249,384,2025.12.23 01:00:00,2.9,11157577073879155480,6849346085656787731,1,6822.47,6824.45,6825.2,2,2,258,1766451600,3241265347408788751,436,2025.12.23 03:00:00,2.12,6849346085656787731,78,6822.47,6824.45,6825.2,2,2,258,1766458800
RG2_US500_PERIOD_M5_1766361600_1766789700_6275432351093221649,574894746020086551,1362,2025.12.24 20:00:00,1.75,11403053072994778324,42351476670781230,1,6897.4,6902.63,6906.12,6,5,914,1766606400,595188428542774088,1443,2025.12.26 01:15:00,1.96,18185849185286651994,86,6897.4,6902.47,6906.12,6,6,922,1766711700
RG2_US500_PERIOD_M5_1766361600_1766789700_6275432351093221649,13791084655895348146,1,2025.12.22 01:00:00,4.9,11919126995938764880,3940428375632105102,1,6874.35,6885.86,6897.2,10,3,896,1766365200,5460367354542391322,299,2025.12.22 18:13:32,2.54,8791039768770394537,498,6874.35,6884.61,6896.7,9,3,896,1766427212
RG2_US500_PERIOD_M5_1766361600_1766789700_6275432351093221649,6177564699393773240,1363,2025.12.26 01:00:00,1.87,12200636548277422378,14272084505326371347,1,6667.83,6680.39,6692.95,3,3,896,1766710800,13837000491739659501,1642,2025.12.26 22:00:00,2.68,14272084505326371347,510,6667.83,6680.39,6692.95,3,3,896,1766786400
RG2_US500_PERIOD_M5_1766361600_1766789700_6275432351093221649,17674278798615739249,384,2025.12.23 01:00:00,2.9,12337130439278689335,3442274884207113528,1,6897.2,6900.26,6904.43,5,4,898,1766451600,15315942123093579519,485,2025.12.23 05:00:00,1.76,3442274884207113528,147,6897.2,6900.26,6904.43,5,4,898,1766466000
RG2_US500_PERIOD_M5_1766361600_1766789700_6275432351093221649,13791084655895348146,1,2025.12.22 01:00:00,4.9,12496371687352412758,8777846713898807721,1,6832.95,6851.76,6866.83,15,5,962,1766365200,18018361374755312461,225,2025.12.22 16:04:29,1.6,11898105101972209951,398,6832.95,6852.99,6866.95,16,5,976,1766419469
RG2_US500_PERIOD_M5_1766361600_1766789700_6275432351093221649,2478587616017744876,1630,2025.12.26 20:00:00,2.42,12690141811977037985,17445764665527312037,1,6932.9,6936.26,6942.5,6,4,912,1766779200,13837000491739659501,1642,2025.12.26 22:00:00,2.68,17445764665527312037,36,6932.9,6936.19,6942.5,6,4,912,1766786400
RG2_US500_PERIOD_M5_1766361600_1766789700_6275432351093221649,17674278798615739249,384,2025.12.23 01:00:00,2.9,13038258202379076053,16369248041255557948,1,6846.3,6846.45,6847.1,2,2,80,1766451600,11260469685296658381,959,2025.12.23 23:00:00,2.91,16369248041255557948,826,6846.3,6846.45,6847.1,2,2,80,1766530800
RG2_US500_PERIOD_M5_1766361600_1766789700_6275432351093221649,6177564699393773240,1363,2025.12.26 01:00:00,1.87,13565749971411527374,2490249777646154913,1,6832.15,6843.81,6857.4,9,4,960,1766710800,13837000491739659501,1642,2025.12.26 22:00:00,2.68,2490249777646154913,510,6832.15,6843.81,6857.4,9,4,960,1766786400
RG2_US500_PERIOD_M5_1766361600_1766789700_6275432351093221649,6177564699393773240,1363,2025.12.26 01:00:00,1.87,14009163089315948855,15587932967953801949,1,6842.2,6856.71,6866.83,5,4,898,1766710800,13837000491739659501,1642,2025.12.26 22:00:00,2.68,8428249007738489434,510,6842.2,6856.18,6866.83,4,3,896,1766786400
RG2_US500_PERIOD_M5_1766361600_1766789700_6275432351093221649,13875313470762233227,960,2025.12.24 01:00:00,2.75,14395260955056251442,3678725800967833926,1,6891.95,6891.97,6892.0,2,2,384,1766538000,13837000491739659501,1642,2025.12.26 22:00:00,2.68,9008502192966036396,1137,6887.0,6892.17,6897.6,5,3,896,1766786400
RG2_US500_PERIOD_M5_1766361600_1766789700_6275432351093221649,13875313470762233227,960,2025.12.24 01:00:00,2.75,1460587998846264051,7586785498872070044,1,6933.15,6937.19,6942.5,4,3,896,1766538000,8287929047270827538,1326,2025.12.24 18:37:24,1.49,7586785498872070044,570,6933.15,6937.19,6942.5,4,3,896,1766601444
RG2_US500_PERIOD_M5_1766361600_1766789700_6275432351093221649,17674278798615739249,384,2025.12.23 01:00:00,2.9,14715444419365415955,10168068039775530983,1,6874.35,6880.82,6887.53,8,4,960,1766451600,13837000491739659501,1642,2025.12.26 22:00:00,2.68,5013843568822717248,1974,6874.35,6879.67,6887.53,6,5,914,1766786400
RG2_US500_PERIOD_M5_1766361600_1766789700_6275432351093221649,13791084655895348146,1,2025.12.22 01:00:00,4.9,15152307978695603551,2752251623345730758,1,6812.97,6813.2,6813.43,2,2,132,1766365200,15658388077268689566,111,2025.12.22 04:00:00,3.51,2752251623345730758,145,6813.05,6813.24,6813.43,2,2,132,1766376000
RG2_US500_PERIOD_M5_1766361600_1766789700_6275432351093221649,13875313470762233227,960,2025.12.24 01:00:00,2.75,15942866983790803957,12421613814312653725,1,6656.2,6673.3,6692.95,6,3,896,1766538000,574894746020086551,1362,2025.12.24 20:00:00,1.75,12421613814312653725,625,6656.2,6673.3,6692.95,6,3,896,1766606400
RG2_US500_PERIOD_M5_1766361600_1766789700_6275432351093221649,5781779259968322351,1616,2025.12.26 19:00:00,2.24,16031788776253474097,16241149165417551267,1,6930.98,6935.1,6942.5,8,5,914,1766775600,11009793474817573759,1629,2025.12.26 19:23:40,2.28,16241149165417551267,20,6930.98,6935.1,6942.5,8,5,914,1766777020
RG2_US500_PERIOD_M5_1766361600_1766789700_6275432351093221649,15279158879989196990,1327,2025.12.24 18:37:25,1.49,16213625533962178208,9137948691009960249,1,6933.02,6936.35,6942.5,5,4,960,1766601445,11345834267654201719,1572,2025.12.26 16:41:40,1.42,11141335190341916994,436,6933.15,6937.64,6942.59,6,5,976,1766767300
RG2_US500_PERIOD_M5_1766361600_1766789700_6275432351093221649,6869274660354062217,652,2025.12.23 15:58:35,1.73,16353607783399552549,5507187733750330116,1,6861.3,6861.39,6861.48,2,2,320,1766505515,9693387367652545703,653,2025.12.23 15:58:35,1.73,5507187733750330116,2,6861.21,6861.25,6861.3,2,2,320,1766505515
RG2_US500_PERIOD_M5_1766361600_1766789700_6275432351093221649,8632030846181667968,1337,2025.12.24 19:00:00,1.54,16632875178300972451,2629477323343028284,1,6901.1,6901.1,6901.1,2,2,80,1766602800,13837000491739659501,1642,2025.12.26 22:00:00,2.68,2033974047570550844,552,6901.1,6901.1,6901.6,2,2,80,1766786400
RG2_US500_PERIOD_M5_1766361600_1766789700_6275432351093221649,4169005255705755735,571,2025.12.23 15:36:28,1.57,16900246597590727171,1103284226181861263,1,6868.33,6868.42,6868.51,2,2,192,1766504188,12139554556409109984,575,2025.12.23 15:36:36,1.57,1103284226181861263,5,6868.17,6868.25,6868.33,2,2,192,1766504196
RG2_US500_PERIOD_M5_1766361600_1766789700_6275432351093221649,9124647360367488283,1043,2025.12.24 09:00:00,0.98,1693714873345425711,1584497523227591283,1,6905.2,6905.2,6905.2,2,2,144,1766566800,8964172767427421391,1047,2025.12.24 13:00:00,0.87,1584497523227591283,47,6905.2,6905.25,6905.3,2,2,144,1766581200
RG2_US500_PERIOD_M5_1766361600_1766789700_6275432351093221649,899384224996727545,774,2025.12.23 17:56:34,2.72,17060318730228398030,16906630751313646672,1,6891.74,6891.84,6891.95,2,2,320,1766512594,7686635586595313850,777,2025.12.23 17:56:36,2.72,16906630751313646672,4,6891.95,6892.05,6892.16,2,2,320,1766512596
RG2_US500_PERIOD_M5_1766361600_1766789700_6275432351093221649,13875313470762233227,960,2025.12.24 01:00:00,2.75,1715280611179976173,5507187733750330116,1,6860.2,6860.75,6862.7,2,2,320,1766538000,13837000491739659501,1642,2025.12.26 22:00:00,2.68,5507187733750330116,1137,6860.2,6860.75,6862.7,2,2,320,1766786400
RG2_US500_PERIOD_M5_1766361600_1766789700_6275432351093221649,13791084655895348146,1,2025.12.22 01:00:00,4.9,17392716225191207091,1400327844356041335,1,6763.9,6770.26,6777.85,8,5,976,1766365200,147214855906655021,383,2025.12.22 23:00:00,3.0,1400327844356041335,632,6763.9,6770.26,6777.85,8,5,976,1766444400
RG2_US500_PERIOD_M5_1766361600_1766789700_6275432351093221649,11260469685296658381,959,2025.12.23 23:00:00,2.91,18102280478242793362,14331959661197724051,1,6890.3,6890.33,6890.37,2,2,144,1766530800,13837000491739659501,1642,2025.12.26 22:00:00,2.68,9600719154477468051,1149,6890.3,6890.33,6890.37,2,2,144,1766786400
RG2_US500_PERIOD_M5_1766361600_1766789700_6275432351093221649,84983193357348114,1444,2025.12.26 02:00:00,2.06,18270367310026918960,2959901084848572730,1,6897.4,6903.47,6907.9,7,6,922,1766714400,11939614211274811082,1445,2025.12.26 02:10:00,2.09,2959901084848572730,3,6897.4,6903.47,6907.9,7,6,922,1766715000
RG2_US500_PERIOD_M5_1766361600_1766789700_6275432351093221649,2365452631746574077,967,2025.12.24 01:00:38,2.75,18394294175622170093,3284641871713258645,1,6904.91,6905.06,6905.2,2,2,192,1766538038,11110524405094992384,978,2025.12.24 01:01:01,2.75,3284641871713258645,12,6905.2,6905.35,6905.5,2,2,192,1766538061
RG2_US500_PERIOD_M5_1766361600_1766789700_6275432351093221649,9581193577438970870,1042,2025.12.24 08:01:00,1.16,1910349079045399130,11049594308217702827,1,6897.4,6901.95,6904.45,5,5,914,1766563260,6685046847793553630,1361,2025.12.24 19:32:16,1.61,11049594308217702827,454,6897.4,6901.83,6904.62,5,5,914,1766604736
RG2_US500_PERIOD_M5_1766361600_1766789700_6275432351093221649,12931590617485557894,1224,2025.12.24 17:59:34,1.38,200477100021804869,16432926353774707217,1,6923.7,6923.75,6923.8,2,2,192,1766599174,13061080452122752753,1229,2025.12.24 18:00:34,1.39,16432926353774707217,7,6923.8,6923.87,6923.94,2,2,192,1766599234
RG2_US500_PERIOD_M5_1766361600_1766789700_6275432351093221649,16282600699183499618,1033,2025.12.24 07:00:00,1.23,203766163048876607,9276886065053340197,1,6897.4,6901.41,6904.45,4,4,898,1766559600,13527510908682043250,1041,2025.12.24 07:22:59,1.22,9276886065053340197,16,6897.4,6901.41,6904.45,4,4,898,1766560979
RG2_US500_PERIOD_M5_1766361600_1766789700_6275432351093221649,595138560858517515,1446,2025.12.26 03:00:00,2.12,2714841888565141011,18185849185286651994,1,6897.4,6902.37,6905.35,6,6,922,1766718000,13837000491739659501,1642,2025.12.26 22:00:00,2.68,17835813543776850278,409,6897.4,6902.12,6904.43,5,5,920,1766786400
RG2_US500_PERIOD_M5_1766361600_1766789700_6275432351093221649,7350010587874847408,562,2025.12.23 13:00:00,1.31,2857590311796814346,6849346085656787731,1,6822.85,6824.59,6825.2,2,2,258,1766494800,3744182930631578633,958,2025.12.23 22:58:41,2.9,6849346085656787731,512,6822.85,6824.59,6825.2,2,2,258,1766530721
RG2_US500_PERIOD_M5_1766361600_1766789700_6275432351093221649,17674278798615739249,384,2025.12.23 01:00:00,2.9,352625649089649980,4977366153537844924,1,6765.7,6766.2,6766.8,2,2,80,1766451600,11260469685296658381,959,2025.12.23 23:00:00,2.91,4977366153537844924,826,6765.7,6766.2,6766.8,2,2,80,1766530800
RG2_US500_PERIOD_M5_1766361600_1766789700_6275432351093221649,5804989983323933749,1641,2025.12.26 21:00:00,2.57,3697176722799850580,17566415901893248595,1,6928.35,6930.43,6931.2,2,2,18,1766782800,13837000491739659501,1642,2025.12.26 22:00:00,2.68,17566415901893248595,13,6928.35,6930.43,6931.2,2,2,18,1766786400
RG2_US500_PERIOD_M5_1766361600_1766789700_6275432351093221649,147732923167477287,1250,2025.12.24 18:12:42,1.42,3701322208347833798,4202664623662380081,1,6926.4,6926.43,6926.47,2,2,192,1766599962,15022391883717290083,1254,2025.12.24 18:13:23,1.42,4202664623662380081,5,6926.47,6926.55,6926.63,2,2,192,1766600003
RG2_US500_PERIOD_M5_1766361600_1766789700_6275432351093221649,4322966503383870254,1093,2025.12.24 16:35:16,1.05,3937595112934148891,3280190601007050390,1,6911.29,6911.35,6911.4,2,2,320,1766594116,5688230049869141021,1097,2025.12.24 16:35:23,1.05,3280190601007050390,5,6911.4,6911.44,6911.48,2,2,320,1766594123
RG2_US500_PERIOD_M5_1766361600_1766789700_6275432351093221649,13791084655895348146,1,2025.12.22 01:00:00,4.9,4140747192815820752,3578960569010785878,1,6717.1,6726.4,6738.25,11,6,978,1766365200,12549187991378932770,104,2025.12.22 03:00:00,4.33,3578960569010785878,128,6717.1,6726.4,6738.25,11,6,978,1766372400
RG2_US500_PERIOD_M5_1766361600_1766789700_6275432351093221649,6177564699393773240,1363,2025.12.26 01:00:00,1.87,4200086167746497243,9408938640546738539,1,6739.33,6749.13,6763.2,4,3,896,1766710800,13837000491739659501,1642,2025.12.26 22:00:00,2.68,9408938640546738539,510,6739.33,6749.13,6763.2,4,3,896,1766786400
RG2_US500_PERIOD_M5_1766361600_1766789700_6275432351093221649,824059301333820985,1030,2025.12.24 06:00:00,1.31,4861044380472945896,9195581451770905995,1,6897.4,6902.07,6904.45,6,5,914,1766556000,5456067747196642549,1032,2025.12.24 06:54:43,1.24,9195581451770905995,12,6897.4,6902.07,6904.45,6,5,914,1766559283
RG2_US500_PERIOD_M5_1766361600_1766789700_6275432351093221649,10215511004081905677,1157,2025.12.24 17:08:32,1.23,5226237827894062858,16236349030469193877,1,6916.97,6917.02,6917.07,2,2,192,1766596112,6269666422681885728,1159,2025.12.24 17:08:36,1.23,16236349030469193877,3,6917.07,6917.13,6917.2,2,2,192,1766596116
RG2_US500_PERIOD_M5_1766361600_1766789700_6275432351093221649,17674278798615739249,384,2025.12.23 01:00:00,2.9,5541152540549200177,3612355965910462995,1,6832.23,6837.74,6843.25,3,3,896,1766451600,11260469685296658381,959,2025.12.23 23:00:00,2.91,3612355965910462995,826,6832.23,6837.74,6843.25,3,3,896,1766530800
RG2_US500_PERIOD_M5_1766361600_1766789700_6275432351093221649,14198516465541060541,105,2025.12.22 03:10:00,4.15,5777645790397424278,15903299631661686498,1,6721.3,6728.36,6738.25,9,5,914,1766373000,11260469685296658381,959,2025.12.23 23:00:00,2.91,6765309567160598843,1339,6721.3,6729.37,6738.25,6,4,898,1766530800
RG2_US500_PERIOD_M5_1766361600_1766789700_6275432351093221649,13791084655895348146,1,2025.12.22 01:00:00,4.9,5973175379882593795,6412521319026826547,1,6817.0,6817.28,6817.57,2,2,144,1766365200,14905785588209169650,102,2025.12.22 02:28:15,4.82,6412521319026826547,120,6817.0,6817.28,6817.57,2,2,144,1766370495
RG2_US500_PERIOD_M5_1766361600_1766789700_6275432351093221649,2939626170930440957,909,2025.12.23 20:21:12,2.9,6735424024698319646,9922394458564647573,1,6904.89,6905.05,6905.2,2,2,192,1766521272,8378628028316765836,914,2025.12.23 20:21:21,2.9,9922394458564647573,6,6905.2,6905.35,6905.51,2,2,192,1766521281
RG2_US500_PERIOD_M5_1766361600_1766789700_6275432351093221649,6445128116587141332,1016,2025.12.24 04:00:00,1.59,6801088495176779122,14482192348945498138,1,6905.2,6905.25,6905.3,2,2,144,1766548800,1662412671006487222,1026,2025.12.24 04:44:13,1.5,14482192348945498138,19,6905.2,6905.25,6905.3,2,2,144,1766551453
RG2_US500_PERIOD_M5_1766361600_1766789700_6275432351093221649,13365919772220449311,1136,2025.12.24 16:43:14,1.08,6892289281996404228,2434158682660670102,1,6915.4,6915.42,6915.45,2,2,320,1766594594,4216530468792511714,1139,2025.12.24 16:55:04,1.2,2434158682660670102,7,6915.45,6915.51,6915.57,2,2,320,1766595304
RG2_US500_PERIOD_M5_1766361600_1766789700_6275432351093221649,1948735614324636794,1001,2025.12.24 02:00:00,2.31,7167269493744458412,17802825880268892369,1,6906.7,6906.7,6906.7,2,2,80,1766541600,11887683025699994112,1004,2025.12.24 02:06:59,2.27,17802825880268892369,6,6906.7,6906.8,6906.9,2,2,80,1766542019
RG2_US500_PERIOD_M5_1766361600_1766789700_6275432351093221649,13791084655895348146,1,2025.12.22 01:00:00,4.9,7285473535462170061,17394304627061630259,1,6791.8,6792.18,6792.45,3,2,384,1766365200,11260469685296658381,959,2025.12.23 23:00:00,2.91,18217947849276938014,1468,6792.3,6792.38,6792.45,2,2,384,1766530800
RG2_US500_PERIOD_M5_1766361600_1766789700_6275432351093221649,13791084655895348146,1,2025.12.22 01:00:00,4.9,7480503727583476524,4016093581363579821,1,6739.33,6751.01,6763.2,7,3,896,1766365200,574894746020086551,1362,2025.12.24 20:00:00,1.75,8598161035685210676,2104,6739.33,6751.44,6763.2,5,3,896,1766606400
RG2_US500_PERIOD_M5_1766361600_1766789700_6275432351093221649,147214855906655021,383,2025.12.22 23:00:00,3.0,760096083158827927,3626384937034977542,1,6813.19,6813.31,6813.43,2,2,132,1766444400,18279403032560852390,514,2025.12.23 06:55:40,1.44,10817238668102639958,210,6813.29,6813.36,6813.43,2,2,132,1766472940
RG2_US500_PERIOD_M5_1766361600_1766789700_6275432351093221649,14968473604627670863,300,2025.12.22 18:14:16,2.54,7742913182337179136,16714407397312893122,1,6874.09,6883.55,6896.7,10,4,960,1766427256,147214855906655021,383,2025.12.22 23:00:00,3.0,16714407397312893122,134,6874.35,6884.39,6896.7,10,4,960,1766444400
RG2_US500_PERIOD_M5_1766361600_1766789700_6275432351093221649,13791084655895348146,1,2025.12.22 01:00:00,4.9,7961729548274547,9180291989753097168,1,6656.2,6674.85,6692.95,7,3,896,1766365200,11260469685296658381,959,2025.12.23 23:00:00,2.91,9180291989753097168,1468,6656.2,6674.85,6692.95,7,3,896,1766530800
RG2_US500_PERIOD_M5_1766361600_1766789700_6275432351093221649,14198516465541060541,105,2025.12.22 03:10:00,4.15,8000894258477054450,17925880921215481463,1,6717.1,6717.58,6720.8,2,2,192,1766373000,574894746020086551,1362,2025.12.24 20:00:00,1.75,17925880921215481463,1975,6717.1,6717.58,6720.8,2,2,192,1766606400
RG2_US500_PERIOD_M5_1766361600_1766789700_6275432351093221649,18092750658416311837,1573,2025.12.26 16:41:41,1.42,8040937958107147304,9357517439457619053,1,6933.15,6936.65,6942.5,5,4,912,1766767301,10116708417130659730,1615,2025.12.26 18:15:00,2.1,17445764665527312037,58,6932.9,6936.22,6942.5,6,4,912,1766772900
RG2_US500_PERIOD_M5_1766361600_1766789700_6275432351093221649,6177564699393773240,1363,2025.12.26 01:00:00,1.87,8186190615843640712,4610383135920328833,1,6950.55,6954.07,6957.6,3,3,896,1766710800,13837000491739659501,1642,2025.12.26 22:00:00,2.68,4610383135920328833,510,6950.55,6954.07,6957.6,3,3,896,1766786400
RG2_US500_PERIOD_M5_1766361600_1766789700_6275432351093221649,8855772233612660883,1054,2025.12.24 14:17:59,0.86,8396772174806739474,8775217649377152990,1,6907.8,6907.85,6907.9,2,2,320,1766585879,1863767537564172064,1055,2025.12.24 14:18:33,0.86,8775217649377152990,2,6907.9,6907.9,6907.9,2,2,320,1766585913
RG2_US500_PERIOD_M5_1766361600_1766789700_6275432351093221649,13875313470762233227,960,2025.12.24 01:00:00,2.75,915234529543857397,13640828327112208130,1,6821.15,6822.5,6823.25,2,2,130,1766538000,1662412671006487222,1026,2025.12.24 04:44:13,1.5,13640828327112208130,111,6821.15,6822.5,6823.25,2,2,130,1766551453
RG2_US500_PERIOD_M5_1766361600_1766789700_6275432351093221649,3878494565528049927,486,2025.12.23 05:35:00,1.66,9212310870417433791,1583340467753152613,1,6897.4,6901.02,6904.43,4,4,898,1766468100,15045883592236166858,647,2025.12.23 15:39:40,1.57,1583340467753152613,273,6897.4,6901.02,6904.43,4,4,898,1766504380
RG2_US500_PERIOD_M5_1766361600_1766789700_6275432351093221649,10088988893613386114,226,2025.12.22 16:04:33,1.6,940218930426828008,3436265636002455078,1,6832.95,6852.06,6866.83,15,4,912,1766419473,11260469685296658381,959,2025.12.23 23:00:00,2.91,2674271156763090911,1070,6832.95,6852.4,6866.83,13,5,914,1766530800
RG2_US500_PERIOD_M5_1766361600_1766789700_6275432351093221649,14064297031990136122,648,2025.12.23 15:45:00,1.69,9519350457708072879,3442274884207113528,1,6897.2,6900.26,6904.43,5,4,898,1766504700,3312556181060792402,1029,2025.12.24 05:04:59,1.46,9276886065053340197,528,6897.4,6901.41,6904.45,4,4,898,1766552699
RG2_US500_PERIOD_M5_1766361600_1766789700_6275432351093221649,13791084655895348146,1,2025.12.22 01:00:00,4.9,9586440046204604628,6168726230240133203,1,6786.95,6788.01,6790.97,2,2,130,1766365200,13837000491739659501,1642,2025.12.26 22:00:00,2.68,6168726230240133203,2616,6786.95,6788.01,6790.97,2,2,130,1766786400
RG2_US500_PERIOD_M5_1766361600_1766789700_6275432351093221649,11260469685296658381,959,2025.12.23 23:00:00,2.91,9680318406690666516,6534672216896708998,1,6868.3,6868.32,6868.33,2,2,144,1766530800,11260469685296658381,959,2025.12.23 23:00:00,2.91,6534672216896708998,1,6868.3,6868.32,6868.33,2,2,144,1766530800
RG2_US500_PERIOD_M5_1766361600_1766789700_6275432351093221649,7539973947598606054,1584,2025.12.26 16:45:13,1.45,9748362510601118011,6197240659138119185,1,6943.33,6943.41,6943.5,2,2,192,1766767513,2584278948714246841,1591,2025.12.26 16:46:03,1.45,6197240659138119185,8,6943.5,6943.57,6943.64,2,2,192,1766767563
RG2_US500_PERIOD_M5_1766361600_1766789700_6275432351093221649,11291392951167513952,756,2025.12.23 16:48:41,2.19,9773986894107517289,10956691543468941329,1,6890.13,6890.25,6890.37,2,2,192,1766508521,8990051502806678401,763,2025.12.23 17:49:28,2.69,10956691543468941329,20,6890.37,6890.53,6890.69,2,2,192,1766512168
RG2_US500_PERIOD_M5_1773014400_1773442200_10013978319232738791,2526590099244887216,434,2026.03.09 04:00:00,10.38,10378633008925071081,1378495681752518363,1,6614.04,6617.28,6618.88,2,2,18,1773028800,4214661021558497081,510,2026.03.09 05:20:00,9.71,1378495681752518363,92,6615.5,6618.08,6620.6,2,2,18,1773033600
RG2_US500_PERIOD_M5_1773014400_1773442200_10013978319232738791,16159682781742462140,509,2026.03.09 05:00:00,9.88,10444364894646035437,3244544887889464532,1,6826.63,6826.69,6826.75,2,2,132,1773032400,10049039495210143879,511,2026.03.09 06:00:00,9.25,3244544887889464532,13,6825.77,6826.2,6826.63,2,2,132,1773036000
RG2_US500_PERIOD_M5_1773014400_1773442200_10013978319232738791,10037147596360880633,1885,2026.03.10 10:29:14,5.15,10678407015397346931,2410132572806720509,1,6826.03,6826.33,6826.63,2,2,192,1773138554,12072871520365430959,1901,2026.03.10 10:36:26,5.14,2410132572806720509,19,6826.63,6826.93,6827.22,2,2,192,1773138986
RG2_US500_PERIOD_M5_1773014400_1773442200_10013978319232738791,16673323171226001551,2438,2026.03.11 10:53:28,3.39,10725573897990847668,25756419772663556,1,6774.45,6774.64,6774.82,2,2,320,1773226408,7825197241607264578,2447,2026.03.11 10:53:38,3.39,25756419772663556,10,6774.09,6774.27,6774.45,2,2,320,1773226418
RG2_US500_PERIOD_M5_1773014400_1773442200_10013978319232738791,13939748371692863047,3711,2026.03.13 01:00:00,8.97,11112233074125974621,4229157707646586705,1,6689.6,6689.6,6689.6,2,2,80,1773363600,12985815203072585509,3722,2026.03.13 01:05:04,8.88,4229157707646586705,14,6689.6,6690.1,6690.6,2,2,80,1773363904
RG2_US500_PERIOD_M5_1773014400_1773442200_10013978319232738791,14730647602252778180,1159,2026.03.09 21:32:52,9.86,11163066509284488068,3702740066733386552,1,6790.29,6790.87,6791.45,2,2,320,1773091972,7349137509903784520,1179,2026.03.09 21:33:19,9.86,3702740066733386552,21,6791.45,6791.97,6792.49,2,2,320,1773091999
RG2_US500_PERIOD_M5_1773014400_1773442200_10013978319232738791,11913652467051188102,1645,2026.03.10 09:05:38,4.75,11253567034721723389,13661064081596994557,1,6799.08,6799.36,6799.63,2,2,192,1773133538,5891830678968436947,1655,2026.03.10 09:20:35,4.81,14051051571095809336,14,6800.5,6800.76,6801.01,2,2,320,1773134435
RG2_US500_PERIOD_M5_1773014400_1773442200_10013978319232738791,16428360396174160178,3747,2026.03.13 02:00:16,7.83,11333840889358430613,16649195350220261667,1,6668.2,6670.66,6673.13,2,1,64,1773367216,11101239708765820767,3895,2026.03.13 02:38:14,7.58,16649195350220261667,156,6668.1,6668.15,6672.3,2,1,64,1773369494
RG2_US500_PERIOD_M5_1773014400_1773442200_10013978319232738791,14969816988967472822,3489,2026.03.12 17:13:36,6.77,11470112595047545107,15895114969396207223,1,6680.57,6680.97,6681.37,2,2,192,1773335616,2608043524180227061,3507,2026.03.12 21:46:29,9.56,15895114969396207223,66,6679.6,6680.08,6680.57,2,2,192,1773351989
RG2_US500_PERIOD_M5_1773014400_1773442200_10013978319232738791,7809112045617472177,2639,2026.03.11 16:10:00,6.73,11553172397636796631,1186263826339368222,1,6799.7,6800.1,6800.5,2,2,272,1773245400,3888857011731825118,3573,2026.03.12 22:50:00,9.43,14348286781577149827,1248,6798.63,6798.82,6799.0,2,2,144,1773355800
RG2_US500_PERIOD_M5_1773014400_1773442200_10013978319232738791,2532254170947157114,3032,2026.03.12 00:37:39,8.36,11886698941150463912,17814127726093843183,1,6733.83,6734.32,6734.8,2,2,192,1773275859,3347598896704368104,3051,2026.03.12 00:41:40,8.35,17814127726093843183,22,6732.93,6733.38,6733.83,2,2,192,1773276100
RG2_US500_PERIOD_M5_1773014400_1773442200_10013978319232738791,15940241648297137916,3384,2026.03.12 16:00:00,5.62,11914515291151347772,7637167107509986658,1,6775.4,6775.73,6776.07,2,2,144,1773331200,3888857011731825118,3573,2026.03.12 22:50:00,9.43,4413994671925484724,256,6774.45,6775.31,6776.07,3,3,400,1773355800
RG2_US500_PERIOD_M5_1773014400_1773442200_10013978319232738791,10049039495210143879,511,2026.03.09 06:00:00,9.25,12005071543724997805,15779810138899977641,1,6599.9,6601.33,6605.3,2,2,258,1773036000,10049039495210143879,511,2026.03.09 06:00:00,9.25,15779810138899977641,1,6599.9,6601.33,6605.3,2,2,258,1773036000
RG2_US500_PERIOD_M5_1773014400_1773442200_10013978319232738791,9647072925464036410,3448,2026.03.12 16:38:04,6.21,12057622511641090393,7548806056422807772,1,6684.95,6685.31,6685.67,2,2,320,1773333484,550415810862575880,3485,2026.03.12 17:13:34,6.77,802961802295731420,44,6681.75,6682.15,6682.55,2,2,320,1773335614
RG2_US500_PERIOD_M5_1773014400_1773442200_10013978319232738791,16755882401166872840,2792,2026.03.12 00:00:00,8.46,12443431290883641574,9103650266351966631,1,6745.9,6750.37,6755.9,3,3,448,1773273600,6708040532177926377,2970,2026.03.12 00:28:39,8.37,9103650266351966631,184,6745.9,6750.37,6755.9,3,3,448,1773275319
RG2_US500_PERIOD_M5_1773014400_1773442200_10013978319232738791,16755882401166872840,2792,2026.03.12 00:00:00,8.46,12651220545967984106,10362412030129365693,1,6791.15,6791.3,6791.45,2,1,256,1773273600,3888857011731825118,3573,2026.03.12 22:50:00,9.43,10362412030129365693,1021,6791.15,6791.3,6791.45,2,1,256,1773355800
RG2_US500_PERIOD_M5_1773014400_1773442200_10013978319232738791,3451706693722657673,4492,2026.03.13 18:20:00,8.35,12669722191488151756,10347892802904915717,1,6683.95,6684.45,6684.95,2,1,256,1773426000,6360701168337241682,4591,2026.03.13 22:00:00,9.13,10347892802904915717,136,6683.95,6684.45,6684.95,2,1,256,1773439200
RG2_US500_PERIOD_M5_1773014400_1773442200_10013978319232738791,3205008213228530149,2250,2026.03.11 02:09:16,7.35,13018819166902747138,1900163737864941137,1,6797.78,6798.21,6798.63,2,2,192,1773194956,5867377936168960192,2266,2026.03.11 02:09:27,7.35,7353590413659964894,16,6800.5,6800.85,6801.2,2,2,320,1773194967
RG2_US500_PERIOD_M5_1773014400_1773442200_10013978319232738791,17311961310852406562,3499,2026.03.12 20:00:00,9.03,1358318126822978375,13991260118118344265,1,6783.65,6787.72,6789.3,2,2,6,1773345600,6360701168337241682,4591,2026.03.13 22:00:00,9.13,9507791284668586998,1354,6770.35,6786.2,6800.5,13,6,918,1773439200
RG2_US500_PERIOD_M5_1773014400_1773442200_10013978319232738791,14596216397822673558,2830,2026.03.12 00:00:37,8.46,13655776490036644815,1204097230791946991,1,6760.17,6760.66,6761.16,2,2,192,1773273637,18407775993954375066,2849,2026.03.12 00:01:39,8.46,1204097230791946991,20,6759.2,6759.68,6760.17,2,2,192,1773273699
RG2_US500_PERIOD_M5_1773014400_1773442200_10013978319232738791,17943258027728971540,1493,2026.03.10 01:00:00,10.57,13681745152980409615,10723329154469880583,1,6773.6,6773.6,6773.6,2,1,16,1773104400,9244142034158887436,1562,2026.03.10 01:52:39,9.14,10723329154469880583,79,6773.6,6773.6,6773.6,2,1,16,1773107559
RG2_US500_PERIOD_M5_1773014400_1773442200_10013978319232738791,4001807028393368101,2284,2026.03.11 02:09:39,7.35,13731779213253300547,5351054810405617810,1,6805.07,6805.45,6805.82,2,2,68,1773194979,1285390943402772938,2295,2026.03.11 02:17:28,7.43,5351054810405617810,14,6805.82,6806.24,6806.65,2,2,68,1773195448
RG2_US500_PERIOD_M5_1773014400_1773442200_10013978319232738791,10460776330406920891,2088,2026.03.11 00:00:00,9.0,1384087499084161161,10347892802904915717,1,6683.95,6684.45,6684.95,2,1,256,1773187200,14164557778410102131,2196,2026.03.11 01:00:00,8.66,10347892802904915717,124,6683.95,6684.45,6684.95,2,1,256,1773190800
RG2_US500_PERIOD_M5_1773014400_1773442200_10013978319232738791,1988822364702328337,2314,2026.03.11 03:00:00,7.23,13841464087114852014,17109116507903147395,1,6798.63,6798.82,6799.0,2,2,144,1773198000,9207665565696480357,2365,2026.03.11 03:55:00,6.63,17109116507903147395,63,6798.63,6798.82,6799.0,2,2,144,1773201300
RG2_US500_PERIOD_M5_1773014400_1773442200_10013978319232738791,8611089708506394075,2703,2026.03.11 17:45:00,8.34,13846928642491966989,10347892802904915717,1,6683.95,6684.45,6684.95,2,1,256,1773251100,15203687545536232586,3061,2026.03.12 00:42:38,8.35,10347892802904915717,424,6683.95,6684.45,6684.95,2,1,256,1773276158
RG2_US500_PERIOD_M5_1773014400_1773442200_10013978319232738791,3041892220808637605,1,2026.03.09 00:00:00,11.3,14034490407326199063,4334991967101884780,1,6849.8,6852.54,6855.25,3,3,274,1773014400,14469916841553882623,1611,2026.03.10 07:00:00,6.31,2243632154481325506,1931,6850.61,6853.92,6855.25,2,2,258,1773126000
RG2_US500_PERIOD_M5_1773014400_1773442200_10013978319232738791,3429596300334661599,2636,2026.03.11 15:00:00,5.52,14260623539767403097,9663126063136373503,1,6917.05,6938.79,6961.17,13,4,898,1773241200,6360701168337241682,4591,2026.03.13 22:00:00,9.13,15914854973526752003,2515,6917.05,6938.68,6960.03,6,3,896,1773439200
RG2_US500_PERIOD_M5_1773014400_1773442200_10013978319232738791,4467277173908229421,1318,2026.03.10 00:00:00,10.62,14312162401089075104,5370097830625064724,1,6799.63,6800.07,6800.5,2,2,384,1773100800,1669355624866590310,1609,2026.03.10 06:00:00,7.57,5370097830625064724,353,6799.63,6800.07,6800.5,2,2,384,1773122400
RG2_US500_PERIOD_M5_1773014400_1773442200_10013978319232738791,17960698103280327972,4028,2026.03.13 09:01:40,3.85,14476333632647806316,6121970599574482575,1,6661.43,6661.66,6661.89,2,2,192,1773392500,16540554560411401782,4051,2026.03.13 09:04:19,3.85,16936308764001893007,24,6660.36,6660.56,6660.77,2,2,192,1773392659
RG2_US500_PERIOD_M5_1773014400_1773442200_10013978319232738791,3041892220808637605,1,2026.03.09 00:00:00,11.3,14873712250213582459,18063689563725031422,1,6760.17,6760.43,6760.7,2,2,384,1773014400,16299310072103253072,201,2026.03.09 00:09:40,12.24,18063689563725031422,203,6760.17,6760.43,6760.7,2,2,384,1773014980
RG2_US500_PERIOD_M5_1773014400_1773442200_10013978319232738791,3041892220808637605,1,2026.03.09 00:00:00,11.3,14982705885605151353,8960416065255215667,1,6860.65,6883.81,6902.33,10,6,978,1773014400,6360701168337241682,4591,2026.03.13 22:00:00,9.13,1106820376813985553,5809,6860.65,6876.54,6902.33,9,3,896,1773439200
RG2_US500_PERIOD_M5_1773014400_1773442200_10013978319232738791,16935355610388167526,2084,2026.03.10 21:00:00,9.1,1512463657179719159,14984282710713439548,1,6763.93,6763.97,6764.0,2,2,144,1773176400,14733811380885644325,2821,2026.03.12 00:00:27,8.46,11856481743421180348,1010,6761.84,6762.32,6762.8,2,2,80,1773273627
RG2_US500_PERIOD_M5_1773014400_1773442200_10013978319232738791,14372258513930779193,2089,2026.03.11 00:00:01,9.0,15577865342581830607,4043353118735447864,1,6791.45,6791.48,6791.5,2,2,320,1773187201,1988822364702328337,2314,2026.03.11 03:00:00,7.23,14495640260634610995,262,6791.45,6791.88,6792.3,2,2,272,1773198000
RG2_US500_PERIOD_M5_1773014400_1773442200_10013978319232738791,16755882401166872840,2792,2026.03.12 00:00:00,8.46,15603803974338333820,4413994671925484724,1,6774.45,6775.31,6776.07,3,3,400,1773273600,10073612621004202671,3322,2026.03.12 05:00:00,5.61,7637167107509986658,583,6775.4,6775.73,6776.07,2,2,144,1773291600
RG2_US500_PERIOD_M5_1773014400_1773442200_10013978319232738791,16484892649003017827,2366,2026.03.11 04:00:00,6.6,16007234417156952283,11985949193447659780,1,6805.0,6805.17,6805.34,2,2,20,1773201600,217197911203193465,2370,2026.03.11 04:19:13,6.43,11985949193447659780,9,6805.0,6805.17,6805.34,2,2,20,1773202753
RG2_US500_PERIOD_M5_1773014400_1773442200_10013978319232738791,3041892220808637605,1,2026.03.09 00:00:00,11.3,16040159124124779863,13123842154626650899,1,6787.26,6788.88,6790.88,2,2,130,1773014400,4642174040528698305,207,2026.03.09 02:56:14,11.06,13123842154626650899,241,6787.14,6788.91,6791.1,2,2,130,1773024974
RG2_US500_PERIOD_M5_1773014400_1773442200_10013978319232738791,7555383202226942761,3497,2026.03.12 18:50:00,8.42,1622645209282696918,10347892802904915717,1,6683.95,6684.45,6684.95,2,1,256,1773341400,17159288107145373563,3614,2026.03.13 00:00:36,9.34,14333642413304407159,157,6679.51,6680.04,6680.57,2,2,192,1773360036
RG2_US500_PERIOD_M5_1773014400_1773442200_10013978319232738791,10460776330406920891,2088,2026.03.11 00:00:00,9.0,1625169858439841324,9184875215991012666,1,6493.83,6533.5,6567.4,4,3,896,1773187200,6360701168337241682,4591,2026.03.13 22:00:00,9.13,14854786002786580507,3231,6493.83,6536.59,6567.4,5,3,896,1773439200
RG2_US500_PERIOD_M5_1773014400_1773442200_10013978319232738791,2991952938340982051,2007,2026.03.10 19:18:29,7.75,16424681842128118668,8649971542636154900,1,6838.4,6838.85,6839.3,2,2,80,1773170309,14424327816325437000,2024,2026.03.10 19:19:22,7.75,8649971542636154900,18,6839.3,6839.45,6839.61,2,2,80,1773170362
RG2_US500_PERIOD_M5_1773014400_1773442200_10013978319232738791,11493648813680275065,596,2026.03.09 11:50:00,7.98,16547538487035996878,2339790035193039933,1,6817.0,6817.47,6817.95,2,1,256,1773057000,7540173072235930363,1317,2026.03.09 22:00:00,10.62,2339790035193039933,829,6817.0,6817.47,6817.95,2,1,256,1773093600
RG2_US500_PERIOD_M5_1773014400_1773442200_10013978319232738791,7573706658887078025,988,2026.03.09 21:21:26,9.45,16677715432776033586,616819097681455613,1,6762.88,6763.41,6763.93,2,2,192,1773091286,5181682307768780010,1003,2026.03.09 21:21:36,9.45,616819097681455613,16,6763.93,6764.44,6764.95,2,2,192,1773091296
RG2_US500_PERIOD_M5_1773014400_1773442200_10013978319232738791,6163722580960506284,2640,2026.03.11 17:00:00,7.56,16724666949855104252,2243632154481325506,1,6852.33,6854.84,6856.52,2,2,258,1773248400,1090592183133480527,3321,2026.03.12 04:40:14,5.91,2243632154481325506,796,6851.63,6854.46,6855.72,2,2,258,1773290414
RG2_US500_PERIOD_M5_1773014400_1773442200_10013978319232738791,15198276025833000069,1312,2026.03.09 21:38:41,10.06,16815504976595880841,6459869838252099442,1,6812.18,6812.7,6813.22,2,2,68,1773092321,12186303225615367015,1791,2026.03.10 09:49:40,4.97,10573250750906943954,596,6810.58,6811.74,6812.9,2,2,68,1773136180
RG2_US500_PERIOD_M5_1773014400_1773442200_10013978319232738791,6152440152548042024,3987,2026.03.13 08:50:00,3.84,16997532526116826617,7327648737359965221,1,6672.65,6675.15,6678.84,2,2,258,1773391800,8438102185847652606,4003,2026.03.13 08:56:13,3.84,7327648737359965221,18,6672.65,6675.15,6678.84,2,2,258,1773392173
RG2_US500_PERIOD_M5_1773014400_1773442200_10013978319232738791,3041892220808637605,1,2026.03.09 00:00:00,11.3,17045467358096188803,5925622596027852845,1,6831.12,6832.74,6835.9,2,2,6,1773014400,4642174040528698305,207,2026.03.09 02:56:14,11.06,5925622596027852845,241,6830.35,6831.93,6835.9,2,2,6,1773024974
RG2_US500_PERIOD_M5_1773014400_1773442200_10013978319232738791,5692906390214497845,2641,2026.03.11 17:29:39,8.09,17073984535212487760,16095178736906349314,1,6702.93,6733.57,6760.17,15,4,960,1773250179,10613001915906327255,2791,2026.03.11 22:00:00,9.11,16565304090551360318,200,6702.93,6728.6,6757.65,13,4,960,1773266400
RG2_US500_PERIOD_M5_1773014400_1773442200_10013978319232738791,4467277173908229421,1318,2026.03.10 00:00:00,10.62,17155060334462953216,18011149529136107001,1,6493.83,6539.0,6567.4,5,3,896,1773100800,1835996537547929144,2087,2026.03.10 22:30:00,9.27,18011149529136107001,1006,6493.83,6539.0,6567.4,5,3,896,1773181800
RG2_US500_PERIOD_M5_1773014400_1773442200_10013978319232738791,3167323557507531903,3896,2026.03.13 03:00:00,7.16,17205852959876215238,622521621362051263,1,6668.1,6672.38,6678.84,5,4,338,1773370800,8476735535641770173,3986,2026.03.13 08:49:40,3.82,11001014300712433988,153,6668.2,6672.83,6678.84,3,3,322,1773391780
RG2_US500_PERIOD_M5_1773014400_1773442200_10013978319232738791,2927697088014171635,2586,2026.03.11 12:00:00,3.84,17437000848715044080,14495640260634610995,1,6791.45,6791.58,6791.7,2,2,272,1773230400,12206336578868635129,2790,2026.03.11 21:05:00,8.98,14495640260634610995,301,6791.45,6791.58,6791.7,2,2,272,1773263100
RG2_US500_PERIOD_M5_1773014400_1773442200_10013978319232738791,15208063268400500145,3574,2026.03.13 00:00:00,9.34,17458730222012506914,11001014300712433988,1,6668.2,6671.62,6675.08,3,3,322,1773360000,17101987946173168934,3739,2026.03.13 01:25:00,8.33,4556029052569052179,181,6668.2,6672.19,6675.08,4,3,322,1773365100
RG2_US500_PERIOD_M5_1773014400_1773442200_10013978319232738791,1930390401407191292,2391,2026.03.11 07:00:00,3.51,17460649320066893740,4026718195742674001,1,6818.3,6818.3,6818.3,2,2,80,1773212400,1299097231453409072,2393,2026.03.11 08:00:00,3.06,4026718195742674001,13,6818.3,6818.3,6818.3,2,2,80,1773216000
RG2_US500_PERIOD_M5_1773014400_1773442200_10013978319232738791,15208063268400500145,3574,2026.03.13 00:00:00,9.34,17818323109132268430,9635563539404891153,1,6608.57,6632.05,6653.05,8,3,896,1773360000,10664564188510593494,4107,2026.03.13 09:06:37,3.89,9635563539404891153,631,6608.57,6632.05,6653.05,8,3,896,1773392797
RG2_US500_PERIOD_M5_1773014400_1773442200_10013978319232738791,2439701789682325063,3953,2026.03.13 08:00:00,3.79,17939346099169972358,8992969225689066363,1,6689.4,6689.5,6689.6,2,1,16,1773388800,6360701168337241682,4591,2026.03.13 22:00:00,9.13,8992969225689066363,788,6689.4,6689.5,6689.6,2,1,16,1773439200
RG2_US500_PERIOD_M5_1773014400_1773442200_10013978319232738791,13910652515827541053,2589,2026.03.11 14:45:00,5.4,18072734425962758649,4404573916499663332,1,6803.36,6803.68,6804.0,2,2,20,1773240300,18428708506553953040,2637,2026.03.11 15:05:00,5.59,4404573916499663332,51,6802.8,6802.93,6803.05,2,2,20,1773241500
RG2_US500_PERIOD_M5_1773014400_1773442200_10013978319232738791,15316169692951605854,1368,2026.03.10 00:01:51,10.62,18147238581454076597,9895794286647650583,1,6777.2,6782.29,6784.41,2,2,66,1773100911,2078783053291860822,1426,2026.03.10 00:03:38,10.62,9895794286647650583,59,6776.06,6778.12,6783.15,2,2,66,1773101018
RG2_US500_PERIOD_M5_1773014400_1773442200_10013978319232738791,3429596300334661599,2636,2026.03.11 15:00:00,5.52,2098747798620830901,3583272340972808062,1,6778.98,6782.38,6785.53,2,2,18,1773241200,18428708506553953040,2637,2026.03.11 15:05:00,5.59,3583272340972808062,2,6778.98,6782.38,6785.53,2,2,18,1773241500
RG2_US500_PERIOD_M5_1773014400_1773442200_10013978319232738791,8819141137652621941,3587,2026.03.13 00:00:11,9.34,2117198938835332067,10347892802904915717,1,6683.95,6684.45,6684.95,2,1,256,1773360011,4502782354510949325,3738,2026.03.13 01:10:00,8.74,10347892802904915717,165,6683.95,6684.45,6684.95,2,1,256,1773364200
RG2_US500_PERIOD_M5_1773014400_1773442200_10013978319232738791,65845979437374385,4311,2026.03.13 12:00:00,4.43,2202958308089336925,10994074832039369181,1,6666.46,6669.28,6672.65,2,2,18,1773403200,65845979437374385,4311,2026.03.13 12:00:00,4.43,10994074832039369181,1,6666.46,6669.28,6672.65,2,2,18,1773403200
RG2_US500_PERIOD_M5_1773014400_1773442200_10013978319232738791,3041892220808637605,1,2026.03.09 00:00:00,11.3,2485823968212755956,11194739095809883722,1,6702.6,6731.77,6757.65,14,6,922,1773014400,4642174040528698305,207,2026.03.09 02:56:14,11.06,4040044695997822551,241,6702.6,6735.46,6760.7,16,6,922,1773024974
RG2_US500_PERIOD_M5_1773014400_1773442200_10013978319232738791,2900084448857102207,3330,2026.03.12 12:00:00,4.38,2522701646449544542,1642250064617203015,1,6793.4,6793.6,6793.81,2,2,260,1773316800,10916063824832446714,3331,2026.03.12 13:00:00,4.36,5274376897413680791,13,6793.22,6793.31,6793.4,2,2,260,1773320400
RG2_US500_PERIOD_M5_1773014400_1773442200_10013978319232738791,11342961600447714482,3558,2026.03.12 22:11:26,9.63,2705205778584304947,3295108330266328284,1,6669.7,6670.24,6670.77,2,2,320,1773353486,1365340738362373569,3567,2026.03.12 22:11:38,9.63,3295108330266328284,10,6668.67,6669.19,6669.7,2,2,320,1773353498
RG2_US500_PERIOD_M5_1773014400_1773442200_10013978319232738791,16755882401166872840,2792,2026.03.12 00:00:00,8.46,2726244714303792588,14177703785733001910,1,6702.93,6717.53,6731.55,11,3,896,1773273600,6360701168337241682,4591,2026.03.13 22:00:00,9.13,15814633702171292857,2274,6703.67,6715.99,6729.7,10,4,912,1773439200
RG2_US500_PERIOD_M5_1773014400_1773442200_10013978319232738791,17091192394202673427,208,2026.03.09 03:00:00,11.01,3025551180179382123,13845356223701073596,1,6608.1,6608.2,6608.3,2,2,80,1773025200,6805609498516265720,216,2026.03.09 03:10:19,10.88,13845356223701073596,12,6607.03,6607.66,6608.3,2,2,80,1773025819
RG2_US500_PERIOD_M5_1773014400_1773442200_10013978319232738791,1930390401407191292,2391,2026.03.11 07:00:00,3.51,3222988785997311602,6952973059384312736,1,6811.1,6811.1,6811.1,2,1,16,1773212400,7092288476921453355,2392,2026.03.11 07:25:00,3.19,6952973059384312736,6,6811.1,6811.1,6811.1,2,1,16,1773213900
RG2_US500_PERIOD_M5_1773014400_1773442200_10013978319232738791,7997686380915754005,2325,2026.03.11 03:32:24,6.9,3281952927917073085,11719214671464478929,1,6810.35,6810.73,6811.1,2,2,80,1773199944,6632786511497986676,2335,2026.03.11 03:38:36,6.84,11719214671464478929,12,6811.1,6811.5,6811.9,2,2,80,1773200316
RG2_US500_PERIOD_M5_1773014400_1773442200_10013978319232738791,12496545327229760892,3740,2026.03.13 02:00:00,7.83,3510033099224962518,6752042416344262421,1,6673.9,6676.65,6681.03,6,5,466,1773367200,11101239708765820767,3895,2026.03.13 02:38:14,7.58,10240193621669058798,163,6674.55,6677.19,6681.03,5,4,402,1773369494
RG2_US500_PERIOD_M5_1773014400_1773442200_10013978319232738791,3041892220808637605,1,2026.03.09 00:00:00,11.3,3528151667763652556,8848899220235237188,1,6845.3,6846.63,6847.3,3,3,208,1773014400,10613001915906327255,2791,2026.03.11 22:00:00,9.11,11849437696731736091,3524,6845.4,6847.15,6847.3,2,1,64,1773266400
RG2_US500_PERIOD_M5_1773014400_1773442200_10013978319232738791,1433221160622731522,1834,2026.03.10 10:07:31,5.04,3623371347436863307,1658175246992907085,1,6818.47,6818.72,6818.97,2,2,192,1773137251,14046394506383181226,1840,2026.03.10 10:07:39,5.04,1658175246992907085,7,6818.97,6819.2,6819.44,2,2,192,1773137259
RG2_US500_PERIOD_M5_1773014400_1773442200_10013978319232738791,15940241648297137916,3384,2026.03.12 16:00:00,5.62,3822076550364651112,16506769812317396019,1,6660.77,6661.1,6661.43,2,1,128,1773331200,13265842697800501898,3948,2026.03.13 04:00:00,5.97,16506769812317396019,674,6660.77,6661.1,6661.43,2,1,128,1773374400
RG2_US500_PERIOD_M5_1773014400_1773442200_10013978319232738791,979443747485754624,3333,2026.03.12 15:00:00,4.83,4461708094808311930,16433854647228919818,1,6733.83,6733.87,6733.9,2,2,144,1773327600,16066357198772994094,3383,2026.03.12 15:56:15,5.55,16433854647228919818,63,6733.83,6733.87,6733.9,2,2,144,1773330975
RG2_US500_PERIOD_M5_1773014400_1773442200_10013978319232738791,16599826304889377525,2629,2026.03.11 14:47:38,5.4,4484591698375917049,16935757286211246319,1,6760.17,6760.48,6760.79,2,2,192,1773240458,6163722580960506284,2640,2026.03.11 17:00:00,7.56,16935757286211246319,34,6760.1,6760.13,6760.17,2,2,192,1773248400
RG2_US500_PERIOD_M5_1773014400_1773442200_10013978319232738791,4775147875888329544,432,2026.03.09 03:52:00,10.47,5061145394858801661,17953509130268635914,1,6583.85,6584.48,6585.1,2,2,320,1773028320,8650574758867107214,456,2026.03.09 04:17:29,10.28,17953509130268635914,30,6582.64,6583.25,6583.85,2,2,320,1773029849
RG2_US500_PERIOD_M5_1773014400_1773442200_10013978319232738791,7809112045617472177,2639,2026.03.11 16:10:00,6.73,5101642529410936035,5626924841213659187,1,6839.77,6840.17,6840.57,2,1,128,1773245400,6360701168337241682,4591,2026.03.13 22:00:00,9.13,16993071735690574589,2501,6827.35,6838.85,6848.47,7,5,962,1773439200
RG2_US500_PERIOD_M5_1773014400_1773442200_10013978319232738791,17091192394202673427,208,2026.03.09 03:00:00,11.01,5276318483947291422,1455028487632170172,1,6702.6,6730.05,6757.65,13,5,920,1773025200,6163722580960506284,2640,2026.03.11 17:00:00,7.56,9594692865730672176,3078,6702.93,6729.49,6759.0,13,4,960,1773248400
RG2_US500_PERIOD_M5_1773014400_1773442200_10013978319232738791,17859990457981895130,3063,2026.03.12 01:00:00,8.25,5408365607127799688,15362889873581057287,1,6738.0,6738.0,6738.0,2,1,16,1773277200,10345124824130260566,3230,2026.03.12 01:45:42,7.45,15362889873581057287,176,6738.0,6738.0,6738.0,2,1,16,1773279942
RG2_US500_PERIOD_M5_1773014400_1773442200_10013978319232738791,3041892220808637605,1,2026.03.09 00:00:00,11.3,566705541703399361,13690950150590561748,1,6839.3,6840.32,6841.1,3,3,400,1773014400,15888772333430831224,2364,2026.03.11 03:42:39,6.77,5626924841213659187,2900,6839.77,6840.17,6840.57,2,1,128,1773200559
RG2_US500_PERIOD_M5_1773014400_1773442200_10013978319232738791,1014982602834568037,598,2026.03.09 13:00:00,8.02,576727220268577796,11928910253007053134,1,6818.97,6819.27,6819.58,2,2,132,1773061200,1014982602834568037,598,2026.03.09 13:00:00,8.02,11928910253007053134,1,6818.97,6819.27,6819.58,2,2,132,1773061200
RG2_US500_PERIOD_M5_1773014400_1773442200_10013978319232738791,16755882401166872840,2792,2026.03.12 00:00:00,8.46,5865008744893268228,16506769812317396019,1,6660.77,6661.1,6661.43,2,1,128,1773273600,10073612621004202671,3322,2026.03.12 05:00:00,5.61,16506769812317396019,583,6660.77,6661.1,6661.43,2,1,128,1773291600
RG2_US500_PERIOD_M5_1773014400_1773442200_10013978319232738791,4467277173908229421,1318,2026.03.10 00:00:00,10.62,5896588078587189454,16716310114159070973,1,6915.93,6939.49,6961.17,15,3,896,1773100800,8229525150359897776,2635,2026.03.11 14:47:40,5.4,2319354984554148347,1725,6917.05,6941.01,6961.17,13,4,898,1773240460
RG2_US500_PERIOD_M5_1773014400_1773442200_10013978319232738791,3167323557507531903,3896,2026.03.13 03:00:00,7.16,5940019008223114323,891752203312604491,1,6684.95,6685.38,6685.8,2,2,272,1773370800,7092811545508324802,3900,2026.03.13 03:01:41,7.16,891752203312604491,5,6684.95,6685.38,6685.8,2,2,272,1773370901
RG2_US500_PERIOD_M5_1773014400_1773442200_10013978319232738791,10460776330406920891,2088,2026.03.11 00:00:00,9.0,6305456353556061019,8306483293876982940,1,6818.97,6819.08,6819.2,2,2,384,1773187200,6360701168337241682,4591,2026.03.13 22:00:00,9.13,44183138793228673,3231,6817.3,6818.68,6819.2,4,3,448,1773439200
RG2_US500_PERIOD_M5_1773014400_1773442200_10013978319232738791,14164557778410102131,2196,2026.03.11 01:00:00,8.66,6327699794910881065,9430909093966402657,1,6782.5,6782.7,6782.8,3,1,16,1773190800,3039653328649213753,2477,2026.03.11 10:57:15,3.42,3583272340972808062,391,6778.98,6782.38,6785.53,2,2,18,1773226635
RG2_US500_PERIOD_M5_1773014400_1773442200_10013978319232738791,835519722651568224,3949,2026.03.13 04:30:00,5.46,6362397872693720967,8306483293876982940,1,6818.97,6819.08,6819.2,2,2,384,1773376200,10474537135316226763,4369,2026.03.13 15:00:00,5.4,8306483293876982940,538,6818.97,6819.08,6819.2,2,2,384,1773414000
RG2_US500_PERIOD_M5_1773014400_1773442200_10013978319232738791,3041892220808637605,1,2026.03.09 00:00:00,11.3,6375842432270586180,17524406961069548703,1,6625.53,6656.53,6680.57,12,3,896,1773014400,1835996537547929144,2087,2026.03.10 22:30:00,9.27,10955764902239425599,2573,6625.53,6653.94,6680.57,13,5,914,1773181800
RG2_US500_PERIOD_M5_1773014400_1773442200_10013978319232738791,11390798748464443330,1527,2026.03.10 01:50:30,9.14,6619316534450633694,12399436553627579439,1,6763.93,6764.43,6764.93,2,2,192,1773107430,13210222438750356348,1548,2026.03.10 01:52:26,9.14,12399436553627579439,22,6762.84,6763.39,6763.93,2,2,192,1773107546
RG2_US500_PERIOD_M5_1773014400_1773442200_10013978319232738791,3041892220808637605,1,2026.03.09 00:00:00,11.3,6890237580001203654,2339790035193039933,1,6817.0,6817.47,6817.95,2,1,256,1773014400,6998971724281675663,513,2026.03.09 08:00:00,8.7,2339790035193039933,604,6817.0,6817.47,6817.95,2,1,256,1773043200
RG2_US500_PERIOD_M5_1773014400_1773442200_10013978319232738791,6163722580960506284,2640,2026.03.11 17:00:00,7.56,7210566473162603793,3583272340972808062,1,6778.98,6782.38,6785.53,2,2,18,1773248400,12340259558476215859,2765,2026.03.11 17:49:14,8.34,3583272340972808062,134,6778.98,6782.38,6785.53,2,2,18,1773251354
RG2_US500_PERIOD_M5_1773014400_1773442200_10013978319232738791,7449290467273432592,4310,2026.03.13 11:00:00,4.18,7221293610406668762,9330525167214357107,1,6660.27,6661.86,6666.46,3,2,130,1773399600,7449290467273432592,4310,2026.03.13 11:00:00,4.18,9330525167214357107,1,6660.27,6661.86,6666.46,3,2,130,1773399600
RG2_US500_PERIOD_M5_1773014400_1773442200_10013978319232738791,645467881617127722,249,2026.03.09 03:20:40,10.67,7940731391898536194,9535752500052567818,1,6599.9,6600.52,6601.13,2,2,320,1773026440,6027918870382653315,291,2026.03.09 03:42:01,10.57,9535752500052567818,48,6598.72,6599.31,6599.9,2,2,320,1773027721
RG2_US500_PERIOD_M5_1773014400_1773442200_10013978319232738791,10460776330406920891,2088,2026.03.11 00:00:00,9.0,7991569749015941080,17885185218898532497,1,6625.53,6637.46,6653.05,6,4,898,1773187200,3888857011731825118,3573,2026.03.12 22:50:00,9.43,17885185218898532497,1978,6625.53,6637.62,6653.05,6,4,898,1773355800
RG2_US500_PERIOD_M5_1773014400_1773442200_10013978319232738791,12986816537404450406,4108,2026.03.13 09:06:37,3.89,8069903406378848105,1911783822254046346,1,6608.57,6634.43,6653.47,9,4,960,1773392797,6360701168337241682,4591,2026.03.13 22:00:00,9.13,17405078753341391906,621,6608.57,6633.09,6653.05,10,5,976,1773439200
RG2_US500_PERIOD_M5_1773014400_1773442200_10013978319232738791,3041892220808637605,1,2026.03.09 00:00:00,11.3,810037492073843295,18040589122083517978,1,6915.93,6947.57,6988.0,17,3,896,1773014400,7540173072235930363,1317,2026.03.09 22:00:00,10.62,18040589122083517978,1556,6915.93,6947.57,6988.0,17,3,896,1773093600
RG2_US500_PERIOD_M5_1773014400_1773442200_10013978319232738791,2705244496450256125,4370,2026.03.13 15:20:00,5.58,8209365473411736928,16506769812317396019,1,6660.77,6661.1,6661.43,2,1,128,1773415200,6360701168337241682,4591,2026.03.13 22:00:00,9.13,9330525167214357107,289,6655.53,6660.21,6661.43,3,2,130,1773439200
RG2_US500_PERIOD_M5_1773014400_1773442200_10013978319232738791,17091192394202673427,208,2026.03.09 03:00:00,11.01,8460828272127540735,18063689563725031422,1,6760.17,6760.43,6760.7,2,2,384,1773025200,1835996537547929144,2087,2026.03.10 22:30:00,9.27,18063689563725031422,2332,6760.17,6760.43,6760.7,2,2,384,1773181800
RG2_US500_PERIOD_M5_1773014400_1773442200_10013978319232738791,14660698527075597989,1216,2026.03.09 21:34:38,9.86,8502067312907311344,12525150253433927165,1,6798.52,6799.08,6799.63,2,2,192,1773092078,6460927703739024284,1238,2026.03.09 21:37:41,10.06,12525150253433927165,24,6799.63,6800.19,6800.75,2,2,192,1773092261
RG2_US500_PERIOD_M5_1773014400_1773442200_10013978319232738791,16403153392426159000,2587,2026.03.11 13:00:00,4.17,8603180659591212153,11197037365064795475,1,6811.1,6811.2,6811.3,2,1,16,1773234000,16403153392426159000,2587,2026.03.11 13:00:00,4.17,11197037365064795475,1,6811.1,6811.2,6811.3,2,1,16,1773234000
RG2_US500_PERIOD_M5_1773014400_1773442200_10013978319232738791,12116191019539043615,4373,2026.03.13 15:42:41,5.88,8663369556352040309,15032846041137470942,1,6721.8,6722.13,6722.45,2,2,320,1773416561,1395375153157044505,4381,2026.03.13 15:43:28,5.88,15032846041137470942,9,6722.45,6722.79,6723.13,2,2,320,1773416608
RG2_US500_PERIOD_M5_1773014400_1773442200_10013978319232738791,889474663836544570,1931,2026.03.10 16:40:00,7.27,8694618969801346958,5370097830625064724,1,6799.63,6800.07,6800.5,2,2,384,1773160800,1835996537547929144,2087,2026.03.10 22:30:00,9.27,5370097830625064724,218,6799.63,6800.07,6800.5,2,2,384,1773181800
RG2_US500_PERIOD_M5_1773014400_1773442200_10013978319232738791,12375811580764237447,3952,2026.03.13 07:00:00,4.14,8760928458774711167,17043070022201531021,1,6682.55,6682.57,6682.6,2,2,272,1773385200,12375811580764237447,3952,2026.03.13 07:00:00,4.14,17043070022201531021,1,6682.55,6682.57,6682.6,2,2,272,1773385200
RG2_US500_PERIOD_M5_1773014400_1773442200_10013978319232738791,10924757770205323777,2807,2026.03.12 00:00:13,8.46,9116926692430311406,3385945280919622845,1,6763.93,6763.98,6764.0,3,3,208,1773273613,6360701168337241682,4591,2026.03.13 22:00:00,9.13,5873781687118302205,2259,6763.93,6763.97,6764.0,2,2,192,1773439200
RG2_US500_PERIOD_M5_1773014400_1773442200_10013978319232738791,4886415757256055752,202,2026.03.09 01:00:00,12.46,9142876950339102797,4453796213157796177,1,6681.8,6681.8,6681.8,2,2,80,1773018000,4886415757256055752,202,2026.03.09 01:00:00,12.46,4453796213157796177,1,6681.8,6681.8,6681.8,2,2,80,1773018000
RG2_US500_PERIOD_M5_1773014400_1773442200_10013978319232738791,15208063268400500145,3574,2026.03.13 00:00:00,9.34,9219743579697180306,7430526069471363850,1,6578.75,6579.27,6581.1,2,2,320,1773360000,8812673388041925937,3737,2026.03.13 01:05:33,8.88,7430526069471363850,177,6578.75,6579.27,6581.1,2,2,320,1773363933
RG2_US500_PERIOD_M5_1773014400_1773442200_10013978319232738791,5518365978521689091,1319,2026.03.10 00:00:00,10.62,9246761242926493378,13038368032084339000,1,6791.45,6791.48,6791.5,2,2,320,1773100800,2024472517339335183,1606,2026.03.10 04:50:00,7.93,13038368032084339000,337,6791.45,6791.93,6792.4,2,2,320,1773118200
RG2_US500_PERIOD_M5_1773014400_1773442200_10013978319232738791,13821468121828972523,4494,2026.03.13 19:20:00,8.75,9504574229461745078,7430526069471363850,1,6578.75,6579.27,6581.1,2,2,320,1773429600,6360701168337241682,4591,2026.03.13 22:00:00,9.13,7430526069471363850,121,6578.75,6579.27,6581.1,2,2,320,1773439200
RG2_US500_PERIOD_M5_1773014400_1773442200_10013978319232738791,3379956530893072958,2083,2026.03.10 20:45:00,9.03,9603384518621270234,5520027660747749086,1,6810.9,6812.64,6816.76,2,2,18,1773175500,3379956530893072958,2083,2026.03.10 20:45:00,9.03,5520027660747749086,1,6810.9,6812.64,6816.76,2,2,18,1773175500
RG2_US500_PERIOD_M5_1773014400_1773442200_10013978319232738791,17996441584301768449,1928,2026.03.10 14:00:00,5.65,9771728757470486541,4422182134423107742,1,6800.5,6800.65,6800.8,2,2,272,1773151200,17996441584301768449,1928,2026.03.10 14:00:00,5.65,4422182134423107742,1,6800.5,6800.65,6800.8,2,2,272,1773151200
RG2_US500_PERIOD_M5_1773014400_1773442200_10013978319232738791,12192546881910334099,3328,2026.03.12 10:00:00,4.31,9806262724185954520,2243632154481325506,1,6854.4,6856.01,6859.15,2,2,258,1773309600,3172666338699830412,3453,2026.03.12 16:38:14,6.21,2243632154481325506,198,6854.4,6856.01,6859.15,2,2,258,1773333494
RG2_US500_PERIOD_M5_1773014400_1773442200_10013978319232738791,16199213129957108100,2150,2026.03.11 00:29:22,8.96,9997779648391867289,15197211528406762694,1,6782.5,6782.99,6783.48,2,2,80,1773188962,15964064291918022341,2166,2026.03.11 00:35:35,8.95,15197211528406762694,19,6781.45,6781.98,6782.5,2,2,80,1773189335
RG2_US500_PERIOD_M5_1780272000_1780700100_8888579981882631925,7411822953173585152,2021,2026.06.04 01:00:00,5.23,10040949383479317339,14778346821813973987,1,7526.97,7527.78,7529.77,2,2,66,1780534800,11170844072329059963,2075,2026.06.04 01:01:32,5.23,14778346821813973987,55,7526.97,7529.38,7530.39,2,2,66,1780534892
RG2_US500_PERIOD_M5_1780272000_1780700100_8888579981882631925,7411822953173585152,2021,2026.06.04 01:00:00,5.23,10114713424249336418,5059455229001185212,1,7608.1,7628.96,7657.97,27,5,976,1780534800,4912995427734687856,5265,2026.06.05 22:25:00,8.27,16719237833326152263,3742,7608.1,7628.73,7657.97,28,6,978,1780698300
RG2_US500_PERIOD_M5_1780272000_1780700100_8888579981882631925,13544764287882328583,273,2026.06.01 05:00:00,3.73,10186227389431924626,8237090122584680273,1,7601.6,7601.6,7601.6,2,2,80,1780290000,12912469952147371599,278,2026.06.01 05:01:33,3.73,8237090122584680273,6,7601.6,7601.8,7601.99,2,2,80,1780290093
RG2_US500_PERIOD_M5_1780272000_1780700100_8888579981882631925,1789598724049133424,992,2026.06.02 17:13:23,2.67,10205806447936433843,8241511733973606992,1,7600.76,7600.9,7601.05,2,2,320,1780420403,4549763685702300,1002,2026.06.02 17:20:04,2.71,1420120149983384724,13,7601.4,7601.56,7601.72,2,2,80,1780420804
RG2_US500_PERIOD_M5_1780272000_1780700100_8888579981882631925,7518296194935884663,1213,2026.06.03 01:00:00,3.26,10403200522456520575,17896591324281399374,1,7537.37,7548.52,7562.15,12,4,960,1780448400,15764683983989733249,3148,2026.06.05 02:46:25,3.37,6505508503957751289,2467,7537.37,7549.37,7562.15,13,4,900,1780627585
RG2_US500_PERIOD_M5_1780272000_1780700100_8888579981882631925,7411822953173585152,2021,2026.06.04 01:00:00,5.23,10569782536153608696,13551225195158744173,1,7446.95,7447.2,7447.45,2,1,256,1780534800,12153817780230253507,2369,2026.06.04 08:00:00,4.4,13551225195158744173,428,7446.95,7447.2,7447.45,2,1,256,1780560000
RG2_US500_PERIOD_M5_1780272000_1780700100_8888579981882631925,5942980627133575133,301,2026.06.01 06:00:00,3.27,10721943539450832367,8237090122584680273,1,7605.0,7605.0,7605.0,2,2,80,1780293600,11952172846612544250,305,2026.06.01 06:30:20,3.15,8237090122584680273,11,7605.0,7605.16,7605.33,2,2,80,1780295420
RG2_US500_PERIOD_M5_1780272000_1780700100_8888579981882631925,4717521619496573131,1573,2026.06.03 16:44:38,2.57,11073836864281416629,10066323475450443964,1,7581.7,7581.84,7581.98,2,2,80,1780505078,5531441664975617428,1577,2026.06.03 16:45:28,2.7,10066323475450443964,6,7581.47,7581.59,7581.7,2,2,80,1780505128
RG2_US500_PERIOD_M5_1780272000_1780700100_8888579981882631925,15630586706223016675,1480,2026.06.03 05:00:00,2.84,11081133887208759879,9427198092757120019,1,7431.0,7432.57,7434.0,2,2,130,1780462800,2252118100392242946,1481,2026.06.03 05:35:00,2.76,9427198092757120019,8,7431.0,7432.57,7434.0,2,2,130,1780464900
RG2_US500_PERIOD_M5_1780272000_1780700100_8888579981882631925,278003961784161122,2270,2026.06.04 03:00:00,5.04,11339037731267810745,11687703722775372876,1,7568.66,7570.94,7571.75,2,2,258,1780542000,16164015453189845914,2823,2026.06.04 19:53:34,5.25,11687703722775372876,742,7570.2,7571.63,7572.8,2,2,258,1780602814
RG2_US500_PERIOD_M5_1780272000_1780700100_8888579981882631925,9569904729028655599,2853,2026.06.04 20:30:41,5.08,11345621538978103609,11891727645620927800,1,7587.69,7587.94,7588.2,2,2,320,1780605041,16954974399251327650,2864,2026.06.04 20:32:22,5.08,11891727645620927800,12,7588.2,7588.44,7588.68,2,2,320,1780605142
RG2_US500_PERIOD_M5_1780272000_1780700100_8888579981882631925,11664580098017706623,2357,2026.06.04 05:00:00,4.89,11403298590714234815,17498679184434733476,1,7522.8,7523.07,7523.33,2,2,144,1780549200,17708189085128336891,2367,2026.06.04 06:00:00,4.7,6982960867475305954,22,7522.77,7524.02,7526.3,3,3,386,1780552800
RG2_US500_PERIOD_M5_1780272000_1780700100_8888579981882631925,10305909095264998790,2824,2026.06.04 20:00:00,5.18,11408738082771906351,13307595428609911046,1,7519.4,7519.55,7519.7,2,2,144,1780603200,16274648301043933440,2902,2026.06.04 20:59:33,4.98,13307595428609911046,92,7519.4,7519.55,7519.7,2,2,144,1780606773
RG2_US500_PERIOD_M5_1780272000_1780700100_8888579981882631925,14744579628883779749,3841,2026.06.05 16:58:45,4.13,11410274631196448378,14315253797661247060,1,7475.17,7488.6,7502.58,7,4,960,1780678725,4912995427734687856,5265,2026.06.05 22:25:00,8.27,8638628248268749477,1483,7475.17,7484.83,7502.15,7,4,912,1780698300
RG2_US500_PERIOD_M5_1780272000_1780700100_8888579981882631925,16482719008890812053,2446,2026.06.04 12:00:00,3.44,1144728661346683510,17498679184434733476,1,7523.0,7523.17,7523.33,2,2,144,1780574400,15196306193908868014,2491,2026.06.04 14:38:00,3.52,17498679184434733476,74,7523.2,7523.27,7523.33,2,2,144,1780583880
RG2_US500_PERIOD_M5_1780272000_1780700100_8888579981882631925,4298390456541939571,1087,2026.06.02 17:46:35,2.91,11600898782676375429,10158520651722080593,1,7607.29,7607.44,7607.6,2,2,80,1780422395,3131416742848975420,1089,2026.06.02 17:46:37,2.91,10158520651722080593,3,7607.6,7607.6,7607.6,2,2,80,1780422397
RG2_US500_PERIOD_M5_1780272000_1780700100_8888579981882631925,15254205390723720726,1,2026.06.01 01:00:00,4.96,11637342679137182761,11741575040765261518,1,7570.35,7576.83,7585.6,15,7,986,1780275600,13958025968916764389,818,2026.06.02 03:53:29,3.75,8058611690160253540,1100,7571.21,7577.02,7585.6,13,7,986,1780372409
RG2_US500_PERIOD_M5_1780272000_1780700100_8888579981882631925,2155161416747988994,131,2026.06.01 01:45:13,5.07,11772409277812471223,4263510743487828792,1,7587.66,7587.93,7588.2,2,2,320,1780278313,2227088457608697637,143,2026.06.01 01:45:37,5.07,4263510743487828792,13,7588.2,7588.5,7588.8,2,2,320,1780278337
RG2_US500_PERIOD_M5_1780272000_1780700100_8888579981882631925,15254205390723720726,1,2026.06.01 01:00:00,4.96,12026855832050444484,3734179539797142236,1,7550.95,7557.84,7562.4,4,3,896,1780275600,3653246054111198285,1212,2026.06.02 23:45:00,3.32,3734179539797142236,1704,7550.95,7557.84,7562.4,4,3,896,1780443900
RG2_US500_PERIOD_M5_1780272000_1780700100_8888579981882631925,15254205390723720726,1,2026.06.01 01:00:00,4.96,1220099638338144334,12481003861601401370,1,7519.4,7519.77,7520.0,3,1,128,1780275600,12052566914831627246,521,2026.06.01 23:00:00,4.96,12481003861601401370,760,7519.4,7519.77,7520.0,3,1,128,1780354800
RG2_US500_PERIOD_M5_1780272000_1780700100_8888579981882631925,7518296194935884663,1213,2026.06.03 01:00:00,3.26,12324969508472205576,10292604909755347987,1,7590.6,7590.63,7590.65,2,2,272,1780448400,6914911670117671534,2954,2026.06.04 23:00:00,4.61,7363215750823719955,2242,7590.6,7590.63,7590.65,2,2,272,1780614000
RG2_US500_PERIOD_M5_1780272000_1780700100_8888579981882631925,4912995427734687856,5265,2026.06.05 22:25:00,8.27,12368623108482250528,16368835895178635204,1,7676.15,7676.64,7677.13,2,2,384,1780698300,4912995427734687856,5265,2026.06.05 22:25:00,8.27,16368835895178635204,1,7676.15,7676.64,7677.13,2,2,384,1780698300
RG2_US500_PERIOD_M5_1780272000_1780700100_8888579981882631925,13613202894038058381,2175,2026.06.04 01:12:33,5.31,12419298170656837126,11343941593073789194,1,7524.2,7524.5,7524.79,2,2,320,1780535553,3535705029283764428,2207,2026.06.04 01:20:38,5.38,9608965648827210071,35,7522.7,7523.02,7523.33,2,2,192,1780536038
RG2_US500_PERIOD_M5_1780272000_1780700100_8888579981882631925,6446984282755176784,2903,2026.06.04 21:00:00,4.99,12529536153744088147,1141157351423668377,1,7515.83,7517.29,7518.64,3,3,146,1780606800,5675259702962794540,2924,2026.06.04 21:47:41,4.91,1141157351423668377,34,7515.83,7517.29,7518.64,3,3,146,1780609661
RG2_US500_PERIOD_M5_1780272000_1780700100_8888579981882631925,15925907441486072229,2493,2026.06.04 16:00:00,4.02,12632566650565278381,8967429458613389593,1,7527.09,7529.22,7530.15,4,3,274,1780588800,16274648301043933440,2902,2026.06.04 20:59:33,4.98,16041032301393058091,470,7525.62,7527.7,7528.5,2,2,258,1780606773
RG2_US500_PERIOD_M5_1780272000_1780700100_8888579981882631925,10844210304292285587,3812,2026.06.05 16:50:00,4.09,12685046219812423463,2825375602300041603,1,7521.49,7523.41,7524.2,3,3,386,1780678200,11101857658455622829,3879,2026.06.05 16:59:42,4.13,2825375602300041603,69,7521.49,7523.41,7524.2,3,3,386,1780678782
RG2_US500_PERIOD_M5_1780272000_1780700100_8888579981882631925,3340053644815164814,154,2026.06.01 02:00:00,5.02,12742226886656324374,8237090122584680273,1,7590.4,7590.4,7590.4,2,2,80,1780279200,5962859036599418540,158,2026.06.01 02:14:05,5.02,8237090122584680273,8,7590.4,7590.68,7590.95,2,2,80,1780280045
RG2_US500_PERIOD_M5_1780272000_1780700100_8888579981882631925,17558007967826746100,3149,2026.06.05 02:46:26,3.37,12800276646674494212,10533608707262107649,1,7537.37,7551.14,7562.7,15,5,964,1780627586,13080772364597094124,3514,2026.06.05 04:25:38,3.16,5227445824482935587,390,7537.37,7550.7,7562.15,15,5,916,1780633538
RG2_US500_PERIOD_M5_1780272000_1780700100_8888579981882631925,2816791153206931644,3880,2026.06.05 17:00:00,4.24,1283023563721220891,14673534897354108749,1,7597.8,7598.75,7599.0,2,2,192,1780678800,4912995427734687856,5265,2026.06.05 22:25:00,8.27,14673534897354108749,1444,7597.8,7598.75,7599.0,2,2,192,1780698300
RG2_US500_PERIOD_M5_1780272000_1780700100_8888579981882631925,9064420537248972716,4518,2026.06.05 21:00:00,6.75,12844029048127020888,8290073469781984212,1,7441.5,7442.06,7443.55,2,2,130,1780693200,9775591849036768663,4940,2026.06.05 21:54:15,7.49,8290073469781984212,432,7441.5,7442.06,7443.55,2,2,130,1780696455
RG2_US500_PERIOD_M5_1780272000_1780700100_8888579981882631925,3687966115370776782,319,2026.06.01 08:00:00,2.76,12892142218788838362,2944260303264960460,1,7608.1,7616.57,7627.67,7,3,896,1780300800,2925724334621301943,335,2026.06.01 14:37:37,2.01,2944260303264960460,90,7608.1,7616.57,7627.67,7,3,896,1780324657
RG2_US500_PERIOD_M5_1780272000_1780700100_8888579981882631925,1434283949295336447,894,2026.06.02 05:00:00,3.57,12918994629960405150,4283946261450705001,1,7571.32,7577.18,7585.6,12,6,922,1780376400,6754262687344799346,915,2026.06.02 07:00:00,2.91,11797068551189425172,46,7571.32,7577.41,7585.6,12,6,922,1780383600
RG2_US500_PERIOD_M5_1780272000_1780700100_8888579981882631925,14932775555872067860,545,2026.06.02 01:00:29,4.97,13349992100900185043,7640313336957136271,1,7593.67,7593.96,7594.26,2,2,192,1780362029,3642213433886282840,571,2026.06.02 01:00:56,4.97,7640313336957136271,27,7593.09,7593.38,7593.67,2,2,192,1780362056
RG2_US500_PERIOD_M5_1780272000_1780700100_8888579981882631925,10458625937169752200,698,2026.06.02 02:00:00,4.42,13385866057296659243,11790015810983114961,1,7595.2,7595.45,7595.7,2,2,80,1780365600,10458625937169752200,698,2026.06.02 02:00:00,4.42,11790015810983114961,1,7595.2,7595.45,7595.7,2,2,80,1780365600
RG2_US500_PERIOD_M5_1780272000_1780700100_8888579981882631925,11664580098017706623,2357,2026.06.04 05:00:00,4.89,13450334751660562180,8776946399490930220,1,7461.27,7480.66,7492.97,7,4,898,1780549200,17057099119419174707,2448,2026.06.04 13:45:00,3.32,8776946399490930220,190,7461.27,7480.57,7492.26,7,4,898,1780580700
RG2_US500_PERIOD_M5_1780272000_1780700100_8888579981882631925,9933443136497612283,522,2026.06.02 01:00:00,4.97,13496226943053920646,4300254613625420557,1,7563.7,7566.66,7570.7,4,4,464,1780362000,13958025968916764389,818,2026.06.02 03:53:29,3.75,4300254613625420557,329,7563.7,7566.66,7570.7,4,4,464,1780372409
RG2_US500_PERIOD_M5_1780272000_1780700100_8888579981882631925,1430181547965490018,2494,2026.06.04 16:35:00,4.22,13557931891919421882,13551225195158744173,1,7446.95,7447.2,7447.45,2,1,256,1780590900,6914911670117671534,2954,2026.06.04 23:00:00,4.61,13551225195158744173,540,7446.95,7447.2,7447.45,2,1,256,1780614000
RG2_US500_PERIOD_M5_1780272000_1780700100_8888579981882631925,6317513249200695802,310,2026.06.01 06:31:22,3.15,13605482227416788242,6662901936833778225,1,7605.99,7606.14,7606.3,2,2,192,1780295482,12960744699491360810,315,2026.06.01 06:32:03,3.15,6662901936833778225,6,7606.3,7606.44,7606.58,2,2,192,1780295523
RG2_US500_PERIOD_M5_1780272000_1780700100_8888579981882631925,2040391770223744716,4631,2026.06.05 21:26:35,7.12,13645924091461933859,10774966742833085271,1,7419.73,7420.15,7420.57,2,2,192,1780694795,12428395142984653111,4643,2026.06.05 21:27:03,7.12,10774966742833085271,13,7418.95,7419.34,7419.73,2,2,192,1780694823
RG2_US500_PERIOD_M5_1780272000_1780700100_8888579981882631925,5339401490733669674,2246,2026.06.04 02:00:00,5.53,13673462473011245583,11468336783256140465,1,7534.6,7534.6,7534.6,2,2,80,1780538400,8468431691049560384,2269,2026.06.04 02:47:15,5.06,11468336783256140465,34,7534.6,7534.6,7534.6,2,2,80,1780541235
RG2_US500_PERIOD_M5_1780272000_1780700100_8888579981882631925,16247043579039685599,3607,2026.06.05 16:38:51,3.77,13736698555545831015,2808747355123125367,1,7526.9,7527.11,7527.33,2,2,192,1780677531,3009649442048872395,3625,2026.06.05 16:38:59,3.77,2808747355123125367,19,7526.7,7526.8,7526.9,2,2,192,1780677539
RG2_US500_PERIOD_M5_1780272000_1780700100_8888579981882631925,12088072338919061032,919,2026.06.02 10:00:00,2.49,14163670081132701688,2679287928598377684,1,7497.1,7497.11,7497.13,2,2,132,1780394400,12088072338919061032,919,2026.06.02 10:00:00,2.49,2679287928598377684,1,7497.1,7497.11,7497.13,2,2,132,1780394400
RG2_US500_PERIOD_M5_1780272000_1780700100_8888579981882631925,3995440337719938374,378,2026.06.01 16:24:14,2.55,14256073911558208556,17279555489640959682,1,7568.3,7568.45,7568.59,2,2,320,1780331054,11751054937539655950,389,2026.06.01 16:24:23,2.55,17279555489640959682,12,7568.0,7568.15,7568.3,2,2,320,1780331063
RG2_US500_PERIOD_M5_1780272000_1780700100_8888579981882631925,1878597745114264034,2969,2026.06.05 01:00:19,4.3,14422858345498749411,17815806927115253560,1,7575.72,7575.94,7576.15,2,2,320,1780621219,15221705225576172270,2978,2026.06.05 01:00:29,4.3,17815806927115253560,10,7576.15,7576.4,7576.65,2,2,320,1780621229
RG2_US500_PERIOD_M5_1780272000_1780700100_8888579981882631925,7067362668981487577,3422,2026.06.05 04:00:00,3.22,14427153351750090145,493875870914852959,1,7513.2,7518.97,7523.43,5,4,210,1780632000,9812751054344645220,3811,2026.06.05 16:49:40,4.0,4594532083271418365,527,7513.2,7519.92,7524.2,6,5,466,1780678180
RG2_US500_PERIOD_M5_1780272000_1780700100_8888579981882631925,15129007355870339839,1090,2026.06.02 17:47:28,2.91,14428314814533945736,14201584450758367782,1,7607.6,7616.28,7628.0,13,5,976,1780422448,15129007355870339839,1090,2026.06.02 17:47:28,2.91,14201584450758367782,1,7607.6,7616.28,7628.0,13,5,976,1780422448
RG2_US500_PERIOD_M5_1780272000_1780700100_8888579981882631925,12153817780230253507,2369,2026.06.04 08:00:00,4.4,14458191059331460399,16667578774192405779,1,7529.8,7529.98,7530.15,2,2,272,1780560000,5503504894618295177,2444,2026.06.04 10:33:12,3.62,16667578774192405779,105,7529.8,7529.98,7530.15,2,2,272,1780569192
RG2_US500_PERIOD_M5_1780272000_1780700100_8888579981882631925,9037351933415859125,3810,2026.06.05 16:49:39,4.0,1452968898432481829,11139956368624488567,1,7505.53,7505.71,7505.88,2,2,192,1780678179,9351740336962530003,3818,2026.06.05 16:58:29,4.13,11139956368624488567,10,7505.1,7505.32,7505.53,2,2,192,1780678709
RG2_US500_PERIOD_M5_1780272000_1780700100_8888579981882631925,11533859168543604261,4435,2026.06.05 19:41:38,5.96,14683986387619236536,15195989734180890378,1,7447.45,7447.78,7448.11,2,2,320,1780688498,6969042685614679348,4449,2026.06.05 19:42:34,5.96,15195989734180890378,15,7446.77,7447.11,7447.45,2,2,320,1780688554
RG2_US500_PERIOD_M5_1780272000_1780700100_8888579981882631925,1976584686803314488,397,2026.06.01 16:24:31,2.55,14810134852682960936,10027757155047247932,1,7567.3,7567.44,7567.59,2,2,80,1780331071,17067131910891348002,408,2026.06.01 16:24:40,2.55,10027757155047247932,12,7567.0,7567.15,7567.3,2,2,80,1780331080
RG2_US500_PERIOD_M5_1780272000_1780700100_8888579981882631925,6446984282755176784,2903,2026.06.04 21:00:00,4.99,14886172045410682902,15059929656856040435,1,7530.1,7530.69,7532.35,2,2,258,1780606800,6914911670117671534,2954,2026.06.04 23:00:00,4.61,15059929656856040435,77,7530.1,7530.69,7532.35,2,2,258,1780614000
RG2_US500_PERIOD_M5_1780272000_1780700100_8888579981882631925,14178563002159540991,1764,2026.06.03 17:00:00,3.02,15077448328881415199,11709638141627952005,1,7571.35,7576.25,7585.57,7,5,906,1780506000,4363018291894508335,1765,2026.06.03 18:00:00,3.44,11709638141627952005,13,7571.35,7576.25,7585.57,7,5,906,1780509600
RG2_US500_PERIOD_M5_1780272000_1780700100_8888579981882631925,15254205390723720726,1,2026.06.01 01:00:00,4.96,15176499059562164380,8438491024782215352,1,7608.1,7618.0,7628.0,8,3,896,1780275600,16089784255194505137,318,2026.06.01 07:00:00,3.06,8438491024782215352,386,7608.1,7618.0,7628.0,8,3,896,1780297200
RG2_US500_PERIOD_M5_1780272000_1780700100_8888579981882631925,15822936342982679083,5264,2026.06.05 22:20:00,8.19,15420818050292838199,3615172090669474814,1,7567.33,7567.82,7568.3,2,2,384,1780698000,4912995427734687856,5265,2026.06.05 22:25:00,8.27,3615172090669474814,2,7567.33,7567.82,7568.3,2,2,384,1780698300
RG2_US500_PERIOD_M5_1780272000_1780700100_8888579981882631925,978366437048021209,664,2026.06.02 01:10:00,5.03,15520114009998086859,6849105642753159475,1,7519.4,7519.7,7520.0,2,1,128,1780362600,15278046602789164025,675,2026.06.02 01:29:40,5.03,6849105642753159475,15,7519.4,7519.7,7520.0,2,1,128,1780363780
RG2_US500_PERIOD_M5_1780272000_1780700100_8888579981882631925,11852758588601417640,1106,2026.06.02 17:50:00,2.95,15540567871878041727,13449856373210253227,1,7601.05,7601.23,7601.4,2,2,272,1780422600,3092215630532486939,2020,2026.06.03 23:56:15,5.22,10071292980448713004,1223,7600.97,7601.14,7601.4,3,3,400,1780530975
RG2_US500_PERIOD_M5_1780272000_1780700100_8888579981882631925,11424471222529072141,2232,2026.06.04 01:51:04,5.51,15703051945905432283,17757185993129599319,1,7519.4,7519.73,7520.05,2,2,192,1780537864,15613355435288900380,2252,2026.06.04 02:34:41,5.13,17757185993129599319,29,7518.8,7519.1,7519.4,2,2,192,1780540481
RG2_US500_PERIOD_M5_1780272000_1780700100_8888579981882631925,15254205390723720726,1,2026.06.01 01:00:00,4.96,15782262760935868456,9539984905924520598,1,7592.85,7594.23,7595.6,2,2,320,1780275600,11261184059237094429,239,2026.06.01 03:03:17,4.87,2203573818341391825,259,7592.85,7594.02,7595.6,3,3,336,1780282997
RG2_US500_PERIOD_M5_1780272000_1780700100_8888579981882631925,11852758588601417640,1106,2026.06.02 17:50:00,2.95,15852781960772319374,3746007031309348019,1,7571.4,7571.58,7571.75,2,2,272,1780422600,3653246054111198285,1212,2026.06.02 23:45:00,3.32,3746007031309348019,165,7571.4,7571.58,7571.75,2,2,272,1780443900
RG2_US500_PERIOD_M5_1780272000_1780700100_8888579981882631925,5339401490733669674,2246,2026.06.04 02:00:00,5.53,15937346869031951686,10561288798180716429,1,7524.0,7524.1,7524.2,2,2,272,1780538400,603892188951749422,2318,2026.06.04 03:35:17,5.12,1837705770662003692,92,7522.5,7523.45,7526.3,5,4,402,1780544117
RG2_US500_PERIOD_M5_1780272000_1780700100_8888579981882631925,2299599450738060305,2904,2026.06.04 21:00:29,4.99,16010647827339024852,2611983573725818877,1,7593.07,7593.37,7593.67,2,2,192,1780606829,1260567689891500915,2918,2026.06.04 21:19:28,4.95,2611983573725818877,19,7593.67,7593.95,7594.23,2,2,192,1780607968
RG2_US500_PERIOD_M5_1780272000_1780700100_8888579981882631925,11955988076888505796,3111,2026.06.05 02:00:00,4.0,16015306579926902316,2472888623187386477,1,7569.3,7569.35,7569.4,2,1,16,1780624800,12520430152542237567,3421,2026.06.05 03:56:39,3.21,4833843553231723783,339,7569.1,7569.25,7569.4,2,1,16,1780631799
RG2_US500_PERIOD_M5_1780272000_1780700100_8888579981882631925,7518296194935884663,1213,2026.06.03 01:00:00,3.26,16204734655466003633,8221128408464336515,1,7636.8,7646.63,7657.97,9,3,896,1780448400,3092215630532486939,2020,2026.06.03 23:56:15,5.22,8221128408464336515,1056,7636.8,7646.63,7657.97,9,3,896,1780530975
RG2_US500_PERIOD_M5_1780272000_1780700100_8888579981882631925,18021734641989406238,849,2026.06.02 04:00:00,3.64,16562543416168065554,13192211578577443731,1,7573.19,7579.88,7585.6,8,5,920,1780372800,7473778258091434270,893,2026.06.02 04:59:59,3.58,13192211578577443731,59,7573.19,7579.88,7585.6,8,5,920,1780376399
RG2_US500_PERIOD_M5_1780272000_1780700100_8888579981882631925,6590384693833881792,1208,2026.06.02 20:00:00,3.18,16838659567267626470,3083551116065507604,1,7510.78,7510.91,7511.03,2,2,132,1780430400,6590384693833881792,1208,2026.06.02 20:00:00,3.18,3083551116065507604,1,7510.78,7510.91,7511.03,2,2,132,1780430400
RG2_US500_PERIOD_M5_1780272000_1780700100_8888579981882631925,5169227720381660416,2925,2026.06.04 22:00:00,4.88,16854542253083927356,13863474469825133955,1,7521.03,7522.78,7523.43,2,2,130,1780610400,6914911670117671534,2954,2026.06.04 23:00:00,4.61,13863474469825133955,41,7521.03,7522.78,7523.43,2,2,130,1780614000
RG2_US500_PERIOD_M5_1780272000_1780700100_8888579981882631925,15254205390723720726,1,2026.06.01 01:00:00,4.96,17361976798578760026,4784427871253160149,1,7461.27,7477.91,7492.4,15,5,962,1780275600,17497258590081226446,102,2026.06.01 01:04:15,4.96,4784427871253160149,102,7461.27,7477.91,7492.4,15,5,962,1780275855
RG2_US500_PERIOD_M5_1780272000_1780700100_8888579981882631925,16482719008890812053,2446,2026.06.04 12:00:00,3.44,17606362979915771338,16041032301393058091,1,7525.24,7527.7,7528.55,2,2,258,1780574400,17057099119419174707,2448,2026.06.04 13:45:00,3.32,16041032301393058091,22,7525.24,7527.7,7528.55,2,2,258,1780580700
RG2_US500_PERIOD_M5_1780272000_1780700100_8888579981882631925,9013728770338168471,1485,2026.06.03 09:00:00,2.3,17729352251833336386,10950255284572554560,1,7522.23,7523.3,7525.7,2,2,6,1780477200,3469656893967046211,1487,2026.06.03 11:00:00,2.06,10950255284572554560,24,7522.23,7524.48,7525.7,2,2,6,1780484400
RG2_US500_PERIOD_M5_1780272000_1780700100_8888579981882631925,16089784255194505137,318,2026.06.01 07:00:00,3.06,17888725253807614257,8237090122584680273,1,7606.9,7606.9,7606.9,2,2,80,1780297200,8674610717642601581,324,2026.06.01 10:04:16,1.95,8237090122584680273,41,7606.9,7607.0,7607.1,2,2,80,1780308256
RG2_US500_PERIOD_M5_1780272000_1780700100_8888579981882631925,6078936698021557327,3515,2026.06.05 05:00:00,3.14,18011715019374859386,5227445824482935587,1,7537.37,7549.02,7562.15,15,5,916,1780635600,4912995427734687856,5265,2026.06.05 22:25:00,8.27,17350577811662937121,1936,7537.37,7549.68,7562.7,16,5,916,1780698300
RG2_US500_PERIOD_M5_1780272000_1780700100_8888579981882631925,16015811335188841525,1151,2026.06.02 18:00:00,2.96,18377549305138114968,2835815977163500631,1,7508.26,7508.41,7508.55,2,2,260,1780423200,16755910023813930685,1206,2026.06.02 18:22:38,3.05,2835815977163500631,60,7508.26,7508.41,7508.55,2,2,260,1780424558
RG2_US500_PERIOD_M5_1780272000_1780700100_8888579981882631925,15573696716357855467,331,2026.06.01 11:00:00,2.02,18397777143687001277,8237090122584680273,1,7607.6,7607.6,7607.6,2,2,80,1780311600,15573696716357855467,331,2026.06.01 11:00:00,2.02,8237090122584680273,1,7607.6,7607.6,7607.6,2,2,80,1780311600
RG2_US500_PERIOD_M5_1780272000_1780700100_8888579981882631925,5408059392746198843,2982,2026.06.05 01:00:35,4.3,1977242162547367041,14790443270691957245,1,7576.99,7577.19,7577.4,2,2,192,1780621235,4912995427734687856,5265,2026.06.05 22:25:00,8.27,14218073924867394124,2518,7577.4,7577.6,7577.7,3,3,208,1780698300
RG2_US500_PERIOD_M5_1780272000_1780700100_8888579981882631925,15254205390723720726,1,2026.06.01 01:00:00,4.96,2186576401556742686,569563498187691124,1,7530.15,7530.26,7530.37,2,2,384,1780275600,3092215630532486939,2020,2026.06.03 23:56:15,5.22,7398364050433999641,2762,7530.15,7530.37,7530.6,3,3,448,1780530975
RG2_US500_PERIOD_M5_1780272000_1780700100_8888579981882631925,17402576592761022773,2449,2026.06.04 14:00:00,3.35,2371008959603782373,18361892015519692701,1,7461.27,7478.83,7490.35,6,3,896,1780581600,6914911670117671534,2954,2026.06.04 23:00:00,4.61,18361892015519692701,612,7461.27,7478.83,7490.35,6,3,896,1780614000
RG2_US500_PERIOD_M5_1780272000_1780700100_8888579981882631925,15254205390723720726,1,2026.06.01 01:00:00,4.96,254900920556676811,13018914248212865450,1,7537.6,7543.37,7548.4,4,3,896,1780275600,3653246054111198285,1212,2026.06.02 23:45:00,3.32,7802456615567678436,1704,7537.37,7544.01,7552.35,7,3,896,1780443900
RG2_US500_PERIOD_M5_1780272000_1780700100_8888579981882631925,3575703036777479393,2884,2026.06.04 20:56:36,4.98,26077999818497030,16307841229435257677,1,7591.2,7591.27,7591.33,2,2,192,1780606596,16153356699971585409,2888,2026.06.04 20:57:29,4.98,16307841229435257677,5,7591.33,7591.55,7591.77,2,2,192,1780606649
RG2_US500_PERIOD_M5_1780272000_1780700100_8888579981882631925,5528195662652936370,477,2026.06.01 16:35:00,2.81,2629445139273378157,11310025269538992571,1,7608.1,7617.05,7628.0,9,4,960,1780331700,3092215630532486939,2020,2026.06.03 23:56:15,5.22,17420528374797155928,2112,7607.6,7616.91,7628.0,17,5,976,1780530975
RG2_US500_PERIOD_M5_1780272000_1780700100_8888579981882631925,7518296194935884663,1213,2026.06.03 01:00:00,3.26,2843970104507819740,10022209065767099052,1,7580.33,7580.42,7580.5,2,2,384,1780448400,4912995427734687856,5265,2026.06.05 22:25:00,8.27,10022209065767099052,4798,7580.33,7580.42,7580.5,2,2,384,1780698300
RG2_US500_PERIOD_M5_1780272000_1780700100_8888579981882631925,18021734641989406238,849,2026.06.02 04:00:00,3.64,2847876142044546057,11790015810983114961,1,7595.4,7595.55,7595.7,2,2,80,1780372800,2740152156112959427,901,2026.06.02 05:08:13,3.57,11790015810983114961,68,7595.7,7595.7,7595.7,2,2,80,1780376893
RG2_US500_PERIOD_M5_1780272000_1780700100_8888579981882631925,15634304176447007979,819,2026.06.02 03:53:35,3.75,3071045580569102226,7334441716908660096,1,7563.7,7574.58,7585.6,17,7,986,1780372415,6502456717944198253,821,2026.06.02 03:53:37,3.75,7334441716908660096,3,7563.7,7574.57,7585.6,17,7,986,1780372417
RG2_US500_PERIOD_M5_1780272000_1780700100_8888579981882631925,4605319727771774116,951,2026.06.02 15:00:00,2.18,3080117058453647210,9541475630300835128,1,7573.45,7581.1,7585.6,7,4,912,1780412400,4605319727771774116,951,2026.06.02 15:00:00,2.18,9541475630300835128,1,7573.45,7581.1,7585.6,7,4,912,1780412400
RG2_US500_PERIOD_M5_1780272000_1780700100_8888579981882631925,15254205390723720726,1,2026.06.01 01:00:00,4.96,3111960798736567749,7527954864105776087,1,7493.0,7500.25,7506.45,6,4,912,1780275600,17497258590081226446,102,2026.06.01 01:04:15,4.96,7527954864105776087,102,7493.0,7500.25,7506.45,6,4,912,1780275855
RG2_US500_PERIOD_M5_1780272000_1780700100_8888579981882631925,9683709285721505832,679,2026.06.02 01:38:26,4.76,3229211198225532313,11263437556694345404,1,7581.7,7581.97,7582.24,2,2,80,1780364306,10458625937169752200,698,2026.06.02 02:00:00,4.42,4788258021048831236,25,7580.0,7580.25,7580.5,2,2,320,1780365600
RG2_US500_PERIOD_M5_1780272000_1780700100_8888579981882631925,17241704752514527153,336,2026.06.01 14:37:40,2.01,327888431883518091,4102251003852104825,1,7607.9,7615.49,7627.67,8,4,960,1780324660,5483404417739273442,476,2026.06.01 16:31:15,2.69,4102251003852104825,162,7608.1,7615.68,7627.67,8,4,960,1780331475
RG2_US500_PERIOD_M5_1780272000_1780700100_8888579981882631925,3340053644815164814,154,2026.06.01 02:00:00,5.02,3334316875654979593,10011765895759770772,1,7454.7,7454.71,7454.72,2,2,132,1780279200,17282650194608212294,183,2026.06.01 02:52:40,4.97,10011765895759770772,41,7454.7,7454.71,7454.72,2,2,132,1780282360
RG2_US500_PERIOD_M5_1780272000_1780700100_8888579981882631925,15254205390723720726,1,2026.06.01 01:00:00,4.96,3624244445178944246,5002132327240861683,1,7599.0,7599.02,7599.03,2,1,128,1780275600,9549494924873700368,3109,2026.06.05 01:25:40,4.29,14673534897354108749,4119,7597.8,7598.75,7599.0,2,2,192,1780622740
RG2_US500_PERIOD_M5_1780272000_1780700100_8888579981882631925,11771268120089841487,4487,2026.06.05 19:44:05,5.96,3778288240810020437,15074860022599259991,1,7441.6,7441.92,7442.25,2,2,192,1780688645,13741467106059241129,4498,2026.06.05 19:45:29,6.06,15074860022599259991,13,7440.88,7441.24,7441.6,2,2,192,1780688729
RG2_US500_PERIOD_M5_1780272000_1780700100_8888579981882631925,4445705205155824131,822,2026.06.02 03:53:38,3.75,3995782341393720406,5597243664834744392,1,7563.7,7567.5,7570.89,5,4,464,1780372418,13128122866871212233,1835,2026.06.03 19:24:39,3.92,8364416262081908296,1423,7563.7,7565.99,7570.7,5,4,464,1780514679
RG2_US500_PERIOD_M5_1780272000_1780700100_8888579981882631925,9933443136497612283,522,2026.06.02 01:00:00,4.97,4095426639439030438,5938473783173776284,1,7636.8,7642.24,7649.97,4,3,896,1780362000,3653246054111198285,1212,2026.06.02 23:45:00,3.32,5938473783173776284,933,7636.8,7642.24,7649.97,4,3,896,1780443900
RG2_US500_PERIOD_M5_1780272000_1780700100_8888579981882631925,14277709621877622428,1490,2026.06.03 13:10:00,2.04,4134093851569837231,1355681343072383239,1,7528.26,7528.38,7528.5,2,2,260,1780492200,14277709621877622428,1490,2026.06.03 13:10:00,2.04,1355681343072383239,1,7528.26,7528.38,7528.5,2,2,260,1780492200
RG2_US500_PERIOD_M5_1780272000_1780700100_8888579981882631925,4155879742867014523,1895,2026.06.03 20:00:00,4.14,4351877335496154729,11709638141627952005,1,7569.4,7575.98,7585.57,7,5,906,1780516800,3092215630532486939,2020,2026.06.03 23:56:15,5.22,7095002598423414647,171,7573.03,7577.79,7585.57,5,4,904,1780530975
RG2_US500_PERIOD_M5_1780272000_1780700100_8888579981882631925,5503034624336623172,4517,2026.06.05 20:00:00,6.25,4395173721035732552,18306791649710418110,1,7437.4,7438.08,7439.45,3,3,74,1780689600,5503034624336623172,4517,2026.06.05 20:00:00,6.25,18306791649710418110,1,7437.4,7438.08,7439.45,3,3,74,1780689600
RG2_US500_PERIOD_M5_1780272000_1780700100_8888579981882631925,11995411966151938306,1899,2026.06.03 23:00:00,4.79,4497791063439825337,3384313511941931114,1,7513.08,7515.05,7515.83,2,2,130,1780527600,8468431691049560384,2269,2026.06.04 02:47:15,5.06,6115633018426525227,407,7515.44,7516.75,7517.81,3,3,194,1780541235
RG2_US500_PERIOD_M5_1780272000_1780700100_8888579981882631925,8498351612747527397,321,2026.06.01 10:00:00,1.95,4558070712602470968,14715294163772431329,1,7461.2,7476.87,7492.4,16,6,966,1780308000,9346988797684452607,2356,2026.06.04 04:12:39,4.96,2276796597769686044,2714,7461.27,7477.18,7490.35,7,4,898,1780546359
RG2_US500_PERIOD_M5_1780272000_1780700100_8888579981882631925,3687966115370776782,319,2026.06.01 08:00:00,2.76,4902536145025998872,8997061975338420139,1,7600.9,7600.98,7601.05,2,2,272,1780300800,11273976019665754443,320,2026.06.01 09:00:00,2.35,8997061975338420139,13,7600.9,7600.98,7601.05,2,2,272,1780304400
RG2_US500_PERIOD_M5_1780272000_1780700100_8888579981882631925,4275584554069771399,2955,2026.06.05 01:00:00,4.3,5020628736194229061,8372081047183887368,1,7513.2,7516.09,7521.6,4,4,210,1780621200,12520430152542237567,3421,2026.06.05 03:56:39,3.21,8372081047183887368,505,7513.2,7516.09,7521.6,4,4,210,1780631799
RG2_US500_PERIOD_M5_1780272000_1780700100_8888579981882631925,17402576592761022773,2449,2026.06.04 14:00:00,3.35,5041498654093668695,15581717675745687797,1,7533.25,7533.45,7533.65,2,1,256,1780581600,4912995427734687856,5265,2026.06.05 22:25:00,8.27,12025255836458910875,3168,7533.2,7533.37,7533.65,3,2,272,1780698300
RG2_US500_PERIOD_M5_1780272000_1780700100_8888579981882631925,8018598626541998656,264,2026.06.01 03:55:30,4.51,5058158355362981014,17190211739603080272,1,7600.53,7600.79,7601.05,2,2,320,1780286130,3188170269340738249,317,2026.06.01 06:32:18,3.15,8997061975338420139,84,7600.9,7600.98,7601.05,2,2,272,1780295538
RG2_US500_PERIOD_M5_1780272000_1780700100_8888579981882631925,15254205390723720726,1,2026.06.01 01:00:00,4.96,5106838990222391390,11602145358515561221,1,7528.05,7528.27,7528.5,2,1,256,1780275600,6782482676227237110,272,2026.06.01 04:54:37,3.81,11602145358515561221,315,7528.05,7528.27,7528.5,2,1,256,1780289677
RG2_US500_PERIOD_M5_1780272000_1780700100_8888579981882631925,4275584554069771399,2955,2026.06.05 01:00:00,4.3,5434037159893457819,699180845536957341,1,7475.17,7486.27,7502.15,6,3,896,1780621200,16764059226022170102,3840,2026.06.05 16:58:44,4.13,699180845536957341,1062,7475.17,7486.27,7502.15,6,3,896,1780678724
RG2_US500_PERIOD_M5_1780272000_1780700100_8888579981882631925,12053873619058157195,3572,2026.06.05 16:30:41,3.67,5518357564533644123,14894229618665149194,1,7528.5,7528.7,7528.9,2,2,320,1780677041,6764671937363723341,3589,2026.06.05 16:38:34,3.77,14894229618665149194,19,7528.05,7528.27,7528.5,2,2,320,1780677514
RG2_US500_PERIOD_M5_1780272000_1780700100_8888579981882631925,15254205390723720726,1,2026.06.01 01:00:00,4.96,5578425274696765230,7217873641489931667,1,7518.2,7518.22,7518.25,2,2,272,1780275600,12052566914831627246,521,2026.06.01 23:00:00,4.96,7217873641489931667,760,7518.2,7518.22,7518.25,2,2,272,1780354800
RG2_US500_PERIOD_M5_1780272000_1780700100_8888579981882631925,17402576592761022773,2449,2026.06.04 14:00:00,3.35,5796559724024306024,16454019622606941795,1,7505.53,7506.36,7508.66,2,2,130,1780581600,8238058833014541338,2492,2026.06.04 15:00:00,3.75,16454019622606941795,55,7505.53,7506.36,7508.66,2,2,130,1780585200
RG2_US500_PERIOD_M5_1780272000_1780700100_8888579981882631925,13951023018556355670,916,2026.06.02 08:00:00,2.85,6234102099674772095,11256398521673821298,1,7573.19,7579.93,7585.6,8,5,920,1780387200,14468448107413653557,1763,2026.06.03 16:55:00,2.98,5911960802503617794,1181,7573.45,7578.98,7585.57,4,3,896,1780505700
RG2_US500_PERIOD_M5_1780272000_1780700100_8888579981882631925,6430853899997478649,160,2026.06.01 02:15:00,5.0,6261895641077363811,4784427871253160149,1,7461.27,7477.91,7492.4,15,5,962,1780280100,11273976019665754443,320,2026.06.01 09:00:00,2.35,4784427871253160149,240,7461.27,7477.91,7492.4,15,5,962,1780304400
RG2_US500_PERIOD_M5_1780272000_1780700100_8888579981882631925,18021734641989406238,849,2026.06.02 04:00:00,3.64,6414741557153107461,16436084052747727443,1,7571.4,7571.77,7572.15,3,2,272,1780372800,7473778258091434270,893,2026.06.02 04:59:59,3.58,16436084052747727443,59,7571.4,7571.77,7572.15,3,2,272,1780376399
RG2_US500_PERIOD_M5_1780272000_1780700100_8888579981882631925,15925907441486072229,2493,2026.06.04 16:00:00,4.02,6448749547700863759,14551642635929770322,1,7512.41,7514.36,7515.83,3,3,194,1780588800,16274648301043933440,2902,2026.06.04 20:59:33,4.98,14551642635929770322,470,7512.41,7514.36,7515.83,3,3,194,1780606773
RG2_US500_PERIOD_M5_1780272000_1780700100_8888579981882631925,15387970936848880713,4674,2026.06.05 21:35:00,7.25,6733187214076762866,15440236722385527108,1,7523.33,7523.77,7524.2,2,2,384,1780695300,4912995427734687856,5265,2026.06.05 22:25:00,8.27,15440236722385527108,599,7523.33,7523.77,7524.2,2,2,384,1780698300
RG2_US500_PERIOD_M5_1780272000_1780700100_8888579981882631925,9098963892476668434,3762,2026.06.05 16:46:03,4.0,6945205407821496170,11902530908310905687,1,7511.03,7511.27,7511.5,2,2,192,1780677963,8459855650398235702,3776,2026.06.05 16:47:39,4.0,11902530908310905687,15,7510.59,7510.81,7511.03,2,2,192,1780678059
RG2_US500_PERIOD_M5_1780272000_1780700100_8888579981882631925,14172944991200533273,3065,2026.06.05 01:17:11,4.28,7182769965505999119,12924059502158452618,1,7569.4,7569.65,7569.9,2,2,80,1780622231,14671069929067524372,3098,2026.06.05 01:25:29,4.29,8853791342248401015,34,7566.84,7567.09,7567.33,2,2,192,1780622729
RG2_US500_PERIOD_M5_1780272000_1780700100_8888579981882631925,11664580098017706623,2357,2026.06.04 05:00:00,4.89,7199512163106968729,16667578774192405779,1,7529.7,7529.93,7530.15,2,2,272,1780549200,2443793481032332946,2366,2026.06.04 05:15:39,4.85,16667578774192405779,13,7529.7,7529.93,7530.15,2,2,272,1780550139
RG2_US500_PERIOD_M5_1780272000_1780700100_8888579981882631925,4489664496793184964,342,2026.06.01 16:00:00,2.17,7247743821927542658,8814277245951455987,1,7606.1,7606.2,7606.3,2,2,144,1780329600,14426192418429019901,478,2026.06.01 16:45:00,2.96,8814277245951455987,145,7606.1,7606.2,7606.3,2,2,144,1780332300
RG2_US500_PERIOD_M5_1780272000_1780700100_8888579981882631925,4377799107359310674,3140,2026.06.05 02:45:25,3.37,7253912753076190750,15949646959834940975,1,7562.7,7562.89,7563.07,2,2,192,1780627525,15764683983989733249,3148,2026.06.05 02:46:25,3.37,15949646959834940975,9,7562.62,7562.66,7562.7,2,2,192,1780627585
RG2_US500_PERIOD_M5_1780272000_1780700100_8888579981882631925,891960968647864381,2365,2026.06.04 05:15:39,4.85,7264801476335222413,4315577411828843127,1,7515.83,7516.11,7516.39,2,2,192,1780550139,15050221716660067446,2460,2026.06.04 14:37:34,3.52,4315577411828843127,200,7515.46,7515.65,7515.83,2,2,192,1780583854
RG2_US500_PERIOD_M5_1780272000_1780700100_8888579981882631925,3340053644815164814,154,2026.06.01 02:00:00,5.02,7375299561899029691,1207559041029285427,1,7588.2,7588.45,7588.7,2,2,272,1780279200,17282650194608212294,183,2026.06.01 02:52:40,4.97,1207559041029285427,41,7588.2,7588.45,7588.7,2,2,272,1780282360
RG2_US500_PERIOD_M5_1780272000_1780700100_8888579981882631925,5559727129403999272,954,2026.06.02 17:00:00,2.63,75559795626485935,478200523273820998,1,7506.13,7506.29,7506.44,2,2,132,1780419600,10100728954590749646,1150,2026.06.02 17:59:37,2.96,478200523273820998,207,7506.13,7506.29,7506.44,2,2,132,1780423177
RG2_US500_PERIOD_M5_1780272000_1780700100_8888579981882631925,5503034624336623172,4517,2026.06.05 20:00:00,6.25,7654379367666328428,1457635153153584829,1,7587.45,7587.83,7588.2,2,1,256,1780689600,4912995427734687856,5265,2026.06.05 22:25:00,8.27,1457635153153584829,773,7587.45,7587.83,7588.2,2,1,256,1780698300
RG2_US500_PERIOD_M5_1780272000_1780700100_8888579981882631925,11606510758007987956,2747,2026.06.04 19:08:33,5.24,7674995910374081911,13526033977702076728,1,7575.55,7575.85,7576.15,2,2,320,1780600113,17753545452907741087,2764,2026.06.04 19:09:28,5.24,6709807330911343613,18,7577.4,7577.65,7577.9,2,2,192,1780600168
RG2_US500_PERIOD_M5_1780272000_1780700100_8888579981882631925,7925938848339159640,1457,2026.06.03 02:23:37,3.06,7724471003117115043,10703495836391413647,1,7593.67,7593.83,7594.0,2,2,192,1780453417,14893245238847696164,1461,2026.06.03 02:24:04,3.06,10703495836391413647,5,7593.48,7593.57,7593.67,2,2,192,1780453444
RG2_US500_PERIOD_M5_1780272000_1780700100_8888579981882631925,3469656893967046211,1487,2026.06.03 11:00:00,2.06,7733070435523646831,16831885510384531094,1,7446.0,7447.23,7449.0,2,2,258,1780484400,4363018291894508335,1765,2026.06.03 18:00:00,3.44,16831885510384531094,353,7446.0,7447.23,7449.0,2,2,258,1780509600
RG2_US500_PERIOD_M5_1780272000_1780700100_8888579981882631925,14426192418429019901,478,2026.06.01 16:45:00,2.96,7753475231115057106,8997061975338420139,1,7601.05,7601.23,7601.4,2,2,272,1780332300,7286210472918543535,914,2026.06.02 06:20:12,2.96,13449856373210253227,577,7601.05,7601.23,7601.4,2,2,272,1780381212
RG2_US500_PERIOD_M5_1780272000_1780700100_8888579981882631925,15630586706223016675,1480,2026.06.03 05:00:00,2.84,8143331608243788141,216401340130333358,1,7519.29,7519.34,7519.4,2,2,132,1780462800,2252118100392242946,1481,2026.06.03 05:35:00,2.76,216401340130333358,8,7519.29,7519.34,7519.4,2,2,132,1780464900
RG2_US500_PERIOD_M5_1780272000_1780700100_8888579981882631925,6360411241179131374,103,2026.06.01 01:05:00,5.04,8225455828935084654,14680944744470362353,1,7461.27,7484.3,7506.45,21,6,978,1780275900,185479222760771019,159,2026.06.01 02:14:15,5.02,14680944744470362353,68,7461.27,7484.3,7506.45,21,6,978,1780280055
RG2_US500_PERIOD_M5_1780272000_1780700100_8888579981882631925,5719753555485878998,334,2026.06.01 14:00:00,1.95,8257884945774474556,8814277245951455987,1,7606.1,7606.2,7606.3,2,2,144,1780322400,4197390426083952046,340,2026.06.01 14:40:00,2.0,8814277245951455987,14,7606.1,7606.2,7606.3,2,2,144,1780324800
RG2_US500_PERIOD_M5_1780272000_1780700100_8888579981882631925,7411822953173585152,2021,2026.06.04 01:00:00,5.23,8346842828182514058,15581717675745687797,1,7533.25,7533.45,7533.65,2,1,256,1780534800,15833256627709241927,2447,2026.06.04 13:00:00,3.48,15581717675745687797,563,7533.25,7533.45,7533.65,2,1,256,1780578000
RG2_US500_PERIOD_M5_1780272000_1780700100_8888579981882631925,857435283285899885,481,2026.06.01 18:10:00,3.79,8393148415358358361,11602145358515561221,1,7528.05,7528.27,7528.5,2,1,256,1780337400,12052566914831627246,521,2026.06.01 23:00:00,4.96,11602145358515561221,92,7528.05,7528.27,7528.5,2,1,256,1780354800
RG2_US500_PERIOD_M5_1780272000_1780700100_8888579981882631925,13951023018556355670,916,2026.06.02 08:00:00,2.85,8422260396595647751,2370579472552977109,1,7571.4,7571.55,7571.75,3,2,272,1780387200,5339973669936533542,917,2026.06.02 08:20:00,2.78,2370579472552977109,5,7571.4,7571.55,7571.75,3,2,272,1780388400
RG2_US500_PERIOD_M5_1780272000_1780700100_8888579981882631925,3702297099747514115,4288,2026.06.05 19:16:36,5.69,8515149715398330239,14887196463240250122,1,7459.5,7459.78,7460.06,2,2,320,1780686996,12361565806189272923,4297,2026.06.05 19:17:05,5.69,14887196463240250122,10,7458.85,7459.18,7459.5,2,2,320,1780687025
RG2_US500_PERIOD_M5_1780272000_1780700100_8888579981882631925,3861601009468600640,1766,2026.06.03 19:00:00,3.81,8594636061104340714,7095002598423414647,1,7573.03,7577.79,7585.57,5,4,904,1780513200,324206456049578756,1894,2026.06.03 19:42:15,4.05,7095002598423414647,136,7573.03,7577.79,7585.57,5,4,904,1780515735
RG2_US500_PERIOD_M5_1780272000_1780700100_8888579981882631925,18163298525530142784,1991,2026.06.03 23:43:12,5.12,8660972711394349600,2780481222306041610,1,7533.65,7533.94,7534.24,2,2,320,1780530192,3096306393002085122,2000,2026.06.03 23:43:24,5.12,2780481222306041610,10,7533.08,7533.36,7533.65,2,2,320,1780530204
RG2_US500_PERIOD_M5_1780272000_1780700100_8888579981882631925,12088072338919061032,919,2026.06.02 10:00:00,2.49,9008588192226158800,10206979682324683015,1,7571.2,7571.3,7571.4,2,1,16,1780394400,12088072338919061032,919,2026.06.02 10:00:00,2.49,10206979682324683015,1,7571.2,7571.3,7571.4,2,1,16,1780394400
RG2_US500_PERIOD_M5_1780272000_1780700100_8888579981882631925,4445705205155824131,822,2026.06.02 03:53:38,3.75,9109943302962993268,4283946261450705001,1,7571.32,7577.51,7585.6,12,6,922,1780372418,6942418042369755898,848,2026.06.02 03:59:16,3.66,4283946261450705001,28,7571.32,7577.51,7585.6,12,6,922,1780372756
RG2_US500_PERIOD_M5_1780272000_1780700100_8888579981882631925,10843601158692611578,2371,2026.06.04 09:00:00,4.08,9260425194545578163,17498679184434733476,1,7523.33,7523.37,7523.4,2,2,144,1780563600,5503504894618295177,2444,2026.06.04 10:33:12,3.62,17498679184434733476,93,7523.2,7523.27,7523.33,2,2,144,1780569192
RG2_US500_PERIOD_M5_1780272000_1780700100_8888579981882631925,6430853899997478649,160,2026.06.01 02:15:00,5.0,9479090795797873870,7527954864105776087,1,7493.0,7500.25,7506.45,6,4,912,1780280100,12052566914831627246,521,2026.06.01 23:00:00,4.96,7527954864105776087,590,7493.0,7500.25,7506.45,6,4,912,1780354800
RG2_USTEC_PERIOD_M5_1767571200_1767999300_9581645730247380597,17529513319994261558,1069,2026.01.05 10:20:12,11.47,10615426509595018138,6658000819521753400,1,25362.43,25363.06,25363.7,2,2,320,1767608412,18130369021197248016,1093,2026.01.05 10:20:17,11.47,6658000819521753400,25,25363.7,25364.37,25365.04,2,2,320,1767608417
RG2_USTEC_PERIOD_M5_1767571200_1767999300_9581645730247380597,5351808336737146537,1,2026.01.05 01:00:00,36.06,10906881845525384792,1085717308185408106,1,25375.9,25393.85,25411.93,7,5,914,1767574800,13154347224336466503,1403,2026.01.05 14:00:56,11.18,8541255167113932088,1549,25395.4,25396.07,25396.74,2,2,320,1767621656
RG2_USTEC_PERIOD_M5_1767571200_1767999300_9581645730247380597,651239331770971907,13524,2026.01.09 20:45:00,26.14,1115265789091867171,4137344175302809638,1,25951.67,25953.23,25954.8,2,2,384,1767991500,11740182633918957730,13847,2026.01.09 22:25:15,26.35,4137344175302809638,343,25951.67,25953.23,25954.8,2,2,384,1767997515
RG2_USTEC_PERIOD_M5_1767571200_1767999300_9581645730247380597,2200840033914861005,2550,2026.01.06 01:00:00,22.0,11262393539624156407,954651141530327697,1,25027.97,25094.91,25159.7,9,4,960,1767661200,14347277157413688640,10528,2026.01.08 23:00:00,27.6,7462612038289483800,8719,25027.97,25099.15,25159.7,10,4,960,1767913200
RG2_USTEC_PERIOD_M5_1767571200_1767999300_9581645730247380597,8383551668137925050,9978,2026.01.08 10:00:00,11.65,11303127571111737602,16344592720654556049,1,25507.45,25556.32,25602.97,9,5,914,1767866400,13680910913801693752,9981,2026.01.08 12:30:00,12.73,16344592720654556049,31,25507.45,25556.32,25602.97,9,5,914,1767875400
RG2_USTEC_PERIOD_M5_1767571200_1767999300_9581645730247380597,10486912871513699627,1204,2026.01.05 11:00:00,11.08,11354748496853335673,15245924685692701600,1,25287.15,25293.16,25297.0,4,3,146,1767610800,11740182633918957730,13847,2026.01.09 22:25:15,26.35,3349820862316006705,13776,25224.8,25287.4,25351.2,14,5,962,1767997515
RG2_USTEC_PERIOD_M5_1767571200_1767999300_9581645730247380597,15237885347982729919,11853,2026.01.09 15:30:39,11.08,11806709642857871741,17683453602011886904,1,25601.6,25602.22,25602.85,2,2,320,1767972639,7391966414169059464,11861,2026.01.09 15:30:40,11.08,17683453602011886904,9,25602.85,25603.47,25604.1,2,2,320,1767972640
RG2_USTEC_PERIOD_M5_1767571200_1767999300_9581645730247380597,6178207953519589711,1205,2026.01.05 12:00:00,10.98,12291098761833412385,5798048449388089013,1,25126.41,25135.36,25141.35,2,2,258,1767614400,9294239080985332769,1225,2026.01.05 12:59:15,10.9,5798048449388089013,32,25126.41,25135.36,25141.35,2,2,258,1767617955
RG2_USTEC_PERIOD_M5_1767571200_1767999300_9581645730247380597,17156645979285046622,2545,2026.01.05 19:00:00,20.7,12508236388695943756,10075892857225452211,1,25410.0,25410.97,25411.93,2,2,144,1767639600,17156645979285046622,2545,2026.01.05 19:00:00,20.7,10075892857225452211,1,25410.0,25410.97,25411.93,2,2,144,1767639600
RG2_USTEC_PERIOD_M5_1767571200_1767999300_9581645730247380597,8090296402160218135,2082,2026.01.05 16:55:00,16.82,12658041698725848938,17669494593673151827,1,25417.4,25418.4,25419.4,2,1,128,1767632100,5301444781142677445,2871,2026.01.06 02:36:42,16.7,17669494593673151827,886,25417.4,25418.4,25419.4,2,1,128,1767667002
RG2_USTEC_PERIOD_M5_1767571200_1767999300_9581645730247380597,5351808336737146537,1,2026.01.05 01:00:00,36.06,12831361200671749343,3591746971367485194,1,25646.25,25712.98,25805.7,21,5,962,1767574800,6016684199508591867,2549,2026.01.05 23:00:00,23.22,3591746971367485194,2795,25646.25,25712.98,25805.7,21,5,962,1767654000
RG2_USTEC_PERIOD_M5_1767571200_1767999300_9581645730247380597,168690938345986305,10952,2026.01.09 02:00:00,25.33,12844385485887363128,7942119390751501587,1,25537.0,25537.5,25538.0,2,2,144,1767924000,9436352787363266192,11041,2026.01.09 02:59:40,20.93,7942119390751501587,101,25537.0,25537.5,25538.0,2,2,144,1767927580
RG2_USTEC_PERIOD_M5_1767571200_1767999300_9581645730247380597,10797459851602687925,5422,2026.01.07 01:00:00,18.45,13413240763928600407,16457371947977809133,1,25182.47,25188.33,25192.24,2,2,258,1767747600,11740182633918957730,13847,2026.01.09 22:25:15,26.35,5733837341281189437,9165,25182.47,25187.15,25192.24,3,2,258,1767997515
RG2_USTEC_PERIOD_M5_1767571200_1767999300_9581645730247380597,12725434192977829997,11047,2026.01.09 03:00:04,20.59,13580940954814747408,8278013162530328072,1,25486.77,25488.01,25489.24,2,2,68,1767927604,7283194994840964515,11114,2026.01.09 03:18:27,19.54,8278013162530328072,71,25484.45,25485.61,25486.77,2,2,68,1767928707
RG2_USTEC_PERIOD_M5_1767571200_1767999300_9581645730247380597,14317338947597323169,1778,2026.01.05 16:18:41,13.73,13883445100025690904,16339715650342726993,1,25438.39,25439.19,25440.0,2,2,80,1767629921,1772383471066506989,1822,2026.01.05 16:20:40,13.76,16339715650342726993,47,25440.0,25440.82,25441.64,2,2,80,1767630040
RG2_USTEC_PERIOD_M5_1767571200_1767999300_9581645730247380597,11613081393814425295,8413,2026.01.07 20:30:00,16.67,13919784841314504055,8208545864748280883,1,25500.2,25501.2,25502.2,2,1,128,1767817800,6124506722242799610,8416,2026.01.07 23:00:00,19.82,8208545864748280883,31,25500.2,25501.2,25502.2,2,1,128,1767826800
RG2_USTEC_PERIOD_M5_1767571200_1767999300_9581645730247380597,5351808336737146537,1,2026.01.05 01:00:00,36.06,13966759976564166315,6433913063830252175,1,25238.9,25247.12,25257.48,3,3,322,1767574800,16216937610263136229,455,2026.01.05 03:02:42,36.72,13762163731098974734,478,25238.9,25250.96,25261.0,4,3,274,1767582162
RG2_USTEC_PERIOD_M5_1767571200_1767999300_9581645730247380597,5351808336737146537,1,2026.01.05 01:00:00,36.06,14386650010731538736,16220598612595882515,1,25557.13,25568.14,25579.15,3,3,896,1767574800,6016684199508591867,2549,2026.01.05 23:00:00,23.22,16220598612595882515,2795,25557.13,25568.14,25579.15,3,3,896,1767654000
RG2_USTEC_PERIOD_M5_1767571200_1767999300_9581645730247380597,13057456657393957931,9028,2026.01.08 04:48:35,12.52,14392961541449548166,17310114609708003010,1,25599.75,25600.46,25601.17,2,2,320,1767847715,17742016490185218194,9056,2026.01.08 05:36:42,12.18,17310114609708003010,38,25598.35,25599.05,25599.75,2,2,320,1767850602
RG2_USTEC_PERIOD_M5_1767571200_1767999300_9581645730247380597,5351808336737146537,1,2026.01.05 01:00:00,36.06,14590037568036439098,17669494593673151827,1,25417.4,25418.4,25419.4,2,1,128,1767574800,6695200494829708456,515,2026.01.05 07:00:00,18.06,17669494593673151827,581,25417.4,25418.4,25419.4,2,1,128,1767596400
RG2_USTEC_PERIOD_M5_1767571200_1767999300_9581645730247380597,7730992007944261115,2006,2026.01.05 16:30:29,13.99,14835167093673851164,3025225092663945727,1,25465.43,25469.04,25478.35,2,2,66,1767630629,18228691635459117856,2051,2026.01.05 16:30:39,13.99,3025225092663945727,46,25466.96,25476.31,25479.97,2,2,66,1767630639
RG2_USTEC_PERIOD_M5_1767571200_1767999300_9581645730247380597,2897481686022411591,10618,2026.01.09 01:05:38,27.25,15788704805401626091,2563921674982826031,1,25532.73,25534.32,25535.91,2,2,192,1767920738,15322143109613152409,10701,2026.01.09 01:24:28,27.18,15791445238387837559,88,25524.51,25526.14,25527.77,2,2,192,1767921868
RG2_USTEC_PERIOD_M5_1767571200_1767999300_9581645730247380597,8062863757965475553,11818,2026.01.09 15:00:00,10.63,15954711477893207683,7942119390751501587,1,25537.0,25537.5,25538.0,2,2,144,1767970800,4715283682074666392,12027,2026.01.09 15:59:42,11.88,7942119390751501587,221,25537.0,25537.5,25538.0,2,2,144,1767974382
RG2_USTEC_PERIOD_M5_1767571200_1767999300_9581645730247380597,9689527353960315673,10529,2026.01.09 01:00:00,27.19,16063715141264584036,2260847200652582269,1,25081.4,25125.23,25159.7,6,3,896,1767920400,11740182633918957730,13847,2026.01.09 22:25:15,26.35,2260847200652582269,3554,25081.4,25125.23,25159.7,6,3,896,1767997515
RG2_USTEC_PERIOD_M5_1767571200_1767999300_9581645730247380597,13387489559979758265,3907,2026.01.06 11:00:00,8.41,16065711463234026562,1607004196203802368,1,25375.9,25390.06,25410.8,8,5,914,1767697200,6124506722242799610,8416,2026.01.07 23:00:00,19.82,8698619027263639767,4888,25375.9,25390.49,25411.93,9,5,914,1767826800
RG2_USTEC_PERIOD_M5_1767571200_1767999300_9581645730247380597,10264272691426365408,9952,2026.01.08 08:23:39,9.21,1623863205300355597,8433835555720200898,1,25495.5,25496.0,25496.5,2,2,320,1767860619,9622282699741767021,9968,2026.01.08 08:23:42,9.21,8433835555720200898,17,25494.4,25494.95,25495.5,2,2,320,1767860622
RG2_USTEC_PERIOD_M5_1767571200_1767999300_9581645730247380597,5974493349217999160,9248,2026.01.08 07:31:38,10.0,16347911628754129440,15126075842385274172,1,25577.0,25577.58,25578.15,2,2,80,1767857498,15118583518090187656,9267,2026.01.08 07:32:27,10.0,15126075842385274172,20,25575.83,25576.42,25577.0,2,2,80,1767857547
RG2_USTEC_PERIOD_M5_1767571200_1767999300_9581645730247380597,13574344489365001635,9595,2026.01.08 08:04:39,9.08,16378190070653940297,4421339157800670327,1,25527.77,25528.3,25528.84,2,2,192,1767859479,540889917444800671,9616,2026.01.08 08:05:19,9.19,4421339157800670327,22,25526.75,25527.26,25527.77,2,2,192,1767859519
RG2_USTEC_PERIOD_M5_1767571200_1767999300_9581645730247380597,5800651212684321318,1494,2026.01.05 16:00:00,13.13,16834426597604249476,4268779288244286622,1,25363.7,25363.85,25364.0,2,2,272,1767628800,8090296402160218135,2082,2026.01.05 16:55:00,16.82,4268779288244286622,600,25363.7,25363.85,25364.0,2,2,272,1767632100
RG2_USTEC_PERIOD_M5_1767571200_1767999300_9581645730247380597,2925913386836262513,11830,2026.01.09 15:30:32,11.08,16856003739903847649,802607313504278398,1,25594.75,25595.38,25596.0,2,2,80,1767972632,3927109070896810663,11839,2026.01.09 15:30:38,11.08,802607313504278398,10,25596.0,25596.62,25597.24,2,2,80,1767972638
RG2_USTEC_PERIOD_M5_1767571200_1767999300_9581645730247380597,5351808336737146537,1,2026.01.05 01:00:00,36.06,17027585685116048893,14131336023065309790,1,25304.3,25332.12,25360.85,6,4,912,1767574800,15311350663940850044,3815,2026.01.06 10:30:31,7.88,11311532025045549514,4180,25304.3,25324.91,25360.85,7,4,912,1767695431
RG2_USTEC_PERIOD_M5_1767571200_1767999300_9581645730247380597,12834617143692409304,11482,2026.01.09 04:00:00,17.07,17190352395261784950,16139615378611620845,1,25490.0,25491.0,25492.0,2,1,16,1767931200,12834617143692409304,11482,2026.01.09 04:00:00,17.07,16139615378611620845,1,25490.0,25491.0,25492.0,2,1,16,1767931200
RG2_USTEC_PERIOD_M5_1767571200_1767999300_9581645730247380597,6695200494829708456,515,2026.01.05 07:00:00,18.06,17298931355373989354,7282837535943879930,1,25438.86,25439.43,25440.0,2,2,20,1767596400,465137986976180831,669,2026.01.05 08:59:15,13.35,7282837535943879930,179,25440.0,25440.1,25440.2,2,2,20,1767603555
RG2_USTEC_PERIOD_M5_1767571200_1767999300_9581645730247380597,5351808336737146537,1,2026.01.05 01:00:00,36.06,17362271538843053677,16291785403905926458,1,24771.5,24827.91,24878.3,4,3,896,1767574800,11740182633918957730,13847,2026.01.09 22:25:15,26.35,17307646463356907027,15090,24771.5,24824.9,24878.3,3,3,896,1767997515
RG2_USTEC_PERIOD_M5_1767571200_1767999300_9581645730247380597,14412314461246000466,3228,2026.01.06 05:00:00,11.9,1779134682033216975,11104591642370105474,1,25411.0,25411.47,25411.93,2,2,144,1767675600,16240553144447093877,3444,2026.01.06 06:59:15,9.31,11104591642370105474,240,25411.0,25411.47,25411.93,2,2,144,1767682755
RG2_USTEC_PERIOD_M5_1767571200_1767999300_9581645730247380597,4992260445080331082,12626,2026.01.09 17:35:00,21.4,17881036460960146204,17963777625003428391,1,25477.0,25478.28,25479.56,2,2,20,1767980100,4992260445080331082,12626,2026.01.09 17:35:00,21.4,17963777625003428391,1,25477.0,25478.28,25479.56,2,2,20,1767980100
RG2_USTEC_PERIOD_M5_1767571200_1767999300_9581645730247380597,17757359595968831940,212,2026.01.05 02:00:00,37.74,18434647582737470205,10583921498880345809,1,25280.0,25280.2,25280.4,2,2,80,1767578400,1965262382955552745,343,2026.01.05 02:05:31,37.82,16431356019740507133,134,25288.6,25290.85,25293.1,2,2,192,1767578731
RG2_USTEC_PERIOD_M5_1767571200_1767999300_9581645730247380597,14169797096096997810,10931,2026.01.09 01:58:25,25.76,2384598813127117714,16499380225435536578,1,25495.5,25497.03,25498.55,2,2,320,1767923905,9436352787363266192,11041,2026.01.09 02:59:40,20.93,17204324980640715914,122,25489.5,25490.75,25492.0,2,2,80,1767927580
RG2_USTEC_PERIOD_M5_1767571200_1767999300_9581645730247380597,2200840033914861005,2550,2026.01.06 01:00:00,22.0,2400835628017753974,1181830118717477775,1,25224.8,25233.9,25243.5,3,3,448,1767661200,10011978222570948151,5421,2026.01.06 23:00:00,19.25,1181830118717477775,3108,25224.8,25233.9,25243.5,3,3,448,1767740400
RG2_USTEC_PERIOD_M5_1767571200_1767999300_9581645730247380597,13680910913801693752,9981,2026.01.08 12:30:00,12.73,2591140854139330968,4844901192721466498,1,25491.77,25492.54,25493.3,2,2,68,1767875400,1997742528843278397,9982,2026.01.08 13:00:00,12.86,4844901192721466498,7,25491.92,25492.61,25493.3,2,2,68,1767877200
RG2_USTEC_PERIOD_M5_1767571200_1767999300_9581645730247380597,13398632983437687781,10522,2026.01.08 18:00:00,20.64,2719571598095087951,954105456703192996,1,25527.77,25528.88,25530.0,2,2,144,1767895200,13398632983437687781,10522,2026.01.08 18:00:00,20.64,954105456703192996,1,25527.77,25528.88,25530.0,2,2,144,1767895200
RG2_USTEC_PERIOD_M5_1767571200_1767999300_9581645730247380597,2200840033914861005,2550,2026.01.06 01:00:00,22.0,2776655087613785185,1646979094600207177,1,25375.9,25394.86,25411.93,10,6,978,1767661200,3908683327313017535,3906,2026.01.06 10:31:42,7.88,10538447114481064040,1465,25375.9,25386.15,25397.65,5,4,912,1767695502
RG2_USTEC_PERIOD_M5_1767571200_1767999300_9581645730247380597,6433337731536795828,11042,2026.01.09 03:00:00,20.59,284041515875430302,17702993847500025603,1,25532.0,25532.37,25532.73,2,2,144,1767927600,9883819175902010088,11481,2026.01.09 03:36:43,18.39,17702993847500025603,446,25532.0,25532.37,25532.73,2,2,144,1767929803
RG2_USTEC_PERIOD_M5_1767571200_1767999300_9581645730247380597,9689527353960315673,10529,2026.01.09 01:00:00,27.19,2979283230595863885,4137344175302809638,1,25951.67,25953.23,25954.8,2,2,384,1767920400,14931780023924723664,10911,2026.01.09 01:54:14,26.74,4137344175302809638,395,25951.67,25953.23,25954.8,2,2,384,1767923654
RG2_USTEC_PERIOD_M5_1767571200_1767999300_9581645730247380597,973379497747385602,4728,2026.01.06 17:35:00,15.47,3014312895780982907,6079706583212545359,1,25457.84,25458.77,25459.7,2,2,260,1767720900,12843391526734725456,5178,2026.01.06 21:35:15,18.9,330901276709612123,492,25459.7,25460.36,25461.59,3,2,260,1767735315
RG2_USTEC_PERIOD_M5_1767571200_1767999300_9581645730247380597,5351808336737146537,1,2026.01.05 01:00:00,36.06,3038527478030611448,16589993441174636358,1,25507.45,25572.94,25624.5,13,5,976,1767574800,6016684199508591867,2549,2026.01.05 23:00:00,23.22,18213120419144953449,2795,25507.45,25569.5,25624.5,14,5,976,1767654000
RG2_USTEC_PERIOD_M5_1767571200_1767999300_9581645730247380597,15170806943303016829,456,2026.01.05 04:00:00,30.93,3111748372644836513,11320849576485166231,1,25269.0,25279.22,25288.6,3,3,146,1767585600,1127957062095371367,457,2026.01.05 04:15:00,29.25,5644062997473095203,4,25272.54,25284.33,25288.6,2,2,130,1767586500
RG2_USTEC_PERIOD_M5_1767571200_1767999300_9581645730247380597,1757316379368477686,13034,2026.01.09 19:00:00,24.58,326513427528501868,13488700764228674206,1,25600.0,25601.42,25602.85,2,2,272,1767985200,5702886269184301367,13181,2026.01.09 19:58:15,25.19,13488700764228674206,159,25600.0,25601.42,25602.85,2,2,272,1767988695
RG2_USTEC_PERIOD_M5_1767571200_1767999300_9581645730247380597,11121206591951915473,12211,2026.01.09 17:00:00,17.2,3565402883608764763,18098635350037817767,1,25590.36,25598.61,25603.62,3,3,274,1767978000,4992260445080331082,12626,2026.01.09 17:35:00,21.4,18098635350037817767,422,25590.36,25598.61,25603.62,3,3,274,1767980100
RG2_USTEC_PERIOD_M5_1767571200_1767999300_9581645730247380597,4163541409860381357,459,2026.01.05 06:00:00,21.03,3565494008176892253,17704122776681762688,1,25272.25,25276.89,25281.31,2,2,18,1767592800,17672877739345886113,570,2026.01.05 07:58:39,15.06,17704122776681762688,133,25272.25,25276.89,25281.31,2,2,18,1767599919
RG2_USTEC_PERIOD_M5_1767571200_1767999300_9581645730247380597,5655722214312731642,1386,2026.01.05 14:00:00,11.18,3915995697900311720,5515210539929502719,1,25368.9,25385.74,25397.65,5,5,914,1767621600,6016684199508591867,2549,2026.01.05 23:00:00,23.22,5515210539929502719,1264,25368.9,25385.74,25397.65,5,5,914,1767654000
RG2_USTEC_PERIOD_M5_1767571200_1767999300_9581645730247380597,11460753985216053082,3961,2026.01.06 16:45:39,12.84,3920557210026382675,14535418380638642193,1,25501.76,25501.98,25502.2,2,2,192,1767717939,7549922848255565972,3970,2026.01.06 16:45:40,12.84,14535418380638642193,10,25502.2,25502.92,25503.63,2,2,192,1767717940
RG2_USTEC_PERIOD_M5_1767571200_1767999300_9581645730247380597,5351808336737146537,1,2026.01.05 01:00:00,36.06,4024339574667724208,1629107869849298712,1,25500.0,25500.89,25502.2,4,2,144,1767574800,9074985020183257047,5596,2026.01.07 02:00:00,16.99,8208545864748280883,6112,25500.2,25501.2,25502.2,2,1,128,1767751200
RG2_USTEC_PERIOD_M5_1767571200_1767999300_9581645730247380597,6433337731536795828,11042,2026.01.09 03:00:00,20.59,4137640597932476531,13578143241708217665,1,25500.72,25504.47,25512.75,2,2,130,1767927600,11740182633918957730,13847,2026.01.09 22:25:15,26.35,14503145550177936033,3018,25498.43,25503.64,25513.03,3,3,146,1767997515
RG2_USTEC_PERIOD_M5_1767571200_1767999300_9581645730247380597,3701555206396711393,419,2026.01.05 03:00:00,36.72,4380495343815442618,10583921498880345809,1,25296.0,25296.55,25297.1,2,2,80,1767582000,14529603893520916084,435,2026.01.05 03:02:39,36.72,10583921498880345809,17,25296.0,25298.1,25300.2,2,2,80,1767582159
RG2_USTEC_PERIOD_M5_1767571200_1767999300_9581645730247380597,2202381733658323935,8417,2026.01.08 01:00:00,19.22,4510817585659129214,10604884798162800557,1,25389.85,25419.98,25463.4,8,5,914,1767834000,11740182633918957730,13847,2026.01.09 22:25:15,26.35,12648102661142260997,5915,25389.85,25422.71,25463.5,10,5,962,1767997515
RG2_USTEC_PERIOD_M5_1767571200_1767999300_9581645730247380597,17411296058867088593,571,2026.01.05 08:00:00,14.93,4950463491206917944,5644062997473095203,1,25281.31,25287.22,25290.38,2,2,130,1767600000,9579818083503242774,1203,2026.01.05 10:23:16,11.47,11320849576485166231,661,25281.31,25287.15,25290.38,3,3,146,1767608596
RG2_USTEC_PERIOD_M5_1767571200_1767999300_9581645730247380597,2202381733658323935,8417,2026.01.08 01:00:00,19.22,5043911772918201677,11364470752109507835,1,25507.45,25546.87,25602.97,7,5,976,1767834000,2086245748279496926,9977,2026.01.08 09:00:00,9.77,4383825178818000200,1647,25498.86,25548.98,25602.97,10,5,914,1767862800
RG2_USTEC_PERIOD_M5_1767571200_1767999300_9581645730247380597,1379262960670766142,2328,2026.01.05 18:00:00,19.93,5112512398482726307,9734692582297818591,1,25457.87,25458.84,25459.8,2,2,260,1767636000,16416378337309268157,3908,2026.01.06 12:00:00,9.11,1558772630134708639,1773,25458.65,25459.17,25459.7,2,2,260,1767700800
RG2_USTEC_PERIOD_M5_1767571200_1767999300_9581645730247380597,5351808336737146537,1,2026.01.05 01:00:00,36.06,5125484359726538314,14212341636203489620,1,25027.97,25057.81,25094.9,4,4,960,1767574800,6016684199508591867,2549,2026.01.05 23:00:00,23.22,14212341636203489620,2795,25027.97,25057.81,25094.9,4,4,960,1767654000
RG2_USTEC_PERIOD_M5_1767571200_1767999300_9581645730247380597,2202381733658323935,8417,2026.01.08 01:00:00,19.22,530111033509857816,18078108206340419501,1,25609.7,25719.73,25853.67,25,7,986,1767834000,14347277157413688640,10528,2026.01.08 23:00:00,27.6,5016916245567795505,2350,25609.7,25722.63,25853.67,24,6,984,1767913200
RG2_USTEC_PERIOD_M5_1767571200_1767999300_9581645730247380597,15120954166316880033,1516,2026.01.05 16:01:28,13.13,5481777287745572008,6805523346638504781,1,25410.44,25411.19,25411.93,2,2,192,1767628888,10609879819740173170,1544,2026.01.05 16:01:38,13.13,6805523346638504781,29,25411.93,25412.68,25413.43,2,2,192,1767628898
RG2_USTEC_PERIOD_M5_1767571200_1767999300_9581645730247380597,2888936067374557019,9988,2026.01.08 16:40:04,15.93,5828201016832464910,14331919573699148178,1,25490.98,25491.9,25492.82,2,2,68,1767890404,5271001394235100856,10014,2026.01.08 16:40:15,15.93,14331919573699148178,27,25489.13,25490.05,25490.98,2,2,68,1767890415
RG2_USTEC_PERIOD_M5_1767571200_1767999300_9581645730247380597,9689527353960315673,10529,2026.01.09 01:00:00,27.19,6226360123934678794,5601649380606604374,1,25609.7,25733.99,25853.67,25,5,976,1767920400,4432791539338751808,11874,2026.01.09 15:30:42,11.08,5601649380606604374,1505,25609.7,25733.99,25853.67,25,5,976,1767972642
RG2_USTEC_PERIOD_M5_1767571200_1767999300_9581645730247380597,168690938345986305,10952,2026.01.09 02:00:00,25.33,632100263637456242,8478415692149201474,1,25500.0,25500.73,25502.2,3,2,144,1767924000,9883819175902010088,11481,2026.01.09 03:36:43,18.39,1504750132672933269,547,25495.5,25496.25,25497.0,2,2,272,1767929803
RG2_USTEC_PERIOD_M5_1767571200_1767999300_9581645730247380597,457992400693453554,11488,2026.01.09 09:00:00,10.06,6456115494667440662,17042235077361199815,1,25485.0,25485.27,25485.54,2,2,20,1767949200,2369877708831793286,11489,2026.01.09 10:00:00,9.94,17042235077361199815,13,25485.05,25485.53,25486.0,2,2,20,1767952800
RG2_USTEC_PERIOD_M5_1767571200_1767999300_9581645730247380597,6837846589794324429,2793,2026.01.06 02:00:00,19.69,6458136294458739859,17546278305766255697,1,25415.0,25415.1,25415.2,2,2,80,1767664800,5814319562143686766,2881,2026.01.06 02:42:39,16.48,17546278305766255697,95,25415.0,25415.1,25415.2,2,2,80,1767667359
RG2_USTEC_PERIOD_M5_1767571200_1767999300_9581645730247380597,10797459851602687925,5422,2026.01.07 01:00:00,18.45,662749156145848632,8591078821991377825,1,25507.45,25652.85,25853.67,33,7,986,1767747600,6124506722242799610,8416,2026.01.07 23:00:00,19.82,9888969996969598045,3239,25507.45,25659.66,25853.67,34,7,986,1767826800
RG2_USTEC_PERIOD_M5_1767571200_1767999300_9581645730247380597,14851779349819701331,11875,2026.01.09 15:30:42,11.08,6643130214054765405,14733541690344379566,1,25608.46,25725.97,25853.67,27,6,984,1767972642,11740182633918957730,13847,2026.01.09 22:25:15,26.35,6994383209527090838,2049,25609.7,25729.13,25853.67,28,7,986,1767997515
RG2_USTEC_PERIOD_M5_1767571200_1767999300_9581645730247380597,18211037300739875712,4731,2026.01.06 18:05:00,16.84,6945874362415780812,17669494593673151827,1,25417.4,25418.4,25419.4,2,1,128,1767722700,10011978222570948151,5421,2026.01.06 23:00:00,19.25,17669494593673151827,744,25417.4,25418.4,25419.4,2,1,128,1767740400
RG2_USTEC_PERIOD_M5_1767571200_1767999300_9581645730247380597,2029582329932070878,1916,2026.01.05 16:26:04,13.79,7001626154495514903,16923701209404219008,1,25452.83,25453.63,25454.43,2,2,68,1767630364,1786738857894235036,1944,2026.01.05 16:29:27,13.79,16923701209404219008,29,25454.43,25455.19,25455.95,2,2,68,1767630567
RG2_USTEC_PERIOD_M5_1767571200_1767999300_9581645730247380597,1997742528843278397,9982,2026.01.08 13:00:00,12.86,7468351551636541816,8216608416016793909,1,25507.45,25550.52,25602.97,8,5,914,1767877200,18068890174385268613,10584,2026.01.09 01:01:15,27.19,4337790271753587709,723,25547.47,25549.05,25550.63,2,2,192,1767920475
RG2_USTEC_PERIOD_M5_1767571200_1767999300_9581645730247380597,2200840033914861005,2550,2026.01.06 01:00:00,22.0,8089965111265652949,5927399954141979938,1,25507.45,25630.05,25805.7,32,6,978,1767661200,10011978222570948151,5421,2026.01.06 23:00:00,19.25,13885475497184209160,3108,25507.45,25634.42,25805.7,32,7,986,1767740400
RG2_USTEC_PERIOD_M5_1767571200_1767999300_9581645730247380597,2128071365007462772,3816,2026.01.06 10:30:32,7.88,8638417022974403042,14973308424476660809,1,25304.3,25329.51,25361.69,8,5,976,1767695432,10011978222570948151,5421,2026.01.06 23:00:00,19.25,14973308424476660809,1734,25304.3,25327.45,25360.85,8,5,976,1767740400
RG2_USTEC_PERIOD_M5_1767571200_1767999300_9581645730247380597,12834617143692409304,11482,2026.01.09 04:00:00,17.07,8644792337478744877,15173416992250734339,1,25547.0,25547.23,25547.47,2,2,144,1767931200,1257338650701955781,11483,2026.01.09 04:15:00,16.4,15173416992250734339,4,25547.0,25547.23,25547.47,2,2,144,1767932100
RG2_USTEC_PERIOD_M5_1767571200_1767999300_9581645730247380597,2202381733658323935,8417,2026.01.08 01:00:00,19.22,9102490079750600533,8710453041660074605,1,25872.45,25909.46,25944.43,4,3,896,1767834000,11740182633918957730,13847,2026.01.09 22:25:15,26.35,6686797102542500897,5915,25872.45,25903.88,25944.43,5,3,896,1767997515
RG2_USTEC_PERIOD_M5_1767571200_1767999300_9581645730247380597,17102259220320318695,3736,2026.01.06 09:00:00,7.41,9312193610120943829,17546278305766255697,1,25492.0,25492.1,25492.2,2,2,80,1767690000,3908683327313017535,3906,2026.01.06 10:31:42,7.88,17546278305766255697,188,25492.0,25492.1,25492.2,2,2,80,1767695502
RG2_USTEC_PERIOD_M5_1767571200_1767999300_9581645730247380597,5351808336737146537,1,2026.01.05 01:00:00,36.06,9316152630872293901,9565645963848288964,1,25118.64,25124.8,25131.68,2,2,130,1767574800,9579818083503242774,1203,2026.01.05 10:23:16,11.47,5798048449388089013,1307,25126.41,25135.36,25141.35,2,2,258,1767608596
RG2_USTEC_PERIOD_M5_1767571200_1767999300_9581645730247380597,14347277157413688640,10528,2026.01.08 23:00:00,27.6,9341937053235490829,14276693836003090071,1,25487.04,25488.02,25489.0,2,2,20,1767913200,14347277157413688640,10528,2026.01.08 23:00:00,27.6,14276693836003090071,1,25487.04,25488.02,25489.0,2,2,20,1767913200
RG2_USTEC_PERIOD_M5_1776038400_1776466500_3632165528533734308,8863419414913977767,10663,2026.04.17 03:00:00,21.97,10040567113442281966,13990060900719178417,1,26333.0,26333.15,26333.3,2,2,80,1776394800,12954407528422793477,10680,2026.04.17 03:21:39,21.51,13990060900719178417,22,26333.0,26334.29,26335.58,2,2,80,1776396099
RG2_USTEC_PERIOD_M5_1776038400_1776466500_3632165528533734308,2586303681253649894,9830,2026.04.16 16:00:00,11.98,10121435687452741282,11790897241453931972,1,24982.43,24983.05,24983.67,2,2,132,1776355200,13628965459118153624,10030,2026.04.16 16:55:16,15.59,11790897241453931972,211,24982.43,24983.05,24983.67,2,2,132,1776358516
RG2_USTEC_PERIOD_M5_1776038400_1776466500_3632165528533734308,14288692336867881644,8801,2026.04.16 01:00:00,22.81,10214575356888442149,15113243243343731678,1,26199.6,26209.27,26213.6,2,2,320,1776301200,9489377216319971376,9008,2026.04.16 01:31:40,22.72,15113243243343731678,215,26199.6,26209.27,26213.6,2,2,320,1776303100
RG2_USTEC_PERIOD_M5_1776038400_1776466500_3632165528533734308,10478557000272393637,3785,2026.04.14 13:00:00,8.98,10624815848694986981,10520524193206889767,1,24510.95,24547.41,24604.8,4,4,900,1776171600,13196195532464840821,3857,2026.04.14 15:30:15,11.33,10520524193206889767,102,24510.95,24550.87,24604.8,4,4,900,1776180615
RG2_USTEC_PERIOD_M5_1776038400_1776466500_3632165528533734308,12410364833708246313,1630,2026.04.13 16:59:37,16.34,10828968734407299432,10950329140841679665,1,25135.1,25136.05,25137.0,2,2,80,1776099577,11864171966632786686,1638,2026.04.13 16:59:39,16.34,10950329140841679665,9,25137.0,25137.82,25138.64,2,2,80,1776099579
RG2_USTEC_PERIOD_M5_1776038400_1776466500_3632165528533734308,2586303681253649894,9830,2026.04.16 16:00:00,11.98,10920940617066422732,2531300781462910767,1,24925.3,24943.79,24974.2,4,3,896,1776355200,10949233852969570890,12481,2026.04.17 22:00:00,29.35,12619851445457741331,2968,24925.7,24949.95,24974.2,3,3,896,1776463200
RG2_USTEC_PERIOD_M5_1776038400_1776466500_3632165528533734308,3484359513604748750,5898,2026.04.14 23:00:00,20.18,10969072388868920129,13142125256136331760,1,25074.69,25104.87,25129.11,4,4,402,1776207600,15654584408771624843,6127,2026.04.15 01:17:42,18.89,5020582430794945573,243,25074.69,25103.1,25129.11,4,4,394,1776215862
RG2_USTEC_PERIOD_M5_1776038400_1776466500_3632165528533734308,12556134087069828936,1,2026.04.13 01:00:00,23.5,11024324449249550776,2513531448442585977,1,24207.7,24257.56,24438.9,3,3,196,1776042000,9783367183585043862,491,2026.04.13 03:59:39,24.5,8093729882280003725,525,24207.7,24254.08,24438.9,4,4,452,1776052779
RG2_USTEC_PERIOD_M5_1776038400_1776466500_3632165528533734308,3502292490992605606,4387,2026.04.14 17:28:40,15.67,11306791844736749002,2209292123171635217,1,25640.21,25641.14,25642.07,2,2,192,1776187720,14151334968943402511,4415,2026.04.14 17:29:40,15.67,2209292123171635217,29,25642.07,25642.99,25643.91,2,2,192,1776187780
RG2_USTEC_PERIOD_M5_1776038400_1776466500_3632165528533734308,7477459569140830546,5899,2026.04.15 01:00:00,18.87,11483648578633113361,10095589648223236236,1,26051.0,26092.06,26125.67,5,3,896,1776214800,12783067906674397734,8800,2026.04.15 23:00:00,23.81,10095589648223236236,3142,26051.0,26092.06,26125.67,5,3,896,1776294000
RG2_USTEC_PERIOD_M5_1776038400_1776466500_3632165528533734308,12556134087069828936,1,2026.04.13 01:00:00,23.5,11699418998802166014,2531300781462910767,1,24925.3,24943.79,24974.2,4,3,896,1776042000,95047156784657546,9829,2026.04.16 15:00:00,10.91,10475395683983885777,10735,24925.3,24949.81,24974.2,5,4,900,1776351600
RG2_USTEC_PERIOD_M5_1776038400_1776466500_3632165528533734308,12906961145204354789,6315,2026.04.15 07:00:00,10.94,12022149649458874657,3427662805220560782,1,25753.15,25831.58,25864.23,7,4,912,1776236400,2316131930195476798,6445,2026.04.15 08:46:15,9.18,3427662805220560782,152,25753.15,25831.58,25864.23,7,4,912,1776242775
RG2_USTEC_PERIOD_M5_1776038400_1776466500_3632165528533734308,16534308117146989369,2857,2026.04.13 23:20:42,24.41,12036702501812116122,15255380053153105558,1,25396.69,25398.14,25399.6,2,2,320,1776122442,10528311840675185424,2888,2026.04.13 23:34:36,24.07,15255380053153105558,34,25399.6,25400.93,25402.26,2,2,320,1776123276
RG2_USTEC_PERIOD_M5_1776038400_1776466500_3632165528533734308,12556134087069828936,1,2026.04.13 01:00:00,23.5,12081287074881919661,11603176334037744250,1,23584.0,23668.58,23757.05,8,4,898,1776042000,17847337476696332378,3042,2026.04.13 23:59:38,23.91,12125346160050972237,3292,23584.0,23669.96,23757.05,8,4,898,1776124778
RG2_USTEC_PERIOD_M5_1776038400_1776466500_3632165528533734308,404046324757018246,6674,2026.04.15 17:00:00,15.88,12087423826011666517,4268139960385230646,1,24535.9,24660.46,24767.2,11,4,960,1776272400,17978010274642077649,10740,2026.04.17 07:00:00,10.85,3036439422806545246,4459,24536.23,24674.62,24761.8,4,4,960,1776409200
RG2_USTEC_PERIOD_M5_1776038400_1776466500_3632165528533734308,6138139455968737949,78,2026.04.13 01:01:38,23.5,12099532458004336843,7877213170803183765,1,24834.66,24835.83,24837.0,2,2,192,1776042098,8394617645672155100,86,2026.04.13 01:01:40,23.5,7877213170803183765,9,24837.0,24838.3,24839.6,2,2,192,1776042100
RG2_USTEC_PERIOD_M5_1776038400_1776466500_3632165528533734308,14874259305181155187,10413,2026.04.17 01:00:00,28.54,12510950648437962348,17523230230372305020,1,25987.97,26061.65,26125.67,8,3,896,1776387600,10949233852969570890,12481,2026.04.17 22:00:00,29.35,15947972286618954150,2297,25984.45,26053.07,26125.67,9,3,896,1776463200
RG2_USTEC_PERIOD_M5_1776038400_1776466500_3632165528533734308,6576757066531371921,7608,2026.04.15 19:00:00,19.74,12603019201058265546,9088466009473282595,1,24811.88,24828.93,24878.58,2,2,6,1776279600,15813035990367426871,8799,2026.04.15 22:59:15,23.74,9088466009473282595,1237,24818.39,24853.46,24888.57,2,2,6,1776293955
RG2_USTEC_PERIOD_M5_1776038400_1776466500_3632165528533734308,15502874980110130016,5343,2026.04.14 20:00:00,17.23,1300010080311286402,2106626368080767739,1,25056.57,25091.56,25109.0,3,3,274,1776196800,8748534469520550835,5897,2026.04.14 22:59:43,19.87,2106626368080767739,588,25065.21,25094.68,25118.04,3,3,274,1776207583
RG2_USTEC_PERIOD_M5_1776038400_1776466500_3632165528533734308,7477459569140830546,5899,2026.04.15 01:00:00,18.87,13194458137390569929,1092213330372729482,1,25398.0,25400.5,25405.7,2,2,80,1776214800,17117090991177934812,10412,2026.04.16 23:00:00,28.87,1728845517645945482,5006,25398.0,25400.5,25405.7,2,2,80,1776380400
RG2_USTEC_PERIOD_M5_1776038400_1776466500_3632165528533734308,11158939329461116247,10590,2026.04.17 01:10:41,28.64,13348808720062446335,12700502040657736753,1,26322.71,26324.35,26326.0,2,2,80,1776388241,3068967911357106825,10662,2026.04.17 02:40:15,22.88,14690866802617773651,89,26326.0,26326.0,26326.0,2,1,16,1776393615
RG2_USTEC_PERIOD_M5_1776038400_1776466500_3632165528533734308,18026359452558283234,1049,2026.04.13 13:00:00,11.75,13426659030717121215,14984687074636128433,1,24967.0,24967.4,24967.8,2,2,80,1776085200,10090676688277453903,1050,2026.04.13 13:56:19,11.46,14984687074636128433,13,24967.0,24967.53,24968.05,2,2,80,1776088579
RG2_USTEC_PERIOD_M5_1776038400_1776466500_3632165528533734308,6350332868039625729,10839,2026.04.17 11:40:42,8.97,13534747693717539745,6963573438346831693,1,26348.03,26348.55,26349.07,2,2,192,1776426042,1691913227666776511,10852,2026.04.17 11:41:28,8.97,6963573438346831693,14,26349.07,26349.55,26350.04,2,2,192,1776426088
RG2_USTEC_PERIOD_M5_1776038400_1776466500_3632165528533734308,16670989097634519671,492,2026.04.13 04:00:00,24.37,13671686135289753616,12836988470305588128,1,24821.0,24822.1,24823.2,2,2,144,1776052800,10387783313354479731,743,2026.04.13 07:55:40,18.38,12836988470305588128,295,24821.0,24822.1,24823.2,2,2,144,1776066940
RG2_USTEC_PERIOD_M5_1776038400_1776466500_3632165528533734308,14524182253420640453,12476,2026.04.17 19:00:00,23.41,13904404683376970703,3637876768682928761,1,26253.6,26282.33,26312.18,5,4,402,1776452400,10949233852969570890,12481,2026.04.17 22:00:00,29.35,3637876768682928761,37,26253.6,26282.33,26312.18,5,4,402,1776463200
RG2_USTEC_PERIOD_M5_1776038400_1776466500_3632165528533734308,18195975840881859138,9244,2026.04.16 03:00:00,17.86,14056913876336991622,11007532620822279729,1,26254.0,26254.15,26254.3,2,2,80,1776308400,14665481133659101316,9258,2026.04.16 03:16:20,17.6,11007532620822279729,19,26254.0,26255.04,26256.09,2,2,80,1776309380
RG2_USTEC_PERIOD_M5_1776038400_1776466500_3632165528533734308,6173016818254676140,6446,2026.04.15 09:00:00,9.19,14064549327204407557,15773193063765141335,1,25753.15,25826.51,25864.23,6,4,912,1776243600,17894273947977786551,6576,2026.04.15 15:00:00,12.48,15773193063765141335,196,25753.15,25824.18,25864.23,6,4,912,1776265200
RG2_USTEC_PERIOD_M5_1776038400_1776466500_3632165528533734308,1492915807090621183,12377,2026.04.17 18:00:00,20.61,14080478694327023414,15235263628625908506,1,26298.07,26330.72,26355.56,6,4,402,1776448800,10949233852969570890,12481,2026.04.17 22:00:00,29.35,2111603894178002478,147,26324.0,26325.0,26326.0,2,1,16,1776463200
RG2_USTEC_PERIOD_M5_1776038400_1776466500_3632165528533734308,8897812897702569040,12041,2026.04.17 16:10:42,13.68,14184487832084976810,6620762590911906384,1,26636.38,26637.11,26637.85,2,2,320,1776442242,12582814328761006961,12054,2026.04.17 16:10:45,13.68,6620762590911906384,14,26637.85,26638.6,26639.35,2,2,320,1776442245
RG2_USTEC_PERIOD_M5_1776038400_1776466500_3632165528533734308,14539956831416102567,2301,2026.04.13 22:00:00,24.43,14445610335859656905,3789246041627918521,1,24207.7,24328.4,24438.9,3,3,196,1776117600,3484359513604748750,5898,2026.04.14 23:00:00,20.18,10466693490188307312,3863,24207.7,24324.81,24438.9,4,3,448,1776207600
RG2_USTEC_PERIOD_M5_1776038400_1776466500_3632165528533734308,10951516540668313470,10770,2026.04.17 10:00:00,8.7,14535303608895109136,6305990811236275343,1,26273.47,26293.28,26316.15,5,3,146,1776420000,17764476144276969211,11025,2026.04.17 11:57:15,8.98,6305990811236275343,280,26273.47,26293.28,26316.15,5,3,146,1776427035
RG2_USTEC_PERIOD_M5_1776038400_1776466500_3632165528533734308,11433690774531725001,9543,2026.04.16 04:00:00,16.52,14653857430872346709,11007532620822279729,1,26282.0,26282.9,26283.8,2,2,80,1776312000,11433690774531725001,9543,2026.04.16 04:00:00,16.52,11007532620822279729,1,26282.0,26282.9,26283.8,2,2,80,1776312000
RG2_USTEC_PERIOD_M5_1776038400_1776466500_3632165528533734308,18195975840881859138,9244,2026.04.16 03:00:00,17.86,14666112222259962866,7523821484913536290,1,25049.42,25098.56,25125.2,3,3,386,1776308400,18057975550689399588,9542,2026.04.16 03:51:15,16.8,7523821484913536290,310,25049.42,25098.56,25125.2,3,3,386,1776311475
RG2_USTEC_PERIOD_M5_1776038400_1776466500_3632165528533734308,11417110403400917490,5589,2026.04.14 21:00:00,17.78,14906719103635134011,401638246710124619,1,25414.8,25470.6,25598.37,7,4,912,1776200400,12783067906674397734,8800,2026.04.15 23:00:00,23.81,9890357896936300619,3485,25414.8,25470.6,25598.37,7,4,912,1776294000
RG2_USTEC_PERIOD_M5_1776038400_1776466500_3632165528533734308,11890416051714308506,12438,2026.04.17 18:34:37,22.0,15234690269495387263,7167845443223711893,1,26714.22,26715.48,26716.73,2,2,192,1776450877,4464393371689350705,12458,2026.04.17 18:36:03,22.24,7167845443223711893,22,26716.73,26717.95,26719.17,2,2,192,1776450963
RG2_USTEC_PERIOD_M5_1776038400_1776466500_3632165528533734308,5620300916941313631,9684,2026.04.16 04:44:16,15.58,15535793489247102574,1816920336517380757,1,26304.21,26305.14,26306.07,2,2,192,1776314656,1579125228600590167,9687,2026.04.16 05:00:00,15.14,1816920336517380757,6,26304.4,26305.23,26306.07,2,2,192,1776315600
RG2_USTEC_PERIOD_M5_1776038400_1776466500_3632165528533734308,3484359513604748750,5898,2026.04.14 23:00:00,20.18,15598118019126834156,4257094815997434842,1,24535.9,24656.37,24767.2,12,5,964,1776207600,10480559403123930938,6673,2026.04.15 16:59:42,15.73,3920786259124568298,962,24535.9,24669.23,24767.2,12,5,964,1776272382
RG2_USTEC_PERIOD_M5_1776038400_1776466500_3632165528533734308,7818879752450042477,3043,2026.04.14 01:00:00,23.92,15659069771688998360,1102942775764886125,1,25753.15,25820.08,25864.23,4,3,896,1776128400,5187474545254038238,5118,2026.04.14 19:20:39,17.12,1102942775764886125,2277,25753.15,25820.08,25864.23,4,3,896,1776194439
RG2_USTEC_PERIOD_M5_1776038400_1776466500_3632165528533734308,7549311377371797196,887,2026.04.13 10:00:00,13.2,15963376396170443216,14984687074636128433,1,24954.0,24954.1,24954.2,2,2,80,1776074400,8001919753674422851,905,2026.04.13 10:00:15,13.2,14984687074636128433,19,24954.0,24954.79,24955.58,2,2,80,1776074415
RG2_USTEC_PERIOD_M5_1776038400_1776466500_3632165528533734308,16826500074246137359,1571,2026.04.13 16:50:00,15.81,15988570875917503651,10943560168170059085,1,25222.2,25224.95,25227.7,2,2,192,1776099000,15022278338494854511,2116,2026.04.13 19:35:42,22.3,10943560168170059085,574,25222.2,25224.95,25227.7,2,2,192,1776108942
RG2_USTEC_PERIOD_M5_1776038400_1776466500_3632165528533734308,5245694636754833219,11026,2026.04.17 12:00:00,8.91,16187996802456486165,9728595508438650557,1,26273.47,26288.36,26316.15,4,3,146,1776427200,1330520981182636356,11397,2026.04.17 14:55:41,9.61,9728595508438650557,405,26273.47,26288.36,26316.15,4,3,146,1776437741
RG2_USTEC_PERIOD_M5_1776038400_1776466500_3632165528533734308,3550373100131355432,2166,2026.04.13 20:00:00,23.6,16352254217931106262,2523345382504943484,1,25171.0,25172.35,25173.7,2,2,272,1776110400,9981897686465639296,2190,2026.04.13 20:19:15,23.76,2523345382504943484,28,25171.0,25172.35,25173.7,2,2,272,1776111555
RG2_USTEC_PERIOD_M5_1776038400_1776466500_3632165528533734308,12556134087069828936,1,2026.04.13 01:00:00,23.5,16412168552766040319,12443009689910821581,1,23840.57,23992.33,24096.45,10,4,898,1776042000,771147411043285566,3394,2026.04.14 08:00:00,9.44,6445288060816213614,3717,23840.57,23983.98,24096.45,8,4,898,1776153600
RG2_USTEC_PERIOD_M5_1776038400_1776466500_3632165528533734308,4172025490093810814,1601,2026.04.13 16:50:31,15.81,16473758706881608819,5855096651826601981,1,25123.67,25124.43,25125.2,2,2,192,1776099031,6329191420372287129,1609,2026.04.13 16:50:38,15.81,5855096651826601981,9,25125.2,25126.0,25126.8,2,2,192,1776099038
RG2_USTEC_PERIOD_M5_1776038400_1776466500_3632165528533734308,14948246311998531296,6314,2026.04.15 06:00:00,12.18,16811769917073678865,6981876975035400713,1,23645.76,23654.39,23657.79,2,2,258,1776232800,6009531341471100468,6449,2026.04.15 12:00:00,9.47,6981876975035400713,202,23645.76,23654.39,23657.79,2,2,258,1776254400
RG2_USTEC_PERIOD_M5_1776038400_1776466500_3632165528533734308,9833294610544810726,10621,2026.04.17 02:00:00,26.37,16833489430934807589,5150509767424785088,1,26306.07,26307.53,26309.0,2,2,144,1776391200,4694103294428338813,10634,2026.04.17 02:02:39,26.37,5150509767424785088,14,26306.07,26307.53,26309.0,2,2,144,1776391359
RG2_USTEC_PERIOD_M5_1776038400_1776466500_3632165528533734308,11332343664834466343,1161,2026.04.13 14:00:00,11.72,16839759727799667982,14984687074636128433,1,24992.0,24992.4,24992.8,2,2,80,1776088800,12209665433670956685,1163,2026.04.13 14:00:00,11.72,14984687074636128433,3,24992.0,24992.67,24993.35,2,2,80,1776088800
RG2_USTEC_PERIOD_M5_1776038400_1776466500_3632165528533734308,1862186771336929807,1791,2026.04.13 17:57:13,18.96,16847623767513981603,10946621556518713656,1,25171.55,25172.63,25173.7,2,2,320,1776103033,16979945804977450454,1822,2026.04.13 17:57:26,18.96,10946621556518713656,32,25173.7,25174.8,25175.9,2,2,320,1776103046
RG2_USTEC_PERIOD_M5_1776038400_1776466500_3632165528533734308,12783067906674397734,8800,2026.04.15 23:00:00,23.81,16984900957221523052,13141454117714041300,1,24867.43,24867.8,24868.17,2,2,132,1776294000,12783067906674397734,8800,2026.04.15 23:00:00,23.81,13141454117714041300,1,24867.43,24867.8,24868.17,2,2,132,1776294000
RG2_USTEC_PERIOD_M5_1776038400_1776466500_3632165528533734308,12556134087069828936,1,2026.04.13 01:00:00,23.5,17057818591999721088,3361713687202372466,1,24844.1,24854.39,24868.08,3,3,26,1776042000,12940597156258096426,713,2026.04.13 05:00:00,22.3,1026739156006778279,758,24854.0,24855.04,24856.09,2,2,24,1776056400
RG2_USTEC_PERIOD_M5_1776038400_1776466500_3632165528533734308,11529116463973259564,11398,2026.04.17 15:00:00,9.63,17092366771194425507,861184011314148385,1,26284.0,26315.41,26327.13,4,3,146,1776438000,1051501748999624627,11864,2026.04.17 15:59:42,12.32,861184011314148385,478,26284.0,26315.41,26327.13,4,3,146,1776441582
RG2_USTEC_PERIOD_M5_1776038400_1776466500_3632165528533734308,4393186913302926210,12130,2026.04.17 17:00:00,17.85,17143482038161922444,9526561489770237658,1,26267.52,26296.27,26326.0,7,4,402,1776445200,4959621073595586638,12376,2026.04.17 17:50:15,20.15,9526561489770237658,257,26267.52,26296.27,26326.0,7,4,402,1776448215
RG2_USTEC_PERIOD_M5_1776038400_1776466500_3632165528533734308,13931773207992361718,3395,2026.04.14 09:00:00,8.07,17327490054635704081,6445288060816213614,1,23840.57,23988.99,24096.45,8,4,898,1776157200,12783067906674397734,8800,2026.04.15 23:00:00,23.81,11501879726303291222,5814,23840.57,23984.06,24096.45,5,4,898,1776294000
RG2_USTEC_PERIOD_M5_1776038400_1776466500_3632165528533734308,14999681276739086626,3858,2026.04.14 16:00:00,12.18,17457586193160859503,9613084705847685762,1,24510.95,24631.82,24767.2,15,5,964,1776182400,8748534469520550835,5897,2026.04.14 22:59:43,19.87,11696770452263756770,2118,24510.95,24635.93,24767.2,15,5,964,1776207583
RG2_USTEC_PERIOD_M5_1776038400_1776466500_3632165528533734308,11106850983251612908,1903,2026.04.13 18:00:00,19.24,174821580043373533,4697034526713685865,1,24207.7,24313.42,24438.9,3,3,196,1776103200,9981897686465639296,2190,2026.04.13 20:19:15,23.76,4697034526713685865,311,24207.7,24321.6,24438.9,3,3,196,1776111555
RG2_USTEC_PERIOD_M5_1776038400_1776466500_3632165528533734308,2320281221627594445,9109,2026.04.16 02:00:00,21.66,17500472145026556100,11007532620822279729,1,26232.0,26232.05,26232.1,2,2,80,1776304800,2125327795381135045,9122,2026.04.16 02:08:05,20.99,11007532620822279729,15,26232.0,26233.25,26234.5,2,2,80,1776305285
RG2_USTEC_PERIOD_M5_1776038400_1776466500_3632165528533734308,9984210002155793501,10470,2026.04.17 01:01:42,28.54,17523741805876475015,18421416458902748309,1,26302.83,26304.45,26306.07,2,2,192,1776387702,6183751727714569495,10525,2026.04.17 01:03:30,28.54,18421416458902748309,56,26306.07,26307.75,26309.43,2,2,192,1776387810
RG2_USTEC_PERIOD_M5_1776038400_1776466500_3632165528533734308,7818879752450042477,3043,2026.04.14 01:00:00,23.92,17561607483345485578,10274960703090857089,1,24510.95,24557.88,24604.8,3,3,896,1776128400,953343059109946008,3784,2026.04.14 12:02:15,8.95,10274960703090857089,860,24510.95,24557.88,24604.8,3,3,896,1776168135
RG2_USTEC_PERIOD_M5_1776038400_1776466500_3632165528533734308,1330779540653769465,6577,2026.04.15 16:00:00,13.73,17708188264422159179,3427662805220560782,1,25753.15,25829.73,25864.23,7,4,912,1776268800,10949233852969570890,12481,2026.04.17 22:00:00,29.35,6775774305761881159,6471,25753.15,25818.37,25864.23,5,4,912,1776463200
RG2_USTEC_PERIOD_M5_1776038400_1776466500_3632165528533734308,11529116463973259564,11398,2026.04.17 15:00:00,9.63,17830165974584879765,4496434072885735804,1,26352.0,26352.17,26352.35,2,2,272,1776438000,1051501748999624627,11864,2026.04.17 15:59:42,12.32,4496434072885735804,478,26352.0,26352.17,26352.35,2,2,272,1776441582
RG2_USTEC_PERIOD_M5_1776038400_1776466500_3632165528533734308,14288692336867881644,8801,2026.04.16 01:00:00,22.81,1784025367976999415,16141789492066088065,1,26425.45,26463.64,26501.83,3,3,896,1776301200,17117090991177934812,10412,2026.04.16 23:00:00,28.87,16141789492066088065,1853,26425.45,26463.64,26501.83,3,3,896,1776380400
RG2_USTEC_PERIOD_M5_1776038400_1776466500_3632165528533734308,12556134087069828936,1,2026.04.13 01:00:00,23.5,18090328031091322139,6415397661521427204,1,24666.23,24717.4,24767.2,4,3,896,1776042000,17847337476696332378,3042,2026.04.13 23:59:38,23.91,4937580920326119927,3292,24666.23,24725.6,24767.2,5,4,960,1776124778
RG2_USTEC_PERIOD_M5_1776038400_1776466500_3632165528533734308,13662736281670009100,10738,2026.04.17 06:00:00,14.31,18235817430182387947,15439467135679658262,1,25123.84,25124.52,25125.2,2,2,132,1776405600,13662736281670009100,10738,2026.04.17 06:00:00,14.31,15439467135679658262,1,25123.84,25124.52,25125.2,2,2,132,1776405600
RG2_USTEC_PERIOD_M5_1776038400_1776466500_3632165528533734308,16670989097634519671,492,2026.04.13 04:00:00,24.37,1837223103803545916,2513531448442585977,1,24207.7,24266.99,24438.9,3,3,196,1776052800,2813758809413534423,1651,2026.04.13 16:59:42,16.34,4697034526713685865,1298,24207.7,24305.12,24438.9,3,3,196,1776099582
RG2_USTEC_PERIOD_M5_1776038400_1776466500_3632165528533734308,12214154016186557914,12079,2026.04.17 16:10:57,13.68,2181927848190030974,12720980501811971664,1,26644.43,26645.19,26645.95,2,2,320,1776442257,13089303198805160144,12094,2026.04.17 16:11:00,13.68,12720980501811971664,16,26645.95,26646.75,26647.55,2,2,320,1776442260
RG2_USTEC_PERIOD_M5_1776038400_1776466500_3632165528533734308,17892356529782147939,11287,2026.04.17 14:31:42,9.51,218289357278720250,18170011667992107547,1,26398.27,26399.74,26401.2,2,1,64,1776436302,16496313245127571137,11313,2026.04.17 14:48:14,9.57,18170011667992107547,31,26399.4,26401.71,26402.21,2,1,64,1776437294
RG2_USTEC_PERIOD_M5_1776038400_1776466500_3632165528533734308,17117090991177934812,10412,2026.04.16 23:00:00,28.87,2571896181452277993,4322314337437907439,1,25073.95,25074.56,25075.18,2,2,260,1776380400,17117090991177934812,10412,2026.04.16 23:00:00,28.87,4322314337437907439,1,25073.95,25074.56,25075.18,2,2,260,1776380400
RG2_USTEC_PERIOD_M5_1776038400_1776466500_3632165528533734308,11433690774531725001,9543,2026.04.16 04:00:00,16.52,2669295113694231390,4479807796203562467,1,24824.98,24879.32,24901.76,2,2,6,1776312000,13381100907195695058,9688,2026.04.16 05:20:00,13.75,4479807796203562467,159,24826.01,24884.2,24903.82,2,2,6,1776316800
RG2_USTEC_PERIOD_M5_1776038400_1776466500_3632165528533734308,8863419414913977767,10663,2026.04.17 03:00:00,21.97,2671152575036453772,11443055173525148436,1,25098.21,25098.77,25099.33,2,2,132,1776394800,4024940515392669319,10728,2026.04.17 03:33:40,20.99,11443055173525148436,72,25098.21,25098.77,25099.33,2,2,132,1776396820
RG2_USTEC_PERIOD_M5_1776038400_1776466500_3632165528533734308,14288692336867881644,8801,2026.04.16 01:00:00,22.81,288529868023640717,10354634297978648615,1,24874.45,24875.14,24875.83,2,2,260,1776301200,12330561392956794767,9108,2026.04.16 01:49:14,22.64,10354634297978648615,317,24874.45,24875.14,24875.83,2,2,260,1776304154
RG2_USTEC_PERIOD_M5_1776038400_1776466500_3632165528533734308,7818879752450042477,3043,2026.04.14 01:00:00,23.92,3120240410481038979,2287993280435671487,1,23584.0,23659.51,23745.35,5,4,898,1776128400,3484359513604748750,5898,2026.04.14 23:00:00,20.18,2287993280435671487,3097,23584.0,23659.51,23745.35,5,4,898,1776207600
RG2_USTEC_PERIOD_M5_1776038400_1776466500_3632165528533734308,3799000491864895775,4078,2026.04.14 16:46:05,14.12,3155563083669676991,17673439797920688774,1,25414.8,25472.27,25598.37,8,4,912,1776185165,10371658724775759456,5588,2026.04.14 20:51:15,17.71,17673439797920688774,1557,25414.8,25485.15,25598.37,8,4,912,1776199875
RG2_USTEC_PERIOD_M5_1776038400_1776466500_3632165528533734308,5373889424388698629,105,2026.04.13 01:03:39,23.5,3180543075839702458,4288422265321462794,1,24789.0,24790.18,24791.36,2,2,80,1776042219,17751791091297005398,206,2026.04.13 01:30:28,27.66,5859050762447781667,108,24777.31,24778.9,24785.0,2,1,64,1776043828
RG2_USTEC_PERIOD_M5_1776038400_1776466500_3632165528533734308,2234706838059869951,11865,2026.04.17 16:00:00,12.67,341145025731876264,2045056344780401269,1,26278.49,26307.91,26330.48,5,3,146,1776441600,3874865811043719365,12129,2026.04.17 16:14:42,13.68,2045056344780401269,267,26278.49,26307.91,26330.48,5,3,146,1776442482
RG2_USTEC_PERIOD_M5_1776038400_1776466500_3632165528533734308,3682919793591913139,992,2026.04.13 11:00:00,13.15,3703882217182452421,14984687074636128433,1,24963.0,24963.05,24963.1,2,2,80,1776078000,2254130734278616421,1004,2026.04.13 11:03:04,13.15,14984687074636128433,13,24963.0,24963.75,24964.5,2,2,80,1776078184
RG2_USTEC_PERIOD_M5_1776038400_1776466500_3632165528533734308,6971917462525696455,7054,2026.04.15 17:30:41,17.18,3746556623321525058,6610680432042353169,1,25974.29,25975.31,25976.33,2,2,192,1776274241,2862623504384394796,7075,2026.04.15 17:31:37,17.18,6610680432042353169,22,25976.33,25977.32,25978.31,2,2,192,1776274297
RG2_USTEC_PERIOD_M5_1776038400_1776466500_3632165528533734308,6300634838156018644,12478,2026.04.17 20:50:00,27.56,376068539455430923,96944326340835338,1,26288.7,26290.35,26292.0,2,2,80,1776459000,10949233852969570890,12481,2026.04.17 22:00:00,29.35,96944326340835338,14,26288.7,26290.35,26292.0,2,2,80,1776463200
RG2_USTEC_PERIOD_M5_1776038400_1776466500_3632165528533734308,12444162003889268858,1652,2026.04.13 17:00:00,16.77,3761817174531791103,16905054606452211932,1,24207.7,24323.48,24438.9,4,3,196,1776099600,18323004881311960788,1902,2026.04.13 17:58:41,18.96,16905054606452211932,262,24207.7,24323.48,24438.9,4,3,196,1776103121
RG2_USTEC_PERIOD_M5_1776038400_1776466500_3632165528533734308,14874259305181155187,10413,2026.04.17 01:00:00,28.54,3783976085145469657,17291320565260797254,1,26270.25,26271.86,26273.47,2,2,384,1776387600,14787206495151616227,10619,2026.04.17 01:41:11,28.1,17291320565260797254,216,26270.25,26271.86,26273.47,2,2,384,1776390071
RG2_USTEC_PERIOD_M5_1776038400_1776466500_3632165528533734308,8946682088059962453,239,2026.04.13 02:00:00,26.82,4250951281642990267,17710375727424453229,1,24789.0,24790.5,24792.0,2,1,16,1776045600,14361904353777320997,293,2026.04.13 02:49:16,26.53,17710375727424453229,65,24789.0,24790.5,24792.0,2,1,16,1776048556
RG2_USTEC_PERIOD_M5_1776038400_1776466500_3632165528533734308,17557362005345670942,9690,2026.04.16 07:00:00,10.72,4322668053361650527,11007532620822279729,1,26304.0,26304.2,26304.4,2,2,80,1776322800,6007797198362514981,9710,2026.04.16 09:02:40,8.71,1816920336517380757,43,26306.07,26306.54,26307.02,2,2,192,1776330160
RG2_USTEC_PERIOD_M5_1776038400_1776466500_3632165528533734308,6347748934163494042,1065,2026.04.13 13:56:30,11.46,4392782411314921221,12165577404546434014,1,24974.27,24974.81,24975.35,2,2,320,1776088590,7385300756927200052,1071,2026.04.13 13:56:37,11.46,12165577404546434014,7,24975.35,24975.91,24976.48,2,2,320,1776088597
RG2_USTEC_PERIOD_M5_1776038400_1776466500_3632165528533734308,12556134087069828936,1,2026.04.13 01:00:00,23.5,445159555587121438,7260262108196309131,1,25414.8,25488.4,25598.37,5,3,896,1776042000,16923216230901997178,2946,2026.04.13 23:36:29,24.12,7260262108196309131,3192,25414.8,25488.4,25598.37,5,3,896,1776123389
RG2_USTEC_PERIOD_M5_1776038400_1776466500_3632165528533734308,1668425979792990856,2659,2026.04.13 22:55:29,24.5,4516516452231617310,6782537783100004944,1,25370.41,25371.81,25373.2,2,2,320,1776120929,14435511092050041177,2697,2026.04.13 22:56:31,24.5,6782537783100004944,39,25373.2,25374.65,25376.11,2,2,320,1776120991
RG2_USTEC_PERIOD_M5_1776038400_1776466500_3632165528533734308,14874259305181155187,10413,2026.04.17 01:00:00,28.54,4791967760270301496,15198960494245383518,1,26349.07,26350.71,26352.35,2,2,384,1776387600,14787206495151616227,10619,2026.04.17 01:41:11,28.1,15198960494245383518,216,26349.07,26350.71,26352.35,2,2,384,1776390071
RG2_USTEC_PERIOD_M5_1776038400_1776466500_3632165528533734308,12556134087069828936,1,2026.04.13 01:00:00,23.5,4871468859656800085,7070842382514978417,1,24462.5,24534.14,24604.8,6,3,896,1776042000,17847337476696332378,3042,2026.04.13 23:59:38,23.91,7070842382514978417,3292,24462.5,24534.14,24604.8,6,3,896,1776124778
RG2_USTEC_PERIOD_M5_1776038400_1776466500_3632165528533734308,8079415641293149925,11465,2026.04.17 15:03:13,9.63,5195256710328231199,16196103270266568321,1,26424.41,26478.46,26558.97,8,4,960,1776438193,10949233852969570890,12481,2026.04.17 22:00:00,29.35,15952883499638435500,1092,26425.45,26486.18,26558.97,7,3,896,1776463200
RG2_USTEC_PERIOD_M5_1776038400_1776466500_3632165528533734308,6653772460569399762,9825,2026.04.16 11:00:00,9.27,5199187724432773457,11007532620822279729,1,26325.0,26325.15,26325.3,2,2,80,1776337200,6653772460569399762,9825,2026.04.16 11:00:00,9.27,11007532620822279729,1,26325.0,26325.15,26325.3,2,2,80,1776337200
RG2_USTEC_PERIOD_M5_1776038400_1776466500_3632165528533734308,14596757156886619961,1860,2026.04.13 17:58:20,18.96,548284690987111228,2553855853428539921,1,25182.17,25183.27,25184.37,2,2,192,1776103100,16506817315065468677,1877,2026.04.13 17:58:30,18.96,2553855853428539921,18,25184.37,25185.47,25186.58,2,2,192,1776103110
RG2_USTEC_PERIOD_M5_1776038400_1776466500_3632165528533734308,14076307789228340072,1080,2026.04.13 13:57:28,11.46,5778486887649438233,6470307798633797297,1,24979.75,24980.38,24981.0,2,2,80,1776088648,452049046434378051,1109,2026.04.13 13:58:38,11.46,14381582091513118801,30,24982.43,24983.06,24983.68,2,2,192,1776088718
RG2_USTEC_PERIOD_M5_1776038400_1776466500_3632165528533734308,4159102850481696271,1565,2026.04.13 16:49:40,14.74,5993357276413241449,4002616319994890622,1,25107.77,25108.39,25109.0,2,2,80,1776098980,4642162957378869468,1568,2026.04.13 16:49:41,14.74,4002616319994890622,4,25109.0,25109.68,25110.36,2,2,80,1776098981
RG2_USTEC_PERIOD_M5_1776038400_1776466500_3632165528533734308,7477459569140830546,5899,2026.04.15 01:00:00,18.87,5995967085300598789,5592940110125304787,1,25687.17,25688.08,25689.0,2,2,144,1776214800,15971183529880446184,6262,2026.04.15 03:00:00,15.5,5592940110125304787,386,25687.17,25688.08,25689.0,2,2,144,1776222000
RG2_USTEC_PERIOD_M5_1776038400_1776466500_3632165528533734308,14874259305181155187,10413,2026.04.17 01:00:00,28.54,6315357624462220788,11892159436494291073,1,25273.45,25299.08,25324.7,3,3,896,1776387600,15639022826572073719,12475,2026.04.17 18:36:15,22.24,11892159436494291073,2256,25273.45,25299.08,25324.7,3,3,896,1776450975
RG2_USTEC_PERIOD_M5_1776038400_1776466500_3632165528533734308,7298634685811037437,2066,2026.04.13 19:29:42,21.77,6388464734814894320,5639294547903421969,1,25230.56,25230.9,25231.23,2,2,192,1776108582,10033676491297036402,2074,2026.04.13 19:33:38,22.02,5639294547903421969,9,25231.23,25232.38,25233.52,2,2,192,1776108818
RG2_USTEC_PERIOD_M5_1776038400_1776466500_3632165528533734308,10054133125861068880,11668,2026.04.17 15:30:00,10.49,6413849720304183788,3036439422806545246,1,24536.23,24674.62,24761.8,4,4,960,1776439800,10949233852969570890,12481,2026.04.17 22:00:00,29.35,3036439422806545246,883,24536.23,24674.62,24761.8,4,4,960,1776463200
RG2_USTEC_PERIOD_M5_1776038400_1776466500_3632165528533734308,4051108307129673686,2191,2026.04.13 21:00:00,23.97,6443909834639097499,11348262742614193530,1,24207.7,24348.13,24438.9,4,3,196,1776114000,10264545745342315658,2300,2026.04.13 21:55:41,24.43,11348262742614193530,122,24207.7,24348.13,24438.9,4,3,196,1776117341
RG2_USTEC_PERIOD_M5_1776038400_1776466500_3632165528533734308,12812208844918652883,9352,2026.04.16 03:47:34,16.77,6534128278401987744,3744841772745342032,1,26268.26,26269.25,26270.25,2,2,320,1776311254,6259700932819580645,9380,2026.04.16 03:48:39,16.77,3744841772745342032,29,26270.25,26271.21,26272.16,2,2,320,1776311319
RG2_USTEC_PERIOD_M5_1776038400_1776466500_3632165528533734308,9833294610544810726,10621,2026.04.17 02:00:00,26.37,6607491309045310729,6899098937586654807,1,25089.15,25090.06,25090.96,2,2,260,1776391200,3068967911357106825,10662,2026.04.17 02:40:15,22.88,6899098937586654807,49,25089.15,25090.06,25090.96,2,2,260,1776393615
RG2_USTEC_PERIOD_M5_1776038400_1776466500_3632165528533734308,3484359513604748750,5898,2026.04.14 23:00:00,20.18,6965917407826691214,10274960703090857089,1,24510.95,24557.88,24604.8,3,3,896,1776207600,3484359513604748750,5898,2026.04.14 23:00:00,20.18,10274960703090857089,1,24510.95,24557.88,24604.8,3,3,896,1776207600
RG2_USTEC_PERIOD_M5_1776038400_1776466500_3632165528533734308,14288692336867881644,8801,2026.04.16 01:00:00,22.81,7129592243983785944,12603340599020964860,1,26051.0,26082.2,26125.67,5,3,896,1776301200,17117090991177934812,10412,2026.04.16 23:00:00,28.87,12603340599020964860,1853,26051.0,26082.2,26125.67,5,3,896,1776380400
RG2_USTEC_PERIOD_M5_1776038400_1776466500_3632165528533734308,18185815033758709969,11400,2026.04.17 15:01:31,9.63,714321916825733770,2253846594606741653,1,26413.71,26414.27,26414.83,2,2,192,1776438091,5405928924773504985,11411,2026.04.17 15:01:40,9.63,2253846594606741653,12,26414.83,26415.35,26415.87,2,2,192,1776438100
RG2_USTEC_PERIOD_M5_1776038400_1776466500_3632165528533734308,5893078387490282429,1018,2026.04.13 12:00:00,12.35,7239417932088586082,14984687074636128433,1,24965.0,24965.3,24965.6,2,2,80,1776081600,11644423839202175402,1029,2026.04.13 12:35:27,11.96,14984687074636128433,19,24965.0,24965.71,24966.42,2,2,80,1776083727
RG2_USTEC_PERIOD_M5_1776038400_1776466500_3632165528533734308,10920350450321808356,10032,2026.04.16 18:00:00,18.84,7504317810531602518,5461764692481318387,1,26304.0,26305.03,26306.07,2,2,144,1776362400,10985054262795947197,10408,2026.04.16 19:20:15,22.04,5461764692481318387,393,26304.0,26305.03,26306.07,2,2,144,1776367215
RG2_USTEC_PERIOD_M5_1776038400_1776466500_3632165528533734308,14288692336867881644,8801,2026.04.16 01:00:00,22.81,7569208215760279709,6151598076968908252,1,25421.15,25421.43,25421.7,2,2,384,1776301200,10949233852969570890,12481,2026.04.17 22:00:00,29.35,6151598076968908252,4161,25421.15,25421.43,25421.7,2,2,384,1776463200
RG2_USTEC_PERIOD_M5_1776038400_1776466500_3632165528533734308,12556134087069828936,1,2026.04.13 01:00:00,23.5,7786706074339879611,2316814850306514545,1,25241.5,25284.57,25324.7,6,3,896,1776042000,17117090991177934812,10412,2026.04.16 23:00:00,28.87,2316814850306514545,11406,25241.5,25284.57,25324.7,6,3,896,1776380400
RG2_USTEC_PERIOD_M5_1776038400_1776466500_3632165528533734308,15584470941810791724,5119,2026.04.14 19:20:39,17.12,7977253009393222955,16896744263449534178,1,25751.2,25806.31,25864.23,5,4,960,1776194439,14948246311998531296,6314,2026.04.15 06:00:00,12.18,7141736046423424487,1302,25753.15,25825.44,25864.23,7,4,912,1776232800
RG2_USTEC_PERIOD_M5_1776038400_1776466500_3632165528533734308,7477459569140830546,5899,2026.04.15 01:00:00,18.87,8039902357508539103,8318652996521106963,1,25248.67,25320.96,25393.25,3,3,896,1776214800,4959621073595586638,12376,2026.04.17 17:50:15,20.15,8318652996521106963,7166,25248.67,25320.96,25393.25,3,3,896,1776448215
RG2_USTEC_PERIOD_M5_1776038400_1776466500_3632165528533734308,10836677788693453772,1535,2026.04.13 16:49:29,14.74,8198312759953183579,408983538432563166,1,25081.81,25082.6,25083.4,2,2,320,1776098969,6111207203690570459,1538,2026.04.13 16:49:29,14.74,408983538432563166,4,25083.4,25083.9,25084.41,2,2,320,1776098969
RG2_USTEC_PERIOD_M5_1776038400_1776466500_3632165528533734308,2911882474206959385,1259,2026.04.13 14:05:00,12.02,8279017509830333237,6613426273112637011,1,24981.0,24981.72,24982.43,2,2,144,1776089100,17847337476696332378,3042,2026.04.13 23:59:38,23.91,6613426273112637011,1893,24981.0,24981.72,24982.43,2,2,144,1776124778
RG2_USTEC_PERIOD_M5_1776038400_1776466500_3632165528533734308,17446543606692924674,1260,2026.04.13 15:00:00,12.75,833260788036869816,14984687074636128433,1,25029.0,25029.1,25029.2,2,2,80,1776092400,13718528109216455580,1270,2026.04.13 16:23:39,13.84,14984687074636128433,26,25029.0,25029.77,25030.54,2,2,80,1776097419
RG2_USTEC_PERIOD_M5_1776038400_1776466500_3632165528533734308,3438297189081684215,10741,2026.04.17 07:20:00,10.37,8391471189658281407,4443484554466030099,1,24536.23,24646.69,24757.15,3,3,896,1776410400,16106308400648713315,11667,2026.04.17 15:25:42,10.22,4443484554466030099,1019,24536.23,24646.69,24757.15,3,3,896,1776439542
RG2_USTEC_PERIOD_M5_1776038400_1776466500_3632165528533734308,14874259305181155187,10413,2026.04.17 01:00:00,28.54,844332964625947669,15952883499638435500,1,26425.45,26486.18,26558.97,7,3,896,1776387600,6413307046988715166,11464,2026.04.17 15:03:12,9.63,15952883499638435500,1205,26425.45,26486.18,26558.97,7,3,896,1776438192
RG2_USTEC_PERIOD_M5_1776038400_1776466500_3632165528533734308,12209393173630006598,10146,2026.04.16 18:36:27,20.47,854755538424250314,8875696450229757261,1,26347.06,26348.06,26349.07,2,2,192,1776364587,15052586515074014194,10153,2026.04.16 18:36:28,20.47,8875696450229757261,8,26349.07,26350.18,26351.3,2,2,192,1776364588
RG2_USTEC_PERIOD_M5_1776038400_1776466500_3632165528533734308,10595904733621223789,9818,2026.04.16 10:00:00,8.78,8642744893610709724,11007532620822279729,1,26324.0,26324.35,26324.7,2,2,80,1776333600,3399186866414410464,9821,2026.04.16 10:40:58,9.08,11007532620822279729,11,26324.0,26324.5,26324.99,2,2,80,1776336058
RG2_USTEC_PERIOD_M5_1776038400_1776466500_3632165528533734308,5260506607981333680,3249,2026.04.14 02:00:00,22.47,8689643498055573217,16673705713318279945,1,25414.8,25461.49,25598.37,9,5,976,1776132000,17742980202420172642,4077,2026.04.14 16:46:04,14.12,16673705713318279945,992,25414.8,25486.46,25599.93,9,5,976,1776185164
RG2_USTEC_PERIOD_M5_1776038400_1776466500_3632165528533734308,243046583743054961,10211,2026.04.16 19:00:00,21.86,8807454894461614029,12778402023413107686,1,25021.27,25021.99,25022.7,2,2,132,1776366000,10985054262795947197,10408,2026.04.16 19:20:15,22.04,12778402023413107686,202,25021.27,25021.99,25022.7,2,2,132,1776367215
RG2_USTEC_PERIOD_M5_1776038400_1776466500_3632165528533734308,1725099514780628161,10860,2026.04.17 11:41:37,8.97,9030187699364926188,8784033931787514168,1,26351.33,26351.84,26352.35,2,2,320,1776426097,10591631860992761357,10879,2026.04.17 11:42:13,8.97,8784033931787514168,20,26352.35,26352.86,26353.37,2,2,320,1776426133
RG2_USTEC_PERIOD_M5_1776038400_1776466500_3632165528533734308,12556134087069828936,1,2026.04.13 01:00:00,23.5,9067365144429368355,6613426273112637011,1,24981.0,24981.72,24982.43,2,2,144,1776042000,12877999870238974608,1047,2026.04.13 12:35:39,11.96,6613426273112637011,1174,24981.0,24981.72,24982.43,2,2,144,1776083739
RG2_USTEC_PERIOD_M5_1776038400_1776466500_3632165528533734308,13538439190204692873,744,2026.04.13 08:00:00,18.42,9137257465377465507,14984687074636128433,1,24930.0,24930.15,24930.3,2,2,80,1776067200,15514957959721458454,754,2026.04.13 09:17:19,17.84,14984687074636128433,25,24930.0,24930.97,24931.93,2,2,80,1776071839
RG2_USTEC_PERIOD_M5_1776038400_1776466500_3632165528533734308,1918200293806131242,10737,2026.04.17 05:00:00,16.36,9152793937209616091,13990060900719178417,1,26341.0,26341.75,26342.5,2,2,80,1776402000,1918200293806131242,10737,2026.04.17 05:00:00,16.36,13990060900719178417,1,26341.0,26341.75,26342.5,2,2,80,1776402000
RG2_USTEC_PERIOD_M5_1776038400_1776466500_3632165528533734308,1620080045656767278,709,2026.04.13 04:57:41,22.53,9330547218358769815,13860908188205834289,1,24924.91,24926.21,24927.5,2,2,192,1776056261,13009004566525392150,739,2026.04.13 07:55:39,18.38,13860908188205834289,63,24927.5,24928.53,24929.56,2,2,192,1776066939
RG2_USTEC_PERIOD_M5_1776038400_1776466500_3632165528533734308,12783067906674397734,8800,2026.04.15 23:00:00,23.81,9451842472841220121,9888144078442189054,1,25041.28,25087.74,25114.55,3,3,266,1776294000,6894740866908178793,9243,2026.04.16 02:51:41,18.46,14357539772318082501,477,25044.98,25082.74,25119.17,2,2,258,1776307901
RG2_USTEC_PERIOD_M5_1776038400_1776466500_3632165528533734308,1492915807090621183,12377,2026.04.17 18:00:00,20.61,9488296787968396488,3215038897635551153,1,25248.67,25305.38,25393.25,4,4,900,1776448800,10949233852969570890,12481,2026.04.17 22:00:00,29.35,7250815948580062385,147,25248.67,25311.28,25393.25,7,4,900,1776463200
RG2_USTEC_PERIOD_M5_1776038400_1776466500_3632165528533734308,6883601863209252563,2947,2026.04.13 23:36:35,24.12,9539212913685877510,4188785384676132496,1,25411.91,25475.65,25598.37,6,4,960,1776123395,16680000016134132006,3248,2026.04.14 01:55:59,22.85,14632252869660224398,315,25414.8,25471.2,25598.37,7,4,960,1776131759
RG2_USTEC_PERIOD_M5_1776038400_1776466500_3632165528533734308,6205141368093064848,6604,2026.04.15 16:50:00,15.48,9662079687039411759,5592940110125304787,1,25687.17,25688.08,25689.0,2,2,144,1776271800,10949233852969570890,12481,2026.04.17 22:00:00,29.35,11909930761624803754,6435,25619.83,25690.71,25763.95,4,3,896,1776463200
RG2_USTEC_PERIOD_M5_1776038400_1776466500_3632165528533734308,6300634838156018644,12478,2026.04.17 20:50:00,27.56,9948362871724662550,15198960494245383518,1,26349.07,26350.71,26352.35,2,2,384,1776459000,10949233852969570890,12481,2026.04.17 22:00:00,29.35,15198960494245383518,15,26349.07,26350.71,26352.35,2,2,384,1776463200
RG2_USTEC_PERIOD_M5_1776038400_1776466500_3632165528533734308,12556134087069828936,1,2026.04.13 01:00:00,23.5,9969357151577018058,10943560168170059085,1,25222.2,25224.95,25227.7,2,2,192,1776042000,11298823105788454287,871,2026.04.13 09:24:41,17.75,10943560168170059085,963,25222.2,25224.95,25227.7,2,2,192,1776072281
RG2_USTEC_PERIOD_M5_1776038400_1776466500_3632165528533734308,7818879752450042477,3043,2026.04.14 01:00:00,23.92,9999131264673991156,4268139960385230646,1,24535.9,24660.46,24767.2,11,4,960,1776128400,13196195532464840821,3857,2026.04.14 15:30:15,11.33,4268139960385230646,973,24535.9,24660.46,24767.2,11,4,960,1776180615
RG2_USTEC_PERIOD_M5_1784505600_1784933700_16636102961176583068,15614374120538078962,9456,2026.07.23 22:00:00,47.02,10017379703832963172,15926410024948485820,1,28604.63,28605.82,28607.0,2,2,144,1784844000,16196087686958859485,9457,2026.07.23 22:15:00,47.43,15926410024948485820,4,28604.63,28605.82,28607.0,2,2,144,1784844900
RG2_USTEC_PERIOD_M5_1784505600_1784933700_16636102961176583068,11515469671548368951,1,2026.07.20 01:00:00,54.99,1006279766400994849,6331658984300078655,1,29181.23,29306.65,29434.12,11,5,902,1784509200,4226655137866405894,1510,2026.07.20 23:00:00,46.32,16756212911520085222,1746,29181.23,29286.04,29414.03,10,5,902,1784588400
RG2_USTEC_PERIOD_M5_1784505600_1784933700_16636102961176583068,17345793371597995600,6535,2026.07.22 15:56:31,24.9,10201169751140141366,8270955090509983938,1,28822.75,28824.0,28825.25,2,2,320,1784735791,11616096120344813324,6543,2026.07.22 15:56:39,24.9,1159421706988845450,8,28813.1,28814.05,28815.0,2,2,80,1784735799
RG2_USTEC_PERIOD_M5_1784505600_1784933700_16636102961176583068,840821145149160139,9459,2026.07.24 01:00:00,48.11,10314456917957771673,12488568093280115027,1,28186.07,28188.12,28190.17,2,1,128,1784854800,2320412392012824957,9861,2026.07.24 04:00:00,35.5,12488568093280115027,435,28186.07,28188.12,28190.17,2,1,128,1784865600
RG2_USTEC_PERIOD_M5_1784505600_1784933700_16636102961176583068,1587702779711377384,3594,2026.07.21 11:07:00,24.89,10628182168863677552,3105527426947480145,1,28986.0,28986.4,28986.8,2,2,80,1784632020,2194301898145102144,3602,2026.07.21 11:24:39,24.74,3105527426947480145,12,28986.0,28987.35,28988.71,2,2,80,1784633079
RG2_USTEC_PERIOD_M5_1784505600_1784933700_16636102961176583068,8767659525202288934,1511,2026.07.21 01:00:00,44.57,10926531829361119820,18059369374499012085,1,29050.0,29246.21,29414.03,14,5,902,1784595600,11918272279839750276,1860,2026.07.21 02:45:41,37.99,5986879561842714629,370,29050.0,29246.13,29414.03,14,5,902,1784601941
RG2_USTEC_PERIOD_M5_1784505600_1784933700_16636102961176583068,12655531664078893194,6597,2026.07.23 01:00:00,33.21,10936907931076140937,4661079313243633129,1,28797.9,28811.65,28849.1,4,4,464,1784768400,15050205625556716027,7667,2026.07.23 10:44:41,27.38,4661079313243633129,1172,28797.9,28811.65,28849.1,4,4,464,1784803481
RG2_USTEC_PERIOD_M5_1784505600_1784933700_16636102961176583068,7407628965071796566,3834,2026.07.21 16:00:00,20.53,11483651777820540793,6243203429661001101,1,28686.5,28686.75,28687.0,2,2,272,1784649600,7454951522994068185,4028,2026.07.21 16:30:16,20.77,6243203429661001101,200,28686.5,28686.75,28687.0,2,2,272,1784651416
RG2_USTEC_PERIOD_M5_1784505600_1784933700_16636102961176583068,4807051692442885765,4029,2026.07.21 17:00:00,23.76,11584678865715327493,5099550636043826043,1,28700.0,28701.0,28702.0,2,1,16,1784653200,11379045623494322358,4063,2026.07.21 17:48:41,27.9,5099550636043826043,44,28700.0,28701.0,28702.0,2,1,16,1784656121
RG2_USTEC_PERIOD_M5_1784505600_1784933700_16636102961176583068,4805109301246506179,1432,2026.07.20 16:43:27,28.04,11717308359763435925,13004425595109582669,1,28992.17,28993.82,28995.47,2,2,192,1784565807,15653205772380283790,1451,2026.07.20 16:43:37,28.04,13004425595109582669,20,28995.47,28997.13,28998.8,2,2,192,1784565817
RG2_USTEC_PERIOD_M5_1784505600_1784933700_16636102961176583068,13621960880895974818,3619,2026.07.21 11:25:14,24.68,11790048529488661535,3583726563180878157,1,28992.57,28994.02,28995.47,2,2,192,1784633114,5148434520921718095,3648,2026.07.21 11:30:04,24.25,3583726563180878157,30,28995.47,28996.87,28998.27,2,2,192,1784633404
RG2_USTEC_PERIOD_M5_1784505600_1784933700_16636102961176583068,16847150906227581839,1501,2026.07.20 16:45:17,28.34,1196027895322304224,17585622479295247899,1,29015.6,29019.4,29023.2,2,1,64,1784565917,11330337796946451796,3214,2026.07.21 07:06:42,28.95,17585622479295247899,1859,29002.3,29019.4,29023.2,2,1,64,1784617602
RG2_USTEC_PERIOD_M5_1784505600_1784933700_16636102961176583068,13385102647453361468,1504,2026.07.20 18:00:00,34.81,12017443030010201703,17924633816476144467,1,28806.0,28808.0,28810.0,2,1,16,1784570400,8433419926566425939,1505,2026.07.20 19:00:00,37.72,17924633816476144467,13,28810.0,28812.0,28814.0,2,1,16,1784574000
RG2_USTEC_PERIOD_M5_1784505600_1784933700_16636102961176583068,15308164754231512459,7385,2026.07.23 10:00:00,26.57,12189621059696617083,8988085385065765427,1,28923.79,28937.75,28945.3,4,4,402,1784800800,9215505267537888300,7746,2026.07.23 12:00:00,28.4,11004825815600184991,382,28921.0,28934.4,28945.3,5,4,402,1784808000
RG2_USTEC_PERIOD_M5_1784505600_1784933700_16636102961176583068,1020750336410719919,9714,2026.07.24 01:55:00,47.1,12269453210363307271,9750309465526839941,1,29050.0,29129.63,29199.07,14,7,982,1784858100,13967117553279171237,11243,2026.07.24 22:00:00,47.13,6106788788473773167,1744,29050.0,29135.87,29199.07,12,5,976,1784930400
RG2_USTEC_PERIOD_M5_1784505600_1784933700_16636102961176583068,17598458783357060238,825,2026.07.20 12:51:37,30.68,12332787820658311764,2478359925740778808,1,28796.45,28798.25,28800.05,2,2,320,1784551897,7108793520988832871,850,2026.07.20 12:52:20,30.68,2478359925740778808,26,28800.05,28801.84,28803.64,2,2,320,1784551940
RG2_USTEC_PERIOD_M5_1784505600_1784933700_16636102961176583068,15120175183565442126,6555,2026.07.22 17:00:00,28.33,12622675691998686041,7232606037575074940,1,29204.75,29331.69,29414.03,8,4,898,1784739600,15614374120538078962,9456,2026.07.23 22:00:00,47.02,5544010777898437240,3201,29204.75,29329.64,29414.03,11,4,898,1784844000
RG2_USTEC_PERIOD_M5_1784505600_1784933700_16636102961176583068,1850461959329028476,373,2026.07.20 02:00:00,56.39,13145754071114034379,634995654832431313,1,28673.0,28673.4,28673.8,2,2,80,1784512800,17458326555665798492,397,2026.07.20 02:43:13,56.7,634995654832431313,33,28673.0,28676.32,28679.63,2,2,80,1784515393
RG2_USTEC_PERIOD_M5_1784505600_1784933700_16636102961176583068,12655531664078893194,6597,2026.07.23 01:00:00,33.21,13235843032097834774,10298456397127741609,1,28962.06,28974.79,28983.07,3,3,82,1784768400,9725780839776631316,7384,2026.07.23 09:00:00,27.1,8039768163320635500,871,28964.97,28976.42,28985.56,3,2,18,1784797200
RG2_USTEC_PERIOD_M5_1784505600_1784933700_16636102961176583068,14625625719860033485,10761,2026.07.24 09:00:00,28.02,13242964255279222139,4736610846721134094,1,29036.91,29037.29,29037.67,2,2,132,1784883600,14625625719860033485,10761,2026.07.24 09:00:00,28.02,4736610846721134094,1,29036.91,29037.29,29037.67,2,2,132,1784883600
RG2_USTEC_PERIOD_M5_1784505600_1784933700_16636102961176583068,10306883058663157388,8715,2026.07.23 17:00:00,33.64,13319655432938439422,10265621227526443684,1,28810.97,28812.98,28815.0,2,2,144,1784826000,11491166282757801405,9458,2026.07.23 23:00:00,48.6,10265621227526443684,807,28810.97,28812.98,28815.0,2,2,144,1784847600
RG2_USTEC_PERIOD_M5_1784505600_1784933700_16636102961176583068,7071119582556709718,4707,2026.07.22 01:00:00,29.12,13455867769459317739,15607762206416337223,1,29484.75,29561.1,29609.45,6,4,960,1784682000,11491166282757801405,9458,2026.07.23 23:00:00,48.6,13225101361966269464,5236,29484.75,29562.42,29609.45,5,3,896,1784847600
RG2_USTEC_PERIOD_M5_1784505600_1784933700_16636102961176583068,6988673841803977020,3120,2026.07.21 06:49:40,29.94,13784153930608238667,11853413654343732241,1,28897.42,28899.18,28900.93,2,2,192,1784616580,16603746731579149177,3215,2026.07.21 07:50:00,26.37,9879532929909202579,108,28900.93,28902.47,28904.0,2,2,144,1784620200
RG2_USTEC_PERIOD_M5_1784505600_1784933700_16636102961176583068,6275931172264749557,4264,2026.07.21 18:25:00,29.66,13791778090363537154,9234564180295998598,1,28717.47,28719.23,28721.0,2,2,144,1784658300,17415147057267441906,4321,2026.07.21 18:27:15,29.66,9234564180295998598,58,28717.47,28719.23,28721.0,2,2,144,1784658435
RG2_USTEC_PERIOD_M5_1784505600_1784933700_16636102961176583068,840821145149160139,9459,2026.07.24 01:00:00,48.11,14158287948100486224,2129134716948964751,1,29050.0,29290.46,29609.45,33,7,982,1784854800,18149745685324175333,9713,2026.07.24 01:54:39,48.03,2129134716948964751,265,29050.0,29290.46,29609.45,33,7,982,1784858079
RG2_USTEC_PERIOD_M5_1784505600_1784933700_16636102961176583068,8767659525202288934,1511,2026.07.21 01:00:00,44.57,14283558520848148810,704545207138175507,1,28235.87,28281.73,28327.6,3,3,896,1784595600,5347360291862718278,4706,2026.07.21 23:00:00,30.21,704545207138175507,3431,28235.87,28281.73,28327.6,3,3,896,1784674800
RG2_USTEC_PERIOD_M5_1784505600_1784933700_16636102961176583068,11815000822998632072,2562,2026.07.21 06:02:29,31.81,14393997345854976745,17995217846180969272,1,28796.34,28798.19,28800.05,2,2,320,1784613749,17512514115002069721,2616,2026.07.21 06:11:14,31.18,17995217846180969272,57,28800.05,28801.91,28803.78,2,2,320,1784614274
RG2_USTEC_PERIOD_M5_1784505600_1784933700_16636102961176583068,11457295026460320243,3175,2026.07.21 07:00:00,29.27,14685412701801782553,974985508964648380,1,28603.0,28603.82,28604.63,2,2,144,1784617200,18157224349866810419,3301,2026.07.21 08:58:42,24.85,14037227287039371300,148,28608.0,28608.3,28608.6,2,2,144,1784624322
RG2_USTEC_PERIOD_M5_1784505600_1784933700_16636102961176583068,2027589720493707467,3559,2026.07.21 10:00:00,24.8,14772163429445610871,3105527426947480145,1,28981.0,28981.45,28981.9,2,2,80,1784628000,956420821917092081,3571,2026.07.21 10:03:30,24.8,3105527426947480145,13,28981.0,28982.47,28983.94,2,2,80,1784628210
RG2_USTEC_PERIOD_M5_1784505600_1784933700_16636102961176583068,4262780883449624990,1509,2026.07.20 22:05:00,44.23,14977566475691078656,2416695326937577246,1,29521.17,29523.81,29526.45,2,2,384,1784585100,4226655137866405894,1510,2026.07.20 23:00:00,46.32,2416695326937577246,12,29521.17,29523.81,29526.45,2,2,384,1784588400
RG2_USTEC_PERIOD_M5_1784505600_1784933700_16636102961176583068,8767659525202288934,1511,2026.07.21 01:00:00,44.57,15018890796598601837,13486770239708920870,1,29960.4,30064.94,30185.87,8,3,896,1784595600,5347360291862718278,4706,2026.07.21 23:00:00,30.21,13486770239708920870,3431,29960.4,30064.94,30185.87,8,3,896,1784674800
RG2_USTEC_PERIOD_M5_1784505600_1784933700_16636102961176583068,6269818517763751061,5942,2026.07.22 09:00:00,20.44,15054712720255209316,2175108973754433135,1,29204.75,29310.64,29414.03,8,4,900,1784710800,7548316407103608357,6298,2026.07.22 09:24:16,21.02,2175108973754433135,361,29204.75,29310.64,29414.03,8,4,900,1784712256
RG2_USTEC_PERIOD_M5_1784505600_1784933700_16636102961176583068,18003125610274456850,11116,2026.07.24 17:25:00,34.21,15163169042394351391,12488568093280115027,1,28186.07,28188.12,28190.17,2,1,128,1784913900,8389138385855234450,11405,2026.07.24 22:16:15,48.14,12488568093280115027,342,28186.07,28188.12,28190.17,2,1,128,1784931375
RG2_USTEC_PERIOD_M5_1784505600_1784933700_16636102961176583068,8767659525202288934,1511,2026.07.21 01:00:00,44.57,15429613666852446151,13396814963703112956,1,28809.2,28809.6,28810.0,2,2,272,1784595600,5347360291862718278,4706,2026.07.21 23:00:00,30.21,13396814963703112956,3431,28809.2,28809.6,28810.0,2,2,272,1784674800
RG2_USTEC_PERIOD_M5_1784505600_1784933700_16636102961176583068,2891325634502450290,6418,2026.07.22 14:43:40,23.21,15436315406081152167,2473757853481132182,1,28856.47,28945.84,29018.85,7,4,912,1784731420,9663658678812485391,6424,2026.07.22 14:43:41,23.21,2473757853481132182,7,28856.47,28945.84,29018.85,7,4,912,1784731421
RG2_USTEC_PERIOD_M5_1784505600_1784933700_16636102961176583068,5524676300201498772,6749,2026.07.23 01:05:37,34.02,15449175993351485711,17834771889206855362,1,28901.9,28903.87,28905.84,2,2,320,1784768737,13628886303968770556,6769,2026.07.23 01:07:38,34.02,17834771889206855362,21,28898.15,28900.03,28901.9,2,2,320,1784768858
RG2_USTEC_PERIOD_M5_1784505600_1784933700_16636102961176583068,17026948929608316775,1506,2026.07.20 20:00:00,39.89,15556253393116430166,16984509910080763741,1,28614.83,28623.58,28643.48,2,2,18,1784577600,4262780883449624990,1509,2026.07.20 22:05:00,44.23,16984509910080763741,26,28614.83,28630.58,28643.48,2,2,18,1784585100
RG2_USTEC_PERIOD_M5_1784505600_1784933700_16636102961176583068,14484057522557479814,7794,2026.07.23 15:00:00,27.41,15902795250933184713,364270856284303152,1,29649.2,29771.61,29871.3,6,4,898,1784818800,11491166282757801405,9458,2026.07.23 23:00:00,48.6,364270856284303152,1750,29649.2,29771.53,29871.3,6,4,898,1784847600
RG2_USTEC_PERIOD_M5_1784505600_1784933700_16636102961176583068,4691595638078458199,2480,2026.07.21 06:00:00,31.81,15964268513948817449,10620374710293862475,1,28686.0,28686.25,28686.5,2,2,272,1784613600,1710840291400202461,3174,2026.07.21 06:55:16,29.54,10620374710293862475,707,28686.0,28686.25,28686.5,2,2,272,1784616916
RG2_USTEC_PERIOD_M5_1784505600_1784933700_16636102961176583068,11457295026460320243,3175,2026.07.21 07:00:00,29.27,16041594389520929160,7761447297494735136,1,28716.0,28716.73,28717.47,2,2,144,1784617200,16603746731579149177,3215,2026.07.21 07:50:00,26.37,7761447297494735136,50,28716.0,28716.73,28717.47,2,2,144,1784620200
RG2_USTEC_PERIOD_M5_1784505600_1784933700_16636102961176583068,2040876701880720910,4064,2026.07.21 18:00:00,28.27,16428160259055077409,13428800314921759428,1,29204.75,29324.18,29432.46,10,5,902,1784656800,5931487426782157622,4703,2026.07.21 20:50:40,30.65,13428800314921759428,671,29204.75,29327.67,29432.46,10,5,902,1784667040
RG2_USTEC_PERIOD_M5_1784505600_1784933700_16636102961176583068,3599191035068727502,11241,2026.07.24 20:20:00,44.44,16457413135769800714,3299406259184397372,1,28940.0,28942.65,28945.3,2,2,144,1784924400,8389138385855234450,11405,2026.07.24 22:16:15,48.14,3299406259184397372,186,28940.0,28942.65,28945.3,2,2,144,1784931375
RG2_USTEC_PERIOD_M5_1784505600_1784933700_16636102961176583068,2062964371230781779,2146,2026.07.21 03:48:31,35.4,16525293775007174241,2690821192361109073,1,28713.43,28715.45,28717.47,2,2,192,1784605711,10937868665452151014,2181,2026.07.21 03:49:13,35.4,2690821192361109073,36,28717.47,28719.52,28721.57,2,2,192,1784605753
RG2_USTEC_PERIOD_M5_1784505600_1784933700_16636102961176583068,7827500700446256129,498,2026.07.20 03:00:00,54.8,16558812986754709128,634995654832431313,1,28700.0,28700.0,28700.0,2,2,80,1784516400,13464316610881531095,512,2026.07.20 03:05:28,54.45,634995654832431313,16,28700.0,28703.26,28706.52,2,2,80,1784516728
RG2_USTEC_PERIOD_M5_1784505600_1784933700_16636102961176583068,1681489279289751195,3302,2026.07.21 09:00:00,24.86,1666860038668003387,3105527426947480145,1,28931.0,28931.0,28931.0,2,2,80,1784624400,11730583493612675743,3315,2026.07.21 09:00:40,24.86,3105527426947480145,14,28931.0,28932.42,28933.84,2,2,80,1784624440
RG2_USTEC_PERIOD_M5_1784505600_1784933700_16636102961176583068,11515469671548368951,1,2026.07.20 01:00:00,54.99,16738558812751246399,5035386479552276668,1,27795.23,27917.68,27991.9,4,3,896,1784509200,8389138385855234450,11405,2026.07.24 22:16:15,48.14,18438751456241602512,12620,27795.23,27903.25,27998.1,7,3,896,1784931375
RG2_USTEC_PERIOD_M5_1784505600_1784933700_16636102961176583068,9407826531605440625,3975,2026.07.21 16:29:56,20.41,16738897298807307270,10880222841877362889,1,29047.61,29114.98,29199.07,5,4,960,1784651396,15614374120538078962,9456,2026.07.23 22:00:00,47.02,2978030526852999911,6037,29050.0,29135.55,29199.07,16,7,982,1784844000
RG2_USTEC_PERIOD_M5_1784505600_1784933700_16636102961176583068,8352183836929286170,1503,2026.07.20 17:35:00,33.29,16996375621721444290,4131308305816269443,1,28604.63,28606.62,28608.6,2,1,128,1784568900,14222305936213593585,2479,2026.07.21 05:59:42,31.88,4698621918133104353,1101,28604.63,28606.08,28608.6,3,2,144,1784613582
RG2_USTEC_PERIOD_M5_1784505600_1784933700_16636102961176583068,11515469671548368951,1,2026.07.20 01:00:00,54.99,17023743551057649751,4131308305816269443,1,28604.63,28606.62,28608.6,2,1,128,1784509200,2460126439211479854,755,2026.07.20 12:00:00,33.31,4131308305816269443,873,28604.63,28606.62,28608.6,2,1,128,1784548800
RG2_USTEC_PERIOD_M5_1784505600_1784933700_16636102961176583068,7071119582556709718,4707,2026.07.22 01:00:00,29.12,17052881383395149999,1154485122751721226,1,28700.0,28700.1,28700.2,2,2,144,1784682000,8545945300832062984,9901,2026.07.24 04:58:39,34.11,11653927751516595134,5732,28616.03,28681.53,28717.47,8,5,906,1784869119
RG2_USTEC_PERIOD_M5_1784505600_1784933700_16636102961176583068,11515469671548368951,1,2026.07.20 01:00:00,54.99,17077639002735507923,9787930125730084328,1,29649.2,29921.04,30185.87,22,5,962,1784509200,4226655137866405894,1510,2026.07.20 23:00:00,46.32,9787930125730084328,1746,29649.2,29921.04,30185.87,22,5,962,1784588400
RG2_USTEC_PERIOD_M5_1784505600_1784933700_16636102961176583068,11515469671548368951,1,2026.07.20 01:00:00,54.99,17125631729276650150,2416695326937577246,1,29521.17,29523.81,29526.45,2,2,384,1784509200,15108818023138201662,747,2026.07.20 05:00:00,45.7,2416695326937577246,789,29521.17,29523.81,29526.45,2,2,384,1784523600
RG2_USTEC_PERIOD_M5_1784505600_1784933700_16636102961176583068,11515469671548368951,1,2026.07.20 01:00:00,54.99,17257611165892609360,4807161454955927613,1,29345.5,29348.35,29351.2,2,1,256,1784509200,11611793206684245861,745,2026.07.20 04:00:00,48.39,4807161454955927613,777,29345.5,29348.35,29351.2,2,1,256,1784520000
RG2_USTEC_PERIOD_M5_1784505600_1784933700_16636102961176583068,376244605715719873,754,2026.07.20 11:00:00,35.32,17311768860988168718,16984509910080763741,1,28614.83,28625.58,28643.48,2,2,18,1784545200,16847150906227581839,1501,2026.07.20 16:45:17,28.34,16984509910080763741,811,28614.83,28622.08,28643.48,2,2,18,1784565917
RG2_USTEC_PERIOD_M5_1784505600_1784933700_16636102961176583068,11609535927947179334,5283,2026.07.22 06:00:00,19.88,17368374649663798341,15956669266565214696,1,29204.75,29321.12,29414.03,9,5,902,1784700000,5152069253452306808,5941,2026.07.22 08:46:41,20.06,3691502220597642648,691,29204.75,29320.75,29414.03,9,5,902,1784710001
RG2_USTEC_PERIOD_M5_1784505600_1784933700_16636102961176583068,12655531664078893194,6597,2026.07.23 01:00:00,33.21,1742575832698711849,13566785848101202995,1,28992.83,28994.15,28995.47,2,1,128,1784768400,8389138385855234450,11405,2026.07.24 22:16:15,48.14,4994906183980793739,5279,28970.53,28986.31,28998.37,4,3,134,1784931375
RG2_USTEC_PERIOD_M5_1784505600_1784933700_16636102961176583068,13918519919926864012,856,2026.07.20 12:52:28,30.68,17493353602696199445,15186899504196855377,1,28806.61,28808.31,28810.0,2,2,80,1784551948,1951658774620570173,870,2026.07.20 12:52:37,30.68,15186899504196855377,15,28810.0,28811.78,28813.55,2,2,80,1784551957
RG2_USTEC_PERIOD_M5_1784505600_1784933700_16636102961176583068,11515469671548368951,1,2026.07.20 01:00:00,54.99,17741790421241188279,15209460592815054410,1,28436.1,28517.9,28572.8,8,5,914,1784509200,5347360291862718278,4706,2026.07.21 23:00:00,30.21,15410965882871724463,5188,28436.1,28517.34,28572.8,8,5,976,1784674800
RG2_USTEC_PERIOD_M5_1784505600_1784933700_16636102961176583068,1020750336410719919,9714,2026.07.24 01:55:00,47.1,17919036676110507862,18088676173287689931,1,29204.75,29408.97,29609.45,19,4,898,1784858100,13967117553279171237,11243,2026.07.24 22:00:00,47.13,18088676173287689931,1744,29204.75,29408.45,29609.45,19,4,898,1784930400
RG2_USTEC_PERIOD_M5_1784505600_1784933700_16636102961176583068,7071119582556709718,4707,2026.07.22 01:00:00,29.12,18072505721193867740,17379521502556369962,1,28235.87,28424.94,28572.8,14,4,960,1784682000,11491166282757801405,9458,2026.07.23 23:00:00,48.6,17976100463406312896,5236,28235.87,28418.74,28572.8,16,5,976,1784847600
RG2_USTEC_PERIOD_M5_1784505600_1784933700_16636102961176583068,12198590722839100917,4704,2026.07.21 21:00:00,30.54,1812714429215739186,3718388253082831253,1,29204.75,29311.82,29414.03,9,5,902,1784667600,15317840847739251502,5141,2026.07.22 03:11:41,20.66,15956669266565214696,494,29204.75,29321.76,29414.03,9,5,902,1784689901
RG2_USTEC_PERIOD_M5_1784505600_1784933700_16636102961176583068,16100755234866562060,10767,2026.07.24 15:00:00,25.36,18263769444889385305,11413900427200699597,1,28508.0,28523.9,28537.42,2,2,258,1784905200,8389138385855234450,11405,2026.07.24 22:16:15,48.14,8458975416764549725,715,28521.07,28537.57,28554.16,3,3,274,1784931375
RG2_USTEC_PERIOD_M5_1784505600_1784933700_16636102961176583068,2027589720493707467,3559,2026.07.21 10:00:00,24.8,18382053388240161606,5035676285649745045,1,28629.15,28629.58,28630.0,2,2,24,1784628000,15071200200315926804,3593,2026.07.21 10:03:42,24.8,5035676285649745045,35,28629.15,28629.58,28630.0,2,2,24,1784628222
RG2_USTEC_PERIOD_M5_1784505600_1784933700_16636102961176583068,1480854055943559717,3543,2026.07.21 09:45:00,25.03,2004884271144360925,3793157175302902765,1,28618.0,28619.5,28621.0,2,1,16,1784627100,7642617061794638929,3557,2026.07.21 09:45:15,25.03,3793157175302902765,15,28618.0,28619.5,28621.0,2,1,16,1784627115
RG2_USTEC_PERIOD_M5_1784505600_1784933700_16636102961176583068,7071119582556709718,4707,2026.07.22 01:00:00,29.12,2236133662365750932,17047516424206829003,1,30015.9,30094.31,30185.87,5,3,896,1784682000,224551624517039443,6596,2026.07.22 23:00:00,32.19,17047516424206829003,2131,30015.9,30094.31,30185.87,5,3,896,1784761200
RG2_USTEC_PERIOD_M5_1784505600_1784933700_16636102961176583068,7891009682550267646,6554,2026.07.22 16:00:00,25.61,2843947990788994586,228446741428714472,1,28856.47,28945.13,29018.85,7,4,912,1784736000,224551624517039443,6596,2026.07.22 23:00:00,32.19,2473757853481132182,120,28856.47,28945.55,29018.85,7,4,912,1784761200
RG2_USTEC_PERIOD_M5_1784505600_1784933700_16636102961176583068,17484681124148913361,2705,2026.07.21 06:19:31,30.95,3088814519798725177,17175635573224173265,1,28817.39,28819.19,28821.0,2,2,80,1784614771,10018916235937166861,2751,2026.07.21 06:30:38,30.41,17175635573224173265,50,28821.0,28822.82,28824.64,2,2,80,1784615438
RG2_USTEC_PERIOD_M5_1784505600_1784933700_16636102961176583068,16194945574623116073,751,2026.07.20 08:00:00,40.23,3360110338118389543,16801493813492886923,1,28668.0,28680.31,28700.76,3,3,274,1784534400,16194945574623116073,751,2026.07.20 08:00:00,40.23,16801493813492886923,1,28668.0,28680.31,28700.76,3,3,274,1784534400
RG2_USTEC_PERIOD_M5_1784505600_1784933700_16636102961176583068,9637633549557752566,6920,2026.07.23 03:00:00,28.92,3464361940851882134,9944051018012705045,1,28901.0,28901.45,28901.9,2,2,272,1784775600,15054552646487052380,7378,2026.07.23 03:51:42,27.69,9944051018012705045,469,28901.0,28901.45,28901.9,2,2,272,1784778702
RG2_USTEC_PERIOD_M5_1784505600_1784933700_16636102961176583068,18192581454168485914,3655,2026.07.21 11:30:14,24.25,3746831523586268098,9166015371915382299,1,28999.4,29007.5,29015.6,2,1,64,1784633414,14722793174727924701,3811,2026.07.21 12:19:15,21.41,3620241887835897937,165,29002.0,29008.8,29015.6,2,2,80,1784636355
RG2_USTEC_PERIOD_M5_1784505600_1784933700_16636102961176583068,510264563534608482,6650,2026.07.23 01:00:38,33.21,3801477670875560208,17457627137341377071,1,28945.3,28946.94,28948.58,2,2,192,1784768438,4397200334011253476,6690,2026.07.23 01:01:41,33.21,7997103117698031298,40,28928.0,28929.8,28931.6,2,2,320,1784768501
RG2_USTEC_PERIOD_M5_1784505600_1784933700_16636102961176583068,2460126439211479854,755,2026.07.20 12:00:00,33.31,3813850951772453005,14428234361534915531,1,28685.0,28685.75,28686.5,2,2,272,1784548800,5066762678457057866,1204,2026.07.20 14:43:15,27.55,14428234361534915531,479,28685.0,28685.75,28686.5,2,2,272,1784558595
RG2_USTEC_PERIOD_M5_1784505600_1784933700_16636102961176583068,8767659525202288934,1511,2026.07.21 01:00:00,44.57,39516301109333325,8879449539190049921,1,29649.2,29769.7,29871.3,10,5,962,1784595600,9906776001260534934,7382,2026.07.23 07:00:00,28.89,8555197674180189708,6431,29649.2,29780.27,29871.3,5,3,896,1784790000
RG2_USTEC_PERIOD_M5_1784505600_1784933700_16636102961176583068,1334489153037374601,5142,2026.07.22 04:00:00,19.42,3954339323469583801,13190816194868871023,1,29204.75,29334.39,29434.12,10,5,902,1784692800,13799026820676326661,5282,2026.07.22 05:58:40,19.8,13190816194868871023,163,29204.75,29334.22,29434.12,10,5,902,1784699920
RG2_USTEC_PERIOD_M5_1784505600_1784933700_16636102961176583068,16013822874561843926,11244,2026.07.24 22:05:00,47.46,4480812604479327808,13095621851031355557,1,29050.0,29302.93,29609.45,31,6,978,1784930700,8389138385855234450,11405,2026.07.24 22:16:15,48.14,13095621851031355557,165,29050.0,29302.93,29609.45,31,6,978,1784931375
RG2_USTEC_PERIOD_M5_1784505600_1784933700_16636102961176583068,840821145149160139,9459,2026.07.24 01:00:00,48.11,4526181724788622774,10189963004322658570,1,28525.1,28526.15,28527.2,2,2,320,1784854800,18290926762971135457,9500,2026.07.24 01:01:20,48.11,10189963004322658570,42,28519.49,28522.29,28525.1,2,2,320,1784854880
RG2_USTEC_PERIOD_M5_1784505600_1784933700_16636102961176583068,12063148587498189205,1861,2026.07.21 03:00:00,37.12,4644685386756684016,8612043700421085509,1,29204.75,29311.99,29414.03,9,5,902,1784602800,11379045623494322358,4063,2026.07.21 17:48:41,27.9,3718388253082831253,2360,29204.75,29311.91,29414.03,9,5,902,1784656121
RG2_USTEC_PERIOD_M5_1784505600_1784933700_16636102961176583068,8705760536745308175,3216,2026.07.21 08:00:00,25.9,5110531557055273598,3105527426947480145,1,28915.0,28915.25,28915.5,2,2,80,1784620800,9597353449568986606,3226,2026.07.21 08:43:40,24.52,3105527426947480145,19,28915.0,28916.46,28917.91,2,2,80,1784623420
RG2_USTEC_PERIOD_M5_1784505600_1784933700_16636102961176583068,511389213270211068,6299,2026.07.22 10:00:00,21.78,5418544768161120398,17910395805774736136,1,29204.75,29320.19,29414.03,9,5,902,1784714400,7891009682550267646,6554,2026.07.22 16:00:00,25.61,3110949362410792920,321,29204.54,29317.57,29414.03,9,5,902,1784736000
RG2_USTEC_PERIOD_M5_1784505600_1784933700_16636102961176583068,4610122713596009768,3796,2026.07.21 12:19:02,21.41,5565512434353090751,15662759680315336731,1,29018.26,29020.73,29023.2,2,1,64,1784636342,17440432466382495890,3831,2026.07.21 13:36:42,19.84,306384477824643665,52,29018.8,29022.6,29023.2,2,2,80,1784641002
RG2_USTEC_PERIOD_M5_1784505600_1784933700_16636102961176583068,168095166713037050,11236,2026.07.24 17:46:15,35.63,6097823084850128888,14528762778169351388,1,28086.8,28088.93,28091.06,2,2,320,1784915175,5503354206513899465,11261,2026.07.24 22:07:40,47.46,14528762778169351388,71,28081.47,28084.13,28086.8,2,2,320,1784930860
RG2_USTEC_PERIOD_M5_1784505600_1784933700_16636102961176583068,2516550881117845458,3445,2026.07.21 09:10:00,25.02,64854277666094908,3793157175302902765,1,28618.0,28619.5,28621.0,2,1,16,1784625000,10678026713472340074,3499,2026.07.21 09:16:41,25.17,3793157175302902765,56,28618.0,28619.5,28621.0,2,1,16,1784625401
RG2_USTEC_PERIOD_M5_1784505600_1784933700_16636102961176583068,5996582915419995677,5503,2026.07.22 06:56:41,20.62,7003792253930270677,1454279629402309540,1,28856.47,28960.31,29021.2,8,6,978,1784703401,13785537284268881380,6417,2026.07.22 14:43:40,23.21,1013300369346170417,999,28854.0,28934.36,29018.85,8,5,976,1784731420
RG2_USTEC_PERIOD_M5_1784505600_1784933700_16636102961176583068,10287443377821928352,6425,2026.07.22 15:00:00,23.64,7041776579536479596,1885787334787867664,1,28856.47,28934.23,29018.85,8,4,912,1784732400,10139739786578095438,6553,2026.07.22 15:56:42,24.9,1885787334787867664,140,28856.47,28934.23,29018.85,8,4,912,1784735802
RG2_USTEC_PERIOD_M5_1784505600_1784933700_16636102961176583068,12063148587498189205,1861,2026.07.21 03:00:00,37.12,7196049882009334838,1800216835979943636,1,29050.0,29131.82,29199.07,4,3,896,1784602800,12429901507671448913,3974,2026.07.21 16:29:55,20.41,1800216835979943636,2257,29050.0,29131.82,29199.07,4,3,896,1784651395
RG2_USTEC_PERIOD_M5_1784505600_1784933700_16636102961176583068,5383238455380778060,9801,2026.07.24 02:00:00,46.57,7461652350771388697,13087495367260802481,1,28568.0,28568.1,28568.2,2,2,80,1784858400,12802231491102481226,9860,2026.07.24 03:16:17,37.04,13087495367260802481,74,28568.0,28569.2,28570.4,2,2,80,1784862977
RG2_USTEC_PERIOD_M5_1784505600_1784933700_16636102961176583068,7528642747462196245,7748,2026.07.23 14:00:00,26.57,7653772589662771117,11004825815600184991,1,28921.0,28934.4,28945.3,5,4,402,1784815200,6322201648640317011,7793,2026.07.23 14:47:17,27.39,11004825815600184991,55,28921.0,28934.4,28945.3,5,4,402,1784818037
RG2_USTEC_PERIOD_M5_1784505600_1784933700_16636102961176583068,5334424538234226199,9454,2026.07.23 20:05:00,44.36,8011308655925169221,13223877164298071100,1,28940.0,28942.65,28945.3,2,2,144,1784837100,17485589311381540796,9813,2026.07.24 02:00:40,46.57,3299406259184397372,413,28940.0,28942.65,28945.3,2,2,144,1784858440
RG2_USTEC_PERIOD_M5_1784505600_1784933700_16636102961176583068,11515469671548368951,1,2026.07.20 01:00:00,54.99,8018825877829169092,5452538155277139619,1,28757.32,28899.75,29038.05,12,4,898,1784509200,4226655137866405894,1510,2026.07.20 23:00:00,46.32,5452538155277139619,1746,28760.17,28901.97,29038.05,12,4,898,1784588400
RG2_USTEC_PERIOD_M5_1784505600_1784933700_16636102961176583068,16870679077347900706,2057,2026.07.21 03:40:15,35.78,8177184807164211299,5359411838559104532,1,28695.82,28697.91,28700.0,2,2,80,1784605215,5445165872968428296,2103,2026.07.21 03:42:39,35.78,5359411838559104532,47,28700.0,28702.15,28704.29,2,2,80,1784605359
RG2_USTEC_PERIOD_M5_1784505600_1784933700_16636102961176583068,11515469671548368951,1,2026.07.20 01:00:00,54.99,8185785155193188626,6315770905464009436,1,28213.8,28213.9,28223.8,2,2,320,1784509200,11491166282757801405,9458,2026.07.23 23:00:00,48.6,6315770905464009436,10435,28213.8,28213.9,28223.8,2,2,320,1784847600
RG2_USTEC_PERIOD_M5_1784505600_1784933700_16636102961176583068,17519178477750181867,9902,2026.07.24 05:00:00,33.96,8295031915310980214,15933397054275257137,1,28596.26,28663.83,28717.47,9,5,906,1784869200,3694973779485950658,10766,2026.07.24 14:00:00,25.05,15457901073691814080,963,28596.26,28657.13,28713.5,8,5,906,1784901600
RG2_USTEC_PERIOD_M5_1784505600_1784933700_16636102961176583068,8767659525202288934,1511,2026.07.21 01:00:00,44.57,9117181661871274181,7324471990755778389,1,28614.83,28625.43,28643.48,3,3,26,1784595600,6796462419623691231,2191,2026.07.21 03:50:42,35.31,7324471990755778389,713,28614.83,28625.43,28643.48,3,3,26,1784605842
RG2_USTEC_PERIOD_M5_1784505600_1784933700_16636102961176583068,1229130871354504007,10957,2026.07.24 16:52:42,28.7,9183015736290275043,15355447067006461559,1,28190.17,28191.77,28193.38,2,2,192,1784911962,5263066989109148320,10985,2026.07.24 16:53:40,28.7,15812966182919091831,29,28182.81,28184.44,28186.07,2,2,192,1784912020
RG2_USTEC_PERIOD_M5_1784505600_1784933700_16636102961176583068,669706594891645248,7383,2026.07.23 08:00:00,29.26,9217685624571624682,7481598612990520160,1,29644.38,29759.27,29871.3,6,4,898,1784793600,669706594891645248,7383,2026.07.23 08:00:00,29.26,7481598612990520160,1,29644.38,29759.27,29871.3,6,4,898,1784793600
RG2_USTEC_PERIOD_M5_1784505600_1784933700_16636102961176583068,9725780839776631316,7384,2026.07.23 09:00:00,27.1,9226398517336690045,15281108621512977104,1,29649.2,29772.45,29871.3,6,4,898,1784797200,7522379540647048386,7745,2026.07.23 11:00:00,28.06,15281108621512977104,382,29649.2,29775.75,29871.3,6,4,898,1784804400
RG2_USTEC_PERIOD_M5_1784505600_1784933700_16636102961176583068,16196087686958859485,9457,2026.07.23 22:15:00,47.43,9249555784368817935,5287487478652266112,1,29050.0,29214.63,29414.03,27,7,982,1784844900,11491166282757801405,9458,2026.07.23 23:00:00,48.6,5287487478652266112,10,29050.0,29214.4,29414.03,27,7,982,1784847600
RG2_USTEC_PERIOD_M5_1784505600_1784933700_16636102961176583068,9215505267537888300,7746,2026.07.23 12:00:00,28.4,9277152148934887779,10387345412022727936,1,29649.2,29787.33,29871.3,6,4,898,1784808000,6322201648640317011,7793,2026.07.23 14:47:17,27.39,10387345412022727936,79,29649.2,29787.33,29871.3,6,4,898,1784818037
RG2_USTEC_PERIOD_M5_1784505600_1784933700_16636102961176583068,15895441426172869804,11039,2026.07.24 16:55:30,30.15,9289242756361765965,12757170752856491274,1,28160.75,28162.53,28164.3,2,2,320,1784912130,3696669405018636955,11054,2026.07.24 16:55:38,30.15,12757170752856491274,16,28157.49,28159.12,28160.75,2,2,320,1784912138
RG2_USTEC_PERIOD_M5_1784505600_1784933700_16636102961176583068,840821145149160139,9459,2026.07.24 01:00:00,48.11,9535201448395814579,6649683608872944430,1,28235.87,28358.9,28491.75,11,4,960,1784854800,8389138385855234450,11405,2026.07.24 22:16:15,48.14,9461760621093642675,2174,28235.87,28364.71,28491.75,12,4,912,1784931375
RG2_USTEC_PERIOD_M5_1784505600_1784933700_16636102961176583068,8767659525202288934,1511,2026.07.21 01:00:00,44.57,9561786331008097143,16574453882196873469,1,28852.6,28940.08,29038.05,7,3,896,1784595600,12668650314870294796,5502,2026.07.22 06:56:41,20.62,922654458689293887,4304,28856.47,28951.61,29018.85,7,5,914,1784703401
RG2_USTEC_PERIOD_M5_1784505600_1784933700_16636102961176583068,16403048479957418407,10677,2026.07.24 07:00:00,30.86,9634390696375753571,13087495367260802481,1,28570.0,28570.2,28570.4,2,2,80,1784876400,14625625719860033485,10761,2026.07.24 09:00:00,28.02,13087495367260802481,106,28570.0,28570.2,28570.4,2,2,80,1784883600
RG2_USTEC_PERIOD_M5_1784505600_1784933700_16636102961176583068,16100755234866562060,10767,2026.07.24 15:00:00,25.36,9660938260916117502,9875147649396685477,1,28616.03,28673.57,28713.5,6,4,904,1784905200,8389138385855234450,11405,2026.07.24 22:16:15,48.14,10052521853616600568,715,28616.03,28679.84,28717.47,7,4,904,1784931375
RG2_USTEC_PERIOD_M5_1784505600_1784933700_16636102961176583068,12689181648182834455,7848,2026.07.23 15:20:24,28.01,9682033989536227731,1786811269419904911,1,28717.47,28719.12,28720.78,2,2,192,1784820024,11451704179562764546,7876,2026.07.23 15:20:36,28.01,1786811269419904911,29,28716.88,28717.17,28717.47,2,2,192,1784820036
RG2_USTEC_PERIOD_M5_1784505600_1784933700_16636102961176583068,4691595638078458199,2480,2026.07.21 06:00:00,31.81,9855203507800748192,3105527426947480145,1,28782.0,28782.45,28782.9,2,2,80,1784613600,10456196690489830509,2495,2026.07.21 06:00:38,31.81,3105527426947480145,16,28782.0,28783.87,28785.74,2,2,80,1784613638
RG2_USTEC_PERIOD_M5_1784505600_1784933700_16636102961176583068,138536148656811350,8322,2026.07.23 15:43:04,28.19,9884224537922378160,12290216968720126511,1,28604.63,28606.28,28607.92,2,2,192,1784821384,3314318839691320383,8350,2026.07.23 15:48:29,28.27,12290216968720126511,30,28601.43,28603.03,28604.63,2,2,192,1784821709
RG2_USTEC_PERIOD_M5_1784505600_1784933700_16636102961176583068,17806225321880687484,3832,2026.07.21 14:00:00,19.21,997485052477927504,3105527426947480145,1,29029.0,29029.2,29029.4,2,2,80,1784642400,6615340417470629463,3841,2026.07.21 16:27:40,20.41,3105527426947480145,37,29029.0,29030.17,29031.34,2,2,80,1784651260
