run_key,instrument,episode_id,attempt_id,node_id,ordinal,episode_start,attempt_start,retire_epoch,episode_end,attempt_end,first_market_epoch,last_market_epoch,last_seen_to_retire_seconds,attempt_start_to_retire_seconds,episode_start_to_retire_seconds,attempt_end_to_tracker_retire_seconds,orphaned_before_tracker_retire,same_id_seen_after_attempt_end,retire_atr,last_lower,last_price,last_upper,last_family_mask,last_family_count,last_member_count,last_revision,retire_revision,retire_attempt_count,terminal_phase,penetration_atr,lineage_receipt_count,lineage_event_kinds,lineage_successor_ids,compatible_created_during_grace,continuity_receipt
RG2_DE40_PERIOD_M5_1765756800_1766181300_3308521111094945957,DE40,11958639035494068103,15272080950800350616,16420972769257323451,3,1765766700,1765767600,1765767760.0,1765767627,1765767627,1765766700,1765767600,160.0,160.0,1060.0,133.0,True,False,16.92,24283.0,24283.4,24283.8,80,2,2,8,8.0,3.0,APPROACH_NO_CONTACT,0.0,0,,,False,False
RG2_DE40_PERIOD_M5_1765756800_1766181300_3308521111094945957,DE40,11968788631768634883,17159756027012816651,3123929623179183840,2,1765767641,1765767905,1765768800.0,1765768559,1765768559,1765767636,1765768538,262.0,895.0,1159.0,241.0,True,False,16.8,24287.47,24287.97,24288.47,192,2,2,6,6.0,2.0,BROKEN_NO_ACCEPTANCE,0.05971511,0,,,False,False
RG2_DE40_PERIOD_M5_1765756800_1766181300_3308521111094945957,DE40,16538219283127336835,11234764992446300829,12112057039087068339,7,1765803600,1765806601,1765807800.0,1765807200,1765807200,1765803600,1765803600,4200.0,1199.0,4200.0,600.0,True,False,13.13,24304.0,24304.5,24305.0,16,1,2,1,12.0,7.0,BROKEN_NO_ACCEPTANCE,0.19017192,0,,,False,False
RG2_DE40_PERIOD_M5_1765756800_1766181300_3308521111094945957,DE40,18387758317507659228,16681683052867213188,15423247794770282627,2,1765818215,1765818947,1765819361.0,1765819360,1765819360,1765818000,1765819360,1.0,414.0,1146.0,1.0,True,False,16.12,24192.01,24192.83,24193.65,320,2,2,82,82.0,2.0,BROKEN_NO_ACCEPTANCE,0.49249473,0,,,False,False
RG2_DE40_PERIOD_M5_1765756800_1766181300_3308521111094945957,DE40,16802524987665089600,3001523549267894441,8646831187609115262,22,1765819116,1765839301,1765846960.0,1765846944,1765846944,1765819116,1765846940,20.0,7659.0,27844.0,16.0,True,False,16.28,24198.07,24198.88,24199.7,192,2,2,226,226.0,22.0,PENETRATED_NO_RESOLUTION,0.10035226,0,,,False,False
RG2_DE40_PERIOD_M5_1765756800_1766181300_3308521111094945957,DE40,16793150417918217183,12864070446863062393,876984908387787988,13,1765819465,1765835734,1765846928.0,1765846920,1765846920,1765760700,1765836000,10928.0,11194.0,27463.0,8.0,True,False,16.28,24125.59,24153.47,24173.4,978,6,9,596,606.0,13.0,APPROACH_NO_CONTACT,0.0,0,,,False,False
RG2_DE40_PERIOD_M5_1765756800_1766181300_3308521111094945957,DE40,12864839593674194084,9356476030608856449,4139344702165354435,1,1765848367,1765848367,1765848600.0,1765848395,1765848395,1765848365,1765848394,206.0,233.0,233.0,205.0,True,False,16.06,24191.77,24192.71,24193.65,320,2,2,14,14.0,1.0,BROKEN_NO_ACCEPTANCE,0.23161696,0,,,False,False
RG2_DE40_PERIOD_M5_1765756800_1766181300_3308521111094945957,DE40,17097575448835355215,8304842630975965149,3402717648623523302,8,1765848915,1765854677,1765856114.0,1765856100,1765856100,1765846920,1765856073,41.0,1437.0,7199.0,14.0,True,False,14.89,24151.0,24162.83,24174.0,336,3,7,278,278.0,8.0,BROKEN_NO_ACCEPTANCE,1.54145165,0,,,False,False
RG2_DE40_PERIOD_M5_1765756800_1766181300_3308521111094945957,DE40,704991979140359813,6949411734766780106,15340206835862886710,1,1765856125,1765856125,1765856169.0,1765856132,1765856132,1765856124,1765856131,38.0,44.0,44.0,37.0,True,False,14.89,24137.68,24138.39,24139.1,192,2,2,3,3.0,1.0,BROKEN_NO_ACCEPTANCE,0.15647035,0,,,False,False
RG2_DE40_PERIOD_M5_1765756800_1766181300_3308521111094945957,DE40,7377813217512734097,1213942515755055502,15420503410402228291,1,1765856382,1765856382,1765856405.0,1765856403,1765856403,1765856378,1765856403,2.0,23.0,23.0,2.0,True,False,15.25,24098.25,24099.04,24099.83,192,2,2,8,8.0,1.0,BROKEN_NO_ACCEPTANCE,0.10381833,0,,,False,False
RG2_DE40_PERIOD_M5_1765756800_1766181300_3308521111094945957,DE40,7242952417441330711,4050332033660430660,15324223982289076491,1,1765857644,1765857644,1765857680.0,1765857673,1765857673,1765857600,1765857671,9.0,36.0,36.0,7.0,True,False,14.9,24083.82,24084.45,24085.08,68,2,2,2,2.0,1.0,BROKEN_NO_ACCEPTANCE,0.08460346,0,,,False,False
RG2_DE40_PERIOD_M5_1765756800_1766181300_3308521111094945957,DE40,3649216769187749386,8777226949318030159,11867556579514310624,1,1765857660,1765857660,1765857680.0,1765857673,1765857673,1765857600,1765857671,9.0,20.0,20.0,7.0,True,False,14.9,24037.4,24059.22,24082.0,898,4,6,2,2.0,1.0,APPROACH_NO_CONTACT,0.0,3,MERGE,17851863147829594694,False,True
RG2_DE40_PERIOD_M5_1765756800_1766181300_3308521111094945957,DE40,15514121327576290214,1167026518292144280,17851863147829594694,24,1765902095,1765905086,1765905914.0,1765905913,1765905913,1765846920,1765905913,1.0,828.0,3819.0,1.0,True,False,19.08,24036.94,24058.15,24082.0,978,6,8,661,661.0,24.0,BROKEN_NO_ACCEPTANCE,2.36126395,0,,,False,False
RG2_DE40_PERIOD_M5_1765756800_1766181300_3308521111094945957,DE40,5740652938215907542,11981900606374590995,2808125906201342454,1,1765905758,1765905758,1765905914.0,1765905913,1765905913,1765760700,1765905913,1.0,156.0,156.0,1.0,True,False,19.08,23826.53,23940.57,24034.55,962,5,21,1269,1269.0,1.0,APPROACH_NO_CONTACT,0.0,0,,,False,False
RG2_DE40_PERIOD_M5_1765756800_1766181300_3308521111094945957,DE40,14862370325672905345,17457898468034071476,13528294362514215339,9,1765901014,1765911300,1765912200.0,1765911600,1765911600,1765900800,1765908000,4200.0,900.0,11186.0,600.0,True,False,18.87,24099.83,24100.57,24101.3,132,2,2,230,241.0,9.0,APPROACH_NO_CONTACT,0.0,0,,,False,False
RG2_DE40_PERIOD_M5_1765756800_1766181300_3308521111094945957,DE40,90566338122576545,13077513679701803369,6044786530599025813,3,1765917356,1765918467,1765919400.0,1765918800,1765918800,1765915200,1765915421,3979.0,933.0,2044.0,600.0,True,False,19.5,24110.33,24110.72,24111.1,132,2,2,7,16.0,3.0,APPROACH_NO_CONTACT,0.0,0,,,False,False
RG2_DE40_PERIOD_M5_1765756800_1766181300_3308521111094945957,DE40,18321477998717876186,15277840995990125667,5319041345667216505,22,1765905915,1765920356,1765933324.0,1765933320,1765933320,1765905915,1765922400,10924.0,12968.0,27409.0,4.0,True,False,18.89,24045.23,24065.25,24082.25,914,5,7,164,175.0,22.0,APPROACH_NO_CONTACT,0.0,0,,,False,False
RG2_DE40_PERIOD_M5_1765756800_1766181300_3308521111094945957,DE40,9212861770111324673,12568261697919431139,12398471601074372793,2,1765922400,1765923544,1765933324.0,1765933320,1765933320,1765922400,1765922400,10924.0,9780.0,10924.0,4.0,True,False,18.89,24118.77,24119.29,24119.82,132,2,2,1,12.0,2.0,APPROACH_NO_CONTACT,0.0,0,,,False,False
RG2_DE40_PERIOD_M5_1765756800_1766181300_3308521111094945957,DE40,8183808252235920514,13891488876305862251,12878195158726515131,3,1765924277,1765925117,1765933324.0,1765933320,1765933320,1765915200,1765922400,10924.0,8207.0,9047.0,4.0,True,False,18.89,24153.0,24153.6,24154.2,272,2,2,29,40.0,3.0,APPROACH_NO_CONTACT,0.0,0,,,False,False
RG2_DE40_PERIOD_M5_1765756800_1766181300_3308521111094945957,DE40,9463946962900994486,3353273102638392083,16920920900987845543,1,1765933501,1765933501,1765933800.0,1765933535,1765933535,1765933500,1765933533,267.0,299.0,299.0,265.0,True,False,18.99,24097.86,24098.85,24099.83,192,2,2,6,6.0,1.0,BROKEN_NO_ACCEPTANCE,0.19171012,0,,,False,False
RG2_DE40_PERIOD_M5_1765756800_1766181300_3308521111094945957,DE40,8219475285282324526,3206244234912762247,10023459711844103717,2,1765934107,1765934174,1765934972.0,1765934965,1765934965,1765934103,1765934962,10.0,798.0,865.0,7.0,True,False,18.88,24113.67,24114.57,24115.48,192,2,2,11,11.0,2.0,BROKEN_NO_ACCEPTANCE,0.14196419,0,,,False,False
RG2_DE40_PERIOD_M5_1765756800_1766181300_3308521111094945957,DE40,16229118349638061526,4360277313763292870,12670538447289477799,2,1765935005,1765935031,1765935243.0,1765935212,1765935212,1765935003,1765935210,33.0,212.0,238.0,31.0,True,False,18.89,24121.71,24122.74,24123.77,68,2,2,16,16.0,2.0,BROKEN_NO_ACCEPTANCE,0.18369508,0,,,False,False
RG2_DE40_PERIOD_M5_1765756800_1766181300_3308521111094945957,DE40,16882889623021081934,10270443032933710780,9973177109576100480,2,1765937072,1765937138,1765937249.0,1765937248,1765937248,1765937070,1765937248,1.0,111.0,177.0,1.0,True,False,18.69,24086.96,24087.98,24089.0,80,2,2,38,38.0,2.0,BROKEN_NO_ACCEPTANCE,0.12517385,0,,,False,False
RG2_DE40_PERIOD_M5_1765756800_1766181300_3308521111094945957,DE40,4792814496916658353,6224141868874542208,13685176064346045027,1,1765936830,1765936830,1765941000.0,1765940400,1765940400,1765936800,1765938801,2199.0,4170.0,4170.0,600.0,True,False,18.2,24113.67,24113.83,24114.0,144,2,2,132,137.0,1.0,APPROACH_NO_CONTACT,0.0,0,,,False,False
RG2_DE40_PERIOD_M5_1765756800_1766181300_3308521111094945957,DE40,4235280868878072710,6599131648991521630,16928536158536920833,14,1765917671,1765943321,1765944013.0,1765944000,1765944000,1765915200,1765943983,30.0,692.0,26342.0,13.0,True,False,17.15,24128.6,24134.5,24139.1,146,3,3,290,290.0,14.0,BROKEN_NO_ACCEPTANCE,0.7765865,0,,,False,False
RG2_DE40_PERIOD_M5_1765756800_1766181300_3308521111094945957,DE40,10904180205492979607,4425002954547251160,5138796767193170831,2,1765940400,1765941339,1765944013.0,1765944000,1765944000,1765940400,1765943983,30.0,2674.0,3613.0,13.0,True,False,17.15,24098.0,24098.92,24099.83,144,2,2,24,24.0,2.0,APPROACH_NO_CONTACT,0.0,0,,,False,False
RG2_DE40_PERIOD_M5_1765756800_1766181300_3308521111094945957,DE40,11575176633979461422,5906496013688088411,16639293413658528317,1,1765940403,1765940403,1765944013.0,1765944000,1765944000,1765940400,1765943983,30.0,3610.0,3610.0,13.0,True,False,17.15,24089.0,24089.5,24090.0,16,1,2,24,24.0,1.0,APPROACH_NO_CONTACT,0.0,0,,,False,False
RG2_DE40_PERIOD_M5_1765756800_1766181300_3308521111094945957,DE40,2987235757688470268,2723004091743010039,9310855770082412381,1,1765962365,1765962365,1765962673.0,1765962603,1765962603,1765962362,1765962601,72.0,308.0,308.0,70.0,True,False,11.67,24156.0,24156.67,24157.35,80,2,2,8,8.0,1.0,BROKEN_NO_ACCEPTANCE,0.11573082,0,,,False,False
RG2_DE40_PERIOD_M5_1765756800_1766181300_3308521111094945957,DE40,6008861948783673955,4177370379104008118,16383594658260611177,1,1765962846,1765962846,1765963200.0,1765962853,1765962853,1765962842,1765962852,348.0,354.0,354.0,347.0,True,False,11.67,24170.0,24170.51,24171.03,320,2,2,4,4.0,1.0,BROKEN_NO_ACCEPTANCE,0.08829833,0,,,False,False
RG2_DE40_PERIOD_M5_1765756800_1766181300_3308521111094945957,DE40,10128125502209572129,7000632515813280650,18008126257463748783,4,1765962026,1765964667,1765965603.0,1765965600,1765965600,1765962000,1765965514,89.0,936.0,3577.0,3.0,True,False,11.88,24128.6,24134.5,24139.1,146,3,3,62,62.0,4.0,APPROACH_NO_CONTACT,0.0,0,,,False,False
RG2_DE40_PERIOD_M5_1765756800_1766181300_3308521111094945957,DE40,12374800205078780881,1173325869836492802,10100616406235310460,9,1765969235,1765972769,1765973400.0,1765972800,1765972800,1765969200,1765969200,4200.0,631.0,4165.0,600.0,True,False,14.07,24127.03,24133.18,24139.1,134,3,3,1,12.0,9.0,APPROACH_NO_CONTACT,0.0,0,,,False,False
RG2_DE40_PERIOD_M5_1765756800_1766181300_3308521111094945957,DE40,17694984360633823454,7444952581810504721,7050256800155515279,2,1765975261,1765976052,1765977000.0,1765976400,1765976400,1765969200,1765972800,4200.0,948.0,1739.0,600.0,True,False,13.93,24089.0,24089.5,24090.0,16,1,2,13,24.0,2.0,BROKEN_NO_ACCEPTANCE,0.45222884,0,,,False,False
RG2_DE40_PERIOD_M5_1765756800_1766181300_3308521111094945957,DE40,8228941544649068586,18239603626829259021,6604514947145818902,20,1765975744,1765983105,1765984200.0,1765983600,1765983600,1765933320,1765980758,3442.0,1095.0,8456.0,600.0,True,False,15.67,23826.53,23965.73,24082.0,978,6,29,542,551.0,20.0,PENETRATED_NO_RESOLUTION,1.11576011,0,,,False,False
RG2_DE40_PERIOD_M5_1765756800_1766181300_3308521111094945957,DE40,10542085970801064575,9394774599615603424,5476270548592580217,5,1765989330,1765991010,1765994439.0,1765994100,1765994100,1765983600,1765993959,480.0,3429.0,5109.0,339.0,True,False,20.03,23826.53,23970.5,24082.0,978,6,29,231,231.0,5.0,PENETRATED_NO_RESOLUTION,5.66114858,0,,,False,False
RG2_DE40_PERIOD_M5_1765756800_1766181300_3308521111094945957,DE40,14488183688987936825,14889428377551539256,18334469812436468003,1,1766026662,1766026662,1766027400.0,1766026800,1766026800,1766023200,1766023576,3824.0,738.0,738.0,600.0,True,False,18.88,23920.0,23920.1,23920.2,80,2,2,91,101.0,1.0,APPROACH_NO_CONTACT,0.0,0,,,False,False
RG2_DE40_PERIOD_M5_1765756800_1766181300_3308521111094945957,DE40,747646468474933359,13868892340783847514,15892671088120014008,1,1766063597,1766063597,1766063700.0,1766063675,1766063675,1766063596,1766063673,27.0,103.0,103.0,25.0,True,False,14.45,24036.75,24037.6,24038.45,320,2,2,13,13.0,1.0,BROKEN_NO_ACCEPTANCE,0.23537556,0,,,False,False
RG2_DE40_PERIOD_M5_1765756800_1766181300_3308521111094945957,DE40,16761222435608363380,1696378552738275445,17875087843730728065,6,1766063673,1766075966,1766076900.0,1766076300,1766076300,1765994100,1766073600,3300.0,934.0,13227.0,600.0,True,False,17.82,24036.72,24061.57,24082.0,914,5,6,1122,1130.0,6.0,PENETRATED_NO_RESOLUTION,1.13129737,0,,,False,False
RG2_DE40_PERIOD_M5_1765756800_1766181300_3308521111094945957,DE40,16992148544251399438,3395336984264855802,15575021721760751650,19,1766068235,1766073671,1766076900.0,1766076300,1766076300,1766019720,1766073600,3300.0,3229.0,8665.0,600.0,True,False,17.36,23969.27,24003.53,24034.55,912,4,7,718,726.0,19.0,APPROACH_NO_CONTACT,0.0,0,,,False,False
RG2_DE40_PERIOD_M5_1765756800_1766181300_3308521111094945957,DE40,18363107683459251786,10604732233547453935,1371035410563962831,1,1766076417,1766076417,1766077800.0,1766077200,1766077200,1766076300,1766076300,1500.0,1383.0,1383.0,600.0,True,False,18.13,23969.27,24030.32,24082.0,914,5,13,1,3.0,1.0,PENETRATED_NO_RESOLUTION,1.59855966,0,,,False,False
RG2_DE40_PERIOD_M5_1765756800_1766181300_3308521111094945957,DE40,6310390309875672394,14576601920042089287,14093525272485503910,4,1766111770,1766113247,1766113268.0,1766113262,1766113262,1766111759,1766113260,8.0,21.0,1498.0,6.0,True,False,17.37,24112.4,24113.03,24113.67,192,2,2,15,15.0,4.0,BROKEN_NO_ACCEPTANCE,0.13704152,0,,,False,False
RG2_DE40_PERIOD_M5_1765756800_1766181300_3308521111094945957,DE40,14822080337010162151,7465910581856463523,15325240068675569520,11,1766091853,1766114220,1766115600.0,1766115000,1766115000,1766088000,1766113395,2205.0,1380.0,23747.0,600.0,True,False,16.9,24132.01,24133.0,24134.0,20,2,2,242,247.0,11.0,APPROACH_NO_CONTACT,0.0,0,,,False,False
RG2_DE40_PERIOD_M5_1765756800_1766181300_3308521111094945957,DE40,14415993234409966889,17505608051726653477,16853083151257788665,2,1766134840,1766134924,1766135017.0,1766134954,1766134954,1766134838,1766134949,68.0,93.0,177.0,63.0,True,False,10.48,24160.0,24160.17,24160.34,80,2,2,4,4.0,2.0,BROKEN_NO_ACCEPTANCE,0.127826,0,,,False,False
RG2_DE40_PERIOD_M5_1765756800_1766181300_3308521111094945957,DE40,6711646234358447767,13612416781213163698,6517866528124925932,1,1766135081,1766135081,1766135140.0,1766135138,1766135138,1766135080,1766135137,3.0,59.0,59.0,2.0,True,False,10.65,24172.0,24172.36,24172.73,80,2,2,8,8.0,1.0,BROKEN_NO_ACCEPTANCE,0.30317252,0,,,False,False
RG2_DE40_PERIOD_M5_1765756800_1766181300_3308521111094945957,DE40,16893961147574077896,10898154425779217220,14426554569891633097,26,1766135344,1766142975,1766146200.0,1766145600,1766145600,1766019720,1766144834,1366.0,3225.0,10856.0,600.0,True,False,13.73,24194.75,24270.08,24331.7,976,5,15,1684,1686.0,26.0,PENETRATED_NO_RESOLUTION,4.94314144,0,,,False,False
RG2_DE40_PERIOD_M5_1765756800_1766181300_3308521111094945957,DE40,10832648945677304009,12094263739207704214,5103404977726626342,1,1766142217,1766142217,1766146200.0,1766145600,1766145600,1766142000,1766144834,1366.0,3983.0,3983.0,600.0,True,False,13.17,24170.0,24170.0,24170.0,272,2,2,83,85.0,1.0,APPROACH_NO_CONTACT,0.0,0,,,False,False
RG2_DE40_PERIOD_M5_1769990400_1770414900_2017222542755637715,DE40,7870598745697218645,7299986787809675692,10045210928620002661,1,1769996400,1769996400,1769996667.0,1769996666,1769996666,1769996400,1769996666,1.0,267.0,267.0,1.0,True,False,24.26,24464.2,24465.52,24466.84,192,2,2,13,13.0,1.0,BROKEN_NO_ACCEPTANCE,0.22835003,0,,,False,False
RG2_DE40_PERIOD_M5_1769990400_1770414900_2017222542755637715,DE40,3535021123050649361,5002099519863089216,4869027959030197686,1,1769998417,1769998417,1769998567.0,1769998560,1769998560,1769997600,1769997600,967.0,150.0,150.0,7.0,True,False,24.6,24488.0,24488.25,24488.5,80,2,2,1,3.0,1.0,APPROACH_NO_CONTACT,0.0,0,,,False,False
RG2_DE40_PERIOD_M5_1769990400_1770414900_2017222542755637715,DE40,4355951472142645814,14578369643915822907,4056898649452444044,4,1769994700,1770003161,1770004115.0,1770004107,1770004107,1769994699,1770004104,11.0,954.0,9415.0,8.0,True,False,25.59,24370.6,24371.83,24373.05,320,2,2,288,288.0,4.0,BROKEN_NO_ACCEPTANCE,0.19932776,0,,,False,False
RG2_DE40_PERIOD_M5_1769990400_1770414900_2017222542755637715,DE40,11759278794422992537,627808855509702104,1425321256270824723,1,1770001302,1770001302,1770005400.0,1770004800,1770004800,1770001200,1770004118,1282.0,4098.0,4098.0,600.0,True,False,24.33,24504.0,24505.35,24506.7,80,2,2,19,21.0,1.0,APPROACH_NO_CONTACT,0.0,0,,,False,False
RG2_DE40_PERIOD_M5_1769990400_1770414900_2017222542755637715,DE40,6795902871442619878,18189300641738135896,8942745367459336820,2,1770008020,1770008074,1770009255.0,1770009253,1770009253,1770008015,1770009252,3.0,1181.0,1235.0,2.0,True,False,24.95,24340.01,24341.0,24342.0,192,2,2,9,9.0,2.0,BROKEN_NO_ACCEPTANCE,0.10783292,0,,,False,False
RG2_DE40_PERIOD_M5_1769990400_1770414900_2017222542755637715,DE40,14313099876847209463,9396370889358280137,12891061374588096414,5,1770009299,1770010220,1770010619.0,1770010537,1770010537,1770009254,1770010535,84.0,399.0,1320.0,82.0,True,False,24.66,24309.38,24310.44,24335.5,64,1,2,25,25.0,5.0,BROKEN_NO_ACCEPTANCE,1.05916224,0,,,False,False
RG2_DE40_PERIOD_M5_1769990400_1770414900_2017222542755637715,DE40,3038176682893673031,4845276300260683618,3741524350995752459,1,1770029020,1770029020,1770029139.0,1770029080,1770029080,1770029018,1770029079,60.0,119.0,119.0,59.0,True,False,26.37,24528.0,24529.36,24530.73,80,2,2,11,11.0,1.0,BROKEN_NO_ACCEPTANCE,0.18777376,0,,,False,False
RG2_DE40_PERIOD_M5_1769990400_1770414900_2017222542755637715,DE40,2575918765493298093,1075364623211355316,3256076413460975455,1,1770029166,1770029166,1770029490.0,1770029489,1770029489,1770029164,1770029488,2.0,324.0,324.0,1.0,True,False,26.33,24540.55,24542.02,24543.49,320,2,2,20,20.0,1.0,BROKEN_NO_ACCEPTANCE,0.18761869,0,,,False,False
RG2_DE40_PERIOD_M5_1769990400_1770414900_2017222542755637715,DE40,11668337708173029674,9889611656381881863,4745285460837220635,2,1770029549,1770029700,1770029846.0,1770029845,1770029845,1770029548,1770029844,2.0,146.0,297.0,1.0,True,False,26.43,24555.67,24557.25,24558.83,192,2,2,21,21.0,2.0,BROKEN_NO_ACCEPTANCE,0.11968722,0,,,False,False
RG2_DE40_PERIOD_M5_1769990400_1770414900_2017222542755637715,DE40,5655825338073621648,2087145080302558099,13459369284439339642,1,1770031360,1770031360,1770032400.0,1770032257,1770032257,1770031356,1770032257,143.0,1040.0,1040.0,143.0,True,False,26.83,24578.9,24586.43,24586.46,64,1,2,33,33.0,1.0,BROKEN_NO_ACCEPTANCE,0.34083721,0,,,False,False
RG2_DE40_PERIOD_M5_1769990400_1770414900_2017222542755637715,DE40,11028714057572293675,11615939089268678366,15394709667542992492,2,1770033749,1770033918,1770033996.0,1770033995,1770033995,1770033747,1770033994,2.0,78.0,247.0,1.0,True,False,26.3,24616.9,24618.34,24619.78,192,2,2,17,17.0,2.0,BROKEN_NO_ACCEPTANCE,0.1095057,3,MERGE,7139766980203632624,False,True
RG2_DE40_PERIOD_M5_1769990400_1770414900_2017222542755637715,DE40,2968761497208736349,14994462567306816292,14344457882102208961,1,1770052396,1770052396,1770052600.0,1770052594,1770052594,1770052393,1770052594,6.0,204.0,204.0,6.0,True,False,23.71,24815.45,24816.87,24818.29,320,2,2,25,25.0,1.0,BROKEN_NO_ACCEPTANCE,0.2104686,0,,,False,False
RG2_DE40_PERIOD_M5_1769990400_1770414900_2017222542755637715,DE40,12085259254167826316,15592961605082663047,16409073479584739551,1,1770052771,1770052771,1770052780.0,1770052779,1770052779,1770052769,1770052779,1.0,9.0,9.0,1.0,True,False,23.71,24845.73,24846.98,24848.22,192,2,2,15,15.0,1.0,BROKEN_NO_ACCEPTANCE,0.16533806,0,,,False,False
RG2_DE40_PERIOD_M5_1769990400_1770414900_2017222542755637715,DE40,7849808228082629583,12725941357709649529,7766701503766564184,9,1770052589,1770056372,1770063000.0,1770062400,1770062400,1769994300,1770060300,2700.0,6628.0,10411.0,600.0,True,False,22.9,24825.78,24835.7,24839.67,130,2,2,1689,1695.0,9.0,APPROACH_NO_CONTACT,0.0,0,,,False,False
RG2_DE40_PERIOD_M5_1769990400_1770414900_2017222542755637715,DE40,268680173144187439,8233021207241927161,14027050758219458231,7,1770062800,1770071081,1770080522.0,1770080520,1770080520,1770062400,1770069600,10922.0,9441.0,17722.0,2.0,True,False,16.22,24813.89,24817.64,24825.78,258,2,2,25,36.0,7.0,APPROACH_NO_CONTACT,0.0,0,,,False,False
RG2_DE40_PERIOD_M5_1769990400_1770414900_2017222542755637715,DE40,12047264328013969985,8109412642896744912,10384806085379883873,1,1770080520,1770080520,1770080702.0,1770080700,1770080700,1770080520,1770080699,3.0,182.0,182.0,2.0,True,False,16.26,24853.8,24858.37,24859.3,336,3,3,70,70.0,1.0,BROKEN_NO_ACCEPTANCE,1.09131266,0,,,False,False
RG2_DE40_PERIOD_M5_1769990400_1770414900_2017222542755637715,DE40,11642550231352198088,11550833022514198516,4850812679119177234,2,1770080912,1770081002,1770082525.0,1770082519,1770082519,1770080910,1770082519,6.0,1523.0,1613.0,6.0,True,False,15.71,24891.8,24892.48,24893.16,192,2,2,17,17.0,2.0,BROKEN_NO_ACCEPTANCE,0.0865856,0,,,False,False
RG2_DE40_PERIOD_M5_1769990400_1770414900_2017222542755637715,DE40,9961342251987747032,18037535123503214212,5704702110894230295,5,1770100287,1770109370,1770110700.0,1770110100,1770110100,1769994300,1770109896,804.0,1330.0,10413.0,600.0,True,False,10.85,24932.7,24944.78,24948.2,320,2,2,2026,2026.0,5.0,BROKEN_NO_ACCEPTANCE,3.50575233,0,,,False,False
RG2_DE40_PERIOD_M5_1769990400_1770414900_2017222542755637715,DE40,7892153501983220415,7293300459314885838,8182367436980275010,5,1770106287,1770109585,1770112960.0,1770112800,1770112800,1770105600,1770111493,1467.0,3375.0,6673.0,160.0,True,False,11.91,24909.33,24909.67,24910.0,144,2,2,38,42.0,5.0,APPROACH_NO_CONTACT,0.0,0,,,False,False
RG2_DE40_PERIOD_M5_1769990400_1770414900_2017222542755637715,DE40,6728528935711295715,12555388349368612278,3330181239806725461,1,1770113378,1770113378,1770113433.0,1770113432,1770113432,1770080520,1770113432,1.0,55.0,55.0,1.0,True,False,12.63,25028.3,25123.7,25290.37,896,3,17,475,475.0,1.0,APPROACH_NO_CONTACT,0.0,0,,,False,False
RG2_DE40_PERIOD_M5_1769990400_1770414900_2017222542755637715,DE40,3174987738536284627,10060751547349257636,16566501405289274100,11,1770121780,1770123457,1770123626.0,1770123600,1770123600,1770094800,1770120000,3626.0,169.0,1846.0,26.0,True,False,17.92,24869.46,24876.03,24884.05,10,2,2,540,551.0,11.0,APPROACH_NO_CONTACT,0.0,0,,,False,False
RG2_DE40_PERIOD_M5_1769990400_1770414900_2017222542755637715,DE40,3059251507417538547,15228713224143135960,16757808967581522214,1,1770123631,1770123631,1770123640.0,1770123639,1770123639,1770123630,1770123638,2.0,9.0,9.0,1.0,True,False,17.92,24837.61,24838.64,24839.67,192,2,2,9,9.0,1.0,BROKEN_NO_ACCEPTANCE,0.22041181,0,,,False,False
RG2_DE40_PERIOD_M5_1769990400_1770414900_2017222542755637715,DE40,17750045649803042771,17293866747509771724,3694766166485656175,5,1770127348,1770130586,1770131400.0,1770130800,1770130800,1770127200,1770130500,900.0,814.0,4052.0,600.0,True,False,20.85,24869.46,24878.69,24884.05,26,3,3,12,12.0,5.0,APPROACH_NO_CONTACT,0.0,0,,,False,False
RG2_DE40_PERIOD_M5_1769990400_1770414900_2017222542755637715,DE40,15713132865153326169,12107181181441040300,6980779110176202881,2,1770133440,1770133469,1770133536.0,1770133535,1770133535,1770133433,1770133534,2.0,67.0,96.0,1.0,True,False,20.93,24807.56,24808.78,24810.0,80,2,2,17,17.0,2.0,BROKEN_NO_ACCEPTANCE,0.11656793,0,,,False,False
RG2_DE40_PERIOD_M5_1769990400_1770414900_2017222542755637715,DE40,7009095225236754813,4692652609677526621,12032138121087682500,2,1770133647,1770133713,1770133830.0,1770133824,1770133824,1770133646,1770133824,6.0,117.0,183.0,6.0,True,False,20.86,24796.95,24798.06,24799.17,192,2,2,19,19.0,2.0,BROKEN_NO_ACCEPTANCE,0.13661202,0,,,False,False
RG2_DE40_PERIOD_M5_1769990400_1770414900_2017222542755637715,DE40,451757685189635117,6179272797284965218,1775648190864932900,1,1770134655,1770134655,1770134752.0,1770134751,1770134751,1770134654,1770134750,2.0,97.0,97.0,1.0,True,False,21.19,24782.99,24784.19,24785.4,320,2,2,18,18.0,1.0,BROKEN_NO_ACCEPTANCE,0.22697244,0,,,False,False
RG2_DE40_PERIOD_M5_1769990400_1770414900_2017222542755637715,DE40,10953046042864406837,10973605798904936378,9132658509145653305,1,1770145996,1770145996,1770149614.0,1770149608,1770149608,1770145993,1770149608,6.0,3618.0,3618.0,6.0,True,False,25.49,24677.04,24678.54,24680.05,320,2,2,39,39.0,1.0,BROKEN_NO_ACCEPTANCE,0.17892176,0,,,False,False
RG2_DE40_PERIOD_M5_1769990400_1770414900_2017222542755637715,DE40,5894209757907219374,15617551033266935488,18345357321004942330,33,1770134787,1770157925,1770166922.0,1770166920,1770166920,1769994300,1770157500,9422.0,8997.0,32135.0,2.0,True,False,25.95,24735.13,24751.91,24767.15,898,4,4,3356,3362.0,33.0,PENETRATED_NO_RESOLUTION,0.67410238,0,,,False,False
RG2_DE40_PERIOD_M5_1769990400_1770414900_2017222542755637715,DE40,6254312207967842599,5068954671755178452,13206771810189915976,1,1770166997,1770166997,1770167080.0,1770167016,1770167016,1770166994,1770167015,65.0,83.0,83.0,64.0,True,False,25.95,24728.18,24729.66,24731.13,192,2,2,15,15.0,1.0,BROKEN_NO_ACCEPTANCE,0.18577045,0,,,False,False
RG2_DE40_PERIOD_M5_1769990400_1770414900_2017222542755637715,DE40,14011584985079584526,15185314244100883162,11490201098659936970,8,1770167618,1770173760,1770174059.0,1770174000,1770174000,1770167616,1770171565,2494.0,299.0,6441.0,59.0,True,False,24.28,24744.55,24754.11,24763.9,18,2,2,60,68.0,8.0,APPROACH_NO_CONTACT,0.0,0,,,False,False
RG2_DE40_PERIOD_M5_1769990400_1770414900_2017222542755637715,DE40,12428366715935330673,2916511032211409728,563427498152032609,1,1770175320,1770175320,1770175653.0,1770175570,1770175570,1770175319,1770175560,93.0,333.0,333.0,83.0,True,False,22.9,24815.45,24816.28,24817.1,320,2,2,13,13.0,1.0,BROKEN_NO_ACCEPTANCE,0.41481093,0,,,False,False
RG2_DE40_PERIOD_M5_1769990400_1770414900_2017222542755637715,DE40,16185356972145512406,2912006368926339731,4338980495314412681,1,1770186479,1770186479,1770189000.0,1770188400,1770188400,1770184800,1770184800,4200.0,2521.0,2521.0,600.0,True,False,15.98,24771.0,24771.0,24771.0,16,1,2,1,12.0,1.0,APPROACH_NO_CONTACT,0.0,0,,,False,False
RG2_DE40_PERIOD_M5_1769990400_1770414900_2017222542755637715,DE40,17420118155256438908,15102884030805717231,17857448470054750646,3,1770192360,1770193508,1770195693.0,1770195600,1770195600,1770192000,1770192000,3693.0,2185.0,3333.0,93.0,True,False,12.23,24771.0,24771.5,24772.0,16,1,2,1,12.0,3.0,APPROACH_NO_CONTACT,0.0,0,,,False,False
RG2_DE40_PERIOD_M5_1769990400_1770414900_2017222542755637715,DE40,3147423784900874840,17259848800877372966,9864704173267316316,2,1770195726,1770196054,1770196354.0,1770196344,1770196344,1770195724,1770196342,12.0,300.0,628.0,10.0,True,False,12.42,24845.73,24846.34,24846.94,192,2,2,5,5.0,2.0,BROKEN_NO_ACCEPTANCE,0.09713166,0,,,False,False
RG2_DE40_PERIOD_M5_1769990400_1770414900_2017222542755637715,DE40,1075814707707173037,6727466970750921703,16428183302543573752,2,1770197019,1770197101,1770197355.0,1770197342,1770197342,1770197016,1770197340,15.0,254.0,336.0,13.0,True,False,12.22,24859.0,24859.35,24859.7,80,2,2,8,8.0,2.0,BROKEN_NO_ACCEPTANCE,0.23723822,0,,,False,False
RG2_DE40_PERIOD_M5_1769990400_1770414900_2017222542755637715,DE40,523539121084394298,4145835224391244927,17943329319476297912,1,1770233236,1770233236,1770233359.0,1770233359,1770233359,1770233234,1770233358,1.0,123.0,123.0,0.0,False,False,28.88,24552.28,24553.97,24555.67,192,2,2,15,15.0,1.0,BROKEN_NO_ACCEPTANCE,0.13919186,0,,,False,False
RG2_DE40_PERIOD_M5_1769990400_1770414900_2017222542755637715,DE40,7475534495638967010,2662926865744873879,6076953145572315207,1,1770233361,1770233361,1770233371.0,1770233370,1770233370,1770233360,1770233370,1.0,10.0,10.0,1.0,True,False,28.88,24539.04,24540.77,24542.5,320,2,2,19,19.0,1.0,BROKEN_NO_ACCEPTANCE,0.2911949,0,,,False,False
RG2_DE40_PERIOD_M5_1769990400_1770414900_2017222542755637715,DE40,17952619478593710212,16842410387846420335,9002577986386635340,1,1770253330,1770253330,1770253365.0,1770253345,1770253345,1770253325,1770253335,30.0,35.0,35.0,20.0,True,False,29.9,24641.27,24641.88,24642.49,192,2,2,2,2.0,1.0,BROKEN_NO_ACCEPTANCE,0.10334103,0,,,False,False
RG2_DE40_PERIOD_M5_1769990400_1770414900_2017222542755637715,DE40,4831461767519967029,7894010051135520681,7126646923803304031,38,1770218680,1770256200,1770256600.0,1770256599,1770256599,1770080520,1770256598,2.0,400.0,37920.0,1.0,True,False,29.44,24631.66,24633.33,24635.0,80,2,2,2771,2771.0,38.0,BROKEN_NO_ACCEPTANCE,0.15763011,0,,,False,False
RG2_DE40_PERIOD_M5_1769990400_1770414900_2017222542755637715,DE40,7061903440364765057,8686344479415953912,15124501344834337066,5,1770253541,1770260447,1770264600.0,1770264000,1770264000,1770253540,1770263592,1008.0,4153.0,11059.0,600.0,True,False,27.56,24666.0,24667.13,24668.27,144,2,2,139,140.0,5.0,APPROACH_NO_CONTACT,0.0,0,,,False,False
RG2_DE40_PERIOD_M5_1769990400_1770414900_2017222542755637715,DE40,13057857857187999442,8347745391448800743,994309942194747528,1,1770272444,1770272444,1770272472.0,1770272463,1770272463,1770272441,1770272461,11.0,28.0,28.0,9.0,True,False,20.29,24561.65,24562.35,24563.05,320,2,2,2,2.0,1.0,BROKEN_NO_ACCEPTANCE,0.06899271,0,,,False,False
RG2_DE40_PERIOD_M5_1769990400_1770414900_2017222542755637715,DE40,9344354501105013853,985749102193510898,5904668620407804808,1,1770272475,1770272475,1770272616.0,1770272600,1770272600,1770272473,1770272580,36.0,141.0,141.0,16.0,True,False,20.29,24553.9,24554.78,24555.67,192,2,2,12,12.0,1.0,BROKEN_NO_ACCEPTANCE,0.19712202,0,,,False,False
RG2_DE40_PERIOD_M5_1769990400_1770414900_2017222542755637715,DE40,13832889268799283932,10889019824771919497,17730673103165983506,1,1770272612,1770272612,1770272700.0,1770272616,1770272616,1770272608,1770272608,92.0,88.0,88.0,84.0,True,False,20.29,24546.17,24546.62,24547.07,192,2,2,1,1.0,1.0,APPROACH_NO_CONTACT,0.0,0,,,False,False
RG2_DE40_PERIOD_M5_1769990400_1770414900_2017222542755637715,DE40,4356502002431518116,2844382429566186978,4596333862303511292,8,1770288327,1770288702,1770289202.0,1770289200,1770289200,1770225600,1770289182,20.0,500.0,875.0,2.0,True,False,21.05,24517.3,24525.14,24532.25,322,3,3,810,810.0,8.0,BROKEN_NO_ACCEPTANCE,1.80795019,0,,,False,False
RG2_DE40_PERIOD_M5_1769990400_1770414900_2017222542755637715,DE40,6564122461417235041,17527995509403715294,13263775730323493972,1,1770289531,1770289531,1770289539.0,1770289539,1770289539,1770289529,1770289538,1.0,8.0,8.0,0.0,False,False,21.29,24461.68,24462.94,24464.2,192,2,2,17,17.0,1.0,BROKEN_NO_ACCEPTANCE,0.15597839,0,,,False,False
RG2_DE40_PERIOD_M5_1769990400_1770414900_2017222542755637715,DE40,4383948400852083625,8391031796751672054,276196239320217154,1,1770289541,1770289541,1770291749.0,1770291748,1770291748,1770289540,1770291748,1.0,2208.0,2208.0,1.0,True,False,22.65,24455.82,24456.83,24457.83,192,2,2,17,17.0,1.0,BROKEN_NO_ACCEPTANCE,0.14042835,0,,,False,False
RG2_DE40_PERIOD_M5_1769990400_1770414900_2017222542755637715,DE40,5199318190867551903,12969006668431859132,10524652394193875738,1,1770291751,1770291751,1770291760.0,1770291760,1770291760,1770291750,1770291759,1.0,9.0,9.0,0.0,False,False,22.65,24446.57,24447.72,24448.88,72,2,2,8,8.0,1.0,BROKEN_NO_ACCEPTANCE,0.188121,0,,,False,False
RG2_DE40_PERIOD_M5_1769990400_1770414900_2017222542755637715,DE40,294525299319800957,12952448367929757707,6517917781171292118,4,1770291749,1770292347,1770293400.0,1770292800,1770292800,1770166920,1770292120,1280.0,1053.0,1651.0,600.0,True,False,22.97,24306.87,24380.09,24443.45,960,4,11,1711,1713.0,4.0,APPROACH_NO_CONTACT,0.0,0,,,False,False
RG2_DE40_PERIOD_M5_1769990400_1770414900_2017222542755637715,DE40,16808531589513654475,9375461259254903816,5436576195633972648,5,1770293433,1770295051,1770297000.0,1770296400,1770296400,1770292800,1770292800,4200.0,1949.0,3567.0,600.0,True,False,24.01,24518.22,24528.41,24532.25,258,2,2,1,11.0,5.0,BROKEN_NO_ACCEPTANCE,1.86407161,0,,,False,False
RG2_DE40_PERIOD_M5_1769990400_1770414900_2017222542755637715,DE40,14227792146004461364,4703882633088211167,7345748542908265246,5,1770292856,1770302294,1770304200.0,1770303600,1770303600,1770292800,1770303342,858.0,1906.0,11344.0,600.0,True,False,25.79,24306.87,24390.83,24457.83,970,6,14,230,230.0,5.0,PENETRATED_NO_RESOLUTION,3.49497597,0,,,False,False
RG2_DE40_PERIOD_M5_1769990400_1770414900_2017222542755637715,DE40,16750692931071457523,3425470710336239448,7594445708263060041,1,1770304654,1770304654,1770307231.0,1770307200,1770307200,1770303600,1770307095,136.0,2577.0,2577.0,31.0,True,False,29.28,24306.87,24369.41,24443.45,960,4,11,262,262.0,1.0,PENETRATED_NO_RESOLUTION,4.51951178,0,,,False,False
RG2_DE40_PERIOD_M5_1769990400_1770414900_2017222542755637715,DE40,3763877722893399445,18059908033584424308,13284028326770884420,5,1770307239,1770316421,1770318600.0,1770318000,1770318000,1770307200,1770314400,4200.0,2179.0,11361.0,600.0,True,False,37.65,24306.87,24395.65,24457.83,922,6,14,122,133.0,5.0,APPROACH_NO_CONTACT,0.0,0,,,False,False
RG2_DE40_PERIOD_M5_1769990400_1770414900_2017222542755637715,DE40,14984890879074868416,16464976247544731925,16142421226584493315,1,1770318635,1770318635,1770325800.0,1770325200,1770325200,1770318000,1770321600,4200.0,7165.0,7165.0,600.0,True,False,37.47,24306.87,24379.04,24443.45,912,4,11,12,23.0,1.0,APPROACH_NO_CONTACT,0.0,0,,,False,False
RG2_DE40_PERIOD_M5_1769990400_1770414900_2017222542755637715,DE40,16324696527065655307,8308875206282092174,3836280730542481943,1,1770346804,1770346804,1770349200.0,1770349112,1770349112,1770343200,1770349103,97.0,2396.0,2396.0,88.0,True,False,28.39,24409.0,24410.14,24411.28,80,2,2,117,117.0,1.0,BROKEN_NO_ACCEPTANCE,0.07889819,0,,,False,False
RG2_DE40_PERIOD_M5_1769990400_1770414900_2017222542755637715,DE40,15657663521936069005,18264832877207915988,14589008601779185383,1,1770350070,1770350070,1770350137.0,1770350129,1770350129,1770350062,1770350127,10.0,67.0,67.0,8.0,True,False,27.44,24464.2,24465.78,24467.35,192,2,2,7,7.0,1.0,BROKEN_NO_ACCEPTANCE,0.15197901,0,,,False,False
RG2_DE40_PERIOD_M5_1769990400_1770414900_2017222542755637715,DE40,2210272600578865871,1319350927003893434,13559276346891164726,1,1770350403,1770350403,1770350472.0,1770350436,1770350436,1770350400,1770350434,38.0,69.0,69.0,36.0,True,False,27.01,24481.93,24483.2,24484.46,192,2,2,8,8.0,1.0,BROKEN_NO_ACCEPTANCE,0.35026659,0,,,False,False
RG2_DE40_PERIOD_M5_1769990400_1770414900_2017222542755637715,DE40,6146117524372354418,5851496912320183524,6547820622482443101,3,1770364230,1770364230,1770364335.0,1770364326,1770364326,1770350673,1770364323,12.0,105.0,105.0,9.0,True,False,20.91,24495.0,24495.83,24496.67,80,2,2,52,52.0,3.0,BROKEN_NO_ACCEPTANCE,0.07987755,0,,,False,False
RG2_DE40_PERIOD_M5_1769990400_1770414900_2017222542755637715,DE40,14289695955989798460,16936312511367835945,17068328171364107031,5,1770363387,1770367805,1770369000.0,1770368400,1770368400,1770361200,1770365004,3996.0,1195.0,5613.0,600.0,True,False,21.27,24481.93,24482.47,24483.0,144,2,2,31,42.0,5.0,BROKEN_NO_ACCEPTANCE,1.11620366,0,,,False,False
RG2_DE40_PERIOD_M5_1769990400_1770414900_2017222542755637715,DE40,1728179754538315272,1598320694605318017,5993894926693170898,5,1770368400,1770371312,1770372600.0,1770372000,1770372000,1770368400,1770368400,4200.0,1288.0,4200.0,600.0,True,False,21.21,24495.0,24495.0,24495.0,16,1,2,1,12.0,5.0,APPROACH_NO_CONTACT,0.0,0,,,False,False
RG2_DE40_PERIOD_M5_1769990400_1770414900_2017222542755637715,DE40,1775984430747920390,17827615264392120721,16775272046527082297,2,1770365039,1770373384,1770376860.0,1770376859,1770376859,1770365004,1770376858,2.0,3476.0,11821.0,1.0,True,False,23.45,24540.55,24541.72,24542.89,320,2,2,49,49.0,2.0,BROKEN_NO_ACCEPTANCE,0.1744434,0,,,False,False
RG2_DE40_PERIOD_M5_1769990400_1770414900_2017222542755637715,DE40,12347769999083343020,7290527774949697063,900268895536012685,1,1770382109,1770382109,1770382203.0,1770382202,1770382202,1770382106,1770382201,2.0,94.0,94.0,1.0,True,False,24.32,24587.65,24589.01,24590.38,320,2,2,29,29.0,1.0,BROKEN_NO_ACCEPTANCE,0.20480342,0,,,False,False
RG2_DE40_PERIOD_M5_1769990400_1770414900_2017222542755637715,DE40,14318804152202204956,14868557530757241175,7645765439486094314,1,1770382860,1770382860,1770382895.0,1770382894,1770382894,1770382854,1770382894,1.0,35.0,35.0,1.0,True,False,24.36,24616.9,24618.26,24619.61,192,2,2,20,20.0,1.0,BROKEN_NO_ACCEPTANCE,0.15232386,0,,,False,False
RG2_DE40_PERIOD_M5_1769990400_1770414900_2017222542755637715,DE40,13590359150140191961,16716535962555741752,13048744734827814492,1,1770395563,1770395563,1770395619.0,1770395607,1770395607,1770395561,1770395619,0.0,56.0,56.0,12.0,True,True,24.92,24668.27,24669.74,24671.21,192,2,2,57,57.0,1.0,BROKEN_NO_ACCEPTANCE,0.11837406,0,,,False,False
RG2_DE40_PERIOD_M5_1776038400_1776462900_3312069574877448041,DE40,2986054916136470461,15795337988601417508,62264627909632982,1,1776042341,1776042341,1776042600.0,1776042578,1776042578,1776042338,1776042578,22.0,259.0,259.0,22.0,True,False,26.85,23476.0,23477.24,23478.49,192,2,2,5,5.0,1.0,BROKEN_NO_ACCEPTANCE,0.10476271,0,,,False,False
RG2_DE40_PERIOD_M5_1776038400_1776462900_3312069574877448041,DE40,15729920285364653439,7886016402440729440,4488788444901462122,2,1776042327,1776042556,1776046200.0,1776045600,1776045600,1776042300,1776043781,2419.0,3644.0,3873.0,600.0,True,False,23.77,23237.0,23362.61,23458.7,448,3,7,105,111.0,2.0,PENETRATED_NO_RESOLUTION,1.51184656,0,,,False,False
RG2_DE40_PERIOD_M5_1776038400_1776462900_3312069574877448041,DE40,3801000983517801122,6557481261157696436,5908254339116505691,3,1776048757,1776050666,1776053400.0,1776052800,1776052800,1776045600,1776052500,900.0,2734.0,4643.0,600.0,True,False,24.27,23237.0,23380.81,23458.7,464,4,9,107,107.0,3.0,APPROACH_NO_CONTACT,0.0,0,,,False,False
RG2_DE40_PERIOD_M5_1776038400_1776462900_3312069574877448041,DE40,16469396960917586066,16300282622071050457,5097209592000143395,1,1776075277,1776075277,1776077318.0,1776077316,1776077316,1776042300,1776077315,3.0,2041.0,2041.0,2.0,True,False,18.38,23593.15,23673.73,23756.4,896,3,6,333,333.0,1.0,APPROACH_NO_CONTACT,0.0,0,,,False,False
RG2_DE40_PERIOD_M5_1776038400_1776462900_3312069574877448041,DE40,6738802789744230351,278370429016111668,14935968392700313039,11,1776077320,1776083072,1776085800.0,1776085200,1776085200,1776077316,1776081600,4200.0,2728.0,8480.0,600.0,True,False,18.64,23593.15,23665.7,23756.4,960,4,7,59,70.0,11.0,APPROACH_NO_CONTACT,0.0,0,,,False,False
RG2_DE40_PERIOD_M5_1776038400_1776462900_3312069574877448041,DE40,8906599709231356150,12679534699900362659,5299707786818680165,2,1776086051,1776088946,1776096600.0,1776096000,1776096000,1776085200,1776092400,4200.0,7654.0,10549.0,600.0,True,False,19.61,23591.0,23656.36,23756.4,976,5,8,25,36.0,2.0,APPROACH_NO_CONTACT,0.0,0,,,False,False
RG2_DE40_PERIOD_M5_1776038400_1776462900_3312069574877448041,DE40,1584590673327770347,739393034648933654,12560389942940442163,6,1776097528,1776098559,1776100200.0,1776099600,1776099600,1776096000,1776099041,1159.0,1641.0,2672.0,600.0,True,False,22.41,23593.15,23683.98,23756.4,960,4,7,131,132.0,6.0,PENETRATED_NO_RESOLUTION,6.4653709,0,,,False,False
RG2_DE40_PERIOD_M5_1776038400_1776462900_3312069574877448041,DE40,3498955188966569772,447667500847631408,2502832118757249671,2,1776117147,1776117233,1776118200.0,1776117675,1776117675,1776117141,1776117665,535.0,967.0,1053.0,525.0,True,False,24.26,23914.4,23915.72,23917.05,320,2,2,13,13.0,2.0,BROKEN_NO_ACCEPTANCE,0.11369744,0,,,False,False
RG2_DE40_PERIOD_M5_1776038400_1776462900_3312069574877448041,DE40,2456765380152665453,15528570977226638356,3986324432097703494,1,1776128613,1776128613,1776128776.0,1776128741,1776128741,1776128609,1776128734,42.0,163.0,163.0,35.0,True,False,23.08,23956.55,23957.72,23958.89,320,2,2,13,13.0,1.0,BROKEN_NO_ACCEPTANCE,0.1884667,0,,,False,False
RG2_DE40_PERIOD_M5_1776038400_1776462900_3312069574877448041,DE40,9270961247536109540,13651486151981034823,13983525834282476886,2,1776132000,1776132963,1776133455.0,1776133446,1776133446,1776132000,1776133443,12.0,492.0,1455.0,9.0,True,False,20.4,23970.0,23970.98,23971.96,80,2,2,13,13.0,2.0,BROKEN_NO_ACCEPTANCE,0.29212822,0,,,False,False
RG2_DE40_PERIOD_M5_1776038400_1776462900_3312069574877448041,DE40,231096624361223573,13263099891985000780,8288671712717072641,1,1776133476,1776133476,1776134595.0,1776134580,1776134580,1776133470,1776133482,1113.0,1119.0,1119.0,15.0,True,False,20.07,23982.3,23982.95,23983.6,192,2,2,4,9.0,1.0,BROKEN_NO_ACCEPTANCE,0.16272914,0,,,False,False
RG2_DE40_PERIOD_M5_1776038400_1776462900_3312069574877448041,DE40,3627610966382195023,17545657643400658646,6582492872476910663,2,1776132000,1776132301,1776136200.0,1776135600,1776135600,1776132000,1776134774,1426.0,3899.0,4200.0,600.0,True,False,18.46,23956.0,23956.85,23958.0,272,2,3,43,45.0,2.0,APPROACH_NO_CONTACT,0.0,0,,,False,False
RG2_DE40_PERIOD_M5_1776038400_1776462900_3312069574877448041,DE40,12259871683840095052,14041258297472497858,1375752577923444020,16,1776167554,1776182980,1776185700.0,1776185100,1776185100,1776042300,1776182400,3300.0,2720.0,18146.0,600.0,True,False,23.12,24025.8,24044.61,24049.0,208,3,3,1487,1495.0,16.0,BROKEN_NO_ACCEPTANCE,1.49148317,0,,,False,False
RG2_DE40_PERIOD_M5_1776038400_1776462900_3312069574877448041,DE40,16436744391171526801,17677856056642545699,250314778567456121,7,1776186000,1776189093,1776190200.0,1776189600,1776189600,1776186000,1776186000,4200.0,1107.0,4200.0,600.0,True,False,25.3,24052.83,24053.92,24055.0,144,2,2,1,12.0,7.0,APPROACH_NO_CONTACT,0.0,0,,,False,False
RG2_DE40_PERIOD_M5_1776038400_1776462900_3312069574877448041,DE40,9623476384497442713,16546878635990455636,4030934842669266369,11,1776196800,1776207324,1776214922.0,1776214920,1776214920,1776196800,1776204900,10022.0,7598.0,18122.0,2.0,True,False,18.39,24002.9,24032.18,24039.0,146,3,3,28,36.0,11.0,APPROACH_NO_CONTACT,0.0,0,,,False,False
RG2_DE40_PERIOD_M5_1776038400_1776462900_3312069574877448041,DE40,4063397701141648799,7904539342126573002,9534562510019553813,1,1776227614,1776227614,1776229800.0,1776229200,1776229200,1776225600,1776225600,4200.0,2186.0,2186.0,600.0,True,False,12.14,24031.7,24143.17,24278.33,978,6,25,1,13.0,1.0,PENETRATED_NO_RESOLUTION,1.49253731,0,,,True,True
RG2_DE40_PERIOD_M5_1776038400_1776462900_3312069574877448041,DE40,12188260921284479318,4856064000864440979,12362946485429886760,1,1776240000,1776240000,1776240002.0,1776240001,1776240001,1776240000,1776240000,2.0,2.0,2.0,1.0,True,False,9.75,24008.9,24009.45,24010.0,80,2,2,1,1.0,1.0,PENETRATED_NO_RESOLUTION,0.08201763,0,,,False,False
RG2_DE40_PERIOD_M5_1776038400_1776462900_3312069574877448041,DE40,1711926024951636581,1672806241744599390,10309444072693483904,14,1776229835,1776251366,1776254400.0,1776253800,1776253800,1776229200,1776253360,1040.0,3034.0,24565.0,600.0,True,False,14.24,24031.7,24141.13,24278.33,978,6,25,172,173.0,14.0,PENETRATED_NO_RESOLUTION,5.38054892,0,,,False,False
RG2_DE40_PERIOD_M5_1776038400_1776462900_3312069574877448041,DE40,1974637751143647726,10607257028037153077,12340423027293160138,3,1776258338,1776264900,1776265800.0,1776265200,1776265200,1776258000,1776264401,1399.0,900.0,7462.0,600.0,True,False,19.86,24075.2,24076.1,24077.0,272,2,2,47,49.0,3.0,BROKEN_NO_ACCEPTANCE,0.11581651,0,,,False,False
RG2_DE40_PERIOD_M5_1776038400_1776462900_3312069574877448041,DE40,597604344462992841,12427960603570272525,12489104253718770086,25,1776254857,1776283118,1776283800.0,1776283200,1776283200,1776253800,1776279600,4200.0,682.0,28943.0,600.0,True,False,22.82,24035.52,24050.43,24062.23,146,3,4,112,123.0,25.0,APPROACH_NO_CONTACT,0.0,0,,,False,False
RG2_DE40_PERIOD_M5_1776038400_1776462900_3312069574877448041,DE40,5716687645468079353,12448264767402400088,2935057322664947212,1,1776440923,1776440923,1776440958.0,1776440940,1776440940,1776440919,1776440920,38.0,35.0,35.0,18.0,True,False,18.2,24431.87,24432.73,24433.6,192,2,2,5,5.0,1.0,APPROACH_NO_CONTACT,0.0,0,,,False,False
RG2_DE40_PERIOD_M5_1776038400_1776462900_3312069574877448041,DE40,14210239649474495908,6681500968974277359,1788170176746055661,1,1776441285,1776441285,1776441378.0,1776441377,1776441377,1776441281,1776441377,1.0,93.0,93.0,1.0,True,False,21.32,24621.87,24623.01,24624.16,192,2,2,7,7.0,1.0,BROKEN_NO_ACCEPTANCE,0.10758741,0,,,False,False
RG2_DE40_PERIOD_M5_1776038400_1776462900_3312069574877448041,DE40,4059075007137774482,2139371787043864476,9723288313075294209,66,1776426016,1776439469,1776441988.0,1776441600,1776441600,1776253800,1776441401,587.0,2519.0,15972.0,388.0,True,False,22.44,24082.95,24180.12,24278.33,912,4,26,1889,1889.0,66.0,APPROACH_NO_CONTACT,0.0,0,,,False,False
RG2_FRA40_PERIOD_M5_1764547200_1764978900_5546118285371728057,FRA40,1033846202818605367,18408801011879580834,6926378892203253587,2,1764553028,1764553045,1764555000.0,1764554913,1764554913,1764553025,1764554906,94.0,1955.0,1972.0,87.0,True,False,3.8,8113.2,8113.3,8113.5,192,2,2,10,10.0,2.0,BROKEN_NO_ACCEPTANCE,0.10438413,0,,,False,False
RG2_FRA40_PERIOD_M5_1764547200_1764978900_5546118285371728057,FRA40,8282229539569007848,16981788080850004557,6118242321764106306,1,1764555936,1764555936,1764556860.0,1764556750,1764556750,1764555932,1764556739,121.0,924.0,924.0,110.0,True,False,3.8,8102.1,8102.3,8102.5,320,2,2,5,5.0,1.0,BROKEN_NO_ACCEPTANCE,0.12997141,0,,,False,False
RG2_FRA40_PERIOD_M5_1764547200_1764978900_5546118285371728057,FRA40,111221893404434623,14504985873015564188,14116048783242595181,1,1764557590,1764557590,1764557665.0,1764557648,1764557648,1764557585,1764557595,70.0,75.0,75.0,17.0,True,False,3.9,8091.1,8091.3,8091.5,192,2,2,2,2.0,1.0,BROKEN_NO_ACCEPTANCE,0.11148272,0,,,False,False
RG2_FRA40_PERIOD_M5_1764547200_1764978900_5546118285371728057,FRA40,5444614487017342819,18320134984846049403,9162539222848164456,15,1764557585,1764568560,1764569430.0,1764568800,1764568800,1764550800,1764565200,4230.0,870.0,11845.0,630.0,True,False,3.2,8090.0,8090.1,8090.1,272,2,2,201,211.0,15.0,BROKEN_NO_ACCEPTANCE,0.33971587,0,,,False,False
RG2_FRA40_PERIOD_M5_1764547200_1764978900_5546118285371728057,FRA40,3967546563101013662,15529439101084307581,16539711412265825883,1,1764575185,1764575185,1764576600.0,1764576000,1764576000,1764572700,1764572957,3643.0,1415.0,1415.0,600.0,True,False,3.2,8080.9,8081.0,8081.1,144,2,2,6,16.0,1.0,BROKEN_NO_ACCEPTANCE,1.26071609,0,,,False,False
RG2_FRA40_PERIOD_M5_1764547200_1764978900_5546118285371728057,FRA40,1439559941854912982,507940010374414093,7580481469438565631,3,1764598085,1764598265,1764598349.0,1764598341,1764598341,1764598084,1764598340,9.0,84.0,264.0,8.0,True,False,6.6,8046.9,8047.2,8047.6,192,2,2,9,9.0,3.0,BROKEN_NO_ACCEPTANCE,0.10038649,0,,,False,False
RG2_FRA40_PERIOD_M5_1764547200_1764978900_5546118285371728057,FRA40,357038012761156597,3467204959280314339,5780672337985856126,5,1764624800,1764629640,1764637205.0,1764637200,1764637200,1764601200,1764632700,4505.0,7565.0,12405.0,5.0,True,False,4.3,8090.0,8090.1,8090.1,272,2,2,106,108.0,5.0,APPROACH_NO_CONTACT,0.0,0,,,False,False
RG2_FRA40_PERIOD_M5_1764547200_1764978900_5546118285371728057,FRA40,5780180522598664706,17971546108086546434,7682073074323692456,2,1764637260,1764637278,1764637655.0,1764637379,1764637379,1764637252,1764637369,286.0,377.0,395.0,276.0,True,False,4.3,8079.9,8080.1,8080.3,192,2,2,9,9.0,2.0,BROKEN_NO_ACCEPTANCE,0.14074595,0,,,False,False
RG2_FRA40_PERIOD_M5_1764547200_1764978900_5546118285371728057,FRA40,14271302376915764347,6550285276505201790,13761967042174470401,1,1764641790,1764641790,1764643200.0,1764642899,1764642899,1764640800,1764642882,318.0,1410.0,1410.0,301.0,True,False,3.8,8081.7,8081.9,8082.0,80,2,2,10,10.0,1.0,BROKEN_NO_ACCEPTANCE,0.08176615,0,,,False,False
RG2_FRA40_PERIOD_M5_1764547200_1764978900_5546118285371728057,FRA40,3134693636999043426,5476359657990420553,8937802986125733851,1,1764645045,1764645045,1764645300.0,1764645067,1764645067,1764645039,1764645063,237.0,255.0,255.0,233.0,True,False,3.4,8084.2,8084.4,8084.5,80,2,2,3,3.0,1.0,BROKEN_NO_ACCEPTANCE,0.08746356,0,,,False,False
RG2_FRA40_PERIOD_M5_1764547200_1764978900_5546118285371728057,FRA40,10538149619462385041,17619157014929056426,7864628759290334069,2,1764645084,1764645189,1764645419.0,1764645312,1764645312,1764645081,1764645300,119.0,230.0,335.0,107.0,True,False,3.4,8085.4,8085.6,8085.7,192,2,2,2,2.0,2.0,BROKEN_NO_ACCEPTANCE,0.14819206,0,,,False,False
RG2_FRA40_PERIOD_M5_1764547200_1764978900_5546118285371728057,FRA40,12513955343833546121,15871266873835411539,1328458323156997625,2,1764648024,1764648424,1764652200.0,1764651600,1764651600,1764648000,1764651300,900.0,3776.0,4176.0,600.0,True,False,2.7,8080.9,8081.1,8081.2,144,2,2,14,14.0,2.0,APPROACH_NO_CONTACT,0.0,0,,,False,False
RG2_FRA40_PERIOD_M5_1764547200_1764978900_5546118285371728057,FRA40,18396449114587620085,6796812344380540986,15375383614396951269,3,1764651600,1764654966,1764655830.0,1764655200,1764655200,1764651600,1764654900,930.0,864.0,4230.0,630.0,True,False,2.8,8085.4,8085.5,8085.5,144,2,2,12,12.0,3.0,BROKEN_NO_ACCEPTANCE,0.81763242,0,,,False,False
RG2_FRA40_PERIOD_M5_1764547200_1764978900_5546118285371728057,FRA40,7248130270045705139,17320380052674554488,16885959627842147460,3,1764658805,1764659403,1764663000.0,1764662400,1764662400,1764658800,1764658800,4200.0,3597.0,4195.0,600.0,True,False,2.6,8080.9,8081.1,8081.2,144,2,2,1,12.0,3.0,APPROACH_NO_CONTACT,0.0,0,,,False,False
RG2_FRA40_PERIOD_M5_1764547200_1764978900_5546118285371728057,FRA40,9767724286795571093,17681972710209296108,5083795130553170917,1,1764670768,1764670768,1764670800.0,1764670777,1764670777,1764670767,1764670777,23.0,32.0,32.0,23.0,True,False,3.0,8104.3,8104.5,8104.6,80,2,2,5,5.0,1.0,BROKEN_NO_ACCEPTANCE,0.2002002,0,,,False,False
RG2_FRA40_PERIOD_M5_1764547200_1764978900_5546118285371728057,FRA40,18352054553658277367,13581900384938454834,17180379866275483399,1,1764670840,1764670840,1764671400.0,1764671076,1764671076,1764670838,1764671075,325.0,560.0,560.0,324.0,True,False,3.1,8106.4,8106.5,8106.6,320,2,2,7,7.0,1.0,BROKEN_NO_ACCEPTANCE,0.3236246,0,,,False,False
RG2_FRA40_PERIOD_M5_1764547200_1764978900_5546118285371728057,FRA40,2055623374304134545,16595078511674579616,2585076904455235567,1,1764671738,1764671738,1764671792.0,1764671786,1764671786,1764671737,1764671785,7.0,54.0,54.0,6.0,True,False,3.3,8109.3,8109.3,8109.3,320,2,2,2,2.0,1.0,BROKEN_NO_ACCEPTANCE,0.12296342,0,,,False,False
RG2_FRA40_PERIOD_M5_1764547200_1764978900_5546118285371728057,FRA40,17560316611668625729,16128287124451840336,12719086110275981658,1,1764671797,1764671797,1764671835.0,1764671832,1764671832,1764671794,1764671795,40.0,38.0,38.0,3.0,True,False,3.3,8111.1,8111.2,8111.3,80,2,2,2,2.0,1.0,PENETRATED_NO_RESOLUTION,0.06148171,0,,,False,False
RG2_FRA40_PERIOD_M5_1764547200_1764978900_5546118285371728057,FRA40,6962629167035099402,14073935330075699937,8359109149495268230,1,1764671866,1764671866,1764671874.0,1764671871,1764671871,1764671859,1764671870,4.0,8.0,8.0,3.0,True,False,3.3,8113.5,8113.6,8113.8,192,2,2,6,6.0,1.0,BROKEN_NO_ACCEPTANCE,0.10246952,0,,,False,False
RG2_FRA40_PERIOD_M5_1764547200_1764978900_5546118285371728057,FRA40,3179399071846080733,9549976775167130020,5482074449586434685,1,1764672016,1764672016,1764672034.0,1764672032,1764672032,1764672015,1764672026,8.0,18.0,18.0,2.0,True,False,3.4,8119.4,8119.6,8119.8,192,2,2,5,5.0,1.0,BROKEN_NO_ACCEPTANCE,0.20889287,0,,,False,False
RG2_FRA40_PERIOD_M5_1764547200_1764978900_5546118285371728057,FRA40,8246692086543682946,5848336714154356985,17891973192335680284,18,1764693616,1764706019,1764708900.0,1764708300,1764708300,1764693300,1764706200,2700.0,2881.0,15284.0,600.0,True,False,6.2,8080.9,8081.3,8081.7,144,2,2,73,79.0,18.0,APPROACH_NO_CONTACT,0.0,0,,,False,False
RG2_FRA40_PERIOD_M5_1764547200_1764978900_5546118285371728057,FRA40,539461592189706113,4730321841299480990,346438473245777986,1,1764723613,1764723613,1764723900.0,1764723720,1764723720,1764723600,1764723619,281.0,287.0,287.0,180.0,True,False,5.1,8079.6,8079.8,8079.9,192,2,2,4,4.0,1.0,BROKEN_NO_ACCEPTANCE,0.06598047,0,,,False,False
RG2_FRA40_PERIOD_M5_1764547200_1764978900_5546118285371728057,FRA40,3423914984730736238,7414021817492344891,3859914009202450723,4,1764724873,1764726394,1764726983.0,1764726964,1764726964,1764724860,1764724919,2064.0,589.0,2110.0,19.0,True,False,4.5,8081.7,8081.9,8082.1,80,2,2,4,13.0,4.0,PENETRATED_NO_RESOLUTION,0.08843688,0,,,False,False
RG2_FRA40_PERIOD_M5_1764547200_1764978900_5546118285371728057,FRA40,2663871385484227303,8776864665904676921,7720033507920168081,4,1764727506,1764730140,1764730920.0,1764730800,1764730800,1764727200,1764728700,2220.0,780.0,3414.0,120.0,True,False,3.8,8079.6,8079.8,8079.9,144,2,2,25,32.0,4.0,APPROACH_NO_CONTACT,0.0,0,,,False,False
RG2_FRA40_PERIOD_M5_1764547200_1764978900_5546118285371728057,FRA40,10849460233271886254,17510631380362148265,7417651641510655892,5,1764727100,1764731604,1764734700.0,1764734130,1764734130,1764727090,1764731700,3000.0,3096.0,7600.0,570.0,True,False,3.2,8084.2,8084.4,8084.6,16,1,2,42,49.0,5.0,APPROACH_NO_CONTACT,0.0,0,,,False,False
RG2_FRA40_PERIOD_M5_1764547200_1764978900_5546118285371728057,FRA40,14736347933655247487,5674382252044525110,1384889984573793275,5,1764730804,1764733260,1764734700.0,1764734130,1764734130,1764730800,1764731700,3000.0,1440.0,3896.0,570.0,True,False,3.2,8081.7,8081.9,8082.1,16,1,2,9,16.0,5.0,APPROACH_NO_CONTACT,0.0,0,,,False,False
RG2_FRA40_PERIOD_M5_1764547200_1764978900_5546118285371728057,FRA40,9139703687832070516,16147064936577844548,4177805634457790524,6,1764730930,1764742808,1764745487.0,1764745470,1764745470,1764730920,1764745200,287.0,2679.0,14557.0,17.0,True,False,2.3,8085.4,8085.5,8085.6,192,2,2,53,54.0,6.0,PENETRATED_NO_RESOLUTION,0.0886132,0,,,False,False
RG2_FRA40_PERIOD_M5_1764547200_1764978900_5546118285371728057,FRA40,18369185917028481574,14673271407621903358,18186763262208585362,8,1764740130,1764742740,1764745470.0,1764745200,1764745200,1764738000,1764744030,1440.0,2730.0,5340.0,270.0,True,False,2.3,8084.1,8084.1,8084.2,16,1,2,22,25.0,8.0,BROKEN_NO_ACCEPTANCE,0.70671378,0,,,False,False
RG2_FRA40_PERIOD_M5_1764547200_1764978900_5546118285371728057,FRA40,8245134151668738945,4753011148707016080,3581739305190284324,1,1764758667,1764758667,1764758674.0,1764758673,1764758673,1764758665,1764758672,2.0,7.0,7.0,1.0,True,False,3.7,8094.3,8094.4,8094.5,192,2,2,4,4.0,1.0,BROKEN_NO_ACCEPTANCE,0.04489943,0,,,False,False
RG2_FRA40_PERIOD_M5_1764547200_1764978900_5546118285371728057,FRA40,18424832571903257652,11662535945848630011,5982722043920241089,4,1764756281,1764759036,1764760062.0,1764759600,1764759600,1764754800,1764759554,508.0,1026.0,3781.0,462.0,True,False,3.9,8085.4,8085.5,8085.6,144,2,2,48,48.0,4.0,BROKEN_NO_ACCEPTANCE,2.93968576,0,,,False,False
RG2_FRA40_PERIOD_M5_1764547200_1764978900_5546118285371728057,FRA40,16381183644107724440,17005538666453045515,4612733026619853923,1,1764760099,1764760099,1764760296.0,1764760116,1764760116,1764760097,1764760115,181.0,197.0,197.0,180.0,True,False,4.1,8099.7,8099.9,8100.1,72,2,2,9,9.0,1.0,BROKEN_NO_ACCEPTANCE,0.31522793,0,,,False,False
RG2_FRA40_PERIOD_M5_1764547200_1764978900_5546118285371728057,FRA40,10418922327981332685,7177752712668926165,14205164819928956010,14,1764752433,1764759723,1764763800.0,1764763200,1764763200,1764752400,1764761740,2060.0,4077.0,11367.0,600.0,True,False,4.0,8080.9,8081.0,8081.1,144,2,2,113,117.0,14.0,APPROACH_NO_CONTACT,0.0,0,,,False,False
RG2_FRA40_PERIOD_M5_1764547200_1764978900_5546118285371728057,FRA40,1295667507198812272,14512672817660448248,4898663455961784906,17,1764774000,1764788125,1764789000.0,1764788400,1764788400,1764774000,1764784800,4200.0,875.0,15000.0,600.0,True,False,6.2,8080.9,8081.3,8081.7,144,2,2,122,133.0,17.0,APPROACH_NO_CONTACT,0.0,0,,,False,False
RG2_FRA40_PERIOD_M5_1764547200_1764978900_5546118285371728057,FRA40,9085644632903222638,8899839163286921165,794900588980007733,1,1764795019,1764795019,1764797112.0,1764797104,1764797104,1764752100,1764797100,12.0,2093.0,2093.0,8.0,True,False,5.1,8105.6,8105.7,8105.7,320,2,2,327,327.0,1.0,APPROACH_NO_CONTACT,0.0,3,MERGE,17699766941181831346,False,True
RG2_FRA40_PERIOD_M5_1764547200_1764978900_5546118285371728057,FRA40,16564146256412580849,15832135861053365248,10363378762797969919,1,1764798250,1764798250,1764798600.0,1764798567,1764798567,1764798240,1764798556,44.0,350.0,350.0,33.0,True,False,4.9,8109.3,8109.5,8109.8,320,2,2,12,12.0,1.0,BROKEN_NO_ACCEPTANCE,0.16319869,0,,,False,False
RG2_FRA40_PERIOD_M5_1764547200_1764978900_5546118285371728057,FRA40,15437541798290059387,8435145073682280197,11812247532200674739,7,1764791801,1764796993,1764799800.0,1764799200,1764799200,1764763200,1764798779,1021.0,2807.0,7999.0,600.0,True,False,5.1,8099.1,8099.8,8102.3,138,3,3,251,253.0,7.0,APPROACH_NO_CONTACT,0.0,0,,,False,False
RG2_FRA40_PERIOD_M5_1764547200_1764978900_5546118285371728057,FRA40,7061108642975328098,3714018341087386567,14573622824598619020,4,1764798720,1764799499,1764799920.0,1764799830,1764799830,1764798719,1764799822,98.0,421.0,1200.0,90.0,True,False,4.7,8111.1,8111.4,8111.6,80,2,2,11,11.0,4.0,BROKEN_NO_ACCEPTANCE,0.10561893,0,,,False,False
RG2_FRA40_PERIOD_M5_1764547200_1764978900_5546118285371728057,FRA40,5435969248338619654,14412283194378730825,13643922435385854882,2,1764813810,1764813885,1764814559.0,1764814230,1764814230,1764813600,1764813600,959.0,674.0,749.0,329.0,True,False,3.3,8115.1,8115.1,8115.1,80,2,2,1,4.0,2.0,CONTACT_NO_PENETRATION,0.0,0,,,False,False
RG2_FRA40_PERIOD_M5_1764547200_1764978900_5546118285371728057,FRA40,2841594435501092878,128373365366068027,3124082610311179967,20,1764799933,1764822240,1764825000.0,1764824400,1764824400,1764799923,1764824065,935.0,2760.0,25067.0,600.0,True,False,2.5,8113.5,8113.5,8113.6,144,2,2,126,127.0,20.0,APPROACH_NO_CONTACT,0.0,0,,,False,False
RG2_FRA40_PERIOD_M5_1764547200_1764978900_5546118285371728057,FRA40,15552069891154675252,16308323247198341468,9299861417554312694,9,1764830640,1764834635,1764835800.0,1764835200,1764835200,1764828000,1764831630,4170.0,1165.0,5160.0,600.0,True,False,2.2,8119.4,8119.6,8119.8,144,2,3,13,24.0,9.0,APPROACH_NO_CONTACT,0.0,0,,,False,False
RG2_FRA40_PERIOD_M5_1764547200_1764978900_5546118285371728057,FRA40,4424636352693697900,12913457387673930425,10904527425468355716,1,1764846962,1764846962,1764846979.0,1764846977,1764846977,1764846935,1764846939,40.0,17.0,17.0,2.0,True,False,3.7,8098.7,8098.9,8099.1,192,2,2,6,6.0,1.0,PENETRATED_NO_RESOLUTION,0.04526525,0,,,False,False
RG2_FRA40_PERIOD_M5_1764547200_1764978900_5546118285371728057,FRA40,6508513356974854902,7015276517126456723,15911862954363391495,1,1764883293,1764883293,1764889800.0,1764889200,1764889200,1764849600,1764885600,4200.0,6507.0,6507.0,600.0,True,False,4.9,8100.3,8101.3,8103.3,10,2,2,157,167.0,1.0,APPROACH_NO_CONTACT,0.0,0,,,False,False
RG2_FRA40_PERIOD_M5_1764547200_1764978900_5546118285371728057,FRA40,12192785009564007496,2942134665115261618,18224042200755022040,57,1764859941,1764889229,1764896406.0,1764896400,1764896400,1764550800,1764891600,4806.0,7177.0,36465.0,6.0,True,False,4.4,8128.3,8133.7,8137.6,960,4,8,2158,2161.0,57.0,APPROACH_NO_CONTACT,0.0,0,,,False,False
RG2_FRA40_PERIOD_M5_1764547200_1764978900_5546118285371728057,FRA40,17642098581185412544,13408144813343712601,16407080007733003996,3,1764900006,1764901212,1764903780.0,1764903600,1764903600,1764900000,1764901560,2220.0,2568.0,3774.0,180.0,True,False,3.4,8124.1,8124.1,8124.1,16,1,2,9,15.0,3.0,APPROACH_NO_CONTACT,0.0,0,,,False,False
RG2_FRA40_PERIOD_M5_1764547200_1764978900_5546118285371728057,FRA40,3315982300243290667,5859162901653588038,1415836056137405132,2,1764903797,1764904230,1764904830.0,1764904596,1764904596,1764903788,1764904587,243.0,600.0,1033.0,234.0,True,False,3.3,8130.9,8131.0,8131.2,320,2,2,7,7.0,2.0,BROKEN_NO_ACCEPTANCE,0.08971292,0,,,False,False
RG2_FRA40_PERIOD_M5_1764547200_1764978900_5546118285371728057,FRA40,6038347577145073951,4563416501737831507,2439830446568781290,8,1764896439,1764906299,1764907799.0,1764907200,1764907200,1764896436,1764906930,869.0,1500.0,11360.0,599.0,True,False,3.2,8128.3,8128.5,8128.6,272,2,2,69,69.0,8.0,APPROACH_NO_CONTACT,0.0,0,,,False,False
RG2_FRA40_PERIOD_M5_1764547200_1764978900_5546118285371728057,FRA40,12795006903042468663,7046660985689390578,14985911583214003651,1,1764907956,1764907956,1764909900.0,1764909030,1764909030,1764896400,1764908913,987.0,1944.0,1944.0,870.0,True,False,2.9,8134.4,8135.7,8136.4,192,2,3,106,106.0,1.0,BROKEN_NO_ACCEPTANCE,1.80400372,0,,,False,False
RG2_FRA40_PERIOD_M5_1764547200_1764978900_5546118285371728057,FRA40,16750410779298133617,14649940802369405728,2488634100245479922,1,1764915965,1764915965,1764918300.0,1764918098,1764918098,1764910800,1764918087,213.0,2335.0,2335.0,202.0,True,False,2.3,8139.6,8139.7,8139.8,80,2,2,28,28.0,1.0,BROKEN_NO_ACCEPTANCE,0.08688097,0,,,False,False
RG2_FRA40_PERIOD_M5_1764547200_1764978900_5546118285371728057,FRA40,8360983324992023079,7639914846525436180,8386644914975122992,1,1764959437,1764959437,1764960600.0,1764960000,1764960000,1764954600,1764959681,919.0,1163.0,1163.0,600.0,True,False,5.9,8106.4,8106.7,8107.0,256,1,2,81,82.0,1.0,APPROACH_NO_CONTACT,0.0,0,,,False,False
RG2_FRA40_PERIOD_M5_1764547200_1764978900_5546118285371728057,FRA40,10771875929697830106,16138291682187783742,16599715959683499128,16,1764962100,1764972100,1764976500.0,1764975000,1764975000,1764962100,1764975600,900.0,4400.0,14400.0,1500.0,True,True,4.6,8119.8,8121.1,8124.4,130,2,2,56,56.0,16.0,APPROACH_NO_CONTACT,0.0,0,,,False,False
RG2_FRA40_PERIOD_M5_1772409600_1772841300_6520811157212810975,FRA40,12115092342157125916,9084118354488462889,1977356326754169185,1,1772413409,1772413409,1772413441.0,1772413415,1772413415,1772413407,1772413413,28.0,32.0,32.0,26.0,True,False,7.0,8468.1,8468.3,8468.6,192,2,2,4,4.0,1.0,BROKEN_NO_ACCEPTANCE,0.12775018,0,,,False,False
RG2_FRA40_PERIOD_M5_1772409600_1772841300_6520811157212810975,FRA40,9563114192952546286,17663138260540835309,9241349189190774535,1,1772420709,1772420709,1772420893.0,1772420736,1772420736,1772420400,1772420734,159.0,184.0,184.0,157.0,True,False,7.8,8489.4,8489.8,8490.2,80,2,2,4,4.0,1.0,BROKEN_NO_ACCEPTANCE,0.10297336,0,,,False,False
RG2_FRA40_PERIOD_M5_1772409600_1772841300_6520811157212810975,FRA40,15015672444517112093,12103883813217538145,12526858306308087158,10,1772413413,1772420087,1772424600.0,1772424000,1772424000,1772413380,1772421193,3407.0,4513.0,11187.0,600.0,True,False,7.6,8421.7,8447.4,8465.8,978,6,13,197,206.0,10.0,APPROACH_NO_CONTACT,0.0,1,MERGE,18315166215236268085,False,True
RG2_FRA40_PERIOD_M5_1772409600_1772841300_6520811157212810975,FRA40,10855090953679654108,13510654098665959604,17146263923762421522,7,1772427620,1772430365,1772431800.0,1772431200,1772431200,1772427600,1772427600,4200.0,1435.0,4180.0,600.0,True,False,7.4,8474.4,8474.7,8475.1,144,2,2,1,12.0,7.0,APPROACH_NO_CONTACT,0.0,0,,,False,False
RG2_FRA40_PERIOD_M5_1772409600_1772841300_6520811157212810975,FRA40,5273490386476098970,9574303244284237298,18315166215236268085,9,1772424503,1772437360,1772439000.0,1772438400,1772438400,1772424000,1772434800,4200.0,1640.0,14497.0,600.0,True,False,7.7,8421.7,8449.5,8468.6,978,6,14,37,48.0,9.0,PENETRATED_NO_RESOLUTION,2.40948331,0,,,False,False
RG2_FRA40_PERIOD_M5_1772409600_1772841300_6520811157212810975,FRA40,8145310105285715751,1111149115796326256,14497328136349775524,7,1772429377,1772433857,1772439000.0,1772438400,1772438400,1772427600,1772434800,4200.0,5143.0,9623.0,600.0,True,False,7.5,8483.2,8483.2,8483.3,260,2,2,25,36.0,7.0,APPROACH_NO_CONTACT,0.0,0,,,False,False
RG2_FRA40_PERIOD_M5_1772409600_1772841300_6520811157212810975,FRA40,11307170942872875717,1393817907051280810,17851961038795072915,1,1772441250,1772441250,1772441367.0,1772441257,1772441257,1772441248,1772441256,111.0,117.0,117.0,110.0,True,False,7.9,8416.5,8416.9,8417.3,320,2,2,5,5.0,1.0,BROKEN_NO_ACCEPTANCE,0.18944178,0,,,False,False
RG2_FRA40_PERIOD_M5_1772409600_1772841300_6520811157212810975,FRA40,5487666601225827535,16213579795348355404,13915075464856189867,1,1772441460,1772441460,1772445557.0,1772445556,1772445556,1772413380,1772445453,104.0,4097.0,4097.0,1.0,True,False,8.7,8400.2,8400.5,8400.9,192,2,2,358,358.0,1.0,BROKEN_NO_ACCEPTANCE,0.29428736,0,,,False,False
RG2_FRA40_PERIOD_M5_1772409600_1772841300_6520811157212810975,FRA40,2060846329621623845,6937221291148719548,5715496879615859785,1,1772454124,1772454124,1772460600.0,1772460000,1772460000,1772438400,1772456400,4200.0,6476.0,6476.0,600.0,True,False,11.7,8468.6,8469.0,8469.4,144,2,2,166,177.0,1.0,APPROACH_NO_CONTACT,0.0,0,,,False,False
RG2_FRA40_PERIOD_M5_1772409600_1772841300_6520811157212810975,FRA40,10592727451858100183,1830556531953582101,17489850165745480845,3,1772457391,1772457391,1772460600.0,1772460000,1772460000,1772449200,1772456400,4200.0,3209.0,3209.0,600.0,True,False,12.0,8417.3,8417.6,8418.0,272,2,2,25,36.0,3.0,APPROACH_NO_CONTACT,0.0,0,,,False,False
RG2_FRA40_PERIOD_M5_1772409600_1772841300_6520811157212810975,FRA40,10370751938983989549,199210132723177430,7829354444608030875,3,1772470802,1772472614,1772475000.0,1772474400,1772474400,1772470800,1772473800,1200.0,2386.0,4198.0,600.0,True,False,13.7,8400.8,8400.8,8400.9,144,2,2,9,10.0,3.0,APPROACH_NO_CONTACT,0.0,0,,,False,False
RG2_FRA40_PERIOD_M5_1772409600_1772841300_6520811157212810975,FRA40,13911439762093234863,7823109337347363722,691092868562122220,14,1772489471,1772490028,1772499601.0,1772499600,1772499600,1772413380,1772495100,4501.0,9573.0,10130.0,1.0,True,False,8.0,8383.6,8383.9,8384.1,136,2,2,546,548.0,14.0,APPROACH_NO_CONTACT,0.0,0,,,False,False
RG2_FRA40_PERIOD_M5_1772409600_1772841300_6520811157212810975,FRA40,4044858670823191370,10577004076831077971,6364638003323423348,3,1772499600,1772500002,1772500319.0,1772500233,1772500233,1772499600,1772500231,88.0,317.0,719.0,86.0,True,False,8.0,8388.2,8389.5,8391.9,74,3,3,32,32.0,3.0,PENETRATED_NO_RESOLUTION,0.45248869,0,,,False,False
RG2_FRA40_PERIOD_M5_1772409600_1772841300_6520811157212810975,FRA40,9665133187497208855,18421153572013525252,11535117572450592373,1,1772499638,1772499638,1772500319.0,1772500233,1772500233,1772499600,1772500231,88.0,681.0,681.0,86.0,True,False,8.0,8367.2,8378.0,8387.2,464,4,4,32,32.0,1.0,APPROACH_NO_CONTACT,0.0,0,,,False,False
RG2_FRA40_PERIOD_M5_1772409600_1772841300_6520811157212810975,FRA40,12747983079925224993,1004633565715585360,8175440196140339488,1,1772500343,1772500343,1772503800.0,1772503200,1772503200,1772500343,1772501192,2608.0,3457.0,3457.0,600.0,True,False,8.0,8388.2,8390.1,8391.9,10,2,2,37,43.0,1.0,APPROACH_NO_CONTACT,0.0,0,,,False,False
RG2_FRA40_PERIOD_M5_1772409600_1772841300_6520811157212810975,FRA40,16342056812200954756,6385653780373595823,1735905000130587360,1,1772504918,1772504918,1772507400.0,1772506800,1772506800,1772503200,1772504082,3318.0,2482.0,2482.0,600.0,True,False,7.2,8396.4,8396.4,8396.4,80,2,2,6,15.0,1.0,APPROACH_NO_CONTACT,0.0,0,,,False,False
RG2_FRA40_PERIOD_M5_1772409600_1772841300_6520811157212810975,FRA40,13082384587527159732,13502995660900866065,9158380660633009359,1,1772510139,1772510139,1772510365.0,1772510211,1772510211,1772510134,1772510205,160.0,226.0,226.0,154.0,True,False,6.0,8361.2,8361.5,8361.9,192,2,2,3,3.0,1.0,BROKEN_NO_ACCEPTANCE,0.11146408,0,,,False,False
RG2_FRA40_PERIOD_M5_1772409600_1772841300_6520811157212810975,FRA40,16811586053081156408,9833467800317829085,1020496001593172556,1,1772523454,1772523454,1772524045.0,1772523935,1772523935,1772499600,1772523932,113.0,591.0,591.0,110.0,True,False,6.0,8285.6,8299.0,8312.5,896,3,3,311,311.0,1.0,APPROACH_NO_CONTACT,0.0,0,,,False,False
RG2_FRA40_PERIOD_M5_1772409600_1772841300_6520811157212810975,FRA40,2952470535437482962,16870299284431824511,13766366220339895431,10,1772523937,1772528702,1772529384.0,1772529378,1772529378,1772523935,1772529377,7.0,682.0,5447.0,6.0,True,False,6.6,8285.5,8298.1,8312.5,976,5,5,62,62.0,10.0,BROKEN_NO_ACCEPTANCE,4.11262017,0,,,False,False
RG2_FRA40_PERIOD_M5_1772409600_1772841300_6520811157212810975,FRA40,2848610139519188194,13581886907930362263,4075083783961695357,1,1772532871,1772532871,1772532878.0,1772532877,1772532877,1772532869,1772532877,1.0,7.0,7.0,1.0,True,False,7.8,8244.1,8244.5,8244.9,320,2,2,6,6.0,1.0,BROKEN_NO_ACCEPTANCE,0.10207988,0,,,False,False
RG2_FRA40_PERIOD_M5_1772409600_1772841300_6520811157212810975,FRA40,12982644722435820591,17100181031700156588,10151781183045324030,1,1772534731,1772534731,1772534787.0,1772534786,1772534786,1772534730,1772534785,2.0,56.0,56.0,1.0,True,False,9.0,8203.0,8203.5,8204.1,192,2,2,17,17.0,1.0,BROKEN_NO_ACCEPTANCE,0.22177866,0,,,False,False
RG2_FRA40_PERIOD_M5_1772409600_1772841300_6520811157212810975,FRA40,10915978933609614521,12298572921640216383,5310990928424505615,5,1772529378,1772532319,1772536200.0,1772535600,1772535600,1772529378,1772535582,618.0,3881.0,6822.0,600.0,True,False,9.7,8285.6,8300.8,8312.5,912,4,4,414,414.0,5.0,APPROACH_NO_CONTACT,0.0,0,,,False,False
RG2_FRA40_PERIOD_M5_1772409600_1772841300_6520811157212810975,FRA40,12756441374738110758,13367083916570459505,5981182572513505944,7,1772589600,1772592444,1772593716.0,1772593200,1772593200,1772589600,1772591740,1976.0,1272.0,4116.0,516.0,True,False,10.8,8161.3,8161.3,8161.3,16,1,2,58,62.0,7.0,APPROACH_NO_CONTACT,0.0,0,,,False,False
RG2_FRA40_PERIOD_M5_1772409600_1772841300_6520811157212810975,FRA40,14017954126601495682,1001928973227143777,14021554065826504286,6,1772586906,1772593501,1772597380.0,1772596800,1772596800,1772586902,1772595133,2247.0,3879.0,10474.0,580.0,True,False,10.7,8175.3,8175.8,8176.3,16,1,2,161,166.0,6.0,APPROACH_NO_CONTACT,0.0,0,,,False,False
RG2_FRA40_PERIOD_M5_1772409600_1772841300_6520811157212810975,FRA40,4198476188516961649,15945245674299502713,4315376068473382502,12,1772600673,1772610573,1772611956.0,1772611500,1772611500,1772586000,1772611477,479.0,1383.0,11283.0,456.0,True,False,10.0,8083.8,8086.1,8090.8,80,2,3,388,388.0,12.0,BROKEN_NO_ACCEPTANCE,1.49940024,0,,,False,False
RG2_FRA40_PERIOD_M5_1772409600_1772841300_6520811157212810975,FRA40,3422677452881146076,13385851938268042965,6651984269930024569,4,1772618441,1772621400,1772622600.0,1772622000,1772622000,1772618400,1772619000,3600.0,1200.0,4159.0,600.0,True,False,12.8,8100.5,8108.4,8112.6,18,2,2,3,12.0,4.0,BROKEN_NO_ACCEPTANCE,1.8646452,0,,,False,False
RG2_FRA40_PERIOD_M5_1772409600_1772841300_6520811157212810975,FRA40,6575457633331608268,11198897752370888519,12351983017142419815,1,1772672859,1772672859,1772673030.0,1772673018,1772673018,1772672856,1772673009,21.0,171.0,171.0,12.0,True,False,7.3,8199.5,8199.9,8200.2,320,2,2,8,8.0,1.0,BROKEN_NO_ACCEPTANCE,0.13700507,0,,,False,False
RG2_FRA40_PERIOD_M5_1772409600_1772841300_6520811157212810975,FRA40,17701617530459952849,2028111601714049184,10754571907470662279,1,1772676274,1772676274,1772676839.0,1772676824,1772676824,1772676000,1772676817,22.0,565.0,565.0,15.0,True,False,6.2,8202.2,8202.5,8202.9,80,2,2,7,7.0,1.0,BROKEN_NO_ACCEPTANCE,0.11205379,0,,,False,False
RG2_FRA40_PERIOD_M5_1772409600_1772841300_6520811157212810975,FRA40,3228915400598408596,13439721111053920080,15508991635524254429,2,1772676869,1772676903,1772677500.0,1772676998,1772676998,1772676865,1772676997,503.0,597.0,631.0,502.0,True,False,6.2,8206.7,8210.5,8210.9,64,1,2,15,15.0,2.0,BROKEN_NO_ACCEPTANCE,0.83884497,0,,,False,False
RG2_FRA40_PERIOD_M5_1772409600_1772841300_6520811157212810975,FRA40,9076834869031807240,10132978330549469010,17597067430087202469,14,1772643617,1772668683,1772680200.0,1772679600,1772679600,1772643600,1772676998,3202.0,11517.0,36583.0,600.0,True,False,7.3,8172.8,8178.3,8184.8,26,3,4,189,197.0,14.0,APPROACH_NO_CONTACT,0.0,0,,,False,False
RG2_FRA40_PERIOD_M5_1772409600_1772841300_6520811157212810975,FRA40,7802943507409990737,12514240507836982464,14762001150946433818,3,1772679749,1772680445,1772680800.0,1772680772,1772680772,1772679600,1772680770,30.0,355.0,1051.0,28.0,True,False,5.5,8184.7,8190.4,8196.8,82,3,3,9,9.0,3.0,BROKEN_NO_ACCEPTANCE,2.21775667,0,,,False,False
RG2_FRA40_PERIOD_M5_1772409600_1772841300_6520811157212810975,FRA40,6601627145352976378,2858813234469175329,13022416794249754224,3,1772680892,1772681824,1772681845.0,1772681838,1772681838,1772680890,1772680932,913.0,21.0,953.0,7.0,True,False,5.4,8178.2,8178.5,8178.8,72,2,2,9,12.0,3.0,PENETRATED_NO_RESOLUTION,0.03357583,0,,,False,False
RG2_FRA40_PERIOD_M5_1772409600_1772841300_6520811157212810975,FRA40,12050277965568812144,10919237957141284965,238613289624892306,1,1772681848,1772681848,1772682000.0,1772681854,1772681854,1772681847,1772681853,147.0,152.0,152.0,146.0,True,False,5.4,8174.8,8175.1,8175.3,80,2,2,2,2.0,1.0,BROKEN_NO_ACCEPTANCE,0.13057265,0,,,False,False
RG2_FRA40_PERIOD_M5_1772409600_1772841300_6520811157212810975,FRA40,7982414035628979504,7308326043394333125,6488647195251149687,1,1772682279,1772682279,1772682753.0,1772682719,1772682719,1772682278,1772682716,37.0,474.0,474.0,34.0,True,False,5.5,8154.0,8154.2,8154.5,192,2,2,6,6.0,1.0,BROKEN_NO_ACCEPTANCE,0.12829912,0,,,False,False
RG2_FRA40_PERIOD_M5_1772409600_1772841300_6520811157212810975,FRA40,13508690326015970067,9157204702233668806,6406939231098588483,1,1772679600,1772679600,1772683800.0,1772683200,1772683200,1772679600,1772682998,802.0,4200.0,4200.0,600.0,True,False,5.6,8206.7,8210.4,8210.5,80,2,2,108,108.0,1.0,APPROACH_NO_CONTACT,0.0,0,,,False,False
RG2_FRA40_PERIOD_M5_1772409600_1772841300_6520811157212810975,FRA40,1823062197448462741,14135406809766933426,18153659167422710376,2,1772679731,1772680206,1772683800.0,1772683200,1772683200,1772679600,1772682998,802.0,3594.0,4069.0,600.0,True,False,5.5,8199.5,8199.6,8199.7,272,2,2,108,108.0,2.0,APPROACH_NO_CONTACT,0.0,0,,,False,False
RG2_FRA40_PERIOD_M5_1772409600_1772841300_6520811157212810975,FRA40,6301112290238804062,9784400597906846925,13763695371765256556,3,1772680772,1772681354,1772683800.0,1772683200,1772683200,1772680772,1772682998,802.0,2446.0,3028.0,600.0,True,False,5.5,8184.8,8193.3,8196.8,18,2,2,99,99.0,3.0,APPROACH_NO_CONTACT,0.0,0,,,False,False
RG2_FRA40_PERIOD_M5_1772409600_1772841300_6520811157212810975,FRA40,5641014054158787743,6019611783549679708,18444909508649577867,1,1772688932,1772688932,1772688940.0,1772688937,1772688937,1772688930,1772688936,4.0,8.0,8.0,3.0,True,False,5.4,8122.6,8122.7,8122.8,320,2,2,3,3.0,1.0,BROKEN_NO_ACCEPTANCE,0.11162791,0,,,False,False
RG2_FRA40_PERIOD_M5_1772409600_1772841300_6520811157212810975,FRA40,12654977153497330139,7271598106077803152,14814565309644768142,1,1772688975,1772688975,1772689143.0,1772689140,1772689140,1772688972,1772689139,4.0,168.0,168.0,3.0,True,False,5.4,8118.7,8118.9,8119.0,80,2,2,4,4.0,1.0,BROKEN_NO_ACCEPTANCE,0.09302326,0,,,False,False
RG2_FRA40_PERIOD_M5_1772409600_1772841300_6520811157212810975,FRA40,4779073026766755227,14904180398971704560,18129821583113758621,1,1772697986,1772697986,1772698057.0,1772697992,1772697992,1772697985,1772697990,67.0,71.0,71.0,65.0,True,False,6.2,8098.5,8098.6,8098.7,192,2,2,2,2.0,1.0,BROKEN_NO_ACCEPTANCE,0.1294289,0,,,False,False
RG2_FRA40_PERIOD_M5_1772409600_1772841300_6520811157212810975,FRA40,6672220265708681825,4223862514074344350,3094574283388882881,1,1772727624,1772727624,1772727707.0,1772727699,1772727699,1772727622,1772727660,47.0,83.0,83.0,8.0,True,False,11.7,8088.1,8088.7,8089.3,80,2,2,18,18.0,1.0,BROKEN_NO_ACCEPTANCE,0.19715412,0,,,False,False
RG2_FRA40_PERIOD_M5_1772409600_1772841300_6520811157212810975,FRA40,11234151107212232281,16781431875240813799,18216413438702369496,7,1772731623,1772733518,1772733960.0,1772733941,1772733941,1772731622,1772733941,19.0,442.0,2337.0,19.0,True,False,12.1,8063.2,8063.8,8074.8,64,1,2,88,88.0,7.0,BROKEN_NO_ACCEPTANCE,0.95607022,0,,,False,False
RG2_FRA40_PERIOD_M5_1772409600_1772841300_6520811157212810975,FRA40,6001385241944564692,10665430641070556206,2865257779853904509,7,1772733989,1772738046,1772740234.0,1772740228,1772740228,1772672400,1772740174,60.0,2188.0,6245.0,6.0,True,False,11.4,8007.5,8026.4,8053.7,960,4,5,954,955.0,7.0,BROKEN_NO_ACCEPTANCE,4.06833392,0,,,False,False
RG2_FRA40_PERIOD_M5_1772409600_1772841300_6520811157212810975,FRA40,10218284349249802520,13897855429630256447,16644327591667609470,9,1772740228,1772761658,1772762493.0,1772762400,1772762400,1772740228,1772762201,292.0,835.0,22265.0,93.0,True,False,10.3,8008.7,8028.5,8053.7,960,4,6,203,203.0,9.0,PENETRATED_NO_RESOLUTION,0.4344541,0,,,False,False
RG2_FRA40_PERIOD_M5_1772409600_1772841300_6520811157212810975,FRA40,15420715964187080026,4421986733590943953,9226839137071249460,1,1772762400,1772762400,1772762533.0,1772762519,1772762519,1772762400,1772762513,20.0,133.0,133.0,14.0,True,False,10.3,8054.6,8055.2,8055.8,80,2,2,7,7.0,1.0,BROKEN_NO_ACCEPTANCE,0.11645963,0,,,False,False
RG2_FRA40_PERIOD_M5_1772409600_1772841300_6520811157212810975,FRA40,2418910436796431978,5382467596277950401,3988491966563891081,1,1772766043,1772766043,1772766323.0,1772766315,1772766315,1772766000,1772766313,10.0,280.0,280.0,8.0,True,False,9.2,8065.1,8065.6,8066.2,80,2,2,6,6.0,1.0,BROKEN_NO_ACCEPTANCE,0.11926705,0,,,False,False
RG2_FRA40_PERIOD_M5_1772409600_1772841300_6520811157212810975,FRA40,9809422202855211943,1453161936342240002,17950810795292645126,1,1772769627,1772769627,1772769805.0,1772769674,1772769674,1772769600,1772769672,133.0,178.0,178.0,131.0,True,False,8.2,8073.4,8073.8,8074.1,80,2,2,3,3.0,1.0,BROKEN_NO_ACCEPTANCE,0.08529304,0,,,False,False
RG2_FRA40_PERIOD_M5_1772409600_1772841300_6520811157212810975,FRA40,10688178606481693202,15313292935539313977,1789219197019872302,1,1772770042,1772770042,1772770267.0,1772770060,1772770060,1772770037,1772770057,210.0,225.0,225.0,207.0,True,False,8.2,8080.9,8081.2,8081.5,192,2,2,6,6.0,1.0,BROKEN_NO_ACCEPTANCE,0.13386881,0,,,False,False
RG2_FRA40_PERIOD_M5_1772409600_1772841300_6520811157212810975,FRA40,12446746379909847973,4941423541547071502,1307870063426027331,5,1772780402,1772783970,1772784600.0,1772784030,1772784030,1772780400,1772780400,4200.0,630.0,4198.0,570.0,True,False,5.1,8083.0,8083.3,8083.6,16,1,2,1,13.0,5.0,APPROACH_NO_CONTACT,0.0,0,,,False,False
RG2_FRA40_PERIOD_M5_1772409600_1772841300_6520811157212810975,FRA40,7975272375923476584,10474617580105453654,5886058820968974178,3,1772793917,1772793917,1772793973.0,1772793966,1772793966,1772780400,1772793965,8.0,56.0,56.0,7.0,True,False,6.4,8095.6,8096.0,8096.3,80,2,2,52,52.0,3.0,BROKEN_NO_ACCEPTANCE,0.10922141,0,,,False,False
RG2_FRA40_PERIOD_M5_1772409600_1772841300_6520811157212810975,FRA40,1946041770339356379,9550178552287390665,920802318040507792,13,1772787601,1772793786,1772795400.0,1772794800,1772794800,1772787600,1772794033,1367.0,1614.0,7799.0,600.0,True,False,6.4,8080.9,8081.2,8081.5,144,2,2,61,63.0,13.0,APPROACH_NO_CONTACT,0.0,0,,,False,False
RG2_FRA40_PERIOD_M5_1772409600_1772841300_6520811157212810975,FRA40,6016637535337505864,17166026724126320537,18054893533540605292,3,1772791406,1772795884,1772802199.0,1772802000,1772802000,1772780400,1772801100,1099.0,6315.0,10793.0,199.0,True,False,8.5,8008.7,8025.1,8053.7,960,4,6,214,216.0,3.0,PENETRATED_NO_RESOLUTION,5.53270532,0,,,False,False
RG2_FRA40_PERIOD_M5_1772409600_1772841300_6520811157212810975,FRA40,11722179522292920609,17072020222788567966,465767866429080547,1,1772802638,1772802638,1772804202.0,1772804201,1772804201,1772802636,1772804194,8.0,1564.0,1564.0,1.0,True,False,9.3,7991.8,7992.4,8000.6,64,1,2,63,63.0,1.0,BROKEN_NO_ACCEPTANCE,0.98261527,0,,,False,False
RG2_FRA40_PERIOD_M5_1772409600_1772841300_6520811157212810975,FRA40,6452631700575787017,709911330601720694,15836678203722731716,1,1772804435,1772804435,1772804445.0,1772804444,1772804444,1772804433,1772804443,2.0,10.0,10.0,1.0,True,False,9.3,7979.8,7980.3,7980.8,320,2,2,10,10.0,1.0,BROKEN_NO_ACCEPTANCE,0.14987689,0,,,False,False
RG2_FRA40_PERIOD_M5_1772409600_1772841300_6520811157212810975,FRA40,7270139137824239424,18175440966760474197,11529525032280469149,1,1772804497,1772804497,1772804549.0,1772804548,1772804548,1772758800,1772804548,1.0,52.0,52.0,1.0,True,False,9.3,7858.7,7917.6,7965.8,896,3,8,706,706.0,1.0,APPROACH_NO_CONTACT,0.0,0,,,False,False
RG2_FRA40_PERIOD_M5_1777248000_1777589700_9554760657515700142,FRA40,14226429564197955245,14304876150839587938,14581306267346518954,1,1777251857,1777251857,1777251873.0,1777251864,1777251864,1777251854,1777251862,11.0,16.0,16.0,9.0,True,False,7.7,8173.4,8173.6,8173.9,320,2,2,3,3.0,1.0,BROKEN_NO_ACCEPTANCE,0.06529973,0,,,False,False
RG2_FRA40_PERIOD_M5_1777248000_1777589700_9554760657515700142,FRA40,9024546876855210,16820775832330574260,9070521651887110843,2,1777251725,1777262305,1777262421.0,1777262319,1777262319,1777251720,1777262317,104.0,116.0,10696.0,102.0,True,False,5.8,8181.9,8182.1,8182.4,80,2,2,78,78.0,2.0,BROKEN_NO_ACCEPTANCE,0.18936134,0,,,False,False
RG2_FRA40_PERIOD_M5_1777248000_1777589700_9554760657515700142,FRA40,12083662053364371755,3439018164086012942,12556618503704257621,1,1777262442,1777262442,1777262475.0,1777262459,1777262459,1777262440,1777262456,19.0,33.0,33.0,16.0,True,False,5.8,8186.6,8186.8,8187.1,192,2,2,11,11.0,1.0,BROKEN_NO_ACCEPTANCE,0.18968788,0,,,False,False
RG2_FRA40_PERIOD_M5_1777248000_1777589700_9554760657515700142,FRA40,11750312604928782088,5756895915313391771,1762020400528406684,1,1777262494,1777262494,1777264503.0,1777264499,1777264499,1777262491,1777264470,33.0,2009.0,2009.0,4.0,True,False,5.0,8195.0,8195.1,8195.2,80,2,2,11,11.0,1.0,BROKEN_NO_ACCEPTANCE,0.08053151,0,,,False,False
RG2_FRA40_PERIOD_M5_1777248000_1777589700_9554760657515700142,FRA40,4690507770122190696,3421951689121317933,4814231869713599908,1,1777280438,1777280438,1777280474.0,1777280440,1777280440,1777280432,1777280435,39.0,36.0,36.0,34.0,True,False,4.0,8149.7,8149.8,8149.9,320,2,2,2,2.0,1.0,APPROACH_NO_CONTACT,0.0,0,,,False,False
RG2_FRA40_PERIOD_M5_1777248000_1777589700_9554760657515700142,FRA40,13236109412391345786,9663763212668908415,18419668100628685552,1,1777284028,1777284028,1777284036.0,1777284035,1777284035,1777284027,1777284035,1.0,8.0,8.0,1.0,True,False,4.4,8129.6,8129.9,8130.1,80,2,2,6,6.0,1.0,BROKEN_NO_ACCEPTANCE,0.18344416,0,,,False,False
RG2_FRA40_PERIOD_M5_1777248000_1777589700_9554760657515700142,FRA40,12699180574070343576,12956095575403980542,655117439941939414,14,1777280460,1777287098,1777287637.0,1777287600,1777287600,1777280440,1777284038,3599.0,539.0,7177.0,37.0,True,False,5.2,8132.0,8135.1,8138.3,10,2,2,43,54.0,14.0,BROKEN_NO_ACCEPTANCE,1.86883343,0,,,False,False
RG2_FRA40_PERIOD_M5_1777248000_1777589700_9554760657515700142,FRA40,194057520991562759,12731992905727632180,14019379493223175928,1,1777287749,1777287749,1777287804.0,1777287757,1777287757,1777287749,1777287756,48.0,55.0,55.0,47.0,True,False,5.2,8124.9,8125.1,8125.4,80,2,2,6,6.0,1.0,BROKEN_NO_ACCEPTANCE,0.21056662,0,,,False,False
RG2_FRA40_PERIOD_M5_1777248000_1777589700_9554760657515700142,FRA40,5596939272334990382,8007976314701574779,14800277077271950224,1,1777287808,1777287808,1777287845.0,1777287843,1777287843,1777287808,1777287819,26.0,37.0,37.0,2.0,True,False,5.2,8122.4,8122.7,8122.9,320,2,2,9,9.0,1.0,BROKEN_NO_ACCEPTANCE,0.21056662,0,,,False,False
RG2_FRA40_PERIOD_M5_1777248000_1777589700_9554760657515700142,FRA40,8119110437783428789,640057305599092538,9525722636916518169,1,1777288172,1777288172,1777288182.0,1777288181,1777288181,1777288171,1777288180,2.0,10.0,10.0,1.0,True,False,5.3,8116.1,8116.4,8116.6,192,2,2,7,7.0,1.0,BROKEN_NO_ACCEPTANCE,0.20583832,0,,,False,False
RG2_FRA40_PERIOD_M5_1777248000_1777589700_9554760657515700142,FRA40,1438273626027725980,8121413933405421922,2931234628666498351,5,1777306019,1777308964,1777309800.0,1777309200,1777309200,1777305600,1777305600,4200.0,836.0,3781.0,600.0,True,False,6.8,8140.0,8140.2,8140.5,272,2,2,1,12.0,5.0,BROKEN_NO_ACCEPTANCE,0.42722451,0,,,False,False
RG2_FRA40_PERIOD_M5_1777248000_1777589700_9554760657515700142,FRA40,12398548814125125071,9288596000333552882,11262912712677858559,2,1777312408,1777312417,1777312566.0,1777312536,1777312536,1777312406,1777312535,31.0,149.0,158.0,30.0,True,False,7.0,8110.3,8110.6,8110.8,192,2,2,10,10.0,2.0,BROKEN_NO_ACCEPTANCE,0.12944053,0,,,False,False
RG2_FRA40_PERIOD_M5_1777248000_1777589700_9554760657515700142,FRA40,1397049764160702330,8080886247580299793,10869483753103842440,1,1777316132,1777316132,1777317300.0,1777316400,1777316400,1777312800,1777314156,3144.0,1168.0,1168.0,900.0,True,False,6.8,8135.1,8135.2,8135.2,24,2,2,48,54.0,1.0,BROKEN_NO_ACCEPTANCE,0.99398033,0,,,False,False
RG2_FRA40_PERIOD_M5_1777248000_1777589700_9554760657515700142,FRA40,18071156054898824154,4469156021153747621,16334792644491738116,4,1777316400,1777322101,1777327800.0,1777327200,1777327200,1777316400,1777323600,4200.0,5699.0,11400.0,600.0,True,False,6.4,8140.5,8141.0,8141.5,272,2,3,24,35.0,4.0,APPROACH_NO_CONTACT,0.0,0,,,False,False
RG2_FRA40_PERIOD_M5_1777248000_1777589700_9554760657515700142,FRA40,6969196196823839325,8587491190534246354,1747086296459203015,1,1777323910,1777323910,1777331400.0,1777330800,1777330800,1777323600,1777327200,4200.0,7490.0,7490.0,600.0,True,False,6.3,8122.4,8122.7,8122.9,272,2,2,13,24.0,1.0,APPROACH_NO_CONTACT,0.0,0,,,False,False
RG2_FRA40_PERIOD_M5_1777248000_1777589700_9554760657515700142,FRA40,12749863630977543564,13866838369253424359,13718804034557753307,1,1777338015,1777338015,1777338097.0,1777338037,1777338037,1777338007,1777338030,67.0,82.0,82.0,60.0,True,False,5.9,8154.8,8154.9,8155.1,192,2,2,4,4.0,1.0,BROKEN_NO_ACCEPTANCE,0.11860386,0,,,False,False
RG2_FRA40_PERIOD_M5_1777248000_1777589700_9554760657515700142,FRA40,5458456118264848741,9640555916823806908,17927564402836518080,1,1777338379,1777338379,1777338384.0,1777338381,1777338381,1777338373,1777338380,4.0,5.0,5.0,3.0,True,False,5.9,8164.3,8164.5,8164.6,192,2,2,4,4.0,1.0,BROKEN_NO_ACCEPTANCE,0.05070137,0,,,False,False
RG2_FRA40_PERIOD_M5_1777248000_1777589700_9554760657515700142,FRA40,14451794654002944956,9679856427518502322,10492310877436582846,2,1777345216,1777345528,1777345714.0,1777345702,1777345702,1777341600,1777345319,395.0,186.0,498.0,12.0,True,False,4.5,8172.3,8172.6,8172.8,80,2,2,14,16.0,2.0,PENETRATED_NO_RESOLUTION,0.11091393,0,,,False,False
RG2_FRA40_PERIOD_M5_1777248000_1777589700_9554760657515700142,FRA40,127591857278307386,14500687042948768442,10516033136834279553,8,1777352403,1777363079,1777363800.0,1777363200,1777363200,1777352400,1777361700,2100.0,721.0,11397.0,600.0,True,False,3.5,8164.3,8164.4,8164.5,144,2,2,31,34.0,8.0,APPROACH_NO_CONTACT,0.0,0,,,False,False
RG2_FRA40_PERIOD_M5_1777248000_1777589700_9554760657515700142,FRA40,4604044335428331266,3755507832381626551,4093316165885366628,1,1777363960,1777363960,1777364240.0,1777364048,1777364048,1777363956,1777363956,284.0,280.0,280.0,192.0,True,False,3.6,8151.8,8151.9,8152.0,192,2,2,1,1.0,1.0,PENETRATED_NO_RESOLUTION,0.0653046,0,,,False,False
RG2_FRA40_PERIOD_M5_1777248000_1777589700_9554760657515700142,FRA40,6579331982998075283,14812270893253980762,2256062419049500005,2,1777364290,1777364383,1777365040.0,1777365031,1777365031,1777364279,1777365028,12.0,657.0,750.0,9.0,True,False,3.1,8149.5,8149.7,8149.9,320,2,2,4,4.0,2.0,BROKEN_NO_ACCEPTANCE,0.11128776,0,,,False,False
RG2_FRA40_PERIOD_M5_1777248000_1777589700_9554760657515700142,FRA40,12949896510230279895,15994350867132950148,6524143533579512251,1,1777365276,1777365276,1777365359.0,1777365327,1777365327,1777365270,1777365316,43.0,83.0,83.0,32.0,True,False,3.2,8144.8,8145.0,8145.1,80,2,2,4,4.0,1.0,BROKEN_NO_ACCEPTANCE,0.15649452,0,,,False,False
RG2_FRA40_PERIOD_M5_1777248000_1777589700_9554760657515700142,FRA40,8040032266388104737,2555916997699300964,8754846002413963769,2,1777367296,1777367725,1777367904.0,1777367768,1777367768,1777367290,1777367653,251.0,179.0,608.0,136.0,True,False,3.8,8106.0,8106.1,8106.2,192,2,2,4,6.0,2.0,PENETRATED_NO_RESOLUTION,0.06208976,0,,,False,False
RG2_FRA40_PERIOD_M5_1777248000_1777589700_9554760657515700142,FRA40,11616805258806814934,13575027335604009806,1040156888429600260,6,1777367956,1777369320,1777369722.0,1777369707,1777369707,1777367904,1777369650,72.0,402.0,1766.0,15.0,True,False,3.8,8098.3,8098.5,8103.4,64,1,2,15,15.0,6.0,BROKEN_NO_ACCEPTANCE,1.35206787,0,,,False,False
RG2_FRA40_PERIOD_M5_1777248000_1777589700_9554760657515700142,FRA40,11674014349159042528,10378525057103788917,15467977393747452932,1,1777370542,1777370542,1777370554.0,1777370552,1777370552,1777251720,1777370551,3.0,12.0,12.0,2.0,True,False,4.3,8002.8,8046.4,8087.9,960,4,19,813,813.0,1.0,APPROACH_NO_CONTACT,0.0,0,,,False,False
RG2_FRA40_PERIOD_M5_1777248000_1777589700_9554760657515700142,FRA40,8145584075749951561,539417549920146964,4993066542260027512,2,1777377623,1777380722,1777381800.0,1777381200,1777381200,1777377600,1777377600,4200.0,1078.0,4177.0,600.0,True,False,6.5,8116.2,8116.4,8116.6,144,2,2,1,12.0,2.0,APPROACH_NO_CONTACT,0.0,0,,,False,False
RG2_FRA40_PERIOD_M5_1777248000_1777589700_9554760657515700142,FRA40,11766195602382050967,7855860956877760862,10328790504517220083,11,1777381252,1777384600,1777385400.0,1777384800,1777384800,1777381200,1777381200,4200.0,800.0,4148.0,600.0,True,False,7.0,8132.0,8135.6,8138.3,26,3,3,1,12.0,11.0,APPROACH_NO_CONTACT,0.0,0,,,False,False
RG2_FRA40_PERIOD_M5_1777248000_1777589700_9554760657515700142,FRA40,15860241399194098573,1489893702097702740,9660963500634175261,1,1777392096,1777392096,1777396200.0,1777395600,1777395600,1777392000,1777394100,2100.0,4104.0,4104.0,600.0,True,False,9.0,8106.2,8106.5,8106.8,144,2,2,8,12.0,1.0,APPROACH_NO_CONTACT,0.0,0,,,False,False
RG2_FRA40_PERIOD_M5_1777248000_1777589700_9554760657515700142,FRA40,2032925388853240268,664025597032732100,13473210053554006397,3,1777424493,1777425030,1777425300.0,1777425093,1777425093,1777424491,1777424939,361.0,270.0,807.0,207.0,True,False,6.9,8102.3,8102.6,8103.0,80,2,2,5,6.0,3.0,PENETRATED_NO_RESOLUTION,0.0728226,0,,,False,False
RG2_FRA40_PERIOD_M5_1777248000_1777589700_9554760657515700142,FRA40,13778574355357513342,2246844525523797102,1837421079214279744,2,1777428000,1777430730,1777431480.0,1777431150,1777431150,1777428000,1777430530,950.0,750.0,3480.0,330.0,True,False,5.4,8104.0,8104.3,8104.5,80,2,2,11,15.0,2.0,PENETRATED_NO_RESOLUTION,0.09305788,0,,,False,False
RG2_FRA40_PERIOD_M5_1777248000_1777589700_9554760657515700142,FRA40,3597257192280736556,2169229394291776741,1937963045298875594,3,1777431644,1777432020,1777432328.0,1777432207,1777432207,1777431640,1777431659,669.0,308.0,684.0,121.0,True,False,5.0,8110.2,8110.4,8110.5,192,2,2,3,6.0,3.0,PENETRATED_NO_RESOLUTION,0.058812,0,,,False,False
RG2_FRA40_PERIOD_M5_1777248000_1777589700_9554760657515700142,FRA40,17519414029379930121,1602992059672010646,6952839267485237664,1,1777435695,1777435695,1777435800.0,1777435710,1777435710,1777435693,1777435709,91.0,105.0,105.0,90.0,True,False,4.2,8093.5,8093.7,8093.9,192,2,2,5,5.0,1.0,BROKEN_NO_ACCEPTANCE,0.16611296,0,,,False,False
RG2_FRA40_PERIOD_M5_1777248000_1777589700_9554760657515700142,FRA40,8882898758511534864,12418028751097608598,7224210842052510306,5,1777511976,1777524119,1777525227.0,1777525200,1777525200,1777511972,1777524940,287.0,1108.0,13251.0,27.0,True,False,6.2,8058.5,8058.7,8058.9,16,1,2,54,54.0,5.0,BROKEN_NO_ACCEPTANCE,0.56406124,0,,,False,False
RG2_FRA40_PERIOD_M5_1777248000_1777589700_9554760657515700142,FRA40,347689726554468939,5461425801729285998,15318152348383779179,1,1777525200,1777525200,1777525800.0,1777525238,1777525238,1777525200,1777525227,573.0,600.0,600.0,562.0,True,False,6.2,8062.0,8062.3,8062.5,80,2,2,3,3.0,1.0,BROKEN_NO_ACCEPTANCE,0.08086689,0,,,False,False
RG2_FRA40_PERIOD_M5_1777248000_1777589700_9554760657515700142,FRA40,1957422371993437912,7926561554937877661,7954248787865620122,1,1777539640,1777539640,1777539750.0,1777539747,1777539747,1777539638,1777539741,9.0,110.0,110.0,3.0,True,False,5.0,7955.2,7955.4,7955.6,320,2,2,2,2.0,1.0,BROKEN_NO_ACCEPTANCE,0.08049909,0,,,False,False
RG2_FRA40_PERIOD_M5_1777248000_1777589700_9554760657515700142,FRA40,1873133179304266648,6897910664834722333,5174221340128635645,1,1777539801,1777539801,1777539817.0,1777539809,1777539809,1777539797,1777539807,10.0,16.0,16.0,8.0,True,False,5.0,7952.5,7952.8,7953.1,192,2,2,4,4.0,1.0,BROKEN_NO_ACCEPTANCE,0.14087342,0,,,False,False
RG2_FRA40_PERIOD_M5_1777248000_1777589700_9554760657515700142,FRA40,10161639347810823783,7232244834122800660,4117124205195061014,1,1777540043,1777540043,1777540112.0,1777540052,1777540052,1777510800,1777540043,69.0,69.0,69.0,60.0,True,False,5.5,7918.3,7929.0,7943.8,896,3,4,267,267.0,1.0,APPROACH_NO_CONTACT,0.0,0,,,False,False
RG2_FRA40_PERIOD_M5_1777248000_1777589700_9554760657515700142,FRA40,8774253577325083376,11490642062675941632,7370686591826004981,3,1777562137,1777569874,1777570159.0,1777570157,1777570157,1777546800,1777570157,2.0,285.0,8022.0,2.0,True,False,9.9,8062.1,8062.6,8063.2,80,2,2,78,78.0,3.0,BROKEN_NO_ACCEPTANCE,0.11089828,0,,,False,False
RG2_FRA40_PERIOD_M5_1777248000_1777589700_9554760657515700142,FRA40,11492659999647670186,6357622651116521505,11934021032002548765,1,1777570239,1777570239,1777570274.0,1777570273,1777570273,1777570236,1777570272,2.0,35.0,35.0,1.0,True,False,9.9,8071.3,8071.8,8072.3,320,2,2,9,9.0,1.0,BROKEN_NO_ACCEPTANCE,0.14085924,0,,,False,False
RG2_FRA40_PERIOD_M5_1777248000_1777589700_9554760657515700142,FRA40,13245714017049976032,13572651346008189891,15749958790123751096,1,1777578218,1777578218,1777579303.0,1777579301,1777579301,1777578215,1777579300,3.0,1085.0,1085.0,2.0,True,False,9.0,8096.7,8097.1,8097.6,192,2,2,16,16.0,1.0,BROKEN_NO_ACCEPTANCE,0.20078081,0,,,False,False
RG2_FRA40_PERIOD_M5_1777248000_1777589700_9554760657515700142,FRA40,15228654480962650826,16543823199935146497,14525763639690725079,1,1777581017,1777581017,1777581033.0,1777581026,1777581026,1777581014,1777581026,7.0,16.0,16.0,7.0,True,False,8.7,8102.3,8102.8,8103.2,80,2,2,11,11.0,1.0,BROKEN_NO_ACCEPTANCE,0.14963168,0,,,False,False
RG2_JPN225_PERIOD_M5_1764547200_1764978900_13582613236484951,JPN225,15776509321198877892,10900981305075970561,3842252694349548524,1,1764554738,1764554738,1764554798.0,1764554797,1764554797,1764554738,1764554797,1.0,60.0,60.0,1.0,True,False,35.0,50077.0,50079.0,50080.0,80,2,2,6,6.0,1.0,BROKEN_NO_ACCEPTANCE,0.17376195,0,,,False,False
RG2_JPN225_PERIOD_M5_1764547200_1764978900_13582613236484951,JPN225,518808016114883418,5359996653231428014,12973853594434742443,6,1764554893,1764555605,1764555919.0,1764555900,1764555900,1764550800,1764555876,43.0,314.0,1026.0,19.0,True,False,39.0,50009.0,50018.0,50036.0,80,2,2,171,171.0,6.0,BROKEN_NO_ACCEPTANCE,3.43163539,0,,,False,False
RG2_JPN225_PERIOD_M5_1764547200_1764978900_13582613236484951,JPN225,6004034310176332481,3558831517691938174,468220795572565919,1,1764555930,1764555930,1764555937.0,1764555936,1764555936,1764555929,1764555935,2.0,7.0,7.0,1.0,True,False,39.0,49879.0,49880.0,49881.0,192,2,2,3,3.0,1.0,BROKEN_NO_ACCEPTANCE,0.12983641,0,,,False,False
RG2_JPN225_PERIOD_M5_1764547200_1764978900_13582613236484951,JPN225,5566624446513895899,12676759520819048144,5780506403209125010,1,1764556027,1764556027,1764556033.0,1764556032,1764556032,1764556024,1764556024,9.0,6.0,6.0,1.0,True,False,39.0,49846.0,49848.0,49851.0,320,2,2,2,2.0,1.0,PENETRATED_NO_RESOLUTION,0.0649182,0,,,False,False
RG2_JPN225_PERIOD_M5_1764547200_1764978900_13582613236484951,JPN225,18131715719235897360,2716049055289984654,2549595196923632737,2,1764558045,1764558063,1764558387.0,1764558386,1764558386,1764558039,1764558040,347.0,324.0,342.0,1.0,True,False,45.0,49538.0,49540.0,49542.0,320,2,2,2,4.0,2.0,PENETRATED_NO_RESOLUTION,0.0772286,0,,,False,False
RG2_JPN225_PERIOD_M5_1764547200_1764978900_13582613236484951,JPN225,14958389302549180969,5824189390449778198,9942323823611485073,1,1764558400,1764558400,1764558475.0,1764558474,1764558474,1764558399,1764558473,2.0,75.0,75.0,1.0,True,False,45.0,49491.0,49494.0,49496.0,192,2,2,8,8.0,1.0,BROKEN_NO_ACCEPTANCE,0.17652251,0,,,False,False
RG2_JPN225_PERIOD_M5_1764547200_1764978900_13582613236484951,JPN225,10493441089629932921,10782267976235177635,12507419035412600140,28,1764569371,1764590249,1764591000.0,1764590400,1764590400,1764550800,1764586800,4200.0,751.0,21629.0,600.0,True,False,46.0,49207.0,49232.0,49266.0,210,4,4,582,593.0,28.0,PENETRATED_NO_RESOLUTION,0.35760448,0,,,False,False
RG2_JPN225_PERIOD_M5_1764547200_1764978900_13582613236484951,JPN225,3258638705250620042,5168207637907977912,6381788660987318530,3,1764598326,1764599261,1764599438.0,1764599311,1764599311,1764598323,1764599310,128.0,177.0,1112.0,127.0,True,False,42.0,49106.0,49108.0,49110.0,68,2,2,9,9.0,3.0,BROKEN_NO_ACCEPTANCE,0.09522121,0,,,False,False
RG2_JPN225_PERIOD_M5_1764547200_1764978900_13582613236484951,JPN225,15202426769486006686,16160244104178723659,8373322553643990810,1,1764600514,1764600514,1764600543.0,1764600539,1764600539,1764600512,1764600537,6.0,29.0,29.0,4.0,True,False,41.0,49064.0,49066.0,49069.0,320,2,2,5,5.0,1.0,BROKEN_NO_ACCEPTANCE,0.17044071,0,,,False,False
RG2_JPN225_PERIOD_M5_1764547200_1764978900_13582613236484951,JPN225,11669601363295820464,13256764125858026625,13761904370011662374,2,1764640900,1764640905,1764641276.0,1764641274,1764641274,1764640800,1764641273,3.0,371.0,376.0,2.0,True,False,43.0,49588.0,49591.0,49593.0,80,2,2,23,23.0,2.0,BROKEN_NO_ACCEPTANCE,0.11720581,0,,,False,False
RG2_JPN225_PERIOD_M5_1764547200_1764978900_13582613236484951,JPN225,12121690020309365869,308682154060807194,6127566109782724518,2,1764643717,1764653138,1764653427.0,1764653427,1764653427,1764643716,1764653426,1.0,289.0,9710.0,0.0,False,False,45.0,49391.0,49393.0,49395.0,80,2,2,45,45.0,2.0,BROKEN_NO_ACCEPTANCE,0.15548645,0,,,False,False
RG2_JPN225_PERIOD_M5_1764547200_1764978900_13582613236484951,JPN225,12601084277867107197,6454616640894588050,6314190248211853142,1,1764653477,1764653477,1764653487.0,1764653486,1764653486,1764653476,1764653485,2.0,10.0,10.0,1.0,True,False,45.0,49322.0,49325.0,49327.0,192,2,2,6,6.0,1.0,BROKEN_NO_ACCEPTANCE,0.2221235,0,,,False,False
RG2_JPN225_PERIOD_M5_1764547200_1764978900_13582613236484951,JPN225,18120225482771637716,7996621575729318055,2927649445903734448,5,1764663606,1764664640,1764664864.0,1764664863,1764664863,1764663605,1764664862,2.0,224.0,1258.0,1.0,True,False,50.0,49253.0,49256.0,49259.0,320,2,2,14,14.0,5.0,BROKEN_NO_ACCEPTANCE,0.11933174,0,,,False,False
RG2_JPN225_PERIOD_M5_1764547200_1764978900_13582613236484951,JPN225,552783137091163779,16611874242186257416,4823531710687765491,1,1764666000,1764666000,1764670200.0,1764669600,1764669600,1764666000,1764666000,4200.0,4200.0,4200.0,600.0,True,False,52.0,49204.0,49233.0,49266.0,274,3,3,1,12.0,1.0,APPROACH_NO_CONTACT,0.0,0,,,False,False
RG2_JPN225_PERIOD_M5_1764547200_1764978900_13582613236484951,JPN225,4816923579105203292,8633944975674376457,7598228758919778962,1,1764724580,1764724580,1764724818.0,1764724740,1764724740,1764724500,1764724570,248.0,238.0,238.0,78.0,True,False,44.0,49542.0,49542.0,49543.0,320,2,2,3,3.0,1.0,CONTACT_NO_PENETRATION,0.0,0,,,False,False
RG2_JPN225_PERIOD_M5_1764547200_1764978900_13582613236484951,JPN225,11516430823765272573,8158317614403041160,16777376820933223501,2,1764727200,1764728901,1764731400.0,1764730800,1764730800,1764727200,1764727500,3900.0,2499.0,4200.0,600.0,True,False,47.0,49600.0,49602.0,49603.0,16,1,2,73,83.0,2.0,APPROACH_NO_CONTACT,0.0,0,,,False,False
RG2_JPN225_PERIOD_M5_1764547200_1764978900_13582613236484951,JPN225,628792897502396629,8644060507408578111,16424648748118373463,2,1764740670,1764740680,1764740724.0,1764740716,1764740716,1764740668,1764740715,9.0,44.0,54.0,8.0,True,False,45.0,50123.0,50125.0,50127.0,72,2,2,13,13.0,2.0,BROKEN_NO_ACCEPTANCE,0.11086475,0,,,False,False
RG2_JPN225_PERIOD_M5_1764547200_1764978900_13582613236484951,JPN225,9815950970864832914,7697632900797180057,1974150853049736753,1,1764747099,1764747099,1764753000.0,1764752400,1764752400,1764747095,1764748800,4200.0,5901.0,5901.0,600.0,True,False,46.0,50151.0,50153.0,50154.0,336,3,3,8,19.0,1.0,APPROACH_NO_CONTACT,0.0,3,MERGE,841263493019669192,False,True
RG2_JPN225_PERIOD_M5_1764547200_1764978900_13582613236484951,JPN225,7108099988376926318,1171976115130224802,8648044984877870256,5,1764756000,1764759487,1764760500.0,1764759600,1764759600,1764756000,1764758700,1800.0,1013.0,4500.0,900.0,True,False,44.0,49851.0,49851.0,49852.0,272,2,2,10,12.0,5.0,BROKEN_NO_ACCEPTANCE,0.45207957,0,,,False,False
RG2_JPN225_PERIOD_M5_1764547200_1764978900_13582613236484951,JPN225,11402546249253667602,8734994271683298727,6069280928792518005,1,1764778063,1764778063,1764778073.0,1764778065,1764778065,1764778063,1764778065,8.0,10.0,10.0,8.0,True,False,35.0,49364.0,49364.0,49364.0,320,2,2,4,4.0,1.0,PENETRATED_NO_RESOLUTION,0.08517888,0,,,False,False
RG2_JPN225_PERIOD_M5_1764547200_1764978900_13582613236484951,JPN225,12673585592420324184,13544912612845709221,3139464230228707898,5,1764788440,1764788908,1764792600.0,1764792000,1764792000,1764788400,1764788400,4200.0,3692.0,4160.0,600.0,True,False,48.0,49541.0,49551.0,49567.0,18,2,2,1,12.0,5.0,APPROACH_NO_CONTACT,0.0,0,,,False,False
RG2_JPN225_PERIOD_M5_1764547200_1764978900_13582613236484951,JPN225,334895098449488498,11399992355811131143,14921877102922895692,1,1764810192,1764810192,1764810300.0,1764810264,1764810264,1764810180,1764810239,61.0,108.0,108.0,36.0,True,False,44.0,49846.0,49848.0,49851.0,320,2,2,6,6.0,1.0,BROKEN_NO_ACCEPTANCE,0.13711152,0,,,False,False
RG2_JPN225_PERIOD_M5_1764547200_1764978900_13582613236484951,JPN225,6758892532181175071,16546336057307533962,17239714022285191168,1,1764813989,1764813989,1764813997.0,1764813995,1764813995,1764813988,1764813994,3.0,8.0,8.0,2.0,True,False,40.0,50186.0,50188.0,50190.0,320,2,2,3,3.0,1.0,BROKEN_NO_ACCEPTANCE,0.19945151,0,,,False,False
RG2_JPN225_PERIOD_M5_1764547200_1764978900_13582613236484951,JPN225,1494980635511129563,12957276202426090366,18008634516102258505,1,1764814118,1764814118,1764814231.0,1764814225,1764814225,1764814117,1764814224,7.0,113.0,113.0,6.0,True,False,41.0,50223.0,50226.0,50228.0,192,2,2,5,5.0,1.0,BROKEN_NO_ACCEPTANCE,0.21913806,0,,,False,False
RG2_JPN225_PERIOD_M5_1764547200_1764978900_13582613236484951,JPN225,17176061009333221261,7563228315595977300,4556430877223251553,1,1764814236,1764814236,1764814540.0,1764814537,1764814537,1764814232,1764814538,2.0,304.0,304.0,3.0,True,True,41.0,50266.0,50268.0,50269.0,192,2,2,9,9.0,1.0,BROKEN_NO_ACCEPTANCE,0.09744214,0,,,False,False
RG2_JPN225_PERIOD_M5_1764547200_1764978900_13582613236484951,JPN225,13744187219434909922,18369404588312811555,3831611227654240510,20,1764802368,1764813739,\N,1764814800,1764814800,1764550800,1764975600,\N,\N,\N,\N,False,True,38.0,49903.0,49938.0,49986.0,896,3,4,3459,\N,\N,APPROACH_NO_CONTACT,0.0,0,,,False,False
RG2_JPN225_PERIOD_M5_1764547200_1764978900_13582613236484951,JPN225,17509878358596607906,11937008031840353097,15061995175969614018,1,1764816206,1764816206,1764816277.0,1764816273,1764816273,1764816204,1764816266,11.0,71.0,71.0,4.0,True,False,40.0,50338.0,50339.0,50341.0,192,2,2,6,6.0,1.0,BROKEN_NO_ACCEPTANCE,0.39692384,0,,,False,False
RG2_JPN225_PERIOD_M5_1764547200_1764978900_13582613236484951,JPN225,8201477786496939911,470781683798750267,841263493019669192,13,1764813860,1764815316,1764817800.0,1764817200,1764817200,1764741600,1764816277,1523.0,2484.0,3940.0,600.0,True,False,42.0,50102.0,50117.0,50145.0,138,3,3,611,614.0,13.0,APPROACH_NO_CONTACT,0.0,0,,,False,False
RG2_JPN225_PERIOD_M5_1764547200_1764978900_13582613236484951,JPN225,4614433255807475275,8850462356135958158,10200070597091558067,1,1764817880,1764817880,1764818116.0,1764818114,1764818114,1764817200,1764818113,3.0,236.0,236.0,2.0,True,False,42.0,50354.0,50356.0,50357.0,80,2,2,6,6.0,1.0,BROKEN_NO_ACCEPTANCE,0.07065473,0,,,False,False
RG2_JPN225_PERIOD_M5_1766966400_1767398100_17845446579741474672,JPN225,1419050951421499891,14195111595071618995,14797747326376255485,2,1766973642,1766973660,1766973678.0,1766973677,1766973677,1766973639,1766973677,1.0,18.0,36.0,1.0,True,False,29.0,50581.0,50582.0,50583.0,80,2,2,3,3.0,2.0,BROKEN_NO_ACCEPTANCE,0.06973501,0,,,False,False
RG2_JPN225_PERIOD_M5_1766966400_1767398100_17845446579741474672,JPN225,16148373396599861380,8593755404331211188,13516159085896896616,2,1766973822,1766973826,1766973872.0,1766973871,1766973871,1766973820,1766973870,2.0,46.0,50.0,1.0,True,False,29.0,50376.0,50377.0,50378.0,192,2,2,5,5.0,2.0,BROKEN_NO_ACCEPTANCE,0.06973501,0,,,False,False
RG2_JPN225_PERIOD_M5_1766966400_1767398100_17845446579741474672,JPN225,17352370491155194554,15224223466606314403,3595038773691242984,3,1766973700,1766973782,1766974500.0,1766973900,1766973900,1766970060,1766973882,618.0,718.0,800.0,600.0,True,False,29.0,50418.0,50431.0,50453.0,192,2,3,156,156.0,3.0,BROKEN_NO_ACCEPTANCE,3.66108787,0,,,False,False
RG2_JPN225_PERIOD_M5_1766966400_1767398100_17845446579741474672,JPN225,664928922454916615,14766376718177458034,18269345265245350076,2,1766988873,1766989202,1766995800.0,1766995200,1766995200,1766988000,1766992800,3000.0,6598.0,6927.0,600.0,True,False,44.0,50705.0,50705.0,50705.0,144,2,2,16,23.0,2.0,APPROACH_NO_CONTACT,0.0,0,,,False,False
RG2_JPN225_PERIOD_M5_1766966400_1767398100_17845446579741474672,JPN225,10543113978549174753,16218819617092719678,10898562418706756000,1,1767002679,1767002679,1767003026.0,1767002734,1767002734,1767002678,1767002733,293.0,347.0,347.0,292.0,True,False,48.0,50331.0,50333.0,50334.0,320,2,2,6,6.0,1.0,BROKEN_NO_ACCEPTANCE,0.14589412,0,,,False,False
RG2_JPN225_PERIOD_M5_1766966400_1767398100_17845446579741474672,JPN225,1503120873581134654,8452877392923263004,12981651400556008395,2,1766995297,1767002713,1767004500.0,1767003900,1767003900,1766992800,1767003151,1349.0,1787.0,9203.0,600.0,True,False,48.0,50378.0,50381.0,50384.0,384,2,2,57,59.0,2.0,APPROACH_NO_CONTACT,0.0,0,,,False,False
RG2_JPN225_PERIOD_M5_1766966400_1767398100_17845446579741474672,JPN225,9217385694528698306,18400787753104113697,17410927006376246716,3,1767003152,1767003268,1767005496.0,1767005494,1767005494,1767003149,1767005399,97.0,2228.0,2344.0,2.0,True,False,40.0,50298.0,50300.0,50302.0,80,2,2,13,14.0,3.0,BROKEN_NO_ACCEPTANCE,0.12321341,0,,,False,False
RG2_JPN225_PERIOD_M5_1766966400_1767398100_17845446579741474672,JPN225,7794927412965732663,8121015824151744899,305872407457827074,2,1766998823,1767001203,1767006600.0,1767006000,1767006000,1766998800,1767005525,1075.0,5397.0,7777.0,600.0,True,False,48.0,50427.0,50429.0,50431.0,144,2,2,55,56.0,2.0,APPROACH_NO_CONTACT,0.0,0,,,False,False
RG2_JPN225_PERIOD_M5_1766966400_1767398100_17845446579741474672,JPN225,4670023650134181298,2989989611590654935,14435090265053354583,3,1767031217,1767032101,1767035400.0,1767034800,1767034800,1767031200,1767031200,4200.0,3299.0,4183.0,600.0,True,False,34.0,50302.0,50303.0,50303.0,16,1,2,1,12.0,3.0,APPROACH_NO_CONTACT,0.0,0,,,False,False
RG2_JPN225_PERIOD_M5_1766966400_1767398100_17845446579741474672,JPN225,17351588531943812966,1830478025372122046,6364632674728717863,29,1767019644,1767050070,1767056580.0,1767056520,1767056520,1766970060,1767049200,7380.0,6510.0,36936.0,60.0,True,False,29.0,49913.0,50104.0,50292.0,982,7,24,500,511.0,29.0,APPROACH_NO_CONTACT,0.0,0,,,False,False
RG2_JPN225_PERIOD_M5_1766966400_1767398100_17845446579741474672,JPN225,9977094039340112083,16764170862621669742,290412883394439301,3,1767056610,1767059954,1767060036.0,1767060000,1767060000,1767056520,1767059140,896.0,82.0,3426.0,36.0,True,False,29.0,49808.0,50068.0,50292.0,982,7,31,39,41.0,3.0,PENETRATED_NO_RESOLUTION,0.80922865,0,,,True,True
RG2_JPN225_PERIOD_M5_1766966400_1767398100_17845446579741474672,JPN225,8963497149936161676,15739420173628716231,5826318268561121479,1,1767060027,1767060027,1767060037.0,1767060036,1767060036,1767060000,1767060036,1.0,10.0,10.0,1.0,True,False,29.0,50363.0,50364.0,50365.0,80,2,2,3,3.0,1.0,BROKEN_NO_ACCEPTANCE,0.0700035,0,,,False,False
RG2_JPN225_PERIOD_M5_1766966400_1767398100_17845446579741474672,JPN225,237997197787093032,5290711283968687835,5413413264424779639,1,1767063151,1767063151,1767063192.0,1767063183,1767063183,1767063150,1767063181,11.0,41.0,41.0,9.0,True,False,32.0,50445.0,50445.0,50446.0,192,2,2,2,2.0,1.0,BROKEN_NO_ACCEPTANCE,0.09386733,0,,,False,False
RG2_JPN225_PERIOD_M5_1766966400_1767398100_17845446579741474672,JPN225,16299030718577943493,2456747463131853724,8102054312741618800,1,1767063451,1767063451,1767063505.0,1767063460,1767063460,1767063450,1767063458,47.0,54.0,54.0,45.0,True,False,32.0,50458.0,50459.0,50460.0,192,2,2,3,3.0,1.0,BROKEN_NO_ACCEPTANCE,0.15479876,0,,,False,False
RG2_JPN225_PERIOD_M5_1766966400_1767398100_17845446579741474672,JPN225,11617999047648277730,6846633809944765650,10894622782212932824,40,1767060038,1767063096,1767064200.0,1767063600,1767063600,1766970060,1767063516,684.0,1104.0,4162.0,600.0,True,False,32.0,50389.0,50402.0,50410.0,18,2,2,613,613.0,40.0,BROKEN_NO_ACCEPTANCE,2.76006192,0,,,False,False
RG2_JPN225_PERIOD_M5_1766966400_1767398100_17845446579741474672,JPN225,1064960968048294460,6049523222249714146,5209255810978020623,13,1767081382,1767088716,1767089400.0,1767088800,1767088800,1767070800,1767085200,4200.0,684.0,8018.0,600.0,True,False,41.0,50389.0,50402.0,50410.0,18,2,2,76,87.0,13.0,APPROACH_NO_CONTACT,0.0,0,,,False,False
RG2_JPN225_PERIOD_M5_1766966400_1767398100_17845446579741474672,JPN225,3887949806408628453,11365966446328807794,208830874062659106,4,1767081601,1767085566,1767089400.0,1767088800,1767088800,1767081600,1767085200,4200.0,3834.0,7799.0,600.0,True,False,43.0,50427.0,50429.0,50431.0,144,2,2,13,24.0,4.0,APPROACH_NO_CONTACT,0.0,0,,,False,False
RG2_JPN225_PERIOD_M5_1766966400_1767398100_17845446579741474672,JPN225,16207653087933206682,912092919467111708,9472270278629055456,3,1767105821,1767105821,1767106890.0,1767106883,1767106883,1767076534,1767106876,14.0,1069.0,1069.0,7.0,True,False,24.0,50550.0,50551.0,50552.0,320,2,2,108,108.0,3.0,BROKEN_NO_ACCEPTANCE,0.20911752,0,,,False,False
RG2_JPN225_PERIOD_M5_1766966400_1767398100_17845446579741474672,JPN225,2848805444921267189,3440818171285245804,12397261966643890547,1,1767113778,1767113778,1767113798.0,1767113794,1767113794,1767113776,1767113787,11.0,20.0,20.0,4.0,True,False,22.0,50590.0,50591.0,50592.0,320,2,2,4,4.0,1.0,BROKEN_NO_ACCEPTANCE,0.22512382,0,,,False,False
RG2_JPN225_PERIOD_M5_1766966400_1767398100_17845446579741474672,JPN225,9109201934765256393,7480519707072561701,16742942574286176998,2,1767113801,1767113821,1767116954.0,1767116944,1767116944,1767113796,1767116943,11.0,3133.0,3153.0,10.0,True,False,22.0,50602.0,50603.0,50603.0,192,2,2,14,14.0,2.0,BROKEN_NO_ACCEPTANCE,0.17793594,0,,,False,False
RG2_JPN225_PERIOD_M5_1766966400_1767398100_17845446579741474672,JPN225,17573112903947868452,9114545437870504719,1726580205082824633,1,1767118593,1767118593,1767118708.0,1767118669,1767118669,1767118592,1767118663,45.0,115.0,115.0,39.0,True,False,23.0,50641.0,50642.0,50643.0,72,2,2,4,4.0,1.0,BROKEN_NO_ACCEPTANCE,0.17353579,0,,,False,False
RG2_JPN225_PERIOD_M5_1766966400_1767398100_17845446579741474672,JPN225,234658635565375947,11880065274077606926,826974610098051203,1,1767143112,1767143112,1767143122.0,1767143115,1767143115,1767143106,1767143109,13.0,10.0,10.0,7.0,True,False,22.0,50474.0,50474.0,50474.0,192,2,2,2,2.0,1.0,APPROACH_NO_CONTACT,0.0,0,,,False,False
RG2_JPN225_PERIOD_M5_1766966400_1767398100_17845446579741474672,JPN225,16022105323941545935,5285235798556084026,14732764921631968933,1,1767143134,1767143134,1767143150.0,1767143137,1767143137,1767143131,1767143131,19.0,16.0,16.0,13.0,True,False,22.0,50493.0,50493.0,50493.0,192,2,2,1,1.0,1.0,APPROACH_NO_CONTACT,0.0,0,,,False,False
RG2_JPN225_PERIOD_M5_1766966400_1767398100_17845446579741474672,JPN225,12026413906145159302,15019651080989640198,1265390804675046218,2,1767146890,1767146970,1767147600.0,1767147010,1767147010,1767146880,1767146880,720.0,630.0,710.0,590.0,True,False,23.0,50429.0,50430.0,50431.0,192,2,2,1,2.0,2.0,PENETRATED_NO_RESOLUTION,0.10402734,0,,,False,False
RG2_JPN225_PERIOD_M5_1766966400_1767398100_17845446579741474672,JPN225,3246197201640547923,5184014918527001901,5695996196208222701,3,1767148570,1767149639,1767150037.0,1767150029,1767150029,1767148565,1767150027,10.0,398.0,1467.0,8.0,True,False,23.0,50381.0,50382.0,50384.0,320,2,2,9,9.0,3.0,BROKEN_NO_ACCEPTANCE,0.1303781,0,,,False,False
RG2_JPN225_PERIOD_M5_1766966400_1767398100_17845446579741474672,JPN225,10980372988394963234,2137031866673215781,18241993426719714810,2,1767154519,1767154519,1767154538.0,1767154535,1767154535,1767150037,1767153600,938.0,19.0,19.0,3.0,True,False,24.0,50364.0,50365.0,50366.0,80,2,2,13,17.0,2.0,PENETRATED_NO_RESOLUTION,0.08503401,0,,,False,False
RG2_JPN225_PERIOD_M5_1766966400_1767398100_17845446579741474672,JPN225,8470899638761887753,7525940817145152385,16437827083999218161,2,1767177280,1767177302,1767177322.0,1767177314,1767177314,1767177278,1767177312,10.0,20.0,42.0,8.0,True,False,26.0,50331.0,50333.0,50334.0,320,2,2,5,5.0,2.0,BROKEN_NO_ACCEPTANCE,0.15533981,0,,,False,False
RG2_JPN225_PERIOD_M5_1766966400_1767398100_17845446579741474672,JPN225,350017938236877037,3058916209786025918,13920082066604698780,14,1767168119,1767178162,1767179400.0,1767178800,1767178800,1767168000,1767177583,1817.0,1238.0,11281.0,600.0,True,False,26.0,50365.0,50366.0,50366.0,16,1,2,54,59.0,14.0,APPROACH_NO_CONTACT,0.0,0,,,False,False
RG2_JPN225_PERIOD_M5_1766966400_1767398100_17845446579741474672,JPN225,4398791936457272224,746085721308984958,18231926103947402665,3,1767198136,1767198136,1767199500.0,1767198914,1767198914,1767144450,1767197100,2400.0,1364.0,1364.0,586.0,True,False,21.0,50543.0,50544.0,50545.0,80,2,2,222,228.0,3.0,PENETRATED_NO_RESOLUTION,0.04837929,0,,,False,False
RG2_JPN225_PERIOD_M5_1766966400_1767398100_17845446579741474672,JPN225,10932351451926689303,4365863294026464210,9495030775103441875,1,1767211236,1767211236,1767211468.0,1767211458,1767211458,1767204600,1767211455,13.0,232.0,232.0,10.0,True,False,27.0,50550.0,50551.0,50552.0,320,2,2,41,41.0,1.0,BROKEN_NO_ACCEPTANCE,0.33247137,0,,,False,False
RG2_JPN225_PERIOD_M5_1766966400_1767398100_17845446579741474672,JPN225,11615168146205672373,12163529400228421004,5656777452175338681,1,1767211980,1767211980,1767212053.0,1767212008,1767212008,1767211979,1767212000,53.0,73.0,73.0,45.0,True,False,28.0,50590.0,50590.0,50590.0,320,2,2,2,2.0,1.0,BROKEN_NO_ACCEPTANCE,0.03590664,0,,,False,False
RG2_JPN225_PERIOD_M5_1766966400_1767398100_17845446579741474672,JPN225,17366739555322095024,3501013684038715827,17005027874059192874,1,1767212880,1767212880,1767212939.0,1767212923,1767212923,1767212879,1767212916,23.0,59.0,59.0,16.0,True,False,28.0,50615.0,50617.0,50618.0,320,2,2,5,5.0,1.0,BROKEN_NO_ACCEPTANCE,0.14134276,0,,,False,False
RG2_JPN225_PERIOD_M5_1766966400_1767398100_17845446579741474672,JPN225,17910316797255096181,3556542574104014316,4440716533727992371,1,1767213938,1767213938,1767214089.0,1767214062,1767214062,1767213934,1767214053,36.0,151.0,151.0,27.0,True,False,29.0,50679.0,50683.0,50683.0,64,1,2,7,7.0,1.0,BROKEN_NO_ACCEPTANCE,0.17325017,0,,,False,False
RG2_JPN225_PERIOD_M5_1766966400_1767398100_17845446579741474672,JPN225,8104818015673628998,14181565969746438247,7482845139413349514,2,1767214218,1767214503,1767214628.0,1767214541,1767214541,1767214214,1767214236,392.0,125.0,410.0,87.0,True,False,29.0,50705.0,50706.0,50708.0,192,2,2,7,8.0,2.0,PENETRATED_NO_RESOLUTION,0.08045977,0,,,False,False
RG2_JPN225_PERIOD_M5_1766966400_1767398100_17845446579741474672,JPN225,12207617760698377229,17283859827945962302,9117797934585131905,2,1767214652,1767214693,1767214979.0,1767214864,1767214864,1767214648,1767214840,139.0,286.0,327.0,115.0,True,False,29.0,50721.0,50723.0,50724.0,192,2,2,4,4.0,2.0,BROKEN_NO_ACCEPTANCE,0.10327022,0,,,False,False
RG2_JPN225_PERIOD_M5_1766966400_1767398100_17845446579741474672,JPN225,12226970869903520844,10587576441513854680,14621538908901178246,5,1767217773,1767218421,1767315719.0,1767315660,1767315660,1767135600,1767222000,93719.0,97298.0,97946.0,59.0,True,False,36.0,50597.0,50598.0,50599.0,272,2,2,477,488.0,5.0,APPROACH_NO_CONTACT,0.0,0,,,False,False
RG2_JPN225_PERIOD_M5_1766966400_1767398100_17845446579741474672,JPN225,17462710264250914675,9079540501425492998,1096112386597056322,1,1767316547,1767316547,1767316800.0,1767316559,1767316559,1767316544,1767316550,250.0,253.0,253.0,241.0,True,False,36.0,50458.0,50459.0,50459.0,192,2,2,2,2.0,1.0,BROKEN_NO_ACCEPTANCE,0.08264463,0,,,False,False
RG2_JPN225_PERIOD_M5_1766966400_1767398100_17845446579741474672,JPN225,17324670558368328758,4167959951372096165,13679522936240708999,1,1767317661,1767317661,1767317710.0,1767317678,1767317678,1767317656,1767317667,43.0,49.0,49.0,32.0,True,False,37.0,50505.0,50506.0,50506.0,80,2,2,2,2.0,1.0,BROKEN_NO_ACCEPTANCE,0.13785498,0,,,False,False
RG2_JPN225_PERIOD_M5_1766966400_1767398100_17845446579741474672,JPN225,4813005011410816217,1154658723718259224,12633145979062069025,1,1767319200,1767319200,1767319240.0,1767319231,1767319231,1767319200,1767319230,10.0,40.0,40.0,9.0,True,False,37.0,50550.0,50551.0,50553.0,320,2,2,10,10.0,1.0,BROKEN_NO_ACCEPTANCE,0.51870052,0,,,False,False
RG2_JPN225_PERIOD_M5_1766966400_1767398100_17845446579741474672,JPN225,11828367255941969262,16908712623966571309,1436612837011360111,1,1767319277,1767319277,1767320257.0,1767320246,1767320246,1767319275,1767320244,13.0,980.0,980.0,11.0,True,False,37.0,50597.0,50599.0,50600.0,80,2,2,11,11.0,1.0,BROKEN_NO_ACCEPTANCE,0.29665588,0,,,False,False
RG2_JPN225_PERIOD_M5_1766966400_1767398100_17845446579741474672,JPN225,1341574909853078671,8208808114829978394,9189302936860797898,1,1767323879,1767323879,1767325088.0,1767325080,1767325080,1767322800,1767322800,2288.0,1209.0,1209.0,8.0,True,False,37.0,50634.0,50634.0,50634.0,80,2,2,1,8.0,1.0,APPROACH_NO_CONTACT,0.0,0,,,False,False
RG2_JPN225_PERIOD_M5_1766966400_1767398100_17845446579741474672,JPN225,16021585956534975611,12967553033584041054,10058467808541209387,1,1767325120,1767325120,1767325260.0,1767325248,1767325248,1767325116,1767325240,20.0,140.0,140.0,12.0,True,False,37.0,50654.0,50656.0,50658.0,192,2,2,4,4.0,1.0,BROKEN_NO_ACCEPTANCE,0.2173913,0,,,False,False
RG2_JPN225_PERIOD_M5_1766966400_1767398100_17845446579741474672,JPN225,14098513467627722015,15919756652596741736,4176331155414420049,4,1767325834,1767326401,1767326426.0,1767326418,1767326418,1767325825,1767326417,9.0,25.0,592.0,8.0,True,False,37.0,50707.0,50708.0,50709.0,80,2,2,7,7.0,4.0,BROKEN_NO_ACCEPTANCE,0.0544514,0,,,False,False
RG2_JPN225_PERIOD_M5_1766966400_1767398100_17845446579741474672,JPN225,302200134806778177,10734365057309199280,13829447295806022082,1,1767326429,1767326429,1767326601.0,1767326437,1767326437,1767326428,1767326436,165.0,172.0,172.0,164.0,True,False,37.0,50721.0,50722.0,50723.0,192,2,2,3,3.0,1.0,BROKEN_NO_ACCEPTANCE,0.13612851,0,,,False,False
RG2_JPN225_PERIOD_M5_1766966400_1767398100_17845446579741474672,JPN225,12922026985329530371,18086302640380722262,609914088896373788,1,1767326605,1767326605,1767326639.0,1767326618,1767326618,1767326601,1767326610,29.0,34.0,34.0,21.0,True,False,37.0,50734.0,50737.0,50737.0,64,1,2,2,2.0,1.0,BROKEN_NO_ACCEPTANCE,0.1089028,0,,,False,False
RG2_JPN225_PERIOD_M5_1766966400_1767398100_17845446579741474672,JPN225,10369216222619378468,856825947114753231,16341301177072017582,1,1767326648,1767326648,1767327300.0,1767326652,1767326652,1767326642,1767326644,656.0,652.0,652.0,648.0,True,False,37.0,50756.0,50756.0,50757.0,192,2,2,2,2.0,1.0,PENETRATED_NO_RESOLUTION,0.03630093,0,,,False,False
RG2_JPN225_PERIOD_M5_1773619200_1774047300_3195075028303676313,JPN225,7297421578365709835,18425978935194214350,10244217111155157441,1,1773622574,1773622574,1773622595.0,1773622581,1773622581,1773622563,1773622577,18.0,21.0,21.0,14.0,True,False,102.0,53370.0,53374.0,53377.0,192,2,2,4,4.0,1.0,BROKEN_NO_ACCEPTANCE,0.06886375,0,,,False,False
RG2_JPN225_PERIOD_M5_1773619200_1774047300_3195075028303676313,JPN225,7942356589933186749,2198261377260274948,10086180591093587693,1,1773622080,1773622080,1773623400.0,1773622800,1773622800,1773619200,1773622752,648.0,1320.0,1320.0,600.0,True,False,100.0,53227.0,53249.0,53303.0,146,3,3,88,88.0,1.0,BROKEN_NO_ACCEPTANCE,2.89227742,0,,,False,False
RG2_JPN225_PERIOD_M5_1773619200_1774047300_3195075028303676313,JPN225,14895885159747553229,9195555882579915796,13962751681477305319,1,1773622838,1773622838,1773625585.0,1773625539,1773625539,1773622800,1773625538,47.0,2747.0,2747.0,46.0,True,False,98.0,53521.0,53524.0,53526.0,80,2,2,11,11.0,1.0,BROKEN_NO_ACCEPTANCE,0.05120852,0,,,False,False
RG2_JPN225_PERIOD_M5_1773619200_1774047300_3195075028303676313,JPN225,2478627934387536012,14565212522091823719,2022680941431276302,1,1773627392,1773627392,1773627401.0,1773627400,1773627400,1773627391,1773627399,2.0,9.0,9.0,1.0,True,False,98.0,53943.0,53947.0,53950.0,80,2,2,8,8.0,1.0,BROKEN_NO_ACCEPTANCE,0.34545824,0,,,False,False
RG2_JPN225_PERIOD_M5_1773619200_1774047300_3195075028303676313,JPN225,15963198152438106264,10715995073528870442,508716085652170636,5,1773631838,1773636805,1773637800.0,1773637200,1773637200,1773626400,1773635700,2100.0,995.0,5962.0,600.0,True,False,94.0,53227.0,53248.0,53303.0,146,3,4,118,121.0,5.0,PENETRATED_NO_RESOLUTION,0.02111041,0,,,False,False
RG2_JPN225_PERIOD_M5_1773619200_1774047300_3195075028303676313,JPN225,10859537611727037127,11417276806422717666,5434756133608830144,1,1773665437,1773665437,1773665721.0,1773665714,1773665714,1773665436,1773665713,8.0,284.0,284.0,7.0,True,False,79.0,54001.0,54005.0,54008.0,192,2,2,8,8.0,1.0,BROKEN_NO_ACCEPTANCE,0.17789072,0,,,False,False
RG2_JPN225_PERIOD_M5_1773619200_1774047300_3195075028303676313,JPN225,11647364018139942670,5801283220669130539,18340374993839412252,2,1773671300,1773671701,1773671841.0,1773671838,1773671838,1773671297,1773671832,9.0,140.0,541.0,3.0,True,False,78.0,54264.0,54269.0,54273.0,64,1,2,16,16.0,2.0,BROKEN_NO_ACCEPTANCE,0.26255123,0,,,False,False
RG2_JPN225_PERIOD_M5_1773619200_1774047300_3195075028303676313,JPN225,7412046018798872141,10146950801148221044,12750536321745062293,1,1773675928,1773675928,1773675935.0,1773675934,1773675934,1773675925,1773675933,2.0,7.0,7.0,1.0,True,False,77.0,54480.0,54484.0,54487.0,80,2,2,6,6.0,1.0,BROKEN_NO_ACCEPTANCE,0.11624903,0,,,False,False
RG2_JPN225_PERIOD_M5_1773619200_1774047300_3195075028303676313,JPN225,14936020777685048437,8577859590232275578,3297148756109763893,1,1773691200,1773691200,1773695400.0,1773694800,1773694800,1773691200,1773691200,4200.0,4200.0,4200.0,600.0,True,False,78.0,54181.0,54217.0,54253.0,258,2,3,1,12.0,1.0,APPROACH_NO_CONTACT,0.0,0,,,True,True
RG2_JPN225_PERIOD_M5_1773619200_1774047300_3195075028303676313,JPN225,18041356620142244763,14164426687292569947,11599638617406503894,15,1773695366,1773695534,1773699000.0,1773698400,1773698400,1773669600,1773695414,3586.0,3466.0,3634.0,600.0,True,False,72.0,54500.0,54851.0,55278.0,966,6,15,295,303.0,15.0,APPROACH_NO_CONTACT,0.0,0,,,False,False
RG2_JPN225_PERIOD_M5_1773619200_1774047300_3195075028303676313,JPN225,16559931740819993231,4784564915947392612,9588777047137788823,2,1773699664,1773699877,1773705690.0,1773705630,1773705630,1773698400,1773698400,7290.0,5813.0,6026.0,60.0,True,False,71.0,54429.0,54789.0,55278.0,982,7,18,1,12.0,2.0,APPROACH_NO_CONTACT,0.0,0,,,False,False
RG2_JPN225_PERIOD_M5_1773619200_1774047300_3195075028303676313,JPN225,16492742272904639546,15119332035070949247,996345321211670902,1,1773709210,1773709210,1773712887.0,1773712800,1773712800,1773709200,1773712296,591.0,3677.0,3677.0,87.0,True,False,63.0,54231.0,54231.0,54231.0,16,1,2,30,31.0,1.0,APPROACH_NO_CONTACT,0.0,0,,,False,False
RG2_JPN225_PERIOD_M5_1773619200_1774047300_3195075028303676313,JPN225,4220967932683038598,14771822102990804227,6996664574598816492,1,1773712892,1773712892,1773712901.0,1773712899,1773712899,1773712891,1773712899,2.0,9.0,9.0,2.0,True,False,63.0,54176.0,54179.0,54182.0,320,2,2,4,4.0,1.0,BROKEN_NO_ACCEPTANCE,0.17333754,0,,,False,False
RG2_JPN225_PERIOD_M5_1773619200_1774047300_3195075028303676313,JPN225,14552689136874066581,9764346490228890906,5513470282798069190,1,1773714141,1773714141,1773714158.0,1773714156,1773714156,1773714140,1773714154,4.0,17.0,17.0,2.0,True,False,67.0,53996.0,53999.0,54001.0,192,2,2,7,7.0,1.0,BROKEN_NO_ACCEPTANCE,0.180018,0,,,False,False
RG2_JPN225_PERIOD_M5_1773619200_1774047300_3195075028303676313,JPN225,249697663701542612,8510619366520729777,15470029527469828769,1,1773714361,1773714361,1773714479.0,1773714475,1773714475,1773714338,1773714474,5.0,118.0,118.0,4.0,True,False,68.0,53954.0,53958.0,53961.0,192,2,2,5,5.0,1.0,BROKEN_NO_ACCEPTANCE,0.10335154,0,,,False,False
RG2_JPN225_PERIOD_M5_1773619200_1774047300_3195075028303676313,JPN225,7374790700709151953,9206886112938788948,5368155375414317239,10,1773761058,1773766333,1773767400.0,1773766800,1773766800,1773756000,1773763200,4200.0,1067.0,6342.0,600.0,True,False,68.0,54499.0,54823.0,55278.0,966,6,17,94,105.0,10.0,PENETRATED_NO_RESOLUTION,0.17631502,0,,,False,False
RG2_JPN225_PERIOD_M5_1773619200_1774047300_3195075028303676313,JPN225,16925483241212354990,16589591434883572885,14463404258207565428,4,1773767260,1773768021,1773771000.0,1773770400,1773770400,1773766800,1773766800,4200.0,2979.0,3740.0,600.0,True,False,68.0,54429.0,54784.0,55278.0,966,6,19,1,12.0,4.0,APPROACH_NO_CONTACT,0.0,0,,,False,False
RG2_JPN225_PERIOD_M5_1773619200_1774047300_3195075028303676313,JPN225,8690167718552251917,16322931522572556180,1485980421167170228,1,1773787695,1773787695,1773792247.0,1773792030,1773792030,1773770400,1773784800,7447.0,4552.0,4552.0,217.0,True,False,62.0,54499.0,54835.0,55278.0,962,5,16,49,60.0,1.0,APPROACH_NO_CONTACT,0.0,0,,,False,False
RG2_JPN225_PERIOD_M5_1773619200_1774047300_3195075028303676313,JPN225,972653421820297474,4973882618117497481,5799732942705421399,1,1773796033,1773796033,1773799204.0,1773799200,1773799200,1773795600,1773799177,27.0,3171.0,3171.0,4.0,True,False,58.0,54436.0,54436.0,54436.0,80,2,2,15,15.0,1.0,APPROACH_NO_CONTACT,0.0,0,,,False,False
RG2_JPN225_PERIOD_M5_1773619200_1774047300_3195075028303676313,JPN225,9887593163696382276,234148445071338041,14780729594212175825,5,1773799833,1773802535,1773803126.0,1773803100,1773803100,1773792030,1773803078,48.0,591.0,3293.0,26.0,True,False,63.0,54499.0,54895.0,55326.0,962,5,22,135,135.0,5.0,PENETRATED_NO_RESOLUTION,2.97284268,0,,,False,False
RG2_JPN225_PERIOD_M5_1773619200_1774047300_3195075028303676313,JPN225,11283692140330678550,3771477749834818547,967647070053570685,1,1773844395,1773844395,1773844961.0,1773844960,1773844960,1773844394,1773844960,1.0,566.0,566.0,1.0,True,False,67.0,54235.0,54236.0,54237.0,68,2,2,5,5.0,1.0,BROKEN_NO_ACCEPTANCE,0.13511485,0,,,False,False
RG2_JPN225_PERIOD_M5_1773619200_1774047300_3195075028303676313,JPN225,17920572363932371366,10012675419646840291,14796286938287917246,1,1773845926,1773845926,1773845974.0,1773845966,1773845966,1773845918,1773845921,53.0,48.0,48.0,8.0,True,False,70.0,54054.0,54058.0,54062.0,192,2,2,7,7.0,1.0,PENETRATED_NO_RESOLUTION,0.06702092,0,,,False,False
RG2_JPN225_PERIOD_M5_1773619200_1774047300_3195075028303676313,JPN225,1887141391299911139,13534515397867409014,10240368130398156928,1,1773863193,1773863193,1773864600.0,1773864000,1773864000,1773856800,1773860400,4200.0,1407.0,1407.0,600.0,True,False,78.0,54311.0,54311.0,54311.0,16,1,2,13,24.0,1.0,APPROACH_NO_CONTACT,0.0,0,,,False,False
RG2_JPN225_PERIOD_M5_1773619200_1774047300_3195075028303676313,JPN225,3399011279221859289,16238085200326886908,901424573222605915,4,1773867662,1773868803,1773871291.0,1773871200,1773871200,1773867600,1773871116,175.0,2488.0,3629.0,91.0,True,False,85.0,53998.0,54000.0,54001.0,144,2,2,97,97.0,4.0,APPROACH_NO_CONTACT,0.0,3,MERGE,3710024159097437313,False,True
RG2_JPN225_PERIOD_M5_1773619200_1774047300_3195075028303676313,JPN225,1538206755141515078,5742181543200429252,1681473556413722446,4,1773872822,1773873678,1773878579.0,1773878520,1773878520,1773792030,1773873067,5512.0,4901.0,5757.0,59.0,True,False,81.0,53020.0,53222.0,53378.0,978,6,10,961,966.0,4.0,APPROACH_NO_CONTACT,0.0,0,,,False,False
RG2_JPN225_PERIOD_M5_1773619200_1774047300_3195075028303676313,JPN225,7985118890919521320,1595737554888071891,9075634974238703986,3,1773882000,1773882510,1773882900.0,1773882719,1773882719,1773882000,1773882300,600.0,390.0,900.0,181.0,True,False,73.0,53553.0,53557.0,53560.0,80,2,2,2,3.0,3.0,PENETRATED_NO_RESOLUTION,0.08257638,0,,,False,False
RG2_JPN225_PERIOD_M5_1773619200_1774047300_3195075028303676313,JPN225,12680370138996730523,10042367895561936702,5949025395520230598,1,1773884263,1773884263,1773884380.0,1773884364,1773884364,1773884258,1773884356,24.0,117.0,117.0,16.0,True,False,68.0,53712.0,53713.0,53715.0,320,2,2,2,2.0,1.0,BROKEN_NO_ACCEPTANCE,0.10298661,0,,,False,False
RG2_JPN225_PERIOD_M5_1773619200_1774047300_3195075028303676313,JPN225,4021564311461862852,15022213782921554863,4652323884076648028,1,1773886082,1773886082,1773886500.0,1773886275,1773886275,1773885600,1773886274,226.0,418.0,418.0,225.0,True,False,73.0,53868.0,53871.0,53874.0,80,2,2,7,7.0,1.0,BROKEN_NO_ACCEPTANCE,0.08218052,0,,,False,False
RG2_JPN225_PERIOD_M5_1773619200_1774047300_3195075028303676313,JPN225,6352927461714283714,8264106665183647991,6689385531279002268,13,1773889200,1773893308,1773897000.0,1773896400,1773896400,1773889200,1773894971,2029.0,3692.0,7800.0,600.0,True,False,80.0,53708.0,53710.0,53712.0,272,2,2,34,38.0,13.0,APPROACH_NO_CONTACT,0.0,0,,,False,False
RG2_JPN225_PERIOD_M5_1773619200_1774047300_3195075028303676313,JPN225,17270447312526818560,6451084507667555732,1740740567239097509,11,1773900692,1773905192,1773907204.0,1773907200,1773907200,1773878520,1773907171,33.0,2012.0,6512.0,4.0,True,False,76.0,53020.0,53279.0,53438.0,962,5,9,289,289.0,11.0,PENETRATED_NO_RESOLUTION,3.75713338,0,,,False,False
RG2_JPN225_PERIOD_M5_1773619200_1774047300_3195075028303676313,JPN225,8553383225404877019,12189690250399903216,2734778912178674941,1,1773908322,1773908322,1773911100.0,1773910954,1773910954,1773907200,1773910952,148.0,2778.0,2778.0,146.0,True,False,81.0,53013.0,53221.0,53378.0,960,4,7,34,34.0,1.0,BROKEN_NO_ACCEPTANCE,4.50394867,0,,,False,False
RG2_JPN225_PERIOD_M5_1773619200_1774047300_3195075028303676313,JPN225,8719531973183580296,16903034353209921461,5609352752549174155,11,1773954326,1773956245,1773964876.0,1773964860,1773964860,1773878520,1773960600,4276.0,8631.0,10550.0,16.0,True,False,123.0,51793.0,52393.0,52976.0,986,7,25,860,861.0,11.0,APPROACH_NO_CONTACT,0.0,0,,,False,False
RG2_JPN225_PERIOD_M5_1773619200_1774047300_3195075028303676313,JPN225,1773795471438831407,8176479103935021697,10458636394983395100,3,1773964865,1773969310,1773970209.0,1773970203,1773970203,1773964860,1773968939,1270.0,899.0,5344.0,6.0,True,False,107.0,53335.0,53340.0,53344.0,80,2,2,49,54.0,3.0,PENETRATED_NO_RESOLUTION,0.06559835,0,,,False,False
RG2_JPN225_PERIOD_M5_1773619200_1774047300_3195075028303676313,JPN225,5521996665654147217,4723510616294726846,4092504245950506304,2,1774001370,1774001370,1774001613.0,1774001606,1774001606,1773978373,1774001605,8.0,243.0,243.0,7.0,True,False,64.0,53594.0,53597.0,53600.0,320,2,2,80,80.0,2.0,BROKEN_NO_ACCEPTANCE,0.09318217,0,,,False,False
RG2_JPN225_PERIOD_M5_1773619200_1774047300_3195075028303676313,JPN225,17644595887133127522,8742407580834809975,3304743785370400816,1,1774007700,1774007700,1774007730.0,1774007729,1774007729,1774007696,1774007728,2.0,30.0,30.0,1.0,True,False,63.0,52916.0,52920.0,52923.0,320,2,2,10,10.0,1.0,BROKEN_NO_ACCEPTANCE,0.12622278,0,,,False,False
RG2_JPN225_PERIOD_M5_1783900800_1784332500_15138704202311374725,JPN225,3034734968079268578,17588659653158688251,13178990017602429594,2,1783904550,1783906259,1783908600.0,1783908000,1783908000,1783904550,1783904999,3601.0,2341.0,4050.0,600.0,True,False,87.0,68816.0,68849.0,68901.0,274,3,3,9,19.0,2.0,APPROACH_NO_CONTACT,0.0,0,,,False,False
RG2_JPN225_PERIOD_M5_1783900800_1784332500_15138704202311374725,JPN225,4150666126518219001,6989306513910162400,3567819248940898840,2,1783910471,1783910700,1783911942.0,1783911942,1783911942,1783908000,1783911941,1.0,1242.0,1471.0,0.0,False,False,82.0,68936.0,68941.0,68945.0,80,2,2,106,106.0,2.0,BROKEN_NO_ACCEPTANCE,0.10944911,0,,,False,False
RG2_JPN225_PERIOD_M5_1783900800_1784332500_15138704202311374725,JPN225,141444344715929572,12222485824162501255,2295538961456563754,2,1783912004,1783912039,1783912229.0,1783912228,1783912228,1783912001,1783912228,1.0,190.0,225.0,1.0,True,False,84.0,68964.0,68969.0,68974.0,68,2,2,13,13.0,2.0,BROKEN_NO_ACCEPTANCE,0.11771862,0,,,False,False
RG2_JPN225_PERIOD_M5_1783900800_1784332500_15138704202311374725,JPN225,16384628242394264127,11020216038527027759,14952312061693343001,5,1783911794,1783913765,1783915537.0,1783915200,1783915200,1783911600,1783915095,442.0,1772.0,3743.0,337.0,True,False,101.0,68816.0,68849.0,68901.0,274,3,3,311,311.0,5.0,APPROACH_NO_CONTACT,0.0,0,,,False,False
RG2_JPN225_PERIOD_M5_1783900800_1784332500_15138704202311374725,JPN225,3754081669365900693,8235908955317758259,1772389588965887168,2,1783916923,1783916959,1783917024.0,1783917024,1783917024,1783916922,1783917024,0.0,65.0,101.0,0.0,False,False,106.0,67673.0,67679.0,67686.0,320,2,2,16,16.0,2.0,BROKEN_NO_ACCEPTANCE,0.22569118,0,,,False,False
RG2_JPN225_PERIOD_M5_1783900800_1784332500_15138704202311374725,JPN225,17607206614708341093,5244763486370824234,4167741329921949484,1,1783917135,1783917135,1783917844.0,1783917843,1783917843,1783917134,1783917843,1.0,709.0,709.0,1.0,True,False,109.0,67534.0,67541.0,67547.0,80,2,2,19,19.0,1.0,BROKEN_NO_ACCEPTANCE,0.13712405,0,,,False,False
RG2_JPN225_PERIOD_M5_1783900800_1784332500_15138704202311374725,JPN225,1921286252634137441,7328281283156424976,2471491456804254173,3,1783917844,1783918156,1783918197.0,1783918197,1783918197,1783904550,1783918196,1.0,41.0,353.0,0.0,False,False,112.0,67392.0,67421.0,67475.0,448,3,4,752,752.0,3.0,BROKEN_NO_ACCEPTANCE,0.74087351,0,,,False,False
RG2_JPN225_PERIOD_M5_1783900800_1784332500_15138704202311374725,JPN225,14763569865213679008,6985863289056816853,12597735940791076789,1,1783918121,1783918121,1783918197.0,1783918197,1783918197,1783904550,1783918196,1.0,76.0,76.0,0.0,False,False,112.0,66845.0,67076.0,67378.0,898,4,5,752,752.0,1.0,APPROACH_NO_CONTACT,0.0,0,,,False,False
RG2_JPN225_PERIOD_M5_1783900800_1784332500_15138704202311374725,JPN225,10249688656305497922,7255556098148294409,8505698129002145482,1,1783918198,1783918198,1783918200.0,1783918200,1783918200,1783918198,1783918199,1.0,2.0,2.0,0.0,False,False,113.0,67399.0,67431.0,67475.0,448,3,3,6,6.0,1.0,APPROACH_NO_CONTACT,0.0,0,,,False,False
RG2_JPN225_PERIOD_M5_1783900800_1784332500_15138704202311374725,JPN225,9836060729197514409,10598680974387289363,10401646206215879319,10,1783944234,1783954500,1783955400.0,1783954800,1783954800,1783944000,1783951200,4200.0,900.0,11166.0,600.0,True,False,106.0,67630.0,67673.0,67708.0,402,4,4,25,36.0,10.0,APPROACH_NO_CONTACT,0.0,0,,,False,False
RG2_JPN225_PERIOD_M5_1783900800_1784332500_15138704202311374725,JPN225,8971155200752961665,11162249270512974711,1560192420825609353,13,1783962000,1783971941,1783973400.0,1783972800,1783972800,1783962000,1783969200,4200.0,1459.0,11400.0,600.0,True,False,97.0,67630.0,67668.0,67708.0,386,3,3,24,34.0,13.0,APPROACH_NO_CONTACT,0.0,0,,,False,False
RG2_JPN225_PERIOD_M5_1783900800_1784332500_15138704202311374725,JPN225,18202997585156359533,5886374485998016951,6984169580270658171,36,1783962999,1783980376,1783990986.0,1783990920,1783990920,1783918198,1783983600,7386.0,10610.0,27987.0,66.0,True,False,101.0,66845.0,67073.0,67378.0,920,5,6,657,668.0,36.0,PENETRATED_NO_RESOLUTION,3.74284021,0,,,False,False
RG2_JPN225_PERIOD_M5_1783900800_1784332500_15138704202311374725,JPN225,10886649723131421549,7944749763063680578,143248063541339708,1,1783997143,1783997143,1783997198.0,1783997198,1783997198,1783997142,1783997198,0.0,55.0,55.0,0.0,False,False,86.0,66560.0,66564.0,66568.0,320,2,2,7,7.0,1.0,BROKEN_NO_ACCEPTANCE,0.09260331,0,,,False,False
RG2_JPN225_PERIOD_M5_1783900800_1784332500_15138704202311374725,JPN225,5592934508062904221,5576809648229134002,11816921981866518866,1,1783997321,1783997321,1783997436.0,1783997430,1783997430,1783997320,1783997430,6.0,115.0,115.0,6.0,True,False,88.0,66455.0,66459.0,66463.0,320,2,2,17,17.0,1.0,BROKEN_NO_ACCEPTANCE,0.40853382,0,,,False,False
RG2_JPN225_PERIOD_M5_1783900800_1784332500_15138704202311374725,JPN225,16467543491681286886,11300513898369515093,9914130487351729869,1,1783998699,1783998699,1783998734.0,1783998734,1783998734,1783998000,1783998733,1.0,35.0,35.0,0.0,False,False,98.0,67113.0,67118.0,67122.0,80,2,2,50,50.0,1.0,BROKEN_NO_ACCEPTANCE,0.09150991,0,,,False,False
RG2_JPN225_PERIOD_M5_1783900800_1784332500_15138704202311374725,JPN225,17020636251113273567,14134612046217856265,3025953524555779285,17,1784015855,1784030677,1784032200.0,1784031600,1784031600,1783976400,1784030400,1800.0,1523.0,16345.0,600.0,True,False,150.0,67606.0,67615.0,67623.0,144,2,2,842,845.0,17.0,APPROACH_NO_CONTACT,0.0,0,,,False,False
RG2_JPN225_PERIOD_M5_1783900800_1784332500_15138704202311374725,JPN225,17516515932807564260,14312597005113261755,17051479002292016446,14,1784017837,1784036259,1784039140.0,1784039078,1784039078,1783942500,1784039078,62.0,2881.0,21303.0,62.0,True,False,113.0,68029.0,68035.0,68041.0,320,2,2,1087,1087.0,14.0,PENETRATED_NO_RESOLUTION,1.27280192,2,MERGE,1849055752886134408,False,True
RG2_JPN225_PERIOD_M5_1783900800_1784332500_15138704202311374725,JPN225,8257686951858145652,55862883033346847,1009761591074384632,1,1784038846,1784038846,1784038875.0,1784038865,1784038865,1784038846,1784038864,11.0,29.0,29.0,10.0,True,False,114.0,67940.0,67945.0,67949.0,80,2,2,13,13.0,1.0,BROKEN_NO_ACCEPTANCE,0.15836706,0,,,False,False
RG2_JPN225_PERIOD_M5_1783900800_1784332500_15138704202311374725,JPN225,8207923327939772975,4645186784922784124,10606380239344041744,3,1784039141,1784039309,1784039585.0,1784039583,1784039583,1784039141,1784039581,4.0,276.0,444.0,2.0,True,False,112.0,68068.0,68074.0,68080.0,320,2,2,21,21.0,3.0,BROKEN_NO_ACCEPTANCE,0.15135328,3,MERGE,1849055752886134408,False,True
RG2_JPN225_PERIOD_M5_1783900800_1784332500_15138704202311374725,JPN225,2185094610887955187,8120980920464804440,206049425020404860,1,1784066557,1784066557,1784069100.0,1784068500,1784068500,1784066400,1784066400,2700.0,2543.0,2543.0,600.0,True,False,102.0,67940.0,67946.0,67952.0,16,1,2,1,7.0,1.0,APPROACH_NO_CONTACT,0.0,0,,,False,False
RG2_JPN225_PERIOD_M5_1783900800_1784332500_15138704202311374725,JPN225,3299690648812747115,14186831912975982331,1104812172665916137,2,1784078614,1784079030,1784079600.0,1784079127,1784079127,1784078605,1784078677,923.0,570.0,986.0,473.0,True,False,86.0,68330.0,68334.0,68339.0,68,2,2,4,6.0,2.0,PENETRATED_NO_RESOLUTION,0.08409593,0,,,False,False
RG2_JPN225_PERIOD_M5_1783900800_1784332500_15138704202311374725,JPN225,3101135654762285187,18240986929070690459,8149323078658915186,2,1784082339,1784083211,1784083254.0,1784083250,1784083250,1784080800,1784083243,11.0,43.0,915.0,4.0,True,False,70.0,68343.0,68347.0,68350.0,80,2,2,12,12.0,2.0,BROKEN_NO_ACCEPTANCE,0.09948835,0,,,False,False
RG2_JPN225_PERIOD_M5_1783900800_1784332500_15138704202311374725,JPN225,4817482333989871726,15400879707837707065,876272724470263978,2,1784083266,1784083285,1784083530.0,1784083530,1784083530,1784083264,1784083530,0.0,245.0,264.0,0.0,False,False,70.0,68386.0,68389.0,68391.0,320,2,2,6,6.0,2.0,BROKEN_NO_ACCEPTANCE,0.10037281,0,,,False,False
RG2_JPN225_PERIOD_M5_1783900800_1784332500_15138704202311374725,JPN225,15707110897071655530,12928099850088864417,4388333604838646596,1,1784085088,1784085088,1784085321.0,1784085300,1784085300,1784070000,1784085282,39.0,233.0,233.0,21.0,True,False,73.0,68554.0,68620.0,68620.0,80,2,2,180,180.0,1.0,BROKEN_NO_ACCEPTANCE,1.80663373,0,,,False,False
RG2_JPN225_PERIOD_M5_1783900800_1784332500_15138704202311374725,JPN225,17476774277189710093,14170444311500720502,12825725442421245741,6,1784084400,1784087727,1784088099.0,1784088000,1784088000,1784084400,1784085521,2578.0,372.0,3699.0,99.0,True,False,80.0,68312.0,68312.0,68312.0,20,2,2,161,169.0,6.0,BROKEN_NO_ACCEPTANCE,0.60138175,0,,,False,False
RG2_JPN225_PERIOD_M5_1783900800_1784332500_15138704202311374725,JPN225,17404589933129223862,4801812020645069747,3959988311863674297,6,1784084415,1784087738,1784088099.0,1784088000,1784088000,1784084400,1784085521,2578.0,361.0,3684.0,99.0,True,False,80.0,68382.0,68384.0,68386.0,272,2,2,161,169.0,6.0,BROKEN_NO_ACCEPTANCE,0.06260957,0,,,False,False
RG2_JPN225_PERIOD_M5_1783900800_1784332500_15138704202311374725,JPN225,14272749850810168225,16489715622873322049,2694011663927198745,3,1784095200,1784098119,1784099400.0,1784098800,1784098800,1784095200,1784095200,4200.0,1281.0,4200.0,600.0,True,False,100.0,68417.0,68468.0,68487.0,146,3,3,1,12.0,3.0,APPROACH_NO_CONTACT,0.0,0,,,False,False
RG2_JPN225_PERIOD_M5_1783900800_1784332500_15138704202311374725,JPN225,18171838006473831868,13351613888880951010,9877133121348753660,2,1784099306,1784101416,1784102439.0,1784102400,1784102400,1784098800,1784098800,3639.0,1023.0,3133.0,39.0,True,False,103.0,68525.0,68527.0,68529.0,144,2,2,1,12.0,2.0,APPROACH_NO_CONTACT,0.0,0,,,False,False
RG2_JPN225_PERIOD_M5_1783900800_1784332500_15138704202311374725,JPN225,8880968803453160332,4547588130224584241,14607561776332980312,8,1784111222,1784116839,1784121000.0,1784120400,1784120400,1784106000,1784116800,4200.0,4161.0,9778.0,600.0,True,False,107.0,68407.0,68454.0,68480.0,130,2,2,45,56.0,8.0,BROKEN_NO_ACCEPTANCE,1.55423784,0,,,False,False
RG2_JPN225_PERIOD_M5_1783900800_1784332500_15138704202311374725,JPN225,16246043829532371718,5066603668276943716,17196682655327406676,2,1784137364,1784137398,1784138700.0,1784138525,1784138525,1784137359,1784138524,176.0,1302.0,1336.0,175.0,True,False,86.0,67465.0,67470.0,67475.0,192,2,2,19,19.0,2.0,BROKEN_NO_ACCEPTANCE,0.11295474,0,,,False,False
RG2_JPN225_PERIOD_M5_1783900800_1784332500_15138704202311374725,JPN225,2550865433877548656,11262776260815410895,6723855891201059378,16,1784136280,1784148399,1784149800.0,1784149200,1784149200,1784134800,1784145600,4200.0,1401.0,13520.0,600.0,True,False,94.0,67570.0,67612.0,67646.0,146,3,3,518,529.0,16.0,APPROACH_NO_CONTACT,0.0,0,,,False,False
RG2_JPN225_PERIOD_M5_1783900800_1784332500_15138704202311374725,JPN225,7582727364415032158,2532304867002810637,5359540041605377200,7,1784153008,1784155200,1784157000.0,1784156400,1784156400,1784152800,1784152800,4200.0,1800.0,3992.0,600.0,True,False,96.0,67570.0,67612.0,67646.0,146,3,3,1,12.0,7.0,APPROACH_NO_CONTACT,0.0,0,,,False,False
RG2_JPN225_PERIOD_M5_1783900800_1784332500_15138704202311374725,JPN225,16192171152345668445,3374674295471124068,8718853720832973549,1,1784167200,1784167200,1784169282.0,1784169273,1784169273,1784167200,1784169270,12.0,2082.0,2082.0,9.0,True,False,84.0,67833.0,67835.0,67838.0,192,2,2,15,15.0,1.0,BROKEN_NO_ACCEPTANCE,0.23820867,0,,,False,False
RG2_JPN225_PERIOD_M5_1783900800_1784332500_15138704202311374725,JPN225,2410256834113959059,8713447439742233464,10224180632116539653,1,1784173218,1784173218,1784173229.0,1784173228,1784173228,1784173215,1784173228,1.0,11.0,11.0,1.0,True,False,93.0,66794.0,66799.0,66804.0,192,2,2,22,22.0,1.0,BROKEN_NO_ACCEPTANCE,0.15055382,0,,,False,False
RG2_JPN225_PERIOD_M5_1783900800_1784332500_15138704202311374725,JPN225,15850395707024341196,9481572625688052665,3583154956233866710,1,1784173304,1784173304,1784173361.0,1784173354,1784173354,1784173297,1784173302,59.0,57.0,57.0,7.0,True,False,93.0,66749.0,66753.0,66757.0,192,2,2,14,14.0,1.0,PENETRATED_NO_RESOLUTION,0.08961537,0,,,False,False
RG2_JPN225_PERIOD_M5_1783900800_1784332500_15138704202311374725,JPN225,8158666989041076259,1843916622123665192,9995734472287161626,1,1784173531,1784173531,1784175217.0,1784175217,1784175217,1784163930,1784175217,0.0,1686.0,1686.0,0.0,False,False,98.0,65167.0,65854.0,66550.0,960,4,13,767,767.0,1.0,APPROACH_NO_CONTACT,0.0,0,,,False,False
RG2_JPN225_PERIOD_M5_1783900800_1784332500_15138704202311374725,JPN225,9384081642861091746,3363144223753572620,6567577464478365469,2,1784173543,1784174497,1784175217.0,1784175217,1784175217,1784173542,1784175217,0.0,720.0,1674.0,0.0,False,False,98.0,66562.0,66565.0,66568.0,320,2,2,19,19.0,2.0,BROKEN_NO_ACCEPTANCE,0.06095703,0,,,False,False
RG2_JPN225_PERIOD_M5_1783900800_1784332500_15138704202311374725,JPN225,13636393494358119993,11498274146757898073,5736789752821771411,2,1784175222,1784176472,1784178398.0,1784178000,1784178000,1784175218,1784176457,1941.0,1926.0,3176.0,398.0,True,False,102.0,65167.0,65903.0,66550.0,960,4,14,17,22.0,2.0,APPROACH_NO_CONTACT,0.0,0,,,False,False
RG2_JPN225_PERIOD_M5_1783900800_1784332500_15138704202311374725,JPN225,5268426637296985398,5769250942130554744,7091427377054110488,4,1784178000,1784179804,1784182200.0,1784181600,1784181600,1784178000,1784178600,3600.0,2396.0,4200.0,600.0,True,False,113.0,66757.0,66764.0,66770.0,144,2,2,9,18.0,4.0,APPROACH_NO_CONTACT,0.0,0,,,False,False
RG2_JPN225_PERIOD_M5_1783900800_1784332500_15138704202311374725,JPN225,5805413324561806960,12147641993613506230,7603260786577436050,9,1784190965,1784198557,1784200565.0,1784200500,1784200500,1784178000,1784199821,744.0,2008.0,9600.0,65.0,True,False,154.0,65167.0,65967.0,66568.0,976,5,16,196,198.0,9.0,PENETRATED_NO_RESOLUTION,2.17122798,0,,,False,False
RG2_JPN225_PERIOD_M5_1783900800_1784332500_15138704202311374725,JPN225,9914256528012801764,6011950529230881295,5835483547924332227,4,1784200943,1784202904,1784206200.0,1784205600,1784205600,1784200500,1784203200,3000.0,3296.0,5257.0,600.0,True,False,144.0,66552.0,66560.0,66568.0,272,2,2,14,21.0,4.0,APPROACH_NO_CONTACT,0.0,0,,,False,False
RG2_JPN225_PERIOD_M5_1783900800_1784332500_15138704202311374725,JPN225,9014750196158336826,13701638897275395068,2889538949648146436,6,1784206800,1784209954,1784211000.0,1784210400,1784210400,1784206800,1784206800,4200.0,1046.0,4200.0,600.0,True,False,117.0,66557.0,66563.0,66568.0,272,2,2,1,12.0,6.0,BROKEN_NO_ACCEPTANCE,0.24750363,0,,,False,False
RG2_JPN225_PERIOD_M5_1783900800_1784332500_15138704202311374725,JPN225,16388259776230025715,16828257978833620696,2914328728177083948,1,1784257901,1784257901,1784257924.0,1784257923,1784257923,1784257900,1784257923,1.0,23.0,23.0,1.0,True,False,101.0,64886.0,64892.0,64897.0,320,2,2,16,16.0,1.0,BROKEN_NO_ACCEPTANCE,0.15838448,0,,,False,False
RG2_JPN225_PERIOD_M5_1783900800_1784332500_15138704202311374725,JPN225,6803178614757007959,10302110140794168996,3904885401955991031,1,1784271752,1784271752,1784271806.0,1784271805,1784271805,1784271749,1784271804,2.0,54.0,54.0,1.0,True,False,136.0,63636.0,63644.0,63651.0,192,2,2,22,22.0,1.0,BROKEN_NO_ACCEPTANCE,0.17676954,0,,,False,False
RG2_JPN225_PERIOD_M5_1783900800_1784332500_15138704202311374725,JPN225,16828648734082047911,13528007233927311460,15315322060100915207,2,1784271880,1784272047,1784272236.0,1784272235,1784272235,1784271879,1784272234,2.0,189.0,356.0,1.0,True,False,137.0,63578.0,63585.0,63591.0,320,2,2,20,20.0,2.0,BROKEN_NO_ACCEPTANCE,0.14644505,0,,,False,False
RG2_JPN225_PERIOD_M5_1783900800_1784332500_15138704202311374725,JPN225,10985583155698352503,9350921146520104164,15196781489617459922,1,1784273911,1784273911,1784273921.0,1784273920,1784273920,1784273910,1784273920,1.0,10.0,10.0,1.0,True,False,142.0,62883.0,62891.0,62899.0,192,2,2,13,13.0,1.0,BROKEN_NO_ACCEPTANCE,0.17606874,0,,,False,False
RG2_US30_PERIOD_M5_1765756800_1766184900_14597027152545731016,US30,4323670622113914186,17942429960475056737,13352021902449039374,4,1765799826,1765800603,1765800691.0,1765800688,1765800688,1765799808,1765800683,8.0,88.0,865.0,3.0,True,False,13.41,48668.65,48669.24,48669.83,320,2,2,22,22.0,4.0,BROKEN_NO_ACCEPTANCE,0.09921671,0,,,False,False
RG2_US30_PERIOD_M5_1765756800_1766184900_14597027152545731016,US30,79696168288323849,3206453601157495795,1475658200313258297,13,1765799704,1765809747,1765811400.0,1765810800,1765810800,1765799704,1765807200,4200.0,1653.0,11696.0,600.0,True,False,13.71,48497.7,48581.58,48661.6,914,5,7,129,140.0,13.0,APPROACH_NO_CONTACT,0.0,0,,,False,False
RG2_US30_PERIOD_M5_1765756800_1766184900_14597027152545731016,US30,461883757869287443,5976505180229548120,4561760191670099754,1,1765819035,1765819035,1765819179.0,1765819122,1765819122,1765819035,1765819121,58.0,144.0,144.0,57.0,True,False,20.25,48389.12,48390.26,48391.4,320,2,2,17,17.0,1.0,BROKEN_NO_ACCEPTANCE,0.20647073,0,,,False,False
RG2_US30_PERIOD_M5_1765756800_1766184900_14597027152545731016,US30,7854663307843392420,5914650829022340193,6087201410530263829,1,1765819501,1765819501,1765819564.0,1765819563,1765819563,1765819480,1765819563,1.0,63.0,63.0,1.0,True,False,21.29,48322.62,48323.81,48348.0,64,1,2,82,82.0,1.0,BROKEN_NO_ACCEPTANCE,1.19210897,0,,,False,False
RG2_US30_PERIOD_M5_1765756800_1766184900_14597027152545731016,US30,17729750550057982177,1064485838647909896,13107362946367527945,11,1765810800,1765818462,1765822200.0,1765821600,1765821600,1765810800,1765819575,2625.0,3738.0,11400.0,600.0,True,False,19.14,48522.85,48592.86,48661.6,920,5,6,459,465.0,11.0,APPROACH_NO_CONTACT,0.0,0,,,False,False
RG2_US30_PERIOD_M5_1765756800_1766184900_14597027152545731016,US30,2454767989060863269,3369817909476048330,1873252126887025887,1,1765828262,1765828262,1765828288.0,1765828288,1765828288,1765828237,1765828288,0.0,26.0,26.0,0.0,False,False,33.78,48288.85,48290.85,48292.85,320,2,2,30,30.0,1.0,BROKEN_NO_ACCEPTANCE,0.11840275,0,,,False,False
RG2_US30_PERIOD_M5_1765756800_1766184900_14597027152545731016,US30,5048755253516775985,4797670865861030560,16158729990821219630,1,1765835913,1765835913,1765836600.0,1765836000,1765836000,1765832400,1765832400,4200.0,687.0,687.0,600.0,True,False,40.68,48445.75,48459.28,48471.3,146,3,3,1,12.0,1.0,PENETRATED_NO_RESOLUTION,0.11677648,0,,,False,False
RG2_US30_PERIOD_M5_1765756800_1766184900_14597027152545731016,US30,17066049576789675487,7589685205650270238,16195975092368468125,2,1765836134,1765838179,1765840200.0,1765839600,1765839600,1765836000,1765836000,4200.0,2021.0,4066.0,600.0,True,False,42.14,48366.97,48377.65,48394.65,130,2,3,1,12.0,2.0,APPROACH_NO_CONTACT,0.0,0,,,False,False
RG2_US30_PERIOD_M5_1765756800_1766184900_14597027152545731016,US30,828423228181078537,16947344231526215624,11535849500619389943,1,1765847018,1765847018,1765847700.0,1765847141,1765847141,1765846800,1765847134,566.0,682.0,682.0,559.0,True,False,43.72,48455.3,48457.84,48460.38,192,2,2,34,34.0,1.0,BROKEN_NO_ACCEPTANCE,0.21053352,0,,,False,False
RG2_US30_PERIOD_M5_1765756800_1766184900_14597027152545731016,US30,6724560689214340542,7427121419104013771,5669078541024718000,1,1765848848,1765848848,1765848916.0,1765848914,1765848914,1765848844,1765848913,3.0,68.0,68.0,2.0,True,False,43.84,48404.21,48406.6,48409.0,80,2,2,15,15.0,1.0,BROKEN_NO_ACCEPTANCE,0.22011359,0,,,False,False
RG2_US30_PERIOD_M5_1765756800_1766184900_14597027152545731016,US30,16960111029976678686,5956404831213872267,2715922446123101690,1,1765850978,1765850978,1765851026.0,1765851025,1765851025,1765850973,1765851025,1.0,48.0,48.0,1.0,True,False,41.36,48386.57,48388.99,48391.4,320,2,2,34,34.0,1.0,BROKEN_NO_ACCEPTANCE,0.17965085,0,,,False,False
RG2_US30_PERIOD_M5_1765756800_1766184900_14597027152545731016,US30,8628777820800697819,16253170152164831120,8607045055330258571,1,1765856192,1765856192,1765857300.0,1765856700,1765856700,1765846800,1765856416,884.0,1108.0,1108.0,600.0,True,False,34.03,48272.5,48282.67,48307.0,320,2,2,562,562.0,1.0,BROKEN_NO_ACCEPTANCE,1.40436261,0,,,False,False
RG2_US30_PERIOD_M5_1765756800_1766184900_14597027152545731016,US30,16848476066090870756,13678001726229961994,16438542577842139285,4,1765850413,1765854807,1765858200.0,1765857600,1765857600,1765850400,1765856700,1500.0,3393.0,7787.0,600.0,True,False,35.58,48420.2,48440.99,48449.0,18,2,2,459,461.0,4.0,APPROACH_NO_CONTACT,0.0,0,,,False,False
RG2_US30_PERIOD_M5_1765756800_1766184900_14597027152545731016,US30,5211189759217038800,5905122296411318629,14673685888717154794,1,1765878256,1765878256,1765878600.0,1765878280,1765878280,1765875600,1765878280,320.0,344.0,344.0,320.0,True,False,19.06,48248.19,48249.1,48250.0,80,2,2,11,11.0,1.0,BROKEN_NO_ACCEPTANCE,0.09496327,0,,,False,False
RG2_US30_PERIOD_M5_1765756800_1766184900_14597027152545731016,US30,7005181938736469483,13696793833134666240,3838747903537293535,1,1765905404,1765905404,1765905461.0,1765905461,1765905461,1765905400,1765905461,0.0,57.0,57.0,0.0,False,False,28.68,48225.27,48226.99,48228.7,192,2,2,40,40.0,1.0,BROKEN_NO_ACCEPTANCE,0.2695446,0,,,False,False
RG2_US30_PERIOD_M5_1765756800_1766184900_14597027152545731016,US30,9767986632530402297,18316770878962672940,933064800607718658,3,1765905941,1765913977,1765915275.0,1765915200,1765915200,1765902600,1765915123,152.0,1298.0,9334.0,75.0,True,False,43.13,47934.3,48009.68,48101.13,898,4,4,1039,1039.0,3.0,PENETRATED_NO_RESOLUTION,2.66641659,0,,,False,False
RG2_US30_PERIOD_M5_1765756800_1766184900_14597027152545731016,US30,16025557832789936876,5277315090275968797,5619827028175394137,6,1765915417,1765920318,1765926600.0,1765926000,1765926000,1765915200,1765922400,4200.0,6282.0,11183.0,600.0,True,False,48.65,47918.6,47929.06,47947.71,194,3,3,166,177.0,6.0,APPROACH_NO_CONTACT,0.0,0,,,False,False
RG2_US30_PERIOD_M5_1765756800_1766184900_14597027152545731016,US30,1632673206136906081,14728520445242992157,15345239852626571557,12,1765915420,1765926580,1765933266.0,1765933260,1765933260,1765915200,1765926000,7266.0,6686.0,17846.0,6.0,True,False,53.48,47947.71,48013.22,48101.13,898,4,4,178,189.0,12.0,PENETRATED_NO_RESOLUTION,0.73246138,0,,,False,False
RG2_US30_PERIOD_M5_1765756800_1766184900_14597027152545731016,US30,13394950980013831591,8729542043913828834,13329853874066543039,1,1765941936,1765941936,1765944600.0,1765944000,1765944000,1765938900,1765940400,4200.0,2664.0,2664.0,600.0,True,False,39.86,48117.0,48117.2,48117.4,80,2,2,6,17.0,1.0,APPROACH_NO_CONTACT,0.0,0,,,False,False
RG2_US30_PERIOD_M5_1765756800_1766184900_14597027152545731016,US30,1845710782973651091,14524062048123288998,12372158285439253861,1,1765962818,1765962818,1765962845.0,1765962843,1765962843,1765962813,1765962842,3.0,27.0,27.0,2.0,True,False,18.23,48151.35,48152.27,48153.2,320,2,2,5,5.0,1.0,BROKEN_NO_ACCEPTANCE,0.10150892,0,,,False,False
RG2_US30_PERIOD_M5_1765756800_1766184900_14597027152545731016,US30,6690016745415726350,4695920928794792365,1599301834462941936,1,1765989120,1765989120,1765989121.0,1765989121,1765989121,1765989119,1765989120,1.0,1.0,1.0,0.0,False,False,18.96,48295.75,48296.81,48297.86,320,2,2,11,11.0,1.0,BROKEN_NO_ACCEPTANCE,0.11131628,0,,,False,False
RG2_US30_PERIOD_M5_1765756800_1766184900_14597027152545731016,US30,15237984267092713310,1231708491152514648,14672697765778283132,15,1765995284,1766001447,1766003425.0,1766003425,1766003425,1765995276,1766003424,1.0,1978.0,8141.0,0.0,False,False,43.33,47928.48,47930.99,47974.9,64,1,2,267,267.0,15.0,BROKEN_NO_ACCEPTANCE,1.07141209,0,,,False,False
RG2_US30_PERIOD_M5_1765756800_1766184900_14597027152545731016,US30,13253075871242843799,18076375396105181224,8727082019678891983,7,1766003440,1766004870,1766009400.0,1766008800,1766008800,1766003436,1766005200,4200.0,4530.0,5960.0,600.0,True,False,44.53,47876.72,47887.24,47897.85,66,2,2,125,136.0,7.0,APPROACH_NO_CONTACT,0.0,0,,,False,False
RG2_US30_PERIOD_M5_1765756800_1766184900_14597027152545731016,US30,7569307981976501933,8707086407829506209,2620331463168071421,5,1766008800,1766011827,1766013000.0,1766012400,1766012400,1766008800,1766012296,704.0,1173.0,4200.0,600.0,True,False,48.83,47940.1,47952.83,47961.22,18,2,2,87,87.0,5.0,APPROACH_NO_CONTACT,0.0,0,,,False,False
RG2_US30_PERIOD_M5_1765756800_1766184900_14597027152545731016,US30,295920417125593885,4537868480367420972,2198302048938580797,3,1766019600,1766021520,1766022757.0,1766022756,1766022756,1766019600,1766022755,2.0,1237.0,3157.0,1.0,True,False,48.68,47893.42,47896.21,47899.0,80,2,2,95,95.0,3.0,BROKEN_NO_ACCEPTANCE,0.11462848,0,,,False,False
RG2_US30_PERIOD_M5_1765756800_1766184900_14597027152545731016,US30,17614143799716470424,1057679305659235595,18334474210482980847,1,1766024199,1766024199,1766027400.0,1766026800,1766026800,1766023200,1766023575,3825.0,3201.0,3201.0,600.0,True,False,45.77,47944.0,47944.2,47944.4,80,2,2,67,77.0,1.0,APPROACH_NO_CONTACT,0.0,0,,,False,False
RG2_US30_PERIOD_M5_1765756800_1766184900_14597027152545731016,US30,2426829659915852753,12744135912174367920,6610381527191923665,12,1766022760,1766033659,1766034396.0,1766034394,1766034394,1766022758,1766034388,8.0,737.0,11636.0,2.0,True,False,28.42,47860.03,47861.71,47885.2,64,1,2,143,143.0,12.0,BROKEN_NO_ACCEPTANCE,0.88579975,0,,,False,False
RG2_US30_PERIOD_M5_1765756800_1766184900_14597027152545731016,US30,14187793451330290575,9503311913317358988,8782133993170574112,1,1766034869,1766034869,1766034927.0,1766034925,1766034925,1766034865,1766034925,2.0,58.0,58.0,2.0,True,False,27.98,47830.16,47831.53,47832.9,192,2,2,21,21.0,1.0,BROKEN_NO_ACCEPTANCE,0.26340243,0,,,False,False
RG2_US30_PERIOD_M5_1765756800_1766184900_14597027152545731016,US30,12196041551147516934,6597225012806362738,13440730547510493571,2,1766072705,1766074527,1766075429.0,1766075429,1766075429,1766072704,1766075429,0.0,902.0,2724.0,0.0,False,False,20.22,48175.0,48176.07,48177.13,192,2,2,31,31.0,2.0,BROKEN_NO_ACCEPTANCE,0.34034133,0,,,False,False
RG2_US30_PERIOD_M5_1765756800_1766184900_14597027152545731016,US30,9905114471005341303,6825964495677033196,10706268652554567007,10,1766071840,1766076141,1766077800.0,1766077200,1766077200,1766062800,1766075502,2298.0,1659.0,5960.0,600.0,True,False,22.81,48142.0,48143.13,48144.26,20,2,2,669,674.0,10.0,BROKEN_NO_ACCEPTANCE,3.20679359,0,,,False,False
RG2_US30_PERIOD_M5_1765756800_1766184900_14597027152545731016,US30,7511628960720590754,3277965005248653324,5864427789831495276,2,1766109600,1766109900,1766112900.0,1766112300,1766112300,1766109600,1766109614,3286.0,3000.0,3300.0,600.0,True,False,50.71,47916.0,47918.75,47921.5,80,2,2,12,20.0,2.0,APPROACH_NO_CONTACT,0.0,11,MERGE,1268366999818861816,False,True
RG2_US30_PERIOD_M5_1765756800_1766184900_14597027152545731016,US30,2083796173168145346,15306472383218789783,8523201804686925922,1,1766130510,1766130510,1766130564.0,1766130558,1766130558,1766130504,1766130557,7.0,54.0,54.0,6.0,True,False,18.17,47853.0,47853.7,47854.4,320,2,2,7,7.0,1.0,BROKEN_NO_ACCEPTANCE,0.11942763,0,,,False,False
RG2_US30_PERIOD_M5_1765756800_1766184900_14597027152545731016,US30,13525615974822155565,2913423570612055863,6661022278535391389,2,1766132160,1766132392,1766132917.0,1766132835,1766132835,1766132155,1766132834,83.0,525.0,757.0,82.0,True,False,15.32,47835.13,47836.01,47836.9,320,2,2,11,11.0,2.0,BROKEN_NO_ACCEPTANCE,0.15469974,0,,,False,False
RG2_US30_PERIOD_M5_1765756800_1766184900_14597027152545731016,US30,2286581081399014074,14254721458108203389,1581801029397265635,5,1766131295,1766133087,1766133925.0,1766133900,1766133900,1766081100,1766133878,47.0,838.0,2630.0,25.0,True,False,15.17,47804.4,47818.65,47832.9,192,2,2,504,504.0,5.0,BROKEN_NO_ACCEPTANCE,2.19187209,0,,,False,False
RG2_US30_PERIOD_M5_1765756800_1766184900_14597027152545731016,US30,16757159510491381228,12093596610754766215,10699205633469065241,1,1766139481,1766139481,1766139508.0,1766139508,1766139508,1766139457,1766139507,1.0,27.0,27.0,0.0,False,False,16.3,47961.0,47961.85,47962.71,80,2,2,9,9.0,1.0,BROKEN_NO_ACCEPTANCE,0.10494017,0,,,False,False
RG2_US30_PERIOD_M5_1765756800_1766184900_14597027152545731016,US30,1250056466647944608,15148783729749674239,8068402306191858199,2,1766161847,1766161864,1766161881.0,1766161881,1766161881,1766161842,1766161881,0.0,17.0,34.0,0.0,False,False,21.38,48149.0,48150.28,48151.56,80,2,2,24,24.0,2.0,BROKEN_NO_ACCEPTANCE,0.28105125,0,,,False,False
RG2_US30_PERIOD_M5_1765756800_1766184900_14597027152545731016,US30,5700962147449442733,9249896820653344231,3017269073804667346,2,1766163897,1766163919,1766164538.0,1766164538,1766164538,1766163879,1766164538,0.0,619.0,641.0,0.0,False,False,27.59,48259.27,48260.76,48262.25,192,2,2,26,26.0,2.0,BROKEN_NO_ACCEPTANCE,0.10813488,0,,,False,False
RG2_US30_PERIOD_M5_1765756800_1766184900_14597027152545731016,US30,8604158647583719961,1310069118902995384,15847703997689386155,1,1766164542,1766164542,1766164581.0,1766164581,1766164581,1766164541,1766164580,1.0,39.0,39.0,0.0,False,False,27.59,48272.53,48274.13,48275.72,192,2,2,23,23.0,1.0,BROKEN_NO_ACCEPTANCE,0.21820291,0,,,False,False
RG2_US30_PERIOD_M5_1776038400_1776466500_16278752941905126714,US30,751875366446379571,8509886235151563110,5156399673619341527,1,1776042092,1776042092,1776042099.0,1776042099,1776042099,1776042091,1776042098,1.0,7.0,7.0,0.0,False,False,35.52,47480.85,47482.92,47484.98,320,2,2,7,7.0,1.0,BROKEN_NO_ACCEPTANCE,0.19679608,0,,,False,False
RG2_US30_PERIOD_M5_1776038400_1776466500_16278752941905126714,US30,16252036962093761268,13910748894977271791,6193937411832872560,2,1776053014,1776053101,1776053427.0,1776053426,1776053426,1776053012,1776053425,2.0,326.0,413.0,1.0,True,False,33.3,47529.63,47531.31,47532.99,192,2,2,9,9.0,2.0,BROKEN_NO_ACCEPTANCE,0.11983062,0,,,False,False
RG2_US30_PERIOD_M5_1776038400_1776466500_16278752941905126714,US30,8939152603786555286,9237415583763716517,3072387612898081030,1,1776065198,1776065198,1776066000.0,1776065944,1776065944,1776063600,1776063600,2400.0,802.0,802.0,56.0,True,False,25.42,47553.0,47553.0,47553.0,80,2,2,1,9.0,1.0,CONTACT_NO_PENETRATION,0.0,0,,,False,False
RG2_US30_PERIOD_M5_1776038400_1776466500_16278752941905126714,US30,13887137385251927578,7348483075548522054,9137256365865837296,2,1776067292,1776068722,1776069980.0,1776069936,1776069936,1776067200,1776069934,46.0,1258.0,2688.0,44.0,True,False,24.34,47595.0,47596.16,47597.32,80,2,2,20,20.0,2.0,BROKEN_NO_ACCEPTANCE,0.09531244,0,,,False,False
RG2_US30_PERIOD_M5_1776038400_1776466500_16278752941905126714,US30,7839634615170661429,3171003972915707404,12550288893227434981,1,1776070800,1776070800,1776070848.0,1776070846,1776070846,1776070800,1776070844,4.0,48.0,48.0,2.0,True,False,24.11,47618.0,47619.4,47620.81,80,2,2,8,8.0,1.0,BROKEN_NO_ACCEPTANCE,0.11652982,0,,,False,False
RG2_US30_PERIOD_M5_1776038400_1776466500_16278752941905126714,US30,11605857150823592361,13940362011497661384,15963382993240212482,1,1776074437,1776074437,1776075491.0,1776075274,1776075274,1776074400,1776075272,219.0,1054.0,1054.0,217.0,True,False,16.5,47665.0,47665.61,47666.22,80,2,2,10,10.0,1.0,BROKEN_NO_ACCEPTANCE,0.07384094,0,,,False,False
RG2_US30_PERIOD_M5_1776038400_1776466500_16278752941905126714,US30,1312618821909616874,16571508574572527969,3703880018159195999,1,1776078161,1776078161,1776078182.0,1776078180,1776078180,1776078000,1776078179,3.0,21.0,21.0,2.0,True,False,17.01,47685.0,47686.0,47687.0,80,2,2,5,5.0,1.0,BROKEN_NO_ACCEPTANCE,0.11759864,0,,,False,False
RG2_US30_PERIOD_M5_1776038400_1776466500_16278752941905126714,US30,2210329819229487469,6398047743311249300,14219611871314944534,1,1776079477,1776079477,1776079526.0,1776079524,1776079524,1776079474,1776079523,3.0,49.0,49.0,2.0,True,False,16.75,47705.1,47706.06,47707.02,192,2,2,11,11.0,1.0,BROKEN_NO_ACCEPTANCE,0.18033081,0,,,False,False
RG2_US30_PERIOD_M5_1776038400_1776466500_16278752941905126714,US30,15931563714316019087,12571133212234091211,5575752705160765798,14,1776072083,1776086197,1776088812.0,1776088800,1776088800,1776067200,1776085200,3612.0,2615.0,16729.0,12.0,True,False,17.59,47401.27,47521.21,47646.85,912,4,9,246,256.0,14.0,APPROACH_NO_CONTACT,0.0,0,,,False,False
RG2_US30_PERIOD_M5_1776038400_1776466500_16278752941905126714,US30,10813506337952947427,8326712380752210326,7239423429646727137,1,1776081638,1776081638,1776088813.0,1776088812,1776088812,1776081600,1776088812,1.0,7175.0,7175.0,1.0,True,False,17.59,47714.0,47714.99,47715.97,80,2,2,25,25.0,1.0,BROKEN_NO_ACCEPTANCE,0.11200819,0,,,False,False
RG2_US30_PERIOD_M5_1776038400_1776466500_16278752941905126714,US30,7333203263074162473,115364759314275656,6764007883592428693,1,1776109844,1776109844,1776109863.0,1776109862,1776109862,1776109837,1776109862,1.0,19.0,19.0,1.0,True,False,44.55,47951.8,47954.07,47956.35,320,2,2,10,10.0,1.0,BROKEN_NO_ACCEPTANCE,0.10213244,0,,,False,False
RG2_US30_PERIOD_M5_1776038400_1776466500_16278752941905126714,US30,5579350119821136940,10340715998336850650,10990208280924263276,3,1776109866,1776111591,1776114777.0,1776114775,1776114775,1776109864,1776114774,3.0,3186.0,4911.0,2.0,True,False,45.17,47967.0,47969.68,47972.37,80,2,2,36,36.0,3.0,BROKEN_NO_ACCEPTANCE,0.11887895,0,,,False,False
RG2_US30_PERIOD_M5_1776038400_1776466500_16278752941905126714,US30,12927590024059045806,18310586615020669709,13808657972995361884,1,1776115300,1776115300,1776116914.0,1776116907,1776116907,1776115297,1776116906,8.0,1614.0,1614.0,7.0,True,False,45.37,48004.3,48006.95,48009.6,192,2,2,27,27.0,1.0,BROKEN_NO_ACCEPTANCE,0.18954839,0,,,False,False
RG2_US30_PERIOD_M5_1776038400_1776466500_16278752941905126714,US30,14371146422590512137,15545530702700285576,16409941044463370772,1,1776118947,1776118947,1776119479.0,1776119478,1776119478,1776118942,1776119477,2.0,532.0,532.0,1.0,True,False,44.68,48054.77,48056.9,48059.04,192,2,2,18,18.0,1.0,BROKEN_NO_ACCEPTANCE,0.15780285,0,,,False,False
RG2_US30_PERIOD_M5_1776038400_1776466500_16278752941905126714,US30,7371059683048107489,16260669488750664336,922631599191051547,1,1776119558,1776119558,1776119778.0,1776119738,1776119738,1776119553,1776119737,41.0,220.0,220.0,40.0,True,False,44.9,48087.05,48089.57,48092.09,320,2,2,13,13.0,1.0,BROKEN_NO_ACCEPTANCE,0.11337313,0,,,False,False
RG2_US30_PERIOD_M5_1776038400_1776466500_16278752941905126714,US30,16210231702830140529,9156310519345066336,18047479381615387931,1,1776120822,1776120822,1776120869.0,1776120868,1776120868,1776120819,1776120868,1.0,47.0,47.0,1.0,True,False,44.14,48169.8,48172.18,48174.57,192,2,2,12,12.0,1.0,BROKEN_NO_ACCEPTANCE,0.12620083,0,,,False,False
RG2_US30_PERIOD_M5_1776038400_1776466500_16278752941905126714,US30,16332138069853146430,18080678679739410781,16746517842900773478,1,1776120934,1776120934,1776121002.0,1776121001,1776121001,1776042000,1776121001,1.0,68.0,68.0,1.0,True,False,44.23,48213.6,48263.67,48279.0,320,2,2,1257,1257.0,1.0,APPROACH_NO_CONTACT,0.0,0,,,False,False
RG2_US30_PERIOD_M5_1776038400_1776466500_16278752941905126714,US30,9365213512950589643,6036183132662273454,12843300428819494706,1,1776120939,1776120939,1776120999.0,1776120998,1776120998,1776120935,1776120998,1.0,60.0,60.0,1.0,True,False,44.23,48199.0,48201.49,48203.99,80,2,2,18,18.0,1.0,BROKEN_NO_ACCEPTANCE,0.13544069,0,,,False,False
RG2_US30_PERIOD_M5_1776038400_1776466500_16278752941905126714,US30,11357497673740341615,2273898714012141818,13176980150653691546,1,1776119799,1776119799,1776121597.0,1776121200,1776121200,1776042000,1776121181,416.0,1798.0,1798.0,397.0,True,False,43.49,48136.47,48144.15,48156.98,26,3,3,1273,1273.0,1.0,BROKEN_NO_ACCEPTANCE,1.86620992,0,,,False,False
RG2_US30_PERIOD_M5_1776038400_1776466500_16278752941905126714,US30,8403622546257232802,1190759467819952283,16313659245198581553,25,1776121003,1776160173,1776161068.0,1776160800,1776160800,1776121001,1776158202,2866.0,895.0,40065.0,268.0,True,False,9.67,48213.6,48245.72,48279.0,336,3,6,223,231.0,25.0,PENETRATED_NO_RESOLUTION,0.25109856,0,,,False,False
RG2_US30_PERIOD_M5_1776038400_1776466500_16278752941905126714,US30,4383145598071667838,12113305685677065437,4559069935046257051,1,1776160817,1776160817,1776161376.0,1776161375,1776161375,1776160800,1776161375,1.0,559.0,559.0,1.0,True,False,9.99,48213.6,48248.35,48280.1,336,3,6,62,62.0,1.0,BROKEN_NO_ACCEPTANCE,6.65798959,0,,,False,False
RG2_US30_PERIOD_M5_1776038400_1776466500_16278752941905126714,US30,7502472178122751282,168494039666118994,12023393296708983365,4,1776161375,1776163173,1776163216.0,1776163200,1776163200,1776161375,1776162734,482.0,43.0,1841.0,16.0,True,False,11.22,48213.6,48242.0,48279.0,336,3,5,14,16.0,4.0,APPROACH_NO_CONTACT,0.0,0,,,False,False
RG2_US30_PERIOD_M5_1776038400_1776466500_16278752941905126714,US30,6685989367026411412,5411855951941083967,16123986423012959225,1,1776166225,1776166225,1776166500.0,1776166234,1776166234,1776042000,1776166233,267.0,275.0,275.0,266.0,True,False,12.0,48307.15,48381.43,48444.5,960,4,6,1606,1606.0,1.0,APPROACH_NO_CONTACT,0.0,0,,,False,False
RG2_US30_PERIOD_M5_1776038400_1776466500_16278752941905126714,US30,16899890594608370043,15131243305379959079,4979634989353110450,3,1776184650,1776184650,1776184821.0,1776184800,1776184800,1776166234,1776184780,41.0,171.0,171.0,21.0,True,False,23.56,48307.15,48380.66,48444.5,960,4,7,204,204.0,3.0,PENETRATED_NO_RESOLUTION,3.12712904,0,,,False,False
RG2_US30_PERIOD_M5_1776038400_1776466500_16278752941905126714,US30,5103572888492148737,6742342244449299728,8762078364593705565,1,1776191220,1776191220,1776191260.0,1776191259,1776191259,1776191217,1776191258,2.0,40.0,40.0,1.0,True,False,31.18,48527.25,48529.0,48530.76,320,2,2,15,15.0,1.0,BROKEN_NO_ACCEPTANCE,0.18471603,0,,,False,False
RG2_US30_PERIOD_M5_1776038400_1776466500_16278752941905126714,US30,627678861711288761,7143562399276419676,1842604765645273584,2,1776191311,1776191400,1776191496.0,1776191495,1776191495,1776191310,1776191495,1.0,96.0,185.0,1.0,True,False,31.34,48541.2,48542.72,48544.24,192,2,2,12,12.0,2.0,BROKEN_NO_ACCEPTANCE,0.09700683,0,,,False,False
RG2_US30_PERIOD_M5_1776038400_1776466500_16278752941905126714,US30,2010947766703061880,17571415509157296715,17762048731275545554,1,1776205536,1776205536,1776205838.0,1776205837,1776205837,1776042000,1776205831,7.0,302.0,302.0,1.0,True,False,33.25,48575.1,48740.89,48931.4,896,3,11,2160,2160.0,1.0,APPROACH_NO_CONTACT,0.0,0,,,False,False
RG2_US30_PERIOD_M5_1776038400_1776466500_16278752941905126714,US30,3072691748712780558,11144447853633426627,14192880725535349818,5,1776205842,1776211028,1776214801.0,1776214800,1776214800,1776205837,1776207600,7201.0,3773.0,8959.0,1.0,True,False,32.6,48575.1,48728.48,48931.4,960,4,12,43,54.0,5.0,PENETRATED_NO_RESOLUTION,0.02447381,0,,,False,False
RG2_US30_PERIOD_M5_1776038400_1776466500_16278752941905126714,US30,18192488775253927236,3562032503157015963,8779602204604704116,2,1776214842,1776215101,1776215249.0,1776215245,1776215245,1776214841,1776215238,11.0,148.0,407.0,4.0,True,False,33.07,48541.2,48542.93,48544.67,192,2,2,12,12.0,2.0,BROKEN_NO_ACCEPTANCE,0.10493528,0,,,False,False
RG2_US30_PERIOD_M5_1776038400_1776466500_16278752941905126714,US30,3563282024429288573,10270616939823187556,10740815417961777452,1,1776218519,1776218519,1776220459.0,1776220451,1776220451,1776218400,1776220450,9.0,1940.0,1940.0,8.0,True,False,25.92,48555.0,48555.16,48555.32,80,2,2,8,8.0,1.0,BROKEN_NO_ACCEPTANCE,0.0123452,0,,,False,False
RG2_US30_PERIOD_M5_1776038400_1776466500_16278752941905126714,US30,9439366687793577725,18391328728283213155,11892192363267545618,8,1776264361,1776266773,1776269100.0,1776268500,1776268500,1776261600,1776265200,3900.0,2327.0,4739.0,600.0,True,False,18.77,48564.0,48726.23,48931.4,976,5,19,21,31.0,8.0,PENETRATED_NO_RESOLUTION,1.88344186,0,,,False,False
RG2_US30_PERIOD_M5_1776038400_1776466500_16278752941905126714,US30,1604878871746384691,11071182695057935788,14729950496713277448,3,1776272705,1776274683,1776274724.0,1776274723,1776274723,1776272704,1776274722,2.0,41.0,2019.0,1.0,True,False,27.32,48349.34,48350.89,48352.45,320,2,2,23,23.0,3.0,BROKEN_NO_ACCEPTANCE,0.11384018,0,,,False,False
RG2_US30_PERIOD_M5_1776038400_1776466500_16278752941905126714,US30,12874507868918034241,12634649076420169072,1337071697291471262,1,1776301225,1776301225,1776301405.0,1776301400,1776301400,1776301200,1776301396,9.0,180.0,180.0,5.0,True,False,34.47,48487.03,48489.02,48491.0,192,2,2,30,30.0,1.0,BROKEN_NO_ACCEPTANCE,0.11509261,0,,,False,False
RG2_US30_PERIOD_M5_1776038400_1776466500_16278752941905126714,US30,4881929966891707639,8727990768134972536,13004154301734372903,5,1776303576,1776308184,1776309000.0,1776308400,1776308400,1776303570,1776308172,828.0,816.0,5424.0,600.0,True,False,24.77,48527.25,48528.12,48529.0,272,2,2,30,30.0,5.0,CONTACT_NO_PENETRATION,0.0,0,,,False,False
RG2_US30_PERIOD_M5_1776038400_1776466500_16278752941905126714,US30,17628068164057097523,10263116452775757629,16420815240809827373,6,1776353548,1776353548,1776353606.0,1776353600,1776353600,1776268500,1776353599,7.0,58.0,58.0,6.0,True,False,12.69,48575.1,48738.96,48907.43,976,5,20,914,914.0,6.0,APPROACH_NO_CONTACT,0.0,0,,,False,False
RG2_US30_PERIOD_M5_1776038400_1776466500_16278752941905126714,US30,11005619747267834802,15829207904917436839,12512807112371507021,1,1776360007,1776360007,1776360158.0,1776360157,1776360157,1776360001,1776360157,1.0,151.0,151.0,1.0,True,False,21.42,48349.98,48351.21,48352.45,320,2,2,13,13.0,1.0,BROKEN_NO_ACCEPTANCE,0.11532356,0,,,False,False
RG2_US30_PERIOD_M5_1776038400_1776466500_16278752941905126714,US30,5198389982693133436,16627696377773798839,16704170914358863558,11,1776394840,1776402126,1776402900.0,1776402300,1776402300,1776393600,1776402000,900.0,774.0,8060.0,600.0,True,False,18.96,48645.0,48775.34,48907.43,976,5,20,29,29.0,11.0,PENETRATED_NO_RESOLUTION,0.53797468,0,,,False,False
RG2_US30_PERIOD_M5_1776038400_1776466500_16278752941905126714,US30,5818210460718667325,17102578527580319310,15182006935936224593,14,1776402300,1776418585,1776420600.0,1776420450,1776420450,1776402300,1776420449,151.0,2015.0,18300.0,150.0,True,False,13.14,48645.0,48668.04,48693.88,336,3,5,75,75.0,14.0,BROKEN_NO_ACCEPTANCE,3.79748763,0,,,False,False
RG2_US30_PERIOD_M5_1776038400_1776466500_16278752941905126714,US30,8060212120081247243,8787978746722112110,3543953741968698550,1,1776420327,1776420327,1776420600.0,1776420450,1776420450,1776402300,1776420449,151.0,273.0,273.0,150.0,True,False,13.14,48695.65,48812.03,48907.43,896,3,15,75,75.0,1.0,APPROACH_NO_CONTACT,0.0,0,,,False,False
RG2_US30_PERIOD_M5_1776038400_1776466500_16278752941905126714,US30,4940339849941719176,5359543631424538608,11967820979730034664,3,1776420450,1776423239,1776423449.0,1776423300,1776423300,1776420450,1776423276,173.0,210.0,2999.0,149.0,True,False,13.03,48645.0,48661.57,48693.4,336,3,4,23,23.0,3.0,APPROACH_NO_CONTACT,0.0,0,,,False,False
RG2_US30_PERIOD_M5_1776038400_1776466500_16278752941905126714,US30,9810167886286329435,1766085262036035038,2817429369678952685,1,1776441042,1776441042,1776441158.0,1776441158,1776441158,1776441042,1776441157,1.0,116.0,116.0,0.0,False,False,17.01,49095.2,49096.09,49096.98,192,2,2,5,5.0,1.0,BROKEN_NO_ACCEPTANCE,0.17518077,0,,,False,False
RG2_US30_PERIOD_M5_1776038400_1776466500_16278752941905126714,US30,13584591380491764519,18110075487766259426,3199456442753186446,3,1776439539,1776439819,1776441999.0,1776441600,1776441600,1776439539,1776441580,419.0,2180.0,2460.0,399.0,True,False,18.19,48695.65,48805.46,48907.43,912,4,16,224,224.0,3.0,APPROACH_NO_CONTACT,0.0,0,,,False,False
RG2_US30_PERIOD_M5_1776038400_1776466500_16278752941905126714,US30,5116915027662551784,1662746960809045723,15327503583650790823,1,1776446431,1776446431,1776446438.0,1776446438,1776446438,1776446431,1776446437,1.0,7.0,7.0,0.0,False,False,29.13,49463.2,49464.82,49466.45,192,2,2,5,5.0,1.0,BROKEN_NO_ACCEPTANCE,0.14145923,0,,,False,False
RG2_US30_PERIOD_M5_1777248000_1777676100_6859180431116322748,US30,2231070879380944237,10356249141598326814,17345893316920438561,4,1777251644,1777255807,1777259400.0,1777258800,1777258800,1777251600,1777257300,2100.0,3593.0,7756.0,600.0,True,False,38.69,49138.0,49138.0,49138.0,16,1,2,128,132.0,4.0,APPROACH_NO_CONTACT,0.0,0,,,False,False
RG2_US30_PERIOD_M5_1777248000_1777676100_6859180431116322748,US30,4447846859147566143,13343242467301396579,14409394579877587827,4,1777281004,1777281986,1777282800.0,1777282200,1777282200,1777280400,1777280400,2400.0,814.0,1796.0,600.0,True,False,16.37,49138.0,49139.0,49140.0,16,1,2,1,6.0,4.0,BROKEN_NO_ACCEPTANCE,0.41547958,0,,,False,False
RG2_US30_PERIOD_M5_1777248000_1777676100_6859180431116322748,US30,16755977174897921735,16858709408890476084,11138324776032056676,5,1777284001,1777286245,1777288200.0,1777287600,1777287600,1777284000,1777287300,900.0,1955.0,4199.0,600.0,True,False,16.73,49133.0,49133.25,49133.5,272,2,2,10,10.0,5.0,APPROACH_NO_CONTACT,0.0,0,,,False,False
RG2_US30_PERIOD_M5_1777248000_1777676100_6859180431116322748,US30,15655539625415687524,1157883235057448611,2673868276461489058,4,1777287900,1777288897,1777290000.0,1777289400,1777289400,1777287900,1777287900,2100.0,1103.0,2100.0,600.0,True,False,16.82,49138.0,49139.0,49140.0,16,1,2,1,5.0,4.0,BROKEN_NO_ACCEPTANCE,0.89761235,0,,,False,False
RG2_US30_PERIOD_M5_1777248000_1777676100_6859180431116322748,US30,1770739298004065358,15567993680307490061,13200986407457222401,1,1777307503,1777307503,1777307524.0,1777307523,1777307523,1777307500,1777307501,23.0,21.0,21.0,1.0,True,False,17.64,49311.0,49312.0,49313.0,320,2,2,7,7.0,1.0,PENETRATED_NO_RESOLUTION,0.08898209,0,,,False,False
RG2_US30_PERIOD_M5_1777248000_1777676100_6859180431116322748,US30,15076309106923420260,3525553666401373295,1588286148444655303,1,1777307427,1777307427,1777308300.0,1777307700,1777307700,1777305900,1777307620,680.0,873.0,873.0,600.0,True,False,17.64,49191.35,49192.34,49193.33,384,2,2,127,127.0,1.0,BROKEN_NO_ACCEPTANCE,9.33178418,3,MERGE,10925170567939510540,False,True
RG2_US30_PERIOD_M5_1777248000_1777676100_6859180431116322748,US30,18043740091707898522,4885165225244193454,2390693320091646430,4,1777310130,1777312500,1777313080.0,1777312800,1777312800,1777309200,1777309200,3880.0,580.0,2950.0,280.0,True,False,28.26,49158.2,49159.1,49160.0,144,2,2,1,12.0,4.0,BROKEN_NO_ACCEPTANCE,0.78467739,0,,,False,False
RG2_US30_PERIOD_M5_1777248000_1777676100_6859180431116322748,US30,204771601630166880,4149032045675644418,10925170567939510540,45,1777291227,1777317397,1777320600.0,1777320000,1777320000,1777251630,1777316400,4200.0,3203.0,29373.0,600.0,True,False,31.04,49182.0,49182.5,49183.0,16,1,2,523,534.0,45.0,APPROACH_NO_CONTACT,0.0,3,MERGE,13352606922759944942,False,True
RG2_US30_PERIOD_M5_1777248000_1777676100_6859180431116322748,US30,5267571989386442098,1360211531738001897,13701275978772409095,5,1777320001,1777322701,1777324200.0,1777323600,1777323600,1777320000,1777320000,4200.0,1499.0,4199.0,600.0,True,False,32.21,49158.0,49158.1,49158.2,144,2,2,1,12.0,5.0,APPROACH_NO_CONTACT,0.0,0,,,False,False
RG2_US30_PERIOD_M5_1777248000_1777676100_6859180431116322748,US30,12392182484283659206,370316431490451560,12144369836236348659,19,1777306129,1777324862,1777331400.0,1777330800,1777330800,1777305900,1777327200,4200.0,6538.0,25271.0,600.0,True,False,32.98,49138.0,49140.62,49142.0,20,2,3,275,286.0,19.0,APPROACH_NO_CONTACT,0.0,0,,,False,False
RG2_US30_PERIOD_M5_1777248000_1777676100_6859180431116322748,US30,6100534548307838111,12957270463854669034,17395523731008962029,1,1777338038,1777338038,1777338221.0,1777338211,1777338211,1777338031,1777338208,13.0,183.0,183.0,10.0,True,False,33.12,49198.0,49199.68,49201.35,80,2,2,7,7.0,1.0,BROKEN_NO_ACCEPTANCE,0.10114429,0,,,False,False
RG2_US30_PERIOD_M5_1777248000_1777676100_6859180431116322748,US30,17285194554996562838,2529689455780613285,17925732616464297004,1,1777338380,1777338380,1777338389.0,1777338388,1777338388,1777338379,1777338387,2.0,9.0,9.0,1.0,True,False,33.0,49227.67,49229.2,49230.74,192,2,2,8,8.0,1.0,BROKEN_NO_ACCEPTANCE,0.20393939,0,,,False,False
RG2_US30_PERIOD_M5_1777248000_1777676100_6859180431116322748,US30,15276682973500195953,16826064719269671200,16394794843431959478,1,1777345777,1777345777,1777345884.0,1777345839,1777345839,1777345775,1777345838,46.0,107.0,107.0,45.0,True,False,19.92,49270.05,49271.21,49272.38,320,2,2,7,7.0,1.0,BROKEN_NO_ACCEPTANCE,0.11949591,0,,,False,False
RG2_US30_PERIOD_M5_1777248000_1777676100_6859180431116322748,US30,6145364176185667456,10299605190690878056,1050529782163661151,7,1777338879,1777351352,1777356600.0,1777356000,1777356000,1777338000,1777354800,1800.0,5248.0,17721.0,600.0,True,False,16.46,49267.0,49267.0,49267.0,16,1,2,193,196.0,7.0,APPROACH_NO_CONTACT,0.0,0,,,False,False
RG2_US30_PERIOD_M5_1777248000_1777676100_6859180431116322748,US30,5780576605311473565,12545342366643800306,17929840281273349568,1,1777369779,1777369779,1777370700.0,1777370619,1777370619,1777369777,1777370618,82.0,921.0,921.0,81.0,True,False,12.03,49170.97,49171.58,49172.2,320,2,2,9,9.0,1.0,BROKEN_NO_ACCEPTANCE,0.16880093,0,,,False,False
RG2_US30_PERIOD_M5_1777248000_1777676100_6859180431116322748,US30,16198449859643547211,9941184894505180622,6707449377159242535,1,1777378212,1777378212,1777378713.0,1777378712,1777378712,1777338000,1777378706,7.0,501.0,501.0,1.0,True,False,15.09,49300.0,49339.24,49356.0,448,3,3,361,361.0,1.0,APPROACH_NO_CONTACT,0.0,0,,,False,False
RG2_US30_PERIOD_M5_1777248000_1777676100_6859180431116322748,US30,11706307642861559754,5414187167241199999,8489641620482528292,9,1777378720,1777384802,1777385700.0,1777385100,1777385100,1777378712,1777385074,626.0,898.0,6980.0,600.0,True,False,16.78,49300.0,49339.24,49356.0,448,3,3,127,127.0,9.0,BROKEN_NO_ACCEPTANCE,5.18567086,0,,,False,False
RG2_US30_PERIOD_M5_1777248000_1777676100_6859180431116322748,US30,16164910122789227125,11789793823271701042,16494734133483591234,4,1777386097,1777388100,1777389000.0,1777388400,1777388400,1777381200,1777385100,3900.0,900.0,2903.0,600.0,True,False,20.67,49267.0,49267.0,49267.0,16,1,2,34,44.0,4.0,APPROACH_NO_CONTACT,0.0,0,,,False,False
RG2_US30_PERIOD_M5_1777248000_1777676100_6859180431116322748,US30,2891025393750633379,933005819911228472,5048628266623931513,4,1777389134,1777390771,1777396200.0,1777395600,1777395600,1777381200,1777393500,2700.0,5429.0,7066.0,600.0,True,False,23.21,49186.8,49194.64,49205.9,150,4,6,62,68.0,4.0,PENETRATED_NO_RESOLUTION,0.13095158,0,,,False,False
RG2_US30_PERIOD_M5_1777248000_1777676100_6859180431116322748,US30,16595980926636009004,12668212717285111545,6821236982521791043,1,1777396503,1777396503,1777396519.0,1777396518,1777396518,1777396476,1777396518,1.0,16.0,16.0,1.0,True,False,31.95,49102.93,49104.49,49106.05,320,2,2,13,13.0,1.0,BROKEN_NO_ACCEPTANCE,0.09764647,0,,,False,False
RG2_US30_PERIOD_M5_1777248000_1777676100_6859180431116322748,US30,4813554848631227514,8587807765299250264,13352606922759944942,35,1777395600,1777399001,1777399800.0,1777399200,1777399200,1777309200,1777397400,2400.0,799.0,4200.0,600.0,True,False,35.63,49182.0,49182.5,49183.0,16,1,2,783,788.0,35.0,BROKEN_NO_ACCEPTANCE,1.20678042,3,MERGE,14200357449926743100,False,True
RG2_US30_PERIOD_M5_1777248000_1777676100_6859180431116322748,US30,18428044157520164183,15900805884305470159,14200357449926743100,19,1777397497,1777410300,1777414200.0,1777413600,1777413600,1777397400,1777410000,4200.0,3900.0,16703.0,600.0,True,False,39.19,49172.2,49172.6,49173.0,272,2,2,43,53.0,19.0,APPROACH_NO_CONTACT,0.0,0,,,False,False
RG2_US30_PERIOD_M5_1777248000_1777676100_6859180431116322748,US30,15464356105579791666,10490782910748544683,10677822425547544166,22,1777395634,1777416637,1777417800.0,1777417200,1777417200,1777381200,1777416900,900.0,1163.0,22166.0,600.0,True,False,39.06,49133.5,49135.75,49138.0,272,2,2,243,243.0,22.0,BROKEN_NO_ACCEPTANCE,0.43520557,3,MERGE,747133449278641201,False,True
RG2_US30_PERIOD_M5_1777248000_1777676100_6859180431116322748,US30,15389988548669619753,10642694286446778498,2461510147051491857,15,1777406400,1777420150,1777424401.0,1777424400,1777424400,1777406400,1777417200,7201.0,4251.0,18001.0,1.0,True,False,36.08,49182.0,49182.5,49183.0,16,1,2,53,64.0,15.0,ACCEPTED_PENDING_DEPARTURE,0.16419013,0,,,False,False
RG2_US30_PERIOD_M5_1777248000_1777676100_6859180431116322748,US30,2650980299961723102,4965437790435423613,17069812422782234102,1,1777424406,1777424406,1777424428.0,1777424427,1777424427,1777424405,1777424426,2.0,22.0,22.0,1.0,True,False,36.08,49198.0,49200.15,49202.31,80,2,2,16,16.0,1.0,BROKEN_NO_ACCEPTANCE,0.12638931,0,,,False,False
RG2_US30_PERIOD_M5_1777248000_1777676100_6859180431116322748,US30,8998128706025652941,15498443294307390864,5268086322840541913,16,1777411345,1777417343,1777428300.0,1777427700,1777427700,1777397400,1777426807,1493.0,10957.0,16955.0,600.0,True,False,31.92,49106.05,49108.03,49110.0,272,2,2,170,172.0,16.0,APPROACH_NO_CONTACT,0.0,0,,,False,False
RG2_US30_PERIOD_M5_1777248000_1777676100_6859180431116322748,US30,8378377218030434173,13092178190705886071,3273786813468648832,7,1777424403,1777430412,1777431634.0,1777431600,1777431600,1777424400,1777431510,124.0,1222.0,7231.0,34.0,True,False,24.87,49215.18,49215.94,49216.7,132,2,2,92,92.0,7.0,BROKEN_NO_ACCEPTANCE,0.59763896,3,MERGE,11625538918309709591,False,True
RG2_US30_PERIOD_M5_1777248000_1777676100_6859180431116322748,US30,2255767850347152547,14515780943743125831,13327664082970111610,13,1777404923,1777435674,1777435716.0,1777435715,1777435715,1777402800,1777435709,7.0,42.0,30793.0,1.0,True,False,20.83,49187.01,49188.19,49189.37,192,2,2,227,227.0,13.0,BROKEN_NO_ACCEPTANCE,0.30358315,0,,,True,True
RG2_US30_PERIOD_M5_1777248000_1777676100_6859180431116322748,US30,16151985384201132065,11549477020062586708,2534100363997803538,2,1777457616,1777457616,1777458434.0,1777458423,1777458423,1777435716,1777456800,1634.0,818.0,818.0,11.0,True,False,11.99,49182.0,49182.5,49183.0,80,2,2,80,85.0,2.0,PENETRATED_NO_RESOLUTION,0.05171407,0,,,False,False
RG2_US30_PERIOD_M5_1777248000_1777676100_6859180431116322748,US30,14969993092564862974,17578857539498951510,2235749696777824240,6,1777453200,1777456838,1777460976.0,1777460400,1777460400,1777453200,1777459633,1343.0,4138.0,7776.0,576.0,True,False,12.97,49227.67,49227.97,49228.28,132,2,2,59,61.0,6.0,APPROACH_NO_CONTACT,0.0,0,,,False,False
RG2_US30_PERIOD_M5_1777248000_1777676100_6859180431116322748,US30,374760088341452578,2268286153648111031,9640694369380443774,1,1777461402,1777461402,1777462466.0,1777462465,1777462465,1777461399,1777462464,2.0,1064.0,1064.0,1.0,True,False,13.69,49130.45,49131.0,49131.55,320,2,2,9,9.0,1.0,BROKEN_NO_ACCEPTANCE,0.22274155,0,,,False,False
RG2_US30_PERIOD_M5_1777248000_1777676100_6859180431116322748,US30,11219012256882957042,12757039956867985863,15311879424675719294,1,1777466954,1777466954,1777467376.0,1777467375,1777467375,1777466953,1777467374,2.0,422.0,422.0,1.0,True,False,15.23,49104.45,49105.25,49106.05,320,2,2,13,13.0,1.0,BROKEN_NO_ACCEPTANCE,0.43021346,0,,,False,False
RG2_US30_PERIOD_M5_1777248000_1777676100_6859180431116322748,US30,2778381421565341343,15973870095985955292,9516866080368468192,1,1777487621,1777487621,1777487670.0,1777487668,1777487668,1777487619,1777487668,2.0,49.0,49.0,2.0,True,False,31.0,48807.41,48808.98,48810.55,320,2,2,11,11.0,1.0,BROKEN_NO_ACCEPTANCE,0.18035167,0,,,False,False
RG2_US30_PERIOD_M5_1777248000_1777676100_6859180431116322748,US30,1497748433839012617,16710110480397720278,15065774311039845493,1,1777487892,1777487892,1777488810.0,1777488810,1777488810,1777338000,1777488809,1.0,918.0,918.0,0.0,False,False,31.95,48771.01,48772.6,48774.2,192,2,2,1671,1671.0,1.0,BROKEN_NO_ACCEPTANCE,0.23442879,0,,,False,False
RG2_US30_PERIOD_M5_1777248000_1777676100_6859180431116322748,US30,15874150046339359276,8591724840852323106,13325084234213025419,3,1777488879,1777496900,1777496920.0,1777496919,1777496919,1777488877,1777496918,2.0,20.0,8041.0,1.0,True,False,35.66,48714.37,48716.31,48718.25,72,2,2,51,51.0,3.0,BROKEN_NO_ACCEPTANCE,0.15787998,0,,,False,False
RG2_US30_PERIOD_M5_1777248000_1777676100_6859180431116322748,US30,2256209555080301216,7225046455976076837,12250662584465100609,3,1777539629,1777542457,1777547400.0,1777546800,1777546800,1777539629,1777543200,4200.0,4943.0,7771.0,600.0,True,False,22.37,48528.33,48640.16,48698.0,912,4,8,105,116.0,3.0,PENETRATED_NO_RESOLUTION,3.89190374,0,,,False,False
RG2_US30_PERIOD_M5_1777248000_1777676100_6859180431116322748,US30,15472963983342977910,4584760684049981285,10381440434329152967,1,1777556253,1777556253,1777556260.0,1777556259,1777556259,1777556251,1777556259,1.0,7.0,7.0,1.0,True,False,31.69,49065.2,49066.54,49067.89,192,2,2,6,6.0,1.0,BROKEN_NO_ACCEPTANCE,0.09121035,0,,,False,False
RG2_US30_PERIOD_M5_1777248000_1777676100_6859180431116322748,US30,11339607537834818620,16071347265633894359,3840604073267038400,1,1777556798,1777556798,1777556944.0,1777556943,1777556943,1777550400,1777556943,1.0,146.0,146.0,1.0,True,False,33.6,49222.0,49226.31,49230.0,208,3,4,353,353.0,1.0,APPROACH_NO_CONTACT,0.0,1,MERGE,5550008204238765759,False,True
RG2_US30_PERIOD_M5_1777248000_1777676100_6859180431116322748,US30,3154512861904069462,1625643112278967290,12332209489897098336,4,1777562472,1777568700,1777569209.0,1777569000,1777569000,1777489200,1777568476,733.0,509.0,6737.0,209.0,True,False,45.19,49251.0,49259.15,49259.3,80,2,2,1211,1212.0,4.0,BROKEN_NO_ACCEPTANCE,0.53452116,0,,,False,False
RG2_US30_PERIOD_M5_1777248000_1777676100_6859180431116322748,US30,1619961939599817496,8579683948987204098,10770559771748976258,2,1777568400,1777569014,1777571535.0,1777571100,1777571100,1777568400,1777570860,675.0,2521.0,3135.0,435.0,True,False,47.77,49227.67,49228.83,49230.0,144,2,2,329,329.0,2.0,APPROACH_NO_CONTACT,0.0,3,MERGE,5550008204238765759,False,True
RG2_US30_PERIOD_M5_1777248000_1777676100_6859180431116322748,US30,15386156474833317921,17870184526622596950,16785299539280031226,4,1777575605,1777576058,1777576455.0,1777576454,1777576454,1777575605,1777576453,2.0,397.0,850.0,1.0,True,False,48.36,49598.05,49600.88,49603.71,320,2,2,32,32.0,4.0,BROKEN_NO_ACCEPTANCE,0.20080654,0,,,False,False
RG2_US30_PERIOD_M5_1777248000_1777676100_6859180431116322748,US30,13764130950591574781,13237456203383911236,14446627780548705187,1,1777582858,1777582858,1777583100.0,1777582934,1777582934,1777582837,1777582933,167.0,242.0,242.0,166.0,True,False,47.6,49613.05,49615.81,49618.57,320,2,2,22,22.0,1.0,BROKEN_NO_ACCEPTANCE,0.11597857,0,,,False,False
RG2_US30_PERIOD_M5_1777248000_1777676100_6859180431116322748,US30,13534583392736176602,2432885632705873996,5067941421171746651,2,1777584637,1777585049,1777585121.0,1777585119,1777585119,1777584631,1777585119,2.0,72.0,484.0,2.0,True,False,46.83,49688.32,49688.36,49688.4,192,2,2,36,36.0,2.0,BROKEN_NO_ACCEPTANCE,0.3060331,0,,,False,False
RG2_US30_PERIOD_M5_1777248000_1777676100_6859180431116322748,US30,9617710738040170236,8190387184983403863,8308836929204678838,1,1777585000,1777585000,1777585121.0,1777585119,1777585119,1777338000,1777585119,2.0,121.0,121.0,2.0,True,False,46.83,49694.5,49754.92,49858.33,896,3,5,3678,3678.0,1.0,APPROACH_NO_CONTACT,0.0,1,MERGE,7403935955073389679,False,True
RG2_US30_PERIOD_M5_1777248000_1777676100_6859180431116322748,US30,13531260451778053752,9699417023722910492,7403935955073389679,8,1777585127,1777590675,1777597810.0,1777597800,1777597800,1777585119,1777597772,38.0,7135.0,12683.0,10.0,True,False,40.03,49763.35,49768.18,49773.0,320,2,2,204,204.0,8.0,PENETRATED_NO_RESOLUTION,2.30759636,0,,,False,False
RG2_US30_PERIOD_M5_1777248000_1777676100_6859180431116322748,US30,7130555631763378074,14314137413599518098,4828221256137085742,3,1777608002,1777608661,1777609500.0,1777608900,1777608900,1777608000,1777608600,900.0,839.0,1498.0,600.0,True,False,25.12,49775.0,49776.5,49778.0,16,1,2,3,3.0,3.0,BROKEN_NO_ACCEPTANCE,0.31843331,0,,,False,False
RG2_US30_PERIOD_M5_1777248000_1777676100_6859180431116322748,US30,2078804913110163230,3272708820785879787,14512658577535910872,1,1777612472,1777612472,1777614300.0,1777613700,1777613700,1777611600,1777612800,1500.0,1828.0,1828.0,600.0,True,False,22.89,49763.35,49764.68,49766.0,272,2,2,5,7.0,1.0,APPROACH_NO_CONTACT,0.0,0,,,False,False
RG2_US30_PERIOD_M5_1777248000_1777676100_6859180431116322748,US30,928360834159445466,3863960100984687104,5985421681111780071,3,1777626745,1777628988,1777630200.0,1777629600,1777629600,1777626000,1777628639,1561.0,1212.0,3455.0,600.0,True,False,10.81,49743.0,49756.57,49764.2,402,4,4,26,29.0,3.0,APPROACH_NO_CONTACT,0.0,0,,,False,False
RG2_US30_PERIOD_M5_1777248000_1777676100_6859180431116322748,US30,3049480518780721026,5696109945894450295,16634460068118923675,8,1777658069,1777661418,1777662600.0,1777662000,1777662000,1777654800,1777661441,1159.0,1182.0,4531.0,600.0,True,False,29.99,49735.2,49755.25,49763.4,402,4,4,164,165.0,8.0,APPROACH_NO_CONTACT,0.0,0,,,False,False
RG2_US500_PERIOD_M5_1764547200_1764975300_7828061311987021760,US500,16937829911034282607,6525889817320280482,12491777139565402292,2,1764550841,1764552282,1764552314.0,1764552313,1764552313,1764550840,1764552304,10.0,32.0,1473.0,1.0,True,False,3.07,6851.87,6852.04,6852.22,192,2,2,87,87.0,2.0,BROKEN_NO_ACCEPTANCE,0.11520487,0,,,False,False
RG2_US500_PERIOD_M5_1764547200_1764975300_7828061311987021760,US500,9199672375591684068,468929746683278497,4873736995875475250,1,1764555660,1764555660,1764555686.0,1764555685,1764555685,1764555659,1764555680,6.0,26.0,26.0,1.0,True,False,3.37,6829.3,6829.5,6829.7,320,2,2,9,9.0,1.0,BROKEN_NO_ACCEPTANCE,0.23738872,0,,,False,False
RG2_US500_PERIOD_M5_1764547200_1764975300_7828061311987021760,US500,6698025890086542468,2374047910848766977,5751886681573828526,1,1764557080,1764557080,1764557128.0,1764557127,1764557127,1764557078,1764557126,2.0,48.0,48.0,1.0,True,False,3.51,6819.65,6819.83,6820.0,80,2,2,11,11.0,1.0,BROKEN_NO_ACCEPTANCE,0.12820513,0,,,False,False
RG2_US500_PERIOD_M5_1764547200_1764975300_7828061311987021760,US500,17128372376890023966,4827710362746616669,10547658752662698267,3,1764557585,1764557685,1764557765.0,1764557764,1764557764,1764557585,1764557764,1.0,80.0,180.0,1.0,True,False,3.59,6814.8,6815.0,6815.6,64,1,2,19,19.0,3.0,BROKEN_NO_ACCEPTANCE,0.22259321,0,,,False,False
RG2_US500_PERIOD_M5_1764547200_1764975300_7828061311987021760,US500,16408168865650104225,15343518817690107115,2242697883608114899,4,1764567582,1764571204,1764572039.0,1764572022,1764572022,1764567580,1764572015,24.0,835.0,4457.0,17.0,True,False,3.85,6798.71,6798.94,6799.17,192,2,2,32,32.0,4.0,BROKEN_NO_ACCEPTANCE,0.11873808,0,,,False,False
RG2_US500_PERIOD_M5_1764547200_1764975300_7828061311987021760,US500,4855180239247069208,10899372310896993373,15646359377306845031,1,1764572655,1764572655,1764572803.0,1764572799,1764572799,1764572654,1764572792,11.0,148.0,148.0,4.0,True,False,3.82,6793.35,6793.52,6793.7,320,2,2,15,15.0,1.0,BROKEN_NO_ACCEPTANCE,0.19879676,0,,,False,False
RG2_US500_PERIOD_M5_1764547200_1764975300_7828061311987021760,US500,17036182931087154961,2747129031780408979,10313891572991095997,6,1764608740,1764611472,1764612600.0,1764612000,1764612000,1764608400,1764608400,4200.0,1128.0,3860.0,600.0,True,False,4.4,6817.65,6818.11,6818.57,400,3,3,1,12.0,6.0,APPROACH_NO_CONTACT,0.0,0,,,False,False
RG2_US500_PERIOD_M5_1764547200_1764975300_7828061311987021760,US500,17943674202187602983,5472385989857323451,6323101885305907860,4,1764637201,1764639247,1764639900.0,1764639371,1764639371,1764637200,1764638018,1882.0,653.0,2699.0,529.0,True,False,5.41,6819.33,6819.62,6819.9,192,2,2,87,92.0,4.0,PENETRATED_NO_RESOLUTION,0.09982639,0,,,False,False
RG2_US500_PERIOD_M5_1764547200_1764975300_7828061311987021760,US500,12804733018676891759,595213674483635450,13761970340709355034,1,1764642935,1764642935,1764644802.0,1764644400,1764644400,1764640800,1764642600,2202.0,1867.0,1867.0,402.0,True,False,4.24,6820.0,6820.0,6820.0,80,2,2,8,13.0,1.0,APPROACH_NO_CONTACT,0.0,0,,,False,False
RG2_US500_PERIOD_M5_1764547200_1764975300_7828061311987021760,US500,4920916707633571625,15250867116387702487,17478348870922477121,2,1764673200,1764675732,1764677382.0,1764676800,1764676800,1764673200,1764674771,2611.0,1650.0,4182.0,582.0,True,False,2.29,6818.5,6818.53,6818.57,144,2,2,42,48.0,2.0,APPROACH_NO_CONTACT,0.0,0,,,False,False
RG2_US500_PERIOD_M5_1764547200_1764975300_7828061311987021760,US500,3280988116710163173,7268954407883934128,9432403041465193254,2,1764674765,1764674786,1764677416.0,1764677399,1764677399,1764674763,1764677389,27.0,2630.0,2651.0,17.0,True,False,2.29,6825.95,6826.06,6826.16,320,2,2,12,12.0,2.0,BROKEN_NO_ACCEPTANCE,0.15699956,0,,,False,False
RG2_US500_PERIOD_M5_1764547200_1764975300_7828061311987021760,US500,8391142016793594276,17120215875140151759,901326229041553278,1,1764678696,1764678696,1764678830.0,1764678823,1764678823,1764678692,1764678820,10.0,134.0,134.0,7.0,True,False,2.32,6828.27,6828.39,6828.52,192,2,2,17,17.0,1.0,BROKEN_NO_ACCEPTANCE,0.35360069,0,,,False,False
RG2_US500_PERIOD_M5_1764547200_1764975300_7828061311987021760,US500,8842326547529391733,11191927934922741940,5845489944710349010,16,1764678820,1764678820,1764679446.0,1764679440,1764679440,1764586800,1764679439,7.0,626.0,626.0,6.0,True,False,2.33,6829.65,6843.21,6852.6,976,5,11,598,598.0,16.0,APPROACH_NO_CONTACT,0.0,0,,,False,False
RG2_US500_PERIOD_M5_1764547200_1764975300_7828061311987021760,US500,7096794837747147015,13413747763986925908,1815040039153891332,1,1764709057,1764709057,1764713400.0,1764712800,1764712800,1764708900,1764709200,4200.0,4343.0,4343.0,600.0,True,False,5.56,6818.5,6818.53,6818.57,144,2,2,2,13.0,1.0,APPROACH_NO_CONTACT,0.0,0,,,False,False
RG2_US500_PERIOD_M5_1764547200_1764975300_7828061311987021760,US500,8553204029650827827,3763231807848961176,5221328998567597970,1,1764728467,1764728467,1764728485.0,1764728483,1764728483,1764728465,1764728482,3.0,18.0,18.0,2.0,True,False,5.66,6829.64,6829.67,6829.7,320,2,2,11,11.0,1.0,BROKEN_NO_ACCEPTANCE,0.12360939,3,MERGE,2903478699460280352,False,True
RG2_US500_PERIOD_M5_1764547200_1764975300_7828061311987021760,US500,14227202500573336241,11054429054111267135,4695135931388689467,3,1764726998,1764727801,1764730923.0,1764730800,1764730800,1764726992,1764730393,530.0,3122.0,3925.0,123.0,True,False,5.26,6836.87,6836.88,6836.9,144,2,2,118,119.0,3.0,BROKEN_NO_ACCEPTANCE,0.56455115,0,,,False,False
RG2_US500_PERIOD_M5_1764547200_1764975300_7828061311987021760,US500,10184100997033172855,18039036426502625512,1038372131078793424,26,1764679453,1764730372,1764735153.0,1764735000,1764735000,1764679440,1764734400,753.0,4781.0,55700.0,153.0,True,False,4.15,6841.7,6841.95,6842.2,272,2,2,670,671.0,26.0,APPROACH_NO_CONTACT,0.0,0,,,False,False
RG2_US500_PERIOD_M5_1764547200_1764975300_7828061311987021760,US500,8309979321680359065,11920469983487291160,8812764004605577530,1,1764735165,1764735165,1764735610.0,1764735521,1764735521,1764735162,1764735514,96.0,445.0,445.0,89.0,True,False,4.04,6842.2,6842.32,6842.43,80,2,2,16,16.0,1.0,BROKEN_NO_ACCEPTANCE,0.25018217,0,,,False,False
RG2_US500_PERIOD_M5_1764547200_1764975300_7828061311987021760,US500,17585001740282336328,3874406673083147039,14076535941926226719,2,1764735687,1764735744,1764736010.0,1764736001,1764736001,1764735683,1764735999,11.0,266.0,323.0,9.0,True,False,3.96,6843.5,6843.73,6843.96,192,2,2,12,12.0,2.0,BROKEN_NO_ACCEPTANCE,0.19167718,0,,,False,False
RG2_US500_PERIOD_M5_1764547200_1764975300_7828061311987021760,US500,9016427251666935029,8017661897776889594,13751409409694918709,1,1764734400,1764734400,1764742115.0,1764741600,1764741600,1764734400,1764740159,1956.0,7715.0,7715.0,515.0,True,False,4.27,6836.87,6836.88,6836.9,144,2,2,93,98.0,1.0,APPROACH_NO_CONTACT,0.0,0,,,False,False
RG2_US500_PERIOD_M5_1764547200_1764975300_7828061311987021760,US500,2799561786445837728,14373180975905412771,14050388625503395109,4,1764745465,1764745920,1764746400.0,1764746131,1764746131,1764745200,1764746124,276.0,480.0,935.0,269.0,True,False,2.1,6845.9,6845.99,6846.07,80,2,2,7,7.0,4.0,BROKEN_NO_ACCEPTANCE,0.0808369,0,,,False,False
RG2_US500_PERIOD_M5_1764547200_1764975300_7828061311987021760,US500,18424614432329245923,4981067031060630007,11997515076554808388,17,1764772500,1764790514,1764792900.0,1764792300,1764792300,1764723600,1764792000,900.0,2386.0,20400.0,600.0,True,False,4.88,6850.4,6852.65,6852.7,64,1,2,932,933.0,17.0,BROKEN_NO_ACCEPTANCE,1.50670795,0,,,False,False
RG2_US500_PERIOD_M5_1764547200_1764975300_7828061311987021760,US500,12121833169750728987,12033517653297837413,7140771250438259541,3,1764791802,1764793853,1764794494.0,1764794491,1764794491,1764791800,1764794412,82.0,641.0,2692.0,3.0,True,False,4.96,6855.13,6855.42,6855.7,192,2,2,16,16.0,3.0,BROKEN_NO_ACCEPTANCE,0.14098691,0,,,False,False
RG2_US500_PERIOD_M5_1764547200_1764975300_7828061311987021760,US500,11052825944085190189,3585385697982639362,9645433399403725685,1,1764802456,1764802456,1764803400.0,1764802800,1764802800,1764795600,1764799938,3462.0,944.0,944.0,600.0,True,False,5.23,6848.37,6848.48,6848.6,144,2,2,48,57.0,1.0,APPROACH_NO_CONTACT,0.0,0,,,False,False
RG2_US500_PERIOD_M5_1764547200_1764975300_7828061311987021760,US500,478190473941120834,7100851154357322078,959103378059214880,6,1764794404,1764802110,1764810006.0,1764810000,1764810000,1764637200,1764805260,4746.0,7896.0,15602.0,6.0,True,False,5.09,6857.65,6868.79,6881.63,960,4,14,1943,1946.0,6.0,APPROACH_NO_CONTACT,0.0,0,,,False,False
RG2_US500_PERIOD_M5_1764547200_1764975300_7828061311987021760,US500,10991431436601802453,16133484267819240900,6262970572647254893,6,1764810088,1764815103,1764818100.0,1764817200,1764817200,1764810085,1764816915,1185.0,2997.0,8012.0,900.0,True,False,3.82,6855.13,6855.22,6855.3,144,2,2,114,114.0,6.0,APPROACH_NO_CONTACT,0.0,0,,,False,False
RG2_US500_PERIOD_M5_1764547200_1764975300_7828061311987021760,US500,4054037184761337800,15699927526650288731,4854884324119769772,1,1764814254,1764814254,1764819300.0,1764818700,1764818700,1764810000,1764817200,2100.0,5046.0,5046.0,600.0,True,False,4.09,6858.15,6858.34,6858.53,384,2,2,126,129.0,1.0,APPROACH_NO_CONTACT,0.0,0,,,False,False
RG2_US500_PERIOD_M5_1764547200_1764975300_7828061311987021760,US500,13195597592445044072,1633150073812257556,11945238116783706732,3,1764820814,1764822545,1764823500.0,1764822900,1764822900,1764820800,1764822014,1486.0,955.0,2686.0,600.0,True,False,2.58,6850.8,6850.95,6851.1,16,1,2,10,12.0,3.0,BROKEN_NO_ACCEPTANCE,0.3178387,0,,,False,False
RG2_US500_PERIOD_M5_1764547200_1764975300_7828061311987021760,US500,8770388474952290944,8090852725533007555,18085181426571258916,1,1764824174,1764824174,1764825000.0,1764824400,1764824400,1764820800,1764822900,2100.0,826.0,826.0,600.0,True,False,2.33,6855.13,6855.22,6855.3,144,2,2,13,17.0,1.0,APPROACH_NO_CONTACT,0.0,0,,,False,False
RG2_US500_PERIOD_M5_1764547200_1764975300_7828061311987021760,US500,4520917897014126175,14055005645312259389,7761659447942736125,2,1764839238,1764848400,1764848473.0,1764848472,1764848472,1764839235,1764848471,2.0,73.0,9235.0,1.0,True,False,1.78,6858.53,6858.63,6858.73,192,2,2,81,81.0,2.0,BROKEN_NO_ACCEPTANCE,0.35373386,0,,,False,False
RG2_US500_PERIOD_M5_1764547200_1764975300_7828061311987021760,US500,17158487148034417535,507815957026508920,13133498931363379017,9,1764856354,1764863744,1764864243.0,1764864000,1764864000,1764853200,1764860400,3843.0,499.0,7889.0,243.0,True,False,2.12,6855.13,6855.22,6855.3,144,2,2,35,46.0,9.0,APPROACH_NO_CONTACT,0.0,0,,,False,False
RG2_US500_PERIOD_M5_1764547200_1764975300_7828061311987021760,US500,9666915050749937190,63897626670824213,17438509602805929357,1,1764860011,1764860011,1764864454.0,1764864445,1764864445,1764859943,1764864443,11.0,4443.0,4443.0,9.0,True,False,2.18,6860.2,6862.29,6862.38,64,1,2,41,41.0,1.0,BROKEN_NO_ACCEPTANCE,1.00045893,0,,,False,False
RG2_US500_PERIOD_M5_1764547200_1764975300_7828061311987021760,US500,6464278580370590221,8757426413367262530,3738489361117460477,1,1764867136,1764867136,1764867493.0,1764867485,1764867485,1764867134,1764867485,8.0,357.0,357.0,8.0,True,False,2.83,6840.78,6840.92,6841.07,192,2,2,15,15.0,1.0,BROKEN_NO_ACCEPTANCE,0.14835747,0,,,False,False
RG2_US500_PERIOD_M5_1764547200_1764975300_7828061311987021760,US500,89960406830703252,2048429678341507217,4096161889755343522,1,1764869132,1764869132,1764869139.0,1764869138,1764869138,1764869132,1764869138,1.0,7.0,7.0,1.0,True,False,3.23,6836.51,6836.69,6836.87,192,2,2,8,8.0,1.0,BROKEN_NO_ACCEPTANCE,0.20098949,0,,,False,False
RG2_US500_PERIOD_M5_1764547200_1764975300_7828061311987021760,US500,5707820367649720106,5549429576571718162,2903478699460280352,28,1764883286,1764883286,1764883299.0,1764883298,1764883298,1764703200,1764883298,1.0,13.0,13.0,1.0,True,False,4.78,6828.27,6828.27,6828.27,128,1,2,1814,1814.0,28.0,APPROACH_NO_CONTACT,0.0,2,MERGE,8794899388645991450,False,True
RG2_US500_PERIOD_M5_1764547200_1764975300_7828061311987021760,US500,13650887098704793874,3342095603554413255,3830340969419584327,1,1764898465,1764898465,1764903600.0,1764903000,1764903000,1764896400,1764902295,1305.0,5135.0,5135.0,600.0,True,False,4.33,6850.57,6850.83,6851.1,144,2,2,109,111.0,1.0,APPROACH_NO_CONTACT,0.0,0,,,False,False
RG2_US500_PERIOD_M5_1764547200_1764975300_7828061311987021760,US500,13009651540986657564,7531841645743498263,1493502259004018314,1,1764903660,1764903660,1764903791.0,1764903785,1764903785,1764903645,1764903783,8.0,131.0,131.0,6.0,True,False,4.33,6862.85,6863.09,6863.34,320,2,2,17,17.0,1.0,BROKEN_NO_ACCEPTANCE,0.17097967,0,,,False,False
RG2_US500_PERIOD_M5_1764547200_1764975300_7828061311987021760,US500,18074397802376571901,1743444005566784059,18228092143787063929,3,1764949377,1764949377,1764949538.0,1764949536,1764949536,1764899188,1764949530,8.0,161.0,161.0,2.0,True,False,1.76,6851.71,6851.76,6851.8,80,2,2,341,341.0,3.0,BROKEN_NO_ACCEPTANCE,0.10820046,0,,,False,False
RG2_US500_PERIOD_M5_1764547200_1764975300_7828061311987021760,US500,11853781500846041032,12072021334873128461,15129071154939362289,1,1764949541,1764949541,1764949591.0,1764949590,1764949590,1764949540,1764949590,1.0,50.0,50.0,1.0,True,False,1.76,6850.38,6850.47,6850.57,192,2,2,6,6.0,1.0,BROKEN_NO_ACCEPTANCE,0.12528474,0,,,False,False
RG2_US500_PERIOD_M5_1766361600_1766789700_6275432351093221649,US500,11964544106561321561,256986628746670200,11919126995938764880,1,1766421135,1766421135,1766427264.0,1766427256,1766427256,1766365200,1766427212,52.0,6129.0,6129.0,8.0,True,False,2.54,6874.35,6884.61,6896.7,896,3,9,498,498.0,1.0,APPROACH_NO_CONTACT,0.0,0,,,False,False
RG2_US500_PERIOD_M5_1766361600_1766789700_6275432351093221649,US500,7028420406644192578,13253495159426123703,16900246597590727171,1,1766504189,1766504189,1766504198.0,1766504197,1766504197,1766504188,1766504196,2.0,9.0,9.0,1.0,True,False,1.57,6868.17,6868.25,6868.33,192,2,2,5,5.0,1.0,BROKEN_NO_ACCEPTANCE,0.21669853,0,,,False,False
RG2_US500_PERIOD_M5_1766361600_1766789700_6275432351093221649,US500,3243003692305514455,1500711834131286554,9773986894107517289,4,1766508522,1766511867,1766512214.0,1766512170,1766512170,1766508521,1766512168,46.0,347.0,3692.0,44.0,True,False,2.69,6890.37,6890.53,6890.69,192,2,2,20,20.0,4.0,BROKEN_NO_ACCEPTANCE,0.14471243,0,,,False,False
RG2_US500_PERIOD_M5_1766361600_1766789700_6275432351093221649,US500,7472115212941917520,724341071930809267,6735424024698319646,1,1766521276,1766521276,1766521288.0,1766521283,1766521283,1766521272,1766521281,7.0,12.0,12.0,5.0,True,False,2.9,6905.2,6905.35,6905.51,192,2,2,6,6.0,1.0,BROKEN_NO_ACCEPTANCE,0.15495868,0,,,False,False
RG2_US500_PERIOD_M5_1766361600_1766789700_6275432351093221649,US500,10298911877264968776,861278565534966395,18394294175622170093,1,1766538041,1766538041,1766538064.0,1766538062,1766538062,1766538038,1766538061,3.0,23.0,23.0,2.0,True,False,2.75,6905.2,6905.35,6905.5,192,2,2,12,12.0,1.0,BROKEN_NO_ACCEPTANCE,0.18929742,0,,,False,False
RG2_US500_PERIOD_M5_1766361600_1766789700_6275432351093221649,US500,4186905540325570428,18005907535030333663,7167269493744458412,2,1766541626,1766541705,1766542022.0,1766542020,1766542020,1766541600,1766542019,3.0,317.0,396.0,2.0,True,False,2.27,6906.7,6906.8,6906.9,80,2,2,6,6.0,2.0,BROKEN_NO_ACCEPTANCE,0.08826125,0,,,False,False
RG2_US500_PERIOD_M5_1766361600_1766789700_6275432351093221649,US500,14456849276407943852,12984526866038700359,6801088495176779122,1,1766549428,1766549428,1766552670.0,1766552400,1766552400,1766548800,1766551453,1217.0,3242.0,3242.0,270.0,True,False,1.46,6905.2,6905.25,6905.3,144,2,2,19,22.0,1.0,APPROACH_NO_CONTACT,0.0,0,,,False,False
RG2_US500_PERIOD_M5_1766361600_1766789700_6275432351093221649,US500,10413460165790311784,18334658041494869532,9519350457708072879,26,1766513975,1766549639,1766556900.0,1766556000,1766556000,1766504700,1766552699,4201.0,7261.0,42925.0,900.0,True,False,1.56,6897.4,6901.41,6904.45,898,4,4,528,538.0,26.0,PENETRATED_NO_RESOLUTION,1.59489633,0,,,False,False
RG2_US500_PERIOD_M5_1766361600_1766789700_6275432351093221649,US500,8548026223003301762,4938266763015490647,4861044380472945896,1,1766556300,1766556300,1766559928.0,1766559600,1766559600,1766556000,1766559283,645.0,3628.0,3628.0,328.0,True,False,1.23,6897.4,6902.07,6904.45,914,5,6,12,14.0,1.0,PENETRATED_NO_RESOLUTION,2.06143897,0,,,False,False
RG2_US500_PERIOD_M5_1766361600_1766789700_6275432351093221649,US500,15551361457104171866,497381868294155547,1693714873345425711,16,1766574673,1766583810,1766585400.0,1766584800,1766584800,1766566800,1766581200,4200.0,1590.0,10727.0,600.0,True,False,0.85,6905.2,6905.25,6905.3,144,2,2,47,56.0,16.0,APPROACH_NO_CONTACT,0.0,0,,,False,False
RG2_US500_PERIOD_M5_1766361600_1766789700_6275432351093221649,US500,11285372660195166608,6983515228091930547,8396772174806739474,1,1766585880,1766585880,1766585965.0,1766585940,1766585940,1766585879,1766585913,52.0,85.0,85.0,25.0,True,False,0.86,6907.9,6907.9,6907.9,320,2,2,2,2.0,1.0,PENETRATED_NO_RESOLUTION,0.11655012,0,,,False,False
RG2_US500_PERIOD_M5_1766361600_1766789700_6275432351093221649,US500,10515443983553473245,3229249312258906557,10260184624054897837,9,1766586080,1766590459,1766592000.0,1766591588,1766591588,1766586000,1766591579,421.0,1541.0,5920.0,412.0,True,False,0.97,6908.6,6910.75,6910.8,64,1,2,44,44.0,9.0,BROKEN_NO_ACCEPTANCE,2.28690229,0,,,False,False
RG2_US500_PERIOD_M5_1766361600_1766789700_6275432351093221649,US500,2897153768798245967,10705937700200011130,3937595112934148891,1,1766594116,1766594116,1766594125.0,1766594124,1766594124,1766594116,1766594123,2.0,9.0,9.0,1.0,True,False,1.05,6911.4,6911.44,6911.48,320,2,2,5,5.0,1.0,BROKEN_NO_ACCEPTANCE,0.18043685,0,,,False,False
RG2_US500_PERIOD_M5_1766361600_1766789700_6275432351093221649,US500,13340297711050494201,11135299795621263577,6892289281996404228,2,1766594595,1766595259,1766595600.0,1766595311,1766595311,1766594594,1766595304,296.0,341.0,1005.0,289.0,True,False,1.22,6915.45,6915.51,6915.57,320,2,2,7,7.0,2.0,BROKEN_NO_ACCEPTANCE,0.14154871,0,,,False,False
RG2_US500_PERIOD_M5_1766361600_1766789700_6275432351093221649,US500,7299730181787909128,9320570802420870011,5226237827894062858,1,1766596120,1766596120,1766596157.0,1766596142,1766596142,1766596112,1766596116,41.0,37.0,37.0,15.0,True,False,1.23,6917.07,6917.13,6917.2,192,2,2,3,3.0,1.0,PENETRATED_NO_RESOLUTION,0.1080497,0,,,False,False
RG2_US500_PERIOD_M5_1766361600_1766789700_6275432351093221649,US500,287045291377129293,10951113363197192436,200477100021804869,1,1766599176,1766599176,1766599237.0,1766599235,1766599235,1766599174,1766599234,3.0,61.0,61.0,2.0,True,False,1.39,6923.8,6923.87,6923.94,192,2,2,7,7.0,1.0,BROKEN_NO_ACCEPTANCE,0.17253774,0,,,False,False
RG2_US500_PERIOD_M5_1766361600_1766789700_6275432351093221649,US500,17539897857240838229,5033399420607799852,3701322208347833798,1,1766599965,1766599965,1766600013.0,1766600006,1766600006,1766599962,1766600003,10.0,48.0,48.0,7.0,True,False,1.42,6926.47,6926.55,6926.63,192,2,2,5,5.0,1.0,BROKEN_NO_ACCEPTANCE,0.16174402,0,,,False,False
RG2_US500_PERIOD_M5_1766361600_1766789700_6275432351093221649,US500,3512977160856298144,13341645799706396259,1460587998846264051,1,1766601435,1766601435,1766601446.0,1766601445,1766601445,1766538000,1766601444,2.0,11.0,11.0,1.0,True,False,1.49,6933.15,6937.19,6942.5,896,3,4,570,570.0,1.0,APPROACH_NO_CONTACT,0.0,0,,,False,False
RG2_US500_PERIOD_M5_1766361600_1766789700_6275432351093221649,US500,12462940189175113098,14199467454022413793,10666611004827226572,1,1766710840,1766710840,1766710874.0,1766710872,1766710872,1766710838,1766710839,35.0,34.0,34.0,2.0,True,False,1.87,6932.9,6932.9,6932.9,320,2,2,3,3.0,1.0,APPROACH_NO_CONTACT,0.0,0,,,False,False
RG2_US500_PERIOD_M5_1766361600_1766789700_6275432351093221649,US500,6063009319305919863,3136215223330723374,16213625533962178208,47,1766762460,1766766795,1766767302.0,1766767301,1766767301,1766601445,1766767300,2.0,507.0,4842.0,1.0,True,False,1.42,6933.15,6937.64,6942.59,976,5,6,436,436.0,47.0,BROKEN_NO_ACCEPTANCE,6.63853727,0,,,False,False
RG2_US500_PERIOD_M5_1766361600_1766789700_6275432351093221649,US500,3713436073342883912,10387444786416136603,9748362510601118011,1,1766767515,1766767515,1766767565.0,1766767564,1766767564,1766767513,1766767563,2.0,50.0,50.0,1.0,True,False,1.45,6943.5,6943.57,6943.64,192,2,2,8,8.0,1.0,BROKEN_NO_ACCEPTANCE,0.16551724,0,,,False,False
RG2_US500_PERIOD_M5_1766361600_1766789700_6275432351093221649,US500,10879135637138877431,4484820057114243366,8040937958107147304,18,1766767301,1766772698,1766776200.0,1766775600,1766775600,1766767301,1766772900,3300.0,3502.0,8899.0,600.0,True,False,2.04,6932.9,6936.22,6942.5,912,4,6,58,66.0,18.0,APPROACH_NO_CONTACT,0.0,0,,,False,False
RG2_US500_PERIOD_M5_1766361600_1766789700_6275432351093221649,US500,16403703150507971311,11394605413942334010,16031788776253474097,1,1766777402,1766777402,1766779800.0,1766779200,1766779200,1766775600,1766777020,2780.0,2398.0,2398.0,600.0,True,False,2.32,6930.98,6935.1,6942.5,914,5,8,20,27.0,1.0,APPROACH_NO_CONTACT,0.0,0,,,False,False
RG2_US500_PERIOD_M5_1766361600_1766789700_6275432351093221649,US500,6049462235647292564,7347870876279675617,10381626334238215194,6,1766776260,1766780575,1766780608.0,1766780606,1766780606,1766776256,1766780605,3.0,33.0,4348.0,2.0,True,False,2.46,6922.09,6922.19,6922.3,192,2,2,22,22.0,6.0,BROKEN_NO_ACCEPTANCE,0.08522727,0,,,False,False
RG2_US500_PERIOD_M5_1773014400_1773442200_10013978319232738791,US500,13030358735568848664,3439092110567020925,3025551180179382123,1,1773025243,1773025243,1773025821.0,1773025820,1773025820,1773025200,1773025819,2.0,578.0,578.0,1.0,True,False,10.88,6607.03,6607.66,6608.3,80,2,2,12,12.0,1.0,BROKEN_NO_ACCEPTANCE,0.11677087,0,,,False,False
RG2_US500_PERIOD_M5_1773014400_1773442200_10013978319232738791,US500,16533996068742538125,15246305267915867523,7940731391898536194,4,1773026441,1773027663,1773027722.0,1773027721,1773027721,1773026440,1773027721,1.0,59.0,1281.0,1.0,True,False,10.57,6598.72,6599.31,6599.9,320,2,2,48,48.0,4.0,BROKEN_NO_ACCEPTANCE,0.11159448,0,,,False,False
RG2_US500_PERIOD_M5_1773014400_1773442200_10013978319232738791,US500,7837058650778294189,13328666849799640856,5061145394858801661,2,1773028320,1773028837,1773029856.0,1773029850,1773029850,1773028320,1773029849,7.0,1019.0,1536.0,6.0,True,False,10.28,6582.64,6583.25,6583.85,320,2,2,30,30.0,2.0,BROKEN_NO_ACCEPTANCE,0.22961666,0,,,False,False
RG2_US500_PERIOD_M5_1773014400_1773442200_10013978319232738791,US500,7234773938652159740,9417942430714325681,12005071543724997805,2,1773036013,1773036122,1773040200.0,1773039600,1773039600,1773036000,1773036000,4200.0,4078.0,4187.0,600.0,True,False,9.25,6599.9,6601.33,6605.3,258,2,2,1,12.0,2.0,APPROACH_NO_CONTACT,0.0,0,,,False,False
RG2_US500_PERIOD_M5_1773014400_1773442200_10013978319232738791,US500,6509400359201971901,9783779629388194116,11163066509284488068,1,1773091983,1773091983,1773092000.0,1773091999,1773091999,1773091972,1773091999,1.0,17.0,17.0,1.0,True,False,9.86,6791.45,6791.97,6792.49,320,2,2,21,21.0,1.0,BROKEN_NO_ACCEPTANCE,0.10549807,0,,,False,False
RG2_US500_PERIOD_M5_1773014400_1773442200_10013978319232738791,US500,13808697337674133470,2747093999233571517,8502067312907311344,1,1773092080,1773092080,1773092262.0,1773092262,1773092262,1773092078,1773092261,1.0,182.0,182.0,0.0,False,False,10.06,6799.63,6800.19,6800.75,192,2,2,24,24.0,1.0,BROKEN_NO_ACCEPTANCE,0.18380527,0,,,False,False
RG2_US500_PERIOD_M5_1773014400_1773442200_10013978319232738791,US500,15418814093772054764,14615622124024759623,16547538487035996878,1,1773092320,1773092320,1773100802.0,1773100800,1773100800,1773057000,1773093600,7202.0,8482.0,8482.0,2.0,True,False,10.62,6817.0,6817.47,6817.95,256,1,2,829,840.0,1.0,APPROACH_NO_CONTACT,0.0,0,,,False,False
RG2_US500_PERIOD_M5_1773014400_1773442200_10013978319232738791,US500,7057333456935985037,12545137195357898338,18147238581454076597,1,1773100920,1773100920,1773101019.0,1773101019,1773101019,1773100911,1773101018,1.0,99.0,99.0,0.0,False,False,10.62,6776.06,6778.12,6783.15,66,2,2,59,59.0,1.0,BROKEN_NO_ACCEPTANCE,0.69140919,0,,,False,False
RG2_US500_PERIOD_M5_1773014400_1773442200_10013978319232738791,US500,7661426649706736131,14756485124891993960,6619316534450633694,1,1773107431,1773107431,1773107548.0,1773107546,1773107546,1773107430,1773107546,2.0,117.0,117.0,2.0,True,False,9.14,6762.84,6763.39,6763.93,192,2,2,22,22.0,1.0,BROKEN_NO_ACCEPTANCE,0.22869023,0,,,False,False
RG2_US500_PERIOD_M5_1773014400_1773442200_10013978319232738791,US500,2684562353072834900,14721316102477954733,9246761242926493378,2,1773114665,1773114665,1773119100.0,1773117900,1773117900,1773100800,1773118200,900.0,4435.0,4435.0,1200.0,True,True,7.89,6791.45,6791.93,6792.4,320,2,2,337,337.0,2.0,APPROACH_NO_CONTACT,0.0,0,,,False,False
RG2_US500_PERIOD_M5_1773014400_1773442200_10013978319232738791,US500,1839780699594322196,20242738147721951,11253567034721723389,1,1773133541,1773133541,1773134436.0,1773134435,1773134435,1773133538,1773134435,1.0,895.0,895.0,1.0,True,False,4.81,6800.5,6800.76,6801.01,320,2,2,14,14.0,1.0,BROKEN_NO_ACCEPTANCE,0.14760915,0,,,False,False
RG2_US500_PERIOD_M5_1773014400_1773442200_10013978319232738791,US500,14565726872545120889,3926833394782346351,16815504976595880841,4,1773134677,1773135760,1773136776.0,1773136200,1773136200,1773092321,1773136180,596.0,1016.0,2099.0,576.0,True,False,5.0,6810.58,6811.74,6812.9,68,2,2,596,596.0,4.0,BROKEN_NO_ACCEPTANCE,0.74940839,0,,,False,False
RG2_US500_PERIOD_M5_1773014400_1773442200_10013978319232738791,US500,9740696380674853279,17596744519215428874,3623371347436863307,1,1773137252,1773137252,1773137260.0,1773137259,1773137259,1773137251,1773137259,1.0,8.0,8.0,1.0,True,False,5.04,6818.97,6819.2,6819.44,192,2,2,7,7.0,1.0,BROKEN_NO_ACCEPTANCE,0.15073384,0,,,False,False
RG2_US500_PERIOD_M5_1773014400_1773442200_10013978319232738791,US500,15103688078697846863,1994997565089263706,10678407015397346931,1,1773138556,1773138556,1773138988.0,1773138987,1773138987,1773138554,1773138986,2.0,432.0,432.0,1.0,True,False,5.14,6826.63,6826.93,6827.22,192,2,2,19,19.0,1.0,BROKEN_NO_ACCEPTANCE,0.17891871,0,,,False,False
RG2_US500_PERIOD_M5_1773014400_1773442200_10013978319232738791,US500,8732117815237962957,16173291710855393652,16424681842128118668,1,1773170311,1773170311,1773170365.0,1773170363,1773170363,1773170309,1773170362,3.0,54.0,54.0,2.0,True,False,7.75,6839.3,6839.45,6839.61,80,2,2,18,18.0,1.0,BROKEN_NO_ACCEPTANCE,0.12638638,3,MERGE,566705541703399361,False,True
RG2_US500_PERIOD_M5_1773014400_1773442200_10013978319232738791,US500,7552958464892503987,8166819958592083942,9603384518621270234,1,1773175659,1773175659,1773177300.0,1773176400,1773176400,1773175500,1773175500,1800.0,1641.0,1641.0,900.0,True,False,9.03,6810.9,6812.64,6816.76,18,2,2,1,3.0,1.0,APPROACH_NO_CONTACT,0.0,0,,,False,False
RG2_US500_PERIOD_M5_1773014400_1773442200_10013978319232738791,US500,10117822427499151816,8495117516041178586,8694618969801346958,15,1773173668,1773178841,1773187202.0,1773187200,1773187200,1773160800,1773181800,5402.0,8361.0,13534.0,2.0,True,False,9.0,6799.63,6800.07,6800.5,384,2,2,218,223.0,15.0,APPROACH_NO_CONTACT,0.0,0,,,False,False
RG2_US500_PERIOD_M5_1773014400_1773442200_10013978319232738791,US500,10215998179578393710,7321136323137300475,9997779648391867289,1,1773188967,1773188967,1773189423.0,1773189337,1773189337,1773188962,1773189335,88.0,456.0,456.0,86.0,True,False,8.95,6781.45,6781.98,6782.5,80,2,2,19,19.0,1.0,BROKEN_NO_ACCEPTANCE,0.16879052,0,,,False,False
RG2_US500_PERIOD_M5_1773014400_1773442200_10013978319232738791,US500,9788260190864380760,14836429332894821931,13018819166902747138,1,1773194960,1773194960,1773194968.0,1773194967,1773194967,1773194956,1773194967,1.0,8.0,8.0,1.0,True,False,7.35,6800.5,6800.85,6801.2,320,2,2,16,16.0,1.0,BROKEN_NO_ACCEPTANCE,0.18377348,0,,,False,False
RG2_US500_PERIOD_M5_1773014400_1773442200_10013978319232738791,US500,12999432151328347911,13432803738673466626,13731779213253300547,1,1773194980,1773194980,1773195450.0,1773195449,1773195449,1773194979,1773195448,2.0,470.0,470.0,1.0,True,False,7.43,6805.82,6806.24,6806.65,68,2,2,14,14.0,1.0,BROKEN_NO_ACCEPTANCE,0.18157364,0,,,False,False
RG2_US500_PERIOD_M5_1773014400_1773442200_10013978319232738791,US500,11028519006270632393,6783610962566144090,15577865342581830607,4,1773187218,1773194763,1773199048.0,1773198900,1773198900,1773187201,1773198000,1048.0,4285.0,11830.0,148.0,True,False,7.07,6791.45,6791.88,6792.3,272,2,2,262,264.0,4.0,APPROACH_NO_CONTACT,0.0,0,,,False,False
RG2_US500_PERIOD_M5_1773014400_1773442200_10013978319232738791,US500,2613017534713948969,11326522829296406056,3281952927917073085,1,1773199948,1773199948,1773200350.0,1773200342,1773200342,1773199944,1773200316,34.0,402.0,402.0,8.0,True,False,6.84,6811.1,6811.5,6811.9,80,2,2,12,12.0,1.0,BROKEN_NO_ACCEPTANCE,0.17100263,0,,,False,False
RG2_US500_PERIOD_M5_1773014400_1773442200_10013978319232738791,US500,10459775954463331699,14054316892006201368,13841464087114852014,1,1773198215,1773198215,1773202200.0,1773201600,1773201600,1773198000,1773201300,900.0,3985.0,3985.0,600.0,True,False,7.23,6798.63,6798.82,6799.0,144,2,2,63,63.0,1.0,APPROACH_NO_CONTACT,0.0,0,,,False,False
RG2_US500_PERIOD_M5_1773014400_1773442200_10013978319232738791,US500,3750098724721347316,14464113512734923985,10725573897990847668,1,1773226410,1773226410,1773226444.0,1773226418,1773226418,1773226408,1773226418,26.0,34.0,34.0,26.0,True,False,3.39,6774.09,6774.27,6774.45,320,2,2,10,10.0,1.0,BROKEN_NO_ACCEPTANCE,0.15620395,0,,,False,False
RG2_US500_PERIOD_M5_1773014400_1773442200_10013978319232738791,US500,5463822050214258886,10486400174301426421,6327699794910881065,7,1773221838,1773225855,1773226933.0,1773226800,1773226800,1773190800,1773226635,298.0,1078.0,5095.0,133.0,True,False,3.53,6778.98,6782.38,6785.53,18,2,2,391,391.0,7.0,BROKEN_NO_ACCEPTANCE,4.12675234,0,,,False,False
RG2_US500_PERIOD_M5_1773014400_1773442200_10013978319232738791,US500,8078146628100655986,14740645902153216670,2098747798620830901,6,1773241519,1773244229,1773245400.0,1773244800,1773244800,1773241200,1773241500,3900.0,1171.0,3881.0,600.0,True,False,6.73,6778.98,6782.38,6785.53,18,2,2,2,12.0,6.0,BROKEN_NO_ACCEPTANCE,2.38030642,0,,,False,False
RG2_US500_PERIOD_M5_1773014400_1773442200_10013978319232738791,US500,12594917432277859148,1341862139525630718,5276318483947291422,20,1773240449,1773249460,1773250180.0,1773250179,1773250179,1773025200,1773248400,1780.0,720.0,9731.0,1.0,True,False,8.09,6702.93,6729.49,6759.0,960,4,13,3078,3083.0,20.0,APPROACH_NO_CONTACT,0.0,0,,,False,False
RG2_US500_PERIOD_M5_1773014400_1773442200_10013978319232738791,US500,1935215619536812213,4000162058212944685,4484591698375917049,2,1773240460,1773249450,1773250180.0,1773250179,1773250179,1773240458,1773248400,1780.0,730.0,9720.0,1.0,True,False,8.09,6760.1,6760.13,6760.17,192,2,2,34,39.0,2.0,APPROACH_NO_CONTACT,0.0,0,,,False,False
RG2_US500_PERIOD_M5_1773014400_1773442200_10013978319232738791,US500,13399322490232089066,10825900264154664962,7210566473162603793,5,1773248531,1773249878,1773252133.0,1773252000,1773252000,1773248400,1773251354,779.0,2255.0,3602.0,133.0,True,False,8.41,6778.98,6782.38,6785.53,18,2,2,134,136.0,5.0,APPROACH_NO_CONTACT,0.0,0,,,False,False
RG2_US500_PERIOD_M5_1773014400_1773442200_10013978319232738791,US500,2298741400151445291,3939294632033495372,1512463657179719159,27,1773229876,1773264926,1773273628.0,1773273627,1773273627,1773176400,1773273627,1.0,8702.0,43752.0,1.0,True,False,8.46,6761.84,6762.32,6762.8,80,2,2,1010,1010.0,27.0,BROKEN_NO_ACCEPTANCE,0.30267203,0,,,False,False
RG2_US500_PERIOD_M5_1773014400_1773442200_10013978319232738791,US500,9518993401713226431,13796455392208634632,17073984535212487760,17,1773250197,1773263801,1773273601.0,1773273600,1773273600,1773250179,1773266400,7201.0,9800.0,23404.0,1.0,True,False,8.46,6702.93,6728.6,6757.65,960,4,13,200,211.0,17.0,APPROACH_NO_CONTACT,0.0,0,,,False,False
RG2_US500_PERIOD_M5_1773014400_1773442200_10013978319232738791,US500,1520586238836945010,1302956205888114663,13655776490036644815,1,1773273641,1773273641,1773273701.0,1773273700,1773273700,1773273637,1773273699,2.0,60.0,60.0,1.0,True,False,8.46,6759.2,6759.68,6760.17,192,2,2,20,20.0,1.0,BROKEN_NO_ACCEPTANCE,0.17734689,0,,,False,False
RG2_US500_PERIOD_M5_1773014400_1773442200_10013978319232738791,US500,14673714765057670919,4070255195175843033,12443431290883641574,2,1773273691,1773273975,1773275729.0,1773275400,1773275400,1773273600,1773275319,410.0,1754.0,2038.0,329.0,True,False,8.36,6745.9,6750.37,6755.9,448,3,3,184,184.0,2.0,BROKEN_NO_ACCEPTANCE,1.89964158,0,,,False,False
RG2_US500_PERIOD_M5_1773014400_1773442200_10013978319232738791,US500,18134085750579002549,16609694659808972218,11886698941150463912,1,1773275859,1773275859,1773276149.0,1773276101,1773276101,1773275859,1773276100,49.0,290.0,290.0,48.0,True,False,8.35,6732.93,6733.38,6733.83,192,2,2,22,22.0,1.0,BROKEN_NO_ACCEPTANCE,0.22384486,0,,,False,False
RG2_US500_PERIOD_M5_1773014400_1773442200_10013978319232738791,US500,13308089470005240902,13660436470834269002,5408365607127799688,2,1773277200,1773278102,1773281400.0,1773280800,1773280800,1773277200,1773279942,1458.0,3298.0,4200.0,600.0,True,False,8.04,6738.0,6738.0,6738.0,16,1,2,176,178.0,2.0,APPROACH_NO_CONTACT,0.0,0,,,False,False
RG2_US500_PERIOD_M5_1773014400_1773442200_10013978319232738791,US500,5044850785166440376,1092844333203321105,12057622511641090393,2,1773333485,1773333758,1773335616.0,1773335615,1773335615,1773333484,1773335614,2.0,1858.0,2131.0,1.0,True,False,6.77,6681.75,6682.15,6682.55,320,2,2,44,44.0,2.0,BROKEN_NO_ACCEPTANCE,0.47260375,0,,,True,True
RG2_US500_PERIOD_M5_1773014400_1773442200_10013978319232738791,US500,16643228309980545783,7299757122450744858,11470112595047545107,2,1773335620,1773345341,1773351995.0,1773351990,1773351990,1773335616,1773351989,6.0,6654.0,16375.0,5.0,True,False,9.56,6679.6,6680.08,6680.57,192,2,2,66,66.0,2.0,BROKEN_NO_ACCEPTANCE,0.13599749,0,,,False,False
RG2_US500_PERIOD_M5_1773014400_1773442200_10013978319232738791,US500,11049862812897009173,9085263971551702394,2705205778584304947,1,1773353490,1773353490,1773353700.0,1773353498,1773353498,1773353486,1773353498,202.0,210.0,210.0,202.0,True,False,9.61,6668.67,6669.19,6669.7,320,2,2,10,10.0,1.0,BROKEN_NO_ACCEPTANCE,0.12050696,0,,,False,False
RG2_US500_PERIOD_M5_1773014400_1773442200_10013978319232738791,US500,8150854560693735869,13205006840169085956,11112233074125974621,1,1773363600,1773363600,1773363912.0,1773363910,1773363910,1773363600,1773363904,8.0,312.0,312.0,2.0,True,False,8.88,6689.6,6690.1,6690.6,80,2,2,14,14.0,1.0,BROKEN_NO_ACCEPTANCE,0.11265067,0,,,False,False
RG2_US500_PERIOD_M5_1773014400_1773442200_10013978319232738791,US500,6393765718758213888,1046971823187676998,2117198938835332067,4,1773360011,1773363099,1773365700.0,1773365100,1773365100,1773360011,1773364200,1500.0,2601.0,5689.0,600.0,True,False,9.19,6683.95,6684.45,6684.95,256,1,2,165,167.0,4.0,PENETRATED_NO_RESOLUTION,0.0872905,0,,,False,False
RG2_US500_PERIOD_M5_1773014400_1773442200_10013978319232738791,US500,11929792787785852787,334853988326704409,17458730222012506914,2,1773360035,1773361467,1773367214.0,1773367200,1773367200,1773360000,1773365100,2114.0,5747.0,7179.0,14.0,True,False,7.83,6668.2,6672.19,6675.08,322,3,4,181,187.0,2.0,APPROACH_NO_CONTACT,0.0,0,,,False,False
RG2_US500_PERIOD_M5_1773014400_1773442200_10013978319232738791,US500,10382156040043320224,5819006394898644917,8760928458774711167,1,1773385919,1773385919,1773389400.0,1773388800,1773388800,1773385200,1773385200,4200.0,3481.0,3481.0,600.0,True,False,4.02,6682.55,6682.57,6682.6,272,2,2,1,12.0,1.0,APPROACH_NO_CONTACT,0.0,0,,,False,False
RG2_US500_PERIOD_M5_1773014400_1773442200_10013978319232738791,US500,165653895688954361,6453503429167032957,17205852959876215238,3,1773390361,1773390754,1773392066.0,1773391800,1773391800,1773370800,1773391780,286.0,1312.0,1705.0,266.0,True,False,3.84,6668.2,6672.83,6678.84,322,3,3,153,153.0,3.0,BROKEN_NO_ACCEPTANCE,3.51372549,0,,,False,False
RG2_US500_PERIOD_M5_1773014400_1773442200_10013978319232738791,US500,11392886049546173963,18048280484784886592,14476333632647806316,1,1773392501,1773392501,1773392666.0,1773392665,1773392665,1773392500,1773392659,7.0,165.0,165.0,1.0,True,False,3.85,6660.36,6660.56,6660.77,192,2,2,24,24.0,1.0,BROKEN_NO_ACCEPTANCE,0.37422037,0,,,False,False
RG2_US500_PERIOD_M5_1773014400_1773442200_10013978319232738791,US500,11498896054714785205,6235568295247828218,17818323109132268430,1,1773392789,1773392789,1773392798.0,1773392797,1773392797,1773360000,1773392797,1.0,9.0,9.0,1.0,True,False,3.89,6608.57,6632.05,6653.05,896,3,8,631,631.0,1.0,APPROACH_NO_CONTACT,0.0,0,,,False,False
RG2_US500_PERIOD_M5_1773014400_1773442200_10013978319232738791,US500,14367164434117788638,5441872001184560107,7221293610406668762,2,1773399618,1773400661,1773403800.0,1773403200,1773403200,1773399600,1773399600,4200.0,3139.0,4182.0,600.0,True,False,4.32,6660.27,6661.86,6666.46,130,2,3,1,12.0,2.0,APPROACH_NO_CONTACT,0.0,0,,,False,False
RG2_US500_PERIOD_M5_1773014400_1773442200_10013978319232738791,US500,10795981881853331706,17108477476962798879,2202958308089336925,1,1773403279,1773403279,1773407400.0,1773406800,1773406800,1773403200,1773403200,4200.0,4121.0,4121.0,600.0,True,False,4.43,6666.46,6669.28,6672.65,18,2,2,1,12.0,1.0,APPROACH_NO_CONTACT,0.0,0,,,False,False
RG2_US500_PERIOD_M5_1773014400_1773442200_10013978319232738791,US500,18010008776500542408,7988636440998283611,8663369556352040309,1,1773416561,1773416561,1773416609.0,1773416608,1773416608,1773416561,1773416608,1.0,48.0,48.0,1.0,True,False,5.88,6722.45,6722.79,6723.13,320,2,2,9,9.0,1.0,BROKEN_NO_ACCEPTANCE,0.22630594,0,,,False,False
RG2_US500_PERIOD_M5_1780272000_1780700100_8888579981882631925,US500,9649725489545108310,12790692457657987589,11772409277812471223,1,1780278317,1780278317,1780278392.0,1780278338,1780278338,1780278313,1780278337,55.0,75.0,75.0,54.0,True,False,5.07,7588.2,7588.5,7588.8,320,2,2,13,13.0,1.0,BROKEN_NO_ACCEPTANCE,0.16752069,0,,,False,False
RG2_US500_PERIOD_M5_1780272000_1780700100_8888579981882631925,US500,5500600360323667236,1865236085403119119,12742226886656324374,1,1780279200,1780279200,1780280134.0,1780280055,1780280055,1780279200,1780280045,89.0,934.0,934.0,79.0,True,False,5.0,7590.4,7590.68,7590.95,80,2,2,8,8.0,1.0,BROKEN_NO_ACCEPTANCE,0.10958358,0,,,False,False
RG2_US500_PERIOD_M5_1780272000_1780700100_8888579981882631925,US500,12535405108350846318,15121771439238070419,7375299561899029691,3,1780279201,1780280703,1780282875.0,1780282800,1780282800,1780279200,1780282360,515.0,2172.0,3674.0,75.0,True,False,4.87,7588.2,7588.45,7588.7,272,2,2,41,42.0,3.0,APPROACH_NO_CONTACT,0.0,0,,,False,False
RG2_US500_PERIOD_M5_1780272000_1780700100_8888579981882631925,US500,13543372381801056702,1231400691678237135,15782262760935868456,2,1780278632,1780282805,1780283118.0,1780283100,1780283100,1780275600,1780282997,121.0,313.0,4486.0,18.0,True,False,4.84,7592.85,7594.02,7595.6,336,3,3,259,259.0,2.0,BROKEN_NO_ACCEPTANCE,0.83162218,0,,,False,False
RG2_US500_PERIOD_M5_1780272000_1780700100_8888579981882631925,US500,13890889938454444424,14838479864522927515,10186227389431924626,1,1780290000,1780290000,1780290119.0,1780290101,1780290101,1780290000,1780290093,26.0,119.0,119.0,18.0,True,False,3.73,7601.6,7601.8,7601.99,80,2,2,6,6.0,1.0,BROKEN_NO_ACCEPTANCE,0.10461373,0,,,False,False
RG2_US500_PERIOD_M5_1780272000_1780700100_8888579981882631925,US500,12421961904401798638,8558164543915440393,10721943539450832367,2,1780293613,1780295402,1780295429.0,1780295423,1780295423,1780293600,1780295420,9.0,27.0,1816.0,6.0,True,False,3.15,7605.0,7605.16,7605.33,80,2,2,11,11.0,2.0,BROKEN_NO_ACCEPTANCE,0.10469543,0,,,False,False
RG2_US500_PERIOD_M5_1780272000_1780700100_8888579981882631925,US500,6480163837413425922,12679395742361685929,13605482227416788242,1,1780295486,1780295486,1780295700.0,1780295526,1780295526,1780295482,1780295523,177.0,214.0,214.0,174.0,True,False,3.15,7606.3,7606.44,7606.58,192,2,2,6,6.0,1.0,BROKEN_NO_ACCEPTANCE,0.1427665,0,,,False,False
RG2_US500_PERIOD_M5_1780272000_1780700100_8888579981882631925,US500,3220790217300004351,7217290139675336463,5058158355362981014,8,1780286131,1780296917,1780297800.0,1780297200,1780297200,1780286130,1780295538,2262.0,883.0,11669.0,600.0,True,False,3.08,7600.9,7600.98,7601.05,272,2,2,84,89.0,8.0,APPROACH_NO_CONTACT,0.0,0,,,False,False
RG2_US500_PERIOD_M5_1780272000_1780700100_8888579981882631925,US500,298645597447788321,18137289311989353744,15176499059562164380,1,1780295523,1780295523,1780301400.0,1780300800,1780300800,1780275600,1780297200,4200.0,5877.0,5877.0,600.0,True,False,3.15,7608.1,7618.0,7628.0,896,3,8,386,397.0,1.0,APPROACH_NO_CONTACT,0.0,0,,,False,False
RG2_US500_PERIOD_M5_1780272000_1780700100_8888579981882631925,US500,7717787266516063026,12824283124933035975,4902536145025998872,1,1780302540,1780302540,1780308244.0,1780308000,1780308000,1780300800,1780304400,3844.0,5704.0,5704.0,244.0,True,False,1.95,7600.9,7600.98,7601.05,272,2,2,13,24.0,1.0,APPROACH_NO_CONTACT,0.0,0,,,False,False
RG2_US500_PERIOD_M5_1780272000_1780700100_8888579981882631925,US500,2111460908330598850,1310625656327530121,17888725253807614257,1,1780303755,1780303755,1780308305.0,1780308303,1780308303,1780297200,1780308256,49.0,4550.0,4550.0,2.0,True,False,1.95,7606.9,7607.0,7607.1,80,2,2,41,42.0,1.0,BROKEN_NO_ACCEPTANCE,0.10261673,0,,,False,False
RG2_US500_PERIOD_M5_1780272000_1780700100_8888579981882631925,US500,18444329731651554486,10686310041892725315,12892142218788838362,2,1780324539,1780324539,1780324778.0,1780324660,1780324660,1780300800,1780324657,121.0,239.0,239.0,118.0,True,False,2.01,7608.1,7616.57,7627.67,896,3,7,90,90.0,2.0,APPROACH_NO_CONTACT,0.0,0,,,False,False
RG2_US500_PERIOD_M5_1780272000_1780700100_8888579981882631925,US500,3911310047713687694,9227496977121882803,8257884945774474556,6,1780324260,1780325305,1780326600.0,1780326000,1780326000,1780322400,1780324800,1800.0,1295.0,2340.0,600.0,True,False,2.0,7606.1,7606.2,7606.3,144,2,2,14,17.0,6.0,APPROACH_NO_CONTACT,0.0,0,,,False,False
RG2_US500_PERIOD_M5_1780272000_1780700100_8888579981882631925,US500,18302162918077114117,1250024048174460746,14256073911558208556,1,1780331055,1780331055,1780331064.0,1780331063,1780331063,1780331054,1780331063,1.0,9.0,9.0,1.0,True,False,2.55,7568.0,7568.15,7568.3,320,2,2,12,12.0,1.0,BROKEN_NO_ACCEPTANCE,0.18039216,0,,,False,False
RG2_US500_PERIOD_M5_1780272000_1780700100_8888579981882631925,US500,11360846874059694977,5966909594206099290,327888431883518091,3,1780324662,1780324834,1780332300.0,1780331700,1780331700,1780324660,1780331475,825.0,7466.0,7638.0,600.0,True,False,2.96,7608.1,7615.68,7627.67,960,4,8,162,162.0,3.0,APPROACH_NO_CONTACT,0.0,0,,,False,False
RG2_US500_PERIOD_M5_1780272000_1780700100_8888579981882631925,US500,13961732206482728454,18244523224603204387,13349992100900185043,1,1780362033,1780362033,1780362059.0,1780362057,1780362057,1780362029,1780362056,3.0,26.0,26.0,2.0,True,False,4.97,7593.09,7593.38,7593.67,192,2,2,27,27.0,1.0,BROKEN_NO_ACCEPTANCE,0.16911617,0,,,False,False
RG2_US500_PERIOD_M5_1780272000_1780700100_8888579981882631925,US500,716457640071849019,1803740225829325213,3229211198225532313,2,1780364310,1780365338,1780367700.0,1780367100,1780367100,1780364306,1780365600,2100.0,2362.0,3390.0,600.0,True,False,4.48,7580.0,7580.25,7580.5,320,2,2,25,29.0,2.0,APPROACH_NO_CONTACT,0.0,0,,,False,False
RG2_US500_PERIOD_M5_1780272000_1780700100_8888579981882631925,US500,13143387751783703590,13278715680519119850,11637342679137182761,23,1780362389,1780368062,1780372417.0,1780372415,1780372415,1780275600,1780372409,8.0,4355.0,10028.0,2.0,True,False,3.75,7571.21,7577.02,7585.6,986,7,13,1100,1100.0,23.0,BROKEN_NO_ACCEPTANCE,3.83324454,0,,,False,False
RG2_US500_PERIOD_M5_1780272000_1780700100_8888579981882631925,US500,7903656101176011937,2532112440458558526,13496226943053920646,1,1780370737,1780370737,1780372417.0,1780372415,1780372415,1780362000,1780372409,8.0,1680.0,1680.0,2.0,True,False,3.75,7563.7,7566.66,7570.7,464,4,4,329,329.0,1.0,APPROACH_NO_CONTACT,0.0,0,,,False,False
RG2_US500_PERIOD_M5_1780272000_1780700100_8888579981882631925,US500,16430086856985937484,7499954267890059452,9109943302962993268,3,1780372418,1780372657,1780373100.0,1780372800,1780372800,1780372418,1780372756,344.0,443.0,682.0,300.0,True,False,3.64,7571.32,7577.51,7585.6,922,6,12,28,28.0,3.0,APPROACH_NO_CONTACT,0.0,0,,,False,False
RG2_US500_PERIOD_M5_1780272000_1780700100_8888579981882631925,US500,11991727743732532997,2253924935303134776,6414741557153107461,9,1780372800,1780375500,1780376788.0,1780376400,1780376400,1780372800,1780376399,389.0,1288.0,3988.0,388.0,True,False,3.57,7571.4,7571.77,7572.15,272,2,3,59,59.0,9.0,APPROACH_NO_CONTACT,0.0,0,,,False,False
RG2_US500_PERIOD_M5_1780272000_1780700100_8888579981882631925,US500,13618600744456882363,4777621659728861637,16562543416168065554,8,1780372827,1780375039,1780376788.0,1780376400,1780376400,1780372800,1780376399,389.0,1749.0,3961.0,388.0,True,False,3.57,7573.19,7579.88,7585.6,920,5,8,59,59.0,8.0,APPROACH_NO_CONTACT,0.0,0,,,False,False
RG2_US500_PERIOD_M5_1780272000_1780700100_8888579981882631925,US500,7403373583332677058,3598930826211956208,12918994629960405150,5,1780377626,1780384661,1780387800.0,1780387200,1780387200,1780376400,1780383600,4200.0,3139.0,10174.0,600.0,True,False,2.89,7571.32,7577.41,7585.6,922,6,12,46,56.0,5.0,PENETRATED_NO_RESOLUTION,2.6226349,0,,,False,False
RG2_US500_PERIOD_M5_1780272000_1780700100_8888579981882631925,US500,5886223658041234071,2918779083075395704,3080117058453647210,2,1780412671,1780412916,1780413600.0,1780413000,1780413000,1780412400,1780412400,1200.0,684.0,929.0,600.0,True,False,2.19,7573.45,7581.1,7585.6,912,4,7,1,2.0,2.0,APPROACH_NO_CONTACT,0.0,0,,,False,False
RG2_US500_PERIOD_M5_1780272000_1780700100_8888579981882631925,US500,7815403324751498841,689828975435447974,10205806447936433843,2,1780420406,1780420523,1780420813.0,1780420812,1780420812,1780420403,1780420804,9.0,290.0,407.0,1.0,True,False,2.71,7601.4,7601.56,7601.72,80,2,2,13,13.0,2.0,BROKEN_NO_ACCEPTANCE,0.24677716,0,,,False,False
RG2_US500_PERIOD_M5_1780272000_1780700100_8888579981882631925,US500,13444127880743412303,8783181389800554938,11600898782676375429,1,1780422398,1780422398,1780422450.0,1780422448,1780422448,1780422395,1780422397,53.0,52.0,52.0,2.0,True,False,2.91,7607.6,7607.6,7607.6,80,2,2,3,3.0,1.0,APPROACH_NO_CONTACT,0.0,0,,,False,False
RG2_US500_PERIOD_M5_1780272000_1780700100_8888579981882631925,US500,7379566415631668128,3405756233669175285,7724471003117115043,1,1780453419,1780453419,1780453453.0,1780453444,1780453444,1780453417,1780453444,9.0,34.0,34.0,9.0,True,False,3.06,7593.48,7593.57,7593.67,192,2,2,5,5.0,1.0,BROKEN_NO_ACCEPTANCE,0.06098225,0,,,False,False
RG2_US500_PERIOD_M5_1780272000_1780700100_8888579981882631925,US500,14146921830523768737,3551839710919402430,11073836864281416629,1,1780505100,1780505100,1780505129.0,1780505128,1780505128,1780505078,1780505128,1.0,29.0,29.0,1.0,True,False,2.7,7581.47,7581.59,7581.7,80,2,2,6,6.0,1.0,BROKEN_NO_ACCEPTANCE,0.08527994,0,,,False,False
RG2_US500_PERIOD_M5_1780272000_1780700100_8888579981882631925,US500,17781254369573825105,6674553014727324321,6234102099674772095,26,1780505052,1780505052,1780506600.0,1780506000,1780506000,1780387200,1780505700,900.0,1548.0,1548.0,600.0,True,False,2.57,7573.45,7578.98,7585.57,896,3,4,1181,1181.0,26.0,BROKEN_NO_ACCEPTANCE,7.54079254,0,,,False,False
RG2_US500_PERIOD_M5_1780272000_1780700100_8888579981882631925,US500,15678273288507272503,751424215196144003,15077448328881415199,6,1780506784,1780512688,1780513800.0,1780513200,1780513200,1780506000,1780509600,4200.0,1112.0,7016.0,600.0,True,False,3.76,7571.35,7576.25,7585.57,906,5,7,13,23.0,6.0,APPROACH_NO_CONTACT,0.0,1,MERGE,8594636061104340714,False,True
RG2_US500_PERIOD_M5_1780272000_1780700100_8888579981882631925,US500,13546187574525094662,17201063926531271260,3995782341393720406,20,1780505279,1780512638,1780514701.0,1780514700,1780514700,1780372418,1780514679,22.0,2063.0,9422.0,1.0,True,False,3.98,7563.7,7565.99,7570.7,464,4,5,1423,1423.0,20.0,BROKEN_NO_ACCEPTANCE,3.44036697,0,,,False,False
RG2_US500_PERIOD_M5_1780272000_1780700100_8888579981882631925,US500,450747310412476658,5410852374201806329,8594636061104340714,1,1780513574,1780513574,1780517400.0,1780516800,1780516800,1780513200,1780515735,1665.0,3826.0,3826.0,600.0,True,False,4.17,7573.03,7577.79,7585.57,904,4,5,136,139.0,1.0,APPROACH_NO_CONTACT,0.0,0,,,False,False
RG2_US500_PERIOD_M5_1780272000_1780700100_8888579981882631925,US500,10316916091726938371,13274835555140540008,8660972711394349600,1,1780530201,1780530201,1780530207.0,1780530205,1780530205,1780530192,1780530204,3.0,6.0,6.0,2.0,True,False,5.12,7533.08,7533.36,7533.65,320,2,2,10,10.0,1.0,BROKEN_NO_ACCEPTANCE,0.11143695,0,,,False,False
RG2_US500_PERIOD_M5_1780272000_1780700100_8888579981882631925,US500,5408197914011139985,10668232265124277737,4351877335496154729,14,1780516800,1780527012,1780534800.0,1780534800,1780534800,1780516800,1780530975,3825.0,7788.0,18000.0,0.0,False,False,5.23,7573.03,7577.79,7585.57,904,4,5,171,171.0,14.0,APPROACH_NO_CONTACT,0.0,0,,,False,False
RG2_US500_PERIOD_M5_1780272000_1780700100_8888579981882631925,US500,5323700308079325342,18070785109557985835,2186576401556742686,1,1780530206,1780530206,1780534800.0,1780534800,1780534800,1780275600,1780530975,3825.0,4594.0,4594.0,0.0,False,False,5.23,7530.15,7530.37,7530.6,448,3,3,2762,2762.0,1.0,APPROACH_NO_CONTACT,0.0,0,,,False,False
RG2_US500_PERIOD_M5_1780272000_1780700100_8888579981882631925,US500,9203865359376491629,2042752635421825492,10040949383479317339,1,1780534802,1780534802,1780534899.0,1780534898,1780534898,1780534800,1780534892,7.0,97.0,97.0,1.0,True,False,5.23,7526.97,7529.38,7530.39,66,2,2,55,55.0,1.0,BROKEN_NO_ACCEPTANCE,0.65429501,0,,,False,False
RG2_US500_PERIOD_M5_1780272000_1780700100_8888579981882631925,US500,14362590717980432446,12332944920488423307,12419298170656837126,1,1780535558,1780535558,1780536064.0,1780536063,1780536063,1780535553,1780536038,26.0,506.0,506.0,1.0,True,False,5.38,7522.7,7523.02,7523.33,192,2,2,35,35.0,1.0,BROKEN_NO_ACCEPTANCE,0.29739777,0,,,False,False
RG2_US500_PERIOD_M5_1780272000_1780700100_8888579981882631925,US500,1513435916783752358,15551773839440062575,15703051945905432283,2,1780537865,1780539506,1780540621.0,1780540512,1780540512,1780537864,1780540481,140.0,1115.0,2756.0,109.0,True,False,5.15,7518.8,7519.1,7519.4,192,2,2,29,30.0,2.0,BROKEN_NO_ACCEPTANCE,0.11686794,0,,,False,False
RG2_US500_PERIOD_M5_1780272000_1780700100_8888579981882631925,US500,17998906160220273926,12818436675071927501,4497791063439825337,2,1780537839,1780541258,1780542600.0,1780542000,1780542000,1780527600,1780541235,1365.0,1342.0,4761.0,600.0,True,False,5.06,7515.44,7516.75,7517.81,194,3,3,407,409.0,2.0,APPROACH_NO_CONTACT,0.0,0,,,False,False
RG2_US500_PERIOD_M5_1780272000_1780700100_8888579981882631925,US500,14931385528087338791,14736552709051678818,13673462473011245583,1,1780538400,1780538400,1780542600.0,1780542000,1780542000,1780538400,1780541235,1365.0,4200.0,4200.0,600.0,True,False,5.53,7534.6,7534.6,7534.6,80,2,2,34,36.0,1.0,APPROACH_NO_CONTACT,0.0,0,,,False,False
RG2_US500_PERIOD_M5_1780272000_1780700100_8888579981882631925,US500,11796148211003843452,15602999270433460041,15937346869031951686,11,1780538584,1780543350,1780545941.0,1780545600,1780545600,1780538400,1780544117,1824.0,2591.0,7357.0,341.0,True,False,4.98,7522.5,7523.45,7526.3,402,4,5,92,96.0,11.0,APPROACH_NO_CONTACT,0.0,0,,,False,False
RG2_US500_PERIOD_M5_1780272000_1780700100_8888579981882631925,US500,11458504440684754337,14302792510065288848,7199512163106968729,1,1780549216,1780549216,1780553400.0,1780552800,1780552800,1780549200,1780550139,3261.0,4184.0,4184.0,600.0,True,False,4.89,7529.7,7529.93,7530.15,272,2,2,13,21.0,1.0,APPROACH_NO_CONTACT,0.0,0,,,False,False
RG2_US500_PERIOD_M5_1780272000_1780700100_8888579981882631925,US500,11490853827827744767,2774014607840331707,11403298590714234815,11,1780549384,1780553715,1780557000.0,1780556400,1780556400,1780549200,1780552800,4200.0,3285.0,7616.0,600.0,True,False,4.67,7522.77,7524.02,7526.3,386,3,3,22,33.0,11.0,APPROACH_NO_CONTACT,0.0,0,,,False,False
RG2_US500_PERIOD_M5_1780272000_1780700100_8888579981882631925,US500,17302503395267882402,15825708202363460554,14458191059331460399,10,1780560217,1780563601,1780571400.0,1780570800,1780570800,1780560000,1780569192,2208.0,7799.0,11183.0,600.0,True,False,4.08,7529.8,7529.98,7530.15,272,2,2,105,111.0,10.0,APPROACH_NO_CONTACT,0.0,0,,,False,False
RG2_US500_PERIOD_M5_1780272000_1780700100_8888579981882631925,US500,4597914095982818722,9807697670474720162,8346842828182514058,36,1780554503,1780578902,1780581300.0,1780580700,1780580700,1780534800,1780578000,3300.0,2398.0,26797.0,600.0,True,False,3.4,7533.25,7533.45,7533.65,256,1,2,563,571.0,36.0,APPROACH_NO_CONTACT,0.0,0,,,False,False
RG2_US500_PERIOD_M5_1780272000_1780700100_8888579981882631925,US500,16041510898517153610,4420669636555034570,7264801476335222413,3,1780581150,1780581150,1780583861.0,1780583854,1780583854,1780550139,1780583854,7.0,2711.0,2711.0,7.0,True,False,3.52,7515.46,7515.65,7515.83,192,2,2,200,200.0,3.0,BROKEN_NO_ACCEPTANCE,0.21010789,0,,,False,False
RG2_US500_PERIOD_M5_1780272000_1780700100_8888579981882631925,US500,7142128955544281121,4280850570461185146,1144728661346683510,9,1780574465,1780584565,1780585800.0,1780585200,1780585200,1780574400,1780583880,1920.0,1235.0,11335.0,600.0,True,False,3.65,7523.2,7523.27,7523.33,144,2,2,74,78.0,9.0,APPROACH_NO_CONTACT,0.0,0,,,False,False
RG2_US500_PERIOD_M5_1780272000_1780700100_8888579981882631925,US500,12501935762208856420,920994712552625263,7674995910374081911,1,1780600115,1780600115,1780600175.0,1780600169,1780600169,1780600113,1780600168,7.0,60.0,60.0,6.0,True,False,5.24,7577.4,7577.65,7577.9,192,2,2,18,18.0,1.0,BROKEN_NO_ACCEPTANCE,0.44838771,0,,,False,False
RG2_US500_PERIOD_M5_1780272000_1780700100_8888579981882631925,US500,6016368573977058064,7354945985995935923,11345621538978103609,1,1780605045,1780605045,1780605152.0,1780605143,1780605143,1780605041,1780605142,10.0,107.0,107.0,9.0,True,False,5.08,7588.2,7588.44,7588.68,320,2,2,12,12.0,1.0,BROKEN_NO_ACCEPTANCE,0.16548463,0,,,False,False
RG2_US500_PERIOD_M5_1780272000_1780700100_8888579981882631925,US500,11171128949192603326,506587359431538013,26077999818497030,1,1780606598,1780606598,1780606659.0,1780606655,1780606655,1780606596,1780606649,10.0,61.0,61.0,4.0,True,False,4.98,7591.33,7591.55,7591.77,192,2,2,5,5.0,1.0,BROKEN_NO_ACCEPTANCE,0.11441188,0,,,False,False
RG2_US500_PERIOD_M5_1780272000_1780700100_8888579981882631925,US500,9101759913254191216,5747338787061733571,16010647827339024852,2,1780606830,1780607701,1780608000.0,1780607973,1780607973,1780606829,1780607968,32.0,299.0,1170.0,27.0,True,False,4.95,7593.67,7593.95,7594.23,192,2,2,19,19.0,2.0,BROKEN_NO_ACCEPTANCE,0.11387373,0,,,False,False
RG2_US500_PERIOD_M5_1780272000_1780700100_8888579981882631925,US500,4677332546530282549,2696115570277781767,12324969508472205576,7,1780605053,1780614004,1780621201.0,1780621200,1780621200,1780448400,1780614000,7201.0,7197.0,16148.0,1.0,True,False,4.3,7590.6,7590.63,7590.65,272,2,2,2242,2253.0,7.0,APPROACH_NO_CONTACT,0.0,0,,,False,False
RG2_US500_PERIOD_M5_1780272000_1780700100_8888579981882631925,US500,9632426891938089706,16410655789804713825,14422858345498749411,1,1780621221,1780621221,1780621235.0,1780621229,1780621229,1780621219,1780621229,6.0,14.0,14.0,6.0,True,False,4.3,7576.15,7576.4,7576.65,320,2,2,10,10.0,1.0,BROKEN_NO_ACCEPTANCE,0.18596002,0,,,True,True
RG2_US500_PERIOD_M5_1780272000_1780700100_8888579981882631925,US500,6718116734182792596,12352457585629881611,7182769965505999119,3,1780622235,1780622683,1780622735.0,1780622729,1780622729,1780622231,1780622729,6.0,52.0,500.0,6.0,True,False,4.29,7566.84,7567.09,7567.33,192,2,2,34,34.0,3.0,BROKEN_NO_ACCEPTANCE,0.34000932,0,,,False,False
RG2_US500_PERIOD_M5_1780272000_1780700100_8888579981882631925,US500,6877378781342640865,14718042631907080546,10403200522456520575,40,1780626087,1780626087,1780627592.0,1780627586,1780627586,1780448400,1780627585,7.0,1505.0,1505.0,6.0,True,False,3.37,7537.37,7549.37,7562.15,900,4,13,2467,2467.0,40.0,APPROACH_NO_CONTACT,0.0,0,,,False,False
RG2_US500_PERIOD_M5_1780272000_1780700100_8888579981882631925,US500,17481170457567499236,9304640363237648737,7253912753076190750,1,1780627528,1780627528,1780627592.0,1780627586,1780627586,1780627525,1780627585,7.0,64.0,64.0,6.0,True,False,3.37,7562.62,7562.66,7562.7,192,2,2,9,9.0,1.0,BROKEN_NO_ACCEPTANCE,0.10376519,0,,,False,False
RG2_US500_PERIOD_M5_1780272000_1780700100_8888579981882631925,US500,2246107795105904702,9628762083207609291,5518357564533644123,1,1780677041,1780677041,1780677520.0,1780677514,1780677514,1780677041,1780677514,6.0,479.0,479.0,6.0,True,False,3.77,7528.05,7528.27,7528.5,320,2,2,19,19.0,1.0,BROKEN_NO_ACCEPTANCE,0.22528492,0,,,False,False
RG2_US500_PERIOD_M5_1780272000_1780700100_8888579981882631925,US500,8069767554312526361,13455340436255855622,6945205407821496170,1,1780677965,1780677965,1780678061.0,1780678060,1780678060,1780677963,1780678059,2.0,96.0,96.0,1.0,True,False,4.0,7510.59,7510.81,7511.03,192,2,2,15,15.0,1.0,BROKEN_NO_ACCEPTANCE,0.15765766,0,,,False,False
RG2_US500_PERIOD_M5_1780272000_1780700100_8888579981882631925,US500,13829591212537598072,11608405864729385213,14427153351750090145,1,1780677541,1780677541,1780678601.0,1780678200,1780678200,1780632000,1780678180,421.0,1060.0,1060.0,401.0,True,False,4.13,7513.2,7519.92,7524.2,466,5,6,527,527.0,1.0,BROKEN_NO_ACCEPTANCE,4.62962963,0,,,False,False
RG2_US500_PERIOD_M5_1780272000_1780700100_8888579981882631925,US500,4680991759760530537,16813095868130536502,1452968898432481829,1,1780678180,1780678180,1780678710.0,1780678709,1780678709,1780678179,1780678709,1.0,530.0,530.0,1.0,True,False,4.13,7505.1,7505.32,7505.53,192,2,2,10,10.0,1.0,BROKEN_NO_ACCEPTANCE,0.14531364,0,,,False,False
RG2_US500_PERIOD_M5_1780272000_1780700100_8888579981882631925,US500,763566503145347382,13393417308788827955,5434037159893457819,1,1780678713,1780678713,1780678731.0,1780678725,1780678725,1780621200,1780678724,7.0,18.0,18.0,6.0,True,False,4.13,7475.17,7486.27,7502.15,896,3,6,1062,1062.0,1.0,APPROACH_NO_CONTACT,0.0,0,,,False,False
RG2_US500_PERIOD_M5_1780272000_1780700100_8888579981882631925,US500,2220470730024427118,11243894700841058075,8515149715398330239,1,1780687005,1780687005,1780687034.0,1780687033,1780687033,1780686996,1780687025,9.0,29.0,29.0,1.0,True,False,5.69,7458.85,7459.18,7459.5,320,2,2,10,10.0,1.0,BROKEN_NO_ACCEPTANCE,0.11429576,0,,,False,False
RG2_US500_PERIOD_M5_1780272000_1780700100_8888579981882631925,US500,11399094349624924695,16441857177776956804,14683986387619236536,1,1780688501,1780688501,1780688556.0,1780688555,1780688555,1780688498,1780688554,2.0,55.0,55.0,1.0,True,False,5.96,7446.77,7447.11,7447.45,320,2,2,15,15.0,1.0,BROKEN_NO_ACCEPTANCE,0.15614506,0,,,False,False
RG2_US500_PERIOD_M5_1780272000_1780700100_8888579981882631925,US500,3686522752265439676,4343318579368268635,3778288240810020437,2,1780688645,1780688668,1780688731.0,1780688730,1780688730,1780688645,1780688729,2.0,63.0,86.0,1.0,True,False,6.06,7440.88,7441.24,7441.6,192,2,2,13,13.0,2.0,BROKEN_NO_ACCEPTANCE,0.13524658,0,,,False,False
RG2_US500_PERIOD_M5_1780272000_1780700100_8888579981882631925,US500,9234288357168364693,17973322479562016410,4395173721035732552,1,1780690323,1780690323,1780693800.0,1780693200,1780693200,1780689600,1780689600,4200.0,3477.0,3477.0,600.0,True,False,6.38,7437.4,7438.08,7439.45,74,3,3,1,12.0,1.0,APPROACH_NO_CONTACT,0.0,0,,,False,False
RG2_US500_PERIOD_M5_1780272000_1780700100_8888579981882631925,US500,2523343657629237025,13957374084971779614,13645924091461933859,1,1780694798,1780694798,1780694824.0,1780694823,1780694823,1780694795,1780694823,1.0,26.0,26.0,1.0,True,False,7.12,7418.95,7419.34,7419.73,192,2,2,13,13.0,1.0,BROKEN_NO_ACCEPTANCE,0.13348321,0,,,False,False
RG2_USTEC_PERIOD_M5_1767571200_1767999300_9581645730247380597,USTEC,3119462167186743533,10096699613375908404,18434647582737470205,1,1767578400,1767578400,1767578737.0,1767578732,1767578732,1767578400,1767578731,6.0,337.0,337.0,5.0,True,False,37.82,25288.6,25290.85,25293.1,192,2,2,134,134.0,1.0,BROKEN_NO_ACCEPTANCE,0.34633179,0,,,False,False
RG2_USTEC_PERIOD_M5_1767571200_1767999300_9581645730247380597,USTEC,7782422971693368832,8029401902839993731,4380495343815442618,1,1767582000,1767582000,1767582160.0,1767582159,1767582159,1767582000,1767582159,1.0,160.0,160.0,1.0,True,False,36.72,25296.0,25298.1,25300.2,80,2,2,17,17.0,1.0,BROKEN_NO_ACCEPTANCE,0.11437286,0,,,False,False
RG2_USTEC_PERIOD_M5_1767571200_1767999300_9581645730247380597,USTEC,153267755556485687,4806402817054548101,13966759976564166315,7,1767574828,1767580841,1767586200.0,1767585600,1767585600,1767574800,1767582162,4038.0,5359.0,11372.0,600.0,True,False,37.9,25238.9,25250.96,25261.0,274,3,4,478,489.0,7.0,APPROACH_NO_CONTACT,0.0,0,,,False,False
RG2_USTEC_PERIOD_M5_1767571200_1767999300_9581645730247380597,USTEC,15708421066781906766,330721032043984323,3111748372644836513,2,1767585679,1767588400,1767589800.0,1767589200,1767589200,1767585600,1767586500,3300.0,1400.0,4121.0,600.0,True,False,25.33,25272.54,25284.33,25288.6,130,2,2,4,12.0,2.0,APPROACH_NO_CONTACT,0.0,0,,,False,False
RG2_USTEC_PERIOD_M5_1767571200_1767999300_9581645730247380597,USTEC,11444906213237065805,2594007806473475811,3565494008176892253,3,1767592800,1767594877,1767600096.0,1767600000,1767600000,1767592800,1767599919,177.0,5219.0,7296.0,96.0,True,False,14.93,25272.25,25276.89,25281.31,18,2,2,133,133.0,3.0,APPROACH_NO_CONTACT,0.0,0,,,False,False
RG2_USTEC_PERIOD_M5_1767571200_1767999300_9581645730247380597,USTEC,10432766161093335130,2317130296995395142,4950463491206917944,5,1767601780,1767607307,1767611400.0,1767610800,1767610800,1767600000,1767608596,2804.0,4093.0,9620.0,600.0,True,False,11.31,25281.31,25287.15,25290.38,146,3,3,661,668.0,5.0,APPROACH_NO_CONTACT,0.0,0,,,False,False
RG2_USTEC_PERIOD_M5_1767571200_1767999300_9581645730247380597,USTEC,18366908874912380361,11451849974678367122,10906881845525384792,7,1767608439,1767619743,1767621657.0,1767621656,1767621656,1767574800,1767621656,1.0,1914.0,13218.0,1.0,True,False,11.18,25395.4,25396.07,25396.74,320,2,2,1549,1549.0,7.0,PENETRATED_NO_RESOLUTION,1.86337625,0,,,False,False
RG2_USTEC_PERIOD_M5_1767571200_1767999300_9581645730247380597,USTEC,2978745109065896504,13285485015362810763,13883445100025690904,1,1767629922,1767629922,1767630040.0,1767630040,1767630040,1767629921,1767630040,0.0,118.0,118.0,0.0,False,False,13.76,25440.0,25440.82,25441.64,80,2,2,47,47.0,1.0,BROKEN_NO_ACCEPTANCE,0.22824744,0,,,False,False
RG2_USTEC_PERIOD_M5_1767571200_1767999300_9581645730247380597,USTEC,13370130998588343718,8231590422879920725,7001626154495514903,1,1767630365,1767630365,1767630567.0,1767630567,1767630567,1767630364,1767630567,0.0,202.0,202.0,0.0,False,False,13.79,25454.43,25455.19,25455.95,68,2,2,29,29.0,1.0,BROKEN_NO_ACCEPTANCE,0.19795519,0,,,False,False
RG2_USTEC_PERIOD_M5_1767571200_1767999300_9581645730247380597,USTEC,15240138479751122816,12244485293845302660,3915995697900311720,23,1767621658,1767655535,1767661200.0,1767661200,1767661200,1767621600,1767654000,7200.0,5665.0,39542.0,0.0,False,False,22.0,25368.9,25385.74,25397.65,914,5,5,1264,1275.0,23.0,PENETRATED_NO_RESOLUTION,0.24707589,0,,,False,False
RG2_USTEC_PERIOD_M5_1767571200_1767999300_9581645730247380597,USTEC,3903471298494352837,15212823973298422873,17027585685116048893,22,1767695430,1767695430,1767695432.0,1767695432,1767695432,1767574800,1767695431,1.0,2.0,2.0,0.0,False,False,7.88,25304.3,25324.91,25360.85,912,4,7,4180,4180.0,22.0,APPROACH_NO_CONTACT,0.0,0,,,False,False
RG2_USTEC_PERIOD_M5_1767571200_1767999300_9581645730247380597,USTEC,9353127753544276420,183501581449204095,2776655087613785185,9,1767694540,1767696545,1767697800.0,1767697200,1767697200,1767661200,1767695502,2298.0,1255.0,3260.0,600.0,True,False,8.31,25375.9,25386.15,25397.65,912,4,5,1465,1470.0,9.0,PENETRATED_NO_RESOLUTION,2.39867659,0,,,False,False
RG2_USTEC_PERIOD_M5_1767571200_1767999300_9581645730247380597,USTEC,7984982947776612410,389657001748519423,14392961541449548166,1,1767847722,1767847722,1767850602.0,1767850602,1767850602,1767847715,1767850602,0.0,2880.0,2880.0,0.0,False,False,12.18,25598.35,25599.05,25599.75,320,2,2,38,38.0,1.0,BROKEN_NO_ACCEPTANCE,0.11492366,0,,,False,False
RG2_USTEC_PERIOD_M5_1767571200_1767999300_9581645730247380597,USTEC,13872669590654939772,1320082400731632745,16347911628754129440,1,1767857502,1767857502,1767857548.0,1767857547,1767857547,1767857498,1767857547,1.0,46.0,46.0,1.0,True,False,10.0,25575.83,25576.42,25577.0,80,2,2,20,20.0,1.0,BROKEN_NO_ACCEPTANCE,0.14692654,0,,,False,False
RG2_USTEC_PERIOD_M5_1767571200_1767999300_9581645730247380597,USTEC,3552879495206114154,60545349507365871,16378190070653940297,1,1767859483,1767859483,1767859520.0,1767859520,1767859520,1767859479,1767859519,1.0,37.0,37.0,0.0,False,False,9.19,25526.75,25527.26,25527.77,192,2,2,22,22.0,1.0,BROKEN_NO_ACCEPTANCE,0.11061546,0,,,False,False
RG2_USTEC_PERIOD_M5_1767571200_1767999300_9581645730247380597,USTEC,17716985874357712334,10834184423534971082,5043911772918201677,12,1767847683,1767864253,1767867000.0,1767866400,1767866400,1767834000,1767862800,4200.0,2747.0,19317.0,600.0,True,False,10.17,25498.86,25548.98,25602.97,914,5,10,1647,1658.0,12.0,PENETRATED_NO_RESOLUTION,3.47800149,0,,,False,False
RG2_USTEC_PERIOD_M5_1767571200_1767999300_9581645730247380597,USTEC,11248010503041942376,8943085952892135915,11303127571111737602,7,1767868000,1767870704,1767877800.0,1767877200,1767877200,1767866400,1767875400,2400.0,7096.0,9800.0,600.0,True,False,12.43,25507.45,25556.32,25602.97,914,5,9,31,36.0,7.0,PENETRATED_NO_RESOLUTION,2.92858456,0,,,False,False
RG2_USTEC_PERIOD_M5_1767571200_1767999300_9581645730247380597,USTEC,8738403006744571845,16445115641242497610,5828201016832464910,1,1767890405,1767890405,1767890415.0,1767890415,1767890415,1767890404,1767890415,0.0,10.0,10.0,0.0,False,False,15.93,25489.13,25490.05,25490.98,68,2,2,27,27.0,1.0,BROKEN_NO_ACCEPTANCE,0.14875722,0,,,False,False
RG2_USTEC_PERIOD_M5_1767571200_1767999300_9581645730247380597,USTEC,14825280209206452358,7280186461195055512,7468351551636541816,29,1767878752,1767912723,1767920557.0,1767920475,1767920475,1767877200,1767920475,82.0,7834.0,41805.0,82.0,True,False,27.19,25547.47,25549.05,25550.63,192,2,2,723,723.0,29.0,PENETRATED_NO_RESOLUTION,2.30801549,0,,,False,False
RG2_USTEC_PERIOD_M5_1767571200_1767999300_9581645730247380597,USTEC,6334109716998459028,4484937394042686929,15788704805401626091,1,1767920743,1767920743,1767921875.0,1767921869,1767921869,1767920738,1767921868,7.0,1132.0,1132.0,6.0,True,False,27.18,25524.51,25526.14,25527.77,192,2,2,88,88.0,1.0,BROKEN_NO_ACCEPTANCE,0.38221012,0,,,False,False
RG2_USTEC_PERIOD_M5_1767571200_1767999300_9581645730247380597,USTEC,12805235225785150457,15946655360633587792,2384598813127117714,2,1767923909,1767924036,1767927603.0,1767927600,1767927600,1767923905,1767927580,23.0,3567.0,3694.0,3.0,True,False,20.59,25489.5,25490.75,25492.0,80,2,2,122,122.0,2.0,BROKEN_NO_ACCEPTANCE,0.33925841,0,,,False,False
RG2_USTEC_PERIOD_M5_1767571200_1767999300_9581645730247380597,USTEC,8086590694816944991,8175230180169969217,13580940954814747408,3,1767927605,1767928352,1767928708.0,1767928707,1767928707,1767927604,1767928707,1.0,356.0,1103.0,1.0,True,False,19.54,25484.45,25485.61,25486.77,68,2,2,71,71.0,3.0,BROKEN_NO_ACCEPTANCE,0.18676764,0,,,False,False
RG2_USTEC_PERIOD_M5_1767571200_1767999300_9581645730247380597,USTEC,3777978621985676983,3603024017613425490,17190352395261784950,1,1767931355,1767931355,1767932700.0,1767932100,1767932100,1767931200,1767931200,1500.0,1345.0,1345.0,600.0,True,False,17.07,25490.0,25491.0,25492.0,16,1,2,1,3.0,1.0,APPROACH_NO_CONTACT,0.0,0,,,False,False
RG2_USTEC_PERIOD_M5_1767571200_1767999300_9581645730247380597,USTEC,12507969042902701241,11137708346013043926,6456115494667440662,4,1767955780,1767955780,1767957000.0,1767956400,1767956400,1767949200,1767952800,4200.0,1220.0,1220.0,600.0,True,False,10.48,25485.05,25485.53,25486.0,20,2,2,13,24.0,4.0,APPROACH_NO_CONTACT,0.0,0,,,False,False
RG2_USTEC_PERIOD_M5_1767571200_1767999300_9581645730247380597,USTEC,9973170420883397937,6422342114720088832,16856003739903847649,1,1767972632,1767972632,1767972638.0,1767972638,1767972638,1767972632,1767972638,0.0,6.0,6.0,0.0,False,False,11.08,25596.0,25596.62,25597.24,80,2,2,10,10.0,1.0,BROKEN_NO_ACCEPTANCE,0.19485792,0,,,False,False
RG2_USTEC_PERIOD_M5_1767571200_1767999300_9581645730247380597,USTEC,9394985205825054269,12290551546060884676,6226360123934678794,1,1767972641,1767972641,1767972642.0,1767972642,1767972642,1767920400,1767972642,0.0,1.0,1.0,0.0,False,False,11.08,25609.7,25733.99,25853.67,976,5,25,1505,1505.0,1.0,APPROACH_NO_CONTACT,0.0,0,,,False,False
RG2_USTEC_PERIOD_M5_1767571200_1767999300_9581645730247380597,USTEC,12124707306929582893,11339193295351800379,3565402883608764763,6,1767978194,1767980740,1767982169.0,1767981600,1767981600,1767978000,1767980100,2069.0,1429.0,3975.0,569.0,True,False,23.38,25590.36,25598.61,25603.62,274,3,3,422,426.0,6.0,BROKEN_NO_ACCEPTANCE,2.15127571,0,,,False,False
RG2_USTEC_PERIOD_M5_1776038400_1776466500_3632165528533734308,USTEC,700992838524383793,16930599913982497975,3180543075839702458,3,1776042245,1776043800,1776043829.0,1776043829,1776043829,1776042219,1776043828,1.0,29.0,1584.0,0.0,False,False,27.66,24777.31,24778.9,24785.0,64,1,2,108,108.0,3.0,BROKEN_NO_ACCEPTANCE,0.27798865,0,,,False,False
RG2_USTEC_PERIOD_M5_1776038400_1776466500_3632165528533734308,USTEC,3701778690490324779,13812880361194619034,4250951281642990267,3,1776045600,1776048748,1776049800.0,1776049200,1776049200,1776045600,1776048556,1244.0,1052.0,4200.0,600.0,True,False,26.44,24789.0,24790.5,24792.0,16,1,2,65,67.0,3.0,APPROACH_NO_CONTACT,0.0,0,,,False,False
RG2_USTEC_PERIOD_M5_1776038400_1776466500_3632165528533734308,USTEC,6780556725977099248,4585195453456554324,9330547218358769815,2,1776056263,1776066901,1776066940.0,1776066939,1776066939,1776056261,1776066939,1.0,39.0,10677.0,1.0,True,False,18.38,24927.5,24928.53,24929.56,192,2,2,63,63.0,2.0,BROKEN_NO_ACCEPTANCE,0.2318115,0,,,False,False
RG2_USTEC_PERIOD_M5_1776038400_1776466500_3632165528533734308,USTEC,6345980694552554131,8972342040935262982,9137257465377465507,1,1776068560,1776068560,1776071846.0,1776071840,1776071840,1776067200,1776071839,7.0,3286.0,3286.0,6.0,True,False,17.84,24930.0,24930.97,24931.93,80,2,2,25,25.0,1.0,BROKEN_NO_ACCEPTANCE,0.10816567,0,,,False,False
RG2_USTEC_PERIOD_M5_1776038400_1776466500_3632165528533734308,USTEC,6968856281742860238,13932556061898863725,15963376396170443216,1,1776074400,1776074400,1776074416.0,1776074416,1776074416,1776074400,1776074415,1.0,16.0,16.0,0.0,False,False,13.2,24954.0,24954.79,24955.58,80,2,2,19,19.0,1.0,BROKEN_NO_ACCEPTANCE,0.11971511,0,,,False,False
RG2_USTEC_PERIOD_M5_1776038400_1776466500_3632165528533734308,USTEC,283001620806734042,713374640406888817,3703882217182452421,1,1776078151,1776078151,1776078193.0,1776078185,1776078185,1776078000,1776078184,9.0,42.0,42.0,8.0,True,False,13.15,24963.0,24963.75,24964.5,80,2,2,13,13.0,1.0,BROKEN_NO_ACCEPTANCE,0.11404242,0,,,False,False
RG2_USTEC_PERIOD_M5_1776038400_1776466500_3632165528533734308,USTEC,9825272042096135888,4086343530703564147,7239417932088586082,1,1776081640,1776081640,1776083728.0,1776083727,1776083727,1776081600,1776083727,1.0,2088.0,2088.0,1.0,True,False,11.96,24965.0,24965.71,24966.42,80,2,2,19,19.0,1.0,BROKEN_NO_ACCEPTANCE,0.11875889,0,,,False,False
RG2_USTEC_PERIOD_M5_1776038400_1776466500_3632165528533734308,USTEC,728807155569336416,18323632994790896547,13426659030717121215,1,1776087999,1776087999,1776088580.0,1776088579,1776088579,1776085200,1776088579,1.0,581.0,581.0,1.0,True,False,11.46,24967.0,24967.53,24968.05,80,2,2,13,13.0,1.0,BROKEN_NO_ACCEPTANCE,0.09159906,0,,,False,False
RG2_USTEC_PERIOD_M5_1776038400_1776466500_3632165528533734308,USTEC,8842809121524675234,13012888545272458697,4392782411314921221,1,1776088591,1776088591,1776088599.0,1776088598,1776088598,1776088590,1776088597,2.0,8.0,8.0,1.0,True,False,11.46,24975.35,24975.91,24976.48,320,2,2,7,7.0,1.0,BROKEN_NO_ACCEPTANCE,0.19192184,0,,,False,False
RG2_USTEC_PERIOD_M5_1776038400_1776466500_3632165528533734308,USTEC,1337098642621518890,546955349385080705,5778486887649438233,1,1776088651,1776088651,1776088719.0,1776088719,1776088719,1776088648,1776088718,1.0,68.0,68.0,0.0,False,False,11.46,24982.43,24983.06,24983.68,192,2,2,30,30.0,1.0,BROKEN_NO_ACCEPTANCE,0.24339178,0,,,False,False
RG2_USTEC_PERIOD_M5_1776038400_1776466500_3632165528533734308,USTEC,15389846736528956972,3046574730494264583,16839759727799667982,1,1776088800,1776088800,1776088801.0,1776088801,1776088801,1776088800,1776088800,1.0,1.0,1.0,0.0,False,False,11.72,24992.0,24992.67,24993.35,80,2,2,3,3.0,1.0,BROKEN_NO_ACCEPTANCE,0.11519754,0,,,False,False
RG2_USTEC_PERIOD_M5_1776038400_1776466500_3632165528533734308,USTEC,14868479359285415635,17334188339850993766,833260788036869816,1,1776097169,1776097169,1776097420.0,1776097419,1776097419,1776092400,1776097419,1.0,251.0,251.0,1.0,True,False,13.84,25029.0,25029.77,25030.54,80,2,2,26,26.0,1.0,BROKEN_NO_ACCEPTANCE,0.11123149,0,,,False,False
RG2_USTEC_PERIOD_M5_1776038400_1776466500_3632165528533734308,USTEC,1302810110491747964,2813355565372691255,16473758706881608819,1,1776099031,1776099031,1776099038.0,1776099038,1776099038,1776099031,1776099038,0.0,7.0,7.0,0.0,False,False,15.81,25125.2,25126.0,25126.8,192,2,2,9,9.0,1.0,BROKEN_NO_ACCEPTANCE,0.19800101,0,,,False,False
RG2_USTEC_PERIOD_M5_1776038400_1776466500_3632165528533734308,USTEC,5410055851065858978,11750679575505732841,16847623767513981603,1,1776103037,1776103037,1776103047.0,1776103047,1776103047,1776103033,1776103046,1.0,10.0,10.0,0.0,False,False,18.96,25173.7,25174.8,25175.9,320,2,2,32,32.0,1.0,BROKEN_NO_ACCEPTANCE,0.12132721,0,,,False,False
RG2_USTEC_PERIOD_M5_1776038400_1776466500_3632165528533734308,USTEC,9790829381169586675,6079307755639340934,548284690987111228,1,1776103101,1776103101,1776103111.0,1776103110,1776103110,1776103100,1776103110,1.0,10.0,10.0,1.0,True,False,18.96,25184.37,25185.47,25186.58,192,2,2,18,18.0,1.0,BROKEN_NO_ACCEPTANCE,0.23263175,0,,,False,False
RG2_USTEC_PERIOD_M5_1776038400_1776466500_3632165528533734308,USTEC,11135477229445442657,18253624288162544016,6388464734814894320,1,1776108583,1776108583,1776108819.0,1776108818,1776108818,1776108582,1776108818,1.0,236.0,236.0,1.0,True,False,22.02,25231.23,25232.38,25233.52,192,2,2,9,9.0,1.0,BROKEN_NO_ACCEPTANCE,0.10382142,0,,,False,False
RG2_USTEC_PERIOD_M5_1776038400_1776466500_3632165528533734308,USTEC,51648848732736356,8817417135053845329,15988570875917503651,4,1776108559,1776109500,1776109828.0,1776109800,1776109800,1776099000,1776108942,886.0,328.0,1269.0,28.0,True,False,23.28,25222.2,25224.95,25227.7,192,2,2,574,576.0,4.0,BROKEN_NO_ACCEPTANCE,1.17979974,0,,,False,False
RG2_USTEC_PERIOD_M5_1776038400_1776466500_3632165528533734308,USTEC,8500351951410605528,9469162170193225579,4516516452231617310,1,1776120932,1776120932,1776120992.0,1776120991,1776120991,1776120929,1776120991,1.0,60.0,60.0,1.0,True,False,24.5,25373.2,25374.65,25376.11,320,2,2,39,39.0,1.0,BROKEN_NO_ACCEPTANCE,0.14450749,0,,,False,False
RG2_USTEC_PERIOD_M5_1776038400_1776466500_3632165528533734308,USTEC,9651459912195662166,7166857632620856583,12036702501812116122,2,1776122442,1776122551,1776123278.0,1776123277,1776123277,1776122442,1776123276,2.0,727.0,836.0,1.0,True,False,24.07,25399.6,25400.93,25402.26,320,2,2,34,34.0,2.0,BROKEN_NO_ACCEPTANCE,0.18114587,0,,,False,False
RG2_USTEC_PERIOD_M5_1776038400_1776466500_3632165528533734308,USTEC,9044205466944214190,16861205395813059661,445159555587121438,1,1776123278,1776123278,1776123396.0,1776123395,1776123395,1776042000,1776123389,7.0,118.0,118.0,1.0,True,False,24.12,25414.8,25488.4,25598.37,896,3,5,3192,3192.0,1.0,APPROACH_NO_CONTACT,0.0,0,,,False,False
RG2_USTEC_PERIOD_M5_1776038400_1776466500_3632165528533734308,USTEC,18050410301787863081,12689901231336901730,9539212913685877510,2,1776123401,1776128400,1776132029.0,1776132000,1776132000,1776123395,1776131759,270.0,3629.0,8628.0,29.0,True,False,22.47,25414.8,25471.2,25598.37,960,4,7,315,315.0,2.0,PENETRATED_NO_RESOLUTION,0.89273992,0,,,False,False
RG2_USTEC_PERIOD_M5_1776038400_1776466500_3632165528533734308,USTEC,2003084995850353350,13678833847179451637,11306791844736749002,1,1776187722,1776187722,1776187781.0,1776187780,1776187780,1776187720,1776187780,1.0,59.0,59.0,1.0,True,False,15.67,25642.07,25642.99,25643.91,192,2,2,29,29.0,1.0,BROKEN_NO_ACCEPTANCE,0.11762704,0,,,False,False
RG2_USTEC_PERIOD_M5_1776038400_1776466500_3632165528533734308,USTEC,16304522387812338864,11917694339215753171,15659069771688998360,1,1776194426,1776194426,1776194440.0,1776194439,1776194439,1776128400,1776194439,1.0,14.0,14.0,1.0,True,False,17.12,25753.15,25820.08,25864.23,896,3,4,2277,2277.0,1.0,APPROACH_NO_CONTACT,0.0,0,,,False,False
RG2_USTEC_PERIOD_M5_1776038400_1776466500_3632165528533734308,USTEC,1432430095638652192,3468087489170321909,12022149649458874657,3,1776240013,1776240195,1776244200.0,1776243600,1776243600,1776236400,1776242775,1425.0,4005.0,4187.0,600.0,True,False,9.31,25753.15,25831.58,25864.23,912,4,7,152,154.0,3.0,PENETRATED_NO_RESOLUTION,6.60493827,0,,,False,False
RG2_USTEC_PERIOD_M5_1776038400_1776466500_3632165528533734308,USTEC,6606390467550546897,8564046260623361115,14064549327204407557,4,1776252844,1776264374,1776269400.0,1776268800,1776268800,1776243600,1776265200,4200.0,5026.0,16556.0,600.0,True,False,11.9,25753.15,25824.18,25864.23,912,4,6,196,207.0,4.0,PENETRATED_NO_RESOLUTION,5.13889962,0,,,False,False
RG2_USTEC_PERIOD_M5_1776038400_1776466500_3632165528533734308,USTEC,5675163520542391411,5218109814108631814,3746556623321525058,1,1776274243,1776274243,1776274298.0,1776274298,1776274298,1776274241,1776274297,1.0,55.0,55.0,0.0,False,False,17.18,25976.33,25977.32,25978.31,192,2,2,22,22.0,1.0,BROKEN_NO_ACCEPTANCE,0.17515275,0,,,False,False
RG2_USTEC_PERIOD_M5_1776038400_1776466500_3632165528533734308,USTEC,17042443551171794717,11318626467828652105,11483648578633113361,6,1776278556,1776290442,1776301200.0,1776301200,1776301200,1776214800,1776294000,7200.0,10758.0,22644.0,0.0,False,False,22.81,26051.0,26092.06,26125.67,896,3,5,3142,3153.0,6.0,APPROACH_NO_CONTACT,0.0,0,,,False,False
RG2_USTEC_PERIOD_M5_1776038400_1776466500_3632165528533734308,USTEC,13714247335343142901,7255970143051512908,10214575356888442149,1,1776301200,1776301200,1776303456.0,1776303300,1776303300,1776301200,1776303100,356.0,2256.0,2256.0,156.0,True,False,22.69,26199.6,26209.27,26213.6,320,2,2,215,215.0,1.0,BROKEN_NO_ACCEPTANCE,1.01685962,0,,,False,False
RG2_USTEC_PERIOD_M5_1776038400_1776466500_3632165528533734308,USTEC,10049783569543048234,2280153456432883937,17500472145026556100,1,1776304800,1776304800,1776305292.0,1776305285,1776305285,1776304800,1776305285,7.0,492.0,492.0,7.0,True,False,20.99,26232.0,26233.25,26234.5,80,2,2,15,15.0,1.0,BROKEN_NO_ACCEPTANCE,0.11912704,0,,,False,False
RG2_USTEC_PERIOD_M5_1776038400_1776466500_3632165528533734308,USTEC,6630989601028122596,16732171459038801929,14056913876336991622,3,1776308400,1776309300,1776309386.0,1776309380,1776309380,1776308400,1776309380,6.0,86.0,986.0,6.0,True,False,17.6,26254.0,26255.04,26256.09,80,2,2,19,19.0,3.0,BROKEN_NO_ACCEPTANCE,0.11871627,0,,,False,False
RG2_USTEC_PERIOD_M5_1776038400_1776466500_3632165528533734308,USTEC,4581395559628284693,8807194512402743980,6534128278401987744,1,1776311259,1776311259,1776311320.0,1776311319,1776311319,1776311254,1776311319,1.0,61.0,61.0,1.0,True,False,16.77,26270.25,26271.21,26272.16,320,2,2,29,29.0,1.0,BROKEN_NO_ACCEPTANCE,0.20031,0,,,False,False
RG2_USTEC_PERIOD_M5_1776038400_1776466500_3632165528533734308,USTEC,176497193242200469,2115862004321512684,14653857430872346709,1,1776312000,1776312000,1776313200.0,1776313059,1776313059,1776312000,1776312000,1200.0,1200.0,1200.0,141.0,True,False,16.18,26282.0,26282.9,26283.8,80,2,2,1,4.0,1.0,PENETRATED_NO_RESOLUTION,0.10813149,0,,,False,False
RG2_USTEC_PERIOD_M5_1776038400_1776466500_3632165528533734308,USTEC,6832991888475401033,8686658728647647656,15535793489247102574,1,1776314657,1776314657,1776317400.0,1776316800,1776316800,1776314656,1776315600,1800.0,2743.0,2743.0,600.0,True,False,15.58,26304.4,26305.23,26306.07,192,2,2,6,9.0,1.0,APPROACH_NO_CONTACT,0.0,0,,,False,False
RG2_USTEC_PERIOD_M5_1776038400_1776466500_3632165528533734308,USTEC,17610394364078253309,10438134500670160183,4322668053361650527,2,1776329534,1776330120,1776330161.0,1776330160,1776330160,1776322800,1776330160,1.0,41.0,627.0,1.0,True,False,8.71,26306.07,26306.54,26307.02,192,2,2,43,43.0,2.0,BROKEN_NO_ACCEPTANCE,0.34680753,0,,,False,False
RG2_USTEC_PERIOD_M5_1776038400_1776466500_3632165528533734308,USTEC,17692993163638815183,12662432850867779898,8642744893610709724,1,1776333601,1776333601,1776336159.0,1776336058,1776336058,1776333600,1776336058,101.0,2558.0,2558.0,101.0,True,False,9.08,26324.0,26324.5,26324.99,80,2,2,11,11.0,1.0,BROKEN_NO_ACCEPTANCE,0.10906687,0,,,False,False
RG2_USTEC_PERIOD_M5_1776038400_1776466500_3632165528533734308,USTEC,7610243101946965808,12824358014088176755,17523741805876475015,1,1776387703,1776387703,1776387817.0,1776387811,1776387811,1776387702,1776387810,7.0,114.0,114.0,6.0,True,False,28.54,26306.07,26307.75,26309.43,192,2,2,56,56.0,1.0,BROKEN_NO_ACCEPTANCE,0.22179397,0,,,False,False
RG2_USTEC_PERIOD_M5_1776038400_1776466500_3632165528533734308,USTEC,996050219761309637,10776338499639619978,16833489430934807589,1,1776391200,1776391200,1776392478.0,1776392400,1776392400,1776391200,1776391359,1119.0,1278.0,1278.0,78.0,True,False,24.28,26306.07,26307.53,26309.0,144,2,2,14,17.0,1.0,APPROACH_NO_CONTACT,0.0,0,,,False,False
RG2_USTEC_PERIOD_M5_1776038400_1776466500_3632165528533734308,USTEC,10432975569624970314,18414418046604864872,13348808720062446335,7,1776388241,1776394200,1776395400.0,1776394800,1776394800,1776388241,1776393615,1785.0,1200.0,7159.0,600.0,True,False,22.37,26326.0,26326.0,26326.0,16,1,2,89,92.0,7.0,BROKEN_NO_ACCEPTANCE,0.0766975,0,,,False,False
RG2_USTEC_PERIOD_M5_1776038400_1776466500_3632165528533734308,USTEC,15792319848234696732,16274421249826315319,10040567113442281966,1,1776394800,1776394800,1776396100.0,1776396100,1776396100,1776394800,1776396099,1.0,1300.0,1300.0,0.0,False,False,21.51,26333.0,26334.29,26335.58,80,2,2,22,22.0,1.0,BROKEN_NO_ACCEPTANCE,0.11992749,0,,,False,False
RG2_USTEC_PERIOD_M5_1776038400_1776466500_3632165528533734308,USTEC,16298546934386041307,5622667308959395774,9152793937209616091,1,1776402000,1776402000,1776406200.0,1776405600,1776405600,1776402000,1776402000,4200.0,4200.0,4200.0,600.0,True,False,16.36,26341.0,26341.75,26342.5,80,2,2,1,12.0,1.0,APPROACH_NO_CONTACT,0.0,0,,,False,False
RG2_USTEC_PERIOD_M5_1776038400_1776466500_3632165528533734308,USTEC,5784133243803033919,15854108678302777546,13534747693717539745,1,1776426042,1776426042,1776426089.0,1776426089,1776426089,1776426042,1776426088,1.0,47.0,47.0,0.0,False,False,8.97,26349.07,26349.55,26350.04,192,2,2,14,14.0,1.0,BROKEN_NO_ACCEPTANCE,0.20505962,0,,,False,False
RG2_USTEC_PERIOD_M5_1776038400_1776466500_3632165528533734308,USTEC,5849219503469172689,13785462829180238464,9030187699364926188,1,1776426115,1776426115,1776426134.0,1776426134,1776426134,1776426097,1776426133,1.0,19.0,19.0,0.0,False,False,8.97,26352.35,26352.86,26353.37,320,2,2,20,20.0,1.0,BROKEN_NO_ACCEPTANCE,0.11367436,0,,,False,False
RG2_USTEC_PERIOD_M5_1776038400_1776466500_3632165528533734308,USTEC,6580459602837244616,14612687523195801504,14535303608895109136,10,1776420090,1776422550,1776427645.0,1776427200,1776427200,1776420000,1776427035,610.0,5095.0,7555.0,445.0,True,False,8.92,26273.47,26293.28,26316.15,146,3,5,280,280.0,10.0,APPROACH_NO_CONTACT,0.0,0,,,False,False
RG2_USTEC_PERIOD_M5_1776038400_1776466500_3632165528533734308,USTEC,8033034615249177495,17627004029866754201,218289357278720250,5,1776436303,1776437258,1776437295.0,1776437294,1776437294,1776436302,1776437294,1.0,37.0,992.0,1.0,True,False,9.57,26399.4,26401.71,26402.21,64,1,2,31,31.0,5.0,BROKEN_NO_ACCEPTANCE,0.29374869,0,,,False,False
RG2_USTEC_PERIOD_M5_1776038400_1776466500_3632165528533734308,USTEC,4373265930734986620,2779125091694735415,714321916825733770,1,1776438092,1776438092,1776438101.0,1776438100,1776438100,1776438091,1776438100,1.0,9.0,9.0,1.0,True,False,9.63,26414.83,26415.35,26415.87,192,2,2,12,12.0,1.0,BROKEN_NO_ACCEPTANCE,0.20037375,0,,,False,False
RG2_USTEC_PERIOD_M5_1776038400_1776466500_3632165528533734308,USTEC,16795506087033859841,1312732835388354288,844332964625947669,1,1776438156,1776438156,1776438193.0,1776438193,1776438193,1776387600,1776438192,1.0,37.0,37.0,0.0,False,False,9.63,26425.45,26486.18,26558.97,896,3,7,1205,1205.0,1.0,APPROACH_NO_CONTACT,0.0,0,,,False,False
RG2_USTEC_PERIOD_M5_1776038400_1776466500_3632165528533734308,USTEC,14557757558154140707,4066398275716054068,15234690269495387263,2,1776450900,1776450941,1776450964.0,1776450964,1776450964,1776450877,1776450963,1.0,23.0,64.0,0.0,False,False,22.24,26716.73,26717.95,26719.17,192,2,2,22,22.0,2.0,BROKEN_NO_ACCEPTANCE,0.10955742,0,,,False,False
RG2_USTEC_PERIOD_M5_1784505600_1784933700_16636102961176583068,USTEC,10576925737931555167,18346403581582880330,13145754071114034379,1,1784512804,1784512804,1784515394.0,1784515393,1784515393,1784512800,1784515393,1.0,2590.0,2590.0,1.0,True,False,56.7,28673.0,28676.32,28679.63,80,2,2,33,33.0,1.0,BROKEN_NO_ACCEPTANCE,0.11692091,0,,,False,False
RG2_USTEC_PERIOD_M5_1784505600_1784933700_16636102961176583068,USTEC,5885553613490588006,16681964885866130613,16558812986754709128,1,1784516400,1784516400,1784516728.0,1784516728,1784516728,1784516400,1784516728,0.0,328.0,328.0,0.0,False,False,54.45,28700.0,28703.26,28706.52,80,2,2,16,16.0,1.0,BROKEN_NO_ACCEPTANCE,0.11974068,0,,,False,False
RG2_USTEC_PERIOD_M5_1784505600_1784933700_16636102961176583068,USTEC,3766629023541163488,11506602617377044579,12332787820658311764,1,1784551902,1784551902,1784551947.0,1784551941,1784551941,1784551897,1784551940,7.0,45.0,45.0,6.0,True,False,30.68,28800.05,28801.84,28803.64,320,2,2,26,26.0,1.0,BROKEN_NO_ACCEPTANCE,0.17077861,0,,,False,False
RG2_USTEC_PERIOD_M5_1784505600_1784933700_16636102961176583068,USTEC,4572596017140946838,13726401913105025374,12017443030010201703,10,1784570909,1784577271,1784578200.0,1784577600,1784577600,1784570400,1784574000,4200.0,929.0,7291.0,600.0,True,False,39.39,28810.0,28812.0,28814.0,16,1,2,13,24.0,10.0,PENETRATED_NO_RESOLUTION,0.06282828,0,,,False,False
RG2_USTEC_PERIOD_M5_1784505600_1784933700_16636102961176583068,USTEC,17478054721436390879,4279517178181130982,15556253393116430166,5,1784585043,1784587845,1784589000.0,1784588400,1784588400,1784577600,1784585100,3900.0,1155.0,3957.0,600.0,True,False,46.56,28614.83,28630.58,28643.48,18,2,2,26,36.0,5.0,BROKEN_NO_ACCEPTANCE,1.11444283,0,,,False,False
RG2_USTEC_PERIOD_M5_1784505600_1784933700_16636102961176583068,USTEC,13810331101668097155,447956857601866742,8177184807164211299,1,1784605216,1784605216,1784605360.0,1784605359,1784605359,1784605215,1784605359,1.0,144.0,144.0,1.0,True,False,35.78,28700.0,28702.15,28704.29,80,2,2,47,47.0,1.0,BROKEN_NO_ACCEPTANCE,0.22053274,0,,,False,False
RG2_USTEC_PERIOD_M5_1784505600_1784933700_16636102961176583068,USTEC,2921932970719217769,12604272145972079912,16525293775007174241,1,1784605712,1784605712,1784605754.0,1784605754,1784605754,1784605711,1784605753,1.0,42.0,42.0,0.0,False,False,35.4,28717.47,28719.52,28721.57,192,2,2,36,36.0,1.0,BROKEN_NO_ACCEPTANCE,0.22290025,0,,,False,False
RG2_USTEC_PERIOD_M5_1784505600_1784933700_16636102961176583068,USTEC,16037421958351832414,4217383074389740733,9855203507800748192,1,1784613600,1784613600,1784613638.0,1784613638,1784613638,1784613600,1784613638,0.0,38.0,38.0,0.0,False,False,31.81,28782.0,28783.87,28785.74,80,2,2,16,16.0,1.0,BROKEN_NO_ACCEPTANCE,0.11758418,0,,,False,False
RG2_USTEC_PERIOD_M5_1784505600_1784933700_16636102961176583068,USTEC,12599094432537785785,8665601033786308501,14393997345854976745,2,1784613752,1784613900,1784614275.0,1784614274,1784614274,1784613749,1784614274,1.0,375.0,523.0,1.0,True,False,31.18,28800.05,28801.91,28803.78,320,2,2,57,57.0,2.0,BROKEN_NO_ACCEPTANCE,0.11960879,0,,,False,False
RG2_USTEC_PERIOD_M5_1784505600_1784933700_16636102961176583068,USTEC,5233710699732264269,11941982270153557748,3088814519798725177,1,1784614772,1784614772,1784615438.0,1784615438,1784615438,1784614771,1784615438,0.0,666.0,666.0,0.0,False,False,30.41,28821.0,28822.82,28824.64,80,2,2,50,50.0,1.0,BROKEN_NO_ACCEPTANCE,0.23840842,0,,,False,False
RG2_USTEC_PERIOD_M5_1784505600_1784933700_16636102961176583068,USTEC,6462833494141153172,6441813689055906487,13784153930608238667,10,1784616583,1784620236,1784621400.0,1784620800,1784620800,1784616580,1784620200,1200.0,1164.0,4817.0,600.0,True,False,26.37,28900.93,28902.47,28904.0,144,2,2,108,109.0,10.0,APPROACH_NO_CONTACT,0.0,0,,,False,False
RG2_USTEC_PERIOD_M5_1784505600_1784933700_16636102961176583068,USTEC,2140733001583405059,10492646032661965206,5110531557055273598,1,1784623239,1784623239,1784623421.0,1784623421,1784623421,1784620800,1784623420,1.0,182.0,182.0,0.0,False,False,24.52,28915.0,28916.46,28917.91,80,2,2,19,19.0,1.0,BROKEN_NO_ACCEPTANCE,0.11866411,0,,,False,False
RG2_USTEC_PERIOD_M5_1784505600_1784933700_16636102961176583068,USTEC,699991736471411195,14275061029099683934,1666860038668003387,1,1784624400,1784624400,1784624441.0,1784624441,1784624441,1784624400,1784624440,1.0,41.0,41.0,0.0,False,False,24.86,28931.0,28932.42,28933.84,80,2,2,14,14.0,1.0,BROKEN_NO_ACCEPTANCE,0.11423055,0,,,False,False
RG2_USTEC_PERIOD_M5_1784505600_1784933700_16636102961176583068,USTEC,13602787269065322175,17243331497158950922,14772163429445610871,1,1784628000,1784628000,1784628211.0,1784628211,1784628211,1784628000,1784628210,1.0,211.0,211.0,0.0,False,False,24.8,28981.0,28982.47,28983.94,80,2,2,13,13.0,1.0,BROKEN_NO_ACCEPTANCE,0.11853883,0,,,False,False
RG2_USTEC_PERIOD_M5_1784505600_1784933700_16636102961176583068,USTEC,11308653643673191103,14085814511373250730,10628182168863677552,1,1784632437,1784632437,1784633080.0,1784633079,1784633079,1784632020,1784633079,1.0,643.0,643.0,1.0,True,False,24.74,28986.0,28987.35,28988.71,80,2,2,12,12.0,1.0,BROKEN_NO_ACCEPTANCE,0.10954806,0,,,False,False
RG2_USTEC_PERIOD_M5_1784505600_1784933700_16636102961176583068,USTEC,15769940317913490379,10548470646936089038,11790048529488661535,1,1784633116,1784633116,1784633413.0,1784633404,1784633404,1784633114,1784633404,9.0,297.0,297.0,9.0,True,False,24.25,28995.47,28996.87,28998.27,192,2,2,30,30.0,1.0,BROKEN_NO_ACCEPTANCE,0.18842253,0,,,False,False
RG2_USTEC_PERIOD_M5_1784505600_1784933700_16636102961176583068,USTEC,5686201222349975888,6215694031593203973,3746831523586268098,11,1784633416,1784638580,1784639400.0,1784638800,1784638800,1784633414,1784636355,3045.0,820.0,5984.0,600.0,True,False,20.81,29002.0,29008.8,29015.6,80,2,2,165,174.0,11.0,APPROACH_NO_CONTACT,0.0,0,,,False,False
RG2_USTEC_PERIOD_M5_1784505600_1784933700_16636102961176583068,USTEC,13273220243374255853,11188917728482377408,5565512434353090751,4,1784636366,1784641771,1784643000.0,1784642400,1784642400,1784636342,1784641002,1998.0,1229.0,6634.0,600.0,True,False,19.76,29018.8,29022.6,29023.2,80,2,2,52,56.0,4.0,APPROACH_NO_CONTACT,0.0,0,,,False,False
RG2_USTEC_PERIOD_M5_1784505600_1784933700_16636102961176583068,USTEC,13459330199272998354,5452009735610683001,997485052477927504,1,1784646724,1784646724,1784651261.0,1784651260,1784651260,1784642400,1784651260,1.0,4537.0,4537.0,1.0,True,False,20.41,29029.0,29030.17,29031.34,80,2,2,37,37.0,1.0,BROKEN_NO_ACCEPTANCE,0.11463283,0,,,False,False
RG2_USTEC_PERIOD_M5_1784505600_1784933700_16636102961176583068,USTEC,13919012174029245656,9047529619678511659,7196049882009334838,1,1784651372,1784651372,1784651396.0,1784651396,1784651396,1784602800,1784651395,1.0,24.0,24.0,0.0,False,False,20.41,29050.0,29131.82,29199.07,896,3,4,2257,2257.0,1.0,APPROACH_NO_CONTACT,0.0,0,,,False,False
RG2_USTEC_PERIOD_M5_1784505600_1784933700_16636102961176583068,USTEC,2658617227020496272,1709280057198571475,16428160259055077409,1,1784667037,1784667037,1784668200.0,1784667600,1784667600,1784656800,1784667040,1160.0,1163.0,1163.0,600.0,True,False,30.65,29204.75,29327.67,29432.46,902,5,10,671,672.0,1.0,APPROACH_NO_CONTACT,0.0,0,,,False,False
RG2_USTEC_PERIOD_M5_1784505600_1784933700_16636102961176583068,USTEC,8047528363849627848,11640548934202739934,9561786331008097143,18,1784703221,1784703221,1784703700.0,1784703401,1784703401,1784595600,1784703401,299.0,479.0,479.0,299.0,True,False,20.6,28856.47,28951.61,29018.85,914,5,7,4304,4304.0,18.0,APPROACH_NO_CONTACT,0.0,0,,,False,False
RG2_USTEC_PERIOD_M5_1784505600_1784933700_16636102961176583068,USTEC,3049792612128007315,1677662278693828742,15436315406081152167,1,1784731420,1784731420,1784733000.0,1784732400,1784732400,1784731420,1784731421,1579.0,1580.0,1580.0,600.0,True,False,23.21,28856.47,28945.84,29018.85,912,4,7,7,10.0,1.0,PENETRATED_NO_RESOLUTION,2.33044855,0,,,False,False
RG2_USTEC_PERIOD_M5_1784505600_1784933700_16636102961176583068,USTEC,12847296092124407156,9987447292136053105,10201169751140141366,1,1784735792,1784735792,1784735800.0,1784735797,1784735797,1784735791,1784735799,1.0,8.0,8.0,3.0,True,True,24.9,28813.1,28814.05,28815.0,80,2,2,8,8.0,1.0,BROKEN_NO_ACCEPTANCE,0.12170141,0,,,False,False
RG2_USTEC_PERIOD_M5_1784505600_1784933700_16636102961176583068,USTEC,18022428108956081874,17376945580268536851,7041776579536479596,5,1784733456,1784735970,1784736600.0,1784736000,1784736000,1784732400,1784735802,798.0,630.0,3144.0,600.0,True,False,24.9,28856.47,28934.23,29018.85,912,4,8,140,140.0,5.0,APPROACH_NO_CONTACT,0.0,0,,,False,False
RG2_USTEC_PERIOD_M5_1784505600_1784933700_16636102961176583068,USTEC,9161482644012206196,16788212122676717088,2843947990788994586,16,1784759905,1784764058,1784768400.0,1784768400,1784768400,1784736000,1784761200,7200.0,4342.0,8495.0,0.0,False,False,33.21,28856.47,28945.55,29018.85,912,4,7,120,131.0,16.0,PENETRATED_NO_RESOLUTION,0.53904693,0,,,False,False
RG2_USTEC_PERIOD_M5_1784505600_1784933700_16636102961176583068,USTEC,554031204104586504,17729964730350700706,3801477670875560208,2,1784768442,1784768492,1784768538.0,1784768502,1784768502,1784768438,1784768501,37.0,46.0,96.0,36.0,True,False,33.21,28928.0,28929.8,28931.6,320,2,2,40,40.0,2.0,BROKEN_NO_ACCEPTANCE,0.2138039,0,,,False,False
RG2_USTEC_PERIOD_M5_1784505600_1784933700_16636102961176583068,USTEC,3339032233396860437,12588314634025552250,15449175993351485711,1,1784768742,1784768742,1784768860.0,1784768859,1784768859,1784768737,1784768858,2.0,118.0,118.0,1.0,True,False,34.02,28898.15,28900.03,28901.9,320,2,2,21,21.0,1.0,BROKEN_NO_ACCEPTANCE,0.11022928,0,,,False,False
RG2_USTEC_PERIOD_M5_1784505600_1784933700_16636102961176583068,USTEC,2277598699867157365,14249704001937797071,13235843032097834774,16,1784768429,1784796493,1784801367.0,1784800800,1784800800,1784768400,1784797200,4167.0,4874.0,32938.0,567.0,True,False,26.84,28964.97,28976.42,28985.56,18,2,3,871,882.0,16.0,APPROACH_NO_CONTACT,0.0,0,,,False,False
RG2_USTEC_PERIOD_M5_1784505600_1784933700_16636102961176583068,USTEC,14129873301889791200,9518137906298469808,10936907931076140937,3,1784801368,1784802600,1784803518.0,1784803500,1784803500,1784768400,1784803481,37.0,918.0,2150.0,18.0,True,False,27.65,28797.9,28811.65,28849.1,464,4,4,1172,1172.0,3.0,BROKEN_NO_ACCEPTANCE,2.77524192,0,,,False,False
RG2_USTEC_PERIOD_M5_1784505600_1784933700_16636102961176583068,USTEC,14580694943498469227,6776594476932879874,12189621059696617083,5,1784800800,1784810792,1784812200.0,1784811600,1784811600,1784800800,1784808000,4200.0,1408.0,11400.0,600.0,True,False,28.2,28921.0,28934.4,28945.3,402,4,5,382,393.0,5.0,APPROACH_NO_CONTACT,0.0,0,,,False,False
RG2_USTEC_PERIOD_M5_1784505600_1784933700_16636102961176583068,USTEC,10863724863156084478,2569063240955981501,7653772589662771117,1,1784815283,1784815283,1784819400.0,1784818800,1784818800,1784815200,1784818037,1363.0,4117.0,4117.0,600.0,True,False,26.57,28921.0,28934.4,28945.3,402,4,5,55,57.0,1.0,APPROACH_NO_CONTACT,0.0,0,,,False,False
RG2_USTEC_PERIOD_M5_1784505600_1784933700_16636102961176583068,USTEC,11153329940992738098,4858241798699267815,9682033989536227731,1,1784820029,1784820029,1784820037.0,1784820037,1784820037,1784820024,1784820036,1.0,8.0,8.0,0.0,False,False,28.01,28716.88,28717.17,28717.47,192,2,2,29,29.0,1.0,BROKEN_NO_ACCEPTANCE,0.03533947,0,,,False,False
RG2_USTEC_PERIOD_M5_1784505600_1784933700_16636102961176583068,USTEC,5304513384939715523,2813901433968718367,9884224537922378160,2,1784821385,1784821411,1784821710.0,1784821709,1784821709,1784821384,1784821709,1.0,299.0,325.0,1.0,True,False,28.27,28601.43,28603.03,28604.63,192,2,2,30,30.0,2.0,BROKEN_NO_ACCEPTANCE,0.11919078,0,,,False,False
RG2_USTEC_PERIOD_M5_1784505600_1784933700_16636102961176583068,USTEC,900699847582134941,14128177550588246594,18072505721193867740,16,1784848322,1784848598,1784854800.0,1784854800,1784854800,1784682000,1784847600,7200.0,6202.0,6478.0,0.0,False,False,48.11,28235.87,28418.74,28572.8,976,5,16,5236,5247.0,16.0,PENETRATED_NO_RESOLUTION,0.26812944,0,,,False,False
RG2_USTEC_PERIOD_M5_1784505600_1784933700_16636102961176583068,USTEC,3879532965340443156,7584236883287286417,4526181724788622774,1,1784854800,1784854800,1784854881.0,1784854880,1784854880,1784854800,1784854880,1.0,81.0,81.0,1.0,True,False,48.11,28519.49,28522.29,28525.1,320,2,2,42,42.0,1.0,BROKEN_NO_ACCEPTANCE,0.16025441,0,,,False,False
RG2_USTEC_PERIOD_M5_1784505600_1784933700_16636102961176583068,USTEC,8140062471412745057,13279177300433646608,7461652350771388697,2,1784858400,1784858739,1784866200.0,1784865600,1784865600,1784858400,1784862977,3223.0,7461.0,7800.0,600.0,True,False,46.05,28568.0,28569.2,28570.4,80,2,2,74,82.0,2.0,APPROACH_NO_CONTACT,0.0,0,,,False,False
RG2_USTEC_PERIOD_M5_1784505600_1784933700_16636102961176583068,USTEC,8786038879486006960,4398980491796961029,9183015736290275043,1,1784911963,1784911963,1784912021.0,1784912021,1784912021,1784911962,1784912020,1.0,58.0,58.0,0.0,False,False,28.7,28182.81,28184.44,28186.07,192,2,2,29,29.0,1.0,BROKEN_NO_ACCEPTANCE,0.3306505,0,,,False,False
RG2_USTEC_PERIOD_M5_1784505600_1784933700_16636102961176583068,USTEC,13588888668564541646,13060220494689086011,9289242756361765965,1,1784912131,1784912131,1784912139.0,1784912138,1784912138,1784912130,1784912138,1.0,8.0,8.0,1.0,True,False,30.15,28157.49,28159.12,28160.75,320,2,2,16,16.0,1.0,BROKEN_NO_ACCEPTANCE,0.13530992,0,,,False,False
