P2_root	P2T_root	session_id	civil_date	offset	D_B_selected_ordinal	k	target	design_probability	raw_probability	z_probability	estimand_unit	row_independence_authority
af0b7f804a8d8337572d6a4a6f2ddcb426defb1f4d5f28ed0fde54882050d00c	a2b3facd10cee4f0909891958654ec1a86b2615c602c30a726ea3c4bf4706c18	OBSOPEN_US30_20240103	2024-01-03	120	1	1	0.00000000000000000	0.57360103306217602	0.54006957425302737	0.68139442757977442	SESSION	false
af0b7f804a8d8337572d6a4a6f2ddcb426defb1f4d5f28ed0fde54882050d00c	a2b3facd10cee4f0909891958654ec1a86b2615c602c30a726ea3c4bf4706c18	OBSOPEN_US30_20240103	2024-01-03	120	1	2	0.00000000000000000	0.57385372672695767	0.54821962903822552	0.63838582437744273	SESSION	false
af0b7f804a8d8337572d6a4a6f2ddcb426defb1f4d5f28ed0fde54882050d00c	a2b3facd10cee4f0909891958654ec1a86b2615c602c30a726ea3c4bf4706c18	OBSOPEN_US30_20240103	2024-01-03	120	1	3	0.00000000000000000	0.57385372672695767	0.56187365109140386	0.72726603819491420	SESSION	false
af0b7f804a8d8337572d6a4a6f2ddcb426defb1f4d5f28ed0fde54882050d00c	a2b3facd10cee4f0909891958654ec1a86b2615c602c30a726ea3c4bf4706c18	OBSOPEN_US30_20240103	2024-01-03	120	1	4	0.00000000000000000	0.57312804943766726	0.54044614817697734	0.57763489796729617	SESSION	false
af0b7f804a8d8337572d6a4a6f2ddcb426defb1f4d5f28ed0fde54882050d00c	a2b3facd10cee4f0909891958654ec1a86b2615c602c30a726ea3c4bf4706c18	OBSOPEN_US30_20240103	2024-01-03	120	1	5	0.00000000000000000	0.57240208107606128	0.49322707978191965	0.40740327010662525	SESSION	false
af0b7f804a8d8337572d6a4a6f2ddcb426defb1f4d5f28ed0fde54882050d00c	a2b3facd10cee4f0909891958654ec1a86b2615c602c30a726ea3c4bf4706c18	OBSOPEN_US30_20240103	2024-01-03	120	1	6	0.00000000000000000	0.57240208107606128	0.46928311880116469	0.35566598464672117	SESSION	false
af0b7f804a8d8337572d6a4a6f2ddcb426defb1f4d5f28ed0fde54882050d00c	a2b3facd10cee4f0909891958654ec1a86b2615c602c30a726ea3c4bf4706c18	OBSOPEN_US30_20240103	2024-01-03	120	1	7	0.00000000000000000	0.57167582432279629	0.46325078927039937	0.35812640565467085	SESSION	false
af0b7f804a8d8337572d6a4a6f2ddcb426defb1f4d5f28ed0fde54882050d00c	a2b3facd10cee4f0909891958654ec1a86b2615c602c30a726ea3c4bf4706c18	OBSOPEN_US30_20240103	2024-01-03	120	1	8	0.00000000000000000	0.57602898541280478	0.48708851264203823	0.44944160755111712	SESSION	false
af0b7f804a8d8337572d6a4a6f2ddcb426defb1f4d5f28ed0fde54882050d00c	a2b3facd10cee4f0909891958654ec1a86b2615c602c30a726ea3c4bf4706c18	OBSOPEN_US30_20240103	2024-01-03	120	1	9	0.00000000000000000	0.57602898541280478	0.51395985578551917	0.51366451343240382	SESSION	false
af0b7f804a8d8337572d6a4a6f2ddcb426defb1f4d5f28ed0fde54882050d00c	a2b3facd10cee4f0909891958654ec1a86b2615c602c30a726ea3c4bf4706c18	OBSOPEN_US30_20240103	2024-01-03	120	1	10	0.00000000000000000	0.57385372672695767	0.52706733571849818	0.53419031107694426	SESSION	false
af0b7f804a8d8337572d6a4a6f2ddcb426defb1f4d5f28ed0fde54882050d00c	a2b3facd10cee4f0909891958654ec1a86b2615c602c30a726ea3c4bf4706c18	OBSOPEN_US30_20240103	2024-01-03	120	1	11	0.00000000000000000	0.57385372672695767	0.50892894050548998	0.48547565866088987	SESSION	false
af0b7f804a8d8337572d6a4a6f2ddcb426defb1f4d5f28ed0fde54882050d00c	a2b3facd10cee4f0909891958654ec1a86b2615c602c30a726ea3c4bf4706c18	OBSOPEN_US30_20240103	2024-01-03	120	1	12	0.00000000000000000	0.57385372672695767	0.52329659768086134	0.53268401418494615	SESSION	false
af0b7f804a8d8337572d6a4a6f2ddcb426defb1f4d5f28ed0fde54882050d00c	a2b3facd10cee4f0909891958654ec1a86b2615c602c30a726ea3c4bf4706c18	OBSOPEN_US30_20240103	2024-01-03	120	1	13	0.00000000000000000	0.57530419738541227	0.49049510113255085	0.43647044185069661	SESSION	false
af0b7f804a8d8337572d6a4a6f2ddcb426defb1f4d5f28ed0fde54882050d00c	a2b3facd10cee4f0909891958654ec1a86b2615c602c30a726ea3c4bf4706c18	OBSOPEN_US30_20240103	2024-01-03	120	1	14	0.00000000000000000	0.57530419738541227	0.45730623918725916	0.37576471996623634	SESSION	false
af0b7f804a8d8337572d6a4a6f2ddcb426defb1f4d5f28ed0fde54882050d00c	a2b3facd10cee4f0909891958654ec1a86b2615c602c30a726ea3c4bf4706c18	OBSOPEN_US30_20240103	2024-01-03	120	1	15	0.00000000000000000	0.57385372672695767	0.44655584586969393	0.36153365558037182	SESSION	false
af0b7f804a8d8337572d6a4a6f2ddcb426defb1f4d5f28ed0fde54882050d00c	a2b3facd10cee4f0909891958654ec1a86b2615c602c30a726ea3c4bf4706c18	OBSOPEN_US30_20240103	2024-01-03	120	1	16	0.00000000000000000	0.57457911026715902	0.45541371567033384	0.40132203244030973	SESSION	false
af0b7f804a8d8337572d6a4a6f2ddcb426defb1f4d5f28ed0fde54882050d00c	a2b3facd10cee4f0909891958654ec1a86b2615c602c30a726ea3c4bf4706c18	OBSOPEN_US30_20240103	2024-01-03	120	1	17	0.00000000000000000	0.57602898541280478	0.46642462224518672	0.42141593973353370	SESSION	false
af0b7f804a8d8337572d6a4a6f2ddcb426defb1f4d5f28ed0fde54882050d00c	a2b3facd10cee4f0909891958654ec1a86b2615c602c30a726ea3c4bf4706c18	OBSOPEN_US30_20240103	2024-01-03	120	1	18	0.00000000000000000	0.57675347168440017	0.44706953933490490	0.39698011610131240	SESSION	false
af0b7f804a8d8337572d6a4a6f2ddcb426defb1f4d5f28ed0fde54882050d00c	a2b3facd10cee4f0909891958654ec1a86b2615c602c30a726ea3c4bf4706c18	OBSOPEN_US30_20240103	2024-01-03	120	1	19	0.00000000000000000	0.57747765353927083	0.43296159557979058	0.37462527024769471	SESSION	false
af0b7f804a8d8337572d6a4a6f2ddcb426defb1f4d5f28ed0fde54882050d00c	a2b3facd10cee4f0909891958654ec1a86b2615c602c30a726ea3c4bf4706c18	OBSOPEN_US30_20240103	2024-01-03	120	1	20	0.00000000000000000	0.57675347168440017	0.46251862283140682	0.45397307968428213	SESSION	false
af0b7f804a8d8337572d6a4a6f2ddcb426defb1f4d5f28ed0fde54882050d00c	a2b3facd10cee4f0909891958654ec1a86b2615c602c30a726ea3c4bf4706c18	OBSOPEN_US30_20240103	2024-01-03	120	1	21	0.00000000000000000	0.57385372672695767	0.48617316275865063	0.46286901274536529	SESSION	false
af0b7f804a8d8337572d6a4a6f2ddcb426defb1f4d5f28ed0fde54882050d00c	a2b3facd10cee4f0909891958654ec1a86b2615c602c30a726ea3c4bf4706c18	OBSOPEN_US30_20240103	2024-01-03	120	1	22	0.00000000000000000	0.57240208107606128	0.50951023036504905	0.50366445117488956	SESSION	false
af0b7f804a8d8337572d6a4a6f2ddcb426defb1f4d5f28ed0fde54882050d00c	a2b3facd10cee4f0909891958654ec1a86b2615c602c30a726ea3c4bf4706c18	OBSOPEN_US30_20240103	2024-01-03	120	1	23	0.00000000000000000	0.57240208107606128	0.50692107024744537	0.49270967338395799	SESSION	false
af0b7f804a8d8337572d6a4a6f2ddcb426defb1f4d5f28ed0fde54882050d00c	a2b3facd10cee4f0909891958654ec1a86b2615c602c30a726ea3c4bf4706c18	OBSOPEN_US30_20240103	2024-01-03	120	1	24	0.00000000000000000	0.57167582432279629	0.49580999396241848	0.46597678424759564	SESSION	false
af0b7f804a8d8337572d6a4a6f2ddcb426defb1f4d5f28ed0fde54882050d00c	a2b3facd10cee4f0909891958654ec1a86b2615c602c30a726ea3c4bf4706c18	OBSOPEN_US30_20240103	2024-01-03	120	1	25	0.00000000000000000	0.57385372672695767	0.47580312178958839	0.43732557218571111	SESSION	false
af0b7f804a8d8337572d6a4a6f2ddcb426defb1f4d5f28ed0fde54882050d00c	a2b3facd10cee4f0909891958654ec1a86b2615c602c30a726ea3c4bf4706c18	OBSOPEN_US30_20240103	2024-01-03	120	1	26	0.00000000000000000	0.57167582432279629	0.47251932180675310	0.42814162445512033	SESSION	false
af0b7f804a8d8337572d6a4a6f2ddcb426defb1f4d5f28ed0fde54882050d00c	a2b3facd10cee4f0909891958654ec1a86b2615c602c30a726ea3c4bf4706c18	OBSOPEN_US30_20240103	2024-01-03	120	1	27	0.00000000000000000	0.57094928186238081	0.47142523740308950	0.42767575486200715	SESSION	false
af0b7f804a8d8337572d6a4a6f2ddcb426defb1f4d5f28ed0fde54882050d00c	a2b3facd10cee4f0909891958654ec1a86b2615c602c30a726ea3c4bf4706c18	OBSOPEN_US30_20240103	2024-01-03	120	1	28	0.00000000000000000	0.57167582432279629	0.44989503425940203	0.39174936709085206	SESSION	false
af0b7f804a8d8337572d6a4a6f2ddcb426defb1f4d5f28ed0fde54882050d00c	a2b3facd10cee4f0909891958654ec1a86b2615c602c30a726ea3c4bf4706c18	OBSOPEN_US30_20240103	2024-01-03	120	1	29	0.00000000000000000	0.57094928186238081	0.42421619032922409	0.35130724679302078	SESSION	false
af0b7f804a8d8337572d6a4a6f2ddcb426defb1f4d5f28ed0fde54882050d00c	a2b3facd10cee4f0909891958654ec1a86b2615c602c30a726ea3c4bf4706c18	OBSOPEN_US30_20240103	2024-01-03	120	1	30	0.00000000000000000	0.57094928186238081	0.45682388002435687	0.42346385554474142	SESSION	false
af0b7f804a8d8337572d6a4a6f2ddcb426defb1f4d5f28ed0fde54882050d00c	a2b3facd10cee4f0909891958654ec1a86b2615c602c30a726ea3c4bf4706c18	OBSOPEN_US30_20240104	2024-01-04	120	2	1	1.00000000000000000	0.57360103306217602	0.53337345866061836	0.61020751281263153	SESSION	false
af0b7f804a8d8337572d6a4a6f2ddcb426defb1f4d5f28ed0fde54882050d00c	a2b3facd10cee4f0909891958654ec1a86b2615c602c30a726ea3c4bf4706c18	OBSOPEN_US30_20240104	2024-01-04	120	2	2	1.00000000000000000	0.57385372672695767	0.57292904528076438	0.73713859374023438	SESSION	false
af0b7f804a8d8337572d6a4a6f2ddcb426defb1f4d5f28ed0fde54882050d00c	a2b3facd10cee4f0909891958654ec1a86b2615c602c30a726ea3c4bf4706c18	OBSOPEN_US30_20240104	2024-01-04	120	2	3	1.00000000000000000	0.57385372672695767	0.63084615583969283	0.77071280767107464	SESSION	false
af0b7f804a8d8337572d6a4a6f2ddcb426defb1f4d5f28ed0fde54882050d00c	a2b3facd10cee4f0909891958654ec1a86b2615c602c30a726ea3c4bf4706c18	OBSOPEN_US30_20240104	2024-01-04	120	2	4	1.00000000000000000	0.57312804943766726	0.62737496944616999	0.71756230821397382	SESSION	false
af0b7f804a8d8337572d6a4a6f2ddcb426defb1f4d5f28ed0fde54882050d00c	a2b3facd10cee4f0909891958654ec1a86b2615c602c30a726ea3c4bf4706c18	OBSOPEN_US30_20240104	2024-01-04	120	2	5	1.00000000000000000	0.57240208107606128	0.60255435966027526	0.66998389648502710	SESSION	false
af0b7f804a8d8337572d6a4a6f2ddcb426defb1f4d5f28ed0fde54882050d00c	a2b3facd10cee4f0909891958654ec1a86b2615c602c30a726ea3c4bf4706c18	OBSOPEN_US30_20240104	2024-01-04	120	2	6	1.00000000000000000	0.57240208107606128	0.57522910993940057	0.62583776197005980	SESSION	false
af0b7f804a8d8337572d6a4a6f2ddcb426defb1f4d5f28ed0fde54882050d00c	a2b3facd10cee4f0909891958654ec1a86b2615c602c30a726ea3c4bf4706c18	OBSOPEN_US30_20240104	2024-01-04	120	2	7	1.00000000000000000	0.57167582432279629	0.54799081175011133	0.55752656453597560	SESSION	false
af0b7f804a8d8337572d6a4a6f2ddcb426defb1f4d5f28ed0fde54882050d00c	a2b3facd10cee4f0909891958654ec1a86b2615c602c30a726ea3c4bf4706c18	OBSOPEN_US30_20240104	2024-01-04	120	2	8	1.00000000000000000	0.57602898541280478	0.56093411753940259	0.61625435829444286	SESSION	false
af0b7f804a8d8337572d6a4a6f2ddcb426defb1f4d5f28ed0fde54882050d00c	a2b3facd10cee4f0909891958654ec1a86b2615c602c30a726ea3c4bf4706c18	OBSOPEN_US30_20240104	2024-01-04	120	2	9	1.00000000000000000	0.57602898541280478	0.60622466959890309	0.71350665164931470	SESSION	false
af0b7f804a8d8337572d6a4a6f2ddcb426defb1f4d5f28ed0fde54882050d00c	a2b3facd10cee4f0909891958654ec1a86b2615c602c30a726ea3c4bf4706c18	OBSOPEN_US30_20240104	2024-01-04	120	2	10	1.00000000000000000	0.57385372672695767	0.60486518076999363	0.68863769183323886	SESSION	false
af0b7f804a8d8337572d6a4a6f2ddcb426defb1f4d5f28ed0fde54882050d00c	a2b3facd10cee4f0909891958654ec1a86b2615c602c30a726ea3c4bf4706c18	OBSOPEN_US30_20240104	2024-01-04	120	2	11	1.00000000000000000	0.57385372672695767	0.57598689575146256	0.62889666172734870	SESSION	false
af0b7f804a8d8337572d6a4a6f2ddcb426defb1f4d5f28ed0fde54882050d00c	a2b3facd10cee4f0909891958654ec1a86b2615c602c30a726ea3c4bf4706c18	OBSOPEN_US30_20240104	2024-01-04	120	2	12	1.00000000000000000	0.57385372672695767	0.59409020446326999	0.69089009663231915	SESSION	false
af0b7f804a8d8337572d6a4a6f2ddcb426defb1f4d5f28ed0fde54882050d00c	a2b3facd10cee4f0909891958654ec1a86b2615c602c30a726ea3c4bf4706c18	OBSOPEN_US30_20240104	2024-01-04	120	2	13	1.00000000000000000	0.57530419738541227	0.63150949492778252	0.75624322772199815	SESSION	false
af0b7f804a8d8337572d6a4a6f2ddcb426defb1f4d5f28ed0fde54882050d00c	a2b3facd10cee4f0909891958654ec1a86b2615c602c30a726ea3c4bf4706c18	OBSOPEN_US30_20240104	2024-01-04	120	2	14	1.00000000000000000	0.57530419738541227	0.66137838629886558	0.79745856923911940	SESSION	false
af0b7f804a8d8337572d6a4a6f2ddcb426defb1f4d5f28ed0fde54882050d00c	a2b3facd10cee4f0909891958654ec1a86b2615c602c30a726ea3c4bf4706c18	OBSOPEN_US30_20240104	2024-01-04	120	2	15	1.00000000000000000	0.57385372672695767	0.66022655751997472	0.77439794185085509	SESSION	false
af0b7f804a8d8337572d6a4a6f2ddcb426defb1f4d5f28ed0fde54882050d00c	a2b3facd10cee4f0909891958654ec1a86b2615c602c30a726ea3c4bf4706c18	OBSOPEN_US30_20240104	2024-01-04	120	2	16	1.00000000000000000	0.57457911026715902	0.64337946919461342	0.75417009707908245	SESSION	false
af0b7f804a8d8337572d6a4a6f2ddcb426defb1f4d5f28ed0fde54882050d00c	a2b3facd10cee4f0909891958654ec1a86b2615c602c30a726ea3c4bf4706c18	OBSOPEN_US30_20240104	2024-01-04	120	2	17	1.00000000000000000	0.57602898541280478	0.64049878738926203	0.75392159025893912	SESSION	false
af0b7f804a8d8337572d6a4a6f2ddcb426defb1f4d5f28ed0fde54882050d00c	a2b3facd10cee4f0909891958654ec1a86b2615c602c30a726ea3c4bf4706c18	OBSOPEN_US30_20240104	2024-01-04	120	2	18	1.00000000000000000	0.57675347168440017	0.66076296729993766	0.79199443049592189	SESSION	false
af0b7f804a8d8337572d6a4a6f2ddcb426defb1f4d5f28ed0fde54882050d00c	a2b3facd10cee4f0909891958654ec1a86b2615c602c30a726ea3c4bf4706c18	OBSOPEN_US30_20240104	2024-01-04	120	2	19	1.00000000000000000	0.57747765353927083	0.61501497129932914	0.71218116389409936	SESSION	false
af0b7f804a8d8337572d6a4a6f2ddcb426defb1f4d5f28ed0fde54882050d00c	a2b3facd10cee4f0909891958654ec1a86b2615c602c30a726ea3c4bf4706c18	OBSOPEN_US30_20240104	2024-01-04	120	2	20	1.00000000000000000	0.57675347168440017	0.58166069292809286	0.65064242287331708	SESSION	false
af0b7f804a8d8337572d6a4a6f2ddcb426defb1f4d5f28ed0fde54882050d00c	a2b3facd10cee4f0909891958654ec1a86b2615c602c30a726ea3c4bf4706c18	OBSOPEN_US30_20240104	2024-01-04	120	2	21	1.00000000000000000	0.57385372672695767	0.60970371915431787	0.70962124887965661	SESSION	false
af0b7f804a8d8337572d6a4a6f2ddcb426defb1f4d5f28ed0fde54882050d00c	a2b3facd10cee4f0909891958654ec1a86b2615c602c30a726ea3c4bf4706c18	OBSOPEN_US30_20240104	2024-01-04	120	2	22	1.00000000000000000	0.57240208107606128	0.63896663652606744	0.74034829684604653	SESSION	false
af0b7f804a8d8337572d6a4a6f2ddcb426defb1f4d5f28ed0fde54882050d00c	a2b3facd10cee4f0909891958654ec1a86b2615c602c30a726ea3c4bf4706c18	OBSOPEN_US30_20240104	2024-01-04	120	2	23	1.00000000000000000	0.57240208107606128	0.64128577696582156	0.73997090433885726	SESSION	false
af0b7f804a8d8337572d6a4a6f2ddcb426defb1f4d5f28ed0fde54882050d00c	a2b3facd10cee4f0909891958654ec1a86b2615c602c30a726ea3c4bf4706c18	OBSOPEN_US30_20240104	2024-01-04	120	2	24	1.00000000000000000	0.57167582432279629	0.64665170216563261	0.74704864391367054	SESSION	false
af0b7f804a8d8337572d6a4a6f2ddcb426defb1f4d5f28ed0fde54882050d00c	a2b3facd10cee4f0909891958654ec1a86b2615c602c30a726ea3c4bf4706c18	OBSOPEN_US30_20240104	2024-01-04	120	2	25	1.00000000000000000	0.57385372672695767	0.65966766819612888	0.78502631067189210	SESSION	false
af0b7f804a8d8337572d6a4a6f2ddcb426defb1f4d5f28ed0fde54882050d00c	a2b3facd10cee4f0909891958654ec1a86b2615c602c30a726ea3c4bf4706c18	OBSOPEN_US30_20240104	2024-01-04	120	2	26	1.00000000000000000	0.57167582432279629	0.66591828245999818	0.77868140827471044	SESSION	false
af0b7f804a8d8337572d6a4a6f2ddcb426defb1f4d5f28ed0fde54882050d00c	a2b3facd10cee4f0909891958654ec1a86b2615c602c30a726ea3c4bf4706c18	OBSOPEN_US30_20240104	2024-01-04	120	2	27	1.00000000000000000	0.57094928186238081	0.67861062503905512	0.77553276111557745	SESSION	false
af0b7f804a8d8337572d6a4a6f2ddcb426defb1f4d5f28ed0fde54882050d00c	a2b3facd10cee4f0909891958654ec1a86b2615c602c30a726ea3c4bf4706c18	OBSOPEN_US30_20240104	2024-01-04	120	2	28	1.00000000000000000	0.57167582432279629	0.68363360055686317	0.77682630860815649	SESSION	false
af0b7f804a8d8337572d6a4a6f2ddcb426defb1f4d5f28ed0fde54882050d00c	a2b3facd10cee4f0909891958654ec1a86b2615c602c30a726ea3c4bf4706c18	OBSOPEN_US30_20240104	2024-01-04	120	2	29	1.00000000000000000	0.57094928186238081	0.66918029846381144	0.75609522223770820	SESSION	false
af0b7f804a8d8337572d6a4a6f2ddcb426defb1f4d5f28ed0fde54882050d00c	a2b3facd10cee4f0909891958654ec1a86b2615c602c30a726ea3c4bf4706c18	OBSOPEN_US30_20240104	2024-01-04	120	2	30	1.00000000000000000	0.57094928186238081	0.67756593926513942	0.77076744519421392	SESSION	false
af0b7f804a8d8337572d6a4a6f2ddcb426defb1f4d5f28ed0fde54882050d00c	a2b3facd10cee4f0909891958654ec1a86b2615c602c30a726ea3c4bf4706c18	OBSOPEN_US30_20240108	2024-01-08	120	3	1	1.00000000000000000	0.57360103306217602	0.55430007984123597	0.73470035802472411	SESSION	false
af0b7f804a8d8337572d6a4a6f2ddcb426defb1f4d5f28ed0fde54882050d00c	a2b3facd10cee4f0909891958654ec1a86b2615c602c30a726ea3c4bf4706c18	OBSOPEN_US30_20240108	2024-01-08	120	3	2	1.00000000000000000	0.57385372672695767	0.56478177121265150	0.65247297693440742	SESSION	false
af0b7f804a8d8337572d6a4a6f2ddcb426defb1f4d5f28ed0fde54882050d00c	a2b3facd10cee4f0909891958654ec1a86b2615c602c30a726ea3c4bf4706c18	OBSOPEN_US30_20240108	2024-01-08	120	3	3	1.00000000000000000	0.57385372672695767	0.52137754255191482	0.52043565566346250	SESSION	false
af0b7f804a8d8337572d6a4a6f2ddcb426defb1f4d5f28ed0fde54882050d00c	a2b3facd10cee4f0909891958654ec1a86b2615c602c30a726ea3c4bf4706c18	OBSOPEN_US30_20240108	2024-01-08	120	3	4	1.00000000000000000	0.57312804943766726	0.49999406052037759	0.42927486330328224	SESSION	false
af0b7f804a8d8337572d6a4a6f2ddcb426defb1f4d5f28ed0fde54882050d00c	a2b3facd10cee4f0909891958654ec1a86b2615c602c30a726ea3c4bf4706c18	OBSOPEN_US30_20240108	2024-01-08	120	3	5	1.00000000000000000	0.57240208107606128	0.54937251626042871	0.66775432461224671	SESSION	false
af0b7f804a8d8337572d6a4a6f2ddcb426defb1f4d5f28ed0fde54882050d00c	a2b3facd10cee4f0909891958654ec1a86b2615c602c30a726ea3c4bf4706c18	OBSOPEN_US30_20240108	2024-01-08	120	3	6	1.00000000000000000	0.57240208107606128	0.59152102797320205	0.74425423760746856	SESSION	false
af0b7f804a8d8337572d6a4a6f2ddcb426defb1f4d5f28ed0fde54882050d00c	a2b3facd10cee4f0909891958654ec1a86b2615c602c30a726ea3c4bf4706c18	OBSOPEN_US30_20240108	2024-01-08	120	3	7	1.00000000000000000	0.57167582432279629	0.57933674881466413	0.69755451059696438	SESSION	false
af0b7f804a8d8337572d6a4a6f2ddcb426defb1f4d5f28ed0fde54882050d00c	a2b3facd10cee4f0909891958654ec1a86b2615c602c30a726ea3c4bf4706c18	OBSOPEN_US30_20240108	2024-01-08	120	3	8	1.00000000000000000	0.57602898541280478	0.54311118268829528	0.59218134077556539	SESSION	false
af0b7f804a8d8337572d6a4a6f2ddcb426defb1f4d5f28ed0fde54882050d00c	a2b3facd10cee4f0909891958654ec1a86b2615c602c30a726ea3c4bf4706c18	OBSOPEN_US30_20240108	2024-01-08	120	3	9	1.00000000000000000	0.57602898541280478	0.49660973825472493	0.44307042148865194	SESSION	false
af0b7f804a8d8337572d6a4a6f2ddcb426defb1f4d5f28ed0fde54882050d00c	a2b3facd10cee4f0909891958654ec1a86b2615c602c30a726ea3c4bf4706c18	OBSOPEN_US30_20240108	2024-01-08	120	3	10	1.00000000000000000	0.57385372672695767	0.49000264769089957	0.42566771472667136	SESSION	false
af0b7f804a8d8337572d6a4a6f2ddcb426defb1f4d5f28ed0fde54882050d00c	a2b3facd10cee4f0909891958654ec1a86b2615c602c30a726ea3c4bf4706c18	OBSOPEN_US30_20240108	2024-01-08	120	3	11	1.00000000000000000	0.57385372672695767	0.47752768218832375	0.38146977440728891	SESSION	false
af0b7f804a8d8337572d6a4a6f2ddcb426defb1f4d5f28ed0fde54882050d00c	a2b3facd10cee4f0909891958654ec1a86b2615c602c30a726ea3c4bf4706c18	OBSOPEN_US30_20240108	2024-01-08	120	3	12	1.00000000000000000	0.57385372672695767	0.47167077063779023	0.39939985871771827	SESSION	false
af0b7f804a8d8337572d6a4a6f2ddcb426defb1f4d5f28ed0fde54882050d00c	a2b3facd10cee4f0909891958654ec1a86b2615c602c30a726ea3c4bf4706c18	OBSOPEN_US30_20240108	2024-01-08	120	3	13	1.00000000000000000	0.57530419738541227	0.46984814786612400	0.40078621268006831	SESSION	false
af0b7f804a8d8337572d6a4a6f2ddcb426defb1f4d5f28ed0fde54882050d00c	a2b3facd10cee4f0909891958654ec1a86b2615c602c30a726ea3c4bf4706c18	OBSOPEN_US30_20240108	2024-01-08	120	3	14	1.00000000000000000	0.57530419738541227	0.45260359607891859	0.39109575179926442	SESSION	false
af0b7f804a8d8337572d6a4a6f2ddcb426defb1f4d5f28ed0fde54882050d00c	a2b3facd10cee4f0909891958654ec1a86b2615c602c30a726ea3c4bf4706c18	OBSOPEN_US30_20240108	2024-01-08	120	3	15	1.00000000000000000	0.57385372672695767	0.46152069537058865	0.41596916690044811	SESSION	false
af0b7f804a8d8337572d6a4a6f2ddcb426defb1f4d5f28ed0fde54882050d00c	a2b3facd10cee4f0909891958654ec1a86b2615c602c30a726ea3c4bf4706c18	OBSOPEN_US30_20240108	2024-01-08	120	3	16	1.00000000000000000	0.57457911026715902	0.50130490456069665	0.48854955770808867	SESSION	false
af0b7f804a8d8337572d6a4a6f2ddcb426defb1f4d5f28ed0fde54882050d00c	a2b3facd10cee4f0909891958654ec1a86b2615c602c30a726ea3c4bf4706c18	OBSOPEN_US30_20240108	2024-01-08	120	3	17	1.00000000000000000	0.57602898541280478	0.50767183670934846	0.49498300479025448	SESSION	false
af0b7f804a8d8337572d6a4a6f2ddcb426defb1f4d5f28ed0fde54882050d00c	a2b3facd10cee4f0909891958654ec1a86b2615c602c30a726ea3c4bf4706c18	OBSOPEN_US30_20240108	2024-01-08	120	3	18	1.00000000000000000	0.57675347168440017	0.51229163818053858	0.52583555509800528	SESSION	false
af0b7f804a8d8337572d6a4a6f2ddcb426defb1f4d5f28ed0fde54882050d00c	a2b3facd10cee4f0909891958654ec1a86b2615c602c30a726ea3c4bf4706c18	OBSOPEN_US30_20240108	2024-01-08	120	3	19	1.00000000000000000	0.57747765353927083	0.53812729392911374	0.56539373616580968	SESSION	false
af0b7f804a8d8337572d6a4a6f2ddcb426defb1f4d5f28ed0fde54882050d00c	a2b3facd10cee4f0909891958654ec1a86b2615c602c30a726ea3c4bf4706c18	OBSOPEN_US30_20240108	2024-01-08	120	3	20	1.00000000000000000	0.57675347168440017	0.52839930808097046	0.54272252421879841	SESSION	false
af0b7f804a8d8337572d6a4a6f2ddcb426defb1f4d5f28ed0fde54882050d00c	a2b3facd10cee4f0909891958654ec1a86b2615c602c30a726ea3c4bf4706c18	OBSOPEN_US30_20240108	2024-01-08	120	3	21	1.00000000000000000	0.57385372672695767	0.54924289745206034	0.58573000680320442	SESSION	false
af0b7f804a8d8337572d6a4a6f2ddcb426defb1f4d5f28ed0fde54882050d00c	a2b3facd10cee4f0909891958654ec1a86b2615c602c30a726ea3c4bf4706c18	OBSOPEN_US30_20240108	2024-01-08	120	3	22	1.00000000000000000	0.57240208107606128	0.53639002823961557	0.53976773078894624	SESSION	false
af0b7f804a8d8337572d6a4a6f2ddcb426defb1f4d5f28ed0fde54882050d00c	a2b3facd10cee4f0909891958654ec1a86b2615c602c30a726ea3c4bf4706c18	OBSOPEN_US30_20240108	2024-01-08	120	3	23	1.00000000000000000	0.57240208107606128	0.46976550132607919	0.42093271196678606	SESSION	false
af0b7f804a8d8337572d6a4a6f2ddcb426defb1f4d5f28ed0fde54882050d00c	a2b3facd10cee4f0909891958654ec1a86b2615c602c30a726ea3c4bf4706c18	OBSOPEN_US30_20240108	2024-01-08	120	3	24	1.00000000000000000	0.57167582432279629	0.43382924443853482	0.35699500323230582	SESSION	false
af0b7f804a8d8337572d6a4a6f2ddcb426defb1f4d5f28ed0fde54882050d00c	a2b3facd10cee4f0909891958654ec1a86b2615c602c30a726ea3c4bf4706c18	OBSOPEN_US30_20240108	2024-01-08	120	3	25	1.00000000000000000	0.57385372672695767	0.43977266353208261	0.39339671248335101	SESSION	false
af0b7f804a8d8337572d6a4a6f2ddcb426defb1f4d5f28ed0fde54882050d00c	a2b3facd10cee4f0909891958654ec1a86b2615c602c30a726ea3c4bf4706c18	OBSOPEN_US30_20240108	2024-01-08	120	3	26	1.00000000000000000	0.57167582432279629	0.44091203436635917	0.38606984190629962	SESSION	false
af0b7f804a8d8337572d6a4a6f2ddcb426defb1f4d5f28ed0fde54882050d00c	a2b3facd10cee4f0909891958654ec1a86b2615c602c30a726ea3c4bf4706c18	OBSOPEN_US30_20240108	2024-01-08	120	3	27	1.00000000000000000	0.57094928186238081	0.46941286797644188	0.43898252098021245	SESSION	false
af0b7f804a8d8337572d6a4a6f2ddcb426defb1f4d5f28ed0fde54882050d00c	a2b3facd10cee4f0909891958654ec1a86b2615c602c30a726ea3c4bf4706c18	OBSOPEN_US30_20240108	2024-01-08	120	3	28	1.00000000000000000	0.57167582432279629	0.52116975121738240	0.52583963322084337	SESSION	false
af0b7f804a8d8337572d6a4a6f2ddcb426defb1f4d5f28ed0fde54882050d00c	a2b3facd10cee4f0909891958654ec1a86b2615c602c30a726ea3c4bf4706c18	OBSOPEN_US30_20240108	2024-01-08	120	3	29	1.00000000000000000	0.57094928186238081	0.51171647499239548	0.49504789367539670	SESSION	false
af0b7f804a8d8337572d6a4a6f2ddcb426defb1f4d5f28ed0fde54882050d00c	a2b3facd10cee4f0909891958654ec1a86b2615c602c30a726ea3c4bf4706c18	OBSOPEN_US30_20240108	2024-01-08	120	3	30	1.00000000000000000	0.57094928186238081	0.53469516481231194	0.54872505167547436	SESSION	false
af0b7f804a8d8337572d6a4a6f2ddcb426defb1f4d5f28ed0fde54882050d00c	a2b3facd10cee4f0909891958654ec1a86b2615c602c30a726ea3c4bf4706c18	OBSOPEN_US30_20240109	2024-01-09	120	4	1	0.00000000000000000	0.57360103306217602	0.53286613150899187	0.59389158365098171	SESSION	false
af0b7f804a8d8337572d6a4a6f2ddcb426defb1f4d5f28ed0fde54882050d00c	a2b3facd10cee4f0909891958654ec1a86b2615c602c30a726ea3c4bf4706c18	OBSOPEN_US30_20240109	2024-01-09	120	4	2	0.00000000000000000	0.57385372672695767	0.50293263538718325	0.44069797378554398	SESSION	false
af0b7f804a8d8337572d6a4a6f2ddcb426defb1f4d5f28ed0fde54882050d00c	a2b3facd10cee4f0909891958654ec1a86b2615c602c30a726ea3c4bf4706c18	OBSOPEN_US30_20240109	2024-01-09	120	4	3	0.00000000000000000	0.57385372672695767	0.52630022668351917	0.56631377879498412	SESSION	false
af0b7f804a8d8337572d6a4a6f2ddcb426defb1f4d5f28ed0fde54882050d00c	a2b3facd10cee4f0909891958654ec1a86b2615c602c30a726ea3c4bf4706c18	OBSOPEN_US30_20240109	2024-01-09	120	4	4	0.00000000000000000	0.57312804943766726	0.52969763717932927	0.52255103457772945	SESSION	false
af0b7f804a8d8337572d6a4a6f2ddcb426defb1f4d5f28ed0fde54882050d00c	a2b3facd10cee4f0909891958654ec1a86b2615c602c30a726ea3c4bf4706c18	OBSOPEN_US30_20240109	2024-01-09	120	4	5	0.00000000000000000	0.57240208107606128	0.49311964313037937	0.43212904363572641	SESSION	false
af0b7f804a8d8337572d6a4a6f2ddcb426defb1f4d5f28ed0fde54882050d00c	a2b3facd10cee4f0909891958654ec1a86b2615c602c30a726ea3c4bf4706c18	OBSOPEN_US30_20240109	2024-01-09	120	4	6	0.00000000000000000	0.57240208107606128	0.51928001157312997	0.51255862366156812	SESSION	false
af0b7f804a8d8337572d6a4a6f2ddcb426defb1f4d5f28ed0fde54882050d00c	a2b3facd10cee4f0909891958654ec1a86b2615c602c30a726ea3c4bf4706c18	OBSOPEN_US30_20240109	2024-01-09	120	4	7	0.00000000000000000	0.57167582432279629	0.52655460070351146	0.55024365406487996	SESSION	false
af0b7f804a8d8337572d6a4a6f2ddcb426defb1f4d5f28ed0fde54882050d00c	a2b3facd10cee4f0909891958654ec1a86b2615c602c30a726ea3c4bf4706c18	OBSOPEN_US30_20240109	2024-01-09	120	4	8	0.00000000000000000	0.57602898541280478	0.53128020250259345	0.54710247072819518	SESSION	false
af0b7f804a8d8337572d6a4a6f2ddcb426defb1f4d5f28ed0fde54882050d00c	a2b3facd10cee4f0909891958654ec1a86b2615c602c30a726ea3c4bf4706c18	OBSOPEN_US30_20240109	2024-01-09	120	4	9	0.00000000000000000	0.57602898541280478	0.53630321706689732	0.58626487883545741	SESSION	false
af0b7f804a8d8337572d6a4a6f2ddcb426defb1f4d5f28ed0fde54882050d00c	a2b3facd10cee4f0909891958654ec1a86b2615c602c30a726ea3c4bf4706c18	OBSOPEN_US30_20240109	2024-01-09	120	4	10	0.00000000000000000	0.57385372672695767	0.50859626515641387	0.47121605880604051	SESSION	false
af0b7f804a8d8337572d6a4a6f2ddcb426defb1f4d5f28ed0fde54882050d00c	a2b3facd10cee4f0909891958654ec1a86b2615c602c30a726ea3c4bf4706c18	OBSOPEN_US30_20240109	2024-01-09	120	4	11	0.00000000000000000	0.57385372672695767	0.49460957793561194	0.44033673729699702	SESSION	false
af0b7f804a8d8337572d6a4a6f2ddcb426defb1f4d5f28ed0fde54882050d00c	a2b3facd10cee4f0909891958654ec1a86b2615c602c30a726ea3c4bf4706c18	OBSOPEN_US30_20240109	2024-01-09	120	4	12	0.00000000000000000	0.57385372672695767	0.49787225243241984	0.46646152292643350	SESSION	false
af0b7f804a8d8337572d6a4a6f2ddcb426defb1f4d5f28ed0fde54882050d00c	a2b3facd10cee4f0909891958654ec1a86b2615c602c30a726ea3c4bf4706c18	OBSOPEN_US30_20240109	2024-01-09	120	4	13	0.00000000000000000	0.57530419738541227	0.48561813135287157	0.42860495564142564	SESSION	false
af0b7f804a8d8337572d6a4a6f2ddcb426defb1f4d5f28ed0fde54882050d00c	a2b3facd10cee4f0909891958654ec1a86b2615c602c30a726ea3c4bf4706c18	OBSOPEN_US30_20240109	2024-01-09	120	4	14	0.00000000000000000	0.57530419738541227	0.48184551273955145	0.44078307904029301	SESSION	false
af0b7f804a8d8337572d6a4a6f2ddcb426defb1f4d5f28ed0fde54882050d00c	a2b3facd10cee4f0909891958654ec1a86b2615c602c30a726ea3c4bf4706c18	OBSOPEN_US30_20240109	2024-01-09	120	4	15	0.00000000000000000	0.57385372672695767	0.47503841305433570	0.39925605277377674	SESSION	false
af0b7f804a8d8337572d6a4a6f2ddcb426defb1f4d5f28ed0fde54882050d00c	a2b3facd10cee4f0909891958654ec1a86b2615c602c30a726ea3c4bf4706c18	OBSOPEN_US30_20240109	2024-01-09	120	4	16	0.00000000000000000	0.57457911026715902	0.46601232404407594	0.41576979720304968	SESSION	false
af0b7f804a8d8337572d6a4a6f2ddcb426defb1f4d5f28ed0fde54882050d00c	a2b3facd10cee4f0909891958654ec1a86b2615c602c30a726ea3c4bf4706c18	OBSOPEN_US30_20240109	2024-01-09	120	4	17	0.00000000000000000	0.57602898541280478	0.44197751316226247	0.39408531500415200	SESSION	false
af0b7f804a8d8337572d6a4a6f2ddcb426defb1f4d5f28ed0fde54882050d00c	a2b3facd10cee4f0909891958654ec1a86b2615c602c30a726ea3c4bf4706c18	OBSOPEN_US30_20240109	2024-01-09	120	4	18	0.00000000000000000	0.57675347168440017	0.45177389605860974	0.41342706591926770	SESSION	false
af0b7f804a8d8337572d6a4a6f2ddcb426defb1f4d5f28ed0fde54882050d00c	a2b3facd10cee4f0909891958654ec1a86b2615c602c30a726ea3c4bf4706c18	OBSOPEN_US30_20240109	2024-01-09	120	4	19	0.00000000000000000	0.57747765353927083	0.47518294724135945	0.46587830596173657	SESSION	false
af0b7f804a8d8337572d6a4a6f2ddcb426defb1f4d5f28ed0fde54882050d00c	a2b3facd10cee4f0909891958654ec1a86b2615c602c30a726ea3c4bf4706c18	OBSOPEN_US30_20240109	2024-01-09	120	4	20	0.00000000000000000	0.57675347168440017	0.49238619838200576	0.48389057933649310	SESSION	false
af0b7f804a8d8337572d6a4a6f2ddcb426defb1f4d5f28ed0fde54882050d00c	a2b3facd10cee4f0909891958654ec1a86b2615c602c30a726ea3c4bf4706c18	OBSOPEN_US30_20240109	2024-01-09	120	4	21	0.00000000000000000	0.57385372672695767	0.47576153060754867	0.43835020135795905	SESSION	false
af0b7f804a8d8337572d6a4a6f2ddcb426defb1f4d5f28ed0fde54882050d00c	a2b3facd10cee4f0909891958654ec1a86b2615c602c30a726ea3c4bf4706c18	OBSOPEN_US30_20240109	2024-01-09	120	4	22	0.00000000000000000	0.57240208107606128	0.46889714720229086	0.43320359226012972	SESSION	false
af0b7f804a8d8337572d6a4a6f2ddcb426defb1f4d5f28ed0fde54882050d00c	a2b3facd10cee4f0909891958654ec1a86b2615c602c30a726ea3c4bf4706c18	OBSOPEN_US30_20240109	2024-01-09	120	4	23	0.00000000000000000	0.57240208107606128	0.49818496333623380	0.48139881155685144	SESSION	false
af0b7f804a8d8337572d6a4a6f2ddcb426defb1f4d5f28ed0fde54882050d00c	a2b3facd10cee4f0909891958654ec1a86b2615c602c30a726ea3c4bf4706c18	OBSOPEN_US30_20240109	2024-01-09	120	4	24	0.00000000000000000	0.57167582432279629	0.49813673510095136	0.46808055390838660	SESSION	false
af0b7f804a8d8337572d6a4a6f2ddcb426defb1f4d5f28ed0fde54882050d00c	a2b3facd10cee4f0909891958654ec1a86b2615c602c30a726ea3c4bf4706c18	OBSOPEN_US30_20240109	2024-01-09	120	4	25	0.00000000000000000	0.57385372672695767	0.49583736034130438	0.47294357201070003	SESSION	false
af0b7f804a8d8337572d6a4a6f2ddcb426defb1f4d5f28ed0fde54882050d00c	a2b3facd10cee4f0909891958654ec1a86b2615c602c30a726ea3c4bf4706c18	OBSOPEN_US30_20240109	2024-01-09	120	4	26	0.00000000000000000	0.57167582432279629	0.48554743106890874	0.44945783394380884	SESSION	false
af0b7f804a8d8337572d6a4a6f2ddcb426defb1f4d5f28ed0fde54882050d00c	a2b3facd10cee4f0909891958654ec1a86b2615c602c30a726ea3c4bf4706c18	OBSOPEN_US30_20240109	2024-01-09	120	4	27	0.00000000000000000	0.57094928186238081	0.45911470633618334	0.40728877814824860	SESSION	false
af0b7f804a8d8337572d6a4a6f2ddcb426defb1f4d5f28ed0fde54882050d00c	a2b3facd10cee4f0909891958654ec1a86b2615c602c30a726ea3c4bf4706c18	OBSOPEN_US30_20240109	2024-01-09	120	4	28	0.00000000000000000	0.57167582432279629	0.45669856837400513	0.40643999934794439	SESSION	false
af0b7f804a8d8337572d6a4a6f2ddcb426defb1f4d5f28ed0fde54882050d00c	a2b3facd10cee4f0909891958654ec1a86b2615c602c30a726ea3c4bf4706c18	OBSOPEN_US30_20240109	2024-01-09	120	4	29	0.00000000000000000	0.57094928186238081	0.47195883552932738	0.43203097651930983	SESSION	false
af0b7f804a8d8337572d6a4a6f2ddcb426defb1f4d5f28ed0fde54882050d00c	a2b3facd10cee4f0909891958654ec1a86b2615c602c30a726ea3c4bf4706c18	OBSOPEN_US30_20240109	2024-01-09	120	4	30	0.00000000000000000	0.57094928186238081	0.50123391815107365	0.48773162962462718	SESSION	false
af0b7f804a8d8337572d6a4a6f2ddcb426defb1f4d5f28ed0fde54882050d00c	a2b3facd10cee4f0909891958654ec1a86b2615c602c30a726ea3c4bf4706c18	OBSOPEN_US30_20240110	2024-01-10	120	5	1	1.00000000000000000	0.57360103306217602	0.54512872914001709	0.76481178070577038	SESSION	false
af0b7f804a8d8337572d6a4a6f2ddcb426defb1f4d5f28ed0fde54882050d00c	a2b3facd10cee4f0909891958654ec1a86b2615c602c30a726ea3c4bf4706c18	OBSOPEN_US30_20240110	2024-01-10	120	5	2	1.00000000000000000	0.57385372672695767	0.60473252107101183	0.74739403972305174	SESSION	false
af0b7f804a8d8337572d6a4a6f2ddcb426defb1f4d5f28ed0fde54882050d00c	a2b3facd10cee4f0909891958654ec1a86b2615c602c30a726ea3c4bf4706c18	OBSOPEN_US30_20240110	2024-01-10	120	5	3	1.00000000000000000	0.57385372672695767	0.61938878038626377	0.71919959234096320	SESSION	false
af0b7f804a8d8337572d6a4a6f2ddcb426defb1f4d5f28ed0fde54882050d00c	a2b3facd10cee4f0909891958654ec1a86b2615c602c30a726ea3c4bf4706c18	OBSOPEN_US30_20240110	2024-01-10	120	5	4	1.00000000000000000	0.57312804943766726	0.60508297154097990	0.70066017796785807	SESSION	false
af0b7f804a8d8337572d6a4a6f2ddcb426defb1f4d5f28ed0fde54882050d00c	a2b3facd10cee4f0909891958654ec1a86b2615c602c30a726ea3c4bf4706c18	OBSOPEN_US30_20240110	2024-01-10	120	5	5	1.00000000000000000	0.57240208107606128	0.64847980217841228	0.76446364878121620	SESSION	false
af0b7f804a8d8337572d6a4a6f2ddcb426defb1f4d5f28ed0fde54882050d00c	a2b3facd10cee4f0909891958654ec1a86b2615c602c30a726ea3c4bf4706c18	OBSOPEN_US30_20240110	2024-01-10	120	5	6	1.00000000000000000	0.57240208107606128	0.67973764902304246	0.77971072938936503	SESSION	false
af0b7f804a8d8337572d6a4a6f2ddcb426defb1f4d5f28ed0fde54882050d00c	a2b3facd10cee4f0909891958654ec1a86b2615c602c30a726ea3c4bf4706c18	OBSOPEN_US30_20240110	2024-01-10	120	5	7	1.00000000000000000	0.57167582432279629	0.69178745411554399	0.78006067709082261	SESSION	false
af0b7f804a8d8337572d6a4a6f2ddcb426defb1f4d5f28ed0fde54882050d00c	a2b3facd10cee4f0909891958654ec1a86b2615c602c30a726ea3c4bf4706c18	OBSOPEN_US30_20240110	2024-01-10	120	5	8	1.00000000000000000	0.57602898541280478	0.67951267146242311	0.75981529421459426	SESSION	false
af0b7f804a8d8337572d6a4a6f2ddcb426defb1f4d5f28ed0fde54882050d00c	a2b3facd10cee4f0909891958654ec1a86b2615c602c30a726ea3c4bf4706c18	OBSOPEN_US30_20240110	2024-01-10	120	5	9	1.00000000000000000	0.57602898541280478	0.66070117088568048	0.74453792382008133	SESSION	false
af0b7f804a8d8337572d6a4a6f2ddcb426defb1f4d5f28ed0fde54882050d00c	a2b3facd10cee4f0909891958654ec1a86b2615c602c30a726ea3c4bf4706c18	OBSOPEN_US30_20240110	2024-01-10	120	5	10	1.00000000000000000	0.57385372672695767	0.69744654703687869	0.78280862252740158	SESSION	false
af0b7f804a8d8337572d6a4a6f2ddcb426defb1f4d5f28ed0fde54882050d00c	a2b3facd10cee4f0909891958654ec1a86b2615c602c30a726ea3c4bf4706c18	OBSOPEN_US30_20240110	2024-01-10	120	5	11	1.00000000000000000	0.57385372672695767	0.69667789595040508	0.74793401581200580	SESSION	false
af0b7f804a8d8337572d6a4a6f2ddcb426defb1f4d5f28ed0fde54882050d00c	a2b3facd10cee4f0909891958654ec1a86b2615c602c30a726ea3c4bf4706c18	OBSOPEN_US30_20240110	2024-01-10	120	5	12	1.00000000000000000	0.57385372672695767	0.67303651808264153	0.71802780630242102	SESSION	false
af0b7f804a8d8337572d6a4a6f2ddcb426defb1f4d5f28ed0fde54882050d00c	a2b3facd10cee4f0909891958654ec1a86b2615c602c30a726ea3c4bf4706c18	OBSOPEN_US30_20240110	2024-01-10	120	5	13	1.00000000000000000	0.57530419738541227	0.65649379301048427	0.70482060612856279	SESSION	false
af0b7f804a8d8337572d6a4a6f2ddcb426defb1f4d5f28ed0fde54882050d00c	a2b3facd10cee4f0909891958654ec1a86b2615c602c30a726ea3c4bf4706c18	OBSOPEN_US30_20240110	2024-01-10	120	5	14	1.00000000000000000	0.57530419738541227	0.68473272979035793	0.75117030133886686	SESSION	false
af0b7f804a8d8337572d6a4a6f2ddcb426defb1f4d5f28ed0fde54882050d00c	a2b3facd10cee4f0909891958654ec1a86b2615c602c30a726ea3c4bf4706c18	OBSOPEN_US30_20240110	2024-01-10	120	5	15	1.00000000000000000	0.57385372672695767	0.69663573878152207	0.75687623146082283	SESSION	false
af0b7f804a8d8337572d6a4a6f2ddcb426defb1f4d5f28ed0fde54882050d00c	a2b3facd10cee4f0909891958654ec1a86b2615c602c30a726ea3c4bf4706c18	OBSOPEN_US30_20240110	2024-01-10	120	5	16	0.00000000000000000	0.57457911026715902	0.69005138691944257	0.74733673037988124	SESSION	false
af0b7f804a8d8337572d6a4a6f2ddcb426defb1f4d5f28ed0fde54882050d00c	a2b3facd10cee4f0909891958654ec1a86b2615c602c30a726ea3c4bf4706c18	OBSOPEN_US30_20240110	2024-01-10	120	5	17	0.00000000000000000	0.57602898541280478	0.67834220787697908	0.73771320437782839	SESSION	false
af0b7f804a8d8337572d6a4a6f2ddcb426defb1f4d5f28ed0fde54882050d00c	a2b3facd10cee4f0909891958654ec1a86b2615c602c30a726ea3c4bf4706c18	OBSOPEN_US30_20240110	2024-01-10	120	5	18	0.00000000000000000	0.57675347168440017	0.65973498837948685	0.71940206122975126	SESSION	false
af0b7f804a8d8337572d6a4a6f2ddcb426defb1f4d5f28ed0fde54882050d00c	a2b3facd10cee4f0909891958654ec1a86b2615c602c30a726ea3c4bf4706c18	OBSOPEN_US30_20240110	2024-01-10	120	5	19	1.00000000000000000	0.57747765353927083	0.67649103853201031	0.74666925481121593	SESSION	false
af0b7f804a8d8337572d6a4a6f2ddcb426defb1f4d5f28ed0fde54882050d00c	a2b3facd10cee4f0909891958654ec1a86b2615c602c30a726ea3c4bf4706c18	OBSOPEN_US30_20240110	2024-01-10	120	5	20	1.00000000000000000	0.57675347168440017	0.68284732601049103	0.74876128848321954	SESSION	false
af0b7f804a8d8337572d6a4a6f2ddcb426defb1f4d5f28ed0fde54882050d00c	a2b3facd10cee4f0909891958654ec1a86b2615c602c30a726ea3c4bf4706c18	OBSOPEN_US30_20240110	2024-01-10	120	5	21	1.00000000000000000	0.57385372672695767	0.65615452257221529	0.70474147989016989	SESSION	false
af0b7f804a8d8337572d6a4a6f2ddcb426defb1f4d5f28ed0fde54882050d00c	a2b3facd10cee4f0909891958654ec1a86b2615c602c30a726ea3c4bf4706c18	OBSOPEN_US30_20240110	2024-01-10	120	5	22	1.00000000000000000	0.57240208107606128	0.60355071634165824	0.62875770261933894	SESSION	false
af0b7f804a8d8337572d6a4a6f2ddcb426defb1f4d5f28ed0fde54882050d00c	a2b3facd10cee4f0909891958654ec1a86b2615c602c30a726ea3c4bf4706c18	OBSOPEN_US30_20240110	2024-01-10	120	5	23	1.00000000000000000	0.57240208107606128	0.57137263054195164	0.58046416381102828	SESSION	false
af0b7f804a8d8337572d6a4a6f2ddcb426defb1f4d5f28ed0fde54882050d00c	a2b3facd10cee4f0909891958654ec1a86b2615c602c30a726ea3c4bf4706c18	OBSOPEN_US30_20240110	2024-01-10	120	5	24	1.00000000000000000	0.57167582432279629	0.53680934627590648	0.52790442858309650	SESSION	false
af0b7f804a8d8337572d6a4a6f2ddcb426defb1f4d5f28ed0fde54882050d00c	a2b3facd10cee4f0909891958654ec1a86b2615c602c30a726ea3c4bf4706c18	OBSOPEN_US30_20240110	2024-01-10	120	5	25	1.00000000000000000	0.57385372672695767	0.52907346374147979	0.52370150592936870	SESSION	false
af0b7f804a8d8337572d6a4a6f2ddcb426defb1f4d5f28ed0fde54882050d00c	a2b3facd10cee4f0909891958654ec1a86b2615c602c30a726ea3c4bf4706c18	OBSOPEN_US30_20240110	2024-01-10	120	5	26	1.00000000000000000	0.57167582432279629	0.52581763468954112	0.52012886397871572	SESSION	false
af0b7f804a8d8337572d6a4a6f2ddcb426defb1f4d5f28ed0fde54882050d00c	a2b3facd10cee4f0909891958654ec1a86b2615c602c30a726ea3c4bf4706c18	OBSOPEN_US30_20240110	2024-01-10	120	5	27	1.00000000000000000	0.57094928186238081	0.55334947378419064	0.55893191169518652	SESSION	false
af0b7f804a8d8337572d6a4a6f2ddcb426defb1f4d5f28ed0fde54882050d00c	a2b3facd10cee4f0909891958654ec1a86b2615c602c30a726ea3c4bf4706c18	OBSOPEN_US30_20240110	2024-01-10	120	5	28	1.00000000000000000	0.57167582432279629	0.57824995931527778	0.59318953046549416	SESSION	false
af0b7f804a8d8337572d6a4a6f2ddcb426defb1f4d5f28ed0fde54882050d00c	a2b3facd10cee4f0909891958654ec1a86b2615c602c30a726ea3c4bf4706c18	OBSOPEN_US30_20240110	2024-01-10	120	5	29	1.00000000000000000	0.57094928186238081	0.57548957718768667	0.58311576538939114	SESSION	false
af0b7f804a8d8337572d6a4a6f2ddcb426defb1f4d5f28ed0fde54882050d00c	a2b3facd10cee4f0909891958654ec1a86b2615c602c30a726ea3c4bf4706c18	OBSOPEN_US30_20240110	2024-01-10	120	5	30	1.00000000000000000	0.57094928186238081	0.55214539638009896	0.54670338480104230	SESSION	false
af0b7f804a8d8337572d6a4a6f2ddcb426defb1f4d5f28ed0fde54882050d00c	a2b3facd10cee4f0909891958654ec1a86b2615c602c30a726ea3c4bf4706c18	OBSOPEN_US30_20240116	2024-01-16	120	6	1	0.00000000000000000	0.57360103306217602	0.55935791136866020	0.69324503318219588	SESSION	false
af0b7f804a8d8337572d6a4a6f2ddcb426defb1f4d5f28ed0fde54882050d00c	a2b3facd10cee4f0909891958654ec1a86b2615c602c30a726ea3c4bf4706c18	OBSOPEN_US30_20240116	2024-01-16	120	6	2	0.00000000000000000	0.57385372672695767	0.52593038346355048	0.50746989621577565	SESSION	false
af0b7f804a8d8337572d6a4a6f2ddcb426defb1f4d5f28ed0fde54882050d00c	a2b3facd10cee4f0909891958654ec1a86b2615c602c30a726ea3c4bf4706c18	OBSOPEN_US30_20240116	2024-01-16	120	6	3	0.00000000000000000	0.57385372672695767	0.47273091018551217	0.41397236617577349	SESSION	false
af0b7f804a8d8337572d6a4a6f2ddcb426defb1f4d5f28ed0fde54882050d00c	a2b3facd10cee4f0909891958654ec1a86b2615c602c30a726ea3c4bf4706c18	OBSOPEN_US30_20240116	2024-01-16	120	6	4	0.00000000000000000	0.57312804943766726	0.42522937862630339	0.35363264462689215	SESSION	false
af0b7f804a8d8337572d6a4a6f2ddcb426defb1f4d5f28ed0fde54882050d00c	a2b3facd10cee4f0909891958654ec1a86b2615c602c30a726ea3c4bf4706c18	OBSOPEN_US30_20240116	2024-01-16	120	6	5	1.00000000000000000	0.57240208107606128	0.46240433696242061	0.41641647648765018	SESSION	false
af0b7f804a8d8337572d6a4a6f2ddcb426defb1f4d5f28ed0fde54882050d00c	a2b3facd10cee4f0909891958654ec1a86b2615c602c30a726ea3c4bf4706c18	OBSOPEN_US30_20240116	2024-01-16	120	6	6	1.00000000000000000	0.57240208107606128	0.43782337751903977	0.36440229764130788	SESSION	false
af0b7f804a8d8337572d6a4a6f2ddcb426defb1f4d5f28ed0fde54882050d00c	a2b3facd10cee4f0909891958654ec1a86b2615c602c30a726ea3c4bf4706c18	OBSOPEN_US30_20240116	2024-01-16	120	6	7	0.00000000000000000	0.57167582432279629	0.43263703121689584	0.38986816470221691	SESSION	false
af0b7f804a8d8337572d6a4a6f2ddcb426defb1f4d5f28ed0fde54882050d00c	a2b3facd10cee4f0909891958654ec1a86b2615c602c30a726ea3c4bf4706c18	OBSOPEN_US30_20240116	2024-01-16	120	6	8	0.00000000000000000	0.57602898541280478	0.47132991357918907	0.46767655364871863	SESSION	false
af0b7f804a8d8337572d6a4a6f2ddcb426defb1f4d5f28ed0fde54882050d00c	a2b3facd10cee4f0909891958654ec1a86b2615c602c30a726ea3c4bf4706c18	OBSOPEN_US30_20240116	2024-01-16	120	6	9	0.00000000000000000	0.57602898541280478	0.46697064398556809	0.44285022798117252	SESSION	false
af0b7f804a8d8337572d6a4a6f2ddcb426defb1f4d5f28ed0fde54882050d00c	a2b3facd10cee4f0909891958654ec1a86b2615c602c30a726ea3c4bf4706c18	OBSOPEN_US30_20240116	2024-01-16	120	6	10	1.00000000000000000	0.57385372672695767	0.44080782918424311	0.41115974920874365	SESSION	false
af0b7f804a8d8337572d6a4a6f2ddcb426defb1f4d5f28ed0fde54882050d00c	a2b3facd10cee4f0909891958654ec1a86b2615c602c30a726ea3c4bf4706c18	OBSOPEN_US30_20240116	2024-01-16	120	6	11	1.00000000000000000	0.57385372672695767	0.41240665671489879	0.38220435564313188	SESSION	false
af0b7f804a8d8337572d6a4a6f2ddcb426defb1f4d5f28ed0fde54882050d00c	a2b3facd10cee4f0909891958654ec1a86b2615c602c30a726ea3c4bf4706c18	OBSOPEN_US30_20240116	2024-01-16	120	6	12	1.00000000000000000	0.57385372672695767	0.40293854361340087	0.38081917854639824	SESSION	false
af0b7f804a8d8337572d6a4a6f2ddcb426defb1f4d5f28ed0fde54882050d00c	a2b3facd10cee4f0909891958654ec1a86b2615c602c30a726ea3c4bf4706c18	OBSOPEN_US30_20240116	2024-01-16	120	6	13	1.00000000000000000	0.57530419738541227	0.39410735051315793	0.38365630780309251	SESSION	false
af0b7f804a8d8337572d6a4a6f2ddcb426defb1f4d5f28ed0fde54882050d00c	a2b3facd10cee4f0909891958654ec1a86b2615c602c30a726ea3c4bf4706c18	OBSOPEN_US30_20240116	2024-01-16	120	6	14	1.00000000000000000	0.57530419738541227	0.38922660779506424	0.39137627425450267	SESSION	false
af0b7f804a8d8337572d6a4a6f2ddcb426defb1f4d5f28ed0fde54882050d00c	a2b3facd10cee4f0909891958654ec1a86b2615c602c30a726ea3c4bf4706c18	OBSOPEN_US30_20240116	2024-01-16	120	6	15	1.00000000000000000	0.57385372672695767	0.40395118672758917	0.38889405905553925	SESSION	false
af0b7f804a8d8337572d6a4a6f2ddcb426defb1f4d5f28ed0fde54882050d00c	a2b3facd10cee4f0909891958654ec1a86b2615c602c30a726ea3c4bf4706c18	OBSOPEN_US30_20240116	2024-01-16	120	6	16	1.00000000000000000	0.57457911026715902	0.39528278191675770	0.39567763229716474	SESSION	false
af0b7f804a8d8337572d6a4a6f2ddcb426defb1f4d5f28ed0fde54882050d00c	a2b3facd10cee4f0909891958654ec1a86b2615c602c30a726ea3c4bf4706c18	OBSOPEN_US30_20240116	2024-01-16	120	6	17	1.00000000000000000	0.57602898541280478	0.39672578108684264	0.39696928602387915	SESSION	false
af0b7f804a8d8337572d6a4a6f2ddcb426defb1f4d5f28ed0fde54882050d00c	a2b3facd10cee4f0909891958654ec1a86b2615c602c30a726ea3c4bf4706c18	OBSOPEN_US30_20240116	2024-01-16	120	6	18	1.00000000000000000	0.57675347168440017	0.38461843313005545	0.39817392153171616	SESSION	false
af0b7f804a8d8337572d6a4a6f2ddcb426defb1f4d5f28ed0fde54882050d00c	a2b3facd10cee4f0909891958654ec1a86b2615c602c30a726ea3c4bf4706c18	OBSOPEN_US30_20240116	2024-01-16	120	6	19	1.00000000000000000	0.57747765353927083	0.37886027398485406	0.38939242583247630	SESSION	false
af0b7f804a8d8337572d6a4a6f2ddcb426defb1f4d5f28ed0fde54882050d00c	a2b3facd10cee4f0909891958654ec1a86b2615c602c30a726ea3c4bf4706c18	OBSOPEN_US30_20240116	2024-01-16	120	6	20	1.00000000000000000	0.57675347168440017	0.36356563728657926	0.37387891286593672	SESSION	false
af0b7f804a8d8337572d6a4a6f2ddcb426defb1f4d5f28ed0fde54882050d00c	a2b3facd10cee4f0909891958654ec1a86b2615c602c30a726ea3c4bf4706c18	OBSOPEN_US30_20240116	2024-01-16	120	6	21	1.00000000000000000	0.57385372672695767	0.36277030685836154	0.36957314978211708	SESSION	false
af0b7f804a8d8337572d6a4a6f2ddcb426defb1f4d5f28ed0fde54882050d00c	a2b3facd10cee4f0909891958654ec1a86b2615c602c30a726ea3c4bf4706c18	OBSOPEN_US30_20240116	2024-01-16	120	6	22	1.00000000000000000	0.57240208107606128	0.34411259247134546	0.35008152550725713	SESSION	false
af0b7f804a8d8337572d6a4a6f2ddcb426defb1f4d5f28ed0fde54882050d00c	a2b3facd10cee4f0909891958654ec1a86b2615c602c30a726ea3c4bf4706c18	OBSOPEN_US30_20240116	2024-01-16	120	6	23	1.00000000000000000	0.57240208107606128	0.34804731920695642	0.36370935135256000	SESSION	false
af0b7f804a8d8337572d6a4a6f2ddcb426defb1f4d5f28ed0fde54882050d00c	a2b3facd10cee4f0909891958654ec1a86b2615c602c30a726ea3c4bf4706c18	OBSOPEN_US30_20240116	2024-01-16	120	6	24	1.00000000000000000	0.57167582432279629	0.36391808876566789	0.36669363419035678	SESSION	false
af0b7f804a8d8337572d6a4a6f2ddcb426defb1f4d5f28ed0fde54882050d00c	a2b3facd10cee4f0909891958654ec1a86b2615c602c30a726ea3c4bf4706c18	OBSOPEN_US30_20240116	2024-01-16	120	6	25	1.00000000000000000	0.57385372672695767	0.36273304028667169	0.37964056618091180	SESSION	false
af0b7f804a8d8337572d6a4a6f2ddcb426defb1f4d5f28ed0fde54882050d00c	a2b3facd10cee4f0909891958654ec1a86b2615c602c30a726ea3c4bf4706c18	OBSOPEN_US30_20240116	2024-01-16	120	6	26	1.00000000000000000	0.57167582432279629	0.38516667713318531	0.38923699787308069	SESSION	false
af0b7f804a8d8337572d6a4a6f2ddcb426defb1f4d5f28ed0fde54882050d00c	a2b3facd10cee4f0909891958654ec1a86b2615c602c30a726ea3c4bf4706c18	OBSOPEN_US30_20240116	2024-01-16	120	6	27	1.00000000000000000	0.57094928186238081	0.40243607089209160	0.39947173365183469	SESSION	false
af0b7f804a8d8337572d6a4a6f2ddcb426defb1f4d5f28ed0fde54882050d00c	a2b3facd10cee4f0909891958654ec1a86b2615c602c30a726ea3c4bf4706c18	OBSOPEN_US30_20240116	2024-01-16	120	6	28	1.00000000000000000	0.57167582432279629	0.41396575979965139	0.41578193978167766	SESSION	false
af0b7f804a8d8337572d6a4a6f2ddcb426defb1f4d5f28ed0fde54882050d00c	a2b3facd10cee4f0909891958654ec1a86b2615c602c30a726ea3c4bf4706c18	OBSOPEN_US30_20240116	2024-01-16	120	6	29	1.00000000000000000	0.57094928186238081	0.43084926436319099	0.42638073481008848	SESSION	false
af0b7f804a8d8337572d6a4a6f2ddcb426defb1f4d5f28ed0fde54882050d00c	a2b3facd10cee4f0909891958654ec1a86b2615c602c30a726ea3c4bf4706c18	OBSOPEN_US30_20240116	2024-01-16	120	6	30	1.00000000000000000	0.57094928186238081	0.46159679561372463	0.45717645409086566	SESSION	false
af0b7f804a8d8337572d6a4a6f2ddcb426defb1f4d5f28ed0fde54882050d00c	a2b3facd10cee4f0909891958654ec1a86b2615c602c30a726ea3c4bf4706c18	OBSOPEN_US30_20240117	2024-01-17	120	7	1	1.00000000000000000	0.57360103306217602	0.54629015063078423	0.66841582028439595	SESSION	false
af0b7f804a8d8337572d6a4a6f2ddcb426defb1f4d5f28ed0fde54882050d00c	a2b3facd10cee4f0909891958654ec1a86b2615c602c30a726ea3c4bf4706c18	OBSOPEN_US30_20240117	2024-01-17	120	7	2	1.00000000000000000	0.57385372672695767	0.61879957195395197	0.73680016566114126	SESSION	false
af0b7f804a8d8337572d6a4a6f2ddcb426defb1f4d5f28ed0fde54882050d00c	a2b3facd10cee4f0909891958654ec1a86b2615c602c30a726ea3c4bf4706c18	OBSOPEN_US30_20240117	2024-01-17	120	7	3	1.00000000000000000	0.57385372672695767	0.67198862683141569	0.77988602566633902	SESSION	false
af0b7f804a8d8337572d6a4a6f2ddcb426defb1f4d5f28ed0fde54882050d00c	a2b3facd10cee4f0909891958654ec1a86b2615c602c30a726ea3c4bf4706c18	OBSOPEN_US30_20240117	2024-01-17	120	7	4	1.00000000000000000	0.57312804943766726	0.63604944332314450	0.70855117432168313	SESSION	false
af0b7f804a8d8337572d6a4a6f2ddcb426defb1f4d5f28ed0fde54882050d00c	a2b3facd10cee4f0909891958654ec1a86b2615c602c30a726ea3c4bf4706c18	OBSOPEN_US30_20240117	2024-01-17	120	7	5	1.00000000000000000	0.57240208107606128	0.62420021458318786	0.68352419646299523	SESSION	false
af0b7f804a8d8337572d6a4a6f2ddcb426defb1f4d5f28ed0fde54882050d00c	a2b3facd10cee4f0909891958654ec1a86b2615c602c30a726ea3c4bf4706c18	OBSOPEN_US30_20240117	2024-01-17	120	7	6	1.00000000000000000	0.57240208107606128	0.62086341873494277	0.68708235339489909	SESSION	false
af0b7f804a8d8337572d6a4a6f2ddcb426defb1f4d5f28ed0fde54882050d00c	a2b3facd10cee4f0909891958654ec1a86b2615c602c30a726ea3c4bf4706c18	OBSOPEN_US30_20240117	2024-01-17	120	7	7	1.00000000000000000	0.57167582432279629	0.62833591555904122	0.69829329983254773	SESSION	false
af0b7f804a8d8337572d6a4a6f2ddcb426defb1f4d5f28ed0fde54882050d00c	a2b3facd10cee4f0909891958654ec1a86b2615c602c30a726ea3c4bf4706c18	OBSOPEN_US30_20240117	2024-01-17	120	7	8	1.00000000000000000	0.57602898541280478	0.65126267478241107	0.75396162399906441	SESSION	false
af0b7f804a8d8337572d6a4a6f2ddcb426defb1f4d5f28ed0fde54882050d00c	a2b3facd10cee4f0909891958654ec1a86b2615c602c30a726ea3c4bf4706c18	OBSOPEN_US30_20240117	2024-01-17	120	7	9	1.00000000000000000	0.57602898541280478	0.63938220628151532	0.73150030079401596	SESSION	false
af0b7f804a8d8337572d6a4a6f2ddcb426defb1f4d5f28ed0fde54882050d00c	a2b3facd10cee4f0909891958654ec1a86b2615c602c30a726ea3c4bf4706c18	OBSOPEN_US30_20240117	2024-01-17	120	7	10	1.00000000000000000	0.57385372672695767	0.65639520192934708	0.75555390159512759	SESSION	false
af0b7f804a8d8337572d6a4a6f2ddcb426defb1f4d5f28ed0fde54882050d00c	a2b3facd10cee4f0909891958654ec1a86b2615c602c30a726ea3c4bf4706c18	OBSOPEN_US30_20240117	2024-01-17	120	7	11	1.00000000000000000	0.57385372672695767	0.63151735039398049	0.70364910555250948	SESSION	false
af0b7f804a8d8337572d6a4a6f2ddcb426defb1f4d5f28ed0fde54882050d00c	a2b3facd10cee4f0909891958654ec1a86b2615c602c30a726ea3c4bf4706c18	OBSOPEN_US30_20240117	2024-01-17	120	7	12	1.00000000000000000	0.57385372672695767	0.62016363915138906	0.69998887722898340	SESSION	false
af0b7f804a8d8337572d6a4a6f2ddcb426defb1f4d5f28ed0fde54882050d00c	a2b3facd10cee4f0909891958654ec1a86b2615c602c30a726ea3c4bf4706c18	OBSOPEN_US30_20240117	2024-01-17	120	7	13	1.00000000000000000	0.57530419738541227	0.60597850847299906	0.66991455862434290	SESSION	false
af0b7f804a8d8337572d6a4a6f2ddcb426defb1f4d5f28ed0fde54882050d00c	a2b3facd10cee4f0909891958654ec1a86b2615c602c30a726ea3c4bf4706c18	OBSOPEN_US30_20240117	2024-01-17	120	7	14	1.00000000000000000	0.57530419738541227	0.60776664156978477	0.68244774393410901	SESSION	false
af0b7f804a8d8337572d6a4a6f2ddcb426defb1f4d5f28ed0fde54882050d00c	a2b3facd10cee4f0909891958654ec1a86b2615c602c30a726ea3c4bf4706c18	OBSOPEN_US30_20240117	2024-01-17	120	7	15	1.00000000000000000	0.57385372672695767	0.61532991270626003	0.68722194613658560	SESSION	false
af0b7f804a8d8337572d6a4a6f2ddcb426defb1f4d5f28ed0fde54882050d00c	a2b3facd10cee4f0909891958654ec1a86b2615c602c30a726ea3c4bf4706c18	OBSOPEN_US30_20240117	2024-01-17	120	7	16	1.00000000000000000	0.57457911026715902	0.63147069761132946	0.72858062487623632	SESSION	false
af0b7f804a8d8337572d6a4a6f2ddcb426defb1f4d5f28ed0fde54882050d00c	a2b3facd10cee4f0909891958654ec1a86b2615c602c30a726ea3c4bf4706c18	OBSOPEN_US30_20240117	2024-01-17	120	7	17	1.00000000000000000	0.57602898541280478	0.64398222761339041	0.74293265927371344	SESSION	false
af0b7f804a8d8337572d6a4a6f2ddcb426defb1f4d5f28ed0fde54882050d00c	a2b3facd10cee4f0909891958654ec1a86b2615c602c30a726ea3c4bf4706c18	OBSOPEN_US30_20240117	2024-01-17	120	7	18	1.00000000000000000	0.57675347168440017	0.65705947248420327	0.77919471737522550	SESSION	false
af0b7f804a8d8337572d6a4a6f2ddcb426defb1f4d5f28ed0fde54882050d00c	a2b3facd10cee4f0909891958654ec1a86b2615c602c30a726ea3c4bf4706c18	OBSOPEN_US30_20240117	2024-01-17	120	7	19	1.00000000000000000	0.57747765353927083	0.66405347104217349	0.77730403557031846	SESSION	false
af0b7f804a8d8337572d6a4a6f2ddcb426defb1f4d5f28ed0fde54882050d00c	a2b3facd10cee4f0909891958654ec1a86b2615c602c30a726ea3c4bf4706c18	OBSOPEN_US30_20240117	2024-01-17	120	7	20	1.00000000000000000	0.57675347168440017	0.66548688376807896	0.78571375241690478	SESSION	false
af0b7f804a8d8337572d6a4a6f2ddcb426defb1f4d5f28ed0fde54882050d00c	a2b3facd10cee4f0909891958654ec1a86b2615c602c30a726ea3c4bf4706c18	OBSOPEN_US30_20240117	2024-01-17	120	7	21	1.00000000000000000	0.57385372672695767	0.64693773412999422	0.74083190467433591	SESSION	false
af0b7f804a8d8337572d6a4a6f2ddcb426defb1f4d5f28ed0fde54882050d00c	a2b3facd10cee4f0909891958654ec1a86b2615c602c30a726ea3c4bf4706c18	OBSOPEN_US30_20240117	2024-01-17	120	7	22	1.00000000000000000	0.57240208107606128	0.62728165847985418	0.71325154199938279	SESSION	false
af0b7f804a8d8337572d6a4a6f2ddcb426defb1f4d5f28ed0fde54882050d00c	a2b3facd10cee4f0909891958654ec1a86b2615c602c30a726ea3c4bf4706c18	OBSOPEN_US30_20240117	2024-01-17	120	7	23	1.00000000000000000	0.57240208107606128	0.61825993165291204	0.68976137992444075	SESSION	false
af0b7f804a8d8337572d6a4a6f2ddcb426defb1f4d5f28ed0fde54882050d00c	a2b3facd10cee4f0909891958654ec1a86b2615c602c30a726ea3c4bf4706c18	OBSOPEN_US30_20240117	2024-01-17	120	7	24	1.00000000000000000	0.57167582432279629	0.65257342782012739	0.74873880150490446	SESSION	false
af0b7f804a8d8337572d6a4a6f2ddcb426defb1f4d5f28ed0fde54882050d00c	a2b3facd10cee4f0909891958654ec1a86b2615c602c30a726ea3c4bf4706c18	OBSOPEN_US30_20240117	2024-01-17	120	7	25	1.00000000000000000	0.57385372672695767	0.65089036362551600	0.72942162378793796	SESSION	false
af0b7f804a8d8337572d6a4a6f2ddcb426defb1f4d5f28ed0fde54882050d00c	a2b3facd10cee4f0909891958654ec1a86b2615c602c30a726ea3c4bf4706c18	OBSOPEN_US30_20240117	2024-01-17	120	7	26	1.00000000000000000	0.57167582432279629	0.63217598074898784	0.69680211722090335	SESSION	false
af0b7f804a8d8337572d6a4a6f2ddcb426defb1f4d5f28ed0fde54882050d00c	a2b3facd10cee4f0909891958654ec1a86b2615c602c30a726ea3c4bf4706c18	OBSOPEN_US30_20240117	2024-01-17	120	7	27	1.00000000000000000	0.57094928186238081	0.62334626022250850	0.68533698950221900	SESSION	false
af0b7f804a8d8337572d6a4a6f2ddcb426defb1f4d5f28ed0fde54882050d00c	a2b3facd10cee4f0909891958654ec1a86b2615c602c30a726ea3c4bf4706c18	OBSOPEN_US30_20240117	2024-01-17	120	7	28	1.00000000000000000	0.57167582432279629	0.61363399672645191	0.66664374452071884	SESSION	false
af0b7f804a8d8337572d6a4a6f2ddcb426defb1f4d5f28ed0fde54882050d00c	a2b3facd10cee4f0909891958654ec1a86b2615c602c30a726ea3c4bf4706c18	OBSOPEN_US30_20240117	2024-01-17	120	7	29	1.00000000000000000	0.57094928186238081	0.61348531830671260	0.67183847389716966	SESSION	false
af0b7f804a8d8337572d6a4a6f2ddcb426defb1f4d5f28ed0fde54882050d00c	a2b3facd10cee4f0909891958654ec1a86b2615c602c30a726ea3c4bf4706c18	OBSOPEN_US30_20240117	2024-01-17	120	7	30	1.00000000000000000	0.57094928186238081	0.64236776020025232	0.72319765029246041	SESSION	false
af0b7f804a8d8337572d6a4a6f2ddcb426defb1f4d5f28ed0fde54882050d00c	a2b3facd10cee4f0909891958654ec1a86b2615c602c30a726ea3c4bf4706c18	OBSOPEN_US30_20240125	2024-01-25	120	8	1	1.00000000000000000	0.57360103306217602	0.54495767378164961	0.65706019661421555	SESSION	false
af0b7f804a8d8337572d6a4a6f2ddcb426defb1f4d5f28ed0fde54882050d00c	a2b3facd10cee4f0909891958654ec1a86b2615c602c30a726ea3c4bf4706c18	OBSOPEN_US30_20240125	2024-01-25	120	8	2	1.00000000000000000	0.57385372672695767	0.57946494995610720	0.73325361522621724	SESSION	false
af0b7f804a8d8337572d6a4a6f2ddcb426defb1f4d5f28ed0fde54882050d00c	a2b3facd10cee4f0909891958654ec1a86b2615c602c30a726ea3c4bf4706c18	OBSOPEN_US30_20240125	2024-01-25	120	8	3	1.00000000000000000	0.57385372672695767	0.58969583772594547	0.71309192269249311	SESSION	false
af0b7f804a8d8337572d6a4a6f2ddcb426defb1f4d5f28ed0fde54882050d00c	a2b3facd10cee4f0909891958654ec1a86b2615c602c30a726ea3c4bf4706c18	OBSOPEN_US30_20240125	2024-01-25	120	8	4	1.00000000000000000	0.57312804943766726	0.59928508310372264	0.73670206219610701	SESSION	false
af0b7f804a8d8337572d6a4a6f2ddcb426defb1f4d5f28ed0fde54882050d00c	a2b3facd10cee4f0909891958654ec1a86b2615c602c30a726ea3c4bf4706c18	OBSOPEN_US30_20240125	2024-01-25	120	8	5	1.00000000000000000	0.57240208107606128	0.61247223485766467	0.73269187593312302	SESSION	false
af0b7f804a8d8337572d6a4a6f2ddcb426defb1f4d5f28ed0fde54882050d00c	a2b3facd10cee4f0909891958654ec1a86b2615c602c30a726ea3c4bf4706c18	OBSOPEN_US30_20240125	2024-01-25	120	8	6	0.00000000000000000	0.57240208107606128	0.61855965922961220	0.75560088444354134	SESSION	false
af0b7f804a8d8337572d6a4a6f2ddcb426defb1f4d5f28ed0fde54882050d00c	a2b3facd10cee4f0909891958654ec1a86b2615c602c30a726ea3c4bf4706c18	OBSOPEN_US30_20240125	2024-01-25	120	8	7	0.00000000000000000	0.57167582432279629	0.61390306628472946	0.73664171742835749	SESSION	false
af0b7f804a8d8337572d6a4a6f2ddcb426defb1f4d5f28ed0fde54882050d00c	a2b3facd10cee4f0909891958654ec1a86b2615c602c30a726ea3c4bf4706c18	OBSOPEN_US30_20240125	2024-01-25	120	8	8	0.00000000000000000	0.57602898541280478	0.59353798851450956	0.69001852415942933	SESSION	false
af0b7f804a8d8337572d6a4a6f2ddcb426defb1f4d5f28ed0fde54882050d00c	a2b3facd10cee4f0909891958654ec1a86b2615c602c30a726ea3c4bf4706c18	OBSOPEN_US30_20240125	2024-01-25	120	8	9	0.00000000000000000	0.57602898541280478	0.58119663966970170	0.66792646855392102	SESSION	false
af0b7f804a8d8337572d6a4a6f2ddcb426defb1f4d5f28ed0fde54882050d00c	a2b3facd10cee4f0909891958654ec1a86b2615c602c30a726ea3c4bf4706c18	OBSOPEN_US30_20240125	2024-01-25	120	8	10	0.00000000000000000	0.57385372672695767	0.60147733582851948	0.72359131513968000	SESSION	false
af0b7f804a8d8337572d6a4a6f2ddcb426defb1f4d5f28ed0fde54882050d00c	a2b3facd10cee4f0909891958654ec1a86b2615c602c30a726ea3c4bf4706c18	OBSOPEN_US30_20240125	2024-01-25	120	8	11	0.00000000000000000	0.57385372672695767	0.62448144128340555	0.75536670086866708	SESSION	false
af0b7f804a8d8337572d6a4a6f2ddcb426defb1f4d5f28ed0fde54882050d00c	a2b3facd10cee4f0909891958654ec1a86b2615c602c30a726ea3c4bf4706c18	OBSOPEN_US30_20240125	2024-01-25	120	8	12	0.00000000000000000	0.57385372672695767	0.64023686959298431	0.74804245488095988	SESSION	false
af0b7f804a8d8337572d6a4a6f2ddcb426defb1f4d5f28ed0fde54882050d00c	a2b3facd10cee4f0909891958654ec1a86b2615c602c30a726ea3c4bf4706c18	OBSOPEN_US30_20240125	2024-01-25	120	8	13	0.00000000000000000	0.57530419738541227	0.60161785567904602	0.67455304222233403	SESSION	false
af0b7f804a8d8337572d6a4a6f2ddcb426defb1f4d5f28ed0fde54882050d00c	a2b3facd10cee4f0909891958654ec1a86b2615c602c30a726ea3c4bf4706c18	OBSOPEN_US30_20240125	2024-01-25	120	8	14	0.00000000000000000	0.57530419738541227	0.54504011014712117	0.56208154880016314	SESSION	false
af0b7f804a8d8337572d6a4a6f2ddcb426defb1f4d5f28ed0fde54882050d00c	a2b3facd10cee4f0909891958654ec1a86b2615c602c30a726ea3c4bf4706c18	OBSOPEN_US30_20240125	2024-01-25	120	8	15	0.00000000000000000	0.57385372672695767	0.51843012891903917	0.51528664851459227	SESSION	false
af0b7f804a8d8337572d6a4a6f2ddcb426defb1f4d5f28ed0fde54882050d00c	a2b3facd10cee4f0909891958654ec1a86b2615c602c30a726ea3c4bf4706c18	OBSOPEN_US30_20240125	2024-01-25	120	8	16	0.00000000000000000	0.57457911026715902	0.51079086463590861	0.49012958468184314	SESSION	false
af0b7f804a8d8337572d6a4a6f2ddcb426defb1f4d5f28ed0fde54882050d00c	a2b3facd10cee4f0909891958654ec1a86b2615c602c30a726ea3c4bf4706c18	OBSOPEN_US30_20240125	2024-01-25	120	8	17	0.00000000000000000	0.57602898541280478	0.51033540546001155	0.50688298408939492	SESSION	false
af0b7f804a8d8337572d6a4a6f2ddcb426defb1f4d5f28ed0fde54882050d00c	a2b3facd10cee4f0909891958654ec1a86b2615c602c30a726ea3c4bf4706c18	OBSOPEN_US30_20240125	2024-01-25	120	8	18	0.00000000000000000	0.57675347168440017	0.51160527681315360	0.51428514358378119	SESSION	false
af0b7f804a8d8337572d6a4a6f2ddcb426defb1f4d5f28ed0fde54882050d00c	a2b3facd10cee4f0909891958654ec1a86b2615c602c30a726ea3c4bf4706c18	OBSOPEN_US30_20240125	2024-01-25	120	8	19	0.00000000000000000	0.57747765353927083	0.50364882665293664	0.49454975930824019	SESSION	false
af0b7f804a8d8337572d6a4a6f2ddcb426defb1f4d5f28ed0fde54882050d00c	a2b3facd10cee4f0909891958654ec1a86b2615c602c30a726ea3c4bf4706c18	OBSOPEN_US30_20240125	2024-01-25	120	8	20	0.00000000000000000	0.57675347168440017	0.51075690668937701	0.51706199473780401	SESSION	false
af0b7f804a8d8337572d6a4a6f2ddcb426defb1f4d5f28ed0fde54882050d00c	a2b3facd10cee4f0909891958654ec1a86b2615c602c30a726ea3c4bf4706c18	OBSOPEN_US30_20240125	2024-01-25	120	8	21	0.00000000000000000	0.57385372672695767	0.56651006794421288	0.64985247662766443	SESSION	false
af0b7f804a8d8337572d6a4a6f2ddcb426defb1f4d5f28ed0fde54882050d00c	a2b3facd10cee4f0909891958654ec1a86b2615c602c30a726ea3c4bf4706c18	OBSOPEN_US30_20240125	2024-01-25	120	8	22	0.00000000000000000	0.57240208107606128	0.61388683852421400	0.70682918595728883	SESSION	false
af0b7f804a8d8337572d6a4a6f2ddcb426defb1f4d5f28ed0fde54882050d00c	a2b3facd10cee4f0909891958654ec1a86b2615c602c30a726ea3c4bf4706c18	OBSOPEN_US30_20240125	2024-01-25	120	8	23	0.00000000000000000	0.57240208107606128	0.61464602398889490	0.70177208933891555	SESSION	false
af0b7f804a8d8337572d6a4a6f2ddcb426defb1f4d5f28ed0fde54882050d00c	a2b3facd10cee4f0909891958654ec1a86b2615c602c30a726ea3c4bf4706c18	OBSOPEN_US30_20240125	2024-01-25	120	8	24	0.00000000000000000	0.57167582432279629	0.64700706581326906	0.77188678735946725	SESSION	false
af0b7f804a8d8337572d6a4a6f2ddcb426defb1f4d5f28ed0fde54882050d00c	a2b3facd10cee4f0909891958654ec1a86b2615c602c30a726ea3c4bf4706c18	OBSOPEN_US30_20240125	2024-01-25	120	8	25	0.00000000000000000	0.57385372672695767	0.68134511446850288	0.78919743870343018	SESSION	false
af0b7f804a8d8337572d6a4a6f2ddcb426defb1f4d5f28ed0fde54882050d00c	a2b3facd10cee4f0909891958654ec1a86b2615c602c30a726ea3c4bf4706c18	OBSOPEN_US30_20240125	2024-01-25	120	8	26	0.00000000000000000	0.57167582432279629	0.69541244308147809	0.78055562508525111	SESSION	false
af0b7f804a8d8337572d6a4a6f2ddcb426defb1f4d5f28ed0fde54882050d00c	a2b3facd10cee4f0909891958654ec1a86b2615c602c30a726ea3c4bf4706c18	OBSOPEN_US30_20240125	2024-01-25	120	8	27	0.00000000000000000	0.57094928186238081	0.69590375604097754	0.77305214610213924	SESSION	false
af0b7f804a8d8337572d6a4a6f2ddcb426defb1f4d5f28ed0fde54882050d00c	a2b3facd10cee4f0909891958654ec1a86b2615c602c30a726ea3c4bf4706c18	OBSOPEN_US30_20240125	2024-01-25	120	8	28	0.00000000000000000	0.57167582432279629	0.69019064732874502	0.76695625199672290	SESSION	false
af0b7f804a8d8337572d6a4a6f2ddcb426defb1f4d5f28ed0fde54882050d00c	a2b3facd10cee4f0909891958654ec1a86b2615c602c30a726ea3c4bf4706c18	OBSOPEN_US30_20240125	2024-01-25	120	8	29	0.00000000000000000	0.57094928186238081	0.67909175060692328	0.75244492779554339	SESSION	false
af0b7f804a8d8337572d6a4a6f2ddcb426defb1f4d5f28ed0fde54882050d00c	a2b3facd10cee4f0909891958654ec1a86b2615c602c30a726ea3c4bf4706c18	OBSOPEN_US30_20240125	2024-01-25	120	8	30	0.00000000000000000	0.57094928186238081	0.70503478399419828	0.79121035036466392	SESSION	false
af0b7f804a8d8337572d6a4a6f2ddcb426defb1f4d5f28ed0fde54882050d00c	a2b3facd10cee4f0909891958654ec1a86b2615c602c30a726ea3c4bf4706c18	OBSOPEN_US30_20240129	2024-01-29	120	9	1	1.00000000000000000	0.57360103306217602	0.53770976845241003	0.71678003278451385	SESSION	false
af0b7f804a8d8337572d6a4a6f2ddcb426defb1f4d5f28ed0fde54882050d00c	a2b3facd10cee4f0909891958654ec1a86b2615c602c30a726ea3c4bf4706c18	OBSOPEN_US30_20240129	2024-01-29	120	9	2	1.00000000000000000	0.57385372672695767	0.55711934846971456	0.73860182496198579	SESSION	false
af0b7f804a8d8337572d6a4a6f2ddcb426defb1f4d5f28ed0fde54882050d00c	a2b3facd10cee4f0909891958654ec1a86b2615c602c30a726ea3c4bf4706c18	OBSOPEN_US30_20240129	2024-01-29	120	9	3	0.00000000000000000	0.57385372672695767	0.57029816017934121	0.75136996471926454	SESSION	false
af0b7f804a8d8337572d6a4a6f2ddcb426defb1f4d5f28ed0fde54882050d00c	a2b3facd10cee4f0909891958654ec1a86b2615c602c30a726ea3c4bf4706c18	OBSOPEN_US30_20240129	2024-01-29	120	9	4	0.00000000000000000	0.57312804943766726	0.58546268206296637	0.74957275369192600	SESSION	false
af0b7f804a8d8337572d6a4a6f2ddcb426defb1f4d5f28ed0fde54882050d00c	a2b3facd10cee4f0909891958654ec1a86b2615c602c30a726ea3c4bf4706c18	OBSOPEN_US30_20240129	2024-01-29	120	9	5	0.00000000000000000	0.57240208107606128	0.56966336687715713	0.69974339830525645	SESSION	false
af0b7f804a8d8337572d6a4a6f2ddcb426defb1f4d5f28ed0fde54882050d00c	a2b3facd10cee4f0909891958654ec1a86b2615c602c30a726ea3c4bf4706c18	OBSOPEN_US30_20240129	2024-01-29	120	9	6	0.00000000000000000	0.57240208107606128	0.60275910533577282	0.76661082930102031	SESSION	false
af0b7f804a8d8337572d6a4a6f2ddcb426defb1f4d5f28ed0fde54882050d00c	a2b3facd10cee4f0909891958654ec1a86b2615c602c30a726ea3c4bf4706c18	OBSOPEN_US30_20240129	2024-01-29	120	9	7	0.00000000000000000	0.57167582432279629	0.61447389198976576	0.75822534877090131	SESSION	false
af0b7f804a8d8337572d6a4a6f2ddcb426defb1f4d5f28ed0fde54882050d00c	a2b3facd10cee4f0909891958654ec1a86b2615c602c30a726ea3c4bf4706c18	OBSOPEN_US30_20240129	2024-01-29	120	9	8	0.00000000000000000	0.57602898541280478	0.60551253958552753	0.74730415943018780	SESSION	false
af0b7f804a8d8337572d6a4a6f2ddcb426defb1f4d5f28ed0fde54882050d00c	a2b3facd10cee4f0909891958654ec1a86b2615c602c30a726ea3c4bf4706c18	OBSOPEN_US30_20240129	2024-01-29	120	9	9	0.00000000000000000	0.57602898541280478	0.56731208335461625	0.64876678753655925	SESSION	false
af0b7f804a8d8337572d6a4a6f2ddcb426defb1f4d5f28ed0fde54882050d00c	a2b3facd10cee4f0909891958654ec1a86b2615c602c30a726ea3c4bf4706c18	OBSOPEN_US30_20240129	2024-01-29	120	9	10	1.00000000000000000	0.57385372672695767	0.52918742023249898	0.54507078071804727	SESSION	false
af0b7f804a8d8337572d6a4a6f2ddcb426defb1f4d5f28ed0fde54882050d00c	a2b3facd10cee4f0909891958654ec1a86b2615c602c30a726ea3c4bf4706c18	OBSOPEN_US30_20240129	2024-01-29	120	9	11	1.00000000000000000	0.57385372672695767	0.53474667798840914	0.55426043920635915	SESSION	false
af0b7f804a8d8337572d6a4a6f2ddcb426defb1f4d5f28ed0fde54882050d00c	a2b3facd10cee4f0909891958654ec1a86b2615c602c30a726ea3c4bf4706c18	OBSOPEN_US30_20240129	2024-01-29	120	9	12	1.00000000000000000	0.57385372672695767	0.51169106538598641	0.48594587378085768	SESSION	false
af0b7f804a8d8337572d6a4a6f2ddcb426defb1f4d5f28ed0fde54882050d00c	a2b3facd10cee4f0909891958654ec1a86b2615c602c30a726ea3c4bf4706c18	OBSOPEN_US30_20240129	2024-01-29	120	9	13	1.00000000000000000	0.57530419738541227	0.52143939243323167	0.53231444067438605	SESSION	false
af0b7f804a8d8337572d6a4a6f2ddcb426defb1f4d5f28ed0fde54882050d00c	a2b3facd10cee4f0909891958654ec1a86b2615c602c30a726ea3c4bf4706c18	OBSOPEN_US30_20240129	2024-01-29	120	9	14	0.00000000000000000	0.57530419738541227	0.54444546637584501	0.60606539660439240	SESSION	false
af0b7f804a8d8337572d6a4a6f2ddcb426defb1f4d5f28ed0fde54882050d00c	a2b3facd10cee4f0909891958654ec1a86b2615c602c30a726ea3c4bf4706c18	OBSOPEN_US30_20240129	2024-01-29	120	9	15	0.00000000000000000	0.57385372672695767	0.54209570620288738	0.57785834947165249	SESSION	false
af0b7f804a8d8337572d6a4a6f2ddcb426defb1f4d5f28ed0fde54882050d00c	a2b3facd10cee4f0909891958654ec1a86b2615c602c30a726ea3c4bf4706c18	OBSOPEN_US30_20240129	2024-01-29	120	9	16	0.00000000000000000	0.57457911026715902	0.54306548280876588	0.58446792128039216	SESSION	false
af0b7f804a8d8337572d6a4a6f2ddcb426defb1f4d5f28ed0fde54882050d00c	a2b3facd10cee4f0909891958654ec1a86b2615c602c30a726ea3c4bf4706c18	OBSOPEN_US30_20240129	2024-01-29	120	9	17	0.00000000000000000	0.57602898541280478	0.52372333831690010	0.52860211794265100	SESSION	false
af0b7f804a8d8337572d6a4a6f2ddcb426defb1f4d5f28ed0fde54882050d00c	a2b3facd10cee4f0909891958654ec1a86b2615c602c30a726ea3c4bf4706c18	OBSOPEN_US30_20240129	2024-01-29	120	9	18	0.00000000000000000	0.57675347168440017	0.50211458910952877	0.48061637447933958	SESSION	false
af0b7f804a8d8337572d6a4a6f2ddcb426defb1f4d5f28ed0fde54882050d00c	a2b3facd10cee4f0909891958654ec1a86b2615c602c30a726ea3c4bf4706c18	OBSOPEN_US30_20240129	2024-01-29	120	9	19	0.00000000000000000	0.57747765353927083	0.51634313105021512	0.53254084994225803	SESSION	false
af0b7f804a8d8337572d6a4a6f2ddcb426defb1f4d5f28ed0fde54882050d00c	a2b3facd10cee4f0909891958654ec1a86b2615c602c30a726ea3c4bf4706c18	OBSOPEN_US30_20240129	2024-01-29	120	9	20	0.00000000000000000	0.57675347168440017	0.52631672249471839	0.54783203224854327	SESSION	false
af0b7f804a8d8337572d6a4a6f2ddcb426defb1f4d5f28ed0fde54882050d00c	a2b3facd10cee4f0909891958654ec1a86b2615c602c30a726ea3c4bf4706c18	OBSOPEN_US30_20240129	2024-01-29	120	9	21	0.00000000000000000	0.57385372672695767	0.53936258571609241	0.59322548414742304	SESSION	false
af0b7f804a8d8337572d6a4a6f2ddcb426defb1f4d5f28ed0fde54882050d00c	a2b3facd10cee4f0909891958654ec1a86b2615c602c30a726ea3c4bf4706c18	OBSOPEN_US30_20240129	2024-01-29	120	9	22	0.00000000000000000	0.57240208107606128	0.55352876302962550	0.62363109678184059	SESSION	false
af0b7f804a8d8337572d6a4a6f2ddcb426defb1f4d5f28ed0fde54882050d00c	a2b3facd10cee4f0909891958654ec1a86b2615c602c30a726ea3c4bf4706c18	OBSOPEN_US30_20240129	2024-01-29	120	9	23	0.00000000000000000	0.57240208107606128	0.56729946101672279	0.66414858837429913	SESSION	false
af0b7f804a8d8337572d6a4a6f2ddcb426defb1f4d5f28ed0fde54882050d00c	a2b3facd10cee4f0909891958654ec1a86b2615c602c30a726ea3c4bf4706c18	OBSOPEN_US30_20240129	2024-01-29	120	9	24	0.00000000000000000	0.57167582432279629	0.58581800320100574	0.71580769016758894	SESSION	false
af0b7f804a8d8337572d6a4a6f2ddcb426defb1f4d5f28ed0fde54882050d00c	a2b3facd10cee4f0909891958654ec1a86b2615c602c30a726ea3c4bf4706c18	OBSOPEN_US30_20240129	2024-01-29	120	9	25	0.00000000000000000	0.57385372672695767	0.58881277044266855	0.71147373508162504	SESSION	false
af0b7f804a8d8337572d6a4a6f2ddcb426defb1f4d5f28ed0fde54882050d00c	a2b3facd10cee4f0909891958654ec1a86b2615c602c30a726ea3c4bf4706c18	OBSOPEN_US30_20240129	2024-01-29	120	9	26	0.00000000000000000	0.57167582432279629	0.59793009323483925	0.74688838164710669	SESSION	false
af0b7f804a8d8337572d6a4a6f2ddcb426defb1f4d5f28ed0fde54882050d00c	a2b3facd10cee4f0909891958654ec1a86b2615c602c30a726ea3c4bf4706c18	OBSOPEN_US30_20240129	2024-01-29	120	9	27	0.00000000000000000	0.57094928186238081	0.59636190154763757	0.72700765891389685	SESSION	false
af0b7f804a8d8337572d6a4a6f2ddcb426defb1f4d5f28ed0fde54882050d00c	a2b3facd10cee4f0909891958654ec1a86b2615c602c30a726ea3c4bf4706c18	OBSOPEN_US30_20240129	2024-01-29	120	9	28	0.00000000000000000	0.57167582432279629	0.57721228386833945	0.68355419293009956	SESSION	false
af0b7f804a8d8337572d6a4a6f2ddcb426defb1f4d5f28ed0fde54882050d00c	a2b3facd10cee4f0909891958654ec1a86b2615c602c30a726ea3c4bf4706c18	OBSOPEN_US30_20240129	2024-01-29	120	9	29	0.00000000000000000	0.57094928186238081	0.57466503741943864	0.67551364130134206	SESSION	false
af0b7f804a8d8337572d6a4a6f2ddcb426defb1f4d5f28ed0fde54882050d00c	a2b3facd10cee4f0909891958654ec1a86b2615c602c30a726ea3c4bf4706c18	OBSOPEN_US30_20240129	2024-01-29	120	9	30	0.00000000000000000	0.57094928186238081	0.58831946455723327	0.71877358828428828	SESSION	false
af0b7f804a8d8337572d6a4a6f2ddcb426defb1f4d5f28ed0fde54882050d00c	a2b3facd10cee4f0909891958654ec1a86b2615c602c30a726ea3c4bf4706c18	OBSOPEN_US30_20240208	2024-02-08	120	10	1	0.00000000000000000	0.57360103306217602	0.52680427531844887	0.60508461145452619	SESSION	false
af0b7f804a8d8337572d6a4a6f2ddcb426defb1f4d5f28ed0fde54882050d00c	a2b3facd10cee4f0909891958654ec1a86b2615c602c30a726ea3c4bf4706c18	OBSOPEN_US30_20240208	2024-02-08	120	10	2	0.00000000000000000	0.57385372672695767	0.53976381471898971	0.71943626444961684	SESSION	false
af0b7f804a8d8337572d6a4a6f2ddcb426defb1f4d5f28ed0fde54882050d00c	a2b3facd10cee4f0909891958654ec1a86b2615c602c30a726ea3c4bf4706c18	OBSOPEN_US30_20240208	2024-02-08	120	10	3	0.00000000000000000	0.57385372672695767	0.54270261877140846	0.62652898122272860	SESSION	false
af0b7f804a8d8337572d6a4a6f2ddcb426defb1f4d5f28ed0fde54882050d00c	a2b3facd10cee4f0909891958654ec1a86b2615c602c30a726ea3c4bf4706c18	OBSOPEN_US30_20240208	2024-02-08	120	10	4	0.00000000000000000	0.57312804943766726	0.50614144600799693	0.44003340605412855	SESSION	false
af0b7f804a8d8337572d6a4a6f2ddcb426defb1f4d5f28ed0fde54882050d00c	a2b3facd10cee4f0909891958654ec1a86b2615c602c30a726ea3c4bf4706c18	OBSOPEN_US30_20240208	2024-02-08	120	10	5	0.00000000000000000	0.57240208107606128	0.48994449810599067	0.40652364279562486	SESSION	false
af0b7f804a8d8337572d6a4a6f2ddcb426defb1f4d5f28ed0fde54882050d00c	a2b3facd10cee4f0909891958654ec1a86b2615c602c30a726ea3c4bf4706c18	OBSOPEN_US30_20240208	2024-02-08	120	10	6	0.00000000000000000	0.57240208107606128	0.47760794116621791	0.37508119428297493	SESSION	false
af0b7f804a8d8337572d6a4a6f2ddcb426defb1f4d5f28ed0fde54882050d00c	a2b3facd10cee4f0909891958654ec1a86b2615c602c30a726ea3c4bf4706c18	OBSOPEN_US30_20240208	2024-02-08	120	10	7	0.00000000000000000	0.57167582432279629	0.49266601884430195	0.45727440760884897	SESSION	false
af0b7f804a8d8337572d6a4a6f2ddcb426defb1f4d5f28ed0fde54882050d00c	a2b3facd10cee4f0909891958654ec1a86b2615c602c30a726ea3c4bf4706c18	OBSOPEN_US30_20240208	2024-02-08	120	10	8	0.00000000000000000	0.57602898541280478	0.52839587847090830	0.53876084355575848	SESSION	false
af0b7f804a8d8337572d6a4a6f2ddcb426defb1f4d5f28ed0fde54882050d00c	a2b3facd10cee4f0909891958654ec1a86b2615c602c30a726ea3c4bf4706c18	OBSOPEN_US30_20240208	2024-02-08	120	10	9	0.00000000000000000	0.57602898541280478	0.50401042309660460	0.46704552374789093	SESSION	false
af0b7f804a8d8337572d6a4a6f2ddcb426defb1f4d5f28ed0fde54882050d00c	a2b3facd10cee4f0909891958654ec1a86b2615c602c30a726ea3c4bf4706c18	OBSOPEN_US30_20240208	2024-02-08	120	10	10	0.00000000000000000	0.57385372672695767	0.49344323611466384	0.43954120018089848	SESSION	false
af0b7f804a8d8337572d6a4a6f2ddcb426defb1f4d5f28ed0fde54882050d00c	a2b3facd10cee4f0909891958654ec1a86b2615c602c30a726ea3c4bf4706c18	OBSOPEN_US30_20240208	2024-02-08	120	10	11	0.00000000000000000	0.57385372672695767	0.48911257710810391	0.42849050568008978	SESSION	false
af0b7f804a8d8337572d6a4a6f2ddcb426defb1f4d5f28ed0fde54882050d00c	a2b3facd10cee4f0909891958654ec1a86b2615c602c30a726ea3c4bf4706c18	OBSOPEN_US30_20240208	2024-02-08	120	10	12	0.00000000000000000	0.57385372672695767	0.47905324494508289	0.40151334553523832	SESSION	false
af0b7f804a8d8337572d6a4a6f2ddcb426defb1f4d5f28ed0fde54882050d00c	a2b3facd10cee4f0909891958654ec1a86b2615c602c30a726ea3c4bf4706c18	OBSOPEN_US30_20240208	2024-02-08	120	10	13	0.00000000000000000	0.57530419738541227	0.47378464115794183	0.40553729770974800	SESSION	false
af0b7f804a8d8337572d6a4a6f2ddcb426defb1f4d5f28ed0fde54882050d00c	a2b3facd10cee4f0909891958654ec1a86b2615c602c30a726ea3c4bf4706c18	OBSOPEN_US30_20240208	2024-02-08	120	10	14	0.00000000000000000	0.57530419738541227	0.45902138482380289	0.36254038507808684	SESSION	false
af0b7f804a8d8337572d6a4a6f2ddcb426defb1f4d5f28ed0fde54882050d00c	a2b3facd10cee4f0909891958654ec1a86b2615c602c30a726ea3c4bf4706c18	OBSOPEN_US30_20240208	2024-02-08	120	10	15	0.00000000000000000	0.57385372672695767	0.47220658623200157	0.41595777937721740	SESSION	false
af0b7f804a8d8337572d6a4a6f2ddcb426defb1f4d5f28ed0fde54882050d00c	a2b3facd10cee4f0909891958654ec1a86b2615c602c30a726ea3c4bf4706c18	OBSOPEN_US30_20240208	2024-02-08	120	10	16	0.00000000000000000	0.57457911026715902	0.47525797578293699	0.40454579759696635	SESSION	false
af0b7f804a8d8337572d6a4a6f2ddcb426defb1f4d5f28ed0fde54882050d00c	a2b3facd10cee4f0909891958654ec1a86b2615c602c30a726ea3c4bf4706c18	OBSOPEN_US30_20240208	2024-02-08	120	10	17	0.00000000000000000	0.57602898541280478	0.46216422481252439	0.38674786641619485	SESSION	false
af0b7f804a8d8337572d6a4a6f2ddcb426defb1f4d5f28ed0fde54882050d00c	a2b3facd10cee4f0909891958654ec1a86b2615c602c30a726ea3c4bf4706c18	OBSOPEN_US30_20240208	2024-02-08	120	10	18	0.00000000000000000	0.57675347168440017	0.49337120126104778	0.48841176055985464	SESSION	false
af0b7f804a8d8337572d6a4a6f2ddcb426defb1f4d5f28ed0fde54882050d00c	a2b3facd10cee4f0909891958654ec1a86b2615c602c30a726ea3c4bf4706c18	OBSOPEN_US30_20240208	2024-02-08	120	10	19	0.00000000000000000	0.57747765353927083	0.51015075630768358	0.50080715322122427	SESSION	false
af0b7f804a8d8337572d6a4a6f2ddcb426defb1f4d5f28ed0fde54882050d00c	a2b3facd10cee4f0909891958654ec1a86b2615c602c30a726ea3c4bf4706c18	OBSOPEN_US30_20240208	2024-02-08	120	10	20	0.00000000000000000	0.57675347168440017	0.46933687301556759	0.40749206136068378	SESSION	false
af0b7f804a8d8337572d6a4a6f2ddcb426defb1f4d5f28ed0fde54882050d00c	a2b3facd10cee4f0909891958654ec1a86b2615c602c30a726ea3c4bf4706c18	OBSOPEN_US30_20240208	2024-02-08	120	10	21	0.00000000000000000	0.57385372672695767	0.45663037801803325	0.38069689834694492	SESSION	false
af0b7f804a8d8337572d6a4a6f2ddcb426defb1f4d5f28ed0fde54882050d00c	a2b3facd10cee4f0909891958654ec1a86b2615c602c30a726ea3c4bf4706c18	OBSOPEN_US30_20240208	2024-02-08	120	10	22	0.00000000000000000	0.57240208107606128	0.44978761337911100	0.35967782586231645	SESSION	false
af0b7f804a8d8337572d6a4a6f2ddcb426defb1f4d5f28ed0fde54882050d00c	a2b3facd10cee4f0909891958654ec1a86b2615c602c30a726ea3c4bf4706c18	OBSOPEN_US30_20240208	2024-02-08	120	10	23	0.00000000000000000	0.57240208107606128	0.44667198346300180	0.36152151081060363	SESSION	false
af0b7f804a8d8337572d6a4a6f2ddcb426defb1f4d5f28ed0fde54882050d00c	a2b3facd10cee4f0909891958654ec1a86b2615c602c30a726ea3c4bf4706c18	OBSOPEN_US30_20240208	2024-02-08	120	10	24	0.00000000000000000	0.57167582432279629	0.45537841309189842	0.38205765624137189	SESSION	false
af0b7f804a8d8337572d6a4a6f2ddcb426defb1f4d5f28ed0fde54882050d00c	a2b3facd10cee4f0909891958654ec1a86b2615c602c30a726ea3c4bf4706c18	OBSOPEN_US30_20240208	2024-02-08	120	10	25	0.00000000000000000	0.57385372672695767	0.46960919932620099	0.40861881486298424	SESSION	false
af0b7f804a8d8337572d6a4a6f2ddcb426defb1f4d5f28ed0fde54882050d00c	a2b3facd10cee4f0909891958654ec1a86b2615c602c30a726ea3c4bf4706c18	OBSOPEN_US30_20240208	2024-02-08	120	10	26	0.00000000000000000	0.57167582432279629	0.45956996580867632	0.38356608992111207	SESSION	false
af0b7f804a8d8337572d6a4a6f2ddcb426defb1f4d5f28ed0fde54882050d00c	a2b3facd10cee4f0909891958654ec1a86b2615c602c30a726ea3c4bf4706c18	OBSOPEN_US30_20240208	2024-02-08	120	10	27	0.00000000000000000	0.57094928186238081	0.47263042492447965	0.41823577005334139	SESSION	false
af0b7f804a8d8337572d6a4a6f2ddcb426defb1f4d5f28ed0fde54882050d00c	a2b3facd10cee4f0909891958654ec1a86b2615c602c30a726ea3c4bf4706c18	OBSOPEN_US30_20240208	2024-02-08	120	10	28	0.00000000000000000	0.57167582432279629	0.47567247946401675	0.41766963449545580	SESSION	false
af0b7f804a8d8337572d6a4a6f2ddcb426defb1f4d5f28ed0fde54882050d00c	a2b3facd10cee4f0909891958654ec1a86b2615c602c30a726ea3c4bf4706c18	OBSOPEN_US30_20240208	2024-02-08	120	10	29	0.00000000000000000	0.57094928186238081	0.47803053476644525	0.42623692414575359	SESSION	false
af0b7f804a8d8337572d6a4a6f2ddcb426defb1f4d5f28ed0fde54882050d00c	a2b3facd10cee4f0909891958654ec1a86b2615c602c30a726ea3c4bf4706c18	OBSOPEN_US30_20240208	2024-02-08	120	10	30	0.00000000000000000	0.57094928186238081	0.47597570298322395	0.41266905901224454	SESSION	false
af0b7f804a8d8337572d6a4a6f2ddcb426defb1f4d5f28ed0fde54882050d00c	a2b3facd10cee4f0909891958654ec1a86b2615c602c30a726ea3c4bf4706c18	OBSOPEN_US30_20240213	2024-02-13	120	11	1	0.00000000000000000	0.57360103306217602	0.52467317345685349	0.53108711848262291	SESSION	false
af0b7f804a8d8337572d6a4a6f2ddcb426defb1f4d5f28ed0fde54882050d00c	a2b3facd10cee4f0909891958654ec1a86b2615c602c30a726ea3c4bf4706c18	OBSOPEN_US30_20240213	2024-02-13	120	11	2	0.00000000000000000	0.57385372672695767	0.51360110025204830	0.50475260523035226	SESSION	false
af0b7f804a8d8337572d6a4a6f2ddcb426defb1f4d5f28ed0fde54882050d00c	a2b3facd10cee4f0909891958654ec1a86b2615c602c30a726ea3c4bf4706c18	OBSOPEN_US30_20240213	2024-02-13	120	11	3	0.00000000000000000	0.57385372672695767	0.54437602880001690	0.58563871706319470	SESSION	false
af0b7f804a8d8337572d6a4a6f2ddcb426defb1f4d5f28ed0fde54882050d00c	a2b3facd10cee4f0909891958654ec1a86b2615c602c30a726ea3c4bf4706c18	OBSOPEN_US30_20240213	2024-02-13	120	11	4	0.00000000000000000	0.57312804943766726	0.54527720909216670	0.57783430167993211	SESSION	false
af0b7f804a8d8337572d6a4a6f2ddcb426defb1f4d5f28ed0fde54882050d00c	a2b3facd10cee4f0909891958654ec1a86b2615c602c30a726ea3c4bf4706c18	OBSOPEN_US30_20240213	2024-02-13	120	11	5	0.00000000000000000	0.57240208107606128	0.55037438254881854	0.59401415900937260	SESSION	false
af0b7f804a8d8337572d6a4a6f2ddcb426defb1f4d5f28ed0fde54882050d00c	a2b3facd10cee4f0909891958654ec1a86b2615c602c30a726ea3c4bf4706c18	OBSOPEN_US30_20240213	2024-02-13	120	11	6	0.00000000000000000	0.57240208107606128	0.56622390368827757	0.63820020780317721	SESSION	false
af0b7f804a8d8337572d6a4a6f2ddcb426defb1f4d5f28ed0fde54882050d00c	a2b3facd10cee4f0909891958654ec1a86b2615c602c30a726ea3c4bf4706c18	OBSOPEN_US30_20240213	2024-02-13	120	11	7	0.00000000000000000	0.57167582432279629	0.55681804192491080	0.59832963290876973	SESSION	false
af0b7f804a8d8337572d6a4a6f2ddcb426defb1f4d5f28ed0fde54882050d00c	a2b3facd10cee4f0909891958654ec1a86b2615c602c30a726ea3c4bf4706c18	OBSOPEN_US30_20240213	2024-02-13	120	11	8	0.00000000000000000	0.57602898541280478	0.51014164422833186	0.48683051587694892	SESSION	false
af0b7f804a8d8337572d6a4a6f2ddcb426defb1f4d5f28ed0fde54882050d00c	a2b3facd10cee4f0909891958654ec1a86b2615c602c30a726ea3c4bf4706c18	OBSOPEN_US30_20240213	2024-02-13	120	11	9	0.00000000000000000	0.57602898541280478	0.47683131624861225	0.41435042343095480	SESSION	false
af0b7f804a8d8337572d6a4a6f2ddcb426defb1f4d5f28ed0fde54882050d00c	a2b3facd10cee4f0909891958654ec1a86b2615c602c30a726ea3c4bf4706c18	OBSOPEN_US30_20240213	2024-02-13	120	11	10	0.00000000000000000	0.57385372672695767	0.46020731077977933	0.41704870947924438	SESSION	false
af0b7f804a8d8337572d6a4a6f2ddcb426defb1f4d5f28ed0fde54882050d00c	a2b3facd10cee4f0909891958654ec1a86b2615c602c30a726ea3c4bf4706c18	OBSOPEN_US30_20240213	2024-02-13	120	11	11	0.00000000000000000	0.57385372672695767	0.41505112882295442	0.37329704358691090	SESSION	false
af0b7f804a8d8337572d6a4a6f2ddcb426defb1f4d5f28ed0fde54882050d00c	a2b3facd10cee4f0909891958654ec1a86b2615c602c30a726ea3c4bf4706c18	OBSOPEN_US30_20240213	2024-02-13	120	11	12	0.00000000000000000	0.57385372672695767	0.43657517895295050	0.41722475912621992	SESSION	false
af0b7f804a8d8337572d6a4a6f2ddcb426defb1f4d5f28ed0fde54882050d00c	a2b3facd10cee4f0909891958654ec1a86b2615c602c30a726ea3c4bf4706c18	OBSOPEN_US30_20240213	2024-02-13	120	11	13	0.00000000000000000	0.57530419738541227	0.44348855040054136	0.42849148519393215	SESSION	false
af0b7f804a8d8337572d6a4a6f2ddcb426defb1f4d5f28ed0fde54882050d00c	a2b3facd10cee4f0909891958654ec1a86b2615c602c30a726ea3c4bf4706c18	OBSOPEN_US30_20240213	2024-02-13	120	11	14	0.00000000000000000	0.57530419738541227	0.45034942727674515	0.42424305191494605	SESSION	false
af0b7f804a8d8337572d6a4a6f2ddcb426defb1f4d5f28ed0fde54882050d00c	a2b3facd10cee4f0909891958654ec1a86b2615c602c30a726ea3c4bf4706c18	OBSOPEN_US30_20240213	2024-02-13	120	11	15	0.00000000000000000	0.57385372672695767	0.41021744801745624	0.37598673538642147	SESSION	false
af0b7f804a8d8337572d6a4a6f2ddcb426defb1f4d5f28ed0fde54882050d00c	a2b3facd10cee4f0909891958654ec1a86b2615c602c30a726ea3c4bf4706c18	OBSOPEN_US30_20240213	2024-02-13	120	11	16	0.00000000000000000	0.57457911026715902	0.41267211591790037	0.38655732916180641	SESSION	false
af0b7f804a8d8337572d6a4a6f2ddcb426defb1f4d5f28ed0fde54882050d00c	a2b3facd10cee4f0909891958654ec1a86b2615c602c30a726ea3c4bf4706c18	OBSOPEN_US30_20240213	2024-02-13	120	11	17	0.00000000000000000	0.57602898541280478	0.41899347390850483	0.39996095787445396	SESSION	false
af0b7f804a8d8337572d6a4a6f2ddcb426defb1f4d5f28ed0fde54882050d00c	a2b3facd10cee4f0909891958654ec1a86b2615c602c30a726ea3c4bf4706c18	OBSOPEN_US30_20240213	2024-02-13	120	11	18	0.00000000000000000	0.57675347168440017	0.40260713627400491	0.38629965722298548	SESSION	false
af0b7f804a8d8337572d6a4a6f2ddcb426defb1f4d5f28ed0fde54882050d00c	a2b3facd10cee4f0909891958654ec1a86b2615c602c30a726ea3c4bf4706c18	OBSOPEN_US30_20240213	2024-02-13	120	11	19	0.00000000000000000	0.57747765353927083	0.39436174300904198	0.38348056234889366	SESSION	false
af0b7f804a8d8337572d6a4a6f2ddcb426defb1f4d5f28ed0fde54882050d00c	a2b3facd10cee4f0909891958654ec1a86b2615c602c30a726ea3c4bf4706c18	OBSOPEN_US30_20240213	2024-02-13	120	11	20	0.00000000000000000	0.57675347168440017	0.38035716318421703	0.37751848900527135	SESSION	false
af0b7f804a8d8337572d6a4a6f2ddcb426defb1f4d5f28ed0fde54882050d00c	a2b3facd10cee4f0909891958654ec1a86b2615c602c30a726ea3c4bf4706c18	OBSOPEN_US30_20240213	2024-02-13	120	11	21	0.00000000000000000	0.57385372672695767	0.37328155543166019	0.36369664484872449	SESSION	false
af0b7f804a8d8337572d6a4a6f2ddcb426defb1f4d5f28ed0fde54882050d00c	a2b3facd10cee4f0909891958654ec1a86b2615c602c30a726ea3c4bf4706c18	OBSOPEN_US30_20240213	2024-02-13	120	11	22	0.00000000000000000	0.57240208107606128	0.36931152726054184	0.36645287043144692	SESSION	false
af0b7f804a8d8337572d6a4a6f2ddcb426defb1f4d5f28ed0fde54882050d00c	a2b3facd10cee4f0909891958654ec1a86b2615c602c30a726ea3c4bf4706c18	OBSOPEN_US30_20240213	2024-02-13	120	11	23	0.00000000000000000	0.57240208107606128	0.35618556695457954	0.35145849607528901	SESSION	false
af0b7f804a8d8337572d6a4a6f2ddcb426defb1f4d5f28ed0fde54882050d00c	a2b3facd10cee4f0909891958654ec1a86b2615c602c30a726ea3c4bf4706c18	OBSOPEN_US30_20240213	2024-02-13	120	11	24	0.00000000000000000	0.57167582432279629	0.35854956399788379	0.35604117621363507	SESSION	false
af0b7f804a8d8337572d6a4a6f2ddcb426defb1f4d5f28ed0fde54882050d00c	a2b3facd10cee4f0909891958654ec1a86b2615c602c30a726ea3c4bf4706c18	OBSOPEN_US30_20240213	2024-02-13	120	11	25	0.00000000000000000	0.57385372672695767	0.35988910222014037	0.36404524196366805	SESSION	false
af0b7f804a8d8337572d6a4a6f2ddcb426defb1f4d5f28ed0fde54882050d00c	a2b3facd10cee4f0909891958654ec1a86b2615c602c30a726ea3c4bf4706c18	OBSOPEN_US30_20240213	2024-02-13	120	11	26	0.00000000000000000	0.57167582432279629	0.34555973057416023	0.34595335563476209	SESSION	false
af0b7f804a8d8337572d6a4a6f2ddcb426defb1f4d5f28ed0fde54882050d00c	a2b3facd10cee4f0909891958654ec1a86b2615c602c30a726ea3c4bf4706c18	OBSOPEN_US30_20240213	2024-02-13	120	11	27	0.00000000000000000	0.57094928186238081	0.34017048914622500	0.34722818200176164	SESSION	false
af0b7f804a8d8337572d6a4a6f2ddcb426defb1f4d5f28ed0fde54882050d00c	a2b3facd10cee4f0909891958654ec1a86b2615c602c30a726ea3c4bf4706c18	OBSOPEN_US30_20240213	2024-02-13	120	11	28	0.00000000000000000	0.57167582432279629	0.33762301589148408	0.34475177390039780	SESSION	false
af0b7f804a8d8337572d6a4a6f2ddcb426defb1f4d5f28ed0fde54882050d00c	a2b3facd10cee4f0909891958654ec1a86b2615c602c30a726ea3c4bf4706c18	OBSOPEN_US30_20240213	2024-02-13	120	11	29	0.00000000000000000	0.57094928186238081	0.32379615329353389	0.33401410225130901	SESSION	false
af0b7f804a8d8337572d6a4a6f2ddcb426defb1f4d5f28ed0fde54882050d00c	a2b3facd10cee4f0909891958654ec1a86b2615c602c30a726ea3c4bf4706c18	OBSOPEN_US30_20240213	2024-02-13	120	11	30	0.00000000000000000	0.57094928186238081	0.32633881900928785	0.34709067906882057	SESSION	false
af0b7f804a8d8337572d6a4a6f2ddcb426defb1f4d5f28ed0fde54882050d00c	a2b3facd10cee4f0909891958654ec1a86b2615c602c30a726ea3c4bf4706c18	OBSOPEN_US30_20240214	2024-02-14	120	12	1	0.00000000000000000	0.57360103306217602	0.51055088594428966	0.49262352068825960	SESSION	false
af0b7f804a8d8337572d6a4a6f2ddcb426defb1f4d5f28ed0fde54882050d00c	a2b3facd10cee4f0909891958654ec1a86b2615c602c30a726ea3c4bf4706c18	OBSOPEN_US30_20240214	2024-02-14	120	12	2	0.00000000000000000	0.57385372672695767	0.54467633654730474	0.69686352655485040	SESSION	false
af0b7f804a8d8337572d6a4a6f2ddcb426defb1f4d5f28ed0fde54882050d00c	a2b3facd10cee4f0909891958654ec1a86b2615c602c30a726ea3c4bf4706c18	OBSOPEN_US30_20240214	2024-02-14	120	12	3	1.00000000000000000	0.57385372672695767	0.53804777079737909	0.56851651398400149	SESSION	false
af0b7f804a8d8337572d6a4a6f2ddcb426defb1f4d5f28ed0fde54882050d00c	a2b3facd10cee4f0909891958654ec1a86b2615c602c30a726ea3c4bf4706c18	OBSOPEN_US30_20240214	2024-02-14	120	12	4	1.00000000000000000	0.57312804943766726	0.49777488252995733	0.45113779563581241	SESSION	false
af0b7f804a8d8337572d6a4a6f2ddcb426defb1f4d5f28ed0fde54882050d00c	a2b3facd10cee4f0909891958654ec1a86b2615c602c30a726ea3c4bf4706c18	OBSOPEN_US30_20240214	2024-02-14	120	12	5	1.00000000000000000	0.57240208107606128	0.48410908288291710	0.42426205886592561	SESSION	false
af0b7f804a8d8337572d6a4a6f2ddcb426defb1f4d5f28ed0fde54882050d00c	a2b3facd10cee4f0909891958654ec1a86b2615c602c30a726ea3c4bf4706c18	OBSOPEN_US30_20240214	2024-02-14	120	12	6	1.00000000000000000	0.57240208107606128	0.47340172690722637	0.40177286863461925	SESSION	false
af0b7f804a8d8337572d6a4a6f2ddcb426defb1f4d5f28ed0fde54882050d00c	a2b3facd10cee4f0909891958654ec1a86b2615c602c30a726ea3c4bf4706c18	OBSOPEN_US30_20240214	2024-02-14	120	12	7	1.00000000000000000	0.57167582432279629	0.45096673841918095	0.37670862968010738	SESSION	false
af0b7f804a8d8337572d6a4a6f2ddcb426defb1f4d5f28ed0fde54882050d00c	a2b3facd10cee4f0909891958654ec1a86b2615c602c30a726ea3c4bf4706c18	OBSOPEN_US30_20240214	2024-02-14	120	12	8	1.00000000000000000	0.57602898541280478	0.47632774890607893	0.44377675538293576	SESSION	false
af0b7f804a8d8337572d6a4a6f2ddcb426defb1f4d5f28ed0fde54882050d00c	a2b3facd10cee4f0909891958654ec1a86b2615c602c30a726ea3c4bf4706c18	OBSOPEN_US30_20240214	2024-02-14	120	12	9	1.00000000000000000	0.57602898541280478	0.46758648071398662	0.43384179624079899	SESSION	false
af0b7f804a8d8337572d6a4a6f2ddcb426defb1f4d5f28ed0fde54882050d00c	a2b3facd10cee4f0909891958654ec1a86b2615c602c30a726ea3c4bf4706c18	OBSOPEN_US30_20240214	2024-02-14	120	12	10	1.00000000000000000	0.57385372672695767	0.43964240152058426	0.38777755028250077	SESSION	false
af0b7f804a8d8337572d6a4a6f2ddcb426defb1f4d5f28ed0fde54882050d00c	a2b3facd10cee4f0909891958654ec1a86b2615c602c30a726ea3c4bf4706c18	OBSOPEN_US30_20240214	2024-02-14	120	12	11	1.00000000000000000	0.57385372672695767	0.44809884769574609	0.40443501920571079	SESSION	false
af0b7f804a8d8337572d6a4a6f2ddcb426defb1f4d5f28ed0fde54882050d00c	a2b3facd10cee4f0909891958654ec1a86b2615c602c30a726ea3c4bf4706c18	OBSOPEN_US30_20240214	2024-02-14	120	12	12	1.00000000000000000	0.57385372672695767	0.47753997735601855	0.44917068082549827	SESSION	false
af0b7f804a8d8337572d6a4a6f2ddcb426defb1f4d5f28ed0fde54882050d00c	a2b3facd10cee4f0909891958654ec1a86b2615c602c30a726ea3c4bf4706c18	OBSOPEN_US30_20240214	2024-02-14	120	12	13	0.00000000000000000	0.57530419738541227	0.51738412559497948	0.52777570403391894	SESSION	false
af0b7f804a8d8337572d6a4a6f2ddcb426defb1f4d5f28ed0fde54882050d00c	a2b3facd10cee4f0909891958654ec1a86b2615c602c30a726ea3c4bf4706c18	OBSOPEN_US30_20240214	2024-02-14	120	12	14	0.00000000000000000	0.57530419738541227	0.55548506732754255	0.57056167468214958	SESSION	false
af0b7f804a8d8337572d6a4a6f2ddcb426defb1f4d5f28ed0fde54882050d00c	a2b3facd10cee4f0909891958654ec1a86b2615c602c30a726ea3c4bf4706c18	OBSOPEN_US30_20240214	2024-02-14	120	12	15	0.00000000000000000	0.57385372672695767	0.55007702657647528	0.55204070711723630	SESSION	false
af0b7f804a8d8337572d6a4a6f2ddcb426defb1f4d5f28ed0fde54882050d00c	a2b3facd10cee4f0909891958654ec1a86b2615c602c30a726ea3c4bf4706c18	OBSOPEN_US30_20240214	2024-02-14	120	12	16	0.00000000000000000	0.57457911026715902	0.53240853699374280	0.53057431217516260	SESSION	false
af0b7f804a8d8337572d6a4a6f2ddcb426defb1f4d5f28ed0fde54882050d00c	a2b3facd10cee4f0909891958654ec1a86b2615c602c30a726ea3c4bf4706c18	OBSOPEN_US30_20240214	2024-02-14	120	12	17	0.00000000000000000	0.57602898541280478	0.52115256073941718	0.52062991841896289	SESSION	false
af0b7f804a8d8337572d6a4a6f2ddcb426defb1f4d5f28ed0fde54882050d00c	a2b3facd10cee4f0909891958654ec1a86b2615c602c30a726ea3c4bf4706c18	OBSOPEN_US30_20240214	2024-02-14	120	12	18	0.00000000000000000	0.57675347168440017	0.50139563484983740	0.49899583933192965	SESSION	false
af0b7f804a8d8337572d6a4a6f2ddcb426defb1f4d5f28ed0fde54882050d00c	a2b3facd10cee4f0909891958654ec1a86b2615c602c30a726ea3c4bf4706c18	OBSOPEN_US30_20240214	2024-02-14	120	12	19	0.00000000000000000	0.57747765353927083	0.49723767790481904	0.49644838683546116	SESSION	false
af0b7f804a8d8337572d6a4a6f2ddcb426defb1f4d5f28ed0fde54882050d00c	a2b3facd10cee4f0909891958654ec1a86b2615c602c30a726ea3c4bf4706c18	OBSOPEN_US30_20240214	2024-02-14	120	12	20	0.00000000000000000	0.57675347168440017	0.47909152884495987	0.46772968411451993	SESSION	false
af0b7f804a8d8337572d6a4a6f2ddcb426defb1f4d5f28ed0fde54882050d00c	a2b3facd10cee4f0909891958654ec1a86b2615c602c30a726ea3c4bf4706c18	OBSOPEN_US30_20240214	2024-02-14	120	12	21	0.00000000000000000	0.57385372672695767	0.48512156259183481	0.46685957942890433	SESSION	false
af0b7f804a8d8337572d6a4a6f2ddcb426defb1f4d5f28ed0fde54882050d00c	a2b3facd10cee4f0909891958654ec1a86b2615c602c30a726ea3c4bf4706c18	OBSOPEN_US30_20240214	2024-02-14	120	12	22	0.00000000000000000	0.57240208107606128	0.46301162529048806	0.42368948562571018	SESSION	false
af0b7f804a8d8337572d6a4a6f2ddcb426defb1f4d5f28ed0fde54882050d00c	a2b3facd10cee4f0909891958654ec1a86b2615c602c30a726ea3c4bf4706c18	OBSOPEN_US30_20240214	2024-02-14	120	12	23	0.00000000000000000	0.57240208107606128	0.48218886598401256	0.46381013196421395	SESSION	false
af0b7f804a8d8337572d6a4a6f2ddcb426defb1f4d5f28ed0fde54882050d00c	a2b3facd10cee4f0909891958654ec1a86b2615c602c30a726ea3c4bf4706c18	OBSOPEN_US30_20240214	2024-02-14	120	12	24	0.00000000000000000	0.57167582432279629	0.51833377946446624	0.50808149998115482	SESSION	false
af0b7f804a8d8337572d6a4a6f2ddcb426defb1f4d5f28ed0fde54882050d00c	a2b3facd10cee4f0909891958654ec1a86b2615c602c30a726ea3c4bf4706c18	OBSOPEN_US30_20240214	2024-02-14	120	12	25	0.00000000000000000	0.57385372672695767	0.52700902101994795	0.52537762380045894	SESSION	false
af0b7f804a8d8337572d6a4a6f2ddcb426defb1f4d5f28ed0fde54882050d00c	a2b3facd10cee4f0909891958654ec1a86b2615c602c30a726ea3c4bf4706c18	OBSOPEN_US30_20240214	2024-02-14	120	12	26	0.00000000000000000	0.57167582432279629	0.53237463611267966	0.52825707563098778	SESSION	false
af0b7f804a8d8337572d6a4a6f2ddcb426defb1f4d5f28ed0fde54882050d00c	a2b3facd10cee4f0909891958654ec1a86b2615c602c30a726ea3c4bf4706c18	OBSOPEN_US30_20240214	2024-02-14	120	12	27	0.00000000000000000	0.57094928186238081	0.50758598074679828	0.48212967886672753	SESSION	false
af0b7f804a8d8337572d6a4a6f2ddcb426defb1f4d5f28ed0fde54882050d00c	a2b3facd10cee4f0909891958654ec1a86b2615c602c30a726ea3c4bf4706c18	OBSOPEN_US30_20240214	2024-02-14	120	12	28	0.00000000000000000	0.57167582432279629	0.49282151755917586	0.46862479338562790	SESSION	false
af0b7f804a8d8337572d6a4a6f2ddcb426defb1f4d5f28ed0fde54882050d00c	a2b3facd10cee4f0909891958654ec1a86b2615c602c30a726ea3c4bf4706c18	OBSOPEN_US30_20240214	2024-02-14	120	12	29	0.00000000000000000	0.57094928186238081	0.47482395514890668	0.43547215620633734	SESSION	false
af0b7f804a8d8337572d6a4a6f2ddcb426defb1f4d5f28ed0fde54882050d00c	a2b3facd10cee4f0909891958654ec1a86b2615c602c30a726ea3c4bf4706c18	OBSOPEN_US30_20240214	2024-02-14	120	12	30	0.00000000000000000	0.57094928186238081	0.47180798614954289	0.44274084990291296	SESSION	false
af0b7f804a8d8337572d6a4a6f2ddcb426defb1f4d5f28ed0fde54882050d00c	a2b3facd10cee4f0909891958654ec1a86b2615c602c30a726ea3c4bf4706c18	OBSOPEN_US30_20240215	2024-02-15	120	13	1	1.00000000000000000	0.57360103306217602	0.52981361675136196	0.58731351660879694	SESSION	false
af0b7f804a8d8337572d6a4a6f2ddcb426defb1f4d5f28ed0fde54882050d00c	a2b3facd10cee4f0909891958654ec1a86b2615c602c30a726ea3c4bf4706c18	OBSOPEN_US30_20240215	2024-02-15	120	13	2	1.00000000000000000	0.57385372672695767	0.54926692207062289	0.70033040094891696	SESSION	false
af0b7f804a8d8337572d6a4a6f2ddcb426defb1f4d5f28ed0fde54882050d00c	a2b3facd10cee4f0909891958654ec1a86b2615c602c30a726ea3c4bf4706c18	OBSOPEN_US30_20240215	2024-02-15	120	13	3	1.00000000000000000	0.57385372672695767	0.59778760811785647	0.74139541595847946	SESSION	false
af0b7f804a8d8337572d6a4a6f2ddcb426defb1f4d5f28ed0fde54882050d00c	a2b3facd10cee4f0909891958654ec1a86b2615c602c30a726ea3c4bf4706c18	OBSOPEN_US30_20240215	2024-02-15	120	13	4	1.00000000000000000	0.57312804943766726	0.61787741313071087	0.75687298017005233	SESSION	false
af0b7f804a8d8337572d6a4a6f2ddcb426defb1f4d5f28ed0fde54882050d00c	a2b3facd10cee4f0909891958654ec1a86b2615c602c30a726ea3c4bf4706c18	OBSOPEN_US30_20240215	2024-02-15	120	13	5	1.00000000000000000	0.57240208107606128	0.63556592603762707	0.76136629056475902	SESSION	false
af0b7f804a8d8337572d6a4a6f2ddcb426defb1f4d5f28ed0fde54882050d00c	a2b3facd10cee4f0909891958654ec1a86b2615c602c30a726ea3c4bf4706c18	OBSOPEN_US30_20240215	2024-02-15	120	13	6	1.00000000000000000	0.57240208107606128	0.64571074319508970	0.74467355068807384	SESSION	false
af0b7f804a8d8337572d6a4a6f2ddcb426defb1f4d5f28ed0fde54882050d00c	a2b3facd10cee4f0909891958654ec1a86b2615c602c30a726ea3c4bf4706c18	OBSOPEN_US30_20240215	2024-02-15	120	13	7	1.00000000000000000	0.57167582432279629	0.65175377496958464	0.74863274595278595	SESSION	false
af0b7f804a8d8337572d6a4a6f2ddcb426defb1f4d5f28ed0fde54882050d00c	a2b3facd10cee4f0909891958654ec1a86b2615c602c30a726ea3c4bf4706c18	OBSOPEN_US30_20240215	2024-02-15	120	13	8	1.00000000000000000	0.57602898541280478	0.68124062768767835	0.79342050168138889	SESSION	false
af0b7f804a8d8337572d6a4a6f2ddcb426defb1f4d5f28ed0fde54882050d00c	a2b3facd10cee4f0909891958654ec1a86b2615c602c30a726ea3c4bf4706c18	OBSOPEN_US30_20240215	2024-02-15	120	13	9	1.00000000000000000	0.57602898541280478	0.68177726675893446	0.77124450369048470	SESSION	false
af0b7f804a8d8337572d6a4a6f2ddcb426defb1f4d5f28ed0fde54882050d00c	a2b3facd10cee4f0909891958654ec1a86b2615c602c30a726ea3c4bf4706c18	OBSOPEN_US30_20240215	2024-02-15	120	13	10	1.00000000000000000	0.57385372672695767	0.66138837189281086	0.73580781154251029	SESSION	false
af0b7f804a8d8337572d6a4a6f2ddcb426defb1f4d5f28ed0fde54882050d00c	a2b3facd10cee4f0909891958654ec1a86b2615c602c30a726ea3c4bf4706c18	OBSOPEN_US30_20240215	2024-02-15	120	13	11	1.00000000000000000	0.57385372672695767	0.68571903863751127	0.78245447586030337	SESSION	false
af0b7f804a8d8337572d6a4a6f2ddcb426defb1f4d5f28ed0fde54882050d00c	a2b3facd10cee4f0909891958654ec1a86b2615c602c30a726ea3c4bf4706c18	OBSOPEN_US30_20240215	2024-02-15	120	13	12	1.00000000000000000	0.57385372672695767	0.70614906823320189	0.78069366576672317	SESSION	false
af0b7f804a8d8337572d6a4a6f2ddcb426defb1f4d5f28ed0fde54882050d00c	a2b3facd10cee4f0909891958654ec1a86b2615c602c30a726ea3c4bf4706c18	OBSOPEN_US30_20240215	2024-02-15	120	13	13	1.00000000000000000	0.57530419738541227	0.69252434888697811	0.76527125115117356	SESSION	false
af0b7f804a8d8337572d6a4a6f2ddcb426defb1f4d5f28ed0fde54882050d00c	a2b3facd10cee4f0909891958654ec1a86b2615c602c30a726ea3c4bf4706c18	OBSOPEN_US30_20240215	2024-02-15	120	13	14	1.00000000000000000	0.57530419738541227	0.68651232465810996	0.75725638432791165	SESSION	false
af0b7f804a8d8337572d6a4a6f2ddcb426defb1f4d5f28ed0fde54882050d00c	a2b3facd10cee4f0909891958654ec1a86b2615c602c30a726ea3c4bf4706c18	OBSOPEN_US30_20240215	2024-02-15	120	13	15	1.00000000000000000	0.57385372672695767	0.66400882912757275	0.72146253733414789	SESSION	false
af0b7f804a8d8337572d6a4a6f2ddcb426defb1f4d5f28ed0fde54882050d00c	a2b3facd10cee4f0909891958654ec1a86b2615c602c30a726ea3c4bf4706c18	OBSOPEN_US30_20240215	2024-02-15	120	13	16	1.00000000000000000	0.57457911026715902	0.69716598143864272	0.78478252642076785	SESSION	false
af0b7f804a8d8337572d6a4a6f2ddcb426defb1f4d5f28ed0fde54882050d00c	a2b3facd10cee4f0909891958654ec1a86b2615c602c30a726ea3c4bf4706c18	OBSOPEN_US30_20240215	2024-02-15	120	13	17	1.00000000000000000	0.57602898541280478	0.74880438225239132	0.80237365379159409	SESSION	false
af0b7f804a8d8337572d6a4a6f2ddcb426defb1f4d5f28ed0fde54882050d00c	a2b3facd10cee4f0909891958654ec1a86b2615c602c30a726ea3c4bf4706c18	OBSOPEN_US30_20240215	2024-02-15	120	13	18	1.00000000000000000	0.57675347168440017	0.77348736151601449	0.80797419810565274	SESSION	false
af0b7f804a8d8337572d6a4a6f2ddcb426defb1f4d5f28ed0fde54882050d00c	a2b3facd10cee4f0909891958654ec1a86b2615c602c30a726ea3c4bf4706c18	OBSOPEN_US30_20240215	2024-02-15	120	13	19	1.00000000000000000	0.57747765353927083	0.78894480242395748	0.81079631067421398	SESSION	false
af0b7f804a8d8337572d6a4a6f2ddcb426defb1f4d5f28ed0fde54882050d00c	a2b3facd10cee4f0909891958654ec1a86b2615c602c30a726ea3c4bf4706c18	OBSOPEN_US30_20240215	2024-02-15	120	13	20	1.00000000000000000	0.57675347168440017	0.77952940740825272	0.79038981096910188	SESSION	false
af0b7f804a8d8337572d6a4a6f2ddcb426defb1f4d5f28ed0fde54882050d00c	a2b3facd10cee4f0909891958654ec1a86b2615c602c30a726ea3c4bf4706c18	OBSOPEN_US30_20240215	2024-02-15	120	13	21	1.00000000000000000	0.57385372672695767	0.75454434149956506	0.76011405407245625	SESSION	false
af0b7f804a8d8337572d6a4a6f2ddcb426defb1f4d5f28ed0fde54882050d00c	a2b3facd10cee4f0909891958654ec1a86b2615c602c30a726ea3c4bf4706c18	OBSOPEN_US30_20240215	2024-02-15	120	13	22	1.00000000000000000	0.57240208107606128	0.77517479642187337	0.78143628163653134	SESSION	false
af0b7f804a8d8337572d6a4a6f2ddcb426defb1f4d5f28ed0fde54882050d00c	a2b3facd10cee4f0909891958654ec1a86b2615c602c30a726ea3c4bf4706c18	OBSOPEN_US30_20240215	2024-02-15	120	13	23	1.00000000000000000	0.57240208107606128	0.77495546179795116	0.77083070112535956	SESSION	false
af0b7f804a8d8337572d6a4a6f2ddcb426defb1f4d5f28ed0fde54882050d00c	a2b3facd10cee4f0909891958654ec1a86b2615c602c30a726ea3c4bf4706c18	OBSOPEN_US30_20240215	2024-02-15	120	13	24	1.00000000000000000	0.57167582432279629	0.74109890778322340	0.73451546540987900	SESSION	false
af0b7f804a8d8337572d6a4a6f2ddcb426defb1f4d5f28ed0fde54882050d00c	a2b3facd10cee4f0909891958654ec1a86b2615c602c30a726ea3c4bf4706c18	OBSOPEN_US30_20240215	2024-02-15	120	13	25	1.00000000000000000	0.57385372672695767	0.70496899645569178	0.70458287580210510	SESSION	false
af0b7f804a8d8337572d6a4a6f2ddcb426defb1f4d5f28ed0fde54882050d00c	a2b3facd10cee4f0909891958654ec1a86b2615c602c30a726ea3c4bf4706c18	OBSOPEN_US30_20240215	2024-02-15	120	13	26	1.00000000000000000	0.57167582432279629	0.70095575694549184	0.69432239804506457	SESSION	false
af0b7f804a8d8337572d6a4a6f2ddcb426defb1f4d5f28ed0fde54882050d00c	a2b3facd10cee4f0909891958654ec1a86b2615c602c30a726ea3c4bf4706c18	OBSOPEN_US30_20240215	2024-02-15	120	13	27	1.00000000000000000	0.57094928186238081	0.71943252133966595	0.71465753412408883	SESSION	false
af0b7f804a8d8337572d6a4a6f2ddcb426defb1f4d5f28ed0fde54882050d00c	a2b3facd10cee4f0909891958654ec1a86b2615c602c30a726ea3c4bf4706c18	OBSOPEN_US30_20240215	2024-02-15	120	13	28	1.00000000000000000	0.57167582432279629	0.73672427716554711	0.73526335284320066	SESSION	false
af0b7f804a8d8337572d6a4a6f2ddcb426defb1f4d5f28ed0fde54882050d00c	a2b3facd10cee4f0909891958654ec1a86b2615c602c30a726ea3c4bf4706c18	OBSOPEN_US30_20240215	2024-02-15	120	13	29	1.00000000000000000	0.57094928186238081	0.74348197529134741	0.73890267925329722	SESSION	false
af0b7f804a8d8337572d6a4a6f2ddcb426defb1f4d5f28ed0fde54882050d00c	a2b3facd10cee4f0909891958654ec1a86b2615c602c30a726ea3c4bf4706c18	OBSOPEN_US30_20240215	2024-02-15	120	13	30	1.00000000000000000	0.57094928186238081	0.73820054978404370	0.73111605818083591	SESSION	false
af0b7f804a8d8337572d6a4a6f2ddcb426defb1f4d5f28ed0fde54882050d00c	a2b3facd10cee4f0909891958654ec1a86b2615c602c30a726ea3c4bf4706c18	OBSOPEN_US30_20240220	2024-02-20	120	14	1	1.00000000000000000	0.57360103306217602	0.55597193841465264	0.73683998400596729	SESSION	false
af0b7f804a8d8337572d6a4a6f2ddcb426defb1f4d5f28ed0fde54882050d00c	a2b3facd10cee4f0909891958654ec1a86b2615c602c30a726ea3c4bf4706c18	OBSOPEN_US30_20240220	2024-02-20	120	14	2	1.00000000000000000	0.57385372672695767	0.57583588277784081	0.69356883509990719	SESSION	false
af0b7f804a8d8337572d6a4a6f2ddcb426defb1f4d5f28ed0fde54882050d00c	a2b3facd10cee4f0909891958654ec1a86b2615c602c30a726ea3c4bf4706c18	OBSOPEN_US30_20240220	2024-02-20	120	14	3	1.00000000000000000	0.57385372672695767	0.61220992323587475	0.75199687267148019	SESSION	false
af0b7f804a8d8337572d6a4a6f2ddcb426defb1f4d5f28ed0fde54882050d00c	a2b3facd10cee4f0909891958654ec1a86b2615c602c30a726ea3c4bf4706c18	OBSOPEN_US30_20240220	2024-02-20	120	14	4	1.00000000000000000	0.57312804943766726	0.67826397851421427	0.76897842482407475	SESSION	false
af0b7f804a8d8337572d6a4a6f2ddcb426defb1f4d5f28ed0fde54882050d00c	a2b3facd10cee4f0909891958654ec1a86b2615c602c30a726ea3c4bf4706c18	OBSOPEN_US30_20240220	2024-02-20	120	14	5	0.00000000000000000	0.57240208107606128	0.70315742679683302	0.77017017726056813	SESSION	false
af0b7f804a8d8337572d6a4a6f2ddcb426defb1f4d5f28ed0fde54882050d00c	a2b3facd10cee4f0909891958654ec1a86b2615c602c30a726ea3c4bf4706c18	OBSOPEN_US30_20240220	2024-02-20	120	14	6	1.00000000000000000	0.57240208107606128	0.69977664226802305	0.76188163579689483	SESSION	false
af0b7f804a8d8337572d6a4a6f2ddcb426defb1f4d5f28ed0fde54882050d00c	a2b3facd10cee4f0909891958654ec1a86b2615c602c30a726ea3c4bf4706c18	OBSOPEN_US30_20240220	2024-02-20	120	14	7	1.00000000000000000	0.57167582432279629	0.67134829268144669	0.71911492186626291	SESSION	false
af0b7f804a8d8337572d6a4a6f2ddcb426defb1f4d5f28ed0fde54882050d00c	a2b3facd10cee4f0909891958654ec1a86b2615c602c30a726ea3c4bf4706c18	OBSOPEN_US30_20240220	2024-02-20	120	14	8	1.00000000000000000	0.57602898541280478	0.66507977886400937	0.73085710445882290	SESSION	false
af0b7f804a8d8337572d6a4a6f2ddcb426defb1f4d5f28ed0fde54882050d00c	a2b3facd10cee4f0909891958654ec1a86b2615c602c30a726ea3c4bf4706c18	OBSOPEN_US30_20240220	2024-02-20	120	14	9	1.00000000000000000	0.57602898541280478	0.65007362412925906	0.70365408963759390	SESSION	false
af0b7f804a8d8337572d6a4a6f2ddcb426defb1f4d5f28ed0fde54882050d00c	a2b3facd10cee4f0909891958654ec1a86b2615c602c30a726ea3c4bf4706c18	OBSOPEN_US30_20240220	2024-02-20	120	14	10	1.00000000000000000	0.57385372672695767	0.61410124465466076	0.64890839383229104	SESSION	false
af0b7f804a8d8337572d6a4a6f2ddcb426defb1f4d5f28ed0fde54882050d00c	a2b3facd10cee4f0909891958654ec1a86b2615c602c30a726ea3c4bf4706c18	OBSOPEN_US30_20240220	2024-02-20	120	14	11	1.00000000000000000	0.57385372672695767	0.61851168297075287	0.65646085945744881	SESSION	false
af0b7f804a8d8337572d6a4a6f2ddcb426defb1f4d5f28ed0fde54882050d00c	a2b3facd10cee4f0909891958654ec1a86b2615c602c30a726ea3c4bf4706c18	OBSOPEN_US30_20240220	2024-02-20	120	14	12	1.00000000000000000	0.57385372672695767	0.65427387713247698	0.73190584624744748	SESSION	false
af0b7f804a8d8337572d6a4a6f2ddcb426defb1f4d5f28ed0fde54882050d00c	a2b3facd10cee4f0909891958654ec1a86b2615c602c30a726ea3c4bf4706c18	OBSOPEN_US30_20240220	2024-02-20	120	14	13	1.00000000000000000	0.57530419738541227	0.65616599983213475	0.71522312750136030	SESSION	false
af0b7f804a8d8337572d6a4a6f2ddcb426defb1f4d5f28ed0fde54882050d00c	a2b3facd10cee4f0909891958654ec1a86b2615c602c30a726ea3c4bf4706c18	OBSOPEN_US30_20240220	2024-02-20	120	14	14	1.00000000000000000	0.57530419738541227	0.61729912953045230	0.65924959037661812	SESSION	false
af0b7f804a8d8337572d6a4a6f2ddcb426defb1f4d5f28ed0fde54882050d00c	a2b3facd10cee4f0909891958654ec1a86b2615c602c30a726ea3c4bf4706c18	OBSOPEN_US30_20240220	2024-02-20	120	14	15	1.00000000000000000	0.57385372672695767	0.60810317731456154	0.64631135044022903	SESSION	false
af0b7f804a8d8337572d6a4a6f2ddcb426defb1f4d5f28ed0fde54882050d00c	a2b3facd10cee4f0909891958654ec1a86b2615c602c30a726ea3c4bf4706c18	OBSOPEN_US30_20240220	2024-02-20	120	14	16	1.00000000000000000	0.57457911026715902	0.61481752022107961	0.65380757911627940	SESSION	false
af0b7f804a8d8337572d6a4a6f2ddcb426defb1f4d5f28ed0fde54882050d00c	a2b3facd10cee4f0909891958654ec1a86b2615c602c30a726ea3c4bf4706c18	OBSOPEN_US30_20240220	2024-02-20	120	14	17	1.00000000000000000	0.57602898541280478	0.58966687208164359	0.63035256231567305	SESSION	false
af0b7f804a8d8337572d6a4a6f2ddcb426defb1f4d5f28ed0fde54882050d00c	a2b3facd10cee4f0909891958654ec1a86b2615c602c30a726ea3c4bf4706c18	OBSOPEN_US30_20240220	2024-02-20	120	14	18	1.00000000000000000	0.57675347168440017	0.59421430411594578	0.64814176544168323	SESSION	false
af0b7f804a8d8337572d6a4a6f2ddcb426defb1f4d5f28ed0fde54882050d00c	a2b3facd10cee4f0909891958654ec1a86b2615c602c30a726ea3c4bf4706c18	OBSOPEN_US30_20240220	2024-02-20	120	14	19	1.00000000000000000	0.57747765353927083	0.58125195375388872	0.61741223988869820	SESSION	false
af0b7f804a8d8337572d6a4a6f2ddcb426defb1f4d5f28ed0fde54882050d00c	a2b3facd10cee4f0909891958654ec1a86b2615c602c30a726ea3c4bf4706c18	OBSOPEN_US30_20240220	2024-02-20	120	14	20	1.00000000000000000	0.57675347168440017	0.57163788394800841	0.60656898099895296	SESSION	false
af0b7f804a8d8337572d6a4a6f2ddcb426defb1f4d5f28ed0fde54882050d00c	a2b3facd10cee4f0909891958654ec1a86b2615c602c30a726ea3c4bf4706c18	OBSOPEN_US30_20240220	2024-02-20	120	14	21	1.00000000000000000	0.57385372672695767	0.61178330516005341	0.67298179029846672	SESSION	false
af0b7f804a8d8337572d6a4a6f2ddcb426defb1f4d5f28ed0fde54882050d00c	a2b3facd10cee4f0909891958654ec1a86b2615c602c30a726ea3c4bf4706c18	OBSOPEN_US30_20240220	2024-02-20	120	14	22	1.00000000000000000	0.57240208107606128	0.62828132908152567	0.67468867417455103	SESSION	false
af0b7f804a8d8337572d6a4a6f2ddcb426defb1f4d5f28ed0fde54882050d00c	a2b3facd10cee4f0909891958654ec1a86b2615c602c30a726ea3c4bf4706c18	OBSOPEN_US30_20240220	2024-02-20	120	14	23	1.00000000000000000	0.57240208107606128	0.60414323348392884	0.64257790832807971	SESSION	false
af0b7f804a8d8337572d6a4a6f2ddcb426defb1f4d5f28ed0fde54882050d00c	a2b3facd10cee4f0909891958654ec1a86b2615c602c30a726ea3c4bf4706c18	OBSOPEN_US30_20240220	2024-02-20	120	14	24	1.00000000000000000	0.57167582432279629	0.62312395827310729	0.67649606371176052	SESSION	false
af0b7f804a8d8337572d6a4a6f2ddcb426defb1f4d5f28ed0fde54882050d00c	a2b3facd10cee4f0909891958654ec1a86b2615c602c30a726ea3c4bf4706c18	OBSOPEN_US30_20240220	2024-02-20	120	14	25	1.00000000000000000	0.57385372672695767	0.65220888508409003	0.71436184921967871	SESSION	false
af0b7f804a8d8337572d6a4a6f2ddcb426defb1f4d5f28ed0fde54882050d00c	a2b3facd10cee4f0909891958654ec1a86b2615c602c30a726ea3c4bf4706c18	OBSOPEN_US30_20240220	2024-02-20	120	14	26	1.00000000000000000	0.57167582432279629	0.64253391511969105	0.69634722383123770	SESSION	false
af0b7f804a8d8337572d6a4a6f2ddcb426defb1f4d5f28ed0fde54882050d00c	a2b3facd10cee4f0909891958654ec1a86b2615c602c30a726ea3c4bf4706c18	OBSOPEN_US30_20240220	2024-02-20	120	14	27	1.00000000000000000	0.57094928186238081	0.64116462615519376	0.69188977686289044	SESSION	false
af0b7f804a8d8337572d6a4a6f2ddcb426defb1f4d5f28ed0fde54882050d00c	a2b3facd10cee4f0909891958654ec1a86b2615c602c30a726ea3c4bf4706c18	OBSOPEN_US30_20240220	2024-02-20	120	14	28	1.00000000000000000	0.57167582432279629	0.64465365036648592	0.69982677231005730	SESSION	false
af0b7f804a8d8337572d6a4a6f2ddcb426defb1f4d5f28ed0fde54882050d00c	a2b3facd10cee4f0909891958654ec1a86b2615c602c30a726ea3c4bf4706c18	OBSOPEN_US30_20240220	2024-02-20	120	14	29	1.00000000000000000	0.57094928186238081	0.67850613031954077	0.75180669736962991	SESSION	false
af0b7f804a8d8337572d6a4a6f2ddcb426defb1f4d5f28ed0fde54882050d00c	a2b3facd10cee4f0909891958654ec1a86b2615c602c30a726ea3c4bf4706c18	OBSOPEN_US30_20240220	2024-02-20	120	14	30	1.00000000000000000	0.57094928186238081	0.66085962889862004	0.71743601704025894	SESSION	false
af0b7f804a8d8337572d6a4a6f2ddcb426defb1f4d5f28ed0fde54882050d00c	a2b3facd10cee4f0909891958654ec1a86b2615c602c30a726ea3c4bf4706c18	OBSOPEN_US30_20240221	2024-02-21	120	15	1	0.00000000000000000	0.57360103306217602	0.52425259974935856	0.58404752146520134	SESSION	false
af0b7f804a8d8337572d6a4a6f2ddcb426defb1f4d5f28ed0fde54882050d00c	a2b3facd10cee4f0909891958654ec1a86b2615c602c30a726ea3c4bf4706c18	OBSOPEN_US30_20240221	2024-02-21	120	15	2	0.00000000000000000	0.57385372672695767	0.51449005706117357	0.47286688351589334	SESSION	false
af0b7f804a8d8337572d6a4a6f2ddcb426defb1f4d5f28ed0fde54882050d00c	a2b3facd10cee4f0909891958654ec1a86b2615c602c30a726ea3c4bf4706c18	OBSOPEN_US30_20240221	2024-02-21	120	15	3	1.00000000000000000	0.57385372672695767	0.44302923341747019	0.40037493732877139	SESSION	false
af0b7f804a8d8337572d6a4a6f2ddcb426defb1f4d5f28ed0fde54882050d00c	a2b3facd10cee4f0909891958654ec1a86b2615c602c30a726ea3c4bf4706c18	OBSOPEN_US30_20240221	2024-02-21	120	15	4	1.00000000000000000	0.57312804943766726	0.42981862976155782	0.38190355275067484	SESSION	false
af0b7f804a8d8337572d6a4a6f2ddcb426defb1f4d5f28ed0fde54882050d00c	a2b3facd10cee4f0909891958654ec1a86b2615c602c30a726ea3c4bf4706c18	OBSOPEN_US30_20240221	2024-02-21	120	15	5	0.00000000000000000	0.57240208107606128	0.40716633679028946	0.34433644232162725	SESSION	false
af0b7f804a8d8337572d6a4a6f2ddcb426defb1f4d5f28ed0fde54882050d00c	a2b3facd10cee4f0909891958654ec1a86b2615c602c30a726ea3c4bf4706c18	OBSOPEN_US30_20240221	2024-02-21	120	15	6	0.00000000000000000	0.57240208107606128	0.43616452135844008	0.40928141273178420	SESSION	false
af0b7f804a8d8337572d6a4a6f2ddcb426defb1f4d5f28ed0fde54882050d00c	a2b3facd10cee4f0909891958654ec1a86b2615c602c30a726ea3c4bf4706c18	OBSOPEN_US30_20240221	2024-02-21	120	15	7	0.00000000000000000	0.57167582432279629	0.43777366575490795	0.38832662682739227	SESSION	false
af0b7f804a8d8337572d6a4a6f2ddcb426defb1f4d5f28ed0fde54882050d00c	a2b3facd10cee4f0909891958654ec1a86b2615c602c30a726ea3c4bf4706c18	OBSOPEN_US30_20240221	2024-02-21	120	15	8	1.00000000000000000	0.57602898541280478	0.45775808981105515	0.45102282907316987	SESSION	false
af0b7f804a8d8337572d6a4a6f2ddcb426defb1f4d5f28ed0fde54882050d00c	a2b3facd10cee4f0909891958654ec1a86b2615c602c30a726ea3c4bf4706c18	OBSOPEN_US30_20240221	2024-02-21	120	15	9	1.00000000000000000	0.57602898541280478	0.51218406089832769	0.50581190020830336	SESSION	false
af0b7f804a8d8337572d6a4a6f2ddcb426defb1f4d5f28ed0fde54882050d00c	a2b3facd10cee4f0909891958654ec1a86b2615c602c30a726ea3c4bf4706c18	OBSOPEN_US30_20240221	2024-02-21	120	15	10	1.00000000000000000	0.57385372672695767	0.54671175362672930	0.54265337697084259	SESSION	false
af0b7f804a8d8337572d6a4a6f2ddcb426defb1f4d5f28ed0fde54882050d00c	a2b3facd10cee4f0909891958654ec1a86b2615c602c30a726ea3c4bf4706c18	OBSOPEN_US30_20240221	2024-02-21	120	15	11	1.00000000000000000	0.57385372672695767	0.53956260248974675	0.52113382597330149	SESSION	false
af0b7f804a8d8337572d6a4a6f2ddcb426defb1f4d5f28ed0fde54882050d00c	a2b3facd10cee4f0909891958654ec1a86b2615c602c30a726ea3c4bf4706c18	OBSOPEN_US30_20240221	2024-02-21	120	15	12	1.00000000000000000	0.57385372672695767	0.52831666870565486	0.51570209996637928	SESSION	false
af0b7f804a8d8337572d6a4a6f2ddcb426defb1f4d5f28ed0fde54882050d00c	a2b3facd10cee4f0909891958654ec1a86b2615c602c30a726ea3c4bf4706c18	OBSOPEN_US30_20240221	2024-02-21	120	15	13	1.00000000000000000	0.57530419738541227	0.54281064622823161	0.53983086524418789	SESSION	false
af0b7f804a8d8337572d6a4a6f2ddcb426defb1f4d5f28ed0fde54882050d00c	a2b3facd10cee4f0909891958654ec1a86b2615c602c30a726ea3c4bf4706c18	OBSOPEN_US30_20240221	2024-02-21	120	15	14	1.00000000000000000	0.57530419738541227	0.54749743487402636	0.54378525042266035	SESSION	false
af0b7f804a8d8337572d6a4a6f2ddcb426defb1f4d5f28ed0fde54882050d00c	a2b3facd10cee4f0909891958654ec1a86b2615c602c30a726ea3c4bf4706c18	OBSOPEN_US30_20240221	2024-02-21	120	15	15	0.00000000000000000	0.57385372672695767	0.52614255251580488	0.50955722035033779	SESSION	false
af0b7f804a8d8337572d6a4a6f2ddcb426defb1f4d5f28ed0fde54882050d00c	a2b3facd10cee4f0909891958654ec1a86b2615c602c30a726ea3c4bf4706c18	OBSOPEN_US30_20240221	2024-02-21	120	15	16	1.00000000000000000	0.57457911026715902	0.52031554117705703	0.51394300169000995	SESSION	false
af0b7f804a8d8337572d6a4a6f2ddcb426defb1f4d5f28ed0fde54882050d00c	a2b3facd10cee4f0909891958654ec1a86b2615c602c30a726ea3c4bf4706c18	OBSOPEN_US30_20240221	2024-02-21	120	15	17	1.00000000000000000	0.57602898541280478	0.56392518003031411	0.57600326406277702	SESSION	false
af0b7f804a8d8337572d6a4a6f2ddcb426defb1f4d5f28ed0fde54882050d00c	a2b3facd10cee4f0909891958654ec1a86b2615c602c30a726ea3c4bf4706c18	OBSOPEN_US30_20240221	2024-02-21	120	15	18	1.00000000000000000	0.57675347168440017	0.54868731300558704	0.55891450421489153	SESSION	false
af0b7f804a8d8337572d6a4a6f2ddcb426defb1f4d5f28ed0fde54882050d00c	a2b3facd10cee4f0909891958654ec1a86b2615c602c30a726ea3c4bf4706c18	OBSOPEN_US30_20240221	2024-02-21	120	15	19	1.00000000000000000	0.57747765353927083	0.52921696817414943	0.53639761250136220	SESSION	false
af0b7f804a8d8337572d6a4a6f2ddcb426defb1f4d5f28ed0fde54882050d00c	a2b3facd10cee4f0909891958654ec1a86b2615c602c30a726ea3c4bf4706c18	OBSOPEN_US30_20240221	2024-02-21	120	15	20	1.00000000000000000	0.57675347168440017	0.53061059900552676	0.54056007299325848	SESSION	false
af0b7f804a8d8337572d6a4a6f2ddcb426defb1f4d5f28ed0fde54882050d00c	a2b3facd10cee4f0909891958654ec1a86b2615c602c30a726ea3c4bf4706c18	OBSOPEN_US30_20240221	2024-02-21	120	15	21	1.00000000000000000	0.57385372672695767	0.54784439856138833	0.55151742766915501	SESSION	false
af0b7f804a8d8337572d6a4a6f2ddcb426defb1f4d5f28ed0fde54882050d00c	a2b3facd10cee4f0909891958654ec1a86b2615c602c30a726ea3c4bf4706c18	OBSOPEN_US30_20240221	2024-02-21	120	15	22	1.00000000000000000	0.57240208107606128	0.55671652622372125	0.55100772122850605	SESSION	false
af0b7f804a8d8337572d6a4a6f2ddcb426defb1f4d5f28ed0fde54882050d00c	a2b3facd10cee4f0909891958654ec1a86b2615c602c30a726ea3c4bf4706c18	OBSOPEN_US30_20240221	2024-02-21	120	15	23	1.00000000000000000	0.57240208107606128	0.55610393394822100	0.54797381370491438	SESSION	false
af0b7f804a8d8337572d6a4a6f2ddcb426defb1f4d5f28ed0fde54882050d00c	a2b3facd10cee4f0909891958654ec1a86b2615c602c30a726ea3c4bf4706c18	OBSOPEN_US30_20240221	2024-02-21	120	15	24	1.00000000000000000	0.57167582432279629	0.56134652819962194	0.55400266450514390	SESSION	false
af0b7f804a8d8337572d6a4a6f2ddcb426defb1f4d5f28ed0fde54882050d00c	a2b3facd10cee4f0909891958654ec1a86b2615c602c30a726ea3c4bf4706c18	OBSOPEN_US30_20240221	2024-02-21	120	15	25	1.00000000000000000	0.57385372672695767	0.53867306102143664	0.53084945066191325	SESSION	false
af0b7f804a8d8337572d6a4a6f2ddcb426defb1f4d5f28ed0fde54882050d00c	a2b3facd10cee4f0909891958654ec1a86b2615c602c30a726ea3c4bf4706c18	OBSOPEN_US30_20240221	2024-02-21	120	15	26	1.00000000000000000	0.57167582432279629	0.53645195516352839	0.52187901058248642	SESSION	false
af0b7f804a8d8337572d6a4a6f2ddcb426defb1f4d5f28ed0fde54882050d00c	a2b3facd10cee4f0909891958654ec1a86b2615c602c30a726ea3c4bf4706c18	OBSOPEN_US30_20240221	2024-02-21	120	15	27	1.00000000000000000	0.57094928186238081	0.52849317756028846	0.50990627364824781	SESSION	false
af0b7f804a8d8337572d6a4a6f2ddcb426defb1f4d5f28ed0fde54882050d00c	a2b3facd10cee4f0909891958654ec1a86b2615c602c30a726ea3c4bf4706c18	OBSOPEN_US30_20240221	2024-02-21	120	15	28	1.00000000000000000	0.57167582432279629	0.52772205089820046	0.51255258866574127	SESSION	false
af0b7f804a8d8337572d6a4a6f2ddcb426defb1f4d5f28ed0fde54882050d00c	a2b3facd10cee4f0909891958654ec1a86b2615c602c30a726ea3c4bf4706c18	OBSOPEN_US30_20240221	2024-02-21	120	15	29	1.00000000000000000	0.57094928186238081	0.51473989303136880	0.49582699248957895	SESSION	false
af0b7f804a8d8337572d6a4a6f2ddcb426defb1f4d5f28ed0fde54882050d00c	a2b3facd10cee4f0909891958654ec1a86b2615c602c30a726ea3c4bf4706c18	OBSOPEN_US30_20240221	2024-02-21	120	15	30	1.00000000000000000	0.57094928186238081	0.53026518100121567	0.52021391683461093	SESSION	false
af0b7f804a8d8337572d6a4a6f2ddcb426defb1f4d5f28ed0fde54882050d00c	a2b3facd10cee4f0909891958654ec1a86b2615c602c30a726ea3c4bf4706c18	OBSOPEN_US30_20240222	2024-02-22	120	16	1	1.00000000000000000	0.57360103306217602	0.52687726796788270	0.58858296698372137	SESSION	false
af0b7f804a8d8337572d6a4a6f2ddcb426defb1f4d5f28ed0fde54882050d00c	a2b3facd10cee4f0909891958654ec1a86b2615c602c30a726ea3c4bf4706c18	OBSOPEN_US30_20240222	2024-02-22	120	16	2	1.00000000000000000	0.57385372672695767	0.54536437115029823	0.59179376537831740	SESSION	false
af0b7f804a8d8337572d6a4a6f2ddcb426defb1f4d5f28ed0fde54882050d00c	a2b3facd10cee4f0909891958654ec1a86b2615c602c30a726ea3c4bf4706c18	OBSOPEN_US30_20240222	2024-02-22	120	16	3	1.00000000000000000	0.57385372672695767	0.58774397076687301	0.63511358771338211	SESSION	false
af0b7f804a8d8337572d6a4a6f2ddcb426defb1f4d5f28ed0fde54882050d00c	a2b3facd10cee4f0909891958654ec1a86b2615c602c30a726ea3c4bf4706c18	OBSOPEN_US30_20240222	2024-02-22	120	16	4	1.00000000000000000	0.57312804943766726	0.60133572262532564	0.66982723098447272	SESSION	false
af0b7f804a8d8337572d6a4a6f2ddcb426defb1f4d5f28ed0fde54882050d00c	a2b3facd10cee4f0909891958654ec1a86b2615c602c30a726ea3c4bf4706c18	OBSOPEN_US30_20240222	2024-02-22	120	16	5	1.00000000000000000	0.57240208107606128	0.63288921646312357	0.70129479959861607	SESSION	false
af0b7f804a8d8337572d6a4a6f2ddcb426defb1f4d5f28ed0fde54882050d00c	a2b3facd10cee4f0909891958654ec1a86b2615c602c30a726ea3c4bf4706c18	OBSOPEN_US30_20240222	2024-02-22	120	16	6	1.00000000000000000	0.57240208107606128	0.63651343498526991	0.71356463727149833	SESSION	false
af0b7f804a8d8337572d6a4a6f2ddcb426defb1f4d5f28ed0fde54882050d00c	a2b3facd10cee4f0909891958654ec1a86b2615c602c30a726ea3c4bf4706c18	OBSOPEN_US30_20240222	2024-02-22	120	16	7	1.00000000000000000	0.57167582432279629	0.60108445857686710	0.64081547034253827	SESSION	false
af0b7f804a8d8337572d6a4a6f2ddcb426defb1f4d5f28ed0fde54882050d00c	a2b3facd10cee4f0909891958654ec1a86b2615c602c30a726ea3c4bf4706c18	OBSOPEN_US30_20240222	2024-02-22	120	16	8	1.00000000000000000	0.57602898541280478	0.59294129897508552	0.66244441829789191	SESSION	false
af0b7f804a8d8337572d6a4a6f2ddcb426defb1f4d5f28ed0fde54882050d00c	a2b3facd10cee4f0909891958654ec1a86b2615c602c30a726ea3c4bf4706c18	OBSOPEN_US30_20240222	2024-02-22	120	16	9	1.00000000000000000	0.57602898541280478	0.63363584407863727	0.71993544504565421	SESSION	false
af0b7f804a8d8337572d6a4a6f2ddcb426defb1f4d5f28ed0fde54882050d00c	a2b3facd10cee4f0909891958654ec1a86b2615c602c30a726ea3c4bf4706c18	OBSOPEN_US30_20240222	2024-02-22	120	16	10	1.00000000000000000	0.57385372672695767	0.61970226343244472	0.68348820530956422	SESSION	false
af0b7f804a8d8337572d6a4a6f2ddcb426defb1f4d5f28ed0fde54882050d00c	a2b3facd10cee4f0909891958654ec1a86b2615c602c30a726ea3c4bf4706c18	OBSOPEN_US30_20240222	2024-02-22	120	16	11	1.00000000000000000	0.57385372672695767	0.58527930919904170	0.62665437250567679	SESSION	false
af0b7f804a8d8337572d6a4a6f2ddcb426defb1f4d5f28ed0fde54882050d00c	a2b3facd10cee4f0909891958654ec1a86b2615c602c30a726ea3c4bf4706c18	OBSOPEN_US30_20240222	2024-02-22	120	16	12	1.00000000000000000	0.57385372672695767	0.58467963129533285	0.63580309129469337	SESSION	false
af0b7f804a8d8337572d6a4a6f2ddcb426defb1f4d5f28ed0fde54882050d00c	a2b3facd10cee4f0909891958654ec1a86b2615c602c30a726ea3c4bf4706c18	OBSOPEN_US30_20240222	2024-02-22	120	16	13	1.00000000000000000	0.57530419738541227	0.56937076384398666	0.61014916285674281	SESSION	false
af0b7f804a8d8337572d6a4a6f2ddcb426defb1f4d5f28ed0fde54882050d00c	a2b3facd10cee4f0909891958654ec1a86b2615c602c30a726ea3c4bf4706c18	OBSOPEN_US30_20240222	2024-02-22	120	16	14	1.00000000000000000	0.57530419738541227	0.57147600713501934	0.61463500212627342	SESSION	false
af0b7f804a8d8337572d6a4a6f2ddcb426defb1f4d5f28ed0fde54882050d00c	a2b3facd10cee4f0909891958654ec1a86b2615c602c30a726ea3c4bf4706c18	OBSOPEN_US30_20240222	2024-02-22	120	16	15	1.00000000000000000	0.57385372672695767	0.57204412056180731	0.60511693118667209	SESSION	false
af0b7f804a8d8337572d6a4a6f2ddcb426defb1f4d5f28ed0fde54882050d00c	a2b3facd10cee4f0909891958654ec1a86b2615c602c30a726ea3c4bf4706c18	OBSOPEN_US30_20240222	2024-02-22	120	16	16	1.00000000000000000	0.57457911026715902	0.63122357702149978	0.73642051381506790	SESSION	false
af0b7f804a8d8337572d6a4a6f2ddcb426defb1f4d5f28ed0fde54882050d00c	a2b3facd10cee4f0909891958654ec1a86b2615c602c30a726ea3c4bf4706c18	OBSOPEN_US30_20240222	2024-02-22	120	16	17	1.00000000000000000	0.57602898541280478	0.66047137548180890	0.76926824395892168	SESSION	false
af0b7f804a8d8337572d6a4a6f2ddcb426defb1f4d5f28ed0fde54882050d00c	a2b3facd10cee4f0909891958654ec1a86b2615c602c30a726ea3c4bf4706c18	OBSOPEN_US30_20240222	2024-02-22	120	16	18	1.00000000000000000	0.57675347168440017	0.68775322017062224	0.80815886923864133	SESSION	false
af0b7f804a8d8337572d6a4a6f2ddcb426defb1f4d5f28ed0fde54882050d00c	a2b3facd10cee4f0909891958654ec1a86b2615c602c30a726ea3c4bf4706c18	OBSOPEN_US30_20240222	2024-02-22	120	16	19	1.00000000000000000	0.57747765353927083	0.73208169221923225	0.80761466241390412	SESSION	false
af0b7f804a8d8337572d6a4a6f2ddcb426defb1f4d5f28ed0fde54882050d00c	a2b3facd10cee4f0909891958654ec1a86b2615c602c30a726ea3c4bf4706c18	OBSOPEN_US30_20240222	2024-02-22	120	16	20	1.00000000000000000	0.57675347168440017	0.74360897791148328	0.80322426844107930	SESSION	false
af0b7f804a8d8337572d6a4a6f2ddcb426defb1f4d5f28ed0fde54882050d00c	a2b3facd10cee4f0909891958654ec1a86b2615c602c30a726ea3c4bf4706c18	OBSOPEN_US30_20240222	2024-02-22	120	16	21	0.00000000000000000	0.57385372672695767	0.75407836539674633	0.78903152211327610	SESSION	false
af0b7f804a8d8337572d6a4a6f2ddcb426defb1f4d5f28ed0fde54882050d00c	a2b3facd10cee4f0909891958654ec1a86b2615c602c30a726ea3c4bf4706c18	OBSOPEN_US30_20240222	2024-02-22	120	16	22	0.00000000000000000	0.57240208107606128	0.78739070016378032	0.78614482447758749	SESSION	false
af0b7f804a8d8337572d6a4a6f2ddcb426defb1f4d5f28ed0fde54882050d00c	a2b3facd10cee4f0909891958654ec1a86b2615c602c30a726ea3c4bf4706c18	OBSOPEN_US30_20240222	2024-02-22	120	16	23	0.00000000000000000	0.57240208107606128	0.77957327529639253	0.76718511394564592	SESSION	false
af0b7f804a8d8337572d6a4a6f2ddcb426defb1f4d5f28ed0fde54882050d00c	a2b3facd10cee4f0909891958654ec1a86b2615c602c30a726ea3c4bf4706c18	OBSOPEN_US30_20240222	2024-02-22	120	16	24	0.00000000000000000	0.57167582432279629	0.73176810552699201	0.71382882611039788	SESSION	false
af0b7f804a8d8337572d6a4a6f2ddcb426defb1f4d5f28ed0fde54882050d00c	a2b3facd10cee4f0909891958654ec1a86b2615c602c30a726ea3c4bf4706c18	OBSOPEN_US30_20240222	2024-02-22	120	16	25	0.00000000000000000	0.57385372672695767	0.74109941327104478	0.74122500678111247	SESSION	false
af0b7f804a8d8337572d6a4a6f2ddcb426defb1f4d5f28ed0fde54882050d00c	a2b3facd10cee4f0909891958654ec1a86b2615c602c30a726ea3c4bf4706c18	OBSOPEN_US30_20240222	2024-02-22	120	16	26	0.00000000000000000	0.57167582432279629	0.78458129596447457	0.78493086155934566	SESSION	false
af0b7f804a8d8337572d6a4a6f2ddcb426defb1f4d5f28ed0fde54882050d00c	a2b3facd10cee4f0909891958654ec1a86b2615c602c30a726ea3c4bf4706c18	OBSOPEN_US30_20240222	2024-02-22	120	16	27	0.00000000000000000	0.57094928186238081	0.81081585047131366	0.79287630089273942	SESSION	false
af0b7f804a8d8337572d6a4a6f2ddcb426defb1f4d5f28ed0fde54882050d00c	a2b3facd10cee4f0909891958654ec1a86b2615c602c30a726ea3c4bf4706c18	OBSOPEN_US30_20240222	2024-02-22	120	16	28	0.00000000000000000	0.57167582432279629	0.81512421199262552	0.78097343421282273	SESSION	false
af0b7f804a8d8337572d6a4a6f2ddcb426defb1f4d5f28ed0fde54882050d00c	a2b3facd10cee4f0909891958654ec1a86b2615c602c30a726ea3c4bf4706c18	OBSOPEN_US30_20240222	2024-02-22	120	16	29	0.00000000000000000	0.57094928186238081	0.80164450874567428	0.76534765140863537	SESSION	false
af0b7f804a8d8337572d6a4a6f2ddcb426defb1f4d5f28ed0fde54882050d00c	a2b3facd10cee4f0909891958654ec1a86b2615c602c30a726ea3c4bf4706c18	OBSOPEN_US30_20240222	2024-02-22	120	16	30	0.00000000000000000	0.57094928186238081	0.78546304468712080	0.74744723491344722	SESSION	false
af0b7f804a8d8337572d6a4a6f2ddcb426defb1f4d5f28ed0fde54882050d00c	a2b3facd10cee4f0909891958654ec1a86b2615c602c30a726ea3c4bf4706c18	OBSOPEN_US30_20240304	2024-03-04	120	17	1	1.00000000000000000	0.57360103306217602	0.53567881804828510	0.69851589317497753	SESSION	false
af0b7f804a8d8337572d6a4a6f2ddcb426defb1f4d5f28ed0fde54882050d00c	a2b3facd10cee4f0909891958654ec1a86b2615c602c30a726ea3c4bf4706c18	OBSOPEN_US30_20240304	2024-03-04	120	17	2	1.00000000000000000	0.57385372672695767	0.56969053742007547	0.74395191147304451	SESSION	false
af0b7f804a8d8337572d6a4a6f2ddcb426defb1f4d5f28ed0fde54882050d00c	a2b3facd10cee4f0909891958654ec1a86b2615c602c30a726ea3c4bf4706c18	OBSOPEN_US30_20240304	2024-03-04	120	17	3	1.00000000000000000	0.57385372672695767	0.63620816729402851	0.75701319987544080	SESSION	false
af0b7f804a8d8337572d6a4a6f2ddcb426defb1f4d5f28ed0fde54882050d00c	a2b3facd10cee4f0909891958654ec1a86b2615c602c30a726ea3c4bf4706c18	OBSOPEN_US30_20240304	2024-03-04	120	17	4	1.00000000000000000	0.57312804943766726	0.67924017418298077	0.75889815648771863	SESSION	false
af0b7f804a8d8337572d6a4a6f2ddcb426defb1f4d5f28ed0fde54882050d00c	a2b3facd10cee4f0909891958654ec1a86b2615c602c30a726ea3c4bf4706c18	OBSOPEN_US30_20240304	2024-03-04	120	17	5	1.00000000000000000	0.57240208107606128	0.61645235515679708	0.64816810410503900	SESSION	false
af0b7f804a8d8337572d6a4a6f2ddcb426defb1f4d5f28ed0fde54882050d00c	a2b3facd10cee4f0909891958654ec1a86b2615c602c30a726ea3c4bf4706c18	OBSOPEN_US30_20240304	2024-03-04	120	17	6	1.00000000000000000	0.57240208107606128	0.58512826836067822	0.61117650056240513	SESSION	false
af0b7f804a8d8337572d6a4a6f2ddcb426defb1f4d5f28ed0fde54882050d00c	a2b3facd10cee4f0909891958654ec1a86b2615c602c30a726ea3c4bf4706c18	OBSOPEN_US30_20240304	2024-03-04	120	17	7	1.00000000000000000	0.57167582432279629	0.55466483232274122	0.54916787989338878	SESSION	false
af0b7f804a8d8337572d6a4a6f2ddcb426defb1f4d5f28ed0fde54882050d00c	a2b3facd10cee4f0909891958654ec1a86b2615c602c30a726ea3c4bf4706c18	OBSOPEN_US30_20240304	2024-03-04	120	17	8	1.00000000000000000	0.57602898541280478	0.54265147913987843	0.55200234032687823	SESSION	false
af0b7f804a8d8337572d6a4a6f2ddcb426defb1f4d5f28ed0fde54882050d00c	a2b3facd10cee4f0909891958654ec1a86b2615c602c30a726ea3c4bf4706c18	OBSOPEN_US30_20240304	2024-03-04	120	17	9	1.00000000000000000	0.57602898541280478	0.51318139935049223	0.49727984841696427	SESSION	false
af0b7f804a8d8337572d6a4a6f2ddcb426defb1f4d5f28ed0fde54882050d00c	a2b3facd10cee4f0909891958654ec1a86b2615c602c30a726ea3c4bf4706c18	OBSOPEN_US30_20240304	2024-03-04	120	17	10	1.00000000000000000	0.57385372672695767	0.50832542354137433	0.49555327465459448	SESSION	false
af0b7f804a8d8337572d6a4a6f2ddcb426defb1f4d5f28ed0fde54882050d00c	a2b3facd10cee4f0909891958654ec1a86b2615c602c30a726ea3c4bf4706c18	OBSOPEN_US30_20240304	2024-03-04	120	17	11	1.00000000000000000	0.57385372672695767	0.51505856460705990	0.49189177296684472	SESSION	false
af0b7f804a8d8337572d6a4a6f2ddcb426defb1f4d5f28ed0fde54882050d00c	a2b3facd10cee4f0909891958654ec1a86b2615c602c30a726ea3c4bf4706c18	OBSOPEN_US30_20240304	2024-03-04	120	17	12	1.00000000000000000	0.57385372672695767	0.52862224998021556	0.53532934044058622	SESSION	false
af0b7f804a8d8337572d6a4a6f2ddcb426defb1f4d5f28ed0fde54882050d00c	a2b3facd10cee4f0909891958654ec1a86b2615c602c30a726ea3c4bf4706c18	OBSOPEN_US30_20240304	2024-03-04	120	17	13	1.00000000000000000	0.57530419738541227	0.58019602057922670	0.63158280939099798	SESSION	false
af0b7f804a8d8337572d6a4a6f2ddcb426defb1f4d5f28ed0fde54882050d00c	a2b3facd10cee4f0909891958654ec1a86b2615c602c30a726ea3c4bf4706c18	OBSOPEN_US30_20240304	2024-03-04	120	17	14	1.00000000000000000	0.57530419738541227	0.59905229877524513	0.64963309130558800	SESSION	false
af0b7f804a8d8337572d6a4a6f2ddcb426defb1f4d5f28ed0fde54882050d00c	a2b3facd10cee4f0909891958654ec1a86b2615c602c30a726ea3c4bf4706c18	OBSOPEN_US30_20240304	2024-03-04	120	17	15	1.00000000000000000	0.57385372672695767	0.63639467794885318	0.71860907440935762	SESSION	false
af0b7f804a8d8337572d6a4a6f2ddcb426defb1f4d5f28ed0fde54882050d00c	a2b3facd10cee4f0909891958654ec1a86b2615c602c30a726ea3c4bf4706c18	OBSOPEN_US30_20240304	2024-03-04	120	17	16	1.00000000000000000	0.57457911026715902	0.67442121562433399	0.76221173362496875	SESSION	false
af0b7f804a8d8337572d6a4a6f2ddcb426defb1f4d5f28ed0fde54882050d00c	a2b3facd10cee4f0909891958654ec1a86b2615c602c30a726ea3c4bf4706c18	OBSOPEN_US30_20240304	2024-03-04	120	17	17	1.00000000000000000	0.57602898541280478	0.68387632752263161	0.77840259544458579	SESSION	false
af0b7f804a8d8337572d6a4a6f2ddcb426defb1f4d5f28ed0fde54882050d00c	a2b3facd10cee4f0909891958654ec1a86b2615c602c30a726ea3c4bf4706c18	OBSOPEN_US30_20240304	2024-03-04	120	17	18	1.00000000000000000	0.57675347168440017	0.68953910382182038	0.79218314002143886	SESSION	false
af0b7f804a8d8337572d6a4a6f2ddcb426defb1f4d5f28ed0fde54882050d00c	a2b3facd10cee4f0909891958654ec1a86b2615c602c30a726ea3c4bf4706c18	OBSOPEN_US30_20240304	2024-03-04	120	17	19	1.00000000000000000	0.57747765353927083	0.69265503731525746	0.80400750781569330	SESSION	false
af0b7f804a8d8337572d6a4a6f2ddcb426defb1f4d5f28ed0fde54882050d00c	a2b3facd10cee4f0909891958654ec1a86b2615c602c30a726ea3c4bf4706c18	OBSOPEN_US30_20240304	2024-03-04	120	17	20	1.00000000000000000	0.57675347168440017	0.71190523787904447	0.81420458058959166	SESSION	false
af0b7f804a8d8337572d6a4a6f2ddcb426defb1f4d5f28ed0fde54882050d00c	a2b3facd10cee4f0909891958654ec1a86b2615c602c30a726ea3c4bf4706c18	OBSOPEN_US30_20240304	2024-03-04	120	17	21	1.00000000000000000	0.57385372672695767	0.69738106691880886	0.78538708338473429	SESSION	false
af0b7f804a8d8337572d6a4a6f2ddcb426defb1f4d5f28ed0fde54882050d00c	a2b3facd10cee4f0909891958654ec1a86b2615c602c30a726ea3c4bf4706c18	OBSOPEN_US30_20240304	2024-03-04	120	17	22	1.00000000000000000	0.57240208107606128	0.69730557759671286	0.78027270919748226	SESSION	false
af0b7f804a8d8337572d6a4a6f2ddcb426defb1f4d5f28ed0fde54882050d00c	a2b3facd10cee4f0909891958654ec1a86b2615c602c30a726ea3c4bf4706c18	OBSOPEN_US30_20240304	2024-03-04	120	17	23	1.00000000000000000	0.57240208107606128	0.71093564412806021	0.78340839034468412	SESSION	false
af0b7f804a8d8337572d6a4a6f2ddcb426defb1f4d5f28ed0fde54882050d00c	a2b3facd10cee4f0909891958654ec1a86b2615c602c30a726ea3c4bf4706c18	OBSOPEN_US30_20240304	2024-03-04	120	17	24	1.00000000000000000	0.57167582432279629	0.72555915769438217	0.78949935745003164	SESSION	false
af0b7f804a8d8337572d6a4a6f2ddcb426defb1f4d5f28ed0fde54882050d00c	a2b3facd10cee4f0909891958654ec1a86b2615c602c30a726ea3c4bf4706c18	OBSOPEN_US30_20240304	2024-03-04	120	17	25	1.00000000000000000	0.57385372672695767	0.70710710398314247	0.76846127175728574	SESSION	false
af0b7f804a8d8337572d6a4a6f2ddcb426defb1f4d5f28ed0fde54882050d00c	a2b3facd10cee4f0909891958654ec1a86b2615c602c30a726ea3c4bf4706c18	OBSOPEN_US30_20240304	2024-03-04	120	17	26	1.00000000000000000	0.57167582432279629	0.68801609574527578	0.74037711199297340	SESSION	false
af0b7f804a8d8337572d6a4a6f2ddcb426defb1f4d5f28ed0fde54882050d00c	a2b3facd10cee4f0909891958654ec1a86b2615c602c30a726ea3c4bf4706c18	OBSOPEN_US30_20240304	2024-03-04	120	17	27	1.00000000000000000	0.57094928186238081	0.68096698512755749	0.73297938984902200	SESSION	false
af0b7f804a8d8337572d6a4a6f2ddcb426defb1f4d5f28ed0fde54882050d00c	a2b3facd10cee4f0909891958654ec1a86b2615c602c30a726ea3c4bf4706c18	OBSOPEN_US30_20240304	2024-03-04	120	17	28	1.00000000000000000	0.57167582432279629	0.68307595445713087	0.73921973468177671	SESSION	false
af0b7f804a8d8337572d6a4a6f2ddcb426defb1f4d5f28ed0fde54882050d00c	a2b3facd10cee4f0909891958654ec1a86b2615c602c30a726ea3c4bf4706c18	OBSOPEN_US30_20240304	2024-03-04	120	17	29	1.00000000000000000	0.57094928186238081	0.68328750550665085	0.73471605118600303	SESSION	false
af0b7f804a8d8337572d6a4a6f2ddcb426defb1f4d5f28ed0fde54882050d00c	a2b3facd10cee4f0909891958654ec1a86b2615c602c30a726ea3c4bf4706c18	OBSOPEN_US30_20240304	2024-03-04	120	17	30	1.00000000000000000	0.57094928186238081	0.68315534764684405	0.73564741640789810	SESSION	false
af0b7f804a8d8337572d6a4a6f2ddcb426defb1f4d5f28ed0fde54882050d00c	a2b3facd10cee4f0909891958654ec1a86b2615c602c30a726ea3c4bf4706c18	OBSOPEN_US30_20240305	2024-03-05	120	18	1	0.00000000000000000	0.57360103306217602	0.51576441577464893	0.51652364311509658	SESSION	false
af0b7f804a8d8337572d6a4a6f2ddcb426defb1f4d5f28ed0fde54882050d00c	a2b3facd10cee4f0909891958654ec1a86b2615c602c30a726ea3c4bf4706c18	OBSOPEN_US30_20240305	2024-03-05	120	18	2	0.00000000000000000	0.57385372672695767	0.50292534220810448	0.44862119113334431	SESSION	false
af0b7f804a8d8337572d6a4a6f2ddcb426defb1f4d5f28ed0fde54882050d00c	a2b3facd10cee4f0909891958654ec1a86b2615c602c30a726ea3c4bf4706c18	OBSOPEN_US30_20240305	2024-03-05	120	18	3	0.00000000000000000	0.57385372672695767	0.49141165535031606	0.44261356139152425	SESSION	false
af0b7f804a8d8337572d6a4a6f2ddcb426defb1f4d5f28ed0fde54882050d00c	a2b3facd10cee4f0909891958654ec1a86b2615c602c30a726ea3c4bf4706c18	OBSOPEN_US30_20240305	2024-03-05	120	18	4	0.00000000000000000	0.57312804943766726	0.48653358076952208	0.40974415909314316	SESSION	false
af0b7f804a8d8337572d6a4a6f2ddcb426defb1f4d5f28ed0fde54882050d00c	a2b3facd10cee4f0909891958654ec1a86b2615c602c30a726ea3c4bf4706c18	OBSOPEN_US30_20240305	2024-03-05	120	18	5	0.00000000000000000	0.57240208107606128	0.47307557743346357	0.39463780072138055	SESSION	false
af0b7f804a8d8337572d6a4a6f2ddcb426defb1f4d5f28ed0fde54882050d00c	a2b3facd10cee4f0909891958654ec1a86b2615c602c30a726ea3c4bf4706c18	OBSOPEN_US30_20240305	2024-03-05	120	18	6	0.00000000000000000	0.57240208107606128	0.46264027805902186	0.38138950764480994	SESSION	false
af0b7f804a8d8337572d6a4a6f2ddcb426defb1f4d5f28ed0fde54882050d00c	a2b3facd10cee4f0909891958654ec1a86b2615c602c30a726ea3c4bf4706c18	OBSOPEN_US30_20240305	2024-03-05	120	18	7	0.00000000000000000	0.57167582432279629	0.44876569499640040	0.36727966817058588	SESSION	false
af0b7f804a8d8337572d6a4a6f2ddcb426defb1f4d5f28ed0fde54882050d00c	a2b3facd10cee4f0909891958654ec1a86b2615c602c30a726ea3c4bf4706c18	OBSOPEN_US30_20240305	2024-03-05	120	18	8	0.00000000000000000	0.57602898541280478	0.43990560758387653	0.37233016740465774	SESSION	false
af0b7f804a8d8337572d6a4a6f2ddcb426defb1f4d5f28ed0fde54882050d00c	a2b3facd10cee4f0909891958654ec1a86b2615c602c30a726ea3c4bf4706c18	OBSOPEN_US30_20240305	2024-03-05	120	18	9	0.00000000000000000	0.57602898541280478	0.44077455088005957	0.38158915500758284	SESSION	false
af0b7f804a8d8337572d6a4a6f2ddcb426defb1f4d5f28ed0fde54882050d00c	a2b3facd10cee4f0909891958654ec1a86b2615c602c30a726ea3c4bf4706c18	OBSOPEN_US30_20240305	2024-03-05	120	18	10	0.00000000000000000	0.57385372672695767	0.47123806911568006	0.42886829517605246	SESSION	false
af0b7f804a8d8337572d6a4a6f2ddcb426defb1f4d5f28ed0fde54882050d00c	a2b3facd10cee4f0909891958654ec1a86b2615c602c30a726ea3c4bf4706c18	OBSOPEN_US30_20240305	2024-03-05	120	18	11	0.00000000000000000	0.57385372672695767	0.47499935251333647	0.43037009361657230	SESSION	false
af0b7f804a8d8337572d6a4a6f2ddcb426defb1f4d5f28ed0fde54882050d00c	a2b3facd10cee4f0909891958654ec1a86b2615c602c30a726ea3c4bf4706c18	OBSOPEN_US30_20240305	2024-03-05	120	18	12	0.00000000000000000	0.57385372672695767	0.45417641505690548	0.39782777632100302	SESSION	false
af0b7f804a8d8337572d6a4a6f2ddcb426defb1f4d5f28ed0fde54882050d00c	a2b3facd10cee4f0909891958654ec1a86b2615c602c30a726ea3c4bf4706c18	OBSOPEN_US30_20240305	2024-03-05	120	18	13	0.00000000000000000	0.57530419738541227	0.47795722265361673	0.45557256249376799	SESSION	false
af0b7f804a8d8337572d6a4a6f2ddcb426defb1f4d5f28ed0fde54882050d00c	a2b3facd10cee4f0909891958654ec1a86b2615c602c30a726ea3c4bf4706c18	OBSOPEN_US30_20240305	2024-03-05	120	18	14	0.00000000000000000	0.57530419738541227	0.48593577711091690	0.46090530457434659	SESSION	false
af0b7f804a8d8337572d6a4a6f2ddcb426defb1f4d5f28ed0fde54882050d00c	a2b3facd10cee4f0909891958654ec1a86b2615c602c30a726ea3c4bf4706c18	OBSOPEN_US30_20240305	2024-03-05	120	18	15	0.00000000000000000	0.57385372672695767	0.49649242452778741	0.46788809503619416	SESSION	false
af0b7f804a8d8337572d6a4a6f2ddcb426defb1f4d5f28ed0fde54882050d00c	a2b3facd10cee4f0909891958654ec1a86b2615c602c30a726ea3c4bf4706c18	OBSOPEN_US30_20240305	2024-03-05	120	18	16	0.00000000000000000	0.57457911026715902	0.47947125431419418	0.44555117911132874	SESSION	false
af0b7f804a8d8337572d6a4a6f2ddcb426defb1f4d5f28ed0fde54882050d00c	a2b3facd10cee4f0909891958654ec1a86b2615c602c30a726ea3c4bf4706c18	OBSOPEN_US30_20240305	2024-03-05	120	18	17	0.00000000000000000	0.57602898541280478	0.46551738069917842	0.42383882570399939	SESSION	false
af0b7f804a8d8337572d6a4a6f2ddcb426defb1f4d5f28ed0fde54882050d00c	a2b3facd10cee4f0909891958654ec1a86b2615c602c30a726ea3c4bf4706c18	OBSOPEN_US30_20240305	2024-03-05	120	18	18	0.00000000000000000	0.57675347168440017	0.49623986317056323	0.50662782928223704	SESSION	false
af0b7f804a8d8337572d6a4a6f2ddcb426defb1f4d5f28ed0fde54882050d00c	a2b3facd10cee4f0909891958654ec1a86b2615c602c30a726ea3c4bf4706c18	OBSOPEN_US30_20240305	2024-03-05	120	18	19	0.00000000000000000	0.57747765353927083	0.51503801534216975	0.52371255187116317	SESSION	false
af0b7f804a8d8337572d6a4a6f2ddcb426defb1f4d5f28ed0fde54882050d00c	a2b3facd10cee4f0909891958654ec1a86b2615c602c30a726ea3c4bf4706c18	OBSOPEN_US30_20240305	2024-03-05	120	18	20	0.00000000000000000	0.57675347168440017	0.47290817223703141	0.44201241968366800	SESSION	false
af0b7f804a8d8337572d6a4a6f2ddcb426defb1f4d5f28ed0fde54882050d00c	a2b3facd10cee4f0909891958654ec1a86b2615c602c30a726ea3c4bf4706c18	OBSOPEN_US30_20240305	2024-03-05	120	18	21	0.00000000000000000	0.57385372672695767	0.45541228514306598	0.41264417160925293	SESSION	false
af0b7f804a8d8337572d6a4a6f2ddcb426defb1f4d5f28ed0fde54882050d00c	a2b3facd10cee4f0909891958654ec1a86b2615c602c30a726ea3c4bf4706c18	OBSOPEN_US30_20240305	2024-03-05	120	18	22	0.00000000000000000	0.57240208107606128	0.44149387682911073	0.37949803365300089	SESSION	false
af0b7f804a8d8337572d6a4a6f2ddcb426defb1f4d5f28ed0fde54882050d00c	a2b3facd10cee4f0909891958654ec1a86b2615c602c30a726ea3c4bf4706c18	OBSOPEN_US30_20240305	2024-03-05	120	18	23	0.00000000000000000	0.57240208107606128	0.43556027547499521	0.38591520349018621	SESSION	false
af0b7f804a8d8337572d6a4a6f2ddcb426defb1f4d5f28ed0fde54882050d00c	a2b3facd10cee4f0909891958654ec1a86b2615c602c30a726ea3c4bf4706c18	OBSOPEN_US30_20240305	2024-03-05	120	18	24	0.00000000000000000	0.57167582432279629	0.41787666455479994	0.36762392116323545	SESSION	false
af0b7f804a8d8337572d6a4a6f2ddcb426defb1f4d5f28ed0fde54882050d00c	a2b3facd10cee4f0909891958654ec1a86b2615c602c30a726ea3c4bf4706c18	OBSOPEN_US30_20240305	2024-03-05	120	18	25	0.00000000000000000	0.57385372672695767	0.42781907894590165	0.39859439606256836	SESSION	false
af0b7f804a8d8337572d6a4a6f2ddcb426defb1f4d5f28ed0fde54882050d00c	a2b3facd10cee4f0909891958654ec1a86b2615c602c30a726ea3c4bf4706c18	OBSOPEN_US30_20240305	2024-03-05	120	18	26	0.00000000000000000	0.57167582432279629	0.44395697053576300	0.40788656884098040	SESSION	false
af0b7f804a8d8337572d6a4a6f2ddcb426defb1f4d5f28ed0fde54882050d00c	a2b3facd10cee4f0909891958654ec1a86b2615c602c30a726ea3c4bf4706c18	OBSOPEN_US30_20240305	2024-03-05	120	18	27	0.00000000000000000	0.57094928186238081	0.45015897315333292	0.41064804616964223	SESSION	false
af0b7f804a8d8337572d6a4a6f2ddcb426defb1f4d5f28ed0fde54882050d00c	a2b3facd10cee4f0909891958654ec1a86b2615c602c30a726ea3c4bf4706c18	OBSOPEN_US30_20240305	2024-03-05	120	18	28	0.00000000000000000	0.57167582432279629	0.46158129367076772	0.42877297872543124	SESSION	false
af0b7f804a8d8337572d6a4a6f2ddcb426defb1f4d5f28ed0fde54882050d00c	a2b3facd10cee4f0909891958654ec1a86b2615c602c30a726ea3c4bf4706c18	OBSOPEN_US30_20240305	2024-03-05	120	18	29	0.00000000000000000	0.57094928186238081	0.45692578794310762	0.41582286278625685	SESSION	false
af0b7f804a8d8337572d6a4a6f2ddcb426defb1f4d5f28ed0fde54882050d00c	a2b3facd10cee4f0909891958654ec1a86b2615c602c30a726ea3c4bf4706c18	OBSOPEN_US30_20240305	2024-03-05	120	18	30	0.00000000000000000	0.57094928186238081	0.47782180999826590	0.45224399448745406	SESSION	false
af0b7f804a8d8337572d6a4a6f2ddcb426defb1f4d5f28ed0fde54882050d00c	a2b3facd10cee4f0909891958654ec1a86b2615c602c30a726ea3c4bf4706c18	OBSOPEN_US30_20240306	2024-03-06	120	19	1	0.00000000000000000	0.57360103306217602	0.53620836640164593	0.59386050964203441	SESSION	false
af0b7f804a8d8337572d6a4a6f2ddcb426defb1f4d5f28ed0fde54882050d00c	a2b3facd10cee4f0909891958654ec1a86b2615c602c30a726ea3c4bf4706c18	OBSOPEN_US30_20240306	2024-03-06	120	19	2	0.00000000000000000	0.57385372672695767	0.58943767978241601	0.68937465696228117	SESSION	false
af0b7f804a8d8337572d6a4a6f2ddcb426defb1f4d5f28ed0fde54882050d00c	a2b3facd10cee4f0909891958654ec1a86b2615c602c30a726ea3c4bf4706c18	OBSOPEN_US30_20240306	2024-03-06	120	19	3	0.00000000000000000	0.57385372672695767	0.60040420269200212	0.65010104947093272	SESSION	false
af0b7f804a8d8337572d6a4a6f2ddcb426defb1f4d5f28ed0fde54882050d00c	a2b3facd10cee4f0909891958654ec1a86b2615c602c30a726ea3c4bf4706c18	OBSOPEN_US30_20240306	2024-03-06	120	19	4	0.00000000000000000	0.57312804943766726	0.60836121423057721	0.67161372980497991	SESSION	false
af0b7f804a8d8337572d6a4a6f2ddcb426defb1f4d5f28ed0fde54882050d00c	a2b3facd10cee4f0909891958654ec1a86b2615c602c30a726ea3c4bf4706c18	OBSOPEN_US30_20240306	2024-03-06	120	19	5	0.00000000000000000	0.57240208107606128	0.56942176087124874	0.57757732176958909	SESSION	false
af0b7f804a8d8337572d6a4a6f2ddcb426defb1f4d5f28ed0fde54882050d00c	a2b3facd10cee4f0909891958654ec1a86b2615c602c30a726ea3c4bf4706c18	OBSOPEN_US30_20240306	2024-03-06	120	19	6	0.00000000000000000	0.57240208107606128	0.51496985492794067	0.49230542141001121	SESSION	false
af0b7f804a8d8337572d6a4a6f2ddcb426defb1f4d5f28ed0fde54882050d00c	a2b3facd10cee4f0909891958654ec1a86b2615c602c30a726ea3c4bf4706c18	OBSOPEN_US30_20240306	2024-03-06	120	19	7	0.00000000000000000	0.57167582432279629	0.48197518890394908	0.41442068710583996	SESSION	false
af0b7f804a8d8337572d6a4a6f2ddcb426defb1f4d5f28ed0fde54882050d00c	a2b3facd10cee4f0909891958654ec1a86b2615c602c30a726ea3c4bf4706c18	OBSOPEN_US30_20240306	2024-03-06	120	19	8	0.00000000000000000	0.57602898541280478	0.44342440237471331	0.37108985967040570	SESSION	false
af0b7f804a8d8337572d6a4a6f2ddcb426defb1f4d5f28ed0fde54882050d00c	a2b3facd10cee4f0909891958654ec1a86b2615c602c30a726ea3c4bf4706c18	OBSOPEN_US30_20240306	2024-03-06	120	19	9	0.00000000000000000	0.57602898541280478	0.43291999933168340	0.36630589023747084	SESSION	false
af0b7f804a8d8337572d6a4a6f2ddcb426defb1f4d5f28ed0fde54882050d00c	a2b3facd10cee4f0909891958654ec1a86b2615c602c30a726ea3c4bf4706c18	OBSOPEN_US30_20240306	2024-03-06	120	19	10	0.00000000000000000	0.57385372672695767	0.41366483550140992	0.34591519099748319	SESSION	false
af0b7f804a8d8337572d6a4a6f2ddcb426defb1f4d5f28ed0fde54882050d00c	a2b3facd10cee4f0909891958654ec1a86b2615c602c30a726ea3c4bf4706c18	OBSOPEN_US30_20240306	2024-03-06	120	19	11	0.00000000000000000	0.57385372672695767	0.45162414883878249	0.42930515197738328	SESSION	false
af0b7f804a8d8337572d6a4a6f2ddcb426defb1f4d5f28ed0fde54882050d00c	a2b3facd10cee4f0909891958654ec1a86b2615c602c30a726ea3c4bf4706c18	OBSOPEN_US30_20240306	2024-03-06	120	19	12	0.00000000000000000	0.57385372672695767	0.43081783008065816	0.37522483224335190	SESSION	false
af0b7f804a8d8337572d6a4a6f2ddcb426defb1f4d5f28ed0fde54882050d00c	a2b3facd10cee4f0909891958654ec1a86b2615c602c30a726ea3c4bf4706c18	OBSOPEN_US30_20240306	2024-03-06	120	19	13	0.00000000000000000	0.57530419738541227	0.40419384821262594	0.35905130212988151	SESSION	false
af0b7f804a8d8337572d6a4a6f2ddcb426defb1f4d5f28ed0fde54882050d00c	a2b3facd10cee4f0909891958654ec1a86b2615c602c30a726ea3c4bf4706c18	OBSOPEN_US30_20240306	2024-03-06	120	19	14	0.00000000000000000	0.57530419738541227	0.39202440938647726	0.35512387660269140	SESSION	false
af0b7f804a8d8337572d6a4a6f2ddcb426defb1f4d5f28ed0fde54882050d00c	a2b3facd10cee4f0909891958654ec1a86b2615c602c30a726ea3c4bf4706c18	OBSOPEN_US30_20240306	2024-03-06	120	19	15	0.00000000000000000	0.57385372672695767	0.38901275676851793	0.35810764493003167	SESSION	false
af0b7f804a8d8337572d6a4a6f2ddcb426defb1f4d5f28ed0fde54882050d00c	a2b3facd10cee4f0909891958654ec1a86b2615c602c30a726ea3c4bf4706c18	OBSOPEN_US30_20240306	2024-03-06	120	19	16	0.00000000000000000	0.57457911026715902	0.38465445664597264	0.35813515709712895	SESSION	false
af0b7f804a8d8337572d6a4a6f2ddcb426defb1f4d5f28ed0fde54882050d00c	a2b3facd10cee4f0909891958654ec1a86b2615c602c30a726ea3c4bf4706c18	OBSOPEN_US30_20240306	2024-03-06	120	19	17	0.00000000000000000	0.57602898541280478	0.39055045002681160	0.38147826511556754	SESSION	false
af0b7f804a8d8337572d6a4a6f2ddcb426defb1f4d5f28ed0fde54882050d00c	a2b3facd10cee4f0909891958654ec1a86b2615c602c30a726ea3c4bf4706c18	OBSOPEN_US30_20240306	2024-03-06	120	19	18	0.00000000000000000	0.57675347168440017	0.38507671441375879	0.37486394933773659	SESSION	false
af0b7f804a8d8337572d6a4a6f2ddcb426defb1f4d5f28ed0fde54882050d00c	a2b3facd10cee4f0909891958654ec1a86b2615c602c30a726ea3c4bf4706c18	OBSOPEN_US30_20240306	2024-03-06	120	19	19	0.00000000000000000	0.57747765353927083	0.38110887100415813	0.37695526652285188	SESSION	false
af0b7f804a8d8337572d6a4a6f2ddcb426defb1f4d5f28ed0fde54882050d00c	a2b3facd10cee4f0909891958654ec1a86b2615c602c30a726ea3c4bf4706c18	OBSOPEN_US30_20240306	2024-03-06	120	19	20	0.00000000000000000	0.57675347168440017	0.38496800423788619	0.38141269403678635	SESSION	false
af0b7f804a8d8337572d6a4a6f2ddcb426defb1f4d5f28ed0fde54882050d00c	a2b3facd10cee4f0909891958654ec1a86b2615c602c30a726ea3c4bf4706c18	OBSOPEN_US30_20240306	2024-03-06	120	19	21	0.00000000000000000	0.57385372672695767	0.39837599216831010	0.38785938439471113	SESSION	false
af0b7f804a8d8337572d6a4a6f2ddcb426defb1f4d5f28ed0fde54882050d00c	a2b3facd10cee4f0909891958654ec1a86b2615c602c30a726ea3c4bf4706c18	OBSOPEN_US30_20240306	2024-03-06	120	19	22	0.00000000000000000	0.57240208107606128	0.41437296820887065	0.39722852692820254	SESSION	false
af0b7f804a8d8337572d6a4a6f2ddcb426defb1f4d5f28ed0fde54882050d00c	a2b3facd10cee4f0909891958654ec1a86b2615c602c30a726ea3c4bf4706c18	OBSOPEN_US30_20240306	2024-03-06	120	19	23	0.00000000000000000	0.57240208107606128	0.43854778045529985	0.42184471376328309	SESSION	false
af0b7f804a8d8337572d6a4a6f2ddcb426defb1f4d5f28ed0fde54882050d00c	a2b3facd10cee4f0909891958654ec1a86b2615c602c30a726ea3c4bf4706c18	OBSOPEN_US30_20240306	2024-03-06	120	19	24	0.00000000000000000	0.57167582432279629	0.44834773633757125	0.42532659136570183	SESSION	false
af0b7f804a8d8337572d6a4a6f2ddcb426defb1f4d5f28ed0fde54882050d00c	a2b3facd10cee4f0909891958654ec1a86b2615c602c30a726ea3c4bf4706c18	OBSOPEN_US30_20240306	2024-03-06	120	19	25	0.00000000000000000	0.57385372672695767	0.46951635580497442	0.45648823254973531	SESSION	false
af0b7f804a8d8337572d6a4a6f2ddcb426defb1f4d5f28ed0fde54882050d00c	a2b3facd10cee4f0909891958654ec1a86b2615c602c30a726ea3c4bf4706c18	OBSOPEN_US30_20240306	2024-03-06	120	19	26	0.00000000000000000	0.57167582432279629	0.48084179863255488	0.45972751641301407	SESSION	false
af0b7f804a8d8337572d6a4a6f2ddcb426defb1f4d5f28ed0fde54882050d00c	a2b3facd10cee4f0909891958654ec1a86b2615c602c30a726ea3c4bf4706c18	OBSOPEN_US30_20240306	2024-03-06	120	19	27	0.00000000000000000	0.57094928186238081	0.48236767893687832	0.46202417791424893	SESSION	false
af0b7f804a8d8337572d6a4a6f2ddcb426defb1f4d5f28ed0fde54882050d00c	a2b3facd10cee4f0909891958654ec1a86b2615c602c30a726ea3c4bf4706c18	OBSOPEN_US30_20240306	2024-03-06	120	19	28	0.00000000000000000	0.57167582432279629	0.49432800485545569	0.47404081861858305	SESSION	false
af0b7f804a8d8337572d6a4a6f2ddcb426defb1f4d5f28ed0fde54882050d00c	a2b3facd10cee4f0909891958654ec1a86b2615c602c30a726ea3c4bf4706c18	OBSOPEN_US30_20240306	2024-03-06	120	19	29	0.00000000000000000	0.57094928186238081	0.46863858397509056	0.44277843051439181	SESSION	false
af0b7f804a8d8337572d6a4a6f2ddcb426defb1f4d5f28ed0fde54882050d00c	a2b3facd10cee4f0909891958654ec1a86b2615c602c30a726ea3c4bf4706c18	OBSOPEN_US30_20240306	2024-03-06	120	19	30	0.00000000000000000	0.57094928186238081	0.46974689272735104	0.45246237858945465	SESSION	false
af0b7f804a8d8337572d6a4a6f2ddcb426defb1f4d5f28ed0fde54882050d00c	a2b3facd10cee4f0909891958654ec1a86b2615c602c30a726ea3c4bf4706c18	OBSOPEN_US30_20240311	2024-03-11	120	20	1	0.00000000000000000	0.57360103306217602	0.52945720087332648	0.66811149576252560	SESSION	false
af0b7f804a8d8337572d6a4a6f2ddcb426defb1f4d5f28ed0fde54882050d00c	a2b3facd10cee4f0909891958654ec1a86b2615c602c30a726ea3c4bf4706c18	OBSOPEN_US30_20240311	2024-03-11	120	20	2	0.00000000000000000	0.57385372672695767	0.57207845146245262	0.71254205808785198	SESSION	false
af0b7f804a8d8337572d6a4a6f2ddcb426defb1f4d5f28ed0fde54882050d00c	a2b3facd10cee4f0909891958654ec1a86b2615c602c30a726ea3c4bf4706c18	OBSOPEN_US30_20240311	2024-03-11	120	20	3	0.00000000000000000	0.57385372672695767	0.61935644361842135	0.74809148476776499	SESSION	false
af0b7f804a8d8337572d6a4a6f2ddcb426defb1f4d5f28ed0fde54882050d00c	a2b3facd10cee4f0909891958654ec1a86b2615c602c30a726ea3c4bf4706c18	OBSOPEN_US30_20240311	2024-03-11	120	20	4	0.00000000000000000	0.57312804943766726	0.62527006390946760	0.74630699566543046	SESSION	false
af0b7f804a8d8337572d6a4a6f2ddcb426defb1f4d5f28ed0fde54882050d00c	a2b3facd10cee4f0909891958654ec1a86b2615c602c30a726ea3c4bf4706c18	OBSOPEN_US30_20240311	2024-03-11	120	20	5	0.00000000000000000	0.57240208107606128	0.63421773733771980	0.74005803717761953	SESSION	false
af0b7f804a8d8337572d6a4a6f2ddcb426defb1f4d5f28ed0fde54882050d00c	a2b3facd10cee4f0909891958654ec1a86b2615c602c30a726ea3c4bf4706c18	OBSOPEN_US30_20240311	2024-03-11	120	20	6	0.00000000000000000	0.57240208107606128	0.64027873722770590	0.75364177220979101	SESSION	false
af0b7f804a8d8337572d6a4a6f2ddcb426defb1f4d5f28ed0fde54882050d00c	a2b3facd10cee4f0909891958654ec1a86b2615c602c30a726ea3c4bf4706c18	OBSOPEN_US30_20240311	2024-03-11	120	20	7	0.00000000000000000	0.57167582432279629	0.55498082648592673	0.56556755226043920	SESSION	false
af0b7f804a8d8337572d6a4a6f2ddcb426defb1f4d5f28ed0fde54882050d00c	a2b3facd10cee4f0909891958654ec1a86b2615c602c30a726ea3c4bf4706c18	OBSOPEN_US30_20240311	2024-03-11	120	20	8	0.00000000000000000	0.57602898541280478	0.50455826489944555	0.49064073676069597	SESSION	false
af0b7f804a8d8337572d6a4a6f2ddcb426defb1f4d5f28ed0fde54882050d00c	a2b3facd10cee4f0909891958654ec1a86b2615c602c30a726ea3c4bf4706c18	OBSOPEN_US30_20240311	2024-03-11	120	20	9	0.00000000000000000	0.57602898541280478	0.54764050896549377	0.60048023435795983	SESSION	false
af0b7f804a8d8337572d6a4a6f2ddcb426defb1f4d5f28ed0fde54882050d00c	a2b3facd10cee4f0909891958654ec1a86b2615c602c30a726ea3c4bf4706c18	OBSOPEN_US30_20240311	2024-03-11	120	20	10	0.00000000000000000	0.57385372672695767	0.49612454418621654	0.44954331743026726	SESSION	false
af0b7f804a8d8337572d6a4a6f2ddcb426defb1f4d5f28ed0fde54882050d00c	a2b3facd10cee4f0909891958654ec1a86b2615c602c30a726ea3c4bf4706c18	OBSOPEN_US30_20240311	2024-03-11	120	20	11	0.00000000000000000	0.57385372672695767	0.44274153216682699	0.35204024171488019	SESSION	false
af0b7f804a8d8337572d6a4a6f2ddcb426defb1f4d5f28ed0fde54882050d00c	a2b3facd10cee4f0909891958654ec1a86b2615c602c30a726ea3c4bf4706c18	OBSOPEN_US30_20240311	2024-03-11	120	20	12	0.00000000000000000	0.57385372672695767	0.45074093344210736	0.38355030526205725	SESSION	false
af0b7f804a8d8337572d6a4a6f2ddcb426defb1f4d5f28ed0fde54882050d00c	a2b3facd10cee4f0909891958654ec1a86b2615c602c30a726ea3c4bf4706c18	OBSOPEN_US30_20240311	2024-03-11	120	20	13	0.00000000000000000	0.57530419738541227	0.49167868703185763	0.48303866177030846	SESSION	false
af0b7f804a8d8337572d6a4a6f2ddcb426defb1f4d5f28ed0fde54882050d00c	a2b3facd10cee4f0909891958654ec1a86b2615c602c30a726ea3c4bf4706c18	OBSOPEN_US30_20240311	2024-03-11	120	20	14	0.00000000000000000	0.57530419738541227	0.49536825381942751	0.46464782591954173	SESSION	false
af0b7f804a8d8337572d6a4a6f2ddcb426defb1f4d5f28ed0fde54882050d00c	a2b3facd10cee4f0909891958654ec1a86b2615c602c30a726ea3c4bf4706c18	OBSOPEN_US30_20240311	2024-03-11	120	20	15	0.00000000000000000	0.57385372672695767	0.48284238005390945	0.44724926445309837	SESSION	false
af0b7f804a8d8337572d6a4a6f2ddcb426defb1f4d5f28ed0fde54882050d00c	a2b3facd10cee4f0909891958654ec1a86b2615c602c30a726ea3c4bf4706c18	OBSOPEN_US30_20240311	2024-03-11	120	20	16	0.00000000000000000	0.57457911026715902	0.50291614725125033	0.49686445591215894	SESSION	false
af0b7f804a8d8337572d6a4a6f2ddcb426defb1f4d5f28ed0fde54882050d00c	a2b3facd10cee4f0909891958654ec1a86b2615c602c30a726ea3c4bf4706c18	OBSOPEN_US30_20240311	2024-03-11	120	20	17	0.00000000000000000	0.57602898541280478	0.52138712043952773	0.52081055222469697	SESSION	false
af0b7f804a8d8337572d6a4a6f2ddcb426defb1f4d5f28ed0fde54882050d00c	a2b3facd10cee4f0909891958654ec1a86b2615c602c30a726ea3c4bf4706c18	OBSOPEN_US30_20240311	2024-03-11	120	20	18	0.00000000000000000	0.57675347168440017	0.48074066274184674	0.44892843860635989	SESSION	false
af0b7f804a8d8337572d6a4a6f2ddcb426defb1f4d5f28ed0fde54882050d00c	a2b3facd10cee4f0909891958654ec1a86b2615c602c30a726ea3c4bf4706c18	OBSOPEN_US30_20240311	2024-03-11	120	20	19	0.00000000000000000	0.57747765353927083	0.45819937634750441	0.40677636876504858	SESSION	false
af0b7f804a8d8337572d6a4a6f2ddcb426defb1f4d5f28ed0fde54882050d00c	a2b3facd10cee4f0909891958654ec1a86b2615c602c30a726ea3c4bf4706c18	OBSOPEN_US30_20240311	2024-03-11	120	20	20	0.00000000000000000	0.57675347168440017	0.47597155177715755	0.45842305320326904	SESSION	false
af0b7f804a8d8337572d6a4a6f2ddcb426defb1f4d5f28ed0fde54882050d00c	a2b3facd10cee4f0909891958654ec1a86b2615c602c30a726ea3c4bf4706c18	OBSOPEN_US30_20240311	2024-03-11	120	20	21	0.00000000000000000	0.57385372672695767	0.50602120550980700	0.49709869876645879	SESSION	false
af0b7f804a8d8337572d6a4a6f2ddcb426defb1f4d5f28ed0fde54882050d00c	a2b3facd10cee4f0909891958654ec1a86b2615c602c30a726ea3c4bf4706c18	OBSOPEN_US30_20240311	2024-03-11	120	20	22	0.00000000000000000	0.57240208107606128	0.49845859605747289	0.46890772002108594	SESSION	false
af0b7f804a8d8337572d6a4a6f2ddcb426defb1f4d5f28ed0fde54882050d00c	a2b3facd10cee4f0909891958654ec1a86b2615c602c30a726ea3c4bf4706c18	OBSOPEN_US30_20240311	2024-03-11	120	20	23	0.00000000000000000	0.57240208107606128	0.46298215104854712	0.40768971999436460	SESSION	false
af0b7f804a8d8337572d6a4a6f2ddcb426defb1f4d5f28ed0fde54882050d00c	a2b3facd10cee4f0909891958654ec1a86b2615c602c30a726ea3c4bf4706c18	OBSOPEN_US30_20240311	2024-03-11	120	20	24	0.00000000000000000	0.57167582432279629	0.44703870637194565	0.37233493665962647	SESSION	false
af0b7f804a8d8337572d6a4a6f2ddcb426defb1f4d5f28ed0fde54882050d00c	a2b3facd10cee4f0909891958654ec1a86b2615c602c30a726ea3c4bf4706c18	OBSOPEN_US30_20240311	2024-03-11	120	20	25	0.00000000000000000	0.57385372672695767	0.43933813300439384	0.36231830648158342	SESSION	false
af0b7f804a8d8337572d6a4a6f2ddcb426defb1f4d5f28ed0fde54882050d00c	a2b3facd10cee4f0909891958654ec1a86b2615c602c30a726ea3c4bf4706c18	OBSOPEN_US30_20240311	2024-03-11	120	20	26	0.00000000000000000	0.57167582432279629	0.44083412213794848	0.36781172840085141	SESSION	false
af0b7f804a8d8337572d6a4a6f2ddcb426defb1f4d5f28ed0fde54882050d00c	a2b3facd10cee4f0909891958654ec1a86b2615c602c30a726ea3c4bf4706c18	OBSOPEN_US30_20240311	2024-03-11	120	20	27	0.00000000000000000	0.57094928186238081	0.43677301738851776	0.35337081050547697	SESSION	false
af0b7f804a8d8337572d6a4a6f2ddcb426defb1f4d5f28ed0fde54882050d00c	a2b3facd10cee4f0909891958654ec1a86b2615c602c30a726ea3c4bf4706c18	OBSOPEN_US30_20240311	2024-03-11	120	20	28	0.00000000000000000	0.57167582432279629	0.45681632728433103	0.40753979043442573	SESSION	false
af0b7f804a8d8337572d6a4a6f2ddcb426defb1f4d5f28ed0fde54882050d00c	a2b3facd10cee4f0909891958654ec1a86b2615c602c30a726ea3c4bf4706c18	OBSOPEN_US30_20240311	2024-03-11	120	20	29	0.00000000000000000	0.57094928186238081	0.47498679983419900	0.43389504425305225	SESSION	false
af0b7f804a8d8337572d6a4a6f2ddcb426defb1f4d5f28ed0fde54882050d00c	a2b3facd10cee4f0909891958654ec1a86b2615c602c30a726ea3c4bf4706c18	OBSOPEN_US30_20240311	2024-03-11	120	20	30	0.00000000000000000	0.57094928186238081	0.45457694773924251	0.38374595674924467	SESSION	false
af0b7f804a8d8337572d6a4a6f2ddcb426defb1f4d5f28ed0fde54882050d00c	a2b3facd10cee4f0909891958654ec1a86b2615c602c30a726ea3c4bf4706c18	OBSOPEN_US30_20240313	2024-03-13	120	21	1	1.00000000000000000	0.57360103306217602	0.53184196378407123	0.61635116575103033	SESSION	false
af0b7f804a8d8337572d6a4a6f2ddcb426defb1f4d5f28ed0fde54882050d00c	a2b3facd10cee4f0909891958654ec1a86b2615c602c30a726ea3c4bf4706c18	OBSOPEN_US30_20240313	2024-03-13	120	21	2	1.00000000000000000	0.57385372672695767	0.52354404410405575	0.54941944450680047	SESSION	false
af0b7f804a8d8337572d6a4a6f2ddcb426defb1f4d5f28ed0fde54882050d00c	a2b3facd10cee4f0909891958654ec1a86b2615c602c30a726ea3c4bf4706c18	OBSOPEN_US30_20240313	2024-03-13	120	21	3	1.00000000000000000	0.57385372672695767	0.52548054783083242	0.56767731099707996	SESSION	false
af0b7f804a8d8337572d6a4a6f2ddcb426defb1f4d5f28ed0fde54882050d00c	a2b3facd10cee4f0909891958654ec1a86b2615c602c30a726ea3c4bf4706c18	OBSOPEN_US30_20240313	2024-03-13	120	21	4	1.00000000000000000	0.57312804943766726	0.52900024210930574	0.57744797310474449	SESSION	false
af0b7f804a8d8337572d6a4a6f2ddcb426defb1f4d5f28ed0fde54882050d00c	a2b3facd10cee4f0909891958654ec1a86b2615c602c30a726ea3c4bf4706c18	OBSOPEN_US30_20240313	2024-03-13	120	21	5	1.00000000000000000	0.57240208107606128	0.50543986414965547	0.43707892594662978	SESSION	false
af0b7f804a8d8337572d6a4a6f2ddcb426defb1f4d5f28ed0fde54882050d00c	a2b3facd10cee4f0909891958654ec1a86b2615c602c30a726ea3c4bf4706c18	OBSOPEN_US30_20240313	2024-03-13	120	21	6	1.00000000000000000	0.57240208107606128	0.50578012675954609	0.46706135748267297	SESSION	false
af0b7f804a8d8337572d6a4a6f2ddcb426defb1f4d5f28ed0fde54882050d00c	a2b3facd10cee4f0909891958654ec1a86b2615c602c30a726ea3c4bf4706c18	OBSOPEN_US30_20240313	2024-03-13	120	21	7	1.00000000000000000	0.57167582432279629	0.48911285923912257	0.40798409399045010	SESSION	false
af0b7f804a8d8337572d6a4a6f2ddcb426defb1f4d5f28ed0fde54882050d00c	a2b3facd10cee4f0909891958654ec1a86b2615c602c30a726ea3c4bf4706c18	OBSOPEN_US30_20240313	2024-03-13	120	21	8	1.00000000000000000	0.57602898541280478	0.47767762564069627	0.41261208567648661	SESSION	false
af0b7f804a8d8337572d6a4a6f2ddcb426defb1f4d5f28ed0fde54882050d00c	a2b3facd10cee4f0909891958654ec1a86b2615c602c30a726ea3c4bf4706c18	OBSOPEN_US30_20240313	2024-03-13	120	21	9	1.00000000000000000	0.57602898541280478	0.50371049546441282	0.49650067354791405	SESSION	false
af0b7f804a8d8337572d6a4a6f2ddcb426defb1f4d5f28ed0fde54882050d00c	a2b3facd10cee4f0909891958654ec1a86b2615c602c30a726ea3c4bf4706c18	OBSOPEN_US30_20240313	2024-03-13	120	21	10	1.00000000000000000	0.57385372672695767	0.51454455266111265	0.49495952320497266	SESSION	false
af0b7f804a8d8337572d6a4a6f2ddcb426defb1f4d5f28ed0fde54882050d00c	a2b3facd10cee4f0909891958654ec1a86b2615c602c30a726ea3c4bf4706c18	OBSOPEN_US30_20240313	2024-03-13	120	21	11	1.00000000000000000	0.57385372672695767	0.50589014166820723	0.48190883049559707	SESSION	false
af0b7f804a8d8337572d6a4a6f2ddcb426defb1f4d5f28ed0fde54882050d00c	a2b3facd10cee4f0909891958654ec1a86b2615c602c30a726ea3c4bf4706c18	OBSOPEN_US30_20240313	2024-03-13	120	21	12	1.00000000000000000	0.57385372672695767	0.49670068482752305	0.46023706724797131	SESSION	false
af0b7f804a8d8337572d6a4a6f2ddcb426defb1f4d5f28ed0fde54882050d00c	a2b3facd10cee4f0909891958654ec1a86b2615c602c30a726ea3c4bf4706c18	OBSOPEN_US30_20240313	2024-03-13	120	21	13	1.00000000000000000	0.57530419738541227	0.50051320650753073	0.47115127310820321	SESSION	false
af0b7f804a8d8337572d6a4a6f2ddcb426defb1f4d5f28ed0fde54882050d00c	a2b3facd10cee4f0909891958654ec1a86b2615c602c30a726ea3c4bf4706c18	OBSOPEN_US30_20240313	2024-03-13	120	21	14	1.00000000000000000	0.57530419738541227	0.50537532674477037	0.48800378333155248	SESSION	false
af0b7f804a8d8337572d6a4a6f2ddcb426defb1f4d5f28ed0fde54882050d00c	a2b3facd10cee4f0909891958654ec1a86b2615c602c30a726ea3c4bf4706c18	OBSOPEN_US30_20240313	2024-03-13	120	21	15	1.00000000000000000	0.57385372672695767	0.51039557931845703	0.48982938367544815	SESSION	false
af0b7f804a8d8337572d6a4a6f2ddcb426defb1f4d5f28ed0fde54882050d00c	a2b3facd10cee4f0909891958654ec1a86b2615c602c30a726ea3c4bf4706c18	OBSOPEN_US30_20240313	2024-03-13	120	21	16	1.00000000000000000	0.57457911026715902	0.56527435388123970	0.66526688431939585	SESSION	false
af0b7f804a8d8337572d6a4a6f2ddcb426defb1f4d5f28ed0fde54882050d00c	a2b3facd10cee4f0909891958654ec1a86b2615c602c30a726ea3c4bf4706c18	OBSOPEN_US30_20240313	2024-03-13	120	21	17	1.00000000000000000	0.57602898541280478	0.57644508381668680	0.65649079374737740	SESSION	false
af0b7f804a8d8337572d6a4a6f2ddcb426defb1f4d5f28ed0fde54882050d00c	a2b3facd10cee4f0909891958654ec1a86b2615c602c30a726ea3c4bf4706c18	OBSOPEN_US30_20240313	2024-03-13	120	21	18	1.00000000000000000	0.57675347168440017	0.56534441653749401	0.63595812445170563	SESSION	false
af0b7f804a8d8337572d6a4a6f2ddcb426defb1f4d5f28ed0fde54882050d00c	a2b3facd10cee4f0909891958654ec1a86b2615c602c30a726ea3c4bf4706c18	OBSOPEN_US30_20240313	2024-03-13	120	21	19	1.00000000000000000	0.57747765353927083	0.57302268864221162	0.66090291116237632	SESSION	false
af0b7f804a8d8337572d6a4a6f2ddcb426defb1f4d5f28ed0fde54882050d00c	a2b3facd10cee4f0909891958654ec1a86b2615c602c30a726ea3c4bf4706c18	OBSOPEN_US30_20240313	2024-03-13	120	21	20	1.00000000000000000	0.57675347168440017	0.57578007090812955	0.66046687281024929	SESSION	false
af0b7f804a8d8337572d6a4a6f2ddcb426defb1f4d5f28ed0fde54882050d00c	a2b3facd10cee4f0909891958654ec1a86b2615c602c30a726ea3c4bf4706c18	OBSOPEN_US30_20240313	2024-03-13	120	21	21	1.00000000000000000	0.57385372672695767	0.54902920909276098	0.59703774376257102	SESSION	false
af0b7f804a8d8337572d6a4a6f2ddcb426defb1f4d5f28ed0fde54882050d00c	a2b3facd10cee4f0909891958654ec1a86b2615c602c30a726ea3c4bf4706c18	OBSOPEN_US30_20240313	2024-03-13	120	21	22	1.00000000000000000	0.57240208107606128	0.55260539683219134	0.59895973676229308	SESSION	false
af0b7f804a8d8337572d6a4a6f2ddcb426defb1f4d5f28ed0fde54882050d00c	a2b3facd10cee4f0909891958654ec1a86b2615c602c30a726ea3c4bf4706c18	OBSOPEN_US30_20240313	2024-03-13	120	21	23	1.00000000000000000	0.57240208107606128	0.53347002956859924	0.54566912856043548	SESSION	false
af0b7f804a8d8337572d6a4a6f2ddcb426defb1f4d5f28ed0fde54882050d00c	a2b3facd10cee4f0909891958654ec1a86b2615c602c30a726ea3c4bf4706c18	OBSOPEN_US30_20240313	2024-03-13	120	21	24	1.00000000000000000	0.57167582432279629	0.52281647062894865	0.52482273111435185	SESSION	false
af0b7f804a8d8337572d6a4a6f2ddcb426defb1f4d5f28ed0fde54882050d00c	a2b3facd10cee4f0909891958654ec1a86b2615c602c30a726ea3c4bf4706c18	OBSOPEN_US30_20240313	2024-03-13	120	21	25	1.00000000000000000	0.57385372672695767	0.52872406979548814	0.54818450931253071	SESSION	false
af0b7f804a8d8337572d6a4a6f2ddcb426defb1f4d5f28ed0fde54882050d00c	a2b3facd10cee4f0909891958654ec1a86b2615c602c30a726ea3c4bf4706c18	OBSOPEN_US30_20240313	2024-03-13	120	21	26	1.00000000000000000	0.57167582432279629	0.53788944665852356	0.56062340370254882	SESSION	false
af0b7f804a8d8337572d6a4a6f2ddcb426defb1f4d5f28ed0fde54882050d00c	a2b3facd10cee4f0909891958654ec1a86b2615c602c30a726ea3c4bf4706c18	OBSOPEN_US30_20240313	2024-03-13	120	21	27	1.00000000000000000	0.57094928186238081	0.53908295397204553	0.56159296200247488	SESSION	false
af0b7f804a8d8337572d6a4a6f2ddcb426defb1f4d5f28ed0fde54882050d00c	a2b3facd10cee4f0909891958654ec1a86b2615c602c30a726ea3c4bf4706c18	OBSOPEN_US30_20240313	2024-03-13	120	21	28	1.00000000000000000	0.57167582432279629	0.55162310107231594	0.60526953356473934	SESSION	false
af0b7f804a8d8337572d6a4a6f2ddcb426defb1f4d5f28ed0fde54882050d00c	a2b3facd10cee4f0909891958654ec1a86b2615c602c30a726ea3c4bf4706c18	OBSOPEN_US30_20240313	2024-03-13	120	21	29	1.00000000000000000	0.57094928186238081	0.56505212988241582	0.62978829211353660	SESSION	false
af0b7f804a8d8337572d6a4a6f2ddcb426defb1f4d5f28ed0fde54882050d00c	a2b3facd10cee4f0909891958654ec1a86b2615c602c30a726ea3c4bf4706c18	OBSOPEN_US30_20240313	2024-03-13	120	21	30	1.00000000000000000	0.57094928186238081	0.59102915439092241	0.69736214433850197	SESSION	false
af0b7f804a8d8337572d6a4a6f2ddcb426defb1f4d5f28ed0fde54882050d00c	a2b3facd10cee4f0909891958654ec1a86b2615c602c30a726ea3c4bf4706c18	OBSOPEN_US30_20240314	2024-03-14	120	22	1	0.00000000000000000	0.57360103306217602	0.53214185350386034	0.64678688190717215	SESSION	false
af0b7f804a8d8337572d6a4a6f2ddcb426defb1f4d5f28ed0fde54882050d00c	a2b3facd10cee4f0909891958654ec1a86b2615c602c30a726ea3c4bf4706c18	OBSOPEN_US30_20240314	2024-03-14	120	22	2	0.00000000000000000	0.57385372672695767	0.52283817348595785	0.52400214940260603	SESSION	false
af0b7f804a8d8337572d6a4a6f2ddcb426defb1f4d5f28ed0fde54882050d00c	a2b3facd10cee4f0909891958654ec1a86b2615c602c30a726ea3c4bf4706c18	OBSOPEN_US30_20240314	2024-03-14	120	22	3	0.00000000000000000	0.57385372672695767	0.50914948459189491	0.47752867191024873	SESSION	false
af0b7f804a8d8337572d6a4a6f2ddcb426defb1f4d5f28ed0fde54882050d00c	a2b3facd10cee4f0909891958654ec1a86b2615c602c30a726ea3c4bf4706c18	OBSOPEN_US30_20240314	2024-03-14	120	22	4	0.00000000000000000	0.57312804943766726	0.49720556592332826	0.42778022150258599	SESSION	false
af0b7f804a8d8337572d6a4a6f2ddcb426defb1f4d5f28ed0fde54882050d00c	a2b3facd10cee4f0909891958654ec1a86b2615c602c30a726ea3c4bf4706c18	OBSOPEN_US30_20240314	2024-03-14	120	22	5	0.00000000000000000	0.57240208107606128	0.48945311699393007	0.43137731634481608	SESSION	false
af0b7f804a8d8337572d6a4a6f2ddcb426defb1f4d5f28ed0fde54882050d00c	a2b3facd10cee4f0909891958654ec1a86b2615c602c30a726ea3c4bf4706c18	OBSOPEN_US30_20240314	2024-03-14	120	22	6	0.00000000000000000	0.57240208107606128	0.50481303306012415	0.48027147838066492	SESSION	false
af0b7f804a8d8337572d6a4a6f2ddcb426defb1f4d5f28ed0fde54882050d00c	a2b3facd10cee4f0909891958654ec1a86b2615c602c30a726ea3c4bf4706c18	OBSOPEN_US30_20240314	2024-03-14	120	22	7	0.00000000000000000	0.57167582432279629	0.50222693449754796	0.45241909068712810	SESSION	false
af0b7f804a8d8337572d6a4a6f2ddcb426defb1f4d5f28ed0fde54882050d00c	a2b3facd10cee4f0909891958654ec1a86b2615c602c30a726ea3c4bf4706c18	OBSOPEN_US30_20240314	2024-03-14	120	22	8	0.00000000000000000	0.57602898541280478	0.51059374661554757	0.50107696601267560	SESSION	false
af0b7f804a8d8337572d6a4a6f2ddcb426defb1f4d5f28ed0fde54882050d00c	a2b3facd10cee4f0909891958654ec1a86b2615c602c30a726ea3c4bf4706c18	OBSOPEN_US30_20240314	2024-03-14	120	22	9	0.00000000000000000	0.57602898541280478	0.52633801686651416	0.54513478303352914	SESSION	false
af0b7f804a8d8337572d6a4a6f2ddcb426defb1f4d5f28ed0fde54882050d00c	a2b3facd10cee4f0909891958654ec1a86b2615c602c30a726ea3c4bf4706c18	OBSOPEN_US30_20240314	2024-03-14	120	22	10	0.00000000000000000	0.57385372672695767	0.52056819836373680	0.50848811975250807	SESSION	false
af0b7f804a8d8337572d6a4a6f2ddcb426defb1f4d5f28ed0fde54882050d00c	a2b3facd10cee4f0909891958654ec1a86b2615c602c30a726ea3c4bf4706c18	OBSOPEN_US30_20240314	2024-03-14	120	22	11	0.00000000000000000	0.57385372672695767	0.53177300955154083	0.54085831959770669	SESSION	false
af0b7f804a8d8337572d6a4a6f2ddcb426defb1f4d5f28ed0fde54882050d00c	a2b3facd10cee4f0909891958654ec1a86b2615c602c30a726ea3c4bf4706c18	OBSOPEN_US30_20240314	2024-03-14	120	22	12	0.00000000000000000	0.57385372672695767	0.54411895835393431	0.57054637553469745	SESSION	false
af0b7f804a8d8337572d6a4a6f2ddcb426defb1f4d5f28ed0fde54882050d00c	a2b3facd10cee4f0909891958654ec1a86b2615c602c30a726ea3c4bf4706c18	OBSOPEN_US30_20240314	2024-03-14	120	22	13	0.00000000000000000	0.57530419738541227	0.54276875046827522	0.56136250181556446	SESSION	false
af0b7f804a8d8337572d6a4a6f2ddcb426defb1f4d5f28ed0fde54882050d00c	a2b3facd10cee4f0909891958654ec1a86b2615c602c30a726ea3c4bf4706c18	OBSOPEN_US30_20240314	2024-03-14	120	22	14	0.00000000000000000	0.57530419738541227	0.50071955035753446	0.47144391844307926	SESSION	false
af0b7f804a8d8337572d6a4a6f2ddcb426defb1f4d5f28ed0fde54882050d00c	a2b3facd10cee4f0909891958654ec1a86b2615c602c30a726ea3c4bf4706c18	OBSOPEN_US30_20240314	2024-03-14	120	22	15	0.00000000000000000	0.57385372672695767	0.48587844906822047	0.45244898514584087	SESSION	false
af0b7f804a8d8337572d6a4a6f2ddcb426defb1f4d5f28ed0fde54882050d00c	a2b3facd10cee4f0909891958654ec1a86b2615c602c30a726ea3c4bf4706c18	OBSOPEN_US30_20240314	2024-03-14	120	22	16	0.00000000000000000	0.57457911026715902	0.49435038704028511	0.46000152982294135	SESSION	false
af0b7f804a8d8337572d6a4a6f2ddcb426defb1f4d5f28ed0fde54882050d00c	a2b3facd10cee4f0909891958654ec1a86b2615c602c30a726ea3c4bf4706c18	OBSOPEN_US30_20240314	2024-03-14	120	22	17	0.00000000000000000	0.57602898541280478	0.46730727796493710	0.41813637830364231	SESSION	false
af0b7f804a8d8337572d6a4a6f2ddcb426defb1f4d5f28ed0fde54882050d00c	a2b3facd10cee4f0909891958654ec1a86b2615c602c30a726ea3c4bf4706c18	OBSOPEN_US30_20240314	2024-03-14	120	22	18	0.00000000000000000	0.57675347168440017	0.43937938594156134	0.40768492997933653	SESSION	false
af0b7f804a8d8337572d6a4a6f2ddcb426defb1f4d5f28ed0fde54882050d00c	a2b3facd10cee4f0909891958654ec1a86b2615c602c30a726ea3c4bf4706c18	OBSOPEN_US30_20240314	2024-03-14	120	22	19	0.00000000000000000	0.57747765353927083	0.41358611477761498	0.39928252097673816	SESSION	false
af0b7f804a8d8337572d6a4a6f2ddcb426defb1f4d5f28ed0fde54882050d00c	a2b3facd10cee4f0909891958654ec1a86b2615c602c30a726ea3c4bf4706c18	OBSOPEN_US30_20240314	2024-03-14	120	22	20	0.00000000000000000	0.57675347168440017	0.38853460546945251	0.38629005345426809	SESSION	false
af0b7f804a8d8337572d6a4a6f2ddcb426defb1f4d5f28ed0fde54882050d00c	a2b3facd10cee4f0909891958654ec1a86b2615c602c30a726ea3c4bf4706c18	OBSOPEN_US30_20240314	2024-03-14	120	22	21	0.00000000000000000	0.57385372672695767	0.38077629239805005	0.38061479165957884	SESSION	false
af0b7f804a8d8337572d6a4a6f2ddcb426defb1f4d5f28ed0fde54882050d00c	a2b3facd10cee4f0909891958654ec1a86b2615c602c30a726ea3c4bf4706c18	OBSOPEN_US30_20240314	2024-03-14	120	22	22	0.00000000000000000	0.57240208107606128	0.35970407416482275	0.35271400812051873	SESSION	false
af0b7f804a8d8337572d6a4a6f2ddcb426defb1f4d5f28ed0fde54882050d00c	a2b3facd10cee4f0909891958654ec1a86b2615c602c30a726ea3c4bf4706c18	OBSOPEN_US30_20240314	2024-03-14	120	22	23	0.00000000000000000	0.57240208107606128	0.35573598734616163	0.35907892351592863	SESSION	false
af0b7f804a8d8337572d6a4a6f2ddcb426defb1f4d5f28ed0fde54882050d00c	a2b3facd10cee4f0909891958654ec1a86b2615c602c30a726ea3c4bf4706c18	OBSOPEN_US30_20240314	2024-03-14	120	22	24	0.00000000000000000	0.57167582432279629	0.35389024508018424	0.36678431144164686	SESSION	false
af0b7f804a8d8337572d6a4a6f2ddcb426defb1f4d5f28ed0fde54882050d00c	a2b3facd10cee4f0909891958654ec1a86b2615c602c30a726ea3c4bf4706c18	OBSOPEN_US30_20240314	2024-03-14	120	22	25	0.00000000000000000	0.57385372672695767	0.34254090379780788	0.35954596691247642	SESSION	false
af0b7f804a8d8337572d6a4a6f2ddcb426defb1f4d5f28ed0fde54882050d00c	a2b3facd10cee4f0909891958654ec1a86b2615c602c30a726ea3c4bf4706c18	OBSOPEN_US30_20240314	2024-03-14	120	22	26	0.00000000000000000	0.57167582432279629	0.34306831795310350	0.35497211072050594	SESSION	false
af0b7f804a8d8337572d6a4a6f2ddcb426defb1f4d5f28ed0fde54882050d00c	a2b3facd10cee4f0909891958654ec1a86b2615c602c30a726ea3c4bf4706c18	OBSOPEN_US30_20240314	2024-03-14	120	22	27	0.00000000000000000	0.57094928186238081	0.34013715025472119	0.35641793205782962	SESSION	false
af0b7f804a8d8337572d6a4a6f2ddcb426defb1f4d5f28ed0fde54882050d00c	a2b3facd10cee4f0909891958654ec1a86b2615c602c30a726ea3c4bf4706c18	OBSOPEN_US30_20240314	2024-03-14	120	22	28	0.00000000000000000	0.57167582432279629	0.34292662784380928	0.35851059659102358	SESSION	false
af0b7f804a8d8337572d6a4a6f2ddcb426defb1f4d5f28ed0fde54882050d00c	a2b3facd10cee4f0909891958654ec1a86b2615c602c30a726ea3c4bf4706c18	OBSOPEN_US30_20240314	2024-03-14	120	22	29	0.00000000000000000	0.57094928186238081	0.32291962806973645	0.34302793528978365	SESSION	false
af0b7f804a8d8337572d6a4a6f2ddcb426defb1f4d5f28ed0fde54882050d00c	a2b3facd10cee4f0909891958654ec1a86b2615c602c30a726ea3c4bf4706c18	OBSOPEN_US30_20240314	2024-03-14	120	22	30	0.00000000000000000	0.57094928186238081	0.30852345350453009	0.34117581685286530	SESSION	false
af0b7f804a8d8337572d6a4a6f2ddcb426defb1f4d5f28ed0fde54882050d00c	a2b3facd10cee4f0909891958654ec1a86b2615c602c30a726ea3c4bf4706c18	OBSOPEN_US30_20240315	2024-03-15	120	23	1	0.00000000000000000	0.57360103306217602	0.58982482521418778	0.70805430831895977	SESSION	false
af0b7f804a8d8337572d6a4a6f2ddcb426defb1f4d5f28ed0fde54882050d00c	a2b3facd10cee4f0909891958654ec1a86b2615c602c30a726ea3c4bf4706c18	OBSOPEN_US30_20240315	2024-03-15	120	23	2	0.00000000000000000	0.57385372672695767	0.69624389015692190	0.74875990013490212	SESSION	false
af0b7f804a8d8337572d6a4a6f2ddcb426defb1f4d5f28ed0fde54882050d00c	a2b3facd10cee4f0909891958654ec1a86b2615c602c30a726ea3c4bf4706c18	OBSOPEN_US30_20240315	2024-03-15	120	23	3	0.00000000000000000	0.57385372672695767	0.73457361076934480	0.73987961643361566	SESSION	false
af0b7f804a8d8337572d6a4a6f2ddcb426defb1f4d5f28ed0fde54882050d00c	a2b3facd10cee4f0909891958654ec1a86b2615c602c30a726ea3c4bf4706c18	OBSOPEN_US30_20240315	2024-03-15	120	23	4	0.00000000000000000	0.57312804943766726	0.66014168891042901	0.64116420895475157	SESSION	false
af0b7f804a8d8337572d6a4a6f2ddcb426defb1f4d5f28ed0fde54882050d00c	a2b3facd10cee4f0909891958654ec1a86b2615c602c30a726ea3c4bf4706c18	OBSOPEN_US30_20240315	2024-03-15	120	23	5	0.00000000000000000	0.57240208107606128	0.62044839836779342	0.60172585700374648	SESSION	false
af0b7f804a8d8337572d6a4a6f2ddcb426defb1f4d5f28ed0fde54882050d00c	a2b3facd10cee4f0909891958654ec1a86b2615c602c30a726ea3c4bf4706c18	OBSOPEN_US30_20240315	2024-03-15	120	23	6	0.00000000000000000	0.57240208107606128	0.59072415747464502	0.56638661966074333	SESSION	false
af0b7f804a8d8337572d6a4a6f2ddcb426defb1f4d5f28ed0fde54882050d00c	a2b3facd10cee4f0909891958654ec1a86b2615c602c30a726ea3c4bf4706c18	OBSOPEN_US30_20240315	2024-03-15	120	23	7	0.00000000000000000	0.57167582432279629	0.56114136053771013	0.53341003343769211	SESSION	false
af0b7f804a8d8337572d6a4a6f2ddcb426defb1f4d5f28ed0fde54882050d00c	a2b3facd10cee4f0909891958654ec1a86b2615c602c30a726ea3c4bf4706c18	OBSOPEN_US30_20240315	2024-03-15	120	23	8	0.00000000000000000	0.57602898541280478	0.54648902728304094	0.53869388891628833	SESSION	false
af0b7f804a8d8337572d6a4a6f2ddcb426defb1f4d5f28ed0fde54882050d00c	a2b3facd10cee4f0909891958654ec1a86b2615c602c30a726ea3c4bf4706c18	OBSOPEN_US30_20240315	2024-03-15	120	23	9	0.00000000000000000	0.57602898541280478	0.59172769924955171	0.60453218769675487	SESSION	false
af0b7f804a8d8337572d6a4a6f2ddcb426defb1f4d5f28ed0fde54882050d00c	a2b3facd10cee4f0909891958654ec1a86b2615c602c30a726ea3c4bf4706c18	OBSOPEN_US30_20240315	2024-03-15	120	23	10	0.00000000000000000	0.57385372672695767	0.60768588654233446	0.60173109812447256	SESSION	false
af0b7f804a8d8337572d6a4a6f2ddcb426defb1f4d5f28ed0fde54882050d00c	a2b3facd10cee4f0909891958654ec1a86b2615c602c30a726ea3c4bf4706c18	OBSOPEN_US30_20240315	2024-03-15	120	23	11	1.00000000000000000	0.57385372672695767	0.62459984729081197	0.63195853722178219	SESSION	false
af0b7f804a8d8337572d6a4a6f2ddcb426defb1f4d5f28ed0fde54882050d00c	a2b3facd10cee4f0909891958654ec1a86b2615c602c30a726ea3c4bf4706c18	OBSOPEN_US30_20240315	2024-03-15	120	23	12	0.00000000000000000	0.57385372672695767	0.65815054622768077	0.65993724542294674	SESSION	false
af0b7f804a8d8337572d6a4a6f2ddcb426defb1f4d5f28ed0fde54882050d00c	a2b3facd10cee4f0909891958654ec1a86b2615c602c30a726ea3c4bf4706c18	OBSOPEN_US30_20240315	2024-03-15	120	23	13	1.00000000000000000	0.57530419738541227	0.61857230578933142	0.62014321255376126	SESSION	false
af0b7f804a8d8337572d6a4a6f2ddcb426defb1f4d5f28ed0fde54882050d00c	a2b3facd10cee4f0909891958654ec1a86b2615c602c30a726ea3c4bf4706c18	OBSOPEN_US30_20240315	2024-03-15	120	23	14	0.00000000000000000	0.57530419738541227	0.59433670648906234	0.59713664371675301	SESSION	false
af0b7f804a8d8337572d6a4a6f2ddcb426defb1f4d5f28ed0fde54882050d00c	a2b3facd10cee4f0909891958654ec1a86b2615c602c30a726ea3c4bf4706c18	OBSOPEN_US30_20240315	2024-03-15	120	23	15	0.00000000000000000	0.57385372672695767	0.49913286592939698	0.47818234686844913	SESSION	false
af0b7f804a8d8337572d6a4a6f2ddcb426defb1f4d5f28ed0fde54882050d00c	a2b3facd10cee4f0909891958654ec1a86b2615c602c30a726ea3c4bf4706c18	OBSOPEN_US30_20240315	2024-03-15	120	23	16	0.00000000000000000	0.57457911026715902	0.50319927266775455	0.50892230774287950	SESSION	false
af0b7f804a8d8337572d6a4a6f2ddcb426defb1f4d5f28ed0fde54882050d00c	a2b3facd10cee4f0909891958654ec1a86b2615c602c30a726ea3c4bf4706c18	OBSOPEN_US30_20240315	2024-03-15	120	23	17	0.00000000000000000	0.57602898541280478	0.50289855393007066	0.49669714705869156	SESSION	false
af0b7f804a8d8337572d6a4a6f2ddcb426defb1f4d5f28ed0fde54882050d00c	a2b3facd10cee4f0909891958654ec1a86b2615c602c30a726ea3c4bf4706c18	OBSOPEN_US30_20240315	2024-03-15	120	23	18	0.00000000000000000	0.57675347168440017	0.47162437515860622	0.47485145846918508	SESSION	false
af0b7f804a8d8337572d6a4a6f2ddcb426defb1f4d5f28ed0fde54882050d00c	a2b3facd10cee4f0909891958654ec1a86b2615c602c30a726ea3c4bf4706c18	OBSOPEN_US30_20240315	2024-03-15	120	23	19	1.00000000000000000	0.57747765353927083	0.44282047484863746	0.43766364519319378	SESSION	false
af0b7f804a8d8337572d6a4a6f2ddcb426defb1f4d5f28ed0fde54882050d00c	a2b3facd10cee4f0909891958654ec1a86b2615c602c30a726ea3c4bf4706c18	OBSOPEN_US30_20240315	2024-03-15	120	23	20	1.00000000000000000	0.57675347168440017	0.40442739257927363	0.39813173202990221	SESSION	false
af0b7f804a8d8337572d6a4a6f2ddcb426defb1f4d5f28ed0fde54882050d00c	a2b3facd10cee4f0909891958654ec1a86b2615c602c30a726ea3c4bf4706c18	OBSOPEN_US30_20240315	2024-03-15	120	23	21	0.00000000000000000	0.57385372672695767	0.42839839099552995	0.41838881199962508	SESSION	false
af0b7f804a8d8337572d6a4a6f2ddcb426defb1f4d5f28ed0fde54882050d00c	a2b3facd10cee4f0909891958654ec1a86b2615c602c30a726ea3c4bf4706c18	OBSOPEN_US30_20240315	2024-03-15	120	23	22	1.00000000000000000	0.57240208107606128	0.42504360312174588	0.40285795605321711	SESSION	false
af0b7f804a8d8337572d6a4a6f2ddcb426defb1f4d5f28ed0fde54882050d00c	a2b3facd10cee4f0909891958654ec1a86b2615c602c30a726ea3c4bf4706c18	OBSOPEN_US30_20240315	2024-03-15	120	23	23	1.00000000000000000	0.57240208107606128	0.39753428140133107	0.36843193769098465	SESSION	false
af0b7f804a8d8337572d6a4a6f2ddcb426defb1f4d5f28ed0fde54882050d00c	a2b3facd10cee4f0909891958654ec1a86b2615c602c30a726ea3c4bf4706c18	OBSOPEN_US30_20240315	2024-03-15	120	23	24	1.00000000000000000	0.57167582432279629	0.37651691579579566	0.35214448505569207	SESSION	false
af0b7f804a8d8337572d6a4a6f2ddcb426defb1f4d5f28ed0fde54882050d00c	a2b3facd10cee4f0909891958654ec1a86b2615c602c30a726ea3c4bf4706c18	OBSOPEN_US30_20240315	2024-03-15	120	23	25	1.00000000000000000	0.57385372672695767	0.36190213756784212	0.35741383206099686	SESSION	false
af0b7f804a8d8337572d6a4a6f2ddcb426defb1f4d5f28ed0fde54882050d00c	a2b3facd10cee4f0909891958654ec1a86b2615c602c30a726ea3c4bf4706c18	OBSOPEN_US30_20240315	2024-03-15	120	23	26	1.00000000000000000	0.57167582432279629	0.38877853564291287	0.37699613541173882	SESSION	false
af0b7f804a8d8337572d6a4a6f2ddcb426defb1f4d5f28ed0fde54882050d00c	a2b3facd10cee4f0909891958654ec1a86b2615c602c30a726ea3c4bf4706c18	OBSOPEN_US30_20240315	2024-03-15	120	23	27	1.00000000000000000	0.57094928186238081	0.38987490334241248	0.37383285512923248	SESSION	false
af0b7f804a8d8337572d6a4a6f2ddcb426defb1f4d5f28ed0fde54882050d00c	a2b3facd10cee4f0909891958654ec1a86b2615c602c30a726ea3c4bf4706c18	OBSOPEN_US30_20240315	2024-03-15	120	23	28	1.00000000000000000	0.57167582432279629	0.39246821549059718	0.37983627136806808	SESSION	false
af0b7f804a8d8337572d6a4a6f2ddcb426defb1f4d5f28ed0fde54882050d00c	a2b3facd10cee4f0909891958654ec1a86b2615c602c30a726ea3c4bf4706c18	OBSOPEN_US30_20240315	2024-03-15	120	23	29	1.00000000000000000	0.57094928186238081	0.39870146461063566	0.37937911160029958	SESSION	false
af0b7f804a8d8337572d6a4a6f2ddcb426defb1f4d5f28ed0fde54882050d00c	a2b3facd10cee4f0909891958654ec1a86b2615c602c30a726ea3c4bf4706c18	OBSOPEN_US30_20240315	2024-03-15	120	23	30	1.00000000000000000	0.57094928186238081	0.40114857432324935	0.38497217345099871	SESSION	false
af0b7f804a8d8337572d6a4a6f2ddcb426defb1f4d5f28ed0fde54882050d00c	a2b3facd10cee4f0909891958654ec1a86b2615c602c30a726ea3c4bf4706c18	OBSOPEN_US30_20240319	2024-03-19	120	24	1	1.00000000000000000	0.57360103306217602	0.52731107578508973	0.54493712874642219	SESSION	false
af0b7f804a8d8337572d6a4a6f2ddcb426defb1f4d5f28ed0fde54882050d00c	a2b3facd10cee4f0909891958654ec1a86b2615c602c30a726ea3c4bf4706c18	OBSOPEN_US30_20240319	2024-03-19	120	24	2	1.00000000000000000	0.57385372672695767	0.49358194467523270	0.43278301732300878	SESSION	false
af0b7f804a8d8337572d6a4a6f2ddcb426defb1f4d5f28ed0fde54882050d00c	a2b3facd10cee4f0909891958654ec1a86b2615c602c30a726ea3c4bf4706c18	OBSOPEN_US30_20240319	2024-03-19	120	24	3	1.00000000000000000	0.57385372672695767	0.49278414466020026	0.44805393869104465	SESSION	false
af0b7f804a8d8337572d6a4a6f2ddcb426defb1f4d5f28ed0fde54882050d00c	a2b3facd10cee4f0909891958654ec1a86b2615c602c30a726ea3c4bf4706c18	OBSOPEN_US30_20240319	2024-03-19	120	24	4	1.00000000000000000	0.57312804943766726	0.51533814468632944	0.49208708565749476	SESSION	false
af0b7f804a8d8337572d6a4a6f2ddcb426defb1f4d5f28ed0fde54882050d00c	a2b3facd10cee4f0909891958654ec1a86b2615c602c30a726ea3c4bf4706c18	OBSOPEN_US30_20240319	2024-03-19	120	24	5	1.00000000000000000	0.57240208107606128	0.51736768647875897	0.49590235750851719	SESSION	false
af0b7f804a8d8337572d6a4a6f2ddcb426defb1f4d5f28ed0fde54882050d00c	a2b3facd10cee4f0909891958654ec1a86b2615c602c30a726ea3c4bf4706c18	OBSOPEN_US30_20240319	2024-03-19	120	24	6	1.00000000000000000	0.57240208107606128	0.54713733325619507	0.58784177052629571	SESSION	false
af0b7f804a8d8337572d6a4a6f2ddcb426defb1f4d5f28ed0fde54882050d00c	a2b3facd10cee4f0909891958654ec1a86b2615c602c30a726ea3c4bf4706c18	OBSOPEN_US30_20240319	2024-03-19	120	24	7	1.00000000000000000	0.57167582432279629	0.58755990926513535	0.66822881670857170	SESSION	false
af0b7f804a8d8337572d6a4a6f2ddcb426defb1f4d5f28ed0fde54882050d00c	a2b3facd10cee4f0909891958654ec1a86b2615c602c30a726ea3c4bf4706c18	OBSOPEN_US30_20240319	2024-03-19	120	24	8	1.00000000000000000	0.57602898541280478	0.59204115487047870	0.68861287263808613	SESSION	false
af0b7f804a8d8337572d6a4a6f2ddcb426defb1f4d5f28ed0fde54882050d00c	a2b3facd10cee4f0909891958654ec1a86b2615c602c30a726ea3c4bf4706c18	OBSOPEN_US30_20240319	2024-03-19	120	24	9	1.00000000000000000	0.57602898541280478	0.62731545578249592	0.77360770985801153	SESSION	false
af0b7f804a8d8337572d6a4a6f2ddcb426defb1f4d5f28ed0fde54882050d00c	a2b3facd10cee4f0909891958654ec1a86b2615c602c30a726ea3c4bf4706c18	OBSOPEN_US30_20240319	2024-03-19	120	24	10	1.00000000000000000	0.57385372672695767	0.65682303119370700	0.77709823050815230	SESSION	false
af0b7f804a8d8337572d6a4a6f2ddcb426defb1f4d5f28ed0fde54882050d00c	a2b3facd10cee4f0909891958654ec1a86b2615c602c30a726ea3c4bf4706c18	OBSOPEN_US30_20240319	2024-03-19	120	24	11	1.00000000000000000	0.57385372672695767	0.66591801929333261	0.78063219183992449	SESSION	false
af0b7f804a8d8337572d6a4a6f2ddcb426defb1f4d5f28ed0fde54882050d00c	a2b3facd10cee4f0909891958654ec1a86b2615c602c30a726ea3c4bf4706c18	OBSOPEN_US30_20240319	2024-03-19	120	24	12	1.00000000000000000	0.57385372672695767	0.66769646262444238	0.75831513637243353	SESSION	false
af0b7f804a8d8337572d6a4a6f2ddcb426defb1f4d5f28ed0fde54882050d00c	a2b3facd10cee4f0909891958654ec1a86b2615c602c30a726ea3c4bf4706c18	OBSOPEN_US30_20240319	2024-03-19	120	24	13	1.00000000000000000	0.57530419738541227	0.64016336637086246	0.71958530478386729	SESSION	false
af0b7f804a8d8337572d6a4a6f2ddcb426defb1f4d5f28ed0fde54882050d00c	a2b3facd10cee4f0909891958654ec1a86b2615c602c30a726ea3c4bf4706c18	OBSOPEN_US30_20240319	2024-03-19	120	24	14	1.00000000000000000	0.57530419738541227	0.64349489151096739	0.72796875901566771	SESSION	false
af0b7f804a8d8337572d6a4a6f2ddcb426defb1f4d5f28ed0fde54882050d00c	a2b3facd10cee4f0909891958654ec1a86b2615c602c30a726ea3c4bf4706c18	OBSOPEN_US30_20240319	2024-03-19	120	24	15	1.00000000000000000	0.57385372672695767	0.63950515656097651	0.71405630144655707	SESSION	false
af0b7f804a8d8337572d6a4a6f2ddcb426defb1f4d5f28ed0fde54882050d00c	a2b3facd10cee4f0909891958654ec1a86b2615c602c30a726ea3c4bf4706c18	OBSOPEN_US30_20240319	2024-03-19	120	24	16	1.00000000000000000	0.57457911026715902	0.66187007499458894	0.76637423640000601	SESSION	false
af0b7f804a8d8337572d6a4a6f2ddcb426defb1f4d5f28ed0fde54882050d00c	a2b3facd10cee4f0909891958654ec1a86b2615c602c30a726ea3c4bf4706c18	OBSOPEN_US30_20240319	2024-03-19	120	24	17	1.00000000000000000	0.57602898541280478	0.66922030881871952	0.76593564282762783	SESSION	false
af0b7f804a8d8337572d6a4a6f2ddcb426defb1f4d5f28ed0fde54882050d00c	a2b3facd10cee4f0909891958654ec1a86b2615c602c30a726ea3c4bf4706c18	OBSOPEN_US30_20240319	2024-03-19	120	24	18	1.00000000000000000	0.57675347168440017	0.63952715619024825	0.72869199685857877	SESSION	false
af0b7f804a8d8337572d6a4a6f2ddcb426defb1f4d5f28ed0fde54882050d00c	a2b3facd10cee4f0909891958654ec1a86b2615c602c30a726ea3c4bf4706c18	OBSOPEN_US30_20240319	2024-03-19	120	24	19	1.00000000000000000	0.57747765353927083	0.60606814192230263	0.67280820731410373	SESSION	false
af0b7f804a8d8337572d6a4a6f2ddcb426defb1f4d5f28ed0fde54882050d00c	a2b3facd10cee4f0909891958654ec1a86b2615c602c30a726ea3c4bf4706c18	OBSOPEN_US30_20240319	2024-03-19	120	24	20	1.00000000000000000	0.57675347168440017	0.60286024519116299	0.67785944528441355	SESSION	false
af0b7f804a8d8337572d6a4a6f2ddcb426defb1f4d5f28ed0fde54882050d00c	a2b3facd10cee4f0909891958654ec1a86b2615c602c30a726ea3c4bf4706c18	OBSOPEN_US30_20240319	2024-03-19	120	24	21	1.00000000000000000	0.57385372672695767	0.58298221523384852	0.62528694821219621	SESSION	false
af0b7f804a8d8337572d6a4a6f2ddcb426defb1f4d5f28ed0fde54882050d00c	a2b3facd10cee4f0909891958654ec1a86b2615c602c30a726ea3c4bf4706c18	OBSOPEN_US30_20240319	2024-03-19	120	24	22	1.00000000000000000	0.57240208107606128	0.57849846315645470	0.62445567796921386	SESSION	false
af0b7f804a8d8337572d6a4a6f2ddcb426defb1f4d5f28ed0fde54882050d00c	a2b3facd10cee4f0909891958654ec1a86b2615c602c30a726ea3c4bf4706c18	OBSOPEN_US30_20240319	2024-03-19	120	24	23	1.00000000000000000	0.57240208107606128	0.59081497688843509	0.63459752108493039	SESSION	false
af0b7f804a8d8337572d6a4a6f2ddcb426defb1f4d5f28ed0fde54882050d00c	a2b3facd10cee4f0909891958654ec1a86b2615c602c30a726ea3c4bf4706c18	OBSOPEN_US30_20240319	2024-03-19	120	24	24	1.00000000000000000	0.57167582432279629	0.57823834949953290	0.60909435853561378	SESSION	false
af0b7f804a8d8337572d6a4a6f2ddcb426defb1f4d5f28ed0fde54882050d00c	a2b3facd10cee4f0909891958654ec1a86b2615c602c30a726ea3c4bf4706c18	OBSOPEN_US30_20240319	2024-03-19	120	24	25	1.00000000000000000	0.57385372672695767	0.58657957553559348	0.64418242921599478	SESSION	false
af0b7f804a8d8337572d6a4a6f2ddcb426defb1f4d5f28ed0fde54882050d00c	a2b3facd10cee4f0909891958654ec1a86b2615c602c30a726ea3c4bf4706c18	OBSOPEN_US30_20240319	2024-03-19	120	24	26	1.00000000000000000	0.57167582432279629	0.59371965871304733	0.63884839912615343	SESSION	false
af0b7f804a8d8337572d6a4a6f2ddcb426defb1f4d5f28ed0fde54882050d00c	a2b3facd10cee4f0909891958654ec1a86b2615c602c30a726ea3c4bf4706c18	OBSOPEN_US30_20240319	2024-03-19	120	24	27	1.00000000000000000	0.57094928186238081	0.63141573083028435	0.71716093896432809	SESSION	false
af0b7f804a8d8337572d6a4a6f2ddcb426defb1f4d5f28ed0fde54882050d00c	a2b3facd10cee4f0909891958654ec1a86b2615c602c30a726ea3c4bf4706c18	OBSOPEN_US30_20240319	2024-03-19	120	24	28	1.00000000000000000	0.57167582432279629	0.67070068227578838	0.77097584442516620	SESSION	false
af0b7f804a8d8337572d6a4a6f2ddcb426defb1f4d5f28ed0fde54882050d00c	a2b3facd10cee4f0909891958654ec1a86b2615c602c30a726ea3c4bf4706c18	OBSOPEN_US30_20240319	2024-03-19	120	24	29	1.00000000000000000	0.57094928186238081	0.64553762855667918	0.72177887729011625	SESSION	false
af0b7f804a8d8337572d6a4a6f2ddcb426defb1f4d5f28ed0fde54882050d00c	a2b3facd10cee4f0909891958654ec1a86b2615c602c30a726ea3c4bf4706c18	OBSOPEN_US30_20240319	2024-03-19	120	24	30	1.00000000000000000	0.57094928186238081	0.64052456018189285	0.72267782412375270	SESSION	false
af0b7f804a8d8337572d6a4a6f2ddcb426defb1f4d5f28ed0fde54882050d00c	a2b3facd10cee4f0909891958654ec1a86b2615c602c30a726ea3c4bf4706c18	OBSOPEN_US30_20240320	2024-03-20	120	25	1	1.00000000000000000	0.57360103306217602	0.52544532154005696	0.63274922655908350	SESSION	false
af0b7f804a8d8337572d6a4a6f2ddcb426defb1f4d5f28ed0fde54882050d00c	a2b3facd10cee4f0909891958654ec1a86b2615c602c30a726ea3c4bf4706c18	OBSOPEN_US30_20240320	2024-03-20	120	25	2	1.00000000000000000	0.57385372672695767	0.51575140845300527	0.47309933614517125	SESSION	false
af0b7f804a8d8337572d6a4a6f2ddcb426defb1f4d5f28ed0fde54882050d00c	a2b3facd10cee4f0909891958654ec1a86b2615c602c30a726ea3c4bf4706c18	OBSOPEN_US30_20240320	2024-03-20	120	25	3	1.00000000000000000	0.57385372672695767	0.51303607224696512	0.51279057208572210	SESSION	false
af0b7f804a8d8337572d6a4a6f2ddcb426defb1f4d5f28ed0fde54882050d00c	a2b3facd10cee4f0909891958654ec1a86b2615c602c30a726ea3c4bf4706c18	OBSOPEN_US30_20240320	2024-03-20	120	25	4	1.00000000000000000	0.57312804943766726	0.54538296478579795	0.62477961646786295	SESSION	false
af0b7f804a8d8337572d6a4a6f2ddcb426defb1f4d5f28ed0fde54882050d00c	a2b3facd10cee4f0909891958654ec1a86b2615c602c30a726ea3c4bf4706c18	OBSOPEN_US30_20240320	2024-03-20	120	25	5	1.00000000000000000	0.57240208107606128	0.56937964543988606	0.70391926340752875	SESSION	false
af0b7f804a8d8337572d6a4a6f2ddcb426defb1f4d5f28ed0fde54882050d00c	a2b3facd10cee4f0909891958654ec1a86b2615c602c30a726ea3c4bf4706c18	OBSOPEN_US30_20240320	2024-03-20	120	25	6	1.00000000000000000	0.57240208107606128	0.58202987699236386	0.72978255587019270	SESSION	false
af0b7f804a8d8337572d6a4a6f2ddcb426defb1f4d5f28ed0fde54882050d00c	a2b3facd10cee4f0909891958654ec1a86b2615c602c30a726ea3c4bf4706c18	OBSOPEN_US30_20240320	2024-03-20	120	25	7	1.00000000000000000	0.57167582432279629	0.58417792911966693	0.74659984038002591	SESSION	false
af0b7f804a8d8337572d6a4a6f2ddcb426defb1f4d5f28ed0fde54882050d00c	a2b3facd10cee4f0909891958654ec1a86b2615c602c30a726ea3c4bf4706c18	OBSOPEN_US30_20240320	2024-03-20	120	25	8	1.00000000000000000	0.57602898541280478	0.60845173917220308	0.77917830963102575	SESSION	false
af0b7f804a8d8337572d6a4a6f2ddcb426defb1f4d5f28ed0fde54882050d00c	a2b3facd10cee4f0909891958654ec1a86b2615c602c30a726ea3c4bf4706c18	OBSOPEN_US30_20240320	2024-03-20	120	25	9	1.00000000000000000	0.57602898541280478	0.61675008591348912	0.76819752049610190	SESSION	false
af0b7f804a8d8337572d6a4a6f2ddcb426defb1f4d5f28ed0fde54882050d00c	a2b3facd10cee4f0909891958654ec1a86b2615c602c30a726ea3c4bf4706c18	OBSOPEN_US30_20240320	2024-03-20	120	25	10	1.00000000000000000	0.57385372672695767	0.61686922757254847	0.76253863170075864	SESSION	false
af0b7f804a8d8337572d6a4a6f2ddcb426defb1f4d5f28ed0fde54882050d00c	a2b3facd10cee4f0909891958654ec1a86b2615c602c30a726ea3c4bf4706c18	OBSOPEN_US30_20240320	2024-03-20	120	25	11	1.00000000000000000	0.57385372672695767	0.62864215283945202	0.78295245296137239	SESSION	false
af0b7f804a8d8337572d6a4a6f2ddcb426defb1f4d5f28ed0fde54882050d00c	a2b3facd10cee4f0909891958654ec1a86b2615c602c30a726ea3c4bf4706c18	OBSOPEN_US30_20240320	2024-03-20	120	25	12	1.00000000000000000	0.57385372672695767	0.63965530675899884	0.78817121673588453	SESSION	false
af0b7f804a8d8337572d6a4a6f2ddcb426defb1f4d5f28ed0fde54882050d00c	a2b3facd10cee4f0909891958654ec1a86b2615c602c30a726ea3c4bf4706c18	OBSOPEN_US30_20240320	2024-03-20	120	25	13	1.00000000000000000	0.57530419738541227	0.64840555620908447	0.78999400762512217	SESSION	false
af0b7f804a8d8337572d6a4a6f2ddcb426defb1f4d5f28ed0fde54882050d00c	a2b3facd10cee4f0909891958654ec1a86b2615c602c30a726ea3c4bf4706c18	OBSOPEN_US30_20240320	2024-03-20	120	25	14	1.00000000000000000	0.57530419738541227	0.65644012211902092	0.80194377541347839	SESSION	false
af0b7f804a8d8337572d6a4a6f2ddcb426defb1f4d5f28ed0fde54882050d00c	a2b3facd10cee4f0909891958654ec1a86b2615c602c30a726ea3c4bf4706c18	OBSOPEN_US30_20240320	2024-03-20	120	25	15	1.00000000000000000	0.57385372672695767	0.65052868778165718	0.77947433824397327	SESSION	false
af0b7f804a8d8337572d6a4a6f2ddcb426defb1f4d5f28ed0fde54882050d00c	a2b3facd10cee4f0909891958654ec1a86b2615c602c30a726ea3c4bf4706c18	OBSOPEN_US30_20240320	2024-03-20	120	25	16	1.00000000000000000	0.57457911026715902	0.64276009460155414	0.77203364759966109	SESSION	false
af0b7f804a8d8337572d6a4a6f2ddcb426defb1f4d5f28ed0fde54882050d00c	a2b3facd10cee4f0909891958654ec1a86b2615c602c30a726ea3c4bf4706c18	OBSOPEN_US30_20240320	2024-03-20	120	25	17	1.00000000000000000	0.57602898541280478	0.64002067371281668	0.77056209319894542	SESSION	false
af0b7f804a8d8337572d6a4a6f2ddcb426defb1f4d5f28ed0fde54882050d00c	a2b3facd10cee4f0909891958654ec1a86b2615c602c30a726ea3c4bf4706c18	OBSOPEN_US30_20240320	2024-03-20	120	25	18	1.00000000000000000	0.57675347168440017	0.64851874617448535	0.79235507162839169	SESSION	false
af0b7f804a8d8337572d6a4a6f2ddcb426defb1f4d5f28ed0fde54882050d00c	a2b3facd10cee4f0909891958654ec1a86b2615c602c30a726ea3c4bf4706c18	OBSOPEN_US30_20240320	2024-03-20	120	25	19	1.00000000000000000	0.57747765353927083	0.66299519563878084	0.81223471745273812	SESSION	false
af0b7f804a8d8337572d6a4a6f2ddcb426defb1f4d5f28ed0fde54882050d00c	a2b3facd10cee4f0909891958654ec1a86b2615c602c30a726ea3c4bf4706c18	OBSOPEN_US30_20240320	2024-03-20	120	25	20	1.00000000000000000	0.57675347168440017	0.65669867976010732	0.78833788517037262	SESSION	false
af0b7f804a8d8337572d6a4a6f2ddcb426defb1f4d5f28ed0fde54882050d00c	a2b3facd10cee4f0909891958654ec1a86b2615c602c30a726ea3c4bf4706c18	OBSOPEN_US30_20240320	2024-03-20	120	25	21	1.00000000000000000	0.57385372672695767	0.63440754350962314	0.74648038181036702	SESSION	false
af0b7f804a8d8337572d6a4a6f2ddcb426defb1f4d5f28ed0fde54882050d00c	a2b3facd10cee4f0909891958654ec1a86b2615c602c30a726ea3c4bf4706c18	OBSOPEN_US30_20240320	2024-03-20	120	25	22	1.00000000000000000	0.57240208107606128	0.63737518448047215	0.75034471762518273	SESSION	false
af0b7f804a8d8337572d6a4a6f2ddcb426defb1f4d5f28ed0fde54882050d00c	a2b3facd10cee4f0909891958654ec1a86b2615c602c30a726ea3c4bf4706c18	OBSOPEN_US30_20240320	2024-03-20	120	25	23	1.00000000000000000	0.57240208107606128	0.65182647912952774	0.77644274062823648	SESSION	false
af0b7f804a8d8337572d6a4a6f2ddcb426defb1f4d5f28ed0fde54882050d00c	a2b3facd10cee4f0909891958654ec1a86b2615c602c30a726ea3c4bf4706c18	OBSOPEN_US30_20240320	2024-03-20	120	25	24	1.00000000000000000	0.57167582432279629	0.64840020411738064	0.76284299239631093	SESSION	false
af0b7f804a8d8337572d6a4a6f2ddcb426defb1f4d5f28ed0fde54882050d00c	a2b3facd10cee4f0909891958654ec1a86b2615c602c30a726ea3c4bf4706c18	OBSOPEN_US30_20240320	2024-03-20	120	25	25	1.00000000000000000	0.57385372672695767	0.63747963006409625	0.74938254216378630	SESSION	false
af0b7f804a8d8337572d6a4a6f2ddcb426defb1f4d5f28ed0fde54882050d00c	a2b3facd10cee4f0909891958654ec1a86b2615c602c30a726ea3c4bf4706c18	OBSOPEN_US30_20240320	2024-03-20	120	25	26	1.00000000000000000	0.57167582432279629	0.62781972310959877	0.72669672096643123	SESSION	false
af0b7f804a8d8337572d6a4a6f2ddcb426defb1f4d5f28ed0fde54882050d00c	a2b3facd10cee4f0909891958654ec1a86b2615c602c30a726ea3c4bf4706c18	OBSOPEN_US30_20240320	2024-03-20	120	25	27	1.00000000000000000	0.57094928186238081	0.62940125054741936	0.74045016904169947	SESSION	false
af0b7f804a8d8337572d6a4a6f2ddcb426defb1f4d5f28ed0fde54882050d00c	a2b3facd10cee4f0909891958654ec1a86b2615c602c30a726ea3c4bf4706c18	OBSOPEN_US30_20240320	2024-03-20	120	25	28	1.00000000000000000	0.57167582432279629	0.62529114202569092	0.72311665713894191	SESSION	false
af0b7f804a8d8337572d6a4a6f2ddcb426defb1f4d5f28ed0fde54882050d00c	a2b3facd10cee4f0909891958654ec1a86b2615c602c30a726ea3c4bf4706c18	OBSOPEN_US30_20240320	2024-03-20	120	25	29	1.00000000000000000	0.57094928186238081	0.61872621430723829	0.71442823451883053	SESSION	false
af0b7f804a8d8337572d6a4a6f2ddcb426defb1f4d5f28ed0fde54882050d00c	a2b3facd10cee4f0909891958654ec1a86b2615c602c30a726ea3c4bf4706c18	OBSOPEN_US30_20240320	2024-03-20	120	25	30	1.00000000000000000	0.57094928186238081	0.62924795645267206	0.73231916730106505	SESSION	false
af0b7f804a8d8337572d6a4a6f2ddcb426defb1f4d5f28ed0fde54882050d00c	a2b3facd10cee4f0909891958654ec1a86b2615c602c30a726ea3c4bf4706c18	OBSOPEN_US30_20240322	2024-03-22	120	26	1	0.00000000000000000	0.57360103306217602	0.53191037028128074	0.67415339896908277	SESSION	false
af0b7f804a8d8337572d6a4a6f2ddcb426defb1f4d5f28ed0fde54882050d00c	a2b3facd10cee4f0909891958654ec1a86b2615c602c30a726ea3c4bf4706c18	OBSOPEN_US30_20240322	2024-03-22	120	26	2	0.00000000000000000	0.57385372672695767	0.55552092261701247	0.68957254530205592	SESSION	false
af0b7f804a8d8337572d6a4a6f2ddcb426defb1f4d5f28ed0fde54882050d00c	a2b3facd10cee4f0909891958654ec1a86b2615c602c30a726ea3c4bf4706c18	OBSOPEN_US30_20240322	2024-03-22	120	26	3	0.00000000000000000	0.57385372672695767	0.51474963352071057	0.47034938276206528	SESSION	false
af0b7f804a8d8337572d6a4a6f2ddcb426defb1f4d5f28ed0fde54882050d00c	a2b3facd10cee4f0909891958654ec1a86b2615c602c30a726ea3c4bf4706c18	OBSOPEN_US30_20240322	2024-03-22	120	26	4	0.00000000000000000	0.57312804943766726	0.48624530856089593	0.40595656309514733	SESSION	false
af0b7f804a8d8337572d6a4a6f2ddcb426defb1f4d5f28ed0fde54882050d00c	a2b3facd10cee4f0909891958654ec1a86b2615c602c30a726ea3c4bf4706c18	OBSOPEN_US30_20240322	2024-03-22	120	26	5	0.00000000000000000	0.57240208107606128	0.49283305319095760	0.42416640714919540	SESSION	false
af0b7f804a8d8337572d6a4a6f2ddcb426defb1f4d5f28ed0fde54882050d00c	a2b3facd10cee4f0909891958654ec1a86b2615c602c30a726ea3c4bf4706c18	OBSOPEN_US30_20240322	2024-03-22	120	26	6	0.00000000000000000	0.57240208107606128	0.52078085624124770	0.52708216245684625	SESSION	false
af0b7f804a8d8337572d6a4a6f2ddcb426defb1f4d5f28ed0fde54882050d00c	a2b3facd10cee4f0909891958654ec1a86b2615c602c30a726ea3c4bf4706c18	OBSOPEN_US30_20240322	2024-03-22	120	26	7	0.00000000000000000	0.57167582432279629	0.51332887296384788	0.49409603753091413	SESSION	false
af0b7f804a8d8337572d6a4a6f2ddcb426defb1f4d5f28ed0fde54882050d00c	a2b3facd10cee4f0909891958654ec1a86b2615c602c30a726ea3c4bf4706c18	OBSOPEN_US30_20240322	2024-03-22	120	26	8	0.00000000000000000	0.57602898541280478	0.49887635124865487	0.46021146880663028	SESSION	false
af0b7f804a8d8337572d6a4a6f2ddcb426defb1f4d5f28ed0fde54882050d00c	a2b3facd10cee4f0909891958654ec1a86b2615c602c30a726ea3c4bf4706c18	OBSOPEN_US30_20240322	2024-03-22	120	26	9	0.00000000000000000	0.57602898541280478	0.50926367376386461	0.50214174955916724	SESSION	false
af0b7f804a8d8337572d6a4a6f2ddcb426defb1f4d5f28ed0fde54882050d00c	a2b3facd10cee4f0909891958654ec1a86b2615c602c30a726ea3c4bf4706c18	OBSOPEN_US30_20240322	2024-03-22	120	26	10	0.00000000000000000	0.57385372672695767	0.52143278324408560	0.51804738023632890	SESSION	false
af0b7f804a8d8337572d6a4a6f2ddcb426defb1f4d5f28ed0fde54882050d00c	a2b3facd10cee4f0909891958654ec1a86b2615c602c30a726ea3c4bf4706c18	OBSOPEN_US30_20240322	2024-03-22	120	26	11	0.00000000000000000	0.57385372672695767	0.51854676873815442	0.50231727103063761	SESSION	false
af0b7f804a8d8337572d6a4a6f2ddcb426defb1f4d5f28ed0fde54882050d00c	a2b3facd10cee4f0909891958654ec1a86b2615c602c30a726ea3c4bf4706c18	OBSOPEN_US30_20240322	2024-03-22	120	26	12	0.00000000000000000	0.57385372672695767	0.49037326214792126	0.42258881514605218	SESSION	false
af0b7f804a8d8337572d6a4a6f2ddcb426defb1f4d5f28ed0fde54882050d00c	a2b3facd10cee4f0909891958654ec1a86b2615c602c30a726ea3c4bf4706c18	OBSOPEN_US30_20240322	2024-03-22	120	26	13	0.00000000000000000	0.57530419738541227	0.46997074899005198	0.37960339775881208	SESSION	false
af0b7f804a8d8337572d6a4a6f2ddcb426defb1f4d5f28ed0fde54882050d00c	a2b3facd10cee4f0909891958654ec1a86b2615c602c30a726ea3c4bf4706c18	OBSOPEN_US30_20240322	2024-03-22	120	26	14	0.00000000000000000	0.57530419738541227	0.46338396021443368	0.38415013833792727	SESSION	false
af0b7f804a8d8337572d6a4a6f2ddcb426defb1f4d5f28ed0fde54882050d00c	a2b3facd10cee4f0909891958654ec1a86b2615c602c30a726ea3c4bf4706c18	OBSOPEN_US30_20240322	2024-03-22	120	26	15	0.00000000000000000	0.57385372672695767	0.45175002027643579	0.36370685215105730	SESSION	false
af0b7f804a8d8337572d6a4a6f2ddcb426defb1f4d5f28ed0fde54882050d00c	a2b3facd10cee4f0909891958654ec1a86b2615c602c30a726ea3c4bf4706c18	OBSOPEN_US30_20240322	2024-03-22	120	26	16	0.00000000000000000	0.57457911026715902	0.44855556094701565	0.36660860012277224	SESSION	false
af0b7f804a8d8337572d6a4a6f2ddcb426defb1f4d5f28ed0fde54882050d00c	a2b3facd10cee4f0909891958654ec1a86b2615c602c30a726ea3c4bf4706c18	OBSOPEN_US30_20240322	2024-03-22	120	26	17	0.00000000000000000	0.57602898541280478	0.46284544902026481	0.42518932928759867	SESSION	false
af0b7f804a8d8337572d6a4a6f2ddcb426defb1f4d5f28ed0fde54882050d00c	a2b3facd10cee4f0909891958654ec1a86b2615c602c30a726ea3c4bf4706c18	OBSOPEN_US30_20240322	2024-03-22	120	26	18	0.00000000000000000	0.57675347168440017	0.48283760256187663	0.47310590663952995	SESSION	false
af0b7f804a8d8337572d6a4a6f2ddcb426defb1f4d5f28ed0fde54882050d00c	a2b3facd10cee4f0909891958654ec1a86b2615c602c30a726ea3c4bf4706c18	OBSOPEN_US30_20240322	2024-03-22	120	26	19	0.00000000000000000	0.57747765353927083	0.49834847904718516	0.48852532750932315	SESSION	false
af0b7f804a8d8337572d6a4a6f2ddcb426defb1f4d5f28ed0fde54882050d00c	a2b3facd10cee4f0909891958654ec1a86b2615c602c30a726ea3c4bf4706c18	OBSOPEN_US30_20240322	2024-03-22	120	26	20	0.00000000000000000	0.57675347168440017	0.47389240466545840	0.44160043457201187	SESSION	false
af0b7f804a8d8337572d6a4a6f2ddcb426defb1f4d5f28ed0fde54882050d00c	a2b3facd10cee4f0909891958654ec1a86b2615c602c30a726ea3c4bf4706c18	OBSOPEN_US30_20240322	2024-03-22	120	26	21	0.00000000000000000	0.57385372672695767	0.45690802549076265	0.40798084480769553	SESSION	false
af0b7f804a8d8337572d6a4a6f2ddcb426defb1f4d5f28ed0fde54882050d00c	a2b3facd10cee4f0909891958654ec1a86b2615c602c30a726ea3c4bf4706c18	OBSOPEN_US30_20240322	2024-03-22	120	26	22	0.00000000000000000	0.57240208107606128	0.45165506890284157	0.38852218014633799	SESSION	false
af0b7f804a8d8337572d6a4a6f2ddcb426defb1f4d5f28ed0fde54882050d00c	a2b3facd10cee4f0909891958654ec1a86b2615c602c30a726ea3c4bf4706c18	OBSOPEN_US30_20240322	2024-03-22	120	26	23	0.00000000000000000	0.57240208107606128	0.47453772638230696	0.44318479201285466	SESSION	false
af0b7f804a8d8337572d6a4a6f2ddcb426defb1f4d5f28ed0fde54882050d00c	a2b3facd10cee4f0909891958654ec1a86b2615c602c30a726ea3c4bf4706c18	OBSOPEN_US30_20240322	2024-03-22	120	26	24	0.00000000000000000	0.57167582432279629	0.47380172219836775	0.42340567771502330	SESSION	false
af0b7f804a8d8337572d6a4a6f2ddcb426defb1f4d5f28ed0fde54882050d00c	a2b3facd10cee4f0909891958654ec1a86b2615c602c30a726ea3c4bf4706c18	OBSOPEN_US30_20240322	2024-03-22	120	26	25	0.00000000000000000	0.57385372672695767	0.46205718354944747	0.40993182074262635	SESSION	false
af0b7f804a8d8337572d6a4a6f2ddcb426defb1f4d5f28ed0fde54882050d00c	a2b3facd10cee4f0909891958654ec1a86b2615c602c30a726ea3c4bf4706c18	OBSOPEN_US30_20240322	2024-03-22	120	26	26	0.00000000000000000	0.57167582432279629	0.45580793302835548	0.39768807009845958	SESSION	false
af0b7f804a8d8337572d6a4a6f2ddcb426defb1f4d5f28ed0fde54882050d00c	a2b3facd10cee4f0909891958654ec1a86b2615c602c30a726ea3c4bf4706c18	OBSOPEN_US30_20240322	2024-03-22	120	26	27	0.00000000000000000	0.57094928186238081	0.46146620212896788	0.40360059666979281	SESSION	false
af0b7f804a8d8337572d6a4a6f2ddcb426defb1f4d5f28ed0fde54882050d00c	a2b3facd10cee4f0909891958654ec1a86b2615c602c30a726ea3c4bf4706c18	OBSOPEN_US30_20240322	2024-03-22	120	26	28	0.00000000000000000	0.57167582432279629	0.46050933532435245	0.40527523382114183	SESSION	false
af0b7f804a8d8337572d6a4a6f2ddcb426defb1f4d5f28ed0fde54882050d00c	a2b3facd10cee4f0909891958654ec1a86b2615c602c30a726ea3c4bf4706c18	OBSOPEN_US30_20240322	2024-03-22	120	26	29	0.00000000000000000	0.57094928186238081	0.47080868000697718	0.42642894743174231	SESSION	false
af0b7f804a8d8337572d6a4a6f2ddcb426defb1f4d5f28ed0fde54882050d00c	a2b3facd10cee4f0909891958654ec1a86b2615c602c30a726ea3c4bf4706c18	OBSOPEN_US30_20240322	2024-03-22	120	26	30	0.00000000000000000	0.57094928186238081	0.45741401602877446	0.39591736349627327	SESSION	false
af0b7f804a8d8337572d6a4a6f2ddcb426defb1f4d5f28ed0fde54882050d00c	a2b3facd10cee4f0909891958654ec1a86b2615c602c30a726ea3c4bf4706c18	OBSOPEN_US30_20240325	2024-03-25	120	27	1	0.00000000000000000	0.57360103306217602	0.51915150641318630	0.55845983603625737	SESSION	false
af0b7f804a8d8337572d6a4a6f2ddcb426defb1f4d5f28ed0fde54882050d00c	a2b3facd10cee4f0909891958654ec1a86b2615c602c30a726ea3c4bf4706c18	OBSOPEN_US30_20240325	2024-03-25	120	27	2	0.00000000000000000	0.57385372672695767	0.52427808008041699	0.57171781021616130	SESSION	false
af0b7f804a8d8337572d6a4a6f2ddcb426defb1f4d5f28ed0fde54882050d00c	a2b3facd10cee4f0909891958654ec1a86b2615c602c30a726ea3c4bf4706c18	OBSOPEN_US30_20240325	2024-03-25	120	27	3	0.00000000000000000	0.57385372672695767	0.52953398458693324	0.55218528017541213	SESSION	false
af0b7f804a8d8337572d6a4a6f2ddcb426defb1f4d5f28ed0fde54882050d00c	a2b3facd10cee4f0909891958654ec1a86b2615c602c30a726ea3c4bf4706c18	OBSOPEN_US30_20240325	2024-03-25	120	27	4	0.00000000000000000	0.57312804943766726	0.51350718270471629	0.50647213157162319	SESSION	false
af0b7f804a8d8337572d6a4a6f2ddcb426defb1f4d5f28ed0fde54882050d00c	a2b3facd10cee4f0909891958654ec1a86b2615c602c30a726ea3c4bf4706c18	OBSOPEN_US30_20240325	2024-03-25	120	27	5	0.00000000000000000	0.57240208107606128	0.52414560018509715	0.54158204497608953	SESSION	false
af0b7f804a8d8337572d6a4a6f2ddcb426defb1f4d5f28ed0fde54882050d00c	a2b3facd10cee4f0909891958654ec1a86b2615c602c30a726ea3c4bf4706c18	OBSOPEN_US30_20240325	2024-03-25	120	27	6	0.00000000000000000	0.57240208107606128	0.50932852752114277	0.46493894457668172	SESSION	false
af0b7f804a8d8337572d6a4a6f2ddcb426defb1f4d5f28ed0fde54882050d00c	a2b3facd10cee4f0909891958654ec1a86b2615c602c30a726ea3c4bf4706c18	OBSOPEN_US30_20240325	2024-03-25	120	27	7	0.00000000000000000	0.57167582432279629	0.53418441360138469	0.61707603553737089	SESSION	false
af0b7f804a8d8337572d6a4a6f2ddcb426defb1f4d5f28ed0fde54882050d00c	a2b3facd10cee4f0909891958654ec1a86b2615c602c30a726ea3c4bf4706c18	OBSOPEN_US30_20240325	2024-03-25	120	27	8	0.00000000000000000	0.57602898541280478	0.54185621910598614	0.60905343848620042	SESSION	false
af0b7f804a8d8337572d6a4a6f2ddcb426defb1f4d5f28ed0fde54882050d00c	a2b3facd10cee4f0909891958654ec1a86b2615c602c30a726ea3c4bf4706c18	OBSOPEN_US30_20240325	2024-03-25	120	27	9	0.00000000000000000	0.57602898541280478	0.53498093817176395	0.58076256196995979	SESSION	false
af0b7f804a8d8337572d6a4a6f2ddcb426defb1f4d5f28ed0fde54882050d00c	a2b3facd10cee4f0909891958654ec1a86b2615c602c30a726ea3c4bf4706c18	OBSOPEN_US30_20240325	2024-03-25	120	27	10	0.00000000000000000	0.57385372672695767	0.54241428283331750	0.62422079175717460	SESSION	false
af0b7f804a8d8337572d6a4a6f2ddcb426defb1f4d5f28ed0fde54882050d00c	a2b3facd10cee4f0909891958654ec1a86b2615c602c30a726ea3c4bf4706c18	OBSOPEN_US30_20240325	2024-03-25	120	27	11	0.00000000000000000	0.57385372672695767	0.51093303293175429	0.47701845048083708	SESSION	false
af0b7f804a8d8337572d6a4a6f2ddcb426defb1f4d5f28ed0fde54882050d00c	a2b3facd10cee4f0909891958654ec1a86b2615c602c30a726ea3c4bf4706c18	OBSOPEN_US30_20240325	2024-03-25	120	27	12	0.00000000000000000	0.57385372672695767	0.51905101580817947	0.56470748840069029	SESSION	false
af0b7f804a8d8337572d6a4a6f2ddcb426defb1f4d5f28ed0fde54882050d00c	a2b3facd10cee4f0909891958654ec1a86b2615c602c30a726ea3c4bf4706c18	OBSOPEN_US30_20240325	2024-03-25	120	27	13	0.00000000000000000	0.57530419738541227	0.54249468597723538	0.62625610246264518	SESSION	false
af0b7f804a8d8337572d6a4a6f2ddcb426defb1f4d5f28ed0fde54882050d00c	a2b3facd10cee4f0909891958654ec1a86b2615c602c30a726ea3c4bf4706c18	OBSOPEN_US30_20240325	2024-03-25	120	27	14	0.00000000000000000	0.57530419738541227	0.52792083404855072	0.55014340399134576	SESSION	false
af0b7f804a8d8337572d6a4a6f2ddcb426defb1f4d5f28ed0fde54882050d00c	a2b3facd10cee4f0909891958654ec1a86b2615c602c30a726ea3c4bf4706c18	OBSOPEN_US30_20240325	2024-03-25	120	27	15	0.00000000000000000	0.57385372672695767	0.51650668998276861	0.50979568086101335	SESSION	false
af0b7f804a8d8337572d6a4a6f2ddcb426defb1f4d5f28ed0fde54882050d00c	a2b3facd10cee4f0909891958654ec1a86b2615c602c30a726ea3c4bf4706c18	OBSOPEN_US30_20240325	2024-03-25	120	27	16	0.00000000000000000	0.57457911026715902	0.49675822354073923	0.45149875607488277	SESSION	false
af0b7f804a8d8337572d6a4a6f2ddcb426defb1f4d5f28ed0fde54882050d00c	a2b3facd10cee4f0909891958654ec1a86b2615c602c30a726ea3c4bf4706c18	OBSOPEN_US30_20240325	2024-03-25	120	27	17	0.00000000000000000	0.57602898541280478	0.49510570630138645	0.48848006066085992	SESSION	false
af0b7f804a8d8337572d6a4a6f2ddcb426defb1f4d5f28ed0fde54882050d00c	a2b3facd10cee4f0909891958654ec1a86b2615c602c30a726ea3c4bf4706c18	OBSOPEN_US30_20240325	2024-03-25	120	27	18	0.00000000000000000	0.57675347168440017	0.48981856640686516	0.44741200402335662	SESSION	false
af0b7f804a8d8337572d6a4a6f2ddcb426defb1f4d5f28ed0fde54882050d00c	a2b3facd10cee4f0909891958654ec1a86b2615c602c30a726ea3c4bf4706c18	OBSOPEN_US30_20240325	2024-03-25	120	27	19	0.00000000000000000	0.57747765353927083	0.46741897272613664	0.40521698943887358	SESSION	false
af0b7f804a8d8337572d6a4a6f2ddcb426defb1f4d5f28ed0fde54882050d00c	a2b3facd10cee4f0909891958654ec1a86b2615c602c30a726ea3c4bf4706c18	OBSOPEN_US30_20240325	2024-03-25	120	27	20	0.00000000000000000	0.57675347168440017	0.45941262778193920	0.39113885719386238	SESSION	false
af0b7f804a8d8337572d6a4a6f2ddcb426defb1f4d5f28ed0fde54882050d00c	a2b3facd10cee4f0909891958654ec1a86b2615c602c30a726ea3c4bf4706c18	OBSOPEN_US30_20240325	2024-03-25	120	27	21	0.00000000000000000	0.57385372672695767	0.47618421110061376	0.43113015690863415	SESSION	false
af0b7f804a8d8337572d6a4a6f2ddcb426defb1f4d5f28ed0fde54882050d00c	a2b3facd10cee4f0909891958654ec1a86b2615c602c30a726ea3c4bf4706c18	OBSOPEN_US30_20240325	2024-03-25	120	27	22	0.00000000000000000	0.57240208107606128	0.49910625873261205	0.47806421476195915	SESSION	false
af0b7f804a8d8337572d6a4a6f2ddcb426defb1f4d5f28ed0fde54882050d00c	a2b3facd10cee4f0909891958654ec1a86b2615c602c30a726ea3c4bf4706c18	OBSOPEN_US30_20240325	2024-03-25	120	27	23	0.00000000000000000	0.57240208107606128	0.50884644319359718	0.49049636405524716	SESSION	false
af0b7f804a8d8337572d6a4a6f2ddcb426defb1f4d5f28ed0fde54882050d00c	a2b3facd10cee4f0909891958654ec1a86b2615c602c30a726ea3c4bf4706c18	OBSOPEN_US30_20240325	2024-03-25	120	27	24	0.00000000000000000	0.57167582432279629	0.49491508529255196	0.45691027078396890	SESSION	false
af0b7f804a8d8337572d6a4a6f2ddcb426defb1f4d5f28ed0fde54882050d00c	a2b3facd10cee4f0909891958654ec1a86b2615c602c30a726ea3c4bf4706c18	OBSOPEN_US30_20240325	2024-03-25	120	27	25	0.00000000000000000	0.57385372672695767	0.49907527582374728	0.46886539070612415	SESSION	false
af0b7f804a8d8337572d6a4a6f2ddcb426defb1f4d5f28ed0fde54882050d00c	a2b3facd10cee4f0909891958654ec1a86b2615c602c30a726ea3c4bf4706c18	OBSOPEN_US30_20240325	2024-03-25	120	27	26	0.00000000000000000	0.57167582432279629	0.50407472900296324	0.48507808044025402	SESSION	false
af0b7f804a8d8337572d6a4a6f2ddcb426defb1f4d5f28ed0fde54882050d00c	a2b3facd10cee4f0909891958654ec1a86b2615c602c30a726ea3c4bf4706c18	OBSOPEN_US30_20240325	2024-03-25	120	27	27	0.00000000000000000	0.57094928186238081	0.49337655994874302	0.44991296753619425	SESSION	false
af0b7f804a8d8337572d6a4a6f2ddcb426defb1f4d5f28ed0fde54882050d00c	a2b3facd10cee4f0909891958654ec1a86b2615c602c30a726ea3c4bf4706c18	OBSOPEN_US30_20240325	2024-03-25	120	27	28	0.00000000000000000	0.57167582432279629	0.48715649468090499	0.44721788393239942	SESSION	false
af0b7f804a8d8337572d6a4a6f2ddcb426defb1f4d5f28ed0fde54882050d00c	a2b3facd10cee4f0909891958654ec1a86b2615c602c30a726ea3c4bf4706c18	OBSOPEN_US30_20240325	2024-03-25	120	27	29	0.00000000000000000	0.57094928186238081	0.50493664302806140	0.48088383041445393	SESSION	false
af0b7f804a8d8337572d6a4a6f2ddcb426defb1f4d5f28ed0fde54882050d00c	a2b3facd10cee4f0909891958654ec1a86b2615c602c30a726ea3c4bf4706c18	OBSOPEN_US30_20240325	2024-03-25	120	27	30	0.00000000000000000	0.57094928186238081	0.52522204632039815	0.54044179025938810	SESSION	false
af0b7f804a8d8337572d6a4a6f2ddcb426defb1f4d5f28ed0fde54882050d00c	a2b3facd10cee4f0909891958654ec1a86b2615c602c30a726ea3c4bf4706c18	OBSOPEN_US30_20240402	2024-04-02	180	28	1	0.00000000000000000	0.53677039834323015	0.49526538717724949	0.52999443619828168	SESSION	false
af0b7f804a8d8337572d6a4a6f2ddcb426defb1f4d5f28ed0fde54882050d00c	a2b3facd10cee4f0909891958654ec1a86b2615c602c30a726ea3c4bf4706c18	OBSOPEN_US30_20240402	2024-04-02	180	28	2	0.00000000000000000	0.53702730163740919	0.48706087369593393	0.41768900772372680	SESSION	false
af0b7f804a8d8337572d6a4a6f2ddcb426defb1f4d5f28ed0fde54882050d00c	a2b3facd10cee4f0909891958654ec1a86b2615c602c30a726ea3c4bf4706c18	OBSOPEN_US30_20240402	2024-04-02	180	28	3	0.00000000000000000	0.53702730163740919	0.45305448998238657	0.35691666731051080	SESSION	false
af0b7f804a8d8337572d6a4a6f2ddcb426defb1f4d5f28ed0fde54882050d00c	a2b3facd10cee4f0909891958654ec1a86b2615c602c30a726ea3c4bf4706c18	OBSOPEN_US30_20240402	2024-04-02	180	28	4	0.00000000000000000	0.53628958781724945	0.49181293334212317	0.45971800044295197	SESSION	false
af0b7f804a8d8337572d6a4a6f2ddcb426defb1f4d5f28ed0fde54882050d00c	a2b3facd10cee4f0909891958654ec1a86b2615c602c30a726ea3c4bf4706c18	OBSOPEN_US30_20240402	2024-04-02	180	28	5	0.00000000000000000	0.53555173939429335	0.47921208968586954	0.39238688484052597	SESSION	false
af0b7f804a8d8337572d6a4a6f2ddcb426defb1f4d5f28ed0fde54882050d00c	a2b3facd10cee4f0909891958654ec1a86b2615c602c30a726ea3c4bf4706c18	OBSOPEN_US30_20240402	2024-04-02	180	28	6	0.00000000000000000	0.53555173939429335	0.44531564987311201	0.33852955339185120	SESSION	false
af0b7f804a8d8337572d6a4a6f2ddcb426defb1f4d5f28ed0fde54882050d00c	a2b3facd10cee4f0909891958654ec1a86b2615c602c30a726ea3c4bf4706c18	OBSOPEN_US30_20240402	2024-04-02	180	28	7	0.00000000000000000	0.53481375923329733	0.43512214847257663	0.32470153503219379	SESSION	false
af0b7f804a8d8337572d6a4a6f2ddcb426defb1f4d5f28ed0fde54882050d00c	a2b3facd10cee4f0909891958654ec1a86b2615c602c30a726ea3c4bf4706c18	OBSOPEN_US30_20240402	2024-04-02	180	28	8	0.00000000000000000	0.53923960685686589	0.41304287706405080	0.32852877816313286	SESSION	false
af0b7f804a8d8337572d6a4a6f2ddcb426defb1f4d5f28ed0fde54882050d00c	a2b3facd10cee4f0909891958654ec1a86b2615c602c30a726ea3c4bf4706c18	OBSOPEN_US30_20240402	2024-04-02	180	28	9	1.00000000000000000	0.53923960685686589	0.42255429467762146	0.35710512771329983	SESSION	false
af0b7f804a8d8337572d6a4a6f2ddcb426defb1f4d5f28ed0fde54882050d00c	a2b3facd10cee4f0909891958654ec1a86b2615c602c30a726ea3c4bf4706c18	OBSOPEN_US30_20240402	2024-04-02	180	28	10	1.00000000000000000	0.53702730163740919	0.46171926657994744	0.40588310414283407	SESSION	false
af0b7f804a8d8337572d6a4a6f2ddcb426defb1f4d5f28ed0fde54882050d00c	a2b3facd10cee4f0909891958654ec1a86b2615c602c30a726ea3c4bf4706c18	OBSOPEN_US30_20240402	2024-04-02	180	28	11	1.00000000000000000	0.53702730163740919	0.45750481555825862	0.39340345825082113	SESSION	false
af0b7f804a8d8337572d6a4a6f2ddcb426defb1f4d5f28ed0fde54882050d00c	a2b3facd10cee4f0909891958654ec1a86b2615c602c30a726ea3c4bf4706c18	OBSOPEN_US30_20240402	2024-04-02	180	28	12	0.00000000000000000	0.53702730163740919	0.46303582506882551	0.40447004896829575	SESSION	false
af0b7f804a8d8337572d6a4a6f2ddcb426defb1f4d5f28ed0fde54882050d00c	a2b3facd10cee4f0909891958654ec1a86b2615c602c30a726ea3c4bf4706c18	OBSOPEN_US30_20240402	2024-04-02	180	28	13	0.00000000000000000	0.53850231401805004	0.42542684245596107	0.34529265012708099	SESSION	false
af0b7f804a8d8337572d6a4a6f2ddcb426defb1f4d5f28ed0fde54882050d00c	a2b3facd10cee4f0909891958654ec1a86b2615c602c30a726ea3c4bf4706c18	OBSOPEN_US30_20240402	2024-04-02	180	28	14	1.00000000000000000	0.53850231401805004	0.40727721024110464	0.33137180224350565	SESSION	false
af0b7f804a8d8337572d6a4a6f2ddcb426defb1f4d5f28ed0fde54882050d00c	a2b3facd10cee4f0909891958654ec1a86b2615c602c30a726ea3c4bf4706c18	OBSOPEN_US30_20240402	2024-04-02	180	28	15	0.00000000000000000	0.53702730163740919	0.41788763361792042	0.34002951648275642	SESSION	false
af0b7f804a8d8337572d6a4a6f2ddcb426defb1f4d5f28ed0fde54882050d00c	a2b3facd10cee4f0909891958654ec1a86b2615c602c30a726ea3c4bf4706c18	OBSOPEN_US30_20240402	2024-04-02	180	28	16	0.00000000000000000	0.53776487799155581	0.40352594981086842	0.32017007154879085	SESSION	false
af0b7f804a8d8337572d6a4a6f2ddcb426defb1f4d5f28ed0fde54882050d00c	a2b3facd10cee4f0909891958654ec1a86b2615c602c30a726ea3c4bf4706c18	OBSOPEN_US30_20240402	2024-04-02	180	28	17	0.00000000000000000	0.53923960685686589	0.38383653696086739	0.30487953585055111	SESSION	false
af0b7f804a8d8337572d6a4a6f2ddcb426defb1f4d5f28ed0fde54882050d00c	a2b3facd10cee4f0909891958654ec1a86b2615c602c30a726ea3c4bf4706c18	OBSOPEN_US30_20240402	2024-04-02	180	28	18	0.00000000000000000	0.53997675364962783	0.39125042578256142	0.33701506723888341	SESSION	false
af0b7f804a8d8337572d6a4a6f2ddcb426defb1f4d5f28ed0fde54882050d00c	a2b3facd10cee4f0909891958654ec1a86b2615c602c30a726ea3c4bf4706c18	OBSOPEN_US30_20240402	2024-04-02	180	28	19	0.00000000000000000	0.54071375153964718	0.41042704750779402	0.35655140315650602	SESSION	false
af0b7f804a8d8337572d6a4a6f2ddcb426defb1f4d5f28ed0fde54882050d00c	a2b3facd10cee4f0909891958654ec1a86b2615c602c30a726ea3c4bf4706c18	OBSOPEN_US30_20240402	2024-04-02	180	28	20	0.00000000000000000	0.53997675364962783	0.38764993761870747	0.32461707634150516	SESSION	false
af0b7f804a8d8337572d6a4a6f2ddcb426defb1f4d5f28ed0fde54882050d00c	a2b3facd10cee4f0909891958654ec1a86b2615c602c30a726ea3c4bf4706c18	OBSOPEN_US30_20240402	2024-04-02	180	28	21	0.00000000000000000	0.53702730163740919	0.37571034523774993	0.31773226382355102	SESSION	false
af0b7f804a8d8337572d6a4a6f2ddcb426defb1f4d5f28ed0fde54882050d00c	a2b3facd10cee4f0909891958654ec1a86b2615c602c30a726ea3c4bf4706c18	OBSOPEN_US30_20240402	2024-04-02	180	28	22	1.00000000000000000	0.53555173939429335	0.34458204917979207	0.28320626167453966	SESSION	false
af0b7f804a8d8337572d6a4a6f2ddcb426defb1f4d5f28ed0fde54882050d00c	a2b3facd10cee4f0909891958654ec1a86b2615c602c30a726ea3c4bf4706c18	OBSOPEN_US30_20240402	2024-04-02	180	28	23	1.00000000000000000	0.53555173939429335	0.36658658320454679	0.32444866858206795	SESSION	false
af0b7f804a8d8337572d6a4a6f2ddcb426defb1f4d5f28ed0fde54882050d00c	a2b3facd10cee4f0909891958654ec1a86b2615c602c30a726ea3c4bf4706c18	OBSOPEN_US30_20240402	2024-04-02	180	28	24	1.00000000000000000	0.53481375923329733	0.37641982365478172	0.32534043633301118	SESSION	false
af0b7f804a8d8337572d6a4a6f2ddcb426defb1f4d5f28ed0fde54882050d00c	a2b3facd10cee4f0909891958654ec1a86b2615c602c30a726ea3c4bf4706c18	OBSOPEN_US30_20240402	2024-04-02	180	28	25	1.00000000000000000	0.53702730163740919	0.42060954377292742	0.38399968083970754	SESSION	false
af0b7f804a8d8337572d6a4a6f2ddcb426defb1f4d5f28ed0fde54882050d00c	a2b3facd10cee4f0909891958654ec1a86b2615c602c30a726ea3c4bf4706c18	OBSOPEN_US30_20240402	2024-04-02	180	28	26	1.00000000000000000	0.53481375923329733	0.45477346296365639	0.40226865523580790	SESSION	false
af0b7f804a8d8337572d6a4a6f2ddcb426defb1f4d5f28ed0fde54882050d00c	a2b3facd10cee4f0909891958654ec1a86b2615c602c30a726ea3c4bf4706c18	OBSOPEN_US30_20240402	2024-04-02	180	28	27	0.00000000000000000	0.53407565020052150	0.41437026988805153	0.35493608763005785	SESSION	false
af0b7f804a8d8337572d6a4a6f2ddcb426defb1f4d5f28ed0fde54882050d00c	a2b3facd10cee4f0909891958654ec1a86b2615c602c30a726ea3c4bf4706c18	OBSOPEN_US30_20240402	2024-04-02	180	28	28	0.00000000000000000	0.53481375923329733	0.40077615895951474	0.35058811021146785	SESSION	false
af0b7f804a8d8337572d6a4a6f2ddcb426defb1f4d5f28ed0fde54882050d00c	a2b3facd10cee4f0909891958654ec1a86b2615c602c30a726ea3c4bf4706c18	OBSOPEN_US30_20240402	2024-04-02	180	28	29	0.00000000000000000	0.53407565020052150	0.40340669175618005	0.35057927568940100	SESSION	false
af0b7f804a8d8337572d6a4a6f2ddcb426defb1f4d5f28ed0fde54882050d00c	a2b3facd10cee4f0909891958654ec1a86b2615c602c30a726ea3c4bf4706c18	OBSOPEN_US30_20240402	2024-04-02	180	28	30	0.00000000000000000	0.53407565020052150	0.43807888164437547	0.39170540736651865	SESSION	false
af0b7f804a8d8337572d6a4a6f2ddcb426defb1f4d5f28ed0fde54882050d00c	a2b3facd10cee4f0909891958654ec1a86b2615c602c30a726ea3c4bf4706c18	OBSOPEN_US30_20240404	2024-04-04	180	29	1	0.00000000000000000	0.53677039834323015	0.50305004135922393	0.56482905492994151	SESSION	false
af0b7f804a8d8337572d6a4a6f2ddcb426defb1f4d5f28ed0fde54882050d00c	a2b3facd10cee4f0909891958654ec1a86b2615c602c30a726ea3c4bf4706c18	OBSOPEN_US30_20240404	2024-04-04	180	29	2	0.00000000000000000	0.53702730163740919	0.51853229514304977	0.58289477453938621	SESSION	false
af0b7f804a8d8337572d6a4a6f2ddcb426defb1f4d5f28ed0fde54882050d00c	a2b3facd10cee4f0909891958654ec1a86b2615c602c30a726ea3c4bf4706c18	OBSOPEN_US30_20240404	2024-04-04	180	29	3	0.00000000000000000	0.53702730163740919	0.51763485170043366	0.57502595844455984	SESSION	false
af0b7f804a8d8337572d6a4a6f2ddcb426defb1f4d5f28ed0fde54882050d00c	a2b3facd10cee4f0909891958654ec1a86b2615c602c30a726ea3c4bf4706c18	OBSOPEN_US30_20240404	2024-04-04	180	29	4	0.00000000000000000	0.53628958781724945	0.48477166618883161	0.40873551634498306	SESSION	false
af0b7f804a8d8337572d6a4a6f2ddcb426defb1f4d5f28ed0fde54882050d00c	a2b3facd10cee4f0909891958654ec1a86b2615c602c30a726ea3c4bf4706c18	OBSOPEN_US30_20240404	2024-04-04	180	29	5	0.00000000000000000	0.53555173939429335	0.48552295137981843	0.45460920569162427	SESSION	false
af0b7f804a8d8337572d6a4a6f2ddcb426defb1f4d5f28ed0fde54882050d00c	a2b3facd10cee4f0909891958654ec1a86b2615c602c30a726ea3c4bf4706c18	OBSOPEN_US30_20240404	2024-04-04	180	29	6	0.00000000000000000	0.53555173939429335	0.52820888400752275	0.66440188297532576	SESSION	false
af0b7f804a8d8337572d6a4a6f2ddcb426defb1f4d5f28ed0fde54882050d00c	a2b3facd10cee4f0909891958654ec1a86b2615c602c30a726ea3c4bf4706c18	OBSOPEN_US30_20240404	2024-04-04	180	29	7	0.00000000000000000	0.53481375923329733	0.51187552795776914	0.54258837837261242	SESSION	false
af0b7f804a8d8337572d6a4a6f2ddcb426defb1f4d5f28ed0fde54882050d00c	a2b3facd10cee4f0909891958654ec1a86b2615c602c30a726ea3c4bf4706c18	OBSOPEN_US30_20240404	2024-04-04	180	29	8	0.00000000000000000	0.53923960685686589	0.47628375258679773	0.39587627939114328	SESSION	false
af0b7f804a8d8337572d6a4a6f2ddcb426defb1f4d5f28ed0fde54882050d00c	a2b3facd10cee4f0909891958654ec1a86b2615c602c30a726ea3c4bf4706c18	OBSOPEN_US30_20240404	2024-04-04	180	29	9	0.00000000000000000	0.53923960685686589	0.44569231971265860	0.31444202081491729	SESSION	false
af0b7f804a8d8337572d6a4a6f2ddcb426defb1f4d5f28ed0fde54882050d00c	a2b3facd10cee4f0909891958654ec1a86b2615c602c30a726ea3c4bf4706c18	OBSOPEN_US30_20240404	2024-04-04	180	29	10	0.00000000000000000	0.53702730163740919	0.45718704733971877	0.37381149356703230	SESSION	false
af0b7f804a8d8337572d6a4a6f2ddcb426defb1f4d5f28ed0fde54882050d00c	a2b3facd10cee4f0909891958654ec1a86b2615c602c30a726ea3c4bf4706c18	OBSOPEN_US30_20240404	2024-04-04	180	29	11	0.00000000000000000	0.53702730163740919	0.48562643682020007	0.44389759685868485	SESSION	false
af0b7f804a8d8337572d6a4a6f2ddcb426defb1f4d5f28ed0fde54882050d00c	a2b3facd10cee4f0909891958654ec1a86b2615c602c30a726ea3c4bf4706c18	OBSOPEN_US30_20240404	2024-04-04	180	29	12	0.00000000000000000	0.53702730163740919	0.49741433054606826	0.46297939865087567	SESSION	false
af0b7f804a8d8337572d6a4a6f2ddcb426defb1f4d5f28ed0fde54882050d00c	a2b3facd10cee4f0909891958654ec1a86b2615c602c30a726ea3c4bf4706c18	OBSOPEN_US30_20240404	2024-04-04	180	29	13	0.00000000000000000	0.53850231401805004	0.48282164307557651	0.43530657416279589	SESSION	false
af0b7f804a8d8337572d6a4a6f2ddcb426defb1f4d5f28ed0fde54882050d00c	a2b3facd10cee4f0909891958654ec1a86b2615c602c30a726ea3c4bf4706c18	OBSOPEN_US30_20240404	2024-04-04	180	29	14	0.00000000000000000	0.53850231401805004	0.45037437411057690	0.34251375279887536	SESSION	false
af0b7f804a8d8337572d6a4a6f2ddcb426defb1f4d5f28ed0fde54882050d00c	a2b3facd10cee4f0909891958654ec1a86b2615c602c30a726ea3c4bf4706c18	OBSOPEN_US30_20240404	2024-04-04	180	29	15	0.00000000000000000	0.53702730163740919	0.43216732052662676	0.31951916163316502	SESSION	false
af0b7f804a8d8337572d6a4a6f2ddcb426defb1f4d5f28ed0fde54882050d00c	a2b3facd10cee4f0909891958654ec1a86b2615c602c30a726ea3c4bf4706c18	OBSOPEN_US30_20240404	2024-04-04	180	29	16	0.00000000000000000	0.53776487799155581	0.42081913919095654	0.30498702064811523	SESSION	false
af0b7f804a8d8337572d6a4a6f2ddcb426defb1f4d5f28ed0fde54882050d00c	a2b3facd10cee4f0909891958654ec1a86b2615c602c30a726ea3c4bf4706c18	OBSOPEN_US30_20240404	2024-04-04	180	29	17	0.00000000000000000	0.53923960685686589	0.42227397998994509	0.33235793965045568	SESSION	false
af0b7f804a8d8337572d6a4a6f2ddcb426defb1f4d5f28ed0fde54882050d00c	a2b3facd10cee4f0909891958654ec1a86b2615c602c30a726ea3c4bf4706c18	OBSOPEN_US30_20240404	2024-04-04	180	29	18	0.00000000000000000	0.53997675364962783	0.40478275495905713	0.32238181680644645	SESSION	false
af0b7f804a8d8337572d6a4a6f2ddcb426defb1f4d5f28ed0fde54882050d00c	a2b3facd10cee4f0909891958654ec1a86b2615c602c30a726ea3c4bf4706c18	OBSOPEN_US30_20240404	2024-04-04	180	29	19	0.00000000000000000	0.54071375153964718	0.39484507545222897	0.31318283737576352	SESSION	false
af0b7f804a8d8337572d6a4a6f2ddcb426defb1f4d5f28ed0fde54882050d00c	a2b3facd10cee4f0909891958654ec1a86b2615c602c30a726ea3c4bf4706c18	OBSOPEN_US30_20240404	2024-04-04	180	29	20	0.00000000000000000	0.53997675364962783	0.38661160236853614	0.30773386705932415	SESSION	false
af0b7f804a8d8337572d6a4a6f2ddcb426defb1f4d5f28ed0fde54882050d00c	a2b3facd10cee4f0909891958654ec1a86b2615c602c30a726ea3c4bf4706c18	OBSOPEN_US30_20240404	2024-04-04	180	29	21	0.00000000000000000	0.53702730163740919	0.39707622425301292	0.33054917485078544	SESSION	false
af0b7f804a8d8337572d6a4a6f2ddcb426defb1f4d5f28ed0fde54882050d00c	a2b3facd10cee4f0909891958654ec1a86b2615c602c30a726ea3c4bf4706c18	OBSOPEN_US30_20240404	2024-04-04	180	29	22	0.00000000000000000	0.53555173939429335	0.38360936949929936	0.30585784687932793	SESSION	false
af0b7f804a8d8337572d6a4a6f2ddcb426defb1f4d5f28ed0fde54882050d00c	a2b3facd10cee4f0909891958654ec1a86b2615c602c30a726ea3c4bf4706c18	OBSOPEN_US30_20240404	2024-04-04	180	29	23	0.00000000000000000	0.53555173939429335	0.35862275505559021	0.28511158596891301	SESSION	false
af0b7f804a8d8337572d6a4a6f2ddcb426defb1f4d5f28ed0fde54882050d00c	a2b3facd10cee4f0909891958654ec1a86b2615c602c30a726ea3c4bf4706c18	OBSOPEN_US30_20240404	2024-04-04	180	29	24	0.00000000000000000	0.53481375923329733	0.35201793776089380	0.27989209605823812	SESSION	false
af0b7f804a8d8337572d6a4a6f2ddcb426defb1f4d5f28ed0fde54882050d00c	a2b3facd10cee4f0909891958654ec1a86b2615c602c30a726ea3c4bf4706c18	OBSOPEN_US30_20240404	2024-04-04	180	29	25	0.00000000000000000	0.53702730163740919	0.35481085077510294	0.29446443453425375	SESSION	false
af0b7f804a8d8337572d6a4a6f2ddcb426defb1f4d5f28ed0fde54882050d00c	a2b3facd10cee4f0909891958654ec1a86b2615c602c30a726ea3c4bf4706c18	OBSOPEN_US30_20240404	2024-04-04	180	29	26	0.00000000000000000	0.53481375923329733	0.35941344471960074	0.30185509488291418	SESSION	false
af0b7f804a8d8337572d6a4a6f2ddcb426defb1f4d5f28ed0fde54882050d00c	a2b3facd10cee4f0909891958654ec1a86b2615c602c30a726ea3c4bf4706c18	OBSOPEN_US30_20240404	2024-04-04	180	29	27	0.00000000000000000	0.53407565020052150	0.37015121109257720	0.31017814694197893	SESSION	false
af0b7f804a8d8337572d6a4a6f2ddcb426defb1f4d5f28ed0fde54882050d00c	a2b3facd10cee4f0909891958654ec1a86b2615c602c30a726ea3c4bf4706c18	OBSOPEN_US30_20240404	2024-04-04	180	29	28	0.00000000000000000	0.53481375923329733	0.35404719447223920	0.29695908655598946	SESSION	false
af0b7f804a8d8337572d6a4a6f2ddcb426defb1f4d5f28ed0fde54882050d00c	a2b3facd10cee4f0909891958654ec1a86b2615c602c30a726ea3c4bf4706c18	OBSOPEN_US30_20240404	2024-04-04	180	29	29	0.00000000000000000	0.53407565020052150	0.34295194478850849	0.28857730425000172	SESSION	false
af0b7f804a8d8337572d6a4a6f2ddcb426defb1f4d5f28ed0fde54882050d00c	a2b3facd10cee4f0909891958654ec1a86b2615c602c30a726ea3c4bf4706c18	OBSOPEN_US30_20240404	2024-04-04	180	29	30	0.00000000000000000	0.53407565020052150	0.38055888984992498	0.32965793785542685	SESSION	false
af0b7f804a8d8337572d6a4a6f2ddcb426defb1f4d5f28ed0fde54882050d00c	a2b3facd10cee4f0909891958654ec1a86b2615c602c30a726ea3c4bf4706c18	OBSOPEN_US30_20240409	2024-04-09	180	30	1	0.00000000000000000	0.53677039834323015	0.48679094693295899	0.44774765376619330	SESSION	false
af0b7f804a8d8337572d6a4a6f2ddcb426defb1f4d5f28ed0fde54882050d00c	a2b3facd10cee4f0909891958654ec1a86b2615c602c30a726ea3c4bf4706c18	OBSOPEN_US30_20240409	2024-04-09	180	30	2	0.00000000000000000	0.53702730163740919	0.52620420100011522	0.65352584063967234	SESSION	false
af0b7f804a8d8337572d6a4a6f2ddcb426defb1f4d5f28ed0fde54882050d00c	a2b3facd10cee4f0909891958654ec1a86b2615c602c30a726ea3c4bf4706c18	OBSOPEN_US30_20240409	2024-04-09	180	30	3	0.00000000000000000	0.53702730163740919	0.56463644140189650	0.66769864424396042	SESSION	false
af0b7f804a8d8337572d6a4a6f2ddcb426defb1f4d5f28ed0fde54882050d00c	a2b3facd10cee4f0909891958654ec1a86b2615c602c30a726ea3c4bf4706c18	OBSOPEN_US30_20240409	2024-04-09	180	30	4	0.00000000000000000	0.53628958781724945	0.54788373419611180	0.61803676734359692	SESSION	false
af0b7f804a8d8337572d6a4a6f2ddcb426defb1f4d5f28ed0fde54882050d00c	a2b3facd10cee4f0909891958654ec1a86b2615c602c30a726ea3c4bf4706c18	OBSOPEN_US30_20240409	2024-04-09	180	30	5	0.00000000000000000	0.53555173939429335	0.53531916951495784	0.58202351478900760	SESSION	false
af0b7f804a8d8337572d6a4a6f2ddcb426defb1f4d5f28ed0fde54882050d00c	a2b3facd10cee4f0909891958654ec1a86b2615c602c30a726ea3c4bf4706c18	OBSOPEN_US30_20240409	2024-04-09	180	30	6	0.00000000000000000	0.53555173939429335	0.51218375000784466	0.51532622622406887	SESSION	false
af0b7f804a8d8337572d6a4a6f2ddcb426defb1f4d5f28ed0fde54882050d00c	a2b3facd10cee4f0909891958654ec1a86b2615c602c30a726ea3c4bf4706c18	OBSOPEN_US30_20240409	2024-04-09	180	30	7	0.00000000000000000	0.53481375923329733	0.54397827612335825	0.64837209856093825	SESSION	false
af0b7f804a8d8337572d6a4a6f2ddcb426defb1f4d5f28ed0fde54882050d00c	a2b3facd10cee4f0909891958654ec1a86b2615c602c30a726ea3c4bf4706c18	OBSOPEN_US30_20240409	2024-04-09	180	30	8	0.00000000000000000	0.53923960685686589	0.57004234021927158	0.68412083036324900	SESSION	false
af0b7f804a8d8337572d6a4a6f2ddcb426defb1f4d5f28ed0fde54882050d00c	a2b3facd10cee4f0909891958654ec1a86b2615c602c30a726ea3c4bf4706c18	OBSOPEN_US30_20240409	2024-04-09	180	30	9	0.00000000000000000	0.53923960685686589	0.53661787509188552	0.59336389090485586	SESSION	false
af0b7f804a8d8337572d6a4a6f2ddcb426defb1f4d5f28ed0fde54882050d00c	a2b3facd10cee4f0909891958654ec1a86b2615c602c30a726ea3c4bf4706c18	OBSOPEN_US30_20240409	2024-04-09	180	30	10	0.00000000000000000	0.53702730163740919	0.52032237426871497	0.54749245583550965	SESSION	false
af0b7f804a8d8337572d6a4a6f2ddcb426defb1f4d5f28ed0fde54882050d00c	a2b3facd10cee4f0909891958654ec1a86b2615c602c30a726ea3c4bf4706c18	OBSOPEN_US30_20240409	2024-04-09	180	30	11	0.00000000000000000	0.53702730163740919	0.50566007434185511	0.48973146943334250	SESSION	false
af0b7f804a8d8337572d6a4a6f2ddcb426defb1f4d5f28ed0fde54882050d00c	a2b3facd10cee4f0909891958654ec1a86b2615c602c30a726ea3c4bf4706c18	OBSOPEN_US30_20240409	2024-04-09	180	30	12	0.00000000000000000	0.53702730163740919	0.45560935510573741	0.33988580858978690	SESSION	false
af0b7f804a8d8337572d6a4a6f2ddcb426defb1f4d5f28ed0fde54882050d00c	a2b3facd10cee4f0909891958654ec1a86b2615c602c30a726ea3c4bf4706c18	OBSOPEN_US30_20240409	2024-04-09	180	30	13	0.00000000000000000	0.53850231401805004	0.44089972056048776	0.32619912432819487	SESSION	false
af0b7f804a8d8337572d6a4a6f2ddcb426defb1f4d5f28ed0fde54882050d00c	a2b3facd10cee4f0909891958654ec1a86b2615c602c30a726ea3c4bf4706c18	OBSOPEN_US30_20240409	2024-04-09	180	30	14	0.00000000000000000	0.53850231401805004	0.44145770164895232	0.33470940570463070	SESSION	false
af0b7f804a8d8337572d6a4a6f2ddcb426defb1f4d5f28ed0fde54882050d00c	a2b3facd10cee4f0909891958654ec1a86b2615c602c30a726ea3c4bf4706c18	OBSOPEN_US30_20240409	2024-04-09	180	30	15	0.00000000000000000	0.53702730163740919	0.43951270980333451	0.34851336852359194	SESSION	false
af0b7f804a8d8337572d6a4a6f2ddcb426defb1f4d5f28ed0fde54882050d00c	a2b3facd10cee4f0909891958654ec1a86b2615c602c30a726ea3c4bf4706c18	OBSOPEN_US30_20240409	2024-04-09	180	30	16	0.00000000000000000	0.53776487799155581	0.42003609081586379	0.31781078884385838	SESSION	false
af0b7f804a8d8337572d6a4a6f2ddcb426defb1f4d5f28ed0fde54882050d00c	a2b3facd10cee4f0909891958654ec1a86b2615c602c30a726ea3c4bf4706c18	OBSOPEN_US30_20240409	2024-04-09	180	30	17	0.00000000000000000	0.53923960685686589	0.41466068931520550	0.31695059502963446	SESSION	false
af0b7f804a8d8337572d6a4a6f2ddcb426defb1f4d5f28ed0fde54882050d00c	a2b3facd10cee4f0909891958654ec1a86b2615c602c30a726ea3c4bf4706c18	OBSOPEN_US30_20240409	2024-04-09	180	30	18	0.00000000000000000	0.53997675364962783	0.41043635615433377	0.32727836675107058	SESSION	false
af0b7f804a8d8337572d6a4a6f2ddcb426defb1f4d5f28ed0fde54882050d00c	a2b3facd10cee4f0909891958654ec1a86b2615c602c30a726ea3c4bf4706c18	OBSOPEN_US30_20240409	2024-04-09	180	30	19	0.00000000000000000	0.54071375153964718	0.40929045851580081	0.33291351899272142	SESSION	false
af0b7f804a8d8337572d6a4a6f2ddcb426defb1f4d5f28ed0fde54882050d00c	a2b3facd10cee4f0909891958654ec1a86b2615c602c30a726ea3c4bf4706c18	OBSOPEN_US30_20240409	2024-04-09	180	30	20	0.00000000000000000	0.53997675364962783	0.40360597399353826	0.34661980652639185	SESSION	false
af0b7f804a8d8337572d6a4a6f2ddcb426defb1f4d5f28ed0fde54882050d00c	a2b3facd10cee4f0909891958654ec1a86b2615c602c30a726ea3c4bf4706c18	OBSOPEN_US30_20240409	2024-04-09	180	30	21	0.00000000000000000	0.53702730163740919	0.37790767371390094	0.30742014491948838	SESSION	false
af0b7f804a8d8337572d6a4a6f2ddcb426defb1f4d5f28ed0fde54882050d00c	a2b3facd10cee4f0909891958654ec1a86b2615c602c30a726ea3c4bf4706c18	OBSOPEN_US30_20240409	2024-04-09	180	30	22	0.00000000000000000	0.53555173939429335	0.36224328477160822	0.28618039380345572	SESSION	false
af0b7f804a8d8337572d6a4a6f2ddcb426defb1f4d5f28ed0fde54882050d00c	a2b3facd10cee4f0909891958654ec1a86b2615c602c30a726ea3c4bf4706c18	OBSOPEN_US30_20240409	2024-04-09	180	30	23	0.00000000000000000	0.53555173939429335	0.36615496522457930	0.30801027601379805	SESSION	false
af0b7f804a8d8337572d6a4a6f2ddcb426defb1f4d5f28ed0fde54882050d00c	a2b3facd10cee4f0909891958654ec1a86b2615c602c30a726ea3c4bf4706c18	OBSOPEN_US30_20240409	2024-04-09	180	30	24	0.00000000000000000	0.53481375923329733	0.34682414422852065	0.28654485768780991	SESSION	false
af0b7f804a8d8337572d6a4a6f2ddcb426defb1f4d5f28ed0fde54882050d00c	a2b3facd10cee4f0909891958654ec1a86b2615c602c30a726ea3c4bf4706c18	OBSOPEN_US30_20240409	2024-04-09	180	30	25	0.00000000000000000	0.53702730163740919	0.34819532871319270	0.30397381522451000	SESSION	false
af0b7f804a8d8337572d6a4a6f2ddcb426defb1f4d5f28ed0fde54882050d00c	a2b3facd10cee4f0909891958654ec1a86b2615c602c30a726ea3c4bf4706c18	OBSOPEN_US30_20240409	2024-04-09	180	30	26	0.00000000000000000	0.53481375923329733	0.36265981650535145	0.31381857832555515	SESSION	false
af0b7f804a8d8337572d6a4a6f2ddcb426defb1f4d5f28ed0fde54882050d00c	a2b3facd10cee4f0909891958654ec1a86b2615c602c30a726ea3c4bf4706c18	OBSOPEN_US30_20240409	2024-04-09	180	30	27	0.00000000000000000	0.53407565020052150	0.35700299505545696	0.30222831777537335	SESSION	false
af0b7f804a8d8337572d6a4a6f2ddcb426defb1f4d5f28ed0fde54882050d00c	a2b3facd10cee4f0909891958654ec1a86b2615c602c30a726ea3c4bf4706c18	OBSOPEN_US30_20240409	2024-04-09	180	30	28	0.00000000000000000	0.53481375923329733	0.34880730278415484	0.30132120275107604	SESSION	false
af0b7f804a8d8337572d6a4a6f2ddcb426defb1f4d5f28ed0fde54882050d00c	a2b3facd10cee4f0909891958654ec1a86b2615c602c30a726ea3c4bf4706c18	OBSOPEN_US30_20240409	2024-04-09	180	30	29	0.00000000000000000	0.53407565020052150	0.36205495498378726	0.30965762888558157	SESSION	false
af0b7f804a8d8337572d6a4a6f2ddcb426defb1f4d5f28ed0fde54882050d00c	a2b3facd10cee4f0909891958654ec1a86b2615c602c30a726ea3c4bf4706c18	OBSOPEN_US30_20240409	2024-04-09	180	30	30	0.00000000000000000	0.53407565020052150	0.38054387990757199	0.32699614054665738	SESSION	false
af0b7f804a8d8337572d6a4a6f2ddcb426defb1f4d5f28ed0fde54882050d00c	a2b3facd10cee4f0909891958654ec1a86b2615c602c30a726ea3c4bf4706c18	OBSOPEN_US30_20240418	2024-04-18	180	31	1	1.00000000000000000	0.53677039834323015	0.52157506222768746	0.71826965852630253	SESSION	false
af0b7f804a8d8337572d6a4a6f2ddcb426defb1f4d5f28ed0fde54882050d00c	a2b3facd10cee4f0909891958654ec1a86b2615c602c30a726ea3c4bf4706c18	OBSOPEN_US30_20240418	2024-04-18	180	31	2	1.00000000000000000	0.53702730163740919	0.53930543418186483	0.67801209460054745	SESSION	false
af0b7f804a8d8337572d6a4a6f2ddcb426defb1f4d5f28ed0fde54882050d00c	a2b3facd10cee4f0909891958654ec1a86b2615c602c30a726ea3c4bf4706c18	OBSOPEN_US30_20240418	2024-04-18	180	31	3	1.00000000000000000	0.53702730163740919	0.56375562321262540	0.71489242114050411	SESSION	false
af0b7f804a8d8337572d6a4a6f2ddcb426defb1f4d5f28ed0fde54882050d00c	a2b3facd10cee4f0909891958654ec1a86b2615c602c30a726ea3c4bf4706c18	OBSOPEN_US30_20240418	2024-04-18	180	31	4	1.00000000000000000	0.53628958781724945	0.53800796883000512	0.58363016030310066	SESSION	false
af0b7f804a8d8337572d6a4a6f2ddcb426defb1f4d5f28ed0fde54882050d00c	a2b3facd10cee4f0909891958654ec1a86b2615c602c30a726ea3c4bf4706c18	OBSOPEN_US30_20240418	2024-04-18	180	31	5	1.00000000000000000	0.53555173939429335	0.46424702001678209	0.34996332543870501	SESSION	false
af0b7f804a8d8337572d6a4a6f2ddcb426defb1f4d5f28ed0fde54882050d00c	a2b3facd10cee4f0909891958654ec1a86b2615c602c30a726ea3c4bf4706c18	OBSOPEN_US30_20240418	2024-04-18	180	31	6	1.00000000000000000	0.53555173939429335	0.43993075694910877	0.31175312459166421	SESSION	false
af0b7f804a8d8337572d6a4a6f2ddcb426defb1f4d5f28ed0fde54882050d00c	a2b3facd10cee4f0909891958654ec1a86b2615c602c30a726ea3c4bf4706c18	OBSOPEN_US30_20240418	2024-04-18	180	31	7	1.00000000000000000	0.53481375923329733	0.43804568136658156	0.32741170475221182	SESSION	false
af0b7f804a8d8337572d6a4a6f2ddcb426defb1f4d5f28ed0fde54882050d00c	a2b3facd10cee4f0909891958654ec1a86b2615c602c30a726ea3c4bf4706c18	OBSOPEN_US30_20240418	2024-04-18	180	31	8	1.00000000000000000	0.53923960685686589	0.42843456440660066	0.33688436107055880	SESSION	false
af0b7f804a8d8337572d6a4a6f2ddcb426defb1f4d5f28ed0fde54882050d00c	a2b3facd10cee4f0909891958654ec1a86b2615c602c30a726ea3c4bf4706c18	OBSOPEN_US30_20240418	2024-04-18	180	31	9	1.00000000000000000	0.53923960685686589	0.49497453163947974	0.50286894699328100	SESSION	false
af0b7f804a8d8337572d6a4a6f2ddcb426defb1f4d5f28ed0fde54882050d00c	a2b3facd10cee4f0909891958654ec1a86b2615c602c30a726ea3c4bf4706c18	OBSOPEN_US30_20240418	2024-04-18	180	31	10	1.00000000000000000	0.53702730163740919	0.53709566932356245	0.52363009263334848	SESSION	false
af0b7f804a8d8337572d6a4a6f2ddcb426defb1f4d5f28ed0fde54882050d00c	a2b3facd10cee4f0909891958654ec1a86b2615c602c30a726ea3c4bf4706c18	OBSOPEN_US30_20240418	2024-04-18	180	31	11	1.00000000000000000	0.53702730163740919	0.51798737126740768	0.49442958092964839	SESSION	false
af0b7f804a8d8337572d6a4a6f2ddcb426defb1f4d5f28ed0fde54882050d00c	a2b3facd10cee4f0909891958654ec1a86b2615c602c30a726ea3c4bf4706c18	OBSOPEN_US30_20240418	2024-04-18	180	31	12	1.00000000000000000	0.53702730163740919	0.50237692656017774	0.46150331793880955	SESSION	false
af0b7f804a8d8337572d6a4a6f2ddcb426defb1f4d5f28ed0fde54882050d00c	a2b3facd10cee4f0909891958654ec1a86b2615c602c30a726ea3c4bf4706c18	OBSOPEN_US30_20240418	2024-04-18	180	31	13	1.00000000000000000	0.53850231401805004	0.51239439897842631	0.50421966546363561	SESSION	false
af0b7f804a8d8337572d6a4a6f2ddcb426defb1f4d5f28ed0fde54882050d00c	a2b3facd10cee4f0909891958654ec1a86b2615c602c30a726ea3c4bf4706c18	OBSOPEN_US30_20240418	2024-04-18	180	31	14	1.00000000000000000	0.53850231401805004	0.56523642723395906	0.60212431504797748	SESSION	false
af0b7f804a8d8337572d6a4a6f2ddcb426defb1f4d5f28ed0fde54882050d00c	a2b3facd10cee4f0909891958654ec1a86b2615c602c30a726ea3c4bf4706c18	OBSOPEN_US30_20240418	2024-04-18	180	31	15	1.00000000000000000	0.53702730163740919	0.55699164483280306	0.56124514954344895	SESSION	false
af0b7f804a8d8337572d6a4a6f2ddcb426defb1f4d5f28ed0fde54882050d00c	a2b3facd10cee4f0909891958654ec1a86b2615c602c30a726ea3c4bf4706c18	OBSOPEN_US30_20240418	2024-04-18	180	31	16	1.00000000000000000	0.53776487799155581	0.51378724467552328	0.48632897747358256	SESSION	false
af0b7f804a8d8337572d6a4a6f2ddcb426defb1f4d5f28ed0fde54882050d00c	a2b3facd10cee4f0909891958654ec1a86b2615c602c30a726ea3c4bf4706c18	OBSOPEN_US30_20240418	2024-04-18	180	31	17	1.00000000000000000	0.53923960685686589	0.51545955756792683	0.52163309402347469	SESSION	false
af0b7f804a8d8337572d6a4a6f2ddcb426defb1f4d5f28ed0fde54882050d00c	a2b3facd10cee4f0909891958654ec1a86b2615c602c30a726ea3c4bf4706c18	OBSOPEN_US30_20240418	2024-04-18	180	31	18	1.00000000000000000	0.53997675364962783	0.55425647437152525	0.58117094820821202	SESSION	false
af0b7f804a8d8337572d6a4a6f2ddcb426defb1f4d5f28ed0fde54882050d00c	a2b3facd10cee4f0909891958654ec1a86b2615c602c30a726ea3c4bf4706c18	OBSOPEN_US30_20240418	2024-04-18	180	31	19	1.00000000000000000	0.54071375153964718	0.52307193995772705	0.53204131354533069	SESSION	false
af0b7f804a8d8337572d6a4a6f2ddcb426defb1f4d5f28ed0fde54882050d00c	a2b3facd10cee4f0909891958654ec1a86b2615c602c30a726ea3c4bf4706c18	OBSOPEN_US30_20240418	2024-04-18	180	31	20	1.00000000000000000	0.53997675364962783	0.56438188883349305	0.61855765674866847	SESSION	false
af0b7f804a8d8337572d6a4a6f2ddcb426defb1f4d5f28ed0fde54882050d00c	a2b3facd10cee4f0909891958654ec1a86b2615c602c30a726ea3c4bf4706c18	OBSOPEN_US30_20240418	2024-04-18	180	31	21	1.00000000000000000	0.53702730163740919	0.59435978300545944	0.65202572308027729	SESSION	false
af0b7f804a8d8337572d6a4a6f2ddcb426defb1f4d5f28ed0fde54882050d00c	a2b3facd10cee4f0909891958654ec1a86b2615c602c30a726ea3c4bf4706c18	OBSOPEN_US30_20240418	2024-04-18	180	31	22	1.00000000000000000	0.53555173939429335	0.58940574172100579	0.62088553710472905	SESSION	false
af0b7f804a8d8337572d6a4a6f2ddcb426defb1f4d5f28ed0fde54882050d00c	a2b3facd10cee4f0909891958654ec1a86b2615c602c30a726ea3c4bf4706c18	OBSOPEN_US30_20240418	2024-04-18	180	31	23	1.00000000000000000	0.53555173939429335	0.53935442722666282	0.53926370245685429	SESSION	false
af0b7f804a8d8337572d6a4a6f2ddcb426defb1f4d5f28ed0fde54882050d00c	a2b3facd10cee4f0909891958654ec1a86b2615c602c30a726ea3c4bf4706c18	OBSOPEN_US30_20240418	2024-04-18	180	31	24	1.00000000000000000	0.53481375923329733	0.54307914793070311	0.54897734611635030	SESSION	false
af0b7f804a8d8337572d6a4a6f2ddcb426defb1f4d5f28ed0fde54882050d00c	a2b3facd10cee4f0909891958654ec1a86b2615c602c30a726ea3c4bf4706c18	OBSOPEN_US30_20240418	2024-04-18	180	31	25	1.00000000000000000	0.53702730163740919	0.56053443598740837	0.58200772558651259	SESSION	false
af0b7f804a8d8337572d6a4a6f2ddcb426defb1f4d5f28ed0fde54882050d00c	a2b3facd10cee4f0909891958654ec1a86b2615c602c30a726ea3c4bf4706c18	OBSOPEN_US30_20240418	2024-04-18	180	31	26	1.00000000000000000	0.53481375923329733	0.61710723981414306	0.69875175306748205	SESSION	false
af0b7f804a8d8337572d6a4a6f2ddcb426defb1f4d5f28ed0fde54882050d00c	a2b3facd10cee4f0909891958654ec1a86b2615c602c30a726ea3c4bf4706c18	OBSOPEN_US30_20240418	2024-04-18	180	31	27	1.00000000000000000	0.53407565020052150	0.66928230751044326	0.72440196854656469	SESSION	false
af0b7f804a8d8337572d6a4a6f2ddcb426defb1f4d5f28ed0fde54882050d00c	a2b3facd10cee4f0909891958654ec1a86b2615c602c30a726ea3c4bf4706c18	OBSOPEN_US30_20240418	2024-04-18	180	31	28	1.00000000000000000	0.53481375923329733	0.67836978467283648	0.72260128219690911	SESSION	false
af0b7f804a8d8337572d6a4a6f2ddcb426defb1f4d5f28ed0fde54882050d00c	a2b3facd10cee4f0909891958654ec1a86b2615c602c30a726ea3c4bf4706c18	OBSOPEN_US30_20240418	2024-04-18	180	31	29	1.00000000000000000	0.53407565020052150	0.68362053715417681	0.73274608351888892	SESSION	false
af0b7f804a8d8337572d6a4a6f2ddcb426defb1f4d5f28ed0fde54882050d00c	a2b3facd10cee4f0909891958654ec1a86b2615c602c30a726ea3c4bf4706c18	OBSOPEN_US30_20240418	2024-04-18	180	31	30	1.00000000000000000	0.53407565020052150	0.69896158442393641	0.73157070990878315	SESSION	false
af0b7f804a8d8337572d6a4a6f2ddcb426defb1f4d5f28ed0fde54882050d00c	a2b3facd10cee4f0909891958654ec1a86b2615c602c30a726ea3c4bf4706c18	OBSOPEN_US30_20240424	2024-04-24	180	32	1	1.00000000000000000	0.53677039834323015	0.49531977017095075	0.45688279493278400	SESSION	false
af0b7f804a8d8337572d6a4a6f2ddcb426defb1f4d5f28ed0fde54882050d00c	a2b3facd10cee4f0909891958654ec1a86b2615c602c30a726ea3c4bf4706c18	OBSOPEN_US30_20240424	2024-04-24	180	32	2	0.00000000000000000	0.53702730163740919	0.45325792898768391	0.33487853543372331	SESSION	false
af0b7f804a8d8337572d6a4a6f2ddcb426defb1f4d5f28ed0fde54882050d00c	a2b3facd10cee4f0909891958654ec1a86b2615c602c30a726ea3c4bf4706c18	OBSOPEN_US30_20240424	2024-04-24	180	32	3	1.00000000000000000	0.53702730163740919	0.48500192738596326	0.45351922271915091	SESSION	false
af0b7f804a8d8337572d6a4a6f2ddcb426defb1f4d5f28ed0fde54882050d00c	a2b3facd10cee4f0909891958654ec1a86b2615c602c30a726ea3c4bf4706c18	OBSOPEN_US30_20240424	2024-04-24	180	32	4	1.00000000000000000	0.53628958781724945	0.50975331327606077	0.48590428160747740	SESSION	false
af0b7f804a8d8337572d6a4a6f2ddcb426defb1f4d5f28ed0fde54882050d00c	a2b3facd10cee4f0909891958654ec1a86b2615c602c30a726ea3c4bf4706c18	OBSOPEN_US30_20240424	2024-04-24	180	32	5	0.00000000000000000	0.53555173939429335	0.53866544902596281	0.53971133392668846	SESSION	false
af0b7f804a8d8337572d6a4a6f2ddcb426defb1f4d5f28ed0fde54882050d00c	a2b3facd10cee4f0909891958654ec1a86b2615c602c30a726ea3c4bf4706c18	OBSOPEN_US30_20240424	2024-04-24	180	32	6	0.00000000000000000	0.53555173939429335	0.55063456595498028	0.57305999540147445	SESSION	false
af0b7f804a8d8337572d6a4a6f2ddcb426defb1f4d5f28ed0fde54882050d00c	a2b3facd10cee4f0909891958654ec1a86b2615c602c30a726ea3c4bf4706c18	OBSOPEN_US30_20240424	2024-04-24	180	32	7	0.00000000000000000	0.53481375923329733	0.53203237976768225	0.52645742919139027	SESSION	false
af0b7f804a8d8337572d6a4a6f2ddcb426defb1f4d5f28ed0fde54882050d00c	a2b3facd10cee4f0909891958654ec1a86b2615c602c30a726ea3c4bf4706c18	OBSOPEN_US30_20240424	2024-04-24	180	32	8	0.00000000000000000	0.53923960685686589	0.55552272085682541	0.60903882870071469	SESSION	false
af0b7f804a8d8337572d6a4a6f2ddcb426defb1f4d5f28ed0fde54882050d00c	a2b3facd10cee4f0909891958654ec1a86b2615c602c30a726ea3c4bf4706c18	OBSOPEN_US30_20240424	2024-04-24	180	32	9	0.00000000000000000	0.53923960685686589	0.56476587846016024	0.60848856555370612	SESSION	false
af0b7f804a8d8337572d6a4a6f2ddcb426defb1f4d5f28ed0fde54882050d00c	a2b3facd10cee4f0909891958654ec1a86b2615c602c30a726ea3c4bf4706c18	OBSOPEN_US30_20240424	2024-04-24	180	32	10	0.00000000000000000	0.53702730163740919	0.52985535138132245	0.53171431642739475	SESSION	false
af0b7f804a8d8337572d6a4a6f2ddcb426defb1f4d5f28ed0fde54882050d00c	a2b3facd10cee4f0909891958654ec1a86b2615c602c30a726ea3c4bf4706c18	OBSOPEN_US30_20240424	2024-04-24	180	32	11	0.00000000000000000	0.53702730163740919	0.52398317037847331	0.51328843955714953	SESSION	false
af0b7f804a8d8337572d6a4a6f2ddcb426defb1f4d5f28ed0fde54882050d00c	a2b3facd10cee4f0909891958654ec1a86b2615c602c30a726ea3c4bf4706c18	OBSOPEN_US30_20240424	2024-04-24	180	32	12	0.00000000000000000	0.53702730163740919	0.51983702451376423	0.51784480752756168	SESSION	false
af0b7f804a8d8337572d6a4a6f2ddcb426defb1f4d5f28ed0fde54882050d00c	a2b3facd10cee4f0909891958654ec1a86b2615c602c30a726ea3c4bf4706c18	OBSOPEN_US30_20240424	2024-04-24	180	32	13	0.00000000000000000	0.53850231401805004	0.52604614257715854	0.53028404582964261	SESSION	false
af0b7f804a8d8337572d6a4a6f2ddcb426defb1f4d5f28ed0fde54882050d00c	a2b3facd10cee4f0909891958654ec1a86b2615c602c30a726ea3c4bf4706c18	OBSOPEN_US30_20240424	2024-04-24	180	32	14	0.00000000000000000	0.53850231401805004	0.54809605655994653	0.59788625455045419	SESSION	false
af0b7f804a8d8337572d6a4a6f2ddcb426defb1f4d5f28ed0fde54882050d00c	a2b3facd10cee4f0909891958654ec1a86b2615c602c30a726ea3c4bf4706c18	OBSOPEN_US30_20240424	2024-04-24	180	32	15	0.00000000000000000	0.53702730163740919	0.54960369462574576	0.57302232772147410	SESSION	false
af0b7f804a8d8337572d6a4a6f2ddcb426defb1f4d5f28ed0fde54882050d00c	a2b3facd10cee4f0909891958654ec1a86b2615c602c30a726ea3c4bf4706c18	OBSOPEN_US30_20240424	2024-04-24	180	32	16	0.00000000000000000	0.53776487799155581	0.52165739740713069	0.51243027046480560	SESSION	false
af0b7f804a8d8337572d6a4a6f2ddcb426defb1f4d5f28ed0fde54882050d00c	a2b3facd10cee4f0909891958654ec1a86b2615c602c30a726ea3c4bf4706c18	OBSOPEN_US30_20240424	2024-04-24	180	32	17	0.00000000000000000	0.53923960685686589	0.52086603462527614	0.52608647464215474	SESSION	false
af0b7f804a8d8337572d6a4a6f2ddcb426defb1f4d5f28ed0fde54882050d00c	a2b3facd10cee4f0909891958654ec1a86b2615c602c30a726ea3c4bf4706c18	OBSOPEN_US30_20240424	2024-04-24	180	32	18	0.00000000000000000	0.53997675364962783	0.48737014185832206	0.45614826054317120	SESSION	false
af0b7f804a8d8337572d6a4a6f2ddcb426defb1f4d5f28ed0fde54882050d00c	a2b3facd10cee4f0909891958654ec1a86b2615c602c30a726ea3c4bf4706c18	OBSOPEN_US30_20240424	2024-04-24	180	32	19	0.00000000000000000	0.54071375153964718	0.47586432336898388	0.43383838116167428	SESSION	false
af0b7f804a8d8337572d6a4a6f2ddcb426defb1f4d5f28ed0fde54882050d00c	a2b3facd10cee4f0909891958654ec1a86b2615c602c30a726ea3c4bf4706c18	OBSOPEN_US30_20240424	2024-04-24	180	32	20	0.00000000000000000	0.53997675364962783	0.49612868832479134	0.48806405342384762	SESSION	false
af0b7f804a8d8337572d6a4a6f2ddcb426defb1f4d5f28ed0fde54882050d00c	a2b3facd10cee4f0909891958654ec1a86b2615c602c30a726ea3c4bf4706c18	OBSOPEN_US30_20240424	2024-04-24	180	32	21	0.00000000000000000	0.53702730163740919	0.55254162703117016	0.62285725402439340	SESSION	false
af0b7f804a8d8337572d6a4a6f2ddcb426defb1f4d5f28ed0fde54882050d00c	a2b3facd10cee4f0909891958654ec1a86b2615c602c30a726ea3c4bf4706c18	OBSOPEN_US30_20240424	2024-04-24	180	32	22	0.00000000000000000	0.53555173939429335	0.57736315164559171	0.63832047365495959	SESSION	false
af0b7f804a8d8337572d6a4a6f2ddcb426defb1f4d5f28ed0fde54882050d00c	a2b3facd10cee4f0909891958654ec1a86b2615c602c30a726ea3c4bf4706c18	OBSOPEN_US30_20240424	2024-04-24	180	32	23	0.00000000000000000	0.53555173939429335	0.57099588525426181	0.62024856778676496	SESSION	false
af0b7f804a8d8337572d6a4a6f2ddcb426defb1f4d5f28ed0fde54882050d00c	a2b3facd10cee4f0909891958654ec1a86b2615c602c30a726ea3c4bf4706c18	OBSOPEN_US30_20240424	2024-04-24	180	32	24	0.00000000000000000	0.53481375923329733	0.59802281949683811	0.69696183184756622	SESSION	false
af0b7f804a8d8337572d6a4a6f2ddcb426defb1f4d5f28ed0fde54882050d00c	a2b3facd10cee4f0909891958654ec1a86b2615c602c30a726ea3c4bf4706c18	OBSOPEN_US30_20240424	2024-04-24	180	32	25	0.00000000000000000	0.53702730163740919	0.61204442270155690	0.72101117894779165	SESSION	false
af0b7f804a8d8337572d6a4a6f2ddcb426defb1f4d5f28ed0fde54882050d00c	a2b3facd10cee4f0909891958654ec1a86b2615c602c30a726ea3c4bf4706c18	OBSOPEN_US30_20240424	2024-04-24	180	32	26	0.00000000000000000	0.53481375923329733	0.61329137878587647	0.70665283468752105	SESSION	false
af0b7f804a8d8337572d6a4a6f2ddcb426defb1f4d5f28ed0fde54882050d00c	a2b3facd10cee4f0909891958654ec1a86b2615c602c30a726ea3c4bf4706c18	OBSOPEN_US30_20240424	2024-04-24	180	32	27	0.00000000000000000	0.53407565020052150	0.57289312252494951	0.62240795662486093	SESSION	false
af0b7f804a8d8337572d6a4a6f2ddcb426defb1f4d5f28ed0fde54882050d00c	a2b3facd10cee4f0909891958654ec1a86b2615c602c30a726ea3c4bf4706c18	OBSOPEN_US30_20240424	2024-04-24	180	32	28	0.00000000000000000	0.53481375923329733	0.54818407064726526	0.57484516822562581	SESSION	false
af0b7f804a8d8337572d6a4a6f2ddcb426defb1f4d5f28ed0fde54882050d00c	a2b3facd10cee4f0909891958654ec1a86b2615c602c30a726ea3c4bf4706c18	OBSOPEN_US30_20240424	2024-04-24	180	32	29	0.00000000000000000	0.53407565020052150	0.56148635783636258	0.61990307997481620	SESSION	false
af0b7f804a8d8337572d6a4a6f2ddcb426defb1f4d5f28ed0fde54882050d00c	a2b3facd10cee4f0909891958654ec1a86b2615c602c30a726ea3c4bf4706c18	OBSOPEN_US30_20240424	2024-04-24	180	32	30	0.00000000000000000	0.53407565020052150	0.55172000336407778	0.58081585799154256	SESSION	false
af0b7f804a8d8337572d6a4a6f2ddcb426defb1f4d5f28ed0fde54882050d00c	a2b3facd10cee4f0909891958654ec1a86b2615c602c30a726ea3c4bf4706c18	OBSOPEN_US30_20240425	2024-04-25	180	33	1	0.00000000000000000	0.53677039834323015	0.50145503267213620	0.54013479651287644	SESSION	false
af0b7f804a8d8337572d6a4a6f2ddcb426defb1f4d5f28ed0fde54882050d00c	a2b3facd10cee4f0909891958654ec1a86b2615c602c30a726ea3c4bf4706c18	OBSOPEN_US30_20240425	2024-04-25	180	33	2	0.00000000000000000	0.53702730163740919	0.53295690881589763	0.64760223623138802	SESSION	false
af0b7f804a8d8337572d6a4a6f2ddcb426defb1f4d5f28ed0fde54882050d00c	a2b3facd10cee4f0909891958654ec1a86b2615c602c30a726ea3c4bf4706c18	OBSOPEN_US30_20240425	2024-04-25	180	33	3	0.00000000000000000	0.53702730163740919	0.50055255666990839	0.46428585697809355	SESSION	false
af0b7f804a8d8337572d6a4a6f2ddcb426defb1f4d5f28ed0fde54882050d00c	a2b3facd10cee4f0909891958654ec1a86b2615c602c30a726ea3c4bf4706c18	OBSOPEN_US30_20240425	2024-04-25	180	33	4	0.00000000000000000	0.53628958781724945	0.48542751012449625	0.45601445598239665	SESSION	false
af0b7f804a8d8337572d6a4a6f2ddcb426defb1f4d5f28ed0fde54882050d00c	a2b3facd10cee4f0909891958654ec1a86b2615c602c30a726ea3c4bf4706c18	OBSOPEN_US30_20240425	2024-04-25	180	33	5	0.00000000000000000	0.53555173939429335	0.47575901395272580	0.39872220109287143	SESSION	false
af0b7f804a8d8337572d6a4a6f2ddcb426defb1f4d5f28ed0fde54882050d00c	a2b3facd10cee4f0909891958654ec1a86b2615c602c30a726ea3c4bf4706c18	OBSOPEN_US30_20240425	2024-04-25	180	33	6	0.00000000000000000	0.53555173939429335	0.46601250727604787	0.38190108380962984	SESSION	false
af0b7f804a8d8337572d6a4a6f2ddcb426defb1f4d5f28ed0fde54882050d00c	a2b3facd10cee4f0909891958654ec1a86b2615c602c30a726ea3c4bf4706c18	OBSOPEN_US30_20240425	2024-04-25	180	33	7	0.00000000000000000	0.53481375923329733	0.45716269538125065	0.36462356850860600	SESSION	false
af0b7f804a8d8337572d6a4a6f2ddcb426defb1f4d5f28ed0fde54882050d00c	a2b3facd10cee4f0909891958654ec1a86b2615c602c30a726ea3c4bf4706c18	OBSOPEN_US30_20240425	2024-04-25	180	33	8	0.00000000000000000	0.53923960685686589	0.44162239883066101	0.38905029222918908	SESSION	false
af0b7f804a8d8337572d6a4a6f2ddcb426defb1f4d5f28ed0fde54882050d00c	a2b3facd10cee4f0909891958654ec1a86b2615c602c30a726ea3c4bf4706c18	OBSOPEN_US30_20240425	2024-04-25	180	33	9	0.00000000000000000	0.53923960685686589	0.43022868515788493	0.34344724800109278	SESSION	false
af0b7f804a8d8337572d6a4a6f2ddcb426defb1f4d5f28ed0fde54882050d00c	a2b3facd10cee4f0909891958654ec1a86b2615c602c30a726ea3c4bf4706c18	OBSOPEN_US30_20240425	2024-04-25	180	33	10	0.00000000000000000	0.53702730163740919	0.42128844266328092	0.34092466818778433	SESSION	false
af0b7f804a8d8337572d6a4a6f2ddcb426defb1f4d5f28ed0fde54882050d00c	a2b3facd10cee4f0909891958654ec1a86b2615c602c30a726ea3c4bf4706c18	OBSOPEN_US30_20240425	2024-04-25	180	33	11	0.00000000000000000	0.53702730163740919	0.40775596116322016	0.32721577063366231	SESSION	false
af0b7f804a8d8337572d6a4a6f2ddcb426defb1f4d5f28ed0fde54882050d00c	a2b3facd10cee4f0909891958654ec1a86b2615c602c30a726ea3c4bf4706c18	OBSOPEN_US30_20240425	2024-04-25	180	33	12	0.00000000000000000	0.53702730163740919	0.40852121737296038	0.34366250772103740	SESSION	false
af0b7f804a8d8337572d6a4a6f2ddcb426defb1f4d5f28ed0fde54882050d00c	a2b3facd10cee4f0909891958654ec1a86b2615c602c30a726ea3c4bf4706c18	OBSOPEN_US30_20240425	2024-04-25	180	33	13	0.00000000000000000	0.53850231401805004	0.48816348826045103	0.46838553774928632	SESSION	false
af0b7f804a8d8337572d6a4a6f2ddcb426defb1f4d5f28ed0fde54882050d00c	a2b3facd10cee4f0909891958654ec1a86b2615c602c30a726ea3c4bf4706c18	OBSOPEN_US30_20240425	2024-04-25	180	33	14	0.00000000000000000	0.53850231401805004	0.54123647913025896	0.52847637363639532	SESSION	false
af0b7f804a8d8337572d6a4a6f2ddcb426defb1f4d5f28ed0fde54882050d00c	a2b3facd10cee4f0909891958654ec1a86b2615c602c30a726ea3c4bf4706c18	OBSOPEN_US30_20240425	2024-04-25	180	33	15	0.00000000000000000	0.53702730163740919	0.50793996729471325	0.46027964825314738	SESSION	false
af0b7f804a8d8337572d6a4a6f2ddcb426defb1f4d5f28ed0fde54882050d00c	a2b3facd10cee4f0909891958654ec1a86b2615c602c30a726ea3c4bf4706c18	OBSOPEN_US30_20240425	2024-04-25	180	33	16	0.00000000000000000	0.53776487799155581	0.47109217017032834	0.42102644077585161	SESSION	false
af0b7f804a8d8337572d6a4a6f2ddcb426defb1f4d5f28ed0fde54882050d00c	a2b3facd10cee4f0909891958654ec1a86b2615c602c30a726ea3c4bf4706c18	OBSOPEN_US30_20240425	2024-04-25	180	33	17	0.00000000000000000	0.53923960685686589	0.43444238404273944	0.37874235727223149	SESSION	false
af0b7f804a8d8337572d6a4a6f2ddcb426defb1f4d5f28ed0fde54882050d00c	a2b3facd10cee4f0909891958654ec1a86b2615c602c30a726ea3c4bf4706c18	OBSOPEN_US30_20240425	2024-04-25	180	33	18	0.00000000000000000	0.53997675364962783	0.40398596339238635	0.35211790999827886	SESSION	false
af0b7f804a8d8337572d6a4a6f2ddcb426defb1f4d5f28ed0fde54882050d00c	a2b3facd10cee4f0909891958654ec1a86b2615c602c30a726ea3c4bf4706c18	OBSOPEN_US30_20240425	2024-04-25	180	33	19	0.00000000000000000	0.54071375153964718	0.38809658484692111	0.33301001171633848	SESSION	false
af0b7f804a8d8337572d6a4a6f2ddcb426defb1f4d5f28ed0fde54882050d00c	a2b3facd10cee4f0909891958654ec1a86b2615c602c30a726ea3c4bf4706c18	OBSOPEN_US30_20240425	2024-04-25	180	33	20	0.00000000000000000	0.53997675364962783	0.36971997040426685	0.32261107162772240	SESSION	false
af0b7f804a8d8337572d6a4a6f2ddcb426defb1f4d5f28ed0fde54882050d00c	a2b3facd10cee4f0909891958654ec1a86b2615c602c30a726ea3c4bf4706c18	OBSOPEN_US30_20240425	2024-04-25	180	33	21	0.00000000000000000	0.53702730163740919	0.39129113665852777	0.34291673114202081	SESSION	false
af0b7f804a8d8337572d6a4a6f2ddcb426defb1f4d5f28ed0fde54882050d00c	a2b3facd10cee4f0909891958654ec1a86b2615c602c30a726ea3c4bf4706c18	OBSOPEN_US30_20240425	2024-04-25	180	33	22	0.00000000000000000	0.53555173939429335	0.37801902335607229	0.32354434592234860	SESSION	false
af0b7f804a8d8337572d6a4a6f2ddcb426defb1f4d5f28ed0fde54882050d00c	a2b3facd10cee4f0909891958654ec1a86b2615c602c30a726ea3c4bf4706c18	OBSOPEN_US30_20240425	2024-04-25	180	33	23	0.00000000000000000	0.53555173939429335	0.33264310098754896	0.29358297135871880	SESSION	false
af0b7f804a8d8337572d6a4a6f2ddcb426defb1f4d5f28ed0fde54882050d00c	a2b3facd10cee4f0909891958654ec1a86b2615c602c30a726ea3c4bf4706c18	OBSOPEN_US30_20240425	2024-04-25	180	33	24	0.00000000000000000	0.53481375923329733	0.31660222375644026	0.28196440075233381	SESSION	false
af0b7f804a8d8337572d6a4a6f2ddcb426defb1f4d5f28ed0fde54882050d00c	a2b3facd10cee4f0909891958654ec1a86b2615c602c30a726ea3c4bf4706c18	OBSOPEN_US30_20240425	2024-04-25	180	33	25	0.00000000000000000	0.53702730163740919	0.32194679096020473	0.30338815090383170	SESSION	false
af0b7f804a8d8337572d6a4a6f2ddcb426defb1f4d5f28ed0fde54882050d00c	a2b3facd10cee4f0909891958654ec1a86b2615c602c30a726ea3c4bf4706c18	OBSOPEN_US30_20240425	2024-04-25	180	33	26	0.00000000000000000	0.53481375923329733	0.30561001127166282	0.28450379111226859	SESSION	false
af0b7f804a8d8337572d6a4a6f2ddcb426defb1f4d5f28ed0fde54882050d00c	a2b3facd10cee4f0909891958654ec1a86b2615c602c30a726ea3c4bf4706c18	OBSOPEN_US30_20240425	2024-04-25	180	33	27	0.00000000000000000	0.53407565020052150	0.33871973213210860	0.31580579869426145	SESSION	false
af0b7f804a8d8337572d6a4a6f2ddcb426defb1f4d5f28ed0fde54882050d00c	a2b3facd10cee4f0909891958654ec1a86b2615c602c30a726ea3c4bf4706c18	OBSOPEN_US30_20240425	2024-04-25	180	33	28	0.00000000000000000	0.53481375923329733	0.33600786295724633	0.30685465023612418	SESSION	false
af0b7f804a8d8337572d6a4a6f2ddcb426defb1f4d5f28ed0fde54882050d00c	a2b3facd10cee4f0909891958654ec1a86b2615c602c30a726ea3c4bf4706c18	OBSOPEN_US30_20240425	2024-04-25	180	33	29	0.00000000000000000	0.53407565020052150	0.33733032049494149	0.31264737651865149	SESSION	false
af0b7f804a8d8337572d6a4a6f2ddcb426defb1f4d5f28ed0fde54882050d00c	a2b3facd10cee4f0909891958654ec1a86b2615c602c30a726ea3c4bf4706c18	OBSOPEN_US30_20240425	2024-04-25	180	33	30	0.00000000000000000	0.53407565020052150	0.31430888299599924	0.28870276651873089	SESSION	false
af0b7f804a8d8337572d6a4a6f2ddcb426defb1f4d5f28ed0fde54882050d00c	a2b3facd10cee4f0909891958654ec1a86b2615c602c30a726ea3c4bf4706c18	OBSOPEN_US30_20240430	2024-04-30	180	34	1	0.00000000000000000	0.53677039834323015	0.50037387741733286	0.48519193422664669	SESSION	false
af0b7f804a8d8337572d6a4a6f2ddcb426defb1f4d5f28ed0fde54882050d00c	a2b3facd10cee4f0909891958654ec1a86b2615c602c30a726ea3c4bf4706c18	OBSOPEN_US30_20240430	2024-04-30	180	34	2	0.00000000000000000	0.53702730163740919	0.46138837400464550	0.35163857811527960	SESSION	false
af0b7f804a8d8337572d6a4a6f2ddcb426defb1f4d5f28ed0fde54882050d00c	a2b3facd10cee4f0909891958654ec1a86b2615c602c30a726ea3c4bf4706c18	OBSOPEN_US30_20240430	2024-04-30	180	34	3	0.00000000000000000	0.53702730163740919	0.46677814388524380	0.38772539391367083	SESSION	false
af0b7f804a8d8337572d6a4a6f2ddcb426defb1f4d5f28ed0fde54882050d00c	a2b3facd10cee4f0909891958654ec1a86b2615c602c30a726ea3c4bf4706c18	OBSOPEN_US30_20240430	2024-04-30	180	34	4	0.00000000000000000	0.53628958781724945	0.44672103968084170	0.31575303303185165	SESSION	false
af0b7f804a8d8337572d6a4a6f2ddcb426defb1f4d5f28ed0fde54882050d00c	a2b3facd10cee4f0909891958654ec1a86b2615c602c30a726ea3c4bf4706c18	OBSOPEN_US30_20240430	2024-04-30	180	34	5	0.00000000000000000	0.53555173939429335	0.48267653222194823	0.46062540151895354	SESSION	false
af0b7f804a8d8337572d6a4a6f2ddcb426defb1f4d5f28ed0fde54882050d00c	a2b3facd10cee4f0909891958654ec1a86b2615c602c30a726ea3c4bf4706c18	OBSOPEN_US30_20240430	2024-04-30	180	34	6	0.00000000000000000	0.53555173939429335	0.47241418312696887	0.38225446256333401	SESSION	false
af0b7f804a8d8337572d6a4a6f2ddcb426defb1f4d5f28ed0fde54882050d00c	a2b3facd10cee4f0909891958654ec1a86b2615c602c30a726ea3c4bf4706c18	OBSOPEN_US30_20240430	2024-04-30	180	34	7	0.00000000000000000	0.53481375923329733	0.47578301848143911	0.42489344557250341	SESSION	false
af0b7f804a8d8337572d6a4a6f2ddcb426defb1f4d5f28ed0fde54882050d00c	a2b3facd10cee4f0909891958654ec1a86b2615c602c30a726ea3c4bf4706c18	OBSOPEN_US30_20240430	2024-04-30	180	34	8	0.00000000000000000	0.53923960685686589	0.56281476724424051	0.68306708323912624	SESSION	false
af0b7f804a8d8337572d6a4a6f2ddcb426defb1f4d5f28ed0fde54882050d00c	a2b3facd10cee4f0909891958654ec1a86b2615c602c30a726ea3c4bf4706c18	OBSOPEN_US30_20240430	2024-04-30	180	34	9	0.00000000000000000	0.53923960685686589	0.53839489317601796	0.57107291825894990	SESSION	false
af0b7f804a8d8337572d6a4a6f2ddcb426defb1f4d5f28ed0fde54882050d00c	a2b3facd10cee4f0909891958654ec1a86b2615c602c30a726ea3c4bf4706c18	OBSOPEN_US30_20240430	2024-04-30	180	34	10	0.00000000000000000	0.53702730163740919	0.47649232559984156	0.40703378120641787	SESSION	false
af0b7f804a8d8337572d6a4a6f2ddcb426defb1f4d5f28ed0fde54882050d00c	a2b3facd10cee4f0909891958654ec1a86b2615c602c30a726ea3c4bf4706c18	OBSOPEN_US30_20240430	2024-04-30	180	34	11	0.00000000000000000	0.53702730163740919	0.48066889493244058	0.41860493781207059	SESSION	false
af0b7f804a8d8337572d6a4a6f2ddcb426defb1f4d5f28ed0fde54882050d00c	a2b3facd10cee4f0909891958654ec1a86b2615c602c30a726ea3c4bf4706c18	OBSOPEN_US30_20240430	2024-04-30	180	34	12	0.00000000000000000	0.53702730163740919	0.47934884745956752	0.42629769030362097	SESSION	false
af0b7f804a8d8337572d6a4a6f2ddcb426defb1f4d5f28ed0fde54882050d00c	a2b3facd10cee4f0909891958654ec1a86b2615c602c30a726ea3c4bf4706c18	OBSOPEN_US30_20240430	2024-04-30	180	34	13	1.00000000000000000	0.53850231401805004	0.49877107015191480	0.48760612142089288	SESSION	false
af0b7f804a8d8337572d6a4a6f2ddcb426defb1f4d5f28ed0fde54882050d00c	a2b3facd10cee4f0909891958654ec1a86b2615c602c30a726ea3c4bf4706c18	OBSOPEN_US30_20240430	2024-04-30	180	34	14	1.00000000000000000	0.53850231401805004	0.52109449586939083	0.56244078689601751	SESSION	false
af0b7f804a8d8337572d6a4a6f2ddcb426defb1f4d5f28ed0fde54882050d00c	a2b3facd10cee4f0909891958654ec1a86b2615c602c30a726ea3c4bf4706c18	OBSOPEN_US30_20240430	2024-04-30	180	34	15	1.00000000000000000	0.53702730163740919	0.55884341607432353	0.63700041929972862	SESSION	false
af0b7f804a8d8337572d6a4a6f2ddcb426defb1f4d5f28ed0fde54882050d00c	a2b3facd10cee4f0909891958654ec1a86b2615c602c30a726ea3c4bf4706c18	OBSOPEN_US30_20240430	2024-04-30	180	34	16	1.00000000000000000	0.53776487799155581	0.55744798969639808	0.64118756548278000	SESSION	false
af0b7f804a8d8337572d6a4a6f2ddcb426defb1f4d5f28ed0fde54882050d00c	a2b3facd10cee4f0909891958654ec1a86b2615c602c30a726ea3c4bf4706c18	OBSOPEN_US30_20240430	2024-04-30	180	34	17	1.00000000000000000	0.53923960685686589	0.57620030714936410	0.69420344596152217	SESSION	false
af0b7f804a8d8337572d6a4a6f2ddcb426defb1f4d5f28ed0fde54882050d00c	a2b3facd10cee4f0909891958654ec1a86b2615c602c30a726ea3c4bf4706c18	OBSOPEN_US30_20240430	2024-04-30	180	34	18	1.00000000000000000	0.53997675364962783	0.55868896010475200	0.64392161870047548	SESSION	false
af0b7f804a8d8337572d6a4a6f2ddcb426defb1f4d5f28ed0fde54882050d00c	a2b3facd10cee4f0909891958654ec1a86b2615c602c30a726ea3c4bf4706c18	OBSOPEN_US30_20240430	2024-04-30	180	34	19	1.00000000000000000	0.54071375153964718	0.55233320375302108	0.62851550191952399	SESSION	false
af0b7f804a8d8337572d6a4a6f2ddcb426defb1f4d5f28ed0fde54882050d00c	a2b3facd10cee4f0909891958654ec1a86b2615c602c30a726ea3c4bf4706c18	OBSOPEN_US30_20240430	2024-04-30	180	34	20	1.00000000000000000	0.53997675364962783	0.53750625537597740	0.58487797864136892	SESSION	false
af0b7f804a8d8337572d6a4a6f2ddcb426defb1f4d5f28ed0fde54882050d00c	a2b3facd10cee4f0909891958654ec1a86b2615c602c30a726ea3c4bf4706c18	OBSOPEN_US30_20240430	2024-04-30	180	34	21	1.00000000000000000	0.53702730163740919	0.48589775129799773	0.44764487927112412	SESSION	false
af0b7f804a8d8337572d6a4a6f2ddcb426defb1f4d5f28ed0fde54882050d00c	a2b3facd10cee4f0909891958654ec1a86b2615c602c30a726ea3c4bf4706c18	OBSOPEN_US30_20240430	2024-04-30	180	34	22	1.00000000000000000	0.53555173939429335	0.48782033949128273	0.46938183873285844	SESSION	false
af0b7f804a8d8337572d6a4a6f2ddcb426defb1f4d5f28ed0fde54882050d00c	a2b3facd10cee4f0909891958654ec1a86b2615c602c30a726ea3c4bf4706c18	OBSOPEN_US30_20240430	2024-04-30	180	34	23	1.00000000000000000	0.53555173939429335	0.48008286828268243	0.42189930310029000	SESSION	false
af0b7f804a8d8337572d6a4a6f2ddcb426defb1f4d5f28ed0fde54882050d00c	a2b3facd10cee4f0909891958654ec1a86b2615c602c30a726ea3c4bf4706c18	OBSOPEN_US30_20240430	2024-04-30	180	34	24	1.00000000000000000	0.53481375923329733	0.43765366704025055	0.32221589136104867	SESSION	false
af0b7f804a8d8337572d6a4a6f2ddcb426defb1f4d5f28ed0fde54882050d00c	a2b3facd10cee4f0909891958654ec1a86b2615c602c30a726ea3c4bf4706c18	OBSOPEN_US30_20240430	2024-04-30	180	34	25	1.00000000000000000	0.53702730163740919	0.43036073161660732	0.34963934733074875	SESSION	false
af0b7f804a8d8337572d6a4a6f2ddcb426defb1f4d5f28ed0fde54882050d00c	a2b3facd10cee4f0909891958654ec1a86b2615c602c30a726ea3c4bf4706c18	OBSOPEN_US30_20240430	2024-04-30	180	34	26	1.00000000000000000	0.53481375923329733	0.41921456344247299	0.32752196606078771	SESSION	false
af0b7f804a8d8337572d6a4a6f2ddcb426defb1f4d5f28ed0fde54882050d00c	a2b3facd10cee4f0909891958654ec1a86b2615c602c30a726ea3c4bf4706c18	OBSOPEN_US30_20240430	2024-04-30	180	34	27	1.00000000000000000	0.53407565020052150	0.40767460522665744	0.31046222998086009	SESSION	false
af0b7f804a8d8337572d6a4a6f2ddcb426defb1f4d5f28ed0fde54882050d00c	a2b3facd10cee4f0909891958654ec1a86b2615c602c30a726ea3c4bf4706c18	OBSOPEN_US30_20240430	2024-04-30	180	34	28	1.00000000000000000	0.53481375923329733	0.41006775455302569	0.32387816874135478	SESSION	false
af0b7f804a8d8337572d6a4a6f2ddcb426defb1f4d5f28ed0fde54882050d00c	a2b3facd10cee4f0909891958654ec1a86b2615c602c30a726ea3c4bf4706c18	OBSOPEN_US30_20240430	2024-04-30	180	34	29	1.00000000000000000	0.53407565020052150	0.41153261655243389	0.31788516505791581	SESSION	false
af0b7f804a8d8337572d6a4a6f2ddcb426defb1f4d5f28ed0fde54882050d00c	a2b3facd10cee4f0909891958654ec1a86b2615c602c30a726ea3c4bf4706c18	OBSOPEN_US30_20240430	2024-04-30	180	34	30	1.00000000000000000	0.53407565020052150	0.42443779714223179	0.34610174329646004	SESSION	false
af0b7f804a8d8337572d6a4a6f2ddcb426defb1f4d5f28ed0fde54882050d00c	a2b3facd10cee4f0909891958654ec1a86b2615c602c30a726ea3c4bf4706c18	OBSOPEN_US30_20240506	2024-05-06	180	35	1	0.00000000000000000	0.53677039834323015	0.49279081156222310	0.52502762003045089	SESSION	false
af0b7f804a8d8337572d6a4a6f2ddcb426defb1f4d5f28ed0fde54882050d00c	a2b3facd10cee4f0909891958654ec1a86b2615c602c30a726ea3c4bf4706c18	OBSOPEN_US30_20240506	2024-05-06	180	35	2	0.00000000000000000	0.53702730163740919	0.50603983606932867	0.52814734609158542	SESSION	false
af0b7f804a8d8337572d6a4a6f2ddcb426defb1f4d5f28ed0fde54882050d00c	a2b3facd10cee4f0909891958654ec1a86b2615c602c30a726ea3c4bf4706c18	OBSOPEN_US30_20240506	2024-05-06	180	35	3	0.00000000000000000	0.53702730163740919	0.51978749940155100	0.61102626785542602	SESSION	false
af0b7f804a8d8337572d6a4a6f2ddcb426defb1f4d5f28ed0fde54882050d00c	a2b3facd10cee4f0909891958654ec1a86b2615c602c30a726ea3c4bf4706c18	OBSOPEN_US30_20240506	2024-05-06	180	35	4	0.00000000000000000	0.53628958781724945	0.50479906059918844	0.51450742846533115	SESSION	false
af0b7f804a8d8337572d6a4a6f2ddcb426defb1f4d5f28ed0fde54882050d00c	a2b3facd10cee4f0909891958654ec1a86b2615c602c30a726ea3c4bf4706c18	OBSOPEN_US30_20240506	2024-05-06	180	35	5	0.00000000000000000	0.53555173939429335	0.47997602087225349	0.41270803480867119	SESSION	false
af0b7f804a8d8337572d6a4a6f2ddcb426defb1f4d5f28ed0fde54882050d00c	a2b3facd10cee4f0909891958654ec1a86b2615c602c30a726ea3c4bf4706c18	OBSOPEN_US30_20240506	2024-05-06	180	35	6	0.00000000000000000	0.53555173939429335	0.46185574155653769	0.32590910897767822	SESSION	false
af0b7f804a8d8337572d6a4a6f2ddcb426defb1f4d5f28ed0fde54882050d00c	a2b3facd10cee4f0909891958654ec1a86b2615c602c30a726ea3c4bf4706c18	OBSOPEN_US30_20240506	2024-05-06	180	35	7	0.00000000000000000	0.53481375923329733	0.45996873896884138	0.35513429572102329	SESSION	false
af0b7f804a8d8337572d6a4a6f2ddcb426defb1f4d5f28ed0fde54882050d00c	a2b3facd10cee4f0909891958654ec1a86b2615c602c30a726ea3c4bf4706c18	OBSOPEN_US30_20240506	2024-05-06	180	35	8	0.00000000000000000	0.53923960685686589	0.46661850497879753	0.38531404395182567	SESSION	false
af0b7f804a8d8337572d6a4a6f2ddcb426defb1f4d5f28ed0fde54882050d00c	a2b3facd10cee4f0909891958654ec1a86b2615c602c30a726ea3c4bf4706c18	OBSOPEN_US30_20240506	2024-05-06	180	35	9	0.00000000000000000	0.53923960685686589	0.49349426677043762	0.47361730736557828	SESSION	false
af0b7f804a8d8337572d6a4a6f2ddcb426defb1f4d5f28ed0fde54882050d00c	a2b3facd10cee4f0909891958654ec1a86b2615c602c30a726ea3c4bf4706c18	OBSOPEN_US30_20240506	2024-05-06	180	35	10	0.00000000000000000	0.53702730163740919	0.50682579189308963	0.51383339150573848	SESSION	false
af0b7f804a8d8337572d6a4a6f2ddcb426defb1f4d5f28ed0fde54882050d00c	a2b3facd10cee4f0909891958654ec1a86b2615c602c30a726ea3c4bf4706c18	OBSOPEN_US30_20240506	2024-05-06	180	35	11	0.00000000000000000	0.53702730163740919	0.51527451058321050	0.52654679733432874	SESSION	false
af0b7f804a8d8337572d6a4a6f2ddcb426defb1f4d5f28ed0fde54882050d00c	a2b3facd10cee4f0909891958654ec1a86b2615c602c30a726ea3c4bf4706c18	OBSOPEN_US30_20240506	2024-05-06	180	35	12	0.00000000000000000	0.53702730163740919	0.47907546196166695	0.40800653169460233	SESSION	false
af0b7f804a8d8337572d6a4a6f2ddcb426defb1f4d5f28ed0fde54882050d00c	a2b3facd10cee4f0909891958654ec1a86b2615c602c30a726ea3c4bf4706c18	OBSOPEN_US30_20240506	2024-05-06	180	35	13	0.00000000000000000	0.53850231401805004	0.47620242029743676	0.43655606374605221	SESSION	false
af0b7f804a8d8337572d6a4a6f2ddcb426defb1f4d5f28ed0fde54882050d00c	a2b3facd10cee4f0909891958654ec1a86b2615c602c30a726ea3c4bf4706c18	OBSOPEN_US30_20240506	2024-05-06	180	35	14	0.00000000000000000	0.53850231401805004	0.49051716159885356	0.45599693443201655	SESSION	false
af0b7f804a8d8337572d6a4a6f2ddcb426defb1f4d5f28ed0fde54882050d00c	a2b3facd10cee4f0909891958654ec1a86b2615c602c30a726ea3c4bf4706c18	OBSOPEN_US30_20240506	2024-05-06	180	35	15	0.00000000000000000	0.53702730163740919	0.46717043083277682	0.38323439301726053	SESSION	false
af0b7f804a8d8337572d6a4a6f2ddcb426defb1f4d5f28ed0fde54882050d00c	a2b3facd10cee4f0909891958654ec1a86b2615c602c30a726ea3c4bf4706c18	OBSOPEN_US30_20240506	2024-05-06	180	35	16	0.00000000000000000	0.53776487799155581	0.47292589355291309	0.41724502342357467	SESSION	false
af0b7f804a8d8337572d6a4a6f2ddcb426defb1f4d5f28ed0fde54882050d00c	a2b3facd10cee4f0909891958654ec1a86b2615c602c30a726ea3c4bf4706c18	OBSOPEN_US30_20240506	2024-05-06	180	35	17	0.00000000000000000	0.53923960685686589	0.47273684421851092	0.40302001909128310	SESSION	false
af0b7f804a8d8337572d6a4a6f2ddcb426defb1f4d5f28ed0fde54882050d00c	a2b3facd10cee4f0909891958654ec1a86b2615c602c30a726ea3c4bf4706c18	OBSOPEN_US30_20240506	2024-05-06	180	35	18	0.00000000000000000	0.53997675364962783	0.44857444449994888	0.33294701419045897	SESSION	false
af0b7f804a8d8337572d6a4a6f2ddcb426defb1f4d5f28ed0fde54882050d00c	a2b3facd10cee4f0909891958654ec1a86b2615c602c30a726ea3c4bf4706c18	OBSOPEN_US30_20240506	2024-05-06	180	35	19	0.00000000000000000	0.54071375153964718	0.44773102799199532	0.35458326315567595	SESSION	false
af0b7f804a8d8337572d6a4a6f2ddcb426defb1f4d5f28ed0fde54882050d00c	a2b3facd10cee4f0909891958654ec1a86b2615c602c30a726ea3c4bf4706c18	OBSOPEN_US30_20240506	2024-05-06	180	35	20	0.00000000000000000	0.53997675364962783	0.44034103975131461	0.35693006537536970	SESSION	false
af0b7f804a8d8337572d6a4a6f2ddcb426defb1f4d5f28ed0fde54882050d00c	a2b3facd10cee4f0909891958654ec1a86b2615c602c30a726ea3c4bf4706c18	OBSOPEN_US30_20240506	2024-05-06	180	35	21	0.00000000000000000	0.53702730163740919	0.43060273604477178	0.32879663321928881	SESSION	false
af0b7f804a8d8337572d6a4a6f2ddcb426defb1f4d5f28ed0fde54882050d00c	a2b3facd10cee4f0909891958654ec1a86b2615c602c30a726ea3c4bf4706c18	OBSOPEN_US30_20240506	2024-05-06	180	35	22	0.00000000000000000	0.53555173939429335	0.43479930194538147	0.34308226304553252	SESSION	false
af0b7f804a8d8337572d6a4a6f2ddcb426defb1f4d5f28ed0fde54882050d00c	a2b3facd10cee4f0909891958654ec1a86b2615c602c30a726ea3c4bf4706c18	OBSOPEN_US30_20240506	2024-05-06	180	35	23	0.00000000000000000	0.53555173939429335	0.43148198979060287	0.32776719394043796	SESSION	false
af0b7f804a8d8337572d6a4a6f2ddcb426defb1f4d5f28ed0fde54882050d00c	a2b3facd10cee4f0909891958654ec1a86b2615c602c30a726ea3c4bf4706c18	OBSOPEN_US30_20240506	2024-05-06	180	35	24	0.00000000000000000	0.53481375923329733	0.42674016268044163	0.31232361355544963	SESSION	false
af0b7f804a8d8337572d6a4a6f2ddcb426defb1f4d5f28ed0fde54882050d00c	a2b3facd10cee4f0909891958654ec1a86b2615c602c30a726ea3c4bf4706c18	OBSOPEN_US30_20240506	2024-05-06	180	35	25	0.00000000000000000	0.53702730163740919	0.41644877483478276	0.29774648763052791	SESSION	false
af0b7f804a8d8337572d6a4a6f2ddcb426defb1f4d5f28ed0fde54882050d00c	a2b3facd10cee4f0909891958654ec1a86b2615c602c30a726ea3c4bf4706c18	OBSOPEN_US30_20240506	2024-05-06	180	35	26	0.00000000000000000	0.53481375923329733	0.41050813931978458	0.28782086101803522	SESSION	false
af0b7f804a8d8337572d6a4a6f2ddcb426defb1f4d5f28ed0fde54882050d00c	a2b3facd10cee4f0909891958654ec1a86b2615c602c30a726ea3c4bf4706c18	OBSOPEN_US30_20240506	2024-05-06	180	35	27	0.00000000000000000	0.53407565020052150	0.41835629923355866	0.31150308661328763	SESSION	false
af0b7f804a8d8337572d6a4a6f2ddcb426defb1f4d5f28ed0fde54882050d00c	a2b3facd10cee4f0909891958654ec1a86b2615c602c30a726ea3c4bf4706c18	OBSOPEN_US30_20240506	2024-05-06	180	35	28	0.00000000000000000	0.53481375923329733	0.41807780548732854	0.31402703482186012	SESSION	false
af0b7f804a8d8337572d6a4a6f2ddcb426defb1f4d5f28ed0fde54882050d00c	a2b3facd10cee4f0909891958654ec1a86b2615c602c30a726ea3c4bf4706c18	OBSOPEN_US30_20240506	2024-05-06	180	35	29	0.00000000000000000	0.53407565020052150	0.41065778268607422	0.29214856890181612	SESSION	false
af0b7f804a8d8337572d6a4a6f2ddcb426defb1f4d5f28ed0fde54882050d00c	a2b3facd10cee4f0909891958654ec1a86b2615c602c30a726ea3c4bf4706c18	OBSOPEN_US30_20240506	2024-05-06	180	35	30	0.00000000000000000	0.53407565020052150	0.40164071140181551	0.28263032727875492	SESSION	false
af0b7f804a8d8337572d6a4a6f2ddcb426defb1f4d5f28ed0fde54882050d00c	a2b3facd10cee4f0909891958654ec1a86b2615c602c30a726ea3c4bf4706c18	OBSOPEN_US30_20240507	2024-05-07	180	36	1	1.00000000000000000	0.53677039834323015	0.49534697066258609	0.45738937924687945	SESSION	false
af0b7f804a8d8337572d6a4a6f2ddcb426defb1f4d5f28ed0fde54882050d00c	a2b3facd10cee4f0909891958654ec1a86b2615c602c30a726ea3c4bf4706c18	OBSOPEN_US30_20240507	2024-05-07	180	36	2	1.00000000000000000	0.53702730163740919	0.49423466211902939	0.49736380625532944	SESSION	false
af0b7f804a8d8337572d6a4a6f2ddcb426defb1f4d5f28ed0fde54882050d00c	a2b3facd10cee4f0909891958654ec1a86b2615c602c30a726ea3c4bf4706c18	OBSOPEN_US30_20240507	2024-05-07	180	36	3	1.00000000000000000	0.53702730163740919	0.53771383736960299	0.57113463093999972	SESSION	false
af0b7f804a8d8337572d6a4a6f2ddcb426defb1f4d5f28ed0fde54882050d00c	a2b3facd10cee4f0909891958654ec1a86b2615c602c30a726ea3c4bf4706c18	OBSOPEN_US30_20240507	2024-05-07	180	36	4	1.00000000000000000	0.53628958781724945	0.57790155299767887	0.70524986979687021	SESSION	false
af0b7f804a8d8337572d6a4a6f2ddcb426defb1f4d5f28ed0fde54882050d00c	a2b3facd10cee4f0909891958654ec1a86b2615c602c30a726ea3c4bf4706c18	OBSOPEN_US30_20240507	2024-05-07	180	36	5	1.00000000000000000	0.53555173939429335	0.57947488761188470	0.65389193028776305	SESSION	false
af0b7f804a8d8337572d6a4a6f2ddcb426defb1f4d5f28ed0fde54882050d00c	a2b3facd10cee4f0909891958654ec1a86b2615c602c30a726ea3c4bf4706c18	OBSOPEN_US30_20240507	2024-05-07	180	36	6	1.00000000000000000	0.53555173939429335	0.55163314961134780	0.58750134690520062	SESSION	false
af0b7f804a8d8337572d6a4a6f2ddcb426defb1f4d5f28ed0fde54882050d00c	a2b3facd10cee4f0909891958654ec1a86b2615c602c30a726ea3c4bf4706c18	OBSOPEN_US30_20240507	2024-05-07	180	36	7	1.00000000000000000	0.53481375923329733	0.51242797136105434	0.48470995165278752	SESSION	false
af0b7f804a8d8337572d6a4a6f2ddcb426defb1f4d5f28ed0fde54882050d00c	a2b3facd10cee4f0909891958654ec1a86b2615c602c30a726ea3c4bf4706c18	OBSOPEN_US30_20240507	2024-05-07	180	36	8	1.00000000000000000	0.53923960685686589	0.54088121578943515	0.60850573947798592	SESSION	false
af0b7f804a8d8337572d6a4a6f2ddcb426defb1f4d5f28ed0fde54882050d00c	a2b3facd10cee4f0909891958654ec1a86b2615c602c30a726ea3c4bf4706c18	OBSOPEN_US30_20240507	2024-05-07	180	36	9	1.00000000000000000	0.53923960685686589	0.53337150370713349	0.55940278375851749	SESSION	false
af0b7f804a8d8337572d6a4a6f2ddcb426defb1f4d5f28ed0fde54882050d00c	a2b3facd10cee4f0909891958654ec1a86b2615c602c30a726ea3c4bf4706c18	OBSOPEN_US30_20240507	2024-05-07	180	36	10	1.00000000000000000	0.53702730163740919	0.54386851068559872	0.60394915227920065	SESSION	false
af0b7f804a8d8337572d6a4a6f2ddcb426defb1f4d5f28ed0fde54882050d00c	a2b3facd10cee4f0909891958654ec1a86b2615c602c30a726ea3c4bf4706c18	OBSOPEN_US30_20240507	2024-05-07	180	36	11	1.00000000000000000	0.53702730163740919	0.57447572048730233	0.65560439653324265	SESSION	false
af0b7f804a8d8337572d6a4a6f2ddcb426defb1f4d5f28ed0fde54882050d00c	a2b3facd10cee4f0909891958654ec1a86b2615c602c30a726ea3c4bf4706c18	OBSOPEN_US30_20240507	2024-05-07	180	36	12	1.00000000000000000	0.53702730163740919	0.59199202625810077	0.70981169703833280	SESSION	false
af0b7f804a8d8337572d6a4a6f2ddcb426defb1f4d5f28ed0fde54882050d00c	a2b3facd10cee4f0909891958654ec1a86b2615c602c30a726ea3c4bf4706c18	OBSOPEN_US30_20240507	2024-05-07	180	36	13	1.00000000000000000	0.53850231401805004	0.60259815677019091	0.73038979717309716	SESSION	false
af0b7f804a8d8337572d6a4a6f2ddcb426defb1f4d5f28ed0fde54882050d00c	a2b3facd10cee4f0909891958654ec1a86b2615c602c30a726ea3c4bf4706c18	OBSOPEN_US30_20240507	2024-05-07	180	36	14	1.00000000000000000	0.53850231401805004	0.59842263270637963	0.71320033789119275	SESSION	false
af0b7f804a8d8337572d6a4a6f2ddcb426defb1f4d5f28ed0fde54882050d00c	a2b3facd10cee4f0909891958654ec1a86b2615c602c30a726ea3c4bf4706c18	OBSOPEN_US30_20240507	2024-05-07	180	36	15	1.00000000000000000	0.53702730163740919	0.56092977286545742	0.62505964605513764	SESSION	false
af0b7f804a8d8337572d6a4a6f2ddcb426defb1f4d5f28ed0fde54882050d00c	a2b3facd10cee4f0909891958654ec1a86b2615c602c30a726ea3c4bf4706c18	OBSOPEN_US30_20240507	2024-05-07	180	36	16	1.00000000000000000	0.53776487799155581	0.56902152622910107	0.66447103805291063	SESSION	false
af0b7f804a8d8337572d6a4a6f2ddcb426defb1f4d5f28ed0fde54882050d00c	a2b3facd10cee4f0909891958654ec1a86b2615c602c30a726ea3c4bf4706c18	OBSOPEN_US30_20240507	2024-05-07	180	36	17	1.00000000000000000	0.53923960685686589	0.57032063881315076	0.66026677638944598	SESSION	false
af0b7f804a8d8337572d6a4a6f2ddcb426defb1f4d5f28ed0fde54882050d00c	a2b3facd10cee4f0909891958654ec1a86b2615c602c30a726ea3c4bf4706c18	OBSOPEN_US30_20240507	2024-05-07	180	36	18	1.00000000000000000	0.53997675364962783	0.58286819645945775	0.69946845378547340	SESSION	false
af0b7f804a8d8337572d6a4a6f2ddcb426defb1f4d5f28ed0fde54882050d00c	a2b3facd10cee4f0909891958654ec1a86b2615c602c30a726ea3c4bf4706c18	OBSOPEN_US30_20240507	2024-05-07	180	36	19	1.00000000000000000	0.54071375153964718	0.56132304454312332	0.63921379841473025	SESSION	false
af0b7f804a8d8337572d6a4a6f2ddcb426defb1f4d5f28ed0fde54882050d00c	a2b3facd10cee4f0909891958654ec1a86b2615c602c30a726ea3c4bf4706c18	OBSOPEN_US30_20240507	2024-05-07	180	36	20	1.00000000000000000	0.53997675364962783	0.55534313495500165	0.64723665914977258	SESSION	false
af0b7f804a8d8337572d6a4a6f2ddcb426defb1f4d5f28ed0fde54882050d00c	a2b3facd10cee4f0909891958654ec1a86b2615c602c30a726ea3c4bf4706c18	OBSOPEN_US30_20240507	2024-05-07	180	36	21	1.00000000000000000	0.53702730163740919	0.58605620032656036	0.70423673769595496	SESSION	false
af0b7f804a8d8337572d6a4a6f2ddcb426defb1f4d5f28ed0fde54882050d00c	a2b3facd10cee4f0909891958654ec1a86b2615c602c30a726ea3c4bf4706c18	OBSOPEN_US30_20240507	2024-05-07	180	36	22	1.00000000000000000	0.53555173939429335	0.60312077714364265	0.73184264020770928	SESSION	false
af0b7f804a8d8337572d6a4a6f2ddcb426defb1f4d5f28ed0fde54882050d00c	a2b3facd10cee4f0909891958654ec1a86b2615c602c30a726ea3c4bf4706c18	OBSOPEN_US30_20240507	2024-05-07	180	36	23	1.00000000000000000	0.53555173939429335	0.61327227519681049	0.72740832552740498	SESSION	false
af0b7f804a8d8337572d6a4a6f2ddcb426defb1f4d5f28ed0fde54882050d00c	a2b3facd10cee4f0909891958654ec1a86b2615c602c30a726ea3c4bf4706c18	OBSOPEN_US30_20240507	2024-05-07	180	36	24	1.00000000000000000	0.53481375923329733	0.61661798676720403	0.71799238024838430	SESSION	false
af0b7f804a8d8337572d6a4a6f2ddcb426defb1f4d5f28ed0fde54882050d00c	a2b3facd10cee4f0909891958654ec1a86b2615c602c30a726ea3c4bf4706c18	OBSOPEN_US30_20240507	2024-05-07	180	36	25	1.00000000000000000	0.53702730163740919	0.62831445019607690	0.73778863783789939	SESSION	false
af0b7f804a8d8337572d6a4a6f2ddcb426defb1f4d5f28ed0fde54882050d00c	a2b3facd10cee4f0909891958654ec1a86b2615c602c30a726ea3c4bf4706c18	OBSOPEN_US30_20240507	2024-05-07	180	36	26	1.00000000000000000	0.53481375923329733	0.62300389927207112	0.71421833873480844	SESSION	false
af0b7f804a8d8337572d6a4a6f2ddcb426defb1f4d5f28ed0fde54882050d00c	a2b3facd10cee4f0909891958654ec1a86b2615c602c30a726ea3c4bf4706c18	OBSOPEN_US30_20240507	2024-05-07	180	36	27	1.00000000000000000	0.53407565020052150	0.60199409424748374	0.67626111343803641	SESSION	false
af0b7f804a8d8337572d6a4a6f2ddcb426defb1f4d5f28ed0fde54882050d00c	a2b3facd10cee4f0909891958654ec1a86b2615c602c30a726ea3c4bf4706c18	OBSOPEN_US30_20240507	2024-05-07	180	36	28	1.00000000000000000	0.53481375923329733	0.59443970122837930	0.67079802438451075	SESSION	false
af0b7f804a8d8337572d6a4a6f2ddcb426defb1f4d5f28ed0fde54882050d00c	a2b3facd10cee4f0909891958654ec1a86b2615c602c30a726ea3c4bf4706c18	OBSOPEN_US30_20240507	2024-05-07	180	36	29	1.00000000000000000	0.53407565020052150	0.59809286941539397	0.66958484652836525	SESSION	false
af0b7f804a8d8337572d6a4a6f2ddcb426defb1f4d5f28ed0fde54882050d00c	a2b3facd10cee4f0909891958654ec1a86b2615c602c30a726ea3c4bf4706c18	OBSOPEN_US30_20240507	2024-05-07	180	36	30	1.00000000000000000	0.53407565020052150	0.58302369850053182	0.63919195104310944	SESSION	false
af0b7f804a8d8337572d6a4a6f2ddcb426defb1f4d5f28ed0fde54882050d00c	a2b3facd10cee4f0909891958654ec1a86b2615c602c30a726ea3c4bf4706c18	OBSOPEN_US30_20240514	2024-05-14	180	37	1	1.00000000000000000	0.53677039834323015	0.48905009957966994	0.45469252796747217	SESSION	false
af0b7f804a8d8337572d6a4a6f2ddcb426defb1f4d5f28ed0fde54882050d00c	a2b3facd10cee4f0909891958654ec1a86b2615c602c30a726ea3c4bf4706c18	OBSOPEN_US30_20240514	2024-05-14	180	37	2	1.00000000000000000	0.53702730163740919	0.53326815695804064	0.66535269297815780	SESSION	false
af0b7f804a8d8337572d6a4a6f2ddcb426defb1f4d5f28ed0fde54882050d00c	a2b3facd10cee4f0909891958654ec1a86b2615c602c30a726ea3c4bf4706c18	OBSOPEN_US30_20240514	2024-05-14	180	37	3	1.00000000000000000	0.53702730163740919	0.56750440479618258	0.64496908527445251	SESSION	false
af0b7f804a8d8337572d6a4a6f2ddcb426defb1f4d5f28ed0fde54882050d00c	a2b3facd10cee4f0909891958654ec1a86b2615c602c30a726ea3c4bf4706c18	OBSOPEN_US30_20240514	2024-05-14	180	37	4	1.00000000000000000	0.53628958781724945	0.58008381323947777	0.64910486745359497	SESSION	false
af0b7f804a8d8337572d6a4a6f2ddcb426defb1f4d5f28ed0fde54882050d00c	a2b3facd10cee4f0909891958654ec1a86b2615c602c30a726ea3c4bf4706c18	OBSOPEN_US30_20240514	2024-05-14	180	37	5	1.00000000000000000	0.53555173939429335	0.53618725888629648	0.51501854475089071	SESSION	false
af0b7f804a8d8337572d6a4a6f2ddcb426defb1f4d5f28ed0fde54882050d00c	a2b3facd10cee4f0909891958654ec1a86b2615c602c30a726ea3c4bf4706c18	OBSOPEN_US30_20240514	2024-05-14	180	37	6	1.00000000000000000	0.53555173939429335	0.47007927546653666	0.39283922740741545	SESSION	false
af0b7f804a8d8337572d6a4a6f2ddcb426defb1f4d5f28ed0fde54882050d00c	a2b3facd10cee4f0909891958654ec1a86b2615c602c30a726ea3c4bf4706c18	OBSOPEN_US30_20240514	2024-05-14	180	37	7	0.00000000000000000	0.53481375923329733	0.47639285332575693	0.41810624369749655	SESSION	false
af0b7f804a8d8337572d6a4a6f2ddcb426defb1f4d5f28ed0fde54882050d00c	a2b3facd10cee4f0909891958654ec1a86b2615c602c30a726ea3c4bf4706c18	OBSOPEN_US30_20240514	2024-05-14	180	37	8	0.00000000000000000	0.53923960685686589	0.47782438634094981	0.41950996217023312	SESSION	false
af0b7f804a8d8337572d6a4a6f2ddcb426defb1f4d5f28ed0fde54882050d00c	a2b3facd10cee4f0909891958654ec1a86b2615c602c30a726ea3c4bf4706c18	OBSOPEN_US30_20240514	2024-05-14	180	37	9	0.00000000000000000	0.53923960685686589	0.53493960250515171	0.58077051944041258	SESSION	false
af0b7f804a8d8337572d6a4a6f2ddcb426defb1f4d5f28ed0fde54882050d00c	a2b3facd10cee4f0909891958654ec1a86b2615c602c30a726ea3c4bf4706c18	OBSOPEN_US30_20240514	2024-05-14	180	37	10	0.00000000000000000	0.53702730163740919	0.57962144307566044	0.64373706568927425	SESSION	false
af0b7f804a8d8337572d6a4a6f2ddcb426defb1f4d5f28ed0fde54882050d00c	a2b3facd10cee4f0909891958654ec1a86b2615c602c30a726ea3c4bf4706c18	OBSOPEN_US30_20240514	2024-05-14	180	37	11	0.00000000000000000	0.53702730163740919	0.60841684072319147	0.70389695691697163	SESSION	false
af0b7f804a8d8337572d6a4a6f2ddcb426defb1f4d5f28ed0fde54882050d00c	a2b3facd10cee4f0909891958654ec1a86b2615c602c30a726ea3c4bf4706c18	OBSOPEN_US30_20240514	2024-05-14	180	37	12	0.00000000000000000	0.53702730163740919	0.63666882510288569	0.73019475707965020	SESSION	false
af0b7f804a8d8337572d6a4a6f2ddcb426defb1f4d5f28ed0fde54882050d00c	a2b3facd10cee4f0909891958654ec1a86b2615c602c30a726ea3c4bf4706c18	OBSOPEN_US30_20240514	2024-05-14	180	37	13	0.00000000000000000	0.53850231401805004	0.63798505859679033	0.74183455103636242	SESSION	false
af0b7f804a8d8337572d6a4a6f2ddcb426defb1f4d5f28ed0fde54882050d00c	a2b3facd10cee4f0909891958654ec1a86b2615c602c30a726ea3c4bf4706c18	OBSOPEN_US30_20240514	2024-05-14	180	37	14	0.00000000000000000	0.53850231401805004	0.61981096304665095	0.69795883360091937	SESSION	false
af0b7f804a8d8337572d6a4a6f2ddcb426defb1f4d5f28ed0fde54882050d00c	a2b3facd10cee4f0909891958654ec1a86b2615c602c30a726ea3c4bf4706c18	OBSOPEN_US30_20240514	2024-05-14	180	37	15	0.00000000000000000	0.53702730163740919	0.58378126174595812	0.62663424230172415	SESSION	false
af0b7f804a8d8337572d6a4a6f2ddcb426defb1f4d5f28ed0fde54882050d00c	a2b3facd10cee4f0909891958654ec1a86b2615c602c30a726ea3c4bf4706c18	OBSOPEN_US30_20240514	2024-05-14	180	37	16	0.00000000000000000	0.53776487799155581	0.57621176816434683	0.61671103384768022	SESSION	false
af0b7f804a8d8337572d6a4a6f2ddcb426defb1f4d5f28ed0fde54882050d00c	a2b3facd10cee4f0909891958654ec1a86b2615c602c30a726ea3c4bf4706c18	OBSOPEN_US30_20240514	2024-05-14	180	37	17	0.00000000000000000	0.53923960685686589	0.56070717054160180	0.59718076868472925	SESSION	false
af0b7f804a8d8337572d6a4a6f2ddcb426defb1f4d5f28ed0fde54882050d00c	a2b3facd10cee4f0909891958654ec1a86b2615c602c30a726ea3c4bf4706c18	OBSOPEN_US30_20240514	2024-05-14	180	37	18	0.00000000000000000	0.53997675364962783	0.55743427206498986	0.59408896957588475	SESSION	false
af0b7f804a8d8337572d6a4a6f2ddcb426defb1f4d5f28ed0fde54882050d00c	a2b3facd10cee4f0909891958654ec1a86b2615c602c30a726ea3c4bf4706c18	OBSOPEN_US30_20240514	2024-05-14	180	37	19	0.00000000000000000	0.54071375153964718	0.55691663312355677	0.59665491088707701	SESSION	false
af0b7f804a8d8337572d6a4a6f2ddcb426defb1f4d5f28ed0fde54882050d00c	a2b3facd10cee4f0909891958654ec1a86b2615c602c30a726ea3c4bf4706c18	OBSOPEN_US30_20240514	2024-05-14	180	37	20	0.00000000000000000	0.53997675364962783	0.52792431850165034	0.53657674398109290	SESSION	false
af0b7f804a8d8337572d6a4a6f2ddcb426defb1f4d5f28ed0fde54882050d00c	a2b3facd10cee4f0909891958654ec1a86b2615c602c30a726ea3c4bf4706c18	OBSOPEN_US30_20240514	2024-05-14	180	37	21	0.00000000000000000	0.53702730163740919	0.56513863397260289	0.63617417659824460	SESSION	false
af0b7f804a8d8337572d6a4a6f2ddcb426defb1f4d5f28ed0fde54882050d00c	a2b3facd10cee4f0909891958654ec1a86b2615c602c30a726ea3c4bf4706c18	OBSOPEN_US30_20240514	2024-05-14	180	37	22	0.00000000000000000	0.53555173939429335	0.57593977897931603	0.61424329421841684	SESSION	false
af0b7f804a8d8337572d6a4a6f2ddcb426defb1f4d5f28ed0fde54882050d00c	a2b3facd10cee4f0909891958654ec1a86b2615c602c30a726ea3c4bf4706c18	OBSOPEN_US30_20240514	2024-05-14	180	37	23	0.00000000000000000	0.53555173939429335	0.54566537448031660	0.55453044944432484	SESSION	false
af0b7f804a8d8337572d6a4a6f2ddcb426defb1f4d5f28ed0fde54882050d00c	a2b3facd10cee4f0909891958654ec1a86b2615c602c30a726ea3c4bf4706c18	OBSOPEN_US30_20240514	2024-05-14	180	37	24	0.00000000000000000	0.53481375923329733	0.52320855778236919	0.50851646917259941	SESSION	false
af0b7f804a8d8337572d6a4a6f2ddcb426defb1f4d5f28ed0fde54882050d00c	a2b3facd10cee4f0909891958654ec1a86b2615c602c30a726ea3c4bf4706c18	OBSOPEN_US30_20240514	2024-05-14	180	37	25	0.00000000000000000	0.53702730163740919	0.54433018421225354	0.57091653580696322	SESSION	false
af0b7f804a8d8337572d6a4a6f2ddcb426defb1f4d5f28ed0fde54882050d00c	a2b3facd10cee4f0909891958654ec1a86b2615c602c30a726ea3c4bf4706c18	OBSOPEN_US30_20240514	2024-05-14	180	37	26	0.00000000000000000	0.53481375923329733	0.54934169333481131	0.57012470108063806	SESSION	false
af0b7f804a8d8337572d6a4a6f2ddcb426defb1f4d5f28ed0fde54882050d00c	a2b3facd10cee4f0909891958654ec1a86b2615c602c30a726ea3c4bf4706c18	OBSOPEN_US30_20240514	2024-05-14	180	37	27	0.00000000000000000	0.53407565020052150	0.54520949854635892	0.54914803467395834	SESSION	false
af0b7f804a8d8337572d6a4a6f2ddcb426defb1f4d5f28ed0fde54882050d00c	a2b3facd10cee4f0909891958654ec1a86b2615c602c30a726ea3c4bf4706c18	OBSOPEN_US30_20240514	2024-05-14	180	37	28	0.00000000000000000	0.53481375923329733	0.53591130966626122	0.54460259735850913	SESSION	false
af0b7f804a8d8337572d6a4a6f2ddcb426defb1f4d5f28ed0fde54882050d00c	a2b3facd10cee4f0909891958654ec1a86b2615c602c30a726ea3c4bf4706c18	OBSOPEN_US30_20240514	2024-05-14	180	37	29	0.00000000000000000	0.53407565020052150	0.56307485988710926	0.60116503614620032	SESSION	false
af0b7f804a8d8337572d6a4a6f2ddcb426defb1f4d5f28ed0fde54882050d00c	a2b3facd10cee4f0909891958654ec1a86b2615c602c30a726ea3c4bf4706c18	OBSOPEN_US30_20240514	2024-05-14	180	37	30	1.00000000000000000	0.53407565020052150	0.56855977190588425	0.60482640688146738	SESSION	false
af0b7f804a8d8337572d6a4a6f2ddcb426defb1f4d5f28ed0fde54882050d00c	a2b3facd10cee4f0909891958654ec1a86b2615c602c30a726ea3c4bf4706c18	OBSOPEN_US30_20240515	2024-05-15	180	38	1	1.00000000000000000	0.53677039834323015	0.51169103633501567	0.63294072149541114	SESSION	false
af0b7f804a8d8337572d6a4a6f2ddcb426defb1f4d5f28ed0fde54882050d00c	a2b3facd10cee4f0909891958654ec1a86b2615c602c30a726ea3c4bf4706c18	OBSOPEN_US30_20240515	2024-05-15	180	38	2	0.00000000000000000	0.53702730163740919	0.55503760585805462	0.68947425053109523	SESSION	false
af0b7f804a8d8337572d6a4a6f2ddcb426defb1f4d5f28ed0fde54882050d00c	a2b3facd10cee4f0909891958654ec1a86b2615c602c30a726ea3c4bf4706c18	OBSOPEN_US30_20240515	2024-05-15	180	38	3	0.00000000000000000	0.53702730163740919	0.58508956033056081	0.70671792616473772	SESSION	false
af0b7f804a8d8337572d6a4a6f2ddcb426defb1f4d5f28ed0fde54882050d00c	a2b3facd10cee4f0909891958654ec1a86b2615c602c30a726ea3c4bf4706c18	OBSOPEN_US30_20240515	2024-05-15	180	38	4	0.00000000000000000	0.53628958781724945	0.61958568705183859	0.71616127468765978	SESSION	false
af0b7f804a8d8337572d6a4a6f2ddcb426defb1f4d5f28ed0fde54882050d00c	a2b3facd10cee4f0909891958654ec1a86b2615c602c30a726ea3c4bf4706c18	OBSOPEN_US30_20240515	2024-05-15	180	38	5	0.00000000000000000	0.53555173939429335	0.61651173239726043	0.70131592721958957	SESSION	false
af0b7f804a8d8337572d6a4a6f2ddcb426defb1f4d5f28ed0fde54882050d00c	a2b3facd10cee4f0909891958654ec1a86b2615c602c30a726ea3c4bf4706c18	OBSOPEN_US30_20240515	2024-05-15	180	38	6	1.00000000000000000	0.53555173939429335	0.61742068952234974	0.71045897520395107	SESSION	false
af0b7f804a8d8337572d6a4a6f2ddcb426defb1f4d5f28ed0fde54882050d00c	a2b3facd10cee4f0909891958654ec1a86b2615c602c30a726ea3c4bf4706c18	OBSOPEN_US30_20240515	2024-05-15	180	38	7	1.00000000000000000	0.53481375923329733	0.63761171005926454	0.71515553604981041	SESSION	false
af0b7f804a8d8337572d6a4a6f2ddcb426defb1f4d5f28ed0fde54882050d00c	a2b3facd10cee4f0909891958654ec1a86b2615c602c30a726ea3c4bf4706c18	OBSOPEN_US30_20240515	2024-05-15	180	38	8	1.00000000000000000	0.53923960685686589	0.61412405536950265	0.67002672367749783	SESSION	false
af0b7f804a8d8337572d6a4a6f2ddcb426defb1f4d5f28ed0fde54882050d00c	a2b3facd10cee4f0909891958654ec1a86b2615c602c30a726ea3c4bf4706c18	OBSOPEN_US30_20240515	2024-05-15	180	38	9	0.00000000000000000	0.53923960685686589	0.55336654151164388	0.57014708690299121	SESSION	false
af0b7f804a8d8337572d6a4a6f2ddcb426defb1f4d5f28ed0fde54882050d00c	a2b3facd10cee4f0909891958654ec1a86b2615c602c30a726ea3c4bf4706c18	OBSOPEN_US30_20240515	2024-05-15	180	38	10	0.00000000000000000	0.53702730163740919	0.57166721489801375	0.60745155572670151	SESSION	false
af0b7f804a8d8337572d6a4a6f2ddcb426defb1f4d5f28ed0fde54882050d00c	a2b3facd10cee4f0909891958654ec1a86b2615c602c30a726ea3c4bf4706c18	OBSOPEN_US30_20240515	2024-05-15	180	38	11	1.00000000000000000	0.53702730163740919	0.61527732695333781	0.68308117191112616	SESSION	false
af0b7f804a8d8337572d6a4a6f2ddcb426defb1f4d5f28ed0fde54882050d00c	a2b3facd10cee4f0909891958654ec1a86b2615c602c30a726ea3c4bf4706c18	OBSOPEN_US30_20240515	2024-05-15	180	38	12	1.00000000000000000	0.53702730163740919	0.62834547949394981	0.70005480603730530	SESSION	false
af0b7f804a8d8337572d6a4a6f2ddcb426defb1f4d5f28ed0fde54882050d00c	a2b3facd10cee4f0909891958654ec1a86b2615c602c30a726ea3c4bf4706c18	OBSOPEN_US30_20240515	2024-05-15	180	38	13	1.00000000000000000	0.53850231401805004	0.59917165369437242	0.64891546485445384	SESSION	false
af0b7f804a8d8337572d6a4a6f2ddcb426defb1f4d5f28ed0fde54882050d00c	a2b3facd10cee4f0909891958654ec1a86b2615c602c30a726ea3c4bf4706c18	OBSOPEN_US30_20240515	2024-05-15	180	38	14	1.00000000000000000	0.53850231401805004	0.56676989514591491	0.59673258626252124	SESSION	false
af0b7f804a8d8337572d6a4a6f2ddcb426defb1f4d5f28ed0fde54882050d00c	a2b3facd10cee4f0909891958654ec1a86b2615c602c30a726ea3c4bf4706c18	OBSOPEN_US30_20240515	2024-05-15	180	38	15	1.00000000000000000	0.53702730163740919	0.54506622537484817	0.54863383462327786	SESSION	false
af0b7f804a8d8337572d6a4a6f2ddcb426defb1f4d5f28ed0fde54882050d00c	a2b3facd10cee4f0909891958654ec1a86b2615c602c30a726ea3c4bf4706c18	OBSOPEN_US30_20240515	2024-05-15	180	38	16	1.00000000000000000	0.53776487799155581	0.54155794907173616	0.56352431038713835	SESSION	false
af0b7f804a8d8337572d6a4a6f2ddcb426defb1f4d5f28ed0fde54882050d00c	a2b3facd10cee4f0909891958654ec1a86b2615c602c30a726ea3c4bf4706c18	OBSOPEN_US30_20240515	2024-05-15	180	38	17	1.00000000000000000	0.53923960685686589	0.54449463659095143	0.55733382818986954	SESSION	false
af0b7f804a8d8337572d6a4a6f2ddcb426defb1f4d5f28ed0fde54882050d00c	a2b3facd10cee4f0909891958654ec1a86b2615c602c30a726ea3c4bf4706c18	OBSOPEN_US30_20240515	2024-05-15	180	38	18	1.00000000000000000	0.53997675364962783	0.53282870049169351	0.54812490717523565	SESSION	false
af0b7f804a8d8337572d6a4a6f2ddcb426defb1f4d5f28ed0fde54882050d00c	a2b3facd10cee4f0909891958654ec1a86b2615c602c30a726ea3c4bf4706c18	OBSOPEN_US30_20240515	2024-05-15	180	38	19	1.00000000000000000	0.54071375153964718	0.53660558282996751	0.54719164287493327	SESSION	false
af0b7f804a8d8337572d6a4a6f2ddcb426defb1f4d5f28ed0fde54882050d00c	a2b3facd10cee4f0909891958654ec1a86b2615c602c30a726ea3c4bf4706c18	OBSOPEN_US30_20240515	2024-05-15	180	38	20	1.00000000000000000	0.53997675364962783	0.51132495772628916	0.50311390785372412	SESSION	false
af0b7f804a8d8337572d6a4a6f2ddcb426defb1f4d5f28ed0fde54882050d00c	a2b3facd10cee4f0909891958654ec1a86b2615c602c30a726ea3c4bf4706c18	OBSOPEN_US30_20240515	2024-05-15	180	38	21	1.00000000000000000	0.53702730163740919	0.48515898782194722	0.43911941112412617	SESSION	false
af0b7f804a8d8337572d6a4a6f2ddcb426defb1f4d5f28ed0fde54882050d00c	a2b3facd10cee4f0909891958654ec1a86b2615c602c30a726ea3c4bf4706c18	OBSOPEN_US30_20240515	2024-05-15	180	38	22	1.00000000000000000	0.53555173939429335	0.44578211633343057	0.36283647940059199	SESSION	false
af0b7f804a8d8337572d6a4a6f2ddcb426defb1f4d5f28ed0fde54882050d00c	a2b3facd10cee4f0909891958654ec1a86b2615c602c30a726ea3c4bf4706c18	OBSOPEN_US30_20240515	2024-05-15	180	38	23	1.00000000000000000	0.53555173939429335	0.42352424769605285	0.32847348198847187	SESSION	false
af0b7f804a8d8337572d6a4a6f2ddcb426defb1f4d5f28ed0fde54882050d00c	a2b3facd10cee4f0909891958654ec1a86b2615c602c30a726ea3c4bf4706c18	OBSOPEN_US30_20240515	2024-05-15	180	38	24	1.00000000000000000	0.53481375923329733	0.40410032650075572	0.28681537976161386	SESSION	false
af0b7f804a8d8337572d6a4a6f2ddcb426defb1f4d5f28ed0fde54882050d00c	a2b3facd10cee4f0909891958654ec1a86b2615c602c30a726ea3c4bf4706c18	OBSOPEN_US30_20240515	2024-05-15	180	38	25	1.00000000000000000	0.53702730163740919	0.40138872028050609	0.29831707270437635	SESSION	false
af0b7f804a8d8337572d6a4a6f2ddcb426defb1f4d5f28ed0fde54882050d00c	a2b3facd10cee4f0909891958654ec1a86b2615c602c30a726ea3c4bf4706c18	OBSOPEN_US30_20240515	2024-05-15	180	38	26	1.00000000000000000	0.53481375923329733	0.40660386196238796	0.30580997614087635	SESSION	false
af0b7f804a8d8337572d6a4a6f2ddcb426defb1f4d5f28ed0fde54882050d00c	a2b3facd10cee4f0909891958654ec1a86b2615c602c30a726ea3c4bf4706c18	OBSOPEN_US30_20240515	2024-05-15	180	38	27	1.00000000000000000	0.53407565020052150	0.40522753306927378	0.31156924134912289	SESSION	false
af0b7f804a8d8337572d6a4a6f2ddcb426defb1f4d5f28ed0fde54882050d00c	a2b3facd10cee4f0909891958654ec1a86b2615c602c30a726ea3c4bf4706c18	OBSOPEN_US30_20240515	2024-05-15	180	38	28	1.00000000000000000	0.53481375923329733	0.41208198055522938	0.32229716890698573	SESSION	false
af0b7f804a8d8337572d6a4a6f2ddcb426defb1f4d5f28ed0fde54882050d00c	a2b3facd10cee4f0909891958654ec1a86b2615c602c30a726ea3c4bf4706c18	OBSOPEN_US30_20240515	2024-05-15	180	38	29	1.00000000000000000	0.53407565020052150	0.40117768899812500	0.29992498742100587	SESSION	false
af0b7f804a8d8337572d6a4a6f2ddcb426defb1f4d5f28ed0fde54882050d00c	a2b3facd10cee4f0909891958654ec1a86b2615c602c30a726ea3c4bf4706c18	OBSOPEN_US30_20240515	2024-05-15	180	38	30	1.00000000000000000	0.53407565020052150	0.40133193094773889	0.30208936710580903	SESSION	false
af0b7f804a8d8337572d6a4a6f2ddcb426defb1f4d5f28ed0fde54882050d00c	a2b3facd10cee4f0909891958654ec1a86b2615c602c30a726ea3c4bf4706c18	OBSOPEN_US30_20240520	2024-05-20	180	39	1	1.00000000000000000	0.53677039834323015	0.51788676407287748	0.67053689736425648	SESSION	false
af0b7f804a8d8337572d6a4a6f2ddcb426defb1f4d5f28ed0fde54882050d00c	a2b3facd10cee4f0909891958654ec1a86b2615c602c30a726ea3c4bf4706c18	OBSOPEN_US30_20240520	2024-05-20	180	39	2	1.00000000000000000	0.53702730163740919	0.51990179804733705	0.56523402817981250	SESSION	false
af0b7f804a8d8337572d6a4a6f2ddcb426defb1f4d5f28ed0fde54882050d00c	a2b3facd10cee4f0909891958654ec1a86b2615c602c30a726ea3c4bf4706c18	OBSOPEN_US30_20240520	2024-05-20	180	39	3	1.00000000000000000	0.53702730163740919	0.50060645364439671	0.49379076259802285	SESSION	false
af0b7f804a8d8337572d6a4a6f2ddcb426defb1f4d5f28ed0fde54882050d00c	a2b3facd10cee4f0909891958654ec1a86b2615c602c30a726ea3c4bf4706c18	OBSOPEN_US30_20240520	2024-05-20	180	39	4	1.00000000000000000	0.53628958781724945	0.47240550229307987	0.37417029015078024	SESSION	false
af0b7f804a8d8337572d6a4a6f2ddcb426defb1f4d5f28ed0fde54882050d00c	a2b3facd10cee4f0909891958654ec1a86b2615c602c30a726ea3c4bf4706c18	OBSOPEN_US30_20240520	2024-05-20	180	39	5	1.00000000000000000	0.53555173939429335	0.45159805343833848	0.33952421958899281	SESSION	false
af0b7f804a8d8337572d6a4a6f2ddcb426defb1f4d5f28ed0fde54882050d00c	a2b3facd10cee4f0909891958654ec1a86b2615c602c30a726ea3c4bf4706c18	OBSOPEN_US30_20240520	2024-05-20	180	39	6	1.00000000000000000	0.53555173939429335	0.44074658929031696	0.30532245778949280	SESSION	false
af0b7f804a8d8337572d6a4a6f2ddcb426defb1f4d5f28ed0fde54882050d00c	a2b3facd10cee4f0909891958654ec1a86b2615c602c30a726ea3c4bf4706c18	OBSOPEN_US30_20240520	2024-05-20	180	39	7	1.00000000000000000	0.53481375923329733	0.43335952414961215	0.30181356269851201	SESSION	false
af0b7f804a8d8337572d6a4a6f2ddcb426defb1f4d5f28ed0fde54882050d00c	a2b3facd10cee4f0909891958654ec1a86b2615c602c30a726ea3c4bf4706c18	OBSOPEN_US30_20240520	2024-05-20	180	39	8	1.00000000000000000	0.53923960685686589	0.43460510939873204	0.33485682597595728	SESSION	false
af0b7f804a8d8337572d6a4a6f2ddcb426defb1f4d5f28ed0fde54882050d00c	a2b3facd10cee4f0909891958654ec1a86b2615c602c30a726ea3c4bf4706c18	OBSOPEN_US30_20240520	2024-05-20	180	39	9	1.00000000000000000	0.53923960685686589	0.42734833147617590	0.33983503567945811	SESSION	false
af0b7f804a8d8337572d6a4a6f2ddcb426defb1f4d5f28ed0fde54882050d00c	a2b3facd10cee4f0909891958654ec1a86b2615c602c30a726ea3c4bf4706c18	OBSOPEN_US30_20240520	2024-05-20	180	39	10	1.00000000000000000	0.53702730163740919	0.41858549664299638	0.30719306323766676	SESSION	false
af0b7f804a8d8337572d6a4a6f2ddcb426defb1f4d5f28ed0fde54882050d00c	a2b3facd10cee4f0909891958654ec1a86b2615c602c30a726ea3c4bf4706c18	OBSOPEN_US30_20240520	2024-05-20	180	39	11	1.00000000000000000	0.53702730163740919	0.42613369601942075	0.32973413299115895	SESSION	false
af0b7f804a8d8337572d6a4a6f2ddcb426defb1f4d5f28ed0fde54882050d00c	a2b3facd10cee4f0909891958654ec1a86b2615c602c30a726ea3c4bf4706c18	OBSOPEN_US30_20240520	2024-05-20	180	39	12	1.00000000000000000	0.53702730163740919	0.43698462626627754	0.34736491169110617	SESSION	false
af0b7f804a8d8337572d6a4a6f2ddcb426defb1f4d5f28ed0fde54882050d00c	a2b3facd10cee4f0909891958654ec1a86b2615c602c30a726ea3c4bf4706c18	OBSOPEN_US30_20240520	2024-05-20	180	39	13	1.00000000000000000	0.53850231401805004	0.45328307271047069	0.38095583745221828	SESSION	false
af0b7f804a8d8337572d6a4a6f2ddcb426defb1f4d5f28ed0fde54882050d00c	a2b3facd10cee4f0909891958654ec1a86b2615c602c30a726ea3c4bf4706c18	OBSOPEN_US30_20240520	2024-05-20	180	39	14	1.00000000000000000	0.53850231401805004	0.42111047674099328	0.32600830545054688	SESSION	false
af0b7f804a8d8337572d6a4a6f2ddcb426defb1f4d5f28ed0fde54882050d00c	a2b3facd10cee4f0909891958654ec1a86b2615c602c30a726ea3c4bf4706c18	OBSOPEN_US30_20240520	2024-05-20	180	39	15	1.00000000000000000	0.53702730163740919	0.39866762041125980	0.29342562300642538	SESSION	false
af0b7f804a8d8337572d6a4a6f2ddcb426defb1f4d5f28ed0fde54882050d00c	a2b3facd10cee4f0909891958654ec1a86b2615c602c30a726ea3c4bf4706c18	OBSOPEN_US30_20240520	2024-05-20	180	39	16	1.00000000000000000	0.53776487799155581	0.40947504709019639	0.31656951399668859	SESSION	false
af0b7f804a8d8337572d6a4a6f2ddcb426defb1f4d5f28ed0fde54882050d00c	a2b3facd10cee4f0909891958654ec1a86b2615c602c30a726ea3c4bf4706c18	OBSOPEN_US30_20240520	2024-05-20	180	39	17	1.00000000000000000	0.53923960685686589	0.44642866683533328	0.39274404154746329	SESSION	false
af0b7f804a8d8337572d6a4a6f2ddcb426defb1f4d5f28ed0fde54882050d00c	a2b3facd10cee4f0909891958654ec1a86b2615c602c30a726ea3c4bf4706c18	OBSOPEN_US30_20240520	2024-05-20	180	39	18	1.00000000000000000	0.53997675364962783	0.48360122927849519	0.45493547452431193	SESSION	false
af0b7f804a8d8337572d6a4a6f2ddcb426defb1f4d5f28ed0fde54882050d00c	a2b3facd10cee4f0909891958654ec1a86b2615c602c30a726ea3c4bf4706c18	OBSOPEN_US30_20240520	2024-05-20	180	39	19	1.00000000000000000	0.54071375153964718	0.51346974817734681	0.51053268896643500	SESSION	false
af0b7f804a8d8337572d6a4a6f2ddcb426defb1f4d5f28ed0fde54882050d00c	a2b3facd10cee4f0909891958654ec1a86b2615c602c30a726ea3c4bf4706c18	OBSOPEN_US30_20240520	2024-05-20	180	39	20	1.00000000000000000	0.53997675364962783	0.54146824252865544	0.55525481027865431	SESSION	false
af0b7f804a8d8337572d6a4a6f2ddcb426defb1f4d5f28ed0fde54882050d00c	a2b3facd10cee4f0909891958654ec1a86b2615c602c30a726ea3c4bf4706c18	OBSOPEN_US30_20240520	2024-05-20	180	39	21	1.00000000000000000	0.53702730163740919	0.58760127307603638	0.63902357399932730	SESSION	false
af0b7f804a8d8337572d6a4a6f2ddcb426defb1f4d5f28ed0fde54882050d00c	a2b3facd10cee4f0909891958654ec1a86b2615c602c30a726ea3c4bf4706c18	OBSOPEN_US30_20240520	2024-05-20	180	39	22	1.00000000000000000	0.53555173939429335	0.61182654956295157	0.65387332523946751	SESSION	false
af0b7f804a8d8337572d6a4a6f2ddcb426defb1f4d5f28ed0fde54882050d00c	a2b3facd10cee4f0909891958654ec1a86b2615c602c30a726ea3c4bf4706c18	OBSOPEN_US30_20240520	2024-05-20	180	39	23	1.00000000000000000	0.53555173939429335	0.60090135486890295	0.63370257294791910	SESSION	false
af0b7f804a8d8337572d6a4a6f2ddcb426defb1f4d5f28ed0fde54882050d00c	a2b3facd10cee4f0909891958654ec1a86b2615c602c30a726ea3c4bf4706c18	OBSOPEN_US30_20240520	2024-05-20	180	39	24	1.00000000000000000	0.53481375923329733	0.59575911809446991	0.62543018440021148	SESSION	false
af0b7f804a8d8337572d6a4a6f2ddcb426defb1f4d5f28ed0fde54882050d00c	a2b3facd10cee4f0909891958654ec1a86b2615c602c30a726ea3c4bf4706c18	OBSOPEN_US30_20240520	2024-05-20	180	39	25	1.00000000000000000	0.53702730163740919	0.60716731174595784	0.65122225087643437	SESSION	false
af0b7f804a8d8337572d6a4a6f2ddcb426defb1f4d5f28ed0fde54882050d00c	a2b3facd10cee4f0909891958654ec1a86b2615c602c30a726ea3c4bf4706c18	OBSOPEN_US30_20240520	2024-05-20	180	39	26	1.00000000000000000	0.53481375923329733	0.60330701834366007	0.64403167068945499	SESSION	false
af0b7f804a8d8337572d6a4a6f2ddcb426defb1f4d5f28ed0fde54882050d00c	a2b3facd10cee4f0909891958654ec1a86b2615c602c30a726ea3c4bf4706c18	OBSOPEN_US30_20240520	2024-05-20	180	39	27	1.00000000000000000	0.53407565020052150	0.62680882707214225	0.67870222556417781	SESSION	false
af0b7f804a8d8337572d6a4a6f2ddcb426defb1f4d5f28ed0fde54882050d00c	a2b3facd10cee4f0909891958654ec1a86b2615c602c30a726ea3c4bf4706c18	OBSOPEN_US30_20240520	2024-05-20	180	39	28	1.00000000000000000	0.53481375923329733	0.63508023584411177	0.69381648470388080	SESSION	false
af0b7f804a8d8337572d6a4a6f2ddcb426defb1f4d5f28ed0fde54882050d00c	a2b3facd10cee4f0909891958654ec1a86b2615c602c30a726ea3c4bf4706c18	OBSOPEN_US30_20240520	2024-05-20	180	39	29	1.00000000000000000	0.53407565020052150	0.62948464170194951	0.67952061783789675	SESSION	false
af0b7f804a8d8337572d6a4a6f2ddcb426defb1f4d5f28ed0fde54882050d00c	a2b3facd10cee4f0909891958654ec1a86b2615c602c30a726ea3c4bf4706c18	OBSOPEN_US30_20240520	2024-05-20	180	39	30	1.00000000000000000	0.53407565020052150	0.63234302993519265	0.68660435543128873	SESSION	false
af0b7f804a8d8337572d6a4a6f2ddcb426defb1f4d5f28ed0fde54882050d00c	a2b3facd10cee4f0909891958654ec1a86b2615c602c30a726ea3c4bf4706c18	OBSOPEN_US30_20240528	2024-05-28	180	40	1	0.00000000000000000	0.53677039834323015	0.49736538111593392	0.48107414925390352	SESSION	false
af0b7f804a8d8337572d6a4a6f2ddcb426defb1f4d5f28ed0fde54882050d00c	a2b3facd10cee4f0909891958654ec1a86b2615c602c30a726ea3c4bf4706c18	OBSOPEN_US30_20240528	2024-05-28	180	40	2	0.00000000000000000	0.53702730163740919	0.45700285758342779	0.32941569920430402	SESSION	false
af0b7f804a8d8337572d6a4a6f2ddcb426defb1f4d5f28ed0fde54882050d00c	a2b3facd10cee4f0909891958654ec1a86b2615c602c30a726ea3c4bf4706c18	OBSOPEN_US30_20240528	2024-05-28	180	40	3	0.00000000000000000	0.53702730163740919	0.44229041353478088	0.31998513681770924	SESSION	false
af0b7f804a8d8337572d6a4a6f2ddcb426defb1f4d5f28ed0fde54882050d00c	a2b3facd10cee4f0909891958654ec1a86b2615c602c30a726ea3c4bf4706c18	OBSOPEN_US30_20240528	2024-05-28	180	40	4	0.00000000000000000	0.53628958781724945	0.47950739124677966	0.44686850409906276	SESSION	false
af0b7f804a8d8337572d6a4a6f2ddcb426defb1f4d5f28ed0fde54882050d00c	a2b3facd10cee4f0909891958654ec1a86b2615c602c30a726ea3c4bf4706c18	OBSOPEN_US30_20240528	2024-05-28	180	40	5	0.00000000000000000	0.53555173939429335	0.52474936064484012	0.51689436747553219	SESSION	false
af0b7f804a8d8337572d6a4a6f2ddcb426defb1f4d5f28ed0fde54882050d00c	a2b3facd10cee4f0909891958654ec1a86b2615c602c30a726ea3c4bf4706c18	OBSOPEN_US30_20240528	2024-05-28	180	40	6	0.00000000000000000	0.53555173939429335	0.53609206315187319	0.54080870570861450	SESSION	false
af0b7f804a8d8337572d6a4a6f2ddcb426defb1f4d5f28ed0fde54882050d00c	a2b3facd10cee4f0909891958654ec1a86b2615c602c30a726ea3c4bf4706c18	OBSOPEN_US30_20240528	2024-05-28	180	40	7	0.00000000000000000	0.53481375923329733	0.51536181691418859	0.48116001361458166	SESSION	false
af0b7f804a8d8337572d6a4a6f2ddcb426defb1f4d5f28ed0fde54882050d00c	a2b3facd10cee4f0909891958654ec1a86b2615c602c30a726ea3c4bf4706c18	OBSOPEN_US30_20240528	2024-05-28	180	40	8	0.00000000000000000	0.53923960685686589	0.50128567998570839	0.48998156396425119	SESSION	false
af0b7f804a8d8337572d6a4a6f2ddcb426defb1f4d5f28ed0fde54882050d00c	a2b3facd10cee4f0909891958654ec1a86b2615c602c30a726ea3c4bf4706c18	OBSOPEN_US30_20240528	2024-05-28	180	40	9	0.00000000000000000	0.53923960685686589	0.50476202927540725	0.47600968216583028	SESSION	false
af0b7f804a8d8337572d6a4a6f2ddcb426defb1f4d5f28ed0fde54882050d00c	a2b3facd10cee4f0909891958654ec1a86b2615c602c30a726ea3c4bf4706c18	OBSOPEN_US30_20240528	2024-05-28	180	40	10	0.00000000000000000	0.53702730163740919	0.50465293070301442	0.48777188269314159	SESSION	false
af0b7f804a8d8337572d6a4a6f2ddcb426defb1f4d5f28ed0fde54882050d00c	a2b3facd10cee4f0909891958654ec1a86b2615c602c30a726ea3c4bf4706c18	OBSOPEN_US30_20240528	2024-05-28	180	40	11	0.00000000000000000	0.53702730163740919	0.50639863197735269	0.47725600052909312	SESSION	false
af0b7f804a8d8337572d6a4a6f2ddcb426defb1f4d5f28ed0fde54882050d00c	a2b3facd10cee4f0909891958654ec1a86b2615c602c30a726ea3c4bf4706c18	OBSOPEN_US30_20240528	2024-05-28	180	40	12	0.00000000000000000	0.53702730163740919	0.53384823258345893	0.57637630577297272	SESSION	false
af0b7f804a8d8337572d6a4a6f2ddcb426defb1f4d5f28ed0fde54882050d00c	a2b3facd10cee4f0909891958654ec1a86b2615c602c30a726ea3c4bf4706c18	OBSOPEN_US30_20240528	2024-05-28	180	40	13	0.00000000000000000	0.53850231401805004	0.58898797893990595	0.68494872567746090	SESSION	false
af0b7f804a8d8337572d6a4a6f2ddcb426defb1f4d5f28ed0fde54882050d00c	a2b3facd10cee4f0909891958654ec1a86b2615c602c30a726ea3c4bf4706c18	OBSOPEN_US30_20240528	2024-05-28	180	40	14	0.00000000000000000	0.53850231401805004	0.61006041056786209	0.72079969654769738	SESSION	false
af0b7f804a8d8337572d6a4a6f2ddcb426defb1f4d5f28ed0fde54882050d00c	a2b3facd10cee4f0909891958654ec1a86b2615c602c30a726ea3c4bf4706c18	OBSOPEN_US30_20240528	2024-05-28	180	40	15	0.00000000000000000	0.53702730163740919	0.62507122053145292	0.72703219790920437	SESSION	false
af0b7f804a8d8337572d6a4a6f2ddcb426defb1f4d5f28ed0fde54882050d00c	a2b3facd10cee4f0909891958654ec1a86b2615c602c30a726ea3c4bf4706c18	OBSOPEN_US30_20240528	2024-05-28	180	40	16	0.00000000000000000	0.53776487799155581	0.61666842741856986	0.71734059459152133	SESSION	false
af0b7f804a8d8337572d6a4a6f2ddcb426defb1f4d5f28ed0fde54882050d00c	a2b3facd10cee4f0909891958654ec1a86b2615c602c30a726ea3c4bf4706c18	OBSOPEN_US30_20240528	2024-05-28	180	40	17	0.00000000000000000	0.53923960685686589	0.64639442437485817	0.73029341351435095	SESSION	false
af0b7f804a8d8337572d6a4a6f2ddcb426defb1f4d5f28ed0fde54882050d00c	a2b3facd10cee4f0909891958654ec1a86b2615c602c30a726ea3c4bf4706c18	OBSOPEN_US30_20240528	2024-05-28	180	40	18	0.00000000000000000	0.53997675364962783	0.66149514118409813	0.73685024259584098	SESSION	false
af0b7f804a8d8337572d6a4a6f2ddcb426defb1f4d5f28ed0fde54882050d00c	a2b3facd10cee4f0909891958654ec1a86b2615c602c30a726ea3c4bf4706c18	OBSOPEN_US30_20240528	2024-05-28	180	40	19	0.00000000000000000	0.54071375153964718	0.63828286015913849	0.69808224525299267	SESSION	false
af0b7f804a8d8337572d6a4a6f2ddcb426defb1f4d5f28ed0fde54882050d00c	a2b3facd10cee4f0909891958654ec1a86b2615c602c30a726ea3c4bf4706c18	OBSOPEN_US30_20240528	2024-05-28	180	40	20	0.00000000000000000	0.53997675364962783	0.61099891198498091	0.65587082795322138	SESSION	false
af0b7f804a8d8337572d6a4a6f2ddcb426defb1f4d5f28ed0fde54882050d00c	a2b3facd10cee4f0909891958654ec1a86b2615c602c30a726ea3c4bf4706c18	OBSOPEN_US30_20240528	2024-05-28	180	40	21	0.00000000000000000	0.53702730163740919	0.59684606553036335	0.62297144818662820	SESSION	false
af0b7f804a8d8337572d6a4a6f2ddcb426defb1f4d5f28ed0fde54882050d00c	a2b3facd10cee4f0909891958654ec1a86b2615c602c30a726ea3c4bf4706c18	OBSOPEN_US30_20240528	2024-05-28	180	40	22	0.00000000000000000	0.53555173939429335	0.58911130744078244	0.61804817799375944	SESSION	false
af0b7f804a8d8337572d6a4a6f2ddcb426defb1f4d5f28ed0fde54882050d00c	a2b3facd10cee4f0909891958654ec1a86b2615c602c30a726ea3c4bf4706c18	OBSOPEN_US30_20240528	2024-05-28	180	40	23	0.00000000000000000	0.53555173939429335	0.60708108214321654	0.63597598461106963	SESSION	false
af0b7f804a8d8337572d6a4a6f2ddcb426defb1f4d5f28ed0fde54882050d00c	a2b3facd10cee4f0909891958654ec1a86b2615c602c30a726ea3c4bf4706c18	OBSOPEN_US30_20240528	2024-05-28	180	40	24	0.00000000000000000	0.53481375923329733	0.58427942590553883	0.59066600387232171	SESSION	false
af0b7f804a8d8337572d6a4a6f2ddcb426defb1f4d5f28ed0fde54882050d00c	a2b3facd10cee4f0909891958654ec1a86b2615c602c30a726ea3c4bf4706c18	OBSOPEN_US30_20240528	2024-05-28	180	40	25	0.00000000000000000	0.53702730163740919	0.55003439280719613	0.54284404027121624	SESSION	false
af0b7f804a8d8337572d6a4a6f2ddcb426defb1f4d5f28ed0fde54882050d00c	a2b3facd10cee4f0909891958654ec1a86b2615c602c30a726ea3c4bf4706c18	OBSOPEN_US30_20240528	2024-05-28	180	40	26	0.00000000000000000	0.53481375923329733	0.50419202580582589	0.46087413649739112	SESSION	false
af0b7f804a8d8337572d6a4a6f2ddcb426defb1f4d5f28ed0fde54882050d00c	a2b3facd10cee4f0909891958654ec1a86b2615c602c30a726ea3c4bf4706c18	OBSOPEN_US30_20240528	2024-05-28	180	40	27	0.00000000000000000	0.53407565020052150	0.45566549406446993	0.38292185492688030	SESSION	false
af0b7f804a8d8337572d6a4a6f2ddcb426defb1f4d5f28ed0fde54882050d00c	a2b3facd10cee4f0909891958654ec1a86b2615c602c30a726ea3c4bf4706c18	OBSOPEN_US30_20240528	2024-05-28	180	40	28	0.00000000000000000	0.53481375923329733	0.41276824748827451	0.31757803830715781	SESSION	false
af0b7f804a8d8337572d6a4a6f2ddcb426defb1f4d5f28ed0fde54882050d00c	a2b3facd10cee4f0909891958654ec1a86b2615c602c30a726ea3c4bf4706c18	OBSOPEN_US30_20240528	2024-05-28	180	40	29	0.00000000000000000	0.53407565020052150	0.41462344311946520	0.33184408447089664	SESSION	false
af0b7f804a8d8337572d6a4a6f2ddcb426defb1f4d5f28ed0fde54882050d00c	a2b3facd10cee4f0909891958654ec1a86b2615c602c30a726ea3c4bf4706c18	OBSOPEN_US30_20240528	2024-05-28	180	40	30	0.00000000000000000	0.53407565020052150	0.44054929216494426	0.36435392508232173	SESSION	false
af0b7f804a8d8337572d6a4a6f2ddcb426defb1f4d5f28ed0fde54882050d00c	a2b3facd10cee4f0909891958654ec1a86b2615c602c30a726ea3c4bf4706c18	OBSOPEN_US30_20240529	2024-05-29	180	41	1	1.00000000000000000	0.53677039834323015	0.50364736954104428	0.51464540739094522	SESSION	false
af0b7f804a8d8337572d6a4a6f2ddcb426defb1f4d5f28ed0fde54882050d00c	a2b3facd10cee4f0909891958654ec1a86b2615c602c30a726ea3c4bf4706c18	OBSOPEN_US30_20240529	2024-05-29	180	41	2	1.00000000000000000	0.53702730163740919	0.46586061626528996	0.37161683588046363	SESSION	false
af0b7f804a8d8337572d6a4a6f2ddcb426defb1f4d5f28ed0fde54882050d00c	a2b3facd10cee4f0909891958654ec1a86b2615c602c30a726ea3c4bf4706c18	OBSOPEN_US30_20240529	2024-05-29	180	41	3	1.00000000000000000	0.53702730163740919	0.45678435181191118	0.37392903059733784	SESSION	false
af0b7f804a8d8337572d6a4a6f2ddcb426defb1f4d5f28ed0fde54882050d00c	a2b3facd10cee4f0909891958654ec1a86b2615c602c30a726ea3c4bf4706c18	OBSOPEN_US30_20240529	2024-05-29	180	41	4	1.00000000000000000	0.53628958781724945	0.42771644853875856	0.32690217574117242	SESSION	false
af0b7f804a8d8337572d6a4a6f2ddcb426defb1f4d5f28ed0fde54882050d00c	a2b3facd10cee4f0909891958654ec1a86b2615c602c30a726ea3c4bf4706c18	OBSOPEN_US30_20240529	2024-05-29	180	41	5	1.00000000000000000	0.53555173939429335	0.39624461429618579	0.28923346797807842	SESSION	false
af0b7f804a8d8337572d6a4a6f2ddcb426defb1f4d5f28ed0fde54882050d00c	a2b3facd10cee4f0909891958654ec1a86b2615c602c30a726ea3c4bf4706c18	OBSOPEN_US30_20240529	2024-05-29	180	41	6	1.00000000000000000	0.53555173939429335	0.40468479494586934	0.32425574137267654	SESSION	false
af0b7f804a8d8337572d6a4a6f2ddcb426defb1f4d5f28ed0fde54882050d00c	a2b3facd10cee4f0909891958654ec1a86b2615c602c30a726ea3c4bf4706c18	OBSOPEN_US30_20240529	2024-05-29	180	41	7	1.00000000000000000	0.53481375923329733	0.45215758385483873	0.38110020809024703	SESSION	false
af0b7f804a8d8337572d6a4a6f2ddcb426defb1f4d5f28ed0fde54882050d00c	a2b3facd10cee4f0909891958654ec1a86b2615c602c30a726ea3c4bf4706c18	OBSOPEN_US30_20240529	2024-05-29	180	41	8	1.00000000000000000	0.53923960685686589	0.46677423496999937	0.40870125743963825	SESSION	false
af0b7f804a8d8337572d6a4a6f2ddcb426defb1f4d5f28ed0fde54882050d00c	a2b3facd10cee4f0909891958654ec1a86b2615c602c30a726ea3c4bf4706c18	OBSOPEN_US30_20240529	2024-05-29	180	41	9	1.00000000000000000	0.53923960685686589	0.47599479448556092	0.43418966028738060	SESSION	false
af0b7f804a8d8337572d6a4a6f2ddcb426defb1f4d5f28ed0fde54882050d00c	a2b3facd10cee4f0909891958654ec1a86b2615c602c30a726ea3c4bf4706c18	OBSOPEN_US30_20240529	2024-05-29	180	41	10	1.00000000000000000	0.53702730163740919	0.54289033927615848	0.53685480351740800	SESSION	false
af0b7f804a8d8337572d6a4a6f2ddcb426defb1f4d5f28ed0fde54882050d00c	a2b3facd10cee4f0909891958654ec1a86b2615c602c30a726ea3c4bf4706c18	OBSOPEN_US30_20240529	2024-05-29	180	41	11	1.00000000000000000	0.53702730163740919	0.51828478134012879	0.46822986580809561	SESSION	false
af0b7f804a8d8337572d6a4a6f2ddcb426defb1f4d5f28ed0fde54882050d00c	a2b3facd10cee4f0909891958654ec1a86b2615c602c30a726ea3c4bf4706c18	OBSOPEN_US30_20240529	2024-05-29	180	41	12	1.00000000000000000	0.53702730163740919	0.49746265921361316	0.45822653947941794	SESSION	false
af0b7f804a8d8337572d6a4a6f2ddcb426defb1f4d5f28ed0fde54882050d00c	a2b3facd10cee4f0909891958654ec1a86b2615c602c30a726ea3c4bf4706c18	OBSOPEN_US30_20240529	2024-05-29	180	41	13	1.00000000000000000	0.53850231401805004	0.53551310212781134	0.52444811378142220	SESSION	false
af0b7f804a8d8337572d6a4a6f2ddcb426defb1f4d5f28ed0fde54882050d00c	a2b3facd10cee4f0909891958654ec1a86b2615c602c30a726ea3c4bf4706c18	OBSOPEN_US30_20240529	2024-05-29	180	41	14	1.00000000000000000	0.53850231401805004	0.60030760157528751	0.60854145558345896	SESSION	false
af0b7f804a8d8337572d6a4a6f2ddcb426defb1f4d5f28ed0fde54882050d00c	a2b3facd10cee4f0909891958654ec1a86b2615c602c30a726ea3c4bf4706c18	OBSOPEN_US30_20240529	2024-05-29	180	41	15	1.00000000000000000	0.53702730163740919	0.58612878454744055	0.56648705923090537	SESSION	false
af0b7f804a8d8337572d6a4a6f2ddcb426defb1f4d5f28ed0fde54882050d00c	a2b3facd10cee4f0909891958654ec1a86b2615c602c30a726ea3c4bf4706c18	OBSOPEN_US30_20240529	2024-05-29	180	41	16	1.00000000000000000	0.53776487799155581	0.56071555008385854	0.54373284162070845	SESSION	false
af0b7f804a8d8337572d6a4a6f2ddcb426defb1f4d5f28ed0fde54882050d00c	a2b3facd10cee4f0909891958654ec1a86b2615c602c30a726ea3c4bf4706c18	OBSOPEN_US30_20240529	2024-05-29	180	41	17	1.00000000000000000	0.53923960685686589	0.55562424845476310	0.54076811568158800	SESSION	false
af0b7f804a8d8337572d6a4a6f2ddcb426defb1f4d5f28ed0fde54882050d00c	a2b3facd10cee4f0909891958654ec1a86b2615c602c30a726ea3c4bf4706c18	OBSOPEN_US30_20240529	2024-05-29	180	41	18	1.00000000000000000	0.53997675364962783	0.50932096031736163	0.48243447571476794	SESSION	false
af0b7f804a8d8337572d6a4a6f2ddcb426defb1f4d5f28ed0fde54882050d00c	a2b3facd10cee4f0909891958654ec1a86b2615c602c30a726ea3c4bf4706c18	OBSOPEN_US30_20240529	2024-05-29	180	41	19	1.00000000000000000	0.54071375153964718	0.50960133596830237	0.49366549217059530	SESSION	false
af0b7f804a8d8337572d6a4a6f2ddcb426defb1f4d5f28ed0fde54882050d00c	a2b3facd10cee4f0909891958654ec1a86b2615c602c30a726ea3c4bf4706c18	OBSOPEN_US30_20240529	2024-05-29	180	41	20	1.00000000000000000	0.53997675364962783	0.52254432040988263	0.50259568731417104	SESSION	false
af0b7f804a8d8337572d6a4a6f2ddcb426defb1f4d5f28ed0fde54882050d00c	a2b3facd10cee4f0909891958654ec1a86b2615c602c30a726ea3c4bf4706c18	OBSOPEN_US30_20240529	2024-05-29	180	41	21	1.00000000000000000	0.53702730163740919	0.52017467394101635	0.48815397751076089	SESSION	false
af0b7f804a8d8337572d6a4a6f2ddcb426defb1f4d5f28ed0fde54882050d00c	a2b3facd10cee4f0909891958654ec1a86b2615c602c30a726ea3c4bf4706c18	OBSOPEN_US30_20240529	2024-05-29	180	41	22	1.00000000000000000	0.53555173939429335	0.52115491921447066	0.48535488730620563	SESSION	false
af0b7f804a8d8337572d6a4a6f2ddcb426defb1f4d5f28ed0fde54882050d00c	a2b3facd10cee4f0909891958654ec1a86b2615c602c30a726ea3c4bf4706c18	OBSOPEN_US30_20240529	2024-05-29	180	41	23	1.00000000000000000	0.53555173939429335	0.52018429943074473	0.48097812763769604	SESSION	false
af0b7f804a8d8337572d6a4a6f2ddcb426defb1f4d5f28ed0fde54882050d00c	a2b3facd10cee4f0909891958654ec1a86b2615c602c30a726ea3c4bf4706c18	OBSOPEN_US30_20240529	2024-05-29	180	41	24	1.00000000000000000	0.53481375923329733	0.51577187411407088	0.47388457091363029	SESSION	false
af0b7f804a8d8337572d6a4a6f2ddcb426defb1f4d5f28ed0fde54882050d00c	a2b3facd10cee4f0909891958654ec1a86b2615c602c30a726ea3c4bf4706c18	OBSOPEN_US30_20240529	2024-05-29	180	41	25	0.00000000000000000	0.53702730163740919	0.52634277278753561	0.49677938574431918	SESSION	false
af0b7f804a8d8337572d6a4a6f2ddcb426defb1f4d5f28ed0fde54882050d00c	a2b3facd10cee4f0909891958654ec1a86b2615c602c30a726ea3c4bf4706c18	OBSOPEN_US30_20240529	2024-05-29	180	41	26	1.00000000000000000	0.53481375923329733	0.55183202203786630	0.52852818488781639	SESSION	false
af0b7f804a8d8337572d6a4a6f2ddcb426defb1f4d5f28ed0fde54882050d00c	a2b3facd10cee4f0909891958654ec1a86b2615c602c30a726ea3c4bf4706c18	OBSOPEN_US30_20240529	2024-05-29	180	41	27	0.00000000000000000	0.53407565020052150	0.59522228582007064	0.59053546929084011	SESSION	false
af0b7f804a8d8337572d6a4a6f2ddcb426defb1f4d5f28ed0fde54882050d00c	a2b3facd10cee4f0909891958654ec1a86b2615c602c30a726ea3c4bf4706c18	OBSOPEN_US30_20240529	2024-05-29	180	41	28	0.00000000000000000	0.53481375923329733	0.62308834077102571	0.62036422114555756	SESSION	false
af0b7f804a8d8337572d6a4a6f2ddcb426defb1f4d5f28ed0fde54882050d00c	a2b3facd10cee4f0909891958654ec1a86b2615c602c30a726ea3c4bf4706c18	OBSOPEN_US30_20240529	2024-05-29	180	41	29	1.00000000000000000	0.53407565020052150	0.61155259404168505	0.59881744509801615	SESSION	false
af0b7f804a8d8337572d6a4a6f2ddcb426defb1f4d5f28ed0fde54882050d00c	a2b3facd10cee4f0909891958654ec1a86b2615c602c30a726ea3c4bf4706c18	OBSOPEN_US30_20240529	2024-05-29	180	41	30	1.00000000000000000	0.53407565020052150	0.59463024698815059	0.57983142667842069	SESSION	false
af0b7f804a8d8337572d6a4a6f2ddcb426defb1f4d5f28ed0fde54882050d00c	a2b3facd10cee4f0909891958654ec1a86b2615c602c30a726ea3c4bf4706c18	OBSOPEN_US30_20240603	2024-06-03	180	42	1	0.00000000000000000	0.53677039834323015	0.51052170137693487	0.61455970793200076	SESSION	false
af0b7f804a8d8337572d6a4a6f2ddcb426defb1f4d5f28ed0fde54882050d00c	a2b3facd10cee4f0909891958654ec1a86b2615c602c30a726ea3c4bf4706c18	OBSOPEN_US30_20240603	2024-06-03	180	42	2	0.00000000000000000	0.53702730163740919	0.48877474220107836	0.43104930192197238	SESSION	false
af0b7f804a8d8337572d6a4a6f2ddcb426defb1f4d5f28ed0fde54882050d00c	a2b3facd10cee4f0909891958654ec1a86b2615c602c30a726ea3c4bf4706c18	OBSOPEN_US30_20240603	2024-06-03	180	42	3	0.00000000000000000	0.53702730163740919	0.49853674414665622	0.48191298674896066	SESSION	false
af0b7f804a8d8337572d6a4a6f2ddcb426defb1f4d5f28ed0fde54882050d00c	a2b3facd10cee4f0909891958654ec1a86b2615c602c30a726ea3c4bf4706c18	OBSOPEN_US30_20240603	2024-06-03	180	42	4	0.00000000000000000	0.53628958781724945	0.50124749807425617	0.46570480156631677	SESSION	false
af0b7f804a8d8337572d6a4a6f2ddcb426defb1f4d5f28ed0fde54882050d00c	a2b3facd10cee4f0909891958654ec1a86b2615c602c30a726ea3c4bf4706c18	OBSOPEN_US30_20240603	2024-06-03	180	42	5	0.00000000000000000	0.53555173939429335	0.47409653342897995	0.40610863106773704	SESSION	false
af0b7f804a8d8337572d6a4a6f2ddcb426defb1f4d5f28ed0fde54882050d00c	a2b3facd10cee4f0909891958654ec1a86b2615c602c30a726ea3c4bf4706c18	OBSOPEN_US30_20240603	2024-06-03	180	42	6	0.00000000000000000	0.53555173939429335	0.50568205243161335	0.49235027970743522	SESSION	false
af0b7f804a8d8337572d6a4a6f2ddcb426defb1f4d5f28ed0fde54882050d00c	a2b3facd10cee4f0909891958654ec1a86b2615c602c30a726ea3c4bf4706c18	OBSOPEN_US30_20240603	2024-06-03	180	42	7	0.00000000000000000	0.53481375923329733	0.46006046119582306	0.36242592952482211	SESSION	false
af0b7f804a8d8337572d6a4a6f2ddcb426defb1f4d5f28ed0fde54882050d00c	a2b3facd10cee4f0909891958654ec1a86b2615c602c30a726ea3c4bf4706c18	OBSOPEN_US30_20240603	2024-06-03	180	42	8	0.00000000000000000	0.53923960685686589	0.43721622615186823	0.34886318234919356	SESSION	false
af0b7f804a8d8337572d6a4a6f2ddcb426defb1f4d5f28ed0fde54882050d00c	a2b3facd10cee4f0909891958654ec1a86b2615c602c30a726ea3c4bf4706c18	OBSOPEN_US30_20240603	2024-06-03	180	42	9	0.00000000000000000	0.53923960685686589	0.43075837381223059	0.34391194819975784	SESSION	false
af0b7f804a8d8337572d6a4a6f2ddcb426defb1f4d5f28ed0fde54882050d00c	a2b3facd10cee4f0909891958654ec1a86b2615c602c30a726ea3c4bf4706c18	OBSOPEN_US30_20240603	2024-06-03	180	42	10	0.00000000000000000	0.53702730163740919	0.45683789603863961	0.40107360530952268	SESSION	false
af0b7f804a8d8337572d6a4a6f2ddcb426defb1f4d5f28ed0fde54882050d00c	a2b3facd10cee4f0909891958654ec1a86b2615c602c30a726ea3c4bf4706c18	OBSOPEN_US30_20240603	2024-06-03	180	42	11	0.00000000000000000	0.53702730163740919	0.46954067550456358	0.40567540836136712	SESSION	false
af0b7f804a8d8337572d6a4a6f2ddcb426defb1f4d5f28ed0fde54882050d00c	a2b3facd10cee4f0909891958654ec1a86b2615c602c30a726ea3c4bf4706c18	OBSOPEN_US30_20240603	2024-06-03	180	42	12	0.00000000000000000	0.53702730163740919	0.48621685591790437	0.44459768686150530	SESSION	false
af0b7f804a8d8337572d6a4a6f2ddcb426defb1f4d5f28ed0fde54882050d00c	a2b3facd10cee4f0909891958654ec1a86b2615c602c30a726ea3c4bf4706c18	OBSOPEN_US30_20240603	2024-06-03	180	42	13	0.00000000000000000	0.53850231401805004	0.47641543788757978	0.43084462545776536	SESSION	false
af0b7f804a8d8337572d6a4a6f2ddcb426defb1f4d5f28ed0fde54882050d00c	a2b3facd10cee4f0909891958654ec1a86b2615c602c30a726ea3c4bf4706c18	OBSOPEN_US30_20240603	2024-06-03	180	42	14	0.00000000000000000	0.53850231401805004	0.46848826182092462	0.40738045680936941	SESSION	false
af0b7f804a8d8337572d6a4a6f2ddcb426defb1f4d5f28ed0fde54882050d00c	a2b3facd10cee4f0909891958654ec1a86b2615c602c30a726ea3c4bf4706c18	OBSOPEN_US30_20240603	2024-06-03	180	42	15	0.00000000000000000	0.53702730163740919	0.46802964648579304	0.42567859422856802	SESSION	false
af0b7f804a8d8337572d6a4a6f2ddcb426defb1f4d5f28ed0fde54882050d00c	a2b3facd10cee4f0909891958654ec1a86b2615c602c30a726ea3c4bf4706c18	OBSOPEN_US30_20240603	2024-06-03	180	42	16	0.00000000000000000	0.53776487799155581	0.48216543983779098	0.42882208129148880	SESSION	false
af0b7f804a8d8337572d6a4a6f2ddcb426defb1f4d5f28ed0fde54882050d00c	a2b3facd10cee4f0909891958654ec1a86b2615c602c30a726ea3c4bf4706c18	OBSOPEN_US30_20240603	2024-06-03	180	42	17	0.00000000000000000	0.53923960685686589	0.43966261651322414	0.36387580191550678	SESSION	false
af0b7f804a8d8337572d6a4a6f2ddcb426defb1f4d5f28ed0fde54882050d00c	a2b3facd10cee4f0909891958654ec1a86b2615c602c30a726ea3c4bf4706c18	OBSOPEN_US30_20240603	2024-06-03	180	42	18	0.00000000000000000	0.53997675364962783	0.43956458812939347	0.37781994592906615	SESSION	false
af0b7f804a8d8337572d6a4a6f2ddcb426defb1f4d5f28ed0fde54882050d00c	a2b3facd10cee4f0909891958654ec1a86b2615c602c30a726ea3c4bf4706c18	OBSOPEN_US30_20240603	2024-06-03	180	42	19	0.00000000000000000	0.54071375153964718	0.42222018172260051	0.34892669249859909	SESSION	false
af0b7f804a8d8337572d6a4a6f2ddcb426defb1f4d5f28ed0fde54882050d00c	a2b3facd10cee4f0909891958654ec1a86b2615c602c30a726ea3c4bf4706c18	OBSOPEN_US30_20240603	2024-06-03	180	42	20	0.00000000000000000	0.53997675364962783	0.40739932069313994	0.32775689366671018	SESSION	false
af0b7f804a8d8337572d6a4a6f2ddcb426defb1f4d5f28ed0fde54882050d00c	a2b3facd10cee4f0909891958654ec1a86b2615c602c30a726ea3c4bf4706c18	OBSOPEN_US30_20240603	2024-06-03	180	42	21	0.00000000000000000	0.53702730163740919	0.39647561778419604	0.30873280845286832	SESSION	false
af0b7f804a8d8337572d6a4a6f2ddcb426defb1f4d5f28ed0fde54882050d00c	a2b3facd10cee4f0909891958654ec1a86b2615c602c30a726ea3c4bf4706c18	OBSOPEN_US30_20240603	2024-06-03	180	42	22	0.00000000000000000	0.53555173939429335	0.40084487786253553	0.32170879900417848	SESSION	false
af0b7f804a8d8337572d6a4a6f2ddcb426defb1f4d5f28ed0fde54882050d00c	a2b3facd10cee4f0909891958654ec1a86b2615c602c30a726ea3c4bf4706c18	OBSOPEN_US30_20240603	2024-06-03	180	42	23	0.00000000000000000	0.53555173939429335	0.39739765250617709	0.30419541757078328	SESSION	false
af0b7f804a8d8337572d6a4a6f2ddcb426defb1f4d5f28ed0fde54882050d00c	a2b3facd10cee4f0909891958654ec1a86b2615c602c30a726ea3c4bf4706c18	OBSOPEN_US30_20240603	2024-06-03	180	42	24	0.00000000000000000	0.53481375923329733	0.38302593369655791	0.29771579074946403	SESSION	false
af0b7f804a8d8337572d6a4a6f2ddcb426defb1f4d5f28ed0fde54882050d00c	a2b3facd10cee4f0909891958654ec1a86b2615c602c30a726ea3c4bf4706c18	OBSOPEN_US30_20240603	2024-06-03	180	42	25	0.00000000000000000	0.53702730163740919	0.37316265338154780	0.29309066366112108	SESSION	false
af0b7f804a8d8337572d6a4a6f2ddcb426defb1f4d5f28ed0fde54882050d00c	a2b3facd10cee4f0909891958654ec1a86b2615c602c30a726ea3c4bf4706c18	OBSOPEN_US30_20240603	2024-06-03	180	42	26	0.00000000000000000	0.53481375923329733	0.36215662587829051	0.28811494983260971	SESSION	false
af0b7f804a8d8337572d6a4a6f2ddcb426defb1f4d5f28ed0fde54882050d00c	a2b3facd10cee4f0909891958654ec1a86b2615c602c30a726ea3c4bf4706c18	OBSOPEN_US30_20240603	2024-06-03	180	42	27	0.00000000000000000	0.53407565020052150	0.39182069588123364	0.34560719239053972	SESSION	false
af0b7f804a8d8337572d6a4a6f2ddcb426defb1f4d5f28ed0fde54882050d00c	a2b3facd10cee4f0909891958654ec1a86b2615c602c30a726ea3c4bf4706c18	OBSOPEN_US30_20240603	2024-06-03	180	42	28	0.00000000000000000	0.53481375923329733	0.43200770186105686	0.38256243177546795	SESSION	false
af0b7f804a8d8337572d6a4a6f2ddcb426defb1f4d5f28ed0fde54882050d00c	a2b3facd10cee4f0909891958654ec1a86b2615c602c30a726ea3c4bf4706c18	OBSOPEN_US30_20240603	2024-06-03	180	42	29	0.00000000000000000	0.53407565020052150	0.42791393099181585	0.36879477350816547	SESSION	false
af0b7f804a8d8337572d6a4a6f2ddcb426defb1f4d5f28ed0fde54882050d00c	a2b3facd10cee4f0909891958654ec1a86b2615c602c30a726ea3c4bf4706c18	OBSOPEN_US30_20240603	2024-06-03	180	42	30	0.00000000000000000	0.53407565020052150	0.42293855502250660	0.36039098526249080	SESSION	false
af0b7f804a8d8337572d6a4a6f2ddcb426defb1f4d5f28ed0fde54882050d00c	a2b3facd10cee4f0909891958654ec1a86b2615c602c30a726ea3c4bf4706c18	OBSOPEN_US30_20240604	2024-06-04	180	43	1	1.00000000000000000	0.53677039834323015	0.48781665657457823	0.46350430126495512	SESSION	false
af0b7f804a8d8337572d6a4a6f2ddcb426defb1f4d5f28ed0fde54882050d00c	a2b3facd10cee4f0909891958654ec1a86b2615c602c30a726ea3c4bf4706c18	OBSOPEN_US30_20240604	2024-06-04	180	43	2	1.00000000000000000	0.53702730163740919	0.47374048940836849	0.37154233659811425	SESSION	false
af0b7f804a8d8337572d6a4a6f2ddcb426defb1f4d5f28ed0fde54882050d00c	a2b3facd10cee4f0909891958654ec1a86b2615c602c30a726ea3c4bf4706c18	OBSOPEN_US30_20240604	2024-06-04	180	43	3	1.00000000000000000	0.53702730163740919	0.51510737763667891	0.58352940725353775	SESSION	false
af0b7f804a8d8337572d6a4a6f2ddcb426defb1f4d5f28ed0fde54882050d00c	a2b3facd10cee4f0909891958654ec1a86b2615c602c30a726ea3c4bf4706c18	OBSOPEN_US30_20240604	2024-06-04	180	43	4	1.00000000000000000	0.53628958781724945	0.53776917303038740	0.58853507409314154	SESSION	false
af0b7f804a8d8337572d6a4a6f2ddcb426defb1f4d5f28ed0fde54882050d00c	a2b3facd10cee4f0909891958654ec1a86b2615c602c30a726ea3c4bf4706c18	OBSOPEN_US30_20240604	2024-06-04	180	43	5	1.00000000000000000	0.53555173939429335	0.56632145506624310	0.68114972558228848	SESSION	false
af0b7f804a8d8337572d6a4a6f2ddcb426defb1f4d5f28ed0fde54882050d00c	a2b3facd10cee4f0909891958654ec1a86b2615c602c30a726ea3c4bf4706c18	OBSOPEN_US30_20240604	2024-06-04	180	43	6	1.00000000000000000	0.53555173939429335	0.61663688708987197	0.70313631725086578	SESSION	false
af0b7f804a8d8337572d6a4a6f2ddcb426defb1f4d5f28ed0fde54882050d00c	a2b3facd10cee4f0909891958654ec1a86b2615c602c30a726ea3c4bf4706c18	OBSOPEN_US30_20240604	2024-06-04	180	43	7	1.00000000000000000	0.53481375923329733	0.65899373828733188	0.73235414553676170	SESSION	false
af0b7f804a8d8337572d6a4a6f2ddcb426defb1f4d5f28ed0fde54882050d00c	a2b3facd10cee4f0909891958654ec1a86b2615c602c30a726ea3c4bf4706c18	OBSOPEN_US30_20240604	2024-06-04	180	43	8	1.00000000000000000	0.53923960685686589	0.64040118551373559	0.70242882507565674	SESSION	false
af0b7f804a8d8337572d6a4a6f2ddcb426defb1f4d5f28ed0fde54882050d00c	a2b3facd10cee4f0909891958654ec1a86b2615c602c30a726ea3c4bf4706c18	OBSOPEN_US30_20240604	2024-06-04	180	43	9	1.00000000000000000	0.53923960685686589	0.62768793590770278	0.69674111466599931	SESSION	false
af0b7f804a8d8337572d6a4a6f2ddcb426defb1f4d5f28ed0fde54882050d00c	a2b3facd10cee4f0909891958654ec1a86b2615c602c30a726ea3c4bf4706c18	OBSOPEN_US30_20240604	2024-06-04	180	43	10	1.00000000000000000	0.53702730163740919	0.64981866275146583	0.71526179807098966	SESSION	false
af0b7f804a8d8337572d6a4a6f2ddcb426defb1f4d5f28ed0fde54882050d00c	a2b3facd10cee4f0909891958654ec1a86b2615c602c30a726ea3c4bf4706c18	OBSOPEN_US30_20240604	2024-06-04	180	43	11	1.00000000000000000	0.53702730163740919	0.64494099824468676	0.70799200281369168	SESSION	false
af0b7f804a8d8337572d6a4a6f2ddcb426defb1f4d5f28ed0fde54882050d00c	a2b3facd10cee4f0909891958654ec1a86b2615c602c30a726ea3c4bf4706c18	OBSOPEN_US30_20240604	2024-06-04	180	43	12	1.00000000000000000	0.53702730163740919	0.67111359726644948	0.73922893126213640	SESSION	false
af0b7f804a8d8337572d6a4a6f2ddcb426defb1f4d5f28ed0fde54882050d00c	a2b3facd10cee4f0909891958654ec1a86b2615c602c30a726ea3c4bf4706c18	OBSOPEN_US30_20240604	2024-06-04	180	43	13	1.00000000000000000	0.53850231401805004	0.70076376145352681	0.74832331533868246	SESSION	false
af0b7f804a8d8337572d6a4a6f2ddcb426defb1f4d5f28ed0fde54882050d00c	a2b3facd10cee4f0909891958654ec1a86b2615c602c30a726ea3c4bf4706c18	OBSOPEN_US30_20240604	2024-06-04	180	43	14	1.00000000000000000	0.53850231401805004	0.70918191420412058	0.75233100184023149	SESSION	false
af0b7f804a8d8337572d6a4a6f2ddcb426defb1f4d5f28ed0fde54882050d00c	a2b3facd10cee4f0909891958654ec1a86b2615c602c30a726ea3c4bf4706c18	OBSOPEN_US30_20240604	2024-06-04	180	43	15	1.00000000000000000	0.53702730163740919	0.72936015756698447	0.74082485433408229	SESSION	false
af0b7f804a8d8337572d6a4a6f2ddcb426defb1f4d5f28ed0fde54882050d00c	a2b3facd10cee4f0909891958654ec1a86b2615c602c30a726ea3c4bf4706c18	OBSOPEN_US30_20240604	2024-06-04	180	43	16	1.00000000000000000	0.53776487799155581	0.75497605599083684	0.74168269649097718	SESSION	false
af0b7f804a8d8337572d6a4a6f2ddcb426defb1f4d5f28ed0fde54882050d00c	a2b3facd10cee4f0909891958654ec1a86b2615c602c30a726ea3c4bf4706c18	OBSOPEN_US30_20240604	2024-06-04	180	43	17	1.00000000000000000	0.53923960685686589	0.75989861004657044	0.74552283157088939	SESSION	false
af0b7f804a8d8337572d6a4a6f2ddcb426defb1f4d5f28ed0fde54882050d00c	a2b3facd10cee4f0909891958654ec1a86b2615c602c30a726ea3c4bf4706c18	OBSOPEN_US30_20240604	2024-06-04	180	43	18	1.00000000000000000	0.53997675364962783	0.77902771375682689	0.76084789978297718	SESSION	false
af0b7f804a8d8337572d6a4a6f2ddcb426defb1f4d5f28ed0fde54882050d00c	a2b3facd10cee4f0909891958654ec1a86b2615c602c30a726ea3c4bf4706c18	OBSOPEN_US30_20240604	2024-06-04	180	43	19	1.00000000000000000	0.54071375153964718	0.78690435469047215	0.75496435574507215	SESSION	false
af0b7f804a8d8337572d6a4a6f2ddcb426defb1f4d5f28ed0fde54882050d00c	a2b3facd10cee4f0909891958654ec1a86b2615c602c30a726ea3c4bf4706c18	OBSOPEN_US30_20240604	2024-06-04	180	43	20	1.00000000000000000	0.53997675364962783	0.77411914245258073	0.74040856612488093	SESSION	false
af0b7f804a8d8337572d6a4a6f2ddcb426defb1f4d5f28ed0fde54882050d00c	a2b3facd10cee4f0909891958654ec1a86b2615c602c30a726ea3c4bf4706c18	OBSOPEN_US30_20240604	2024-06-04	180	43	21	1.00000000000000000	0.53702730163740919	0.76770093827249952	0.72260413295434145	SESSION	false
af0b7f804a8d8337572d6a4a6f2ddcb426defb1f4d5f28ed0fde54882050d00c	a2b3facd10cee4f0909891958654ec1a86b2615c602c30a726ea3c4bf4706c18	OBSOPEN_US30_20240604	2024-06-04	180	43	22	1.00000000000000000	0.53555173939429335	0.74974917952230535	0.69757449241483804	SESSION	false
af0b7f804a8d8337572d6a4a6f2ddcb426defb1f4d5f28ed0fde54882050d00c	a2b3facd10cee4f0909891958654ec1a86b2615c602c30a726ea3c4bf4706c18	OBSOPEN_US30_20240604	2024-06-04	180	43	23	1.00000000000000000	0.53555173939429335	0.73620174933687510	0.68517032189529237	SESSION	false
af0b7f804a8d8337572d6a4a6f2ddcb426defb1f4d5f28ed0fde54882050d00c	a2b3facd10cee4f0909891958654ec1a86b2615c602c30a726ea3c4bf4706c18	OBSOPEN_US30_20240604	2024-06-04	180	43	24	1.00000000000000000	0.53481375923329733	0.73090066300564316	0.67130320944813215	SESSION	false
af0b7f804a8d8337572d6a4a6f2ddcb426defb1f4d5f28ed0fde54882050d00c	a2b3facd10cee4f0909891958654ec1a86b2615c602c30a726ea3c4bf4706c18	OBSOPEN_US30_20240604	2024-06-04	180	43	25	1.00000000000000000	0.53702730163740919	0.71965081622868676	0.67093909204472157	SESSION	false
af0b7f804a8d8337572d6a4a6f2ddcb426defb1f4d5f28ed0fde54882050d00c	a2b3facd10cee4f0909891958654ec1a86b2615c602c30a726ea3c4bf4706c18	OBSOPEN_US30_20240604	2024-06-04	180	43	26	1.00000000000000000	0.53481375923329733	0.70975624530759884	0.65009145371493071	SESSION	false
af0b7f804a8d8337572d6a4a6f2ddcb426defb1f4d5f28ed0fde54882050d00c	a2b3facd10cee4f0909891958654ec1a86b2615c602c30a726ea3c4bf4706c18	OBSOPEN_US30_20240604	2024-06-04	180	43	27	1.00000000000000000	0.53407565020052150	0.70944837784555415	0.65499297583741511	SESSION	false
af0b7f804a8d8337572d6a4a6f2ddcb426defb1f4d5f28ed0fde54882050d00c	a2b3facd10cee4f0909891958654ec1a86b2615c602c30a726ea3c4bf4706c18	OBSOPEN_US30_20240604	2024-06-04	180	43	28	1.00000000000000000	0.53481375923329733	0.74111194015364013	0.69391908409294634	SESSION	false
af0b7f804a8d8337572d6a4a6f2ddcb426defb1f4d5f28ed0fde54882050d00c	a2b3facd10cee4f0909891958654ec1a86b2615c602c30a726ea3c4bf4706c18	OBSOPEN_US30_20240604	2024-06-04	180	43	29	1.00000000000000000	0.53407565020052150	0.76014950427025685	0.70775093467978434	SESSION	false
af0b7f804a8d8337572d6a4a6f2ddcb426defb1f4d5f28ed0fde54882050d00c	a2b3facd10cee4f0909891958654ec1a86b2615c602c30a726ea3c4bf4706c18	OBSOPEN_US30_20240604	2024-06-04	180	43	30	1.00000000000000000	0.53407565020052150	0.77853118324563941	0.73024182867161636	SESSION	false
af0b7f804a8d8337572d6a4a6f2ddcb426defb1f4d5f28ed0fde54882050d00c	a2b3facd10cee4f0909891958654ec1a86b2615c602c30a726ea3c4bf4706c18	OBSOPEN_US30_20240605	2024-06-05	180	44	1	0.00000000000000000	0.53677039834323015	0.49881387939389338	0.48045929825427469	SESSION	false
af0b7f804a8d8337572d6a4a6f2ddcb426defb1f4d5f28ed0fde54882050d00c	a2b3facd10cee4f0909891958654ec1a86b2615c602c30a726ea3c4bf4706c18	OBSOPEN_US30_20240605	2024-06-05	180	44	2	0.00000000000000000	0.53702730163740919	0.47618044856290437	0.40724769256696086	SESSION	false
af0b7f804a8d8337572d6a4a6f2ddcb426defb1f4d5f28ed0fde54882050d00c	a2b3facd10cee4f0909891958654ec1a86b2615c602c30a726ea3c4bf4706c18	OBSOPEN_US30_20240605	2024-06-05	180	44	3	0.00000000000000000	0.53702730163740919	0.47143799008890208	0.38482352605720754	SESSION	false
af0b7f804a8d8337572d6a4a6f2ddcb426defb1f4d5f28ed0fde54882050d00c	a2b3facd10cee4f0909891958654ec1a86b2615c602c30a726ea3c4bf4706c18	OBSOPEN_US30_20240605	2024-06-05	180	44	4	0.00000000000000000	0.53628958781724945	0.50473973154915863	0.52790459807883350	SESSION	false
af0b7f804a8d8337572d6a4a6f2ddcb426defb1f4d5f28ed0fde54882050d00c	a2b3facd10cee4f0909891958654ec1a86b2615c602c30a726ea3c4bf4706c18	OBSOPEN_US30_20240605	2024-06-05	180	44	5	0.00000000000000000	0.53555173939429335	0.49768275298842074	0.44437562972869954	SESSION	false
af0b7f804a8d8337572d6a4a6f2ddcb426defb1f4d5f28ed0fde54882050d00c	a2b3facd10cee4f0909891958654ec1a86b2615c602c30a726ea3c4bf4706c18	OBSOPEN_US30_20240605	2024-06-05	180	44	6	0.00000000000000000	0.53555173939429335	0.47464131732716874	0.40521064723306333	SESSION	false
af0b7f804a8d8337572d6a4a6f2ddcb426defb1f4d5f28ed0fde54882050d00c	a2b3facd10cee4f0909891958654ec1a86b2615c602c30a726ea3c4bf4706c18	OBSOPEN_US30_20240605	2024-06-05	180	44	7	0.00000000000000000	0.53481375923329733	0.47473064795124442	0.40226873304158645	SESSION	false
af0b7f804a8d8337572d6a4a6f2ddcb426defb1f4d5f28ed0fde54882050d00c	a2b3facd10cee4f0909891958654ec1a86b2615c602c30a726ea3c4bf4706c18	OBSOPEN_US30_20240605	2024-06-05	180	44	8	0.00000000000000000	0.53923960685686589	0.45411372238055703	0.34767169548930993	SESSION	false
af0b7f804a8d8337572d6a4a6f2ddcb426defb1f4d5f28ed0fde54882050d00c	a2b3facd10cee4f0909891958654ec1a86b2615c602c30a726ea3c4bf4706c18	OBSOPEN_US30_20240605	2024-06-05	180	44	9	0.00000000000000000	0.53923960685686589	0.43639098090541439	0.33336113365868481	SESSION	false
af0b7f804a8d8337572d6a4a6f2ddcb426defb1f4d5f28ed0fde54882050d00c	a2b3facd10cee4f0909891958654ec1a86b2615c602c30a726ea3c4bf4706c18	OBSOPEN_US30_20240605	2024-06-05	180	44	10	0.00000000000000000	0.53702730163740919	0.44858073185148789	0.37748234646693435	SESSION	false
af0b7f804a8d8337572d6a4a6f2ddcb426defb1f4d5f28ed0fde54882050d00c	a2b3facd10cee4f0909891958654ec1a86b2615c602c30a726ea3c4bf4706c18	OBSOPEN_US30_20240605	2024-06-05	180	44	11	0.00000000000000000	0.53702730163740919	0.44952009679992433	0.35628698663536407	SESSION	false
af0b7f804a8d8337572d6a4a6f2ddcb426defb1f4d5f28ed0fde54882050d00c	a2b3facd10cee4f0909891958654ec1a86b2615c602c30a726ea3c4bf4706c18	OBSOPEN_US30_20240605	2024-06-05	180	44	12	0.00000000000000000	0.53702730163740919	0.42143638041680048	0.30647054600960844	SESSION	false
af0b7f804a8d8337572d6a4a6f2ddcb426defb1f4d5f28ed0fde54882050d00c	a2b3facd10cee4f0909891958654ec1a86b2615c602c30a726ea3c4bf4706c18	OBSOPEN_US30_20240605	2024-06-05	180	44	13	0.00000000000000000	0.53850231401805004	0.45431390039758601	0.41090604630916361	SESSION	false
af0b7f804a8d8337572d6a4a6f2ddcb426defb1f4d5f28ed0fde54882050d00c	a2b3facd10cee4f0909891958654ec1a86b2615c602c30a726ea3c4bf4706c18	OBSOPEN_US30_20240605	2024-06-05	180	44	14	0.00000000000000000	0.53850231401805004	0.51546491909071290	0.52012119523768807	SESSION	false
af0b7f804a8d8337572d6a4a6f2ddcb426defb1f4d5f28ed0fde54882050d00c	a2b3facd10cee4f0909891958654ec1a86b2615c602c30a726ea3c4bf4706c18	OBSOPEN_US30_20240605	2024-06-05	180	44	15	0.00000000000000000	0.53702730163740919	0.51825157980324466	0.49608011050961243	SESSION	false
af0b7f804a8d8337572d6a4a6f2ddcb426defb1f4d5f28ed0fde54882050d00c	a2b3facd10cee4f0909891958654ec1a86b2615c602c30a726ea3c4bf4706c18	OBSOPEN_US30_20240605	2024-06-05	180	44	16	0.00000000000000000	0.53776487799155581	0.48058522742881687	0.42424181323671489	SESSION	false
af0b7f804a8d8337572d6a4a6f2ddcb426defb1f4d5f28ed0fde54882050d00c	a2b3facd10cee4f0909891958654ec1a86b2615c602c30a726ea3c4bf4706c18	OBSOPEN_US30_20240605	2024-06-05	180	44	17	0.00000000000000000	0.53923960685686589	0.43760937896236796	0.36660389206762106	SESSION	false
af0b7f804a8d8337572d6a4a6f2ddcb426defb1f4d5f28ed0fde54882050d00c	a2b3facd10cee4f0909891958654ec1a86b2615c602c30a726ea3c4bf4706c18	OBSOPEN_US30_20240605	2024-06-05	180	44	18	0.00000000000000000	0.53997675364962783	0.42726306964243604	0.34402570178678527	SESSION	false
af0b7f804a8d8337572d6a4a6f2ddcb426defb1f4d5f28ed0fde54882050d00c	a2b3facd10cee4f0909891958654ec1a86b2615c602c30a726ea3c4bf4706c18	OBSOPEN_US30_20240605	2024-06-05	180	44	19	0.00000000000000000	0.54071375153964718	0.42417939375687352	0.36568871124073138	SESSION	false
af0b7f804a8d8337572d6a4a6f2ddcb426defb1f4d5f28ed0fde54882050d00c	a2b3facd10cee4f0909891958654ec1a86b2615c602c30a726ea3c4bf4706c18	OBSOPEN_US30_20240605	2024-06-05	180	44	20	0.00000000000000000	0.53997675364962783	0.40542640402153607	0.32990172138185697	SESSION	false
af0b7f804a8d8337572d6a4a6f2ddcb426defb1f4d5f28ed0fde54882050d00c	a2b3facd10cee4f0909891958654ec1a86b2615c602c30a726ea3c4bf4706c18	OBSOPEN_US30_20240605	2024-06-05	180	44	21	0.00000000000000000	0.53702730163740919	0.38802610970236406	0.31899211081132373	SESSION	false
af0b7f804a8d8337572d6a4a6f2ddcb426defb1f4d5f28ed0fde54882050d00c	a2b3facd10cee4f0909891958654ec1a86b2615c602c30a726ea3c4bf4706c18	OBSOPEN_US30_20240605	2024-06-05	180	44	22	0.00000000000000000	0.53555173939429335	0.37797363747611801	0.30999374792518603	SESSION	false
af0b7f804a8d8337572d6a4a6f2ddcb426defb1f4d5f28ed0fde54882050d00c	a2b3facd10cee4f0909891958654ec1a86b2615c602c30a726ea3c4bf4706c18	OBSOPEN_US30_20240605	2024-06-05	180	44	23	0.00000000000000000	0.53555173939429335	0.38689792230618436	0.32045498105022874	SESSION	false
af0b7f804a8d8337572d6a4a6f2ddcb426defb1f4d5f28ed0fde54882050d00c	a2b3facd10cee4f0909891958654ec1a86b2615c602c30a726ea3c4bf4706c18	OBSOPEN_US30_20240605	2024-06-05	180	44	24	0.00000000000000000	0.53481375923329733	0.36653065734809265	0.28606085989430502	SESSION	false
af0b7f804a8d8337572d6a4a6f2ddcb426defb1f4d5f28ed0fde54882050d00c	a2b3facd10cee4f0909891958654ec1a86b2615c602c30a726ea3c4bf4706c18	OBSOPEN_US30_20240605	2024-06-05	180	44	25	0.00000000000000000	0.53702730163740919	0.35904489406641271	0.29760545324114446	SESSION	false
af0b7f804a8d8337572d6a4a6f2ddcb426defb1f4d5f28ed0fde54882050d00c	a2b3facd10cee4f0909891958654ec1a86b2615c602c30a726ea3c4bf4706c18	OBSOPEN_US30_20240605	2024-06-05	180	44	26	0.00000000000000000	0.53481375923329733	0.37243237806157087	0.30735794434292357	SESSION	false
af0b7f804a8d8337572d6a4a6f2ddcb426defb1f4d5f28ed0fde54882050d00c	a2b3facd10cee4f0909891958654ec1a86b2615c602c30a726ea3c4bf4706c18	OBSOPEN_US30_20240605	2024-06-05	180	44	27	0.00000000000000000	0.53407565020052150	0.39932294819696373	0.33257842822898021	SESSION	false
af0b7f804a8d8337572d6a4a6f2ddcb426defb1f4d5f28ed0fde54882050d00c	a2b3facd10cee4f0909891958654ec1a86b2615c602c30a726ea3c4bf4706c18	OBSOPEN_US30_20240605	2024-06-05	180	44	28	0.00000000000000000	0.53481375923329733	0.38081142168298804	0.31105551579481489	SESSION	false
af0b7f804a8d8337572d6a4a6f2ddcb426defb1f4d5f28ed0fde54882050d00c	a2b3facd10cee4f0909891958654ec1a86b2615c602c30a726ea3c4bf4706c18	OBSOPEN_US30_20240605	2024-06-05	180	44	29	0.00000000000000000	0.53407565020052150	0.35788629243511205	0.28673463927699594	SESSION	false
af0b7f804a8d8337572d6a4a6f2ddcb426defb1f4d5f28ed0fde54882050d00c	a2b3facd10cee4f0909891958654ec1a86b2615c602c30a726ea3c4bf4706c18	OBSOPEN_US30_20240605	2024-06-05	180	44	30	0.00000000000000000	0.53407565020052150	0.35310574718013482	0.28332454151926245	SESSION	false
af0b7f804a8d8337572d6a4a6f2ddcb426defb1f4d5f28ed0fde54882050d00c	a2b3facd10cee4f0909891958654ec1a86b2615c602c30a726ea3c4bf4706c18	OBSOPEN_US30_20240618	2024-06-18	180	45	1	0.00000000000000000	0.53677039834323015	0.50881659605493834	0.61972872747630925	SESSION	false
af0b7f804a8d8337572d6a4a6f2ddcb426defb1f4d5f28ed0fde54882050d00c	a2b3facd10cee4f0909891958654ec1a86b2615c602c30a726ea3c4bf4706c18	OBSOPEN_US30_20240618	2024-06-18	180	45	2	0.00000000000000000	0.53702730163740919	0.51131022268313375	0.50179557095856597	SESSION	false
af0b7f804a8d8337572d6a4a6f2ddcb426defb1f4d5f28ed0fde54882050d00c	a2b3facd10cee4f0909891958654ec1a86b2615c602c30a726ea3c4bf4706c18	OBSOPEN_US30_20240618	2024-06-18	180	45	3	0.00000000000000000	0.53702730163740919	0.50692634115550950	0.50307134690490030	SESSION	false
af0b7f804a8d8337572d6a4a6f2ddcb426defb1f4d5f28ed0fde54882050d00c	a2b3facd10cee4f0909891958654ec1a86b2615c602c30a726ea3c4bf4706c18	OBSOPEN_US30_20240618	2024-06-18	180	45	4	1.00000000000000000	0.53628958781724945	0.54669373860511183	0.62475976952386436	SESSION	false
af0b7f804a8d8337572d6a4a6f2ddcb426defb1f4d5f28ed0fde54882050d00c	a2b3facd10cee4f0909891958654ec1a86b2615c602c30a726ea3c4bf4706c18	OBSOPEN_US30_20240618	2024-06-18	180	45	5	1.00000000000000000	0.53555173939429335	0.57409791650760100	0.67428215975467931	SESSION	false
af0b7f804a8d8337572d6a4a6f2ddcb426defb1f4d5f28ed0fde54882050d00c	a2b3facd10cee4f0909891958654ec1a86b2615c602c30a726ea3c4bf4706c18	OBSOPEN_US30_20240618	2024-06-18	180	45	6	0.00000000000000000	0.53555173939429335	0.58701463068755966	0.72442083346880826	SESSION	false
af0b7f804a8d8337572d6a4a6f2ddcb426defb1f4d5f28ed0fde54882050d00c	a2b3facd10cee4f0909891958654ec1a86b2615c602c30a726ea3c4bf4706c18	OBSOPEN_US30_20240618	2024-06-18	180	45	7	0.00000000000000000	0.53481375923329733	0.61640480593140723	0.70067171538703055	SESSION	false
af0b7f804a8d8337572d6a4a6f2ddcb426defb1f4d5f28ed0fde54882050d00c	a2b3facd10cee4f0909891958654ec1a86b2615c602c30a726ea3c4bf4706c18	OBSOPEN_US30_20240618	2024-06-18	180	45	8	0.00000000000000000	0.53923960685686589	0.64640683922944076	0.75003866626376392	SESSION	false
af0b7f804a8d8337572d6a4a6f2ddcb426defb1f4d5f28ed0fde54882050d00c	a2b3facd10cee4f0909891958654ec1a86b2615c602c30a726ea3c4bf4706c18	OBSOPEN_US30_20240618	2024-06-18	180	45	9	0.00000000000000000	0.53923960685686589	0.66165152333653088	0.74281450293218199	SESSION	false
af0b7f804a8d8337572d6a4a6f2ddcb426defb1f4d5f28ed0fde54882050d00c	a2b3facd10cee4f0909891958654ec1a86b2615c602c30a726ea3c4bf4706c18	OBSOPEN_US30_20240618	2024-06-18	180	45	10	0.00000000000000000	0.53702730163740919	0.67182983213834024	0.73744376313598237	SESSION	false
af0b7f804a8d8337572d6a4a6f2ddcb426defb1f4d5f28ed0fde54882050d00c	a2b3facd10cee4f0909891958654ec1a86b2615c602c30a726ea3c4bf4706c18	OBSOPEN_US30_20240618	2024-06-18	180	45	11	0.00000000000000000	0.53702730163740919	0.69461571730473870	0.73497533762084655	SESSION	false
af0b7f804a8d8337572d6a4a6f2ddcb426defb1f4d5f28ed0fde54882050d00c	a2b3facd10cee4f0909891958654ec1a86b2615c602c30a726ea3c4bf4706c18	OBSOPEN_US30_20240618	2024-06-18	180	45	12	0.00000000000000000	0.53702730163740919	0.71964153862593960	0.73618214982242491	SESSION	false
af0b7f804a8d8337572d6a4a6f2ddcb426defb1f4d5f28ed0fde54882050d00c	a2b3facd10cee4f0909891958654ec1a86b2615c602c30a726ea3c4bf4706c18	OBSOPEN_US30_20240618	2024-06-18	180	45	13	0.00000000000000000	0.53850231401805004	0.75635177766693595	0.74911660971178973	SESSION	false
af0b7f804a8d8337572d6a4a6f2ddcb426defb1f4d5f28ed0fde54882050d00c	a2b3facd10cee4f0909891958654ec1a86b2615c602c30a726ea3c4bf4706c18	OBSOPEN_US30_20240618	2024-06-18	180	45	14	0.00000000000000000	0.53850231401805004	0.72355779377796015	0.70074556286388379	SESSION	false
af0b7f804a8d8337572d6a4a6f2ddcb426defb1f4d5f28ed0fde54882050d00c	a2b3facd10cee4f0909891958654ec1a86b2615c602c30a726ea3c4bf4706c18	OBSOPEN_US30_20240618	2024-06-18	180	45	15	0.00000000000000000	0.53702730163740919	0.65764103948762853	0.62782643829005014	SESSION	false
af0b7f804a8d8337572d6a4a6f2ddcb426defb1f4d5f28ed0fde54882050d00c	a2b3facd10cee4f0909891958654ec1a86b2615c602c30a726ea3c4bf4706c18	OBSOPEN_US30_20240618	2024-06-18	180	45	16	0.00000000000000000	0.53776487799155581	0.65012533784934734	0.62289324190151862	SESSION	false
af0b7f804a8d8337572d6a4a6f2ddcb426defb1f4d5f28ed0fde54882050d00c	a2b3facd10cee4f0909891958654ec1a86b2615c602c30a726ea3c4bf4706c18	OBSOPEN_US30_20240618	2024-06-18	180	45	17	0.00000000000000000	0.53923960685686589	0.62336358392486357	0.59988599016150579	SESSION	false
af0b7f804a8d8337572d6a4a6f2ddcb426defb1f4d5f28ed0fde54882050d00c	a2b3facd10cee4f0909891958654ec1a86b2615c602c30a726ea3c4bf4706c18	OBSOPEN_US30_20240618	2024-06-18	180	45	18	0.00000000000000000	0.53997675364962783	0.62192844592225038	0.60563728664507654	SESSION	false
af0b7f804a8d8337572d6a4a6f2ddcb426defb1f4d5f28ed0fde54882050d00c	a2b3facd10cee4f0909891958654ec1a86b2615c602c30a726ea3c4bf4706c18	OBSOPEN_US30_20240618	2024-06-18	180	45	19	0.00000000000000000	0.54071375153964718	0.61478922273475223	0.59820286225901353	SESSION	false
af0b7f804a8d8337572d6a4a6f2ddcb426defb1f4d5f28ed0fde54882050d00c	a2b3facd10cee4f0909891958654ec1a86b2615c602c30a726ea3c4bf4706c18	OBSOPEN_US30_20240618	2024-06-18	180	45	20	0.00000000000000000	0.53997675364962783	0.61798993241755706	0.60383159788746088	SESSION	false
af0b7f804a8d8337572d6a4a6f2ddcb426defb1f4d5f28ed0fde54882050d00c	a2b3facd10cee4f0909891958654ec1a86b2615c602c30a726ea3c4bf4706c18	OBSOPEN_US30_20240618	2024-06-18	180	45	21	0.00000000000000000	0.53702730163740919	0.59888506906538030	0.56583361185185155	SESSION	false
af0b7f804a8d8337572d6a4a6f2ddcb426defb1f4d5f28ed0fde54882050d00c	a2b3facd10cee4f0909891958654ec1a86b2615c602c30a726ea3c4bf4706c18	OBSOPEN_US30_20240618	2024-06-18	180	45	22	0.00000000000000000	0.53555173939429335	0.59904227596459247	0.56477356757023756	SESSION	false
af0b7f804a8d8337572d6a4a6f2ddcb426defb1f4d5f28ed0fde54882050d00c	a2b3facd10cee4f0909891958654ec1a86b2615c602c30a726ea3c4bf4706c18	OBSOPEN_US30_20240618	2024-06-18	180	45	23	0.00000000000000000	0.53555173939429335	0.60193360755268155	0.56139122928215368	SESSION	false
af0b7f804a8d8337572d6a4a6f2ddcb426defb1f4d5f28ed0fde54882050d00c	a2b3facd10cee4f0909891958654ec1a86b2615c602c30a726ea3c4bf4706c18	OBSOPEN_US30_20240618	2024-06-18	180	45	24	0.00000000000000000	0.53481375923329733	0.59840408999466033	0.55538582564210781	SESSION	false
af0b7f804a8d8337572d6a4a6f2ddcb426defb1f4d5f28ed0fde54882050d00c	a2b3facd10cee4f0909891958654ec1a86b2615c602c30a726ea3c4bf4706c18	OBSOPEN_US30_20240618	2024-06-18	180	45	25	0.00000000000000000	0.53702730163740919	0.60088038563034185	0.56581713897999120	SESSION	false
af0b7f804a8d8337572d6a4a6f2ddcb426defb1f4d5f28ed0fde54882050d00c	a2b3facd10cee4f0909891958654ec1a86b2615c602c30a726ea3c4bf4706c18	OBSOPEN_US30_20240618	2024-06-18	180	45	26	0.00000000000000000	0.53481375923329733	0.58721042012421010	0.54393118415819208	SESSION	false
af0b7f804a8d8337572d6a4a6f2ddcb426defb1f4d5f28ed0fde54882050d00c	a2b3facd10cee4f0909891958654ec1a86b2615c602c30a726ea3c4bf4706c18	OBSOPEN_US30_20240618	2024-06-18	180	45	27	0.00000000000000000	0.53407565020052150	0.60689261803742622	0.56326873352241014	SESSION	false
af0b7f804a8d8337572d6a4a6f2ddcb426defb1f4d5f28ed0fde54882050d00c	a2b3facd10cee4f0909891958654ec1a86b2615c602c30a726ea3c4bf4706c18	OBSOPEN_US30_20240618	2024-06-18	180	45	28	0.00000000000000000	0.53481375923329733	0.56340046772805463	0.51373210168069938	SESSION	false
af0b7f804a8d8337572d6a4a6f2ddcb426defb1f4d5f28ed0fde54882050d00c	a2b3facd10cee4f0909891958654ec1a86b2615c602c30a726ea3c4bf4706c18	OBSOPEN_US30_20240618	2024-06-18	180	45	29	0.00000000000000000	0.53407565020052150	0.50794493466795476	0.45243847515366775	SESSION	false
af0b7f804a8d8337572d6a4a6f2ddcb426defb1f4d5f28ed0fde54882050d00c	a2b3facd10cee4f0909891958654ec1a86b2615c602c30a726ea3c4bf4706c18	OBSOPEN_US30_20240618	2024-06-18	180	45	30	0.00000000000000000	0.53407565020052150	0.49046076497641722	0.43932815307166778	SESSION	false
af0b7f804a8d8337572d6a4a6f2ddcb426defb1f4d5f28ed0fde54882050d00c	a2b3facd10cee4f0909891958654ec1a86b2615c602c30a726ea3c4bf4706c18	OBSOPEN_US30_20240624	2024-06-24	180	46	1	1.00000000000000000	0.53677039834323015	0.48717686214183886	0.47626030822005844	SESSION	false
af0b7f804a8d8337572d6a4a6f2ddcb426defb1f4d5f28ed0fde54882050d00c	a2b3facd10cee4f0909891958654ec1a86b2615c602c30a726ea3c4bf4706c18	OBSOPEN_US30_20240624	2024-06-24	180	46	2	1.00000000000000000	0.53702730163740919	0.47021935087567118	0.35591624760819501	SESSION	false
af0b7f804a8d8337572d6a4a6f2ddcb426defb1f4d5f28ed0fde54882050d00c	a2b3facd10cee4f0909891958654ec1a86b2615c602c30a726ea3c4bf4706c18	OBSOPEN_US30_20240624	2024-06-24	180	46	3	1.00000000000000000	0.53702730163740919	0.49314130227781827	0.47440190870352322	SESSION	false
af0b7f804a8d8337572d6a4a6f2ddcb426defb1f4d5f28ed0fde54882050d00c	a2b3facd10cee4f0909891958654ec1a86b2615c602c30a726ea3c4bf4706c18	OBSOPEN_US30_20240624	2024-06-24	180	46	4	1.00000000000000000	0.53628958781724945	0.48902766824941751	0.42579328224351104	SESSION	false
af0b7f804a8d8337572d6a4a6f2ddcb426defb1f4d5f28ed0fde54882050d00c	a2b3facd10cee4f0909891958654ec1a86b2615c602c30a726ea3c4bf4706c18	OBSOPEN_US30_20240624	2024-06-24	180	46	5	1.00000000000000000	0.53555173939429335	0.43985160752300839	0.30532402914993922	SESSION	false
af0b7f804a8d8337572d6a4a6f2ddcb426defb1f4d5f28ed0fde54882050d00c	a2b3facd10cee4f0909891958654ec1a86b2615c602c30a726ea3c4bf4706c18	OBSOPEN_US30_20240624	2024-06-24	180	46	6	1.00000000000000000	0.53555173939429335	0.45425865090868406	0.37234820334996793	SESSION	false
af0b7f804a8d8337572d6a4a6f2ddcb426defb1f4d5f28ed0fde54882050d00c	a2b3facd10cee4f0909891958654ec1a86b2615c602c30a726ea3c4bf4706c18	OBSOPEN_US30_20240624	2024-06-24	180	46	7	1.00000000000000000	0.53481375923329733	0.46300372723976346	0.37554950959734834	SESSION	false
af0b7f804a8d8337572d6a4a6f2ddcb426defb1f4d5f28ed0fde54882050d00c	a2b3facd10cee4f0909891958654ec1a86b2615c602c30a726ea3c4bf4706c18	OBSOPEN_US30_20240624	2024-06-24	180	46	8	1.00000000000000000	0.53923960685686589	0.45932347021139064	0.38845880811149797	SESSION	false
af0b7f804a8d8337572d6a4a6f2ddcb426defb1f4d5f28ed0fde54882050d00c	a2b3facd10cee4f0909891958654ec1a86b2615c602c30a726ea3c4bf4706c18	OBSOPEN_US30_20240624	2024-06-24	180	46	9	1.00000000000000000	0.53923960685686589	0.46792251023839038	0.40530091100886473	SESSION	false
af0b7f804a8d8337572d6a4a6f2ddcb426defb1f4d5f28ed0fde54882050d00c	a2b3facd10cee4f0909891958654ec1a86b2615c602c30a726ea3c4bf4706c18	OBSOPEN_US30_20240624	2024-06-24	180	46	10	1.00000000000000000	0.53702730163740919	0.52172305776590533	0.55065004888412983	SESSION	false
af0b7f804a8d8337572d6a4a6f2ddcb426defb1f4d5f28ed0fde54882050d00c	a2b3facd10cee4f0909891958654ec1a86b2615c602c30a726ea3c4bf4706c18	OBSOPEN_US30_20240624	2024-06-24	180	46	11	1.00000000000000000	0.53702730163740919	0.57462501843795932	0.65232014216909495	SESSION	false
af0b7f804a8d8337572d6a4a6f2ddcb426defb1f4d5f28ed0fde54882050d00c	a2b3facd10cee4f0909891958654ec1a86b2615c602c30a726ea3c4bf4706c18	OBSOPEN_US30_20240624	2024-06-24	180	46	12	1.00000000000000000	0.53702730163740919	0.58409419455580458	0.65690852029991098	SESSION	false
af0b7f804a8d8337572d6a4a6f2ddcb426defb1f4d5f28ed0fde54882050d00c	a2b3facd10cee4f0909891958654ec1a86b2615c602c30a726ea3c4bf4706c18	OBSOPEN_US30_20240624	2024-06-24	180	46	13	1.00000000000000000	0.53850231401805004	0.57733744797279196	0.65443291009947524	SESSION	false
af0b7f804a8d8337572d6a4a6f2ddcb426defb1f4d5f28ed0fde54882050d00c	a2b3facd10cee4f0909891958654ec1a86b2615c602c30a726ea3c4bf4706c18	OBSOPEN_US30_20240624	2024-06-24	180	46	14	1.00000000000000000	0.53850231401805004	0.56112147034196647	0.61524310803510385	SESSION	false
af0b7f804a8d8337572d6a4a6f2ddcb426defb1f4d5f28ed0fde54882050d00c	a2b3facd10cee4f0909891958654ec1a86b2615c602c30a726ea3c4bf4706c18	OBSOPEN_US30_20240624	2024-06-24	180	46	15	1.00000000000000000	0.53702730163740919	0.52494454655810874	0.52383681645185265	SESSION	false
af0b7f804a8d8337572d6a4a6f2ddcb426defb1f4d5f28ed0fde54882050d00c	a2b3facd10cee4f0909891958654ec1a86b2615c602c30a726ea3c4bf4706c18	OBSOPEN_US30_20240624	2024-06-24	180	46	16	1.00000000000000000	0.53776487799155581	0.52264564492124144	0.54112620045368820	SESSION	false
af0b7f804a8d8337572d6a4a6f2ddcb426defb1f4d5f28ed0fde54882050d00c	a2b3facd10cee4f0909891958654ec1a86b2615c602c30a726ea3c4bf4706c18	OBSOPEN_US30_20240624	2024-06-24	180	46	17	1.00000000000000000	0.53923960685686589	0.55111772468669629	0.60876915220431105	SESSION	false
af0b7f804a8d8337572d6a4a6f2ddcb426defb1f4d5f28ed0fde54882050d00c	a2b3facd10cee4f0909891958654ec1a86b2615c602c30a726ea3c4bf4706c18	OBSOPEN_US30_20240624	2024-06-24	180	46	18	1.00000000000000000	0.53997675364962783	0.59092177351992858	0.70115627641837452	SESSION	false
af0b7f804a8d8337572d6a4a6f2ddcb426defb1f4d5f28ed0fde54882050d00c	a2b3facd10cee4f0909891958654ec1a86b2615c602c30a726ea3c4bf4706c18	OBSOPEN_US30_20240624	2024-06-24	180	46	19	1.00000000000000000	0.54071375153964718	0.64957008865391686	0.74457199568320909	SESSION	false
af0b7f804a8d8337572d6a4a6f2ddcb426defb1f4d5f28ed0fde54882050d00c	a2b3facd10cee4f0909891958654ec1a86b2615c602c30a726ea3c4bf4706c18	OBSOPEN_US30_20240624	2024-06-24	180	46	20	1.00000000000000000	0.53997675364962783	0.69983469709255730	0.76880818659233119	SESSION	false
af0b7f804a8d8337572d6a4a6f2ddcb426defb1f4d5f28ed0fde54882050d00c	a2b3facd10cee4f0909891958654ec1a86b2615c602c30a726ea3c4bf4706c18	OBSOPEN_US30_20240624	2024-06-24	180	46	21	1.00000000000000000	0.53702730163740919	0.71842304647089783	0.73983313972022791	SESSION	false
af0b7f804a8d8337572d6a4a6f2ddcb426defb1f4d5f28ed0fde54882050d00c	a2b3facd10cee4f0909891958654ec1a86b2615c602c30a726ea3c4bf4706c18	OBSOPEN_US30_20240624	2024-06-24	180	46	22	1.00000000000000000	0.53555173939429335	0.74388771240978768	0.74262219395130113	SESSION	false
af0b7f804a8d8337572d6a4a6f2ddcb426defb1f4d5f28ed0fde54882050d00c	a2b3facd10cee4f0909891958654ec1a86b2615c602c30a726ea3c4bf4706c18	OBSOPEN_US30_20240624	2024-06-24	180	46	23	1.00000000000000000	0.53555173939429335	0.76086514691465634	0.74802723235620772	SESSION	false
af0b7f804a8d8337572d6a4a6f2ddcb426defb1f4d5f28ed0fde54882050d00c	a2b3facd10cee4f0909891958654ec1a86b2615c602c30a726ea3c4bf4706c18	OBSOPEN_US30_20240624	2024-06-24	180	46	24	1.00000000000000000	0.53481375923329733	0.77703413539066135	0.73778139036926138	SESSION	false
af0b7f804a8d8337572d6a4a6f2ddcb426defb1f4d5f28ed0fde54882050d00c	a2b3facd10cee4f0909891958654ec1a86b2615c602c30a726ea3c4bf4706c18	OBSOPEN_US30_20240624	2024-06-24	180	46	25	1.00000000000000000	0.53702730163740919	0.78131251746815045	0.73718946585016643	SESSION	false
af0b7f804a8d8337572d6a4a6f2ddcb426defb1f4d5f28ed0fde54882050d00c	a2b3facd10cee4f0909891958654ec1a86b2615c602c30a726ea3c4bf4706c18	OBSOPEN_US30_20240624	2024-06-24	180	46	26	1.00000000000000000	0.53481375923329733	0.78537511039916075	0.74029094480043711	SESSION	false
af0b7f804a8d8337572d6a4a6f2ddcb426defb1f4d5f28ed0fde54882050d00c	a2b3facd10cee4f0909891958654ec1a86b2615c602c30a726ea3c4bf4706c18	OBSOPEN_US30_20240624	2024-06-24	180	46	27	1.00000000000000000	0.53407565020052150	0.81073289425281569	0.74134093509299692	SESSION	false
af0b7f804a8d8337572d6a4a6f2ddcb426defb1f4d5f28ed0fde54882050d00c	a2b3facd10cee4f0909891958654ec1a86b2615c602c30a726ea3c4bf4706c18	OBSOPEN_US30_20240624	2024-06-24	180	46	28	1.00000000000000000	0.53481375923329733	0.82291034444230027	0.74724985700454472	SESSION	false
af0b7f804a8d8337572d6a4a6f2ddcb426defb1f4d5f28ed0fde54882050d00c	a2b3facd10cee4f0909891958654ec1a86b2615c602c30a726ea3c4bf4706c18	OBSOPEN_US30_20240624	2024-06-24	180	46	29	1.00000000000000000	0.53407565020052150	0.83334164429192625	0.74670603139324787	SESSION	false
af0b7f804a8d8337572d6a4a6f2ddcb426defb1f4d5f28ed0fde54882050d00c	a2b3facd10cee4f0909891958654ec1a86b2615c602c30a726ea3c4bf4706c18	OBSOPEN_US30_20240624	2024-06-24	180	46	30	1.00000000000000000	0.53407565020052150	0.83760175044251506	0.73982603380768841	SESSION	false
af0b7f804a8d8337572d6a4a6f2ddcb426defb1f4d5f28ed0fde54882050d00c	a2b3facd10cee4f0909891958654ec1a86b2615c602c30a726ea3c4bf4706c18	OBSOPEN_US30_20240626	2024-06-26	180	47	1	0.00000000000000000	0.53677039834323015	0.49070152344412110	0.46352018059763939	SESSION	false
af0b7f804a8d8337572d6a4a6f2ddcb426defb1f4d5f28ed0fde54882050d00c	a2b3facd10cee4f0909891958654ec1a86b2615c602c30a726ea3c4bf4706c18	OBSOPEN_US30_20240626	2024-06-26	180	47	2	1.00000000000000000	0.53702730163740919	0.47097607320979207	0.38660030234093279	SESSION	false
af0b7f804a8d8337572d6a4a6f2ddcb426defb1f4d5f28ed0fde54882050d00c	a2b3facd10cee4f0909891958654ec1a86b2615c602c30a726ea3c4bf4706c18	OBSOPEN_US30_20240626	2024-06-26	180	47	3	0.00000000000000000	0.53702730163740919	0.43993586134843327	0.37020767383635489	SESSION	false
af0b7f804a8d8337572d6a4a6f2ddcb426defb1f4d5f28ed0fde54882050d00c	a2b3facd10cee4f0909891958654ec1a86b2615c602c30a726ea3c4bf4706c18	OBSOPEN_US30_20240626	2024-06-26	180	47	4	1.00000000000000000	0.53628958781724945	0.53844383779798910	0.54566638369132037	SESSION	false
af0b7f804a8d8337572d6a4a6f2ddcb426defb1f4d5f28ed0fde54882050d00c	a2b3facd10cee4f0909891958654ec1a86b2615c602c30a726ea3c4bf4706c18	OBSOPEN_US30_20240626	2024-06-26	180	47	5	1.00000000000000000	0.53555173939429335	0.64902898434550738	0.69877008111436290	SESSION	false
af0b7f804a8d8337572d6a4a6f2ddcb426defb1f4d5f28ed0fde54882050d00c	a2b3facd10cee4f0909891958654ec1a86b2615c602c30a726ea3c4bf4706c18	OBSOPEN_US30_20240626	2024-06-26	180	47	6	0.00000000000000000	0.53555173939429335	0.65274898138935666	0.69264843667620757	SESSION	false
af0b7f804a8d8337572d6a4a6f2ddcb426defb1f4d5f28ed0fde54882050d00c	a2b3facd10cee4f0909891958654ec1a86b2615c602c30a726ea3c4bf4706c18	OBSOPEN_US30_20240626	2024-06-26	180	47	7	0.00000000000000000	0.53481375923329733	0.62840521715545317	0.65945366716240417	SESSION	false
af0b7f804a8d8337572d6a4a6f2ddcb426defb1f4d5f28ed0fde54882050d00c	a2b3facd10cee4f0909891958654ec1a86b2615c602c30a726ea3c4bf4706c18	OBSOPEN_US30_20240626	2024-06-26	180	47	8	0.00000000000000000	0.53923960685686589	0.61816422302350948	0.64873312090411883	SESSION	false
af0b7f804a8d8337572d6a4a6f2ddcb426defb1f4d5f28ed0fde54882050d00c	a2b3facd10cee4f0909891958654ec1a86b2615c602c30a726ea3c4bf4706c18	OBSOPEN_US30_20240626	2024-06-26	180	47	9	0.00000000000000000	0.53923960685686589	0.57674984651097727	0.58228571395284123	SESSION	false
af0b7f804a8d8337572d6a4a6f2ddcb426defb1f4d5f28ed0fde54882050d00c	a2b3facd10cee4f0909891958654ec1a86b2615c602c30a726ea3c4bf4706c18	OBSOPEN_US30_20240626	2024-06-26	180	47	10	1.00000000000000000	0.53702730163740919	0.54637459573333202	0.52334772762021498	SESSION	false
af0b7f804a8d8337572d6a4a6f2ddcb426defb1f4d5f28ed0fde54882050d00c	a2b3facd10cee4f0909891958654ec1a86b2615c602c30a726ea3c4bf4706c18	OBSOPEN_US30_20240626	2024-06-26	180	47	11	1.00000000000000000	0.53702730163740919	0.54930260171539724	0.54130703625760046	SESSION	false
af0b7f804a8d8337572d6a4a6f2ddcb426defb1f4d5f28ed0fde54882050d00c	a2b3facd10cee4f0909891958654ec1a86b2615c602c30a726ea3c4bf4706c18	OBSOPEN_US30_20240626	2024-06-26	180	47	12	1.00000000000000000	0.53702730163740919	0.57373825657422406	0.58171038646747308	SESSION	false
af0b7f804a8d8337572d6a4a6f2ddcb426defb1f4d5f28ed0fde54882050d00c	a2b3facd10cee4f0909891958654ec1a86b2615c602c30a726ea3c4bf4706c18	OBSOPEN_US30_20240626	2024-06-26	180	47	13	1.00000000000000000	0.53850231401805004	0.58488883624313359	0.60142139387465954	SESSION	false
af0b7f804a8d8337572d6a4a6f2ddcb426defb1f4d5f28ed0fde54882050d00c	a2b3facd10cee4f0909891958654ec1a86b2615c602c30a726ea3c4bf4706c18	OBSOPEN_US30_20240626	2024-06-26	180	47	14	1.00000000000000000	0.53850231401805004	0.55250122577917937	0.54392619438991030	SESSION	false
af0b7f804a8d8337572d6a4a6f2ddcb426defb1f4d5f28ed0fde54882050d00c	a2b3facd10cee4f0909891958654ec1a86b2615c602c30a726ea3c4bf4706c18	OBSOPEN_US30_20240626	2024-06-26	180	47	15	1.00000000000000000	0.53702730163740919	0.50578638403845766	0.47319133481599457	SESSION	false
af0b7f804a8d8337572d6a4a6f2ddcb426defb1f4d5f28ed0fde54882050d00c	a2b3facd10cee4f0909891958654ec1a86b2615c602c30a726ea3c4bf4706c18	OBSOPEN_US30_20240626	2024-06-26	180	47	16	1.00000000000000000	0.53776487799155581	0.50395684096172622	0.46854556496616789	SESSION	false
af0b7f804a8d8337572d6a4a6f2ddcb426defb1f4d5f28ed0fde54882050d00c	a2b3facd10cee4f0909891958654ec1a86b2615c602c30a726ea3c4bf4706c18	OBSOPEN_US30_20240626	2024-06-26	180	47	17	1.00000000000000000	0.53923960685686589	0.49184194594235275	0.45262664462691610	SESSION	false
af0b7f804a8d8337572d6a4a6f2ddcb426defb1f4d5f28ed0fde54882050d00c	a2b3facd10cee4f0909891958654ec1a86b2615c602c30a726ea3c4bf4706c18	OBSOPEN_US30_20240626	2024-06-26	180	47	18	1.00000000000000000	0.53997675364962783	0.45723999766518242	0.40419806861389351	SESSION	false
af0b7f804a8d8337572d6a4a6f2ddcb426defb1f4d5f28ed0fde54882050d00c	a2b3facd10cee4f0909891958654ec1a86b2615c602c30a726ea3c4bf4706c18	OBSOPEN_US30_20240626	2024-06-26	180	47	19	1.00000000000000000	0.54071375153964718	0.45542228162787840	0.41555667892663528	SESSION	false
af0b7f804a8d8337572d6a4a6f2ddcb426defb1f4d5f28ed0fde54882050d00c	a2b3facd10cee4f0909891958654ec1a86b2615c602c30a726ea3c4bf4706c18	OBSOPEN_US30_20240626	2024-06-26	180	47	20	1.00000000000000000	0.53997675364962783	0.48977859185367528	0.47577319316726852	SESSION	false
af0b7f804a8d8337572d6a4a6f2ddcb426defb1f4d5f28ed0fde54882050d00c	a2b3facd10cee4f0909891958654ec1a86b2615c602c30a726ea3c4bf4706c18	OBSOPEN_US30_20240626	2024-06-26	180	47	21	1.00000000000000000	0.53702730163740919	0.53188655994392109	0.52480424516376722	SESSION	false
af0b7f804a8d8337572d6a4a6f2ddcb426defb1f4d5f28ed0fde54882050d00c	a2b3facd10cee4f0909891958654ec1a86b2615c602c30a726ea3c4bf4706c18	OBSOPEN_US30_20240626	2024-06-26	180	47	22	1.00000000000000000	0.53555173939429335	0.51582663820540897	0.48344910683845282	SESSION	false
af0b7f804a8d8337572d6a4a6f2ddcb426defb1f4d5f28ed0fde54882050d00c	a2b3facd10cee4f0909891958654ec1a86b2615c602c30a726ea3c4bf4706c18	OBSOPEN_US30_20240626	2024-06-26	180	47	23	1.00000000000000000	0.53555173939429335	0.48393304199740966	0.43139976801853236	SESSION	false
af0b7f804a8d8337572d6a4a6f2ddcb426defb1f4d5f28ed0fde54882050d00c	a2b3facd10cee4f0909891958654ec1a86b2615c602c30a726ea3c4bf4706c18	OBSOPEN_US30_20240626	2024-06-26	180	47	24	1.00000000000000000	0.53481375923329733	0.46729763659460227	0.40251733719526139	SESSION	false
af0b7f804a8d8337572d6a4a6f2ddcb426defb1f4d5f28ed0fde54882050d00c	a2b3facd10cee4f0909891958654ec1a86b2615c602c30a726ea3c4bf4706c18	OBSOPEN_US30_20240626	2024-06-26	180	47	25	1.00000000000000000	0.53702730163740919	0.47792503823236304	0.43189010565474967	SESSION	false
af0b7f804a8d8337572d6a4a6f2ddcb426defb1f4d5f28ed0fde54882050d00c	a2b3facd10cee4f0909891958654ec1a86b2615c602c30a726ea3c4bf4706c18	OBSOPEN_US30_20240626	2024-06-26	180	47	26	1.00000000000000000	0.53481375923329733	0.48436503206772169	0.43117244877327232	SESSION	false
af0b7f804a8d8337572d6a4a6f2ddcb426defb1f4d5f28ed0fde54882050d00c	a2b3facd10cee4f0909891958654ec1a86b2615c602c30a726ea3c4bf4706c18	OBSOPEN_US30_20240626	2024-06-26	180	47	27	1.00000000000000000	0.53407565020052150	0.47515460789585129	0.42109398287555705	SESSION	false
af0b7f804a8d8337572d6a4a6f2ddcb426defb1f4d5f28ed0fde54882050d00c	a2b3facd10cee4f0909891958654ec1a86b2615c602c30a726ea3c4bf4706c18	OBSOPEN_US30_20240626	2024-06-26	180	47	28	1.00000000000000000	0.53481375923329733	0.47699765407456612	0.41931827122335069	SESSION	false
af0b7f804a8d8337572d6a4a6f2ddcb426defb1f4d5f28ed0fde54882050d00c	a2b3facd10cee4f0909891958654ec1a86b2615c602c30a726ea3c4bf4706c18	OBSOPEN_US30_20240626	2024-06-26	180	47	29	1.00000000000000000	0.53407565020052150	0.48318041166279141	0.43366333799833989	SESSION	false
af0b7f804a8d8337572d6a4a6f2ddcb426defb1f4d5f28ed0fde54882050d00c	a2b3facd10cee4f0909891958654ec1a86b2615c602c30a726ea3c4bf4706c18	OBSOPEN_US30_20240626	2024-06-26	180	47	30	1.00000000000000000	0.53407565020052150	0.50519342904060216	0.47207743479524650	SESSION	false
af0b7f804a8d8337572d6a4a6f2ddcb426defb1f4d5f28ed0fde54882050d00c	a2b3facd10cee4f0909891958654ec1a86b2615c602c30a726ea3c4bf4706c18	OBSOPEN_US30_20240627	2024-06-27	180	48	1	1.00000000000000000	0.53677039834323015	0.49796269944929966	0.58605246994177007	SESSION	false
af0b7f804a8d8337572d6a4a6f2ddcb426defb1f4d5f28ed0fde54882050d00c	a2b3facd10cee4f0909891958654ec1a86b2615c602c30a726ea3c4bf4706c18	OBSOPEN_US30_20240627	2024-06-27	180	48	2	1.00000000000000000	0.53702730163740919	0.49009156501171047	0.42835149384772364	SESSION	false
af0b7f804a8d8337572d6a4a6f2ddcb426defb1f4d5f28ed0fde54882050d00c	a2b3facd10cee4f0909891958654ec1a86b2615c602c30a726ea3c4bf4706c18	OBSOPEN_US30_20240627	2024-06-27	180	48	3	1.00000000000000000	0.53702730163740919	0.52001611706587481	0.63134988355668153	SESSION	false
af0b7f804a8d8337572d6a4a6f2ddcb426defb1f4d5f28ed0fde54882050d00c	a2b3facd10cee4f0909891958654ec1a86b2615c602c30a726ea3c4bf4706c18	OBSOPEN_US30_20240627	2024-06-27	180	48	4	1.00000000000000000	0.53628958781724945	0.58877224005994955	0.69852706978702139	SESSION	false
af0b7f804a8d8337572d6a4a6f2ddcb426defb1f4d5f28ed0fde54882050d00c	a2b3facd10cee4f0909891958654ec1a86b2615c602c30a726ea3c4bf4706c18	OBSOPEN_US30_20240627	2024-06-27	180	48	5	1.00000000000000000	0.53555173939429335	0.59969825883670447	0.68404707395409148	SESSION	false
af0b7f804a8d8337572d6a4a6f2ddcb426defb1f4d5f28ed0fde54882050d00c	a2b3facd10cee4f0909891958654ec1a86b2615c602c30a726ea3c4bf4706c18	OBSOPEN_US30_20240627	2024-06-27	180	48	6	1.00000000000000000	0.53555173939429335	0.59679319705433853	0.67746137765228231	SESSION	false
af0b7f804a8d8337572d6a4a6f2ddcb426defb1f4d5f28ed0fde54882050d00c	a2b3facd10cee4f0909891958654ec1a86b2615c602c30a726ea3c4bf4706c18	OBSOPEN_US30_20240627	2024-06-27	180	48	7	1.00000000000000000	0.53481375923329733	0.56008077588559724	0.58737751902250945	SESSION	false
af0b7f804a8d8337572d6a4a6f2ddcb426defb1f4d5f28ed0fde54882050d00c	a2b3facd10cee4f0909891958654ec1a86b2615c602c30a726ea3c4bf4706c18	OBSOPEN_US30_20240627	2024-06-27	180	48	8	1.00000000000000000	0.53923960685686589	0.52145498608019469	0.53689682989924803	SESSION	false
af0b7f804a8d8337572d6a4a6f2ddcb426defb1f4d5f28ed0fde54882050d00c	a2b3facd10cee4f0909891958654ec1a86b2615c602c30a726ea3c4bf4706c18	OBSOPEN_US30_20240627	2024-06-27	180	48	9	1.00000000000000000	0.53923960685686589	0.55899855970410950	0.62197539014715353	SESSION	false
af0b7f804a8d8337572d6a4a6f2ddcb426defb1f4d5f28ed0fde54882050d00c	a2b3facd10cee4f0909891958654ec1a86b2615c602c30a726ea3c4bf4706c18	OBSOPEN_US30_20240627	2024-06-27	180	48	10	1.00000000000000000	0.53702730163740919	0.59088153362272366	0.68305966011134978	SESSION	false
af0b7f804a8d8337572d6a4a6f2ddcb426defb1f4d5f28ed0fde54882050d00c	a2b3facd10cee4f0909891958654ec1a86b2615c602c30a726ea3c4bf4706c18	OBSOPEN_US30_20240627	2024-06-27	180	48	11	1.00000000000000000	0.53702730163740919	0.60440504164545172	0.69614744077640534	SESSION	false
af0b7f804a8d8337572d6a4a6f2ddcb426defb1f4d5f28ed0fde54882050d00c	a2b3facd10cee4f0909891958654ec1a86b2615c602c30a726ea3c4bf4706c18	OBSOPEN_US30_20240627	2024-06-27	180	48	12	1.00000000000000000	0.53702730163740919	0.64745855839830857	0.72817153830864201	SESSION	false
af0b7f804a8d8337572d6a4a6f2ddcb426defb1f4d5f28ed0fde54882050d00c	a2b3facd10cee4f0909891958654ec1a86b2615c602c30a726ea3c4bf4706c18	OBSOPEN_US30_20240627	2024-06-27	180	48	13	1.00000000000000000	0.53850231401805004	0.69987229815387197	0.74788607451206235	SESSION	false
af0b7f804a8d8337572d6a4a6f2ddcb426defb1f4d5f28ed0fde54882050d00c	a2b3facd10cee4f0909891958654ec1a86b2615c602c30a726ea3c4bf4706c18	OBSOPEN_US30_20240627	2024-06-27	180	48	14	1.00000000000000000	0.53850231401805004	0.70868678081205949	0.74306361348101146	SESSION	false
af0b7f804a8d8337572d6a4a6f2ddcb426defb1f4d5f28ed0fde54882050d00c	a2b3facd10cee4f0909891958654ec1a86b2615c602c30a726ea3c4bf4706c18	OBSOPEN_US30_20240627	2024-06-27	180	48	15	1.00000000000000000	0.53702730163740919	0.69200181491269408	0.71807887032587647	SESSION	false
af0b7f804a8d8337572d6a4a6f2ddcb426defb1f4d5f28ed0fde54882050d00c	a2b3facd10cee4f0909891958654ec1a86b2615c602c30a726ea3c4bf4706c18	OBSOPEN_US30_20240627	2024-06-27	180	48	16	1.00000000000000000	0.53776487799155581	0.67299722952955165	0.69649105297347691	SESSION	false
af0b7f804a8d8337572d6a4a6f2ddcb426defb1f4d5f28ed0fde54882050d00c	a2b3facd10cee4f0909891958654ec1a86b2615c602c30a726ea3c4bf4706c18	OBSOPEN_US30_20240627	2024-06-27	180	48	17	1.00000000000000000	0.53923960685686589	0.64545205391818961	0.65994078162715475	SESSION	false
af0b7f804a8d8337572d6a4a6f2ddcb426defb1f4d5f28ed0fde54882050d00c	a2b3facd10cee4f0909891958654ec1a86b2615c602c30a726ea3c4bf4706c18	OBSOPEN_US30_20240627	2024-06-27	180	48	18	1.00000000000000000	0.53997675364962783	0.62414504459210385	0.64348064775179714	SESSION	false
af0b7f804a8d8337572d6a4a6f2ddcb426defb1f4d5f28ed0fde54882050d00c	a2b3facd10cee4f0909891958654ec1a86b2615c602c30a726ea3c4bf4706c18	OBSOPEN_US30_20240627	2024-06-27	180	48	19	1.00000000000000000	0.54071375153964718	0.59490992504454987	0.59986625476904121	SESSION	false
af0b7f804a8d8337572d6a4a6f2ddcb426defb1f4d5f28ed0fde54882050d00c	a2b3facd10cee4f0909891958654ec1a86b2615c602c30a726ea3c4bf4706c18	OBSOPEN_US30_20240627	2024-06-27	180	48	20	1.00000000000000000	0.53997675364962783	0.57385019877987709	0.57320444346269406	SESSION	false
af0b7f804a8d8337572d6a4a6f2ddcb426defb1f4d5f28ed0fde54882050d00c	a2b3facd10cee4f0909891958654ec1a86b2615c602c30a726ea3c4bf4706c18	OBSOPEN_US30_20240627	2024-06-27	180	48	21	1.00000000000000000	0.53702730163740919	0.57363209856331798	0.56495164554136246	SESSION	false
af0b7f804a8d8337572d6a4a6f2ddcb426defb1f4d5f28ed0fde54882050d00c	a2b3facd10cee4f0909891958654ec1a86b2615c602c30a726ea3c4bf4706c18	OBSOPEN_US30_20240627	2024-06-27	180	48	22	1.00000000000000000	0.53555173939429335	0.53469722056161584	0.50143078443061762	SESSION	false
af0b7f804a8d8337572d6a4a6f2ddcb426defb1f4d5f28ed0fde54882050d00c	a2b3facd10cee4f0909891958654ec1a86b2615c602c30a726ea3c4bf4706c18	OBSOPEN_US30_20240627	2024-06-27	180	48	23	1.00000000000000000	0.53555173939429335	0.50781601714696034	0.46883524288989237	SESSION	false
af0b7f804a8d8337572d6a4a6f2ddcb426defb1f4d5f28ed0fde54882050d00c	a2b3facd10cee4f0909891958654ec1a86b2615c602c30a726ea3c4bf4706c18	OBSOPEN_US30_20240627	2024-06-27	180	48	24	1.00000000000000000	0.53481375923329733	0.51865425466407578	0.48646110309504581	SESSION	false
af0b7f804a8d8337572d6a4a6f2ddcb426defb1f4d5f28ed0fde54882050d00c	a2b3facd10cee4f0909891958654ec1a86b2615c602c30a726ea3c4bf4706c18	OBSOPEN_US30_20240627	2024-06-27	180	48	25	1.00000000000000000	0.53702730163740919	0.53383127258869101	0.50261414710561580	SESSION	false
af0b7f804a8d8337572d6a4a6f2ddcb426defb1f4d5f28ed0fde54882050d00c	a2b3facd10cee4f0909891958654ec1a86b2615c602c30a726ea3c4bf4706c18	OBSOPEN_US30_20240627	2024-06-27	180	48	26	1.00000000000000000	0.53481375923329733	0.51174063688735194	0.46589206202500771	SESSION	false
af0b7f804a8d8337572d6a4a6f2ddcb426defb1f4d5f28ed0fde54882050d00c	a2b3facd10cee4f0909891958654ec1a86b2615c602c30a726ea3c4bf4706c18	OBSOPEN_US30_20240627	2024-06-27	180	48	27	1.00000000000000000	0.53407565020052150	0.54886214591513305	0.53292455499288327	SESSION	false
af0b7f804a8d8337572d6a4a6f2ddcb426defb1f4d5f28ed0fde54882050d00c	a2b3facd10cee4f0909891958654ec1a86b2615c602c30a726ea3c4bf4706c18	OBSOPEN_US30_20240627	2024-06-27	180	48	28	1.00000000000000000	0.53481375923329733	0.56560680588285506	0.54432480243644565	SESSION	false
af0b7f804a8d8337572d6a4a6f2ddcb426defb1f4d5f28ed0fde54882050d00c	a2b3facd10cee4f0909891958654ec1a86b2615c602c30a726ea3c4bf4706c18	OBSOPEN_US30_20240627	2024-06-27	180	48	29	1.00000000000000000	0.53407565020052150	0.59351310536968171	0.58760969416573994	SESSION	false
af0b7f804a8d8337572d6a4a6f2ddcb426defb1f4d5f28ed0fde54882050d00c	a2b3facd10cee4f0909891958654ec1a86b2615c602c30a726ea3c4bf4706c18	OBSOPEN_US30_20240627	2024-06-27	180	48	30	1.00000000000000000	0.53407565020052150	0.60306526696951090	0.59295095262446362	SESSION	false
af0b7f804a8d8337572d6a4a6f2ddcb426defb1f4d5f28ed0fde54882050d00c	a2b3facd10cee4f0909891958654ec1a86b2615c602c30a726ea3c4bf4706c18	OBSOPEN_US30_20240708	2024-07-08	180	49	1	1.00000000000000000	0.53677039834323015	0.56982247639097550	0.68192909799571100	SESSION	false
af0b7f804a8d8337572d6a4a6f2ddcb426defb1f4d5f28ed0fde54882050d00c	a2b3facd10cee4f0909891958654ec1a86b2615c602c30a726ea3c4bf4706c18	OBSOPEN_US30_20240708	2024-07-08	180	49	2	1.00000000000000000	0.53702730163740919	0.69989084345874564	0.71585946207296225	SESSION	false
af0b7f804a8d8337572d6a4a6f2ddcb426defb1f4d5f28ed0fde54882050d00c	a2b3facd10cee4f0909891958654ec1a86b2615c602c30a726ea3c4bf4706c18	OBSOPEN_US30_20240708	2024-07-08	180	49	3	0.00000000000000000	0.53702730163740919	0.75676796519075917	0.72742880186354275	SESSION	false
af0b7f804a8d8337572d6a4a6f2ddcb426defb1f4d5f28ed0fde54882050d00c	a2b3facd10cee4f0909891958654ec1a86b2615c602c30a726ea3c4bf4706c18	OBSOPEN_US30_20240708	2024-07-08	180	49	4	0.00000000000000000	0.53628958781724945	0.77598569706633169	0.71980712942602199	SESSION	false
af0b7f804a8d8337572d6a4a6f2ddcb426defb1f4d5f28ed0fde54882050d00c	a2b3facd10cee4f0909891958654ec1a86b2615c602c30a726ea3c4bf4706c18	OBSOPEN_US30_20240708	2024-07-08	180	49	5	0.00000000000000000	0.53555173939429335	0.78284132878185131	0.71853296860225846	SESSION	false
af0b7f804a8d8337572d6a4a6f2ddcb426defb1f4d5f28ed0fde54882050d00c	a2b3facd10cee4f0909891958654ec1a86b2615c602c30a726ea3c4bf4706c18	OBSOPEN_US30_20240708	2024-07-08	180	49	6	0.00000000000000000	0.53555173939429335	0.78452710469182219	0.71845306138420595	SESSION	false
af0b7f804a8d8337572d6a4a6f2ddcb426defb1f4d5f28ed0fde54882050d00c	a2b3facd10cee4f0909891958654ec1a86b2615c602c30a726ea3c4bf4706c18	OBSOPEN_US30_20240708	2024-07-08	180	49	7	0.00000000000000000	0.53481375923329733	0.79710520295921516	0.70661900508022846	SESSION	false
af0b7f804a8d8337572d6a4a6f2ddcb426defb1f4d5f28ed0fde54882050d00c	a2b3facd10cee4f0909891958654ec1a86b2615c602c30a726ea3c4bf4706c18	OBSOPEN_US30_20240708	2024-07-08	180	49	8	0.00000000000000000	0.53923960685686589	0.79297860065823023	0.72254520646440945	SESSION	false
af0b7f804a8d8337572d6a4a6f2ddcb426defb1f4d5f28ed0fde54882050d00c	a2b3facd10cee4f0909891958654ec1a86b2615c602c30a726ea3c4bf4706c18	OBSOPEN_US30_20240708	2024-07-08	180	49	9	0.00000000000000000	0.53923960685686589	0.77671017436347045	0.69641664569944717	SESSION	false
af0b7f804a8d8337572d6a4a6f2ddcb426defb1f4d5f28ed0fde54882050d00c	a2b3facd10cee4f0909891958654ec1a86b2615c602c30a726ea3c4bf4706c18	OBSOPEN_US30_20240708	2024-07-08	180	49	10	0.00000000000000000	0.53702730163740919	0.76000367291539117	0.67950583846481405	SESSION	false
af0b7f804a8d8337572d6a4a6f2ddcb426defb1f4d5f28ed0fde54882050d00c	a2b3facd10cee4f0909891958654ec1a86b2615c602c30a726ea3c4bf4706c18	OBSOPEN_US30_20240708	2024-07-08	180	49	11	0.00000000000000000	0.53702730163740919	0.76958084763563683	0.68601751823836810	SESSION	false
af0b7f804a8d8337572d6a4a6f2ddcb426defb1f4d5f28ed0fde54882050d00c	a2b3facd10cee4f0909891958654ec1a86b2615c602c30a726ea3c4bf4706c18	OBSOPEN_US30_20240708	2024-07-08	180	49	12	0.00000000000000000	0.53702730163740919	0.76804171039159663	0.68540580295798292	SESSION	false
af0b7f804a8d8337572d6a4a6f2ddcb426defb1f4d5f28ed0fde54882050d00c	a2b3facd10cee4f0909891958654ec1a86b2615c602c30a726ea3c4bf4706c18	OBSOPEN_US30_20240708	2024-07-08	180	49	13	0.00000000000000000	0.53850231401805004	0.73113764898717848	0.65724438479249270	SESSION	false
af0b7f804a8d8337572d6a4a6f2ddcb426defb1f4d5f28ed0fde54882050d00c	a2b3facd10cee4f0909891958654ec1a86b2615c602c30a726ea3c4bf4706c18	OBSOPEN_US30_20240708	2024-07-08	180	49	14	0.00000000000000000	0.53850231401805004	0.71115788608690667	0.63825275774293511	SESSION	false
af0b7f804a8d8337572d6a4a6f2ddcb426defb1f4d5f28ed0fde54882050d00c	a2b3facd10cee4f0909891958654ec1a86b2615c602c30a726ea3c4bf4706c18	OBSOPEN_US30_20240708	2024-07-08	180	49	15	0.00000000000000000	0.53702730163740919	0.72556126527876652	0.65106277383541189	SESSION	false
af0b7f804a8d8337572d6a4a6f2ddcb426defb1f4d5f28ed0fde54882050d00c	a2b3facd10cee4f0909891958654ec1a86b2615c602c30a726ea3c4bf4706c18	OBSOPEN_US30_20240708	2024-07-08	180	49	16	0.00000000000000000	0.53776487799155581	0.74204387462382382	0.66476071232084721	SESSION	false
af0b7f804a8d8337572d6a4a6f2ddcb426defb1f4d5f28ed0fde54882050d00c	a2b3facd10cee4f0909891958654ec1a86b2615c602c30a726ea3c4bf4706c18	OBSOPEN_US30_20240708	2024-07-08	180	49	17	0.00000000000000000	0.53923960685686589	0.78873397389180666	0.72906896589503067	SESSION	false
af0b7f804a8d8337572d6a4a6f2ddcb426defb1f4d5f28ed0fde54882050d00c	a2b3facd10cee4f0909891958654ec1a86b2615c602c30a726ea3c4bf4706c18	OBSOPEN_US30_20240708	2024-07-08	180	49	18	0.00000000000000000	0.53997675364962783	0.82829915403169585	0.76332182609573707	SESSION	false
af0b7f804a8d8337572d6a4a6f2ddcb426defb1f4d5f28ed0fde54882050d00c	a2b3facd10cee4f0909891958654ec1a86b2615c602c30a726ea3c4bf4706c18	OBSOPEN_US30_20240708	2024-07-08	180	49	19	0.00000000000000000	0.54071375153964718	0.82345094263232577	0.74738962996466296	SESSION	false
af0b7f804a8d8337572d6a4a6f2ddcb426defb1f4d5f28ed0fde54882050d00c	a2b3facd10cee4f0909891958654ec1a86b2615c602c30a726ea3c4bf4706c18	OBSOPEN_US30_20240708	2024-07-08	180	49	20	0.00000000000000000	0.53997675364962783	0.80012241438003362	0.72330992528125337	SESSION	false
af0b7f804a8d8337572d6a4a6f2ddcb426defb1f4d5f28ed0fde54882050d00c	a2b3facd10cee4f0909891958654ec1a86b2615c602c30a726ea3c4bf4706c18	OBSOPEN_US30_20240708	2024-07-08	180	49	21	0.00000000000000000	0.53702730163740919	0.77291470577624333	0.68641616554097440	SESSION	false
af0b7f804a8d8337572d6a4a6f2ddcb426defb1f4d5f28ed0fde54882050d00c	a2b3facd10cee4f0909891958654ec1a86b2615c602c30a726ea3c4bf4706c18	OBSOPEN_US30_20240708	2024-07-08	180	49	22	0.00000000000000000	0.53555173939429335	0.74091805858983717	0.64700647204569162	SESSION	false
af0b7f804a8d8337572d6a4a6f2ddcb426defb1f4d5f28ed0fde54882050d00c	a2b3facd10cee4f0909891958654ec1a86b2615c602c30a726ea3c4bf4706c18	OBSOPEN_US30_20240708	2024-07-08	180	49	23	0.00000000000000000	0.53555173939429335	0.74549777653445759	0.65644484209129017	SESSION	false
af0b7f804a8d8337572d6a4a6f2ddcb426defb1f4d5f28ed0fde54882050d00c	a2b3facd10cee4f0909891958654ec1a86b2615c602c30a726ea3c4bf4706c18	OBSOPEN_US30_20240708	2024-07-08	180	49	24	0.00000000000000000	0.53481375923329733	0.77910275326102896	0.68622660268178581	SESSION	false
af0b7f804a8d8337572d6a4a6f2ddcb426defb1f4d5f28ed0fde54882050d00c	a2b3facd10cee4f0909891958654ec1a86b2615c602c30a726ea3c4bf4706c18	OBSOPEN_US30_20240708	2024-07-08	180	49	25	0.00000000000000000	0.53702730163740919	0.80303974633924302	0.71355112000197629	SESSION	false
af0b7f804a8d8337572d6a4a6f2ddcb426defb1f4d5f28ed0fde54882050d00c	a2b3facd10cee4f0909891958654ec1a86b2615c602c30a726ea3c4bf4706c18	OBSOPEN_US30_20240708	2024-07-08	180	49	26	0.00000000000000000	0.53481375923329733	0.76529552539422596	0.66853473377542805	SESSION	false
af0b7f804a8d8337572d6a4a6f2ddcb426defb1f4d5f28ed0fde54882050d00c	a2b3facd10cee4f0909891958654ec1a86b2615c602c30a726ea3c4bf4706c18	OBSOPEN_US30_20240708	2024-07-08	180	49	27	0.00000000000000000	0.53407565020052150	0.72339981214072213	0.62328921941097115	SESSION	false
af0b7f804a8d8337572d6a4a6f2ddcb426defb1f4d5f28ed0fde54882050d00c	a2b3facd10cee4f0909891958654ec1a86b2615c602c30a726ea3c4bf4706c18	OBSOPEN_US30_20240708	2024-07-08	180	49	28	1.00000000000000000	0.53481375923329733	0.67167930509953233	0.58202836970838490	SESSION	false
af0b7f804a8d8337572d6a4a6f2ddcb426defb1f4d5f28ed0fde54882050d00c	a2b3facd10cee4f0909891958654ec1a86b2615c602c30a726ea3c4bf4706c18	OBSOPEN_US30_20240708	2024-07-08	180	49	29	1.00000000000000000	0.53407565020052150	0.69060078038298522	0.60251879127118602	SESSION	false
af0b7f804a8d8337572d6a4a6f2ddcb426defb1f4d5f28ed0fde54882050d00c	a2b3facd10cee4f0909891958654ec1a86b2615c602c30a726ea3c4bf4706c18	OBSOPEN_US30_20240708	2024-07-08	180	49	30	0.00000000000000000	0.53407565020052150	0.70093161528036263	0.60603816282110623	SESSION	false
af0b7f804a8d8337572d6a4a6f2ddcb426defb1f4d5f28ed0fde54882050d00c	a2b3facd10cee4f0909891958654ec1a86b2615c602c30a726ea3c4bf4706c18	OBSOPEN_US30_20240709	2024-07-09	180	50	1	0.00000000000000000	0.53677039834323015	0.50832660996787060	0.53844333537448685	SESSION	false
af0b7f804a8d8337572d6a4a6f2ddcb426defb1f4d5f28ed0fde54882050d00c	a2b3facd10cee4f0909891958654ec1a86b2615c602c30a726ea3c4bf4706c18	OBSOPEN_US30_20240709	2024-07-09	180	50	2	0.00000000000000000	0.53702730163740919	0.47658232138917628	0.40398729103810366	SESSION	false
af0b7f804a8d8337572d6a4a6f2ddcb426defb1f4d5f28ed0fde54882050d00c	a2b3facd10cee4f0909891958654ec1a86b2615c602c30a726ea3c4bf4706c18	OBSOPEN_US30_20240709	2024-07-09	180	50	3	0.00000000000000000	0.53702730163740919	0.52447112699021536	0.59563833324054916	SESSION	false
af0b7f804a8d8337572d6a4a6f2ddcb426defb1f4d5f28ed0fde54882050d00c	a2b3facd10cee4f0909891958654ec1a86b2615c602c30a726ea3c4bf4706c18	OBSOPEN_US30_20240709	2024-07-09	180	50	4	0.00000000000000000	0.53628958781724945	0.55466325738053224	0.65769018783457323	SESSION	false
af0b7f804a8d8337572d6a4a6f2ddcb426defb1f4d5f28ed0fde54882050d00c	a2b3facd10cee4f0909891958654ec1a86b2615c602c30a726ea3c4bf4706c18	OBSOPEN_US30_20240709	2024-07-09	180	50	5	0.00000000000000000	0.53555173939429335	0.51184879648349457	0.51621934013795034	SESSION	false
af0b7f804a8d8337572d6a4a6f2ddcb426defb1f4d5f28ed0fde54882050d00c	a2b3facd10cee4f0909891958654ec1a86b2615c602c30a726ea3c4bf4706c18	OBSOPEN_US30_20240709	2024-07-09	180	50	6	0.00000000000000000	0.53555173939429335	0.52213419345497925	0.56454693927571975	SESSION	false
af0b7f804a8d8337572d6a4a6f2ddcb426defb1f4d5f28ed0fde54882050d00c	a2b3facd10cee4f0909891958654ec1a86b2615c602c30a726ea3c4bf4706c18	OBSOPEN_US30_20240709	2024-07-09	180	50	7	0.00000000000000000	0.53481375923329733	0.50306410542391444	0.46844711093075758	SESSION	false
af0b7f804a8d8337572d6a4a6f2ddcb426defb1f4d5f28ed0fde54882050d00c	a2b3facd10cee4f0909891958654ec1a86b2615c602c30a726ea3c4bf4706c18	OBSOPEN_US30_20240709	2024-07-09	180	50	8	0.00000000000000000	0.53923960685686589	0.46932880658937487	0.40579322213963964	SESSION	false
af0b7f804a8d8337572d6a4a6f2ddcb426defb1f4d5f28ed0fde54882050d00c	a2b3facd10cee4f0909891958654ec1a86b2615c602c30a726ea3c4bf4706c18	OBSOPEN_US30_20240709	2024-07-09	180	50	9	0.00000000000000000	0.53923960685686589	0.50998150955223187	0.55619327568963317	SESSION	false
af0b7f804a8d8337572d6a4a6f2ddcb426defb1f4d5f28ed0fde54882050d00c	a2b3facd10cee4f0909891958654ec1a86b2615c602c30a726ea3c4bf4706c18	OBSOPEN_US30_20240709	2024-07-09	180	50	10	0.00000000000000000	0.53702730163740919	0.47535613106993130	0.39870105189888183	SESSION	false
af0b7f804a8d8337572d6a4a6f2ddcb426defb1f4d5f28ed0fde54882050d00c	a2b3facd10cee4f0909891958654ec1a86b2615c602c30a726ea3c4bf4706c18	OBSOPEN_US30_20240709	2024-07-09	180	50	11	0.00000000000000000	0.53702730163740919	0.44299090524472134	0.34821689366977476	SESSION	false
af0b7f804a8d8337572d6a4a6f2ddcb426defb1f4d5f28ed0fde54882050d00c	a2b3facd10cee4f0909891958654ec1a86b2615c602c30a726ea3c4bf4706c18	OBSOPEN_US30_20240709	2024-07-09	180	50	12	0.00000000000000000	0.53702730163740919	0.42744437211437913	0.30972664825809104	SESSION	false
af0b7f804a8d8337572d6a4a6f2ddcb426defb1f4d5f28ed0fde54882050d00c	a2b3facd10cee4f0909891958654ec1a86b2615c602c30a726ea3c4bf4706c18	OBSOPEN_US30_20240709	2024-07-09	180	50	13	0.00000000000000000	0.53850231401805004	0.41851252444735038	0.30845365453601731	SESSION	false
af0b7f804a8d8337572d6a4a6f2ddcb426defb1f4d5f28ed0fde54882050d00c	a2b3facd10cee4f0909891958654ec1a86b2615c602c30a726ea3c4bf4706c18	OBSOPEN_US30_20240709	2024-07-09	180	50	14	0.00000000000000000	0.53850231401805004	0.41594465803885400	0.33110529297981117	SESSION	false
af0b7f804a8d8337572d6a4a6f2ddcb426defb1f4d5f28ed0fde54882050d00c	a2b3facd10cee4f0909891958654ec1a86b2615c602c30a726ea3c4bf4706c18	OBSOPEN_US30_20240709	2024-07-09	180	50	15	0.00000000000000000	0.53702730163740919	0.39862046167208331	0.30632130828046045	SESSION	false
af0b7f804a8d8337572d6a4a6f2ddcb426defb1f4d5f28ed0fde54882050d00c	a2b3facd10cee4f0909891958654ec1a86b2615c602c30a726ea3c4bf4706c18	OBSOPEN_US30_20240709	2024-07-09	180	50	16	0.00000000000000000	0.53776487799155581	0.39327378200782226	0.29924539830071722	SESSION	false
af0b7f804a8d8337572d6a4a6f2ddcb426defb1f4d5f28ed0fde54882050d00c	a2b3facd10cee4f0909891958654ec1a86b2615c602c30a726ea3c4bf4706c18	OBSOPEN_US30_20240709	2024-07-09	180	50	17	0.00000000000000000	0.53923960685686589	0.39946457952615638	0.32297687085159366	SESSION	false
af0b7f804a8d8337572d6a4a6f2ddcb426defb1f4d5f28ed0fde54882050d00c	a2b3facd10cee4f0909891958654ec1a86b2615c602c30a726ea3c4bf4706c18	OBSOPEN_US30_20240709	2024-07-09	180	50	18	0.00000000000000000	0.53997675364962783	0.43874326235577965	0.39176749363630325	SESSION	false
af0b7f804a8d8337572d6a4a6f2ddcb426defb1f4d5f28ed0fde54882050d00c	a2b3facd10cee4f0909891958654ec1a86b2615c602c30a726ea3c4bf4706c18	OBSOPEN_US30_20240709	2024-07-09	180	50	19	0.00000000000000000	0.54071375153964718	0.46949443611424452	0.43528578867437351	SESSION	false
af0b7f804a8d8337572d6a4a6f2ddcb426defb1f4d5f28ed0fde54882050d00c	a2b3facd10cee4f0909891958654ec1a86b2615c602c30a726ea3c4bf4706c18	OBSOPEN_US30_20240709	2024-07-09	180	50	20	0.00000000000000000	0.53997675364962783	0.45197989755137269	0.39850265818632680	SESSION	false
af0b7f804a8d8337572d6a4a6f2ddcb426defb1f4d5f28ed0fde54882050d00c	a2b3facd10cee4f0909891958654ec1a86b2615c602c30a726ea3c4bf4706c18	OBSOPEN_US30_20240709	2024-07-09	180	50	21	0.00000000000000000	0.53702730163740919	0.41944578181935938	0.34126198122276902	SESSION	false
af0b7f804a8d8337572d6a4a6f2ddcb426defb1f4d5f28ed0fde54882050d00c	a2b3facd10cee4f0909891958654ec1a86b2615c602c30a726ea3c4bf4706c18	OBSOPEN_US30_20240709	2024-07-09	180	50	22	0.00000000000000000	0.53555173939429335	0.41881296642821753	0.34127754387333697	SESSION	false
af0b7f804a8d8337572d6a4a6f2ddcb426defb1f4d5f28ed0fde54882050d00c	a2b3facd10cee4f0909891958654ec1a86b2615c602c30a726ea3c4bf4706c18	OBSOPEN_US30_20240709	2024-07-09	180	50	23	0.00000000000000000	0.53555173939429335	0.42339226044232348	0.34365136373528787	SESSION	false
af0b7f804a8d8337572d6a4a6f2ddcb426defb1f4d5f28ed0fde54882050d00c	a2b3facd10cee4f0909891958654ec1a86b2615c602c30a726ea3c4bf4706c18	OBSOPEN_US30_20240709	2024-07-09	180	50	24	0.00000000000000000	0.53481375923329733	0.40291454775754720	0.31202347099495426	SESSION	false
af0b7f804a8d8337572d6a4a6f2ddcb426defb1f4d5f28ed0fde54882050d00c	a2b3facd10cee4f0909891958654ec1a86b2615c602c30a726ea3c4bf4706c18	OBSOPEN_US30_20240709	2024-07-09	180	50	25	0.00000000000000000	0.53702730163740919	0.41297334008718906	0.34859980965103871	SESSION	false
af0b7f804a8d8337572d6a4a6f2ddcb426defb1f4d5f28ed0fde54882050d00c	a2b3facd10cee4f0909891958654ec1a86b2615c602c30a726ea3c4bf4706c18	OBSOPEN_US30_20240709	2024-07-09	180	50	26	0.00000000000000000	0.53481375923329733	0.40526649527069331	0.31943284925109328	SESSION	false
af0b7f804a8d8337572d6a4a6f2ddcb426defb1f4d5f28ed0fde54882050d00c	a2b3facd10cee4f0909891958654ec1a86b2615c602c30a726ea3c4bf4706c18	OBSOPEN_US30_20240709	2024-07-09	180	50	27	0.00000000000000000	0.53407565020052150	0.40525117688045048	0.32092524726510696	SESSION	false
af0b7f804a8d8337572d6a4a6f2ddcb426defb1f4d5f28ed0fde54882050d00c	a2b3facd10cee4f0909891958654ec1a86b2615c602c30a726ea3c4bf4706c18	OBSOPEN_US30_20240709	2024-07-09	180	50	28	0.00000000000000000	0.53481375923329733	0.37923962286788998	0.29052641115307121	SESSION	false
af0b7f804a8d8337572d6a4a6f2ddcb426defb1f4d5f28ed0fde54882050d00c	a2b3facd10cee4f0909891958654ec1a86b2615c602c30a726ea3c4bf4706c18	OBSOPEN_US30_20240709	2024-07-09	180	50	29	0.00000000000000000	0.53407565020052150	0.36786632000652408	0.28283882138240801	SESSION	false
af0b7f804a8d8337572d6a4a6f2ddcb426defb1f4d5f28ed0fde54882050d00c	a2b3facd10cee4f0909891958654ec1a86b2615c602c30a726ea3c4bf4706c18	OBSOPEN_US30_20240709	2024-07-09	180	50	30	0.00000000000000000	0.53407565020052150	0.36951214298187252	0.28819133781294598	SESSION	false
af0b7f804a8d8337572d6a4a6f2ddcb426defb1f4d5f28ed0fde54882050d00c	a2b3facd10cee4f0909891958654ec1a86b2615c602c30a726ea3c4bf4706c18	OBSOPEN_US30_20240710	2024-07-10	180	51	1	0.00000000000000000	0.53677039834323015	0.53332491661253023	0.63508304151617334	SESSION	false
af0b7f804a8d8337572d6a4a6f2ddcb426defb1f4d5f28ed0fde54882050d00c	a2b3facd10cee4f0909891958654ec1a86b2615c602c30a726ea3c4bf4706c18	OBSOPEN_US30_20240710	2024-07-10	180	51	2	0.00000000000000000	0.53702730163740919	0.52428788563052575	0.52691525275635853	SESSION	false
af0b7f804a8d8337572d6a4a6f2ddcb426defb1f4d5f28ed0fde54882050d00c	a2b3facd10cee4f0909891958654ec1a86b2615c602c30a726ea3c4bf4706c18	OBSOPEN_US30_20240710	2024-07-10	180	51	3	0.00000000000000000	0.53702730163740919	0.49596351721343468	0.44689005763533718	SESSION	false
af0b7f804a8d8337572d6a4a6f2ddcb426defb1f4d5f28ed0fde54882050d00c	a2b3facd10cee4f0909891958654ec1a86b2615c602c30a726ea3c4bf4706c18	OBSOPEN_US30_20240710	2024-07-10	180	51	4	0.00000000000000000	0.53628958781724945	0.53883288824890374	0.61185098003387528	SESSION	false
af0b7f804a8d8337572d6a4a6f2ddcb426defb1f4d5f28ed0fde54882050d00c	a2b3facd10cee4f0909891958654ec1a86b2615c602c30a726ea3c4bf4706c18	OBSOPEN_US30_20240710	2024-07-10	180	51	5	0.00000000000000000	0.53555173939429335	0.55554280747370566	0.59846838037724037	SESSION	false
af0b7f804a8d8337572d6a4a6f2ddcb426defb1f4d5f28ed0fde54882050d00c	a2b3facd10cee4f0909891958654ec1a86b2615c602c30a726ea3c4bf4706c18	OBSOPEN_US30_20240710	2024-07-10	180	51	6	0.00000000000000000	0.53555173939429335	0.54478999427897590	0.57161102874285930	SESSION	false
af0b7f804a8d8337572d6a4a6f2ddcb426defb1f4d5f28ed0fde54882050d00c	a2b3facd10cee4f0909891958654ec1a86b2615c602c30a726ea3c4bf4706c18	OBSOPEN_US30_20240710	2024-07-10	180	51	7	0.00000000000000000	0.53481375923329733	0.49690469454422870	0.44646048923965509	SESSION	false
af0b7f804a8d8337572d6a4a6f2ddcb426defb1f4d5f28ed0fde54882050d00c	a2b3facd10cee4f0909891958654ec1a86b2615c602c30a726ea3c4bf4706c18	OBSOPEN_US30_20240710	2024-07-10	180	51	8	0.00000000000000000	0.53923960685686589	0.51889070301034179	0.56244778096616344	SESSION	false
af0b7f804a8d8337572d6a4a6f2ddcb426defb1f4d5f28ed0fde54882050d00c	a2b3facd10cee4f0909891958654ec1a86b2615c602c30a726ea3c4bf4706c18	OBSOPEN_US30_20240710	2024-07-10	180	51	9	0.00000000000000000	0.53923960685686589	0.54433827241650945	0.59913518033345725	SESSION	false
af0b7f804a8d8337572d6a4a6f2ddcb426defb1f4d5f28ed0fde54882050d00c	a2b3facd10cee4f0909891958654ec1a86b2615c602c30a726ea3c4bf4706c18	OBSOPEN_US30_20240710	2024-07-10	180	51	10	0.00000000000000000	0.53702730163740919	0.51583205989138137	0.50525673414309924	SESSION	false
af0b7f804a8d8337572d6a4a6f2ddcb426defb1f4d5f28ed0fde54882050d00c	a2b3facd10cee4f0909891958654ec1a86b2615c602c30a726ea3c4bf4706c18	OBSOPEN_US30_20240710	2024-07-10	180	51	11	0.00000000000000000	0.53702730163740919	0.48202384645419394	0.42938325176614262	SESSION	false
af0b7f804a8d8337572d6a4a6f2ddcb426defb1f4d5f28ed0fde54882050d00c	a2b3facd10cee4f0909891958654ec1a86b2615c602c30a726ea3c4bf4706c18	OBSOPEN_US30_20240710	2024-07-10	180	51	12	0.00000000000000000	0.53702730163740919	0.49261099562251048	0.46064925828881181	SESSION	false
af0b7f804a8d8337572d6a4a6f2ddcb426defb1f4d5f28ed0fde54882050d00c	a2b3facd10cee4f0909891958654ec1a86b2615c602c30a726ea3c4bf4706c18	OBSOPEN_US30_20240710	2024-07-10	180	51	13	0.00000000000000000	0.53850231401805004	0.47267748078706068	0.40411199340020776	SESSION	false
af0b7f804a8d8337572d6a4a6f2ddcb426defb1f4d5f28ed0fde54882050d00c	a2b3facd10cee4f0909891958654ec1a86b2615c602c30a726ea3c4bf4706c18	OBSOPEN_US30_20240710	2024-07-10	180	51	14	0.00000000000000000	0.53850231401805004	0.44461420785324735	0.35449725022538825	SESSION	false
af0b7f804a8d8337572d6a4a6f2ddcb426defb1f4d5f28ed0fde54882050d00c	a2b3facd10cee4f0909891958654ec1a86b2615c602c30a726ea3c4bf4706c18	OBSOPEN_US30_20240710	2024-07-10	180	51	15	0.00000000000000000	0.53702730163740919	0.43824363421146928	0.35416470059238747	SESSION	false
af0b7f804a8d8337572d6a4a6f2ddcb426defb1f4d5f28ed0fde54882050d00c	a2b3facd10cee4f0909891958654ec1a86b2615c602c30a726ea3c4bf4706c18	OBSOPEN_US30_20240710	2024-07-10	180	51	16	0.00000000000000000	0.53776487799155581	0.46008301551975017	0.40018721734313439	SESSION	false
af0b7f804a8d8337572d6a4a6f2ddcb426defb1f4d5f28ed0fde54882050d00c	a2b3facd10cee4f0909891958654ec1a86b2615c602c30a726ea3c4bf4706c18	OBSOPEN_US30_20240710	2024-07-10	180	51	17	0.00000000000000000	0.53923960685686589	0.48755639965910119	0.45750329931377298	SESSION	false
af0b7f804a8d8337572d6a4a6f2ddcb426defb1f4d5f28ed0fde54882050d00c	a2b3facd10cee4f0909891958654ec1a86b2615c602c30a726ea3c4bf4706c18	OBSOPEN_US30_20240710	2024-07-10	180	51	18	0.00000000000000000	0.53997675364962783	0.52684323057969340	0.55294908345406446	SESSION	false
af0b7f804a8d8337572d6a4a6f2ddcb426defb1f4d5f28ed0fde54882050d00c	a2b3facd10cee4f0909891958654ec1a86b2615c602c30a726ea3c4bf4706c18	OBSOPEN_US30_20240710	2024-07-10	180	51	19	0.00000000000000000	0.54071375153964718	0.56272655131260008	0.61407907566631925	SESSION	false
af0b7f804a8d8337572d6a4a6f2ddcb426defb1f4d5f28ed0fde54882050d00c	a2b3facd10cee4f0909891958654ec1a86b2615c602c30a726ea3c4bf4706c18	OBSOPEN_US30_20240710	2024-07-10	180	51	20	0.00000000000000000	0.53997675364962783	0.53929828543034963	0.55871001261304620	SESSION	false
af0b7f804a8d8337572d6a4a6f2ddcb426defb1f4d5f28ed0fde54882050d00c	a2b3facd10cee4f0909891958654ec1a86b2615c602c30a726ea3c4bf4706c18	OBSOPEN_US30_20240710	2024-07-10	180	51	21	0.00000000000000000	0.53702730163740919	0.53748106132794515	0.56008921951655088	SESSION	false
af0b7f804a8d8337572d6a4a6f2ddcb426defb1f4d5f28ed0fde54882050d00c	a2b3facd10cee4f0909891958654ec1a86b2615c602c30a726ea3c4bf4706c18	OBSOPEN_US30_20240710	2024-07-10	180	51	22	0.00000000000000000	0.53555173939429335	0.54706178713693743	0.56673729309414500	SESSION	false
af0b7f804a8d8337572d6a4a6f2ddcb426defb1f4d5f28ed0fde54882050d00c	a2b3facd10cee4f0909891958654ec1a86b2615c602c30a726ea3c4bf4706c18	OBSOPEN_US30_20240710	2024-07-10	180	51	23	1.00000000000000000	0.53555173939429335	0.54481689397505106	0.55644228784676408	SESSION	false
af0b7f804a8d8337572d6a4a6f2ddcb426defb1f4d5f28ed0fde54882050d00c	a2b3facd10cee4f0909891958654ec1a86b2615c602c30a726ea3c4bf4706c18	OBSOPEN_US30_20240710	2024-07-10	180	51	24	0.00000000000000000	0.53481375923329733	0.51652779028597207	0.48930724023341154	SESSION	false
af0b7f804a8d8337572d6a4a6f2ddcb426defb1f4d5f28ed0fde54882050d00c	a2b3facd10cee4f0909891958654ec1a86b2615c602c30a726ea3c4bf4706c18	OBSOPEN_US30_20240710	2024-07-10	180	51	25	0.00000000000000000	0.53702730163740919	0.47095657091634635	0.40879797053058214	SESSION	false
af0b7f804a8d8337572d6a4a6f2ddcb426defb1f4d5f28ed0fde54882050d00c	a2b3facd10cee4f0909891958654ec1a86b2615c602c30a726ea3c4bf4706c18	OBSOPEN_US30_20240710	2024-07-10	180	51	26	0.00000000000000000	0.53481375923329733	0.46146172537528873	0.40040938790842862	SESSION	false
af0b7f804a8d8337572d6a4a6f2ddcb426defb1f4d5f28ed0fde54882050d00c	a2b3facd10cee4f0909891958654ec1a86b2615c602c30a726ea3c4bf4706c18	OBSOPEN_US30_20240710	2024-07-10	180	51	27	0.00000000000000000	0.53407565020052150	0.45855711271207039	0.38164053137799231	SESSION	false
af0b7f804a8d8337572d6a4a6f2ddcb426defb1f4d5f28ed0fde54882050d00c	a2b3facd10cee4f0909891958654ec1a86b2615c602c30a726ea3c4bf4706c18	OBSOPEN_US30_20240710	2024-07-10	180	51	28	0.00000000000000000	0.53481375923329733	0.45511957586413576	0.37906764636583673	SESSION	false
af0b7f804a8d8337572d6a4a6f2ddcb426defb1f4d5f28ed0fde54882050d00c	a2b3facd10cee4f0909891958654ec1a86b2615c602c30a726ea3c4bf4706c18	OBSOPEN_US30_20240710	2024-07-10	180	51	29	1.00000000000000000	0.53407565020052150	0.44639608575977036	0.36115824545727465	SESSION	false
af0b7f804a8d8337572d6a4a6f2ddcb426defb1f4d5f28ed0fde54882050d00c	a2b3facd10cee4f0909891958654ec1a86b2615c602c30a726ea3c4bf4706c18	OBSOPEN_US30_20240710	2024-07-10	180	51	30	1.00000000000000000	0.53407565020052150	0.45993596360864536	0.39082763299916745	SESSION	false
af0b7f804a8d8337572d6a4a6f2ddcb426defb1f4d5f28ed0fde54882050d00c	a2b3facd10cee4f0909891958654ec1a86b2615c602c30a726ea3c4bf4706c18	OBSOPEN_US30_20240715	2024-07-15	180	52	1	0.00000000000000000	0.53677039834323015	0.51211887259028532	0.54358503459645258	SESSION	false
af0b7f804a8d8337572d6a4a6f2ddcb426defb1f4d5f28ed0fde54882050d00c	a2b3facd10cee4f0909891958654ec1a86b2615c602c30a726ea3c4bf4706c18	OBSOPEN_US30_20240715	2024-07-15	180	52	2	0.00000000000000000	0.53702730163740919	0.52091761798000846	0.53799438437956770	SESSION	false
af0b7f804a8d8337572d6a4a6f2ddcb426defb1f4d5f28ed0fde54882050d00c	a2b3facd10cee4f0909891958654ec1a86b2615c602c30a726ea3c4bf4706c18	OBSOPEN_US30_20240715	2024-07-15	180	52	3	0.00000000000000000	0.53702730163740919	0.51108788073914058	0.46499016253641945	SESSION	false
af0b7f804a8d8337572d6a4a6f2ddcb426defb1f4d5f28ed0fde54882050d00c	a2b3facd10cee4f0909891958654ec1a86b2615c602c30a726ea3c4bf4706c18	OBSOPEN_US30_20240715	2024-07-15	180	52	4	0.00000000000000000	0.53628958781724945	0.44454644460956577	0.34096044534162784	SESSION	false
af0b7f804a8d8337572d6a4a6f2ddcb426defb1f4d5f28ed0fde54882050d00c	a2b3facd10cee4f0909891958654ec1a86b2615c602c30a726ea3c4bf4706c18	OBSOPEN_US30_20240715	2024-07-15	180	52	5	0.00000000000000000	0.53555173939429335	0.46670025892226352	0.41546290492631210	SESSION	false
af0b7f804a8d8337572d6a4a6f2ddcb426defb1f4d5f28ed0fde54882050d00c	a2b3facd10cee4f0909891958654ec1a86b2615c602c30a726ea3c4bf4706c18	OBSOPEN_US30_20240715	2024-07-15	180	52	6	0.00000000000000000	0.53555173939429335	0.53147730874243060	0.51327848169682633	SESSION	false
af0b7f804a8d8337572d6a4a6f2ddcb426defb1f4d5f28ed0fde54882050d00c	a2b3facd10cee4f0909891958654ec1a86b2615c602c30a726ea3c4bf4706c18	OBSOPEN_US30_20240715	2024-07-15	180	52	7	0.00000000000000000	0.53481375923329733	0.54600972568864181	0.57122247713501551	SESSION	false
af0b7f804a8d8337572d6a4a6f2ddcb426defb1f4d5f28ed0fde54882050d00c	a2b3facd10cee4f0909891958654ec1a86b2615c602c30a726ea3c4bf4706c18	OBSOPEN_US30_20240715	2024-07-15	180	52	8	0.00000000000000000	0.53923960685686589	0.55901876386579674	0.57182153831589777	SESSION	false
af0b7f804a8d8337572d6a4a6f2ddcb426defb1f4d5f28ed0fde54882050d00c	a2b3facd10cee4f0909891958654ec1a86b2615c602c30a726ea3c4bf4706c18	OBSOPEN_US30_20240715	2024-07-15	180	52	9	0.00000000000000000	0.53923960685686589	0.55407311427144101	0.58965576881443749	SESSION	false
af0b7f804a8d8337572d6a4a6f2ddcb426defb1f4d5f28ed0fde54882050d00c	a2b3facd10cee4f0909891958654ec1a86b2615c602c30a726ea3c4bf4706c18	OBSOPEN_US30_20240715	2024-07-15	180	52	10	0.00000000000000000	0.53702730163740919	0.59846043470954491	0.64849652836272165	SESSION	false
af0b7f804a8d8337572d6a4a6f2ddcb426defb1f4d5f28ed0fde54882050d00c	a2b3facd10cee4f0909891958654ec1a86b2615c602c30a726ea3c4bf4706c18	OBSOPEN_US30_20240715	2024-07-15	180	52	11	0.00000000000000000	0.53702730163740919	0.53178052067631221	0.51089384564550555	SESSION	false
af0b7f804a8d8337572d6a4a6f2ddcb426defb1f4d5f28ed0fde54882050d00c	a2b3facd10cee4f0909891958654ec1a86b2615c602c30a726ea3c4bf4706c18	OBSOPEN_US30_20240715	2024-07-15	180	52	12	0.00000000000000000	0.53702730163740919	0.47033178595863212	0.40343332292134571	SESSION	false
af0b7f804a8d8337572d6a4a6f2ddcb426defb1f4d5f28ed0fde54882050d00c	a2b3facd10cee4f0909891958654ec1a86b2615c602c30a726ea3c4bf4706c18	OBSOPEN_US30_20240715	2024-07-15	180	52	13	0.00000000000000000	0.53850231401805004	0.42827297491224031	0.33783037606703403	SESSION	false
af0b7f804a8d8337572d6a4a6f2ddcb426defb1f4d5f28ed0fde54882050d00c	a2b3facd10cee4f0909891958654ec1a86b2615c602c30a726ea3c4bf4706c18	OBSOPEN_US30_20240715	2024-07-15	180	52	14	0.00000000000000000	0.53850231401805004	0.41095680293147729	0.31724764237084002	SESSION	false
af0b7f804a8d8337572d6a4a6f2ddcb426defb1f4d5f28ed0fde54882050d00c	a2b3facd10cee4f0909891958654ec1a86b2615c602c30a726ea3c4bf4706c18	OBSOPEN_US30_20240715	2024-07-15	180	52	15	0.00000000000000000	0.53702730163740919	0.45406218288674821	0.41640925901437370	SESSION	false
af0b7f804a8d8337572d6a4a6f2ddcb426defb1f4d5f28ed0fde54882050d00c	a2b3facd10cee4f0909891958654ec1a86b2615c602c30a726ea3c4bf4706c18	OBSOPEN_US30_20240715	2024-07-15	180	52	16	0.00000000000000000	0.53776487799155581	0.44918510890017166	0.38309566316814669	SESSION	false
af0b7f804a8d8337572d6a4a6f2ddcb426defb1f4d5f28ed0fde54882050d00c	a2b3facd10cee4f0909891958654ec1a86b2615c602c30a726ea3c4bf4706c18	OBSOPEN_US30_20240715	2024-07-15	180	52	17	0.00000000000000000	0.53923960685686589	0.42896083623201353	0.36342378398419423	SESSION	false
af0b7f804a8d8337572d6a4a6f2ddcb426defb1f4d5f28ed0fde54882050d00c	a2b3facd10cee4f0909891958654ec1a86b2615c602c30a726ea3c4bf4706c18	OBSOPEN_US30_20240715	2024-07-15	180	52	18	0.00000000000000000	0.53997675364962783	0.42399511225467440	0.35049904621623124	SESSION	false
af0b7f804a8d8337572d6a4a6f2ddcb426defb1f4d5f28ed0fde54882050d00c	a2b3facd10cee4f0909891958654ec1a86b2615c602c30a726ea3c4bf4706c18	OBSOPEN_US30_20240715	2024-07-15	180	52	19	0.00000000000000000	0.54071375153964718	0.42592733031358920	0.38114614277107411	SESSION	false
af0b7f804a8d8337572d6a4a6f2ddcb426defb1f4d5f28ed0fde54882050d00c	a2b3facd10cee4f0909891958654ec1a86b2615c602c30a726ea3c4bf4706c18	OBSOPEN_US30_20240715	2024-07-15	180	52	20	0.00000000000000000	0.53997675364962783	0.44795124266917274	0.40390907049336111	SESSION	false
af0b7f804a8d8337572d6a4a6f2ddcb426defb1f4d5f28ed0fde54882050d00c	a2b3facd10cee4f0909891958654ec1a86b2615c602c30a726ea3c4bf4706c18	OBSOPEN_US30_20240715	2024-07-15	180	52	21	0.00000000000000000	0.53702730163740919	0.40247837397052416	0.33611635908694715	SESSION	false
af0b7f804a8d8337572d6a4a6f2ddcb426defb1f4d5f28ed0fde54882050d00c	a2b3facd10cee4f0909891958654ec1a86b2615c602c30a726ea3c4bf4706c18	OBSOPEN_US30_20240715	2024-07-15	180	52	22	1.00000000000000000	0.53555173939429335	0.38304559663444487	0.32274773004873086	SESSION	false
af0b7f804a8d8337572d6a4a6f2ddcb426defb1f4d5f28ed0fde54882050d00c	a2b3facd10cee4f0909891958654ec1a86b2615c602c30a726ea3c4bf4706c18	OBSOPEN_US30_20240715	2024-07-15	180	52	23	0.00000000000000000	0.53555173939429335	0.37145613497852381	0.30323602235270880	SESSION	false
af0b7f804a8d8337572d6a4a6f2ddcb426defb1f4d5f28ed0fde54882050d00c	a2b3facd10cee4f0909891958654ec1a86b2615c602c30a726ea3c4bf4706c18	OBSOPEN_US30_20240715	2024-07-15	180	52	24	1.00000000000000000	0.53481375923329733	0.37810572197493314	0.31007145626806726	SESSION	false
af0b7f804a8d8337572d6a4a6f2ddcb426defb1f4d5f28ed0fde54882050d00c	a2b3facd10cee4f0909891958654ec1a86b2615c602c30a726ea3c4bf4706c18	OBSOPEN_US30_20240715	2024-07-15	180	52	25	1.00000000000000000	0.53702730163740919	0.37085285470389301	0.30910011610711735	SESSION	false
af0b7f804a8d8337572d6a4a6f2ddcb426defb1f4d5f28ed0fde54882050d00c	a2b3facd10cee4f0909891958654ec1a86b2615c602c30a726ea3c4bf4706c18	OBSOPEN_US30_20240715	2024-07-15	180	52	26	1.00000000000000000	0.53481375923329733	0.36209390998641056	0.30153590210527997	SESSION	false
af0b7f804a8d8337572d6a4a6f2ddcb426defb1f4d5f28ed0fde54882050d00c	a2b3facd10cee4f0909891958654ec1a86b2615c602c30a726ea3c4bf4706c18	OBSOPEN_US30_20240715	2024-07-15	180	52	27	1.00000000000000000	0.53407565020052150	0.36338259905179360	0.30079452835960802	SESSION	false
af0b7f804a8d8337572d6a4a6f2ddcb426defb1f4d5f28ed0fde54882050d00c	a2b3facd10cee4f0909891958654ec1a86b2615c602c30a726ea3c4bf4706c18	OBSOPEN_US30_20240715	2024-07-15	180	52	28	1.00000000000000000	0.53481375923329733	0.35541213581960701	0.29168088771097989	SESSION	false
af0b7f804a8d8337572d6a4a6f2ddcb426defb1f4d5f28ed0fde54882050d00c	a2b3facd10cee4f0909891958654ec1a86b2615c602c30a726ea3c4bf4706c18	OBSOPEN_US30_20240715	2024-07-15	180	52	29	1.00000000000000000	0.53407565020052150	0.36234264668019733	0.30477273656242010	SESSION	false
af0b7f804a8d8337572d6a4a6f2ddcb426defb1f4d5f28ed0fde54882050d00c	a2b3facd10cee4f0909891958654ec1a86b2615c602c30a726ea3c4bf4706c18	OBSOPEN_US30_20240715	2024-07-15	180	52	30	1.00000000000000000	0.53407565020052150	0.37244325051675164	0.30772056211402421	SESSION	false
af0b7f804a8d8337572d6a4a6f2ddcb426defb1f4d5f28ed0fde54882050d00c	a2b3facd10cee4f0909891958654ec1a86b2615c602c30a726ea3c4bf4706c18	OBSOPEN_US30_20240718	2024-07-18	180	53	1	1.00000000000000000	0.53677039834323015	0.48545516238621650	0.45902816982637867	SESSION	false
af0b7f804a8d8337572d6a4a6f2ddcb426defb1f4d5f28ed0fde54882050d00c	a2b3facd10cee4f0909891958654ec1a86b2615c602c30a726ea3c4bf4706c18	OBSOPEN_US30_20240718	2024-07-18	180	53	2	1.00000000000000000	0.53702730163740919	0.51975748461825444	0.57956163384558379	SESSION	false
af0b7f804a8d8337572d6a4a6f2ddcb426defb1f4d5f28ed0fde54882050d00c	a2b3facd10cee4f0909891958654ec1a86b2615c602c30a726ea3c4bf4706c18	OBSOPEN_US30_20240718	2024-07-18	180	53	3	1.00000000000000000	0.53702730163740919	0.58173365660389476	0.66066136103749529	SESSION	false
af0b7f804a8d8337572d6a4a6f2ddcb426defb1f4d5f28ed0fde54882050d00c	a2b3facd10cee4f0909891958654ec1a86b2615c602c30a726ea3c4bf4706c18	OBSOPEN_US30_20240718	2024-07-18	180	53	4	1.00000000000000000	0.53628958781724945	0.61720266098158805	0.71577433545982427	SESSION	false
af0b7f804a8d8337572d6a4a6f2ddcb426defb1f4d5f28ed0fde54882050d00c	a2b3facd10cee4f0909891958654ec1a86b2615c602c30a726ea3c4bf4706c18	OBSOPEN_US30_20240718	2024-07-18	180	53	5	1.00000000000000000	0.53555173939429335	0.65731644807754341	0.69936319744589237	SESSION	false
af0b7f804a8d8337572d6a4a6f2ddcb426defb1f4d5f28ed0fde54882050d00c	a2b3facd10cee4f0909891958654ec1a86b2615c602c30a726ea3c4bf4706c18	OBSOPEN_US30_20240718	2024-07-18	180	53	6	1.00000000000000000	0.53555173939429335	0.65498760845085924	0.68707720493996105	SESSION	false
af0b7f804a8d8337572d6a4a6f2ddcb426defb1f4d5f28ed0fde54882050d00c	a2b3facd10cee4f0909891958654ec1a86b2615c602c30a726ea3c4bf4706c18	OBSOPEN_US30_20240718	2024-07-18	180	53	7	1.00000000000000000	0.53481375923329733	0.66661999489071955	0.70337048820864978	SESSION	false
af0b7f804a8d8337572d6a4a6f2ddcb426defb1f4d5f28ed0fde54882050d00c	a2b3facd10cee4f0909891958654ec1a86b2615c602c30a726ea3c4bf4706c18	OBSOPEN_US30_20240718	2024-07-18	180	53	8	1.00000000000000000	0.53923960685686589	0.68159751505562660	0.73096260875220520	SESSION	false
af0b7f804a8d8337572d6a4a6f2ddcb426defb1f4d5f28ed0fde54882050d00c	a2b3facd10cee4f0909891958654ec1a86b2615c602c30a726ea3c4bf4706c18	OBSOPEN_US30_20240718	2024-07-18	180	53	9	1.00000000000000000	0.53923960685686589	0.70972430725123814	0.72717975629081177	SESSION	false
af0b7f804a8d8337572d6a4a6f2ddcb426defb1f4d5f28ed0fde54882050d00c	a2b3facd10cee4f0909891958654ec1a86b2615c602c30a726ea3c4bf4706c18	OBSOPEN_US30_20240718	2024-07-18	180	53	10	1.00000000000000000	0.53702730163740919	0.73864398667811004	0.74063723637131007	SESSION	false
af0b7f804a8d8337572d6a4a6f2ddcb426defb1f4d5f28ed0fde54882050d00c	a2b3facd10cee4f0909891958654ec1a86b2615c602c30a726ea3c4bf4706c18	OBSOPEN_US30_20240718	2024-07-18	180	53	11	1.00000000000000000	0.53702730163740919	0.77372115707106603	0.73560032201778136	SESSION	false
af0b7f804a8d8337572d6a4a6f2ddcb426defb1f4d5f28ed0fde54882050d00c	a2b3facd10cee4f0909891958654ec1a86b2615c602c30a726ea3c4bf4706c18	OBSOPEN_US30_20240718	2024-07-18	180	53	12	1.00000000000000000	0.53702730163740919	0.77186591587831754	0.71851617224055075	SESSION	false
af0b7f804a8d8337572d6a4a6f2ddcb426defb1f4d5f28ed0fde54882050d00c	a2b3facd10cee4f0909891958654ec1a86b2615c602c30a726ea3c4bf4706c18	OBSOPEN_US30_20240718	2024-07-18	180	53	13	1.00000000000000000	0.53850231401805004	0.77258416664033880	0.73441050677823871	SESSION	false
af0b7f804a8d8337572d6a4a6f2ddcb426defb1f4d5f28ed0fde54882050d00c	a2b3facd10cee4f0909891958654ec1a86b2615c602c30a726ea3c4bf4706c18	OBSOPEN_US30_20240718	2024-07-18	180	53	14	1.00000000000000000	0.53850231401805004	0.79195824357645106	0.74440114675154712	SESSION	false
af0b7f804a8d8337572d6a4a6f2ddcb426defb1f4d5f28ed0fde54882050d00c	a2b3facd10cee4f0909891958654ec1a86b2615c602c30a726ea3c4bf4706c18	OBSOPEN_US30_20240718	2024-07-18	180	53	15	1.00000000000000000	0.53702730163740919	0.81163942625693419	0.74554552938582519	SESSION	false
af0b7f804a8d8337572d6a4a6f2ddcb426defb1f4d5f28ed0fde54882050d00c	a2b3facd10cee4f0909891958654ec1a86b2615c602c30a726ea3c4bf4706c18	OBSOPEN_US30_20240718	2024-07-18	180	53	16	1.00000000000000000	0.53776487799155581	0.81669492655920162	0.75083768804324480	SESSION	false
af0b7f804a8d8337572d6a4a6f2ddcb426defb1f4d5f28ed0fde54882050d00c	a2b3facd10cee4f0909891958654ec1a86b2615c602c30a726ea3c4bf4706c18	OBSOPEN_US30_20240718	2024-07-18	180	53	17	1.00000000000000000	0.53923960685686589	0.79638502387755949	0.73168655897225543	SESSION	false
af0b7f804a8d8337572d6a4a6f2ddcb426defb1f4d5f28ed0fde54882050d00c	a2b3facd10cee4f0909891958654ec1a86b2615c602c30a726ea3c4bf4706c18	OBSOPEN_US30_20240718	2024-07-18	180	53	18	1.00000000000000000	0.53997675364962783	0.76553804843275830	0.70798783363713047	SESSION	false
af0b7f804a8d8337572d6a4a6f2ddcb426defb1f4d5f28ed0fde54882050d00c	a2b3facd10cee4f0909891958654ec1a86b2615c602c30a726ea3c4bf4706c18	OBSOPEN_US30_20240718	2024-07-18	180	53	19	1.00000000000000000	0.54071375153964718	0.74676687184295898	0.68680328200825091	SESSION	false
af0b7f804a8d8337572d6a4a6f2ddcb426defb1f4d5f28ed0fde54882050d00c	a2b3facd10cee4f0909891958654ec1a86b2615c602c30a726ea3c4bf4706c18	OBSOPEN_US30_20240718	2024-07-18	180	53	20	1.00000000000000000	0.53997675364962783	0.75455243405848227	0.70077113179777617	SESSION	false
af0b7f804a8d8337572d6a4a6f2ddcb426defb1f4d5f28ed0fde54882050d00c	a2b3facd10cee4f0909891958654ec1a86b2615c602c30a726ea3c4bf4706c18	OBSOPEN_US30_20240718	2024-07-18	180	53	21	1.00000000000000000	0.53702730163740919	0.74409612802967928	0.67707177900725835	SESSION	false
af0b7f804a8d8337572d6a4a6f2ddcb426defb1f4d5f28ed0fde54882050d00c	a2b3facd10cee4f0909891958654ec1a86b2615c602c30a726ea3c4bf4706c18	OBSOPEN_US30_20240718	2024-07-18	180	53	22	1.00000000000000000	0.53555173939429335	0.72067202042132306	0.64411947786552592	SESSION	false
af0b7f804a8d8337572d6a4a6f2ddcb426defb1f4d5f28ed0fde54882050d00c	a2b3facd10cee4f0909891958654ec1a86b2615c602c30a726ea3c4bf4706c18	OBSOPEN_US30_20240718	2024-07-18	180	53	23	1.00000000000000000	0.53555173939429335	0.77573159690013616	0.71677984874619449	SESSION	false
af0b7f804a8d8337572d6a4a6f2ddcb426defb1f4d5f28ed0fde54882050d00c	a2b3facd10cee4f0909891958654ec1a86b2615c602c30a726ea3c4bf4706c18	OBSOPEN_US30_20240718	2024-07-18	180	53	24	1.00000000000000000	0.53481375923329733	0.81355053977605674	0.72735622931228117	SESSION	false
af0b7f804a8d8337572d6a4a6f2ddcb426defb1f4d5f28ed0fde54882050d00c	a2b3facd10cee4f0909891958654ec1a86b2615c602c30a726ea3c4bf4706c18	OBSOPEN_US30_20240718	2024-07-18	180	53	25	1.00000000000000000	0.53702730163740919	0.81446409561074951	0.73591726416048031	SESSION	false
af0b7f804a8d8337572d6a4a6f2ddcb426defb1f4d5f28ed0fde54882050d00c	a2b3facd10cee4f0909891958654ec1a86b2615c602c30a726ea3c4bf4706c18	OBSOPEN_US30_20240718	2024-07-18	180	53	26	1.00000000000000000	0.53481375923329733	0.78014859532903524	0.68932882794418682	SESSION	false
af0b7f804a8d8337572d6a4a6f2ddcb426defb1f4d5f28ed0fde54882050d00c	a2b3facd10cee4f0909891958654ec1a86b2615c602c30a726ea3c4bf4706c18	OBSOPEN_US30_20240718	2024-07-18	180	53	27	1.00000000000000000	0.53407565020052150	0.79327728422924559	0.71577424563226977	SESSION	false
af0b7f804a8d8337572d6a4a6f2ddcb426defb1f4d5f28ed0fde54882050d00c	a2b3facd10cee4f0909891958654ec1a86b2615c602c30a726ea3c4bf4706c18	OBSOPEN_US30_20240718	2024-07-18	180	53	28	1.00000000000000000	0.53481375923329733	0.83485058359386732	0.74389579447333909	SESSION	false
af0b7f804a8d8337572d6a4a6f2ddcb426defb1f4d5f28ed0fde54882050d00c	a2b3facd10cee4f0909891958654ec1a86b2615c602c30a726ea3c4bf4706c18	OBSOPEN_US30_20240718	2024-07-18	180	53	29	1.00000000000000000	0.53407565020052150	0.84745705274734195	0.73923669467293696	SESSION	false
af0b7f804a8d8337572d6a4a6f2ddcb426defb1f4d5f28ed0fde54882050d00c	a2b3facd10cee4f0909891958654ec1a86b2615c602c30a726ea3c4bf4706c18	OBSOPEN_US30_20240718	2024-07-18	180	53	30	1.00000000000000000	0.53407565020052150	0.85850980111744413	0.73928777836812820	SESSION	false
af0b7f804a8d8337572d6a4a6f2ddcb426defb1f4d5f28ed0fde54882050d00c	a2b3facd10cee4f0909891958654ec1a86b2615c602c30a726ea3c4bf4706c18	OBSOPEN_US30_20240723	2024-07-23	180	54	1	1.00000000000000000	0.53677039834323015	0.49483785239088318	0.45881889109925961	SESSION	false
af0b7f804a8d8337572d6a4a6f2ddcb426defb1f4d5f28ed0fde54882050d00c	a2b3facd10cee4f0909891958654ec1a86b2615c602c30a726ea3c4bf4706c18	OBSOPEN_US30_20240723	2024-07-23	180	54	2	1.00000000000000000	0.53702730163740919	0.44162448897934226	0.31286320996382594	SESSION	false
af0b7f804a8d8337572d6a4a6f2ddcb426defb1f4d5f28ed0fde54882050d00c	a2b3facd10cee4f0909891958654ec1a86b2615c602c30a726ea3c4bf4706c18	OBSOPEN_US30_20240723	2024-07-23	180	54	3	1.00000000000000000	0.53702730163740919	0.43743077268478259	0.33164582824708499	SESSION	false
af0b7f804a8d8337572d6a4a6f2ddcb426defb1f4d5f28ed0fde54882050d00c	a2b3facd10cee4f0909891958654ec1a86b2615c602c30a726ea3c4bf4706c18	OBSOPEN_US30_20240723	2024-07-23	180	54	4	1.00000000000000000	0.53628958781724945	0.42288923130514955	0.30641102692720579	SESSION	false
af0b7f804a8d8337572d6a4a6f2ddcb426defb1f4d5f28ed0fde54882050d00c	a2b3facd10cee4f0909891958654ec1a86b2615c602c30a726ea3c4bf4706c18	OBSOPEN_US30_20240723	2024-07-23	180	54	5	1.00000000000000000	0.53555173939429335	0.43302844649470146	0.33394547332711816	SESSION	false
af0b7f804a8d8337572d6a4a6f2ddcb426defb1f4d5f28ed0fde54882050d00c	a2b3facd10cee4f0909891958654ec1a86b2615c602c30a726ea3c4bf4706c18	OBSOPEN_US30_20240723	2024-07-23	180	54	6	1.00000000000000000	0.53555173939429335	0.43159641043849284	0.33972666515435712	SESSION	false
af0b7f804a8d8337572d6a4a6f2ddcb426defb1f4d5f28ed0fde54882050d00c	a2b3facd10cee4f0909891958654ec1a86b2615c602c30a726ea3c4bf4706c18	OBSOPEN_US30_20240723	2024-07-23	180	54	7	1.00000000000000000	0.53481375923329733	0.42307957246934158	0.34697644468362898	SESSION	false
af0b7f804a8d8337572d6a4a6f2ddcb426defb1f4d5f28ed0fde54882050d00c	a2b3facd10cee4f0909891958654ec1a86b2615c602c30a726ea3c4bf4706c18	OBSOPEN_US30_20240723	2024-07-23	180	54	8	1.00000000000000000	0.53923960685686589	0.47817338915566360	0.43813768867393255	SESSION	false
af0b7f804a8d8337572d6a4a6f2ddcb426defb1f4d5f28ed0fde54882050d00c	a2b3facd10cee4f0909891958654ec1a86b2615c602c30a726ea3c4bf4706c18	OBSOPEN_US30_20240723	2024-07-23	180	54	9	1.00000000000000000	0.53923960685686589	0.51526078724130808	0.49526749202868897	SESSION	false
af0b7f804a8d8337572d6a4a6f2ddcb426defb1f4d5f28ed0fde54882050d00c	a2b3facd10cee4f0909891958654ec1a86b2615c602c30a726ea3c4bf4706c18	OBSOPEN_US30_20240723	2024-07-23	180	54	10	1.00000000000000000	0.53702730163740919	0.56069740326793582	0.54942176966796052	SESSION	false
af0b7f804a8d8337572d6a4a6f2ddcb426defb1f4d5f28ed0fde54882050d00c	a2b3facd10cee4f0909891958654ec1a86b2615c602c30a726ea3c4bf4706c18	OBSOPEN_US30_20240723	2024-07-23	180	54	11	1.00000000000000000	0.53702730163740919	0.56806488281255774	0.55164708119175687	SESSION	false
af0b7f804a8d8337572d6a4a6f2ddcb426defb1f4d5f28ed0fde54882050d00c	a2b3facd10cee4f0909891958654ec1a86b2615c602c30a726ea3c4bf4706c18	OBSOPEN_US30_20240723	2024-07-23	180	54	12	1.00000000000000000	0.53702730163740919	0.55727975994374446	0.53633653099766410	SESSION	false
af0b7f804a8d8337572d6a4a6f2ddcb426defb1f4d5f28ed0fde54882050d00c	a2b3facd10cee4f0909891958654ec1a86b2615c602c30a726ea3c4bf4706c18	OBSOPEN_US30_20240723	2024-07-23	180	54	13	1.00000000000000000	0.53850231401805004	0.58741906112529485	0.61089792529322795	SESSION	false
af0b7f804a8d8337572d6a4a6f2ddcb426defb1f4d5f28ed0fde54882050d00c	a2b3facd10cee4f0909891958654ec1a86b2615c602c30a726ea3c4bf4706c18	OBSOPEN_US30_20240723	2024-07-23	180	54	14	1.00000000000000000	0.53850231401805004	0.59039398311049895	0.58899754279207206	SESSION	false
af0b7f804a8d8337572d6a4a6f2ddcb426defb1f4d5f28ed0fde54882050d00c	a2b3facd10cee4f0909891958654ec1a86b2615c602c30a726ea3c4bf4706c18	OBSOPEN_US30_20240723	2024-07-23	180	54	15	1.00000000000000000	0.53702730163740919	0.57282262517720584	0.56763083255241731	SESSION	false
af0b7f804a8d8337572d6a4a6f2ddcb426defb1f4d5f28ed0fde54882050d00c	a2b3facd10cee4f0909891958654ec1a86b2615c602c30a726ea3c4bf4706c18	OBSOPEN_US30_20240723	2024-07-23	180	54	16	1.00000000000000000	0.53776487799155581	0.54666581404108860	0.53010409830096339	SESSION	false
af0b7f804a8d8337572d6a4a6f2ddcb426defb1f4d5f28ed0fde54882050d00c	a2b3facd10cee4f0909891958654ec1a86b2615c602c30a726ea3c4bf4706c18	OBSOPEN_US30_20240723	2024-07-23	180	54	17	1.00000000000000000	0.53923960685686589	0.58505733677468774	0.61847846255799133	SESSION	false
af0b7f804a8d8337572d6a4a6f2ddcb426defb1f4d5f28ed0fde54882050d00c	a2b3facd10cee4f0909891958654ec1a86b2615c602c30a726ea3c4bf4706c18	OBSOPEN_US30_20240723	2024-07-23	180	54	18	1.00000000000000000	0.53997675364962783	0.62979370777656785	0.66535386482923276	SESSION	false
af0b7f804a8d8337572d6a4a6f2ddcb426defb1f4d5f28ed0fde54882050d00c	a2b3facd10cee4f0909891958654ec1a86b2615c602c30a726ea3c4bf4706c18	OBSOPEN_US30_20240723	2024-07-23	180	54	19	1.00000000000000000	0.54071375153964718	0.63125807453523919	0.67287206816170941	SESSION	false
af0b7f804a8d8337572d6a4a6f2ddcb426defb1f4d5f28ed0fde54882050d00c	a2b3facd10cee4f0909891958654ec1a86b2615c602c30a726ea3c4bf4706c18	OBSOPEN_US30_20240723	2024-07-23	180	54	20	0.00000000000000000	0.53997675364962783	0.61737947879077437	0.64214922031298993	SESSION	false
af0b7f804a8d8337572d6a4a6f2ddcb426defb1f4d5f28ed0fde54882050d00c	a2b3facd10cee4f0909891958654ec1a86b2615c602c30a726ea3c4bf4706c18	OBSOPEN_US30_20240723	2024-07-23	180	54	21	0.00000000000000000	0.53702730163740919	0.59678721016265102	0.61965225256586209	SESSION	false
af0b7f804a8d8337572d6a4a6f2ddcb426defb1f4d5f28ed0fde54882050d00c	a2b3facd10cee4f0909891958654ec1a86b2615c602c30a726ea3c4bf4706c18	OBSOPEN_US30_20240723	2024-07-23	180	54	22	0.00000000000000000	0.53555173939429335	0.60303920656402865	0.60629879304047363	SESSION	false
af0b7f804a8d8337572d6a4a6f2ddcb426defb1f4d5f28ed0fde54882050d00c	a2b3facd10cee4f0909891958654ec1a86b2615c602c30a726ea3c4bf4706c18	OBSOPEN_US30_20240723	2024-07-23	180	54	23	0.00000000000000000	0.53555173939429335	0.56336528131348795	0.54896996756636118	SESSION	false
af0b7f804a8d8337572d6a4a6f2ddcb426defb1f4d5f28ed0fde54882050d00c	a2b3facd10cee4f0909891958654ec1a86b2615c602c30a726ea3c4bf4706c18	OBSOPEN_US30_20240723	2024-07-23	180	54	24	0.00000000000000000	0.53481375923329733	0.50354869961108162	0.45177772745927169	SESSION	false
af0b7f804a8d8337572d6a4a6f2ddcb426defb1f4d5f28ed0fde54882050d00c	a2b3facd10cee4f0909891958654ec1a86b2615c602c30a726ea3c4bf4706c18	OBSOPEN_US30_20240723	2024-07-23	180	54	25	0.00000000000000000	0.53702730163740919	0.48198411234084582	0.43673167042190675	SESSION	false
af0b7f804a8d8337572d6a4a6f2ddcb426defb1f4d5f28ed0fde54882050d00c	a2b3facd10cee4f0909891958654ec1a86b2615c602c30a726ea3c4bf4706c18	OBSOPEN_US30_20240723	2024-07-23	180	54	26	0.00000000000000000	0.53481375923329733	0.50764473062274240	0.47702591683232948	SESSION	false
af0b7f804a8d8337572d6a4a6f2ddcb426defb1f4d5f28ed0fde54882050d00c	a2b3facd10cee4f0909891958654ec1a86b2615c602c30a726ea3c4bf4706c18	OBSOPEN_US30_20240723	2024-07-23	180	54	27	0.00000000000000000	0.53407565020052150	0.51609846475088017	0.47900694869007682	SESSION	false
af0b7f804a8d8337572d6a4a6f2ddcb426defb1f4d5f28ed0fde54882050d00c	a2b3facd10cee4f0909891958654ec1a86b2615c602c30a726ea3c4bf4706c18	OBSOPEN_US30_20240723	2024-07-23	180	54	28	0.00000000000000000	0.53481375923329733	0.53172304516156166	0.50291913480714712	SESSION	false
af0b7f804a8d8337572d6a4a6f2ddcb426defb1f4d5f28ed0fde54882050d00c	a2b3facd10cee4f0909891958654ec1a86b2615c602c30a726ea3c4bf4706c18	OBSOPEN_US30_20240723	2024-07-23	180	54	29	0.00000000000000000	0.53407565020052150	0.53681734337888742	0.50975754307399168	SESSION	false
af0b7f804a8d8337572d6a4a6f2ddcb426defb1f4d5f28ed0fde54882050d00c	a2b3facd10cee4f0909891958654ec1a86b2615c602c30a726ea3c4bf4706c18	OBSOPEN_US30_20240723	2024-07-23	180	54	30	0.00000000000000000	0.53407565020052150	0.53772093272840626	0.50385020406372916	SESSION	false
af0b7f804a8d8337572d6a4a6f2ddcb426defb1f4d5f28ed0fde54882050d00c	a2b3facd10cee4f0909891958654ec1a86b2615c602c30a726ea3c4bf4706c18	OBSOPEN_US30_20240729	2024-07-29	180	55	1	0.00000000000000000	0.53677039834323015	0.50510581596420245	0.47036341259937975	SESSION	false
af0b7f804a8d8337572d6a4a6f2ddcb426defb1f4d5f28ed0fde54882050d00c	a2b3facd10cee4f0909891958654ec1a86b2615c602c30a726ea3c4bf4706c18	OBSOPEN_US30_20240729	2024-07-29	180	55	2	0.00000000000000000	0.53702730163740919	0.42382458519932498	0.33235987611397683	SESSION	false
af0b7f804a8d8337572d6a4a6f2ddcb426defb1f4d5f28ed0fde54882050d00c	a2b3facd10cee4f0909891958654ec1a86b2615c602c30a726ea3c4bf4706c18	OBSOPEN_US30_20240729	2024-07-29	180	55	3	0.00000000000000000	0.53702730163740919	0.39687788020686160	0.32767756974072720	SESSION	false
af0b7f804a8d8337572d6a4a6f2ddcb426defb1f4d5f28ed0fde54882050d00c	a2b3facd10cee4f0909891958654ec1a86b2615c602c30a726ea3c4bf4706c18	OBSOPEN_US30_20240729	2024-07-29	180	55	4	0.00000000000000000	0.53628958781724945	0.38553254640243345	0.32042899409981135	SESSION	false
af0b7f804a8d8337572d6a4a6f2ddcb426defb1f4d5f28ed0fde54882050d00c	a2b3facd10cee4f0909891958654ec1a86b2615c602c30a726ea3c4bf4706c18	OBSOPEN_US30_20240729	2024-07-29	180	55	5	0.00000000000000000	0.53555173939429335	0.33318233883839199	0.27513906269804733	SESSION	false
af0b7f804a8d8337572d6a4a6f2ddcb426defb1f4d5f28ed0fde54882050d00c	a2b3facd10cee4f0909891958654ec1a86b2615c602c30a726ea3c4bf4706c18	OBSOPEN_US30_20240729	2024-07-29	180	55	6	0.00000000000000000	0.53555173939429335	0.31522199235557158	0.27333637374089309	SESSION	false
af0b7f804a8d8337572d6a4a6f2ddcb426defb1f4d5f28ed0fde54882050d00c	a2b3facd10cee4f0909891958654ec1a86b2615c602c30a726ea3c4bf4706c18	OBSOPEN_US30_20240729	2024-07-29	180	55	7	0.00000000000000000	0.53481375923329733	0.32691023817289511	0.29727587685006412	SESSION	false
af0b7f804a8d8337572d6a4a6f2ddcb426defb1f4d5f28ed0fde54882050d00c	a2b3facd10cee4f0909891958654ec1a86b2615c602c30a726ea3c4bf4706c18	OBSOPEN_US30_20240729	2024-07-29	180	55	8	0.00000000000000000	0.53923960685686589	0.32186922421271691	0.31025595644116821	SESSION	false
af0b7f804a8d8337572d6a4a6f2ddcb426defb1f4d5f28ed0fde54882050d00c	a2b3facd10cee4f0909891958654ec1a86b2615c602c30a726ea3c4bf4706c18	OBSOPEN_US30_20240729	2024-07-29	180	55	9	0.00000000000000000	0.53923960685686589	0.31924482321346986	0.31489849147276938	SESSION	false
af0b7f804a8d8337572d6a4a6f2ddcb426defb1f4d5f28ed0fde54882050d00c	a2b3facd10cee4f0909891958654ec1a86b2615c602c30a726ea3c4bf4706c18	OBSOPEN_US30_20240729	2024-07-29	180	55	10	0.00000000000000000	0.53702730163740919	0.34954976233988599	0.34179321899901827	SESSION	false
af0b7f804a8d8337572d6a4a6f2ddcb426defb1f4d5f28ed0fde54882050d00c	a2b3facd10cee4f0909891958654ec1a86b2615c602c30a726ea3c4bf4706c18	OBSOPEN_US30_20240729	2024-07-29	180	55	11	0.00000000000000000	0.53702730163740919	0.39933821418481930	0.37130736750414950	SESSION	false
af0b7f804a8d8337572d6a4a6f2ddcb426defb1f4d5f28ed0fde54882050d00c	a2b3facd10cee4f0909891958654ec1a86b2615c602c30a726ea3c4bf4706c18	OBSOPEN_US30_20240729	2024-07-29	180	55	12	0.00000000000000000	0.53702730163740919	0.44449316054307375	0.40612943771788379	SESSION	false
af0b7f804a8d8337572d6a4a6f2ddcb426defb1f4d5f28ed0fde54882050d00c	a2b3facd10cee4f0909891958654ec1a86b2615c602c30a726ea3c4bf4706c18	OBSOPEN_US30_20240729	2024-07-29	180	55	13	0.00000000000000000	0.53850231401805004	0.42486843003824182	0.39501553031715725	SESSION	false
af0b7f804a8d8337572d6a4a6f2ddcb426defb1f4d5f28ed0fde54882050d00c	a2b3facd10cee4f0909891958654ec1a86b2615c602c30a726ea3c4bf4706c18	OBSOPEN_US30_20240729	2024-07-29	180	55	14	0.00000000000000000	0.53850231401805004	0.39061700160583340	0.36949226580736394	SESSION	false
af0b7f804a8d8337572d6a4a6f2ddcb426defb1f4d5f28ed0fde54882050d00c	a2b3facd10cee4f0909891958654ec1a86b2615c602c30a726ea3c4bf4706c18	OBSOPEN_US30_20240729	2024-07-29	180	55	15	0.00000000000000000	0.53702730163740919	0.41618151869472658	0.38891783576108235	SESSION	false
af0b7f804a8d8337572d6a4a6f2ddcb426defb1f4d5f28ed0fde54882050d00c	a2b3facd10cee4f0909891958654ec1a86b2615c602c30a726ea3c4bf4706c18	OBSOPEN_US30_20240729	2024-07-29	180	55	16	0.00000000000000000	0.53776487799155581	0.50057117418835073	0.46116096810500529	SESSION	false
af0b7f804a8d8337572d6a4a6f2ddcb426defb1f4d5f28ed0fde54882050d00c	a2b3facd10cee4f0909891958654ec1a86b2615c602c30a726ea3c4bf4706c18	OBSOPEN_US30_20240729	2024-07-29	180	55	17	0.00000000000000000	0.53923960685686589	0.54538391876589321	0.48979526473159146	SESSION	false
af0b7f804a8d8337572d6a4a6f2ddcb426defb1f4d5f28ed0fde54882050d00c	a2b3facd10cee4f0909891958654ec1a86b2615c602c30a726ea3c4bf4706c18	OBSOPEN_US30_20240729	2024-07-29	180	55	18	0.00000000000000000	0.53997675364962783	0.55836638331427757	0.52420633439453312	SESSION	false
af0b7f804a8d8337572d6a4a6f2ddcb426defb1f4d5f28ed0fde54882050d00c	a2b3facd10cee4f0909891958654ec1a86b2615c602c30a726ea3c4bf4706c18	OBSOPEN_US30_20240729	2024-07-29	180	55	19	0.00000000000000000	0.54071375153964718	0.52986124074954932	0.48474495490042635	SESSION	false
af0b7f804a8d8337572d6a4a6f2ddcb426defb1f4d5f28ed0fde54882050d00c	a2b3facd10cee4f0909891958654ec1a86b2615c602c30a726ea3c4bf4706c18	OBSOPEN_US30_20240729	2024-07-29	180	55	20	0.00000000000000000	0.53997675364962783	0.45106080711544450	0.42969449438570784	SESSION	false
af0b7f804a8d8337572d6a4a6f2ddcb426defb1f4d5f28ed0fde54882050d00c	a2b3facd10cee4f0909891958654ec1a86b2615c602c30a726ea3c4bf4706c18	OBSOPEN_US30_20240729	2024-07-29	180	55	21	0.00000000000000000	0.53702730163740919	0.34366118718028543	0.33327010433018639	SESSION	false
af0b7f804a8d8337572d6a4a6f2ddcb426defb1f4d5f28ed0fde54882050d00c	a2b3facd10cee4f0909891958654ec1a86b2615c602c30a726ea3c4bf4706c18	OBSOPEN_US30_20240729	2024-07-29	180	55	22	0.00000000000000000	0.53555173939429335	0.30112684811148988	0.30269252451718065	SESSION	false
af0b7f804a8d8337572d6a4a6f2ddcb426defb1f4d5f28ed0fde54882050d00c	a2b3facd10cee4f0909891958654ec1a86b2615c602c30a726ea3c4bf4706c18	OBSOPEN_US30_20240729	2024-07-29	180	55	23	0.00000000000000000	0.53555173939429335	0.35357455550285982	0.34412665973240864	SESSION	false
af0b7f804a8d8337572d6a4a6f2ddcb426defb1f4d5f28ed0fde54882050d00c	a2b3facd10cee4f0909891958654ec1a86b2615c602c30a726ea3c4bf4706c18	OBSOPEN_US30_20240729	2024-07-29	180	55	24	0.00000000000000000	0.53481375923329733	0.37242115919120072	0.34601952936015778	SESSION	false
af0b7f804a8d8337572d6a4a6f2ddcb426defb1f4d5f28ed0fde54882050d00c	a2b3facd10cee4f0909891958654ec1a86b2615c602c30a726ea3c4bf4706c18	OBSOPEN_US30_20240729	2024-07-29	180	55	25	0.00000000000000000	0.53702730163740919	0.37527001554585737	0.36316731285677356	SESSION	false
af0b7f804a8d8337572d6a4a6f2ddcb426defb1f4d5f28ed0fde54882050d00c	a2b3facd10cee4f0909891958654ec1a86b2615c602c30a726ea3c4bf4706c18	OBSOPEN_US30_20240729	2024-07-29	180	55	26	0.00000000000000000	0.53481375923329733	0.42094505555281947	0.38802435272726143	SESSION	false
af0b7f804a8d8337572d6a4a6f2ddcb426defb1f4d5f28ed0fde54882050d00c	a2b3facd10cee4f0909891958654ec1a86b2615c602c30a726ea3c4bf4706c18	OBSOPEN_US30_20240729	2024-07-29	180	55	27	0.00000000000000000	0.53407565020052150	0.49853722118322197	0.44803780497699364	SESSION	false
af0b7f804a8d8337572d6a4a6f2ddcb426defb1f4d5f28ed0fde54882050d00c	a2b3facd10cee4f0909891958654ec1a86b2615c602c30a726ea3c4bf4706c18	OBSOPEN_US30_20240729	2024-07-29	180	55	28	0.00000000000000000	0.53481375923329733	0.53837233152619501	0.47383160351699605	SESSION	false
af0b7f804a8d8337572d6a4a6f2ddcb426defb1f4d5f28ed0fde54882050d00c	a2b3facd10cee4f0909891958654ec1a86b2615c602c30a726ea3c4bf4706c18	OBSOPEN_US30_20240729	2024-07-29	180	55	29	0.00000000000000000	0.53407565020052150	0.56770192402472375	0.48945004592410601	SESSION	false
af0b7f804a8d8337572d6a4a6f2ddcb426defb1f4d5f28ed0fde54882050d00c	a2b3facd10cee4f0909891958654ec1a86b2615c602c30a726ea3c4bf4706c18	OBSOPEN_US30_20240729	2024-07-29	180	55	30	0.00000000000000000	0.53407565020052150	0.58974199462772547	0.51007474985085988	SESSION	false
af0b7f804a8d8337572d6a4a6f2ddcb426defb1f4d5f28ed0fde54882050d00c	a2b3facd10cee4f0909891958654ec1a86b2615c602c30a726ea3c4bf4706c18	OBSOPEN_US30_20240805	2024-08-05	180	56	1	0.00000000000000000	0.53677039834323015	0.50295636960309043	0.47310991201704783	SESSION	false
af0b7f804a8d8337572d6a4a6f2ddcb426defb1f4d5f28ed0fde54882050d00c	a2b3facd10cee4f0909891958654ec1a86b2615c602c30a726ea3c4bf4706c18	OBSOPEN_US30_20240805	2024-08-05	180	56	2	1.00000000000000000	0.53702730163740919	0.49346265413060136	0.47772564635976056	SESSION	false
af0b7f804a8d8337572d6a4a6f2ddcb426defb1f4d5f28ed0fde54882050d00c	a2b3facd10cee4f0909891958654ec1a86b2615c602c30a726ea3c4bf4706c18	OBSOPEN_US30_20240805	2024-08-05	180	56	3	1.00000000000000000	0.53702730163740919	0.51399136679367563	0.47337961175702198	SESSION	false
af0b7f804a8d8337572d6a4a6f2ddcb426defb1f4d5f28ed0fde54882050d00c	a2b3facd10cee4f0909891958654ec1a86b2615c602c30a726ea3c4bf4706c18	OBSOPEN_US30_20240805	2024-08-05	180	56	4	1.00000000000000000	0.53628958781724945	0.49593676001590897	0.46560108131102929	SESSION	false
af0b7f804a8d8337572d6a4a6f2ddcb426defb1f4d5f28ed0fde54882050d00c	a2b3facd10cee4f0909891958654ec1a86b2615c602c30a726ea3c4bf4706c18	OBSOPEN_US30_20240805	2024-08-05	180	56	5	1.00000000000000000	0.53555173939429335	0.45685540853667955	0.37600285911805675	SESSION	false
af0b7f804a8d8337572d6a4a6f2ddcb426defb1f4d5f28ed0fde54882050d00c	a2b3facd10cee4f0909891958654ec1a86b2615c602c30a726ea3c4bf4706c18	OBSOPEN_US30_20240805	2024-08-05	180	56	6	1.00000000000000000	0.53555173939429335	0.41319625783810587	0.34964645006351303	SESSION	false
af0b7f804a8d8337572d6a4a6f2ddcb426defb1f4d5f28ed0fde54882050d00c	a2b3facd10cee4f0909891958654ec1a86b2615c602c30a726ea3c4bf4706c18	OBSOPEN_US30_20240805	2024-08-05	180	56	7	1.00000000000000000	0.53481375923329733	0.41884066253146329	0.36405844685187105	SESSION	false
af0b7f804a8d8337572d6a4a6f2ddcb426defb1f4d5f28ed0fde54882050d00c	a2b3facd10cee4f0909891958654ec1a86b2615c602c30a726ea3c4bf4706c18	OBSOPEN_US30_20240805	2024-08-05	180	56	8	1.00000000000000000	0.53923960685686589	0.51533804718682363	0.49435813307403931	SESSION	false
af0b7f804a8d8337572d6a4a6f2ddcb426defb1f4d5f28ed0fde54882050d00c	a2b3facd10cee4f0909891958654ec1a86b2615c602c30a726ea3c4bf4706c18	OBSOPEN_US30_20240805	2024-08-05	180	56	9	1.00000000000000000	0.53923960685686589	0.46657037907803695	0.42753798219292527	SESSION	false
af0b7f804a8d8337572d6a4a6f2ddcb426defb1f4d5f28ed0fde54882050d00c	a2b3facd10cee4f0909891958654ec1a86b2615c602c30a726ea3c4bf4706c18	OBSOPEN_US30_20240805	2024-08-05	180	56	10	1.00000000000000000	0.53702730163740919	0.66722735768270069	0.68933045776918545	SESSION	false
af0b7f804a8d8337572d6a4a6f2ddcb426defb1f4d5f28ed0fde54882050d00c	a2b3facd10cee4f0909891958654ec1a86b2615c602c30a726ea3c4bf4706c18	OBSOPEN_US30_20240805	2024-08-05	180	56	11	1.00000000000000000	0.53702730163740919	0.74295432510338466	0.70012406582236963	SESSION	false
af0b7f804a8d8337572d6a4a6f2ddcb426defb1f4d5f28ed0fde54882050d00c	a2b3facd10cee4f0909891958654ec1a86b2615c602c30a726ea3c4bf4706c18	OBSOPEN_US30_20240805	2024-08-05	180	56	12	1.00000000000000000	0.53702730163740919	0.68301374845584295	0.62309459971264547	SESSION	false
af0b7f804a8d8337572d6a4a6f2ddcb426defb1f4d5f28ed0fde54882050d00c	a2b3facd10cee4f0909891958654ec1a86b2615c602c30a726ea3c4bf4706c18	OBSOPEN_US30_20240805	2024-08-05	180	56	13	1.00000000000000000	0.53850231401805004	0.46137136823326558	0.41906091725017730	SESSION	false
af0b7f804a8d8337572d6a4a6f2ddcb426defb1f4d5f28ed0fde54882050d00c	a2b3facd10cee4f0909891958654ec1a86b2615c602c30a726ea3c4bf4706c18	OBSOPEN_US30_20240805	2024-08-05	180	56	14	1.00000000000000000	0.53850231401805004	0.45079957664506154	0.42460455785670637	SESSION	false
af0b7f804a8d8337572d6a4a6f2ddcb426defb1f4d5f28ed0fde54882050d00c	a2b3facd10cee4f0909891958654ec1a86b2615c602c30a726ea3c4bf4706c18	OBSOPEN_US30_20240805	2024-08-05	180	56	15	1.00000000000000000	0.53702730163740919	0.44817318848902887	0.42654420306009710	SESSION	false
af0b7f804a8d8337572d6a4a6f2ddcb426defb1f4d5f28ed0fde54882050d00c	a2b3facd10cee4f0909891958654ec1a86b2615c602c30a726ea3c4bf4706c18	OBSOPEN_US30_20240805	2024-08-05	180	56	16	1.00000000000000000	0.53776487799155581	0.69967725902019584	0.69505136188032901	SESSION	false
af0b7f804a8d8337572d6a4a6f2ddcb426defb1f4d5f28ed0fde54882050d00c	a2b3facd10cee4f0909891958654ec1a86b2615c602c30a726ea3c4bf4706c18	OBSOPEN_US30_20240805	2024-08-05	180	56	17	1.00000000000000000	0.53923960685686589	0.76561912807389432	0.70792443881706357	SESSION	false
af0b7f804a8d8337572d6a4a6f2ddcb426defb1f4d5f28ed0fde54882050d00c	a2b3facd10cee4f0909891958654ec1a86b2615c602c30a726ea3c4bf4706c18	OBSOPEN_US30_20240805	2024-08-05	180	56	18	1.00000000000000000	0.53997675364962783	0.80029817897575117	0.75977604836128221	SESSION	false
af0b7f804a8d8337572d6a4a6f2ddcb426defb1f4d5f28ed0fde54882050d00c	a2b3facd10cee4f0909891958654ec1a86b2615c602c30a726ea3c4bf4706c18	OBSOPEN_US30_20240805	2024-08-05	180	56	19	1.00000000000000000	0.54071375153964718	0.82347824111248891	0.75868455625033204	SESSION	false
af0b7f804a8d8337572d6a4a6f2ddcb426defb1f4d5f28ed0fde54882050d00c	a2b3facd10cee4f0909891958654ec1a86b2615c602c30a726ea3c4bf4706c18	OBSOPEN_US30_20240805	2024-08-05	180	56	20	1.00000000000000000	0.53997675364962783	0.84466563748299528	0.75972819778114842	SESSION	false
af0b7f804a8d8337572d6a4a6f2ddcb426defb1f4d5f28ed0fde54882050d00c	a2b3facd10cee4f0909891958654ec1a86b2615c602c30a726ea3c4bf4706c18	OBSOPEN_US30_20240805	2024-08-05	180	56	21	1.00000000000000000	0.53702730163740919	0.87489698102615832	0.72962888162712480	SESSION	false
af0b7f804a8d8337572d6a4a6f2ddcb426defb1f4d5f28ed0fde54882050d00c	a2b3facd10cee4f0909891958654ec1a86b2615c602c30a726ea3c4bf4706c18	OBSOPEN_US30_20240805	2024-08-05	180	56	22	1.00000000000000000	0.53555173939429335	0.89032360549569556	0.72375466819984002	SESSION	false
af0b7f804a8d8337572d6a4a6f2ddcb426defb1f4d5f28ed0fde54882050d00c	a2b3facd10cee4f0909891958654ec1a86b2615c602c30a726ea3c4bf4706c18	OBSOPEN_US30_20240805	2024-08-05	180	56	23	1.00000000000000000	0.53555173939429335	0.88157760794999107	0.71129841849467368	SESSION	false
af0b7f804a8d8337572d6a4a6f2ddcb426defb1f4d5f28ed0fde54882050d00c	a2b3facd10cee4f0909891958654ec1a86b2615c602c30a726ea3c4bf4706c18	OBSOPEN_US30_20240805	2024-08-05	180	56	24	1.00000000000000000	0.53481375923329733	0.82223954728930249	0.65266178017367449	SESSION	false
af0b7f804a8d8337572d6a4a6f2ddcb426defb1f4d5f28ed0fde54882050d00c	a2b3facd10cee4f0909891958654ec1a86b2615c602c30a726ea3c4bf4706c18	OBSOPEN_US30_20240805	2024-08-05	180	56	25	1.00000000000000000	0.53702730163740919	0.78024476612794913	0.62323310690965328	SESSION	false
af0b7f804a8d8337572d6a4a6f2ddcb426defb1f4d5f28ed0fde54882050d00c	a2b3facd10cee4f0909891958654ec1a86b2615c602c30a726ea3c4bf4706c18	OBSOPEN_US30_20240805	2024-08-05	180	56	26	1.00000000000000000	0.53481375923329733	0.72053290429053130	0.56695423647185350	SESSION	false
af0b7f804a8d8337572d6a4a6f2ddcb426defb1f4d5f28ed0fde54882050d00c	a2b3facd10cee4f0909891958654ec1a86b2615c602c30a726ea3c4bf4706c18	OBSOPEN_US30_20240805	2024-08-05	180	56	27	1.00000000000000000	0.53407565020052150	0.69600563144564276	0.55794941578728474	SESSION	false
af0b7f804a8d8337572d6a4a6f2ddcb426defb1f4d5f28ed0fde54882050d00c	a2b3facd10cee4f0909891958654ec1a86b2615c602c30a726ea3c4bf4706c18	OBSOPEN_US30_20240805	2024-08-05	180	56	28	1.00000000000000000	0.53481375923329733	0.65482961016551666	0.52838984089875918	SESSION	false
af0b7f804a8d8337572d6a4a6f2ddcb426defb1f4d5f28ed0fde54882050d00c	a2b3facd10cee4f0909891958654ec1a86b2615c602c30a726ea3c4bf4706c18	OBSOPEN_US30_20240805	2024-08-05	180	56	29	1.00000000000000000	0.53407565020052150	0.65856939745665766	0.53708003502041257	SESSION	false
af0b7f804a8d8337572d6a4a6f2ddcb426defb1f4d5f28ed0fde54882050d00c	a2b3facd10cee4f0909891958654ec1a86b2615c602c30a726ea3c4bf4706c18	OBSOPEN_US30_20240805	2024-08-05	180	56	30	0.00000000000000000	0.53407565020052150	0.64133616198099652	0.51202971601387037	SESSION	false
af0b7f804a8d8337572d6a4a6f2ddcb426defb1f4d5f28ed0fde54882050d00c	a2b3facd10cee4f0909891958654ec1a86b2615c602c30a726ea3c4bf4706c18	OBSOPEN_US30_20240812	2024-08-12	180	57	1	0.00000000000000000	0.53677039834323015	0.48902392604539979	0.44667258319509784	SESSION	false
af0b7f804a8d8337572d6a4a6f2ddcb426defb1f4d5f28ed0fde54882050d00c	a2b3facd10cee4f0909891958654ec1a86b2615c602c30a726ea3c4bf4706c18	OBSOPEN_US30_20240812	2024-08-12	180	57	2	0.00000000000000000	0.53702730163740919	0.49036614924418759	0.46809162426936041	SESSION	false
af0b7f804a8d8337572d6a4a6f2ddcb426defb1f4d5f28ed0fde54882050d00c	a2b3facd10cee4f0909891958654ec1a86b2615c602c30a726ea3c4bf4706c18	OBSOPEN_US30_20240812	2024-08-12	180	57	3	0.00000000000000000	0.53702730163740919	0.50185519463526229	0.48224304940565715	SESSION	false
af0b7f804a8d8337572d6a4a6f2ddcb426defb1f4d5f28ed0fde54882050d00c	a2b3facd10cee4f0909891958654ec1a86b2615c602c30a726ea3c4bf4706c18	OBSOPEN_US30_20240812	2024-08-12	180	57	4	0.00000000000000000	0.53628958781724945	0.47513024416874455	0.39537326280783158	SESSION	false
af0b7f804a8d8337572d6a4a6f2ddcb426defb1f4d5f28ed0fde54882050d00c	a2b3facd10cee4f0909891958654ec1a86b2615c602c30a726ea3c4bf4706c18	OBSOPEN_US30_20240812	2024-08-12	180	57	5	0.00000000000000000	0.53555173939429335	0.42709897051362467	0.32336851225205027	SESSION	false
af0b7f804a8d8337572d6a4a6f2ddcb426defb1f4d5f28ed0fde54882050d00c	a2b3facd10cee4f0909891958654ec1a86b2615c602c30a726ea3c4bf4706c18	OBSOPEN_US30_20240812	2024-08-12	180	57	6	0.00000000000000000	0.53555173939429335	0.40304474588636924	0.30544389426069563	SESSION	false
af0b7f804a8d8337572d6a4a6f2ddcb426defb1f4d5f28ed0fde54882050d00c	a2b3facd10cee4f0909891958654ec1a86b2615c602c30a726ea3c4bf4706c18	OBSOPEN_US30_20240812	2024-08-12	180	57	7	0.00000000000000000	0.53481375923329733	0.38824794810249941	0.30068145003866914	SESSION	false
af0b7f804a8d8337572d6a4a6f2ddcb426defb1f4d5f28ed0fde54882050d00c	a2b3facd10cee4f0909891958654ec1a86b2615c602c30a726ea3c4bf4706c18	OBSOPEN_US30_20240812	2024-08-12	180	57	8	0.00000000000000000	0.53923960685686589	0.41377193757202968	0.35196935719882672	SESSION	false
af0b7f804a8d8337572d6a4a6f2ddcb426defb1f4d5f28ed0fde54882050d00c	a2b3facd10cee4f0909891958654ec1a86b2615c602c30a726ea3c4bf4706c18	OBSOPEN_US30_20240812	2024-08-12	180	57	9	0.00000000000000000	0.53923960685686589	0.38833042894390885	0.32069520942293084	SESSION	false
af0b7f804a8d8337572d6a4a6f2ddcb426defb1f4d5f28ed0fde54882050d00c	a2b3facd10cee4f0909891958654ec1a86b2615c602c30a726ea3c4bf4706c18	OBSOPEN_US30_20240812	2024-08-12	180	57	10	0.00000000000000000	0.53702730163740919	0.36766365677735124	0.31724720754934865	SESSION	false
af0b7f804a8d8337572d6a4a6f2ddcb426defb1f4d5f28ed0fde54882050d00c	a2b3facd10cee4f0909891958654ec1a86b2615c602c30a726ea3c4bf4706c18	OBSOPEN_US30_20240812	2024-08-12	180	57	11	0.00000000000000000	0.53702730163740919	0.38109630314633863	0.35048307971985065	SESSION	false
af0b7f804a8d8337572d6a4a6f2ddcb426defb1f4d5f28ed0fde54882050d00c	a2b3facd10cee4f0909891958654ec1a86b2615c602c30a726ea3c4bf4706c18	OBSOPEN_US30_20240812	2024-08-12	180	57	12	0.00000000000000000	0.53702730163740919	0.37590946632759253	0.33262314606207377	SESSION	false
af0b7f804a8d8337572d6a4a6f2ddcb426defb1f4d5f28ed0fde54882050d00c	a2b3facd10cee4f0909891958654ec1a86b2615c602c30a726ea3c4bf4706c18	OBSOPEN_US30_20240812	2024-08-12	180	57	13	0.00000000000000000	0.53850231401805004	0.37686465144023484	0.34918261514025767	SESSION	false
af0b7f804a8d8337572d6a4a6f2ddcb426defb1f4d5f28ed0fde54882050d00c	a2b3facd10cee4f0909891958654ec1a86b2615c602c30a726ea3c4bf4706c18	OBSOPEN_US30_20240812	2024-08-12	180	57	14	0.00000000000000000	0.53850231401805004	0.34779306628689927	0.31376323407717815	SESSION	false
af0b7f804a8d8337572d6a4a6f2ddcb426defb1f4d5f28ed0fde54882050d00c	a2b3facd10cee4f0909891958654ec1a86b2615c602c30a726ea3c4bf4706c18	OBSOPEN_US30_20240812	2024-08-12	180	57	15	0.00000000000000000	0.53702730163740919	0.31518915226295896	0.28966734105308961	SESSION	false
af0b7f804a8d8337572d6a4a6f2ddcb426defb1f4d5f28ed0fde54882050d00c	a2b3facd10cee4f0909891958654ec1a86b2615c602c30a726ea3c4bf4706c18	OBSOPEN_US30_20240812	2024-08-12	180	57	16	0.00000000000000000	0.53776487799155581	0.30815662362093132	0.29356980852868064	SESSION	false
af0b7f804a8d8337572d6a4a6f2ddcb426defb1f4d5f28ed0fde54882050d00c	a2b3facd10cee4f0909891958654ec1a86b2615c602c30a726ea3c4bf4706c18	OBSOPEN_US30_20240812	2024-08-12	180	57	17	0.00000000000000000	0.53923960685686589	0.31559143081646884	0.31857304231012351	SESSION	false
af0b7f804a8d8337572d6a4a6f2ddcb426defb1f4d5f28ed0fde54882050d00c	a2b3facd10cee4f0909891958654ec1a86b2615c602c30a726ea3c4bf4706c18	OBSOPEN_US30_20240812	2024-08-12	180	57	18	1.00000000000000000	0.53997675364962783	0.29832448158833913	0.31431393657022827	SESSION	false
af0b7f804a8d8337572d6a4a6f2ddcb426defb1f4d5f28ed0fde54882050d00c	a2b3facd10cee4f0909891958654ec1a86b2615c602c30a726ea3c4bf4706c18	OBSOPEN_US30_20240812	2024-08-12	180	57	19	1.00000000000000000	0.54071375153964718	0.28290833849013280	0.30787847982785516	SESSION	false
af0b7f804a8d8337572d6a4a6f2ddcb426defb1f4d5f28ed0fde54882050d00c	a2b3facd10cee4f0909891958654ec1a86b2615c602c30a726ea3c4bf4706c18	OBSOPEN_US30_20240812	2024-08-12	180	57	20	1.00000000000000000	0.53997675364962783	0.27341933405829377	0.31509436452860229	SESSION	false
af0b7f804a8d8337572d6a4a6f2ddcb426defb1f4d5f28ed0fde54882050d00c	a2b3facd10cee4f0909891958654ec1a86b2615c602c30a726ea3c4bf4706c18	OBSOPEN_US30_20240812	2024-08-12	180	57	21	1.00000000000000000	0.53702730163740919	0.29616445683970194	0.32288587044104627	SESSION	false
af0b7f804a8d8337572d6a4a6f2ddcb426defb1f4d5f28ed0fde54882050d00c	a2b3facd10cee4f0909891958654ec1a86b2615c602c30a726ea3c4bf4706c18	OBSOPEN_US30_20240812	2024-08-12	180	57	22	1.00000000000000000	0.53555173939429335	0.29449464511945778	0.31280868063914508	SESSION	false
af0b7f804a8d8337572d6a4a6f2ddcb426defb1f4d5f28ed0fde54882050d00c	a2b3facd10cee4f0909891958654ec1a86b2615c602c30a726ea3c4bf4706c18	OBSOPEN_US30_20240812	2024-08-12	180	57	23	1.00000000000000000	0.53555173939429335	0.26552910071365876	0.28965435402915524	SESSION	false
af0b7f804a8d8337572d6a4a6f2ddcb426defb1f4d5f28ed0fde54882050d00c	a2b3facd10cee4f0909891958654ec1a86b2615c602c30a726ea3c4bf4706c18	OBSOPEN_US30_20240812	2024-08-12	180	57	24	1.00000000000000000	0.53481375923329733	0.25284324392867591	0.28487387513572415	SESSION	false
af0b7f804a8d8337572d6a4a6f2ddcb426defb1f4d5f28ed0fde54882050d00c	a2b3facd10cee4f0909891958654ec1a86b2615c602c30a726ea3c4bf4706c18	OBSOPEN_US30_20240812	2024-08-12	180	57	25	1.00000000000000000	0.53702730163740919	0.25317129726369170	0.29976402492745141	SESSION	false
af0b7f804a8d8337572d6a4a6f2ddcb426defb1f4d5f28ed0fde54882050d00c	a2b3facd10cee4f0909891958654ec1a86b2615c602c30a726ea3c4bf4706c18	OBSOPEN_US30_20240812	2024-08-12	180	57	26	1.00000000000000000	0.53481375923329733	0.24511657418382965	0.28530897445035525	SESSION	false
af0b7f804a8d8337572d6a4a6f2ddcb426defb1f4d5f28ed0fde54882050d00c	a2b3facd10cee4f0909891958654ec1a86b2615c602c30a726ea3c4bf4706c18	OBSOPEN_US30_20240812	2024-08-12	180	57	27	1.00000000000000000	0.53407565020052150	0.22986063017469982	0.27668804202471742	SESSION	false
af0b7f804a8d8337572d6a4a6f2ddcb426defb1f4d5f28ed0fde54882050d00c	a2b3facd10cee4f0909891958654ec1a86b2615c602c30a726ea3c4bf4706c18	OBSOPEN_US30_20240812	2024-08-12	180	57	28	1.00000000000000000	0.53481375923329733	0.24413811069286406	0.29724729783612153	SESSION	false
af0b7f804a8d8337572d6a4a6f2ddcb426defb1f4d5f28ed0fde54882050d00c	a2b3facd10cee4f0909891958654ec1a86b2615c602c30a726ea3c4bf4706c18	OBSOPEN_US30_20240812	2024-08-12	180	57	29	1.00000000000000000	0.53407565020052150	0.29976689118621319	0.33326800263008699	SESSION	false
af0b7f804a8d8337572d6a4a6f2ddcb426defb1f4d5f28ed0fde54882050d00c	a2b3facd10cee4f0909891958654ec1a86b2615c602c30a726ea3c4bf4706c18	OBSOPEN_US30_20240812	2024-08-12	180	57	30	1.00000000000000000	0.53407565020052150	0.30975879331891887	0.32725332468700669	SESSION	false
af0b7f804a8d8337572d6a4a6f2ddcb426defb1f4d5f28ed0fde54882050d00c	a2b3facd10cee4f0909891958654ec1a86b2615c602c30a726ea3c4bf4706c18	OBSOPEN_US30_20240820	2024-08-20	180	58	1	0.00000000000000000	0.53677039834323015	0.51340579700410816	0.59604920371037007	SESSION	false
af0b7f804a8d8337572d6a4a6f2ddcb426defb1f4d5f28ed0fde54882050d00c	a2b3facd10cee4f0909891958654ec1a86b2615c602c30a726ea3c4bf4706c18	OBSOPEN_US30_20240820	2024-08-20	180	58	2	0.00000000000000000	0.53702730163740919	0.48865289213817920	0.41707025983482654	SESSION	false
af0b7f804a8d8337572d6a4a6f2ddcb426defb1f4d5f28ed0fde54882050d00c	a2b3facd10cee4f0909891958654ec1a86b2615c602c30a726ea3c4bf4706c18	OBSOPEN_US30_20240820	2024-08-20	180	58	3	1.00000000000000000	0.53702730163740919	0.46186499462234193	0.36725896590540585	SESSION	false
af0b7f804a8d8337572d6a4a6f2ddcb426defb1f4d5f28ed0fde54882050d00c	a2b3facd10cee4f0909891958654ec1a86b2615c602c30a726ea3c4bf4706c18	OBSOPEN_US30_20240820	2024-08-20	180	58	4	1.00000000000000000	0.53628958781724945	0.43961617939694730	0.31453518967751232	SESSION	false
af0b7f804a8d8337572d6a4a6f2ddcb426defb1f4d5f28ed0fde54882050d00c	a2b3facd10cee4f0909891958654ec1a86b2615c602c30a726ea3c4bf4706c18	OBSOPEN_US30_20240820	2024-08-20	180	58	5	1.00000000000000000	0.53555173939429335	0.43672407817683440	0.32274178795181474	SESSION	false
af0b7f804a8d8337572d6a4a6f2ddcb426defb1f4d5f28ed0fde54882050d00c	a2b3facd10cee4f0909891958654ec1a86b2615c602c30a726ea3c4bf4706c18	OBSOPEN_US30_20240820	2024-08-20	180	58	6	1.00000000000000000	0.53555173939429335	0.41914079291227535	0.29250332060041434	SESSION	false
af0b7f804a8d8337572d6a4a6f2ddcb426defb1f4d5f28ed0fde54882050d00c	a2b3facd10cee4f0909891958654ec1a86b2615c602c30a726ea3c4bf4706c18	OBSOPEN_US30_20240820	2024-08-20	180	58	7	1.00000000000000000	0.53481375923329733	0.42105349579902879	0.30264098802923567	SESSION	false
af0b7f804a8d8337572d6a4a6f2ddcb426defb1f4d5f28ed0fde54882050d00c	a2b3facd10cee4f0909891958654ec1a86b2615c602c30a726ea3c4bf4706c18	OBSOPEN_US30_20240820	2024-08-20	180	58	8	1.00000000000000000	0.53923960685686589	0.42436986103600305	0.32366511036765988	SESSION	false
af0b7f804a8d8337572d6a4a6f2ddcb426defb1f4d5f28ed0fde54882050d00c	a2b3facd10cee4f0909891958654ec1a86b2615c602c30a726ea3c4bf4706c18	OBSOPEN_US30_20240820	2024-08-20	180	58	9	1.00000000000000000	0.53923960685686589	0.42123397727190937	0.33327401422171071	SESSION	false
af0b7f804a8d8337572d6a4a6f2ddcb426defb1f4d5f28ed0fde54882050d00c	a2b3facd10cee4f0909891958654ec1a86b2615c602c30a726ea3c4bf4706c18	OBSOPEN_US30_20240820	2024-08-20	180	58	10	1.00000000000000000	0.53702730163740919	0.45618335286538797	0.40147140304853074	SESSION	false
af0b7f804a8d8337572d6a4a6f2ddcb426defb1f4d5f28ed0fde54882050d00c	a2b3facd10cee4f0909891958654ec1a86b2615c602c30a726ea3c4bf4706c18	OBSOPEN_US30_20240820	2024-08-20	180	58	11	1.00000000000000000	0.53702730163740919	0.54408190588114236	0.56717706840220083	SESSION	false
af0b7f804a8d8337572d6a4a6f2ddcb426defb1f4d5f28ed0fde54882050d00c	a2b3facd10cee4f0909891958654ec1a86b2615c602c30a726ea3c4bf4706c18	OBSOPEN_US30_20240820	2024-08-20	180	58	12	1.00000000000000000	0.53702730163740919	0.58232344327577690	0.60818631408288204	SESSION	false
af0b7f804a8d8337572d6a4a6f2ddcb426defb1f4d5f28ed0fde54882050d00c	a2b3facd10cee4f0909891958654ec1a86b2615c602c30a726ea3c4bf4706c18	OBSOPEN_US30_20240820	2024-08-20	180	58	13	1.00000000000000000	0.53850231401805004	0.58373197431603840	0.61175897810987112	SESSION	false
af0b7f804a8d8337572d6a4a6f2ddcb426defb1f4d5f28ed0fde54882050d00c	a2b3facd10cee4f0909891958654ec1a86b2615c602c30a726ea3c4bf4706c18	OBSOPEN_US30_20240820	2024-08-20	180	58	14	1.00000000000000000	0.53850231401805004	0.59998079692225659	0.65902002153497374	SESSION	false
af0b7f804a8d8337572d6a4a6f2ddcb426defb1f4d5f28ed0fde54882050d00c	a2b3facd10cee4f0909891958654ec1a86b2615c602c30a726ea3c4bf4706c18	OBSOPEN_US30_20240820	2024-08-20	180	58	15	1.00000000000000000	0.53702730163740919	0.63412441039094092	0.69264055198952834	SESSION	false
af0b7f804a8d8337572d6a4a6f2ddcb426defb1f4d5f28ed0fde54882050d00c	a2b3facd10cee4f0909891958654ec1a86b2615c602c30a726ea3c4bf4706c18	OBSOPEN_US30_20240820	2024-08-20	180	58	16	1.00000000000000000	0.53776487799155581	0.58727538958516068	0.60989609973940606	SESSION	false
af0b7f804a8d8337572d6a4a6f2ddcb426defb1f4d5f28ed0fde54882050d00c	a2b3facd10cee4f0909891958654ec1a86b2615c602c30a726ea3c4bf4706c18	OBSOPEN_US30_20240820	2024-08-20	180	58	17	1.00000000000000000	0.53923960685686589	0.56226711014266284	0.59109725951776826	SESSION	false
af0b7f804a8d8337572d6a4a6f2ddcb426defb1f4d5f28ed0fde54882050d00c	a2b3facd10cee4f0909891958654ec1a86b2615c602c30a726ea3c4bf4706c18	OBSOPEN_US30_20240820	2024-08-20	180	58	18	1.00000000000000000	0.53997675364962783	0.56571717025828616	0.59565003874392775	SESSION	false
af0b7f804a8d8337572d6a4a6f2ddcb426defb1f4d5f28ed0fde54882050d00c	a2b3facd10cee4f0909891958654ec1a86b2615c602c30a726ea3c4bf4706c18	OBSOPEN_US30_20240820	2024-08-20	180	58	19	1.00000000000000000	0.54071375153964718	0.54019346428808002	0.55069228339265852	SESSION	false
af0b7f804a8d8337572d6a4a6f2ddcb426defb1f4d5f28ed0fde54882050d00c	a2b3facd10cee4f0909891958654ec1a86b2615c602c30a726ea3c4bf4706c18	OBSOPEN_US30_20240820	2024-08-20	180	58	20	1.00000000000000000	0.53997675364962783	0.54098087328911781	0.56519384279156604	SESSION	false
af0b7f804a8d8337572d6a4a6f2ddcb426defb1f4d5f28ed0fde54882050d00c	a2b3facd10cee4f0909891958654ec1a86b2615c602c30a726ea3c4bf4706c18	OBSOPEN_US30_20240820	2024-08-20	180	58	21	1.00000000000000000	0.53702730163740919	0.56333164795613200	0.59102069182902106	SESSION	false
af0b7f804a8d8337572d6a4a6f2ddcb426defb1f4d5f28ed0fde54882050d00c	a2b3facd10cee4f0909891958654ec1a86b2615c602c30a726ea3c4bf4706c18	OBSOPEN_US30_20240820	2024-08-20	180	58	22	1.00000000000000000	0.53555173939429335	0.55374719564258368	0.55650837564399624	SESSION	false
af0b7f804a8d8337572d6a4a6f2ddcb426defb1f4d5f28ed0fde54882050d00c	a2b3facd10cee4f0909891958654ec1a86b2615c602c30a726ea3c4bf4706c18	OBSOPEN_US30_20240820	2024-08-20	180	58	23	0.00000000000000000	0.53555173939429335	0.51032134454005906	0.47418175898787435	SESSION	false
af0b7f804a8d8337572d6a4a6f2ddcb426defb1f4d5f28ed0fde54882050d00c	a2b3facd10cee4f0909891958654ec1a86b2615c602c30a726ea3c4bf4706c18	OBSOPEN_US30_20240820	2024-08-20	180	58	24	1.00000000000000000	0.53481375923329733	0.51185995571458720	0.48531904291914013	SESSION	false
af0b7f804a8d8337572d6a4a6f2ddcb426defb1f4d5f28ed0fde54882050d00c	a2b3facd10cee4f0909891958654ec1a86b2615c602c30a726ea3c4bf4706c18	OBSOPEN_US30_20240820	2024-08-20	180	58	25	0.00000000000000000	0.53702730163740919	0.52747313550337727	0.51625478560658977	SESSION	false
af0b7f804a8d8337572d6a4a6f2ddcb426defb1f4d5f28ed0fde54882050d00c	a2b3facd10cee4f0909891958654ec1a86b2615c602c30a726ea3c4bf4706c18	OBSOPEN_US30_20240820	2024-08-20	180	58	26	1.00000000000000000	0.53481375923329733	0.53094835865454482	0.53293637241294634	SESSION	false
af0b7f804a8d8337572d6a4a6f2ddcb426defb1f4d5f28ed0fde54882050d00c	a2b3facd10cee4f0909891958654ec1a86b2615c602c30a726ea3c4bf4706c18	OBSOPEN_US30_20240820	2024-08-20	180	58	27	0.00000000000000000	0.53407565020052150	0.57500281090204886	0.59963746701750120	SESSION	false
af0b7f804a8d8337572d6a4a6f2ddcb426defb1f4d5f28ed0fde54882050d00c	a2b3facd10cee4f0909891958654ec1a86b2615c602c30a726ea3c4bf4706c18	OBSOPEN_US30_20240820	2024-08-20	180	58	28	0.00000000000000000	0.53481375923329733	0.58400077869794598	0.60944363752093877	SESSION	false
af0b7f804a8d8337572d6a4a6f2ddcb426defb1f4d5f28ed0fde54882050d00c	a2b3facd10cee4f0909891958654ec1a86b2615c602c30a726ea3c4bf4706c18	OBSOPEN_US30_20240820	2024-08-20	180	58	29	0.00000000000000000	0.53407565020052150	0.54459246263085614	0.53719496898902841	SESSION	false
af0b7f804a8d8337572d6a4a6f2ddcb426defb1f4d5f28ed0fde54882050d00c	a2b3facd10cee4f0909891958654ec1a86b2615c602c30a726ea3c4bf4706c18	OBSOPEN_US30_20240820	2024-08-20	180	58	30	0.00000000000000000	0.53407565020052150	0.54429686687983059	0.55035850601666547	SESSION	false
af0b7f804a8d8337572d6a4a6f2ddcb426defb1f4d5f28ed0fde54882050d00c	a2b3facd10cee4f0909891958654ec1a86b2615c602c30a726ea3c4bf4706c18	OBSOPEN_US30_20240827	2024-08-27	180	59	1	1.00000000000000000	0.53677039834323015	0.48224659115686802	0.43992615104597832	SESSION	false
af0b7f804a8d8337572d6a4a6f2ddcb426defb1f4d5f28ed0fde54882050d00c	a2b3facd10cee4f0909891958654ec1a86b2615c602c30a726ea3c4bf4706c18	OBSOPEN_US30_20240827	2024-08-27	180	59	2	1.00000000000000000	0.53702730163740919	0.45946442861793158	0.32708210187230352	SESSION	false
af0b7f804a8d8337572d6a4a6f2ddcb426defb1f4d5f28ed0fde54882050d00c	a2b3facd10cee4f0909891958654ec1a86b2615c602c30a726ea3c4bf4706c18	OBSOPEN_US30_20240827	2024-08-27	180	59	3	1.00000000000000000	0.53702730163740919	0.50904743445907941	0.52357268214354735	SESSION	false
af0b7f804a8d8337572d6a4a6f2ddcb426defb1f4d5f28ed0fde54882050d00c	a2b3facd10cee4f0909891958654ec1a86b2615c602c30a726ea3c4bf4706c18	OBSOPEN_US30_20240827	2024-08-27	180	59	4	1.00000000000000000	0.53628958781724945	0.51429684773343631	0.48970796862825411	SESSION	false
af0b7f804a8d8337572d6a4a6f2ddcb426defb1f4d5f28ed0fde54882050d00c	a2b3facd10cee4f0909891958654ec1a86b2615c602c30a726ea3c4bf4706c18	OBSOPEN_US30_20240827	2024-08-27	180	59	5	1.00000000000000000	0.53555173939429335	0.51418558668103931	0.50081999206320194	SESSION	false
af0b7f804a8d8337572d6a4a6f2ddcb426defb1f4d5f28ed0fde54882050d00c	a2b3facd10cee4f0909891958654ec1a86b2615c602c30a726ea3c4bf4706c18	OBSOPEN_US30_20240827	2024-08-27	180	59	6	1.00000000000000000	0.53555173939429335	0.50122047866519437	0.45886070003038470	SESSION	false
af0b7f804a8d8337572d6a4a6f2ddcb426defb1f4d5f28ed0fde54882050d00c	a2b3facd10cee4f0909891958654ec1a86b2615c602c30a726ea3c4bf4706c18	OBSOPEN_US30_20240827	2024-08-27	180	59	7	1.00000000000000000	0.53481375923329733	0.53100061122793318	0.54976375558869728	SESSION	false
af0b7f804a8d8337572d6a4a6f2ddcb426defb1f4d5f28ed0fde54882050d00c	a2b3facd10cee4f0909891958654ec1a86b2615c602c30a726ea3c4bf4706c18	OBSOPEN_US30_20240827	2024-08-27	180	59	8	1.00000000000000000	0.53923960685686589	0.57735768696923651	0.68192440400236753	SESSION	false
af0b7f804a8d8337572d6a4a6f2ddcb426defb1f4d5f28ed0fde54882050d00c	a2b3facd10cee4f0909891958654ec1a86b2615c602c30a726ea3c4bf4706c18	OBSOPEN_US30_20240827	2024-08-27	180	59	9	1.00000000000000000	0.53923960685686589	0.54182363902828978	0.56226924993688587	SESSION	false
af0b7f804a8d8337572d6a4a6f2ddcb426defb1f4d5f28ed0fde54882050d00c	a2b3facd10cee4f0909891958654ec1a86b2615c602c30a726ea3c4bf4706c18	OBSOPEN_US30_20240827	2024-08-27	180	59	10	1.00000000000000000	0.53702730163740919	0.49510365836008757	0.45727718964240893	SESSION	false
af0b7f804a8d8337572d6a4a6f2ddcb426defb1f4d5f28ed0fde54882050d00c	a2b3facd10cee4f0909891958654ec1a86b2615c602c30a726ea3c4bf4706c18	OBSOPEN_US30_20240827	2024-08-27	180	59	11	1.00000000000000000	0.53702730163740919	0.50741490662237920	0.50341072374240992	SESSION	false
af0b7f804a8d8337572d6a4a6f2ddcb426defb1f4d5f28ed0fde54882050d00c	a2b3facd10cee4f0909891958654ec1a86b2615c602c30a726ea3c4bf4706c18	OBSOPEN_US30_20240827	2024-08-27	180	59	12	1.00000000000000000	0.53702730163740919	0.57365038749550556	0.68640941873904782	SESSION	false
af0b7f804a8d8337572d6a4a6f2ddcb426defb1f4d5f28ed0fde54882050d00c	a2b3facd10cee4f0909891958654ec1a86b2615c602c30a726ea3c4bf4706c18	OBSOPEN_US30_20240827	2024-08-27	180	59	13	1.00000000000000000	0.53850231401805004	0.61345176420585090	0.74725739179027872	SESSION	false
af0b7f804a8d8337572d6a4a6f2ddcb426defb1f4d5f28ed0fde54882050d00c	a2b3facd10cee4f0909891958654ec1a86b2615c602c30a726ea3c4bf4706c18	OBSOPEN_US30_20240827	2024-08-27	180	59	14	1.00000000000000000	0.53850231401805004	0.64575321041768874	0.74819276291968173	SESSION	false
af0b7f804a8d8337572d6a4a6f2ddcb426defb1f4d5f28ed0fde54882050d00c	a2b3facd10cee4f0909891958654ec1a86b2615c602c30a726ea3c4bf4706c18	OBSOPEN_US30_20240827	2024-08-27	180	59	15	1.00000000000000000	0.53702730163740919	0.65790306299611612	0.73070862122568137	SESSION	false
af0b7f804a8d8337572d6a4a6f2ddcb426defb1f4d5f28ed0fde54882050d00c	a2b3facd10cee4f0909891958654ec1a86b2615c602c30a726ea3c4bf4706c18	OBSOPEN_US30_20240827	2024-08-27	180	59	16	1.00000000000000000	0.53776487799155581	0.66644218108869768	0.72938459667483635	SESSION	false
af0b7f804a8d8337572d6a4a6f2ddcb426defb1f4d5f28ed0fde54882050d00c	a2b3facd10cee4f0909891958654ec1a86b2615c602c30a726ea3c4bf4706c18	OBSOPEN_US30_20240827	2024-08-27	180	59	17	1.00000000000000000	0.53923960685686589	0.66681104946861891	0.72612891115140732	SESSION	false
af0b7f804a8d8337572d6a4a6f2ddcb426defb1f4d5f28ed0fde54882050d00c	a2b3facd10cee4f0909891958654ec1a86b2615c602c30a726ea3c4bf4706c18	OBSOPEN_US30_20240827	2024-08-27	180	59	18	1.00000000000000000	0.53997675364962783	0.65293963565894386	0.71315793266584959	SESSION	false
af0b7f804a8d8337572d6a4a6f2ddcb426defb1f4d5f28ed0fde54882050d00c	a2b3facd10cee4f0909891958654ec1a86b2615c602c30a726ea3c4bf4706c18	OBSOPEN_US30_20240827	2024-08-27	180	59	19	1.00000000000000000	0.54071375153964718	0.62280814047374522	0.67296116557449848	SESSION	false
af0b7f804a8d8337572d6a4a6f2ddcb426defb1f4d5f28ed0fde54882050d00c	a2b3facd10cee4f0909891958654ec1a86b2615c602c30a726ea3c4bf4706c18	OBSOPEN_US30_20240827	2024-08-27	180	59	20	1.00000000000000000	0.53997675364962783	0.59535306639253860	0.62422071961201286	SESSION	false
af0b7f804a8d8337572d6a4a6f2ddcb426defb1f4d5f28ed0fde54882050d00c	a2b3facd10cee4f0909891958654ec1a86b2615c602c30a726ea3c4bf4706c18	OBSOPEN_US30_20240827	2024-08-27	180	59	21	1.00000000000000000	0.53702730163740919	0.60766287078426695	0.65582843672830793	SESSION	false
af0b7f804a8d8337572d6a4a6f2ddcb426defb1f4d5f28ed0fde54882050d00c	a2b3facd10cee4f0909891958654ec1a86b2615c602c30a726ea3c4bf4706c18	OBSOPEN_US30_20240827	2024-08-27	180	59	22	1.00000000000000000	0.53555173939429335	0.61531323489215695	0.64588754255843384	SESSION	false
af0b7f804a8d8337572d6a4a6f2ddcb426defb1f4d5f28ed0fde54882050d00c	a2b3facd10cee4f0909891958654ec1a86b2615c602c30a726ea3c4bf4706c18	OBSOPEN_US30_20240827	2024-08-27	180	59	23	1.00000000000000000	0.53555173939429335	0.57216964725987951	0.57217681710566948	SESSION	false
af0b7f804a8d8337572d6a4a6f2ddcb426defb1f4d5f28ed0fde54882050d00c	a2b3facd10cee4f0909891958654ec1a86b2615c602c30a726ea3c4bf4706c18	OBSOPEN_US30_20240827	2024-08-27	180	59	24	1.00000000000000000	0.53481375923329733	0.55423181841693214	0.54664055522062516	SESSION	false
af0b7f804a8d8337572d6a4a6f2ddcb426defb1f4d5f28ed0fde54882050d00c	a2b3facd10cee4f0909891958654ec1a86b2615c602c30a726ea3c4bf4706c18	OBSOPEN_US30_20240827	2024-08-27	180	59	25	1.00000000000000000	0.53702730163740919	0.56760456446865559	0.57584591543981700	SESSION	false
af0b7f804a8d8337572d6a4a6f2ddcb426defb1f4d5f28ed0fde54882050d00c	a2b3facd10cee4f0909891958654ec1a86b2615c602c30a726ea3c4bf4706c18	OBSOPEN_US30_20240827	2024-08-27	180	59	26	1.00000000000000000	0.53481375923329733	0.53631739763324604	0.51498840280207669	SESSION	false
af0b7f804a8d8337572d6a4a6f2ddcb426defb1f4d5f28ed0fde54882050d00c	a2b3facd10cee4f0909891958654ec1a86b2615c602c30a726ea3c4bf4706c18	OBSOPEN_US30_20240827	2024-08-27	180	59	27	1.00000000000000000	0.53407565020052150	0.50346030306982414	0.46479944440468618	SESSION	false
af0b7f804a8d8337572d6a4a6f2ddcb426defb1f4d5f28ed0fde54882050d00c	a2b3facd10cee4f0909891958654ec1a86b2615c602c30a726ea3c4bf4706c18	OBSOPEN_US30_20240827	2024-08-27	180	59	28	1.00000000000000000	0.53481375923329733	0.48214184376118335	0.43016693284810420	SESSION	false
af0b7f804a8d8337572d6a4a6f2ddcb426defb1f4d5f28ed0fde54882050d00c	a2b3facd10cee4f0909891958654ec1a86b2615c602c30a726ea3c4bf4706c18	OBSOPEN_US30_20240827	2024-08-27	180	59	29	1.00000000000000000	0.53407565020052150	0.47552006079294568	0.42484208944283980	SESSION	false
af0b7f804a8d8337572d6a4a6f2ddcb426defb1f4d5f28ed0fde54882050d00c	a2b3facd10cee4f0909891958654ec1a86b2615c602c30a726ea3c4bf4706c18	OBSOPEN_US30_20240827	2024-08-27	180	59	30	1.00000000000000000	0.53407565020052150	0.47907686944367106	0.42353567490344696	SESSION	false
af0b7f804a8d8337572d6a4a6f2ddcb426defb1f4d5f28ed0fde54882050d00c	a2b3facd10cee4f0909891958654ec1a86b2615c602c30a726ea3c4bf4706c18	OBSOPEN_US30_20240903	2024-09-03	180	60	1	0.00000000000000000	0.53677039834323015	0.52901671446931264	0.66814630992534574	SESSION	false
af0b7f804a8d8337572d6a4a6f2ddcb426defb1f4d5f28ed0fde54882050d00c	a2b3facd10cee4f0909891958654ec1a86b2615c602c30a726ea3c4bf4706c18	OBSOPEN_US30_20240903	2024-09-03	180	60	2	0.00000000000000000	0.53702730163740919	0.56401328237067061	0.65821530183436261	SESSION	false
af0b7f804a8d8337572d6a4a6f2ddcb426defb1f4d5f28ed0fde54882050d00c	a2b3facd10cee4f0909891958654ec1a86b2615c602c30a726ea3c4bf4706c18	OBSOPEN_US30_20240903	2024-09-03	180	60	3	0.00000000000000000	0.53702730163740919	0.52224781838179057	0.54108570531936273	SESSION	false
af0b7f804a8d8337572d6a4a6f2ddcb426defb1f4d5f28ed0fde54882050d00c	a2b3facd10cee4f0909891958654ec1a86b2615c602c30a726ea3c4bf4706c18	OBSOPEN_US30_20240903	2024-09-03	180	60	4	0.00000000000000000	0.53628958781724945	0.54124650396472940	0.61170846291410963	SESSION	false
af0b7f804a8d8337572d6a4a6f2ddcb426defb1f4d5f28ed0fde54882050d00c	a2b3facd10cee4f0909891958654ec1a86b2615c602c30a726ea3c4bf4706c18	OBSOPEN_US30_20240903	2024-09-03	180	60	5	0.00000000000000000	0.53555173939429335	0.58805217992037839	0.68123344687339282	SESSION	false
af0b7f804a8d8337572d6a4a6f2ddcb426defb1f4d5f28ed0fde54882050d00c	a2b3facd10cee4f0909891958654ec1a86b2615c602c30a726ea3c4bf4706c18	OBSOPEN_US30_20240903	2024-09-03	180	60	6	0.00000000000000000	0.53555173939429335	0.61440714885337977	0.71616568009696502	SESSION	false
af0b7f804a8d8337572d6a4a6f2ddcb426defb1f4d5f28ed0fde54882050d00c	a2b3facd10cee4f0909891958654ec1a86b2615c602c30a726ea3c4bf4706c18	OBSOPEN_US30_20240903	2024-09-03	180	60	7	0.00000000000000000	0.53481375923329733	0.56685600920675705	0.56770910437090072	SESSION	false
af0b7f804a8d8337572d6a4a6f2ddcb426defb1f4d5f28ed0fde54882050d00c	a2b3facd10cee4f0909891958654ec1a86b2615c602c30a726ea3c4bf4706c18	OBSOPEN_US30_20240903	2024-09-03	180	60	8	0.00000000000000000	0.53923960685686589	0.51099442794496441	0.48555697917551904	SESSION	false
af0b7f804a8d8337572d6a4a6f2ddcb426defb1f4d5f28ed0fde54882050d00c	a2b3facd10cee4f0909891958654ec1a86b2615c602c30a726ea3c4bf4706c18	OBSOPEN_US30_20240903	2024-09-03	180	60	9	0.00000000000000000	0.53923960685686589	0.44476129491419075	0.35664297627860092	SESSION	false
af0b7f804a8d8337572d6a4a6f2ddcb426defb1f4d5f28ed0fde54882050d00c	a2b3facd10cee4f0909891958654ec1a86b2615c602c30a726ea3c4bf4706c18	OBSOPEN_US30_20240903	2024-09-03	180	60	10	0.00000000000000000	0.53702730163740919	0.43870290424123287	0.37047298732457729	SESSION	false
af0b7f804a8d8337572d6a4a6f2ddcb426defb1f4d5f28ed0fde54882050d00c	a2b3facd10cee4f0909891958654ec1a86b2615c602c30a726ea3c4bf4706c18	OBSOPEN_US30_20240903	2024-09-03	180	60	11	0.00000000000000000	0.53702730163740919	0.48823061295006137	0.45624773425980858	SESSION	false
af0b7f804a8d8337572d6a4a6f2ddcb426defb1f4d5f28ed0fde54882050d00c	a2b3facd10cee4f0909891958654ec1a86b2615c602c30a726ea3c4bf4706c18	OBSOPEN_US30_20240903	2024-09-03	180	60	12	0.00000000000000000	0.53702730163740919	0.50648417021088776	0.47650194709353966	SESSION	false
af0b7f804a8d8337572d6a4a6f2ddcb426defb1f4d5f28ed0fde54882050d00c	a2b3facd10cee4f0909891958654ec1a86b2615c602c30a726ea3c4bf4706c18	OBSOPEN_US30_20240903	2024-09-03	180	60	13	0.00000000000000000	0.53850231401805004	0.54224427219513616	0.56309797750488311	SESSION	false
af0b7f804a8d8337572d6a4a6f2ddcb426defb1f4d5f28ed0fde54882050d00c	a2b3facd10cee4f0909891958654ec1a86b2615c602c30a726ea3c4bf4706c18	OBSOPEN_US30_20240903	2024-09-03	180	60	14	0.00000000000000000	0.53850231401805004	0.52807569677591160	0.51185061863644299	SESSION	false
af0b7f804a8d8337572d6a4a6f2ddcb426defb1f4d5f28ed0fde54882050d00c	a2b3facd10cee4f0909891958654ec1a86b2615c602c30a726ea3c4bf4706c18	OBSOPEN_US30_20240903	2024-09-03	180	60	15	0.00000000000000000	0.53702730163740919	0.48971102933041299	0.44849602181788184	SESSION	false
af0b7f804a8d8337572d6a4a6f2ddcb426defb1f4d5f28ed0fde54882050d00c	a2b3facd10cee4f0909891958654ec1a86b2615c602c30a726ea3c4bf4706c18	OBSOPEN_US30_20240903	2024-09-03	180	60	16	0.00000000000000000	0.53776487799155581	0.46226817312901641	0.39614645549776367	SESSION	false
af0b7f804a8d8337572d6a4a6f2ddcb426defb1f4d5f28ed0fde54882050d00c	a2b3facd10cee4f0909891958654ec1a86b2615c602c30a726ea3c4bf4706c18	OBSOPEN_US30_20240903	2024-09-03	180	60	17	0.00000000000000000	0.53923960685686589	0.42042948763159005	0.34230356874185613	SESSION	false
af0b7f804a8d8337572d6a4a6f2ddcb426defb1f4d5f28ed0fde54882050d00c	a2b3facd10cee4f0909891958654ec1a86b2615c602c30a726ea3c4bf4706c18	OBSOPEN_US30_20240903	2024-09-03	180	60	18	0.00000000000000000	0.53997675364962783	0.41289546054032827	0.36574044757628149	SESSION	false
af0b7f804a8d8337572d6a4a6f2ddcb426defb1f4d5f28ed0fde54882050d00c	a2b3facd10cee4f0909891958654ec1a86b2615c602c30a726ea3c4bf4706c18	OBSOPEN_US30_20240903	2024-09-03	180	60	19	0.00000000000000000	0.54071375153964718	0.35646904294089349	0.32406957066954778	SESSION	false
af0b7f804a8d8337572d6a4a6f2ddcb426defb1f4d5f28ed0fde54882050d00c	a2b3facd10cee4f0909891958654ec1a86b2615c602c30a726ea3c4bf4706c18	OBSOPEN_US30_20240903	2024-09-03	180	60	20	0.00000000000000000	0.53997675364962783	0.35986855668949064	0.34028976528947841	SESSION	false
af0b7f804a8d8337572d6a4a6f2ddcb426defb1f4d5f28ed0fde54882050d00c	a2b3facd10cee4f0909891958654ec1a86b2615c602c30a726ea3c4bf4706c18	OBSOPEN_US30_20240903	2024-09-03	180	60	21	0.00000000000000000	0.53702730163740919	0.34562078193403151	0.32157141321531807	SESSION	false
af0b7f804a8d8337572d6a4a6f2ddcb426defb1f4d5f28ed0fde54882050d00c	a2b3facd10cee4f0909891958654ec1a86b2615c602c30a726ea3c4bf4706c18	OBSOPEN_US30_20240903	2024-09-03	180	60	22	0.00000000000000000	0.53555173939429335	0.31259579886337541	0.29414366105933593	SESSION	false
af0b7f804a8d8337572d6a4a6f2ddcb426defb1f4d5f28ed0fde54882050d00c	a2b3facd10cee4f0909891958654ec1a86b2615c602c30a726ea3c4bf4706c18	OBSOPEN_US30_20240903	2024-09-03	180	60	23	0.00000000000000000	0.53555173939429335	0.34751073930212972	0.32689814249858679	SESSION	false
af0b7f804a8d8337572d6a4a6f2ddcb426defb1f4d5f28ed0fde54882050d00c	a2b3facd10cee4f0909891958654ec1a86b2615c602c30a726ea3c4bf4706c18	OBSOPEN_US30_20240903	2024-09-03	180	60	24	0.00000000000000000	0.53481375923329733	0.38190879523074484	0.34536177153561204	SESSION	false
af0b7f804a8d8337572d6a4a6f2ddcb426defb1f4d5f28ed0fde54882050d00c	a2b3facd10cee4f0909891958654ec1a86b2615c602c30a726ea3c4bf4706c18	OBSOPEN_US30_20240903	2024-09-03	180	60	25	0.00000000000000000	0.53702730163740919	0.39796957224374863	0.37182632562058249	SESSION	false
af0b7f804a8d8337572d6a4a6f2ddcb426defb1f4d5f28ed0fde54882050d00c	a2b3facd10cee4f0909891958654ec1a86b2615c602c30a726ea3c4bf4706c18	OBSOPEN_US30_20240903	2024-09-03	180	60	26	0.00000000000000000	0.53481375923329733	0.38500958402354701	0.34352633197267074	SESSION	false
af0b7f804a8d8337572d6a4a6f2ddcb426defb1f4d5f28ed0fde54882050d00c	a2b3facd10cee4f0909891958654ec1a86b2615c602c30a726ea3c4bf4706c18	OBSOPEN_US30_20240903	2024-09-03	180	60	27	0.00000000000000000	0.53407565020052150	0.37197768570796058	0.33832831771692279	SESSION	false
af0b7f804a8d8337572d6a4a6f2ddcb426defb1f4d5f28ed0fde54882050d00c	a2b3facd10cee4f0909891958654ec1a86b2615c602c30a726ea3c4bf4706c18	OBSOPEN_US30_20240903	2024-09-03	180	60	28	0.00000000000000000	0.53481375923329733	0.43004574839241327	0.39461785474353273	SESSION	false
af0b7f804a8d8337572d6a4a6f2ddcb426defb1f4d5f28ed0fde54882050d00c	a2b3facd10cee4f0909891958654ec1a86b2615c602c30a726ea3c4bf4706c18	OBSOPEN_US30_20240903	2024-09-03	180	60	29	0.00000000000000000	0.53407565020052150	0.50639198123533613	0.45935457711705763	SESSION	false
af0b7f804a8d8337572d6a4a6f2ddcb426defb1f4d5f28ed0fde54882050d00c	a2b3facd10cee4f0909891958654ec1a86b2615c602c30a726ea3c4bf4706c18	OBSOPEN_US30_20240903	2024-09-03	180	60	30	0.00000000000000000	0.53407565020052150	0.52309285822237839	0.45777654557394082	SESSION	false
af0b7f804a8d8337572d6a4a6f2ddcb426defb1f4d5f28ed0fde54882050d00c	a2b3facd10cee4f0909891958654ec1a86b2615c602c30a726ea3c4bf4706c18	OBSOPEN_US30_20240904	2024-09-04	180	61	1	1.00000000000000000	0.53677039834323015	0.48693397960168638	0.45175641632120234	SESSION	false
af0b7f804a8d8337572d6a4a6f2ddcb426defb1f4d5f28ed0fde54882050d00c	a2b3facd10cee4f0909891958654ec1a86b2615c602c30a726ea3c4bf4706c18	OBSOPEN_US30_20240904	2024-09-04	180	61	2	1.00000000000000000	0.53702730163740919	0.52225672580276572	0.61528276323844067	SESSION	false
af0b7f804a8d8337572d6a4a6f2ddcb426defb1f4d5f28ed0fde54882050d00c	a2b3facd10cee4f0909891958654ec1a86b2615c602c30a726ea3c4bf4706c18	OBSOPEN_US30_20240904	2024-09-04	180	61	3	1.00000000000000000	0.53702730163740919	0.58264036247677398	0.61710519615919024	SESSION	false
af0b7f804a8d8337572d6a4a6f2ddcb426defb1f4d5f28ed0fde54882050d00c	a2b3facd10cee4f0909891958654ec1a86b2615c602c30a726ea3c4bf4706c18	OBSOPEN_US30_20240904	2024-09-04	180	61	4	1.00000000000000000	0.53628958781724945	0.55725413349074127	0.54882241952491506	SESSION	false
af0b7f804a8d8337572d6a4a6f2ddcb426defb1f4d5f28ed0fde54882050d00c	a2b3facd10cee4f0909891958654ec1a86b2615c602c30a726ea3c4bf4706c18	OBSOPEN_US30_20240904	2024-09-04	180	61	5	1.00000000000000000	0.53555173939429335	0.64349538034556275	0.70280250918433351	SESSION	false
af0b7f804a8d8337572d6a4a6f2ddcb426defb1f4d5f28ed0fde54882050d00c	a2b3facd10cee4f0909891958654ec1a86b2615c602c30a726ea3c4bf4706c18	OBSOPEN_US30_20240904	2024-09-04	180	61	6	1.00000000000000000	0.53555173939429335	0.69341498315605044	0.69977434122578241	SESSION	false
af0b7f804a8d8337572d6a4a6f2ddcb426defb1f4d5f28ed0fde54882050d00c	a2b3facd10cee4f0909891958654ec1a86b2615c602c30a726ea3c4bf4706c18	OBSOPEN_US30_20240904	2024-09-04	180	61	7	1.00000000000000000	0.53481375923329733	0.72606696191681597	0.71346707770143292	SESSION	false
af0b7f804a8d8337572d6a4a6f2ddcb426defb1f4d5f28ed0fde54882050d00c	a2b3facd10cee4f0909891958654ec1a86b2615c602c30a726ea3c4bf4706c18	OBSOPEN_US30_20240904	2024-09-04	180	61	8	1.00000000000000000	0.53923960685686589	0.76512418292902240	0.74821321488663461	SESSION	false
af0b7f804a8d8337572d6a4a6f2ddcb426defb1f4d5f28ed0fde54882050d00c	a2b3facd10cee4f0909891958654ec1a86b2615c602c30a726ea3c4bf4706c18	OBSOPEN_US30_20240904	2024-09-04	180	61	9	1.00000000000000000	0.53923960685686589	0.76292890679904246	0.72309309952638201	SESSION	false
af0b7f804a8d8337572d6a4a6f2ddcb426defb1f4d5f28ed0fde54882050d00c	a2b3facd10cee4f0909891958654ec1a86b2615c602c30a726ea3c4bf4706c18	OBSOPEN_US30_20240904	2024-09-04	180	61	10	1.00000000000000000	0.53702730163740919	0.73685990293427195	0.68848292012364354	SESSION	false
af0b7f804a8d8337572d6a4a6f2ddcb426defb1f4d5f28ed0fde54882050d00c	a2b3facd10cee4f0909891958654ec1a86b2615c602c30a726ea3c4bf4706c18	OBSOPEN_US30_20240904	2024-09-04	180	61	11	1.00000000000000000	0.53702730163740919	0.74307369557856118	0.70344230340404401	SESSION	false
af0b7f804a8d8337572d6a4a6f2ddcb426defb1f4d5f28ed0fde54882050d00c	a2b3facd10cee4f0909891958654ec1a86b2615c602c30a726ea3c4bf4706c18	OBSOPEN_US30_20240904	2024-09-04	180	61	12	1.00000000000000000	0.53702730163740919	0.77597846517064561	0.73890526415498836	SESSION	false
af0b7f804a8d8337572d6a4a6f2ddcb426defb1f4d5f28ed0fde54882050d00c	a2b3facd10cee4f0909891958654ec1a86b2615c602c30a726ea3c4bf4706c18	OBSOPEN_US30_20240904	2024-09-04	180	61	13	1.00000000000000000	0.53850231401805004	0.73169786886291865	0.68670099706364751	SESSION	false
af0b7f804a8d8337572d6a4a6f2ddcb426defb1f4d5f28ed0fde54882050d00c	a2b3facd10cee4f0909891958654ec1a86b2615c602c30a726ea3c4bf4706c18	OBSOPEN_US30_20240904	2024-09-04	180	61	14	1.00000000000000000	0.53850231401805004	0.66049037732199523	0.61207319567908480	SESSION	false
af0b7f804a8d8337572d6a4a6f2ddcb426defb1f4d5f28ed0fde54882050d00c	a2b3facd10cee4f0909891958654ec1a86b2615c602c30a726ea3c4bf4706c18	OBSOPEN_US30_20240904	2024-09-04	180	61	15	1.00000000000000000	0.53702730163740919	0.58759272381102323	0.53506182034014571	SESSION	false
af0b7f804a8d8337572d6a4a6f2ddcb426defb1f4d5f28ed0fde54882050d00c	a2b3facd10cee4f0909891958654ec1a86b2615c602c30a726ea3c4bf4706c18	OBSOPEN_US30_20240904	2024-09-04	180	61	16	1.00000000000000000	0.53776487799155581	0.54444713197635053	0.48974445347935602	SESSION	false
af0b7f804a8d8337572d6a4a6f2ddcb426defb1f4d5f28ed0fde54882050d00c	a2b3facd10cee4f0909891958654ec1a86b2615c602c30a726ea3c4bf4706c18	OBSOPEN_US30_20240904	2024-09-04	180	61	17	1.00000000000000000	0.53923960685686589	0.52520394501345502	0.48657933402431824	SESSION	false
af0b7f804a8d8337572d6a4a6f2ddcb426defb1f4d5f28ed0fde54882050d00c	a2b3facd10cee4f0909891958654ec1a86b2615c602c30a726ea3c4bf4706c18	OBSOPEN_US30_20240904	2024-09-04	180	61	18	1.00000000000000000	0.53997675364962783	0.52849754548976180	0.50538017599948837	SESSION	false
af0b7f804a8d8337572d6a4a6f2ddcb426defb1f4d5f28ed0fde54882050d00c	a2b3facd10cee4f0909891958654ec1a86b2615c602c30a726ea3c4bf4706c18	OBSOPEN_US30_20240904	2024-09-04	180	61	19	1.00000000000000000	0.54071375153964718	0.58051308387988509	0.55896556344179626	SESSION	false
af0b7f804a8d8337572d6a4a6f2ddcb426defb1f4d5f28ed0fde54882050d00c	a2b3facd10cee4f0909891958654ec1a86b2615c602c30a726ea3c4bf4706c18	OBSOPEN_US30_20240904	2024-09-04	180	61	20	1.00000000000000000	0.53997675364962783	0.55785269065127097	0.52674409578289461	SESSION	false
af0b7f804a8d8337572d6a4a6f2ddcb426defb1f4d5f28ed0fde54882050d00c	a2b3facd10cee4f0909891958654ec1a86b2615c602c30a726ea3c4bf4706c18	OBSOPEN_US30_20240904	2024-09-04	180	61	21	1.00000000000000000	0.53702730163740919	0.52340342440511367	0.48003769279818481	SESSION	false
af0b7f804a8d8337572d6a4a6f2ddcb426defb1f4d5f28ed0fde54882050d00c	a2b3facd10cee4f0909891958654ec1a86b2615c602c30a726ea3c4bf4706c18	OBSOPEN_US30_20240904	2024-09-04	180	61	22	1.00000000000000000	0.53555173939429335	0.54784098997932684	0.49947582093350951	SESSION	false
af0b7f804a8d8337572d6a4a6f2ddcb426defb1f4d5f28ed0fde54882050d00c	a2b3facd10cee4f0909891958654ec1a86b2615c602c30a726ea3c4bf4706c18	OBSOPEN_US30_20240904	2024-09-04	180	61	23	1.00000000000000000	0.53555173939429335	0.58139379431055049	0.53231397280067150	SESSION	false
af0b7f804a8d8337572d6a4a6f2ddcb426defb1f4d5f28ed0fde54882050d00c	a2b3facd10cee4f0909891958654ec1a86b2615c602c30a726ea3c4bf4706c18	OBSOPEN_US30_20240904	2024-09-04	180	61	24	1.00000000000000000	0.53481375923329733	0.62241360767705545	0.57208689131671953	SESSION	false
af0b7f804a8d8337572d6a4a6f2ddcb426defb1f4d5f28ed0fde54882050d00c	a2b3facd10cee4f0909891958654ec1a86b2615c602c30a726ea3c4bf4706c18	OBSOPEN_US30_20240904	2024-09-04	180	61	25	1.00000000000000000	0.53702730163740919	0.63866341665370185	0.59191260290745695	SESSION	false
af0b7f804a8d8337572d6a4a6f2ddcb426defb1f4d5f28ed0fde54882050d00c	a2b3facd10cee4f0909891958654ec1a86b2615c602c30a726ea3c4bf4706c18	OBSOPEN_US30_20240904	2024-09-04	180	61	26	1.00000000000000000	0.53481375923329733	0.59260599965533034	0.53642561478745221	SESSION	false
af0b7f804a8d8337572d6a4a6f2ddcb426defb1f4d5f28ed0fde54882050d00c	a2b3facd10cee4f0909891958654ec1a86b2615c602c30a726ea3c4bf4706c18	OBSOPEN_US30_20240904	2024-09-04	180	61	27	1.00000000000000000	0.53407565020052150	0.64899472782757894	0.61368980572528831	SESSION	false
af0b7f804a8d8337572d6a4a6f2ddcb426defb1f4d5f28ed0fde54882050d00c	a2b3facd10cee4f0909891958654ec1a86b2615c602c30a726ea3c4bf4706c18	OBSOPEN_US30_20240904	2024-09-04	180	61	28	1.00000000000000000	0.53481375923329733	0.72764061135734415	0.68846854219897424	SESSION	false
af0b7f804a8d8337572d6a4a6f2ddcb426defb1f4d5f28ed0fde54882050d00c	a2b3facd10cee4f0909891958654ec1a86b2615c602c30a726ea3c4bf4706c18	OBSOPEN_US30_20240904	2024-09-04	180	61	29	1.00000000000000000	0.53407565020052150	0.73374104720511080	0.68077766858761535	SESSION	false
af0b7f804a8d8337572d6a4a6f2ddcb426defb1f4d5f28ed0fde54882050d00c	a2b3facd10cee4f0909891958654ec1a86b2615c602c30a726ea3c4bf4706c18	OBSOPEN_US30_20240904	2024-09-04	180	61	30	1.00000000000000000	0.53407565020052150	0.73133404091236132	0.67948833938019693	SESSION	false
af0b7f804a8d8337572d6a4a6f2ddcb426defb1f4d5f28ed0fde54882050d00c	a2b3facd10cee4f0909891958654ec1a86b2615c602c30a726ea3c4bf4706c18	OBSOPEN_US30_20240911	2024-09-11	180	62	1	0.00000000000000000	0.53677039834323015	0.52579460617349039	0.49234575478614528	SESSION	false
af0b7f804a8d8337572d6a4a6f2ddcb426defb1f4d5f28ed0fde54882050d00c	a2b3facd10cee4f0909891958654ec1a86b2615c602c30a726ea3c4bf4706c18	OBSOPEN_US30_20240911	2024-09-11	180	62	2	0.00000000000000000	0.53702730163740919	0.41840421062392591	0.33829412955630378	SESSION	false
af0b7f804a8d8337572d6a4a6f2ddcb426defb1f4d5f28ed0fde54882050d00c	a2b3facd10cee4f0909891958654ec1a86b2615c602c30a726ea3c4bf4706c18	OBSOPEN_US30_20240911	2024-09-11	180	62	3	0.00000000000000000	0.53702730163740919	0.39517735919783309	0.33104307056931509	SESSION	false
af0b7f804a8d8337572d6a4a6f2ddcb426defb1f4d5f28ed0fde54882050d00c	a2b3facd10cee4f0909891958654ec1a86b2615c602c30a726ea3c4bf4706c18	OBSOPEN_US30_20240911	2024-09-11	180	62	4	0.00000000000000000	0.53628958781724945	0.35727695308554569	0.29940212656607101	SESSION	false
af0b7f804a8d8337572d6a4a6f2ddcb426defb1f4d5f28ed0fde54882050d00c	a2b3facd10cee4f0909891958654ec1a86b2615c602c30a726ea3c4bf4706c18	OBSOPEN_US30_20240911	2024-09-11	180	62	5	0.00000000000000000	0.53555173939429335	0.32397726548074229	0.29237697094510051	SESSION	false
af0b7f804a8d8337572d6a4a6f2ddcb426defb1f4d5f28ed0fde54882050d00c	a2b3facd10cee4f0909891958654ec1a86b2615c602c30a726ea3c4bf4706c18	OBSOPEN_US30_20240911	2024-09-11	180	62	6	0.00000000000000000	0.53555173939429335	0.28962034999316294	0.28631204783840791	SESSION	false
af0b7f804a8d8337572d6a4a6f2ddcb426defb1f4d5f28ed0fde54882050d00c	a2b3facd10cee4f0909891958654ec1a86b2615c602c30a726ea3c4bf4706c18	OBSOPEN_US30_20240911	2024-09-11	180	62	7	0.00000000000000000	0.53481375923329733	0.29379294791734556	0.29105108587514911	SESSION	false
af0b7f804a8d8337572d6a4a6f2ddcb426defb1f4d5f28ed0fde54882050d00c	a2b3facd10cee4f0909891958654ec1a86b2615c602c30a726ea3c4bf4706c18	OBSOPEN_US30_20240911	2024-09-11	180	62	8	0.00000000000000000	0.53923960685686589	0.33144449173983637	0.34240223455568203	SESSION	false
af0b7f804a8d8337572d6a4a6f2ddcb426defb1f4d5f28ed0fde54882050d00c	a2b3facd10cee4f0909891958654ec1a86b2615c602c30a726ea3c4bf4706c18	OBSOPEN_US30_20240911	2024-09-11	180	62	9	0.00000000000000000	0.53923960685686589	0.32617962904305842	0.33381113634765952	SESSION	false
af0b7f804a8d8337572d6a4a6f2ddcb426defb1f4d5f28ed0fde54882050d00c	a2b3facd10cee4f0909891958654ec1a86b2615c602c30a726ea3c4bf4706c18	OBSOPEN_US30_20240911	2024-09-11	180	62	10	0.00000000000000000	0.53702730163740919	0.28273747701232949	0.29781389236438871	SESSION	false
af0b7f804a8d8337572d6a4a6f2ddcb426defb1f4d5f28ed0fde54882050d00c	a2b3facd10cee4f0909891958654ec1a86b2615c602c30a726ea3c4bf4706c18	OBSOPEN_US30_20240911	2024-09-11	180	62	11	0.00000000000000000	0.53702730163740919	0.27436616743474029	0.30184338824480966	SESSION	false
af0b7f804a8d8337572d6a4a6f2ddcb426defb1f4d5f28ed0fde54882050d00c	a2b3facd10cee4f0909891958654ec1a86b2615c602c30a726ea3c4bf4706c18	OBSOPEN_US30_20240911	2024-09-11	180	62	12	0.00000000000000000	0.53702730163740919	0.26779657936277657	0.29948696047946588	SESSION	false
af0b7f804a8d8337572d6a4a6f2ddcb426defb1f4d5f28ed0fde54882050d00c	a2b3facd10cee4f0909891958654ec1a86b2615c602c30a726ea3c4bf4706c18	OBSOPEN_US30_20240911	2024-09-11	180	62	13	0.00000000000000000	0.53850231401805004	0.26703365299897974	0.30909502772775754	SESSION	false
af0b7f804a8d8337572d6a4a6f2ddcb426defb1f4d5f28ed0fde54882050d00c	a2b3facd10cee4f0909891958654ec1a86b2615c602c30a726ea3c4bf4706c18	OBSOPEN_US30_20240911	2024-09-11	180	62	14	0.00000000000000000	0.53850231401805004	0.25904258147963877	0.30661727635185698	SESSION	false
af0b7f804a8d8337572d6a4a6f2ddcb426defb1f4d5f28ed0fde54882050d00c	a2b3facd10cee4f0909891958654ec1a86b2615c602c30a726ea3c4bf4706c18	OBSOPEN_US30_20240911	2024-09-11	180	62	15	0.00000000000000000	0.53702730163740919	0.27076924273471686	0.31808737383356378	SESSION	false
af0b7f804a8d8337572d6a4a6f2ddcb426defb1f4d5f28ed0fde54882050d00c	a2b3facd10cee4f0909891958654ec1a86b2615c602c30a726ea3c4bf4706c18	OBSOPEN_US30_20240911	2024-09-11	180	62	16	0.00000000000000000	0.53776487799155581	0.30589090564001681	0.33767084668505976	SESSION	false
af0b7f804a8d8337572d6a4a6f2ddcb426defb1f4d5f28ed0fde54882050d00c	a2b3facd10cee4f0909891958654ec1a86b2615c602c30a726ea3c4bf4706c18	OBSOPEN_US30_20240911	2024-09-11	180	62	17	0.00000000000000000	0.53923960685686589	0.26639778295576377	0.31818953947098350	SESSION	false
af0b7f804a8d8337572d6a4a6f2ddcb426defb1f4d5f28ed0fde54882050d00c	a2b3facd10cee4f0909891958654ec1a86b2615c602c30a726ea3c4bf4706c18	OBSOPEN_US30_20240911	2024-09-11	180	62	18	0.00000000000000000	0.53997675364962783	0.24616937180071694	0.31835461058882736	SESSION	false
af0b7f804a8d8337572d6a4a6f2ddcb426defb1f4d5f28ed0fde54882050d00c	a2b3facd10cee4f0909891958654ec1a86b2615c602c30a726ea3c4bf4706c18	OBSOPEN_US30_20240911	2024-09-11	180	62	19	0.00000000000000000	0.54071375153964718	0.24318465350226789	0.31515531499436106	SESSION	false
af0b7f804a8d8337572d6a4a6f2ddcb426defb1f4d5f28ed0fde54882050d00c	a2b3facd10cee4f0909891958654ec1a86b2615c602c30a726ea3c4bf4706c18	OBSOPEN_US30_20240911	2024-09-11	180	62	20	0.00000000000000000	0.53997675364962783	0.23265577563738352	0.30764710986665605	SESSION	false
af0b7f804a8d8337572d6a4a6f2ddcb426defb1f4d5f28ed0fde54882050d00c	a2b3facd10cee4f0909891958654ec1a86b2615c602c30a726ea3c4bf4706c18	OBSOPEN_US30_20240911	2024-09-11	180	62	21	0.00000000000000000	0.53702730163740919	0.22195197794843891	0.29231825532648276	SESSION	false
af0b7f804a8d8337572d6a4a6f2ddcb426defb1f4d5f28ed0fde54882050d00c	a2b3facd10cee4f0909891958654ec1a86b2615c602c30a726ea3c4bf4706c18	OBSOPEN_US30_20240911	2024-09-11	180	62	22	0.00000000000000000	0.53555173939429335	0.21909253097368728	0.28810597708101293	SESSION	false
af0b7f804a8d8337572d6a4a6f2ddcb426defb1f4d5f28ed0fde54882050d00c	a2b3facd10cee4f0909891958654ec1a86b2615c602c30a726ea3c4bf4706c18	OBSOPEN_US30_20240911	2024-09-11	180	62	23	0.00000000000000000	0.53555173939429335	0.21772024794786929	0.28783560690438242	SESSION	false
af0b7f804a8d8337572d6a4a6f2ddcb426defb1f4d5f28ed0fde54882050d00c	a2b3facd10cee4f0909891958654ec1a86b2615c602c30a726ea3c4bf4706c18	OBSOPEN_US30_20240911	2024-09-11	180	62	24	0.00000000000000000	0.53481375923329733	0.25110859971497507	0.30795510653865449	SESSION	false
af0b7f804a8d8337572d6a4a6f2ddcb426defb1f4d5f28ed0fde54882050d00c	a2b3facd10cee4f0909891958654ec1a86b2615c602c30a726ea3c4bf4706c18	OBSOPEN_US30_20240911	2024-09-11	180	62	25	0.00000000000000000	0.53702730163740919	0.26529520594468819	0.31936260530554172	SESSION	false
af0b7f804a8d8337572d6a4a6f2ddcb426defb1f4d5f28ed0fde54882050d00c	a2b3facd10cee4f0909891958654ec1a86b2615c602c30a726ea3c4bf4706c18	OBSOPEN_US30_20240911	2024-09-11	180	62	26	0.00000000000000000	0.53481375923329733	0.24533037887832485	0.29853850503945983	SESSION	false
af0b7f804a8d8337572d6a4a6f2ddcb426defb1f4d5f28ed0fde54882050d00c	a2b3facd10cee4f0909891958654ec1a86b2615c602c30a726ea3c4bf4706c18	OBSOPEN_US30_20240911	2024-09-11	180	62	27	0.00000000000000000	0.53407565020052150	0.20987211765414573	0.27804015367786933	SESSION	false
af0b7f804a8d8337572d6a4a6f2ddcb426defb1f4d5f28ed0fde54882050d00c	a2b3facd10cee4f0909891958654ec1a86b2615c602c30a726ea3c4bf4706c18	OBSOPEN_US30_20240911	2024-09-11	180	62	28	0.00000000000000000	0.53481375923329733	0.19382759800710600	0.27894597016355632	SESSION	false
af0b7f804a8d8337572d6a4a6f2ddcb426defb1f4d5f28ed0fde54882050d00c	a2b3facd10cee4f0909891958654ec1a86b2615c602c30a726ea3c4bf4706c18	OBSOPEN_US30_20240911	2024-09-11	180	62	29	0.00000000000000000	0.53407565020052150	0.21244836054713989	0.29372983531296304	SESSION	false
af0b7f804a8d8337572d6a4a6f2ddcb426defb1f4d5f28ed0fde54882050d00c	a2b3facd10cee4f0909891958654ec1a86b2615c602c30a726ea3c4bf4706c18	OBSOPEN_US30_20240911	2024-09-11	180	62	30	0.00000000000000000	0.53407565020052150	0.20215838048107668	0.27922828958304097	SESSION	false
af0b7f804a8d8337572d6a4a6f2ddcb426defb1f4d5f28ed0fde54882050d00c	a2b3facd10cee4f0909891958654ec1a86b2615c602c30a726ea3c4bf4706c18	OBSOPEN_US30_20240912	2024-09-12	180	63	1	0.00000000000000000	0.53677039834323015	0.51726760101050473	0.57687294403006240	SESSION	false
af0b7f804a8d8337572d6a4a6f2ddcb426defb1f4d5f28ed0fde54882050d00c	a2b3facd10cee4f0909891958654ec1a86b2615c602c30a726ea3c4bf4706c18	OBSOPEN_US30_20240912	2024-09-12	180	63	2	0.00000000000000000	0.53702730163740919	0.62235926435557087	0.68263335627476229	SESSION	false
af0b7f804a8d8337572d6a4a6f2ddcb426defb1f4d5f28ed0fde54882050d00c	a2b3facd10cee4f0909891958654ec1a86b2615c602c30a726ea3c4bf4706c18	OBSOPEN_US30_20240912	2024-09-12	180	63	3	0.00000000000000000	0.53702730163740919	0.64629997944204709	0.60281112224156319	SESSION	false
af0b7f804a8d8337572d6a4a6f2ddcb426defb1f4d5f28ed0fde54882050d00c	a2b3facd10cee4f0909891958654ec1a86b2615c602c30a726ea3c4bf4706c18	OBSOPEN_US30_20240912	2024-09-12	180	63	4	0.00000000000000000	0.53628958781724945	0.48821027379157933	0.41938950134636932	SESSION	false
af0b7f804a8d8337572d6a4a6f2ddcb426defb1f4d5f28ed0fde54882050d00c	a2b3facd10cee4f0909891958654ec1a86b2615c602c30a726ea3c4bf4706c18	OBSOPEN_US30_20240912	2024-09-12	180	63	5	0.00000000000000000	0.53555173939429335	0.42610615203422247	0.34293026029898116	SESSION	false
af0b7f804a8d8337572d6a4a6f2ddcb426defb1f4d5f28ed0fde54882050d00c	a2b3facd10cee4f0909891958654ec1a86b2615c602c30a726ea3c4bf4706c18	OBSOPEN_US30_20240912	2024-09-12	180	63	6	0.00000000000000000	0.53555173939429335	0.49432973722581408	0.46755030358199134	SESSION	false
af0b7f804a8d8337572d6a4a6f2ddcb426defb1f4d5f28ed0fde54882050d00c	a2b3facd10cee4f0909891958654ec1a86b2615c602c30a726ea3c4bf4706c18	OBSOPEN_US30_20240912	2024-09-12	180	63	7	0.00000000000000000	0.53481375923329733	0.55724358483718073	0.49868625944195849	SESSION	false
af0b7f804a8d8337572d6a4a6f2ddcb426defb1f4d5f28ed0fde54882050d00c	a2b3facd10cee4f0909891958654ec1a86b2615c602c30a726ea3c4bf4706c18	OBSOPEN_US30_20240912	2024-09-12	180	63	8	0.00000000000000000	0.53923960685686589	0.51479136384320090	0.46884330301740373	SESSION	false
af0b7f804a8d8337572d6a4a6f2ddcb426defb1f4d5f28ed0fde54882050d00c	a2b3facd10cee4f0909891958654ec1a86b2615c602c30a726ea3c4bf4706c18	OBSOPEN_US30_20240912	2024-09-12	180	63	9	0.00000000000000000	0.53923960685686589	0.44649192119171960	0.39075069023002729	SESSION	false
af0b7f804a8d8337572d6a4a6f2ddcb426defb1f4d5f28ed0fde54882050d00c	a2b3facd10cee4f0909891958654ec1a86b2615c602c30a726ea3c4bf4706c18	OBSOPEN_US30_20240912	2024-09-12	180	63	10	0.00000000000000000	0.53702730163740919	0.42552669504860252	0.36637234587154932	SESSION	false
af0b7f804a8d8337572d6a4a6f2ddcb426defb1f4d5f28ed0fde54882050d00c	a2b3facd10cee4f0909891958654ec1a86b2615c602c30a726ea3c4bf4706c18	OBSOPEN_US30_20240912	2024-09-12	180	63	11	0.00000000000000000	0.53702730163740919	0.45963818701375247	0.41448686761797959	SESSION	false
af0b7f804a8d8337572d6a4a6f2ddcb426defb1f4d5f28ed0fde54882050d00c	a2b3facd10cee4f0909891958654ec1a86b2615c602c30a726ea3c4bf4706c18	OBSOPEN_US30_20240912	2024-09-12	180	63	12	0.00000000000000000	0.53702730163740919	0.41852754829966160	0.35393319918658178	SESSION	false
af0b7f804a8d8337572d6a4a6f2ddcb426defb1f4d5f28ed0fde54882050d00c	a2b3facd10cee4f0909891958654ec1a86b2615c602c30a726ea3c4bf4706c18	OBSOPEN_US30_20240912	2024-09-12	180	63	13	0.00000000000000000	0.53850231401805004	0.37292692510891140	0.33192331680820808	SESSION	false
af0b7f804a8d8337572d6a4a6f2ddcb426defb1f4d5f28ed0fde54882050d00c	a2b3facd10cee4f0909891958654ec1a86b2615c602c30a726ea3c4bf4706c18	OBSOPEN_US30_20240912	2024-09-12	180	63	14	0.00000000000000000	0.53850231401805004	0.35458654872138606	0.33188367152887510	SESSION	false
af0b7f804a8d8337572d6a4a6f2ddcb426defb1f4d5f28ed0fde54882050d00c	a2b3facd10cee4f0909891958654ec1a86b2615c602c30a726ea3c4bf4706c18	OBSOPEN_US30_20240912	2024-09-12	180	63	15	0.00000000000000000	0.53702730163740919	0.36988973938057856	0.32980674856480818	SESSION	false
af0b7f804a8d8337572d6a4a6f2ddcb426defb1f4d5f28ed0fde54882050d00c	a2b3facd10cee4f0909891958654ec1a86b2615c602c30a726ea3c4bf4706c18	OBSOPEN_US30_20240912	2024-09-12	180	63	16	0.00000000000000000	0.53776487799155581	0.36637458470012568	0.32770693806217760	SESSION	false
af0b7f804a8d8337572d6a4a6f2ddcb426defb1f4d5f28ed0fde54882050d00c	a2b3facd10cee4f0909891958654ec1a86b2615c602c30a726ea3c4bf4706c18	OBSOPEN_US30_20240912	2024-09-12	180	63	17	0.00000000000000000	0.53923960685686589	0.33359412822691248	0.31279492280914789	SESSION	false
af0b7f804a8d8337572d6a4a6f2ddcb426defb1f4d5f28ed0fde54882050d00c	a2b3facd10cee4f0909891958654ec1a86b2615c602c30a726ea3c4bf4706c18	OBSOPEN_US30_20240912	2024-09-12	180	63	18	0.00000000000000000	0.53997675364962783	0.32850289114558906	0.33991360744260923	SESSION	false
af0b7f804a8d8337572d6a4a6f2ddcb426defb1f4d5f28ed0fde54882050d00c	a2b3facd10cee4f0909891958654ec1a86b2615c602c30a726ea3c4bf4706c18	OBSOPEN_US30_20240912	2024-09-12	180	63	19	1.00000000000000000	0.54071375153964718	0.29773082803689926	0.32477046731818821	SESSION	false
af0b7f804a8d8337572d6a4a6f2ddcb426defb1f4d5f28ed0fde54882050d00c	a2b3facd10cee4f0909891958654ec1a86b2615c602c30a726ea3c4bf4706c18	OBSOPEN_US30_20240912	2024-09-12	180	63	20	1.00000000000000000	0.53997675364962783	0.29021761037098887	0.33357760595488123	SESSION	false
af0b7f804a8d8337572d6a4a6f2ddcb426defb1f4d5f28ed0fde54882050d00c	a2b3facd10cee4f0909891958654ec1a86b2615c602c30a726ea3c4bf4706c18	OBSOPEN_US30_20240912	2024-09-12	180	63	21	1.00000000000000000	0.53702730163740919	0.29965804888054748	0.32039474094823761	SESSION	false
af0b7f804a8d8337572d6a4a6f2ddcb426defb1f4d5f28ed0fde54882050d00c	a2b3facd10cee4f0909891958654ec1a86b2615c602c30a726ea3c4bf4706c18	OBSOPEN_US30_20240912	2024-09-12	180	63	22	1.00000000000000000	0.53555173939429335	0.28772563976026144	0.30992039239079261	SESSION	false
af0b7f804a8d8337572d6a4a6f2ddcb426defb1f4d5f28ed0fde54882050d00c	a2b3facd10cee4f0909891958654ec1a86b2615c602c30a726ea3c4bf4706c18	OBSOPEN_US30_20240912	2024-09-12	180	63	23	1.00000000000000000	0.53555173939429335	0.36393158287875699	0.36720801671687509	SESSION	false
af0b7f804a8d8337572d6a4a6f2ddcb426defb1f4d5f28ed0fde54882050d00c	a2b3facd10cee4f0909891958654ec1a86b2615c602c30a726ea3c4bf4706c18	OBSOPEN_US30_20240912	2024-09-12	180	63	24	0.00000000000000000	0.53481375923329733	0.35268449757807596	0.34058835827254508	SESSION	false
af0b7f804a8d8337572d6a4a6f2ddcb426defb1f4d5f28ed0fde54882050d00c	a2b3facd10cee4f0909891958654ec1a86b2615c602c30a726ea3c4bf4706c18	OBSOPEN_US30_20240912	2024-09-12	180	63	25	0.00000000000000000	0.53702730163740919	0.31249989350505619	0.32505608571142280	SESSION	false
af0b7f804a8d8337572d6a4a6f2ddcb426defb1f4d5f28ed0fde54882050d00c	a2b3facd10cee4f0909891958654ec1a86b2615c602c30a726ea3c4bf4706c18	OBSOPEN_US30_20240912	2024-09-12	180	63	26	0.00000000000000000	0.53481375923329733	0.29368306439665687	0.30920383948510555	SESSION	false
af0b7f804a8d8337572d6a4a6f2ddcb426defb1f4d5f28ed0fde54882050d00c	a2b3facd10cee4f0909891958654ec1a86b2615c602c30a726ea3c4bf4706c18	OBSOPEN_US30_20240912	2024-09-12	180	63	27	0.00000000000000000	0.53407565020052150	0.30795485506859216	0.31304929490481287	SESSION	false
af0b7f804a8d8337572d6a4a6f2ddcb426defb1f4d5f28ed0fde54882050d00c	a2b3facd10cee4f0909891958654ec1a86b2615c602c30a726ea3c4bf4706c18	OBSOPEN_US30_20240912	2024-09-12	180	63	28	0.00000000000000000	0.53481375923329733	0.29386934335198506	0.30831131883997703	SESSION	false
af0b7f804a8d8337572d6a4a6f2ddcb426defb1f4d5f28ed0fde54882050d00c	a2b3facd10cee4f0909891958654ec1a86b2615c602c30a726ea3c4bf4706c18	OBSOPEN_US30_20240912	2024-09-12	180	63	29	0.00000000000000000	0.53407565020052150	0.27263267629216426	0.29017227138607593	SESSION	false
af0b7f804a8d8337572d6a4a6f2ddcb426defb1f4d5f28ed0fde54882050d00c	a2b3facd10cee4f0909891958654ec1a86b2615c602c30a726ea3c4bf4706c18	OBSOPEN_US30_20240912	2024-09-12	180	63	30	0.00000000000000000	0.53407565020052150	0.25072285925672766	0.27662324510493880	SESSION	false
af0b7f804a8d8337572d6a4a6f2ddcb426defb1f4d5f28ed0fde54882050d00c	a2b3facd10cee4f0909891958654ec1a86b2615c602c30a726ea3c4bf4706c18	OBSOPEN_US30_20240918	2024-09-18	180	64	1	0.00000000000000000	0.53677039834323015	0.50651449809693305	0.46386594499228584	SESSION	false
af0b7f804a8d8337572d6a4a6f2ddcb426defb1f4d5f28ed0fde54882050d00c	a2b3facd10cee4f0909891958654ec1a86b2615c602c30a726ea3c4bf4706c18	OBSOPEN_US30_20240918	2024-09-18	180	64	2	0.00000000000000000	0.53702730163740919	0.44789179505874416	0.37520531242735633	SESSION	false
af0b7f804a8d8337572d6a4a6f2ddcb426defb1f4d5f28ed0fde54882050d00c	a2b3facd10cee4f0909891958654ec1a86b2615c602c30a726ea3c4bf4706c18	OBSOPEN_US30_20240918	2024-09-18	180	64	3	0.00000000000000000	0.53702730163740919	0.40402582271402426	0.30921120538085495	SESSION	false
af0b7f804a8d8337572d6a4a6f2ddcb426defb1f4d5f28ed0fde54882050d00c	a2b3facd10cee4f0909891958654ec1a86b2615c602c30a726ea3c4bf4706c18	OBSOPEN_US30_20240918	2024-09-18	180	64	4	0.00000000000000000	0.53628958781724945	0.44184671891738825	0.38585947774879725	SESSION	false
af0b7f804a8d8337572d6a4a6f2ddcb426defb1f4d5f28ed0fde54882050d00c	a2b3facd10cee4f0909891958654ec1a86b2615c602c30a726ea3c4bf4706c18	OBSOPEN_US30_20240918	2024-09-18	180	64	5	0.00000000000000000	0.53555173939429335	0.49416800081996026	0.42141433921008875	SESSION	false
af0b7f804a8d8337572d6a4a6f2ddcb426defb1f4d5f28ed0fde54882050d00c	a2b3facd10cee4f0909891958654ec1a86b2615c602c30a726ea3c4bf4706c18	OBSOPEN_US30_20240918	2024-09-18	180	64	6	0.00000000000000000	0.53555173939429335	0.51380610534782334	0.47391259603584257	SESSION	false
af0b7f804a8d8337572d6a4a6f2ddcb426defb1f4d5f28ed0fde54882050d00c	a2b3facd10cee4f0909891958654ec1a86b2615c602c30a726ea3c4bf4706c18	OBSOPEN_US30_20240918	2024-09-18	180	64	7	0.00000000000000000	0.53481375923329733	0.50694458953748378	0.44272177283556552	SESSION	false
af0b7f804a8d8337572d6a4a6f2ddcb426defb1f4d5f28ed0fde54882050d00c	a2b3facd10cee4f0909891958654ec1a86b2615c602c30a726ea3c4bf4706c18	OBSOPEN_US30_20240918	2024-09-18	180	64	8	0.00000000000000000	0.53923960685686589	0.52043242590186223	0.49955448044827283	SESSION	false
af0b7f804a8d8337572d6a4a6f2ddcb426defb1f4d5f28ed0fde54882050d00c	a2b3facd10cee4f0909891958654ec1a86b2615c602c30a726ea3c4bf4706c18	OBSOPEN_US30_20240918	2024-09-18	180	64	9	0.00000000000000000	0.53923960685686589	0.58186203600074393	0.58529403773591437	SESSION	false
af0b7f804a8d8337572d6a4a6f2ddcb426defb1f4d5f28ed0fde54882050d00c	a2b3facd10cee4f0909891958654ec1a86b2615c602c30a726ea3c4bf4706c18	OBSOPEN_US30_20240918	2024-09-18	180	64	10	0.00000000000000000	0.53702730163740919	0.59478739009079706	0.57989380527090439	SESSION	false
af0b7f804a8d8337572d6a4a6f2ddcb426defb1f4d5f28ed0fde54882050d00c	a2b3facd10cee4f0909891958654ec1a86b2615c602c30a726ea3c4bf4706c18	OBSOPEN_US30_20240918	2024-09-18	180	64	11	0.00000000000000000	0.53702730163740919	0.60124572252308950	0.58765780096368514	SESSION	false
af0b7f804a8d8337572d6a4a6f2ddcb426defb1f4d5f28ed0fde54882050d00c	a2b3facd10cee4f0909891958654ec1a86b2615c602c30a726ea3c4bf4706c18	OBSOPEN_US30_20240918	2024-09-18	180	64	12	0.00000000000000000	0.53702730163740919	0.57321877122814380	0.55315341098651549	SESSION	false
af0b7f804a8d8337572d6a4a6f2ddcb426defb1f4d5f28ed0fde54882050d00c	a2b3facd10cee4f0909891958654ec1a86b2615c602c30a726ea3c4bf4706c18	OBSOPEN_US30_20240918	2024-09-18	180	64	13	0.00000000000000000	0.53850231401805004	0.53189641634611962	0.50368879809862843	SESSION	false
af0b7f804a8d8337572d6a4a6f2ddcb426defb1f4d5f28ed0fde54882050d00c	a2b3facd10cee4f0909891958654ec1a86b2615c602c30a726ea3c4bf4706c18	OBSOPEN_US30_20240918	2024-09-18	180	64	14	0.00000000000000000	0.53850231401805004	0.54148229826268768	0.52983412093161231	SESSION	false
af0b7f804a8d8337572d6a4a6f2ddcb426defb1f4d5f28ed0fde54882050d00c	a2b3facd10cee4f0909891958654ec1a86b2615c602c30a726ea3c4bf4706c18	OBSOPEN_US30_20240918	2024-09-18	180	64	15	0.00000000000000000	0.53702730163740919	0.55062786178643974	0.52598670765909672	SESSION	false
af0b7f804a8d8337572d6a4a6f2ddcb426defb1f4d5f28ed0fde54882050d00c	a2b3facd10cee4f0909891958654ec1a86b2615c602c30a726ea3c4bf4706c18	OBSOPEN_US30_20240918	2024-09-18	180	64	16	0.00000000000000000	0.53776487799155581	0.53123943880912317	0.49630005528920651	SESSION	false
af0b7f804a8d8337572d6a4a6f2ddcb426defb1f4d5f28ed0fde54882050d00c	a2b3facd10cee4f0909891958654ec1a86b2615c602c30a726ea3c4bf4706c18	OBSOPEN_US30_20240918	2024-09-18	180	64	17	0.00000000000000000	0.53923960685686589	0.49269505812012138	0.45657740664079272	SESSION	false
af0b7f804a8d8337572d6a4a6f2ddcb426defb1f4d5f28ed0fde54882050d00c	a2b3facd10cee4f0909891958654ec1a86b2615c602c30a726ea3c4bf4706c18	OBSOPEN_US30_20240918	2024-09-18	180	64	18	0.00000000000000000	0.53997675364962783	0.48752294270711111	0.46182241705499366	SESSION	false
af0b7f804a8d8337572d6a4a6f2ddcb426defb1f4d5f28ed0fde54882050d00c	a2b3facd10cee4f0909891958654ec1a86b2615c602c30a726ea3c4bf4706c18	OBSOPEN_US30_20240918	2024-09-18	180	64	19	0.00000000000000000	0.54071375153964718	0.46868231242693176	0.43186839906974683	SESSION	false
af0b7f804a8d8337572d6a4a6f2ddcb426defb1f4d5f28ed0fde54882050d00c	a2b3facd10cee4f0909891958654ec1a86b2615c602c30a726ea3c4bf4706c18	OBSOPEN_US30_20240918	2024-09-18	180	64	20	0.00000000000000000	0.53997675364962783	0.44795139186559624	0.40237972053910137	SESSION	false
af0b7f804a8d8337572d6a4a6f2ddcb426defb1f4d5f28ed0fde54882050d00c	a2b3facd10cee4f0909891958654ec1a86b2615c602c30a726ea3c4bf4706c18	OBSOPEN_US30_20240918	2024-09-18	180	64	21	0.00000000000000000	0.53702730163740919	0.41267888540399655	0.35796221329137351	SESSION	false
af0b7f804a8d8337572d6a4a6f2ddcb426defb1f4d5f28ed0fde54882050d00c	a2b3facd10cee4f0909891958654ec1a86b2615c602c30a726ea3c4bf4706c18	OBSOPEN_US30_20240918	2024-09-18	180	64	22	0.00000000000000000	0.53555173939429335	0.42356802672136545	0.35883545297575936	SESSION	false
af0b7f804a8d8337572d6a4a6f2ddcb426defb1f4d5f28ed0fde54882050d00c	a2b3facd10cee4f0909891958654ec1a86b2615c602c30a726ea3c4bf4706c18	OBSOPEN_US30_20240918	2024-09-18	180	64	23	0.00000000000000000	0.53555173939429335	0.38877105381818228	0.31057482907938971	SESSION	false
af0b7f804a8d8337572d6a4a6f2ddcb426defb1f4d5f28ed0fde54882050d00c	a2b3facd10cee4f0909891958654ec1a86b2615c602c30a726ea3c4bf4706c18	OBSOPEN_US30_20240918	2024-09-18	180	64	24	0.00000000000000000	0.53481375923329733	0.37203426439549725	0.29692643707188587	SESSION	false
af0b7f804a8d8337572d6a4a6f2ddcb426defb1f4d5f28ed0fde54882050d00c	a2b3facd10cee4f0909891958654ec1a86b2615c602c30a726ea3c4bf4706c18	OBSOPEN_US30_20240918	2024-09-18	180	64	25	0.00000000000000000	0.53702730163740919	0.36883718680839922	0.30072825449232204	SESSION	false
af0b7f804a8d8337572d6a4a6f2ddcb426defb1f4d5f28ed0fde54882050d00c	a2b3facd10cee4f0909891958654ec1a86b2615c602c30a726ea3c4bf4706c18	OBSOPEN_US30_20240918	2024-09-18	180	64	26	0.00000000000000000	0.53481375923329733	0.35496567795661044	0.28360186844703017	SESSION	false
af0b7f804a8d8337572d6a4a6f2ddcb426defb1f4d5f28ed0fde54882050d00c	a2b3facd10cee4f0909891958654ec1a86b2615c602c30a726ea3c4bf4706c18	OBSOPEN_US30_20240918	2024-09-18	180	64	27	0.00000000000000000	0.53407565020052150	0.34870284234590848	0.27725599255627686	SESSION	false
af0b7f804a8d8337572d6a4a6f2ddcb426defb1f4d5f28ed0fde54882050d00c	a2b3facd10cee4f0909891958654ec1a86b2615c602c30a726ea3c4bf4706c18	OBSOPEN_US30_20240918	2024-09-18	180	64	28	0.00000000000000000	0.53481375923329733	0.35435468851558816	0.28798425189067373	SESSION	false
af0b7f804a8d8337572d6a4a6f2ddcb426defb1f4d5f28ed0fde54882050d00c	a2b3facd10cee4f0909891958654ec1a86b2615c602c30a726ea3c4bf4706c18	OBSOPEN_US30_20240918	2024-09-18	180	64	29	0.00000000000000000	0.53407565020052150	0.36016293133990607	0.29195031350662132	SESSION	false
af0b7f804a8d8337572d6a4a6f2ddcb426defb1f4d5f28ed0fde54882050d00c	a2b3facd10cee4f0909891958654ec1a86b2615c602c30a726ea3c4bf4706c18	OBSOPEN_US30_20240918	2024-09-18	180	64	30	0.00000000000000000	0.53407565020052150	0.36932319629040472	0.30542552320360605	SESSION	false
af0b7f804a8d8337572d6a4a6f2ddcb426defb1f4d5f28ed0fde54882050d00c	a2b3facd10cee4f0909891958654ec1a86b2615c602c30a726ea3c4bf4706c18	OBSOPEN_US30_20240930	2024-09-30	180	65	1	0.00000000000000000	0.53677039834323015	0.49811572489369493	0.46404055415921402	SESSION	false
af0b7f804a8d8337572d6a4a6f2ddcb426defb1f4d5f28ed0fde54882050d00c	a2b3facd10cee4f0909891958654ec1a86b2615c602c30a726ea3c4bf4706c18	OBSOPEN_US30_20240930	2024-09-30	180	65	2	1.00000000000000000	0.53702730163740919	0.46264504819498048	0.38535247852165277	SESSION	false
af0b7f804a8d8337572d6a4a6f2ddcb426defb1f4d5f28ed0fde54882050d00c	a2b3facd10cee4f0909891958654ec1a86b2615c602c30a726ea3c4bf4706c18	OBSOPEN_US30_20240930	2024-09-30	180	65	3	1.00000000000000000	0.53702730163740919	0.40979300228648297	0.33392705518466759	SESSION	false
af0b7f804a8d8337572d6a4a6f2ddcb426defb1f4d5f28ed0fde54882050d00c	a2b3facd10cee4f0909891958654ec1a86b2615c602c30a726ea3c4bf4706c18	OBSOPEN_US30_20240930	2024-09-30	180	65	4	1.00000000000000000	0.53628958781724945	0.43302179658205087	0.37582662298847425	SESSION	false
af0b7f804a8d8337572d6a4a6f2ddcb426defb1f4d5f28ed0fde54882050d00c	a2b3facd10cee4f0909891958654ec1a86b2615c602c30a726ea3c4bf4706c18	OBSOPEN_US30_20240930	2024-09-30	180	65	5	1.00000000000000000	0.53555173939429335	0.45753118401270865	0.39114732306023237	SESSION	false
af0b7f804a8d8337572d6a4a6f2ddcb426defb1f4d5f28ed0fde54882050d00c	a2b3facd10cee4f0909891958654ec1a86b2615c602c30a726ea3c4bf4706c18	OBSOPEN_US30_20240930	2024-09-30	180	65	6	1.00000000000000000	0.53555173939429335	0.52693352419151163	0.48235838905116984	SESSION	false
af0b7f804a8d8337572d6a4a6f2ddcb426defb1f4d5f28ed0fde54882050d00c	a2b3facd10cee4f0909891958654ec1a86b2615c602c30a726ea3c4bf4706c18	OBSOPEN_US30_20240930	2024-09-30	180	65	7	1.00000000000000000	0.53481375923329733	0.52439263385182511	0.46104617115680235	SESSION	false
af0b7f804a8d8337572d6a4a6f2ddcb426defb1f4d5f28ed0fde54882050d00c	a2b3facd10cee4f0909891958654ec1a86b2615c602c30a726ea3c4bf4706c18	OBSOPEN_US30_20240930	2024-09-30	180	65	8	1.00000000000000000	0.53923960685686589	0.49218786624781846	0.45253524843559079	SESSION	false
af0b7f804a8d8337572d6a4a6f2ddcb426defb1f4d5f28ed0fde54882050d00c	a2b3facd10cee4f0909891958654ec1a86b2615c602c30a726ea3c4bf4706c18	OBSOPEN_US30_20240930	2024-09-30	180	65	9	1.00000000000000000	0.53923960685686589	0.46132736165106980	0.40440544745136714	SESSION	false
af0b7f804a8d8337572d6a4a6f2ddcb426defb1f4d5f28ed0fde54882050d00c	a2b3facd10cee4f0909891958654ec1a86b2615c602c30a726ea3c4bf4706c18	OBSOPEN_US30_20240930	2024-09-30	180	65	10	1.00000000000000000	0.53702730163740919	0.39611892911230595	0.33123769394979841	SESSION	false
af0b7f804a8d8337572d6a4a6f2ddcb426defb1f4d5f28ed0fde54882050d00c	a2b3facd10cee4f0909891958654ec1a86b2615c602c30a726ea3c4bf4706c18	OBSOPEN_US30_20240930	2024-09-30	180	65	11	1.00000000000000000	0.53702730163740919	0.38152179694838545	0.32033728569946046	SESSION	false
af0b7f804a8d8337572d6a4a6f2ddcb426defb1f4d5f28ed0fde54882050d00c	a2b3facd10cee4f0909891958654ec1a86b2615c602c30a726ea3c4bf4706c18	OBSOPEN_US30_20240930	2024-09-30	180	65	12	1.00000000000000000	0.53702730163740919	0.39066528687854035	0.33167298168028347	SESSION	false
af0b7f804a8d8337572d6a4a6f2ddcb426defb1f4d5f28ed0fde54882050d00c	a2b3facd10cee4f0909891958654ec1a86b2615c602c30a726ea3c4bf4706c18	OBSOPEN_US30_20240930	2024-09-30	180	65	13	1.00000000000000000	0.53850231401805004	0.40513268330086150	0.35188986728056593	SESSION	false
af0b7f804a8d8337572d6a4a6f2ddcb426defb1f4d5f28ed0fde54882050d00c	a2b3facd10cee4f0909891958654ec1a86b2615c602c30a726ea3c4bf4706c18	OBSOPEN_US30_20240930	2024-09-30	180	65	14	1.00000000000000000	0.53850231401805004	0.37277678996032276	0.32494253018798719	SESSION	false
af0b7f804a8d8337572d6a4a6f2ddcb426defb1f4d5f28ed0fde54882050d00c	a2b3facd10cee4f0909891958654ec1a86b2615c602c30a726ea3c4bf4706c18	OBSOPEN_US30_20240930	2024-09-30	180	65	15	1.00000000000000000	0.53702730163740919	0.34352882295904030	0.30311829529549073	SESSION	false
af0b7f804a8d8337572d6a4a6f2ddcb426defb1f4d5f28ed0fde54882050d00c	a2b3facd10cee4f0909891958654ec1a86b2615c602c30a726ea3c4bf4706c18	OBSOPEN_US30_20240930	2024-09-30	180	65	16	1.00000000000000000	0.53776487799155581	0.35421119384455269	0.32082177275959856	SESSION	false
af0b7f804a8d8337572d6a4a6f2ddcb426defb1f4d5f28ed0fde54882050d00c	a2b3facd10cee4f0909891958654ec1a86b2615c602c30a726ea3c4bf4706c18	OBSOPEN_US30_20240930	2024-09-30	180	65	17	1.00000000000000000	0.53923960685686589	0.38043590959498941	0.34912834282380811	SESSION	false
af0b7f804a8d8337572d6a4a6f2ddcb426defb1f4d5f28ed0fde54882050d00c	a2b3facd10cee4f0909891958654ec1a86b2615c602c30a726ea3c4bf4706c18	OBSOPEN_US30_20240930	2024-09-30	180	65	18	1.00000000000000000	0.53997675364962783	0.34730384299319939	0.32106885935853985	SESSION	false
af0b7f804a8d8337572d6a4a6f2ddcb426defb1f4d5f28ed0fde54882050d00c	a2b3facd10cee4f0909891958654ec1a86b2615c602c30a726ea3c4bf4706c18	OBSOPEN_US30_20240930	2024-09-30	180	65	19	1.00000000000000000	0.54071375153964718	0.36971336923104281	0.35994187504925940	SESSION	false
af0b7f804a8d8337572d6a4a6f2ddcb426defb1f4d5f28ed0fde54882050d00c	a2b3facd10cee4f0909891958654ec1a86b2615c602c30a726ea3c4bf4706c18	OBSOPEN_US30_20240930	2024-09-30	180	65	20	1.00000000000000000	0.53997675364962783	0.40006433558443755	0.37188753783057876	SESSION	false
af0b7f804a8d8337572d6a4a6f2ddcb426defb1f4d5f28ed0fde54882050d00c	a2b3facd10cee4f0909891958654ec1a86b2615c602c30a726ea3c4bf4706c18	OBSOPEN_US30_20240930	2024-09-30	180	65	21	1.00000000000000000	0.53702730163740919	0.37470277298457166	0.33707030838828567	SESSION	false
af0b7f804a8d8337572d6a4a6f2ddcb426defb1f4d5f28ed0fde54882050d00c	a2b3facd10cee4f0909891958654ec1a86b2615c602c30a726ea3c4bf4706c18	OBSOPEN_US30_20240930	2024-09-30	180	65	22	1.00000000000000000	0.53555173939429335	0.36329726568831805	0.32815522444890455	SESSION	false
af0b7f804a8d8337572d6a4a6f2ddcb426defb1f4d5f28ed0fde54882050d00c	a2b3facd10cee4f0909891958654ec1a86b2615c602c30a726ea3c4bf4706c18	OBSOPEN_US30_20240930	2024-09-30	180	65	23	1.00000000000000000	0.53555173939429335	0.41087268533732690	0.37097628484522344	SESSION	false
af0b7f804a8d8337572d6a4a6f2ddcb426defb1f4d5f28ed0fde54882050d00c	a2b3facd10cee4f0909891958654ec1a86b2615c602c30a726ea3c4bf4706c18	OBSOPEN_US30_20240930	2024-09-30	180	65	24	1.00000000000000000	0.53481375923329733	0.39791505647518821	0.34540063591623965	SESSION	false
af0b7f804a8d8337572d6a4a6f2ddcb426defb1f4d5f28ed0fde54882050d00c	a2b3facd10cee4f0909891958654ec1a86b2615c602c30a726ea3c4bf4706c18	OBSOPEN_US30_20240930	2024-09-30	180	65	25	1.00000000000000000	0.53702730163740919	0.40963172908969264	0.37647060091171097	SESSION	false
af0b7f804a8d8337572d6a4a6f2ddcb426defb1f4d5f28ed0fde54882050d00c	a2b3facd10cee4f0909891958654ec1a86b2615c602c30a726ea3c4bf4706c18	OBSOPEN_US30_20240930	2024-09-30	180	65	26	1.00000000000000000	0.53481375923329733	0.40653185971039829	0.35547523431717332	SESSION	false
af0b7f804a8d8337572d6a4a6f2ddcb426defb1f4d5f28ed0fde54882050d00c	a2b3facd10cee4f0909891958654ec1a86b2615c602c30a726ea3c4bf4706c18	OBSOPEN_US30_20240930	2024-09-30	180	65	27	1.00000000000000000	0.53407565020052150	0.36338271552880974	0.31886506424828459	SESSION	false
af0b7f804a8d8337572d6a4a6f2ddcb426defb1f4d5f28ed0fde54882050d00c	a2b3facd10cee4f0909891958654ec1a86b2615c602c30a726ea3c4bf4706c18	OBSOPEN_US30_20240930	2024-09-30	180	65	28	1.00000000000000000	0.53481375923329733	0.37062750917830656	0.33109970507822956	SESSION	false
af0b7f804a8d8337572d6a4a6f2ddcb426defb1f4d5f28ed0fde54882050d00c	a2b3facd10cee4f0909891958654ec1a86b2615c602c30a726ea3c4bf4706c18	OBSOPEN_US30_20240930	2024-09-30	180	65	29	1.00000000000000000	0.53407565020052150	0.42330164305162543	0.38255555945604364	SESSION	false
af0b7f804a8d8337572d6a4a6f2ddcb426defb1f4d5f28ed0fde54882050d00c	a2b3facd10cee4f0909891958654ec1a86b2615c602c30a726ea3c4bf4706c18	OBSOPEN_US30_20240930	2024-09-30	180	65	30	1.00000000000000000	0.53407565020052150	0.46428383091634812	0.40843306782417577	SESSION	false
af0b7f804a8d8337572d6a4a6f2ddcb426defb1f4d5f28ed0fde54882050d00c	a2b3facd10cee4f0909891958654ec1a86b2615c602c30a726ea3c4bf4706c18	OBSOPEN_US30_20241002	2024-10-02	180	66	1	0.00000000000000000	0.53677039834323015	0.52973508767120847	0.49870007707782926	SESSION	false
af0b7f804a8d8337572d6a4a6f2ddcb426defb1f4d5f28ed0fde54882050d00c	a2b3facd10cee4f0909891958654ec1a86b2615c602c30a726ea3c4bf4706c18	OBSOPEN_US30_20241002	2024-10-02	180	66	2	1.00000000000000000	0.53702730163740919	0.45438606020402261	0.39945683033617235	SESSION	false
af0b7f804a8d8337572d6a4a6f2ddcb426defb1f4d5f28ed0fde54882050d00c	a2b3facd10cee4f0909891958654ec1a86b2615c602c30a726ea3c4bf4706c18	OBSOPEN_US30_20241002	2024-10-02	180	66	3	1.00000000000000000	0.53702730163740919	0.38204526536394590	0.32289772158944019	SESSION	false
af0b7f804a8d8337572d6a4a6f2ddcb426defb1f4d5f28ed0fde54882050d00c	a2b3facd10cee4f0909891958654ec1a86b2615c602c30a726ea3c4bf4706c18	OBSOPEN_US30_20241002	2024-10-02	180	66	4	1.00000000000000000	0.53628958781724945	0.34050142485140389	0.28769701183128571	SESSION	false
af0b7f804a8d8337572d6a4a6f2ddcb426defb1f4d5f28ed0fde54882050d00c	a2b3facd10cee4f0909891958654ec1a86b2615c602c30a726ea3c4bf4706c18	OBSOPEN_US30_20241002	2024-10-02	180	66	5	1.00000000000000000	0.53555173939429335	0.34813668376022183	0.30889779920296850	SESSION	false
af0b7f804a8d8337572d6a4a6f2ddcb426defb1f4d5f28ed0fde54882050d00c	a2b3facd10cee4f0909891958654ec1a86b2615c602c30a726ea3c4bf4706c18	OBSOPEN_US30_20241002	2024-10-02	180	66	6	1.00000000000000000	0.53555173939429335	0.51438277403934274	0.48221667770507859	SESSION	false
af0b7f804a8d8337572d6a4a6f2ddcb426defb1f4d5f28ed0fde54882050d00c	a2b3facd10cee4f0909891958654ec1a86b2615c602c30a726ea3c4bf4706c18	OBSOPEN_US30_20241002	2024-10-02	180	66	7	1.00000000000000000	0.53481375923329733	0.65004975811659438	0.56110000378583325	SESSION	false
af0b7f804a8d8337572d6a4a6f2ddcb426defb1f4d5f28ed0fde54882050d00c	a2b3facd10cee4f0909891958654ec1a86b2615c602c30a726ea3c4bf4706c18	OBSOPEN_US30_20241002	2024-10-02	180	66	8	1.00000000000000000	0.53923960685686589	0.63424283470933751	0.56246792204090068	SESSION	false
af0b7f804a8d8337572d6a4a6f2ddcb426defb1f4d5f28ed0fde54882050d00c	a2b3facd10cee4f0909891958654ec1a86b2615c602c30a726ea3c4bf4706c18	OBSOPEN_US30_20241002	2024-10-02	180	66	9	1.00000000000000000	0.53923960685686589	0.54522974048230310	0.49248511181632226	SESSION	false
af0b7f804a8d8337572d6a4a6f2ddcb426defb1f4d5f28ed0fde54882050d00c	a2b3facd10cee4f0909891958654ec1a86b2615c602c30a726ea3c4bf4706c18	OBSOPEN_US30_20241002	2024-10-02	180	66	10	1.00000000000000000	0.53702730163740919	0.46919557009494123	0.41625729768547326	SESSION	false
af0b7f804a8d8337572d6a4a6f2ddcb426defb1f4d5f28ed0fde54882050d00c	a2b3facd10cee4f0909891958654ec1a86b2615c602c30a726ea3c4bf4706c18	OBSOPEN_US30_20241002	2024-10-02	180	66	11	1.00000000000000000	0.53702730163740919	0.40299826408790174	0.36049562409376806	SESSION	false
af0b7f804a8d8337572d6a4a6f2ddcb426defb1f4d5f28ed0fde54882050d00c	a2b3facd10cee4f0909891958654ec1a86b2615c602c30a726ea3c4bf4706c18	OBSOPEN_US30_20241002	2024-10-02	180	66	12	1.00000000000000000	0.53702730163740919	0.41569205838865408	0.38218378983921020	SESSION	false
af0b7f804a8d8337572d6a4a6f2ddcb426defb1f4d5f28ed0fde54882050d00c	a2b3facd10cee4f0909891958654ec1a86b2615c602c30a726ea3c4bf4706c18	OBSOPEN_US30_20241002	2024-10-02	180	66	13	1.00000000000000000	0.53850231401805004	0.43401526973049959	0.39921689635732482	SESSION	false
af0b7f804a8d8337572d6a4a6f2ddcb426defb1f4d5f28ed0fde54882050d00c	a2b3facd10cee4f0909891958654ec1a86b2615c602c30a726ea3c4bf4706c18	OBSOPEN_US30_20241002	2024-10-02	180	66	14	1.00000000000000000	0.53850231401805004	0.44423476265767725	0.41140445798614117	SESSION	false
af0b7f804a8d8337572d6a4a6f2ddcb426defb1f4d5f28ed0fde54882050d00c	a2b3facd10cee4f0909891958654ec1a86b2615c602c30a726ea3c4bf4706c18	OBSOPEN_US30_20241002	2024-10-02	180	66	15	1.00000000000000000	0.53702730163740919	0.46653439298479876	0.42215098574229065	SESSION	false
af0b7f804a8d8337572d6a4a6f2ddcb426defb1f4d5f28ed0fde54882050d00c	a2b3facd10cee4f0909891958654ec1a86b2615c602c30a726ea3c4bf4706c18	OBSOPEN_US30_20241002	2024-10-02	180	66	16	1.00000000000000000	0.53776487799155581	0.47043964886273060	0.42277372407292957	SESSION	false
af0b7f804a8d8337572d6a4a6f2ddcb426defb1f4d5f28ed0fde54882050d00c	a2b3facd10cee4f0909891958654ec1a86b2615c602c30a726ea3c4bf4706c18	OBSOPEN_US30_20241002	2024-10-02	180	66	17	1.00000000000000000	0.53923960685686589	0.58380830097061243	0.56477252748966544	SESSION	false
af0b7f804a8d8337572d6a4a6f2ddcb426defb1f4d5f28ed0fde54882050d00c	a2b3facd10cee4f0909891958654ec1a86b2615c602c30a726ea3c4bf4706c18	OBSOPEN_US30_20241002	2024-10-02	180	66	18	1.00000000000000000	0.53997675364962783	0.71151617002790402	0.66240144818869728	SESSION	false
af0b7f804a8d8337572d6a4a6f2ddcb426defb1f4d5f28ed0fde54882050d00c	a2b3facd10cee4f0909891958654ec1a86b2615c602c30a726ea3c4bf4706c18	OBSOPEN_US30_20241002	2024-10-02	180	66	19	1.00000000000000000	0.54071375153964718	0.76409398377238957	0.70548340862407699	SESSION	false
af0b7f804a8d8337572d6a4a6f2ddcb426defb1f4d5f28ed0fde54882050d00c	a2b3facd10cee4f0909891958654ec1a86b2615c602c30a726ea3c4bf4706c18	OBSOPEN_US30_20241002	2024-10-02	180	66	20	1.00000000000000000	0.53997675364962783	0.77996403737195819	0.72154227241036051	SESSION	false
af0b7f804a8d8337572d6a4a6f2ddcb426defb1f4d5f28ed0fde54882050d00c	a2b3facd10cee4f0909891958654ec1a86b2615c602c30a726ea3c4bf4706c18	OBSOPEN_US30_20241002	2024-10-02	180	66	21	1.00000000000000000	0.53702730163740919	0.78258166943478313	0.71058148892002049	SESSION	false
af0b7f804a8d8337572d6a4a6f2ddcb426defb1f4d5f28ed0fde54882050d00c	a2b3facd10cee4f0909891958654ec1a86b2615c602c30a726ea3c4bf4706c18	OBSOPEN_US30_20241002	2024-10-02	180	66	22	1.00000000000000000	0.53555173939429335	0.77016254974673415	0.69061767932937823	SESSION	false
af0b7f804a8d8337572d6a4a6f2ddcb426defb1f4d5f28ed0fde54882050d00c	a2b3facd10cee4f0909891958654ec1a86b2615c602c30a726ea3c4bf4706c18	OBSOPEN_US30_20241002	2024-10-02	180	66	23	1.00000000000000000	0.53555173939429335	0.78039796175818932	0.69742735315507587	SESSION	false
af0b7f804a8d8337572d6a4a6f2ddcb426defb1f4d5f28ed0fde54882050d00c	a2b3facd10cee4f0909891958654ec1a86b2615c602c30a726ea3c4bf4706c18	OBSOPEN_US30_20241002	2024-10-02	180	66	24	1.00000000000000000	0.53481375923329733	0.77685632179242625	0.69583025549156852	SESSION	false
af0b7f804a8d8337572d6a4a6f2ddcb426defb1f4d5f28ed0fde54882050d00c	a2b3facd10cee4f0909891958654ec1a86b2615c602c30a726ea3c4bf4706c18	OBSOPEN_US30_20241002	2024-10-02	180	66	25	1.00000000000000000	0.53702730163740919	0.79786826787223541	0.72369445840985114	SESSION	false
af0b7f804a8d8337572d6a4a6f2ddcb426defb1f4d5f28ed0fde54882050d00c	a2b3facd10cee4f0909891958654ec1a86b2615c602c30a726ea3c4bf4706c18	OBSOPEN_US30_20241002	2024-10-02	180	66	26	1.00000000000000000	0.53481375923329733	0.80196569675062213	0.71644057839874697	SESSION	false
af0b7f804a8d8337572d6a4a6f2ddcb426defb1f4d5f28ed0fde54882050d00c	a2b3facd10cee4f0909891958654ec1a86b2615c602c30a726ea3c4bf4706c18	OBSOPEN_US30_20241002	2024-10-02	180	66	27	1.00000000000000000	0.53407565020052150	0.79870304981315499	0.71391449842517019	SESSION	false
af0b7f804a8d8337572d6a4a6f2ddcb426defb1f4d5f28ed0fde54882050d00c	a2b3facd10cee4f0909891958654ec1a86b2615c602c30a726ea3c4bf4706c18	OBSOPEN_US30_20241002	2024-10-02	180	66	28	1.00000000000000000	0.53481375923329733	0.80576332168029097	0.72323079320438777	SESSION	false
af0b7f804a8d8337572d6a4a6f2ddcb426defb1f4d5f28ed0fde54882050d00c	a2b3facd10cee4f0909891958654ec1a86b2615c602c30a726ea3c4bf4706c18	OBSOPEN_US30_20241002	2024-10-02	180	66	29	1.00000000000000000	0.53407565020052150	0.81243517130646759	0.72745011892271527	SESSION	false
af0b7f804a8d8337572d6a4a6f2ddcb426defb1f4d5f28ed0fde54882050d00c	a2b3facd10cee4f0909891958654ec1a86b2615c602c30a726ea3c4bf4706c18	OBSOPEN_US30_20241002	2024-10-02	180	66	30	1.00000000000000000	0.53407565020052150	0.75399926110551840	0.66185358204155442	SESSION	false
af0b7f804a8d8337572d6a4a6f2ddcb426defb1f4d5f28ed0fde54882050d00c	a2b3facd10cee4f0909891958654ec1a86b2615c602c30a726ea3c4bf4706c18	OBSOPEN_US30_20241007	2024-10-07	180	67	1	1.00000000000000000	0.53677039834323015	0.48441399349098213	0.46417735621208661	SESSION	false
af0b7f804a8d8337572d6a4a6f2ddcb426defb1f4d5f28ed0fde54882050d00c	a2b3facd10cee4f0909891958654ec1a86b2615c602c30a726ea3c4bf4706c18	OBSOPEN_US30_20241007	2024-10-07	180	67	2	1.00000000000000000	0.53702730163740919	0.48709545624654443	0.71867033182258322	SESSION	false
af0b7f804a8d8337572d6a4a6f2ddcb426defb1f4d5f28ed0fde54882050d00c	a2b3facd10cee4f0909891958654ec1a86b2615c602c30a726ea3c4bf4706c18	OBSOPEN_US30_20241007	2024-10-07	180	67	3	0.00000000000000000	0.53702730163740919	0.48605049370315678	0.40012489148630870	SESSION	false
af0b7f804a8d8337572d6a4a6f2ddcb426defb1f4d5f28ed0fde54882050d00c	a2b3facd10cee4f0909891958654ec1a86b2615c602c30a726ea3c4bf4706c18	OBSOPEN_US30_20241007	2024-10-07	180	67	4	1.00000000000000000	0.53628958781724945	0.48472720000599306	0.44941869160940789	SESSION	false
af0b7f804a8d8337572d6a4a6f2ddcb426defb1f4d5f28ed0fde54882050d00c	a2b3facd10cee4f0909891958654ec1a86b2615c602c30a726ea3c4bf4706c18	OBSOPEN_US30_20241007	2024-10-07	180	67	5	0.00000000000000000	0.53555173939429335	0.48347503023258914	0.71051906295238820	SESSION	false
af0b7f804a8d8337572d6a4a6f2ddcb426defb1f4d5f28ed0fde54882050d00c	a2b3facd10cee4f0909891958654ec1a86b2615c602c30a726ea3c4bf4706c18	OBSOPEN_US30_20241007	2024-10-07	180	67	6	1.00000000000000000	0.53555173939429335	0.48315619674244137	0.39550032334000973	SESSION	false
af0b7f804a8d8337572d6a4a6f2ddcb426defb1f4d5f28ed0fde54882050d00c	a2b3facd10cee4f0909891958654ec1a86b2615c602c30a726ea3c4bf4706c18	OBSOPEN_US30_20241007	2024-10-07	180	67	7	1.00000000000000000	0.53481375923329733	0.48286977077618026	0.44750475840729775	SESSION	false
af0b7f804a8d8337572d6a4a6f2ddcb426defb1f4d5f28ed0fde54882050d00c	a2b3facd10cee4f0909891958654ec1a86b2615c602c30a726ea3c4bf4706c18	OBSOPEN_US30_20241007	2024-10-07	180	67	8	0.00000000000000000	0.53923960685686589	0.48752547678619290	0.47528832388021697	SESSION	false
af0b7f804a8d8337572d6a4a6f2ddcb426defb1f4d5f28ed0fde54882050d00c	a2b3facd10cee4f0909891958654ec1a86b2615c602c30a726ea3c4bf4706c18	OBSOPEN_US30_20241007	2024-10-07	180	67	9	1.00000000000000000	0.53923960685686589	0.48738731848026384	0.47530978306800409	SESSION	false
af0b7f804a8d8337572d6a4a6f2ddcb426defb1f4d5f28ed0fde54882050d00c	a2b3facd10cee4f0909891958654ec1a86b2615c602c30a726ea3c4bf4706c18	OBSOPEN_US30_20241007	2024-10-07	180	67	10	0.00000000000000000	0.53702730163740919	0.48501412498259588	0.46544488768250170	SESSION	false
af0b7f804a8d8337572d6a4a6f2ddcb426defb1f4d5f28ed0fde54882050d00c	a2b3facd10cee4f0909891958654ec1a86b2615c602c30a726ea3c4bf4706c18	OBSOPEN_US30_20241007	2024-10-07	180	67	11	0.00000000000000000	0.53702730163740919	0.48513165601347014	0.72798555005194221	SESSION	false
af0b7f804a8d8337572d6a4a6f2ddcb426defb1f4d5f28ed0fde54882050d00c	a2b3facd10cee4f0909891958654ec1a86b2615c602c30a726ea3c4bf4706c18	OBSOPEN_US30_20241007	2024-10-07	180	67	12	0.00000000000000000	0.53702730163740919	0.48503311287461842	0.68581693615878059	SESSION	false
af0b7f804a8d8337572d6a4a6f2ddcb426defb1f4d5f28ed0fde54882050d00c	a2b3facd10cee4f0909891958654ec1a86b2615c602c30a726ea3c4bf4706c18	OBSOPEN_US30_20241007	2024-10-07	180	67	13	1.00000000000000000	0.53850231401805004	0.48671962634117033	0.69495408106255596	SESSION	false
af0b7f804a8d8337572d6a4a6f2ddcb426defb1f4d5f28ed0fde54882050d00c	a2b3facd10cee4f0909891958654ec1a86b2615c602c30a726ea3c4bf4706c18	OBSOPEN_US30_20241007	2024-10-07	180	67	14	0.00000000000000000	0.53850231401805004	0.48631280737635468	0.42355806434194659	SESSION	false
af0b7f804a8d8337572d6a4a6f2ddcb426defb1f4d5f28ed0fde54882050d00c	a2b3facd10cee4f0909891958654ec1a86b2615c602c30a726ea3c4bf4706c18	OBSOPEN_US30_20241007	2024-10-07	180	67	15	1.00000000000000000	0.53702730163740919	0.48459723606608218	0.46886812621500995	SESSION	false
af0b7f804a8d8337572d6a4a6f2ddcb426defb1f4d5f28ed0fde54882050d00c	a2b3facd10cee4f0909891958654ec1a86b2615c602c30a726ea3c4bf4706c18	OBSOPEN_US30_20241007	2024-10-07	180	67	16	1.00000000000000000	0.53776487799155581	0.48548491692334117	0.73406758458207055	SESSION	false
af0b7f804a8d8337572d6a4a6f2ddcb426defb1f4d5f28ed0fde54882050d00c	a2b3facd10cee4f0909891958654ec1a86b2615c602c30a726ea3c4bf4706c18	OBSOPEN_US30_20241007	2024-10-07	180	67	17	1.00000000000000000	0.53923960685686589	0.48698767015959332	0.43069744806275900	SESSION	false
af0b7f804a8d8337572d6a4a6f2ddcb426defb1f4d5f28ed0fde54882050d00c	a2b3facd10cee4f0909891958654ec1a86b2615c602c30a726ea3c4bf4706c18	OBSOPEN_US30_20241007	2024-10-07	180	67	18	1.00000000000000000	0.53997675364962783	0.48844833667098192	0.75102366222369066	SESSION	false
af0b7f804a8d8337572d6a4a6f2ddcb426defb1f4d5f28ed0fde54882050d00c	a2b3facd10cee4f0909891958654ec1a86b2615c602c30a726ea3c4bf4706c18	OBSOPEN_US30_20241007	2024-10-07	180	67	19	0.00000000000000000	0.54071375153964718	0.48867058244789863	0.44026994999835317	SESSION	false
af0b7f804a8d8337572d6a4a6f2ddcb426defb1f4d5f28ed0fde54882050d00c	a2b3facd10cee4f0909891958654ec1a86b2615c602c30a726ea3c4bf4706c18	OBSOPEN_US30_20241007	2024-10-07	180	67	20	1.00000000000000000	0.53997675364962783	0.48804503257859855	0.75086924491805473	SESSION	false
af0b7f804a8d8337572d6a4a6f2ddcb426defb1f4d5f28ed0fde54882050d00c	a2b3facd10cee4f0909891958654ec1a86b2615c602c30a726ea3c4bf4706c18	OBSOPEN_US30_20241007	2024-10-07	180	67	21	1.00000000000000000	0.53702730163740919	0.48440174538670205	0.42320551473149381	SESSION	false
af0b7f804a8d8337572d6a4a6f2ddcb426defb1f4d5f28ed0fde54882050d00c	a2b3facd10cee4f0909891958654ec1a86b2615c602c30a726ea3c4bf4706c18	OBSOPEN_US30_20241007	2024-10-07	180	67	22	1.00000000000000000	0.53555173939429335	0.48289474687498035	0.73138325791792780	SESSION	false
af0b7f804a8d8337572d6a4a6f2ddcb426defb1f4d5f28ed0fde54882050d00c	a2b3facd10cee4f0909891958654ec1a86b2615c602c30a726ea3c4bf4706c18	OBSOPEN_US30_20241007	2024-10-07	180	67	23	1.00000000000000000	0.53555173939429335	0.48189927095561030	0.41174777410820451	SESSION	false
af0b7f804a8d8337572d6a4a6f2ddcb426defb1f4d5f28ed0fde54882050d00c	a2b3facd10cee4f0909891958654ec1a86b2615c602c30a726ea3c4bf4706c18	OBSOPEN_US30_20241007	2024-10-07	180	67	24	1.00000000000000000	0.53481375923329733	0.48092429217491606	0.46051025741849838	SESSION	false
af0b7f804a8d8337572d6a4a6f2ddcb426defb1f4d5f28ed0fde54882050d00c	a2b3facd10cee4f0909891958654ec1a86b2615c602c30a726ea3c4bf4706c18	OBSOPEN_US30_20241007	2024-10-07	180	67	25	1.00000000000000000	0.53702730163740919	0.48333276106012274	0.73502914169192646	SESSION	false
af0b7f804a8d8337572d6a4a6f2ddcb426defb1f4d5f28ed0fde54882050d00c	a2b3facd10cee4f0909891958654ec1a86b2615c602c30a726ea3c4bf4706c18	OBSOPEN_US30_20241007	2024-10-07	180	67	26	1.00000000000000000	0.53481375923329733	0.48071115735027731	0.40799490182885190	SESSION	false
af0b7f804a8d8337572d6a4a6f2ddcb426defb1f4d5f28ed0fde54882050d00c	a2b3facd10cee4f0909891958654ec1a86b2615c602c30a726ea3c4bf4706c18	OBSOPEN_US30_20241007	2024-10-07	180	67	27	1.00000000000000000	0.53407565020052150	0.48050709302151146	0.72485877220958250	SESSION	false
af0b7f804a8d8337572d6a4a6f2ddcb426defb1f4d5f28ed0fde54882050d00c	a2b3facd10cee4f0909891958654ec1a86b2615c602c30a726ea3c4bf4706c18	OBSOPEN_US30_20241007	2024-10-07	180	67	28	1.00000000000000000	0.53481375923329733	0.48105429722240267	0.41029071739808276	SESSION	false
af0b7f804a8d8337572d6a4a6f2ddcb426defb1f4d5f28ed0fde54882050d00c	a2b3facd10cee4f0909891958654ec1a86b2615c602c30a726ea3c4bf4706c18	OBSOPEN_US30_20241007	2024-10-07	180	67	29	1.00000000000000000	0.53407565020052150	0.48046874675372370	0.46109872102594501	SESSION	false
af0b7f804a8d8337572d6a4a6f2ddcb426defb1f4d5f28ed0fde54882050d00c	a2b3facd10cee4f0909891958654ec1a86b2615c602c30a726ea3c4bf4706c18	OBSOPEN_US30_20241007	2024-10-07	180	67	30	1.00000000000000000	0.53407565020052150	0.48038694824137357	0.45995096597313262	SESSION	false
af0b7f804a8d8337572d6a4a6f2ddcb426defb1f4d5f28ed0fde54882050d00c	a2b3facd10cee4f0909891958654ec1a86b2615c602c30a726ea3c4bf4706c18	OBSOPEN_US30_20241008	2024-10-08	180	68	1	1.00000000000000000	0.53677039834323015	0.48466290112308547	0.72822485589783770	SESSION	false
af0b7f804a8d8337572d6a4a6f2ddcb426defb1f4d5f28ed0fde54882050d00c	a2b3facd10cee4f0909891958654ec1a86b2615c602c30a726ea3c4bf4706c18	OBSOPEN_US30_20241008	2024-10-08	180	68	2	0.00000000000000000	0.53702730163740919	0.48698285136938180	0.67239870646459043	SESSION	false
af0b7f804a8d8337572d6a4a6f2ddcb426defb1f4d5f28ed0fde54882050d00c	a2b3facd10cee4f0909891958654ec1a86b2615c602c30a726ea3c4bf4706c18	OBSOPEN_US30_20241008	2024-10-08	180	68	3	1.00000000000000000	0.53702730163740919	0.48629944909971229	0.67353705707852574	SESSION	false
af0b7f804a8d8337572d6a4a6f2ddcb426defb1f4d5f28ed0fde54882050d00c	a2b3facd10cee4f0909891958654ec1a86b2615c602c30a726ea3c4bf4706c18	OBSOPEN_US30_20241008	2024-10-08	180	68	4	0.00000000000000000	0.53628958781724945	0.48461462532605026	0.39607627963294778	SESSION	false
af0b7f804a8d8337572d6a4a6f2ddcb426defb1f4d5f28ed0fde54882050d00c	a2b3facd10cee4f0909891958654ec1a86b2615c602c30a726ea3c4bf4706c18	OBSOPEN_US30_20241008	2024-10-08	180	68	5	0.00000000000000000	0.53555173939429335	0.48347503023258914	0.71051906295238820	SESSION	false
af0b7f804a8d8337572d6a4a6f2ddcb426defb1f4d5f28ed0fde54882050d00c	a2b3facd10cee4f0909891958654ec1a86b2615c602c30a726ea3c4bf4706c18	OBSOPEN_US30_20241008	2024-10-08	180	68	6	0.00000000000000000	0.53555173939429335	0.48315619674244137	0.39550032334000973	SESSION	false
af0b7f804a8d8337572d6a4a6f2ddcb426defb1f4d5f28ed0fde54882050d00c	a2b3facd10cee4f0909891958654ec1a86b2615c602c30a726ea3c4bf4706c18	OBSOPEN_US30_20241008	2024-10-08	180	68	7	1.00000000000000000	0.53481375923329733	0.48286977077618026	0.44750475840729775	SESSION	false
af0b7f804a8d8337572d6a4a6f2ddcb426defb1f4d5f28ed0fde54882050d00c	a2b3facd10cee4f0909891958654ec1a86b2615c602c30a726ea3c4bf4706c18	OBSOPEN_US30_20241008	2024-10-08	180	68	8	0.00000000000000000	0.53923960685686589	0.48777447065911239	0.73696320142102245	SESSION	false
af0b7f804a8d8337572d6a4a6f2ddcb426defb1f4d5f28ed0fde54882050d00c	a2b3facd10cee4f0909891958654ec1a86b2615c602c30a726ea3c4bf4706c18	OBSOPEN_US30_20241008	2024-10-08	180	68	9	1.00000000000000000	0.53923960685686589	0.48727471023154606	0.42124548404492335	SESSION	false
af0b7f804a8d8337572d6a4a6f2ddcb426defb1f4d5f28ed0fde54882050d00c	a2b3facd10cee4f0909891958654ec1a86b2615c602c30a726ea3c4bf4706c18	OBSOPEN_US30_20241008	2024-10-08	180	68	10	1.00000000000000000	0.53702730163740919	0.48501412498259588	0.46544488768250170	SESSION	false
af0b7f804a8d8337572d6a4a6f2ddcb426defb1f4d5f28ed0fde54882050d00c	a2b3facd10cee4f0909891958654ec1a86b2615c602c30a726ea3c4bf4706c18	OBSOPEN_US30_20241008	2024-10-08	180	68	11	0.00000000000000000	0.53702730163740919	0.48488273415472544	0.46387671781117895	SESSION	false
af0b7f804a8d8337572d6a4a6f2ddcb426defb1f4d5f28ed0fde54882050d00c	a2b3facd10cee4f0909891958654ec1a86b2615c602c30a726ea3c4bf4706c18	OBSOPEN_US30_20241008	2024-10-08	180	68	12	1.00000000000000000	0.53702730163740919	0.48514569325846069	0.73095166754509422	SESSION	false
af0b7f804a8d8337572d6a4a6f2ddcb426defb1f4d5f28ed0fde54882050d00c	a2b3facd10cee4f0909891958654ec1a86b2615c602c30a726ea3c4bf4706c18	OBSOPEN_US30_20241008	2024-10-08	180	68	13	1.00000000000000000	0.53850231401805004	0.48671962634117033	0.69495408106255596	SESSION	false
af0b7f804a8d8337572d6a4a6f2ddcb426defb1f4d5f28ed0fde54882050d00c	a2b3facd10cee4f0909891958654ec1a86b2615c602c30a726ea3c4bf4706c18	OBSOPEN_US30_20241008	2024-10-08	180	68	14	1.00000000000000000	0.53850231401805004	0.48656176993264233	0.69444588060122914	SESSION	false
af0b7f804a8d8337572d6a4a6f2ddcb426defb1f4d5f28ed0fde54882050d00c	a2b3facd10cee4f0909891958654ec1a86b2615c602c30a726ea3c4bf4706c18	OBSOPEN_US30_20241008	2024-10-08	180	68	15	0.00000000000000000	0.53702730163740919	0.48448466318962380	0.41495706512878267	SESSION	false
af0b7f804a8d8337572d6a4a6f2ddcb426defb1f4d5f28ed0fde54882050d00c	a2b3facd10cee4f0909891958654ec1a86b2615c602c30a726ea3c4bf4706c18	OBSOPEN_US30_20241008	2024-10-08	180	68	16	0.00000000000000000	0.53776487799155581	0.48523598463256118	0.47157756783654248	SESSION	false
af0b7f804a8d8337572d6a4a6f2ddcb426defb1f4d5f28ed0fde54882050d00c	a2b3facd10cee4f0909891958654ec1a86b2615c602c30a726ea3c4bf4706c18	OBSOPEN_US30_20241008	2024-10-08	180	68	17	1.00000000000000000	0.53923960685686589	0.48734925831902826	0.74440414017609313	SESSION	false
af0b7f804a8d8337572d6a4a6f2ddcb426defb1f4d5f28ed0fde54882050d00c	a2b3facd10cee4f0909891958654ec1a86b2615c602c30a726ea3c4bf4706c18	OBSOPEN_US30_20241008	2024-10-08	180	68	18	1.00000000000000000	0.53997675364962783	0.48808670943820004	0.43932217701474446	SESSION	false
af0b7f804a8d8337572d6a4a6f2ddcb426defb1f4d5f28ed0fde54882050d00c	a2b3facd10cee4f0909891958654ec1a86b2615c602c30a726ea3c4bf4706c18	OBSOPEN_US30_20241008	2024-10-08	180	68	19	1.00000000000000000	0.54071375153964718	0.48878320575988449	0.49468890864980031	SESSION	false
af0b7f804a8d8337572d6a4a6f2ddcb426defb1f4d5f28ed0fde54882050d00c	a2b3facd10cee4f0909891958654ec1a86b2615c602c30a726ea3c4bf4706c18	OBSOPEN_US30_20241008	2024-10-08	180	68	20	0.00000000000000000	0.53997675364962783	0.48779603211865002	0.49352094356501003	SESSION	false
af0b7f804a8d8337572d6a4a6f2ddcb426defb1f4d5f28ed0fde54882050d00c	a2b3facd10cee4f0909891958654ec1a86b2615c602c30a726ea3c4bf4706c18	OBSOPEN_US30_20241008	2024-10-08	180	68	21	1.00000000000000000	0.53702730163740919	0.48451431710455406	0.47731390533349488	SESSION	false
af0b7f804a8d8337572d6a4a6f2ddcb426defb1f4d5f28ed0fde54882050d00c	a2b3facd10cee4f0909891958654ec1a86b2615c602c30a726ea3c4bf4706c18	OBSOPEN_US30_20241008	2024-10-08	180	68	22	0.00000000000000000	0.53555173939429335	0.48264589684759646	0.46816329924327371	SESSION	false
af0b7f804a8d8337572d6a4a6f2ddcb426defb1f4d5f28ed0fde54882050d00c	a2b3facd10cee4f0909891958654ec1a86b2615c602c30a726ea3c4bf4706c18	OBSOPEN_US30_20241008	2024-10-08	180	68	23	0.00000000000000000	0.53555173939429335	0.48226063264086444	0.72933432861695513	SESSION	false
af0b7f804a8d8337572d6a4a6f2ddcb426defb1f4d5f28ed0fde54882050d00c	a2b3facd10cee4f0909891958654ec1a86b2615c602c30a726ea3c4bf4706c18	OBSOPEN_US30_20241008	2024-10-08	180	68	24	0.00000000000000000	0.53481375923329733	0.48081177656267643	0.40682411142683200	SESSION	false
af0b7f804a8d8337572d6a4a6f2ddcb426defb1f4d5f28ed0fde54882050d00c	a2b3facd10cee4f0909891958654ec1a86b2615c602c30a726ea3c4bf4706c18	OBSOPEN_US30_20241008	2024-10-08	180	68	25	0.00000000000000000	0.53702730163740919	0.48333276106012274	0.73502914169192646	SESSION	false
af0b7f804a8d8337572d6a4a6f2ddcb426defb1f4d5f28ed0fde54882050d00c	a2b3facd10cee4f0909891958654ec1a86b2615c602c30a726ea3c4bf4706c18	OBSOPEN_US30_20241008	2024-10-08	180	68	26	0.00000000000000000	0.53481375923329733	0.48095993720378838	0.68068265043807807	SESSION	false
af0b7f804a8d8337572d6a4a6f2ddcb426defb1f4d5f28ed0fde54882050d00c	a2b3facd10cee4f0909891958654ec1a86b2615c602c30a726ea3c4bf4706c18	OBSOPEN_US30_20241008	2024-10-08	180	68	27	0.00000000000000000	0.53407565020052150	0.48014582674274675	0.40629564409123281	SESSION	false
af0b7f804a8d8337572d6a4a6f2ddcb426defb1f4d5f28ed0fde54882050d00c	a2b3facd10cee4f0909891958654ec1a86b2615c602c30a726ea3c4bf4706c18	OBSOPEN_US30_20241008	2024-10-08	180	68	28	0.00000000000000000	0.53481375923329733	0.48141561404296140	0.72814453411960622	SESSION	false
af0b7f804a8d8337572d6a4a6f2ddcb426defb1f4d5f28ed0fde54882050d00c	a2b3facd10cee4f0909891958654ec1a86b2615c602c30a726ea3c4bf4706c18	OBSOPEN_US30_20241008	2024-10-08	180	68	29	0.00000000000000000	0.53407565020052150	0.48060500526202748	0.68014314262995412	SESSION	false
af0b7f804a8d8337572d6a4a6f2ddcb426defb1f4d5f28ed0fde54882050d00c	a2b3facd10cee4f0909891958654ec1a86b2615c602c30a726ea3c4bf4706c18	OBSOPEN_US30_20241008	2024-10-08	180	68	30	0.00000000000000000	0.53407565020052150	0.48052320500792484	0.67913727299912729	SESSION	false
af0b7f804a8d8337572d6a4a6f2ddcb426defb1f4d5f28ed0fde54882050d00c	a2b3facd10cee4f0909891958654ec1a86b2615c602c30a726ea3c4bf4706c18	OBSOPEN_US30_20241010	2024-10-10	180	69	1	1.00000000000000000	0.53677039834323015	0.48455032733350295	0.68283117236662627	SESSION	false
af0b7f804a8d8337572d6a4a6f2ddcb426defb1f4d5f28ed0fde54882050d00c	a2b3facd10cee4f0909891958654ec1a86b2615c602c30a726ea3c4bf4706c18	OBSOPEN_US30_20241010	2024-10-10	180	69	2	1.00000000000000000	0.53702730163740919	0.48673387760695530	0.39888403150739749	SESSION	false
af0b7f804a8d8337572d6a4a6f2ddcb426defb1f4d5f28ed0fde54882050d00c	a2b3facd10cee4f0909891958654ec1a86b2615c602c30a726ea3c4bf4706c18	OBSOPEN_US30_20241010	2024-10-10	180	69	3	1.00000000000000000	0.53702730163740919	0.48641204578179859	0.71971491970335655	SESSION	false
af0b7f804a8d8337572d6a4a6f2ddcb426defb1f4d5f28ed0fde54882050d00c	a2b3facd10cee4f0909891958654ec1a86b2615c602c30a726ea3c4bf4706c18	OBSOPEN_US30_20241010	2024-10-10	180	69	4	1.00000000000000000	0.53628958781724945	0.48486353910109475	0.66981097329357375	SESSION	false
af0b7f804a8d8337572d6a4a6f2ddcb426defb1f4d5f28ed0fde54882050d00c	a2b3facd10cee4f0909891958654ec1a86b2615c602c30a726ea3c4bf4706c18	OBSOPEN_US30_20241010	2024-10-10	180	69	5	1.00000000000000000	0.53555173939429335	0.48336247356210155	0.66353443547180146	SESSION	false
af0b7f804a8d8337572d6a4a6f2ddcb426defb1f4d5f28ed0fde54882050d00c	a2b3facd10cee4f0909891958654ec1a86b2615c602c30a726ea3c4bf4706c18	OBSOPEN_US30_20241010	2024-10-10	180	69	6	1.00000000000000000	0.53555173939429335	0.48315619674244137	0.39550032334000973	SESSION	false
af0b7f804a8d8337572d6a4a6f2ddcb426defb1f4d5f28ed0fde54882050d00c	a2b3facd10cee4f0909891958654ec1a86b2615c602c30a726ea3c4bf4706c18	OBSOPEN_US30_20241010	2024-10-10	180	69	7	1.00000000000000000	0.53481375923329733	0.48286977077618026	0.44750475840729775	SESSION	false
af0b7f804a8d8337572d6a4a6f2ddcb426defb1f4d5f28ed0fde54882050d00c	a2b3facd10cee4f0909891958654ec1a86b2615c602c30a726ea3c4bf4706c18	OBSOPEN_US30_20241010	2024-10-10	180	69	8	1.00000000000000000	0.53923960685686589	0.48752547678619290	0.47528832388021697	SESSION	false
af0b7f804a8d8337572d6a4a6f2ddcb426defb1f4d5f28ed0fde54882050d00c	a2b3facd10cee4f0909891958654ec1a86b2615c602c30a726ea3c4bf4706c18	OBSOPEN_US30_20241010	2024-10-10	180	69	9	1.00000000000000000	0.53923960685686589	0.48738731848026384	0.47530978306800409	SESSION	false
af0b7f804a8d8337572d6a4a6f2ddcb426defb1f4d5f28ed0fde54882050d00c	a2b3facd10cee4f0909891958654ec1a86b2615c602c30a726ea3c4bf4706c18	OBSOPEN_US30_20241010	2024-10-10	180	69	10	1.00000000000000000	0.53702730163740919	0.48526305075056786	0.72923212369564494	SESSION	false
af0b7f804a8d8337572d6a4a6f2ddcb426defb1f4d5f28ed0fde54882050d00c	a2b3facd10cee4f0909891958654ec1a86b2615c602c30a726ea3c4bf4706c18	OBSOPEN_US30_20241010	2024-10-10	180	69	11	1.00000000000000000	0.53702730163740919	0.48477015733647927	0.41009644247664040	SESSION	false
af0b7f804a8d8337572d6a4a6f2ddcb426defb1f4d5f28ed0fde54882050d00c	a2b3facd10cee4f0909891958654ec1a86b2615c602c30a726ea3c4bf4706c18	OBSOPEN_US30_20241010	2024-10-10	180	69	12	1.00000000000000000	0.53702730163740919	0.48489677098044121	0.46761663802010472	SESSION	false
af0b7f804a8d8337572d6a4a6f2ddcb426defb1f4d5f28ed0fde54882050d00c	a2b3facd10cee4f0909891958654ec1a86b2615c602c30a726ea3c4bf4706c18	OBSOPEN_US30_20241010	2024-10-10	180	69	13	1.00000000000000000	0.53850231401805004	0.48658325831717653	0.47827207164104285	SESSION	false
af0b7f804a8d8337572d6a4a6f2ddcb426defb1f4d5f28ed0fde54882050d00c	a2b3facd10cee4f0909891958654ec1a86b2615c602c30a726ea3c4bf4706c18	OBSOPEN_US30_20241010	2024-10-10	180	69	14	1.00000000000000000	0.53850231401805004	0.48642540422266212	0.47767420089908302	SESSION	false
af0b7f804a8d8337572d6a4a6f2ddcb426defb1f4d5f28ed0fde54882050d00c	a2b3facd10cee4f0909891958654ec1a86b2615c602c30a726ea3c4bf4706c18	OBSOPEN_US30_20241010	2024-10-10	180	69	15	1.00000000000000000	0.53702730163740919	0.48459723606608218	0.46886812621500995	SESSION	false
af0b7f804a8d8337572d6a4a6f2ddcb426defb1f4d5f28ed0fde54882050d00c	a2b3facd10cee4f0909891958654ec1a86b2615c602c30a726ea3c4bf4706c18	OBSOPEN_US30_20241010	2024-10-10	180	69	16	1.00000000000000000	0.53776487799155581	0.48523598463256118	0.47157756783654248	SESSION	false
af0b7f804a8d8337572d6a4a6f2ddcb426defb1f4d5f28ed0fde54882050d00c	a2b3facd10cee4f0909891958654ec1a86b2615c602c30a726ea3c4bf4706c18	OBSOPEN_US30_20241010	2024-10-10	180	69	17	1.00000000000000000	0.53923960685686589	0.48734925831902826	0.74440414017609313	SESSION	false
af0b7f804a8d8337572d6a4a6f2ddcb426defb1f4d5f28ed0fde54882050d00c	a2b3facd10cee4f0909891958654ec1a86b2615c602c30a726ea3c4bf4706c18	OBSOPEN_US30_20241010	2024-10-10	180	69	18	1.00000000000000000	0.53997675364962783	0.48833571681248789	0.70791060273821782	SESSION	false
af0b7f804a8d8337572d6a4a6f2ddcb426defb1f4d5f28ed0fde54882050d00c	a2b3facd10cee4f0909891958654ec1a86b2615c602c30a726ea3c4bf4706c18	OBSOPEN_US30_20241010	2024-10-10	180	69	19	1.00000000000000000	0.54071375153964718	0.48867058244789863	0.44026994999835317	SESSION	false
af0b7f804a8d8337572d6a4a6f2ddcb426defb1f4d5f28ed0fde54882050d00c	a2b3facd10cee4f0909891958654ec1a86b2615c602c30a726ea3c4bf4706c18	OBSOPEN_US30_20241010	2024-10-10	180	69	20	1.00000000000000000	0.53997675364962783	0.48779603211865002	0.49352094356501003	SESSION	false
af0b7f804a8d8337572d6a4a6f2ddcb426defb1f4d5f28ed0fde54882050d00c	a2b3facd10cee4f0909891958654ec1a86b2615c602c30a726ea3c4bf4706c18	OBSOPEN_US30_20241010	2024-10-10	180	69	21	1.00000000000000000	0.53702730163740919	0.48451431710455406	0.47731390533349488	SESSION	false
af0b7f804a8d8337572d6a4a6f2ddcb426defb1f4d5f28ed0fde54882050d00c	a2b3facd10cee4f0909891958654ec1a86b2615c602c30a726ea3c4bf4706c18	OBSOPEN_US30_20241010	2024-10-10	180	69	22	1.00000000000000000	0.53555173939429335	0.48264589684759646	0.46816329924327371	SESSION	false
af0b7f804a8d8337572d6a4a6f2ddcb426defb1f4d5f28ed0fde54882050d00c	a2b3facd10cee4f0909891958654ec1a86b2615c602c30a726ea3c4bf4706c18	OBSOPEN_US30_20241010	2024-10-10	180	69	23	1.00000000000000000	0.53555173939429335	0.48201180479032796	0.46557369155865880	SESSION	false
af0b7f804a8d8337572d6a4a6f2ddcb426defb1f4d5f28ed0fde54882050d00c	a2b3facd10cee4f0909891958654ec1a86b2615c602c30a726ea3c4bf4706c18	OBSOPEN_US30_20241010	2024-10-10	180	69	24	0.00000000000000000	0.53481375923329733	0.53868916149912915	0.67979082452612705	SESSION	false
af0b7f804a8d8337572d6a4a6f2ddcb426defb1f4d5f28ed0fde54882050d00c	a2b3facd10cee4f0909891958654ec1a86b2615c602c30a726ea3c4bf4706c18	OBSOPEN_US30_20241010	2024-10-10	180	69	25	0.00000000000000000	0.53702730163740919	0.61413780285930353	0.75694301241204842	SESSION	false
af0b7f804a8d8337572d6a4a6f2ddcb426defb1f4d5f28ed0fde54882050d00c	a2b3facd10cee4f0909891958654ec1a86b2615c602c30a726ea3c4bf4706c18	OBSOPEN_US30_20241010	2024-10-10	180	69	26	0.00000000000000000	0.53481375923329733	0.61220438904746832	0.74893355896232050	SESSION	false
af0b7f804a8d8337572d6a4a6f2ddcb426defb1f4d5f28ed0fde54882050d00c	a2b3facd10cee4f0909891958654ec1a86b2615c602c30a726ea3c4bf4706c18	OBSOPEN_US30_20241010	2024-10-10	180	69	27	0.00000000000000000	0.53407565020052150	0.61166656776706163	0.74760752705355982	SESSION	false
af0b7f804a8d8337572d6a4a6f2ddcb426defb1f4d5f28ed0fde54882050d00c	a2b3facd10cee4f0909891958654ec1a86b2615c602c30a726ea3c4bf4706c18	OBSOPEN_US30_20241010	2024-10-10	180	69	28	0.00000000000000000	0.53481375923329733	0.61253067533863759	0.75071505002294936	SESSION	false
af0b7f804a8d8337572d6a4a6f2ddcb426defb1f4d5f28ed0fde54882050d00c	a2b3facd10cee4f0909891958654ec1a86b2615c602c30a726ea3c4bf4706c18	OBSOPEN_US30_20241010	2024-10-10	180	69	29	0.00000000000000000	0.53407565020052150	0.61186677875501183	0.74846675334327728	SESSION	false
af0b7f804a8d8337572d6a4a6f2ddcb426defb1f4d5f28ed0fde54882050d00c	a2b3facd10cee4f0909891958654ec1a86b2615c602c30a726ea3c4bf4706c18	OBSOPEN_US30_20241010	2024-10-10	180	69	30	0.00000000000000000	0.53407565020052150	0.61178895270753186	0.74759600865408593	SESSION	false
af0b7f804a8d8337572d6a4a6f2ddcb426defb1f4d5f28ed0fde54882050d00c	a2b3facd10cee4f0909891958654ec1a86b2615c602c30a726ea3c4bf4706c18	OBSOPEN_US30_20241015	2024-10-15	180	70	1	1.00000000000000000	0.53677039834323015	0.48454711005629064	0.45331121753353648	SESSION	false
af0b7f804a8d8337572d6a4a6f2ddcb426defb1f4d5f28ed0fde54882050d00c	a2b3facd10cee4f0909891958654ec1a86b2615c602c30a726ea3c4bf4706c18	OBSOPEN_US30_20241015	2024-10-15	180	70	2	1.00000000000000000	0.53702730163740919	0.48697963320007975	0.44150408345181680	SESSION	false
af0b7f804a8d8337572d6a4a6f2ddcb426defb1f4d5f28ed0fde54882050d00c	a2b3facd10cee4f0909891958654ec1a86b2615c602c30a726ea3c4bf4706c18	OBSOPEN_US30_20241015	2024-10-15	180	70	3	1.00000000000000000	0.53702730163740919	0.48629623116563941	0.44277986645017925	SESSION	false
af0b7f804a8d8337572d6a4a6f2ddcb426defb1f4d5f28ed0fde54882050d00c	a2b3facd10cee4f0909891958654ec1a86b2615c602c30a726ea3c4bf4706c18	OBSOPEN_US30_20241015	2024-10-15	180	70	4	1.00000000000000000	0.53628958781724945	0.48486032170046633	0.43861523115410017	SESSION	false
af0b7f804a8d8337572d6a4a6f2ddcb426defb1f4d5f28ed0fde54882050d00c	a2b3facd10cee4f0909891958654ec1a86b2615c602c30a726ea3c4bf4706c18	OBSOPEN_US30_20241015	2024-10-15	180	70	5	1.00000000000000000	0.53555173939429335	0.48335925677591207	0.43167283499240677	SESSION	false
af0b7f804a8d8337572d6a4a6f2ddcb426defb1f4d5f28ed0fde54882050d00c	a2b3facd10cee4f0909891958654ec1a86b2615c602c30a726ea3c4bf4706c18	OBSOPEN_US30_20241015	2024-10-15	180	70	6	1.00000000000000000	0.53555173939429335	0.48340184723070240	0.43802228203796795	SESSION	false
af0b7f804a8d8337572d6a4a6f2ddcb426defb1f4d5f28ed0fde54882050d00c	a2b3facd10cee4f0909891958654ec1a86b2615c602c30a726ea3c4bf4706c18	OBSOPEN_US30_20241015	2024-10-15	180	70	7	1.00000000000000000	0.53481375923329733	0.48300286052405272	0.43671081337888695	SESSION	false
af0b7f804a8d8337572d6a4a6f2ddcb426defb1f4d5f28ed0fde54882050d00c	a2b3facd10cee4f0909891958654ec1a86b2615c602c30a726ea3c4bf4706c18	OBSOPEN_US30_20241015	2024-10-15	180	70	8	1.00000000000000000	0.53923960685686589	0.48765863966544520	0.46438750880330681	SESSION	false
af0b7f804a8d8337572d6a4a6f2ddcb426defb1f4d5f28ed0fde54882050d00c	a2b3facd10cee4f0909891958654ec1a86b2615c602c30a726ea3c4bf4706c18	OBSOPEN_US30_20241015	2024-10-15	180	70	9	1.00000000000000000	0.53923960685686589	0.48752047952199851	0.46440891142820245	SESSION	false
af0b7f804a8d8337572d6a4a6f2ddcb426defb1f4d5f28ed0fde54882050d00c	a2b3facd10cee4f0909891958654ec1a86b2615c602c30a726ea3c4bf4706c18	OBSOPEN_US30_20241015	2024-10-15	180	70	10	1.00000000000000000	0.53702730163740919	0.48514725128406222	0.45457424971623062	SESSION	false
af0b7f804a8d8337572d6a4a6f2ddcb426defb1f4d5f28ed0fde54882050d00c	a2b3facd10cee4f0909891958654ec1a86b2615c602c30a726ea3c4bf4706c18	OBSOPEN_US30_20241015	2024-10-15	180	70	11	1.00000000000000000	0.53702730163740919	0.48501585835741517	0.45301166681625549	SESSION	false
af0b7f804a8d8337572d6a4a6f2ddcb426defb1f4d5f28ed0fde54882050d00c	a2b3facd10cee4f0909891958654ec1a86b2615c602c30a726ea3c4bf4706c18	OBSOPEN_US30_20241015	2024-10-15	180	70	12	1.00000000000000000	0.53702730163740919	0.48502989540822683	0.45673861632312512	SESSION	false
af0b7f804a8d8337572d6a4a6f2ddcb426defb1f4d5f28ed0fde54882050d00c	a2b3facd10cee4f0909891958654ec1a86b2615c602c30a726ea3c4bf4706c18	OBSOPEN_US30_20241015	2024-10-15	180	70	13	1.00000000000000000	0.53850231401805004	0.48671640826104645	0.46736377726823641	SESSION	false
af0b7f804a8d8337572d6a4a6f2ddcb426defb1f4d5f28ed0fde54882050d00c	a2b3facd10cee4f0909891958654ec1a86b2615c602c30a726ea3c4bf4706c18	OBSOPEN_US30_20241015	2024-10-15	180	70	14	1.00000000000000000	0.53850231401805004	0.48780346183647411	0.73028015605794461	SESSION	false
af0b7f804a8d8337572d6a4a6f2ddcb426defb1f4d5f28ed0fde54882050d00c	a2b3facd10cee4f0909891958654ec1a86b2615c602c30a726ea3c4bf4706c18	OBSOPEN_US30_20241015	2024-10-15	180	70	15	1.00000000000000000	0.53702730163740919	0.48552465911779646	0.68689893597436735	SESSION	false
af0b7f804a8d8337572d6a4a6f2ddcb426defb1f4d5f28ed0fde54882050d00c	a2b3facd10cee4f0909891958654ec1a86b2615c602c30a726ea3c4bf4706c18	OBSOPEN_US30_20241015	2024-10-15	180	70	16	1.00000000000000000	0.53776487799155581	0.48616347703434898	0.68923333510460572	SESSION	false
af0b7f804a8d8337572d6a4a6f2ddcb426defb1f4d5f28ed0fde54882050d00c	a2b3facd10cee4f0909891958654ec1a86b2615c602c30a726ea3c4bf4706c18	OBSOPEN_US30_20241015	2024-10-15	180	70	17	1.00000000000000000	0.53923960685686589	0.48802795257514048	0.70060179035216275	SESSION	false
af0b7f804a8d8337572d6a4a6f2ddcb426defb1f4d5f28ed0fde54882050d00c	a2b3facd10cee4f0909891958654ec1a86b2615c602c30a726ea3c4bf4706c18	OBSOPEN_US30_20241015	2024-10-15	180	70	18	1.00000000000000000	0.53997675364962783	0.48912710116078023	0.70791060273821782	SESSION	false
af0b7f804a8d8337572d6a4a6f2ddcb426defb1f4d5f28ed0fde54882050d00c	a2b3facd10cee4f0909891958654ec1a86b2615c602c30a726ea3c4bf4706c18	OBSOPEN_US30_20241015	2024-10-15	180	70	19	1.00000000000000000	0.54071375153964718	0.48971102814876999	0.70870539463994409	SESSION	false
af0b7f804a8d8337572d6a4a6f2ddcb426defb1f4d5f28ed0fde54882050d00c	a2b3facd10cee4f0909891958654ec1a86b2615c602c30a726ea3c4bf4706c18	OBSOPEN_US30_20241015	2024-10-15	180	70	20	1.00000000000000000	0.53997675364962783	0.48872377205864381	0.70773985182981058	SESSION	false
af0b7f804a8d8337572d6a4a6f2ddcb426defb1f4d5f28ed0fde54882050d00c	a2b3facd10cee4f0909891958654ec1a86b2615c602c30a726ea3c4bf4706c18	OBSOPEN_US30_20241015	2024-10-15	180	70	21	1.00000000000000000	0.53702730163740919	0.48544173093138576	0.69413936811399368	SESSION	false
af0b7f804a8d8337572d6a4a6f2ddcb426defb1f4d5f28ed0fde54882050d00c	a2b3facd10cee4f0909891958654ec1a86b2615c602c30a726ea3c4bf4706c18	OBSOPEN_US30_20241015	2024-10-15	180	70	22	1.00000000000000000	0.53555173939429335	0.48357308926963771	0.68628985517660102	SESSION	false
af0b7f804a8d8337572d6a4a6f2ddcb426defb1f4d5f28ed0fde54882050d00c	a2b3facd10cee4f0909891958654ec1a86b2615c602c30a726ea3c4bf4706c18	OBSOPEN_US30_20241015	2024-10-15	180	70	23	1.00000000000000000	0.53555173939429335	0.48293891618050999	0.68404555559306757	SESSION	false
af0b7f804a8d8337572d6a4a6f2ddcb426defb1f4d5f28ed0fde54882050d00c	a2b3facd10cee4f0909891958654ec1a86b2615c602c30a726ea3c4bf4706c18	OBSOPEN_US30_20241015	2024-10-15	180	70	24	1.00000000000000000	0.53481375923329733	0.48185125763662817	0.67962767925682577	SESSION	false
af0b7f804a8d8337572d6a4a6f2ddcb426defb1f4d5f28ed0fde54882050d00c	a2b3facd10cee4f0909891958654ec1a86b2615c602c30a726ea3c4bf4706c18	OBSOPEN_US30_20241015	2024-10-15	180	70	25	1.00000000000000000	0.53702730163740919	0.48401114283303043	0.69028860701945949	SESSION	false
af0b7f804a8d8337572d6a4a6f2ddcb426defb1f4d5f28ed0fde54882050d00c	a2b3facd10cee4f0909891958654ec1a86b2615c602c30a726ea3c4bf4706c18	OBSOPEN_US30_20241015	2024-10-15	180	70	26	1.00000000000000000	0.53481375923329733	0.48175062273846858	0.68068265043807807	SESSION	false
af0b7f804a8d8337572d6a4a6f2ddcb426defb1f4d5f28ed0fde54882050d00c	a2b3facd10cee4f0909891958654ec1a86b2615c602c30a726ea3c4bf4706c18	OBSOPEN_US30_20241015	2024-10-15	180	70	27	1.00000000000000000	0.53407565020052150	0.48118520243230878	0.67915057471281381	SESSION	false
af0b7f804a8d8337572d6a4a6f2ddcb426defb1f4d5f28ed0fde54882050d00c	a2b3facd10cee4f0909891958654ec1a86b2615c602c30a726ea3c4bf4706c18	OBSOPEN_US30_20241015	2024-10-15	180	70	28	1.00000000000000000	0.53481375923329733	0.48209381575687765	0.68274327944176505	SESSION	false
af0b7f804a8d8337572d6a4a6f2ddcb426defb1f4d5f28ed0fde54882050d00c	a2b3facd10cee4f0909891958654ec1a86b2615c602c30a726ea3c4bf4706c18	OBSOPEN_US30_20241015	2024-10-15	180	70	29	1.00000000000000000	0.53407565020052150	0.48139564847729410	0.68014314262995412	SESSION	false
af0b7f804a8d8337572d6a4a6f2ddcb426defb1f4d5f28ed0fde54882050d00c	a2b3facd10cee4f0909891958654ec1a86b2615c602c30a726ea3c4bf4706c18	OBSOPEN_US30_20241015	2024-10-15	180	70	30	1.00000000000000000	0.53407565020052150	0.48131383835677877	0.67913727299912729	SESSION	false
af0b7f804a8d8337572d6a4a6f2ddcb426defb1f4d5f28ed0fde54882050d00c	a2b3facd10cee4f0909891958654ec1a86b2615c602c30a726ea3c4bf4706c18	OBSOPEN_US30_20241016	2024-10-16	180	71	1	1.00000000000000000	0.53677039834323015	0.48474808741934705	0.68283117236662627	SESSION	false
af0b7f804a8d8337572d6a4a6f2ddcb426defb1f4d5f28ed0fde54882050d00c	a2b3facd10cee4f0909891958654ec1a86b2615c602c30a726ea3c4bf4706c18	OBSOPEN_US30_20241016	2024-10-16	180	71	2	1.00000000000000000	0.53702730163740919	0.48718066590313069	0.67239870646459043	SESSION	false
af0b7f804a8d8337572d6a4a6f2ddcb426defb1f4d5f28ed0fde54882050d00c	a2b3facd10cee4f0909891958654ec1a86b2615c602c30a726ea3c4bf4706c18	OBSOPEN_US30_20241016	2024-10-16	180	71	3	1.00000000000000000	0.53702730163740919	0.48649724928316274	0.67353705707852574	SESSION	false
af0b7f804a8d8337572d6a4a6f2ddcb426defb1f4d5f28ed0fde54882050d00c	a2b3facd10cee4f0909891958654ec1a86b2615c602c30a726ea3c4bf4706c18	OBSOPEN_US30_20241016	2024-10-16	180	71	4	1.00000000000000000	0.53628958781724945	0.48506130672325132	0.66981097329357375	SESSION	false
af0b7f804a8d8337572d6a4a6f2ddcb426defb1f4d5f28ed0fde54882050d00c	a2b3facd10cee4f0909891958654ec1a86b2615c602c30a726ea3c4bf4706c18	OBSOPEN_US30_20241016	2024-10-16	180	71	5	1.00000000000000000	0.53555173939429335	0.48356020365468022	0.66353443547180146	SESSION	false
af0b7f804a8d8337572d6a4a6f2ddcb426defb1f4d5f28ed0fde54882050d00c	a2b3facd10cee4f0909891958654ec1a86b2615c602c30a726ea3c4bf4706c18	OBSOPEN_US30_20241016	2024-10-16	180	71	6	1.00000000000000000	0.53555173939429335	0.48360279524173511	0.66927809277552974	SESSION	false
af0b7f804a8d8337572d6a4a6f2ddcb426defb1f4d5f28ed0fde54882050d00c	a2b3facd10cee4f0909891958654ec1a86b2615c602c30a726ea3c4bf4706c18	OBSOPEN_US30_20241016	2024-10-16	180	71	7	1.00000000000000000	0.53481375923329733	0.48320379781362277	0.66809737092344368	SESSION	false
af0b7f804a8d8337572d6a4a6f2ddcb426defb1f4d5f28ed0fde54882050d00c	a2b3facd10cee4f0909891958654ec1a86b2615c602c30a726ea3c4bf4706c18	OBSOPEN_US30_20241016	2024-10-16	180	71	8	1.00000000000000000	0.53923960685686589	0.48785968611580227	0.69241257563516145	SESSION	false
af0b7f804a8d8337572d6a4a6f2ddcb426defb1f4d5f28ed0fde54882050d00c	a2b3facd10cee4f0909891958654ec1a86b2615c602c30a726ea3c4bf4706c18	OBSOPEN_US30_20241016	2024-10-16	180	71	9	1.00000000000000000	0.53923960685686589	0.48772152323526596	0.69243090134538943	SESSION	false
af0b7f804a8d8337572d6a4a6f2ddcb426defb1f4d5f28ed0fde54882050d00c	a2b3facd10cee4f0909891958654ec1a86b2615c602c30a726ea3c4bf4706c18	OBSOPEN_US30_20241016	2024-10-16	180	71	10	1.00000000000000000	0.53702730163740919	0.48534824318526892	0.68393366043703674	SESSION	false
af0b7f804a8d8337572d6a4a6f2ddcb426defb1f4d5f28ed0fde54882050d00c	a2b3facd10cee4f0909891958654ec1a86b2615c602c30a726ea3c4bf4706c18	OBSOPEN_US30_20241016	2024-10-16	180	71	11	1.00000000000000000	0.53702730163740919	0.48471900578876159	0.41009644247664040	SESSION	false
af0b7f804a8d8337572d6a4a6f2ddcb426defb1f4d5f28ed0fde54882050d00c	a2b3facd10cee4f0909891958654ec1a86b2615c602c30a726ea3c4bf4706c18	OBSOPEN_US30_20241016	2024-10-16	180	71	12	1.00000000000000000	0.53702730163740919	0.48495819649271632	0.46761663802010472	SESSION	false
af0b7f804a8d8337572d6a4a6f2ddcb426defb1f4d5f28ed0fde54882050d00c	a2b3facd10cee4f0909891958654ec1a86b2615c602c30a726ea3c4bf4706c18	OBSOPEN_US30_20241016	2024-10-16	180	71	13	1.00000000000000000	0.53850231401805004	0.48664469563268031	0.47827207164104285	SESSION	false
af0b7f804a8d8337572d6a4a6f2ddcb426defb1f4d5f28ed0fde54882050d00c	a2b3facd10cee4f0909891958654ec1a86b2615c602c30a726ea3c4bf4706c18	OBSOPEN_US30_20241016	2024-10-16	180	71	14	1.00000000000000000	0.53850231401805004	0.48698478153647379	0.73881309452776922	SESSION	false
af0b7f804a8d8337572d6a4a6f2ddcb426defb1f4d5f28ed0fde54882050d00c	a2b3facd10cee4f0909891958654ec1a86b2615c602c30a726ea3c4bf4706c18	OBSOPEN_US30_20241016	2024-10-16	180	71	15	1.00000000000000000	0.53702730163740919	0.48493133750849210	0.68689893597436735	SESSION	false
af0b7f804a8d8337572d6a4a6f2ddcb426defb1f4d5f28ed0fde54882050d00c	a2b3facd10cee4f0909891958654ec1a86b2615c602c30a726ea3c4bf4706c18	OBSOPEN_US30_20241016	2024-10-16	180	71	16	1.00000000000000000	0.53776487799155581	0.48557011156512636	0.68923333510460572	SESSION	false
af0b7f804a8d8337572d6a4a6f2ddcb426defb1f4d5f28ed0fde54882050d00c	a2b3facd10cee4f0909891958654ec1a86b2615c602c30a726ea3c4bf4706c18	OBSOPEN_US30_20241016	2024-10-16	180	71	17	1.00000000000000000	0.53923960685686589	0.48743447018038583	0.70060179035216275	SESSION	false
af0b7f804a8d8337572d6a4a6f2ddcb426defb1f4d5f28ed0fde54882050d00c	a2b3facd10cee4f0909891958654ec1a86b2615c602c30a726ea3c4bf4706c18	OBSOPEN_US30_20241016	2024-10-16	180	71	18	1.00000000000000000	0.53997675364962783	0.48803553941964206	0.43932217701474446	SESSION	false
af0b7f804a8d8337572d6a4a6f2ddcb426defb1f4d5f28ed0fde54882050d00c	a2b3facd10cee4f0909891958654ec1a86b2615c602c30a726ea3c4bf4706c18	OBSOPEN_US30_20241016	2024-10-16	180	71	19	1.00000000000000000	0.54071375153964718	0.48884465636950114	0.49468890864980031	SESSION	false
af0b7f804a8d8337572d6a4a6f2ddcb426defb1f4d5f28ed0fde54882050d00c	a2b3facd10cee4f0909891958654ec1a86b2615c602c30a726ea3c4bf4706c18	OBSOPEN_US30_20241016	2024-10-16	180	71	20	1.00000000000000000	0.53997675364962783	0.48785747705728166	0.49352094356501003	SESSION	false
af0b7f804a8d8337572d6a4a6f2ddcb426defb1f4d5f28ed0fde54882050d00c	a2b3facd10cee4f0909891958654ec1a86b2615c602c30a726ea3c4bf4706c18	OBSOPEN_US30_20241016	2024-10-16	180	71	21	1.00000000000000000	0.53702730163740919	0.48457573974555029	0.47731390533349488	SESSION	false
af0b7f804a8d8337572d6a4a6f2ddcb426defb1f4d5f28ed0fde54882050d00c	a2b3facd10cee4f0909891958654ec1a86b2615c602c30a726ea3c4bf4706c18	OBSOPEN_US30_20241016	2024-10-16	180	71	22	1.00000000000000000	0.53555173939429335	0.48270730442712484	0.46816329924327371	SESSION	false
af0b7f804a8d8337572d6a4a6f2ddcb426defb1f4d5f28ed0fde54882050d00c	a2b3facd10cee4f0909891958654ec1a86b2615c602c30a726ea3c4bf4706c18	OBSOPEN_US30_20241016	2024-10-16	180	71	23	1.00000000000000000	0.53555173939429335	0.48207320686815031	0.46557369155865880	SESSION	false
af0b7f804a8d8337572d6a4a6f2ddcb426defb1f4d5f28ed0fde54882050d00c	a2b3facd10cee4f0909891958654ec1a86b2615c602c30a726ea3c4bf4706c18	OBSOPEN_US30_20241016	2024-10-16	180	71	24	1.00000000000000000	0.53481375923329733	0.48098568435647998	0.46051025741849838	SESSION	false
af0b7f804a8d8337572d6a4a6f2ddcb426defb1f4d5f28ed0fde54882050d00c	a2b3facd10cee4f0909891958654ec1a86b2615c602c30a726ea3c4bf4706c18	OBSOPEN_US30_20241016	2024-10-16	180	71	25	1.00000000000000000	0.53702730163740919	0.48314530744642009	0.47280660219862702	SESSION	false
af0b7f804a8d8337572d6a4a6f2ddcb426defb1f4d5f28ed0fde54882050d00c	a2b3facd10cee4f0909891958654ec1a86b2615c602c30a726ea3c4bf4706c18	OBSOPEN_US30_20241016	2024-10-16	180	71	26	1.00000000000000000	0.53481375923329733	0.48088506245914037	0.46171528885024560	SESSION	false
af0b7f804a8d8337572d6a4a6f2ddcb426defb1f4d5f28ed0fde54882050d00c	a2b3facd10cee4f0909891958654ec1a86b2615c602c30a726ea3c4bf4706c18	OBSOPEN_US30_20241016	2024-10-16	180	71	27	1.00000000000000000	0.53407565020052150	0.48031971650394484	0.45996612883918780	SESSION	false
af0b7f804a8d8337572d6a4a6f2ddcb426defb1f4d5f28ed0fde54882050d00c	a2b3facd10cee4f0909891958654ec1a86b2615c602c30a726ea3c4bf4706c18	OBSOPEN_US30_20241016	2024-10-16	180	71	28	1.00000000000000000	0.53481375923329733	0.48122821142969296	0.46407642707552438	SESSION	false
af0b7f804a8d8337572d6a4a6f2ddcb426defb1f4d5f28ed0fde54882050d00c	a2b3facd10cee4f0909891958654ec1a86b2615c602c30a726ea3c4bf4706c18	OBSOPEN_US30_20241016	2024-10-16	180	71	29	1.00000000000000000	0.53407565020052150	0.48053013461699728	0.46109872102594501	SESSION	false
af0b7f804a8d8337572d6a4a6f2ddcb426defb1f4d5f28ed0fde54882050d00c	a2b3facd10cee4f0909891958654ec1a86b2615c602c30a726ea3c4bf4706c18	OBSOPEN_US30_20241016	2024-10-16	180	71	30	1.00000000000000000	0.53407565020052150	0.48094588438018471	0.72484659772625837	SESSION	false
af0b7f804a8d8337572d6a4a6f2ddcb426defb1f4d5f28ed0fde54882050d00c	a2b3facd10cee4f0909891958654ec1a86b2615c602c30a726ea3c4bf4706c18	OBSOPEN_US30_20241017	2024-10-17	180	72	1	1.00000000000000000	0.53677039834323015	0.48466290112308547	0.72822485589783770	SESSION	false
af0b7f804a8d8337572d6a4a6f2ddcb426defb1f4d5f28ed0fde54882050d00c	a2b3facd10cee4f0909891958654ec1a86b2615c602c30a726ea3c4bf4706c18	OBSOPEN_US30_20241017	2024-10-17	180	72	2	1.00000000000000000	0.53702730163740919	0.48673387760695530	0.39888403150739749	SESSION	false
af0b7f804a8d8337572d6a4a6f2ddcb426defb1f4d5f28ed0fde54882050d00c	a2b3facd10cee4f0909891958654ec1a86b2615c602c30a726ea3c4bf4706c18	OBSOPEN_US30_20241017	2024-10-17	180	72	3	1.00000000000000000	0.53702730163740919	0.48641204578179859	0.71971491970335655	SESSION	false
af0b7f804a8d8337572d6a4a6f2ddcb426defb1f4d5f28ed0fde54882050d00c	a2b3facd10cee4f0909891958654ec1a86b2615c602c30a726ea3c4bf4706c18	OBSOPEN_US30_20241017	2024-10-17	180	72	4	1.00000000000000000	0.53628958781724945	0.48486353910109475	0.66981097329357375	SESSION	false
af0b7f804a8d8337572d6a4a6f2ddcb426defb1f4d5f28ed0fde54882050d00c	a2b3facd10cee4f0909891958654ec1a86b2615c602c30a726ea3c4bf4706c18	OBSOPEN_US30_20241017	2024-10-17	180	72	5	0.00000000000000000	0.53555173939429335	0.53761123288456203	0.65816891902254593	SESSION	false
af0b7f804a8d8337572d6a4a6f2ddcb426defb1f4d5f28ed0fde54882050d00c	a2b3facd10cee4f0909891958654ec1a86b2615c602c30a726ea3c4bf4706c18	OBSOPEN_US30_20241017	2024-10-17	180	72	6	0.00000000000000000	0.53555173939429335	0.60644567660226900	0.72986697558102442	SESSION	false
af0b7f804a8d8337572d6a4a6f2ddcb426defb1f4d5f28ed0fde54882050d00c	a2b3facd10cee4f0909891958654ec1a86b2615c602c30a726ea3c4bf4706c18	OBSOPEN_US30_20241017	2024-10-17	180	72	7	0.00000000000000000	0.53481375923329733	0.60627947753897626	0.72912045345692311	SESSION	false
af0b7f804a8d8337572d6a4a6f2ddcb426defb1f4d5f28ed0fde54882050d00c	a2b3facd10cee4f0909891958654ec1a86b2615c602c30a726ea3c4bf4706c18	OBSOPEN_US30_20241017	2024-10-17	180	72	8	0.00000000000000000	0.53923960685686589	0.61119359270636142	0.75212446153622836	SESSION	false
af0b7f804a8d8337572d6a4a6f2ddcb426defb1f4d5f28ed0fde54882050d00c	a2b3facd10cee4f0909891958654ec1a86b2615c602c30a726ea3c4bf4706c18	OBSOPEN_US30_20241017	2024-10-17	180	72	9	0.00000000000000000	0.53923960685686589	0.61084791291068119	0.75185209526241992	SESSION	false
af0b7f804a8d8337572d6a4a6f2ddcb426defb1f4d5f28ed0fde54882050d00c	a2b3facd10cee4f0909891958654ec1a86b2615c602c30a726ea3c4bf4706c18	OBSOPEN_US30_20241017	2024-10-17	180	72	10	0.00000000000000000	0.53702730163740919	0.60858727167011073	0.74439048300012345	SESSION	false
af0b7f804a8d8337572d6a4a6f2ddcb426defb1f4d5f28ed0fde54882050d00c	a2b3facd10cee4f0909891958654ec1a86b2615c602c30a726ea3c4bf4706c18	OBSOPEN_US30_20241017	2024-10-17	180	72	11	0.00000000000000000	0.53702730163740919	0.60846195715265627	0.74318911957693257	SESSION	false
af0b7f804a8d8337572d6a4a6f2ddcb426defb1f4d5f28ed0fde54882050d00c	a2b3facd10cee4f0909891958654ec1a86b2615c602c30a726ea3c4bf4706c18	OBSOPEN_US30_20241017	2024-10-17	180	72	12	0.00000000000000000	0.53702730163740919	0.60800040471626116	0.74453242107503659	SESSION	false
af0b7f804a8d8337572d6a4a6f2ddcb426defb1f4d5f28ed0fde54882050d00c	a2b3facd10cee4f0909891958654ec1a86b2615c602c30a726ea3c4bf4706c18	OBSOPEN_US30_20241017	2024-10-17	180	72	13	0.00000000000000000	0.53850231401805004	0.60982284855495694	0.75286587229165569	SESSION	false
af0b7f804a8d8337572d6a4a6f2ddcb426defb1f4d5f28ed0fde54882050d00c	a2b3facd10cee4f0909891958654ec1a86b2615c602c30a726ea3c4bf4706c18	OBSOPEN_US30_20241017	2024-10-17	180	72	14	0.00000000000000000	0.53850231401805004	0.61014670406555394	0.75390333425418765	SESSION	false
af0b7f804a8d8337572d6a4a6f2ddcb426defb1f4d5f28ed0fde54882050d00c	a2b3facd10cee4f0909891958654ec1a86b2615c602c30a726ea3c4bf4706c18	OBSOPEN_US30_20241017	2024-10-17	180	72	15	0.00000000000000000	0.53702730163740919	0.60818960605824712	0.74699838126107510	SESSION	false
af0b7f804a8d8337572d6a4a6f2ddcb426defb1f4d5f28ed0fde54882050d00c	a2b3facd10cee4f0909891958654ec1a86b2615c602c30a726ea3c4bf4706c18	OBSOPEN_US30_20241017	2024-10-17	180	72	16	0.00000000000000000	0.53776487799155581	0.60832403312905869	0.74754537775309937	SESSION	false
af0b7f804a8d8337572d6a4a6f2ddcb426defb1f4d5f28ed0fde54882050d00c	a2b3facd10cee4f0909891958654ec1a86b2615c602c30a726ea3c4bf4706c18	OBSOPEN_US30_20241017	2024-10-17	180	72	17	0.00000000000000000	0.53923960685686589	0.61031515125691593	0.75781503592045685	SESSION	false
af0b7f804a8d8337572d6a4a6f2ddcb426defb1f4d5f28ed0fde54882050d00c	a2b3facd10cee4f0909891958654ec1a86b2615c602c30a726ea3c4bf4706c18	OBSOPEN_US30_20241017	2024-10-17	180	72	18	0.00000000000000000	0.53997675364962783	0.61183430186499077	0.76563222029830236	SESSION	false
af0b7f804a8d8337572d6a4a6f2ddcb426defb1f4d5f28ed0fde54882050d00c	a2b3facd10cee4f0909891958654ec1a86b2615c602c30a726ea3c4bf4706c18	OBSOPEN_US30_20241017	2024-10-17	180	72	19	0.00000000000000000	0.54071375153964718	0.61217512329058843	0.76604475507337766	SESSION	false
af0b7f804a8d8337572d6a4a6f2ddcb426defb1f4d5f28ed0fde54882050d00c	a2b3facd10cee4f0909891958654ec1a86b2615c602c30a726ea3c4bf4706c18	OBSOPEN_US30_20241017	2024-10-17	180	72	20	0.00000000000000000	0.53997675364962783	0.61123670758949367	0.76520630584803939	SESSION	false
af0b7f804a8d8337572d6a4a6f2ddcb426defb1f4d5f28ed0fde54882050d00c	a2b3facd10cee4f0909891958654ec1a86b2615c602c30a726ea3c4bf4706c18	OBSOPEN_US30_20241017	2024-10-17	180	72	21	0.00000000000000000	0.53702730163740919	0.60763539295327040	0.75186226772699649	SESSION	false
af0b7f804a8d8337572d6a4a6f2ddcb426defb1f4d5f28ed0fde54882050d00c	a2b3facd10cee4f0909891958654ec1a86b2615c602c30a726ea3c4bf4706c18	OBSOPEN_US30_20241017	2024-10-17	180	72	22	0.00000000000000000	0.53555173939429335	0.56747912786004751	0.65247849067550123	SESSION	false
af0b7f804a8d8337572d6a4a6f2ddcb426defb1f4d5f28ed0fde54882050d00c	a2b3facd10cee4f0909891958654ec1a86b2615c602c30a726ea3c4bf4706c18	OBSOPEN_US30_20241017	2024-10-17	180	72	23	0.00000000000000000	0.53555173939429335	0.54644932333377794	0.59994504540066107	SESSION	false
af0b7f804a8d8337572d6a4a6f2ddcb426defb1f4d5f28ed0fde54882050d00c	a2b3facd10cee4f0909891958654ec1a86b2615c602c30a726ea3c4bf4706c18	OBSOPEN_US30_20241017	2024-10-17	180	72	24	0.00000000000000000	0.53481375923329733	0.56576792354961003	0.64877760952226105	SESSION	false
af0b7f804a8d8337572d6a4a6f2ddcb426defb1f4d5f28ed0fde54882050d00c	a2b3facd10cee4f0909891958654ec1a86b2615c602c30a726ea3c4bf4706c18	OBSOPEN_US30_20241017	2024-10-17	180	72	25	0.00000000000000000	0.53702730163740919	0.55538230579509107	0.62713193817681712	SESSION	false
af0b7f804a8d8337572d6a4a6f2ddcb426defb1f4d5f28ed0fde54882050d00c	a2b3facd10cee4f0909891958654ec1a86b2615c602c30a726ea3c4bf4706c18	OBSOPEN_US30_20241017	2024-10-17	180	72	26	0.00000000000000000	0.53481375923329733	0.55289944515936518	0.61571131523382006	SESSION	false
af0b7f804a8d8337572d6a4a6f2ddcb426defb1f4d5f28ed0fde54882050d00c	a2b3facd10cee4f0909891958654ec1a86b2615c602c30a726ea3c4bf4706c18	OBSOPEN_US30_20241017	2024-10-17	180	72	27	0.00000000000000000	0.53407565020052150	0.55245096105876335	0.61422749647654717	SESSION	false
af0b7f804a8d8337572d6a4a6f2ddcb426defb1f4d5f28ed0fde54882050d00c	a2b3facd10cee4f0909891958654ec1a86b2615c602c30a726ea3c4bf4706c18	OBSOPEN_US30_20241017	2024-10-17	180	72	28	0.00000000000000000	0.53481375923329733	0.55359691270569000	0.61907979355715026	SESSION	false
af0b7f804a8d8337572d6a4a6f2ddcb426defb1f4d5f28ed0fde54882050d00c	a2b3facd10cee4f0909891958654ec1a86b2615c602c30a726ea3c4bf4706c18	OBSOPEN_US30_20241017	2024-10-17	180	72	29	0.00000000000000000	0.53407565020052150	0.55279432160338027	0.61606828725730334	SESSION	false
af0b7f804a8d8337572d6a4a6f2ddcb426defb1f4d5f28ed0fde54882050d00c	a2b3facd10cee4f0909891958654ec1a86b2615c602c30a726ea3c4bf4706c18	OBSOPEN_US30_20241017	2024-10-17	180	72	30	0.00000000000000000	0.53407565020052150	0.55271330952773257	0.61497498586479538	SESSION	false
af0b7f804a8d8337572d6a4a6f2ddcb426defb1f4d5f28ed0fde54882050d00c	a2b3facd10cee4f0909891958654ec1a86b2615c602c30a726ea3c4bf4706c18	OBSOPEN_US30_20241023	2024-10-23	180	73	1	1.00000000000000000	0.53677039834323015	0.48425027460937831	0.41038890650813242	SESSION	false
af0b7f804a8d8337572d6a4a6f2ddcb426defb1f4d5f28ed0fde54882050d00c	a2b3facd10cee4f0909891958654ec1a86b2615c602c30a726ea3c4bf4706c18	OBSOPEN_US30_20241023	2024-10-23	180	73	2	1.00000000000000000	0.53702730163740919	0.48690791857877985	0.45232136756343549	SESSION	false
af0b7f804a8d8337572d6a4a6f2ddcb426defb1f4d5f28ed0fde54882050d00c	a2b3facd10cee4f0909891958654ec1a86b2615c602c30a726ea3c4bf4706c18	OBSOPEN_US30_20241023	2024-10-23	180	73	3	1.00000000000000000	0.53702730163740919	0.48622452180095288	0.45360302121455631	SESSION	false
af0b7f804a8d8337572d6a4a6f2ddcb426defb1f4d5f28ed0fde54882050d00c	a2b3facd10cee4f0909891958654ec1a86b2615c602c30a726ea3c4bf4706c18	OBSOPEN_US30_20241023	2024-10-23	180	73	4	1.00000000000000000	0.53628958781724945	0.48478862425408892	0.44941869160940789	SESSION	false
af0b7f804a8d8337572d6a4a6f2ddcb426defb1f4d5f28ed0fde54882050d00c	a2b3facd10cee4f0909891958654ec1a86b2615c602c30a726ea3c4bf4706c18	OBSOPEN_US30_20241023	2024-10-23	180	73	5	1.00000000000000000	0.53555173939429335	0.48378532452810519	0.71051906295238820	SESSION	false
af0b7f804a8d8337572d6a4a6f2ddcb426defb1f4d5f28ed0fde54882050d00c	a2b3facd10cee4f0909891958654ec1a86b2615c602c30a726ea3c4bf4706c18	OBSOPEN_US30_20241023	2024-10-23	180	73	6	1.00000000000000000	0.53555173939429335	0.48360279524173511	0.66927809277552974	SESSION	false
af0b7f804a8d8337572d6a4a6f2ddcb426defb1f4d5f28ed0fde54882050d00c	a2b3facd10cee4f0909891958654ec1a86b2615c602c30a726ea3c4bf4706c18	OBSOPEN_US30_20241023	2024-10-23	180	73	7	1.00000000000000000	0.53481375923329733	0.48320379781362277	0.66809737092344368	SESSION	false
af0b7f804a8d8337572d6a4a6f2ddcb426defb1f4d5f28ed0fde54882050d00c	a2b3facd10cee4f0909891958654ec1a86b2615c602c30a726ea3c4bf4706c18	OBSOPEN_US30_20241023	2024-10-23	180	73	8	1.00000000000000000	0.53923960685686589	0.48785968611580227	0.69241257563516145	SESSION	false
af0b7f804a8d8337572d6a4a6f2ddcb426defb1f4d5f28ed0fde54882050d00c	a2b3facd10cee4f0909891958654ec1a86b2615c602c30a726ea3c4bf4706c18	OBSOPEN_US30_20241023	2024-10-23	180	73	9	1.00000000000000000	0.53923960685686589	0.48772152323526596	0.69243090134538943	SESSION	false
af0b7f804a8d8337572d6a4a6f2ddcb426defb1f4d5f28ed0fde54882050d00c	a2b3facd10cee4f0909891958654ec1a86b2615c602c30a726ea3c4bf4706c18	OBSOPEN_US30_20241023	2024-10-23	180	73	10	1.00000000000000000	0.53702730163740919	0.48485039400979618	0.41162239204550782	SESSION	false
af0b7f804a8d8337572d6a4a6f2ddcb426defb1f4d5f28ed0fde54882050d00c	a2b3facd10cee4f0909891958654ec1a86b2615c602c30a726ea3c4bf4706c18	OBSOPEN_US30_20241023	2024-10-23	180	73	11	1.00000000000000000	0.53702730163740919	0.48544201429059314	0.72798555005194221	SESSION	false
af0b7f804a8d8337572d6a4a6f2ddcb426defb1f4d5f28ed0fde54882050d00c	a2b3facd10cee4f0909891958654ec1a86b2615c602c30a726ea3c4bf4706c18	OBSOPEN_US30_20241023	2024-10-23	180	73	12	1.00000000000000000	0.53702730163740919	0.48473304233490255	0.41373738221813350	SESSION	false
af0b7f804a8d8337572d6a4a6f2ddcb426defb1f4d5f28ed0fde54882050d00c	a2b3facd10cee4f0909891958654ec1a86b2615c602c30a726ea3c4bf4706c18	OBSOPEN_US30_20241023	2024-10-23	180	73	13	1.00000000000000000	0.53850231401805004	0.48664469563268031	0.47827207164104285	SESSION	false
af0b7f804a8d8337572d6a4a6f2ddcb426defb1f4d5f28ed0fde54882050d00c	a2b3facd10cee4f0909891958654ec1a86b2615c602c30a726ea3c4bf4706c18	OBSOPEN_US30_20241023	2024-10-23	180	73	14	1.00000000000000000	0.53850231401805004	0.48648684049273422	0.47767420089908302	SESSION	false
af0b7f804a8d8337572d6a4a6f2ddcb426defb1f4d5f28ed0fde54882050d00c	a2b3facd10cee4f0909891958654ec1a86b2615c602c30a726ea3c4bf4706c18	OBSOPEN_US30_20241023	2024-10-23	180	73	15	1.00000000000000000	0.53702730163740919	0.48465865933570207	0.46886812621500995	SESSION	false
af0b7f804a8d8337572d6a4a6f2ddcb426defb1f4d5f28ed0fde54882050d00c	a2b3facd10cee4f0909891958654ec1a86b2615c602c30a726ea3c4bf4706c18	OBSOPEN_US30_20241023	2024-10-23	180	73	16	1.00000000000000000	0.53776487799155581	0.48529741263128534	0.47157756783654248	SESSION	false
af0b7f804a8d8337572d6a4a6f2ddcb426defb1f4d5f28ed0fde54882050d00c	a2b3facd10cee4f0909891958654ec1a86b2615c602c30a726ea3c4bf4706c18	OBSOPEN_US30_20241023	2024-10-23	180	73	17	1.00000000000000000	0.53923960685686589	0.48716171574682510	0.48495834915105751	SESSION	false
af0b7f804a8d8337572d6a4a6f2ddcb426defb1f4d5f28ed0fde54882050d00c	a2b3facd10cee4f0909891958654ec1a86b2615c602c30a726ea3c4bf4706c18	OBSOPEN_US30_20241023	2024-10-23	180	73	18	1.00000000000000000	0.53997675364962783	0.48826077397646811	0.49372732168780042	SESSION	false
af0b7f804a8d8337572d6a4a6f2ddcb426defb1f4d5f28ed0fde54882050d00c	a2b3facd10cee4f0909891958654ec1a86b2615c602c30a726ea3c4bf4706c18	OBSOPEN_US30_20241023	2024-10-23	180	73	19	1.00000000000000000	0.54071375153964718	0.48934271100579035	0.75174228165218693	SESSION	false
af0b7f804a8d8337572d6a4a6f2ddcb426defb1f4d5f28ed0fde54882050d00c	a2b3facd10cee4f0909891958654ec1a86b2615c602c30a726ea3c4bf4706c18	OBSOPEN_US30_20241023	2024-10-23	180	73	20	1.00000000000000000	0.53997675364962783	0.49181119419454244	0.49195826449025953	SESSION	false
af0b7f804a8d8337572d6a4a6f2ddcb426defb1f4d5f28ed0fde54882050d00c	a2b3facd10cee4f0909891958654ec1a86b2615c602c30a726ea3c4bf4706c18	OBSOPEN_US30_20241023	2024-10-23	180	73	21	1.00000000000000000	0.53702730163740919	0.50325276925488049	0.69413936811399368	SESSION	false
af0b7f804a8d8337572d6a4a6f2ddcb426defb1f4d5f28ed0fde54882050d00c	a2b3facd10cee4f0909891958654ec1a86b2615c602c30a726ea3c4bf4706c18	OBSOPEN_US30_20241023	2024-10-23	180	73	22	1.00000000000000000	0.53555173939429335	0.52542846434350776	0.75335110151518903	SESSION	false
af0b7f804a8d8337572d6a4a6f2ddcb426defb1f4d5f28ed0fde54882050d00c	a2b3facd10cee4f0909891958654ec1a86b2615c602c30a726ea3c4bf4706c18	OBSOPEN_US30_20241023	2024-10-23	180	73	23	1.00000000000000000	0.53555173939429335	0.52479518070888798	0.75141278364487973	SESSION	false
af0b7f804a8d8337572d6a4a6f2ddcb426defb1f4d5f28ed0fde54882050d00c	a2b3facd10cee4f0909891958654ec1a86b2615c602c30a726ea3c4bf4706c18	OBSOPEN_US30_20241023	2024-10-23	180	73	24	1.00000000000000000	0.53481375923329733	0.52296292472258321	0.74080143029926360	SESSION	false
af0b7f804a8d8337572d6a4a6f2ddcb426defb1f4d5f28ed0fde54882050d00c	a2b3facd10cee4f0909891958654ec1a86b2615c602c30a726ea3c4bf4706c18	OBSOPEN_US30_20241023	2024-10-23	180	73	25	1.00000000000000000	0.53702730163740919	0.52545750745344311	0.75146779674961905	SESSION	false
af0b7f804a8d8337572d6a4a6f2ddcb426defb1f4d5f28ed0fde54882050d00c	a2b3facd10cee4f0909891958654ec1a86b2615c602c30a726ea3c4bf4706c18	OBSOPEN_US30_20241023	2024-10-23	180	73	26	1.00000000000000000	0.53481375923329733	0.52319969246750153	0.74305304621386792	SESSION	false
af0b7f804a8d8337572d6a4a6f2ddcb426defb1f4d5f28ed0fde54882050d00c	a2b3facd10cee4f0909891958654ec1a86b2615c602c30a726ea3c4bf4706c18	OBSOPEN_US30_20241023	2024-10-23	180	73	27	1.00000000000000000	0.53407565020052150	0.52263468380845390	0.74170666730605284	SESSION	false
af0b7f804a8d8337572d6a4a6f2ddcb426defb1f4d5f28ed0fde54882050d00c	a2b3facd10cee4f0909891958654ec1a86b2615c602c30a726ea3c4bf4706c18	OBSOPEN_US30_20241023	2024-10-23	180	73	28	1.00000000000000000	0.53481375923329733	0.52354258390002884	0.74486204876425266	SESSION	false
af0b7f804a8d8337572d6a4a6f2ddcb426defb1f4d5f28ed0fde54882050d00c	a2b3facd10cee4f0909891958654ec1a86b2615c602c30a726ea3c4bf4706c18	OBSOPEN_US30_20241023	2024-10-23	180	73	29	1.00000000000000000	0.53407565020052150	0.52284498903454468	0.74257906506473403	SESSION	false
af0b7f804a8d8337572d6a4a6f2ddcb426defb1f4d5f28ed0fde54882050d00c	a2b3facd10cee4f0909891958654ec1a86b2615c602c30a726ea3c4bf4706c18	OBSOPEN_US30_20241023	2024-10-23	180	73	30	1.00000000000000000	0.53407565020052150	0.52276323540293168	0.74169497265427664	SESSION	false
af0b7f804a8d8337572d6a4a6f2ddcb426defb1f4d5f28ed0fde54882050d00c	a2b3facd10cee4f0909891958654ec1a86b2615c602c30a726ea3c4bf4706c18	OBSOPEN_US30_20250102	2025-01-02	120	74	1	1.00000000000000000	0.57360103306217602	0.51525095789993580	0.53298460902578104	SESSION	false
af0b7f804a8d8337572d6a4a6f2ddcb426defb1f4d5f28ed0fde54882050d00c	a2b3facd10cee4f0909891958654ec1a86b2615c602c30a726ea3c4bf4706c18	OBSOPEN_US30_20250102	2025-01-02	120	74	2	1.00000000000000000	0.57385372672695767	0.51768281421405671	0.52108026614266811	SESSION	false
af0b7f804a8d8337572d6a4a6f2ddcb426defb1f4d5f28ed0fde54882050d00c	a2b3facd10cee4f0909891958654ec1a86b2615c602c30a726ea3c4bf4706c18	OBSOPEN_US30_20250102	2025-01-02	120	74	3	1.00000000000000000	0.57385372672695767	0.51699974639743806	0.52237092263384688	SESSION	false
af0b7f804a8d8337572d6a4a6f2ddcb426defb1f4d5f28ed0fde54882050d00c	a2b3facd10cee4f0909891958654ec1a86b2615c602c30a726ea3c4bf4706c18	OBSOPEN_US30_20250102	2025-01-02	120	74	4	1.00000000000000000	0.57312804943766726	0.51556416525956805	0.51815380306327730	SESSION	false
af0b7f804a8d8337572d6a4a6f2ddcb426defb1f4d5f28ed0fde54882050d00c	a2b3facd10cee4f0909891958654ec1a86b2615c602c30a726ea3c4bf4706c18	OBSOPEN_US30_20250102	2025-01-02	120	74	5	1.00000000000000000	0.57240208107606128	0.51406290164492452	0.51109863755278306	SESSION	false
af0b7f804a8d8337572d6a4a6f2ddcb426defb1f4d5f28ed0fde54882050d00c	a2b3facd10cee4f0909891958654ec1a86b2615c602c30a726ea3c4bf4706c18	OBSOPEN_US30_20250102	2025-01-02	120	74	6	1.00000000000000000	0.57240208107606128	0.51410550537556154	0.51755245847270792	SESSION	false
af0b7f804a8d8337572d6a4a6f2ddcb426defb1f4d5f28ed0fde54882050d00c	a2b3facd10cee4f0909891958654ec1a86b2615c602c30a726ea3c4bf4706c18	OBSOPEN_US30_20250102	2025-01-02	120	74	7	1.00000000000000000	0.57167582432279629	0.51370637681149867	0.51622160222874247	SESSION	false
af0b7f804a8d8337572d6a4a6f2ddcb426defb1f4d5f28ed0fde54882050d00c	a2b3facd10cee4f0909891958654ec1a86b2615c602c30a726ea3c4bf4706c18	OBSOPEN_US30_20250102	2025-01-02	120	74	8	1.00000000000000000	0.57602898541280478	0.51836137498713231	0.54407022495885948	SESSION	false
af0b7f804a8d8337572d6a4a6f2ddcb426defb1f4d5f28ed0fde54882050d00c	a2b3facd10cee4f0909891958654ec1a86b2615c602c30a726ea3c4bf4706c18	OBSOPEN_US30_20250102	2025-01-02	120	74	9	1.00000000000000000	0.57602898541280478	0.51822331470704130	0.54409156944729475	SESSION	false
af0b7f804a8d8337572d6a4a6f2ddcb426defb1f4d5f28ed0fde54882050d00c	a2b3facd10cee4f0909891958654ec1a86b2615c602c30a726ea3c4bf4706c18	OBSOPEN_US30_20250102	2025-01-02	120	74	10	1.00000000000000000	0.57385372672695767	0.51585106975117612	0.53425269101802420	SESSION	false
af0b7f804a8d8337572d6a4a6f2ddcb426defb1f4d5f28ed0fde54882050d00c	a2b3facd10cee4f0909891958654ec1a86b2615c602c30a726ea3c4bf4706c18	OBSOPEN_US30_20250102	2025-01-02	120	74	11	1.00000000000000000	0.57385372672695767	0.51571969082678037	0.53268370955553157	SESSION	false
af0b7f804a8d8337572d6a4a6f2ddcb426defb1f4d5f28ed0fde54882050d00c	a2b3facd10cee4f0909891958654ec1a86b2615c602c30a726ea3c4bf4706c18	OBSOPEN_US30_20250102	2025-01-02	120	74	12	1.00000000000000000	0.57385372672695767	0.51573372658417216	0.53642331930660492	SESSION	false
af0b7f804a8d8337572d6a4a6f2ddcb426defb1f4d5f28ed0fde54882050d00c	a2b3facd10cee4f0909891958654ec1a86b2615c602c30a726ea3c4bf4706c18	OBSOPEN_US30_20250102	2025-01-02	120	74	13	1.00000000000000000	0.57530419738541227	0.51741973159143240	0.54703560188127631	SESSION	false
af0b7f804a8d8337572d6a4a6f2ddcb426defb1f4d5f28ed0fde54882050d00c	a2b3facd10cee4f0909891958654ec1a86b2615c602c30a726ea3c4bf4706c18	OBSOPEN_US30_20250102	2025-01-02	120	74	14	1.00000000000000000	0.57530419738541227	0.51726195241963380	0.54644180294643641	SESSION	false
af0b7f804a8d8337572d6a4a6f2ddcb426defb1f4d5f28ed0fde54882050d00c	a2b3facd10cee4f0909891958654ec1a86b2615c602c30a726ea3c4bf4706c18	OBSOPEN_US30_20250102	2025-01-02	120	74	15	1.00000000000000000	0.57385372672695767	0.51543420390950334	0.53767297785549428	SESSION	false
af0b7f804a8d8337572d6a4a6f2ddcb426defb1f4d5f28ed0fde54882050d00c	a2b3facd10cee4f0909891958654ec1a86b2615c602c30a726ea3c4bf4706c18	OBSOPEN_US30_20250102	2025-01-02	120	74	16	1.00000000000000000	0.57457911026715902	0.51607289962699376	0.54037549976294208	SESSION	false
af0b7f804a8d8337572d6a4a6f2ddcb426defb1f4d5f28ed0fde54882050d00c	a2b3facd10cee4f0909891958654ec1a86b2615c602c30a726ea3c4bf4706c18	OBSOPEN_US30_20250102	2025-01-02	120	74	17	1.00000000000000000	0.57602898541280478	0.51793645992861392	0.55366303679170814	SESSION	false
af0b7f804a8d8337572d6a4a6f2ddcb426defb1f4d5f28ed0fde54882050d00c	a2b3facd10cee4f0909891958654ec1a86b2615c602c30a726ea3c4bf4706c18	OBSOPEN_US30_20250102	2025-01-02	120	74	18	1.00000000000000000	0.57675347168440017	0.51903467927667268	0.56231797594828392	SESSION	false
af0b7f804a8d8337572d6a4a6f2ddcb426defb1f4d5f28ed0fde54882050d00c	a2b3facd10cee4f0909891958654ec1a86b2615c602c30a726ea3c4bf4706c18	OBSOPEN_US30_20250102	2025-01-02	120	74	19	1.00000000000000000	0.57747765353927083	0.51961799508373074	0.56326452475421096	SESSION	false
af0b7f804a8d8337572d6a4a6f2ddcb426defb1f4d5f28ed0fde54882050d00c	a2b3facd10cee4f0909891958654ec1a86b2615c602c30a726ea3c4bf4706c18	OBSOPEN_US30_20250102	2025-01-02	120	74	20	1.00000000000000000	0.57675347168440017	0.51863172471799779	0.56211476023825047	SESSION	false
af0b7f804a8d8337572d6a4a6f2ddcb426defb1f4d5f28ed0fde54882050d00c	a2b3facd10cee4f0909891958654ec1a86b2615c602c30a726ea3c4bf4706c18	OBSOPEN_US30_20250102	2025-01-02	120	74	21	1.00000000000000000	0.57385372672695767	0.51535128442094891	0.54608386666715780	SESSION	false
af0b7f804a8d8337572d6a4a6f2ddcb426defb1f4d5f28ed0fde54882050d00c	a2b3facd10cee4f0909891958654ec1a86b2615c602c30a726ea3c4bf4706c18	OBSOPEN_US30_20250102	2025-01-02	120	74	22	1.00000000000000000	0.57240208107606128	0.51348240203326256	0.53696928764429275	SESSION	false
af0b7f804a8d8337572d6a4a6f2ddcb426defb1f4d5f28ed0fde54882050d00c	a2b3facd10cee4f0909891958654ec1a86b2615c602c30a726ea3c4bf4706c18	OBSOPEN_US30_20250102	2025-01-02	120	74	23	1.00000000000000000	0.57240208107606128	0.51284795711292142	0.53438150107838400	SESSION	false
af0b7f804a8d8337572d6a4a6f2ddcb426defb1f4d5f28ed0fde54882050d00c	a2b3facd10cee4f0909891958654ec1a86b2615c602c30a726ea3c4bf4706c18	OBSOPEN_US30_20250102	2025-01-02	120	74	24	1.00000000000000000	0.57167582432279629	0.51175960791938491	0.52931090407584469	SESSION	false
af0b7f804a8d8337572d6a4a6f2ddcb426defb1f4d5f28ed0fde54882050d00c	a2b3facd10cee4f0909891958654ec1a86b2615c602c30a726ea3c4bf4706c18	OBSOPEN_US30_20250102	2025-01-02	120	74	25	1.00000000000000000	0.57385372672695767	0.51392058708880106	0.54160006273706596	SESSION	false
af0b7f804a8d8337572d6a4a6f2ddcb426defb1f4d5f28ed0fde54882050d00c	a2b3facd10cee4f0909891958654ec1a86b2615c602c30a726ea3c4bf4706c18	OBSOPEN_US30_20250102	2025-01-02	120	74	26	1.00000000000000000	0.57167582432279629	0.51165889478495807	0.53051892915205057	SESSION	false
af0b7f804a8d8337572d6a4a6f2ddcb426defb1f4d5f28ed0fde54882050d00c	a2b3facd10cee4f0909891958654ec1a86b2615c602c30a726ea3c4bf4706c18	OBSOPEN_US30_20250102	2025-01-02	120	74	27	1.00000000000000000	0.57094928186238081	0.51109298975370920	0.52876515945701485	SESSION	false
af0b7f804a8d8337572d6a4a6f2ddcb426defb1f4d5f28ed0fde54882050d00c	a2b3facd10cee4f0909891958654ec1a86b2615c602c30a726ea3c4bf4706c18	OBSOPEN_US30_20250102	2025-01-02	120	74	28	1.00000000000000000	0.57167582432279629	0.51200234463142491	0.53288359782532102	SESSION	false
af0b7f804a8d8337572d6a4a6f2ddcb426defb1f4d5f28ed0fde54882050d00c	a2b3facd10cee4f0909891958654ec1a86b2615c602c30a726ea3c4bf4706c18	OBSOPEN_US30_20250102	2025-01-02	120	74	29	1.00000000000000000	0.57094928186238081	0.51130362516737993	0.52990093030713337	SESSION	false
af0b7f804a8d8337572d6a4a6f2ddcb426defb1f4d5f28ed0fde54882050d00c	a2b3facd10cee4f0909891958654ec1a86b2615c602c30a726ea3c4bf4706c18	OBSOPEN_US30_20250102	2025-01-02	120	74	30	1.00000000000000000	0.57094928186238081	0.51122174269235465	0.52874994920203655	SESSION	false
af0b7f804a8d8337572d6a4a6f2ddcb426defb1f4d5f28ed0fde54882050d00c	a2b3facd10cee4f0909891958654ec1a86b2615c602c30a726ea3c4bf4706c18	OBSOPEN_US30_20250106	2025-01-06	120	75	1	1.00000000000000000	0.57360103306217602	0.51538729508733494	0.73932829246768683	SESSION	false
af0b7f804a8d8337572d6a4a6f2ddcb426defb1f4d5f28ed0fde54882050d00c	a2b3facd10cee4f0909891958654ec1a86b2615c602c30a726ea3c4bf4706c18	OBSOPEN_US30_20250106	2025-01-06	120	75	2	1.00000000000000000	0.57385372672695767	0.51757027366016728	0.46643796548293459	SESSION	false
af0b7f804a8d8337572d6a4a6f2ddcb426defb1f4d5f28ed0fde54882050d00c	a2b3facd10cee4f0909891958654ec1a86b2615c602c30a726ea3c4bf4706c18	OBSOPEN_US30_20250106	2025-01-06	120	75	3	1.00000000000000000	0.57385372672695767	0.51699974639743806	0.52237092263384688	SESSION	false
af0b7f804a8d8337572d6a4a6f2ddcb426defb1f4d5f28ed0fde54882050d00c	a2b3facd10cee4f0909891958654ec1a86b2615c602c30a726ea3c4bf4706c18	OBSOPEN_US30_20250106	2025-01-06	120	75	4	1.00000000000000000	0.57312804943766726	0.51556416525956805	0.51815380306327730	SESSION	false
af0b7f804a8d8337572d6a4a6f2ddcb426defb1f4d5f28ed0fde54882050d00c	a2b3facd10cee4f0909891958654ec1a86b2615c602c30a726ea3c4bf4706c18	OBSOPEN_US30_20250106	2025-01-06	120	75	5	1.00000000000000000	0.57240208107606128	0.51431184692598420	0.76379027548307976	SESSION	false
af0b7f804a8d8337572d6a4a6f2ddcb426defb1f4d5f28ed0fde54882050d00c	a2b3facd10cee4f0909891958654ec1a86b2615c602c30a726ea3c4bf4706c18	OBSOPEN_US30_20250106	2025-01-06	120	75	6	1.00000000000000000	0.57240208107606128	0.51424186100342872	0.72722499858822509	SESSION	false
af0b7f804a8d8337572d6a4a6f2ddcb426defb1f4d5f28ed0fde54882050d00c	a2b3facd10cee4f0909891958654ec1a86b2615c602c30a726ea3c4bf4706c18	OBSOPEN_US30_20250106	2025-01-06	120	75	7	1.00000000000000000	0.57167582432279629	0.51359378020108426	0.46159772950182032	SESSION	false
af0b7f804a8d8337572d6a4a6f2ddcb426defb1f4d5f28ed0fde54882050d00c	a2b3facd10cee4f0909891958654ec1a86b2615c602c30a726ea3c4bf4706c18	OBSOPEN_US30_20250106	2025-01-06	120	75	8	1.00000000000000000	0.57602898541280478	0.51861018030561867	0.78682809009047805	SESSION	false
af0b7f804a8d8337572d6a4a6f2ddcb426defb1f4d5f28ed0fde54882050d00c	a2b3facd10cee4f0909891958654ec1a86b2615c602c30a726ea3c4bf4706c18	OBSOPEN_US30_20250106	2025-01-06	120	75	9	1.00000000000000000	0.57602898541280478	0.51835959736196746	0.74784948007450913	SESSION	false
af0b7f804a8d8337572d6a4a6f2ddcb426defb1f4d5f28ed0fde54882050d00c	a2b3facd10cee4f0909891958654ec1a86b2615c602c30a726ea3c4bf4706c18	OBSOPEN_US30_20250106	2025-01-06	120	75	10	1.00000000000000000	0.57385372672695767	0.51573850160415491	0.47961238812080564	SESSION	false
af0b7f804a8d8337572d6a4a6f2ddcb426defb1f4d5f28ed0fde54882050d00c	a2b3facd10cee4f0909891958654ec1a86b2615c602c30a726ea3c4bf4706c18	OBSOPEN_US30_20250106	2025-01-06	120	75	11	1.00000000000000000	0.57385372672695767	0.51571969082678037	0.53268370955553157	SESSION	false
af0b7f804a8d8337572d6a4a6f2ddcb426defb1f4d5f28ed0fde54882050d00c	a2b3facd10cee4f0909891958654ec1a86b2615c602c30a726ea3c4bf4706c18	OBSOPEN_US30_20250106	2025-01-06	120	75	12	1.00000000000000000	0.57385372672695767	0.51573372658417216	0.53642331930660492	SESSION	false
af0b7f804a8d8337572d6a4a6f2ddcb426defb1f4d5f28ed0fde54882050d00c	a2b3facd10cee4f0909891958654ec1a86b2615c602c30a726ea3c4bf4706c18	OBSOPEN_US30_20250106	2025-01-06	120	75	13	1.00000000000000000	0.57530419738541227	0.51766857072074546	0.78882739169964866	SESSION	false
af0b7f804a8d8337572d6a4a6f2ddcb426defb1f4d5f28ed0fde54882050d00c	a2b3facd10cee4f0909891958654ec1a86b2615c602c30a726ea3c4bf4706c18	OBSOPEN_US30_20250106	2025-01-06	120	75	14	1.00000000000000000	0.57530419738541227	0.51714940525830455	0.49187142460043853	SESSION	false
af0b7f804a8d8337572d6a4a6f2ddcb426defb1f4d5f28ed0fde54882050d00c	a2b3facd10cee4f0909891958654ec1a86b2615c602c30a726ea3c4bf4706c18	OBSOPEN_US30_20250106	2025-01-06	120	75	15	1.00000000000000000	0.57385372672695767	0.51568310853972577	0.78247520182172936	SESSION	false
af0b7f804a8d8337572d6a4a6f2ddcb426defb1f4d5f28ed0fde54882050d00c	a2b3facd10cee4f0909891958654ec1a86b2615c602c30a726ea3c4bf4706c18	OBSOPEN_US30_20250106	2025-01-06	120	75	16	1.00000000000000000	0.57457911026715902	0.51596033466061675	0.48576210712820278	SESSION	false
af0b7f804a8d8337572d6a4a6f2ddcb426defb1f4d5f28ed0fde54882050d00c	a2b3facd10cee4f0909891958654ec1a86b2615c602c30a726ea3c4bf4706c18	OBSOPEN_US30_20250106	2025-01-06	120	75	17	1.00000000000000000	0.57602898541280478	0.51793645992861392	0.55366303679170814	SESSION	false
af0b7f804a8d8337572d6a4a6f2ddcb426defb1f4d5f28ed0fde54882050d00c	a2b3facd10cee4f0909891958654ec1a86b2615c602c30a726ea3c4bf4706c18	OBSOPEN_US30_20250106	2025-01-06	120	75	18	1.00000000000000000	0.57675347168440017	0.51928345933579045	0.79895022528830306	SESSION	false
af0b7f804a8d8337572d6a4a6f2ddcb426defb1f4d5f28ed0fde54882050d00c	a2b3facd10cee4f0909891958654ec1a86b2615c602c30a726ea3c4bf4706c18	OBSOPEN_US30_20250106	2025-01-06	120	75	19	1.00000000000000000	0.57747765353927083	0.51950548696682530	0.50889913173853774	SESSION	false
af0b7f804a8d8337572d6a4a6f2ddcb426defb1f4d5f28ed0fde54882050d00c	a2b3facd10cee4f0909891958654ec1a86b2615c602c30a726ea3c4bf4706c18	OBSOPEN_US30_20250106	2025-01-06	120	75	20	1.00000000000000000	0.57675347168440017	0.51888052000273055	0.79881756993553177	SESSION	false
af0b7f804a8d8337572d6a4a6f2ddcb426defb1f4d5f28ed0fde54882050d00c	a2b3facd10cee4f0909891958654ec1a86b2615c602c30a726ea3c4bf4706c18	OBSOPEN_US30_20250106	2025-01-06	120	75	21	1.00000000000000000	0.57385372672695767	0.51548761992498382	0.74936153799091265	SESSION	false
af0b7f804a8d8337572d6a4a6f2ddcb426defb1f4d5f28ed0fde54882050d00c	a2b3facd10cee4f0909891958654ec1a86b2615c602c30a726ea3c4bf4706c18	OBSOPEN_US30_20250106	2025-01-06	120	75	22	1.00000000000000000	0.57240208107606128	0.51336980268947896	0.48233888232098604	SESSION	false
af0b7f804a8d8337572d6a4a6f2ddcb426defb1f4d5f28ed0fde54882050d00c	a2b3facd10cee4f0909891958654ec1a86b2615c602c30a726ea3c4bf4706c18	OBSOPEN_US30_20250106	2025-01-06	120	75	23	1.00000000000000000	0.57240208107606128	0.51309693527847677	0.78021413867021594	SESSION	false
af0b7f804a8d8337572d6a4a6f2ddcb426defb1f4d5f28ed0fde54882050d00c	a2b3facd10cee4f0909891958654ec1a86b2615c602c30a726ea3c4bf4706c18	OBSOPEN_US30_20250106	2025-01-06	120	75	24	1.00000000000000000	0.57167582432279629	0.51189599684281006	0.73647521036685137	SESSION	false
af0b7f804a8d8337572d6a4a6f2ddcb426defb1f4d5f28ed0fde54882050d00c	a2b3facd10cee4f0909891958654ec1a86b2615c602c30a726ea3c4bf4706c18	OBSOPEN_US30_20250106	2025-01-06	120	75	25	1.00000000000000000	0.57385372672695767	0.51405694555935588	0.74595156737916191	SESSION	false
af0b7f804a8d8337572d6a4a6f2ddcb426defb1f4d5f28ed0fde54882050d00c	a2b3facd10cee4f0909891958654ec1a86b2615c602c30a726ea3c4bf4706c18	OBSOPEN_US30_20250106	2025-01-06	120	75	26	1.00000000000000000	0.57167582432279629	0.51179528500331428	0.73741531145180095	SESSION	false
af0b7f804a8d8337572d6a4a6f2ddcb426defb1f4d5f28ed0fde54882050d00c	a2b3facd10cee4f0909891958654ec1a86b2615c602c30a726ea3c4bf4706c18	OBSOPEN_US30_20250106	2025-01-06	120	75	27	1.00000000000000000	0.57094928186238081	0.51098036406430736	0.47411477362537646	SESSION	false
af0b7f804a8d8337572d6a4a6f2ddcb426defb1f4d5f28ed0fde54882050d00c	a2b3facd10cee4f0909891958654ec1a86b2615c602c30a726ea3c4bf4706c18	OBSOPEN_US30_20250106	2025-01-06	120	75	28	1.00000000000000000	0.57167582432279629	0.51225134394847771	0.77918028543420192	SESSION	false
af0b7f804a8d8337572d6a4a6f2ddcb426defb1f4d5f28ed0fde54882050d00c	a2b3facd10cee4f0909891958654ec1a86b2615c602c30a726ea3c4bf4706c18	OBSOPEN_US30_20250106	2025-01-06	120	75	29	1.00000000000000000	0.57094928186238081	0.51119100159358821	0.47525154505962719	SESSION	false
af0b7f804a8d8337572d6a4a6f2ddcb426defb1f4d5f28ed0fde54882050d00c	a2b3facd10cee4f0909891958654ec1a86b2615c602c30a726ea3c4bf4706c18	OBSOPEN_US30_20250106	2025-01-06	120	75	30	1.00000000000000000	0.57094928186238081	0.51147076026973803	0.77631127689906565	SESSION	false
af0b7f804a8d8337572d6a4a6f2ddcb426defb1f4d5f28ed0fde54882050d00c	a2b3facd10cee4f0909891958654ec1a86b2615c602c30a726ea3c4bf4706c18	OBSOPEN_US30_20250107	2025-01-07	120	76	1	0.00000000000000000	0.57360103306217602	0.54751552389136093	0.69212921685566409	SESSION	false
af0b7f804a8d8337572d6a4a6f2ddcb426defb1f4d5f28ed0fde54882050d00c	a2b3facd10cee4f0909891958654ec1a86b2615c602c30a726ea3c4bf4706c18	OBSOPEN_US30_20250107	2025-01-07	120	76	2	0.00000000000000000	0.57385372672695767	0.56122259977580990	0.67744386463857520	SESSION	false
af0b7f804a8d8337572d6a4a6f2ddcb426defb1f4d5f28ed0fde54882050d00c	a2b3facd10cee4f0909891958654ec1a86b2615c602c30a726ea3c4bf4706c18	OBSOPEN_US30_20250107	2025-01-07	120	76	3	0.00000000000000000	0.57385372672695767	0.53875565726944763	0.61745883738238150	SESSION	false
af0b7f804a8d8337572d6a4a6f2ddcb426defb1f4d5f28ed0fde54882050d00c	a2b3facd10cee4f0909891958654ec1a86b2615c602c30a726ea3c4bf4706c18	OBSOPEN_US30_20250107	2025-01-07	120	76	4	0.00000000000000000	0.57312804943766726	0.53101949434562101	0.56460903120081640	SESSION	false
af0b7f804a8d8337572d6a4a6f2ddcb426defb1f4d5f28ed0fde54882050d00c	a2b3facd10cee4f0909891958654ec1a86b2615c602c30a726ea3c4bf4706c18	OBSOPEN_US30_20250107	2025-01-07	120	76	5	0.00000000000000000	0.57240208107606128	0.51626368580149906	0.51874035496777471	SESSION	false
af0b7f804a8d8337572d6a4a6f2ddcb426defb1f4d5f28ed0fde54882050d00c	a2b3facd10cee4f0909891958654ec1a86b2615c602c30a726ea3c4bf4706c18	OBSOPEN_US30_20250107	2025-01-07	120	76	6	0.00000000000000000	0.57240208107606128	0.52267826854145916	0.55029093658266170	SESSION	false
af0b7f804a8d8337572d6a4a6f2ddcb426defb1f4d5f28ed0fde54882050d00c	a2b3facd10cee4f0909891958654ec1a86b2615c602c30a726ea3c4bf4706c18	OBSOPEN_US30_20250107	2025-01-07	120	76	7	0.00000000000000000	0.57167582432279629	0.56870354656402544	0.71689626476628499	SESSION	false
af0b7f804a8d8337572d6a4a6f2ddcb426defb1f4d5f28ed0fde54882050d00c	a2b3facd10cee4f0909891958654ec1a86b2615c602c30a726ea3c4bf4706c18	OBSOPEN_US30_20250107	2025-01-07	120	76	8	0.00000000000000000	0.57602898541280478	0.58308144878336776	0.72552908936014604	SESSION	false
af0b7f804a8d8337572d6a4a6f2ddcb426defb1f4d5f28ed0fde54882050d00c	a2b3facd10cee4f0909891958654ec1a86b2615c602c30a726ea3c4bf4706c18	OBSOPEN_US30_20250107	2025-01-07	120	76	9	0.00000000000000000	0.57602898541280478	0.58713186323064137	0.75185097172253434	SESSION	false
af0b7f804a8d8337572d6a4a6f2ddcb426defb1f4d5f28ed0fde54882050d00c	a2b3facd10cee4f0909891958654ec1a86b2615c602c30a726ea3c4bf4706c18	OBSOPEN_US30_20250107	2025-01-07	120	76	10	0.00000000000000000	0.57385372672695767	0.59633464634363065	0.71291145729187577	SESSION	false
af0b7f804a8d8337572d6a4a6f2ddcb426defb1f4d5f28ed0fde54882050d00c	a2b3facd10cee4f0909891958654ec1a86b2615c602c30a726ea3c4bf4706c18	OBSOPEN_US30_20250107	2025-01-07	120	76	11	0.00000000000000000	0.57385372672695767	0.59146642416898143	0.70064445838487521	SESSION	false
af0b7f804a8d8337572d6a4a6f2ddcb426defb1f4d5f28ed0fde54882050d00c	a2b3facd10cee4f0909891958654ec1a86b2615c602c30a726ea3c4bf4706c18	OBSOPEN_US30_20250107	2025-01-07	120	76	12	0.00000000000000000	0.57385372672695767	0.56436415262019335	0.63136831544026939	SESSION	false
af0b7f804a8d8337572d6a4a6f2ddcb426defb1f4d5f28ed0fde54882050d00c	a2b3facd10cee4f0909891958654ec1a86b2615c602c30a726ea3c4bf4706c18	OBSOPEN_US30_20250107	2025-01-07	120	76	13	0.00000000000000000	0.57530419738541227	0.53943420752225146	0.57568117564821053	SESSION	false
af0b7f804a8d8337572d6a4a6f2ddcb426defb1f4d5f28ed0fde54882050d00c	a2b3facd10cee4f0909891958654ec1a86b2615c602c30a726ea3c4bf4706c18	OBSOPEN_US30_20250107	2025-01-07	120	76	14	0.00000000000000000	0.57530419738541227	0.49429767623828902	0.45007472640386958	SESSION	false
af0b7f804a8d8337572d6a4a6f2ddcb426defb1f4d5f28ed0fde54882050d00c	a2b3facd10cee4f0909891958654ec1a86b2615c602c30a726ea3c4bf4706c18	OBSOPEN_US30_20250107	2025-01-07	120	76	15	0.00000000000000000	0.57385372672695767	0.45839257412786955	0.35650915040931391	SESSION	false
af0b7f804a8d8337572d6a4a6f2ddcb426defb1f4d5f28ed0fde54882050d00c	a2b3facd10cee4f0909891958654ec1a86b2615c602c30a726ea3c4bf4706c18	OBSOPEN_US30_20250107	2025-01-07	120	76	16	0.00000000000000000	0.57457911026715902	0.47022721159400821	0.40864745593570179	SESSION	false
af0b7f804a8d8337572d6a4a6f2ddcb426defb1f4d5f28ed0fde54882050d00c	a2b3facd10cee4f0909891958654ec1a86b2615c602c30a726ea3c4bf4706c18	OBSOPEN_US30_20250107	2025-01-07	120	76	17	0.00000000000000000	0.57602898541280478	0.47137698798970934	0.40848241506248134	SESSION	false
af0b7f804a8d8337572d6a4a6f2ddcb426defb1f4d5f28ed0fde54882050d00c	a2b3facd10cee4f0909891958654ec1a86b2615c602c30a726ea3c4bf4706c18	OBSOPEN_US30_20250107	2025-01-07	120	76	18	0.00000000000000000	0.57675347168440017	0.47381473436036864	0.45824208410670753	SESSION	false
af0b7f804a8d8337572d6a4a6f2ddcb426defb1f4d5f28ed0fde54882050d00c	a2b3facd10cee4f0909891958654ec1a86b2615c602c30a726ea3c4bf4706c18	OBSOPEN_US30_20250107	2025-01-07	120	76	19	0.00000000000000000	0.57747765353927083	0.45501846359069043	0.41590099237259065	SESSION	false
af0b7f804a8d8337572d6a4a6f2ddcb426defb1f4d5f28ed0fde54882050d00c	a2b3facd10cee4f0909891958654ec1a86b2615c602c30a726ea3c4bf4706c18	OBSOPEN_US30_20250107	2025-01-07	120	76	20	0.00000000000000000	0.57675347168440017	0.44081985836937898	0.40496516520560955	SESSION	false
af0b7f804a8d8337572d6a4a6f2ddcb426defb1f4d5f28ed0fde54882050d00c	a2b3facd10cee4f0909891958654ec1a86b2615c602c30a726ea3c4bf4706c18	OBSOPEN_US30_20250107	2025-01-07	120	76	21	0.00000000000000000	0.57385372672695767	0.43276286723331264	0.39522569725941836	SESSION	false
af0b7f804a8d8337572d6a4a6f2ddcb426defb1f4d5f28ed0fde54882050d00c	a2b3facd10cee4f0909891958654ec1a86b2615c602c30a726ea3c4bf4706c18	OBSOPEN_US30_20250107	2025-01-07	120	76	22	0.00000000000000000	0.57240208107606128	0.46883832178894086	0.45357971863280844	SESSION	false
af0b7f804a8d8337572d6a4a6f2ddcb426defb1f4d5f28ed0fde54882050d00c	a2b3facd10cee4f0909891958654ec1a86b2615c602c30a726ea3c4bf4706c18	OBSOPEN_US30_20250107	2025-01-07	120	76	23	0.00000000000000000	0.57240208107606128	0.52545788506694457	0.52968839186205396	SESSION	false
af0b7f804a8d8337572d6a4a6f2ddcb426defb1f4d5f28ed0fde54882050d00c	a2b3facd10cee4f0909891958654ec1a86b2615c602c30a726ea3c4bf4706c18	OBSOPEN_US30_20250107	2025-01-07	120	76	24	0.00000000000000000	0.57167582432279629	0.56068837032776098	0.57427532852953023	SESSION	false
af0b7f804a8d8337572d6a4a6f2ddcb426defb1f4d5f28ed0fde54882050d00c	a2b3facd10cee4f0909891958654ec1a86b2615c602c30a726ea3c4bf4706c18	OBSOPEN_US30_20250107	2025-01-07	120	76	25	0.00000000000000000	0.57385372672695767	0.58335806993986083	0.61998658728207934	SESSION	false
af0b7f804a8d8337572d6a4a6f2ddcb426defb1f4d5f28ed0fde54882050d00c	a2b3facd10cee4f0909891958654ec1a86b2615c602c30a726ea3c4bf4706c18	OBSOPEN_US30_20250107	2025-01-07	120	76	26	0.00000000000000000	0.57167582432279629	0.61767959538877093	0.65642634977829384	SESSION	false
af0b7f804a8d8337572d6a4a6f2ddcb426defb1f4d5f28ed0fde54882050d00c	a2b3facd10cee4f0909891958654ec1a86b2615c602c30a726ea3c4bf4706c18	OBSOPEN_US30_20250107	2025-01-07	120	76	27	0.00000000000000000	0.57094928186238081	0.63680091203295075	0.69490479770155678	SESSION	false
af0b7f804a8d8337572d6a4a6f2ddcb426defb1f4d5f28ed0fde54882050d00c	a2b3facd10cee4f0909891958654ec1a86b2615c602c30a726ea3c4bf4706c18	OBSOPEN_US30_20250107	2025-01-07	120	76	28	0.00000000000000000	0.57167582432279629	0.62306167575219762	0.65897700623953781	SESSION	false
af0b7f804a8d8337572d6a4a6f2ddcb426defb1f4d5f28ed0fde54882050d00c	a2b3facd10cee4f0909891958654ec1a86b2615c602c30a726ea3c4bf4706c18	OBSOPEN_US30_20250107	2025-01-07	120	76	29	0.00000000000000000	0.57094928186238081	0.62279029669204566	0.67642414772760862	SESSION	false
af0b7f804a8d8337572d6a4a6f2ddcb426defb1f4d5f28ed0fde54882050d00c	a2b3facd10cee4f0909891958654ec1a86b2615c602c30a726ea3c4bf4706c18	OBSOPEN_US30_20250107	2025-01-07	120	76	30	0.00000000000000000	0.57094928186238081	0.64492413715547503	0.68945827169689089	SESSION	false
af0b7f804a8d8337572d6a4a6f2ddcb426defb1f4d5f28ed0fde54882050d00c	a2b3facd10cee4f0909891958654ec1a86b2615c602c30a726ea3c4bf4706c18	OBSOPEN_US30_20250108	2025-01-08	120	77	1	0.00000000000000000	0.57360103306217602	0.53357805225562360	0.55206312625060505	SESSION	false
af0b7f804a8d8337572d6a4a6f2ddcb426defb1f4d5f28ed0fde54882050d00c	a2b3facd10cee4f0909891958654ec1a86b2615c602c30a726ea3c4bf4706c18	OBSOPEN_US30_20250108	2025-01-08	120	77	2	0.00000000000000000	0.57385372672695767	0.48216343156592967	0.39690183952929015	SESSION	false
af0b7f804a8d8337572d6a4a6f2ddcb426defb1f4d5f28ed0fde54882050d00c	a2b3facd10cee4f0909891958654ec1a86b2615c602c30a726ea3c4bf4706c18	OBSOPEN_US30_20250108	2025-01-08	120	77	3	0.00000000000000000	0.57385372672695767	0.46370429980625899	0.38504649194929008	SESSION	false
af0b7f804a8d8337572d6a4a6f2ddcb426defb1f4d5f28ed0fde54882050d00c	a2b3facd10cee4f0909891958654ec1a86b2615c602c30a726ea3c4bf4706c18	OBSOPEN_US30_20250108	2025-01-08	120	77	4	0.00000000000000000	0.57312804943766726	0.46266981002133645	0.40756877518892848	SESSION	false
af0b7f804a8d8337572d6a4a6f2ddcb426defb1f4d5f28ed0fde54882050d00c	a2b3facd10cee4f0909891958654ec1a86b2615c602c30a726ea3c4bf4706c18	OBSOPEN_US30_20250108	2025-01-08	120	77	5	0.00000000000000000	0.57240208107606128	0.45038846616307543	0.36975532450234649	SESSION	false
af0b7f804a8d8337572d6a4a6f2ddcb426defb1f4d5f28ed0fde54882050d00c	a2b3facd10cee4f0909891958654ec1a86b2615c602c30a726ea3c4bf4706c18	OBSOPEN_US30_20250108	2025-01-08	120	77	6	0.00000000000000000	0.57240208107606128	0.45328479153236123	0.40369767369815041	SESSION	false
af0b7f804a8d8337572d6a4a6f2ddcb426defb1f4d5f28ed0fde54882050d00c	a2b3facd10cee4f0909891958654ec1a86b2615c602c30a726ea3c4bf4706c18	OBSOPEN_US30_20250108	2025-01-08	120	77	7	0.00000000000000000	0.57167582432279629	0.52285999252611004	0.52579999865490501	SESSION	false
af0b7f804a8d8337572d6a4a6f2ddcb426defb1f4d5f28ed0fde54882050d00c	a2b3facd10cee4f0909891958654ec1a86b2615c602c30a726ea3c4bf4706c18	OBSOPEN_US30_20250108	2025-01-08	120	77	8	0.00000000000000000	0.57602898541280478	0.55329621913473881	0.56068483214996734	SESSION	false
af0b7f804a8d8337572d6a4a6f2ddcb426defb1f4d5f28ed0fde54882050d00c	a2b3facd10cee4f0909891958654ec1a86b2615c602c30a726ea3c4bf4706c18	OBSOPEN_US30_20250108	2025-01-08	120	77	9	0.00000000000000000	0.57602898541280478	0.51734973907169091	0.50526691225807108	SESSION	false
af0b7f804a8d8337572d6a4a6f2ddcb426defb1f4d5f28ed0fde54882050d00c	a2b3facd10cee4f0909891958654ec1a86b2615c602c30a726ea3c4bf4706c18	OBSOPEN_US30_20250108	2025-01-08	120	77	10	0.00000000000000000	0.57385372672695767	0.48108683670014141	0.44466780511855242	SESSION	false
af0b7f804a8d8337572d6a4a6f2ddcb426defb1f4d5f28ed0fde54882050d00c	a2b3facd10cee4f0909891958654ec1a86b2615c602c30a726ea3c4bf4706c18	OBSOPEN_US30_20250108	2025-01-08	120	77	11	0.00000000000000000	0.57385372672695767	0.47540356939987022	0.45736236013690140	SESSION	false
af0b7f804a8d8337572d6a4a6f2ddcb426defb1f4d5f28ed0fde54882050d00c	a2b3facd10cee4f0909891958654ec1a86b2615c602c30a726ea3c4bf4706c18	OBSOPEN_US30_20250108	2025-01-08	120	77	12	0.00000000000000000	0.57385372672695767	0.50548732641016536	0.48529365954224307	SESSION	false
af0b7f804a8d8337572d6a4a6f2ddcb426defb1f4d5f28ed0fde54882050d00c	a2b3facd10cee4f0909891958654ec1a86b2615c602c30a726ea3c4bf4706c18	OBSOPEN_US30_20250108	2025-01-08	120	77	13	0.00000000000000000	0.57530419738541227	0.50563938119003582	0.49628007267803681	SESSION	false
af0b7f804a8d8337572d6a4a6f2ddcb426defb1f4d5f28ed0fde54882050d00c	a2b3facd10cee4f0909891958654ec1a86b2615c602c30a726ea3c4bf4706c18	OBSOPEN_US30_20250108	2025-01-08	120	77	14	0.00000000000000000	0.57530419738541227	0.44648766624537750	0.41519449662585739	SESSION	false
af0b7f804a8d8337572d6a4a6f2ddcb426defb1f4d5f28ed0fde54882050d00c	a2b3facd10cee4f0909891958654ec1a86b2615c602c30a726ea3c4bf4706c18	OBSOPEN_US30_20250108	2025-01-08	120	77	15	0.00000000000000000	0.57385372672695767	0.42474415881553795	0.40772124693938250	SESSION	false
af0b7f804a8d8337572d6a4a6f2ddcb426defb1f4d5f28ed0fde54882050d00c	a2b3facd10cee4f0909891958654ec1a86b2615c602c30a726ea3c4bf4706c18	OBSOPEN_US30_20250108	2025-01-08	120	77	16	0.00000000000000000	0.57457911026715902	0.43369137295757049	0.42472898813528442	SESSION	false
af0b7f804a8d8337572d6a4a6f2ddcb426defb1f4d5f28ed0fde54882050d00c	a2b3facd10cee4f0909891958654ec1a86b2615c602c30a726ea3c4bf4706c18	OBSOPEN_US30_20250108	2025-01-08	120	77	17	0.00000000000000000	0.57602898541280478	0.40918327258298881	0.39898351281139371	SESSION	false
af0b7f804a8d8337572d6a4a6f2ddcb426defb1f4d5f28ed0fde54882050d00c	a2b3facd10cee4f0909891958654ec1a86b2615c602c30a726ea3c4bf4706c18	OBSOPEN_US30_20250108	2025-01-08	120	77	18	0.00000000000000000	0.57675347168440017	0.43217297101172819	0.45538767701665450	SESSION	false
af0b7f804a8d8337572d6a4a6f2ddcb426defb1f4d5f28ed0fde54882050d00c	a2b3facd10cee4f0909891958654ec1a86b2615c602c30a726ea3c4bf4706c18	OBSOPEN_US30_20250108	2025-01-08	120	77	19	0.00000000000000000	0.57747765353927083	0.45359711579941908	0.45778777251689640	SESSION	false
af0b7f804a8d8337572d6a4a6f2ddcb426defb1f4d5f28ed0fde54882050d00c	a2b3facd10cee4f0909891958654ec1a86b2615c602c30a726ea3c4bf4706c18	OBSOPEN_US30_20250108	2025-01-08	120	77	20	0.00000000000000000	0.57675347168440017	0.48278604889561899	0.50349417592278178	SESSION	false
af0b7f804a8d8337572d6a4a6f2ddcb426defb1f4d5f28ed0fde54882050d00c	a2b3facd10cee4f0909891958654ec1a86b2615c602c30a726ea3c4bf4706c18	OBSOPEN_US30_20250108	2025-01-08	120	77	21	1.00000000000000000	0.57385372672695767	0.51674295519816660	0.51668325760412837	SESSION	false
af0b7f804a8d8337572d6a4a6f2ddcb426defb1f4d5f28ed0fde54882050d00c	a2b3facd10cee4f0909891958654ec1a86b2615c602c30a726ea3c4bf4706c18	OBSOPEN_US30_20250108	2025-01-08	120	77	22	1.00000000000000000	0.57240208107606128	0.55393795222651854	0.55323819193048884	SESSION	false
af0b7f804a8d8337572d6a4a6f2ddcb426defb1f4d5f28ed0fde54882050d00c	a2b3facd10cee4f0909891958654ec1a86b2615c602c30a726ea3c4bf4706c18	OBSOPEN_US30_20250108	2025-01-08	120	77	23	1.00000000000000000	0.57240208107606128	0.48005654437567857	0.45882627952644339	SESSION	false
af0b7f804a8d8337572d6a4a6f2ddcb426defb1f4d5f28ed0fde54882050d00c	a2b3facd10cee4f0909891958654ec1a86b2615c602c30a726ea3c4bf4706c18	OBSOPEN_US30_20250108	2025-01-08	120	77	24	1.00000000000000000	0.57167582432279629	0.38904806252960183	0.36807459863234127	SESSION	false
af0b7f804a8d8337572d6a4a6f2ddcb426defb1f4d5f28ed0fde54882050d00c	a2b3facd10cee4f0909891958654ec1a86b2615c602c30a726ea3c4bf4706c18	OBSOPEN_US30_20250108	2025-01-08	120	77	25	1.00000000000000000	0.57385372672695767	0.38579954735095151	0.39074283082962880	SESSION	false
af0b7f804a8d8337572d6a4a6f2ddcb426defb1f4d5f28ed0fde54882050d00c	a2b3facd10cee4f0909891958654ec1a86b2615c602c30a726ea3c4bf4706c18	OBSOPEN_US30_20250108	2025-01-08	120	77	26	1.00000000000000000	0.57167582432279629	0.38946148614169596	0.38030250120234177	SESSION	false
af0b7f804a8d8337572d6a4a6f2ddcb426defb1f4d5f28ed0fde54882050d00c	a2b3facd10cee4f0909891958654ec1a86b2615c602c30a726ea3c4bf4706c18	OBSOPEN_US30_20250108	2025-01-08	120	77	27	1.00000000000000000	0.57094928186238081	0.41471643309880124	0.40901239948969892	SESSION	false
af0b7f804a8d8337572d6a4a6f2ddcb426defb1f4d5f28ed0fde54882050d00c	a2b3facd10cee4f0909891958654ec1a86b2615c602c30a726ea3c4bf4706c18	OBSOPEN_US30_20250108	2025-01-08	120	77	28	1.00000000000000000	0.57167582432279629	0.37643750263363740	0.36470088310352061	SESSION	false
af0b7f804a8d8337572d6a4a6f2ddcb426defb1f4d5f28ed0fde54882050d00c	a2b3facd10cee4f0909891958654ec1a86b2615c602c30a726ea3c4bf4706c18	OBSOPEN_US30_20250108	2025-01-08	120	77	29	1.00000000000000000	0.57094928186238081	0.35241998806851249	0.34404398364056460	SESSION	false
af0b7f804a8d8337572d6a4a6f2ddcb426defb1f4d5f28ed0fde54882050d00c	a2b3facd10cee4f0909891958654ec1a86b2615c602c30a726ea3c4bf4706c18	OBSOPEN_US30_20250108	2025-01-08	120	77	30	1.00000000000000000	0.57094928186238081	0.35118546464994471	0.33891702000884200	SESSION	false
af0b7f804a8d8337572d6a4a6f2ddcb426defb1f4d5f28ed0fde54882050d00c	a2b3facd10cee4f0909891958654ec1a86b2615c602c30a726ea3c4bf4706c18	OBSOPEN_US30_20250114	2025-01-14	120	78	1	0.00000000000000000	0.57360103306217602	0.53149270041958829	0.57676505108497456	SESSION	false
af0b7f804a8d8337572d6a4a6f2ddcb426defb1f4d5f28ed0fde54882050d00c	a2b3facd10cee4f0909891958654ec1a86b2615c602c30a726ea3c4bf4706c18	OBSOPEN_US30_20250114	2025-01-14	120	78	2	0.00000000000000000	0.57385372672695767	0.49242727650005125	0.41770218940878184	SESSION	false
af0b7f804a8d8337572d6a4a6f2ddcb426defb1f4d5f28ed0fde54882050d00c	a2b3facd10cee4f0909891958654ec1a86b2615c602c30a726ea3c4bf4706c18	OBSOPEN_US30_20250114	2025-01-14	120	78	3	1.00000000000000000	0.57385372672695767	0.47060238067723575	0.38405281250823542	SESSION	false
af0b7f804a8d8337572d6a4a6f2ddcb426defb1f4d5f28ed0fde54882050d00c	a2b3facd10cee4f0909891958654ec1a86b2615c602c30a726ea3c4bf4706c18	OBSOPEN_US30_20250114	2025-01-14	120	78	4	1.00000000000000000	0.57312804943766726	0.46897768722050354	0.40106482201946914	SESSION	false
af0b7f804a8d8337572d6a4a6f2ddcb426defb1f4d5f28ed0fde54882050d00c	a2b3facd10cee4f0909891958654ec1a86b2615c602c30a726ea3c4bf4706c18	OBSOPEN_US30_20250114	2025-01-14	120	78	5	0.00000000000000000	0.57240208107606128	0.52229963866294182	0.50840020277679021	SESSION	false
af0b7f804a8d8337572d6a4a6f2ddcb426defb1f4d5f28ed0fde54882050d00c	a2b3facd10cee4f0909891958654ec1a86b2615c602c30a726ea3c4bf4706c18	OBSOPEN_US30_20250114	2025-01-14	120	78	6	1.00000000000000000	0.57240208107606128	0.56663140949905744	0.63050990200019652	SESSION	false
af0b7f804a8d8337572d6a4a6f2ddcb426defb1f4d5f28ed0fde54882050d00c	a2b3facd10cee4f0909891958654ec1a86b2615c602c30a726ea3c4bf4706c18	OBSOPEN_US30_20250114	2025-01-14	120	78	7	1.00000000000000000	0.57167582432279629	0.56406588285992854	0.59130669897621768	SESSION	false
af0b7f804a8d8337572d6a4a6f2ddcb426defb1f4d5f28ed0fde54882050d00c	a2b3facd10cee4f0909891958654ec1a86b2615c602c30a726ea3c4bf4706c18	OBSOPEN_US30_20250114	2025-01-14	120	78	8	0.00000000000000000	0.57602898541280478	0.60101297371126883	0.71873571008654924	SESSION	false
af0b7f804a8d8337572d6a4a6f2ddcb426defb1f4d5f28ed0fde54882050d00c	a2b3facd10cee4f0909891958654ec1a86b2615c602c30a726ea3c4bf4706c18	OBSOPEN_US30_20250114	2025-01-14	120	78	9	0.00000000000000000	0.57602898541280478	0.61186779456728058	0.71314366295967901	SESSION	false
af0b7f804a8d8337572d6a4a6f2ddcb426defb1f4d5f28ed0fde54882050d00c	a2b3facd10cee4f0909891958654ec1a86b2615c602c30a726ea3c4bf4706c18	OBSOPEN_US30_20250114	2025-01-14	120	78	10	0.00000000000000000	0.57385372672695767	0.56063748642693956	0.60681948096745375	SESSION	false
af0b7f804a8d8337572d6a4a6f2ddcb426defb1f4d5f28ed0fde54882050d00c	a2b3facd10cee4f0909891958654ec1a86b2615c602c30a726ea3c4bf4706c18	OBSOPEN_US30_20250114	2025-01-14	120	78	11	1.00000000000000000	0.57385372672695767	0.56512440740044612	0.60708500244052577	SESSION	false
af0b7f804a8d8337572d6a4a6f2ddcb426defb1f4d5f28ed0fde54882050d00c	a2b3facd10cee4f0909891958654ec1a86b2615c602c30a726ea3c4bf4706c18	OBSOPEN_US30_20250114	2025-01-14	120	78	12	1.00000000000000000	0.57385372672695767	0.57035686927173657	0.64948239264710084	SESSION	false
af0b7f804a8d8337572d6a4a6f2ddcb426defb1f4d5f28ed0fde54882050d00c	a2b3facd10cee4f0909891958654ec1a86b2615c602c30a726ea3c4bf4706c18	OBSOPEN_US30_20250114	2025-01-14	120	78	13	1.00000000000000000	0.57530419738541227	0.62843196335842100	0.75602036129779715	SESSION	false
af0b7f804a8d8337572d6a4a6f2ddcb426defb1f4d5f28ed0fde54882050d00c	a2b3facd10cee4f0909891958654ec1a86b2615c602c30a726ea3c4bf4706c18	OBSOPEN_US30_20250114	2025-01-14	120	78	14	1.00000000000000000	0.57530419738541227	0.61375946975225570	0.71403044623537792	SESSION	false
af0b7f804a8d8337572d6a4a6f2ddcb426defb1f4d5f28ed0fde54882050d00c	a2b3facd10cee4f0909891958654ec1a86b2615c602c30a726ea3c4bf4706c18	OBSOPEN_US30_20250114	2025-01-14	120	78	15	1.00000000000000000	0.57385372672695767	0.62197493213710686	0.74204750106019790	SESSION	false
af0b7f804a8d8337572d6a4a6f2ddcb426defb1f4d5f28ed0fde54882050d00c	a2b3facd10cee4f0909891958654ec1a86b2615c602c30a726ea3c4bf4706c18	OBSOPEN_US30_20250114	2025-01-14	120	78	16	1.00000000000000000	0.57457911026715902	0.63675875793793746	0.76135487166633720	SESSION	false
af0b7f804a8d8337572d6a4a6f2ddcb426defb1f4d5f28ed0fde54882050d00c	a2b3facd10cee4f0909891958654ec1a86b2615c602c30a726ea3c4bf4706c18	OBSOPEN_US30_20250114	2025-01-14	120	78	17	1.00000000000000000	0.57602898541280478	0.60960284144059373	0.70644850731095687	SESSION	false
af0b7f804a8d8337572d6a4a6f2ddcb426defb1f4d5f28ed0fde54882050d00c	a2b3facd10cee4f0909891958654ec1a86b2615c602c30a726ea3c4bf4706c18	OBSOPEN_US30_20250114	2025-01-14	120	78	18	1.00000000000000000	0.57675347168440017	0.51534733286404022	0.52406481365308688	SESSION	false
af0b7f804a8d8337572d6a4a6f2ddcb426defb1f4d5f28ed0fde54882050d00c	a2b3facd10cee4f0909891958654ec1a86b2615c602c30a726ea3c4bf4706c18	OBSOPEN_US30_20250114	2025-01-14	120	78	19	1.00000000000000000	0.57747765353927083	0.52327164123034497	0.57579396636950964	SESSION	false
af0b7f804a8d8337572d6a4a6f2ddcb426defb1f4d5f28ed0fde54882050d00c	a2b3facd10cee4f0909891958654ec1a86b2615c602c30a726ea3c4bf4706c18	OBSOPEN_US30_20250114	2025-01-14	120	78	20	1.00000000000000000	0.57675347168440017	0.53754183177312365	0.57677988129396929	SESSION	false
af0b7f804a8d8337572d6a4a6f2ddcb426defb1f4d5f28ed0fde54882050d00c	a2b3facd10cee4f0909891958654ec1a86b2615c602c30a726ea3c4bf4706c18	OBSOPEN_US30_20250114	2025-01-14	120	78	21	0.00000000000000000	0.57385372672695767	0.49474389512480715	0.46314208953361569	SESSION	false
af0b7f804a8d8337572d6a4a6f2ddcb426defb1f4d5f28ed0fde54882050d00c	a2b3facd10cee4f0909891958654ec1a86b2615c602c30a726ea3c4bf4706c18	OBSOPEN_US30_20250114	2025-01-14	120	78	22	0.00000000000000000	0.57240208107606128	0.46393888989975363	0.40796029097040981	SESSION	false
af0b7f804a8d8337572d6a4a6f2ddcb426defb1f4d5f28ed0fde54882050d00c	a2b3facd10cee4f0909891958654ec1a86b2615c602c30a726ea3c4bf4706c18	OBSOPEN_US30_20250114	2025-01-14	120	78	23	1.00000000000000000	0.57240208107606128	0.47002189323666405	0.43466725254309246	SESSION	false
af0b7f804a8d8337572d6a4a6f2ddcb426defb1f4d5f28ed0fde54882050d00c	a2b3facd10cee4f0909891958654ec1a86b2615c602c30a726ea3c4bf4706c18	OBSOPEN_US30_20250114	2025-01-14	120	78	24	1.00000000000000000	0.57167582432279629	0.44132184198210295	0.38424906141607684	SESSION	false
af0b7f804a8d8337572d6a4a6f2ddcb426defb1f4d5f28ed0fde54882050d00c	a2b3facd10cee4f0909891958654ec1a86b2615c602c30a726ea3c4bf4706c18	OBSOPEN_US30_20250114	2025-01-14	120	78	25	1.00000000000000000	0.57385372672695767	0.45135477084744124	0.43530181327026435	SESSION	false
af0b7f804a8d8337572d6a4a6f2ddcb426defb1f4d5f28ed0fde54882050d00c	a2b3facd10cee4f0909891958654ec1a86b2615c602c30a726ea3c4bf4706c18	OBSOPEN_US30_20250114	2025-01-14	120	78	26	1.00000000000000000	0.57167582432279629	0.50658375762945718	0.50663193729919420	SESSION	false
af0b7f804a8d8337572d6a4a6f2ddcb426defb1f4d5f28ed0fde54882050d00c	a2b3facd10cee4f0909891958654ec1a86b2615c602c30a726ea3c4bf4706c18	OBSOPEN_US30_20250114	2025-01-14	120	78	27	1.00000000000000000	0.57094928186238081	0.48479055625463807	0.45286888961824479	SESSION	false
af0b7f804a8d8337572d6a4a6f2ddcb426defb1f4d5f28ed0fde54882050d00c	a2b3facd10cee4f0909891958654ec1a86b2615c602c30a726ea3c4bf4706c18	OBSOPEN_US30_20250114	2025-01-14	120	78	28	1.00000000000000000	0.57167582432279629	0.41982665975954608	0.36795894146528257	SESSION	false
af0b7f804a8d8337572d6a4a6f2ddcb426defb1f4d5f28ed0fde54882050d00c	a2b3facd10cee4f0909891958654ec1a86b2615c602c30a726ea3c4bf4706c18	OBSOPEN_US30_20250114	2025-01-14	120	78	29	1.00000000000000000	0.57094928186238081	0.40369023429573331	0.35507866276251071	SESSION	false
af0b7f804a8d8337572d6a4a6f2ddcb426defb1f4d5f28ed0fde54882050d00c	a2b3facd10cee4f0909891958654ec1a86b2615c602c30a726ea3c4bf4706c18	OBSOPEN_US30_20250114	2025-01-14	120	78	30	1.00000000000000000	0.57094928186238081	0.42305886264082504	0.39447723786834210	SESSION	false
af0b7f804a8d8337572d6a4a6f2ddcb426defb1f4d5f28ed0fde54882050d00c	a2b3facd10cee4f0909891958654ec1a86b2615c602c30a726ea3c4bf4706c18	OBSOPEN_US30_20250115	2025-01-15	120	79	1	1.00000000000000000	0.57360103306217602	0.53950931460311535	0.58276114027887338	SESSION	false
af0b7f804a8d8337572d6a4a6f2ddcb426defb1f4d5f28ed0fde54882050d00c	a2b3facd10cee4f0909891958654ec1a86b2615c602c30a726ea3c4bf4706c18	OBSOPEN_US30_20250115	2025-01-15	120	79	2	1.00000000000000000	0.57385372672695767	0.49814262274131016	0.45732095049934623	SESSION	false
af0b7f804a8d8337572d6a4a6f2ddcb426defb1f4d5f28ed0fde54882050d00c	a2b3facd10cee4f0909891958654ec1a86b2615c602c30a726ea3c4bf4706c18	OBSOPEN_US30_20250115	2025-01-15	120	79	3	1.00000000000000000	0.57385372672695767	0.59008204211086202	0.70050738617394936	SESSION	false
af0b7f804a8d8337572d6a4a6f2ddcb426defb1f4d5f28ed0fde54882050d00c	a2b3facd10cee4f0909891958654ec1a86b2615c602c30a726ea3c4bf4706c18	OBSOPEN_US30_20250115	2025-01-15	120	79	4	1.00000000000000000	0.57312804943766726	0.65781695752681302	0.74523513132162766	SESSION	false
af0b7f804a8d8337572d6a4a6f2ddcb426defb1f4d5f28ed0fde54882050d00c	a2b3facd10cee4f0909891958654ec1a86b2615c602c30a726ea3c4bf4706c18	OBSOPEN_US30_20250115	2025-01-15	120	79	5	1.00000000000000000	0.57240208107606128	0.65943134541632920	0.74181084061290603	SESSION	false
af0b7f804a8d8337572d6a4a6f2ddcb426defb1f4d5f28ed0fde54882050d00c	a2b3facd10cee4f0909891958654ec1a86b2615c602c30a726ea3c4bf4706c18	OBSOPEN_US30_20250115	2025-01-15	120	79	6	1.00000000000000000	0.57240208107606128	0.62209459588203597	0.65576406069527615	SESSION	false
af0b7f804a8d8337572d6a4a6f2ddcb426defb1f4d5f28ed0fde54882050d00c	a2b3facd10cee4f0909891958654ec1a86b2615c602c30a726ea3c4bf4706c18	OBSOPEN_US30_20250115	2025-01-15	120	79	7	1.00000000000000000	0.57167582432279629	0.57142846415377746	0.59365329364121922	SESSION	false
af0b7f804a8d8337572d6a4a6f2ddcb426defb1f4d5f28ed0fde54882050d00c	a2b3facd10cee4f0909891958654ec1a86b2615c602c30a726ea3c4bf4706c18	OBSOPEN_US30_20250115	2025-01-15	120	79	8	1.00000000000000000	0.57602898541280478	0.55675885924278856	0.57147811567841023	SESSION	false
af0b7f804a8d8337572d6a4a6f2ddcb426defb1f4d5f28ed0fde54882050d00c	a2b3facd10cee4f0909891958654ec1a86b2615c602c30a726ea3c4bf4706c18	OBSOPEN_US30_20250115	2025-01-15	120	79	9	1.00000000000000000	0.57602898541280478	0.54542733545336153	0.57088435436137308	SESSION	false
af0b7f804a8d8337572d6a4a6f2ddcb426defb1f4d5f28ed0fde54882050d00c	a2b3facd10cee4f0909891958654ec1a86b2615c602c30a726ea3c4bf4706c18	OBSOPEN_US30_20250115	2025-01-15	120	79	10	1.00000000000000000	0.57385372672695767	0.57073006397285553	0.59321176097995820	SESSION	false
af0b7f804a8d8337572d6a4a6f2ddcb426defb1f4d5f28ed0fde54882050d00c	a2b3facd10cee4f0909891958654ec1a86b2615c602c30a726ea3c4bf4706c18	OBSOPEN_US30_20250115	2025-01-15	120	79	11	1.00000000000000000	0.57385372672695767	0.61406959869402999	0.67190263849435572	SESSION	false
af0b7f804a8d8337572d6a4a6f2ddcb426defb1f4d5f28ed0fde54882050d00c	a2b3facd10cee4f0909891958654ec1a86b2615c602c30a726ea3c4bf4706c18	OBSOPEN_US30_20250115	2025-01-15	120	79	12	1.00000000000000000	0.57385372672695767	0.63157669660018512	0.69095352210168792	SESSION	false
af0b7f804a8d8337572d6a4a6f2ddcb426defb1f4d5f28ed0fde54882050d00c	a2b3facd10cee4f0909891958654ec1a86b2615c602c30a726ea3c4bf4706c18	OBSOPEN_US30_20250115	2025-01-15	120	79	13	1.00000000000000000	0.57530419738541227	0.62709950483431787	0.68225237124176052	SESSION	false
af0b7f804a8d8337572d6a4a6f2ddcb426defb1f4d5f28ed0fde54882050d00c	a2b3facd10cee4f0909891958654ec1a86b2615c602c30a726ea3c4bf4706c18	OBSOPEN_US30_20250115	2025-01-15	120	79	14	1.00000000000000000	0.57530419738541227	0.65076027792994495	0.73636126128945778	SESSION	false
af0b7f804a8d8337572d6a4a6f2ddcb426defb1f4d5f28ed0fde54882050d00c	a2b3facd10cee4f0909891958654ec1a86b2615c602c30a726ea3c4bf4706c18	OBSOPEN_US30_20250115	2025-01-15	120	79	15	1.00000000000000000	0.57385372672695767	0.66797027309763846	0.74796911610893091	SESSION	false
af0b7f804a8d8337572d6a4a6f2ddcb426defb1f4d5f28ed0fde54882050d00c	a2b3facd10cee4f0909891958654ec1a86b2615c602c30a726ea3c4bf4706c18	OBSOPEN_US30_20250115	2025-01-15	120	79	16	1.00000000000000000	0.57457911026715902	0.68605016829437404	0.77225661794085421	SESSION	false
af0b7f804a8d8337572d6a4a6f2ddcb426defb1f4d5f28ed0fde54882050d00c	a2b3facd10cee4f0909891958654ec1a86b2615c602c30a726ea3c4bf4706c18	OBSOPEN_US30_20250115	2025-01-15	120	79	17	1.00000000000000000	0.57602898541280478	0.70514321413463288	0.78763870465018526	SESSION	false
af0b7f804a8d8337572d6a4a6f2ddcb426defb1f4d5f28ed0fde54882050d00c	a2b3facd10cee4f0909891958654ec1a86b2615c602c30a726ea3c4bf4706c18	OBSOPEN_US30_20250115	2025-01-15	120	79	18	1.00000000000000000	0.57675347168440017	0.71486641082802227	0.79954885555737532	SESSION	false
af0b7f804a8d8337572d6a4a6f2ddcb426defb1f4d5f28ed0fde54882050d00c	a2b3facd10cee4f0909891958654ec1a86b2615c602c30a726ea3c4bf4706c18	OBSOPEN_US30_20250115	2025-01-15	120	79	19	0.00000000000000000	0.57747765353927083	0.74819922197425881	0.79619606406662513	SESSION	false
af0b7f804a8d8337572d6a4a6f2ddcb426defb1f4d5f28ed0fde54882050d00c	a2b3facd10cee4f0909891958654ec1a86b2615c602c30a726ea3c4bf4706c18	OBSOPEN_US30_20250115	2025-01-15	120	79	20	0.00000000000000000	0.57675347168440017	0.77067189464155705	0.80284346265706863	SESSION	false
af0b7f804a8d8337572d6a4a6f2ddcb426defb1f4d5f28ed0fde54882050d00c	a2b3facd10cee4f0909891958654ec1a86b2615c602c30a726ea3c4bf4706c18	OBSOPEN_US30_20250115	2025-01-15	120	79	21	0.00000000000000000	0.57385372672695767	0.72905635529700519	0.74913276343610291	SESSION	false
af0b7f804a8d8337572d6a4a6f2ddcb426defb1f4d5f28ed0fde54882050d00c	a2b3facd10cee4f0909891958654ec1a86b2615c602c30a726ea3c4bf4706c18	OBSOPEN_US30_20250115	2025-01-15	120	79	22	0.00000000000000000	0.57240208107606128	0.73112072399635886	0.76171832431219033	SESSION	false
af0b7f804a8d8337572d6a4a6f2ddcb426defb1f4d5f28ed0fde54882050d00c	a2b3facd10cee4f0909891958654ec1a86b2615c602c30a726ea3c4bf4706c18	OBSOPEN_US30_20250115	2025-01-15	120	79	23	0.00000000000000000	0.57240208107606128	0.71355109344504930	0.72417590191400949	SESSION	false
af0b7f804a8d8337572d6a4a6f2ddcb426defb1f4d5f28ed0fde54882050d00c	a2b3facd10cee4f0909891958654ec1a86b2615c602c30a726ea3c4bf4706c18	OBSOPEN_US30_20250115	2025-01-15	120	79	24	1.00000000000000000	0.57167582432279629	0.65006825816069191	0.66059839136157117	SESSION	false
af0b7f804a8d8337572d6a4a6f2ddcb426defb1f4d5f28ed0fde54882050d00c	a2b3facd10cee4f0909891958654ec1a86b2615c602c30a726ea3c4bf4706c18	OBSOPEN_US30_20250115	2025-01-15	120	79	25	0.00000000000000000	0.57385372672695767	0.65324605361789856	0.66712791311272257	SESSION	false
af0b7f804a8d8337572d6a4a6f2ddcb426defb1f4d5f28ed0fde54882050d00c	a2b3facd10cee4f0909891958654ec1a86b2615c602c30a726ea3c4bf4706c18	OBSOPEN_US30_20250115	2025-01-15	120	79	26	1.00000000000000000	0.57167582432279629	0.66221794640359244	0.67756645606865262	SESSION	false
af0b7f804a8d8337572d6a4a6f2ddcb426defb1f4d5f28ed0fde54882050d00c	a2b3facd10cee4f0909891958654ec1a86b2615c602c30a726ea3c4bf4706c18	OBSOPEN_US30_20250115	2025-01-15	120	79	27	1.00000000000000000	0.57094928186238081	0.73270616932634758	0.76330318327986335	SESSION	false
af0b7f804a8d8337572d6a4a6f2ddcb426defb1f4d5f28ed0fde54882050d00c	a2b3facd10cee4f0909891958654ec1a86b2615c602c30a726ea3c4bf4706c18	OBSOPEN_US30_20250115	2025-01-15	120	79	28	1.00000000000000000	0.57167582432279629	0.76577418027385458	0.78563048414458403	SESSION	false
af0b7f804a8d8337572d6a4a6f2ddcb426defb1f4d5f28ed0fde54882050d00c	a2b3facd10cee4f0909891958654ec1a86b2615c602c30a726ea3c4bf4706c18	OBSOPEN_US30_20250115	2025-01-15	120	79	29	1.00000000000000000	0.57094928186238081	0.75232331141638686	0.76263326902901352	SESSION	false
af0b7f804a8d8337572d6a4a6f2ddcb426defb1f4d5f28ed0fde54882050d00c	a2b3facd10cee4f0909891958654ec1a86b2615c602c30a726ea3c4bf4706c18	OBSOPEN_US30_20250115	2025-01-15	120	79	30	0.00000000000000000	0.57094928186238081	0.76357726297811490	0.76982494970053006	SESSION	false
af0b7f804a8d8337572d6a4a6f2ddcb426defb1f4d5f28ed0fde54882050d00c	a2b3facd10cee4f0909891958654ec1a86b2615c602c30a726ea3c4bf4706c18	OBSOPEN_US30_20250129	2025-01-29	120	80	1	1.00000000000000000	0.57360103306217602	0.51774586174204806	0.55024982704815439	SESSION	false
af0b7f804a8d8337572d6a4a6f2ddcb426defb1f4d5f28ed0fde54882050d00c	a2b3facd10cee4f0909891958654ec1a86b2615c602c30a726ea3c4bf4706c18	OBSOPEN_US30_20250129	2025-01-29	120	80	2	1.00000000000000000	0.57385372672695767	0.53531141204651689	0.60603748189049278	SESSION	false
af0b7f804a8d8337572d6a4a6f2ddcb426defb1f4d5f28ed0fde54882050d00c	a2b3facd10cee4f0909891958654ec1a86b2615c602c30a726ea3c4bf4706c18	OBSOPEN_US30_20250129	2025-01-29	120	80	3	1.00000000000000000	0.57385372672695767	0.54648360908972560	0.61448167102421158	SESSION	false
af0b7f804a8d8337572d6a4a6f2ddcb426defb1f4d5f28ed0fde54882050d00c	a2b3facd10cee4f0909891958654ec1a86b2615c602c30a726ea3c4bf4706c18	OBSOPEN_US30_20250129	2025-01-29	120	80	4	1.00000000000000000	0.57312804943766726	0.58747574149563964	0.72404300027624913	SESSION	false
af0b7f804a8d8337572d6a4a6f2ddcb426defb1f4d5f28ed0fde54882050d00c	a2b3facd10cee4f0909891958654ec1a86b2615c602c30a726ea3c4bf4706c18	OBSOPEN_US30_20250129	2025-01-29	120	80	5	1.00000000000000000	0.57240208107606128	0.63474322474797373	0.71981596691578487	SESSION	false
af0b7f804a8d8337572d6a4a6f2ddcb426defb1f4d5f28ed0fde54882050d00c	a2b3facd10cee4f0909891958654ec1a86b2615c602c30a726ea3c4bf4706c18	OBSOPEN_US30_20250129	2025-01-29	120	80	6	1.00000000000000000	0.57240208107606128	0.58726623564150637	0.61927863531087413	SESSION	false
af0b7f804a8d8337572d6a4a6f2ddcb426defb1f4d5f28ed0fde54882050d00c	a2b3facd10cee4f0909891958654ec1a86b2615c602c30a726ea3c4bf4706c18	OBSOPEN_US30_20250129	2025-01-29	120	80	7	1.00000000000000000	0.57167582432279629	0.59770380345103336	0.68109078675842327	SESSION	false
af0b7f804a8d8337572d6a4a6f2ddcb426defb1f4d5f28ed0fde54882050d00c	a2b3facd10cee4f0909891958654ec1a86b2615c602c30a726ea3c4bf4706c18	OBSOPEN_US30_20250129	2025-01-29	120	80	8	1.00000000000000000	0.57602898541280478	0.61061399280768458	0.68879092980261603	SESSION	false
af0b7f804a8d8337572d6a4a6f2ddcb426defb1f4d5f28ed0fde54882050d00c	a2b3facd10cee4f0909891958654ec1a86b2615c602c30a726ea3c4bf4706c18	OBSOPEN_US30_20250129	2025-01-29	120	80	9	1.00000000000000000	0.57602898541280478	0.62751236151385104	0.73039504553193202	SESSION	false
af0b7f804a8d8337572d6a4a6f2ddcb426defb1f4d5f28ed0fde54882050d00c	a2b3facd10cee4f0909891958654ec1a86b2615c602c30a726ea3c4bf4706c18	OBSOPEN_US30_20250129	2025-01-29	120	80	10	1.00000000000000000	0.57385372672695767	0.67462342868824721	0.77856889817139541	SESSION	false
af0b7f804a8d8337572d6a4a6f2ddcb426defb1f4d5f28ed0fde54882050d00c	a2b3facd10cee4f0909891958654ec1a86b2615c602c30a726ea3c4bf4706c18	OBSOPEN_US30_20250129	2025-01-29	120	80	11	1.00000000000000000	0.57385372672695767	0.66969858988486464	0.74197251458900149	SESSION	false
af0b7f804a8d8337572d6a4a6f2ddcb426defb1f4d5f28ed0fde54882050d00c	a2b3facd10cee4f0909891958654ec1a86b2615c602c30a726ea3c4bf4706c18	OBSOPEN_US30_20250129	2025-01-29	120	80	12	1.00000000000000000	0.57385372672695767	0.60267531120905760	0.65152675228916790	SESSION	false
af0b7f804a8d8337572d6a4a6f2ddcb426defb1f4d5f28ed0fde54882050d00c	a2b3facd10cee4f0909891958654ec1a86b2615c602c30a726ea3c4bf4706c18	OBSOPEN_US30_20250129	2025-01-29	120	80	13	1.00000000000000000	0.57530419738541227	0.58160931803052907	0.61527449144664703	SESSION	false
af0b7f804a8d8337572d6a4a6f2ddcb426defb1f4d5f28ed0fde54882050d00c	a2b3facd10cee4f0909891958654ec1a86b2615c602c30a726ea3c4bf4706c18	OBSOPEN_US30_20250129	2025-01-29	120	80	14	1.00000000000000000	0.57530419738541227	0.54454565701094026	0.55972823022709028	SESSION	false
af0b7f804a8d8337572d6a4a6f2ddcb426defb1f4d5f28ed0fde54882050d00c	a2b3facd10cee4f0909891958654ec1a86b2615c602c30a726ea3c4bf4706c18	OBSOPEN_US30_20250129	2025-01-29	120	80	15	1.00000000000000000	0.57385372672695767	0.52120955845093675	0.51042391452360691	SESSION	false
af0b7f804a8d8337572d6a4a6f2ddcb426defb1f4d5f28ed0fde54882050d00c	a2b3facd10cee4f0909891958654ec1a86b2615c602c30a726ea3c4bf4706c18	OBSOPEN_US30_20250129	2025-01-29	120	80	16	1.00000000000000000	0.57457911026715902	0.55896316885528174	0.60525752231952412	SESSION	false
af0b7f804a8d8337572d6a4a6f2ddcb426defb1f4d5f28ed0fde54882050d00c	a2b3facd10cee4f0909891958654ec1a86b2615c602c30a726ea3c4bf4706c18	OBSOPEN_US30_20250129	2025-01-29	120	80	17	1.00000000000000000	0.57602898541280478	0.61028516914957298	0.67364544310114216	SESSION	false
af0b7f804a8d8337572d6a4a6f2ddcb426defb1f4d5f28ed0fde54882050d00c	a2b3facd10cee4f0909891958654ec1a86b2615c602c30a726ea3c4bf4706c18	OBSOPEN_US30_20250129	2025-01-29	120	80	18	1.00000000000000000	0.57675347168440017	0.59994705049593355	0.65606291386145632	SESSION	false
af0b7f804a8d8337572d6a4a6f2ddcb426defb1f4d5f28ed0fde54882050d00c	a2b3facd10cee4f0909891958654ec1a86b2615c602c30a726ea3c4bf4706c18	OBSOPEN_US30_20250129	2025-01-29	120	80	19	1.00000000000000000	0.57747765353927083	0.59488419795101843	0.65099685406765706	SESSION	false
af0b7f804a8d8337572d6a4a6f2ddcb426defb1f4d5f28ed0fde54882050d00c	a2b3facd10cee4f0909891958654ec1a86b2615c602c30a726ea3c4bf4706c18	OBSOPEN_US30_20250129	2025-01-29	120	80	20	1.00000000000000000	0.57675347168440017	0.57352065444281553	0.61796027341529569	SESSION	false
af0b7f804a8d8337572d6a4a6f2ddcb426defb1f4d5f28ed0fde54882050d00c	a2b3facd10cee4f0909891958654ec1a86b2615c602c30a726ea3c4bf4706c18	OBSOPEN_US30_20250129	2025-01-29	120	80	21	1.00000000000000000	0.57385372672695767	0.58291754939119533	0.63755887413638546	SESSION	false
af0b7f804a8d8337572d6a4a6f2ddcb426defb1f4d5f28ed0fde54882050d00c	a2b3facd10cee4f0909891958654ec1a86b2615c602c30a726ea3c4bf4706c18	OBSOPEN_US30_20250129	2025-01-29	120	80	22	1.00000000000000000	0.57240208107606128	0.59007780161301870	0.62426730606361325	SESSION	false
af0b7f804a8d8337572d6a4a6f2ddcb426defb1f4d5f28ed0fde54882050d00c	a2b3facd10cee4f0909891958654ec1a86b2615c602c30a726ea3c4bf4706c18	OBSOPEN_US30_20250129	2025-01-29	120	80	23	1.00000000000000000	0.57240208107606128	0.56031167021591588	0.58354010798351663	SESSION	false
af0b7f804a8d8337572d6a4a6f2ddcb426defb1f4d5f28ed0fde54882050d00c	a2b3facd10cee4f0909891958654ec1a86b2615c602c30a726ea3c4bf4706c18	OBSOPEN_US30_20250129	2025-01-29	120	80	24	1.00000000000000000	0.57167582432279629	0.54296534764374604	0.54102031887847835	SESSION	false
af0b7f804a8d8337572d6a4a6f2ddcb426defb1f4d5f28ed0fde54882050d00c	a2b3facd10cee4f0909891958654ec1a86b2615c602c30a726ea3c4bf4706c18	OBSOPEN_US30_20250129	2025-01-29	120	80	25	1.00000000000000000	0.57385372672695767	0.55212688798927978	0.57519310059203721	SESSION	false
af0b7f804a8d8337572d6a4a6f2ddcb426defb1f4d5f28ed0fde54882050d00c	a2b3facd10cee4f0909891958654ec1a86b2615c602c30a726ea3c4bf4706c18	OBSOPEN_US30_20250129	2025-01-29	120	80	26	1.00000000000000000	0.57167582432279629	0.51856599860903752	0.50492238965739744	SESSION	false
af0b7f804a8d8337572d6a4a6f2ddcb426defb1f4d5f28ed0fde54882050d00c	a2b3facd10cee4f0909891958654ec1a86b2615c602c30a726ea3c4bf4706c18	OBSOPEN_US30_20250129	2025-01-29	120	80	27	1.00000000000000000	0.57094928186238081	0.52414322664797819	0.53165859417448402	SESSION	false
af0b7f804a8d8337572d6a4a6f2ddcb426defb1f4d5f28ed0fde54882050d00c	a2b3facd10cee4f0909891958654ec1a86b2615c602c30a726ea3c4bf4706c18	OBSOPEN_US30_20250129	2025-01-29	120	80	28	1.00000000000000000	0.57167582432279629	0.56328716197665030	0.58833699938845552	SESSION	false
af0b7f804a8d8337572d6a4a6f2ddcb426defb1f4d5f28ed0fde54882050d00c	a2b3facd10cee4f0909891958654ec1a86b2615c602c30a726ea3c4bf4706c18	OBSOPEN_US30_20250129	2025-01-29	120	80	29	1.00000000000000000	0.57094928186238081	0.55159257665796924	0.55710253487086125	SESSION	false
af0b7f804a8d8337572d6a4a6f2ddcb426defb1f4d5f28ed0fde54882050d00c	a2b3facd10cee4f0909891958654ec1a86b2615c602c30a726ea3c4bf4706c18	OBSOPEN_US30_20250129	2025-01-29	120	80	30	1.00000000000000000	0.57094928186238081	0.57062555415709659	0.60847442345689284	SESSION	false
af0b7f804a8d8337572d6a4a6f2ddcb426defb1f4d5f28ed0fde54882050d00c	a2b3facd10cee4f0909891958654ec1a86b2615c602c30a726ea3c4bf4706c18	OBSOPEN_US30_20250210	2025-02-10	120	81	1	0.00000000000000000	0.57360103306217602	0.53700608064596367	0.62515640704240538	SESSION	false
af0b7f804a8d8337572d6a4a6f2ddcb426defb1f4d5f28ed0fde54882050d00c	a2b3facd10cee4f0909891958654ec1a86b2615c602c30a726ea3c4bf4706c18	OBSOPEN_US30_20250210	2025-02-10	120	81	2	0.00000000000000000	0.57385372672695767	0.57821903860187129	0.73177763514210836	SESSION	false
af0b7f804a8d8337572d6a4a6f2ddcb426defb1f4d5f28ed0fde54882050d00c	a2b3facd10cee4f0909891958654ec1a86b2615c602c30a726ea3c4bf4706c18	OBSOPEN_US30_20250210	2025-02-10	120	81	3	0.00000000000000000	0.57385372672695767	0.59145953635442972	0.65706774575461069	SESSION	false
af0b7f804a8d8337572d6a4a6f2ddcb426defb1f4d5f28ed0fde54882050d00c	a2b3facd10cee4f0909891958654ec1a86b2615c602c30a726ea3c4bf4706c18	OBSOPEN_US30_20250210	2025-02-10	120	81	4	0.00000000000000000	0.57312804943766726	0.52897489320235924	0.51156441923573159	SESSION	false
af0b7f804a8d8337572d6a4a6f2ddcb426defb1f4d5f28ed0fde54882050d00c	a2b3facd10cee4f0909891958654ec1a86b2615c602c30a726ea3c4bf4706c18	OBSOPEN_US30_20250210	2025-02-10	120	81	5	0.00000000000000000	0.57240208107606128	0.47534113901577923	0.38860472086704967	SESSION	false
af0b7f804a8d8337572d6a4a6f2ddcb426defb1f4d5f28ed0fde54882050d00c	a2b3facd10cee4f0909891958654ec1a86b2615c602c30a726ea3c4bf4706c18	OBSOPEN_US30_20250210	2025-02-10	120	81	6	0.00000000000000000	0.57240208107606128	0.45463191823790772	0.40182286039518406	SESSION	false
af0b7f804a8d8337572d6a4a6f2ddcb426defb1f4d5f28ed0fde54882050d00c	a2b3facd10cee4f0909891958654ec1a86b2615c602c30a726ea3c4bf4706c18	OBSOPEN_US30_20250210	2025-02-10	120	81	7	0.00000000000000000	0.57167582432279629	0.39158874750279149	0.33485810404548311	SESSION	false
af0b7f804a8d8337572d6a4a6f2ddcb426defb1f4d5f28ed0fde54882050d00c	a2b3facd10cee4f0909891958654ec1a86b2615c602c30a726ea3c4bf4706c18	OBSOPEN_US30_20250210	2025-02-10	120	81	8	0.00000000000000000	0.57602898541280478	0.39276229286755104	0.37865852917417636	SESSION	false
af0b7f804a8d8337572d6a4a6f2ddcb426defb1f4d5f28ed0fde54882050d00c	a2b3facd10cee4f0909891958654ec1a86b2615c602c30a726ea3c4bf4706c18	OBSOPEN_US30_20250210	2025-02-10	120	81	9	0.00000000000000000	0.57602898541280478	0.36210918781551421	0.36265351293503972	SESSION	false
af0b7f804a8d8337572d6a4a6f2ddcb426defb1f4d5f28ed0fde54882050d00c	a2b3facd10cee4f0909891958654ec1a86b2615c602c30a726ea3c4bf4706c18	OBSOPEN_US30_20250210	2025-02-10	120	81	10	0.00000000000000000	0.57385372672695767	0.35085757146509688	0.34802998491517612	SESSION	false
af0b7f804a8d8337572d6a4a6f2ddcb426defb1f4d5f28ed0fde54882050d00c	a2b3facd10cee4f0909891958654ec1a86b2615c602c30a726ea3c4bf4706c18	OBSOPEN_US30_20250210	2025-02-10	120	81	11	0.00000000000000000	0.57385372672695767	0.35173599584393628	0.36103696325042928	SESSION	false
af0b7f804a8d8337572d6a4a6f2ddcb426defb1f4d5f28ed0fde54882050d00c	a2b3facd10cee4f0909891958654ec1a86b2615c602c30a726ea3c4bf4706c18	OBSOPEN_US30_20250210	2025-02-10	120	81	12	0.00000000000000000	0.57385372672695767	0.33550455085990633	0.35204120931527960	SESSION	false
af0b7f804a8d8337572d6a4a6f2ddcb426defb1f4d5f28ed0fde54882050d00c	a2b3facd10cee4f0909891958654ec1a86b2615c602c30a726ea3c4bf4706c18	OBSOPEN_US30_20250210	2025-02-10	120	81	13	0.00000000000000000	0.57530419738541227	0.33356835054365502	0.37491793400822204	SESSION	false
af0b7f804a8d8337572d6a4a6f2ddcb426defb1f4d5f28ed0fde54882050d00c	a2b3facd10cee4f0909891958654ec1a86b2615c602c30a726ea3c4bf4706c18	OBSOPEN_US30_20250210	2025-02-10	120	81	14	0.00000000000000000	0.57530419738541227	0.31930838129596539	0.36444115994127091	SESSION	false
af0b7f804a8d8337572d6a4a6f2ddcb426defb1f4d5f28ed0fde54882050d00c	a2b3facd10cee4f0909891958654ec1a86b2615c602c30a726ea3c4bf4706c18	OBSOPEN_US30_20250210	2025-02-10	120	81	15	0.00000000000000000	0.57385372672695767	0.31469181021818271	0.35434181643482415	SESSION	false
af0b7f804a8d8337572d6a4a6f2ddcb426defb1f4d5f28ed0fde54882050d00c	a2b3facd10cee4f0909891958654ec1a86b2615c602c30a726ea3c4bf4706c18	OBSOPEN_US30_20250210	2025-02-10	120	81	16	0.00000000000000000	0.57457911026715902	0.33725436416228116	0.37788112618991998	SESSION	false
af0b7f804a8d8337572d6a4a6f2ddcb426defb1f4d5f28ed0fde54882050d00c	a2b3facd10cee4f0909891958654ec1a86b2615c602c30a726ea3c4bf4706c18	OBSOPEN_US30_20250210	2025-02-10	120	81	17	0.00000000000000000	0.57602898541280478	0.39325480404111718	0.43076199039961532	SESSION	false
af0b7f804a8d8337572d6a4a6f2ddcb426defb1f4d5f28ed0fde54882050d00c	a2b3facd10cee4f0909891958654ec1a86b2615c602c30a726ea3c4bf4706c18	OBSOPEN_US30_20250210	2025-02-10	120	81	18	0.00000000000000000	0.57675347168440017	0.40124299245785150	0.43801750873794881	SESSION	false
af0b7f804a8d8337572d6a4a6f2ddcb426defb1f4d5f28ed0fde54882050d00c	a2b3facd10cee4f0909891958654ec1a86b2615c602c30a726ea3c4bf4706c18	OBSOPEN_US30_20250210	2025-02-10	120	81	19	0.00000000000000000	0.57747765353927083	0.39949273148279246	0.43996097735312589	SESSION	false
af0b7f804a8d8337572d6a4a6f2ddcb426defb1f4d5f28ed0fde54882050d00c	a2b3facd10cee4f0909891958654ec1a86b2615c602c30a726ea3c4bf4706c18	OBSOPEN_US30_20250210	2025-02-10	120	81	20	0.00000000000000000	0.57675347168440017	0.39403771225116713	0.43160142255937256	SESSION	false
af0b7f804a8d8337572d6a4a6f2ddcb426defb1f4d5f28ed0fde54882050d00c	a2b3facd10cee4f0909891958654ec1a86b2615c602c30a726ea3c4bf4706c18	OBSOPEN_US30_20250210	2025-02-10	120	81	21	0.00000000000000000	0.57385372672695767	0.39148586233506322	0.41929547469625666	SESSION	false
af0b7f804a8d8337572d6a4a6f2ddcb426defb1f4d5f28ed0fde54882050d00c	a2b3facd10cee4f0909891958654ec1a86b2615c602c30a726ea3c4bf4706c18	OBSOPEN_US30_20250210	2025-02-10	120	81	22	0.00000000000000000	0.57240208107606128	0.40537494202787205	0.42160330254248951	SESSION	false
af0b7f804a8d8337572d6a4a6f2ddcb426defb1f4d5f28ed0fde54882050d00c	a2b3facd10cee4f0909891958654ec1a86b2615c602c30a726ea3c4bf4706c18	OBSOPEN_US30_20250210	2025-02-10	120	81	23	0.00000000000000000	0.57240208107606128	0.41813290718348439	0.43351657036934926	SESSION	false
af0b7f804a8d8337572d6a4a6f2ddcb426defb1f4d5f28ed0fde54882050d00c	a2b3facd10cee4f0909891958654ec1a86b2615c602c30a726ea3c4bf4706c18	OBSOPEN_US30_20250210	2025-02-10	120	81	24	0.00000000000000000	0.57167582432279629	0.42569552546294953	0.42840109092961703	SESSION	false
af0b7f804a8d8337572d6a4a6f2ddcb426defb1f4d5f28ed0fde54882050d00c	a2b3facd10cee4f0909891958654ec1a86b2615c602c30a726ea3c4bf4706c18	OBSOPEN_US30_20250210	2025-02-10	120	81	25	0.00000000000000000	0.57385372672695767	0.43942343637107684	0.45079592135112206	SESSION	false
af0b7f804a8d8337572d6a4a6f2ddcb426defb1f4d5f28ed0fde54882050d00c	a2b3facd10cee4f0909891958654ec1a86b2615c602c30a726ea3c4bf4706c18	OBSOPEN_US30_20250210	2025-02-10	120	81	26	0.00000000000000000	0.57167582432279629	0.43655172409481863	0.43892754213044710	SESSION	false
af0b7f804a8d8337572d6a4a6f2ddcb426defb1f4d5f28ed0fde54882050d00c	a2b3facd10cee4f0909891958654ec1a86b2615c602c30a726ea3c4bf4706c18	OBSOPEN_US30_20250210	2025-02-10	120	81	27	0.00000000000000000	0.57094928186238081	0.44386792607555120	0.44239404275747407	SESSION	false
af0b7f804a8d8337572d6a4a6f2ddcb426defb1f4d5f28ed0fde54882050d00c	a2b3facd10cee4f0909891958654ec1a86b2615c602c30a726ea3c4bf4706c18	OBSOPEN_US30_20250210	2025-02-10	120	81	28	0.00000000000000000	0.57167582432279629	0.45824824883680693	0.45611372861721455	SESSION	false
af0b7f804a8d8337572d6a4a6f2ddcb426defb1f4d5f28ed0fde54882050d00c	a2b3facd10cee4f0909891958654ec1a86b2615c602c30a726ea3c4bf4706c18	OBSOPEN_US30_20250210	2025-02-10	120	81	29	0.00000000000000000	0.57094928186238081	0.44795692718758046	0.44585877745513919	SESSION	false
af0b7f804a8d8337572d6a4a6f2ddcb426defb1f4d5f28ed0fde54882050d00c	a2b3facd10cee4f0909891958654ec1a86b2615c602c30a726ea3c4bf4706c18	OBSOPEN_US30_20250210	2025-02-10	120	81	30	0.00000000000000000	0.57094928186238081	0.45182842807946050	0.44834135516364043	SESSION	false
af0b7f804a8d8337572d6a4a6f2ddcb426defb1f4d5f28ed0fde54882050d00c	a2b3facd10cee4f0909891958654ec1a86b2615c602c30a726ea3c4bf4706c18	OBSOPEN_US30_20250212	2025-02-12	120	82	1	1.00000000000000000	0.57360103306217602	0.51599499172428809	0.50422487985376963	SESSION	false
af0b7f804a8d8337572d6a4a6f2ddcb426defb1f4d5f28ed0fde54882050d00c	a2b3facd10cee4f0909891958654ec1a86b2615c602c30a726ea3c4bf4706c18	OBSOPEN_US30_20250212	2025-02-12	120	82	2	1.00000000000000000	0.57385372672695767	0.45620369250882697	0.40121908074363216	SESSION	false
af0b7f804a8d8337572d6a4a6f2ddcb426defb1f4d5f28ed0fde54882050d00c	a2b3facd10cee4f0909891958654ec1a86b2615c602c30a726ea3c4bf4706c18	OBSOPEN_US30_20250212	2025-02-12	120	82	3	1.00000000000000000	0.57385372672695767	0.50770224406497022	0.52094876487744068	SESSION	false
af0b7f804a8d8337572d6a4a6f2ddcb426defb1f4d5f28ed0fde54882050d00c	a2b3facd10cee4f0909891958654ec1a86b2615c602c30a726ea3c4bf4706c18	OBSOPEN_US30_20250212	2025-02-12	120	82	4	1.00000000000000000	0.57312804943766726	0.54386026236581875	0.52477758200803948	SESSION	false
af0b7f804a8d8337572d6a4a6f2ddcb426defb1f4d5f28ed0fde54882050d00c	a2b3facd10cee4f0909891958654ec1a86b2615c602c30a726ea3c4bf4706c18	OBSOPEN_US30_20250212	2025-02-12	120	82	5	1.00000000000000000	0.57240208107606128	0.55202069282285893	0.53350223537096519	SESSION	false
af0b7f804a8d8337572d6a4a6f2ddcb426defb1f4d5f28ed0fde54882050d00c	a2b3facd10cee4f0909891958654ec1a86b2615c602c30a726ea3c4bf4706c18	OBSOPEN_US30_20250212	2025-02-12	120	82	6	1.00000000000000000	0.57240208107606128	0.49469489758661722	0.45344462174976263	SESSION	false
af0b7f804a8d8337572d6a4a6f2ddcb426defb1f4d5f28ed0fde54882050d00c	a2b3facd10cee4f0909891958654ec1a86b2615c602c30a726ea3c4bf4706c18	OBSOPEN_US30_20250212	2025-02-12	120	82	7	1.00000000000000000	0.57167582432279629	0.46562184137840235	0.42200745015182917	SESSION	false
af0b7f804a8d8337572d6a4a6f2ddcb426defb1f4d5f28ed0fde54882050d00c	a2b3facd10cee4f0909891958654ec1a86b2615c602c30a726ea3c4bf4706c18	OBSOPEN_US30_20250212	2025-02-12	120	82	8	1.00000000000000000	0.57602898541280478	0.45911708449858074	0.42914010709058709	SESSION	false
af0b7f804a8d8337572d6a4a6f2ddcb426defb1f4d5f28ed0fde54882050d00c	a2b3facd10cee4f0909891958654ec1a86b2615c602c30a726ea3c4bf4706c18	OBSOPEN_US30_20250212	2025-02-12	120	82	9	1.00000000000000000	0.57602898541280478	0.46494491909037727	0.44670402933057463	SESSION	false
af0b7f804a8d8337572d6a4a6f2ddcb426defb1f4d5f28ed0fde54882050d00c	a2b3facd10cee4f0909891958654ec1a86b2615c602c30a726ea3c4bf4706c18	OBSOPEN_US30_20250212	2025-02-12	120	82	10	1.00000000000000000	0.57385372672695767	0.47936157021630432	0.44903705347817224	SESSION	false
af0b7f804a8d8337572d6a4a6f2ddcb426defb1f4d5f28ed0fde54882050d00c	a2b3facd10cee4f0909891958654ec1a86b2615c602c30a726ea3c4bf4706c18	OBSOPEN_US30_20250212	2025-02-12	120	82	11	1.00000000000000000	0.57385372672695767	0.42017164638819293	0.36760427499586834	SESSION	false
af0b7f804a8d8337572d6a4a6f2ddcb426defb1f4d5f28ed0fde54882050d00c	a2b3facd10cee4f0909891958654ec1a86b2615c602c30a726ea3c4bf4706c18	OBSOPEN_US30_20250212	2025-02-12	120	82	12	1.00000000000000000	0.57385372672695767	0.40836977613080194	0.37726479807563712	SESSION	false
af0b7f804a8d8337572d6a4a6f2ddcb426defb1f4d5f28ed0fde54882050d00c	a2b3facd10cee4f0909891958654ec1a86b2615c602c30a726ea3c4bf4706c18	OBSOPEN_US30_20250212	2025-02-12	120	82	13	1.00000000000000000	0.57530419738541227	0.39871600623020043	0.37590634679791241	SESSION	false
af0b7f804a8d8337572d6a4a6f2ddcb426defb1f4d5f28ed0fde54882050d00c	a2b3facd10cee4f0909891958654ec1a86b2615c602c30a726ea3c4bf4706c18	OBSOPEN_US30_20250212	2025-02-12	120	82	14	1.00000000000000000	0.57530419738541227	0.40489392193155399	0.39843676971881387	SESSION	false
af0b7f804a8d8337572d6a4a6f2ddcb426defb1f4d5f28ed0fde54882050d00c	a2b3facd10cee4f0909891958654ec1a86b2615c602c30a726ea3c4bf4706c18	OBSOPEN_US30_20250212	2025-02-12	120	82	15	1.00000000000000000	0.57385372672695767	0.45878814004282858	0.44884305307944217	SESSION	false
af0b7f804a8d8337572d6a4a6f2ddcb426defb1f4d5f28ed0fde54882050d00c	a2b3facd10cee4f0909891958654ec1a86b2615c602c30a726ea3c4bf4706c18	OBSOPEN_US30_20250212	2025-02-12	120	82	16	1.00000000000000000	0.57457911026715902	0.47638378702442596	0.46448966799306829	SESSION	false
af0b7f804a8d8337572d6a4a6f2ddcb426defb1f4d5f28ed0fde54882050d00c	a2b3facd10cee4f0909891958654ec1a86b2615c602c30a726ea3c4bf4706c18	OBSOPEN_US30_20250212	2025-02-12	120	82	17	1.00000000000000000	0.57602898541280478	0.54843065104847377	0.57655283970271620	SESSION	false
af0b7f804a8d8337572d6a4a6f2ddcb426defb1f4d5f28ed0fde54882050d00c	a2b3facd10cee4f0909891958654ec1a86b2615c602c30a726ea3c4bf4706c18	OBSOPEN_US30_20250212	2025-02-12	120	82	18	1.00000000000000000	0.57675347168440017	0.61491470260490466	0.64389426444029096	SESSION	false
af0b7f804a8d8337572d6a4a6f2ddcb426defb1f4d5f28ed0fde54882050d00c	a2b3facd10cee4f0909891958654ec1a86b2615c602c30a726ea3c4bf4706c18	OBSOPEN_US30_20250212	2025-02-12	120	82	19	1.00000000000000000	0.57747765353927083	0.64922542022546981	0.66944045377850581	SESSION	false
af0b7f804a8d8337572d6a4a6f2ddcb426defb1f4d5f28ed0fde54882050d00c	a2b3facd10cee4f0909891958654ec1a86b2615c602c30a726ea3c4bf4706c18	OBSOPEN_US30_20250212	2025-02-12	120	82	20	1.00000000000000000	0.57675347168440017	0.67909486143161946	0.71058546154487234	SESSION	false
af0b7f804a8d8337572d6a4a6f2ddcb426defb1f4d5f28ed0fde54882050d00c	a2b3facd10cee4f0909891958654ec1a86b2615c602c30a726ea3c4bf4706c18	OBSOPEN_US30_20250212	2025-02-12	120	82	21	1.00000000000000000	0.57385372672695767	0.67288203223523924	0.67872215554934001	SESSION	false
af0b7f804a8d8337572d6a4a6f2ddcb426defb1f4d5f28ed0fde54882050d00c	a2b3facd10cee4f0909891958654ec1a86b2615c602c30a726ea3c4bf4706c18	OBSOPEN_US30_20250212	2025-02-12	120	82	22	1.00000000000000000	0.57240208107606128	0.66661695234140539	0.67762396949603487	SESSION	false
af0b7f804a8d8337572d6a4a6f2ddcb426defb1f4d5f28ed0fde54882050d00c	a2b3facd10cee4f0909891958654ec1a86b2615c602c30a726ea3c4bf4706c18	OBSOPEN_US30_20250212	2025-02-12	120	82	23	1.00000000000000000	0.57240208107606128	0.72560635192030010	0.74478848051611579	SESSION	false
af0b7f804a8d8337572d6a4a6f2ddcb426defb1f4d5f28ed0fde54882050d00c	a2b3facd10cee4f0909891958654ec1a86b2615c602c30a726ea3c4bf4706c18	OBSOPEN_US30_20250212	2025-02-12	120	82	24	1.00000000000000000	0.57167582432279629	0.75248212852605101	0.75926104585381460	SESSION	false
af0b7f804a8d8337572d6a4a6f2ddcb426defb1f4d5f28ed0fde54882050d00c	a2b3facd10cee4f0909891958654ec1a86b2615c602c30a726ea3c4bf4706c18	OBSOPEN_US30_20250212	2025-02-12	120	82	25	1.00000000000000000	0.57385372672695767	0.74978507035467568	0.76475003214651838	SESSION	false
af0b7f804a8d8337572d6a4a6f2ddcb426defb1f4d5f28ed0fde54882050d00c	a2b3facd10cee4f0909891958654ec1a86b2615c602c30a726ea3c4bf4706c18	OBSOPEN_US30_20250212	2025-02-12	120	82	26	1.00000000000000000	0.57167582432279629	0.73486538200488671	0.73909757518372166	SESSION	false
af0b7f804a8d8337572d6a4a6f2ddcb426defb1f4d5f28ed0fde54882050d00c	a2b3facd10cee4f0909891958654ec1a86b2615c602c30a726ea3c4bf4706c18	OBSOPEN_US30_20250212	2025-02-12	120	82	27	1.00000000000000000	0.57094928186238081	0.72655093627091449	0.73027937778217289	SESSION	false
af0b7f804a8d8337572d6a4a6f2ddcb426defb1f4d5f28ed0fde54882050d00c	a2b3facd10cee4f0909891958654ec1a86b2615c602c30a726ea3c4bf4706c18	OBSOPEN_US30_20250212	2025-02-12	120	82	28	1.00000000000000000	0.57167582432279629	0.72647459240791523	0.73321502262514093	SESSION	false
af0b7f804a8d8337572d6a4a6f2ddcb426defb1f4d5f28ed0fde54882050d00c	a2b3facd10cee4f0909891958654ec1a86b2615c602c30a726ea3c4bf4706c18	OBSOPEN_US30_20250212	2025-02-12	120	82	29	1.00000000000000000	0.57094928186238081	0.73061775178301669	0.73656439248187688	SESSION	false
af0b7f804a8d8337572d6a4a6f2ddcb426defb1f4d5f28ed0fde54882050d00c	a2b3facd10cee4f0909891958654ec1a86b2615c602c30a726ea3c4bf4706c18	OBSOPEN_US30_20250212	2025-02-12	120	82	30	1.00000000000000000	0.57094928186238081	0.73785321964001604	0.74764076971092452	SESSION	false
af0b7f804a8d8337572d6a4a6f2ddcb426defb1f4d5f28ed0fde54882050d00c	a2b3facd10cee4f0909891958654ec1a86b2615c602c30a726ea3c4bf4706c18	OBSOPEN_US30_20250227	2025-02-27	120	83	1	1.00000000000000000	0.57360103306217602	0.55050656097544803	0.73345671598040851	SESSION	false
af0b7f804a8d8337572d6a4a6f2ddcb426defb1f4d5f28ed0fde54882050d00c	a2b3facd10cee4f0909891958654ec1a86b2615c602c30a726ea3c4bf4706c18	OBSOPEN_US30_20250227	2025-02-27	120	83	2	1.00000000000000000	0.57385372672695767	0.57836432546232008	0.75560211309777070	SESSION	false
af0b7f804a8d8337572d6a4a6f2ddcb426defb1f4d5f28ed0fde54882050d00c	a2b3facd10cee4f0909891958654ec1a86b2615c602c30a726ea3c4bf4706c18	OBSOPEN_US30_20250227	2025-02-27	120	83	3	1.00000000000000000	0.57385372672695767	0.58518502060241762	0.65969956086179249	SESSION	false
af0b7f804a8d8337572d6a4a6f2ddcb426defb1f4d5f28ed0fde54882050d00c	a2b3facd10cee4f0909891958654ec1a86b2615c602c30a726ea3c4bf4706c18	OBSOPEN_US30_20250227	2025-02-27	120	83	4	1.00000000000000000	0.57312804943766726	0.58783685209220182	0.69321622557948037	SESSION	false
af0b7f804a8d8337572d6a4a6f2ddcb426defb1f4d5f28ed0fde54882050d00c	a2b3facd10cee4f0909891958654ec1a86b2615c602c30a726ea3c4bf4706c18	OBSOPEN_US30_20250227	2025-02-27	120	83	5	1.00000000000000000	0.57240208107606128	0.62823382044504317	0.74959972953455034	SESSION	false
af0b7f804a8d8337572d6a4a6f2ddcb426defb1f4d5f28ed0fde54882050d00c	a2b3facd10cee4f0909891958654ec1a86b2615c602c30a726ea3c4bf4706c18	OBSOPEN_US30_20250227	2025-02-27	120	83	6	1.00000000000000000	0.57240208107606128	0.69852688419231568	0.76400500454191711	SESSION	false
af0b7f804a8d8337572d6a4a6f2ddcb426defb1f4d5f28ed0fde54882050d00c	a2b3facd10cee4f0909891958654ec1a86b2615c602c30a726ea3c4bf4706c18	OBSOPEN_US30_20250227	2025-02-27	120	83	7	1.00000000000000000	0.57167582432279629	0.75458825536424812	0.76598239788475753	SESSION	false
af0b7f804a8d8337572d6a4a6f2ddcb426defb1f4d5f28ed0fde54882050d00c	a2b3facd10cee4f0909891958654ec1a86b2615c602c30a726ea3c4bf4706c18	OBSOPEN_US30_20250227	2025-02-27	120	83	8	1.00000000000000000	0.57602898541280478	0.75705681316849394	0.77494730881693230	SESSION	false
af0b7f804a8d8337572d6a4a6f2ddcb426defb1f4d5f28ed0fde54882050d00c	a2b3facd10cee4f0909891958654ec1a86b2615c602c30a726ea3c4bf4706c18	OBSOPEN_US30_20250227	2025-02-27	120	83	9	1.00000000000000000	0.57602898541280478	0.77801872804122940	0.79135380078402451	SESSION	false
af0b7f804a8d8337572d6a4a6f2ddcb426defb1f4d5f28ed0fde54882050d00c	a2b3facd10cee4f0909891958654ec1a86b2615c602c30a726ea3c4bf4706c18	OBSOPEN_US30_20250227	2025-02-27	120	83	10	1.00000000000000000	0.57385372672695767	0.80842691664182986	0.77850885728756825	SESSION	false
af0b7f804a8d8337572d6a4a6f2ddcb426defb1f4d5f28ed0fde54882050d00c	a2b3facd10cee4f0909891958654ec1a86b2615c602c30a726ea3c4bf4706c18	OBSOPEN_US30_20250227	2025-02-27	120	83	11	1.00000000000000000	0.57385372672695767	0.77056056116820815	0.73061770840219153	SESSION	false
af0b7f804a8d8337572d6a4a6f2ddcb426defb1f4d5f28ed0fde54882050d00c	a2b3facd10cee4f0909891958654ec1a86b2615c602c30a726ea3c4bf4706c18	OBSOPEN_US30_20250227	2025-02-27	120	83	12	1.00000000000000000	0.57385372672695767	0.75365401787544961	0.72931417904855655	SESSION	false
af0b7f804a8d8337572d6a4a6f2ddcb426defb1f4d5f28ed0fde54882050d00c	a2b3facd10cee4f0909891958654ec1a86b2615c602c30a726ea3c4bf4706c18	OBSOPEN_US30_20250227	2025-02-27	120	83	13	1.00000000000000000	0.57530419738541227	0.76477268315311575	0.74268899802046950	SESSION	false
af0b7f804a8d8337572d6a4a6f2ddcb426defb1f4d5f28ed0fde54882050d00c	a2b3facd10cee4f0909891958654ec1a86b2615c602c30a726ea3c4bf4706c18	OBSOPEN_US30_20250227	2025-02-27	120	83	14	1.00000000000000000	0.57530419738541227	0.78085936401209599	0.76105135650821232	SESSION	false
af0b7f804a8d8337572d6a4a6f2ddcb426defb1f4d5f28ed0fde54882050d00c	a2b3facd10cee4f0909891958654ec1a86b2615c602c30a726ea3c4bf4706c18	OBSOPEN_US30_20250227	2025-02-27	120	83	15	1.00000000000000000	0.57385372672695767	0.80004647498084880	0.77267369326296009	SESSION	false
af0b7f804a8d8337572d6a4a6f2ddcb426defb1f4d5f28ed0fde54882050d00c	a2b3facd10cee4f0909891958654ec1a86b2615c602c30a726ea3c4bf4706c18	OBSOPEN_US30_20250227	2025-02-27	120	83	16	1.00000000000000000	0.57457911026715902	0.82177347809298018	0.79544303533035243	SESSION	false
af0b7f804a8d8337572d6a4a6f2ddcb426defb1f4d5f28ed0fde54882050d00c	a2b3facd10cee4f0909891958654ec1a86b2615c602c30a726ea3c4bf4706c18	OBSOPEN_US30_20250227	2025-02-27	120	83	17	1.00000000000000000	0.57602898541280478	0.83678468711427179	0.80649250497162761	SESSION	false
af0b7f804a8d8337572d6a4a6f2ddcb426defb1f4d5f28ed0fde54882050d00c	a2b3facd10cee4f0909891958654ec1a86b2615c602c30a726ea3c4bf4706c18	OBSOPEN_US30_20250227	2025-02-27	120	83	18	1.00000000000000000	0.57675347168440017	0.83225629877681206	0.79190030570513903	SESSION	false
af0b7f804a8d8337572d6a4a6f2ddcb426defb1f4d5f28ed0fde54882050d00c	a2b3facd10cee4f0909891958654ec1a86b2615c602c30a726ea3c4bf4706c18	OBSOPEN_US30_20250227	2025-02-27	120	83	19	1.00000000000000000	0.57747765353927083	0.80672193226000877	0.76877419718361562	SESSION	false
af0b7f804a8d8337572d6a4a6f2ddcb426defb1f4d5f28ed0fde54882050d00c	a2b3facd10cee4f0909891958654ec1a86b2615c602c30a726ea3c4bf4706c18	OBSOPEN_US30_20250227	2025-02-27	120	83	20	1.00000000000000000	0.57675347168440017	0.78794339695671423	0.75600895831116066	SESSION	false
af0b7f804a8d8337572d6a4a6f2ddcb426defb1f4d5f28ed0fde54882050d00c	a2b3facd10cee4f0909891958654ec1a86b2615c602c30a726ea3c4bf4706c18	OBSOPEN_US30_20250227	2025-02-27	120	83	21	1.00000000000000000	0.57385372672695767	0.74994967070119378	0.70939130448306831	SESSION	false
af0b7f804a8d8337572d6a4a6f2ddcb426defb1f4d5f28ed0fde54882050d00c	a2b3facd10cee4f0909891958654ec1a86b2615c602c30a726ea3c4bf4706c18	OBSOPEN_US30_20250227	2025-02-27	120	83	22	1.00000000000000000	0.57240208107606128	0.72360316862700336	0.67966010455939829	SESSION	false
af0b7f804a8d8337572d6a4a6f2ddcb426defb1f4d5f28ed0fde54882050d00c	a2b3facd10cee4f0909891958654ec1a86b2615c602c30a726ea3c4bf4706c18	OBSOPEN_US30_20250227	2025-02-27	120	83	23	1.00000000000000000	0.57240208107606128	0.76078819464413183	0.71015774904910933	SESSION	false
af0b7f804a8d8337572d6a4a6f2ddcb426defb1f4d5f28ed0fde54882050d00c	a2b3facd10cee4f0909891958654ec1a86b2615c602c30a726ea3c4bf4706c18	OBSOPEN_US30_20250227	2025-02-27	120	83	24	1.00000000000000000	0.57167582432279629	0.72702761365100155	0.67401012940017224	SESSION	false
af0b7f804a8d8337572d6a4a6f2ddcb426defb1f4d5f28ed0fde54882050d00c	a2b3facd10cee4f0909891958654ec1a86b2615c602c30a726ea3c4bf4706c18	OBSOPEN_US30_20250227	2025-02-27	120	83	25	1.00000000000000000	0.57385372672695767	0.69132974004438330	0.65495930633112009	SESSION	false
af0b7f804a8d8337572d6a4a6f2ddcb426defb1f4d5f28ed0fde54882050d00c	a2b3facd10cee4f0909891958654ec1a86b2615c602c30a726ea3c4bf4706c18	OBSOPEN_US30_20250227	2025-02-27	120	83	26	1.00000000000000000	0.57167582432279629	0.66880674176508037	0.62878359511259796	SESSION	false
af0b7f804a8d8337572d6a4a6f2ddcb426defb1f4d5f28ed0fde54882050d00c	a2b3facd10cee4f0909891958654ec1a86b2615c602c30a726ea3c4bf4706c18	OBSOPEN_US30_20250227	2025-02-27	120	83	27	1.00000000000000000	0.57094928186238081	0.62279617882201377	0.58323250032652707	SESSION	false
af0b7f804a8d8337572d6a4a6f2ddcb426defb1f4d5f28ed0fde54882050d00c	a2b3facd10cee4f0909891958654ec1a86b2615c602c30a726ea3c4bf4706c18	OBSOPEN_US30_20250227	2025-02-27	120	83	28	1.00000000000000000	0.57167582432279629	0.56419686932979141	0.53467331895193659	SESSION	false
af0b7f804a8d8337572d6a4a6f2ddcb426defb1f4d5f28ed0fde54882050d00c	a2b3facd10cee4f0909891958654ec1a86b2615c602c30a726ea3c4bf4706c18	OBSOPEN_US30_20250227	2025-02-27	120	83	29	1.00000000000000000	0.57094928186238081	0.55397194903819680	0.54072247305550747	SESSION	false
af0b7f804a8d8337572d6a4a6f2ddcb426defb1f4d5f28ed0fde54882050d00c	a2b3facd10cee4f0909891958654ec1a86b2615c602c30a726ea3c4bf4706c18	OBSOPEN_US30_20250227	2025-02-27	120	83	30	1.00000000000000000	0.57094928186238081	0.58187752385384794	0.54929498692894585	SESSION	false
af0b7f804a8d8337572d6a4a6f2ddcb426defb1f4d5f28ed0fde54882050d00c	a2b3facd10cee4f0909891958654ec1a86b2615c602c30a726ea3c4bf4706c18	OBSOPEN_US30_20250303	2025-03-03	120	84	1	0.00000000000000000	0.57360103306217602	0.55029099960895866	0.75270981108949209	SESSION	false
af0b7f804a8d8337572d6a4a6f2ddcb426defb1f4d5f28ed0fde54882050d00c	a2b3facd10cee4f0909891958654ec1a86b2615c602c30a726ea3c4bf4706c18	OBSOPEN_US30_20250303	2025-03-03	120	84	2	0.00000000000000000	0.57385372672695767	0.59513782211282662	0.75046829267492654	SESSION	false
af0b7f804a8d8337572d6a4a6f2ddcb426defb1f4d5f28ed0fde54882050d00c	a2b3facd10cee4f0909891958654ec1a86b2615c602c30a726ea3c4bf4706c18	OBSOPEN_US30_20250303	2025-03-03	120	84	3	0.00000000000000000	0.57385372672695767	0.64822874217258208	0.71153772499657530	SESSION	false
af0b7f804a8d8337572d6a4a6f2ddcb426defb1f4d5f28ed0fde54882050d00c	a2b3facd10cee4f0909891958654ec1a86b2615c602c30a726ea3c4bf4706c18	OBSOPEN_US30_20250303	2025-03-03	120	84	4	0.00000000000000000	0.57312804943766726	0.56358054043846195	0.56111338045438341	SESSION	false
af0b7f804a8d8337572d6a4a6f2ddcb426defb1f4d5f28ed0fde54882050d00c	a2b3facd10cee4f0909891958654ec1a86b2615c602c30a726ea3c4bf4706c18	OBSOPEN_US30_20250303	2025-03-03	120	84	5	0.00000000000000000	0.57240208107606128	0.59677115203545839	0.65984034619216358	SESSION	false
af0b7f804a8d8337572d6a4a6f2ddcb426defb1f4d5f28ed0fde54882050d00c	a2b3facd10cee4f0909891958654ec1a86b2615c602c30a726ea3c4bf4706c18	OBSOPEN_US30_20250303	2025-03-03	120	84	6	0.00000000000000000	0.57240208107606128	0.60513090730621433	0.63734778902699019	SESSION	false
af0b7f804a8d8337572d6a4a6f2ddcb426defb1f4d5f28ed0fde54882050d00c	a2b3facd10cee4f0909891958654ec1a86b2615c602c30a726ea3c4bf4706c18	OBSOPEN_US30_20250303	2025-03-03	120	84	7	0.00000000000000000	0.57167582432279629	0.64593888491714879	0.74024359762940817	SESSION	false
af0b7f804a8d8337572d6a4a6f2ddcb426defb1f4d5f28ed0fde54882050d00c	a2b3facd10cee4f0909891958654ec1a86b2615c602c30a726ea3c4bf4706c18	OBSOPEN_US30_20250303	2025-03-03	120	84	8	0.00000000000000000	0.57602898541280478	0.68298671745153772	0.77281691902789329	SESSION	false
af0b7f804a8d8337572d6a4a6f2ddcb426defb1f4d5f28ed0fde54882050d00c	a2b3facd10cee4f0909891958654ec1a86b2615c602c30a726ea3c4bf4706c18	OBSOPEN_US30_20250303	2025-03-03	120	84	9	0.00000000000000000	0.57602898541280478	0.65750421348326260	0.74265157472163346	SESSION	false
af0b7f804a8d8337572d6a4a6f2ddcb426defb1f4d5f28ed0fde54882050d00c	a2b3facd10cee4f0909891958654ec1a86b2615c602c30a726ea3c4bf4706c18	OBSOPEN_US30_20250303	2025-03-03	120	84	10	0.00000000000000000	0.57385372672695767	0.63156648836867335	0.69979855067810970	SESSION	false
af0b7f804a8d8337572d6a4a6f2ddcb426defb1f4d5f28ed0fde54882050d00c	a2b3facd10cee4f0909891958654ec1a86b2615c602c30a726ea3c4bf4706c18	OBSOPEN_US30_20250303	2025-03-03	120	84	11	0.00000000000000000	0.57385372672695767	0.67725052296572463	0.74990466136157563	SESSION	false
af0b7f804a8d8337572d6a4a6f2ddcb426defb1f4d5f28ed0fde54882050d00c	a2b3facd10cee4f0909891958654ec1a86b2615c602c30a726ea3c4bf4706c18	OBSOPEN_US30_20250303	2025-03-03	120	84	12	0.00000000000000000	0.57385372672695767	0.71569675039254088	0.78700698206851993	SESSION	false
af0b7f804a8d8337572d6a4a6f2ddcb426defb1f4d5f28ed0fde54882050d00c	a2b3facd10cee4f0909891958654ec1a86b2615c602c30a726ea3c4bf4706c18	OBSOPEN_US30_20250303	2025-03-03	120	84	13	0.00000000000000000	0.57530419738541227	0.69740722374844744	0.75698388475778067	SESSION	false
af0b7f804a8d8337572d6a4a6f2ddcb426defb1f4d5f28ed0fde54882050d00c	a2b3facd10cee4f0909891958654ec1a86b2615c602c30a726ea3c4bf4706c18	OBSOPEN_US30_20250303	2025-03-03	120	84	14	0.00000000000000000	0.57530419738541227	0.62495988325015794	0.66277702128014215	SESSION	false
af0b7f804a8d8337572d6a4a6f2ddcb426defb1f4d5f28ed0fde54882050d00c	a2b3facd10cee4f0909891958654ec1a86b2615c602c30a726ea3c4bf4706c18	OBSOPEN_US30_20250303	2025-03-03	120	84	15	0.00000000000000000	0.57385372672695767	0.56480098786402677	0.57018828762332385	SESSION	false
af0b7f804a8d8337572d6a4a6f2ddcb426defb1f4d5f28ed0fde54882050d00c	a2b3facd10cee4f0909891958654ec1a86b2615c602c30a726ea3c4bf4706c18	OBSOPEN_US30_20250303	2025-03-03	120	84	16	0.00000000000000000	0.57457911026715902	0.50365977043039956	0.48914812064891167	SESSION	false
af0b7f804a8d8337572d6a4a6f2ddcb426defb1f4d5f28ed0fde54882050d00c	a2b3facd10cee4f0909891958654ec1a86b2615c602c30a726ea3c4bf4706c18	OBSOPEN_US30_20250303	2025-03-03	120	84	17	0.00000000000000000	0.57602898541280478	0.53701840008153645	0.57130699654092965	SESSION	false
af0b7f804a8d8337572d6a4a6f2ddcb426defb1f4d5f28ed0fde54882050d00c	a2b3facd10cee4f0909891958654ec1a86b2615c602c30a726ea3c4bf4706c18	OBSOPEN_US30_20250303	2025-03-03	120	84	18	0.00000000000000000	0.57675347168440017	0.63861557283113535	0.72339028967949848	SESSION	false
af0b7f804a8d8337572d6a4a6f2ddcb426defb1f4d5f28ed0fde54882050d00c	a2b3facd10cee4f0909891958654ec1a86b2615c602c30a726ea3c4bf4706c18	OBSOPEN_US30_20250303	2025-03-03	120	84	19	0.00000000000000000	0.57747765353927083	0.64474220466574950	0.69831134675808437	SESSION	false
af0b7f804a8d8337572d6a4a6f2ddcb426defb1f4d5f28ed0fde54882050d00c	a2b3facd10cee4f0909891958654ec1a86b2615c602c30a726ea3c4bf4706c18	OBSOPEN_US30_20250303	2025-03-03	120	84	20	0.00000000000000000	0.57675347168440017	0.54090091700051746	0.56028360104417441	SESSION	false
af0b7f804a8d8337572d6a4a6f2ddcb426defb1f4d5f28ed0fde54882050d00c	a2b3facd10cee4f0909891958654ec1a86b2615c602c30a726ea3c4bf4706c18	OBSOPEN_US30_20250303	2025-03-03	120	84	21	0.00000000000000000	0.57385372672695767	0.47217151503190335	0.44400513787014667	SESSION	false
af0b7f804a8d8337572d6a4a6f2ddcb426defb1f4d5f28ed0fde54882050d00c	a2b3facd10cee4f0909891958654ec1a86b2615c602c30a726ea3c4bf4706c18	OBSOPEN_US30_20250303	2025-03-03	120	84	22	0.00000000000000000	0.57240208107606128	0.50312141142017097	0.52822301087944201	SESSION	false
af0b7f804a8d8337572d6a4a6f2ddcb426defb1f4d5f28ed0fde54882050d00c	a2b3facd10cee4f0909891958654ec1a86b2615c602c30a726ea3c4bf4706c18	OBSOPEN_US30_20250303	2025-03-03	120	84	23	0.00000000000000000	0.57240208107606128	0.49548030752655675	0.47462784449313489	SESSION	false
af0b7f804a8d8337572d6a4a6f2ddcb426defb1f4d5f28ed0fde54882050d00c	a2b3facd10cee4f0909891958654ec1a86b2615c602c30a726ea3c4bf4706c18	OBSOPEN_US30_20250303	2025-03-03	120	84	24	0.00000000000000000	0.57167582432279629	0.47669950794110744	0.45647641108690712	SESSION	false
af0b7f804a8d8337572d6a4a6f2ddcb426defb1f4d5f28ed0fde54882050d00c	a2b3facd10cee4f0909891958654ec1a86b2615c602c30a726ea3c4bf4706c18	OBSOPEN_US30_20250303	2025-03-03	120	84	25	0.00000000000000000	0.57385372672695767	0.53859861801708808	0.55442944358392032	SESSION	false
af0b7f804a8d8337572d6a4a6f2ddcb426defb1f4d5f28ed0fde54882050d00c	a2b3facd10cee4f0909891958654ec1a86b2615c602c30a726ea3c4bf4706c18	OBSOPEN_US30_20250303	2025-03-03	120	84	26	0.00000000000000000	0.57167582432279629	0.50546315207153192	0.49293703012847906	SESSION	false
af0b7f804a8d8337572d6a4a6f2ddcb426defb1f4d5f28ed0fde54882050d00c	a2b3facd10cee4f0909891958654ec1a86b2615c602c30a726ea3c4bf4706c18	OBSOPEN_US30_20250303	2025-03-03	120	84	27	0.00000000000000000	0.57094928186238081	0.45642014065282738	0.41320678016861229	SESSION	false
af0b7f804a8d8337572d6a4a6f2ddcb426defb1f4d5f28ed0fde54882050d00c	a2b3facd10cee4f0909891958654ec1a86b2615c602c30a726ea3c4bf4706c18	OBSOPEN_US30_20250303	2025-03-03	120	84	28	0.00000000000000000	0.57167582432279629	0.41773024073875731	0.37383876791260856	SESSION	false
af0b7f804a8d8337572d6a4a6f2ddcb426defb1f4d5f28ed0fde54882050d00c	a2b3facd10cee4f0909891958654ec1a86b2615c602c30a726ea3c4bf4706c18	OBSOPEN_US30_20250303	2025-03-03	120	84	29	0.00000000000000000	0.57094928186238081	0.41778393948042991	0.39041390118011565	SESSION	false
af0b7f804a8d8337572d6a4a6f2ddcb426defb1f4d5f28ed0fde54882050d00c	a2b3facd10cee4f0909891958654ec1a86b2615c602c30a726ea3c4bf4706c18	OBSOPEN_US30_20250303	2025-03-03	120	84	30	0.00000000000000000	0.57094928186238081	0.40733965968394931	0.37447880557087038	SESSION	false
af0b7f804a8d8337572d6a4a6f2ddcb426defb1f4d5f28ed0fde54882050d00c	a2b3facd10cee4f0909891958654ec1a86b2615c602c30a726ea3c4bf4706c18	OBSOPEN_US30_20250312	2025-03-12	120	85	1	0.00000000000000000	0.57360103306217602	0.54657702984295020	0.63111196430091099	SESSION	false
af0b7f804a8d8337572d6a4a6f2ddcb426defb1f4d5f28ed0fde54882050d00c	a2b3facd10cee4f0909891958654ec1a86b2615c602c30a726ea3c4bf4706c18	OBSOPEN_US30_20250312	2025-03-12	120	85	2	0.00000000000000000	0.57385372672695767	0.61367974754134136	0.73123132256831036	SESSION	false
af0b7f804a8d8337572d6a4a6f2ddcb426defb1f4d5f28ed0fde54882050d00c	a2b3facd10cee4f0909891958654ec1a86b2615c602c30a726ea3c4bf4706c18	OBSOPEN_US30_20250312	2025-03-12	120	85	3	0.00000000000000000	0.57385372672695767	0.63115358459289117	0.67542767687031602	SESSION	false
af0b7f804a8d8337572d6a4a6f2ddcb426defb1f4d5f28ed0fde54882050d00c	a2b3facd10cee4f0909891958654ec1a86b2615c602c30a726ea3c4bf4706c18	OBSOPEN_US30_20250312	2025-03-12	120	85	4	0.00000000000000000	0.57312804943766726	0.48806511663889734	0.43287417859707661	SESSION	false
af0b7f804a8d8337572d6a4a6f2ddcb426defb1f4d5f28ed0fde54882050d00c	a2b3facd10cee4f0909891958654ec1a86b2615c602c30a726ea3c4bf4706c18	OBSOPEN_US30_20250312	2025-03-12	120	85	5	0.00000000000000000	0.57240208107606128	0.41878349718670882	0.34846551206224430	SESSION	false
af0b7f804a8d8337572d6a4a6f2ddcb426defb1f4d5f28ed0fde54882050d00c	a2b3facd10cee4f0909891958654ec1a86b2615c602c30a726ea3c4bf4706c18	OBSOPEN_US30_20250312	2025-03-12	120	85	6	0.00000000000000000	0.57240208107606128	0.41523502919692662	0.37207593002342187	SESSION	false
af0b7f804a8d8337572d6a4a6f2ddcb426defb1f4d5f28ed0fde54882050d00c	a2b3facd10cee4f0909891958654ec1a86b2615c602c30a726ea3c4bf4706c18	OBSOPEN_US30_20250312	2025-03-12	120	85	7	0.00000000000000000	0.57167582432279629	0.44026625784423107	0.41246058590478890	SESSION	false
af0b7f804a8d8337572d6a4a6f2ddcb426defb1f4d5f28ed0fde54882050d00c	a2b3facd10cee4f0909891958654ec1a86b2615c602c30a726ea3c4bf4706c18	OBSOPEN_US30_20250312	2025-03-12	120	85	8	0.00000000000000000	0.57602898541280478	0.42454350456888323	0.41001253396841664	SESSION	false
af0b7f804a8d8337572d6a4a6f2ddcb426defb1f4d5f28ed0fde54882050d00c	a2b3facd10cee4f0909891958654ec1a86b2615c602c30a726ea3c4bf4706c18	OBSOPEN_US30_20250312	2025-03-12	120	85	9	0.00000000000000000	0.57602898541280478	0.41318427553197545	0.42734872004531871	SESSION	false
af0b7f804a8d8337572d6a4a6f2ddcb426defb1f4d5f28ed0fde54882050d00c	a2b3facd10cee4f0909891958654ec1a86b2615c602c30a726ea3c4bf4706c18	OBSOPEN_US30_20250312	2025-03-12	120	85	10	0.00000000000000000	0.57385372672695767	0.47234103834486063	0.45963229109806597	SESSION	false
af0b7f804a8d8337572d6a4a6f2ddcb426defb1f4d5f28ed0fde54882050d00c	a2b3facd10cee4f0909891958654ec1a86b2615c602c30a726ea3c4bf4706c18	OBSOPEN_US30_20250312	2025-03-12	120	85	11	0.00000000000000000	0.57385372672695767	0.45765084023861069	0.44708396457512684	SESSION	false
af0b7f804a8d8337572d6a4a6f2ddcb426defb1f4d5f28ed0fde54882050d00c	a2b3facd10cee4f0909891958654ec1a86b2615c602c30a726ea3c4bf4706c18	OBSOPEN_US30_20250312	2025-03-12	120	85	12	0.00000000000000000	0.57385372672695767	0.42783041425174528	0.42722102427878750	SESSION	false
af0b7f804a8d8337572d6a4a6f2ddcb426defb1f4d5f28ed0fde54882050d00c	a2b3facd10cee4f0909891958654ec1a86b2615c602c30a726ea3c4bf4706c18	OBSOPEN_US30_20250312	2025-03-12	120	85	13	0.00000000000000000	0.57530419738541227	0.39670796350390497	0.41137788628948480	SESSION	false
af0b7f804a8d8337572d6a4a6f2ddcb426defb1f4d5f28ed0fde54882050d00c	a2b3facd10cee4f0909891958654ec1a86b2615c602c30a726ea3c4bf4706c18	OBSOPEN_US30_20250312	2025-03-12	120	85	14	0.00000000000000000	0.57530419738541227	0.32118113888757638	0.38009278413071407	SESSION	false
af0b7f804a8d8337572d6a4a6f2ddcb426defb1f4d5f28ed0fde54882050d00c	a2b3facd10cee4f0909891958654ec1a86b2615c602c30a726ea3c4bf4706c18	OBSOPEN_US30_20250312	2025-03-12	120	85	15	0.00000000000000000	0.57385372672695767	0.35437769964029775	0.42519006258969499	SESSION	false
af0b7f804a8d8337572d6a4a6f2ddcb426defb1f4d5f28ed0fde54882050d00c	a2b3facd10cee4f0909891958654ec1a86b2615c602c30a726ea3c4bf4706c18	OBSOPEN_US30_20250312	2025-03-12	120	85	16	0.00000000000000000	0.57457911026715902	0.44071907104431168	0.46180378387823662	SESSION	false
af0b7f804a8d8337572d6a4a6f2ddcb426defb1f4d5f28ed0fde54882050d00c	a2b3facd10cee4f0909891958654ec1a86b2615c602c30a726ea3c4bf4706c18	OBSOPEN_US30_20250312	2025-03-12	120	85	17	0.00000000000000000	0.57602898541280478	0.40914044780484227	0.45278526194288293	SESSION	false
af0b7f804a8d8337572d6a4a6f2ddcb426defb1f4d5f28ed0fde54882050d00c	a2b3facd10cee4f0909891958654ec1a86b2615c602c30a726ea3c4bf4706c18	OBSOPEN_US30_20250312	2025-03-12	120	85	18	0.00000000000000000	0.57675347168440017	0.39624703611947182	0.45754459533869668	SESSION	false
af0b7f804a8d8337572d6a4a6f2ddcb426defb1f4d5f28ed0fde54882050d00c	a2b3facd10cee4f0909891958654ec1a86b2615c602c30a726ea3c4bf4706c18	OBSOPEN_US30_20250312	2025-03-12	120	85	19	0.00000000000000000	0.57747765353927083	0.32919271720982130	0.42227472137815580	SESSION	false
af0b7f804a8d8337572d6a4a6f2ddcb426defb1f4d5f28ed0fde54882050d00c	a2b3facd10cee4f0909891958654ec1a86b2615c602c30a726ea3c4bf4706c18	OBSOPEN_US30_20250312	2025-03-12	120	85	20	0.00000000000000000	0.57675347168440017	0.35555350883168790	0.44782053422639434	SESSION	false
af0b7f804a8d8337572d6a4a6f2ddcb426defb1f4d5f28ed0fde54882050d00c	a2b3facd10cee4f0909891958654ec1a86b2615c602c30a726ea3c4bf4706c18	OBSOPEN_US30_20250312	2025-03-12	120	85	21	0.00000000000000000	0.57385372672695767	0.41232975051582227	0.45493438887760607	SESSION	false
af0b7f804a8d8337572d6a4a6f2ddcb426defb1f4d5f28ed0fde54882050d00c	a2b3facd10cee4f0909891958654ec1a86b2615c602c30a726ea3c4bf4706c18	OBSOPEN_US30_20250312	2025-03-12	120	85	22	0.00000000000000000	0.57240208107606128	0.38430852522494496	0.42671238073474788	SESSION	false
af0b7f804a8d8337572d6a4a6f2ddcb426defb1f4d5f28ed0fde54882050d00c	a2b3facd10cee4f0909891958654ec1a86b2615c602c30a726ea3c4bf4706c18	OBSOPEN_US30_20250312	2025-03-12	120	85	23	0.00000000000000000	0.57240208107606128	0.40183108564782538	0.44201215456228565	SESSION	false
af0b7f804a8d8337572d6a4a6f2ddcb426defb1f4d5f28ed0fde54882050d00c	a2b3facd10cee4f0909891958654ec1a86b2615c602c30a726ea3c4bf4706c18	OBSOPEN_US30_20250312	2025-03-12	120	85	24	0.00000000000000000	0.57167582432279629	0.31219808601619775	0.37990159558365810	SESSION	false
af0b7f804a8d8337572d6a4a6f2ddcb426defb1f4d5f28ed0fde54882050d00c	a2b3facd10cee4f0909891958654ec1a86b2615c602c30a726ea3c4bf4706c18	OBSOPEN_US30_20250312	2025-03-12	120	85	25	0.00000000000000000	0.57385372672695767	0.25320678270911817	0.35209022213923841	SESSION	false
af0b7f804a8d8337572d6a4a6f2ddcb426defb1f4d5f28ed0fde54882050d00c	a2b3facd10cee4f0909891958654ec1a86b2615c602c30a726ea3c4bf4706c18	OBSOPEN_US30_20250312	2025-03-12	120	85	26	0.00000000000000000	0.57167582432279629	0.24182673230655527	0.34339675412957654	SESSION	false
af0b7f804a8d8337572d6a4a6f2ddcb426defb1f4d5f28ed0fde54882050d00c	a2b3facd10cee4f0909891958654ec1a86b2615c602c30a726ea3c4bf4706c18	OBSOPEN_US30_20250312	2025-03-12	120	85	27	0.00000000000000000	0.57094928186238081	0.23161063535085744	0.35172755273973805	SESSION	false
af0b7f804a8d8337572d6a4a6f2ddcb426defb1f4d5f28ed0fde54882050d00c	a2b3facd10cee4f0909891958654ec1a86b2615c602c30a726ea3c4bf4706c18	OBSOPEN_US30_20250312	2025-03-12	120	85	28	0.00000000000000000	0.57167582432279629	0.21483542204286385	0.35182949193236940	SESSION	false
af0b7f804a8d8337572d6a4a6f2ddcb426defb1f4d5f28ed0fde54882050d00c	a2b3facd10cee4f0909891958654ec1a86b2615c602c30a726ea3c4bf4706c18	OBSOPEN_US30_20250312	2025-03-12	120	85	29	0.00000000000000000	0.57094928186238081	0.22778646921660253	0.35613555978210548	SESSION	false
af0b7f804a8d8337572d6a4a6f2ddcb426defb1f4d5f28ed0fde54882050d00c	a2b3facd10cee4f0909891958654ec1a86b2615c602c30a726ea3c4bf4706c18	OBSOPEN_US30_20250312	2025-03-12	120	85	30	0.00000000000000000	0.57094928186238081	0.27455626894924123	0.38326704092929259	SESSION	false
af0b7f804a8d8337572d6a4a6f2ddcb426defb1f4d5f28ed0fde54882050d00c	a2b3facd10cee4f0909891958654ec1a86b2615c602c30a726ea3c4bf4706c18	OBSOPEN_US30_20250317	2025-03-17	120	86	1	1.00000000000000000	0.57360103306217602	0.52382651873938557	0.55719188068200398	SESSION	false
af0b7f804a8d8337572d6a4a6f2ddcb426defb1f4d5f28ed0fde54882050d00c	a2b3facd10cee4f0909891958654ec1a86b2615c602c30a726ea3c4bf4706c18	OBSOPEN_US30_20250317	2025-03-17	120	86	2	1.00000000000000000	0.57385372672695767	0.58854619165365596	0.70250937456655860	SESSION	false
af0b7f804a8d8337572d6a4a6f2ddcb426defb1f4d5f28ed0fde54882050d00c	a2b3facd10cee4f0909891958654ec1a86b2615c602c30a726ea3c4bf4706c18	OBSOPEN_US30_20250317	2025-03-17	120	86	3	1.00000000000000000	0.57385372672695767	0.70190269970000108	0.76656628291883400	SESSION	false
af0b7f804a8d8337572d6a4a6f2ddcb426defb1f4d5f28ed0fde54882050d00c	a2b3facd10cee4f0909891958654ec1a86b2615c602c30a726ea3c4bf4706c18	OBSOPEN_US30_20250317	2025-03-17	120	86	4	1.00000000000000000	0.57312804943766726	0.76478716888186871	0.75360268043378853	SESSION	false
af0b7f804a8d8337572d6a4a6f2ddcb426defb1f4d5f28ed0fde54882050d00c	a2b3facd10cee4f0909891958654ec1a86b2615c602c30a726ea3c4bf4706c18	OBSOPEN_US30_20250317	2025-03-17	120	86	5	1.00000000000000000	0.57240208107606128	0.79078928450784269	0.77534874124432140	SESSION	false
af0b7f804a8d8337572d6a4a6f2ddcb426defb1f4d5f28ed0fde54882050d00c	a2b3facd10cee4f0909891958654ec1a86b2615c602c30a726ea3c4bf4706c18	OBSOPEN_US30_20250317	2025-03-17	120	86	6	1.00000000000000000	0.57240208107606128	0.82214003533265079	0.78019137798964699	SESSION	false
af0b7f804a8d8337572d6a4a6f2ddcb426defb1f4d5f28ed0fde54882050d00c	a2b3facd10cee4f0909891958654ec1a86b2615c602c30a726ea3c4bf4706c18	OBSOPEN_US30_20250317	2025-03-17	120	86	7	1.00000000000000000	0.57167582432279629	0.83716667366596764	0.77674862160956337	SESSION	false
af0b7f804a8d8337572d6a4a6f2ddcb426defb1f4d5f28ed0fde54882050d00c	a2b3facd10cee4f0909891958654ec1a86b2615c602c30a726ea3c4bf4706c18	OBSOPEN_US30_20250317	2025-03-17	120	86	8	1.00000000000000000	0.57602898541280478	0.83337973432238910	0.78949085027508970	SESSION	false
af0b7f804a8d8337572d6a4a6f2ddcb426defb1f4d5f28ed0fde54882050d00c	a2b3facd10cee4f0909891958654ec1a86b2615c602c30a726ea3c4bf4706c18	OBSOPEN_US30_20250317	2025-03-17	120	86	9	1.00000000000000000	0.57602898541280478	0.83270036701688877	0.78594911045763427	SESSION	false
af0b7f804a8d8337572d6a4a6f2ddcb426defb1f4d5f28ed0fde54882050d00c	a2b3facd10cee4f0909891958654ec1a86b2615c602c30a726ea3c4bf4706c18	OBSOPEN_US30_20250317	2025-03-17	120	86	10	1.00000000000000000	0.57385372672695767	0.84300656197945090	0.78879530560030842	SESSION	false
af0b7f804a8d8337572d6a4a6f2ddcb426defb1f4d5f28ed0fde54882050d00c	a2b3facd10cee4f0909891958654ec1a86b2615c602c30a726ea3c4bf4706c18	OBSOPEN_US30_20250317	2025-03-17	120	86	11	1.00000000000000000	0.57385372672695767	0.85706666282010113	0.77931700512664692	SESSION	false
af0b7f804a8d8337572d6a4a6f2ddcb426defb1f4d5f28ed0fde54882050d00c	a2b3facd10cee4f0909891958654ec1a86b2615c602c30a726ea3c4bf4706c18	OBSOPEN_US30_20250317	2025-03-17	120	86	12	1.00000000000000000	0.57385372672695767	0.86898957204405480	0.79026294357779447	SESSION	false
af0b7f804a8d8337572d6a4a6f2ddcb426defb1f4d5f28ed0fde54882050d00c	a2b3facd10cee4f0909891958654ec1a86b2615c602c30a726ea3c4bf4706c18	OBSOPEN_US30_20250317	2025-03-17	120	86	13	1.00000000000000000	0.57530419738541227	0.88302815678375812	0.80382414128066959	SESSION	false
af0b7f804a8d8337572d6a4a6f2ddcb426defb1f4d5f28ed0fde54882050d00c	a2b3facd10cee4f0909891958654ec1a86b2615c602c30a726ea3c4bf4706c18	OBSOPEN_US30_20250317	2025-03-17	120	86	14	1.00000000000000000	0.57530419738541227	0.88943775455489305	0.80352275868693068	SESSION	false
af0b7f804a8d8337572d6a4a6f2ddcb426defb1f4d5f28ed0fde54882050d00c	a2b3facd10cee4f0909891958654ec1a86b2615c602c30a726ea3c4bf4706c18	OBSOPEN_US30_20250317	2025-03-17	120	86	15	1.00000000000000000	0.57385372672695767	0.90390398252202864	0.79529458806126452	SESSION	false
af0b7f804a8d8337572d6a4a6f2ddcb426defb1f4d5f28ed0fde54882050d00c	a2b3facd10cee4f0909891958654ec1a86b2615c602c30a726ea3c4bf4706c18	OBSOPEN_US30_20250317	2025-03-17	120	86	16	1.00000000000000000	0.57457911026715902	0.92064855072729845	0.79796331156404487	SESSION	false
af0b7f804a8d8337572d6a4a6f2ddcb426defb1f4d5f28ed0fde54882050d00c	a2b3facd10cee4f0909891958654ec1a86b2615c602c30a726ea3c4bf4706c18	OBSOPEN_US30_20250317	2025-03-17	120	86	17	1.00000000000000000	0.57602898541280478	0.92550500709697081	0.81027688973689616	SESSION	false
af0b7f804a8d8337572d6a4a6f2ddcb426defb1f4d5f28ed0fde54882050d00c	a2b3facd10cee4f0909891958654ec1a86b2615c602c30a726ea3c4bf4706c18	OBSOPEN_US30_20250317	2025-03-17	120	86	18	1.00000000000000000	0.57675347168440017	0.91464903726032565	0.79362109449542462	SESSION	false
af0b7f804a8d8337572d6a4a6f2ddcb426defb1f4d5f28ed0fde54882050d00c	a2b3facd10cee4f0909891958654ec1a86b2615c602c30a726ea3c4bf4706c18	OBSOPEN_US30_20250317	2025-03-17	120	86	19	1.00000000000000000	0.57747765353927083	0.87812031334838025	0.75586698304437849	SESSION	false
af0b7f804a8d8337572d6a4a6f2ddcb426defb1f4d5f28ed0fde54882050d00c	a2b3facd10cee4f0909891958654ec1a86b2615c602c30a726ea3c4bf4706c18	OBSOPEN_US30_20250317	2025-03-17	120	86	20	1.00000000000000000	0.57675347168440017	0.83540664513334495	0.71825813879767364	SESSION	false
af0b7f804a8d8337572d6a4a6f2ddcb426defb1f4d5f28ed0fde54882050d00c	a2b3facd10cee4f0909891958654ec1a86b2615c602c30a726ea3c4bf4706c18	OBSOPEN_US30_20250317	2025-03-17	120	86	21	1.00000000000000000	0.57385372672695767	0.82004738415701783	0.70319698359815608	SESSION	false
af0b7f804a8d8337572d6a4a6f2ddcb426defb1f4d5f28ed0fde54882050d00c	a2b3facd10cee4f0909891958654ec1a86b2615c602c30a726ea3c4bf4706c18	OBSOPEN_US30_20250317	2025-03-17	120	86	22	1.00000000000000000	0.57240208107606128	0.82685883839928387	0.70150288043835363	SESSION	false
af0b7f804a8d8337572d6a4a6f2ddcb426defb1f4d5f28ed0fde54882050d00c	a2b3facd10cee4f0909891958654ec1a86b2615c602c30a726ea3c4bf4706c18	OBSOPEN_US30_20250317	2025-03-17	120	86	23	1.00000000000000000	0.57240208107606128	0.86636315359268523	0.73355061503096486	SESSION	false
af0b7f804a8d8337572d6a4a6f2ddcb426defb1f4d5f28ed0fde54882050d00c	a2b3facd10cee4f0909891958654ec1a86b2615c602c30a726ea3c4bf4706c18	OBSOPEN_US30_20250317	2025-03-17	120	86	24	1.00000000000000000	0.57167582432279629	0.86511198255991328	0.72021385206268240	SESSION	false
af0b7f804a8d8337572d6a4a6f2ddcb426defb1f4d5f28ed0fde54882050d00c	a2b3facd10cee4f0909891958654ec1a86b2615c602c30a726ea3c4bf4706c18	OBSOPEN_US30_20250317	2025-03-17	120	86	25	1.00000000000000000	0.57385372672695767	0.87026885253431474	0.73992195842107844	SESSION	false
af0b7f804a8d8337572d6a4a6f2ddcb426defb1f4d5f28ed0fde54882050d00c	a2b3facd10cee4f0909891958654ec1a86b2615c602c30a726ea3c4bf4706c18	OBSOPEN_US30_20250317	2025-03-17	120	86	26	1.00000000000000000	0.57167582432279629	0.86200099141080411	0.72135475894012524	SESSION	false
af0b7f804a8d8337572d6a4a6f2ddcb426defb1f4d5f28ed0fde54882050d00c	a2b3facd10cee4f0909891958654ec1a86b2615c602c30a726ea3c4bf4706c18	OBSOPEN_US30_20250317	2025-03-17	120	86	27	1.00000000000000000	0.57094928186238081	0.86596535018474086	0.73041237085560351	SESSION	false
af0b7f804a8d8337572d6a4a6f2ddcb426defb1f4d5f28ed0fde54882050d00c	a2b3facd10cee4f0909891958654ec1a86b2615c602c30a726ea3c4bf4706c18	OBSOPEN_US30_20250317	2025-03-17	120	86	28	1.00000000000000000	0.57167582432279629	0.86441806312664049	0.72313596787872247	SESSION	false
af0b7f804a8d8337572d6a4a6f2ddcb426defb1f4d5f28ed0fde54882050d00c	a2b3facd10cee4f0909891958654ec1a86b2615c602c30a726ea3c4bf4706c18	OBSOPEN_US30_20250317	2025-03-17	120	86	29	1.00000000000000000	0.57094928186238081	0.83389764901562635	0.69330789373989721	SESSION	false
af0b7f804a8d8337572d6a4a6f2ddcb426defb1f4d5f28ed0fde54882050d00c	a2b3facd10cee4f0909891958654ec1a86b2615c602c30a726ea3c4bf4706c18	OBSOPEN_US30_20250317	2025-03-17	120	86	30	1.00000000000000000	0.57094928186238081	0.81832316682730188	0.68132155987931642	SESSION	false
af0b7f804a8d8337572d6a4a6f2ddcb426defb1f4d5f28ed0fde54882050d00c	a2b3facd10cee4f0909891958654ec1a86b2615c602c30a726ea3c4bf4706c18	OBSOPEN_US30_20250328	2025-03-28	120	87	1	0.00000000000000000	0.57360103306217602	0.55706373801806530	0.71241849268066237	SESSION	false
af0b7f804a8d8337572d6a4a6f2ddcb426defb1f4d5f28ed0fde54882050d00c	a2b3facd10cee4f0909891958654ec1a86b2615c602c30a726ea3c4bf4706c18	OBSOPEN_US30_20250328	2025-03-28	120	87	2	0.00000000000000000	0.57385372672695767	0.53432530375571841	0.55004693576598385	SESSION	false
af0b7f804a8d8337572d6a4a6f2ddcb426defb1f4d5f28ed0fde54882050d00c	a2b3facd10cee4f0909891958654ec1a86b2615c602c30a726ea3c4bf4706c18	OBSOPEN_US30_20250328	2025-03-28	120	87	3	0.00000000000000000	0.57385372672695767	0.50506552502914526	0.47541718668222305	SESSION	false
af0b7f804a8d8337572d6a4a6f2ddcb426defb1f4d5f28ed0fde54882050d00c	a2b3facd10cee4f0909891958654ec1a86b2615c602c30a726ea3c4bf4706c18	OBSOPEN_US30_20250328	2025-03-28	120	87	4	0.00000000000000000	0.57312804943766726	0.49943365399408807	0.44564553182980432	SESSION	false
af0b7f804a8d8337572d6a4a6f2ddcb426defb1f4d5f28ed0fde54882050d00c	a2b3facd10cee4f0909891958654ec1a86b2615c602c30a726ea3c4bf4706c18	OBSOPEN_US30_20250328	2025-03-28	120	87	5	0.00000000000000000	0.57240208107606128	0.50234879324037540	0.49723129816007655	SESSION	false
af0b7f804a8d8337572d6a4a6f2ddcb426defb1f4d5f28ed0fde54882050d00c	a2b3facd10cee4f0909891958654ec1a86b2615c602c30a726ea3c4bf4706c18	OBSOPEN_US30_20250328	2025-03-28	120	87	6	0.00000000000000000	0.57240208107606128	0.55796752452894360	0.57531898073551579	SESSION	false
af0b7f804a8d8337572d6a4a6f2ddcb426defb1f4d5f28ed0fde54882050d00c	a2b3facd10cee4f0909891958654ec1a86b2615c602c30a726ea3c4bf4706c18	OBSOPEN_US30_20250328	2025-03-28	120	87	7	0.00000000000000000	0.57167582432279629	0.61544109320786922	0.71456972634196558	SESSION	false
af0b7f804a8d8337572d6a4a6f2ddcb426defb1f4d5f28ed0fde54882050d00c	a2b3facd10cee4f0909891958654ec1a86b2615c602c30a726ea3c4bf4706c18	OBSOPEN_US30_20250328	2025-03-28	120	87	8	0.00000000000000000	0.57602898541280478	0.66686691050282043	0.76636883211181983	SESSION	false
af0b7f804a8d8337572d6a4a6f2ddcb426defb1f4d5f28ed0fde54882050d00c	a2b3facd10cee4f0909891958654ec1a86b2615c602c30a726ea3c4bf4706c18	OBSOPEN_US30_20250328	2025-03-28	120	87	9	0.00000000000000000	0.57602898541280478	0.67545678628997041	0.78150241407560050	SESSION	false
af0b7f804a8d8337572d6a4a6f2ddcb426defb1f4d5f28ed0fde54882050d00c	a2b3facd10cee4f0909891958654ec1a86b2615c602c30a726ea3c4bf4706c18	OBSOPEN_US30_20250328	2025-03-28	120	87	10	0.00000000000000000	0.57385372672695767	0.65458906653418769	0.73804818181653209	SESSION	false
af0b7f804a8d8337572d6a4a6f2ddcb426defb1f4d5f28ed0fde54882050d00c	a2b3facd10cee4f0909891958654ec1a86b2615c602c30a726ea3c4bf4706c18	OBSOPEN_US30_20250328	2025-03-28	120	87	11	0.00000000000000000	0.57385372672695767	0.57368576528756621	0.59681197006499820	SESSION	false
af0b7f804a8d8337572d6a4a6f2ddcb426defb1f4d5f28ed0fde54882050d00c	a2b3facd10cee4f0909891958654ec1a86b2615c602c30a726ea3c4bf4706c18	OBSOPEN_US30_20250328	2025-03-28	120	87	12	0.00000000000000000	0.57385372672695767	0.48683562933705649	0.44558264883579357	SESSION	false
af0b7f804a8d8337572d6a4a6f2ddcb426defb1f4d5f28ed0fde54882050d00c	a2b3facd10cee4f0909891958654ec1a86b2615c602c30a726ea3c4bf4706c18	OBSOPEN_US30_20250328	2025-03-28	120	87	13	0.00000000000000000	0.57530419738541227	0.49323044917302339	0.50243105914186548	SESSION	false
af0b7f804a8d8337572d6a4a6f2ddcb426defb1f4d5f28ed0fde54882050d00c	a2b3facd10cee4f0909891958654ec1a86b2615c602c30a726ea3c4bf4706c18	OBSOPEN_US30_20250328	2025-03-28	120	87	14	0.00000000000000000	0.57530419738541227	0.46330718184341796	0.43114119982039262	SESSION	false
af0b7f804a8d8337572d6a4a6f2ddcb426defb1f4d5f28ed0fde54882050d00c	a2b3facd10cee4f0909891958654ec1a86b2615c602c30a726ea3c4bf4706c18	OBSOPEN_US30_20250328	2025-03-28	120	87	15	0.00000000000000000	0.57385372672695767	0.40009404673168386	0.36505671169527965	SESSION	false
af0b7f804a8d8337572d6a4a6f2ddcb426defb1f4d5f28ed0fde54882050d00c	a2b3facd10cee4f0909891958654ec1a86b2615c602c30a726ea3c4bf4706c18	OBSOPEN_US30_20250328	2025-03-28	120	87	16	0.00000000000000000	0.57457911026715902	0.40962674361325935	0.39470975532480346	SESSION	false
af0b7f804a8d8337572d6a4a6f2ddcb426defb1f4d5f28ed0fde54882050d00c	a2b3facd10cee4f0909891958654ec1a86b2615c602c30a726ea3c4bf4706c18	OBSOPEN_US30_20250328	2025-03-28	120	87	17	0.00000000000000000	0.57602898541280478	0.40426926917974443	0.39152995118721912	SESSION	false
af0b7f804a8d8337572d6a4a6f2ddcb426defb1f4d5f28ed0fde54882050d00c	a2b3facd10cee4f0909891958654ec1a86b2615c602c30a726ea3c4bf4706c18	OBSOPEN_US30_20250328	2025-03-28	120	87	18	0.00000000000000000	0.57675347168440017	0.42406313854540367	0.43177077662538010	SESSION	false
af0b7f804a8d8337572d6a4a6f2ddcb426defb1f4d5f28ed0fde54882050d00c	a2b3facd10cee4f0909891958654ec1a86b2615c602c30a726ea3c4bf4706c18	OBSOPEN_US30_20250328	2025-03-28	120	87	19	0.00000000000000000	0.57747765353927083	0.41165247297753554	0.40231124050466832	SESSION	false
af0b7f804a8d8337572d6a4a6f2ddcb426defb1f4d5f28ed0fde54882050d00c	a2b3facd10cee4f0909891958654ec1a86b2615c602c30a726ea3c4bf4706c18	OBSOPEN_US30_20250328	2025-03-28	120	87	20	0.00000000000000000	0.57675347168440017	0.40099934821220251	0.40693481559183720	SESSION	false
af0b7f804a8d8337572d6a4a6f2ddcb426defb1f4d5f28ed0fde54882050d00c	a2b3facd10cee4f0909891958654ec1a86b2615c602c30a726ea3c4bf4706c18	OBSOPEN_US30_20250328	2025-03-28	120	87	21	0.00000000000000000	0.57385372672695767	0.43727611330482175	0.43766787688774028	SESSION	false
af0b7f804a8d8337572d6a4a6f2ddcb426defb1f4d5f28ed0fde54882050d00c	a2b3facd10cee4f0909891958654ec1a86b2615c602c30a726ea3c4bf4706c18	OBSOPEN_US30_20250328	2025-03-28	120	87	22	0.00000000000000000	0.57240208107606128	0.41302363695710043	0.39391902338772761	SESSION	false
af0b7f804a8d8337572d6a4a6f2ddcb426defb1f4d5f28ed0fde54882050d00c	a2b3facd10cee4f0909891958654ec1a86b2615c602c30a726ea3c4bf4706c18	OBSOPEN_US30_20250328	2025-03-28	120	87	23	0.00000000000000000	0.57240208107606128	0.37052891593878312	0.35391566135046482	SESSION	false
af0b7f804a8d8337572d6a4a6f2ddcb426defb1f4d5f28ed0fde54882050d00c	a2b3facd10cee4f0909891958654ec1a86b2615c602c30a726ea3c4bf4706c18	OBSOPEN_US30_20250328	2025-03-28	120	87	24	0.00000000000000000	0.57167582432279629	0.36007002119276066	0.34549878583296761	SESSION	false
af0b7f804a8d8337572d6a4a6f2ddcb426defb1f4d5f28ed0fde54882050d00c	a2b3facd10cee4f0909891958654ec1a86b2615c602c30a726ea3c4bf4706c18	OBSOPEN_US30_20250328	2025-03-28	120	87	25	0.00000000000000000	0.57385372672695767	0.36730057712577202	0.35936609279492343	SESSION	false
af0b7f804a8d8337572d6a4a6f2ddcb426defb1f4d5f28ed0fde54882050d00c	a2b3facd10cee4f0909891958654ec1a86b2615c602c30a726ea3c4bf4706c18	OBSOPEN_US30_20250328	2025-03-28	120	87	26	0.00000000000000000	0.57167582432279629	0.35407093421488650	0.34911874493806261	SESSION	false
af0b7f804a8d8337572d6a4a6f2ddcb426defb1f4d5f28ed0fde54882050d00c	a2b3facd10cee4f0909891958654ec1a86b2615c602c30a726ea3c4bf4706c18	OBSOPEN_US30_20250328	2025-03-28	120	87	27	0.00000000000000000	0.57094928186238081	0.35020507723081046	0.36222826225970461	SESSION	false
af0b7f804a8d8337572d6a4a6f2ddcb426defb1f4d5f28ed0fde54882050d00c	a2b3facd10cee4f0909891958654ec1a86b2615c602c30a726ea3c4bf4706c18	OBSOPEN_US30_20250328	2025-03-28	120	87	28	0.00000000000000000	0.57167582432279629	0.34284427486779251	0.35191885858399896	SESSION	false
af0b7f804a8d8337572d6a4a6f2ddcb426defb1f4d5f28ed0fde54882050d00c	a2b3facd10cee4f0909891958654ec1a86b2615c602c30a726ea3c4bf4706c18	OBSOPEN_US30_20250328	2025-03-28	120	87	29	0.00000000000000000	0.57094928186238081	0.32928754359093648	0.33836578471089346	SESSION	false
af0b7f804a8d8337572d6a4a6f2ddcb426defb1f4d5f28ed0fde54882050d00c	a2b3facd10cee4f0909891958654ec1a86b2615c602c30a726ea3c4bf4706c18	OBSOPEN_US30_20250328	2025-03-28	120	87	30	0.00000000000000000	0.57094928186238081	0.32286324765453323	0.34052789396675692	SESSION	false
af0b7f804a8d8337572d6a4a6f2ddcb426defb1f4d5f28ed0fde54882050d00c	a2b3facd10cee4f0909891958654ec1a86b2615c602c30a726ea3c4bf4706c18	OBSOPEN_US30_20250409	2025-04-09	180	88	1	1.00000000000000000	0.53677039834323015	0.56265495521329623	0.61973918192420319	SESSION	false
af0b7f804a8d8337572d6a4a6f2ddcb426defb1f4d5f28ed0fde54882050d00c	a2b3facd10cee4f0909891958654ec1a86b2615c602c30a726ea3c4bf4706c18	OBSOPEN_US30_20250409	2025-04-09	180	88	2	1.00000000000000000	0.53702730163740919	0.71385958333940469	0.66573624440039725	SESSION	false
af0b7f804a8d8337572d6a4a6f2ddcb426defb1f4d5f28ed0fde54882050d00c	a2b3facd10cee4f0909891958654ec1a86b2615c602c30a726ea3c4bf4706c18	OBSOPEN_US30_20250409	2025-04-09	180	88	3	1.00000000000000000	0.53702730163740919	0.82302577343504379	0.70750833663878265	SESSION	false
af0b7f804a8d8337572d6a4a6f2ddcb426defb1f4d5f28ed0fde54882050d00c	a2b3facd10cee4f0909891958654ec1a86b2615c602c30a726ea3c4bf4706c18	OBSOPEN_US30_20250409	2025-04-09	180	88	4	1.00000000000000000	0.53628958781724945	0.86009360201424545	0.70285479133007600	SESSION	false
af0b7f804a8d8337572d6a4a6f2ddcb426defb1f4d5f28ed0fde54882050d00c	a2b3facd10cee4f0909891958654ec1a86b2615c602c30a726ea3c4bf4706c18	OBSOPEN_US30_20250409	2025-04-09	180	88	5	1.00000000000000000	0.53555173939429335	0.82163251828743766	0.64207157947791671	SESSION	false
af0b7f804a8d8337572d6a4a6f2ddcb426defb1f4d5f28ed0fde54882050d00c	a2b3facd10cee4f0909891958654ec1a86b2615c602c30a726ea3c4bf4706c18	OBSOPEN_US30_20250409	2025-04-09	180	88	6	1.00000000000000000	0.53555173939429335	0.84660785004392769	0.67339327743458854	SESSION	false
af0b7f804a8d8337572d6a4a6f2ddcb426defb1f4d5f28ed0fde54882050d00c	a2b3facd10cee4f0909891958654ec1a86b2615c602c30a726ea3c4bf4706c18	OBSOPEN_US30_20250409	2025-04-09	180	88	7	1.00000000000000000	0.53481375923329733	0.78867320581628675	0.60578239652147681	SESSION	false
af0b7f804a8d8337572d6a4a6f2ddcb426defb1f4d5f28ed0fde54882050d00c	a2b3facd10cee4f0909891958654ec1a86b2615c602c30a726ea3c4bf4706c18	OBSOPEN_US30_20250409	2025-04-09	180	88	8	1.00000000000000000	0.53923960685686589	0.70511504983997486	0.57023593183540899	SESSION	false
af0b7f804a8d8337572d6a4a6f2ddcb426defb1f4d5f28ed0fde54882050d00c	a2b3facd10cee4f0909891958654ec1a86b2615c602c30a726ea3c4bf4706c18	OBSOPEN_US30_20250409	2025-04-09	180	88	9	1.00000000000000000	0.53923960685686589	0.89211049955883914	0.71961186142612654	SESSION	false
af0b7f804a8d8337572d6a4a6f2ddcb426defb1f4d5f28ed0fde54882050d00c	a2b3facd10cee4f0909891958654ec1a86b2615c602c30a726ea3c4bf4706c18	OBSOPEN_US30_20250409	2025-04-09	180	88	10	1.00000000000000000	0.53702730163740919	0.96836714629869081	0.74122783289090666	SESSION	false
af0b7f804a8d8337572d6a4a6f2ddcb426defb1f4d5f28ed0fde54882050d00c	a2b3facd10cee4f0909891958654ec1a86b2615c602c30a726ea3c4bf4706c18	OBSOPEN_US30_20250409	2025-04-09	180	88	11	1.00000000000000000	0.53702730163740919	0.97767990535498028	0.74158704039036250	SESSION	false
af0b7f804a8d8337572d6a4a6f2ddcb426defb1f4d5f28ed0fde54882050d00c	a2b3facd10cee4f0909891958654ec1a86b2615c602c30a726ea3c4bf4706c18	OBSOPEN_US30_20250409	2025-04-09	180	88	12	1.00000000000000000	0.53702730163740919	0.98413945824729088	0.72902809650963574	SESSION	false
af0b7f804a8d8337572d6a4a6f2ddcb426defb1f4d5f28ed0fde54882050d00c	a2b3facd10cee4f0909891958654ec1a86b2615c602c30a726ea3c4bf4706c18	OBSOPEN_US30_20250409	2025-04-09	180	88	13	1.00000000000000000	0.53850231401805004	0.98321163006200796	0.71841590795706889	SESSION	false
af0b7f804a8d8337572d6a4a6f2ddcb426defb1f4d5f28ed0fde54882050d00c	a2b3facd10cee4f0909891958654ec1a86b2615c602c30a726ea3c4bf4706c18	OBSOPEN_US30_20250409	2025-04-09	180	88	14	1.00000000000000000	0.53850231401805004	0.97526345496514788	0.69491624635249616	SESSION	false
af0b7f804a8d8337572d6a4a6f2ddcb426defb1f4d5f28ed0fde54882050d00c	a2b3facd10cee4f0909891958654ec1a86b2615c602c30a726ea3c4bf4706c18	OBSOPEN_US30_20250409	2025-04-09	180	88	15	1.00000000000000000	0.53702730163740919	0.92295283488805802	0.61099989840288249	SESSION	false
af0b7f804a8d8337572d6a4a6f2ddcb426defb1f4d5f28ed0fde54882050d00c	a2b3facd10cee4f0909891958654ec1a86b2615c602c30a726ea3c4bf4706c18	OBSOPEN_US30_20250409	2025-04-09	180	88	16	1.00000000000000000	0.53776487799155581	0.86404490418530766	0.56960295777975967	SESSION	false
af0b7f804a8d8337572d6a4a6f2ddcb426defb1f4d5f28ed0fde54882050d00c	a2b3facd10cee4f0909891958654ec1a86b2615c602c30a726ea3c4bf4706c18	OBSOPEN_US30_20250409	2025-04-09	180	88	17	1.00000000000000000	0.53923960685686589	0.81529293604374309	0.55810636122255675	SESSION	false
af0b7f804a8d8337572d6a4a6f2ddcb426defb1f4d5f28ed0fde54882050d00c	a2b3facd10cee4f0909891958654ec1a86b2615c602c30a726ea3c4bf4706c18	OBSOPEN_US30_20250409	2025-04-09	180	88	18	1.00000000000000000	0.53997675364962783	0.75894534103457512	0.54818821555481057	SESSION	false
af0b7f804a8d8337572d6a4a6f2ddcb426defb1f4d5f28ed0fde54882050d00c	a2b3facd10cee4f0909891958654ec1a86b2615c602c30a726ea3c4bf4706c18	OBSOPEN_US30_20250409	2025-04-09	180	88	19	1.00000000000000000	0.54071375153964718	0.82283585697473050	0.57860857377567831	SESSION	false
af0b7f804a8d8337572d6a4a6f2ddcb426defb1f4d5f28ed0fde54882050d00c	a2b3facd10cee4f0909891958654ec1a86b2615c602c30a726ea3c4bf4706c18	OBSOPEN_US30_20250409	2025-04-09	180	88	20	0.00000000000000000	0.53997675364962783	0.90476627188645786	0.63662365199310222	SESSION	false
af0b7f804a8d8337572d6a4a6f2ddcb426defb1f4d5f28ed0fde54882050d00c	a2b3facd10cee4f0909891958654ec1a86b2615c602c30a726ea3c4bf4706c18	OBSOPEN_US30_20250409	2025-04-09	180	88	21	0.00000000000000000	0.53702730163740919	0.93598809625394475	0.63441942802556162	SESSION	false
af0b7f804a8d8337572d6a4a6f2ddcb426defb1f4d5f28ed0fde54882050d00c	a2b3facd10cee4f0909891958654ec1a86b2615c602c30a726ea3c4bf4706c18	OBSOPEN_US30_20250409	2025-04-09	180	88	22	0.00000000000000000	0.53555173939429335	0.95999350342287126	0.66840324087000702	SESSION	false
af0b7f804a8d8337572d6a4a6f2ddcb426defb1f4d5f28ed0fde54882050d00c	a2b3facd10cee4f0909891958654ec1a86b2615c602c30a726ea3c4bf4706c18	OBSOPEN_US30_20250409	2025-04-09	180	88	23	0.00000000000000000	0.53555173939429335	0.97615342922154213	0.69175218899468860	SESSION	false
af0b7f804a8d8337572d6a4a6f2ddcb426defb1f4d5f28ed0fde54882050d00c	a2b3facd10cee4f0909891958654ec1a86b2615c602c30a726ea3c4bf4706c18	OBSOPEN_US30_20250409	2025-04-09	180	88	24	0.00000000000000000	0.53481375923329733	0.98236908161726366	0.71126414042612063	SESSION	false
af0b7f804a8d8337572d6a4a6f2ddcb426defb1f4d5f28ed0fde54882050d00c	a2b3facd10cee4f0909891958654ec1a86b2615c602c30a726ea3c4bf4706c18	OBSOPEN_US30_20250409	2025-04-09	180	88	25	0.00000000000000000	0.53702730163740919	0.98326823912007555	0.72003095808977335	SESSION	false
af0b7f804a8d8337572d6a4a6f2ddcb426defb1f4d5f28ed0fde54882050d00c	a2b3facd10cee4f0909891958654ec1a86b2615c602c30a726ea3c4bf4706c18	OBSOPEN_US30_20250409	2025-04-09	180	88	26	0.00000000000000000	0.53481375923329733	0.98341537105935006	0.71178178085995170	SESSION	false
af0b7f804a8d8337572d6a4a6f2ddcb426defb1f4d5f28ed0fde54882050d00c	a2b3facd10cee4f0909891958654ec1a86b2615c602c30a726ea3c4bf4706c18	OBSOPEN_US30_20250409	2025-04-09	180	88	27	0.00000000000000000	0.53407565020052150	0.98979698324283139	0.74187357066190329	SESSION	false
af0b7f804a8d8337572d6a4a6f2ddcb426defb1f4d5f28ed0fde54882050d00c	a2b3facd10cee4f0909891958654ec1a86b2615c602c30a726ea3c4bf4706c18	OBSOPEN_US30_20250409	2025-04-09	180	88	28	0.00000000000000000	0.53481375923329733	0.98865819561594837	0.73083729507553830	SESSION	false
af0b7f804a8d8337572d6a4a6f2ddcb426defb1f4d5f28ed0fde54882050d00c	a2b3facd10cee4f0909891958654ec1a86b2615c602c30a726ea3c4bf4706c18	OBSOPEN_US30_20250409	2025-04-09	180	88	29	0.00000000000000000	0.53407565020052150	0.98561675455449138	0.72248968516400780	SESSION	false
af0b7f804a8d8337572d6a4a6f2ddcb426defb1f4d5f28ed0fde54882050d00c	a2b3facd10cee4f0909891958654ec1a86b2615c602c30a726ea3c4bf4706c18	OBSOPEN_US30_20250409	2025-04-09	180	88	30	0.00000000000000000	0.53407565020052150	0.98588482746199235	0.71357701876008039	SESSION	false
af0b7f804a8d8337572d6a4a6f2ddcb426defb1f4d5f28ed0fde54882050d00c	a2b3facd10cee4f0909891958654ec1a86b2615c602c30a726ea3c4bf4706c18	OBSOPEN_US30_20250415	2025-04-15	180	89	1	1.00000000000000000	0.53677039834323015	0.51568554742337092	0.54976841640538254	SESSION	false
af0b7f804a8d8337572d6a4a6f2ddcb426defb1f4d5f28ed0fde54882050d00c	a2b3facd10cee4f0909891958654ec1a86b2615c602c30a726ea3c4bf4706c18	OBSOPEN_US30_20250415	2025-04-15	180	89	2	1.00000000000000000	0.53702730163740919	0.48195566809157775	0.41946692122777740	SESSION	false
af0b7f804a8d8337572d6a4a6f2ddcb426defb1f4d5f28ed0fde54882050d00c	a2b3facd10cee4f0909891958654ec1a86b2615c602c30a726ea3c4bf4706c18	OBSOPEN_US30_20250415	2025-04-15	180	89	3	1.00000000000000000	0.53702730163740919	0.54363316773416370	0.61766559661438114	SESSION	false
af0b7f804a8d8337572d6a4a6f2ddcb426defb1f4d5f28ed0fde54882050d00c	a2b3facd10cee4f0909891958654ec1a86b2615c602c30a726ea3c4bf4706c18	OBSOPEN_US30_20250415	2025-04-15	180	89	4	1.00000000000000000	0.53628958781724945	0.49729629693320215	0.42947756087126732	SESSION	false
af0b7f804a8d8337572d6a4a6f2ddcb426defb1f4d5f28ed0fde54882050d00c	a2b3facd10cee4f0909891958654ec1a86b2615c602c30a726ea3c4bf4706c18	OBSOPEN_US30_20250415	2025-04-15	180	89	5	1.00000000000000000	0.53555173939429335	0.55564471945169469	0.57177541403866960	SESSION	false
af0b7f804a8d8337572d6a4a6f2ddcb426defb1f4d5f28ed0fde54882050d00c	a2b3facd10cee4f0909891958654ec1a86b2615c602c30a726ea3c4bf4706c18	OBSOPEN_US30_20250415	2025-04-15	180	89	6	1.00000000000000000	0.53555173939429335	0.61319778948847647	0.57405226706841073	SESSION	false
af0b7f804a8d8337572d6a4a6f2ddcb426defb1f4d5f28ed0fde54882050d00c	a2b3facd10cee4f0909891958654ec1a86b2615c602c30a726ea3c4bf4706c18	OBSOPEN_US30_20250415	2025-04-15	180	89	7	1.00000000000000000	0.53481375923329733	0.62036999685522742	0.59731569108396143	SESSION	false
af0b7f804a8d8337572d6a4a6f2ddcb426defb1f4d5f28ed0fde54882050d00c	a2b3facd10cee4f0909891958654ec1a86b2615c602c30a726ea3c4bf4706c18	OBSOPEN_US30_20250415	2025-04-15	180	89	8	1.00000000000000000	0.53923960685686589	0.69631751545460585	0.71731040578271155	SESSION	false
af0b7f804a8d8337572d6a4a6f2ddcb426defb1f4d5f28ed0fde54882050d00c	a2b3facd10cee4f0909891958654ec1a86b2615c602c30a726ea3c4bf4706c18	OBSOPEN_US30_20250415	2025-04-15	180	89	9	1.00000000000000000	0.53923960685686589	0.75031843497605177	0.74237299891017761	SESSION	false
af0b7f804a8d8337572d6a4a6f2ddcb426defb1f4d5f28ed0fde54882050d00c	a2b3facd10cee4f0909891958654ec1a86b2615c602c30a726ea3c4bf4706c18	OBSOPEN_US30_20250415	2025-04-15	180	89	10	0.00000000000000000	0.53702730163740919	0.78618599724816629	0.73395727212385997	SESSION	false
af0b7f804a8d8337572d6a4a6f2ddcb426defb1f4d5f28ed0fde54882050d00c	a2b3facd10cee4f0909891958654ec1a86b2615c602c30a726ea3c4bf4706c18	OBSOPEN_US30_20250415	2025-04-15	180	89	11	0.00000000000000000	0.53702730163740919	0.81132610049396614	0.72627911341104789	SESSION	false
af0b7f804a8d8337572d6a4a6f2ddcb426defb1f4d5f28ed0fde54882050d00c	a2b3facd10cee4f0909891958654ec1a86b2615c602c30a726ea3c4bf4706c18	OBSOPEN_US30_20250415	2025-04-15	180	89	12	1.00000000000000000	0.53702730163740919	0.82786404869227537	0.73539203560616051	SESSION	false
af0b7f804a8d8337572d6a4a6f2ddcb426defb1f4d5f28ed0fde54882050d00c	a2b3facd10cee4f0909891958654ec1a86b2615c602c30a726ea3c4bf4706c18	OBSOPEN_US30_20250415	2025-04-15	180	89	13	1.00000000000000000	0.53850231401805004	0.84995829264336942	0.74848568345301392	SESSION	false
af0b7f804a8d8337572d6a4a6f2ddcb426defb1f4d5f28ed0fde54882050d00c	a2b3facd10cee4f0909891958654ec1a86b2615c602c30a726ea3c4bf4706c18	OBSOPEN_US30_20250415	2025-04-15	180	89	14	1.00000000000000000	0.53850231401805004	0.83482457091229523	0.71836927428012665	SESSION	false
af0b7f804a8d8337572d6a4a6f2ddcb426defb1f4d5f28ed0fde54882050d00c	a2b3facd10cee4f0909891958654ec1a86b2615c602c30a726ea3c4bf4706c18	OBSOPEN_US30_20250415	2025-04-15	180	89	15	1.00000000000000000	0.53702730163740919	0.81053145651591085	0.69911477410944267	SESSION	false
af0b7f804a8d8337572d6a4a6f2ddcb426defb1f4d5f28ed0fde54882050d00c	a2b3facd10cee4f0909891958654ec1a86b2615c602c30a726ea3c4bf4706c18	OBSOPEN_US30_20250415	2025-04-15	180	89	16	1.00000000000000000	0.53776487799155581	0.80780605569573594	0.68911724740676294	SESSION	false
af0b7f804a8d8337572d6a4a6f2ddcb426defb1f4d5f28ed0fde54882050d00c	a2b3facd10cee4f0909891958654ec1a86b2615c602c30a726ea3c4bf4706c18	OBSOPEN_US30_20250415	2025-04-15	180	89	17	1.00000000000000000	0.53923960685686589	0.80679865850672894	0.70367135787994683	SESSION	false
af0b7f804a8d8337572d6a4a6f2ddcb426defb1f4d5f28ed0fde54882050d00c	a2b3facd10cee4f0909891958654ec1a86b2615c602c30a726ea3c4bf4706c18	OBSOPEN_US30_20250415	2025-04-15	180	89	18	1.00000000000000000	0.53997675364962783	0.83082523614419612	0.73203235072931527	SESSION	false
af0b7f804a8d8337572d6a4a6f2ddcb426defb1f4d5f28ed0fde54882050d00c	a2b3facd10cee4f0909891958654ec1a86b2615c602c30a726ea3c4bf4706c18	OBSOPEN_US30_20250415	2025-04-15	180	89	19	0.00000000000000000	0.54071375153964718	0.85758693206965875	0.76200069206157262	SESSION	false
af0b7f804a8d8337572d6a4a6f2ddcb426defb1f4d5f28ed0fde54882050d00c	a2b3facd10cee4f0909891958654ec1a86b2615c602c30a726ea3c4bf4706c18	OBSOPEN_US30_20250415	2025-04-15	180	89	20	1.00000000000000000	0.53997675364962783	0.86116901381388800	0.75871724943724939	SESSION	false
af0b7f804a8d8337572d6a4a6f2ddcb426defb1f4d5f28ed0fde54882050d00c	a2b3facd10cee4f0909891958654ec1a86b2615c602c30a726ea3c4bf4706c18	OBSOPEN_US30_20250415	2025-04-15	180	89	21	0.00000000000000000	0.53702730163740919	0.85580834982187037	0.74548305524667624	SESSION	false
af0b7f804a8d8337572d6a4a6f2ddcb426defb1f4d5f28ed0fde54882050d00c	a2b3facd10cee4f0909891958654ec1a86b2615c602c30a726ea3c4bf4706c18	OBSOPEN_US30_20250415	2025-04-15	180	89	22	1.00000000000000000	0.53555173939429335	0.86714530282666491	0.74950067541814491	SESSION	false
af0b7f804a8d8337572d6a4a6f2ddcb426defb1f4d5f28ed0fde54882050d00c	a2b3facd10cee4f0909891958654ec1a86b2615c602c30a726ea3c4bf4706c18	OBSOPEN_US30_20250415	2025-04-15	180	89	23	0.00000000000000000	0.53555173939429335	0.87357275894419628	0.73104193922710070	SESSION	false
af0b7f804a8d8337572d6a4a6f2ddcb426defb1f4d5f28ed0fde54882050d00c	a2b3facd10cee4f0909891958654ec1a86b2615c602c30a726ea3c4bf4706c18	OBSOPEN_US30_20250415	2025-04-15	180	89	24	1.00000000000000000	0.53481375923329733	0.86635202407436207	0.71311480378705494	SESSION	false
af0b7f804a8d8337572d6a4a6f2ddcb426defb1f4d5f28ed0fde54882050d00c	a2b3facd10cee4f0909891958654ec1a86b2615c602c30a726ea3c4bf4706c18	OBSOPEN_US30_20250415	2025-04-15	180	89	25	1.00000000000000000	0.53702730163740919	0.85332745204672300	0.70832196756863242	SESSION	false
af0b7f804a8d8337572d6a4a6f2ddcb426defb1f4d5f28ed0fde54882050d00c	a2b3facd10cee4f0909891958654ec1a86b2615c602c30a726ea3c4bf4706c18	OBSOPEN_US30_20250415	2025-04-15	180	89	26	1.00000000000000000	0.53481375923329733	0.85764705103727312	0.71238556401165809	SESSION	false
af0b7f804a8d8337572d6a4a6f2ddcb426defb1f4d5f28ed0fde54882050d00c	a2b3facd10cee4f0909891958654ec1a86b2615c602c30a726ea3c4bf4706c18	OBSOPEN_US30_20250415	2025-04-15	180	89	27	1.00000000000000000	0.53407565020052150	0.83859613122184706	0.68421035178184764	SESSION	false
af0b7f804a8d8337572d6a4a6f2ddcb426defb1f4d5f28ed0fde54882050d00c	a2b3facd10cee4f0909891958654ec1a86b2615c602c30a726ea3c4bf4706c18	OBSOPEN_US30_20250415	2025-04-15	180	89	28	1.00000000000000000	0.53481375923329733	0.80589215217448096	0.65520183954242150	SESSION	false
af0b7f804a8d8337572d6a4a6f2ddcb426defb1f4d5f28ed0fde54882050d00c	a2b3facd10cee4f0909891958654ec1a86b2615c602c30a726ea3c4bf4706c18	OBSOPEN_US30_20250415	2025-04-15	180	89	29	1.00000000000000000	0.53407565020052150	0.79713636652764985	0.65402472150335145	SESSION	false
af0b7f804a8d8337572d6a4a6f2ddcb426defb1f4d5f28ed0fde54882050d00c	a2b3facd10cee4f0909891958654ec1a86b2615c602c30a726ea3c4bf4706c18	OBSOPEN_US30_20250415	2025-04-15	180	89	30	1.00000000000000000	0.53407565020052150	0.78332088768126651	0.63180462158856032	SESSION	false
af0b7f804a8d8337572d6a4a6f2ddcb426defb1f4d5f28ed0fde54882050d00c	a2b3facd10cee4f0909891958654ec1a86b2615c602c30a726ea3c4bf4706c18	OBSOPEN_US30_20250422	2025-04-22	180	90	1	1.00000000000000000	0.53677039834323015	0.52038897725692246	0.50475208459583243	SESSION	false
af0b7f804a8d8337572d6a4a6f2ddcb426defb1f4d5f28ed0fde54882050d00c	a2b3facd10cee4f0909891958654ec1a86b2615c602c30a726ea3c4bf4706c18	OBSOPEN_US30_20250422	2025-04-22	180	90	2	1.00000000000000000	0.53702730163740919	0.51934029942629578	0.53224762594739006	SESSION	false
af0b7f804a8d8337572d6a4a6f2ddcb426defb1f4d5f28ed0fde54882050d00c	a2b3facd10cee4f0909891958654ec1a86b2615c602c30a726ea3c4bf4706c18	OBSOPEN_US30_20250422	2025-04-22	180	90	3	1.00000000000000000	0.53702730163740919	0.56497362546909946	0.58015466332119014	SESSION	false
af0b7f804a8d8337572d6a4a6f2ddcb426defb1f4d5f28ed0fde54882050d00c	a2b3facd10cee4f0909891958654ec1a86b2615c602c30a726ea3c4bf4706c18	OBSOPEN_US30_20250422	2025-04-22	180	90	4	1.00000000000000000	0.53628958781724945	0.54684229739206613	0.55548196186041821	SESSION	false
af0b7f804a8d8337572d6a4a6f2ddcb426defb1f4d5f28ed0fde54882050d00c	a2b3facd10cee4f0909891958654ec1a86b2615c602c30a726ea3c4bf4706c18	OBSOPEN_US30_20250422	2025-04-22	180	90	5	1.00000000000000000	0.53555173939429335	0.56900169699448666	0.61055200624824935	SESSION	false
af0b7f804a8d8337572d6a4a6f2ddcb426defb1f4d5f28ed0fde54882050d00c	a2b3facd10cee4f0909891958654ec1a86b2615c602c30a726ea3c4bf4706c18	OBSOPEN_US30_20250422	2025-04-22	180	90	6	1.00000000000000000	0.53555173939429335	0.58868363983849958	0.64364357971677111	SESSION	false
af0b7f804a8d8337572d6a4a6f2ddcb426defb1f4d5f28ed0fde54882050d00c	a2b3facd10cee4f0909891958654ec1a86b2615c602c30a726ea3c4bf4706c18	OBSOPEN_US30_20250422	2025-04-22	180	90	7	1.00000000000000000	0.53481375923329733	0.59454351900220970	0.65628289406464280	SESSION	false
af0b7f804a8d8337572d6a4a6f2ddcb426defb1f4d5f28ed0fde54882050d00c	a2b3facd10cee4f0909891958654ec1a86b2615c602c30a726ea3c4bf4706c18	OBSOPEN_US30_20250422	2025-04-22	180	90	8	1.00000000000000000	0.53923960685686589	0.64193071541247004	0.73369602285905211	SESSION	false
af0b7f804a8d8337572d6a4a6f2ddcb426defb1f4d5f28ed0fde54882050d00c	a2b3facd10cee4f0909891958654ec1a86b2615c602c30a726ea3c4bf4706c18	OBSOPEN_US30_20250422	2025-04-22	180	90	9	1.00000000000000000	0.53923960685686589	0.69039442174688870	0.72246590934651655	SESSION	false
af0b7f804a8d8337572d6a4a6f2ddcb426defb1f4d5f28ed0fde54882050d00c	a2b3facd10cee4f0909891958654ec1a86b2615c602c30a726ea3c4bf4706c18	OBSOPEN_US30_20250422	2025-04-22	180	90	10	1.00000000000000000	0.53702730163740919	0.73662717797402621	0.73209477323122574	SESSION	false
af0b7f804a8d8337572d6a4a6f2ddcb426defb1f4d5f28ed0fde54882050d00c	a2b3facd10cee4f0909891958654ec1a86b2615c602c30a726ea3c4bf4706c18	OBSOPEN_US30_20250422	2025-04-22	180	90	11	1.00000000000000000	0.53702730163740919	0.77737006028848299	0.73230695785539646	SESSION	false
af0b7f804a8d8337572d6a4a6f2ddcb426defb1f4d5f28ed0fde54882050d00c	a2b3facd10cee4f0909891958654ec1a86b2615c602c30a726ea3c4bf4706c18	OBSOPEN_US30_20250422	2025-04-22	180	90	12	1.00000000000000000	0.53702730163740919	0.79196055252341668	0.72670120999130283	SESSION	false
af0b7f804a8d8337572d6a4a6f2ddcb426defb1f4d5f28ed0fde54882050d00c	a2b3facd10cee4f0909891958654ec1a86b2615c602c30a726ea3c4bf4706c18	OBSOPEN_US30_20250422	2025-04-22	180	90	13	1.00000000000000000	0.53850231401805004	0.79311987447524190	0.72847746499854538	SESSION	false
af0b7f804a8d8337572d6a4a6f2ddcb426defb1f4d5f28ed0fde54882050d00c	a2b3facd10cee4f0909891958654ec1a86b2615c602c30a726ea3c4bf4706c18	OBSOPEN_US30_20250422	2025-04-22	180	90	14	1.00000000000000000	0.53850231401805004	0.80584643444331350	0.74780692969856999	SESSION	false
af0b7f804a8d8337572d6a4a6f2ddcb426defb1f4d5f28ed0fde54882050d00c	a2b3facd10cee4f0909891958654ec1a86b2615c602c30a726ea3c4bf4706c18	OBSOPEN_US30_20250422	2025-04-22	180	90	15	1.00000000000000000	0.53702730163740919	0.81970021003043037	0.74328853558883590	SESSION	false
af0b7f804a8d8337572d6a4a6f2ddcb426defb1f4d5f28ed0fde54882050d00c	a2b3facd10cee4f0909891958654ec1a86b2615c602c30a726ea3c4bf4706c18	OBSOPEN_US30_20250422	2025-04-22	180	90	16	1.00000000000000000	0.53776487799155581	0.83620224962380596	0.74924819643073692	SESSION	false
af0b7f804a8d8337572d6a4a6f2ddcb426defb1f4d5f28ed0fde54882050d00c	a2b3facd10cee4f0909891958654ec1a86b2615c602c30a726ea3c4bf4706c18	OBSOPEN_US30_20250422	2025-04-22	180	90	17	1.00000000000000000	0.53923960685686589	0.84650895023824280	0.74285614400379174	SESSION	false
af0b7f804a8d8337572d6a4a6f2ddcb426defb1f4d5f28ed0fde54882050d00c	a2b3facd10cee4f0909891958654ec1a86b2615c602c30a726ea3c4bf4706c18	OBSOPEN_US30_20250422	2025-04-22	180	90	18	1.00000000000000000	0.53997675364962783	0.83233966717394647	0.73755134439825631	SESSION	false
af0b7f804a8d8337572d6a4a6f2ddcb426defb1f4d5f28ed0fde54882050d00c	a2b3facd10cee4f0909891958654ec1a86b2615c602c30a726ea3c4bf4706c18	OBSOPEN_US30_20250422	2025-04-22	180	90	19	1.00000000000000000	0.54071375153964718	0.83084059943716504	0.73846009830010551	SESSION	false
af0b7f804a8d8337572d6a4a6f2ddcb426defb1f4d5f28ed0fde54882050d00c	a2b3facd10cee4f0909891958654ec1a86b2615c602c30a726ea3c4bf4706c18	OBSOPEN_US30_20250422	2025-04-22	180	90	20	1.00000000000000000	0.53997675364962783	0.82488839199369013	0.72639744309197019	SESSION	false
af0b7f804a8d8337572d6a4a6f2ddcb426defb1f4d5f28ed0fde54882050d00c	a2b3facd10cee4f0909891958654ec1a86b2615c602c30a726ea3c4bf4706c18	OBSOPEN_US30_20250422	2025-04-22	180	90	21	1.00000000000000000	0.53702730163740919	0.77239177551291127	0.66361442952766991	SESSION	false
af0b7f804a8d8337572d6a4a6f2ddcb426defb1f4d5f28ed0fde54882050d00c	a2b3facd10cee4f0909891958654ec1a86b2615c602c30a726ea3c4bf4706c18	OBSOPEN_US30_20250422	2025-04-22	180	90	22	1.00000000000000000	0.53555173939429335	0.70722161047009269	0.60027239458842097	SESSION	false
af0b7f804a8d8337572d6a4a6f2ddcb426defb1f4d5f28ed0fde54882050d00c	a2b3facd10cee4f0909891958654ec1a86b2615c602c30a726ea3c4bf4706c18	OBSOPEN_US30_20250422	2025-04-22	180	90	23	1.00000000000000000	0.53555173939429335	0.65655641464844150	0.55542835319707651	SESSION	false
af0b7f804a8d8337572d6a4a6f2ddcb426defb1f4d5f28ed0fde54882050d00c	a2b3facd10cee4f0909891958654ec1a86b2615c602c30a726ea3c4bf4706c18	OBSOPEN_US30_20250422	2025-04-22	180	90	24	1.00000000000000000	0.53481375923329733	0.65030259411992941	0.55454281138670591	SESSION	false
af0b7f804a8d8337572d6a4a6f2ddcb426defb1f4d5f28ed0fde54882050d00c	a2b3facd10cee4f0909891958654ec1a86b2615c602c30a726ea3c4bf4706c18	OBSOPEN_US30_20250422	2025-04-22	180	90	25	1.00000000000000000	0.53702730163740919	0.67436492100502710	0.58191539521475855	SESSION	false
af0b7f804a8d8337572d6a4a6f2ddcb426defb1f4d5f28ed0fde54882050d00c	a2b3facd10cee4f0909891958654ec1a86b2615c602c30a726ea3c4bf4706c18	OBSOPEN_US30_20250422	2025-04-22	180	90	26	1.00000000000000000	0.53481375923329733	0.67256673919338994	0.56986520552779885	SESSION	false
af0b7f804a8d8337572d6a4a6f2ddcb426defb1f4d5f28ed0fde54882050d00c	a2b3facd10cee4f0909891958654ec1a86b2615c602c30a726ea3c4bf4706c18	OBSOPEN_US30_20250422	2025-04-22	180	90	27	1.00000000000000000	0.53407565020052150	0.69288477889444766	0.59065605957203304	SESSION	false
af0b7f804a8d8337572d6a4a6f2ddcb426defb1f4d5f28ed0fde54882050d00c	a2b3facd10cee4f0909891958654ec1a86b2615c602c30a726ea3c4bf4706c18	OBSOPEN_US30_20250422	2025-04-22	180	90	28	1.00000000000000000	0.53481375923329733	0.71975743908643708	0.61618913376542517	SESSION	false
af0b7f804a8d8337572d6a4a6f2ddcb426defb1f4d5f28ed0fde54882050d00c	a2b3facd10cee4f0909891958654ec1a86b2615c602c30a726ea3c4bf4706c18	OBSOPEN_US30_20250422	2025-04-22	180	90	29	1.00000000000000000	0.53407565020052150	0.76009380798001847	0.64894174940808425	SESSION	false
af0b7f804a8d8337572d6a4a6f2ddcb426defb1f4d5f28ed0fde54882050d00c	a2b3facd10cee4f0909891958654ec1a86b2615c602c30a726ea3c4bf4706c18	OBSOPEN_US30_20250422	2025-04-22	180	90	30	1.00000000000000000	0.53407565020052150	0.78882755396920046	0.67221759262044878	SESSION	false
af0b7f804a8d8337572d6a4a6f2ddcb426defb1f4d5f28ed0fde54882050d00c	a2b3facd10cee4f0909891958654ec1a86b2615c602c30a726ea3c4bf4706c18	OBSOPEN_US30_20250423	2025-04-23	180	91	1	1.00000000000000000	0.53677039834323015	0.52543235629481921	0.63699761476912808	SESSION	false
af0b7f804a8d8337572d6a4a6f2ddcb426defb1f4d5f28ed0fde54882050d00c	a2b3facd10cee4f0909891958654ec1a86b2615c602c30a726ea3c4bf4706c18	OBSOPEN_US30_20250423	2025-04-23	180	91	2	1.00000000000000000	0.53702730163740919	0.58498430282644531	0.68426492033804165	SESSION	false
af0b7f804a8d8337572d6a4a6f2ddcb426defb1f4d5f28ed0fde54882050d00c	a2b3facd10cee4f0909891958654ec1a86b2615c602c30a726ea3c4bf4706c18	OBSOPEN_US30_20250423	2025-04-23	180	91	3	1.00000000000000000	0.53702730163740919	0.65866879089276997	0.67032640714207392	SESSION	false
af0b7f804a8d8337572d6a4a6f2ddcb426defb1f4d5f28ed0fde54882050d00c	a2b3facd10cee4f0909891958654ec1a86b2615c602c30a726ea3c4bf4706c18	OBSOPEN_US30_20250423	2025-04-23	180	91	4	1.00000000000000000	0.53628958781724945	0.68276328416415333	0.68489281019118387	SESSION	false
af0b7f804a8d8337572d6a4a6f2ddcb426defb1f4d5f28ed0fde54882050d00c	a2b3facd10cee4f0909891958654ec1a86b2615c602c30a726ea3c4bf4706c18	OBSOPEN_US30_20250423	2025-04-23	180	91	5	1.00000000000000000	0.53555173939429335	0.70341169880612209	0.67691790222054637	SESSION	false
af0b7f804a8d8337572d6a4a6f2ddcb426defb1f4d5f28ed0fde54882050d00c	a2b3facd10cee4f0909891958654ec1a86b2615c602c30a726ea3c4bf4706c18	OBSOPEN_US30_20250423	2025-04-23	180	91	6	1.00000000000000000	0.53555173939429335	0.68729724130117953	0.65726295626242748	SESSION	false
af0b7f804a8d8337572d6a4a6f2ddcb426defb1f4d5f28ed0fde54882050d00c	a2b3facd10cee4f0909891958654ec1a86b2615c602c30a726ea3c4bf4706c18	OBSOPEN_US30_20250423	2025-04-23	180	91	7	1.00000000000000000	0.53481375923329733	0.60810077490621295	0.56206372123785153	SESSION	false
af0b7f804a8d8337572d6a4a6f2ddcb426defb1f4d5f28ed0fde54882050d00c	a2b3facd10cee4f0909891958654ec1a86b2615c602c30a726ea3c4bf4706c18	OBSOPEN_US30_20250423	2025-04-23	180	91	8	1.00000000000000000	0.53923960685686589	0.81526655552895888	0.70654782929888826	SESSION	false
af0b7f804a8d8337572d6a4a6f2ddcb426defb1f4d5f28ed0fde54882050d00c	a2b3facd10cee4f0909891958654ec1a86b2615c602c30a726ea3c4bf4706c18	OBSOPEN_US30_20250423	2025-04-23	180	91	9	1.00000000000000000	0.53923960685686589	0.87382891813407926	0.67637602229623905	SESSION	false
af0b7f804a8d8337572d6a4a6f2ddcb426defb1f4d5f28ed0fde54882050d00c	a2b3facd10cee4f0909891958654ec1a86b2615c602c30a726ea3c4bf4706c18	OBSOPEN_US30_20250423	2025-04-23	180	91	10	1.00000000000000000	0.53702730163740919	0.70208826813930802	0.53544070233746055	SESSION	false
af0b7f804a8d8337572d6a4a6f2ddcb426defb1f4d5f28ed0fde54882050d00c	a2b3facd10cee4f0909891958654ec1a86b2615c602c30a726ea3c4bf4706c18	OBSOPEN_US30_20250423	2025-04-23	180	91	11	1.00000000000000000	0.53702730163740919	0.72856280328364376	0.56624518746659869	SESSION	false
af0b7f804a8d8337572d6a4a6f2ddcb426defb1f4d5f28ed0fde54882050d00c	a2b3facd10cee4f0909891958654ec1a86b2615c602c30a726ea3c4bf4706c18	OBSOPEN_US30_20250423	2025-04-23	180	91	12	1.00000000000000000	0.53702730163740919	0.79968476545631573	0.62017262643115045	SESSION	false
af0b7f804a8d8337572d6a4a6f2ddcb426defb1f4d5f28ed0fde54882050d00c	a2b3facd10cee4f0909891958654ec1a86b2615c602c30a726ea3c4bf4706c18	OBSOPEN_US30_20250423	2025-04-23	180	91	13	1.00000000000000000	0.53850231401805004	0.80039120956687748	0.60528506124280201	SESSION	false
af0b7f804a8d8337572d6a4a6f2ddcb426defb1f4d5f28ed0fde54882050d00c	a2b3facd10cee4f0909891958654ec1a86b2615c602c30a726ea3c4bf4706c18	OBSOPEN_US30_20250423	2025-04-23	180	91	14	1.00000000000000000	0.53850231401805004	0.80768915001822905	0.62480007526030590	SESSION	false
af0b7f804a8d8337572d6a4a6f2ddcb426defb1f4d5f28ed0fde54882050d00c	a2b3facd10cee4f0909891958654ec1a86b2615c602c30a726ea3c4bf4706c18	OBSOPEN_US30_20250423	2025-04-23	180	91	15	1.00000000000000000	0.53702730163740919	0.82969306319550451	0.62089081606252672	SESSION	false
af0b7f804a8d8337572d6a4a6f2ddcb426defb1f4d5f28ed0fde54882050d00c	a2b3facd10cee4f0909891958654ec1a86b2615c602c30a726ea3c4bf4706c18	OBSOPEN_US30_20250423	2025-04-23	180	91	16	1.00000000000000000	0.53776487799155581	0.84179295348723038	0.64888145357734162	SESSION	false
af0b7f804a8d8337572d6a4a6f2ddcb426defb1f4d5f28ed0fde54882050d00c	a2b3facd10cee4f0909891958654ec1a86b2615c602c30a726ea3c4bf4706c18	OBSOPEN_US30_20250423	2025-04-23	180	91	17	1.00000000000000000	0.53923960685686589	0.86245892338239227	0.66590614957596539	SESSION	false
af0b7f804a8d8337572d6a4a6f2ddcb426defb1f4d5f28ed0fde54882050d00c	a2b3facd10cee4f0909891958654ec1a86b2615c602c30a726ea3c4bf4706c18	OBSOPEN_US30_20250423	2025-04-23	180	91	18	1.00000000000000000	0.53997675364962783	0.86549553012629099	0.67070329056761457	SESSION	false
af0b7f804a8d8337572d6a4a6f2ddcb426defb1f4d5f28ed0fde54882050d00c	a2b3facd10cee4f0909891958654ec1a86b2615c602c30a726ea3c4bf4706c18	OBSOPEN_US30_20250423	2025-04-23	180	91	19	1.00000000000000000	0.54071375153964718	0.87584762746408740	0.68442641895792877	SESSION	false
af0b7f804a8d8337572d6a4a6f2ddcb426defb1f4d5f28ed0fde54882050d00c	a2b3facd10cee4f0909891958654ec1a86b2615c602c30a726ea3c4bf4706c18	OBSOPEN_US30_20250423	2025-04-23	180	91	20	1.00000000000000000	0.53997675364962783	0.90183633531968754	0.71679206936077211	SESSION	false
af0b7f804a8d8337572d6a4a6f2ddcb426defb1f4d5f28ed0fde54882050d00c	a2b3facd10cee4f0909891958654ec1a86b2615c602c30a726ea3c4bf4706c18	OBSOPEN_US30_20250423	2025-04-23	180	91	21	1.00000000000000000	0.53702730163740919	0.91249559700583383	0.71092122344392406	SESSION	false
af0b7f804a8d8337572d6a4a6f2ddcb426defb1f4d5f28ed0fde54882050d00c	a2b3facd10cee4f0909891958654ec1a86b2615c602c30a726ea3c4bf4706c18	OBSOPEN_US30_20250423	2025-04-23	180	91	22	1.00000000000000000	0.53555173939429335	0.93910800952732032	0.74702280367949103	SESSION	false
af0b7f804a8d8337572d6a4a6f2ddcb426defb1f4d5f28ed0fde54882050d00c	a2b3facd10cee4f0909891958654ec1a86b2615c602c30a726ea3c4bf4706c18	OBSOPEN_US30_20250423	2025-04-23	180	91	23	1.00000000000000000	0.53555173939429335	0.89605646118411775	0.67490663725072664	SESSION	false
af0b7f804a8d8337572d6a4a6f2ddcb426defb1f4d5f28ed0fde54882050d00c	a2b3facd10cee4f0909891958654ec1a86b2615c602c30a726ea3c4bf4706c18	OBSOPEN_US30_20250423	2025-04-23	180	91	24	1.00000000000000000	0.53481375923329733	0.84189383615127422	0.62648510681614911	SESSION	false
af0b7f804a8d8337572d6a4a6f2ddcb426defb1f4d5f28ed0fde54882050d00c	a2b3facd10cee4f0909891958654ec1a86b2615c602c30a726ea3c4bf4706c18	OBSOPEN_US30_20250423	2025-04-23	180	91	25	1.00000000000000000	0.53702730163740919	0.82517560397279199	0.61706527510170051	SESSION	false
af0b7f804a8d8337572d6a4a6f2ddcb426defb1f4d5f28ed0fde54882050d00c	a2b3facd10cee4f0909891958654ec1a86b2615c602c30a726ea3c4bf4706c18	OBSOPEN_US30_20250423	2025-04-23	180	91	26	1.00000000000000000	0.53481375923329733	0.74805200160967522	0.55599207882654700	SESSION	false
af0b7f804a8d8337572d6a4a6f2ddcb426defb1f4d5f28ed0fde54882050d00c	a2b3facd10cee4f0909891958654ec1a86b2615c602c30a726ea3c4bf4706c18	OBSOPEN_US30_20250423	2025-04-23	180	91	27	1.00000000000000000	0.53407565020052150	0.80615984326814794	0.60754420350420923	SESSION	false
af0b7f804a8d8337572d6a4a6f2ddcb426defb1f4d5f28ed0fde54882050d00c	a2b3facd10cee4f0909891958654ec1a86b2615c602c30a726ea3c4bf4706c18	OBSOPEN_US30_20250423	2025-04-23	180	91	28	1.00000000000000000	0.53481375923329733	0.84609967674579456	0.62941499729360428	SESSION	false
af0b7f804a8d8337572d6a4a6f2ddcb426defb1f4d5f28ed0fde54882050d00c	a2b3facd10cee4f0909891958654ec1a86b2615c602c30a726ea3c4bf4706c18	OBSOPEN_US30_20250423	2025-04-23	180	91	29	1.00000000000000000	0.53407565020052150	0.85941058955365590	0.64031963509168865	SESSION	false
af0b7f804a8d8337572d6a4a6f2ddcb426defb1f4d5f28ed0fde54882050d00c	a2b3facd10cee4f0909891958654ec1a86b2615c602c30a726ea3c4bf4706c18	OBSOPEN_US30_20250423	2025-04-23	180	91	30	1.00000000000000000	0.53407565020052150	0.89378734462799847	0.67672278417370513	SESSION	false
af0b7f804a8d8337572d6a4a6f2ddcb426defb1f4d5f28ed0fde54882050d00c	a2b3facd10cee4f0909891958654ec1a86b2615c602c30a726ea3c4bf4706c18	OBSOPEN_US30_20250424	2025-04-24	180	92	1	1.00000000000000000	0.53677039834323015	0.53667655944157455	0.50227377093972092	SESSION	false
af0b7f804a8d8337572d6a4a6f2ddcb426defb1f4d5f28ed0fde54882050d00c	a2b3facd10cee4f0909891958654ec1a86b2615c602c30a726ea3c4bf4706c18	OBSOPEN_US30_20250424	2025-04-24	180	92	2	1.00000000000000000	0.53702730163740919	0.49249602267904619	0.46144936084065624	SESSION	false
af0b7f804a8d8337572d6a4a6f2ddcb426defb1f4d5f28ed0fde54882050d00c	a2b3facd10cee4f0909891958654ec1a86b2615c602c30a726ea3c4bf4706c18	OBSOPEN_US30_20250424	2025-04-24	180	92	3	1.00000000000000000	0.53702730163740919	0.43590518881601620	0.34831148718075577	SESSION	false
af0b7f804a8d8337572d6a4a6f2ddcb426defb1f4d5f28ed0fde54882050d00c	a2b3facd10cee4f0909891958654ec1a86b2615c602c30a726ea3c4bf4706c18	OBSOPEN_US30_20250424	2025-04-24	180	92	4	1.00000000000000000	0.53628958781724945	0.40496406493361092	0.33481629499201765	SESSION	false
af0b7f804a8d8337572d6a4a6f2ddcb426defb1f4d5f28ed0fde54882050d00c	a2b3facd10cee4f0909891958654ec1a86b2615c602c30a726ea3c4bf4706c18	OBSOPEN_US30_20250424	2025-04-24	180	92	5	1.00000000000000000	0.53555173939429335	0.39624742448355377	0.32997113086879515	SESSION	false
af0b7f804a8d8337572d6a4a6f2ddcb426defb1f4d5f28ed0fde54882050d00c	a2b3facd10cee4f0909891958654ec1a86b2615c602c30a726ea3c4bf4706c18	OBSOPEN_US30_20250424	2025-04-24	180	92	6	1.00000000000000000	0.53555173939429335	0.37712758236132782	0.30173509254491132	SESSION	false
af0b7f804a8d8337572d6a4a6f2ddcb426defb1f4d5f28ed0fde54882050d00c	a2b3facd10cee4f0909891958654ec1a86b2615c602c30a726ea3c4bf4706c18	OBSOPEN_US30_20250424	2025-04-24	180	92	7	1.00000000000000000	0.53481375923329733	0.45223837717133192	0.41662423736046000	SESSION	false
af0b7f804a8d8337572d6a4a6f2ddcb426defb1f4d5f28ed0fde54882050d00c	a2b3facd10cee4f0909891958654ec1a86b2615c602c30a726ea3c4bf4706c18	OBSOPEN_US30_20250424	2025-04-24	180	92	8	1.00000000000000000	0.53923960685686589	0.50784020091352344	0.46412926066241295	SESSION	false
af0b7f804a8d8337572d6a4a6f2ddcb426defb1f4d5f28ed0fde54882050d00c	a2b3facd10cee4f0909891958654ec1a86b2615c602c30a726ea3c4bf4706c18	OBSOPEN_US30_20250424	2025-04-24	180	92	9	1.00000000000000000	0.53923960685686589	0.44676413720411007	0.40481007320672979	SESSION	false
af0b7f804a8d8337572d6a4a6f2ddcb426defb1f4d5f28ed0fde54882050d00c	a2b3facd10cee4f0909891958654ec1a86b2615c602c30a726ea3c4bf4706c18	OBSOPEN_US30_20250424	2025-04-24	180	92	10	1.00000000000000000	0.53702730163740919	0.48916098615010023	0.46747746020173547	SESSION	false
af0b7f804a8d8337572d6a4a6f2ddcb426defb1f4d5f28ed0fde54882050d00c	a2b3facd10cee4f0909891958654ec1a86b2615c602c30a726ea3c4bf4706c18	OBSOPEN_US30_20250424	2025-04-24	180	92	11	1.00000000000000000	0.53702730163740919	0.60043949330537227	0.57186807144169227	SESSION	false
af0b7f804a8d8337572d6a4a6f2ddcb426defb1f4d5f28ed0fde54882050d00c	a2b3facd10cee4f0909891958654ec1a86b2615c602c30a726ea3c4bf4706c18	OBSOPEN_US30_20250424	2025-04-24	180	92	12	1.00000000000000000	0.53702730163740919	0.62337683685776435	0.59023587933085098	SESSION	false
af0b7f804a8d8337572d6a4a6f2ddcb426defb1f4d5f28ed0fde54882050d00c	a2b3facd10cee4f0909891958654ec1a86b2615c602c30a726ea3c4bf4706c18	OBSOPEN_US30_20250424	2025-04-24	180	92	13	1.00000000000000000	0.53850231401805004	0.63486234204887215	0.60881764497440227	SESSION	false
af0b7f804a8d8337572d6a4a6f2ddcb426defb1f4d5f28ed0fde54882050d00c	a2b3facd10cee4f0909891958654ec1a86b2615c602c30a726ea3c4bf4706c18	OBSOPEN_US30_20250424	2025-04-24	180	92	14	1.00000000000000000	0.53850231401805004	0.66370364834269491	0.64369681710841709	SESSION	false
af0b7f804a8d8337572d6a4a6f2ddcb426defb1f4d5f28ed0fde54882050d00c	a2b3facd10cee4f0909891958654ec1a86b2615c602c30a726ea3c4bf4706c18	OBSOPEN_US30_20250424	2025-04-24	180	92	15	1.00000000000000000	0.53702730163740919	0.65614432452693072	0.62785772913358973	SESSION	false
af0b7f804a8d8337572d6a4a6f2ddcb426defb1f4d5f28ed0fde54882050d00c	a2b3facd10cee4f0909891958654ec1a86b2615c602c30a726ea3c4bf4706c18	OBSOPEN_US30_20250424	2025-04-24	180	92	16	1.00000000000000000	0.53776487799155581	0.65239294345290766	0.61991101097357670	SESSION	false
af0b7f804a8d8337572d6a4a6f2ddcb426defb1f4d5f28ed0fde54882050d00c	a2b3facd10cee4f0909891958654ec1a86b2615c602c30a726ea3c4bf4706c18	OBSOPEN_US30_20250424	2025-04-24	180	92	17	1.00000000000000000	0.53923960685686589	0.72806756921391214	0.74178488742264159	SESSION	false
af0b7f804a8d8337572d6a4a6f2ddcb426defb1f4d5f28ed0fde54882050d00c	a2b3facd10cee4f0909891958654ec1a86b2615c602c30a726ea3c4bf4706c18	OBSOPEN_US30_20250424	2025-04-24	180	92	18	1.00000000000000000	0.53997675364962783	0.74621419680886714	0.73126793830051995	SESSION	false
af0b7f804a8d8337572d6a4a6f2ddcb426defb1f4d5f28ed0fde54882050d00c	a2b3facd10cee4f0909891958654ec1a86b2615c602c30a726ea3c4bf4706c18	OBSOPEN_US30_20250424	2025-04-24	180	92	19	1.00000000000000000	0.54071375153964718	0.69326562254414970	0.67684122708491212	SESSION	false
af0b7f804a8d8337572d6a4a6f2ddcb426defb1f4d5f28ed0fde54882050d00c	a2b3facd10cee4f0909891958654ec1a86b2615c602c30a726ea3c4bf4706c18	OBSOPEN_US30_20250424	2025-04-24	180	92	20	1.00000000000000000	0.53997675364962783	0.70707595934399103	0.70462165442157854	SESSION	false
af0b7f804a8d8337572d6a4a6f2ddcb426defb1f4d5f28ed0fde54882050d00c	a2b3facd10cee4f0909891958654ec1a86b2615c602c30a726ea3c4bf4706c18	OBSOPEN_US30_20250424	2025-04-24	180	92	21	1.00000000000000000	0.53702730163740919	0.72708912335890963	0.70899169915580507	SESSION	false
af0b7f804a8d8337572d6a4a6f2ddcb426defb1f4d5f28ed0fde54882050d00c	a2b3facd10cee4f0909891958654ec1a86b2615c602c30a726ea3c4bf4706c18	OBSOPEN_US30_20250424	2025-04-24	180	92	22	1.00000000000000000	0.53555173939429335	0.77023798494103202	0.74267842101654891	SESSION	false
af0b7f804a8d8337572d6a4a6f2ddcb426defb1f4d5f28ed0fde54882050d00c	a2b3facd10cee4f0909891958654ec1a86b2615c602c30a726ea3c4bf4706c18	OBSOPEN_US30_20250424	2025-04-24	180	92	23	1.00000000000000000	0.53555173939429335	0.79730713133026965	0.74748260209681139	SESSION	false
af0b7f804a8d8337572d6a4a6f2ddcb426defb1f4d5f28ed0fde54882050d00c	a2b3facd10cee4f0909891958654ec1a86b2615c602c30a726ea3c4bf4706c18	OBSOPEN_US30_20250424	2025-04-24	180	92	24	1.00000000000000000	0.53481375923329733	0.80674571248112792	0.72687028995556113	SESSION	false
af0b7f804a8d8337572d6a4a6f2ddcb426defb1f4d5f28ed0fde54882050d00c	a2b3facd10cee4f0909891958654ec1a86b2615c602c30a726ea3c4bf4706c18	OBSOPEN_US30_20250424	2025-04-24	180	92	25	1.00000000000000000	0.53702730163740919	0.81499698881193405	0.74867542823526789	SESSION	false
af0b7f804a8d8337572d6a4a6f2ddcb426defb1f4d5f28ed0fde54882050d00c	a2b3facd10cee4f0909891958654ec1a86b2615c602c30a726ea3c4bf4706c18	OBSOPEN_US30_20250424	2025-04-24	180	92	26	1.00000000000000000	0.53481375923329733	0.81204594360560789	0.72989829559227859	SESSION	false
af0b7f804a8d8337572d6a4a6f2ddcb426defb1f4d5f28ed0fde54882050d00c	a2b3facd10cee4f0909891958654ec1a86b2615c602c30a726ea3c4bf4706c18	OBSOPEN_US30_20250424	2025-04-24	180	92	27	1.00000000000000000	0.53407565020052150	0.82366547381481103	0.73824714803084945	SESSION	false
af0b7f804a8d8337572d6a4a6f2ddcb426defb1f4d5f28ed0fde54882050d00c	a2b3facd10cee4f0909891958654ec1a86b2615c602c30a726ea3c4bf4706c18	OBSOPEN_US30_20250424	2025-04-24	180	92	28	1.00000000000000000	0.53481375923329733	0.84361106200249925	0.73867793309903262	SESSION	false
af0b7f804a8d8337572d6a4a6f2ddcb426defb1f4d5f28ed0fde54882050d00c	a2b3facd10cee4f0909891958654ec1a86b2615c602c30a726ea3c4bf4706c18	OBSOPEN_US30_20250424	2025-04-24	180	92	29	1.00000000000000000	0.53407565020052150	0.84872669281773905	0.74404034079673775	SESSION	false
af0b7f804a8d8337572d6a4a6f2ddcb426defb1f4d5f28ed0fde54882050d00c	a2b3facd10cee4f0909891958654ec1a86b2615c602c30a726ea3c4bf4706c18	OBSOPEN_US30_20250424	2025-04-24	180	92	30	1.00000000000000000	0.53407565020052150	0.85030632807266793	0.73958262143029607	SESSION	false
af0b7f804a8d8337572d6a4a6f2ddcb426defb1f4d5f28ed0fde54882050d00c	a2b3facd10cee4f0909891958654ec1a86b2615c602c30a726ea3c4bf4706c18	OBSOPEN_US30_20250505	2025-05-05	180	93	1	1.00000000000000000	0.53677039834323015	0.48777072035549252	0.44357400584780049	SESSION	false
af0b7f804a8d8337572d6a4a6f2ddcb426defb1f4d5f28ed0fde54882050d00c	a2b3facd10cee4f0909891958654ec1a86b2615c602c30a726ea3c4bf4706c18	OBSOPEN_US30_20250505	2025-05-05	180	93	2	1.00000000000000000	0.53702730163740919	0.51966481447760560	0.59211054381056849	SESSION	false
af0b7f804a8d8337572d6a4a6f2ddcb426defb1f4d5f28ed0fde54882050d00c	a2b3facd10cee4f0909891958654ec1a86b2615c602c30a726ea3c4bf4706c18	OBSOPEN_US30_20250505	2025-05-05	180	93	3	1.00000000000000000	0.53702730163740919	0.58315053763254909	0.69236140537587632	SESSION	false
af0b7f804a8d8337572d6a4a6f2ddcb426defb1f4d5f28ed0fde54882050d00c	a2b3facd10cee4f0909891958654ec1a86b2615c602c30a726ea3c4bf4706c18	OBSOPEN_US30_20250505	2025-05-05	180	93	4	1.00000000000000000	0.53628958781724945	0.61121625533686041	0.66362412211832245	SESSION	false
af0b7f804a8d8337572d6a4a6f2ddcb426defb1f4d5f28ed0fde54882050d00c	a2b3facd10cee4f0909891958654ec1a86b2615c602c30a726ea3c4bf4706c18	OBSOPEN_US30_20250505	2025-05-05	180	93	5	1.00000000000000000	0.53555173939429335	0.64997604996515157	0.69647139088313992	SESSION	false
af0b7f804a8d8337572d6a4a6f2ddcb426defb1f4d5f28ed0fde54882050d00c	a2b3facd10cee4f0909891958654ec1a86b2615c602c30a726ea3c4bf4706c18	OBSOPEN_US30_20250505	2025-05-05	180	93	6	1.00000000000000000	0.53555173939429335	0.65632728220774583	0.70422486270727513	SESSION	false
af0b7f804a8d8337572d6a4a6f2ddcb426defb1f4d5f28ed0fde54882050d00c	a2b3facd10cee4f0909891958654ec1a86b2615c602c30a726ea3c4bf4706c18	OBSOPEN_US30_20250505	2025-05-05	180	93	7	1.00000000000000000	0.53481375923329733	0.62145682529054713	0.63382469152148768	SESSION	false
af0b7f804a8d8337572d6a4a6f2ddcb426defb1f4d5f28ed0fde54882050d00c	a2b3facd10cee4f0909891958654ec1a86b2615c602c30a726ea3c4bf4706c18	OBSOPEN_US30_20250505	2025-05-05	180	93	8	1.00000000000000000	0.53923960685686589	0.61908839025733975	0.66040607467977652	SESSION	false
af0b7f804a8d8337572d6a4a6f2ddcb426defb1f4d5f28ed0fde54882050d00c	a2b3facd10cee4f0909891958654ec1a86b2615c602c30a726ea3c4bf4706c18	OBSOPEN_US30_20250505	2025-05-05	180	93	9	1.00000000000000000	0.53923960685686589	0.63113687884676339	0.67996452938476282	SESSION	false
af0b7f804a8d8337572d6a4a6f2ddcb426defb1f4d5f28ed0fde54882050d00c	a2b3facd10cee4f0909891958654ec1a86b2615c602c30a726ea3c4bf4706c18	OBSOPEN_US30_20250505	2025-05-05	180	93	10	1.00000000000000000	0.53702730163740919	0.61714962555694219	0.64861757954631083	SESSION	false
af0b7f804a8d8337572d6a4a6f2ddcb426defb1f4d5f28ed0fde54882050d00c	a2b3facd10cee4f0909891958654ec1a86b2615c602c30a726ea3c4bf4706c18	OBSOPEN_US30_20250505	2025-05-05	180	93	11	1.00000000000000000	0.53702730163740919	0.60007726410116091	0.61519100437675178	SESSION	false
af0b7f804a8d8337572d6a4a6f2ddcb426defb1f4d5f28ed0fde54882050d00c	a2b3facd10cee4f0909891958654ec1a86b2615c602c30a726ea3c4bf4706c18	OBSOPEN_US30_20250505	2025-05-05	180	93	12	1.00000000000000000	0.53702730163740919	0.57764328137426946	0.59131558290695463	SESSION	false
af0b7f804a8d8337572d6a4a6f2ddcb426defb1f4d5f28ed0fde54882050d00c	a2b3facd10cee4f0909891958654ec1a86b2615c602c30a726ea3c4bf4706c18	OBSOPEN_US30_20250505	2025-05-05	180	93	13	1.00000000000000000	0.53850231401805004	0.61463971883682300	0.67126915580164903	SESSION	false
af0b7f804a8d8337572d6a4a6f2ddcb426defb1f4d5f28ed0fde54882050d00c	a2b3facd10cee4f0909891958654ec1a86b2615c602c30a726ea3c4bf4706c18	OBSOPEN_US30_20250505	2025-05-05	180	93	14	1.00000000000000000	0.53850231401805004	0.65078227140714484	0.70787582729855203	SESSION	false
af0b7f804a8d8337572d6a4a6f2ddcb426defb1f4d5f28ed0fde54882050d00c	a2b3facd10cee4f0909891958654ec1a86b2615c602c30a726ea3c4bf4706c18	OBSOPEN_US30_20250505	2025-05-05	180	93	15	1.00000000000000000	0.53702730163740919	0.64913763215800357	0.69672584638775792	SESSION	false
af0b7f804a8d8337572d6a4a6f2ddcb426defb1f4d5f28ed0fde54882050d00c	a2b3facd10cee4f0909891958654ec1a86b2615c602c30a726ea3c4bf4706c18	OBSOPEN_US30_20250505	2025-05-05	180	93	16	1.00000000000000000	0.53776487799155581	0.59785973965826400	0.61433690902199212	SESSION	false
af0b7f804a8d8337572d6a4a6f2ddcb426defb1f4d5f28ed0fde54882050d00c	a2b3facd10cee4f0909891958654ec1a86b2615c602c30a726ea3c4bf4706c18	OBSOPEN_US30_20250505	2025-05-05	180	93	17	1.00000000000000000	0.53923960685686589	0.54326492219303801	0.53648459005500904	SESSION	false
af0b7f804a8d8337572d6a4a6f2ddcb426defb1f4d5f28ed0fde54882050d00c	a2b3facd10cee4f0909891958654ec1a86b2615c602c30a726ea3c4bf4706c18	OBSOPEN_US30_20250505	2025-05-05	180	93	18	1.00000000000000000	0.53997675364962783	0.55039398101268810	0.56037445052400525	SESSION	false
af0b7f804a8d8337572d6a4a6f2ddcb426defb1f4d5f28ed0fde54882050d00c	a2b3facd10cee4f0909891958654ec1a86b2615c602c30a726ea3c4bf4706c18	OBSOPEN_US30_20250505	2025-05-05	180	93	19	1.00000000000000000	0.54071375153964718	0.56761395450249330	0.59568143153244768	SESSION	false
af0b7f804a8d8337572d6a4a6f2ddcb426defb1f4d5f28ed0fde54882050d00c	a2b3facd10cee4f0909891958654ec1a86b2615c602c30a726ea3c4bf4706c18	OBSOPEN_US30_20250505	2025-05-05	180	93	20	1.00000000000000000	0.53997675364962783	0.59929185097512605	0.66449546079080524	SESSION	false
af0b7f804a8d8337572d6a4a6f2ddcb426defb1f4d5f28ed0fde54882050d00c	a2b3facd10cee4f0909891958654ec1a86b2615c602c30a726ea3c4bf4706c18	OBSOPEN_US30_20250505	2025-05-05	180	93	21	1.00000000000000000	0.53702730163740919	0.59866916997883501	0.63192973994473001	SESSION	false
af0b7f804a8d8337572d6a4a6f2ddcb426defb1f4d5f28ed0fde54882050d00c	a2b3facd10cee4f0909891958654ec1a86b2615c602c30a726ea3c4bf4706c18	OBSOPEN_US30_20250505	2025-05-05	180	93	22	1.00000000000000000	0.53555173939429335	0.55150461584762633	0.53986318824761403	SESSION	false
af0b7f804a8d8337572d6a4a6f2ddcb426defb1f4d5f28ed0fde54882050d00c	a2b3facd10cee4f0909891958654ec1a86b2615c602c30a726ea3c4bf4706c18	OBSOPEN_US30_20250505	2025-05-05	180	93	23	1.00000000000000000	0.53555173939429335	0.50278480550646643	0.47555723478151796	SESSION	false
af0b7f804a8d8337572d6a4a6f2ddcb426defb1f4d5f28ed0fde54882050d00c	a2b3facd10cee4f0909891958654ec1a86b2615c602c30a726ea3c4bf4706c18	OBSOPEN_US30_20250505	2025-05-05	180	93	24	1.00000000000000000	0.53481375923329733	0.51103075890169769	0.47770282701742228	SESSION	false
af0b7f804a8d8337572d6a4a6f2ddcb426defb1f4d5f28ed0fde54882050d00c	a2b3facd10cee4f0909891958654ec1a86b2615c602c30a726ea3c4bf4706c18	OBSOPEN_US30_20250505	2025-05-05	180	93	25	1.00000000000000000	0.53702730163740919	0.55310242808145715	0.57861552201170940	SESSION	false
af0b7f804a8d8337572d6a4a6f2ddcb426defb1f4d5f28ed0fde54882050d00c	a2b3facd10cee4f0909891958654ec1a86b2615c602c30a726ea3c4bf4706c18	OBSOPEN_US30_20250505	2025-05-05	180	93	26	1.00000000000000000	0.53481375923329733	0.60967298865325914	0.64773020971535478	SESSION	false
af0b7f804a8d8337572d6a4a6f2ddcb426defb1f4d5f28ed0fde54882050d00c	a2b3facd10cee4f0909891958654ec1a86b2615c602c30a726ea3c4bf4706c18	OBSOPEN_US30_20250505	2025-05-05	180	93	27	1.00000000000000000	0.53407565020052150	0.66013849422457505	0.72625862106388284	SESSION	false
af0b7f804a8d8337572d6a4a6f2ddcb426defb1f4d5f28ed0fde54882050d00c	a2b3facd10cee4f0909891958654ec1a86b2615c602c30a726ea3c4bf4706c18	OBSOPEN_US30_20250505	2025-05-05	180	93	28	1.00000000000000000	0.53481375923329733	0.69063705086661376	0.73956617558555082	SESSION	false
af0b7f804a8d8337572d6a4a6f2ddcb426defb1f4d5f28ed0fde54882050d00c	a2b3facd10cee4f0909891958654ec1a86b2615c602c30a726ea3c4bf4706c18	OBSOPEN_US30_20250505	2025-05-05	180	93	29	1.00000000000000000	0.53407565020052150	0.69525043198707126	0.72209345757973753	SESSION	false
af0b7f804a8d8337572d6a4a6f2ddcb426defb1f4d5f28ed0fde54882050d00c	a2b3facd10cee4f0909891958654ec1a86b2615c602c30a726ea3c4bf4706c18	OBSOPEN_US30_20250505	2025-05-05	180	93	30	1.00000000000000000	0.53407565020052150	0.69682133539823055	0.72868300919900175	SESSION	false
af0b7f804a8d8337572d6a4a6f2ddcb426defb1f4d5f28ed0fde54882050d00c	a2b3facd10cee4f0909891958654ec1a86b2615c602c30a726ea3c4bf4706c18	OBSOPEN_US30_20250512	2025-05-12	180	94	1	0.00000000000000000	0.53677039834323015	0.49319965386891801	0.47228667480209047	SESSION	false
af0b7f804a8d8337572d6a4a6f2ddcb426defb1f4d5f28ed0fde54882050d00c	a2b3facd10cee4f0909891958654ec1a86b2615c602c30a726ea3c4bf4706c18	OBSOPEN_US30_20250512	2025-05-12	180	94	2	0.00000000000000000	0.53702730163740919	0.43418899463874144	0.34432322540151294	SESSION	false
af0b7f804a8d8337572d6a4a6f2ddcb426defb1f4d5f28ed0fde54882050d00c	a2b3facd10cee4f0909891958654ec1a86b2615c602c30a726ea3c4bf4706c18	OBSOPEN_US30_20250512	2025-05-12	180	94	3	0.00000000000000000	0.53702730163740919	0.40786179396484057	0.33344761385762417	SESSION	false
af0b7f804a8d8337572d6a4a6f2ddcb426defb1f4d5f28ed0fde54882050d00c	a2b3facd10cee4f0909891958654ec1a86b2615c602c30a726ea3c4bf4706c18	OBSOPEN_US30_20250512	2025-05-12	180	94	4	0.00000000000000000	0.53628958781724945	0.41428277324614410	0.32816277476370476	SESSION	false
af0b7f804a8d8337572d6a4a6f2ddcb426defb1f4d5f28ed0fde54882050d00c	a2b3facd10cee4f0909891958654ec1a86b2615c602c30a726ea3c4bf4706c18	OBSOPEN_US30_20250512	2025-05-12	180	94	5	0.00000000000000000	0.53555173939429335	0.39983676955365810	0.30443104730340587	SESSION	false
af0b7f804a8d8337572d6a4a6f2ddcb426defb1f4d5f28ed0fde54882050d00c	a2b3facd10cee4f0909891958654ec1a86b2615c602c30a726ea3c4bf4706c18	OBSOPEN_US30_20250512	2025-05-12	180	94	6	0.00000000000000000	0.53555173939429335	0.40992200519559391	0.34175581793568621	SESSION	false
af0b7f804a8d8337572d6a4a6f2ddcb426defb1f4d5f28ed0fde54882050d00c	a2b3facd10cee4f0909891958654ec1a86b2615c602c30a726ea3c4bf4706c18	OBSOPEN_US30_20250512	2025-05-12	180	94	7	0.00000000000000000	0.53481375923329733	0.46438265600669121	0.39835654674930771	SESSION	false
af0b7f804a8d8337572d6a4a6f2ddcb426defb1f4d5f28ed0fde54882050d00c	a2b3facd10cee4f0909891958654ec1a86b2615c602c30a726ea3c4bf4706c18	OBSOPEN_US30_20250512	2025-05-12	180	94	8	0.00000000000000000	0.53923960685686589	0.53235419265783690	0.52441558717927361	SESSION	false
af0b7f804a8d8337572d6a4a6f2ddcb426defb1f4d5f28ed0fde54882050d00c	a2b3facd10cee4f0909891958654ec1a86b2615c602c30a726ea3c4bf4706c18	OBSOPEN_US30_20250512	2025-05-12	180	94	9	0.00000000000000000	0.53923960685686589	0.58393496815393819	0.56808561276781144	SESSION	false
af0b7f804a8d8337572d6a4a6f2ddcb426defb1f4d5f28ed0fde54882050d00c	a2b3facd10cee4f0909891958654ec1a86b2615c602c30a726ea3c4bf4706c18	OBSOPEN_US30_20250512	2025-05-12	180	94	10	0.00000000000000000	0.53702730163740919	0.59753274915118260	0.58255530141756318	SESSION	false
af0b7f804a8d8337572d6a4a6f2ddcb426defb1f4d5f28ed0fde54882050d00c	a2b3facd10cee4f0909891958654ec1a86b2615c602c30a726ea3c4bf4706c18	OBSOPEN_US30_20250512	2025-05-12	180	94	11	0.00000000000000000	0.53702730163740919	0.59752777891226105	0.57996665992332042	SESSION	false
af0b7f804a8d8337572d6a4a6f2ddcb426defb1f4d5f28ed0fde54882050d00c	a2b3facd10cee4f0909891958654ec1a86b2615c602c30a726ea3c4bf4706c18	OBSOPEN_US30_20250512	2025-05-12	180	94	12	0.00000000000000000	0.53702730163740919	0.64768046174819194	0.64746544221512448	SESSION	false
af0b7f804a8d8337572d6a4a6f2ddcb426defb1f4d5f28ed0fde54882050d00c	a2b3facd10cee4f0909891958654ec1a86b2615c602c30a726ea3c4bf4706c18	OBSOPEN_US30_20250512	2025-05-12	180	94	13	0.00000000000000000	0.53850231401805004	0.61924425382294546	0.60781741792186494	SESSION	false
af0b7f804a8d8337572d6a4a6f2ddcb426defb1f4d5f28ed0fde54882050d00c	a2b3facd10cee4f0909891958654ec1a86b2615c602c30a726ea3c4bf4706c18	OBSOPEN_US30_20250512	2025-05-12	180	94	14	0.00000000000000000	0.53850231401805004	0.58831328806614769	0.57281069759805137	SESSION	false
af0b7f804a8d8337572d6a4a6f2ddcb426defb1f4d5f28ed0fde54882050d00c	a2b3facd10cee4f0909891958654ec1a86b2615c602c30a726ea3c4bf4706c18	OBSOPEN_US30_20250512	2025-05-12	180	94	15	0.00000000000000000	0.53702730163740919	0.58068101279748208	0.56245439031639299	SESSION	false
af0b7f804a8d8337572d6a4a6f2ddcb426defb1f4d5f28ed0fde54882050d00c	a2b3facd10cee4f0909891958654ec1a86b2615c602c30a726ea3c4bf4706c18	OBSOPEN_US30_20250512	2025-05-12	180	94	16	1.00000000000000000	0.53776487799155581	0.57372320720690817	0.54476743512315207	SESSION	false
af0b7f804a8d8337572d6a4a6f2ddcb426defb1f4d5f28ed0fde54882050d00c	a2b3facd10cee4f0909891958654ec1a86b2615c602c30a726ea3c4bf4706c18	OBSOPEN_US30_20250512	2025-05-12	180	94	17	1.00000000000000000	0.53923960685686589	0.51665899967241546	0.48819711898437540	SESSION	false
af0b7f804a8d8337572d6a4a6f2ddcb426defb1f4d5f28ed0fde54882050d00c	a2b3facd10cee4f0909891958654ec1a86b2615c602c30a726ea3c4bf4706c18	OBSOPEN_US30_20250512	2025-05-12	180	94	18	0.00000000000000000	0.53997675364962783	0.47394550761040194	0.44454940519308389	SESSION	false
af0b7f804a8d8337572d6a4a6f2ddcb426defb1f4d5f28ed0fde54882050d00c	a2b3facd10cee4f0909891958654ec1a86b2615c602c30a726ea3c4bf4706c18	OBSOPEN_US30_20250512	2025-05-12	180	94	19	0.00000000000000000	0.54071375153964718	0.51491461175331132	0.50042846380027395	SESSION	false
af0b7f804a8d8337572d6a4a6f2ddcb426defb1f4d5f28ed0fde54882050d00c	a2b3facd10cee4f0909891958654ec1a86b2615c602c30a726ea3c4bf4706c18	OBSOPEN_US30_20250512	2025-05-12	180	94	20	1.00000000000000000	0.53997675364962783	0.53542729538776046	0.52346362247266742	SESSION	false
af0b7f804a8d8337572d6a4a6f2ddcb426defb1f4d5f28ed0fde54882050d00c	a2b3facd10cee4f0909891958654ec1a86b2615c602c30a726ea3c4bf4706c18	OBSOPEN_US30_20250512	2025-05-12	180	94	21	1.00000000000000000	0.53702730163740919	0.52430381850925489	0.49164865929900509	SESSION	false
af0b7f804a8d8337572d6a4a6f2ddcb426defb1f4d5f28ed0fde54882050d00c	a2b3facd10cee4f0909891958654ec1a86b2615c602c30a726ea3c4bf4706c18	OBSOPEN_US30_20250512	2025-05-12	180	94	22	1.00000000000000000	0.53555173939429335	0.52724259097031345	0.49265529945499464	SESSION	false
af0b7f804a8d8337572d6a4a6f2ddcb426defb1f4d5f28ed0fde54882050d00c	a2b3facd10cee4f0909891958654ec1a86b2615c602c30a726ea3c4bf4706c18	OBSOPEN_US30_20250512	2025-05-12	180	94	23	1.00000000000000000	0.53555173939429335	0.59282737003622310	0.58987587993745372	SESSION	false
af0b7f804a8d8337572d6a4a6f2ddcb426defb1f4d5f28ed0fde54882050d00c	a2b3facd10cee4f0909891958654ec1a86b2615c602c30a726ea3c4bf4706c18	OBSOPEN_US30_20250512	2025-05-12	180	94	24	1.00000000000000000	0.53481375923329733	0.64407143435117908	0.63442161886216830	SESSION	false
af0b7f804a8d8337572d6a4a6f2ddcb426defb1f4d5f28ed0fde54882050d00c	a2b3facd10cee4f0909891958654ec1a86b2615c602c30a726ea3c4bf4706c18	OBSOPEN_US30_20250512	2025-05-12	180	94	25	1.00000000000000000	0.53702730163740919	0.66723394801355873	0.67034817403636215	SESSION	false
af0b7f804a8d8337572d6a4a6f2ddcb426defb1f4d5f28ed0fde54882050d00c	a2b3facd10cee4f0909891958654ec1a86b2615c602c30a726ea3c4bf4706c18	OBSOPEN_US30_20250512	2025-05-12	180	94	26	1.00000000000000000	0.53481375923329733	0.57360532330768010	0.53955502551099188	SESSION	false
af0b7f804a8d8337572d6a4a6f2ddcb426defb1f4d5f28ed0fde54882050d00c	a2b3facd10cee4f0909891958654ec1a86b2615c602c30a726ea3c4bf4706c18	OBSOPEN_US30_20250512	2025-05-12	180	94	27	1.00000000000000000	0.53407565020052150	0.50798571860156383	0.45808104881508754	SESSION	false
af0b7f804a8d8337572d6a4a6f2ddcb426defb1f4d5f28ed0fde54882050d00c	a2b3facd10cee4f0909891958654ec1a86b2615c602c30a726ea3c4bf4706c18	OBSOPEN_US30_20250512	2025-05-12	180	94	28	0.00000000000000000	0.53481375923329733	0.50160962404637599	0.46548289554459649	SESSION	false
af0b7f804a8d8337572d6a4a6f2ddcb426defb1f4d5f28ed0fde54882050d00c	a2b3facd10cee4f0909891958654ec1a86b2615c602c30a726ea3c4bf4706c18	OBSOPEN_US30_20250512	2025-05-12	180	94	29	0.00000000000000000	0.53407565020052150	0.46264891801390051	0.39774403800383656	SESSION	false
af0b7f804a8d8337572d6a4a6f2ddcb426defb1f4d5f28ed0fde54882050d00c	a2b3facd10cee4f0909891958654ec1a86b2615c602c30a726ea3c4bf4706c18	OBSOPEN_US30_20250512	2025-05-12	180	94	30	0.00000000000000000	0.53407565020052150	0.44692606571041249	0.39336143053425243	SESSION	false
af0b7f804a8d8337572d6a4a6f2ddcb426defb1f4d5f28ed0fde54882050d00c	a2b3facd10cee4f0909891958654ec1a86b2615c602c30a726ea3c4bf4706c18	OBSOPEN_US30_20250520	2025-05-20	180	95	1	0.00000000000000000	0.53677039834323015	0.54261848492389009	0.67452340873007088	SESSION	false
af0b7f804a8d8337572d6a4a6f2ddcb426defb1f4d5f28ed0fde54882050d00c	a2b3facd10cee4f0909891958654ec1a86b2615c602c30a726ea3c4bf4706c18	OBSOPEN_US30_20250520	2025-05-20	180	95	2	0.00000000000000000	0.53702730163740919	0.59584283051978459	0.65956411058625763	SESSION	false
af0b7f804a8d8337572d6a4a6f2ddcb426defb1f4d5f28ed0fde54882050d00c	a2b3facd10cee4f0909891958654ec1a86b2615c602c30a726ea3c4bf4706c18	OBSOPEN_US30_20250520	2025-05-20	180	95	3	0.00000000000000000	0.53702730163740919	0.54878127591925374	0.55434510822512495	SESSION	false
af0b7f804a8d8337572d6a4a6f2ddcb426defb1f4d5f28ed0fde54882050d00c	a2b3facd10cee4f0909891958654ec1a86b2615c602c30a726ea3c4bf4706c18	OBSOPEN_US30_20250520	2025-05-20	180	95	4	0.00000000000000000	0.53628958781724945	0.50061117703665270	0.45534137797790347	SESSION	false
af0b7f804a8d8337572d6a4a6f2ddcb426defb1f4d5f28ed0fde54882050d00c	a2b3facd10cee4f0909891958654ec1a86b2615c602c30a726ea3c4bf4706c18	OBSOPEN_US30_20250520	2025-05-20	180	95	5	0.00000000000000000	0.53555173939429335	0.49599774482644104	0.44520534340452411	SESSION	false
af0b7f804a8d8337572d6a4a6f2ddcb426defb1f4d5f28ed0fde54882050d00c	a2b3facd10cee4f0909891958654ec1a86b2615c602c30a726ea3c4bf4706c18	OBSOPEN_US30_20250520	2025-05-20	180	95	6	0.00000000000000000	0.53555173939429335	0.46799644606787477	0.37816286101539232	SESSION	false
af0b7f804a8d8337572d6a4a6f2ddcb426defb1f4d5f28ed0fde54882050d00c	a2b3facd10cee4f0909891958654ec1a86b2615c602c30a726ea3c4bf4706c18	OBSOPEN_US30_20250520	2025-05-20	180	95	7	0.00000000000000000	0.53481375923329733	0.43580525402147713	0.31854121790679307	SESSION	false
af0b7f804a8d8337572d6a4a6f2ddcb426defb1f4d5f28ed0fde54882050d00c	a2b3facd10cee4f0909891958654ec1a86b2615c602c30a726ea3c4bf4706c18	OBSOPEN_US30_20250520	2025-05-20	180	95	8	0.00000000000000000	0.53923960685686589	0.44409171843975997	0.36370181188858891	SESSION	false
af0b7f804a8d8337572d6a4a6f2ddcb426defb1f4d5f28ed0fde54882050d00c	a2b3facd10cee4f0909891958654ec1a86b2615c602c30a726ea3c4bf4706c18	OBSOPEN_US30_20250520	2025-05-20	180	95	9	0.00000000000000000	0.53923960685686589	0.45918513140881223	0.40982281813335597	SESSION	false
af0b7f804a8d8337572d6a4a6f2ddcb426defb1f4d5f28ed0fde54882050d00c	a2b3facd10cee4f0909891958654ec1a86b2615c602c30a726ea3c4bf4706c18	OBSOPEN_US30_20250520	2025-05-20	180	95	10	0.00000000000000000	0.53702730163740919	0.46446631228185320	0.40404844805090689	SESSION	false
af0b7f804a8d8337572d6a4a6f2ddcb426defb1f4d5f28ed0fde54882050d00c	a2b3facd10cee4f0909891958654ec1a86b2615c602c30a726ea3c4bf4706c18	OBSOPEN_US30_20250520	2025-05-20	180	95	11	0.00000000000000000	0.53702730163740919	0.47152330218869626	0.40467095592941582	SESSION	false
af0b7f804a8d8337572d6a4a6f2ddcb426defb1f4d5f28ed0fde54882050d00c	a2b3facd10cee4f0909891958654ec1a86b2615c602c30a726ea3c4bf4706c18	OBSOPEN_US30_20250520	2025-05-20	180	95	12	0.00000000000000000	0.53702730163740919	0.43244515473036554	0.33929199775662705	SESSION	false
af0b7f804a8d8337572d6a4a6f2ddcb426defb1f4d5f28ed0fde54882050d00c	a2b3facd10cee4f0909891958654ec1a86b2615c602c30a726ea3c4bf4706c18	OBSOPEN_US30_20250520	2025-05-20	180	95	13	0.00000000000000000	0.53850231401805004	0.43721802841112717	0.35966610921455711	SESSION	false
af0b7f804a8d8337572d6a4a6f2ddcb426defb1f4d5f28ed0fde54882050d00c	a2b3facd10cee4f0909891958654ec1a86b2615c602c30a726ea3c4bf4706c18	OBSOPEN_US30_20250520	2025-05-20	180	95	14	1.00000000000000000	0.53850231401805004	0.42092842708689915	0.33108836834162503	SESSION	false
af0b7f804a8d8337572d6a4a6f2ddcb426defb1f4d5f28ed0fde54882050d00c	a2b3facd10cee4f0909891958654ec1a86b2615c602c30a726ea3c4bf4706c18	OBSOPEN_US30_20250520	2025-05-20	180	95	15	1.00000000000000000	0.53702730163740919	0.40054649682871235	0.30372237692680337	SESSION	false
af0b7f804a8d8337572d6a4a6f2ddcb426defb1f4d5f28ed0fde54882050d00c	a2b3facd10cee4f0909891958654ec1a86b2615c602c30a726ea3c4bf4706c18	OBSOPEN_US30_20250520	2025-05-20	180	95	16	1.00000000000000000	0.53776487799155581	0.43224283178618916	0.36800977981777250	SESSION	false
af0b7f804a8d8337572d6a4a6f2ddcb426defb1f4d5f28ed0fde54882050d00c	a2b3facd10cee4f0909891958654ec1a86b2615c602c30a726ea3c4bf4706c18	OBSOPEN_US30_20250520	2025-05-20	180	95	17	1.00000000000000000	0.53923960685686589	0.42365086451242379	0.34734087283430071	SESSION	false
af0b7f804a8d8337572d6a4a6f2ddcb426defb1f4d5f28ed0fde54882050d00c	a2b3facd10cee4f0909891958654ec1a86b2615c602c30a726ea3c4bf4706c18	OBSOPEN_US30_20250520	2025-05-20	180	95	18	1.00000000000000000	0.53997675364962783	0.40872072429873074	0.35471554376182746	SESSION	false
af0b7f804a8d8337572d6a4a6f2ddcb426defb1f4d5f28ed0fde54882050d00c	a2b3facd10cee4f0909891958654ec1a86b2615c602c30a726ea3c4bf4706c18	OBSOPEN_US30_20250520	2025-05-20	180	95	19	1.00000000000000000	0.54071375153964718	0.39564606754130099	0.36122868942655195	SESSION	false
af0b7f804a8d8337572d6a4a6f2ddcb426defb1f4d5f28ed0fde54882050d00c	a2b3facd10cee4f0909891958654ec1a86b2615c602c30a726ea3c4bf4706c18	OBSOPEN_US30_20250520	2025-05-20	180	95	20	1.00000000000000000	0.53997675364962783	0.41448777340431497	0.37252416888961798	SESSION	false
af0b7f804a8d8337572d6a4a6f2ddcb426defb1f4d5f28ed0fde54882050d00c	a2b3facd10cee4f0909891958654ec1a86b2615c602c30a726ea3c4bf4706c18	OBSOPEN_US30_20250520	2025-05-20	180	95	21	1.00000000000000000	0.53702730163740919	0.41173451097668773	0.35528891340032637	SESSION	false
af0b7f804a8d8337572d6a4a6f2ddcb426defb1f4d5f28ed0fde54882050d00c	a2b3facd10cee4f0909891958654ec1a86b2615c602c30a726ea3c4bf4706c18	OBSOPEN_US30_20250520	2025-05-20	180	95	22	1.00000000000000000	0.53555173939429335	0.42451782642678226	0.37349911513013950	SESSION	false
af0b7f804a8d8337572d6a4a6f2ddcb426defb1f4d5f28ed0fde54882050d00c	a2b3facd10cee4f0909891958654ec1a86b2615c602c30a726ea3c4bf4706c18	OBSOPEN_US30_20250520	2025-05-20	180	95	23	1.00000000000000000	0.53555173939429335	0.50635930800568063	0.48069813259528305	SESSION	false
af0b7f804a8d8337572d6a4a6f2ddcb426defb1f4d5f28ed0fde54882050d00c	a2b3facd10cee4f0909891958654ec1a86b2615c602c30a726ea3c4bf4706c18	OBSOPEN_US30_20250520	2025-05-20	180	95	24	1.00000000000000000	0.53481375923329733	0.58513807614898483	0.56997385905937525	SESSION	false
af0b7f804a8d8337572d6a4a6f2ddcb426defb1f4d5f28ed0fde54882050d00c	a2b3facd10cee4f0909891958654ec1a86b2615c602c30a726ea3c4bf4706c18	OBSOPEN_US30_20250520	2025-05-20	180	95	25	0.00000000000000000	0.53702730163740919	0.57327395980663887	0.54142723547624960	SESSION	false
af0b7f804a8d8337572d6a4a6f2ddcb426defb1f4d5f28ed0fde54882050d00c	a2b3facd10cee4f0909891958654ec1a86b2615c602c30a726ea3c4bf4706c18	OBSOPEN_US30_20250520	2025-05-20	180	95	26	0.00000000000000000	0.53481375923329733	0.55525422464921059	0.52725494597289724	SESSION	false
af0b7f804a8d8337572d6a4a6f2ddcb426defb1f4d5f28ed0fde54882050d00c	a2b3facd10cee4f0909891958654ec1a86b2615c602c30a726ea3c4bf4706c18	OBSOPEN_US30_20250520	2025-05-20	180	95	27	0.00000000000000000	0.53407565020052150	0.55686628041313480	0.51748270739758628	SESSION	false
af0b7f804a8d8337572d6a4a6f2ddcb426defb1f4d5f28ed0fde54882050d00c	a2b3facd10cee4f0909891958654ec1a86b2615c602c30a726ea3c4bf4706c18	OBSOPEN_US30_20250520	2025-05-20	180	95	28	0.00000000000000000	0.53481375923329733	0.54120772308415832	0.49761087884078664	SESSION	false
af0b7f804a8d8337572d6a4a6f2ddcb426defb1f4d5f28ed0fde54882050d00c	a2b3facd10cee4f0909891958654ec1a86b2615c602c30a726ea3c4bf4706c18	OBSOPEN_US30_20250520	2025-05-20	180	95	29	0.00000000000000000	0.53407565020052150	0.52862823189226560	0.48182085894159538	SESSION	false
af0b7f804a8d8337572d6a4a6f2ddcb426defb1f4d5f28ed0fde54882050d00c	a2b3facd10cee4f0909891958654ec1a86b2615c602c30a726ea3c4bf4706c18	OBSOPEN_US30_20250520	2025-05-20	180	95	30	0.00000000000000000	0.53407565020052150	0.53331423968910385	0.49643025422412890	SESSION	false
af0b7f804a8d8337572d6a4a6f2ddcb426defb1f4d5f28ed0fde54882050d00c	a2b3facd10cee4f0909891958654ec1a86b2615c602c30a726ea3c4bf4706c18	OBSOPEN_US30_20250528	2025-05-28	180	96	1	0.00000000000000000	0.53677039834323015	0.50709139146313953	0.60065719806205042	SESSION	false
af0b7f804a8d8337572d6a4a6f2ddcb426defb1f4d5f28ed0fde54882050d00c	a2b3facd10cee4f0909891958654ec1a86b2615c602c30a726ea3c4bf4706c18	OBSOPEN_US30_20250528	2025-05-28	180	96	2	0.00000000000000000	0.53702730163740919	0.49730180580983407	0.46864981697384611	SESSION	false
af0b7f804a8d8337572d6a4a6f2ddcb426defb1f4d5f28ed0fde54882050d00c	a2b3facd10cee4f0909891958654ec1a86b2615c602c30a726ea3c4bf4706c18	OBSOPEN_US30_20250528	2025-05-28	180	96	3	0.00000000000000000	0.53702730163740919	0.53122075293308890	0.67686158067398472	SESSION	false
af0b7f804a8d8337572d6a4a6f2ddcb426defb1f4d5f28ed0fde54882050d00c	a2b3facd10cee4f0909891958654ec1a86b2615c602c30a726ea3c4bf4706c18	OBSOPEN_US30_20250528	2025-05-28	180	96	4	0.00000000000000000	0.53628958781724945	0.56856841214967768	0.72131805114198366	SESSION	false
af0b7f804a8d8337572d6a4a6f2ddcb426defb1f4d5f28ed0fde54882050d00c	a2b3facd10cee4f0909891958654ec1a86b2615c602c30a726ea3c4bf4706c18	OBSOPEN_US30_20250528	2025-05-28	180	96	5	0.00000000000000000	0.53555173939429335	0.57980238777863358	0.68834019969577176	SESSION	false
af0b7f804a8d8337572d6a4a6f2ddcb426defb1f4d5f28ed0fde54882050d00c	a2b3facd10cee4f0909891958654ec1a86b2615c602c30a726ea3c4bf4706c18	OBSOPEN_US30_20250528	2025-05-28	180	96	6	0.00000000000000000	0.53555173939429335	0.59527434130475942	0.69764639073424883	SESSION	false
af0b7f804a8d8337572d6a4a6f2ddcb426defb1f4d5f28ed0fde54882050d00c	a2b3facd10cee4f0909891958654ec1a86b2615c602c30a726ea3c4bf4706c18	OBSOPEN_US30_20250528	2025-05-28	180	96	7	0.00000000000000000	0.53481375923329733	0.60360435334949480	0.71652919952439953	SESSION	false
af0b7f804a8d8337572d6a4a6f2ddcb426defb1f4d5f28ed0fde54882050d00c	a2b3facd10cee4f0909891958654ec1a86b2615c602c30a726ea3c4bf4706c18	OBSOPEN_US30_20250528	2025-05-28	180	96	8	0.00000000000000000	0.53923960685686589	0.61545117350932155	0.73800203465402514	SESSION	false
af0b7f804a8d8337572d6a4a6f2ddcb426defb1f4d5f28ed0fde54882050d00c	a2b3facd10cee4f0909891958654ec1a86b2615c602c30a726ea3c4bf4706c18	OBSOPEN_US30_20250528	2025-05-28	180	96	9	0.00000000000000000	0.53923960685686589	0.61012073834118719	0.72062348729087411	SESSION	false
af0b7f804a8d8337572d6a4a6f2ddcb426defb1f4d5f28ed0fde54882050d00c	a2b3facd10cee4f0909891958654ec1a86b2615c602c30a726ea3c4bf4706c18	OBSOPEN_US30_20250528	2025-05-28	180	96	10	0.00000000000000000	0.53702730163740919	0.63776057553003618	0.73108133765799377	SESSION	false
af0b7f804a8d8337572d6a4a6f2ddcb426defb1f4d5f28ed0fde54882050d00c	a2b3facd10cee4f0909891958654ec1a86b2615c602c30a726ea3c4bf4706c18	OBSOPEN_US30_20250528	2025-05-28	180	96	11	0.00000000000000000	0.53702730163740919	0.64898486116635445	0.70778714757070127	SESSION	false
af0b7f804a8d8337572d6a4a6f2ddcb426defb1f4d5f28ed0fde54882050d00c	a2b3facd10cee4f0909891958654ec1a86b2615c602c30a726ea3c4bf4706c18	OBSOPEN_US30_20250528	2025-05-28	180	96	12	0.00000000000000000	0.53702730163740919	0.62997176328622395	0.68697198173804652	SESSION	false
af0b7f804a8d8337572d6a4a6f2ddcb426defb1f4d5f28ed0fde54882050d00c	a2b3facd10cee4f0909891958654ec1a86b2615c602c30a726ea3c4bf4706c18	OBSOPEN_US30_20250528	2025-05-28	180	96	13	0.00000000000000000	0.53850231401805004	0.62968449833972362	0.68395825015677580	SESSION	false
af0b7f804a8d8337572d6a4a6f2ddcb426defb1f4d5f28ed0fde54882050d00c	a2b3facd10cee4f0909891958654ec1a86b2615c602c30a726ea3c4bf4706c18	OBSOPEN_US30_20250528	2025-05-28	180	96	14	0.00000000000000000	0.53850231401805004	0.62685875653420031	0.68586635702278254	SESSION	false
af0b7f804a8d8337572d6a4a6f2ddcb426defb1f4d5f28ed0fde54882050d00c	a2b3facd10cee4f0909891958654ec1a86b2615c602c30a726ea3c4bf4706c18	OBSOPEN_US30_20250528	2025-05-28	180	96	15	0.00000000000000000	0.53702730163740919	0.63487854717144954	0.68855862764156950	SESSION	false
af0b7f804a8d8337572d6a4a6f2ddcb426defb1f4d5f28ed0fde54882050d00c	a2b3facd10cee4f0909891958654ec1a86b2615c602c30a726ea3c4bf4706c18	OBSOPEN_US30_20250528	2025-05-28	180	96	16	0.00000000000000000	0.53776487799155581	0.63137814021356853	0.68748561761596250	SESSION	false
af0b7f804a8d8337572d6a4a6f2ddcb426defb1f4d5f28ed0fde54882050d00c	a2b3facd10cee4f0909891958654ec1a86b2615c602c30a726ea3c4bf4706c18	OBSOPEN_US30_20250528	2025-05-28	180	96	17	0.00000000000000000	0.53923960685686589	0.62703355574125696	0.69764932785726441	SESSION	false
af0b7f804a8d8337572d6a4a6f2ddcb426defb1f4d5f28ed0fde54882050d00c	a2b3facd10cee4f0909891958654ec1a86b2615c602c30a726ea3c4bf4706c18	OBSOPEN_US30_20250528	2025-05-28	180	96	18	0.00000000000000000	0.53997675364962783	0.60398914254913472	0.65358912703587080	SESSION	false
af0b7f804a8d8337572d6a4a6f2ddcb426defb1f4d5f28ed0fde54882050d00c	a2b3facd10cee4f0909891958654ec1a86b2615c602c30a726ea3c4bf4706c18	OBSOPEN_US30_20250528	2025-05-28	180	96	19	0.00000000000000000	0.54071375153964718	0.55446795523390879	0.57181690182977163	SESSION	false
af0b7f804a8d8337572d6a4a6f2ddcb426defb1f4d5f28ed0fde54882050d00c	a2b3facd10cee4f0909891958654ec1a86b2615c602c30a726ea3c4bf4706c18	OBSOPEN_US30_20250528	2025-05-28	180	96	20	0.00000000000000000	0.53997675364962783	0.53752791654004783	0.54254588116167368	SESSION	false
af0b7f804a8d8337572d6a4a6f2ddcb426defb1f4d5f28ed0fde54882050d00c	a2b3facd10cee4f0909891958654ec1a86b2615c602c30a726ea3c4bf4706c18	OBSOPEN_US30_20250528	2025-05-28	180	96	21	0.00000000000000000	0.53702730163740919	0.49546112510210866	0.46157586941025108	SESSION	false
af0b7f804a8d8337572d6a4a6f2ddcb426defb1f4d5f28ed0fde54882050d00c	a2b3facd10cee4f0909891958654ec1a86b2615c602c30a726ea3c4bf4706c18	OBSOPEN_US30_20250528	2025-05-28	180	96	22	0.00000000000000000	0.53555173939429335	0.48105044880368930	0.43716075540573290	SESSION	false
af0b7f804a8d8337572d6a4a6f2ddcb426defb1f4d5f28ed0fde54882050d00c	a2b3facd10cee4f0909891958654ec1a86b2615c602c30a726ea3c4bf4706c18	OBSOPEN_US30_20250528	2025-05-28	180	96	23	0.00000000000000000	0.53555173939429335	0.46199296289569630	0.39151652670229353	SESSION	false
af0b7f804a8d8337572d6a4a6f2ddcb426defb1f4d5f28ed0fde54882050d00c	a2b3facd10cee4f0909891958654ec1a86b2615c602c30a726ea3c4bf4706c18	OBSOPEN_US30_20250528	2025-05-28	180	96	24	0.00000000000000000	0.53481375923329733	0.40635400491536833	0.30704891988698585	SESSION	false
af0b7f804a8d8337572d6a4a6f2ddcb426defb1f4d5f28ed0fde54882050d00c	a2b3facd10cee4f0909891958654ec1a86b2615c602c30a726ea3c4bf4706c18	OBSOPEN_US30_20250528	2025-05-28	180	96	25	0.00000000000000000	0.53702730163740919	0.40182870211085858	0.32357109298411185	SESSION	false
af0b7f804a8d8337572d6a4a6f2ddcb426defb1f4d5f28ed0fde54882050d00c	a2b3facd10cee4f0909891958654ec1a86b2615c602c30a726ea3c4bf4706c18	OBSOPEN_US30_20250528	2025-05-28	180	96	26	0.00000000000000000	0.53481375923329733	0.43017393179829749	0.35226052674967284	SESSION	false
af0b7f804a8d8337572d6a4a6f2ddcb426defb1f4d5f28ed0fde54882050d00c	a2b3facd10cee4f0909891958654ec1a86b2615c602c30a726ea3c4bf4706c18	OBSOPEN_US30_20250528	2025-05-28	180	96	27	0.00000000000000000	0.53407565020052150	0.43692422859310148	0.36810713139929890	SESSION	false
af0b7f804a8d8337572d6a4a6f2ddcb426defb1f4d5f28ed0fde54882050d00c	a2b3facd10cee4f0909891958654ec1a86b2615c602c30a726ea3c4bf4706c18	OBSOPEN_US30_20250528	2025-05-28	180	96	28	0.00000000000000000	0.53481375923329733	0.41826601613314485	0.33774292872639861	SESSION	false
af0b7f804a8d8337572d6a4a6f2ddcb426defb1f4d5f28ed0fde54882050d00c	a2b3facd10cee4f0909891958654ec1a86b2615c602c30a726ea3c4bf4706c18	OBSOPEN_US30_20250528	2025-05-28	180	96	29	0.00000000000000000	0.53407565020052150	0.42747238045067254	0.35499728478447168	SESSION	false
af0b7f804a8d8337572d6a4a6f2ddcb426defb1f4d5f28ed0fde54882050d00c	a2b3facd10cee4f0909891958654ec1a86b2615c602c30a726ea3c4bf4706c18	OBSOPEN_US30_20250528	2025-05-28	180	96	30	0.00000000000000000	0.53407565020052150	0.43904326412799999	0.36348461774601992	SESSION	false
af0b7f804a8d8337572d6a4a6f2ddcb426defb1f4d5f28ed0fde54882050d00c	a2b3facd10cee4f0909891958654ec1a86b2615c602c30a726ea3c4bf4706c18	OBSOPEN_US30_20250605	2025-06-05	180	97	1	0.00000000000000000	0.53677039834323015	0.51582564296380784	0.58798782817962825	SESSION	false
af0b7f804a8d8337572d6a4a6f2ddcb426defb1f4d5f28ed0fde54882050d00c	a2b3facd10cee4f0909891958654ec1a86b2615c602c30a726ea3c4bf4706c18	OBSOPEN_US30_20250605	2025-06-05	180	97	2	0.00000000000000000	0.53702730163740919	0.51282024460952513	0.50126176257105615	SESSION	false
af0b7f804a8d8337572d6a4a6f2ddcb426defb1f4d5f28ed0fde54882050d00c	a2b3facd10cee4f0909891958654ec1a86b2615c602c30a726ea3c4bf4706c18	OBSOPEN_US30_20250605	2025-06-05	180	97	3	0.00000000000000000	0.53702730163740919	0.47810704812157179	0.42209365117785624	SESSION	false
af0b7f804a8d8337572d6a4a6f2ddcb426defb1f4d5f28ed0fde54882050d00c	a2b3facd10cee4f0909891958654ec1a86b2615c602c30a726ea3c4bf4706c18	OBSOPEN_US30_20250605	2025-06-05	180	97	4	0.00000000000000000	0.53628958781724945	0.43387930022286764	0.31804704573393405	SESSION	false
af0b7f804a8d8337572d6a4a6f2ddcb426defb1f4d5f28ed0fde54882050d00c	a2b3facd10cee4f0909891958654ec1a86b2615c602c30a726ea3c4bf4706c18	OBSOPEN_US30_20250605	2025-06-05	180	97	5	0.00000000000000000	0.53555173939429335	0.43522232723505677	0.34778619474648143	SESSION	false
af0b7f804a8d8337572d6a4a6f2ddcb426defb1f4d5f28ed0fde54882050d00c	a2b3facd10cee4f0909891958654ec1a86b2615c602c30a726ea3c4bf4706c18	OBSOPEN_US30_20250605	2025-06-05	180	97	6	0.00000000000000000	0.53555173939429335	0.42418095583965193	0.32081642724243442	SESSION	false
af0b7f804a8d8337572d6a4a6f2ddcb426defb1f4d5f28ed0fde54882050d00c	a2b3facd10cee4f0909891958654ec1a86b2615c602c30a726ea3c4bf4706c18	OBSOPEN_US30_20250605	2025-06-05	180	97	7	0.00000000000000000	0.53481375923329733	0.40403539663080579	0.29814418192155562	SESSION	false
af0b7f804a8d8337572d6a4a6f2ddcb426defb1f4d5f28ed0fde54882050d00c	a2b3facd10cee4f0909891958654ec1a86b2615c602c30a726ea3c4bf4706c18	OBSOPEN_US30_20250605	2025-06-05	180	97	8	0.00000000000000000	0.53923960685686589	0.40439114380219426	0.32240381036329080	SESSION	false
af0b7f804a8d8337572d6a4a6f2ddcb426defb1f4d5f28ed0fde54882050d00c	a2b3facd10cee4f0909891958654ec1a86b2615c602c30a726ea3c4bf4706c18	OBSOPEN_US30_20250605	2025-06-05	180	97	9	0.00000000000000000	0.53923960685686589	0.39779808965810037	0.31842930061393954	SESSION	false
af0b7f804a8d8337572d6a4a6f2ddcb426defb1f4d5f28ed0fde54882050d00c	a2b3facd10cee4f0909891958654ec1a86b2615c602c30a726ea3c4bf4706c18	OBSOPEN_US30_20250605	2025-06-05	180	97	10	0.00000000000000000	0.53702730163740919	0.41337160840815979	0.35843259396976390	SESSION	false
af0b7f804a8d8337572d6a4a6f2ddcb426defb1f4d5f28ed0fde54882050d00c	a2b3facd10cee4f0909891958654ec1a86b2615c602c30a726ea3c4bf4706c18	OBSOPEN_US30_20250605	2025-06-05	180	97	11	0.00000000000000000	0.53702730163740919	0.39498916571399312	0.34348421651888283	SESSION	false
af0b7f804a8d8337572d6a4a6f2ddcb426defb1f4d5f28ed0fde54882050d00c	a2b3facd10cee4f0909891958654ec1a86b2615c602c30a726ea3c4bf4706c18	OBSOPEN_US30_20250605	2025-06-05	180	97	12	1.00000000000000000	0.53702730163740919	0.43016039486290780	0.38323449566279083	SESSION	false
af0b7f804a8d8337572d6a4a6f2ddcb426defb1f4d5f28ed0fde54882050d00c	a2b3facd10cee4f0909891958654ec1a86b2615c602c30a726ea3c4bf4706c18	OBSOPEN_US30_20250605	2025-06-05	180	97	13	1.00000000000000000	0.53850231401805004	0.41350244311193635	0.35841036893500128	SESSION	false
af0b7f804a8d8337572d6a4a6f2ddcb426defb1f4d5f28ed0fde54882050d00c	a2b3facd10cee4f0909891958654ec1a86b2615c602c30a726ea3c4bf4706c18	OBSOPEN_US30_20250605	2025-06-05	180	97	14	0.00000000000000000	0.53850231401805004	0.36024653690418912	0.30555344820466418	SESSION	false
af0b7f804a8d8337572d6a4a6f2ddcb426defb1f4d5f28ed0fde54882050d00c	a2b3facd10cee4f0909891958654ec1a86b2615c602c30a726ea3c4bf4706c18	OBSOPEN_US30_20250605	2025-06-05	180	97	15	0.00000000000000000	0.53702730163740919	0.37103769859952818	0.31867649981450785	SESSION	false
af0b7f804a8d8337572d6a4a6f2ddcb426defb1f4d5f28ed0fde54882050d00c	a2b3facd10cee4f0909891958654ec1a86b2615c602c30a726ea3c4bf4706c18	OBSOPEN_US30_20250605	2025-06-05	180	97	16	0.00000000000000000	0.53776487799155581	0.36681583017958674	0.32152333898646612	SESSION	false
af0b7f804a8d8337572d6a4a6f2ddcb426defb1f4d5f28ed0fde54882050d00c	a2b3facd10cee4f0909891958654ec1a86b2615c602c30a726ea3c4bf4706c18	OBSOPEN_US30_20250605	2025-06-05	180	97	17	1.00000000000000000	0.53923960685686589	0.34108121440785644	0.33212903608227973	SESSION	false
af0b7f804a8d8337572d6a4a6f2ddcb426defb1f4d5f28ed0fde54882050d00c	a2b3facd10cee4f0909891958654ec1a86b2615c602c30a726ea3c4bf4706c18	OBSOPEN_US30_20250605	2025-06-05	180	97	18	1.00000000000000000	0.53997675364962783	0.34340136346336031	0.34674617035325977	SESSION	false
af0b7f804a8d8337572d6a4a6f2ddcb426defb1f4d5f28ed0fde54882050d00c	a2b3facd10cee4f0909891958654ec1a86b2615c602c30a726ea3c4bf4706c18	OBSOPEN_US30_20250605	2025-06-05	180	97	19	1.00000000000000000	0.54071375153964718	0.37008956155349415	0.36576398261252097	SESSION	false
af0b7f804a8d8337572d6a4a6f2ddcb426defb1f4d5f28ed0fde54882050d00c	a2b3facd10cee4f0909891958654ec1a86b2615c602c30a726ea3c4bf4706c18	OBSOPEN_US30_20250605	2025-06-05	180	97	20	1.00000000000000000	0.53997675364962783	0.41081499953350714	0.39895512968285607	SESSION	false
af0b7f804a8d8337572d6a4a6f2ddcb426defb1f4d5f28ed0fde54882050d00c	a2b3facd10cee4f0909891958654ec1a86b2615c602c30a726ea3c4bf4706c18	OBSOPEN_US30_20250605	2025-06-05	180	97	21	1.00000000000000000	0.53702730163740919	0.43158685497145055	0.39650910420594859	SESSION	false
af0b7f804a8d8337572d6a4a6f2ddcb426defb1f4d5f28ed0fde54882050d00c	a2b3facd10cee4f0909891958654ec1a86b2615c602c30a726ea3c4bf4706c18	OBSOPEN_US30_20250605	2025-06-05	180	97	22	1.00000000000000000	0.53555173939429335	0.35658335104138406	0.32744705547808600	SESSION	false
af0b7f804a8d8337572d6a4a6f2ddcb426defb1f4d5f28ed0fde54882050d00c	a2b3facd10cee4f0909891958654ec1a86b2615c602c30a726ea3c4bf4706c18	OBSOPEN_US30_20250605	2025-06-05	180	97	23	1.00000000000000000	0.53555173939429335	0.31149840753089958	0.29296823458590499	SESSION	false
af0b7f804a8d8337572d6a4a6f2ddcb426defb1f4d5f28ed0fde54882050d00c	a2b3facd10cee4f0909891958654ec1a86b2615c602c30a726ea3c4bf4706c18	OBSOPEN_US30_20250605	2025-06-05	180	97	24	1.00000000000000000	0.53481375923329733	0.33043467325924930	0.30920265889938670	SESSION	false
af0b7f804a8d8337572d6a4a6f2ddcb426defb1f4d5f28ed0fde54882050d00c	a2b3facd10cee4f0909891958654ec1a86b2615c602c30a726ea3c4bf4706c18	OBSOPEN_US30_20250605	2025-06-05	180	97	25	1.00000000000000000	0.53702730163740919	0.32206141243926273	0.30624718053244093	SESSION	false
af0b7f804a8d8337572d6a4a6f2ddcb426defb1f4d5f28ed0fde54882050d00c	a2b3facd10cee4f0909891958654ec1a86b2615c602c30a726ea3c4bf4706c18	OBSOPEN_US30_20250605	2025-06-05	180	97	26	1.00000000000000000	0.53481375923329733	0.30383841696868902	0.28798916821141735	SESSION	false
af0b7f804a8d8337572d6a4a6f2ddcb426defb1f4d5f28ed0fde54882050d00c	a2b3facd10cee4f0909891958654ec1a86b2615c602c30a726ea3c4bf4706c18	OBSOPEN_US30_20250605	2025-06-05	180	97	27	1.00000000000000000	0.53407565020052150	0.28496120027117128	0.28176910622503981	SESSION	false
af0b7f804a8d8337572d6a4a6f2ddcb426defb1f4d5f28ed0fde54882050d00c	a2b3facd10cee4f0909891958654ec1a86b2615c602c30a726ea3c4bf4706c18	OBSOPEN_US30_20250605	2025-06-05	180	97	28	1.00000000000000000	0.53481375923329733	0.28300625180997957	0.29683388871330896	SESSION	false
af0b7f804a8d8337572d6a4a6f2ddcb426defb1f4d5f28ed0fde54882050d00c	a2b3facd10cee4f0909891958654ec1a86b2615c602c30a726ea3c4bf4706c18	OBSOPEN_US30_20250605	2025-06-05	180	97	29	1.00000000000000000	0.53407565020052150	0.26361575422934680	0.28076445454915261	SESSION	false
af0b7f804a8d8337572d6a4a6f2ddcb426defb1f4d5f28ed0fde54882050d00c	a2b3facd10cee4f0909891958654ec1a86b2615c602c30a726ea3c4bf4706c18	OBSOPEN_US30_20250605	2025-06-05	180	97	30	1.00000000000000000	0.53407565020052150	0.28009964592196074	0.29546275565963981	SESSION	false
af0b7f804a8d8337572d6a4a6f2ddcb426defb1f4d5f28ed0fde54882050d00c	a2b3facd10cee4f0909891958654ec1a86b2615c602c30a726ea3c4bf4706c18	OBSOPEN_US30_20250609	2025-06-09	180	98	1	0.00000000000000000	0.53677039834323015	0.49321446246478240	0.49617769162170455	SESSION	false
af0b7f804a8d8337572d6a4a6f2ddcb426defb1f4d5f28ed0fde54882050d00c	a2b3facd10cee4f0909891958654ec1a86b2615c602c30a726ea3c4bf4706c18	OBSOPEN_US30_20250609	2025-06-09	180	98	2	0.00000000000000000	0.53702730163740919	0.48317737823784063	0.40617223737343033	SESSION	false
af0b7f804a8d8337572d6a4a6f2ddcb426defb1f4d5f28ed0fde54882050d00c	a2b3facd10cee4f0909891958654ec1a86b2615c602c30a726ea3c4bf4706c18	OBSOPEN_US30_20250609	2025-06-09	180	98	3	0.00000000000000000	0.53702730163740919	0.42885220548661263	0.32472675644107757	SESSION	false
af0b7f804a8d8337572d6a4a6f2ddcb426defb1f4d5f28ed0fde54882050d00c	a2b3facd10cee4f0909891958654ec1a86b2615c602c30a726ea3c4bf4706c18	OBSOPEN_US30_20250609	2025-06-09	180	98	4	0.00000000000000000	0.53628958781724945	0.40120108863018744	0.28529007441016502	SESSION	false
af0b7f804a8d8337572d6a4a6f2ddcb426defb1f4d5f28ed0fde54882050d00c	a2b3facd10cee4f0909891958654ec1a86b2615c602c30a726ea3c4bf4706c18	OBSOPEN_US30_20250609	2025-06-09	180	98	5	0.00000000000000000	0.53555173939429335	0.38903280883243679	0.28658794881370120	SESSION	false
af0b7f804a8d8337572d6a4a6f2ddcb426defb1f4d5f28ed0fde54882050d00c	a2b3facd10cee4f0909891958654ec1a86b2615c602c30a726ea3c4bf4706c18	OBSOPEN_US30_20250609	2025-06-09	180	98	6	0.00000000000000000	0.53555173939429335	0.44156674219971603	0.39023990316369084	SESSION	false
af0b7f804a8d8337572d6a4a6f2ddcb426defb1f4d5f28ed0fde54882050d00c	a2b3facd10cee4f0909891958654ec1a86b2615c602c30a726ea3c4bf4706c18	OBSOPEN_US30_20250609	2025-06-09	180	98	7	0.00000000000000000	0.53481375923329733	0.49686921329744171	0.43965577778475440	SESSION	false
af0b7f804a8d8337572d6a4a6f2ddcb426defb1f4d5f28ed0fde54882050d00c	a2b3facd10cee4f0909891958654ec1a86b2615c602c30a726ea3c4bf4706c18	OBSOPEN_US30_20250609	2025-06-09	180	98	8	0.00000000000000000	0.53923960685686589	0.51870985005974635	0.48271577616733541	SESSION	false
af0b7f804a8d8337572d6a4a6f2ddcb426defb1f4d5f28ed0fde54882050d00c	a2b3facd10cee4f0909891958654ec1a86b2615c602c30a726ea3c4bf4706c18	OBSOPEN_US30_20250609	2025-06-09	180	98	9	0.00000000000000000	0.53923960685686589	0.51658386478751128	0.48133577150644913	SESSION	false
af0b7f804a8d8337572d6a4a6f2ddcb426defb1f4d5f28ed0fde54882050d00c	a2b3facd10cee4f0909891958654ec1a86b2615c602c30a726ea3c4bf4706c18	OBSOPEN_US30_20250609	2025-06-09	180	98	10	0.00000000000000000	0.53702730163740919	0.50823407085053274	0.45952690871649371	SESSION	false
af0b7f804a8d8337572d6a4a6f2ddcb426defb1f4d5f28ed0fde54882050d00c	a2b3facd10cee4f0909891958654ec1a86b2615c602c30a726ea3c4bf4706c18	OBSOPEN_US30_20250609	2025-06-09	180	98	11	0.00000000000000000	0.53702730163740919	0.48670823913889433	0.42838278035170857	SESSION	false
af0b7f804a8d8337572d6a4a6f2ddcb426defb1f4d5f28ed0fde54882050d00c	a2b3facd10cee4f0909891958654ec1a86b2615c602c30a726ea3c4bf4706c18	OBSOPEN_US30_20250609	2025-06-09	180	98	12	0.00000000000000000	0.53702730163740919	0.50396831807680920	0.46730833578917241	SESSION	false
af0b7f804a8d8337572d6a4a6f2ddcb426defb1f4d5f28ed0fde54882050d00c	a2b3facd10cee4f0909891958654ec1a86b2615c602c30a726ea3c4bf4706c18	OBSOPEN_US30_20250609	2025-06-09	180	98	13	0.00000000000000000	0.53850231401805004	0.47980444519728255	0.43035292155286486	SESSION	false
af0b7f804a8d8337572d6a4a6f2ddcb426defb1f4d5f28ed0fde54882050d00c	a2b3facd10cee4f0909891958654ec1a86b2615c602c30a726ea3c4bf4706c18	OBSOPEN_US30_20250609	2025-06-09	180	98	14	0.00000000000000000	0.53850231401805004	0.43978661599479618	0.38044325431601317	SESSION	false
af0b7f804a8d8337572d6a4a6f2ddcb426defb1f4d5f28ed0fde54882050d00c	a2b3facd10cee4f0909891958654ec1a86b2615c602c30a726ea3c4bf4706c18	OBSOPEN_US30_20250609	2025-06-09	180	98	15	0.00000000000000000	0.53702730163740919	0.44793305097181402	0.39000514574308121	SESSION	false
af0b7f804a8d8337572d6a4a6f2ddcb426defb1f4d5f28ed0fde54882050d00c	a2b3facd10cee4f0909891958654ec1a86b2615c602c30a726ea3c4bf4706c18	OBSOPEN_US30_20250609	2025-06-09	180	98	16	0.00000000000000000	0.53776487799155581	0.50187309182639694	0.47682468199806599	SESSION	false
af0b7f804a8d8337572d6a4a6f2ddcb426defb1f4d5f28ed0fde54882050d00c	a2b3facd10cee4f0909891958654ec1a86b2615c602c30a726ea3c4bf4706c18	OBSOPEN_US30_20250609	2025-06-09	180	98	17	0.00000000000000000	0.53923960685686589	0.50074582836917558	0.46370454198742028	SESSION	false
af0b7f804a8d8337572d6a4a6f2ddcb426defb1f4d5f28ed0fde54882050d00c	a2b3facd10cee4f0909891958654ec1a86b2615c602c30a726ea3c4bf4706c18	OBSOPEN_US30_20250609	2025-06-09	180	98	18	0.00000000000000000	0.53997675364962783	0.45722044848338883	0.41419819520049361	SESSION	false
af0b7f804a8d8337572d6a4a6f2ddcb426defb1f4d5f28ed0fde54882050d00c	a2b3facd10cee4f0909891958654ec1a86b2615c602c30a726ea3c4bf4706c18	OBSOPEN_US30_20250609	2025-06-09	180	98	19	0.00000000000000000	0.54071375153964718	0.44988968600329865	0.40668056238407241	SESSION	false
af0b7f804a8d8337572d6a4a6f2ddcb426defb1f4d5f28ed0fde54882050d00c	a2b3facd10cee4f0909891958654ec1a86b2615c602c30a726ea3c4bf4706c18	OBSOPEN_US30_20250609	2025-06-09	180	98	20	0.00000000000000000	0.53997675364962783	0.46654617407858123	0.43879140707466124	SESSION	false
af0b7f804a8d8337572d6a4a6f2ddcb426defb1f4d5f28ed0fde54882050d00c	a2b3facd10cee4f0909891958654ec1a86b2615c602c30a726ea3c4bf4706c18	OBSOPEN_US30_20250609	2025-06-09	180	98	21	0.00000000000000000	0.53702730163740919	0.43658286786173450	0.37342480132388745	SESSION	false
af0b7f804a8d8337572d6a4a6f2ddcb426defb1f4d5f28ed0fde54882050d00c	a2b3facd10cee4f0909891958654ec1a86b2615c602c30a726ea3c4bf4706c18	OBSOPEN_US30_20250609	2025-06-09	180	98	22	0.00000000000000000	0.53555173939429335	0.39687165181973699	0.32222244170996783	SESSION	false
af0b7f804a8d8337572d6a4a6f2ddcb426defb1f4d5f28ed0fde54882050d00c	a2b3facd10cee4f0909891958654ec1a86b2615c602c30a726ea3c4bf4706c18	OBSOPEN_US30_20250609	2025-06-09	180	98	23	0.00000000000000000	0.53555173939429335	0.38274962288566272	0.30093621127806341	SESSION	false
af0b7f804a8d8337572d6a4a6f2ddcb426defb1f4d5f28ed0fde54882050d00c	a2b3facd10cee4f0909891958654ec1a86b2615c602c30a726ea3c4bf4706c18	OBSOPEN_US30_20250609	2025-06-09	180	98	24	0.00000000000000000	0.53481375923329733	0.36881917173346462	0.28548145845953621	SESSION	false
af0b7f804a8d8337572d6a4a6f2ddcb426defb1f4d5f28ed0fde54882050d00c	a2b3facd10cee4f0909891958654ec1a86b2615c602c30a726ea3c4bf4706c18	OBSOPEN_US30_20250609	2025-06-09	180	98	25	0.00000000000000000	0.53702730163740919	0.40097657665301473	0.33845078128431294	SESSION	false
af0b7f804a8d8337572d6a4a6f2ddcb426defb1f4d5f28ed0fde54882050d00c	a2b3facd10cee4f0909891958654ec1a86b2615c602c30a726ea3c4bf4706c18	OBSOPEN_US30_20250609	2025-06-09	180	98	26	0.00000000000000000	0.53481375923329733	0.42535838814588123	0.35955256875306940	SESSION	false
af0b7f804a8d8337572d6a4a6f2ddcb426defb1f4d5f28ed0fde54882050d00c	a2b3facd10cee4f0909891958654ec1a86b2615c602c30a726ea3c4bf4706c18	OBSOPEN_US30_20250609	2025-06-09	180	98	27	0.00000000000000000	0.53407565020052150	0.43114868646745869	0.36271113011732797	SESSION	false
af0b7f804a8d8337572d6a4a6f2ddcb426defb1f4d5f28ed0fde54882050d00c	a2b3facd10cee4f0909891958654ec1a86b2615c602c30a726ea3c4bf4706c18	OBSOPEN_US30_20250609	2025-06-09	180	98	28	0.00000000000000000	0.53481375923329733	0.38746300226910363	0.30984966673819131	SESSION	false
af0b7f804a8d8337572d6a4a6f2ddcb426defb1f4d5f28ed0fde54882050d00c	a2b3facd10cee4f0909891958654ec1a86b2615c602c30a726ea3c4bf4706c18	OBSOPEN_US30_20250609	2025-06-09	180	98	29	0.00000000000000000	0.53407565020052150	0.37415487056910113	0.30721480498241460	SESSION	false
af0b7f804a8d8337572d6a4a6f2ddcb426defb1f4d5f28ed0fde54882050d00c	a2b3facd10cee4f0909891958654ec1a86b2615c602c30a726ea3c4bf4706c18	OBSOPEN_US30_20250609	2025-06-09	180	98	30	0.00000000000000000	0.53407565020052150	0.36871774143399666	0.28960216288456642	SESSION	false
af0b7f804a8d8337572d6a4a6f2ddcb426defb1f4d5f28ed0fde54882050d00c	a2b3facd10cee4f0909891958654ec1a86b2615c602c30a726ea3c4bf4706c18	OBSOPEN_US30_20250617	2025-06-17	180	99	1	1.00000000000000000	0.53677039834323015	0.50980901470892648	0.57668383579880067	SESSION	false
af0b7f804a8d8337572d6a4a6f2ddcb426defb1f4d5f28ed0fde54882050d00c	a2b3facd10cee4f0909891958654ec1a86b2615c602c30a726ea3c4bf4706c18	OBSOPEN_US30_20250617	2025-06-17	180	99	2	1.00000000000000000	0.53702730163740919	0.56014110984579235	0.68699166251372501	SESSION	false
af0b7f804a8d8337572d6a4a6f2ddcb426defb1f4d5f28ed0fde54882050d00c	a2b3facd10cee4f0909891958654ec1a86b2615c602c30a726ea3c4bf4706c18	OBSOPEN_US30_20250617	2025-06-17	180	99	3	1.00000000000000000	0.53702730163740919	0.61581896577676598	0.70091424415234405	SESSION	false
af0b7f804a8d8337572d6a4a6f2ddcb426defb1f4d5f28ed0fde54882050d00c	a2b3facd10cee4f0909891958654ec1a86b2615c602c30a726ea3c4bf4706c18	OBSOPEN_US30_20250617	2025-06-17	180	99	4	1.00000000000000000	0.53628958781724945	0.59535419751073149	0.62903025124600320	SESSION	false
af0b7f804a8d8337572d6a4a6f2ddcb426defb1f4d5f28ed0fde54882050d00c	a2b3facd10cee4f0909891958654ec1a86b2615c602c30a726ea3c4bf4706c18	OBSOPEN_US30_20250617	2025-06-17	180	99	5	1.00000000000000000	0.53555173939429335	0.58474893607964362	0.61862930469743249	SESSION	false
af0b7f804a8d8337572d6a4a6f2ddcb426defb1f4d5f28ed0fde54882050d00c	a2b3facd10cee4f0909891958654ec1a86b2615c602c30a726ea3c4bf4706c18	OBSOPEN_US30_20250617	2025-06-17	180	99	6	1.00000000000000000	0.53555173939429335	0.56213799924026786	0.56610043572489632	SESSION	false
af0b7f804a8d8337572d6a4a6f2ddcb426defb1f4d5f28ed0fde54882050d00c	a2b3facd10cee4f0909891958654ec1a86b2615c602c30a726ea3c4bf4706c18	OBSOPEN_US30_20250617	2025-06-17	180	99	7	1.00000000000000000	0.53481375923329733	0.53518422742251703	0.51228095084357106	SESSION	false
af0b7f804a8d8337572d6a4a6f2ddcb426defb1f4d5f28ed0fde54882050d00c	a2b3facd10cee4f0909891958654ec1a86b2615c602c30a726ea3c4bf4706c18	OBSOPEN_US30_20250617	2025-06-17	180	99	8	1.00000000000000000	0.53923960685686589	0.50808226615690788	0.48217271536458034	SESSION	false
af0b7f804a8d8337572d6a4a6f2ddcb426defb1f4d5f28ed0fde54882050d00c	a2b3facd10cee4f0909891958654ec1a86b2615c602c30a726ea3c4bf4706c18	OBSOPEN_US30_20250617	2025-06-17	180	99	9	1.00000000000000000	0.53923960685686589	0.52602209711348846	0.53144462476974186	SESSION	false
af0b7f804a8d8337572d6a4a6f2ddcb426defb1f4d5f28ed0fde54882050d00c	a2b3facd10cee4f0909891958654ec1a86b2615c602c30a726ea3c4bf4706c18	OBSOPEN_US30_20250617	2025-06-17	180	99	10	1.00000000000000000	0.53702730163740919	0.54342530130025857	0.54918573047966379	SESSION	false
af0b7f804a8d8337572d6a4a6f2ddcb426defb1f4d5f28ed0fde54882050d00c	a2b3facd10cee4f0909891958654ec1a86b2615c602c30a726ea3c4bf4706c18	OBSOPEN_US30_20250617	2025-06-17	180	99	11	1.00000000000000000	0.53702730163740919	0.56869135105004753	0.60858083560265819	SESSION	false
af0b7f804a8d8337572d6a4a6f2ddcb426defb1f4d5f28ed0fde54882050d00c	a2b3facd10cee4f0909891958654ec1a86b2615c602c30a726ea3c4bf4706c18	OBSOPEN_US30_20250617	2025-06-17	180	99	12	1.00000000000000000	0.53702730163740919	0.56664749154277438	0.58653128065720039	SESSION	false
af0b7f804a8d8337572d6a4a6f2ddcb426defb1f4d5f28ed0fde54882050d00c	a2b3facd10cee4f0909891958654ec1a86b2615c602c30a726ea3c4bf4706c18	OBSOPEN_US30_20250617	2025-06-17	180	99	13	1.00000000000000000	0.53850231401805004	0.51469970170473478	0.51242826926820861	SESSION	false
af0b7f804a8d8337572d6a4a6f2ddcb426defb1f4d5f28ed0fde54882050d00c	a2b3facd10cee4f0909891958654ec1a86b2615c602c30a726ea3c4bf4706c18	OBSOPEN_US30_20250617	2025-06-17	180	99	14	1.00000000000000000	0.53850231401805004	0.54376818248669267	0.57896165229261709	SESSION	false
af0b7f804a8d8337572d6a4a6f2ddcb426defb1f4d5f28ed0fde54882050d00c	a2b3facd10cee4f0909891958654ec1a86b2615c602c30a726ea3c4bf4706c18	OBSOPEN_US30_20250617	2025-06-17	180	99	15	1.00000000000000000	0.53702730163740919	0.58712915855822190	0.64141861862736038	SESSION	false
af0b7f804a8d8337572d6a4a6f2ddcb426defb1f4d5f28ed0fde54882050d00c	a2b3facd10cee4f0909891958654ec1a86b2615c602c30a726ea3c4bf4706c18	OBSOPEN_US30_20250617	2025-06-17	180	99	16	1.00000000000000000	0.53776487799155581	0.61148189987911572	0.68435122921715819	SESSION	false
af0b7f804a8d8337572d6a4a6f2ddcb426defb1f4d5f28ed0fde54882050d00c	a2b3facd10cee4f0909891958654ec1a86b2615c602c30a726ea3c4bf4706c18	OBSOPEN_US30_20250617	2025-06-17	180	99	17	1.00000000000000000	0.53923960685686589	0.63624151757875702	0.73706516598507077	SESSION	false
af0b7f804a8d8337572d6a4a6f2ddcb426defb1f4d5f28ed0fde54882050d00c	a2b3facd10cee4f0909891958654ec1a86b2615c602c30a726ea3c4bf4706c18	OBSOPEN_US30_20250617	2025-06-17	180	99	18	1.00000000000000000	0.53997675364962783	0.64050392335877770	0.73597642529345508	SESSION	false
af0b7f804a8d8337572d6a4a6f2ddcb426defb1f4d5f28ed0fde54882050d00c	a2b3facd10cee4f0909891958654ec1a86b2615c602c30a726ea3c4bf4706c18	OBSOPEN_US30_20250617	2025-06-17	180	99	19	1.00000000000000000	0.54071375153964718	0.61937712430989011	0.70257081056271276	SESSION	false
af0b7f804a8d8337572d6a4a6f2ddcb426defb1f4d5f28ed0fde54882050d00c	a2b3facd10cee4f0909891958654ec1a86b2615c602c30a726ea3c4bf4706c18	OBSOPEN_US30_20250617	2025-06-17	180	99	20	1.00000000000000000	0.53997675364962783	0.58846756776954623	0.65252765826726422	SESSION	false
af0b7f804a8d8337572d6a4a6f2ddcb426defb1f4d5f28ed0fde54882050d00c	a2b3facd10cee4f0909891958654ec1a86b2615c602c30a726ea3c4bf4706c18	OBSOPEN_US30_20250617	2025-06-17	180	99	21	1.00000000000000000	0.53702730163740919	0.54171301478502787	0.54803329160696412	SESSION	false
af0b7f804a8d8337572d6a4a6f2ddcb426defb1f4d5f28ed0fde54882050d00c	a2b3facd10cee4f0909891958654ec1a86b2615c602c30a726ea3c4bf4706c18	OBSOPEN_US30_20250617	2025-06-17	180	99	22	1.00000000000000000	0.53555173939429335	0.54661373761638221	0.57433000803120915	SESSION	false
af0b7f804a8d8337572d6a4a6f2ddcb426defb1f4d5f28ed0fde54882050d00c	a2b3facd10cee4f0909891958654ec1a86b2615c602c30a726ea3c4bf4706c18	OBSOPEN_US30_20250617	2025-06-17	180	99	23	1.00000000000000000	0.53555173939429335	0.61103055062356237	0.69898254006500238	SESSION	false
af0b7f804a8d8337572d6a4a6f2ddcb426defb1f4d5f28ed0fde54882050d00c	a2b3facd10cee4f0909891958654ec1a86b2615c602c30a726ea3c4bf4706c18	OBSOPEN_US30_20250617	2025-06-17	180	99	24	1.00000000000000000	0.53481375923329733	0.63011983656353066	0.70162340402116574	SESSION	false
af0b7f804a8d8337572d6a4a6f2ddcb426defb1f4d5f28ed0fde54882050d00c	a2b3facd10cee4f0909891958654ec1a86b2615c602c30a726ea3c4bf4706c18	OBSOPEN_US30_20250617	2025-06-17	180	99	25	1.00000000000000000	0.53702730163740919	0.61320930765565751	0.67838274770460549	SESSION	false
af0b7f804a8d8337572d6a4a6f2ddcb426defb1f4d5f28ed0fde54882050d00c	a2b3facd10cee4f0909891958654ec1a86b2615c602c30a726ea3c4bf4706c18	OBSOPEN_US30_20250617	2025-06-17	180	99	26	1.00000000000000000	0.53481375923329733	0.60126362124829635	0.65264639716403339	SESSION	false
af0b7f804a8d8337572d6a4a6f2ddcb426defb1f4d5f28ed0fde54882050d00c	a2b3facd10cee4f0909891958654ec1a86b2615c602c30a726ea3c4bf4706c18	OBSOPEN_US30_20250617	2025-06-17	180	99	27	1.00000000000000000	0.53407565020052150	0.61103846584464616	0.69177456153581451	SESSION	false
af0b7f804a8d8337572d6a4a6f2ddcb426defb1f4d5f28ed0fde54882050d00c	a2b3facd10cee4f0909891958654ec1a86b2615c602c30a726ea3c4bf4706c18	OBSOPEN_US30_20250617	2025-06-17	180	99	28	1.00000000000000000	0.53481375923329733	0.63094766505471522	0.71286310150804422	SESSION	false
af0b7f804a8d8337572d6a4a6f2ddcb426defb1f4d5f28ed0fde54882050d00c	a2b3facd10cee4f0909891958654ec1a86b2615c602c30a726ea3c4bf4706c18	OBSOPEN_US30_20250617	2025-06-17	180	99	29	1.00000000000000000	0.53407565020052150	0.61359574899116776	0.67246987953673087	SESSION	false
af0b7f804a8d8337572d6a4a6f2ddcb426defb1f4d5f28ed0fde54882050d00c	a2b3facd10cee4f0909891958654ec1a86b2615c602c30a726ea3c4bf4706c18	OBSOPEN_US30_20250617	2025-06-17	180	99	30	1.00000000000000000	0.53407565020052150	0.62007482298678807	0.70010385740247605	SESSION	false
af0b7f804a8d8337572d6a4a6f2ddcb426defb1f4d5f28ed0fde54882050d00c	a2b3facd10cee4f0909891958654ec1a86b2615c602c30a726ea3c4bf4706c18	OBSOPEN_US30_20250623	2025-06-23	180	100	1	1.00000000000000000	0.53677039834323015	0.50198660982301946	0.46631291486150916	SESSION	false
af0b7f804a8d8337572d6a4a6f2ddcb426defb1f4d5f28ed0fde54882050d00c	a2b3facd10cee4f0909891958654ec1a86b2615c602c30a726ea3c4bf4706c18	OBSOPEN_US30_20250623	2025-06-23	180	100	2	1.00000000000000000	0.53702730163740919	0.55235714622978305	0.63107273965525390	SESSION	false
af0b7f804a8d8337572d6a4a6f2ddcb426defb1f4d5f28ed0fde54882050d00c	a2b3facd10cee4f0909891958654ec1a86b2615c602c30a726ea3c4bf4706c18	OBSOPEN_US30_20250623	2025-06-23	180	100	3	1.00000000000000000	0.53702730163740919	0.55211177361296482	0.54499640386983228	SESSION	false
af0b7f804a8d8337572d6a4a6f2ddcb426defb1f4d5f28ed0fde54882050d00c	a2b3facd10cee4f0909891958654ec1a86b2615c602c30a726ea3c4bf4706c18	OBSOPEN_US30_20250623	2025-06-23	180	100	4	1.00000000000000000	0.53628958781724945	0.46637996037260177	0.39941610502754876	SESSION	false
af0b7f804a8d8337572d6a4a6f2ddcb426defb1f4d5f28ed0fde54882050d00c	a2b3facd10cee4f0909891958654ec1a86b2615c602c30a726ea3c4bf4706c18	OBSOPEN_US30_20250623	2025-06-23	180	100	5	1.00000000000000000	0.53555173939429335	0.51089176910193679	0.49896528368337018	SESSION	false
af0b7f804a8d8337572d6a4a6f2ddcb426defb1f4d5f28ed0fde54882050d00c	a2b3facd10cee4f0909891958654ec1a86b2615c602c30a726ea3c4bf4706c18	OBSOPEN_US30_20250623	2025-06-23	180	100	6	1.00000000000000000	0.53555173939429335	0.56623786199285853	0.60504170565318638	SESSION	false
af0b7f804a8d8337572d6a4a6f2ddcb426defb1f4d5f28ed0fde54882050d00c	a2b3facd10cee4f0909891958654ec1a86b2615c602c30a726ea3c4bf4706c18	OBSOPEN_US30_20250623	2025-06-23	180	100	7	1.00000000000000000	0.53481375923329733	0.62684924910097806	0.68709984482799857	SESSION	false
af0b7f804a8d8337572d6a4a6f2ddcb426defb1f4d5f28ed0fde54882050d00c	a2b3facd10cee4f0909891958654ec1a86b2615c602c30a726ea3c4bf4706c18	OBSOPEN_US30_20250623	2025-06-23	180	100	8	1.00000000000000000	0.53923960685686589	0.65873904890630486	0.74047778921127827	SESSION	false
af0b7f804a8d8337572d6a4a6f2ddcb426defb1f4d5f28ed0fde54882050d00c	a2b3facd10cee4f0909891958654ec1a86b2615c602c30a726ea3c4bf4706c18	OBSOPEN_US30_20250623	2025-06-23	180	100	9	1.00000000000000000	0.53923960685686589	0.67368380562123653	0.74308309749538004	SESSION	false
af0b7f804a8d8337572d6a4a6f2ddcb426defb1f4d5f28ed0fde54882050d00c	a2b3facd10cee4f0909891958654ec1a86b2615c602c30a726ea3c4bf4706c18	OBSOPEN_US30_20250623	2025-06-23	180	100	10	1.00000000000000000	0.53702730163740919	0.70497458387178047	0.73344244568893369	SESSION	false
af0b7f804a8d8337572d6a4a6f2ddcb426defb1f4d5f28ed0fde54882050d00c	a2b3facd10cee4f0909891958654ec1a86b2615c602c30a726ea3c4bf4706c18	OBSOPEN_US30_20250623	2025-06-23	180	100	11	1.00000000000000000	0.53702730163740919	0.72562795275350300	0.74431237003772377	SESSION	false
af0b7f804a8d8337572d6a4a6f2ddcb426defb1f4d5f28ed0fde54882050d00c	a2b3facd10cee4f0909891958654ec1a86b2615c602c30a726ea3c4bf4706c18	OBSOPEN_US30_20250623	2025-06-23	180	100	12	1.00000000000000000	0.53702730163740919	0.73361573105729572	0.74189980132335809	SESSION	false
af0b7f804a8d8337572d6a4a6f2ddcb426defb1f4d5f28ed0fde54882050d00c	a2b3facd10cee4f0909891958654ec1a86b2615c602c30a726ea3c4bf4706c18	OBSOPEN_US30_20250623	2025-06-23	180	100	13	1.00000000000000000	0.53850231401805004	0.71371043270815682	0.71848609565464705	SESSION	false
af0b7f804a8d8337572d6a4a6f2ddcb426defb1f4d5f28ed0fde54882050d00c	a2b3facd10cee4f0909891958654ec1a86b2615c602c30a726ea3c4bf4706c18	OBSOPEN_US30_20250623	2025-06-23	180	100	14	1.00000000000000000	0.53850231401805004	0.67544567052549409	0.67344781090184103	SESSION	false
af0b7f804a8d8337572d6a4a6f2ddcb426defb1f4d5f28ed0fde54882050d00c	a2b3facd10cee4f0909891958654ec1a86b2615c602c30a726ea3c4bf4706c18	OBSOPEN_US30_20250623	2025-06-23	180	100	15	1.00000000000000000	0.53702730163740919	0.65538307075025870	0.64387536712126847	SESSION	false
af0b7f804a8d8337572d6a4a6f2ddcb426defb1f4d5f28ed0fde54882050d00c	a2b3facd10cee4f0909891958654ec1a86b2615c602c30a726ea3c4bf4706c18	OBSOPEN_US30_20250623	2025-06-23	180	100	16	1.00000000000000000	0.53776487799155581	0.69737483109271192	0.69655439133790742	SESSION	false
af0b7f804a8d8337572d6a4a6f2ddcb426defb1f4d5f28ed0fde54882050d00c	a2b3facd10cee4f0909891958654ec1a86b2615c602c30a726ea3c4bf4706c18	OBSOPEN_US30_20250623	2025-06-23	180	100	17	1.00000000000000000	0.53923960685686589	0.69943901786499418	0.71506279356410762	SESSION	false
af0b7f804a8d8337572d6a4a6f2ddcb426defb1f4d5f28ed0fde54882050d00c	a2b3facd10cee4f0909891958654ec1a86b2615c602c30a726ea3c4bf4706c18	OBSOPEN_US30_20250623	2025-06-23	180	100	18	1.00000000000000000	0.53997675364962783	0.73565983288279768	0.75863294851988827	SESSION	false
af0b7f804a8d8337572d6a4a6f2ddcb426defb1f4d5f28ed0fde54882050d00c	a2b3facd10cee4f0909891958654ec1a86b2615c602c30a726ea3c4bf4706c18	OBSOPEN_US30_20250623	2025-06-23	180	100	19	1.00000000000000000	0.54071375153964718	0.74400017567872190	0.75059742567890853	SESSION	false
af0b7f804a8d8337572d6a4a6f2ddcb426defb1f4d5f28ed0fde54882050d00c	a2b3facd10cee4f0909891958654ec1a86b2615c602c30a726ea3c4bf4706c18	OBSOPEN_US30_20250623	2025-06-23	180	100	20	1.00000000000000000	0.53997675364962783	0.75749293157588804	0.76547688817481485	SESSION	false
af0b7f804a8d8337572d6a4a6f2ddcb426defb1f4d5f28ed0fde54882050d00c	a2b3facd10cee4f0909891958654ec1a86b2615c602c30a726ea3c4bf4706c18	OBSOPEN_US30_20250623	2025-06-23	180	100	21	1.00000000000000000	0.53702730163740919	0.75712850892780725	0.72695319662847080	SESSION	false
af0b7f804a8d8337572d6a4a6f2ddcb426defb1f4d5f28ed0fde54882050d00c	a2b3facd10cee4f0909891958654ec1a86b2615c602c30a726ea3c4bf4706c18	OBSOPEN_US30_20250623	2025-06-23	180	100	22	1.00000000000000000	0.53555173939429335	0.73754032842455897	0.69939965772330037	SESSION	false
af0b7f804a8d8337572d6a4a6f2ddcb426defb1f4d5f28ed0fde54882050d00c	a2b3facd10cee4f0909891958654ec1a86b2615c602c30a726ea3c4bf4706c18	OBSOPEN_US30_20250623	2025-06-23	180	100	23	1.00000000000000000	0.53555173939429335	0.75198353856351441	0.72458085783166737	SESSION	false
af0b7f804a8d8337572d6a4a6f2ddcb426defb1f4d5f28ed0fde54882050d00c	a2b3facd10cee4f0909891958654ec1a86b2615c602c30a726ea3c4bf4706c18	OBSOPEN_US30_20250623	2025-06-23	180	100	24	1.00000000000000000	0.53481375923329733	0.78718675729205878	0.74154658178880861	SESSION	false
af0b7f804a8d8337572d6a4a6f2ddcb426defb1f4d5f28ed0fde54882050d00c	a2b3facd10cee4f0909891958654ec1a86b2615c602c30a726ea3c4bf4706c18	OBSOPEN_US30_20250623	2025-06-23	180	100	25	1.00000000000000000	0.53702730163740919	0.80163465406828860	0.75016337979843550	SESSION	false
af0b7f804a8d8337572d6a4a6f2ddcb426defb1f4d5f28ed0fde54882050d00c	a2b3facd10cee4f0909891958654ec1a86b2615c602c30a726ea3c4bf4706c18	OBSOPEN_US30_20250623	2025-06-23	180	100	26	1.00000000000000000	0.53481375923329733	0.80698653100195650	0.74587580277844245	SESSION	false
af0b7f804a8d8337572d6a4a6f2ddcb426defb1f4d5f28ed0fde54882050d00c	a2b3facd10cee4f0909891958654ec1a86b2615c602c30a726ea3c4bf4706c18	OBSOPEN_US30_20250623	2025-06-23	180	100	27	1.00000000000000000	0.53407565020052150	0.80748108285327214	0.73455933903865156	SESSION	false
af0b7f804a8d8337572d6a4a6f2ddcb426defb1f4d5f28ed0fde54882050d00c	a2b3facd10cee4f0909891958654ec1a86b2615c602c30a726ea3c4bf4706c18	OBSOPEN_US30_20250623	2025-06-23	180	100	28	1.00000000000000000	0.53481375923329733	0.77690699434692045	0.70377800441645688	SESSION	false
af0b7f804a8d8337572d6a4a6f2ddcb426defb1f4d5f28ed0fde54882050d00c	a2b3facd10cee4f0909891958654ec1a86b2615c602c30a726ea3c4bf4706c18	OBSOPEN_US30_20250623	2025-06-23	180	100	29	1.00000000000000000	0.53407565020052150	0.79531249925480363	0.73251906755488949	SESSION	false
af0b7f804a8d8337572d6a4a6f2ddcb426defb1f4d5f28ed0fde54882050d00c	a2b3facd10cee4f0909891958654ec1a86b2615c602c30a726ea3c4bf4706c18	OBSOPEN_US30_20250623	2025-06-23	180	100	30	1.00000000000000000	0.53407565020052150	0.81891009540077098	0.74540621361449266	SESSION	false
af0b7f804a8d8337572d6a4a6f2ddcb426defb1f4d5f28ed0fde54882050d00c	a2b3facd10cee4f0909891958654ec1a86b2615c602c30a726ea3c4bf4706c18	OBSOPEN_US30_20250624	2025-06-24	180	101	1	1.00000000000000000	0.53677039834323015	0.51114775176116289	0.59342639265178976	SESSION	false
af0b7f804a8d8337572d6a4a6f2ddcb426defb1f4d5f28ed0fde54882050d00c	a2b3facd10cee4f0909891958654ec1a86b2615c602c30a726ea3c4bf4706c18	OBSOPEN_US30_20250624	2025-06-24	180	101	2	1.00000000000000000	0.53702730163740919	0.52886769770500874	0.63756484976393835	SESSION	false
af0b7f804a8d8337572d6a4a6f2ddcb426defb1f4d5f28ed0fde54882050d00c	a2b3facd10cee4f0909891958654ec1a86b2615c602c30a726ea3c4bf4706c18	OBSOPEN_US30_20250624	2025-06-24	180	101	3	1.00000000000000000	0.53702730163740919	0.57130302906622765	0.64961440552388039	SESSION	false
af0b7f804a8d8337572d6a4a6f2ddcb426defb1f4d5f28ed0fde54882050d00c	a2b3facd10cee4f0909891958654ec1a86b2615c602c30a726ea3c4bf4706c18	OBSOPEN_US30_20250624	2025-06-24	180	101	4	1.00000000000000000	0.53628958781724945	0.55899434931154290	0.60532145999561116	SESSION	false
af0b7f804a8d8337572d6a4a6f2ddcb426defb1f4d5f28ed0fde54882050d00c	a2b3facd10cee4f0909891958654ec1a86b2615c602c30a726ea3c4bf4706c18	OBSOPEN_US30_20250624	2025-06-24	180	101	5	1.00000000000000000	0.53555173939429335	0.53471674601273578	0.52429925730802440	SESSION	false
af0b7f804a8d8337572d6a4a6f2ddcb426defb1f4d5f28ed0fde54882050d00c	a2b3facd10cee4f0909891958654ec1a86b2615c602c30a726ea3c4bf4706c18	OBSOPEN_US30_20250624	2025-06-24	180	101	6	1.00000000000000000	0.53555173939429335	0.54743101115446813	0.59100170874954272	SESSION	false
af0b7f804a8d8337572d6a4a6f2ddcb426defb1f4d5f28ed0fde54882050d00c	a2b3facd10cee4f0909891958654ec1a86b2615c602c30a726ea3c4bf4706c18	OBSOPEN_US30_20250624	2025-06-24	180	101	7	1.00000000000000000	0.53481375923329733	0.58787614562290624	0.66745949139721383	SESSION	false
af0b7f804a8d8337572d6a4a6f2ddcb426defb1f4d5f28ed0fde54882050d00c	a2b3facd10cee4f0909891958654ec1a86b2615c602c30a726ea3c4bf4706c18	OBSOPEN_US30_20250624	2025-06-24	180	101	8	1.00000000000000000	0.53923960685686589	0.61724744745148608	0.74355049442411381	SESSION	false
af0b7f804a8d8337572d6a4a6f2ddcb426defb1f4d5f28ed0fde54882050d00c	a2b3facd10cee4f0909891958654ec1a86b2615c602c30a726ea3c4bf4706c18	OBSOPEN_US30_20250624	2025-06-24	180	101	9	1.00000000000000000	0.53923960685686589	0.63111715866910922	0.72409971767056436	SESSION	false
af0b7f804a8d8337572d6a4a6f2ddcb426defb1f4d5f28ed0fde54882050d00c	a2b3facd10cee4f0909891958654ec1a86b2615c602c30a726ea3c4bf4706c18	OBSOPEN_US30_20250624	2025-06-24	180	101	10	1.00000000000000000	0.53702730163740919	0.64983714602543308	0.72485728126619164	SESSION	false
af0b7f804a8d8337572d6a4a6f2ddcb426defb1f4d5f28ed0fde54882050d00c	a2b3facd10cee4f0909891958654ec1a86b2615c602c30a726ea3c4bf4706c18	OBSOPEN_US30_20250624	2025-06-24	180	101	11	1.00000000000000000	0.53702730163740919	0.67490262302693749	0.73555831512987091	SESSION	false
af0b7f804a8d8337572d6a4a6f2ddcb426defb1f4d5f28ed0fde54882050d00c	a2b3facd10cee4f0909891958654ec1a86b2615c602c30a726ea3c4bf4706c18	OBSOPEN_US30_20250624	2025-06-24	180	101	12	1.00000000000000000	0.53702730163740919	0.69079519210818685	0.73997787760925182	SESSION	false
af0b7f804a8d8337572d6a4a6f2ddcb426defb1f4d5f28ed0fde54882050d00c	a2b3facd10cee4f0909891958654ec1a86b2615c602c30a726ea3c4bf4706c18	OBSOPEN_US30_20250624	2025-06-24	180	101	13	1.00000000000000000	0.53850231401805004	0.69318832265533026	0.72921125413989596	SESSION	false
af0b7f804a8d8337572d6a4a6f2ddcb426defb1f4d5f28ed0fde54882050d00c	a2b3facd10cee4f0909891958654ec1a86b2615c602c30a726ea3c4bf4706c18	OBSOPEN_US30_20250624	2025-06-24	180	101	14	1.00000000000000000	0.53850231401805004	0.69073908460665889	0.72826602416665021	SESSION	false
af0b7f804a8d8337572d6a4a6f2ddcb426defb1f4d5f28ed0fde54882050d00c	a2b3facd10cee4f0909891958654ec1a86b2615c602c30a726ea3c4bf4706c18	OBSOPEN_US30_20250624	2025-06-24	180	101	15	1.00000000000000000	0.53702730163740919	0.64334030934500153	0.65201265124771302	SESSION	false
af0b7f804a8d8337572d6a4a6f2ddcb426defb1f4d5f28ed0fde54882050d00c	a2b3facd10cee4f0909891958654ec1a86b2615c602c30a726ea3c4bf4706c18	OBSOPEN_US30_20250624	2025-06-24	180	101	16	1.00000000000000000	0.53776487799155581	0.62272095504633007	0.63156273252989004	SESSION	false
af0b7f804a8d8337572d6a4a6f2ddcb426defb1f4d5f28ed0fde54882050d00c	a2b3facd10cee4f0909891958654ec1a86b2615c602c30a726ea3c4bf4706c18	OBSOPEN_US30_20250624	2025-06-24	180	101	17	1.00000000000000000	0.53923960685686589	0.63122481590529622	0.65072111875713778	SESSION	false
af0b7f804a8d8337572d6a4a6f2ddcb426defb1f4d5f28ed0fde54882050d00c	a2b3facd10cee4f0909891958654ec1a86b2615c602c30a726ea3c4bf4706c18	OBSOPEN_US30_20250624	2025-06-24	180	101	18	1.00000000000000000	0.53997675364962783	0.60588306680410231	0.62162452932730827	SESSION	false
af0b7f804a8d8337572d6a4a6f2ddcb426defb1f4d5f28ed0fde54882050d00c	a2b3facd10cee4f0909891958654ec1a86b2615c602c30a726ea3c4bf4706c18	OBSOPEN_US30_20250624	2025-06-24	180	101	19	1.00000000000000000	0.54071375153964718	0.56873040764727967	0.56741525235642831	SESSION	false
af0b7f804a8d8337572d6a4a6f2ddcb426defb1f4d5f28ed0fde54882050d00c	a2b3facd10cee4f0909891958654ec1a86b2615c602c30a726ea3c4bf4706c18	OBSOPEN_US30_20250624	2025-06-24	180	101	20	1.00000000000000000	0.53997675364962783	0.51915732047785135	0.49888356085729280	SESSION	false
af0b7f804a8d8337572d6a4a6f2ddcb426defb1f4d5f28ed0fde54882050d00c	a2b3facd10cee4f0909891958654ec1a86b2615c602c30a726ea3c4bf4706c18	OBSOPEN_US30_20250624	2025-06-24	180	101	21	1.00000000000000000	0.53702730163740919	0.47641747125633560	0.44109631905482810	SESSION	false
af0b7f804a8d8337572d6a4a6f2ddcb426defb1f4d5f28ed0fde54882050d00c	a2b3facd10cee4f0909891958654ec1a86b2615c602c30a726ea3c4bf4706c18	OBSOPEN_US30_20250624	2025-06-24	180	101	22	1.00000000000000000	0.53555173939429335	0.50722548426743586	0.46809530712811070	SESSION	false
af0b7f804a8d8337572d6a4a6f2ddcb426defb1f4d5f28ed0fde54882050d00c	a2b3facd10cee4f0909891958654ec1a86b2615c602c30a726ea3c4bf4706c18	OBSOPEN_US30_20250624	2025-06-24	180	101	23	1.00000000000000000	0.53555173939429335	0.47788002497950094	0.42332368684287885	SESSION	false
af0b7f804a8d8337572d6a4a6f2ddcb426defb1f4d5f28ed0fde54882050d00c	a2b3facd10cee4f0909891958654ec1a86b2615c602c30a726ea3c4bf4706c18	OBSOPEN_US30_20250624	2025-06-24	180	101	24	1.00000000000000000	0.53481375923329733	0.47923938665782290	0.42649565543940221	SESSION	false
af0b7f804a8d8337572d6a4a6f2ddcb426defb1f4d5f28ed0fde54882050d00c	a2b3facd10cee4f0909891958654ec1a86b2615c602c30a726ea3c4bf4706c18	OBSOPEN_US30_20250624	2025-06-24	180	101	25	1.00000000000000000	0.53702730163740919	0.44316755233752514	0.37814307566329780	SESSION	false
af0b7f804a8d8337572d6a4a6f2ddcb426defb1f4d5f28ed0fde54882050d00c	a2b3facd10cee4f0909891958654ec1a86b2615c602c30a726ea3c4bf4706c18	OBSOPEN_US30_20250624	2025-06-24	180	101	26	1.00000000000000000	0.53481375923329733	0.40238089406239302	0.31788744144271353	SESSION	false
af0b7f804a8d8337572d6a4a6f2ddcb426defb1f4d5f28ed0fde54882050d00c	a2b3facd10cee4f0909891958654ec1a86b2615c602c30a726ea3c4bf4706c18	OBSOPEN_US30_20250624	2025-06-24	180	101	27	1.00000000000000000	0.53407565020052150	0.39058592708180112	0.31331557397517246	SESSION	false
af0b7f804a8d8337572d6a4a6f2ddcb426defb1f4d5f28ed0fde54882050d00c	a2b3facd10cee4f0909891958654ec1a86b2615c602c30a726ea3c4bf4706c18	OBSOPEN_US30_20250624	2025-06-24	180	101	28	1.00000000000000000	0.53481375923329733	0.38067416679811544	0.31290256891650370	SESSION	false
af0b7f804a8d8337572d6a4a6f2ddcb426defb1f4d5f28ed0fde54882050d00c	a2b3facd10cee4f0909891958654ec1a86b2615c602c30a726ea3c4bf4706c18	OBSOPEN_US30_20250624	2025-06-24	180	101	29	1.00000000000000000	0.53407565020052150	0.35421511481406798	0.28370076784118387	SESSION	false
af0b7f804a8d8337572d6a4a6f2ddcb426defb1f4d5f28ed0fde54882050d00c	a2b3facd10cee4f0909891958654ec1a86b2615c602c30a726ea3c4bf4706c18	OBSOPEN_US30_20250624	2025-06-24	180	101	30	1.00000000000000000	0.53407565020052150	0.38079341722308641	0.32277123352205983	SESSION	false
af0b7f804a8d8337572d6a4a6f2ddcb426defb1f4d5f28ed0fde54882050d00c	a2b3facd10cee4f0909891958654ec1a86b2615c602c30a726ea3c4bf4706c18	OBSOPEN_US30_20250625	2025-06-25	180	102	1	0.00000000000000000	0.53677039834323015	0.50316477118412850	0.56788817911651734	SESSION	false
af0b7f804a8d8337572d6a4a6f2ddcb426defb1f4d5f28ed0fde54882050d00c	a2b3facd10cee4f0909891958654ec1a86b2615c602c30a726ea3c4bf4706c18	OBSOPEN_US30_20250625	2025-06-25	180	102	2	0.00000000000000000	0.53702730163740919	0.50370865341002724	0.50440834153175529	SESSION	false
af0b7f804a8d8337572d6a4a6f2ddcb426defb1f4d5f28ed0fde54882050d00c	a2b3facd10cee4f0909891958654ec1a86b2615c602c30a726ea3c4bf4706c18	OBSOPEN_US30_20250625	2025-06-25	180	102	3	0.00000000000000000	0.53702730163740919	0.50173046716230441	0.49077575070354851	SESSION	false
af0b7f804a8d8337572d6a4a6f2ddcb426defb1f4d5f28ed0fde54882050d00c	a2b3facd10cee4f0909891958654ec1a86b2615c602c30a726ea3c4bf4706c18	OBSOPEN_US30_20250625	2025-06-25	180	102	4	0.00000000000000000	0.53628958781724945	0.48819571495815850	0.43743720702554895	SESSION	false
af0b7f804a8d8337572d6a4a6f2ddcb426defb1f4d5f28ed0fde54882050d00c	a2b3facd10cee4f0909891958654ec1a86b2615c602c30a726ea3c4bf4706c18	OBSOPEN_US30_20250625	2025-06-25	180	102	5	0.00000000000000000	0.53555173939429335	0.52944890079013385	0.63228371755800072	SESSION	false
af0b7f804a8d8337572d6a4a6f2ddcb426defb1f4d5f28ed0fde54882050d00c	a2b3facd10cee4f0909891958654ec1a86b2615c602c30a726ea3c4bf4706c18	OBSOPEN_US30_20250625	2025-06-25	180	102	6	0.00000000000000000	0.53555173939429335	0.53829570279838979	0.60312408001492890	SESSION	false
af0b7f804a8d8337572d6a4a6f2ddcb426defb1f4d5f28ed0fde54882050d00c	a2b3facd10cee4f0909891958654ec1a86b2615c602c30a726ea3c4bf4706c18	OBSOPEN_US30_20250625	2025-06-25	180	102	7	0.00000000000000000	0.53481375923329733	0.51272013925262983	0.51925898244033497	SESSION	false
af0b7f804a8d8337572d6a4a6f2ddcb426defb1f4d5f28ed0fde54882050d00c	a2b3facd10cee4f0909891958654ec1a86b2615c602c30a726ea3c4bf4706c18	OBSOPEN_US30_20250625	2025-06-25	180	102	8	0.00000000000000000	0.53923960685686589	0.50741604061078505	0.50897857885667552	SESSION	false
af0b7f804a8d8337572d6a4a6f2ddcb426defb1f4d5f28ed0fde54882050d00c	a2b3facd10cee4f0909891958654ec1a86b2615c602c30a726ea3c4bf4706c18	OBSOPEN_US30_20250625	2025-06-25	180	102	9	0.00000000000000000	0.53923960685686589	0.46385773874403391	0.35654114995384995	SESSION	false
af0b7f804a8d8337572d6a4a6f2ddcb426defb1f4d5f28ed0fde54882050d00c	a2b3facd10cee4f0909891958654ec1a86b2615c602c30a726ea3c4bf4706c18	OBSOPEN_US30_20250625	2025-06-25	180	102	10	0.00000000000000000	0.53702730163740919	0.44876918620235628	0.32869957124643656	SESSION	false
af0b7f804a8d8337572d6a4a6f2ddcb426defb1f4d5f28ed0fde54882050d00c	a2b3facd10cee4f0909891958654ec1a86b2615c602c30a726ea3c4bf4706c18	OBSOPEN_US30_20250625	2025-06-25	180	102	11	0.00000000000000000	0.53702730163740919	0.44670911383466300	0.33164198639451226	SESSION	false
af0b7f804a8d8337572d6a4a6f2ddcb426defb1f4d5f28ed0fde54882050d00c	a2b3facd10cee4f0909891958654ec1a86b2615c602c30a726ea3c4bf4706c18	OBSOPEN_US30_20250625	2025-06-25	180	102	12	0.00000000000000000	0.53702730163740919	0.44195638912445467	0.34301921613994502	SESSION	false
af0b7f804a8d8337572d6a4a6f2ddcb426defb1f4d5f28ed0fde54882050d00c	a2b3facd10cee4f0909891958654ec1a86b2615c602c30a726ea3c4bf4706c18	OBSOPEN_US30_20250625	2025-06-25	180	102	13	0.00000000000000000	0.53850231401805004	0.47526379442741967	0.43740430623114518	SESSION	false
af0b7f804a8d8337572d6a4a6f2ddcb426defb1f4d5f28ed0fde54882050d00c	a2b3facd10cee4f0909891958654ec1a86b2615c602c30a726ea3c4bf4706c18	OBSOPEN_US30_20250625	2025-06-25	180	102	14	0.00000000000000000	0.53850231401805004	0.49371454414778038	0.46297541242799123	SESSION	false
af0b7f804a8d8337572d6a4a6f2ddcb426defb1f4d5f28ed0fde54882050d00c	a2b3facd10cee4f0909891958654ec1a86b2615c602c30a726ea3c4bf4706c18	OBSOPEN_US30_20250625	2025-06-25	180	102	15	0.00000000000000000	0.53702730163740919	0.47929938295378233	0.42012186735994450	SESSION	false
af0b7f804a8d8337572d6a4a6f2ddcb426defb1f4d5f28ed0fde54882050d00c	a2b3facd10cee4f0909891958654ec1a86b2615c602c30a726ea3c4bf4706c18	OBSOPEN_US30_20250625	2025-06-25	180	102	16	0.00000000000000000	0.53776487799155581	0.49077608443993764	0.46541568264673672	SESSION	false
af0b7f804a8d8337572d6a4a6f2ddcb426defb1f4d5f28ed0fde54882050d00c	a2b3facd10cee4f0909891958654ec1a86b2615c602c30a726ea3c4bf4706c18	OBSOPEN_US30_20250625	2025-06-25	180	102	17	0.00000000000000000	0.53923960685686589	0.50695757590825663	0.51053296877071064	SESSION	false
af0b7f804a8d8337572d6a4a6f2ddcb426defb1f4d5f28ed0fde54882050d00c	a2b3facd10cee4f0909891958654ec1a86b2615c602c30a726ea3c4bf4706c18	OBSOPEN_US30_20250625	2025-06-25	180	102	18	0.00000000000000000	0.53997675364962783	0.50287866550268656	0.49832207155387659	SESSION	false
af0b7f804a8d8337572d6a4a6f2ddcb426defb1f4d5f28ed0fde54882050d00c	a2b3facd10cee4f0909891958654ec1a86b2615c602c30a726ea3c4bf4706c18	OBSOPEN_US30_20250625	2025-06-25	180	102	19	0.00000000000000000	0.54071375153964718	0.49018109896982520	0.45737053192656624	SESSION	false
af0b7f804a8d8337572d6a4a6f2ddcb426defb1f4d5f28ed0fde54882050d00c	a2b3facd10cee4f0909891958654ec1a86b2615c602c30a726ea3c4bf4706c18	OBSOPEN_US30_20250625	2025-06-25	180	102	20	0.00000000000000000	0.53997675364962783	0.44436730802409502	0.35230781760455548	SESSION	false
af0b7f804a8d8337572d6a4a6f2ddcb426defb1f4d5f28ed0fde54882050d00c	a2b3facd10cee4f0909891958654ec1a86b2615c602c30a726ea3c4bf4706c18	OBSOPEN_US30_20250625	2025-06-25	180	102	21	0.00000000000000000	0.53702730163740919	0.43366899546824783	0.35256860270146956	SESSION	false
af0b7f804a8d8337572d6a4a6f2ddcb426defb1f4d5f28ed0fde54882050d00c	a2b3facd10cee4f0909891958654ec1a86b2615c602c30a726ea3c4bf4706c18	OBSOPEN_US30_20250625	2025-06-25	180	102	22	0.00000000000000000	0.53555173939429335	0.42473784872425652	0.32816960263497091	SESSION	false
af0b7f804a8d8337572d6a4a6f2ddcb426defb1f4d5f28ed0fde54882050d00c	a2b3facd10cee4f0909891958654ec1a86b2615c602c30a726ea3c4bf4706c18	OBSOPEN_US30_20250625	2025-06-25	180	102	23	0.00000000000000000	0.53555173939429335	0.45268936958718387	0.39018105029758410	SESSION	false
af0b7f804a8d8337572d6a4a6f2ddcb426defb1f4d5f28ed0fde54882050d00c	a2b3facd10cee4f0909891958654ec1a86b2615c602c30a726ea3c4bf4706c18	OBSOPEN_US30_20250625	2025-06-25	180	102	24	0.00000000000000000	0.53481375923329733	0.46959825148227402	0.40334015948322643	SESSION	false
af0b7f804a8d8337572d6a4a6f2ddcb426defb1f4d5f28ed0fde54882050d00c	a2b3facd10cee4f0909891958654ec1a86b2615c602c30a726ea3c4bf4706c18	OBSOPEN_US30_20250625	2025-06-25	180	102	25	0.00000000000000000	0.53702730163740919	0.44848744582356059	0.36898488685644937	SESSION	false
af0b7f804a8d8337572d6a4a6f2ddcb426defb1f4d5f28ed0fde54882050d00c	a2b3facd10cee4f0909891958654ec1a86b2615c602c30a726ea3c4bf4706c18	OBSOPEN_US30_20250625	2025-06-25	180	102	26	0.00000000000000000	0.53481375923329733	0.47000438359835522	0.43371851580322462	SESSION	false
af0b7f804a8d8337572d6a4a6f2ddcb426defb1f4d5f28ed0fde54882050d00c	a2b3facd10cee4f0909891958654ec1a86b2615c602c30a726ea3c4bf4706c18	OBSOPEN_US30_20250625	2025-06-25	180	102	27	0.00000000000000000	0.53407565020052150	0.51874937790532238	0.51373122419653761	SESSION	false
af0b7f804a8d8337572d6a4a6f2ddcb426defb1f4d5f28ed0fde54882050d00c	a2b3facd10cee4f0909891958654ec1a86b2615c602c30a726ea3c4bf4706c18	OBSOPEN_US30_20250625	2025-06-25	180	102	28	0.00000000000000000	0.53481375923329733	0.55128345609013885	0.57884476080131708	SESSION	false
af0b7f804a8d8337572d6a4a6f2ddcb426defb1f4d5f28ed0fde54882050d00c	a2b3facd10cee4f0909891958654ec1a86b2615c602c30a726ea3c4bf4706c18	OBSOPEN_US30_20250625	2025-06-25	180	102	29	0.00000000000000000	0.53407565020052150	0.55977937859199323	0.57984201249256240	SESSION	false
af0b7f804a8d8337572d6a4a6f2ddcb426defb1f4d5f28ed0fde54882050d00c	a2b3facd10cee4f0909891958654ec1a86b2615c602c30a726ea3c4bf4706c18	OBSOPEN_US30_20250625	2025-06-25	180	102	30	0.00000000000000000	0.53407565020052150	0.55166719474575221	0.55961998224664944	SESSION	false
