session_id	source_row_id	bar_open	bar_close	open	high	low	close	coverage	active_upper_candidate_id	active_lower_candidate_id	new_upper_candidate	new_lower_candidate	upper_candidate_age_bars	lower_candidate_age_bars	committed_upper_extreme	committed_lower_extreme	grammar_state	grammar_event	grammar_availability
OBSOPEN_US30_20240102	RAW125B:M1:1704213000	1704213000	1704213060	37485.800000000003	37557.800000000003	37485.800000000003	37531.800000000003	COMPLETE	OBSOPEN_US30_20240102:U:0001	OBSOPEN_US30_20240102:L:0001	true	true	0	0	37557.800000000003	37485.800000000003	NA	NA	NOT_EVALUABLE_OBSERVER_STREAM_ABSENT
OBSOPEN_US30_20240102	RAW125B:M1:1704213060	1704213060	1704213120	37530.800000000003	37570.800000000003	37512.800000000003	37570.800000000003	COMPLETE	OBSOPEN_US30_20240102:U:0002	OBSOPEN_US30_20240102:L:0001	true	false	0	1	37570.800000000003	37485.800000000003	NA	NA	NOT_EVALUABLE_OBSERVER_STREAM_ABSENT
OBSOPEN_US30_20240102	RAW125B:M1:1704213120	1704213120	1704213180	37570.300000000003	37600.800000000003	37565.300000000003	37591.800000000003	COMPLETE	OBSOPEN_US30_20240102:U:0003	OBSOPEN_US30_20240102:L:0001	true	false	0	2	37600.800000000003	37485.800000000003	NA	NA	NOT_EVALUABLE_OBSERVER_STREAM_ABSENT
OBSOPEN_US30_20240102	RAW125B:M1:1704213180	1704213180	1704213240	37590.800000000003	37623.800000000003	37586.800000000003	37616.300000000003	COMPLETE	OBSOPEN_US30_20240102:U:0004	OBSOPEN_US30_20240102:L:0001	true	false	0	3	37623.800000000003	37485.800000000003	NA	NA	NOT_EVALUABLE_OBSERVER_STREAM_ABSENT
OBSOPEN_US30_20240102	RAW125B:M1:1704213240	1704213240	1704213300	37616.800000000003	37631.800000000003	37611.800000000003	37625.800000000003	COMPLETE	OBSOPEN_US30_20240102:U:0005	OBSOPEN_US30_20240102:L:0001	true	false	0	4	37631.800000000003	37485.800000000003	NA	NA	NOT_EVALUABLE_OBSERVER_STREAM_ABSENT
OBSOPEN_US30_20240102	RAW125B:M1:1704213300	1704213300	1704213360	37622.800000000003	37625.300000000003	37591.800000000003	37599.800000000003	COMPLETE	OBSOPEN_US30_20240102:U:0005	OBSOPEN_US30_20240102:L:0001	false	false	1	5	37631.800000000003	37485.800000000003	NA	NA	NOT_EVALUABLE_OBSERVER_STREAM_ABSENT
OBSOPEN_US30_20240102	RAW125B:M1:1704213360	1704213360	1704213420	37598.300000000003	37620.800000000003	37593.300000000003	37618.800000000003	COMPLETE	OBSOPEN_US30_20240102:U:0005	OBSOPEN_US30_20240102:L:0001	false	false	2	6	37631.800000000003	37485.800000000003	NA	NA	NOT_EVALUABLE_OBSERVER_STREAM_ABSENT
OBSOPEN_US30_20240102	RAW125B:M1:1704213420	1704213420	1704213480	37617.300000000003	37628.300000000003	37596.800000000003	37598.300000000003	COMPLETE	OBSOPEN_US30_20240102:U:0005	OBSOPEN_US30_20240102:L:0001	false	false	3	7	37631.800000000003	37485.800000000003	NA	NA	NOT_EVALUABLE_OBSERVER_STREAM_ABSENT
OBSOPEN_US30_20240102	RAW125B:M1:1704213480	1704213480	1704213540	37597.800000000003	37598.800000000003	37574.300000000003	37579.300000000003	COMPLETE	OBSOPEN_US30_20240102:U:0005	OBSOPEN_US30_20240102:L:0001	false	false	4	8	37631.800000000003	37485.800000000003	NA	NA	NOT_EVALUABLE_OBSERVER_STREAM_ABSENT
OBSOPEN_US30_20240102	RAW125B:M1:1704213540	1704213540	1704213600	37578.300000000003	37582.800000000003	37557.599999999999	37567.599999999999	COMPLETE	OBSOPEN_US30_20240102:U:0005	OBSOPEN_US30_20240102:L:0001	false	false	5	9	37631.800000000003	37485.800000000003	NA	NA	NOT_EVALUABLE_OBSERVER_STREAM_ABSENT
OBSOPEN_US30_20240102	RAW125B:M1:1704213600	1704213600	1704213660	37572.099999999999	37596.099999999999	37572.099999999999	37579.599999999999	COMPLETE	OBSOPEN_US30_20240102:U:0005	OBSOPEN_US30_20240102:L:0001	false	false	6	10	37631.800000000003	37485.800000000003	NA	NA	NOT_EVALUABLE_OBSERVER_STREAM_ABSENT
OBSOPEN_US30_20240102	RAW125B:M1:1704213660	1704213660	1704213720	37579.099999999999	37593.599999999999	37571.599999999999	37593.099999999999	COMPLETE	OBSOPEN_US30_20240102:U:0005	OBSOPEN_US30_20240102:L:0001	false	false	7	11	37631.800000000003	37485.800000000003	NA	NA	NOT_EVALUABLE_OBSERVER_STREAM_ABSENT
OBSOPEN_US30_20240102	RAW125B:M1:1704213720	1704213720	1704213780	37593.099999999999	37613.099999999999	37591.099999999999	37602.099999999999	COMPLETE	OBSOPEN_US30_20240102:U:0005	OBSOPEN_US30_20240102:L:0001	false	false	8	12	37631.800000000003	37485.800000000003	NA	NA	NOT_EVALUABLE_OBSERVER_STREAM_ABSENT
OBSOPEN_US30_20240102	RAW125B:M1:1704213780	1704213780	1704213840	37603.099999999999	37615.099999999999	37601.599999999999	37602.599999999999	COMPLETE	OBSOPEN_US30_20240102:U:0005	OBSOPEN_US30_20240102:L:0001	false	false	9	13	37631.800000000003	37485.800000000003	NA	NA	NOT_EVALUABLE_OBSERVER_STREAM_ABSENT
OBSOPEN_US30_20240102	RAW125B:M1:1704213840	1704213840	1704213900	37602.599999999999	37608.099999999999	37592.599999999999	37595.599999999999	COMPLETE	OBSOPEN_US30_20240102:U:0005	OBSOPEN_US30_20240102:L:0001	false	false	10	14	37631.800000000003	37485.800000000003	NA	NA	NOT_EVALUABLE_OBSERVER_STREAM_ABSENT
OBSOPEN_US30_20240102	RAW125B:M1:1704213900	1704213900	1704213960	37596.599999999999	37616.599999999999	37596.599999999999	37613.599999999999	COMPLETE	OBSOPEN_US30_20240102:U:0005	OBSOPEN_US30_20240102:L:0001	false	false	11	15	37631.800000000003	37485.800000000003	NA	NA	NOT_EVALUABLE_OBSERVER_STREAM_ABSENT
OBSOPEN_US30_20240102	RAW125B:M1:1704213960	1704213960	1704214020	37614.599999999999	37631.599999999999	37611.099999999999	37611.099999999999	COMPLETE	OBSOPEN_US30_20240102:U:0005	OBSOPEN_US30_20240102:L:0001	false	false	12	16	37631.800000000003	37485.800000000003	NA	NA	NOT_EVALUABLE_OBSERVER_STREAM_ABSENT
OBSOPEN_US30_20240102	RAW125B:M1:1704214020	1704214020	1704214080	37610.599999999999	37619.599999999999	37600.099999999999	37610.599999999999	COMPLETE	OBSOPEN_US30_20240102:U:0005	OBSOPEN_US30_20240102:L:0001	false	false	13	17	37631.800000000003	37485.800000000003	NA	NA	NOT_EVALUABLE_OBSERVER_STREAM_ABSENT
OBSOPEN_US30_20240102	RAW125B:M1:1704214080	1704214080	1704214140	37608.099999999999	37608.099999999999	37590.599999999999	37598.599999999999	COMPLETE	OBSOPEN_US30_20240102:U:0005	OBSOPEN_US30_20240102:L:0001	false	false	14	18	37631.800000000003	37485.800000000003	NA	NA	NOT_EVALUABLE_OBSERVER_STREAM_ABSENT
OBSOPEN_US30_20240102	RAW125B:M1:1704214140	1704214140	1704214200	37598.099999999999	37618.699999999997	37596.599999999999	37607.199999999997	COMPLETE	OBSOPEN_US30_20240102:U:0005	OBSOPEN_US30_20240102:L:0001	false	false	15	19	37631.800000000003	37485.800000000003	NA	NA	NOT_EVALUABLE_OBSERVER_STREAM_ABSENT
OBSOPEN_US30_20240102	RAW125B:M1:1704214200	1704214200	1704214260	37607.699999999997	37633.199999999997	37605.199999999997	37629.199999999997	COMPLETE	OBSOPEN_US30_20240102:U:0006	OBSOPEN_US30_20240102:L:0001	true	false	0	20	37633.199999999997	37485.800000000003	NA	NA	NOT_EVALUABLE_OBSERVER_STREAM_ABSENT
OBSOPEN_US30_20240102	RAW125B:M1:1704214260	1704214260	1704214320	37628.199999999997	37632.199999999997	37619.699999999997	37624.699999999997	COMPLETE	OBSOPEN_US30_20240102:U:0006	OBSOPEN_US30_20240102:L:0001	false	false	1	21	37633.199999999997	37485.800000000003	NA	NA	NOT_EVALUABLE_OBSERVER_STREAM_ABSENT
OBSOPEN_US30_20240102	RAW125B:M1:1704214320	1704214320	1704214380	37625.199999999997	37629.199999999997	37607.199999999997	37613.699999999997	COMPLETE	OBSOPEN_US30_20240102:U:0006	OBSOPEN_US30_20240102:L:0001	false	false	2	22	37633.199999999997	37485.800000000003	NA	NA	NOT_EVALUABLE_OBSERVER_STREAM_ABSENT
OBSOPEN_US30_20240102	RAW125B:M1:1704214380	1704214380	1704214440	37614.199999999997	37617.199999999997	37599.199999999997	37599.199999999997	COMPLETE	OBSOPEN_US30_20240102:U:0006	OBSOPEN_US30_20240102:L:0001	false	false	3	23	37633.199999999997	37485.800000000003	NA	NA	NOT_EVALUABLE_OBSERVER_STREAM_ABSENT
OBSOPEN_US30_20240102	RAW125B:M1:1704214440	1704214440	1704214500	37598.699999999997	37604.199999999997	37593.699999999997	37597.699999999997	COMPLETE	OBSOPEN_US30_20240102:U:0006	OBSOPEN_US30_20240102:L:0001	false	false	4	24	37633.199999999997	37485.800000000003	NA	NA	NOT_EVALUABLE_OBSERVER_STREAM_ABSENT
OBSOPEN_US30_20240102	RAW125B:M1:1704214500	1704214500	1704214560	37598.199999999997	37607.699999999997	37594.199999999997	37604.199999999997	COMPLETE	OBSOPEN_US30_20240102:U:0006	OBSOPEN_US30_20240102:L:0001	false	false	5	25	37633.199999999997	37485.800000000003	NA	NA	NOT_EVALUABLE_OBSERVER_STREAM_ABSENT
OBSOPEN_US30_20240102	RAW125B:M1:1704214560	1704214560	1704214620	37605.199999999997	37617.199999999997	37604.699999999997	37612.699999999997	COMPLETE	OBSOPEN_US30_20240102:U:0006	OBSOPEN_US30_20240102:L:0001	false	false	6	26	37633.199999999997	37485.800000000003	NA	NA	NOT_EVALUABLE_OBSERVER_STREAM_ABSENT
OBSOPEN_US30_20240102	RAW125B:M1:1704214620	1704214620	1704214680	37611.699999999997	37625.199999999997	37610.699999999997	37623.699999999997	COMPLETE	OBSOPEN_US30_20240102:U:0006	OBSOPEN_US30_20240102:L:0001	false	false	7	27	37633.199999999997	37485.800000000003	NA	NA	NOT_EVALUABLE_OBSERVER_STREAM_ABSENT
OBSOPEN_US30_20240102	RAW125B:M1:1704214680	1704214680	1704214740	37623.699999999997	37646.699999999997	37623.699999999997	37646.699999999997	COMPLETE	OBSOPEN_US30_20240102:U:0007	OBSOPEN_US30_20240102:L:0001	true	false	0	28	37646.699999999997	37485.800000000003	NA	NA	NOT_EVALUABLE_OBSERVER_STREAM_ABSENT
OBSOPEN_US30_20240102	RAW125B:M1:1704214740	1704214740	1704214800	37646.699999999997	37656.199999999997	37637.199999999997	37655.699999999997	COMPLETE	OBSOPEN_US30_20240102:U:0008	OBSOPEN_US30_20240102:L:0001	true	false	0	29	37656.199999999997	37485.800000000003	NA	NA	NOT_EVALUABLE_OBSERVER_STREAM_ABSENT
OBSOPEN_US30_20240102	RAW125B:M1:1704214800	1704214800	1704214860	37656.699999999997	37676.699999999997	37646.699999999997	37667.199999999997	COMPLETE	OBSOPEN_US30_20240102:U:0009	OBSOPEN_US30_20240102:L:0001	true	false	0	30	37676.699999999997	37485.800000000003	NA	NA	NOT_EVALUABLE_OBSERVER_STREAM_ABSENT
OBSOPEN_US30_20240102	RAW125B:M1:1704214860	1704214860	1704214920	37666.699999999997	37668.699999999997	37657.199999999997	37664.199999999997	COMPLETE	OBSOPEN_US30_20240102:U:0009	OBSOPEN_US30_20240102:L:0001	false	false	1	31	37676.699999999997	37485.800000000003	NA	NA	NOT_EVALUABLE_OBSERVER_STREAM_ABSENT
OBSOPEN_US30_20240102	RAW125B:M1:1704214920	1704214920	1704214980	37665.699999999997	37678.199999999997	37661.699999999997	37668.199999999997	COMPLETE	OBSOPEN_US30_20240102:U:0010	OBSOPEN_US30_20240102:L:0001	true	false	0	32	37678.199999999997	37485.800000000003	NA	NA	NOT_EVALUABLE_OBSERVER_STREAM_ABSENT
OBSOPEN_US30_20240102	RAW125B:M1:1704214980	1704214980	1704215040	37669.699999999997	37681.699999999997	37668.699999999997	37676.199999999997	COMPLETE	OBSOPEN_US30_20240102:U:0011	OBSOPEN_US30_20240102:L:0001	true	false	0	33	37681.699999999997	37485.800000000003	NA	NA	NOT_EVALUABLE_OBSERVER_STREAM_ABSENT
OBSOPEN_US30_20240102	RAW125B:M1:1704215040	1704215040	1704215100	37673.199999999997	37679.699999999997	37665.199999999997	37674.199999999997	COMPLETE	OBSOPEN_US30_20240102:U:0011	OBSOPEN_US30_20240102:L:0001	false	false	1	34	37681.699999999997	37485.800000000003	NA	NA	NOT_EVALUABLE_OBSERVER_STREAM_ABSENT
OBSOPEN_US30_20240102	RAW125B:M1:1704215100	1704215100	1704215160	37673.699999999997	37683.199999999997	37668.699999999997	37675.699999999997	COMPLETE	OBSOPEN_US30_20240102:U:0012	OBSOPEN_US30_20240102:L:0001	true	false	0	35	37683.199999999997	37485.800000000003	NA	NA	NOT_EVALUABLE_OBSERVER_STREAM_ABSENT
OBSOPEN_US30_20240102	RAW125B:M1:1704215160	1704215160	1704215220	37675.699999999997	37682.699999999997	37670.199999999997	37681.900000000001	COMPLETE	OBSOPEN_US30_20240102:U:0012	OBSOPEN_US30_20240102:L:0001	false	false	1	36	37683.199999999997	37485.800000000003	NA	NA	NOT_EVALUABLE_OBSERVER_STREAM_ABSENT
OBSOPEN_US30_20240102	RAW125B:M1:1704215220	1704215220	1704215280	37681.900000000001	37683.400000000001	37668.400000000001	37669.900000000001	COMPLETE	OBSOPEN_US30_20240102:U:0013	OBSOPEN_US30_20240102:L:0001	true	false	0	37	37683.400000000001	37485.800000000003	NA	NA	NOT_EVALUABLE_OBSERVER_STREAM_ABSENT
OBSOPEN_US30_20240102	RAW125B:M1:1704215280	1704215280	1704215340	37665.900000000001	37669.400000000001	37652.900000000001	37657.900000000001	COMPLETE	OBSOPEN_US30_20240102:U:0013	OBSOPEN_US30_20240102:L:0001	false	false	1	38	37683.400000000001	37485.800000000003	NA	NA	NOT_EVALUABLE_OBSERVER_STREAM_ABSENT
OBSOPEN_US30_20240102	RAW125B:M1:1704215340	1704215340	1704215400	37657.400000000001	37671.900000000001	37657.400000000001	37669.400000000001	COMPLETE	OBSOPEN_US30_20240102:U:0013	OBSOPEN_US30_20240102:L:0001	false	false	2	39	37683.400000000001	37485.800000000003	NA	NA	NOT_EVALUABLE_OBSERVER_STREAM_ABSENT
OBSOPEN_US30_20240102	RAW125B:M1:1704215400	1704215400	1704215460	37668.400000000001	37684.400000000001	37665.400000000001	37665.900000000001	COMPLETE	OBSOPEN_US30_20240102:U:0014	OBSOPEN_US30_20240102:L:0001	true	false	0	40	37684.400000000001	37485.800000000003	NA	NA	NOT_EVALUABLE_OBSERVER_STREAM_ABSENT
OBSOPEN_US30_20240102	RAW125B:M1:1704215460	1704215460	1704215520	37667.400000000001	37680.400000000001	37665.900000000001	37674.900000000001	COMPLETE	OBSOPEN_US30_20240102:U:0014	OBSOPEN_US30_20240102:L:0001	false	false	1	41	37684.400000000001	37485.800000000003	NA	NA	NOT_EVALUABLE_OBSERVER_STREAM_ABSENT
OBSOPEN_US30_20240102	RAW125B:M1:1704215520	1704215520	1704215580	37673.900000000001	37684.400000000001	37673.900000000001	37684.400000000001	COMPLETE	OBSOPEN_US30_20240102:U:0014	OBSOPEN_US30_20240102:L:0001	false	false	2	42	37684.400000000001	37485.800000000003	NA	NA	NOT_EVALUABLE_OBSERVER_STREAM_ABSENT
OBSOPEN_US30_20240102	RAW125B:M1:1704215580	1704215580	1704215640	37683.900000000001	37684.900000000001	37673.900000000001	37677.900000000001	COMPLETE	OBSOPEN_US30_20240102:U:0015	OBSOPEN_US30_20240102:L:0001	true	false	0	43	37684.900000000001	37485.800000000003	NA	NA	NOT_EVALUABLE_OBSERVER_STREAM_ABSENT
OBSOPEN_US30_20240102	RAW125B:M1:1704215640	1704215640	1704215700	37677.400000000001	37680.900000000001	37656.400000000001	37665.400000000001	COMPLETE	OBSOPEN_US30_20240102:U:0015	OBSOPEN_US30_20240102:L:0001	false	false	1	44	37684.900000000001	37485.800000000003	NA	NA	NOT_EVALUABLE_OBSERVER_STREAM_ABSENT
OBSOPEN_US30_20240102	RAW125B:M1:1704215700	1704215700	1704215760	37663.900000000001	37668.900000000001	37659.400000000001	37661.900000000001	COMPLETE	OBSOPEN_US30_20240102:U:0015	OBSOPEN_US30_20240102:L:0001	false	false	2	45	37684.900000000001	37485.800000000003	NA	NA	NOT_EVALUABLE_OBSERVER_STREAM_ABSENT
OBSOPEN_US30_20240102	RAW125B:M1:1704215760	1704215760	1704215820	37660.900000000001	37667.199999999997	37656.900000000001	37657.699999999997	COMPLETE	OBSOPEN_US30_20240102:U:0015	OBSOPEN_US30_20240102:L:0001	false	false	3	46	37684.900000000001	37485.800000000003	NA	NA	NOT_EVALUABLE_OBSERVER_STREAM_ABSENT
OBSOPEN_US30_20240102	RAW125B:M1:1704215820	1704215820	1704215880	37657.199999999997	37665.199999999997	37653.199999999997	37656.699999999997	COMPLETE	OBSOPEN_US30_20240102:U:0015	OBSOPEN_US30_20240102:L:0001	false	false	4	47	37684.900000000001	37485.800000000003	NA	NA	NOT_EVALUABLE_OBSERVER_STREAM_ABSENT
OBSOPEN_US30_20240102	RAW125B:M1:1704215880	1704215880	1704215940	37657.199999999997	37662.699999999997	37648.199999999997	37657.699999999997	COMPLETE	OBSOPEN_US30_20240102:U:0015	OBSOPEN_US30_20240102:L:0001	false	false	5	48	37684.900000000001	37485.800000000003	NA	NA	NOT_EVALUABLE_OBSERVER_STREAM_ABSENT
OBSOPEN_US30_20240102	RAW125B:M1:1704215940	1704215940	1704216000	37657.199999999997	37668.699999999997	37655.699999999997	37658.699999999997	COMPLETE	OBSOPEN_US30_20240102:U:0015	OBSOPEN_US30_20240102:L:0001	false	false	6	49	37684.900000000001	37485.800000000003	NA	NA	NOT_EVALUABLE_OBSERVER_STREAM_ABSENT
OBSOPEN_US30_20240102	RAW125B:M1:1704216000	1704216000	1704216060	37657.699999999997	37669.199999999997	37655.699999999997	37664.699999999997	COMPLETE	OBSOPEN_US30_20240102:U:0015	OBSOPEN_US30_20240102:L:0001	false	false	7	50	37684.900000000001	37485.800000000003	NA	NA	NOT_EVALUABLE_OBSERVER_STREAM_ABSENT
OBSOPEN_US30_20240102	RAW125B:M1:1704216060	1704216060	1704216120	37664.699999999997	37684.199999999997	37664.199999999997	37675.199999999997	COMPLETE	OBSOPEN_US30_20240102:U:0015	OBSOPEN_US30_20240102:L:0001	false	false	8	51	37684.900000000001	37485.800000000003	NA	NA	NOT_EVALUABLE_OBSERVER_STREAM_ABSENT
OBSOPEN_US30_20240102	RAW125B:M1:1704216120	1704216120	1704216180	37675.699999999997	37678.199999999997	37666.199999999997	37670.699999999997	COMPLETE	OBSOPEN_US30_20240102:U:0015	OBSOPEN_US30_20240102:L:0001	false	false	9	52	37684.900000000001	37485.800000000003	NA	NA	NOT_EVALUABLE_OBSERVER_STREAM_ABSENT
OBSOPEN_US30_20240102	RAW125B:M1:1704216180	1704216180	1704216240	37671.699999999997	37684.699999999997	37669.199999999997	37682.199999999997	COMPLETE	OBSOPEN_US30_20240102:U:0015	OBSOPEN_US30_20240102:L:0001	false	false	10	53	37684.900000000001	37485.800000000003	NA	NA	NOT_EVALUABLE_OBSERVER_STREAM_ABSENT
OBSOPEN_US30_20240102	RAW125B:M1:1704216240	1704216240	1704216300	37682.199999999997	37686.199999999997	37668.099999999999	37669.599999999999	COMPLETE	OBSOPEN_US30_20240102:U:0016	OBSOPEN_US30_20240102:L:0001	true	false	0	54	37686.199999999997	37485.800000000003	NA	NA	NOT_EVALUABLE_OBSERVER_STREAM_ABSENT
OBSOPEN_US30_20240102	RAW125B:M1:1704216300	1704216300	1704216360	37670.099999999999	37681.599999999999	37667.599999999999	37667.599999999999	COMPLETE	OBSOPEN_US30_20240102:U:0016	OBSOPEN_US30_20240102:L:0001	false	false	1	55	37686.199999999997	37485.800000000003	NA	NA	NOT_EVALUABLE_OBSERVER_STREAM_ABSENT
OBSOPEN_US30_20240102	RAW125B:M1:1704216360	1704216360	1704216420	37665.099999999999	37667.099999999999	37654.099999999999	37654.099999999999	COMPLETE	OBSOPEN_US30_20240102:U:0016	OBSOPEN_US30_20240102:L:0001	false	false	2	56	37686.199999999997	37485.800000000003	NA	NA	NOT_EVALUABLE_OBSERVER_STREAM_ABSENT
OBSOPEN_US30_20240102	RAW125B:M1:1704216420	1704216420	1704216480	37653.099999999999	37660.099999999999	37644.099999999999	37649.599999999999	COMPLETE	OBSOPEN_US30_20240102:U:0016	OBSOPEN_US30_20240102:L:0001	false	false	3	57	37686.199999999997	37485.800000000003	NA	NA	NOT_EVALUABLE_OBSERVER_STREAM_ABSENT
OBSOPEN_US30_20240102	RAW125B:M1:1704216480	1704216480	1704216540	37650.099999999999	37653.599999999999	37640.099999999999	37644.099999999999	COMPLETE	OBSOPEN_US30_20240102:U:0016	OBSOPEN_US30_20240102:L:0001	false	false	4	58	37686.199999999997	37485.800000000003	NA	NA	NOT_EVALUABLE_OBSERVER_STREAM_ABSENT
OBSOPEN_US30_20240102	RAW125B:M1:1704216540	1704216540	1704216600	37643.099999999999	37663.099999999999	37643.099999999999	37650.599999999999	COMPLETE	OBSOPEN_US30_20240102:U:0016	OBSOPEN_US30_20240102:L:0001	false	false	5	59	37686.199999999997	37485.800000000003	NA	NA	NOT_EVALUABLE_OBSERVER_STREAM_ABSENT
OBSOPEN_US30_20240102	RAW125B:M1:1704216600	1704216600	1704216660	37651.599999999999	37655.599999999999	37635.099999999999	37638.099999999999	COMPLETE	OBSOPEN_US30_20240102:U:0016	OBSOPEN_US30_20240102:L:0001	false	false	6	60	37686.199999999997	37485.800000000003	NA	NA	NOT_EVALUABLE_OBSERVER_STREAM_ABSENT
OBSOPEN_US30_20240102	RAW125B:M1:1704216660	1704216660	1704216720	37637.599999999999	37639.599999999999	37626.099999999999	37637.099999999999	COMPLETE	OBSOPEN_US30_20240102:U:0016	OBSOPEN_US30_20240102:L:0001	false	false	7	61	37686.199999999997	37485.800000000003	NA	NA	NOT_EVALUABLE_OBSERVER_STREAM_ABSENT
OBSOPEN_US30_20240102	RAW125B:M1:1704216720	1704216720	1704216780	37636.599999999999	37640.099999999999	37632.099999999999	37634.099999999999	COMPLETE	OBSOPEN_US30_20240102:U:0016	OBSOPEN_US30_20240102:L:0001	false	false	8	62	37686.199999999997	37485.800000000003	NA	NA	NOT_EVALUABLE_OBSERVER_STREAM_ABSENT
OBSOPEN_US30_20240102	RAW125B:M1:1704216780	1704216780	1704216840	37634.099999999999	37644.099999999999	37634.099999999999	37642.099999999999	COMPLETE	OBSOPEN_US30_20240102:U:0016	OBSOPEN_US30_20240102:L:0001	false	false	9	63	37686.199999999997	37485.800000000003	NA	NA	NOT_EVALUABLE_OBSERVER_STREAM_ABSENT
OBSOPEN_US30_20240102	RAW125B:M1:1704216840	1704216840	1704216900	37642.599999999999	37653.099999999999	37639.099999999999	37650.099999999999	COMPLETE	OBSOPEN_US30_20240102:U:0016	OBSOPEN_US30_20240102:L:0001	false	false	10	64	37686.199999999997	37485.800000000003	NA	NA	NOT_EVALUABLE_OBSERVER_STREAM_ABSENT
OBSOPEN_US30_20240102	RAW125B:M1:1704216900	1704216900	1704216960	37650.599999999999	37658.099999999999	37647.099999999999	37654.099999999999	COMPLETE	OBSOPEN_US30_20240102:U:0016	OBSOPEN_US30_20240102:L:0001	false	false	11	65	37686.199999999997	37485.800000000003	NA	NA	NOT_EVALUABLE_OBSERVER_STREAM_ABSENT
OBSOPEN_US30_20240102	RAW125B:M1:1704216960	1704216960	1704217020	37653.599999999999	37658.099999999999	37649.599999999999	37655.099999999999	COMPLETE	OBSOPEN_US30_20240102:U:0016	OBSOPEN_US30_20240102:L:0001	false	false	12	66	37686.199999999997	37485.800000000003	NA	NA	NOT_EVALUABLE_OBSERVER_STREAM_ABSENT
OBSOPEN_US30_20240102	RAW125B:M1:1704217020	1704217020	1704217080	37654.599999999999	37665.099999999999	37654.099999999999	37658.099999999999	COMPLETE	OBSOPEN_US30_20240102:U:0016	OBSOPEN_US30_20240102:L:0001	false	false	13	67	37686.199999999997	37485.800000000003	NA	NA	NOT_EVALUABLE_OBSERVER_STREAM_ABSENT
OBSOPEN_US30_20240102	RAW125B:M1:1704217080	1704217080	1704217140	37656.099999999999	37663.099999999999	37648.099999999999	37653.599999999999	COMPLETE	OBSOPEN_US30_20240102:U:0016	OBSOPEN_US30_20240102:L:0001	false	false	14	68	37686.199999999997	37485.800000000003	NA	NA	NOT_EVALUABLE_OBSERVER_STREAM_ABSENT
OBSOPEN_US30_20240102	RAW125B:M1:1704217140	1704217140	1704217200	37653.599999999999	37667.599999999999	37653.599999999999	37666.099999999999	COMPLETE	OBSOPEN_US30_20240102:U:0016	OBSOPEN_US30_20240102:L:0001	false	false	15	69	37686.199999999997	37485.800000000003	NA	NA	NOT_EVALUABLE_OBSERVER_STREAM_ABSENT
OBSOPEN_US30_20240102	RAW125B:M1:1704217200	1704217200	1704217260	37665.099999999999	37683.099999999999	37665.099999999999	37676.599999999999	COMPLETE	OBSOPEN_US30_20240102:U:0016	OBSOPEN_US30_20240102:L:0001	false	false	16	70	37686.199999999997	37485.800000000003	NA	NA	NOT_EVALUABLE_OBSERVER_STREAM_ABSENT
OBSOPEN_US30_20240102	RAW125B:M1:1704217260	1704217260	1704217320	37677.099999999999	37678.099999999999	37668.099999999999	37676.599999999999	COMPLETE	OBSOPEN_US30_20240102:U:0016	OBSOPEN_US30_20240102:L:0001	false	false	17	71	37686.199999999997	37485.800000000003	NA	NA	NOT_EVALUABLE_OBSERVER_STREAM_ABSENT
OBSOPEN_US30_20240102	RAW125B:M1:1704217320	1704217320	1704217380	37677.099999999999	37689.099999999999	37676.599999999999	37679.599999999999	COMPLETE	OBSOPEN_US30_20240102:U:0017	OBSOPEN_US30_20240102:L:0001	true	false	0	72	37689.099999999999	37485.800000000003	NA	NA	NOT_EVALUABLE_OBSERVER_STREAM_ABSENT
OBSOPEN_US30_20240102	RAW125B:M1:1704217380	1704217380	1704217440	37679.599999999999	37699.099999999999	37678.599999999999	37698.099999999999	COMPLETE	OBSOPEN_US30_20240102:U:0018	OBSOPEN_US30_20240102:L:0001	true	false	0	73	37699.099999999999	37485.800000000003	NA	NA	NOT_EVALUABLE_OBSERVER_STREAM_ABSENT
OBSOPEN_US30_20240102	RAW125B:M1:1704217440	1704217440	1704217500	37698.099999999999	37710.099999999999	37697.099999999999	37699.599999999999	COMPLETE	OBSOPEN_US30_20240102:U:0019	OBSOPEN_US30_20240102:L:0001	true	false	0	74	37710.099999999999	37485.800000000003	NA	NA	NOT_EVALUABLE_OBSERVER_STREAM_ABSENT
OBSOPEN_US30_20240102	RAW125B:M1:1704217500	1704217500	1704217560	37700.099999999999	37718.599999999999	37694.599999999999	37714.099999999999	COMPLETE	OBSOPEN_US30_20240102:U:0020	OBSOPEN_US30_20240102:L:0001	true	false	0	75	37718.599999999999	37485.800000000003	NA	NA	NOT_EVALUABLE_OBSERVER_STREAM_ABSENT
OBSOPEN_US30_20240102	RAW125B:M1:1704217560	1704217560	1704217620	37714.099999999999	37717.599999999999	37706.599999999999	37709.599999999999	COMPLETE	OBSOPEN_US30_20240102:U:0020	OBSOPEN_US30_20240102:L:0001	false	false	1	76	37718.599999999999	37485.800000000003	NA	NA	NOT_EVALUABLE_OBSERVER_STREAM_ABSENT
OBSOPEN_US30_20240102	RAW125B:M1:1704217620	1704217620	1704217680	37710.099999999999	37711.099999999999	37704.099999999999	37705.599999999999	COMPLETE	OBSOPEN_US30_20240102:U:0020	OBSOPEN_US30_20240102:L:0001	false	false	2	77	37718.599999999999	37485.800000000003	NA	NA	NOT_EVALUABLE_OBSERVER_STREAM_ABSENT
OBSOPEN_US30_20240102	RAW125B:M1:1704217680	1704217680	1704217740	37705.099999999999	37718.099999999999	37702.599999999999	37716.599999999999	COMPLETE	OBSOPEN_US30_20240102:U:0020	OBSOPEN_US30_20240102:L:0001	false	false	3	78	37718.599999999999	37485.800000000003	NA	NA	NOT_EVALUABLE_OBSERVER_STREAM_ABSENT
OBSOPEN_US30_20240102	RAW125B:M1:1704217740	1704217740	1704217800	37716.599999999999	37718.599999999999	37705.099999999999	37711.599999999999	COMPLETE	OBSOPEN_US30_20240102:U:0020	OBSOPEN_US30_20240102:L:0001	false	false	4	79	37718.599999999999	37485.800000000003	NA	NA	NOT_EVALUABLE_OBSERVER_STREAM_ABSENT
OBSOPEN_US30_20240102	RAW125B:M1:1704217800	1704217800	1704217860	37712.099999999999	37718.099999999999	37708.099999999999	37711.599999999999	COMPLETE	OBSOPEN_US30_20240102:U:0020	OBSOPEN_US30_20240102:L:0001	false	false	5	80	37718.599999999999	37485.800000000003	NA	NA	NOT_EVALUABLE_OBSERVER_STREAM_ABSENT
OBSOPEN_US30_20240102	RAW125B:M1:1704217860	1704217860	1704217920	37712.099999999999	37718.599999999999	37706.099999999999	37718.099999999999	COMPLETE	OBSOPEN_US30_20240102:U:0020	OBSOPEN_US30_20240102:L:0001	false	false	6	81	37718.599999999999	37485.800000000003	NA	NA	NOT_EVALUABLE_OBSERVER_STREAM_ABSENT
OBSOPEN_US30_20240102	RAW125B:M1:1704217920	1704217920	1704217980	37716.099999999999	37718.599999999999	37712.099999999999	37717.099999999999	COMPLETE	OBSOPEN_US30_20240102:U:0020	OBSOPEN_US30_20240102:L:0001	false	false	7	82	37718.599999999999	37485.800000000003	NA	NA	NOT_EVALUABLE_OBSERVER_STREAM_ABSENT
OBSOPEN_US30_20240102	RAW125B:M1:1704217980	1704217980	1704218040	37716.599999999999	37716.599999999999	37701.099999999999	37701.099999999999	COMPLETE	OBSOPEN_US30_20240102:U:0020	OBSOPEN_US30_20240102:L:0001	false	false	8	83	37718.599999999999	37485.800000000003	NA	NA	NOT_EVALUABLE_OBSERVER_STREAM_ABSENT
OBSOPEN_US30_20240102	RAW125B:M1:1704218040	1704218040	1704218100	37700.599999999999	37703.599999999999	37697.099999999999	37702.099999999999	COMPLETE	OBSOPEN_US30_20240102:U:0020	OBSOPEN_US30_20240102:L:0001	false	false	9	84	37718.599999999999	37485.800000000003	NA	NA	NOT_EVALUABLE_OBSERVER_STREAM_ABSENT
OBSOPEN_US30_20240102	RAW125B:M1:1704218100	1704218100	1704218160	37701.099999999999	37704.099999999999	37693.099999999999	37695.099999999999	COMPLETE	OBSOPEN_US30_20240102:U:0020	OBSOPEN_US30_20240102:L:0001	false	false	10	85	37718.599999999999	37485.800000000003	NA	NA	NOT_EVALUABLE_OBSERVER_STREAM_ABSENT
OBSOPEN_US30_20240102	RAW125B:M1:1704218160	1704218160	1704218220	37696.099999999999	37699.599999999999	37690.099999999999	37692.599999999999	COMPLETE	OBSOPEN_US30_20240102:U:0020	OBSOPEN_US30_20240102:L:0001	false	false	11	86	37718.599999999999	37485.800000000003	NA	NA	NOT_EVALUABLE_OBSERVER_STREAM_ABSENT
OBSOPEN_US30_20240102	RAW125B:M1:1704218220	1704218220	1704218280	37691.099999999999	37695.099999999999	37690.099999999999	37691.099999999999	COMPLETE	OBSOPEN_US30_20240102:U:0020	OBSOPEN_US30_20240102:L:0001	false	false	12	87	37718.599999999999	37485.800000000003	NA	NA	NOT_EVALUABLE_OBSERVER_STREAM_ABSENT
OBSOPEN_US30_20240102	RAW125B:M1:1704218280	1704218280	1704218340	37694.099999999999	37705.599999999999	37690.099999999999	37705.099999999999	COMPLETE	OBSOPEN_US30_20240102:U:0020	OBSOPEN_US30_20240102:L:0001	false	false	13	88	37718.599999999999	37485.800000000003	NA	NA	NOT_EVALUABLE_OBSERVER_STREAM_ABSENT
OBSOPEN_US30_20240102	RAW125B:M1:1704218340	1704218340	1704218400	37706.099999999999	37707.099999999999	37692.099999999999	37695.599999999999	COMPLETE	OBSOPEN_US30_20240102:U:0020	OBSOPEN_US30_20240102:L:0001	false	false	14	89	37718.599999999999	37485.800000000003	NA	NA	NOT_EVALUABLE_OBSERVER_STREAM_ABSENT
OBSOPEN_US30_20240102	RAW125B:M1:1704218400	1704218400	1704218460	37695.099999999999	37701.099999999999	37689.599999999999	37701.099999999999	COMPLETE	OBSOPEN_US30_20240102:U:0020	OBSOPEN_US30_20240102:L:0001	false	false	15	90	37718.599999999999	37485.800000000003	NA	NA	NOT_EVALUABLE_OBSERVER_STREAM_ABSENT
OBSOPEN_US30_20240102	RAW125B:M1:1704218460	1704218460	1704218520	37699.599999999999	37703.599999999999	37693.599999999999	37695.099999999999	COMPLETE	OBSOPEN_US30_20240102:U:0020	OBSOPEN_US30_20240102:L:0001	false	false	16	91	37718.599999999999	37485.800000000003	NA	NA	NOT_EVALUABLE_OBSERVER_STREAM_ABSENT
OBSOPEN_US30_20240102	RAW125B:M1:1704218520	1704218520	1704218580	37693.099999999999	37702.099999999999	37692.099999999999	37698.099999999999	COMPLETE	OBSOPEN_US30_20240102:U:0020	OBSOPEN_US30_20240102:L:0001	false	false	17	92	37718.599999999999	37485.800000000003	NA	NA	NOT_EVALUABLE_OBSERVER_STREAM_ABSENT
OBSOPEN_US30_20240102	RAW125B:M1:1704218580	1704218580	1704218640	37699.099999999999	37703.099999999999	37695.099999999999	37699.599999999999	COMPLETE	OBSOPEN_US30_20240102:U:0020	OBSOPEN_US30_20240102:L:0001	false	false	18	93	37718.599999999999	37485.800000000003	NA	NA	NOT_EVALUABLE_OBSERVER_STREAM_ABSENT
OBSOPEN_US30_20240102	RAW125B:M1:1704218640	1704218640	1704218700	37698.599999999999	37713.599999999999	37698.599999999999	37711.099999999999	COMPLETE	OBSOPEN_US30_20240102:U:0020	OBSOPEN_US30_20240102:L:0001	false	false	19	94	37718.599999999999	37485.800000000003	NA	NA	NOT_EVALUABLE_OBSERVER_STREAM_ABSENT
OBSOPEN_US30_20240102	RAW125B:M1:1704218700	1704218700	1704218760	37710.599999999999	37712.599999999999	37697.099999999999	37697.099999999999	COMPLETE	OBSOPEN_US30_20240102:U:0020	OBSOPEN_US30_20240102:L:0001	false	false	20	95	37718.599999999999	37485.800000000003	NA	NA	NOT_EVALUABLE_OBSERVER_STREAM_ABSENT
OBSOPEN_US30_20240102	RAW125B:M1:1704218760	1704218760	1704218820	37693.599999999999	37696.099999999999	37687.099999999999	37693.099999999999	COMPLETE	OBSOPEN_US30_20240102:U:0020	OBSOPEN_US30_20240102:L:0001	false	false	21	96	37718.599999999999	37485.800000000003	NA	NA	NOT_EVALUABLE_OBSERVER_STREAM_ABSENT
OBSOPEN_US30_20240102	RAW125B:M1:1704218820	1704218820	1704218880	37693.099999999999	37693.099999999999	37677.099999999999	37677.099999999999	COMPLETE	OBSOPEN_US30_20240102:U:0020	OBSOPEN_US30_20240102:L:0001	false	false	22	97	37718.599999999999	37485.800000000003	NA	NA	NOT_EVALUABLE_OBSERVER_STREAM_ABSENT
OBSOPEN_US30_20240102	RAW125B:M1:1704218880	1704218880	1704218940	37678.099999999999	37686.599999999999	37675.099999999999	37686.099999999999	COMPLETE	OBSOPEN_US30_20240102:U:0020	OBSOPEN_US30_20240102:L:0001	false	false	23	98	37718.599999999999	37485.800000000003	NA	NA	NOT_EVALUABLE_OBSERVER_STREAM_ABSENT
OBSOPEN_US30_20240102	RAW125B:M1:1704218940	1704218940	1704219000	37687.099999999999	37705.599999999999	37687.099999999999	37704.599999999999	COMPLETE	OBSOPEN_US30_20240102:U:0020	OBSOPEN_US30_20240102:L:0001	false	false	24	99	37718.599999999999	37485.800000000003	NA	NA	NOT_EVALUABLE_OBSERVER_STREAM_ABSENT
OBSOPEN_US30_20240102	RAW125B:M1:1704219000	1704219000	1704219060	37704.599999999999	37718.599999999999	37700.099999999999	37706.099999999999	COMPLETE	OBSOPEN_US30_20240102:U:0020	OBSOPEN_US30_20240102:L:0001	false	false	25	100	37718.599999999999	37485.800000000003	NA	NA	NOT_EVALUABLE_OBSERVER_STREAM_ABSENT
OBSOPEN_US30_20240102	RAW125B:M1:1704219060	1704219060	1704219120	37706.599999999999	37714.599999999999	37704.099999999999	37707.599999999999	COMPLETE	OBSOPEN_US30_20240102:U:0020	OBSOPEN_US30_20240102:L:0001	false	false	26	101	37718.599999999999	37485.800000000003	NA	NA	NOT_EVALUABLE_OBSERVER_STREAM_ABSENT
OBSOPEN_US30_20240102	RAW125B:M1:1704219120	1704219120	1704219180	37706.599999999999	37708.099999999999	37682.099999999999	37683.099999999999	COMPLETE	OBSOPEN_US30_20240102:U:0020	OBSOPEN_US30_20240102:L:0001	false	false	27	102	37718.599999999999	37485.800000000003	NA	NA	NOT_EVALUABLE_OBSERVER_STREAM_ABSENT
OBSOPEN_US30_20240102	RAW125B:M1:1704219180	1704219180	1704219240	37683.599999999999	37683.599999999999	37664.099999999999	37670.099999999999	COMPLETE	OBSOPEN_US30_20240102:U:0020	OBSOPEN_US30_20240102:L:0001	false	false	28	103	37718.599999999999	37485.800000000003	NA	NA	NOT_EVALUABLE_OBSERVER_STREAM_ABSENT
OBSOPEN_US30_20240102	RAW125B:M1:1704219240	1704219240	1704219300	37670.099999999999	37680.599999999999	37670.099999999999	37676.599999999999	COMPLETE	OBSOPEN_US30_20240102:U:0020	OBSOPEN_US30_20240102:L:0001	false	false	29	104	37718.599999999999	37485.800000000003	NA	NA	NOT_EVALUABLE_OBSERVER_STREAM_ABSENT
OBSOPEN_US30_20240102	RAW125B:M1:1704219300	1704219300	1704219360	37675.099999999999	37690.099999999999	37675.099999999999	37690.099999999999	COMPLETE	OBSOPEN_US30_20240102:U:0020	OBSOPEN_US30_20240102:L:0001	false	false	30	105	37718.599999999999	37485.800000000003	NA	NA	NOT_EVALUABLE_OBSERVER_STREAM_ABSENT
OBSOPEN_US30_20240102	RAW125B:M1:1704219360	1704219360	1704219420	37688.099999999999	37690.099999999999	37677.099999999999	37678.099999999999	COMPLETE	OBSOPEN_US30_20240102:U:0020	OBSOPEN_US30_20240102:L:0001	false	false	31	106	37718.599999999999	37485.800000000003	NA	NA	NOT_EVALUABLE_OBSERVER_STREAM_ABSENT
OBSOPEN_US30_20240102	RAW125B:M1:1704219420	1704219420	1704219480	37679.599999999999	37684.599999999999	37674.599999999999	37683.099999999999	COMPLETE	OBSOPEN_US30_20240102:U:0020	OBSOPEN_US30_20240102:L:0001	false	false	32	107	37718.599999999999	37485.800000000003	NA	NA	NOT_EVALUABLE_OBSERVER_STREAM_ABSENT
OBSOPEN_US30_20240102	RAW125B:M1:1704219480	1704219480	1704219540	37681.599999999999	37689.099999999999	37680.099999999999	37684.599999999999	COMPLETE	OBSOPEN_US30_20240102:U:0020	OBSOPEN_US30_20240102:L:0001	false	false	33	108	37718.599999999999	37485.800000000003	NA	NA	NOT_EVALUABLE_OBSERVER_STREAM_ABSENT
OBSOPEN_US30_20240102	RAW125B:M1:1704219540	1704219540	1704219600	37682.599999999999	37683.599999999999	37677.099999999999	37681.599999999999	COMPLETE	OBSOPEN_US30_20240102:U:0020	OBSOPEN_US30_20240102:L:0001	false	false	34	109	37718.599999999999	37485.800000000003	NA	NA	NOT_EVALUABLE_OBSERVER_STREAM_ABSENT
OBSOPEN_US30_20240102	RAW125B:M1:1704219600	1704219600	1704219660	37679.099999999999	37687.099999999999	37669.099999999999	37670.599999999999	COMPLETE	OBSOPEN_US30_20240102:U:0020	OBSOPEN_US30_20240102:L:0001	false	false	35	110	37718.599999999999	37485.800000000003	NA	NA	NOT_EVALUABLE_OBSERVER_STREAM_ABSENT
OBSOPEN_US30_20240102	RAW125B:M1:1704219660	1704219660	1704219720	37670.599999999999	37674.599999999999	37668.099999999999	37674.099999999999	COMPLETE	OBSOPEN_US30_20240102:U:0020	OBSOPEN_US30_20240102:L:0001	false	false	36	111	37718.599999999999	37485.800000000003	NA	NA	NOT_EVALUABLE_OBSERVER_STREAM_ABSENT
OBSOPEN_US30_20240102	RAW125B:M1:1704219720	1704219720	1704219780	37674.599999999999	37687.599999999999	37670.099999999999	37686.099999999999	COMPLETE	OBSOPEN_US30_20240102:U:0020	OBSOPEN_US30_20240102:L:0001	false	false	37	112	37718.599999999999	37485.800000000003	NA	NA	NOT_EVALUABLE_OBSERVER_STREAM_ABSENT
OBSOPEN_US30_20240102	RAW125B:M1:1704219780	1704219780	1704219840	37685.599999999999	37685.599999999999	37674.099999999999	37675.099999999999	COMPLETE	OBSOPEN_US30_20240102:U:0020	OBSOPEN_US30_20240102:L:0001	false	false	38	113	37718.599999999999	37485.800000000003	NA	NA	NOT_EVALUABLE_OBSERVER_STREAM_ABSENT
OBSOPEN_US30_20240102	RAW125B:M1:1704219840	1704219840	1704219900	37674.099999999999	37677.099999999999	37669.599999999999	37675.099999999999	COMPLETE	OBSOPEN_US30_20240102:U:0020	OBSOPEN_US30_20240102:L:0001	false	false	39	114	37718.599999999999	37485.800000000003	NA	NA	NOT_EVALUABLE_OBSERVER_STREAM_ABSENT
OBSOPEN_US30_20240102	RAW125B:M1:1704219900	1704219900	1704219960	37676.099999999999	37676.599999999999	37667.099999999999	37672.099999999999	COMPLETE	OBSOPEN_US30_20240102:U:0020	OBSOPEN_US30_20240102:L:0001	false	false	40	115	37718.599999999999	37485.800000000003	NA	NA	NOT_EVALUABLE_OBSERVER_STREAM_ABSENT
OBSOPEN_US30_20240102	RAW125B:M1:1704219960	1704219960	1704220020	37673.099999999999	37674.599999999999	37666.099999999999	37668.599999999999	COMPLETE	OBSOPEN_US30_20240102:U:0020	OBSOPEN_US30_20240102:L:0001	false	false	41	116	37718.599999999999	37485.800000000003	NA	NA	NOT_EVALUABLE_OBSERVER_STREAM_ABSENT
OBSOPEN_US30_20240102	RAW125B:M1:1704220020	1704220020	1704220080	37668.099999999999	37671.099999999999	37665.599999999999	37669.599999999999	COMPLETE	OBSOPEN_US30_20240102:U:0020	OBSOPEN_US30_20240102:L:0001	false	false	42	117	37718.599999999999	37485.800000000003	NA	NA	NOT_EVALUABLE_OBSERVER_STREAM_ABSENT
OBSOPEN_US30_20240102	RAW125B:M1:1704220080	1704220080	1704220140	37669.599999999999	37677.599999999999	37668.099999999999	37676.599999999999	COMPLETE	OBSOPEN_US30_20240102:U:0020	OBSOPEN_US30_20240102:L:0001	false	false	43	118	37718.599999999999	37485.800000000003	NA	NA	NOT_EVALUABLE_OBSERVER_STREAM_ABSENT
OBSOPEN_US30_20240102	RAW125B:M1:1704220140	1704220140	1704220200	37677.599999999999	37686.099999999999	37675.599999999999	37684.099999999999	COMPLETE	OBSOPEN_US30_20240102:U:0020	OBSOPEN_US30_20240102:L:0001	false	false	44	119	37718.599999999999	37485.800000000003	NA	NA	NOT_EVALUABLE_OBSERVER_STREAM_ABSENT
OBSOPEN_US30_20240102	RAW125B:M1:1704220200	1704220200	1704220260	37680.599999999999	37683.599999999999	37674.099999999999	37675.599999999999	COMPLETE	OBSOPEN_US30_20240102:U:0020	OBSOPEN_US30_20240102:L:0001	false	false	45	120	37718.599999999999	37485.800000000003	NA	NA	NOT_EVALUABLE_OBSERVER_STREAM_ABSENT
OBSOPEN_US30_20240102	RAW125B:M1:1704220260	1704220260	1704220320	37675.599999999999	37682.099999999999	37672.099999999999	37679.099999999999	COMPLETE	OBSOPEN_US30_20240102:U:0020	OBSOPEN_US30_20240102:L:0001	false	false	46	121	37718.599999999999	37485.800000000003	NA	NA	NOT_EVALUABLE_OBSERVER_STREAM_ABSENT
OBSOPEN_US30_20240102	RAW125B:M1:1704220320	1704220320	1704220380	37679.099999999999	37690.099999999999	37679.099999999999	37690.099999999999	COMPLETE	OBSOPEN_US30_20240102:U:0020	OBSOPEN_US30_20240102:L:0001	false	false	47	122	37718.599999999999	37485.800000000003	NA	NA	NOT_EVALUABLE_OBSERVER_STREAM_ABSENT
OBSOPEN_US30_20240102	RAW125B:M1:1704220380	1704220380	1704220440	37689.599999999999	37699.599999999999	37688.099999999999	37695.599999999999	COMPLETE	OBSOPEN_US30_20240102:U:0020	OBSOPEN_US30_20240102:L:0001	false	false	48	123	37718.599999999999	37485.800000000003	NA	NA	NOT_EVALUABLE_OBSERVER_STREAM_ABSENT
OBSOPEN_US30_20240102	RAW125B:M1:1704220440	1704220440	1704220500	37695.099999999999	37701.599999999999	37695.099999999999	37700.099999999999	COMPLETE	OBSOPEN_US30_20240102:U:0020	OBSOPEN_US30_20240102:L:0001	false	false	49	124	37718.599999999999	37485.800000000003	NA	NA	NOT_EVALUABLE_OBSERVER_STREAM_ABSENT
OBSOPEN_US30_20240102	RAW125B:M1:1704220500	1704220500	1704220560	37699.599999999999	37700.099999999999	37682.599999999999	37686.099999999999	COMPLETE	OBSOPEN_US30_20240102:U:0020	OBSOPEN_US30_20240102:L:0001	false	false	50	125	37718.599999999999	37485.800000000003	NA	NA	NOT_EVALUABLE_OBSERVER_STREAM_ABSENT
OBSOPEN_US30_20240102	RAW125B:M1:1704220560	1704220560	1704220620	37685.099999999999	37686.599999999999	37676.599999999999	37679.599999999999	COMPLETE	OBSOPEN_US30_20240102:U:0020	OBSOPEN_US30_20240102:L:0001	false	false	51	126	37718.599999999999	37485.800000000003	NA	NA	NOT_EVALUABLE_OBSERVER_STREAM_ABSENT
OBSOPEN_US30_20240102	RAW125B:M1:1704220620	1704220620	1704220680	37678.599999999999	37686.099999999999	37677.099999999999	37684.599999999999	COMPLETE	OBSOPEN_US30_20240102:U:0020	OBSOPEN_US30_20240102:L:0001	false	false	52	127	37718.599999999999	37485.800000000003	NA	NA	NOT_EVALUABLE_OBSERVER_STREAM_ABSENT
OBSOPEN_US30_20240102	RAW125B:M1:1704220680	1704220680	1704220740	37683.599999999999	37685.099999999999	37674.099999999999	37677.099999999999	COMPLETE	OBSOPEN_US30_20240102:U:0020	OBSOPEN_US30_20240102:L:0001	false	false	53	128	37718.599999999999	37485.800000000003	NA	NA	NOT_EVALUABLE_OBSERVER_STREAM_ABSENT
OBSOPEN_US30_20240102	RAW125B:M1:1704220740	1704220740	1704220800	37676.599999999999	37678.099999999999	37669.099999999999	37669.599999999999	COMPLETE	OBSOPEN_US30_20240102:U:0020	OBSOPEN_US30_20240102:L:0001	false	false	54	129	37718.599999999999	37485.800000000003	NA	NA	NOT_EVALUABLE_OBSERVER_STREAM_ABSENT
OBSOPEN_US30_20240102	RAW125B:M1:1704220800	1704220800	1704220860	37669.599999999999	37673.099999999999	37666.099999999999	37672.599999999999	COMPLETE	OBSOPEN_US30_20240102:U:0020	OBSOPEN_US30_20240102:L:0001	false	false	55	130	37718.599999999999	37485.800000000003	NA	NA	NOT_EVALUABLE_OBSERVER_STREAM_ABSENT
OBSOPEN_US30_20240102	RAW125B:M1:1704220860	1704220860	1704220920	37674.099999999999	37677.599999999999	37669.599999999999	37677.099999999999	COMPLETE	OBSOPEN_US30_20240102:U:0020	OBSOPEN_US30_20240102:L:0001	false	false	56	131	37718.599999999999	37485.800000000003	NA	NA	NOT_EVALUABLE_OBSERVER_STREAM_ABSENT
OBSOPEN_US30_20240102	RAW125B:M1:1704220920	1704220920	1704220980	37676.599999999999	37685.599999999999	37676.099999999999	37685.599999999999	COMPLETE	OBSOPEN_US30_20240102:U:0020	OBSOPEN_US30_20240102:L:0001	false	false	57	132	37718.599999999999	37485.800000000003	NA	NA	NOT_EVALUABLE_OBSERVER_STREAM_ABSENT
OBSOPEN_US30_20240102	RAW125B:M1:1704220980	1704220980	1704221040	37685.099999999999	37688.599999999999	37683.599999999999	37688.599999999999	COMPLETE	OBSOPEN_US30_20240102:U:0020	OBSOPEN_US30_20240102:L:0001	false	false	58	133	37718.599999999999	37485.800000000003	NA	NA	NOT_EVALUABLE_OBSERVER_STREAM_ABSENT
OBSOPEN_US30_20240102	RAW125B:M1:1704221040	1704221040	1704221100	37688.599999999999	37693.099999999999	37684.099999999999	37693.099999999999	COMPLETE	OBSOPEN_US30_20240102:U:0020	OBSOPEN_US30_20240102:L:0001	false	false	59	134	37718.599999999999	37485.800000000003	NA	NA	NOT_EVALUABLE_OBSERVER_STREAM_ABSENT
OBSOPEN_US30_20240102	RAW125B:M1:1704221100	1704221100	1704221160	37692.599999999999	37705.599999999999	37689.099999999999	37705.599999999999	COMPLETE	OBSOPEN_US30_20240102:U:0020	OBSOPEN_US30_20240102:L:0001	false	false	60	135	37718.599999999999	37485.800000000003	NA	NA	NOT_EVALUABLE_OBSERVER_STREAM_ABSENT
OBSOPEN_US30_20240102	RAW125B:M1:1704221160	1704221160	1704221220	37708.099999999999	37733.599999999999	37704.599999999999	37726.099999999999	COMPLETE	OBSOPEN_US30_20240102:U:0021	OBSOPEN_US30_20240102:L:0001	true	false	0	136	37733.599999999999	37485.800000000003	NA	NA	NOT_EVALUABLE_OBSERVER_STREAM_ABSENT
OBSOPEN_US30_20240102	RAW125B:M1:1704221220	1704221220	1704221280	37726.599999999999	37727.099999999999	37719.599999999999	37724.099999999999	COMPLETE	OBSOPEN_US30_20240102:U:0021	OBSOPEN_US30_20240102:L:0001	false	false	1	137	37733.599999999999	37485.800000000003	NA	NA	NOT_EVALUABLE_OBSERVER_STREAM_ABSENT
OBSOPEN_US30_20240102	RAW125B:M1:1704221280	1704221280	1704221340	37723.599999999999	37732.099999999999	37718.599999999999	37721.599999999999	COMPLETE	OBSOPEN_US30_20240102:U:0021	OBSOPEN_US30_20240102:L:0001	false	false	2	138	37733.599999999999	37485.800000000003	NA	NA	NOT_EVALUABLE_OBSERVER_STREAM_ABSENT
OBSOPEN_US30_20240102	RAW125B:M1:1704221340	1704221340	1704221400	37721.099999999999	37732.599999999999	37721.099999999999	37731.599999999999	COMPLETE	OBSOPEN_US30_20240102:U:0021	OBSOPEN_US30_20240102:L:0001	false	false	3	139	37733.599999999999	37485.800000000003	NA	NA	NOT_EVALUABLE_OBSERVER_STREAM_ABSENT
OBSOPEN_US30_20240102	RAW125B:M1:1704221400	1704221400	1704221460	37730.599999999999	37735.099999999999	37727.599999999999	37727.599999999999	COMPLETE	OBSOPEN_US30_20240102:U:0022	OBSOPEN_US30_20240102:L:0001	true	false	0	140	37735.099999999999	37485.800000000003	NA	NA	NOT_EVALUABLE_OBSERVER_STREAM_ABSENT
OBSOPEN_US30_20240102	RAW125B:M1:1704221460	1704221460	1704221520	37727.099999999999	37737.099999999999	37727.099999999999	37735.599999999999	COMPLETE	OBSOPEN_US30_20240102:U:0023	OBSOPEN_US30_20240102:L:0001	true	false	0	141	37737.099999999999	37485.800000000003	NA	NA	NOT_EVALUABLE_OBSERVER_STREAM_ABSENT
OBSOPEN_US30_20240102	RAW125B:M1:1704221520	1704221520	1704221580	37736.599999999999	37742.099999999999	37731.099999999999	37731.099999999999	COMPLETE	OBSOPEN_US30_20240102:U:0024	OBSOPEN_US30_20240102:L:0001	true	false	0	142	37742.099999999999	37485.800000000003	NA	NA	NOT_EVALUABLE_OBSERVER_STREAM_ABSENT
OBSOPEN_US30_20240102	RAW125B:M1:1704221580	1704221580	1704221640	37730.599999999999	37741.099999999999	37724.099999999999	37733.099999999999	COMPLETE	OBSOPEN_US30_20240102:U:0024	OBSOPEN_US30_20240102:L:0001	false	false	1	143	37742.099999999999	37485.800000000003	NA	NA	NOT_EVALUABLE_OBSERVER_STREAM_ABSENT
OBSOPEN_US30_20240102	RAW125B:M1:1704221640	1704221640	1704221700	37732.099999999999	37738.599999999999	37731.099999999999	37736.599999999999	COMPLETE	OBSOPEN_US30_20240102:U:0024	OBSOPEN_US30_20240102:L:0001	false	false	2	144	37742.099999999999	37485.800000000003	NA	NA	NOT_EVALUABLE_OBSERVER_STREAM_ABSENT
OBSOPEN_US30_20240102	RAW125B:M1:1704221700	1704221700	1704221760	37735.599999999999	37743.099999999999	37735.099999999999	37740.599999999999	COMPLETE	OBSOPEN_US30_20240102:U:0025	OBSOPEN_US30_20240102:L:0001	true	false	0	145	37743.099999999999	37485.800000000003	NA	NA	NOT_EVALUABLE_OBSERVER_STREAM_ABSENT
OBSOPEN_US30_20240102	RAW125B:M1:1704221760	1704221760	1704221820	37740.599999999999	37750.599999999999	37740.599999999999	37744.599999999999	COMPLETE	OBSOPEN_US30_20240102:U:0026	OBSOPEN_US30_20240102:L:0001	true	false	0	146	37750.599999999999	37485.800000000003	NA	NA	NOT_EVALUABLE_OBSERVER_STREAM_ABSENT
OBSOPEN_US30_20240102	RAW125B:M1:1704221820	1704221820	1704221880	37744.099999999999	37745.099999999999	37739.599999999999	37743.599999999999	COMPLETE	OBSOPEN_US30_20240102:U:0026	OBSOPEN_US30_20240102:L:0001	false	false	1	147	37750.599999999999	37485.800000000003	NA	NA	NOT_EVALUABLE_OBSERVER_STREAM_ABSENT
OBSOPEN_US30_20240102	RAW125B:M1:1704221880	1704221880	1704221940	37745.599999999999	37746.599999999999	37736.599999999999	37738.599999999999	COMPLETE	OBSOPEN_US30_20240102:U:0026	OBSOPEN_US30_20240102:L:0001	false	false	2	148	37750.599999999999	37485.800000000003	NA	NA	NOT_EVALUABLE_OBSERVER_STREAM_ABSENT
OBSOPEN_US30_20240102	RAW125B:M1:1704221940	1704221940	1704222000	37739.099999999999	37743.599999999999	37737.099999999999	37743.599999999999	COMPLETE	OBSOPEN_US30_20240102:U:0026	OBSOPEN_US30_20240102:L:0001	false	false	3	149	37750.599999999999	37485.800000000003	NA	NA	NOT_EVALUABLE_OBSERVER_STREAM_ABSENT
OBSOPEN_US30_20240102	RAW125B:M1:1704222000	1704222000	1704222060	37743.099999999999	37750.099999999999	37741.099999999999	37748.599999999999	COMPLETE	OBSOPEN_US30_20240102:U:0026	OBSOPEN_US30_20240102:L:0001	false	false	4	150	37750.599999999999	37485.800000000003	NA	NA	NOT_EVALUABLE_OBSERVER_STREAM_ABSENT
OBSOPEN_US30_20240102	RAW125B:M1:1704222060	1704222060	1704222120	37747.099999999999	37756.099999999999	37747.099999999999	37753.099999999999	COMPLETE	OBSOPEN_US30_20240102:U:0027	OBSOPEN_US30_20240102:L:0001	true	false	0	151	37756.099999999999	37485.800000000003	NA	NA	NOT_EVALUABLE_OBSERVER_STREAM_ABSENT
OBSOPEN_US30_20240102	RAW125B:M1:1704222120	1704222120	1704222180	37752.099999999999	37752.599999999999	37745.099999999999	37751.599999999999	COMPLETE	OBSOPEN_US30_20240102:U:0027	OBSOPEN_US30_20240102:L:0001	false	false	1	152	37756.099999999999	37485.800000000003	NA	NA	NOT_EVALUABLE_OBSERVER_STREAM_ABSENT
OBSOPEN_US30_20240102	RAW125B:M1:1704222180	1704222180	1704222240	37750.599999999999	37754.099999999999	37748.099999999999	37749.599999999999	COMPLETE	OBSOPEN_US30_20240102:U:0027	OBSOPEN_US30_20240102:L:0001	false	false	2	153	37756.099999999999	37485.800000000003	NA	NA	NOT_EVALUABLE_OBSERVER_STREAM_ABSENT
OBSOPEN_US30_20240102	RAW125B:M1:1704222240	1704222240	1704222300	37750.099999999999	37752.599999999999	37748.099999999999	37748.099999999999	COMPLETE	OBSOPEN_US30_20240102:U:0027	OBSOPEN_US30_20240102:L:0001	false	false	3	154	37756.099999999999	37485.800000000003	NA	NA	NOT_EVALUABLE_OBSERVER_STREAM_ABSENT
OBSOPEN_US30_20240102	RAW125B:M1:1704222300	1704222300	1704222360	37748.099999999999	37753.099999999999	37747.599999999999	37751.099999999999	COMPLETE	OBSOPEN_US30_20240102:U:0027	OBSOPEN_US30_20240102:L:0001	false	false	4	155	37756.099999999999	37485.800000000003	NA	NA	NOT_EVALUABLE_OBSERVER_STREAM_ABSENT
OBSOPEN_US30_20240102	RAW125B:M1:1704222360	1704222360	1704222420	37750.099999999999	37752.099999999999	37741.599999999999	37744.099999999999	COMPLETE	OBSOPEN_US30_20240102:U:0027	OBSOPEN_US30_20240102:L:0001	false	false	5	156	37756.099999999999	37485.800000000003	NA	NA	NOT_EVALUABLE_OBSERVER_STREAM_ABSENT
OBSOPEN_US30_20240102	RAW125B:M1:1704222420	1704222420	1704222480	37745.099999999999	37750.099999999999	37744.099999999999	37750.099999999999	COMPLETE	OBSOPEN_US30_20240102:U:0027	OBSOPEN_US30_20240102:L:0001	false	false	6	157	37756.099999999999	37485.800000000003	NA	NA	NOT_EVALUABLE_OBSERVER_STREAM_ABSENT
OBSOPEN_US30_20240102	RAW125B:M1:1704222480	1704222480	1704222540	37750.599999999999	37754.099999999999	37748.599999999999	37752.099999999999	COMPLETE	OBSOPEN_US30_20240102:U:0027	OBSOPEN_US30_20240102:L:0001	false	false	7	158	37756.099999999999	37485.800000000003	NA	NA	NOT_EVALUABLE_OBSERVER_STREAM_ABSENT
OBSOPEN_US30_20240102	RAW125B:M1:1704222540	1704222540	1704222600	37750.599999999999	37756.099999999999	37748.599999999999	37754.099999999999	COMPLETE	OBSOPEN_US30_20240102:U:0027	OBSOPEN_US30_20240102:L:0001	false	false	8	159	37756.099999999999	37485.800000000003	NA	NA	NOT_EVALUABLE_OBSERVER_STREAM_ABSENT
OBSOPEN_US30_20240102	RAW125B:M1:1704222600	1704222600	1704222660	37754.099999999999	37769.099999999999	37752.599999999999	37766.099999999999	COMPLETE	OBSOPEN_US30_20240102:U:0028	OBSOPEN_US30_20240102:L:0001	true	false	0	160	37769.099999999999	37485.800000000003	NA	NA	NOT_EVALUABLE_OBSERVER_STREAM_ABSENT
OBSOPEN_US30_20240102	RAW125B:M1:1704222660	1704222660	1704222720	37766.099999999999	37773.599999999999	37761.099999999999	37773.599999999999	COMPLETE	OBSOPEN_US30_20240102:U:0029	OBSOPEN_US30_20240102:L:0001	true	false	0	161	37773.599999999999	37485.800000000003	NA	NA	NOT_EVALUABLE_OBSERVER_STREAM_ABSENT
OBSOPEN_US30_20240102	RAW125B:M1:1704222720	1704222720	1704222780	37772.599999999999	37778.099999999999	37761.599999999999	37762.099999999999	COMPLETE	OBSOPEN_US30_20240102:U:0030	OBSOPEN_US30_20240102:L:0001	true	false	0	162	37778.099999999999	37485.800000000003	NA	NA	NOT_EVALUABLE_OBSERVER_STREAM_ABSENT
OBSOPEN_US30_20240102	RAW125B:M1:1704222780	1704222780	1704222840	37760.099999999999	37770.099999999999	37759.599999999999	37770.099999999999	COMPLETE	OBSOPEN_US30_20240102:U:0030	OBSOPEN_US30_20240102:L:0001	false	false	1	163	37778.099999999999	37485.800000000003	NA	NA	NOT_EVALUABLE_OBSERVER_STREAM_ABSENT
OBSOPEN_US30_20240102	RAW125B:M1:1704222840	1704222840	1704222900	37770.599999999999	37776.099999999999	37769.099999999999	37772.599999999999	COMPLETE	OBSOPEN_US30_20240102:U:0030	OBSOPEN_US30_20240102:L:0001	false	false	2	164	37778.099999999999	37485.800000000003	NA	NA	NOT_EVALUABLE_OBSERVER_STREAM_ABSENT
OBSOPEN_US30_20240102	RAW125B:M1:1704222900	1704222900	1704222960	37771.099999999999	37771.099999999999	37761.099999999999	37761.099999999999	COMPLETE	OBSOPEN_US30_20240102:U:0030	OBSOPEN_US30_20240102:L:0001	false	false	3	165	37778.099999999999	37485.800000000003	NA	NA	NOT_EVALUABLE_OBSERVER_STREAM_ABSENT
OBSOPEN_US30_20240102	RAW125B:M1:1704222960	1704222960	1704223020	37761.099999999999	37769.099999999999	37752.599999999999	37755.599999999999	COMPLETE	OBSOPEN_US30_20240102:U:0030	OBSOPEN_US30_20240102:L:0001	false	false	4	166	37778.099999999999	37485.800000000003	NA	NA	NOT_EVALUABLE_OBSERVER_STREAM_ABSENT
OBSOPEN_US30_20240102	RAW125B:M1:1704223020	1704223020	1704223080	37756.099999999999	37757.599999999999	37736.099999999999	37754.099999999999	COMPLETE	OBSOPEN_US30_20240102:U:0030	OBSOPEN_US30_20240102:L:0001	false	false	5	167	37778.099999999999	37485.800000000003	NA	NA	NOT_EVALUABLE_OBSERVER_STREAM_ABSENT
OBSOPEN_US30_20240102	RAW125B:M1:1704223080	1704223080	1704223140	37753.099999999999	37757.599999999999	37751.099999999999	37752.099999999999	COMPLETE	OBSOPEN_US30_20240102:U:0030	OBSOPEN_US30_20240102:L:0001	false	false	6	168	37778.099999999999	37485.800000000003	NA	NA	NOT_EVALUABLE_OBSERVER_STREAM_ABSENT
OBSOPEN_US30_20240102	RAW125B:M1:1704223140	1704223140	1704223200	37751.099999999999	37760.599999999999	37748.099999999999	37760.599999999999	COMPLETE	OBSOPEN_US30_20240102:U:0030	OBSOPEN_US30_20240102:L:0001	false	false	7	169	37778.099999999999	37485.800000000003	NA	NA	NOT_EVALUABLE_OBSERVER_STREAM_ABSENT
OBSOPEN_US30_20240102	RAW125B:M1:1704223200	1704223200	1704223260	37761.599999999999	37770.099999999999	37751.599999999999	37762.599999999999	COMPLETE	OBSOPEN_US30_20240102:U:0030	OBSOPEN_US30_20240102:L:0001	false	false	8	170	37778.099999999999	37485.800000000003	NA	NA	NOT_EVALUABLE_OBSERVER_STREAM_ABSENT
OBSOPEN_US30_20240102	RAW125B:M1:1704223260	1704223260	1704223320	37762.599999999999	37770.099999999999	37761.599999999999	37770.099999999999	COMPLETE	OBSOPEN_US30_20240102:U:0030	OBSOPEN_US30_20240102:L:0001	false	false	9	171	37778.099999999999	37485.800000000003	NA	NA	NOT_EVALUABLE_OBSERVER_STREAM_ABSENT
OBSOPEN_US30_20240102	RAW125B:M1:1704223320	1704223320	1704223380	37770.599999999999	37772.099999999999	37759.099999999999	37761.599999999999	COMPLETE	OBSOPEN_US30_20240102:U:0030	OBSOPEN_US30_20240102:L:0001	false	false	10	172	37778.099999999999	37485.800000000003	NA	NA	NOT_EVALUABLE_OBSERVER_STREAM_ABSENT
OBSOPEN_US30_20240102	RAW125B:M1:1704223380	1704223380	1704223440	37760.599999999999	37761.099999999999	37752.099999999999	37753.599999999999	COMPLETE	OBSOPEN_US30_20240102:U:0030	OBSOPEN_US30_20240102:L:0001	false	false	11	173	37778.099999999999	37485.800000000003	NA	NA	NOT_EVALUABLE_OBSERVER_STREAM_ABSENT
OBSOPEN_US30_20240102	RAW125B:M1:1704223440	1704223440	1704223500	37754.099999999999	37764.599999999999	37752.599999999999	37758.599999999999	COMPLETE	OBSOPEN_US30_20240102:U:0030	OBSOPEN_US30_20240102:L:0001	false	false	12	174	37778.099999999999	37485.800000000003	NA	NA	NOT_EVALUABLE_OBSERVER_STREAM_ABSENT
OBSOPEN_US30_20240102	RAW125B:M1:1704223500	1704223500	1704223560	37757.599999999999	37762.099999999999	37752.599999999999	37762.099999999999	COMPLETE	OBSOPEN_US30_20240102:U:0030	OBSOPEN_US30_20240102:L:0001	false	false	13	175	37778.099999999999	37485.800000000003	NA	NA	NOT_EVALUABLE_OBSERVER_STREAM_ABSENT
OBSOPEN_US30_20240102	RAW125B:M1:1704223560	1704223560	1704223620	37762.099999999999	37766.099999999999	37753.599999999999	37755.099999999999	COMPLETE	OBSOPEN_US30_20240102:U:0030	OBSOPEN_US30_20240102:L:0001	false	false	14	176	37778.099999999999	37485.800000000003	NA	NA	NOT_EVALUABLE_OBSERVER_STREAM_ABSENT
OBSOPEN_US30_20240102	RAW125B:M1:1704223620	1704223620	1704223680	37754.599999999999	37756.099999999999	37749.099999999999	37756.099999999999	COMPLETE	OBSOPEN_US30_20240102:U:0030	OBSOPEN_US30_20240102:L:0001	false	false	15	177	37778.099999999999	37485.800000000003	NA	NA	NOT_EVALUABLE_OBSERVER_STREAM_ABSENT
OBSOPEN_US30_20240102	RAW125B:M1:1704223680	1704223680	1704223740	37757.099999999999	37763.599999999999	37753.099999999999	37759.599999999999	COMPLETE	OBSOPEN_US30_20240102:U:0030	OBSOPEN_US30_20240102:L:0001	false	false	16	178	37778.099999999999	37485.800000000003	NA	NA	NOT_EVALUABLE_OBSERVER_STREAM_ABSENT
OBSOPEN_US30_20240102	RAW125B:M1:1704223740	1704223740	1704223800	37759.599999999999	37760.599999999999	37750.599999999999	37751.599999999999	COMPLETE	OBSOPEN_US30_20240102:U:0030	OBSOPEN_US30_20240102:L:0001	false	false	17	179	37778.099999999999	37485.800000000003	NA	NA	NOT_EVALUABLE_OBSERVER_STREAM_ABSENT
OBSOPEN_US30_20240102	RAW125B:M1:1704223800	1704223800	1704223860	37751.099999999999	37759.599999999999	37751.099999999999	37752.599999999999	COMPLETE	OBSOPEN_US30_20240102:U:0030	OBSOPEN_US30_20240102:L:0001	false	false	18	180	37778.099999999999	37485.800000000003	NA	NA	NOT_EVALUABLE_OBSERVER_STREAM_ABSENT
OBSOPEN_US30_20240102	RAW125B:M1:1704223860	1704223860	1704223920	37754.099999999999	37760.099999999999	37750.599999999999	37755.599999999999	COMPLETE	OBSOPEN_US30_20240102:U:0030	OBSOPEN_US30_20240102:L:0001	false	false	19	181	37778.099999999999	37485.800000000003	NA	NA	NOT_EVALUABLE_OBSERVER_STREAM_ABSENT
OBSOPEN_US30_20240102	RAW125B:M1:1704223920	1704223920	1704223980	37756.099999999999	37762.099999999999	37755.599999999999	37761.599999999999	COMPLETE	OBSOPEN_US30_20240102:U:0030	OBSOPEN_US30_20240102:L:0001	false	false	20	182	37778.099999999999	37485.800000000003	NA	NA	NOT_EVALUABLE_OBSERVER_STREAM_ABSENT
OBSOPEN_US30_20240102	RAW125B:M1:1704223980	1704223980	1704224040	37761.599999999999	37764.099999999999	37757.099999999999	37760.599999999999	COMPLETE	OBSOPEN_US30_20240102:U:0030	OBSOPEN_US30_20240102:L:0001	false	false	21	183	37778.099999999999	37485.800000000003	NA	NA	NOT_EVALUABLE_OBSERVER_STREAM_ABSENT
OBSOPEN_US30_20240102	RAW125B:M1:1704224040	1704224040	1704224100	37759.599999999999	37764.099999999999	37757.599999999999	37764.099999999999	COMPLETE	OBSOPEN_US30_20240102:U:0030	OBSOPEN_US30_20240102:L:0001	false	false	22	184	37778.099999999999	37485.800000000003	NA	NA	NOT_EVALUABLE_OBSERVER_STREAM_ABSENT
OBSOPEN_US30_20240102	RAW125B:M1:1704224100	1704224100	1704224160	37765.599999999999	37773.099999999999	37763.099999999999	37770.599999999999	COMPLETE	OBSOPEN_US30_20240102:U:0030	OBSOPEN_US30_20240102:L:0001	false	false	23	185	37778.099999999999	37485.800000000003	NA	NA	NOT_EVALUABLE_OBSERVER_STREAM_ABSENT
OBSOPEN_US30_20240102	RAW125B:M1:1704224160	1704224160	1704224220	37771.099999999999	37779.099999999999	37768.099999999999	37777.099999999999	COMPLETE	OBSOPEN_US30_20240102:U:0031	OBSOPEN_US30_20240102:L:0001	true	false	0	186	37779.099999999999	37485.800000000003	NA	NA	NOT_EVALUABLE_OBSERVER_STREAM_ABSENT
OBSOPEN_US30_20240102	RAW125B:M1:1704224220	1704224220	1704224280	37777.099999999999	37779.599999999999	37774.599999999999	37779.599999999999	COMPLETE	OBSOPEN_US30_20240102:U:0032	OBSOPEN_US30_20240102:L:0001	true	false	0	187	37779.599999999999	37485.800000000003	NA	NA	NOT_EVALUABLE_OBSERVER_STREAM_ABSENT
OBSOPEN_US30_20240102	RAW125B:M1:1704224280	1704224280	1704224340	37781.099999999999	37785.599999999999	37779.099999999999	37784.599999999999	COMPLETE	OBSOPEN_US30_20240102:U:0033	OBSOPEN_US30_20240102:L:0001	true	false	0	188	37785.599999999999	37485.800000000003	NA	NA	NOT_EVALUABLE_OBSERVER_STREAM_ABSENT
OBSOPEN_US30_20240102	RAW125B:M1:1704224340	1704224340	1704224400	37783.599999999999	37785.099999999999	37779.599999999999	37783.099999999999	COMPLETE	OBSOPEN_US30_20240102:U:0033	OBSOPEN_US30_20240102:L:0001	false	false	1	189	37785.599999999999	37485.800000000003	NA	NA	NOT_EVALUABLE_OBSERVER_STREAM_ABSENT
OBSOPEN_US30_20240102	RAW125B:M1:1704224400	1704224400	1704224460	37783.599999999999	37793.099999999999	37783.599999999999	37787.099999999999	COMPLETE	OBSOPEN_US30_20240102:U:0034	OBSOPEN_US30_20240102:L:0001	true	false	0	190	37793.099999999999	37485.800000000003	NA	NA	NOT_EVALUABLE_OBSERVER_STREAM_ABSENT
OBSOPEN_US30_20240102	RAW125B:M1:1704224460	1704224460	1704224520	37786.099999999999	37789.099999999999	37782.099999999999	37787.599999999999	COMPLETE	OBSOPEN_US30_20240102:U:0034	OBSOPEN_US30_20240102:L:0001	false	false	1	191	37793.099999999999	37485.800000000003	NA	NA	NOT_EVALUABLE_OBSERVER_STREAM_ABSENT
OBSOPEN_US30_20240102	RAW125B:M1:1704224520	1704224520	1704224580	37788.099999999999	37788.599999999999	37781.099999999999	37785.099999999999	COMPLETE	OBSOPEN_US30_20240102:U:0034	OBSOPEN_US30_20240102:L:0001	false	false	2	192	37793.099999999999	37485.800000000003	NA	NA	NOT_EVALUABLE_OBSERVER_STREAM_ABSENT
OBSOPEN_US30_20240102	RAW125B:M1:1704224580	1704224580	1704224640	37784.599999999999	37790.599999999999	37781.099999999999	37788.099999999999	COMPLETE	OBSOPEN_US30_20240102:U:0034	OBSOPEN_US30_20240102:L:0001	false	false	3	193	37793.099999999999	37485.800000000003	NA	NA	NOT_EVALUABLE_OBSERVER_STREAM_ABSENT
OBSOPEN_US30_20240102	RAW125B:M1:1704224640	1704224640	1704224700	37787.099999999999	37791.099999999999	37785.099999999999	37789.599999999999	COMPLETE	OBSOPEN_US30_20240102:U:0034	OBSOPEN_US30_20240102:L:0001	false	false	4	194	37793.099999999999	37485.800000000003	NA	NA	NOT_EVALUABLE_OBSERVER_STREAM_ABSENT
OBSOPEN_US30_20240102	RAW125B:M1:1704224700	1704224700	1704224760	37788.599999999999	37791.099999999999	37782.099999999999	37783.099999999999	COMPLETE	OBSOPEN_US30_20240102:U:0034	OBSOPEN_US30_20240102:L:0001	false	false	5	195	37793.099999999999	37485.800000000003	NA	NA	NOT_EVALUABLE_OBSERVER_STREAM_ABSENT
OBSOPEN_US30_20240102	RAW125B:M1:1704224760	1704224760	1704224820	37782.099999999999	37787.599999999999	37779.599999999999	37787.099999999999	COMPLETE	OBSOPEN_US30_20240102:U:0034	OBSOPEN_US30_20240102:L:0001	false	false	6	196	37793.099999999999	37485.800000000003	NA	NA	NOT_EVALUABLE_OBSERVER_STREAM_ABSENT
OBSOPEN_US30_20240102	RAW125B:M1:1704224820	1704224820	1704224880	37786.599999999999	37790.099999999999	37782.099999999999	37787.599999999999	COMPLETE	OBSOPEN_US30_20240102:U:0034	OBSOPEN_US30_20240102:L:0001	false	false	7	197	37793.099999999999	37485.800000000003	NA	NA	NOT_EVALUABLE_OBSERVER_STREAM_ABSENT
OBSOPEN_US30_20240102	RAW125B:M1:1704224880	1704224880	1704224940	37787.599999999999	37793.099999999999	37771.099999999999	37779.099999999999	COMPLETE	OBSOPEN_US30_20240102:U:0034	OBSOPEN_US30_20240102:L:0001	false	false	8	198	37793.099999999999	37485.800000000003	NA	NA	NOT_EVALUABLE_OBSERVER_STREAM_ABSENT
OBSOPEN_US30_20240102	RAW125B:M1:1704224940	1704224940	1704225000	37779.099999999999	37784.099999999999	37773.599999999999	37783.599999999999	COMPLETE	OBSOPEN_US30_20240102:U:0034	OBSOPEN_US30_20240102:L:0001	false	false	9	199	37793.099999999999	37485.800000000003	NA	NA	NOT_EVALUABLE_OBSERVER_STREAM_ABSENT
OBSOPEN_US30_20240102	RAW125B:M1:1704225000	1704225000	1704225060	37782.599999999999	37783.599999999999	37771.099999999999	37774.599999999999	COMPLETE	OBSOPEN_US30_20240102:U:0034	OBSOPEN_US30_20240102:L:0001	false	false	10	200	37793.099999999999	37485.800000000003	NA	NA	NOT_EVALUABLE_OBSERVER_STREAM_ABSENT
OBSOPEN_US30_20240102	RAW125B:M1:1704225060	1704225060	1704225120	37773.599999999999	37775.099999999999	37758.099999999999	37763.099999999999	COMPLETE	OBSOPEN_US30_20240102:U:0034	OBSOPEN_US30_20240102:L:0001	false	false	11	201	37793.099999999999	37485.800000000003	NA	NA	NOT_EVALUABLE_OBSERVER_STREAM_ABSENT
OBSOPEN_US30_20240102	RAW125B:M1:1704225120	1704225120	1704225180	37764.099999999999	37768.599999999999	37760.099999999999	37762.099999999999	COMPLETE	OBSOPEN_US30_20240102:U:0034	OBSOPEN_US30_20240102:L:0001	false	false	12	202	37793.099999999999	37485.800000000003	NA	NA	NOT_EVALUABLE_OBSERVER_STREAM_ABSENT
OBSOPEN_US30_20240102	RAW125B:M1:1704225180	1704225180	1704225240	37763.099999999999	37769.099999999999	37763.099999999999	37766.599999999999	COMPLETE	OBSOPEN_US30_20240102:U:0034	OBSOPEN_US30_20240102:L:0001	false	false	13	203	37793.099999999999	37485.800000000003	NA	NA	NOT_EVALUABLE_OBSERVER_STREAM_ABSENT
OBSOPEN_US30_20240102	RAW125B:M1:1704225240	1704225240	1704225300	37766.599999999999	37774.099999999999	37763.099999999999	37767.599999999999	COMPLETE	OBSOPEN_US30_20240102:U:0034	OBSOPEN_US30_20240102:L:0001	false	false	14	204	37793.099999999999	37485.800000000003	NA	NA	NOT_EVALUABLE_OBSERVER_STREAM_ABSENT
OBSOPEN_US30_20240102	RAW125B:M1:1704225300	1704225300	1704225360	37767.599999999999	37770.099999999999	37751.599999999999	37758.599999999999	COMPLETE	OBSOPEN_US30_20240102:U:0034	OBSOPEN_US30_20240102:L:0001	false	false	15	205	37793.099999999999	37485.800000000003	NA	NA	NOT_EVALUABLE_OBSERVER_STREAM_ABSENT
OBSOPEN_US30_20240102	RAW125B:M1:1704225360	1704225360	1704225420	37758.099999999999	37765.599999999999	37753.599999999999	37761.599999999999	COMPLETE	OBSOPEN_US30_20240102:U:0034	OBSOPEN_US30_20240102:L:0001	false	false	16	206	37793.099999999999	37485.800000000003	NA	NA	NOT_EVALUABLE_OBSERVER_STREAM_ABSENT
OBSOPEN_US30_20240102	RAW125B:M1:1704225420	1704225420	1704225480	37761.599999999999	37765.099999999999	37758.599999999999	37765.099999999999	COMPLETE	OBSOPEN_US30_20240102:U:0034	OBSOPEN_US30_20240102:L:0001	false	false	17	207	37793.099999999999	37485.800000000003	NA	NA	NOT_EVALUABLE_OBSERVER_STREAM_ABSENT
OBSOPEN_US30_20240102	RAW125B:M1:1704225480	1704225480	1704225540	37765.599999999999	37768.099999999999	37759.599999999999	37762.099999999999	COMPLETE	OBSOPEN_US30_20240102:U:0034	OBSOPEN_US30_20240102:L:0001	false	false	18	208	37793.099999999999	37485.800000000003	NA	NA	NOT_EVALUABLE_OBSERVER_STREAM_ABSENT
OBSOPEN_US30_20240102	RAW125B:M1:1704225540	1704225540	1704225600	37761.599999999999	37767.599999999999	37759.599999999999	37764.099999999999	COMPLETE	OBSOPEN_US30_20240102:U:0034	OBSOPEN_US30_20240102:L:0001	false	false	19	209	37793.099999999999	37485.800000000003	NA	NA	NOT_EVALUABLE_OBSERVER_STREAM_ABSENT
OBSOPEN_US30_20240102	RAW125B:M1:1704225600	1704225600	1704225660	37763.599999999999	37765.099999999999	37755.099999999999	37757.099999999999	COMPLETE	OBSOPEN_US30_20240102:U:0034	OBSOPEN_US30_20240102:L:0001	false	false	20	210	37793.099999999999	37485.800000000003	NA	NA	NOT_EVALUABLE_OBSERVER_STREAM_ABSENT
OBSOPEN_US30_20240102	RAW125B:M1:1704225660	1704225660	1704225720	37757.099999999999	37759.599999999999	37750.099999999999	37752.599999999999	COMPLETE	OBSOPEN_US30_20240102:U:0034	OBSOPEN_US30_20240102:L:0001	false	false	21	211	37793.099999999999	37485.800000000003	NA	NA	NOT_EVALUABLE_OBSERVER_STREAM_ABSENT
OBSOPEN_US30_20240102	RAW125B:M1:1704225720	1704225720	1704225780	37753.099999999999	37754.599999999999	37743.099999999999	37750.599999999999	COMPLETE	OBSOPEN_US30_20240102:U:0034	OBSOPEN_US30_20240102:L:0001	false	false	22	212	37793.099999999999	37485.800000000003	NA	NA	NOT_EVALUABLE_OBSERVER_STREAM_ABSENT
OBSOPEN_US30_20240102	RAW125B:M1:1704225780	1704225780	1704225840	37750.599999999999	37753.099999999999	37746.599999999999	37748.099999999999	COMPLETE	OBSOPEN_US30_20240102:U:0034	OBSOPEN_US30_20240102:L:0001	false	false	23	213	37793.099999999999	37485.800000000003	NA	NA	NOT_EVALUABLE_OBSERVER_STREAM_ABSENT
OBSOPEN_US30_20240102	RAW125B:M1:1704225840	1704225840	1704225900	37748.099999999999	37748.099999999999	37740.099999999999	37743.599999999999	COMPLETE	OBSOPEN_US30_20240102:U:0034	OBSOPEN_US30_20240102:L:0001	false	false	24	214	37793.099999999999	37485.800000000003	NA	NA	NOT_EVALUABLE_OBSERVER_STREAM_ABSENT
OBSOPEN_US30_20240102	RAW125B:M1:1704225900	1704225900	1704225960	37744.099999999999	37746.599999999999	37742.599999999999	37746.099999999999	COMPLETE	OBSOPEN_US30_20240102:U:0034	OBSOPEN_US30_20240102:L:0001	false	false	25	215	37793.099999999999	37485.800000000003	NA	NA	NOT_EVALUABLE_OBSERVER_STREAM_ABSENT
OBSOPEN_US30_20240102	RAW125B:M1:1704225960	1704225960	1704226020	37745.599999999999	37755.599999999999	37745.599999999999	37748.599999999999	COMPLETE	OBSOPEN_US30_20240102:U:0034	OBSOPEN_US30_20240102:L:0001	false	false	26	216	37793.099999999999	37485.800000000003	NA	NA	NOT_EVALUABLE_OBSERVER_STREAM_ABSENT
OBSOPEN_US30_20240102	RAW125B:M1:1704226020	1704226020	1704226080	37751.099999999999	37751.099999999999	37743.099999999999	37746.099999999999	COMPLETE	OBSOPEN_US30_20240102:U:0034	OBSOPEN_US30_20240102:L:0001	false	false	27	217	37793.099999999999	37485.800000000003	NA	NA	NOT_EVALUABLE_OBSERVER_STREAM_ABSENT
OBSOPEN_US30_20240102	RAW125B:M1:1704226080	1704226080	1704226140	37745.599999999999	37746.099999999999	37738.099999999999	37742.099999999999	COMPLETE	OBSOPEN_US30_20240102:U:0034	OBSOPEN_US30_20240102:L:0001	false	false	28	218	37793.099999999999	37485.800000000003	NA	NA	NOT_EVALUABLE_OBSERVER_STREAM_ABSENT
OBSOPEN_US30_20240102	RAW125B:M1:1704226140	1704226140	1704226200	37741.099999999999	37742.099999999999	37734.599999999999	37737.099999999999	COMPLETE	OBSOPEN_US30_20240102:U:0034	OBSOPEN_US30_20240102:L:0001	false	false	29	219	37793.099999999999	37485.800000000003	NA	NA	NOT_EVALUABLE_OBSERVER_STREAM_ABSENT
OBSOPEN_US30_20240102	RAW125B:M1:1704226200	1704226200	1704226260	37736.599999999999	37740.099999999999	37725.099999999999	37736.599999999999	COMPLETE	OBSOPEN_US30_20240102:U:0034	OBSOPEN_US30_20240102:L:0001	false	false	30	220	37793.099999999999	37485.800000000003	NA	NA	NOT_EVALUABLE_OBSERVER_STREAM_ABSENT
OBSOPEN_US30_20240102	RAW125B:M1:1704226260	1704226260	1704226320	37736.099999999999	37738.599999999999	37730.599999999999	37737.599999999999	COMPLETE	OBSOPEN_US30_20240102:U:0034	OBSOPEN_US30_20240102:L:0001	false	false	31	221	37793.099999999999	37485.800000000003	NA	NA	NOT_EVALUABLE_OBSERVER_STREAM_ABSENT
OBSOPEN_US30_20240102	RAW125B:M1:1704226320	1704226320	1704226380	37739.099999999999	37741.099999999999	37733.599999999999	37738.099999999999	COMPLETE	OBSOPEN_US30_20240102:U:0034	OBSOPEN_US30_20240102:L:0001	false	false	32	222	37793.099999999999	37485.800000000003	NA	NA	NOT_EVALUABLE_OBSERVER_STREAM_ABSENT
OBSOPEN_US30_20240102	RAW125B:M1:1704226380	1704226380	1704226440	37738.599999999999	37743.099999999999	37736.099999999999	37738.599999999999	COMPLETE	OBSOPEN_US30_20240102:U:0034	OBSOPEN_US30_20240102:L:0001	false	false	33	223	37793.099999999999	37485.800000000003	NA	NA	NOT_EVALUABLE_OBSERVER_STREAM_ABSENT
OBSOPEN_US30_20240102	RAW125B:M1:1704226440	1704226440	1704226500	37739.099999999999	37742.099999999999	37737.099999999999	37739.099999999999	COMPLETE	OBSOPEN_US30_20240102:U:0034	OBSOPEN_US30_20240102:L:0001	false	false	34	224	37793.099999999999	37485.800000000003	NA	NA	NOT_EVALUABLE_OBSERVER_STREAM_ABSENT
OBSOPEN_US30_20240102	RAW125B:M1:1704226500	1704226500	1704226560	37738.099999999999	37738.099999999999	37732.599999999999	37736.599999999999	COMPLETE	OBSOPEN_US30_20240102:U:0034	OBSOPEN_US30_20240102:L:0001	false	false	35	225	37793.099999999999	37485.800000000003	NA	NA	NOT_EVALUABLE_OBSERVER_STREAM_ABSENT
OBSOPEN_US30_20240102	RAW125B:M1:1704226560	1704226560	1704226620	37736.599999999999	37736.599999999999	37726.099999999999	37729.099999999999	COMPLETE	OBSOPEN_US30_20240102:U:0034	OBSOPEN_US30_20240102:L:0001	false	false	36	226	37793.099999999999	37485.800000000003	NA	NA	NOT_EVALUABLE_OBSERVER_STREAM_ABSENT
OBSOPEN_US30_20240102	RAW125B:M1:1704226620	1704226620	1704226680	37729.599999999999	37740.099999999999	37726.099999999999	37740.099999999999	COMPLETE	OBSOPEN_US30_20240102:U:0034	OBSOPEN_US30_20240102:L:0001	false	false	37	227	37793.099999999999	37485.800000000003	NA	NA	NOT_EVALUABLE_OBSERVER_STREAM_ABSENT
OBSOPEN_US30_20240102	RAW125B:M1:1704226680	1704226680	1704226740	37739.599999999999	37750.599999999999	37739.099999999999	37748.599999999999	COMPLETE	OBSOPEN_US30_20240102:U:0034	OBSOPEN_US30_20240102:L:0001	false	false	38	228	37793.099999999999	37485.800000000003	NA	NA	NOT_EVALUABLE_OBSERVER_STREAM_ABSENT
OBSOPEN_US30_20240102	RAW125B:M1:1704226740	1704226740	1704226800	37749.099999999999	37750.599999999999	37742.599999999999	37745.599999999999	COMPLETE	OBSOPEN_US30_20240102:U:0034	OBSOPEN_US30_20240102:L:0001	false	false	39	229	37793.099999999999	37485.800000000003	NA	NA	NOT_EVALUABLE_OBSERVER_STREAM_ABSENT
OBSOPEN_US30_20240102	RAW125B:M1:1704226800	1704226800	1704226860	37745.099999999999	37749.099999999999	37738.099999999999	37739.099999999999	COMPLETE	OBSOPEN_US30_20240102:U:0034	OBSOPEN_US30_20240102:L:0001	false	false	40	230	37793.099999999999	37485.800000000003	NA	NA	NOT_EVALUABLE_OBSERVER_STREAM_ABSENT
OBSOPEN_US30_20240102	RAW125B:M1:1704226860	1704226860	1704226920	37738.599999999999	37740.099999999999	37731.599999999999	37734.599999999999	COMPLETE	OBSOPEN_US30_20240102:U:0034	OBSOPEN_US30_20240102:L:0001	false	false	41	231	37793.099999999999	37485.800000000003	NA	NA	NOT_EVALUABLE_OBSERVER_STREAM_ABSENT
OBSOPEN_US30_20240102	RAW125B:M1:1704226920	1704226920	1704226980	37733.599999999999	37737.099999999999	37725.099999999999	37727.099999999999	COMPLETE	OBSOPEN_US30_20240102:U:0034	OBSOPEN_US30_20240102:L:0001	false	false	42	232	37793.099999999999	37485.800000000003	NA	NA	NOT_EVALUABLE_OBSERVER_STREAM_ABSENT
OBSOPEN_US30_20240102	RAW125B:M1:1704226980	1704226980	1704227040	37726.599999999999	37734.099999999999	37726.599999999999	37732.099999999999	COMPLETE	OBSOPEN_US30_20240102:U:0034	OBSOPEN_US30_20240102:L:0001	false	false	43	233	37793.099999999999	37485.800000000003	NA	NA	NOT_EVALUABLE_OBSERVER_STREAM_ABSENT
OBSOPEN_US30_20240102	RAW125B:M1:1704227040	1704227040	1704227100	37731.599999999999	37747.599999999999	37731.099999999999	37743.099999999999	COMPLETE	OBSOPEN_US30_20240102:U:0034	OBSOPEN_US30_20240102:L:0001	false	false	44	234	37793.099999999999	37485.800000000003	NA	NA	NOT_EVALUABLE_OBSERVER_STREAM_ABSENT
OBSOPEN_US30_20240102	RAW125B:M1:1704227100	1704227100	1704227160	37742.099999999999	37743.599999999999	37738.099999999999	37740.599999999999	COMPLETE	OBSOPEN_US30_20240102:U:0034	OBSOPEN_US30_20240102:L:0001	false	false	45	235	37793.099999999999	37485.800000000003	NA	NA	NOT_EVALUABLE_OBSERVER_STREAM_ABSENT
OBSOPEN_US30_20240102	RAW125B:M1:1704227160	1704227160	1704227220	37740.099999999999	37753.099999999999	37740.099999999999	37752.599999999999	COMPLETE	OBSOPEN_US30_20240102:U:0034	OBSOPEN_US30_20240102:L:0001	false	false	46	236	37793.099999999999	37485.800000000003	NA	NA	NOT_EVALUABLE_OBSERVER_STREAM_ABSENT
OBSOPEN_US30_20240102	RAW125B:M1:1704227220	1704227220	1704227280	37752.599999999999	37755.099999999999	37740.599999999999	37741.099999999999	COMPLETE	OBSOPEN_US30_20240102:U:0034	OBSOPEN_US30_20240102:L:0001	false	false	47	237	37793.099999999999	37485.800000000003	NA	NA	NOT_EVALUABLE_OBSERVER_STREAM_ABSENT
OBSOPEN_US30_20240102	RAW125B:M1:1704227280	1704227280	1704227340	37741.599999999999	37747.599999999999	37741.599999999999	37747.599999999999	COMPLETE	OBSOPEN_US30_20240102:U:0034	OBSOPEN_US30_20240102:L:0001	false	false	48	238	37793.099999999999	37485.800000000003	NA	NA	NOT_EVALUABLE_OBSERVER_STREAM_ABSENT
OBSOPEN_US30_20240102	RAW125B:M1:1704227340	1704227340	1704227400	37747.099999999999	37747.599999999999	37733.099999999999	37733.599999999999	COMPLETE	OBSOPEN_US30_20240102:U:0034	OBSOPEN_US30_20240102:L:0001	false	false	49	239	37793.099999999999	37485.800000000003	NA	NA	NOT_EVALUABLE_OBSERVER_STREAM_ABSENT
OBSOPEN_US30_20240102	RAW125B:M1:1704227400	1704227400	1704227460	37732.099999999999	37732.599999999999	37719.099999999999	37727.099999999999	COMPLETE	OBSOPEN_US30_20240102:U:0034	OBSOPEN_US30_20240102:L:0001	false	false	50	240	37793.099999999999	37485.800000000003	NA	NA	NOT_EVALUABLE_OBSERVER_STREAM_ABSENT
OBSOPEN_US30_20240102	RAW125B:M1:1704227460	1704227460	1704227520	37726.599999999999	37729.599999999999	37716.099999999999	37726.099999999999	COMPLETE	OBSOPEN_US30_20240102:U:0034	OBSOPEN_US30_20240102:L:0001	false	false	51	241	37793.099999999999	37485.800000000003	NA	NA	NOT_EVALUABLE_OBSERVER_STREAM_ABSENT
OBSOPEN_US30_20240102	RAW125B:M1:1704227520	1704227520	1704227580	37725.599999999999	37727.099999999999	37712.099999999999	37718.599999999999	COMPLETE	OBSOPEN_US30_20240102:U:0034	OBSOPEN_US30_20240102:L:0001	false	false	52	242	37793.099999999999	37485.800000000003	NA	NA	NOT_EVALUABLE_OBSERVER_STREAM_ABSENT
OBSOPEN_US30_20240102	RAW125B:M1:1704227580	1704227580	1704227640	37718.599999999999	37733.599999999999	37718.099999999999	37733.599999999999	COMPLETE	OBSOPEN_US30_20240102:U:0034	OBSOPEN_US30_20240102:L:0001	false	false	53	243	37793.099999999999	37485.800000000003	NA	NA	NOT_EVALUABLE_OBSERVER_STREAM_ABSENT
OBSOPEN_US30_20240102	RAW125B:M1:1704227640	1704227640	1704227700	37733.099999999999	37744.099999999999	37730.599999999999	37742.599999999999	COMPLETE	OBSOPEN_US30_20240102:U:0034	OBSOPEN_US30_20240102:L:0001	false	false	54	244	37793.099999999999	37485.800000000003	NA	NA	NOT_EVALUABLE_OBSERVER_STREAM_ABSENT
OBSOPEN_US30_20240102	RAW125B:M1:1704227700	1704227700	1704227760	37742.099999999999	37750.599999999999	37737.599999999999	37750.599999999999	COMPLETE	OBSOPEN_US30_20240102:U:0034	OBSOPEN_US30_20240102:L:0001	false	false	55	245	37793.099999999999	37485.800000000003	NA	NA	NOT_EVALUABLE_OBSERVER_STREAM_ABSENT
OBSOPEN_US30_20240102	RAW125B:M1:1704227760	1704227760	1704227820	37749.599999999999	37750.099999999999	37743.099999999999	37744.099999999999	COMPLETE	OBSOPEN_US30_20240102:U:0034	OBSOPEN_US30_20240102:L:0001	false	false	56	246	37793.099999999999	37485.800000000003	NA	NA	NOT_EVALUABLE_OBSERVER_STREAM_ABSENT
OBSOPEN_US30_20240102	RAW125B:M1:1704227820	1704227820	1704227880	37743.599999999999	37747.599999999999	37739.099999999999	37744.099999999999	COMPLETE	OBSOPEN_US30_20240102:U:0034	OBSOPEN_US30_20240102:L:0001	false	false	57	247	37793.099999999999	37485.800000000003	NA	NA	NOT_EVALUABLE_OBSERVER_STREAM_ABSENT
OBSOPEN_US30_20240102	RAW125B:M1:1704227880	1704227880	1704227940	37743.599999999999	37746.099999999999	37742.099999999999	37745.099999999999	COMPLETE	OBSOPEN_US30_20240102:U:0034	OBSOPEN_US30_20240102:L:0001	false	false	58	248	37793.099999999999	37485.800000000003	NA	NA	NOT_EVALUABLE_OBSERVER_STREAM_ABSENT
OBSOPEN_US30_20240102	RAW125B:M1:1704227940	1704227940	1704228000	37744.599999999999	37746.099999999999	37738.099999999999	37745.599999999999	COMPLETE	OBSOPEN_US30_20240102:U:0034	OBSOPEN_US30_20240102:L:0001	false	false	59	249	37793.099999999999	37485.800000000003	NA	NA	NOT_EVALUABLE_OBSERVER_STREAM_ABSENT
OBSOPEN_US30_20240102	RAW125B:M1:1704228000	1704228000	1704228060	37745.099999999999	37753.599999999999	37743.599999999999	37752.599999999999	COMPLETE	OBSOPEN_US30_20240102:U:0034	OBSOPEN_US30_20240102:L:0001	false	false	60	250	37793.099999999999	37485.800000000003	NA	NA	NOT_EVALUABLE_OBSERVER_STREAM_ABSENT
OBSOPEN_US30_20240102	RAW125B:M1:1704228060	1704228060	1704228120	37753.099999999999	37753.599999999999	37744.099999999999	37746.599999999999	COMPLETE	OBSOPEN_US30_20240102:U:0034	OBSOPEN_US30_20240102:L:0001	false	false	61	251	37793.099999999999	37485.800000000003	NA	NA	NOT_EVALUABLE_OBSERVER_STREAM_ABSENT
OBSOPEN_US30_20240102	RAW125B:M1:1704228120	1704228120	1704228180	37746.099999999999	37746.599999999999	37736.099999999999	37736.599999999999	COMPLETE	OBSOPEN_US30_20240102:U:0034	OBSOPEN_US30_20240102:L:0001	false	false	62	252	37793.099999999999	37485.800000000003	NA	NA	NOT_EVALUABLE_OBSERVER_STREAM_ABSENT
OBSOPEN_US30_20240102	RAW125B:M1:1704228180	1704228180	1704228240	37736.099999999999	37749.599999999999	37735.599999999999	37748.099999999999	COMPLETE	OBSOPEN_US30_20240102:U:0034	OBSOPEN_US30_20240102:L:0001	false	false	63	253	37793.099999999999	37485.800000000003	NA	NA	NOT_EVALUABLE_OBSERVER_STREAM_ABSENT
OBSOPEN_US30_20240102	RAW125B:M1:1704228240	1704228240	1704228300	37747.599999999999	37747.599999999999	37735.099999999999	37736.099999999999	COMPLETE	OBSOPEN_US30_20240102:U:0034	OBSOPEN_US30_20240102:L:0001	false	false	64	254	37793.099999999999	37485.800000000003	NA	NA	NOT_EVALUABLE_OBSERVER_STREAM_ABSENT
OBSOPEN_US30_20240102	RAW125B:M1:1704228300	1704228300	1704228360	37735.599999999999	37741.099999999999	37727.099999999999	37736.099999999999	COMPLETE	OBSOPEN_US30_20240102:U:0034	OBSOPEN_US30_20240102:L:0001	false	false	65	255	37793.099999999999	37485.800000000003	NA	NA	NOT_EVALUABLE_OBSERVER_STREAM_ABSENT
OBSOPEN_US30_20240102	RAW125B:M1:1704228360	1704228360	1704228420	37737.099999999999	37751.099999999999	37736.099999999999	37750.599999999999	COMPLETE	OBSOPEN_US30_20240102:U:0034	OBSOPEN_US30_20240102:L:0001	false	false	66	256	37793.099999999999	37485.800000000003	NA	NA	NOT_EVALUABLE_OBSERVER_STREAM_ABSENT
OBSOPEN_US30_20240102	RAW125B:M1:1704228420	1704228420	1704228480	37750.099999999999	37753.099999999999	37741.599999999999	37742.099999999999	COMPLETE	OBSOPEN_US30_20240102:U:0034	OBSOPEN_US30_20240102:L:0001	false	false	67	257	37793.099999999999	37485.800000000003	NA	NA	NOT_EVALUABLE_OBSERVER_STREAM_ABSENT
OBSOPEN_US30_20240102	RAW125B:M1:1704228480	1704228480	1704228540	37741.599999999999	37747.099999999999	37740.099999999999	37741.599999999999	COMPLETE	OBSOPEN_US30_20240102:U:0034	OBSOPEN_US30_20240102:L:0001	false	false	68	258	37793.099999999999	37485.800000000003	NA	NA	NOT_EVALUABLE_OBSERVER_STREAM_ABSENT
OBSOPEN_US30_20240102	RAW125B:M1:1704228540	1704228540	1704228600	37741.099999999999	37743.599999999999	37736.599999999999	37737.599999999999	COMPLETE	OBSOPEN_US30_20240102:U:0034	OBSOPEN_US30_20240102:L:0001	false	false	69	259	37793.099999999999	37485.800000000003	NA	NA	NOT_EVALUABLE_OBSERVER_STREAM_ABSENT
OBSOPEN_US30_20240102	RAW125B:M1:1704228600	1704228600	1704228660	37737.099999999999	37740.099999999999	37733.099999999999	37739.599999999999	COMPLETE	OBSOPEN_US30_20240102:U:0034	OBSOPEN_US30_20240102:L:0001	false	false	70	260	37793.099999999999	37485.800000000003	NA	NA	NOT_EVALUABLE_OBSERVER_STREAM_ABSENT
OBSOPEN_US30_20240102	RAW125B:M1:1704228660	1704228660	1704228720	37739.099999999999	37744.099999999999	37738.099999999999	37739.099999999999	COMPLETE	OBSOPEN_US30_20240102:U:0034	OBSOPEN_US30_20240102:L:0001	false	false	71	261	37793.099999999999	37485.800000000003	NA	NA	NOT_EVALUABLE_OBSERVER_STREAM_ABSENT
OBSOPEN_US30_20240102	RAW125B:M1:1704228720	1704228720	1704228780	37738.599999999999	37738.599999999999	37725.099999999999	37725.099999999999	COMPLETE	OBSOPEN_US30_20240102:U:0034	OBSOPEN_US30_20240102:L:0001	false	false	72	262	37793.099999999999	37485.800000000003	NA	NA	NOT_EVALUABLE_OBSERVER_STREAM_ABSENT
OBSOPEN_US30_20240102	RAW125B:M1:1704228780	1704228780	1704228840	37724.599999999999	37728.099999999999	37717.599999999999	37719.099999999999	COMPLETE	OBSOPEN_US30_20240102:U:0034	OBSOPEN_US30_20240102:L:0001	false	false	73	263	37793.099999999999	37485.800000000003	NA	NA	NOT_EVALUABLE_OBSERVER_STREAM_ABSENT
OBSOPEN_US30_20240102	RAW125B:M1:1704228840	1704228840	1704228900	37718.099999999999	37721.599999999999	37713.599999999999	37717.099999999999	COMPLETE	OBSOPEN_US30_20240102:U:0034	OBSOPEN_US30_20240102:L:0001	false	false	74	264	37793.099999999999	37485.800000000003	NA	NA	NOT_EVALUABLE_OBSERVER_STREAM_ABSENT
OBSOPEN_US30_20240102	RAW125B:M1:1704228900	1704228900	1704228960	37717.599999999999	37720.099999999999	37713.599999999999	37718.599999999999	COMPLETE	OBSOPEN_US30_20240102:U:0034	OBSOPEN_US30_20240102:L:0001	false	false	75	265	37793.099999999999	37485.800000000003	NA	NA	NOT_EVALUABLE_OBSERVER_STREAM_ABSENT
OBSOPEN_US30_20240102	RAW125B:M1:1704228960	1704228960	1704229020	37718.599999999999	37721.099999999999	37698.599999999999	37701.099999999999	COMPLETE	OBSOPEN_US30_20240102:U:0034	OBSOPEN_US30_20240102:L:0001	false	false	76	266	37793.099999999999	37485.800000000003	NA	NA	NOT_EVALUABLE_OBSERVER_STREAM_ABSENT
OBSOPEN_US30_20240102	RAW125B:M1:1704229020	1704229020	1704229080	37701.099999999999	37701.599999999999	37688.599999999999	37699.599999999999	COMPLETE	OBSOPEN_US30_20240102:U:0034	OBSOPEN_US30_20240102:L:0001	false	false	77	267	37793.099999999999	37485.800000000003	NA	NA	NOT_EVALUABLE_OBSERVER_STREAM_ABSENT
OBSOPEN_US30_20240102	RAW125B:M1:1704229080	1704229080	1704229140	37699.599999999999	37699.599999999999	37689.099999999999	37692.599999999999	COMPLETE	OBSOPEN_US30_20240102:U:0034	OBSOPEN_US30_20240102:L:0001	false	false	78	268	37793.099999999999	37485.800000000003	NA	NA	NOT_EVALUABLE_OBSERVER_STREAM_ABSENT
OBSOPEN_US30_20240102	RAW125B:M1:1704229140	1704229140	1704229200	37693.599999999999	37701.099999999999	37690.599999999999	37701.099999999999	COMPLETE	OBSOPEN_US30_20240102:U:0034	OBSOPEN_US30_20240102:L:0001	false	false	79	269	37793.099999999999	37485.800000000003	NA	NA	NOT_EVALUABLE_OBSERVER_STREAM_ABSENT
OBSOPEN_US30_20240102	RAW125B:M1:1704229200	1704229200	1704229260	37701.099999999999	37706.599999999999	37695.099999999999	37700.599999999999	COMPLETE	OBSOPEN_US30_20240102:U:0034	OBSOPEN_US30_20240102:L:0001	false	false	80	270	37793.099999999999	37485.800000000003	NA	NA	NOT_EVALUABLE_OBSERVER_STREAM_ABSENT
OBSOPEN_US30_20240102	RAW125B:M1:1704229260	1704229260	1704229320	37701.099999999999	37702.599999999999	37694.099999999999	37694.099999999999	COMPLETE	OBSOPEN_US30_20240102:U:0034	OBSOPEN_US30_20240102:L:0001	false	false	81	271	37793.099999999999	37485.800000000003	NA	NA	NOT_EVALUABLE_OBSERVER_STREAM_ABSENT
OBSOPEN_US30_20240102	RAW125B:M1:1704229320	1704229320	1704229380	37694.099999999999	37696.599999999999	37685.099999999999	37690.599999999999	COMPLETE	OBSOPEN_US30_20240102:U:0034	OBSOPEN_US30_20240102:L:0001	false	false	82	272	37793.099999999999	37485.800000000003	NA	NA	NOT_EVALUABLE_OBSERVER_STREAM_ABSENT
OBSOPEN_US30_20240102	RAW125B:M1:1704229380	1704229380	1704229440	37690.599999999999	37702.099999999999	37690.099999999999	37697.099999999999	COMPLETE	OBSOPEN_US30_20240102:U:0034	OBSOPEN_US30_20240102:L:0001	false	false	83	273	37793.099999999999	37485.800000000003	NA	NA	NOT_EVALUABLE_OBSERVER_STREAM_ABSENT
OBSOPEN_US30_20240102	RAW125B:M1:1704229440	1704229440	1704229500	37696.099999999999	37702.099999999999	37691.599999999999	37692.599999999999	COMPLETE	OBSOPEN_US30_20240102:U:0034	OBSOPEN_US30_20240102:L:0001	false	false	84	274	37793.099999999999	37485.800000000003	NA	NA	NOT_EVALUABLE_OBSERVER_STREAM_ABSENT
OBSOPEN_US30_20240102	RAW125B:M1:1704229500	1704229500	1704229560	37691.599999999999	37698.099999999999	37688.099999999999	37692.599999999999	COMPLETE	OBSOPEN_US30_20240102:U:0034	OBSOPEN_US30_20240102:L:0001	false	false	85	275	37793.099999999999	37485.800000000003	NA	NA	NOT_EVALUABLE_OBSERVER_STREAM_ABSENT
OBSOPEN_US30_20240102	RAW125B:M1:1704229560	1704229560	1704229620	37691.599999999999	37694.099999999999	37681.099999999999	37687.599999999999	COMPLETE	OBSOPEN_US30_20240102:U:0034	OBSOPEN_US30_20240102:L:0001	false	false	86	276	37793.099999999999	37485.800000000003	NA	NA	NOT_EVALUABLE_OBSERVER_STREAM_ABSENT
OBSOPEN_US30_20240102	RAW125B:M1:1704229620	1704229620	1704229680	37686.599999999999	37687.599999999999	37670.099999999999	37672.599999999999	COMPLETE	OBSOPEN_US30_20240102:U:0034	OBSOPEN_US30_20240102:L:0001	false	false	87	277	37793.099999999999	37485.800000000003	NA	NA	NOT_EVALUABLE_OBSERVER_STREAM_ABSENT
OBSOPEN_US30_20240102	RAW125B:M1:1704229680	1704229680	1704229740	37673.099999999999	37679.599999999999	37670.099999999999	37679.599999999999	COMPLETE	OBSOPEN_US30_20240102:U:0034	OBSOPEN_US30_20240102:L:0001	false	false	88	278	37793.099999999999	37485.800000000003	NA	NA	NOT_EVALUABLE_OBSERVER_STREAM_ABSENT
OBSOPEN_US30_20240102	RAW125B:M1:1704229740	1704229740	1704229800	37677.599999999999	37686.599999999999	37675.099999999999	37686.599999999999	COMPLETE	OBSOPEN_US30_20240102:U:0034	OBSOPEN_US30_20240102:L:0001	false	false	89	279	37793.099999999999	37485.800000000003	NA	NA	NOT_EVALUABLE_OBSERVER_STREAM_ABSENT
OBSOPEN_US30_20240102	RAW125B:M1:1704229800	1704229800	1704229860	37685.099999999999	37693.099999999999	37681.099999999999	37685.099999999999	COMPLETE	OBSOPEN_US30_20240102:U:0034	OBSOPEN_US30_20240102:L:0001	false	false	90	280	37793.099999999999	37485.800000000003	NA	NA	NOT_EVALUABLE_OBSERVER_STREAM_ABSENT
OBSOPEN_US30_20240102	RAW125B:M1:1704229860	1704229860	1704229920	37683.599999999999	37688.599999999999	37680.599999999999	37685.599999999999	COMPLETE	OBSOPEN_US30_20240102:U:0034	OBSOPEN_US30_20240102:L:0001	false	false	91	281	37793.099999999999	37485.800000000003	NA	NA	NOT_EVALUABLE_OBSERVER_STREAM_ABSENT
OBSOPEN_US30_20240102	RAW125B:M1:1704229920	1704229920	1704229980	37686.599999999999	37690.099999999999	37682.599999999999	37689.599999999999	COMPLETE	OBSOPEN_US30_20240102:U:0034	OBSOPEN_US30_20240102:L:0001	false	false	92	282	37793.099999999999	37485.800000000003	NA	NA	NOT_EVALUABLE_OBSERVER_STREAM_ABSENT
OBSOPEN_US30_20240102	RAW125B:M1:1704229980	1704229980	1704230040	37690.599999999999	37699.099999999999	37688.599999999999	37694.099999999999	COMPLETE	OBSOPEN_US30_20240102:U:0034	OBSOPEN_US30_20240102:L:0001	false	false	93	283	37793.099999999999	37485.800000000003	NA	NA	NOT_EVALUABLE_OBSERVER_STREAM_ABSENT
OBSOPEN_US30_20240102	RAW125B:M1:1704230040	1704230040	1704230100	37693.599999999999	37695.599999999999	37682.599999999999	37686.099999999999	COMPLETE	OBSOPEN_US30_20240102:U:0034	OBSOPEN_US30_20240102:L:0001	false	false	94	284	37793.099999999999	37485.800000000003	NA	NA	NOT_EVALUABLE_OBSERVER_STREAM_ABSENT
OBSOPEN_US30_20240102	RAW125B:M1:1704230100	1704230100	1704230160	37686.099999999999	37688.099999999999	37681.099999999999	37684.099999999999	COMPLETE	OBSOPEN_US30_20240102:U:0034	OBSOPEN_US30_20240102:L:0001	false	false	95	285	37793.099999999999	37485.800000000003	NA	NA	NOT_EVALUABLE_OBSERVER_STREAM_ABSENT
OBSOPEN_US30_20240102	RAW125B:M1:1704230160	1704230160	1704230220	37684.099999999999	37686.099999999999	37680.099999999999	37685.099999999999	COMPLETE	OBSOPEN_US30_20240102:U:0034	OBSOPEN_US30_20240102:L:0001	false	false	96	286	37793.099999999999	37485.800000000003	NA	NA	NOT_EVALUABLE_OBSERVER_STREAM_ABSENT
OBSOPEN_US30_20240102	RAW125B:M1:1704230220	1704230220	1704230280	37683.599999999999	37683.599999999999	37678.099999999999	37681.599999999999	COMPLETE	OBSOPEN_US30_20240102:U:0034	OBSOPEN_US30_20240102:L:0001	false	false	97	287	37793.099999999999	37485.800000000003	NA	NA	NOT_EVALUABLE_OBSERVER_STREAM_ABSENT
OBSOPEN_US30_20240102	RAW125B:M1:1704230280	1704230280	1704230340	37681.599999999999	37684.599999999999	37679.599999999999	37683.599999999999	COMPLETE	OBSOPEN_US30_20240102:U:0034	OBSOPEN_US30_20240102:L:0001	false	false	98	288	37793.099999999999	37485.800000000003	NA	NA	NOT_EVALUABLE_OBSERVER_STREAM_ABSENT
OBSOPEN_US30_20240102	RAW125B:M1:1704230340	1704230340	1704230400	37683.599999999999	37687.099999999999	37678.099999999999	37679.099999999999	COMPLETE	OBSOPEN_US30_20240102:U:0034	OBSOPEN_US30_20240102:L:0001	false	false	99	289	37793.099999999999	37485.800000000003	NA	NA	NOT_EVALUABLE_OBSERVER_STREAM_ABSENT
OBSOPEN_US30_20240102	RAW125B:M1:1704230400	1704230400	1704230460	37678.099999999999	37682.099999999999	37675.599999999999	37681.099999999999	COMPLETE	OBSOPEN_US30_20240102:U:0034	OBSOPEN_US30_20240102:L:0001	false	false	100	290	37793.099999999999	37485.800000000003	NA	NA	NOT_EVALUABLE_OBSERVER_STREAM_ABSENT
OBSOPEN_US30_20240102	RAW125B:M1:1704230460	1704230460	1704230520	37682.599999999999	37684.599999999999	37678.099999999999	37680.099999999999	COMPLETE	OBSOPEN_US30_20240102:U:0034	OBSOPEN_US30_20240102:L:0001	false	false	101	291	37793.099999999999	37485.800000000003	NA	NA	NOT_EVALUABLE_OBSERVER_STREAM_ABSENT
OBSOPEN_US30_20240102	RAW125B:M1:1704230520	1704230520	1704230580	37680.099999999999	37681.599999999999	37670.599999999999	37671.599999999999	COMPLETE	OBSOPEN_US30_20240102:U:0034	OBSOPEN_US30_20240102:L:0001	false	false	102	292	37793.099999999999	37485.800000000003	NA	NA	NOT_EVALUABLE_OBSERVER_STREAM_ABSENT
OBSOPEN_US30_20240102	RAW125B:M1:1704230580	1704230580	1704230640	37671.599999999999	37672.099999999999	37664.099999999999	37664.099999999999	COMPLETE	OBSOPEN_US30_20240102:U:0034	OBSOPEN_US30_20240102:L:0001	false	false	103	293	37793.099999999999	37485.800000000003	NA	NA	NOT_EVALUABLE_OBSERVER_STREAM_ABSENT
OBSOPEN_US30_20240102	RAW125B:M1:1704230640	1704230640	1704230700	37665.099999999999	37665.599999999999	37661.099999999999	37662.599999999999	COMPLETE	OBSOPEN_US30_20240102:U:0034	OBSOPEN_US30_20240102:L:0001	false	false	104	294	37793.099999999999	37485.800000000003	NA	NA	NOT_EVALUABLE_OBSERVER_STREAM_ABSENT
OBSOPEN_US30_20240102	RAW125B:M1:1704230700	1704230700	1704230760	37662.599999999999	37667.099999999999	37657.599999999999	37659.099999999999	COMPLETE	OBSOPEN_US30_20240102:U:0034	OBSOPEN_US30_20240102:L:0001	false	false	105	295	37793.099999999999	37485.800000000003	NA	NA	NOT_EVALUABLE_OBSERVER_STREAM_ABSENT
OBSOPEN_US30_20240102	RAW125B:M1:1704230760	1704230760	1704230820	37658.099999999999	37661.099999999999	37654.599999999999	37659.099999999999	COMPLETE	OBSOPEN_US30_20240102:U:0034	OBSOPEN_US30_20240102:L:0001	false	false	106	296	37793.099999999999	37485.800000000003	NA	NA	NOT_EVALUABLE_OBSERVER_STREAM_ABSENT
OBSOPEN_US30_20240102	RAW125B:M1:1704230820	1704230820	1704230880	37660.099999999999	37665.099999999999	37656.599999999999	37658.099999999999	COMPLETE	OBSOPEN_US30_20240102:U:0034	OBSOPEN_US30_20240102:L:0001	false	false	107	297	37793.099999999999	37485.800000000003	NA	NA	NOT_EVALUABLE_OBSERVER_STREAM_ABSENT
OBSOPEN_US30_20240102	RAW125B:M1:1704230880	1704230880	1704230940	37658.599999999999	37671.099999999999	37658.599999999999	37668.099999999999	COMPLETE	OBSOPEN_US30_20240102:U:0034	OBSOPEN_US30_20240102:L:0001	false	false	108	298	37793.099999999999	37485.800000000003	NA	NA	NOT_EVALUABLE_OBSERVER_STREAM_ABSENT
OBSOPEN_US30_20240102	RAW125B:M1:1704230940	1704230940	1704231000	37668.599999999999	37680.599999999999	37668.099999999999	37676.099999999999	COMPLETE	OBSOPEN_US30_20240102:U:0034	OBSOPEN_US30_20240102:L:0001	false	false	109	299	37793.099999999999	37485.800000000003	NA	NA	NOT_EVALUABLE_OBSERVER_STREAM_ABSENT
OBSOPEN_US30_20240102	RAW125B:M1:1704231000	1704231000	1704231060	37675.099999999999	37686.099999999999	37671.099999999999	37685.099999999999	COMPLETE	OBSOPEN_US30_20240102:U:0034	OBSOPEN_US30_20240102:L:0001	false	false	110	300	37793.099999999999	37485.800000000003	NA	NA	NOT_EVALUABLE_OBSERVER_STREAM_ABSENT
OBSOPEN_US30_20240102	RAW125B:M1:1704231060	1704231060	1704231120	37684.099999999999	37689.099999999999	37678.599999999999	37681.599999999999	COMPLETE	OBSOPEN_US30_20240102:U:0034	OBSOPEN_US30_20240102:L:0001	false	false	111	301	37793.099999999999	37485.800000000003	NA	NA	NOT_EVALUABLE_OBSERVER_STREAM_ABSENT
OBSOPEN_US30_20240102	RAW125B:M1:1704231120	1704231120	1704231180	37680.099999999999	37681.599999999999	37666.099999999999	37666.099999999999	COMPLETE	OBSOPEN_US30_20240102:U:0034	OBSOPEN_US30_20240102:L:0001	false	false	112	302	37793.099999999999	37485.800000000003	NA	NA	NOT_EVALUABLE_OBSERVER_STREAM_ABSENT
OBSOPEN_US30_20240102	RAW125B:M1:1704231180	1704231180	1704231240	37666.599999999999	37672.599999999999	37664.099999999999	37666.099999999999	COMPLETE	OBSOPEN_US30_20240102:U:0034	OBSOPEN_US30_20240102:L:0001	false	false	113	303	37793.099999999999	37485.800000000003	NA	NA	NOT_EVALUABLE_OBSERVER_STREAM_ABSENT
OBSOPEN_US30_20240102	RAW125B:M1:1704231240	1704231240	1704231300	37666.099999999999	37669.099999999999	37660.599999999999	37661.099999999999	COMPLETE	OBSOPEN_US30_20240102:U:0034	OBSOPEN_US30_20240102:L:0001	false	false	114	304	37793.099999999999	37485.800000000003	NA	NA	NOT_EVALUABLE_OBSERVER_STREAM_ABSENT
OBSOPEN_US30_20240102	RAW125B:M1:1704231300	1704231300	1704231360	37659.599999999999	37665.599999999999	37655.599999999999	37665.099999999999	COMPLETE	OBSOPEN_US30_20240102:U:0034	OBSOPEN_US30_20240102:L:0001	false	false	115	305	37793.099999999999	37485.800000000003	NA	NA	NOT_EVALUABLE_OBSERVER_STREAM_ABSENT
OBSOPEN_US30_20240102	RAW125B:M1:1704231360	1704231360	1704231420	37664.599999999999	37665.099999999999	37657.599999999999	37659.599999999999	COMPLETE	OBSOPEN_US30_20240102:U:0034	OBSOPEN_US30_20240102:L:0001	false	false	116	306	37793.099999999999	37485.800000000003	NA	NA	NOT_EVALUABLE_OBSERVER_STREAM_ABSENT
OBSOPEN_US30_20240102	RAW125B:M1:1704231420	1704231420	1704231480	37659.599999999999	37662.099999999999	37657.099999999999	37661.099999999999	COMPLETE	OBSOPEN_US30_20240102:U:0034	OBSOPEN_US30_20240102:L:0001	false	false	117	307	37793.099999999999	37485.800000000003	NA	NA	NOT_EVALUABLE_OBSERVER_STREAM_ABSENT
OBSOPEN_US30_20240102	RAW125B:M1:1704231480	1704231480	1704231540	37661.599999999999	37662.099999999999	37656.599999999999	37657.099999999999	COMPLETE	OBSOPEN_US30_20240102:U:0034	OBSOPEN_US30_20240102:L:0001	false	false	118	308	37793.099999999999	37485.800000000003	NA	NA	NOT_EVALUABLE_OBSERVER_STREAM_ABSENT
OBSOPEN_US30_20240102	RAW125B:M1:1704231540	1704231540	1704231600	37657.599999999999	37659.599999999999	37650.099999999999	37652.099999999999	COMPLETE	OBSOPEN_US30_20240102:U:0034	OBSOPEN_US30_20240102:L:0001	false	false	119	309	37793.099999999999	37485.800000000003	NA	NA	NOT_EVALUABLE_OBSERVER_STREAM_ABSENT
OBSOPEN_US30_20240102	RAW125B:M1:1704231600	1704231600	1704231660	37651.599999999999	37655.599999999999	37648.099999999999	37655.599999999999	COMPLETE	OBSOPEN_US30_20240102:U:0034	OBSOPEN_US30_20240102:L:0001	false	false	120	310	37793.099999999999	37485.800000000003	NA	NA	NOT_EVALUABLE_OBSERVER_STREAM_ABSENT
OBSOPEN_US30_20240102	RAW125B:M1:1704231660	1704231660	1704231720	37654.599999999999	37660.099999999999	37653.099999999999	37656.599999999999	COMPLETE	OBSOPEN_US30_20240102:U:0034	OBSOPEN_US30_20240102:L:0001	false	false	121	311	37793.099999999999	37485.800000000003	NA	NA	NOT_EVALUABLE_OBSERVER_STREAM_ABSENT
OBSOPEN_US30_20240102	RAW125B:M1:1704231720	1704231720	1704231780	37656.099999999999	37657.099999999999	37650.099999999999	37652.099999999999	COMPLETE	OBSOPEN_US30_20240102:U:0034	OBSOPEN_US30_20240102:L:0001	false	false	122	312	37793.099999999999	37485.800000000003	NA	NA	NOT_EVALUABLE_OBSERVER_STREAM_ABSENT
OBSOPEN_US30_20240102	RAW125B:M1:1704231780	1704231780	1704231840	37651.099999999999	37654.099999999999	37647.599999999999	37651.099999999999	COMPLETE	OBSOPEN_US30_20240102:U:0034	OBSOPEN_US30_20240102:L:0001	false	false	123	313	37793.099999999999	37485.800000000003	NA	NA	NOT_EVALUABLE_OBSERVER_STREAM_ABSENT
OBSOPEN_US30_20240102	RAW125B:M1:1704231840	1704231840	1704231900	37652.099999999999	37652.099999999999	37644.599999999999	37647.099999999999	COMPLETE	OBSOPEN_US30_20240102:U:0034	OBSOPEN_US30_20240102:L:0001	false	false	124	314	37793.099999999999	37485.800000000003	NA	NA	NOT_EVALUABLE_OBSERVER_STREAM_ABSENT
OBSOPEN_US30_20240102	RAW125B:M1:1704231900	1704231900	1704231960	37645.599999999999	37645.599999999999	37637.099999999999	37641.099999999999	COMPLETE	OBSOPEN_US30_20240102:U:0034	OBSOPEN_US30_20240102:L:0001	false	false	125	315	37793.099999999999	37485.800000000003	NA	NA	NOT_EVALUABLE_OBSERVER_STREAM_ABSENT
OBSOPEN_US30_20240102	RAW125B:M1:1704231960	1704231960	1704232020	37641.099999999999	37650.099999999999	37641.099999999999	37650.099999999999	COMPLETE	OBSOPEN_US30_20240102:U:0034	OBSOPEN_US30_20240102:L:0001	false	false	126	316	37793.099999999999	37485.800000000003	NA	NA	NOT_EVALUABLE_OBSERVER_STREAM_ABSENT
OBSOPEN_US30_20240102	RAW125B:M1:1704232020	1704232020	1704232080	37650.099999999999	37652.099999999999	37644.599999999999	37646.099999999999	COMPLETE	OBSOPEN_US30_20240102:U:0034	OBSOPEN_US30_20240102:L:0001	false	false	127	317	37793.099999999999	37485.800000000003	NA	NA	NOT_EVALUABLE_OBSERVER_STREAM_ABSENT
OBSOPEN_US30_20240102	RAW125B:M1:1704232080	1704232080	1704232140	37646.099999999999	37646.099999999999	37633.099999999999	37635.599999999999	COMPLETE	OBSOPEN_US30_20240102:U:0034	OBSOPEN_US30_20240102:L:0001	false	false	128	318	37793.099999999999	37485.800000000003	NA	NA	NOT_EVALUABLE_OBSERVER_STREAM_ABSENT
OBSOPEN_US30_20240102	RAW125B:M1:1704232140	1704232140	1704232200	37635.099999999999	37637.099999999999	37624.599999999999	37627.099999999999	COMPLETE	OBSOPEN_US30_20240102:U:0034	OBSOPEN_US30_20240102:L:0001	false	false	129	319	37793.099999999999	37485.800000000003	NA	NA	NOT_EVALUABLE_OBSERVER_STREAM_ABSENT
OBSOPEN_US30_20240102	RAW125B:M1:1704232200	1704232200	1704232260	37626.599999999999	37633.599999999999	37625.599999999999	37631.099999999999	COMPLETE	OBSOPEN_US30_20240102:U:0034	OBSOPEN_US30_20240102:L:0001	false	false	130	320	37793.099999999999	37485.800000000003	NA	NA	NOT_EVALUABLE_OBSERVER_STREAM_ABSENT
OBSOPEN_US30_20240102	RAW125B:M1:1704232260	1704232260	1704232320	37631.099999999999	37635.599999999999	37627.099999999999	37635.099999999999	COMPLETE	OBSOPEN_US30_20240102:U:0034	OBSOPEN_US30_20240102:L:0001	false	false	131	321	37793.099999999999	37485.800000000003	NA	NA	NOT_EVALUABLE_OBSERVER_STREAM_ABSENT
OBSOPEN_US30_20240102	RAW125B:M1:1704232320	1704232320	1704232380	37634.599999999999	37637.099999999999	37625.599999999999	37627.599999999999	COMPLETE	OBSOPEN_US30_20240102:U:0034	OBSOPEN_US30_20240102:L:0001	false	false	132	322	37793.099999999999	37485.800000000003	NA	NA	NOT_EVALUABLE_OBSERVER_STREAM_ABSENT
OBSOPEN_US30_20240102	RAW125B:M1:1704232380	1704232380	1704232440	37627.099999999999	37628.599999999999	37606.099999999999	37608.599999999999	COMPLETE	OBSOPEN_US30_20240102:U:0034	OBSOPEN_US30_20240102:L:0001	false	false	133	323	37793.099999999999	37485.800000000003	NA	NA	NOT_EVALUABLE_OBSERVER_STREAM_ABSENT
OBSOPEN_US30_20240102	RAW125B:M1:1704232440	1704232440	1704232500	37609.599999999999	37620.599999999999	37604.599999999999	37615.099999999999	COMPLETE	OBSOPEN_US30_20240102:U:0034	OBSOPEN_US30_20240102:L:0001	false	false	134	324	37793.099999999999	37485.800000000003	NA	NA	NOT_EVALUABLE_OBSERVER_STREAM_ABSENT
OBSOPEN_US30_20240102	RAW125B:M1:1704232500	1704232500	1704232560	37614.599999999999	37614.599999999999	37604.099999999999	37609.599999999999	COMPLETE	OBSOPEN_US30_20240102:U:0034	OBSOPEN_US30_20240102:L:0001	false	false	135	325	37793.099999999999	37485.800000000003	NA	NA	NOT_EVALUABLE_OBSERVER_STREAM_ABSENT
OBSOPEN_US30_20240102	RAW125B:M1:1704232560	1704232560	1704232620	37610.099999999999	37617.599999999999	37606.599999999999	37617.099999999999	COMPLETE	OBSOPEN_US30_20240102:U:0034	OBSOPEN_US30_20240102:L:0001	false	false	136	326	37793.099999999999	37485.800000000003	NA	NA	NOT_EVALUABLE_OBSERVER_STREAM_ABSENT
OBSOPEN_US30_20240102	RAW125B:M1:1704232620	1704232620	1704232680	37616.099999999999	37619.099999999999	37608.099999999999	37610.099999999999	COMPLETE	OBSOPEN_US30_20240102:U:0034	OBSOPEN_US30_20240102:L:0001	false	false	137	327	37793.099999999999	37485.800000000003	NA	NA	NOT_EVALUABLE_OBSERVER_STREAM_ABSENT
OBSOPEN_US30_20240102	RAW125B:M1:1704232680	1704232680	1704232740	37609.099999999999	37613.099999999999	37609.099999999999	37612.599999999999	COMPLETE	OBSOPEN_US30_20240102:U:0034	OBSOPEN_US30_20240102:L:0001	false	false	138	328	37793.099999999999	37485.800000000003	NA	NA	NOT_EVALUABLE_OBSERVER_STREAM_ABSENT
OBSOPEN_US30_20240102	RAW125B:M1:1704232740	1704232740	1704232800	37612.599999999999	37612.599999999999	37604.099999999999	37604.099999999999	COMPLETE	OBSOPEN_US30_20240102:U:0034	OBSOPEN_US30_20240102:L:0001	false	false	139	329	37793.099999999999	37485.800000000003	NA	NA	NOT_EVALUABLE_OBSERVER_STREAM_ABSENT
OBSOPEN_US30_20240102	RAW125B:M1:1704232800	1704232800	1704232860	37605.099999999999	37609.099999999999	37598.099999999999	37605.599999999999	COMPLETE	OBSOPEN_US30_20240102:U:0034	OBSOPEN_US30_20240102:L:0001	false	false	140	330	37793.099999999999	37485.800000000003	NA	NA	NOT_EVALUABLE_OBSERVER_STREAM_ABSENT
OBSOPEN_US30_20240102	RAW125B:M1:1704232860	1704232860	1704232920	37606.099999999999	37609.099999999999	37601.099999999999	37602.099999999999	COMPLETE	OBSOPEN_US30_20240102:U:0034	OBSOPEN_US30_20240102:L:0001	false	false	141	331	37793.099999999999	37485.800000000003	NA	NA	NOT_EVALUABLE_OBSERVER_STREAM_ABSENT
OBSOPEN_US30_20240102	RAW125B:M1:1704232920	1704232920	1704232980	37602.099999999999	37609.099999999999	37599.099999999999	37601.099999999999	COMPLETE	OBSOPEN_US30_20240102:U:0034	OBSOPEN_US30_20240102:L:0001	false	false	142	332	37793.099999999999	37485.800000000003	NA	NA	NOT_EVALUABLE_OBSERVER_STREAM_ABSENT
OBSOPEN_US30_20240102	RAW125B:M1:1704232980	1704232980	1704233040	37603.599999999999	37609.099999999999	37601.099999999999	37609.099999999999	COMPLETE	OBSOPEN_US30_20240102:U:0034	OBSOPEN_US30_20240102:L:0001	false	false	143	333	37793.099999999999	37485.800000000003	NA	NA	NOT_EVALUABLE_OBSERVER_STREAM_ABSENT
OBSOPEN_US30_20240102	RAW125B:M1:1704233040	1704233040	1704233100	37608.599999999999	37613.099999999999	37597.099999999999	37598.099999999999	COMPLETE	OBSOPEN_US30_20240102:U:0034	OBSOPEN_US30_20240102:L:0001	false	false	144	334	37793.099999999999	37485.800000000003	NA	NA	NOT_EVALUABLE_OBSERVER_STREAM_ABSENT
OBSOPEN_US30_20240102	RAW125B:M1:1704233100	1704233100	1704233160	37598.599999999999	37600.099999999999	37586.099999999999	37587.099999999999	COMPLETE	OBSOPEN_US30_20240102:U:0034	OBSOPEN_US30_20240102:L:0001	false	false	145	335	37793.099999999999	37485.800000000003	NA	NA	NOT_EVALUABLE_OBSERVER_STREAM_ABSENT
OBSOPEN_US30_20240102	RAW125B:M1:1704233160	1704233160	1704233220	37586.099999999999	37587.099999999999	37583.099999999999	37583.599999999999	COMPLETE	OBSOPEN_US30_20240102:U:0034	OBSOPEN_US30_20240102:L:0001	false	false	146	336	37793.099999999999	37485.800000000003	NA	NA	NOT_EVALUABLE_OBSERVER_STREAM_ABSENT
OBSOPEN_US30_20240102	RAW125B:M1:1704233220	1704233220	1704233280	37583.599999999999	37595.099999999999	37581.099999999999	37590.599999999999	COMPLETE	OBSOPEN_US30_20240102:U:0034	OBSOPEN_US30_20240102:L:0001	false	false	147	337	37793.099999999999	37485.800000000003	NA	NA	NOT_EVALUABLE_OBSERVER_STREAM_ABSENT
OBSOPEN_US30_20240102	RAW125B:M1:1704233280	1704233280	1704233340	37589.599999999999	37610.099999999999	37587.599999999999	37607.599999999999	COMPLETE	OBSOPEN_US30_20240102:U:0034	OBSOPEN_US30_20240102:L:0001	false	false	148	338	37793.099999999999	37485.800000000003	NA	NA	NOT_EVALUABLE_OBSERVER_STREAM_ABSENT
OBSOPEN_US30_20240102	RAW125B:M1:1704233340	1704233340	1704233400	37608.099999999999	37618.599999999999	37597.599999999999	37601.099999999999	COMPLETE	OBSOPEN_US30_20240102:U:0034	OBSOPEN_US30_20240102:L:0001	false	false	149	339	37793.099999999999	37485.800000000003	NA	NA	NOT_EVALUABLE_OBSERVER_STREAM_ABSENT
OBSOPEN_US30_20240102	RAW125B:M1:1704233400	1704233400	1704233460	37602.099999999999	37610.599999999999	37600.599999999999	37601.099999999999	COMPLETE	OBSOPEN_US30_20240102:U:0034	OBSOPEN_US30_20240102:L:0001	false	false	150	340	37793.099999999999	37485.800000000003	NA	NA	NOT_EVALUABLE_OBSERVER_STREAM_ABSENT
OBSOPEN_US30_20240102	RAW125B:M1:1704233460	1704233460	1704233520	37598.599999999999	37604.599999999999	37598.099999999999	37603.599999999999	COMPLETE	OBSOPEN_US30_20240102:U:0034	OBSOPEN_US30_20240102:L:0001	false	false	151	341	37793.099999999999	37485.800000000003	NA	NA	NOT_EVALUABLE_OBSERVER_STREAM_ABSENT
OBSOPEN_US30_20240102	RAW125B:M1:1704233520	1704233520	1704233580	37603.099999999999	37606.099999999999	37601.599999999999	37601.599999999999	COMPLETE	OBSOPEN_US30_20240102:U:0034	OBSOPEN_US30_20240102:L:0001	false	false	152	342	37793.099999999999	37485.800000000003	NA	NA	NOT_EVALUABLE_OBSERVER_STREAM_ABSENT
OBSOPEN_US30_20240102	RAW125B:M1:1704233580	1704233580	1704233640	37601.099999999999	37607.099999999999	37598.599999999999	37603.599999999999	COMPLETE	OBSOPEN_US30_20240102:U:0034	OBSOPEN_US30_20240102:L:0001	false	false	153	343	37793.099999999999	37485.800000000003	NA	NA	NOT_EVALUABLE_OBSERVER_STREAM_ABSENT
OBSOPEN_US30_20240102	RAW125B:M1:1704233640	1704233640	1704233700	37603.099999999999	37609.599999999999	37600.099999999999	37608.599999999999	COMPLETE	OBSOPEN_US30_20240102:U:0034	OBSOPEN_US30_20240102:L:0001	false	false	154	344	37793.099999999999	37485.800000000003	NA	NA	NOT_EVALUABLE_OBSERVER_STREAM_ABSENT
OBSOPEN_US30_20240102	RAW125B:M1:1704233700	1704233700	1704233760	37609.099999999999	37609.599999999999	37592.099999999999	37592.099999999999	COMPLETE	OBSOPEN_US30_20240102:U:0034	OBSOPEN_US30_20240102:L:0001	false	false	155	345	37793.099999999999	37485.800000000003	NA	NA	NOT_EVALUABLE_OBSERVER_STREAM_ABSENT
OBSOPEN_US30_20240102	RAW125B:M1:1704233760	1704233760	1704233820	37592.099999999999	37602.099999999999	37591.599999999999	37599.099999999999	COMPLETE	OBSOPEN_US30_20240102:U:0034	OBSOPEN_US30_20240102:L:0001	false	false	156	346	37793.099999999999	37485.800000000003	NA	NA	NOT_EVALUABLE_OBSERVER_STREAM_ABSENT
OBSOPEN_US30_20240102	RAW125B:M1:1704233820	1704233820	1704233880	37600.099999999999	37626.099999999999	37599.099999999999	37625.099999999999	COMPLETE	OBSOPEN_US30_20240102:U:0034	OBSOPEN_US30_20240102:L:0001	false	false	157	347	37793.099999999999	37485.800000000003	NA	NA	NOT_EVALUABLE_OBSERVER_STREAM_ABSENT
OBSOPEN_US30_20240102	RAW125B:M1:1704233880	1704233880	1704233940	37623.099999999999	37627.099999999999	37611.099999999999	37618.099999999999	COMPLETE	OBSOPEN_US30_20240102:U:0034	OBSOPEN_US30_20240102:L:0001	false	false	158	348	37793.099999999999	37485.800000000003	NA	NA	NOT_EVALUABLE_OBSERVER_STREAM_ABSENT
OBSOPEN_US30_20240102	RAW125B:M1:1704233940	1704233940	1704234000	37616.099999999999	37623.099999999999	37612.599999999999	37619.599999999999	COMPLETE	OBSOPEN_US30_20240102:U:0034	OBSOPEN_US30_20240102:L:0001	false	false	159	349	37793.099999999999	37485.800000000003	NA	NA	NOT_EVALUABLE_OBSERVER_STREAM_ABSENT
OBSOPEN_US30_20240102	RAW125B:M1:1704234000	1704234000	1704234060	37619.599999999999	37631.099999999999	37611.599999999999	37628.099999999999	COMPLETE	OBSOPEN_US30_20240102:U:0034	OBSOPEN_US30_20240102:L:0001	false	false	160	350	37793.099999999999	37485.800000000003	NA	NA	NOT_EVALUABLE_OBSERVER_STREAM_ABSENT
OBSOPEN_US30_20240102	RAW125B:M1:1704234060	1704234060	1704234120	37626.599999999999	37635.599999999999	37624.099999999999	37635.099999999999	COMPLETE	OBSOPEN_US30_20240102:U:0034	OBSOPEN_US30_20240102:L:0001	false	false	161	351	37793.099999999999	37485.800000000003	NA	NA	NOT_EVALUABLE_OBSERVER_STREAM_ABSENT
OBSOPEN_US30_20240102	RAW125B:M1:1704234120	1704234120	1704234180	37634.099999999999	37634.599999999999	37606.099999999999	37609.599999999999	COMPLETE	OBSOPEN_US30_20240102:U:0034	OBSOPEN_US30_20240102:L:0001	false	false	162	352	37793.099999999999	37485.800000000003	NA	NA	NOT_EVALUABLE_OBSERVER_STREAM_ABSENT
OBSOPEN_US30_20240102	RAW125B:M1:1704234180	1704234180	1704234240	37610.099999999999	37620.099999999999	37606.599999999999	37615.099999999999	COMPLETE	OBSOPEN_US30_20240102:U:0034	OBSOPEN_US30_20240102:L:0001	false	false	163	353	37793.099999999999	37485.800000000003	NA	NA	NOT_EVALUABLE_OBSERVER_STREAM_ABSENT
OBSOPEN_US30_20240102	RAW125B:M1:1704234240	1704234240	1704234300	37615.599999999999	37620.599999999999	37613.599999999999	37616.599999999999	COMPLETE	OBSOPEN_US30_20240102:U:0034	OBSOPEN_US30_20240102:L:0001	false	false	164	354	37793.099999999999	37485.800000000003	NA	NA	NOT_EVALUABLE_OBSERVER_STREAM_ABSENT
OBSOPEN_US30_20240102	RAW125B:M1:1704234300	1704234300	1704234360	37616.599999999999	37629.099999999999	37614.599999999999	37624.099999999999	COMPLETE	OBSOPEN_US30_20240102:U:0034	OBSOPEN_US30_20240102:L:0001	false	false	165	355	37793.099999999999	37485.800000000003	NA	NA	NOT_EVALUABLE_OBSERVER_STREAM_ABSENT
OBSOPEN_US30_20240102	RAW125B:M1:1704234360	1704234360	1704234420	37625.099999999999	37625.099999999999	37608.099999999999	37615.599999999999	COMPLETE	OBSOPEN_US30_20240102:U:0034	OBSOPEN_US30_20240102:L:0001	false	false	166	356	37793.099999999999	37485.800000000003	NA	NA	NOT_EVALUABLE_OBSERVER_STREAM_ABSENT
OBSOPEN_US30_20240102	RAW125B:M1:1704234420	1704234420	1704234480	37616.599999999999	37619.599999999999	37610.099999999999	37614.599999999999	COMPLETE	OBSOPEN_US30_20240102:U:0034	OBSOPEN_US30_20240102:L:0001	false	false	167	357	37793.099999999999	37485.800000000003	NA	NA	NOT_EVALUABLE_OBSERVER_STREAM_ABSENT
OBSOPEN_US30_20240102	RAW125B:M1:1704234480	1704234480	1704234540	37614.599999999999	37622.599999999999	37612.599999999999	37620.099999999999	COMPLETE	OBSOPEN_US30_20240102:U:0034	OBSOPEN_US30_20240102:L:0001	false	false	168	358	37793.099999999999	37485.800000000003	NA	NA	NOT_EVALUABLE_OBSERVER_STREAM_ABSENT
OBSOPEN_US30_20240102	RAW125B:M1:1704234540	1704234540	1704234600	37620.599999999999	37620.599999999999	37613.099999999999	37614.099999999999	COMPLETE	OBSOPEN_US30_20240102:U:0034	OBSOPEN_US30_20240102:L:0001	false	false	169	359	37793.099999999999	37485.800000000003	NA	NA	NOT_EVALUABLE_OBSERVER_STREAM_ABSENT
OBSOPEN_US30_20240102	RAW125B:M1:1704234600	1704234600	1704234660	37613.599999999999	37625.099999999999	37611.599999999999	37621.599999999999	COMPLETE	OBSOPEN_US30_20240102:U:0034	OBSOPEN_US30_20240102:L:0001	false	false	170	360	37793.099999999999	37485.800000000003	NA	NA	NOT_EVALUABLE_OBSERVER_STREAM_ABSENT
OBSOPEN_US30_20240102	RAW125B:M1:1704234660	1704234660	1704234720	37621.099999999999	37634.099999999999	37619.099999999999	37633.099999999999	COMPLETE	OBSOPEN_US30_20240102:U:0034	OBSOPEN_US30_20240102:L:0001	false	false	171	361	37793.099999999999	37485.800000000003	NA	NA	NOT_EVALUABLE_OBSERVER_STREAM_ABSENT
OBSOPEN_US30_20240102	RAW125B:M1:1704234720	1704234720	1704234780	37632.099999999999	37635.599999999999	37621.599999999999	37632.099999999999	COMPLETE	OBSOPEN_US30_20240102:U:0034	OBSOPEN_US30_20240102:L:0001	false	false	172	362	37793.099999999999	37485.800000000003	NA	NA	NOT_EVALUABLE_OBSERVER_STREAM_ABSENT
OBSOPEN_US30_20240102	RAW125B:M1:1704234780	1704234780	1704234840	37632.099999999999	37633.099999999999	37625.099999999999	37629.099999999999	COMPLETE	OBSOPEN_US30_20240102:U:0034	OBSOPEN_US30_20240102:L:0001	false	false	173	363	37793.099999999999	37485.800000000003	NA	NA	NOT_EVALUABLE_OBSERVER_STREAM_ABSENT
OBSOPEN_US30_20240102	RAW125B:M1:1704234840	1704234840	1704234900	37629.599999999999	37629.599999999999	37620.599999999999	37621.099999999999	COMPLETE	OBSOPEN_US30_20240102:U:0034	OBSOPEN_US30_20240102:L:0001	false	false	174	364	37793.099999999999	37485.800000000003	NA	NA	NOT_EVALUABLE_OBSERVER_STREAM_ABSENT
OBSOPEN_US30_20240102	RAW125B:M1:1704234900	1704234900	1704234960	37621.599999999999	37624.099999999999	37616.099999999999	37616.099999999999	COMPLETE	OBSOPEN_US30_20240102:U:0034	OBSOPEN_US30_20240102:L:0001	false	false	175	365	37793.099999999999	37485.800000000003	NA	NA	NOT_EVALUABLE_OBSERVER_STREAM_ABSENT
OBSOPEN_US30_20240102	RAW125B:M1:1704234960	1704234960	1704235020	37617.599999999999	37621.599999999999	37609.099999999999	37620.099999999999	COMPLETE	OBSOPEN_US30_20240102:U:0034	OBSOPEN_US30_20240102:L:0001	false	false	176	366	37793.099999999999	37485.800000000003	NA	NA	NOT_EVALUABLE_OBSERVER_STREAM_ABSENT
OBSOPEN_US30_20240102	RAW125B:M1:1704235020	1704235020	1704235080	37621.599999999999	37623.099999999999	37614.599999999999	37622.099999999999	COMPLETE	OBSOPEN_US30_20240102:U:0034	OBSOPEN_US30_20240102:L:0001	false	false	177	367	37793.099999999999	37485.800000000003	NA	NA	NOT_EVALUABLE_OBSERVER_STREAM_ABSENT
OBSOPEN_US30_20240102	RAW125B:M1:1704235080	1704235080	1704235140	37623.099999999999	37623.599999999999	37615.099999999999	37615.599999999999	COMPLETE	OBSOPEN_US30_20240102:U:0034	OBSOPEN_US30_20240102:L:0001	false	false	178	368	37793.099999999999	37485.800000000003	NA	NA	NOT_EVALUABLE_OBSERVER_STREAM_ABSENT
OBSOPEN_US30_20240102	RAW125B:M1:1704235140	1704235140	1704235200	37616.099999999999	37616.599999999999	37607.599999999999	37615.099999999999	COMPLETE	OBSOPEN_US30_20240102:U:0034	OBSOPEN_US30_20240102:L:0001	false	false	179	369	37793.099999999999	37485.800000000003	NA	NA	NOT_EVALUABLE_OBSERVER_STREAM_ABSENT
OBSOPEN_US30_20240102	RAW125B:M1:1704235200	1704235200	1704235260	37615.599999999999	37615.599999999999	37608.099999999999	37609.599999999999	COMPLETE	OBSOPEN_US30_20240102:U:0034	OBSOPEN_US30_20240102:L:0001	false	false	180	370	37793.099999999999	37485.800000000003	NA	NA	NOT_EVALUABLE_OBSERVER_STREAM_ABSENT
OBSOPEN_US30_20240102	RAW125B:M1:1704235260	1704235260	1704235320	37610.099999999999	37616.599999999999	37609.099999999999	37612.099999999999	COMPLETE	OBSOPEN_US30_20240102:U:0034	OBSOPEN_US30_20240102:L:0001	false	false	181	371	37793.099999999999	37485.800000000003	NA	NA	NOT_EVALUABLE_OBSERVER_STREAM_ABSENT
OBSOPEN_US30_20240102	RAW125B:M1:1704235320	1704235320	1704235380	37612.099999999999	37615.599999999999	37606.599999999999	37610.599999999999	COMPLETE	OBSOPEN_US30_20240102:U:0034	OBSOPEN_US30_20240102:L:0001	false	false	182	372	37793.099999999999	37485.800000000003	NA	NA	NOT_EVALUABLE_OBSERVER_STREAM_ABSENT
OBSOPEN_US30_20240102	RAW125B:M1:1704235380	1704235380	1704235440	37610.599999999999	37618.599999999999	37607.599999999999	37613.599999999999	COMPLETE	OBSOPEN_US30_20240102:U:0034	OBSOPEN_US30_20240102:L:0001	false	false	183	373	37793.099999999999	37485.800000000003	NA	NA	NOT_EVALUABLE_OBSERVER_STREAM_ABSENT
OBSOPEN_US30_20240102	RAW125B:M1:1704235440	1704235440	1704235500	37613.099999999999	37629.099999999999	37609.599999999999	37627.099999999999	COMPLETE	OBSOPEN_US30_20240102:U:0034	OBSOPEN_US30_20240102:L:0001	false	false	184	374	37793.099999999999	37485.800000000003	NA	NA	NOT_EVALUABLE_OBSERVER_STREAM_ABSENT
OBSOPEN_US30_20240102	RAW125B:M1:1704235500	1704235500	1704235560	37626.599999999999	37631.599999999999	37622.099999999999	37626.599999999999	COMPLETE	OBSOPEN_US30_20240102:U:0034	OBSOPEN_US30_20240102:L:0001	false	false	185	375	37793.099999999999	37485.800000000003	NA	NA	NOT_EVALUABLE_OBSERVER_STREAM_ABSENT
OBSOPEN_US30_20240102	RAW125B:M1:1704235560	1704235560	1704235620	37627.099999999999	37629.599999999999	37622.099999999999	37625.599999999999	COMPLETE	OBSOPEN_US30_20240102:U:0034	OBSOPEN_US30_20240102:L:0001	false	false	186	376	37793.099999999999	37485.800000000003	NA	NA	NOT_EVALUABLE_OBSERVER_STREAM_ABSENT
OBSOPEN_US30_20240102	RAW125B:M1:1704235620	1704235620	1704235680	37625.599999999999	37635.099999999999	37625.599999999999	37629.099999999999	COMPLETE	OBSOPEN_US30_20240102:U:0034	OBSOPEN_US30_20240102:L:0001	false	false	187	377	37793.099999999999	37485.800000000003	NA	NA	NOT_EVALUABLE_OBSERVER_STREAM_ABSENT
OBSOPEN_US30_20240102	RAW125B:M1:1704235680	1704235680	1704235740	37629.099999999999	37636.099999999999	37627.599999999999	37634.099999999999	COMPLETE	OBSOPEN_US30_20240102:U:0034	OBSOPEN_US30_20240102:L:0001	false	false	188	378	37793.099999999999	37485.800000000003	NA	NA	NOT_EVALUABLE_OBSERVER_STREAM_ABSENT
OBSOPEN_US30_20240102	RAW125B:M1:1704235740	1704235740	1704235800	37634.599999999999	37641.599999999999	37630.599999999999	37638.599999999999	COMPLETE	OBSOPEN_US30_20240102:U:0034	OBSOPEN_US30_20240102:L:0001	false	false	189	379	37793.099999999999	37485.800000000003	NA	NA	NOT_EVALUABLE_OBSERVER_STREAM_ABSENT
OBSOPEN_US30_20240102	RAW125B:M1:1704235800	1704235800	1704235860	37644.599999999999	37673.599999999999	37641.599999999999	37670.099999999999	COMPLETE	OBSOPEN_US30_20240102:U:0034	OBSOPEN_US30_20240102:L:0001	false	false	190	380	37793.099999999999	37485.800000000003	NA	NA	NOT_EVALUABLE_OBSERVER_STREAM_ABSENT
OBSOPEN_US30_20240102	RAW125B:M1:1704235860	1704235860	1704235920	37671.099999999999	37694.099999999999	37666.099999999999	37685.099999999999	COMPLETE	OBSOPEN_US30_20240102:U:0034	OBSOPEN_US30_20240102:L:0001	false	false	191	381	37793.099999999999	37485.800000000003	NA	NA	NOT_EVALUABLE_OBSERVER_STREAM_ABSENT
OBSOPEN_US30_20240102	RAW125B:M1:1704235920	1704235920	1704235980	37684.599999999999	37699.099999999999	37683.599999999999	37688.599999999999	COMPLETE	OBSOPEN_US30_20240102:U:0034	OBSOPEN_US30_20240102:L:0001	false	false	192	382	37793.099999999999	37485.800000000003	NA	NA	NOT_EVALUABLE_OBSERVER_STREAM_ABSENT
OBSOPEN_US30_20240102	RAW125B:M1:1704235980	1704235980	1704236040	37688.599999999999	37701.099999999999	37687.599999999999	37697.099999999999	COMPLETE	OBSOPEN_US30_20240102:U:0034	OBSOPEN_US30_20240102:L:0001	false	false	193	383	37793.099999999999	37485.800000000003	NA	NA	NOT_EVALUABLE_OBSERVER_STREAM_ABSENT
OBSOPEN_US30_20240102	RAW125B:M1:1704236040	1704236040	1704236100	37697.099999999999	37702.099999999999	37678.599999999999	37685.099999999999	COMPLETE	OBSOPEN_US30_20240102:U:0034	OBSOPEN_US30_20240102:L:0001	false	false	194	384	37793.099999999999	37485.800000000003	NA	NA	NOT_EVALUABLE_OBSERVER_STREAM_ABSENT
OBSOPEN_US30_20240102	RAW125B:M1:1704236100	1704236100	1704236160	37687.099999999999	37695.599999999999	37671.599999999999	37678.099999999999	COMPLETE	OBSOPEN_US30_20240102:U:0034	OBSOPEN_US30_20240102:L:0001	false	false	195	385	37793.099999999999	37485.800000000003	NA	NA	NOT_EVALUABLE_OBSERVER_STREAM_ABSENT
OBSOPEN_US30_20240102	RAW125B:M1:1704236160	1704236160	1704236220	37678.099999999999	37693.599999999999	37678.099999999999	37691.599999999999	COMPLETE	OBSOPEN_US30_20240102:U:0034	OBSOPEN_US30_20240102:L:0001	false	false	196	386	37793.099999999999	37485.800000000003	NA	NA	NOT_EVALUABLE_OBSERVER_STREAM_ABSENT
OBSOPEN_US30_20240102	RAW125B:M1:1704236220	1704236220	1704236280	37691.599999999999	37706.599999999999	37690.099999999999	37706.599999999999	COMPLETE	OBSOPEN_US30_20240102:U:0034	OBSOPEN_US30_20240102:L:0001	false	false	197	387	37793.099999999999	37485.800000000003	NA	NA	NOT_EVALUABLE_OBSERVER_STREAM_ABSENT
OBSOPEN_US30_20240102	RAW125B:M1:1704236280	1704236280	1704236340	37708.599999999999	37723.599999999999	37700.099999999999	37721.599999999999	COMPLETE	OBSOPEN_US30_20240102:U:0034	OBSOPEN_US30_20240102:L:0001	false	false	198	388	37793.099999999999	37485.800000000003	NA	NA	NOT_EVALUABLE_OBSERVER_STREAM_ABSENT
OBSOPEN_US30_20240102	RAW125B:M1:1704236340	1704236340	1704236400	37722.099999999999	37729.099999999999	37702.099999999999	37725.099999999999	COMPLETE	OBSOPEN_US30_20240102:U:0034	OBSOPEN_US30_20240102:L:0001	false	false	199	389	37793.099999999999	37485.800000000003	NA	NA	NOT_EVALUABLE_OBSERVER_STREAM_ABSENT
